property_name,property_url,Price_pkr,review_score,review_count,address,distance_from_center_km,property_type,bed_type,breakfast_included,free_cancellation,reserve_without_payment,image,stars,city
Mehran Hotel Karachi,https://www.booking.com/hotel/pk/mehran-karachi2.en-gb.html?aid=304142&label=gen173nr-10CAQoggJCDWNpdHlfLTI3NjQ1ODRICVgEaLUBiAEBmAEzuAEHyAEM2AED6AEB-AEBiAIBqAIBuAL2i8LTBsACAdICJDM2N2ZjNzMzLWQxZjMtNGIzYy1hNzk4LTM5NDA5M2M3YTk2OdgCAeACAQ&ucfs=1&arphpl=1&checkin=2026-08-06&checkout=2026-08-07&dest_id=-2764584&dest_type=city&group_adults=2&req_adults=2&no_rooms=1&group_children=0&req_children=0&hpos=1&hapos=1&sr_order=popularity&srpvid=440f55fbd93f0178&srepoch=1785759291&all_sr_blocks=1213963514_0_2_0_0&highlighted_blocks=1213963514_0_2_0_0&matching_block_id=1213963514_0_2_0_0&sr_pri_blocks=1213963514_0_2_0_0__1735637&from=searchresults,17356,7.0,1.0,"Shahrah-e-Faisal, Karachi (Shahrah-e-Faisal)",2.3,Deluxe Twin Room,2 single beds,0,0,0,https://cf.bstatic.com/xdata/images/hotel/square240/564432084.webp?k=8e719026f05d7c9ce3b5584f8d8adec026e25c06efaf3490951e7b16c6c1830a&o=,2,Karachi
Ramada by Wyndham Karachi Creek,https://www.booking.com/hotel/pk/ramada-creek.en-gb.html?aid=304142&label=gen173nr-10CAQoggJCDWNpdHlfLTI3NjQ1ODRICVgEaLUBiAEBmAEzuAEHyAEM2AED6AEB-AEBiAIBqAIBuAL2i8LTBsACAdICJDM2N2ZjNzMzLWQxZjMtNGIzYy1hNzk4LTM5NDA5M2M3YTk2OdgCAeACAQ&ucfs=1&arphpl=1&checkin=2026-08-06&checkout=2026-08-07&dest_id=-2764584&dest_type=city&group_adults=2&req_adults=2&no_rooms=1&group_children=0&req_children=0&hpos=2&hapos=2&sr_order=popularity&srpvid=440f55fbd93f0178&srepoch=1785759291&all_sr_blocks=197960509_166400072_2_33_0&highlighted_blocks=197960509_166400072_2_33_0&matching_block_id=197960509_166400072_2_33_0&sr_pri_blocks=197960509_166400072_2_33_0__13000&from=searchresults,36124,7.0,588.0,"D.H.A., Karachi (D.H.A.)",7.9,Deluxe King Room - Non-Smoking,1 extra-large double bed,1,1,1,https://cf.bstatic.com/xdata/images/hotel/square240/170835226.webp?k=a23ad1f7a011fd4b6fbbfe464160f3262f3a73f2da08e86f4141ca7ee6666e87&o=,15,Karachi
"Pearl Continental Hotel, Karachi",https://www.booking.com/hotel/pk/pearl-continental-karachi.en-gb.html?aid=304142&label=gen173nr-10CAQoggJCDWNpdHlfLTI3NjQ1ODRICVgEaLUBiAEBmAEzuAEHyAEM2AED6AEB-AEBiAIBqAIBuAL2i8LTBsACAdICJDM2N2ZjNzMzLWQxZjMtNGIzYy1hNzk4LTM5NDA5M2M3YTk2OdgCAeACAQ&ucfs=1&arphpl=1&checkin=2026-08-06&checkout=2026-08-07&dest_id=-2764584&dest_type=city&group_adults=2&req_adults=2&no_rooms=1&group_children=0&req_children=0&hpos=3&hapos=3&sr_order=popularity&srpvid=440f55fbd93f0178&srepoch=1785759291&all_sr_blocks=41528806_203479126_0_1_0_624604&highlighted_blocks=41528806_203479126_0_1_0_624604&matching_block_id=41528806_203479126_0_1_0_624604&sr_pri_blocks=41528806_203479126_0_1_0_624604_16200&from=searchresults,45017,7.4,1.0,Karachi,3.3,Pearl Twin Room,2 single beds,1,1,1,https://cf.bstatic.com/xdata/images/hotel/square240/280190494.webp?k=ea42063ee01332260d0d73ee09eda7d3e88d8e5aab88abb4059a7d3c02021473&o=,16,Karachi
Karachi Marriott Hotel,https://www.booking.com/hotel/pk/karachi-marriott.en-gb.html?aid=304142&label=gen173nr-10CAQoggJCDWNpdHlfLTI3NjQ1ODRICVgEaLUBiAEBmAEzuAEHyAEM2AED6AEB-AEBiAIBqAIBuAL2i8LTBsACAdICJDM2N2ZjNzMzLWQxZjMtNGIzYy1hNzk4LTM5NDA5M2M3YTk2OdgCAeACAQ&ucfs=1&arphpl=1&checkin=2026-08-06&checkout=2026-08-07&dest_id=-2764584&dest_type=city&group_adults=2&req_adults=2&no_rooms=1&group_children=0&req_children=0&hpos=4&hapos=4&sr_order=popularity&srpvid=440f55fbd93f0178&srepoch=1785759291&all_sr_blocks=42154008_274564724_2_1_0&highlighted_blocks=42154008_274564724_2_1_0&matching_block_id=42154008_274564724_2_1_0&sr_pri_blocks=42154008_274564724_2_1_0__14500&from_sustainable_property_sr=1&from=searchresults,40293,8.7,860.0,Karachi,3.0,"Deluxe Twin, Guest room, 2 Twin/Single Bed(s)","Deluxe Twin, Guest room, 2 Twin/Single Bed(s)",1,1,1,https://cf.bstatic.com/xdata/images/hotel/square240/861112294.webp?k=24dcdce8b92b60d2e0f1949ccb28e1b93ab3ab7f16d52d21133d8b07329b2863&o=,16,Karachi
Karachi Inn Guest House Clifton,https://www.booking.com/hotel/pk/karachi-inn-guest-house-clifton.en-gb.html?aid=304142&label=gen173nr-10CAQoggJCDWNpdHlfLTI3NjQ1ODRICVgEaLUBiAEBmAEzuAEHyAEM2AED6AEB-AEBiAIBqAIBuAL2i8LTBsACAdICJDM2N2ZjNzMzLWQxZjMtNGIzYy1hNzk4LTM5NDA5M2M3YTk2OdgCAeACAQ&ucfs=1&arphpl=1&checkin=2026-08-06&checkout=2026-08-07&dest_id=-2764584&dest_type=city&group_adults=2&req_adults=2&no_rooms=1&group_children=0&req_children=0&hpos=5&hapos=5&sr_order=popularity&srpvid=440f55fbd93f0178&srepoch=1785759291&all_sr_blocks=1698807001_441537669_2_1_0&highlighted_blocks=1698807001_441537669_2_1_0&matching_block_id=1698807001_441537669_2_1_0&sr_pri_blocks=1698807001_441537669_2_1_0__595000&from=searchresults,5950,,,Karachi,7.4,Double Room,1 double bed,1,1,1,https://cf.bstatic.com/xdata/images/hotel/square240/901738028.webp?k=f26bd0ee11f9d576e0dd7f6566e1f974153e1e486b2e027dc9a19d899e2017ba&o=,7,Karachi
Ramada Plaza by Wyndham Karachi Airport Hotel,https://www.booking.com/hotel/pk/ramada-plaza-karachi.en-gb.html?aid=304142&label=gen173nr-10CAQoggJCDWNpdHlfLTI3NjQ1ODRICVgEaLUBiAEBmAEzuAEHyAEM2AED6AEB-AEBiAIBqAIBuAL2i8LTBsACAdICJDM2N2ZjNzMzLWQxZjMtNGIzYy1hNzk4LTM5NDA5M2M3YTk2OdgCAeACAQ&ucfs=1&arphpl=1&checkin=2026-08-06&checkout=2026-08-07&dest_id=-2764584&dest_type=city&group_adults=2&req_adults=2&no_rooms=1&group_children=0&req_children=0&hpos=6&hapos=6&sr_order=popularity&srpvid=440f55fbd93f0178&srepoch=1785759291&all_sr_blocks=125707914_358242706_2_1_0&highlighted_blocks=125707914_358242706_2_1_0&matching_block_id=125707914_358242706_2_1_0&sr_pri_blocks=125707914_358242706_2_1_0__15500&from=searchresults,43071,7.2,896.0,Karachi,11.1,Executive Double Room,1 extra-large double bed,1,1,1,https://cf.bstatic.com/xdata/images/hotel/square240/241146539.webp?k=a3ea99f544f89415133a0823ee622d84a501f5a78c51a5bc5faf4c966a922b6d&o=,14,Karachi
Tribal Lodge,https://www.booking.com/hotel/pk/tribal-house.en-gb.html?aid=304142&label=gen173nr-10CAQoggJCDWNpdHlfLTI3NjQ1ODRICVgEaLUBiAEBmAEzuAEHyAEM2AED6AEB-AEBiAIBqAIBuAL2i8LTBsACAdICJDM2N2ZjNzMzLWQxZjMtNGIzYy1hNzk4LTM5NDA5M2M3YTk2OdgCAeACAQ&ucfs=1&arphpl=1&checkin=2026-08-06&checkout=2026-08-07&dest_id=-2764584&dest_type=city&group_adults=2&req_adults=2&no_rooms=1&group_children=0&req_children=0&hpos=7&hapos=7&sr_order=popularity&srpvid=440f55fbd93f0178&srepoch=1785759291&all_sr_blocks=1491227604_422718023_0_0_0&highlighted_blocks=1491227604_422718023_0_0_0&matching_block_id=1491227604_422718023_0_0_0&sr_pri_blocks=1491227604_422718023_0_0_0__405000&from=searchresults,4050,6.9,48.0,"D.H.A., Karachi (D.H.A.)",9.9,Economy Double or Twin Room,2 single beds,0,0,1,https://cf.bstatic.com/xdata/images/hotel/square240/744591259.webp?k=be83664d4f1e6fbb51bf13013fdf40b60c195ddc25ad432ddd898e0157a53fe3&o=,11,Karachi
The Elet Express Luxury Hotel Apartments,https://www.booking.com/hotel/pk/the-elet-express-luxury-apartments.en-gb.html?aid=304142&label=gen173nr-10CAQoggJCDWNpdHlfLTI3NjQ1ODRICVgEaLUBiAEBmAEzuAEHyAEM2AED6AEB-AEBiAIBqAIBuAL2i8LTBsACAdICJDM2N2ZjNzMzLWQxZjMtNGIzYy1hNzk4LTM5NDA5M2M3YTk2OdgCAeACAQ&ucfs=1&arphpl=1&checkin=2026-08-06&checkout=2026-08-07&dest_id=-2764584&dest_type=city&group_adults=2&req_adults=2&no_rooms=1&group_children=0&req_children=0&hpos=8&hapos=8&sr_order=popularity&srpvid=440f55fbd93f0178&srepoch=1785759291&all_sr_blocks=1662466502_438117906_2_1_0&highlighted_blocks=1662466502_438117906_2_1_0&matching_block_id=1662466502_438117906_2_1_0&sr_pri_blocks=1662466502_438117906_2_1_0__675000&from=searchresults,6750,9.2,10.0,"D.H.A., Karachi (D.H.A.)",3.9,Budget Double Room,1 double bed,1,1,1,https://cf.bstatic.com/xdata/images/hotel/square240/880471687.webp?k=d2c0dd9789a5d2d782e03d78e5b6cdac89ba0cf088f37a84dec84c60d6b31d97&o=,8,Karachi
Sea View Suites,https://www.booking.com/hotel/pk/sea-view-suites.en-gb.html?aid=304142&label=gen173nr-10CAQoggJCDWNpdHlfLTI3NjQ1ODRICVgEaLUBiAEBmAEzuAEHyAEM2AED6AEB-AEBiAIBqAIBuAL2i8LTBsACAdICJDM2N2ZjNzMzLWQxZjMtNGIzYy1hNzk4LTM5NDA5M2M3YTk2OdgCAeACAQ&ucfs=1&arphpl=1&checkin=2026-08-06&checkout=2026-08-07&dest_id=-2764584&dest_type=city&group_adults=2&req_adults=2&no_rooms=1&group_children=0&req_children=0&hpos=9&hapos=9&sr_order=popularity&srpvid=440f55fbd93f0178&srepoch=1785759291&all_sr_blocks=1464366507_417801680_0_1_0_1276989&highlighted_blocks=1464366507_417801680_0_1_0_1276989&matching_block_id=1464366507_417801680_0_1_0_1276989&sr_pri_blocks=1464366507_417801680_0_1_0_1276989_600000&from=searchresults,6000,5.7,47.0,"Clifton, Karachi",7.4,Deluxe Double Room,1 double bed,1,1,0,https://cf.bstatic.com/xdata/images/hotel/square240/721264767.webp?k=c8c874d19126199450c293fc68fc425030e9e6f2b969856ef27e624b6b975c7c&o=,9,Karachi
Hotel Excelsior Karachi,https://www.booking.com/hotel/pk/excelsior-karachi.en-gb.html?aid=304142&label=gen173nr-10CAQoggJCDWNpdHlfLTI3NjQ1ODRICVgEaLUBiAEBmAEzuAEHyAEM2AED6AEB-AEBiAIBqAIBuAL2i8LTBsACAdICJDM2N2ZjNzMzLWQxZjMtNGIzYy1hNzk4LTM5NDA5M2M3YTk2OdgCAeACAQ&ucfs=1&arphpl=1&checkin=2026-08-06&checkout=2026-08-07&dest_id=-2764584&dest_type=city&group_adults=2&req_adults=2&no_rooms=1&group_children=0&req_children=0&hpos=10&hapos=10&sr_order=popularity&srpvid=440f55fbd93f0178&srepoch=1785759291&all_sr_blocks=593160102_0_2_0_0&highlighted_blocks=593160102_0_2_0_0&matching_block_id=593160102_0_2_0_0&sr_pri_blocks=593160102_0_2_0_0__1763981&from=searchresults,17640,8.0,1.0,"Saddar Town, Karachi",2.4,Deluxe Twin Room,2 single beds,0,0,0,https://cf.bstatic.com/xdata/images/hotel/square240/426108043.webp?k=206970eea19127f329887c7ed960c8601d70dbd53657af296573ac172b6a74d6&o=,11,Karachi
Avari Towers Karachi,https://www.booking.com/hotel/pk/avari-tower-karachi.en-gb.html?aid=304142&label=gen173nr-10CAQoggJCDWNpdHlfLTI3NjQ1ODRICVgEaLUBiAEBmAEzuAEHyAEM2AED6AEB-AEBiAIBqAIBuAL2i8LTBsACAdICJDM2N2ZjNzMzLWQxZjMtNGIzYy1hNzk4LTM5NDA5M2M3YTk2OdgCAeACAQ&ucfs=1&arphpl=1&checkin=2026-08-06&checkout=2026-08-07&dest_id=-2764584&dest_type=city&group_adults=2&req_adults=2&no_rooms=1&group_children=0&req_children=0&hpos=11&hapos=11&sr_order=popularity&srpvid=440f55fbd93f0178&srepoch=1785759291&all_sr_blocks=0_0_2_1_0&highlighted_blocks=0_0_2_1_0&matching_block_id=0_0_2_1_0&sr_pri_blocks=0_0_2_1_0__15751&from=searchresults,43769,7.7,1.0,Karachi,2.7,Twin Room,2 single beds,1,0,0,https://cf.bstatic.com/xdata/images/hotel/square240/882147776.webp?k=916022ac06c464d318138d00a9078b2e9beca3e33191acaeed050b3655e0d19a&o=,13,Karachi
Beach Luxury Hotel,https://www.booking.com/hotel/pk/beach-luxury.en-gb.html?aid=304142&label=gen173nr-10CAQoggJCDWNpdHlfLTI3NjQ1ODRICVgEaLUBiAEBmAEzuAEHyAEM2AED6AEB-AEBiAIBqAIBuAL2i8LTBsACAdICJDM2N2ZjNzMzLWQxZjMtNGIzYy1hNzk4LTM5NDA5M2M3YTk2OdgCAeACAQ&ucfs=1&arphpl=1&checkin=2026-08-06&checkout=2026-08-07&dest_id=-2764584&dest_type=city&group_adults=2&req_adults=2&no_rooms=1&group_children=0&req_children=0&hpos=12&hapos=12&sr_order=popularity&srpvid=440f55fbd93f0178&srepoch=1785759291&all_sr_blocks=173038211_0_2_0_0&highlighted_blocks=173038211_0_2_0_0&matching_block_id=173038211_0_2_0_0&sr_pri_blocks=173038211_0_2_0_0__9482&from=searchresults,26349,7.2,888.0,Karachi,6.1,Deluxe Twin Room,2 single beds,0,1,0,https://cf.bstatic.com/xdata/images/hotel/square240/145246938.webp?k=2de062b950e77d2af64d212378542c172fdedc57a37b84d94c2942de0d1c0537&o=,12,Karachi
Hotel Crown Inn,https://www.booking.com/hotel/pk/crown-inn.en-gb.html?aid=304142&label=gen173nr-10CAQoggJCDWNpdHlfLTI3NjQ1ODRICVgEaLUBiAEBmAEzuAEHyAEM2AED6AEB-AEBiAIBqAIBuAL2i8LTBsACAdICJDM2N2ZjNzMzLWQxZjMtNGIzYy1hNzk4LTM5NDA5M2M3YTk2OdgCAeACAQ&ucfs=1&arphpl=1&checkin=2026-08-06&checkout=2026-08-07&dest_id=-2764584&dest_type=city&group_adults=2&req_adults=2&no_rooms=1&group_children=0&req_children=0&hpos=13&hapos=13&sr_order=popularity&srpvid=440f55fbd93f0178&srepoch=1785759291&all_sr_blocks=171850808_391522682_2_41_0&highlighted_blocks=171850808_391522682_2_41_0&matching_block_id=171850808_391522682_2_41_0&sr_pri_blocks=171850808_391522682_2_41_0__962022&from=searchresults,9620,4.9,316.0,"Saddar Town, Karachi",2.8,Deluxe Twin Room,2 single beds,1,0,0,https://cf.bstatic.com/xdata/images/hotel/square240/132049953.webp?k=cb13f36335cd7210141ce7a36c91d0343dcb12816d7abfe7ed5d163032f108ac&o=,9,Karachi
Karachi Airport Guest House,https://www.booking.com/hotel/pk/karachi-airport-guest-house-karachi12.en-gb.html?aid=304142&label=gen173nr-10CAQoggJCDWNpdHlfLTI3NjQ1ODRICVgEaLUBiAEBmAEzuAEHyAEM2AED6AEB-AEBiAIBqAIBuAL2i8LTBsACAdICJDM2N2ZjNzMzLWQxZjMtNGIzYy1hNzk4LTM5NDA5M2M3YTk2OdgCAeACAQ&ucfs=1&arphpl=1&checkin=2026-08-06&checkout=2026-08-07&dest_id=-2764584&dest_type=city&group_adults=2&req_adults=2&no_rooms=1&group_children=0&req_children=0&hpos=14&hapos=14&sr_order=popularity&srpvid=440f55fbd93f0178&srepoch=1785759291&all_sr_blocks=1318159901_404540397_0_2_0&highlighted_blocks=1318159901_404540397_0_2_0&matching_block_id=1318159901_404540397_0_2_0&sr_pri_blocks=1318159901_404540397_0_2_0__255000&from=searchresults,2550,5.8,97.0,Karachi,14.2,Economy Double Room,1 large double bed,0,1,1,https://cf.bstatic.com/xdata/images/hotel/square240/620297390.webp?k=1393dafd26508727f270210ccb55d6e051cadb48ab7f91e719fb38cbe8efa36c&o=,9,Karachi
"Hotel Crown Plaza, Near Karachi Airport, Darul sehat Hospital, Dow, Agha khan and Liaqat Hospital",https://www.booking.com/hotel/pk/guesthouse-near-aga-khan-and-liaqat-hospital.en-gb.html?aid=304142&label=gen173nr-10CAQoggJCDWNpdHlfLTI3NjQ1ODRICVgEaLUBiAEBmAEzuAEHyAEM2AED6AEB-AEBiAIBqAIBuAL2i8LTBsACAdICJDM2N2ZjNzMzLWQxZjMtNGIzYy1hNzk4LTM5NDA5M2M3YTk2OdgCAeACAQ&ucfs=1&arphpl=1&checkin=2026-08-06&checkout=2026-08-07&dest_id=-2764584&dest_type=city&group_adults=2&req_adults=2&no_rooms=1&group_children=0&req_children=0&hpos=15&hapos=15&sr_order=popularity&srpvid=440f55fbd93f0178&srepoch=1785759291&all_sr_blocks=895247402_429705671_0_2_0_679986&highlighted_blocks=895247402_429705671_0_2_0_679986&matching_block_id=895247402_429705671_0_2_0_679986&sr_pri_blocks=895247402_429705671_0_2_0_679986_337680&from=searchresults,3377,7.3,274.0,Karachi,11.0,Standard Double Room with Fan,1 extra-large double bed,0,1,0,https://cf.bstatic.com/xdata/images/hotel/square240/682348847.webp?k=02dd50d24fe96ea8d4058ac27a53659b7797933a70ccc29080c256b4c9ecb6b5&o=,11,Karachi
Diamond Apart's Dha Karachi,https://www.booking.com/hotel/pk/diamond-apart-39-s-dha-karachi-karachi.en-gb.html?aid=304142&label=gen173nr-10CAQoggJCDWNpdHlfLTI3NjQ1ODRICVgEaLUBiAEBmAEzuAEHyAEM2AED6AEB-AEBiAIBqAIBuAL2i8LTBsACAdICJDM2N2ZjNzMzLWQxZjMtNGIzYy1hNzk4LTM5NDA5M2M3YTk2OdgCAeACAQ&ucfs=1&arphpl=1&checkin=2026-08-06&checkout=2026-08-07&dest_id=-2764584&dest_type=city&group_adults=2&req_adults=2&no_rooms=1&group_children=0&req_children=0&hpos=16&hapos=16&sr_order=popularity&srpvid=440f55fbd93f0178&srepoch=1785759291&all_sr_blocks=920324402_418366546_0_0_0&highlighted_blocks=920324402_418366546_0_0_0&matching_block_id=920324402_418366546_0_0_0&sr_pri_blocks=920324402_418366546_0_0_0__502200&from=searchresults,5022,7.2,214.0,"D.H.A., Karachi (D.H.A.)",9.5,Budget Double Room,1 double bed,0,0,0,https://cf.bstatic.com/xdata/images/hotel/square240/419830869.webp?k=f217fb667cc99a8baddc0e70a25c0817f34b87d514e4fd194f85b426f29ac38a&o=,9,Karachi
Stay Inn Guest House,https://www.booking.com/hotel/pk/stay-inn-guest-house-karachi.en-gb.html?aid=304142&label=gen173nr-10CAQoggJCDWNpdHlfLTI3NjQ1ODRICVgEaLUBiAEBmAEzuAEHyAEM2AED6AEB-AEBiAIBqAIBuAL2i8LTBsACAdICJDM2N2ZjNzMzLWQxZjMtNGIzYy1hNzk4LTM5NDA5M2M3YTk2OdgCAeACAQ&ucfs=1&arphpl=1&checkin=2026-08-06&checkout=2026-08-07&dest_id=-2764584&dest_type=city&group_adults=2&req_adults=2&no_rooms=1&group_children=0&req_children=0&hpos=17&hapos=17&sr_order=popularity&srpvid=440f55fbd93f0178&srepoch=1785759291&all_sr_blocks=694496104_295447298_2_41_0&highlighted_blocks=694496104_295447298_2_41_0&matching_block_id=694496104_295447298_2_41_0&sr_pri_blocks=694496104_295447298_2_41_0__540000&from=searchresults,5400,7.0,104.0,"PECHS, Karachi",1.5,Double or Twin Room,2 single beds,1,1,1,https://cf.bstatic.com/xdata/images/hotel/square240/707935940.webp?k=73449173c65bd40cb106db162fd64ab97caff4337f3c41dff01f7c913704fa31&o=,4,Karachi
Airport Hotel Bed & Rest,https://www.booking.com/hotel/pk/rehaish-inn-airport.en-gb.html?aid=304142&label=gen173nr-10CAQoggJCDWNpdHlfLTI3NjQ1ODRICVgEaLUBiAEBmAEzuAEHyAEM2AED6AEB-AEBiAIBqAIBuAL2i8LTBsACAdICJDM2N2ZjNzMzLWQxZjMtNGIzYy1hNzk4LTM5NDA5M2M3YTk2OdgCAeACAQ&ucfs=1&arphpl=1&checkin=2026-08-06&checkout=2026-08-07&dest_id=-2764584&dest_type=city&group_adults=2&req_adults=2&no_rooms=1&group_children=0&req_children=0&hpos=18&hapos=18&sr_order=popularity&srpvid=440f55fbd93f0178&srepoch=1785759291&all_sr_blocks=952253310_384618513_2_42_0_682384&highlighted_blocks=952253310_384618513_2_42_0_682384&matching_block_id=952253310_384618513_2_42_0_682384&sr_pri_blocks=952253310_384618513_2_42_0_682384_404100&from=searchresults,4041,6.0,175.0,Karachi,13.3,Standard Double Room with Fan,1 double bed,0,1,1,https://cf.bstatic.com/xdata/images/hotel/square240/583236917.webp?k=9a67848cc15b40199bdc4fb99a0657d59fd3377f86becd1a723b3cb8090cf4f7&o=,4,Karachi
Khoj Resorts Allana,https://www.booking.com/hotel/pk/khoj-resorts-allana.en-gb.html?aid=304142&label=gen173nr-10CAQoggJCDWNpdHlfLTI3NjQ1ODRICVgEaLUBiAEBmAEzuAEHyAEM2AED6AEB-AEBiAIBqAIBuAL2i8LTBsACAdICJDM2N2ZjNzMzLWQxZjMtNGIzYy1hNzk4LTM5NDA5M2M3YTk2OdgCAeACAQ&ucfs=1&arphpl=1&checkin=2026-08-06&checkout=2026-08-07&dest_id=-2764584&dest_type=city&group_adults=2&req_adults=2&no_rooms=1&group_children=0&req_children=0&hpos=19&hapos=19&sr_order=popularity&srpvid=440f55fbd93f0178&srepoch=1785759291&all_sr_blocks=1343463601_416484336_2_1_0&highlighted_blocks=1343463601_416484336_2_1_0&matching_block_id=1343463601_416484336_2_1_0&sr_pri_blocks=1343463601_416484336_2_1_0__7500000&from=searchresults,75000,9.0,78.0,Karachi,36.3,King Room with Sea View,"2 beds (1 extra-large double, 1 sofa bed)",1,1,0,https://cf.bstatic.com/xdata/images/hotel/square240/783680060.webp?k=27922c7b8a89582bb89833b59727f278e44f139e9dc5e245e85db049255a69f2&o=,15,Karachi
Sunset Suites,https://www.booking.com/hotel/pk/sunset-suites.en-gb.html?aid=304142&label=gen173nr-10CAQoggJCDWNpdHlfLTI3NjQ1ODRICVgEaLUBiAEBmAEzuAEHyAEM2AED6AEB-AEBiAIBqAIBuAL2i8LTBsACAdICJDM2N2ZjNzMzLWQxZjMtNGIzYy1hNzk4LTM5NDA5M2M3YTk2OdgCAeACAQ&ucfs=1&arphpl=1&checkin=2026-08-06&checkout=2026-08-07&dest_id=-2764584&dest_type=city&group_adults=2&req_adults=2&no_rooms=1&group_children=0&req_children=0&hpos=20&hapos=20&sr_order=popularity&srpvid=440f55fbd93f0178&srepoch=1785759291&all_sr_blocks=400802103_0_2_1_0&highlighted_blocks=400802103_0_2_1_0&matching_block_id=400802103_0_2_1_0&sr_pri_blocks=400802103_0_2_1_0__1182934&from=searchresults,11829,7.6,305.0,"D.H.A., Karachi (D.H.A.)",4.1,Deluxe Twin Room,2 single beds,1,1,0,https://cf.bstatic.com/xdata/images/hotel/square240/196090933.webp?k=4c6cf1430ccf7d9bbbcd7ff84f90a275379e715c5e865a43f69bcb8c88d29d25&o=,4,Karachi
Faran Hotel,https://www.booking.com/hotel/pk/faran-karachi2.en-gb.html?aid=304142&label=gen173nr-10CAQoggJCDWNpdHlfLTI3NjQ1ODRICVgEaLUBiAEBmAEzuAEHyAEM2AED6AEB-AEBiAIBqAIBuAL2i8LTBsACAdICJDM2N2ZjNzMzLWQxZjMtNGIzYy1hNzk4LTM5NDA5M2M3YTk2OdgCAeACAQ&ucfs=1&arphpl=1&checkin=2026-08-06&checkout=2026-08-07&dest_id=-2764584&dest_type=city&group_adults=2&req_adults=2&no_rooms=1&group_children=0&req_children=0&hpos=21&hapos=21&sr_order=popularity&srpvid=440f55fbd93f0178&srepoch=1785759291&all_sr_blocks=1528091501_424374701_2_41_0&highlighted_blocks=1528091501_424374701_2_41_0&matching_block_id=1528091501_424374701_2_41_0&sr_pri_blocks=1528091501_424374701_2_41_0__1250000&from=searchresults,12500,5.3,32.0,"PECHS, Karachi (Shahrah-e-Faisal)",1.5,Deluxe Double or Twin Room,"3 beds (2 singles, 1 double)",1,1,1,https://cf.bstatic.com/xdata/images/hotel/square240/844847586.webp?k=16d0c2e8b6b14a5557f5d3aa8cd8168b62f33279351ad3e491e7225dda25e542&o=,10,Karachi
HostHub Guest House Gulshan iqbal,https://www.booking.com/hotel/pk/hosthub-guest-house-gulshan-iqbal.en-gb.html?aid=304142&label=gen173nr-10CAQoggJCDWNpdHlfLTI3NjQ1ODRICVgEaLUBiAEBmAEzuAEHyAEM2AED6AEB-AEBiAIBqAIBuAL2i8LTBsACAdICJDM2N2ZjNzMzLWQxZjMtNGIzYy1hNzk4LTM5NDA5M2M3YTk2OdgCAeACAQ&ucfs=1&arphpl=1&checkin=2026-08-06&checkout=2026-08-07&dest_id=-2764584&dest_type=city&group_adults=2&req_adults=2&no_rooms=1&group_children=0&req_children=0&hpos=22&hapos=22&sr_order=popularity&srpvid=440f55fbd93f0178&srepoch=1785759291&all_sr_blocks=1206180503_411908557_2_2_0_900333&highlighted_blocks=1206180503_411908557_2_2_0_900333&matching_block_id=1206180503_411908557_2_2_0_900333&sr_pri_blocks=1206180503_411908557_2_2_0_900333_450000&from=searchresults,4500,7.9,73.0,Karachi,7.1,Budget Double Room,2 single beds,0,1,1,https://cf.bstatic.com/xdata/images/hotel/square240/813466858.webp?k=a3a613565876593daef023e80e3672b7e6c3f7292880293b9b3c361df6640af3&o=,10,Karachi
Royal Villa,https://www.booking.com/hotel/pk/royal-villa-karachi2.en-gb.html?aid=304142&label=gen173nr-10CAQoggJCDWNpdHlfLTI3NjQ1ODRICVgEaLUBiAEBmAEzuAEHyAEM2AED6AEB-AEBiAIBqAIBuAL2i8LTBsACAdICJDM2N2ZjNzMzLWQxZjMtNGIzYy1hNzk4LTM5NDA5M2M3YTk2OdgCAeACAQ&ucfs=1&arphpl=1&checkin=2026-08-06&checkout=2026-08-07&dest_id=-2764584&dest_type=city&group_adults=2&req_adults=2&no_rooms=1&group_children=0&req_children=0&hpos=23&hapos=23&sr_order=popularity&srpvid=440f55fbd93f0178&srepoch=1785759291&all_sr_blocks=1360268101_408330812_2_42_0&highlighted_blocks=1360268101_408330812_2_42_0&matching_block_id=1360268101_408330812_2_42_0&sr_pri_blocks=1360268101_408330812_2_42_0__359910&from=searchresults,3599,6.3,56.0,Karachi,13.6,Double Room with Extra Bed,Double Room with Extra Bed,0,0,0,https://cf.bstatic.com/xdata/images/hotel/square240/886897136.webp?k=08837b81c115653108dc071638d8ac5f5d9f48200e1751999cbee2d0df85466f&o=,2,Karachi
World Inn by WIH,https://www.booking.com/hotel/pk/world-inn-karachi1.en-gb.html?aid=304142&label=gen173nr-10CAQoggJCDWNpdHlfLTI3NjQ1ODRICVgEaLUBiAEBmAEzuAEHyAEM2AED6AEB-AEBiAIBqAIBuAL2i8LTBsACAdICJDM2N2ZjNzMzLWQxZjMtNGIzYy1hNzk4LTM5NDA5M2M3YTk2OdgCAeACAQ&ucfs=1&arphpl=1&checkin=2026-08-06&checkout=2026-08-07&dest_id=-2764584&dest_type=city&group_adults=2&req_adults=2&no_rooms=1&group_children=0&req_children=0&hpos=24&hapos=24&sr_order=popularity&srpvid=440f55fbd93f0178&srepoch=1785759291&all_sr_blocks=1561651705_427245034_2_42_0&highlighted_blocks=1561651705_427245034_2_42_0&matching_block_id=1561651705_427245034_2_42_0&sr_pri_blocks=1561651705_427245034_2_42_0__664905&from=searchresults,6649,8.8,70.0,"D.H.A., Karachi (D.H.A.)",4.5,Deluxe Twin Room,2 single beds,0,0,0,https://cf.bstatic.com/xdata/images/hotel/square240/813703517.webp?k=225f2200d833e82ffb7b362ff0d3e183fe6d9964ab8b20eaf9346825553ce994&o=,12,Karachi
Galaxy Rezidor,https://www.booking.com/hotel/pk/galaxy-rezidor-pakistan.en-gb.html?aid=304142&label=gen173nr-10CAQoggJCDWNpdHlfLTI3NjQ1ODRICVgEaLUBiAEBmAEzuAEHyAEM2AED6AEB-AEBiAIBqAIBuAL2i8LTBsACAdICJDM2N2ZjNzMzLWQxZjMtNGIzYy1hNzk4LTM5NDA5M2M3YTk2OdgCAeACAQ&ucfs=1&arphpl=1&checkin=2026-08-06&checkout=2026-08-07&dest_id=-2764584&dest_type=city&group_adults=2&req_adults=2&no_rooms=1&group_children=0&req_children=0&hpos=25&hapos=25&sr_order=popularity&srpvid=440f55fbd93f0178&srepoch=1785759291&all_sr_blocks=1468577605_418174836_4_1_0&highlighted_blocks=1468577605_418174836_4_1_0&matching_block_id=1468577605_418174836_4_1_0&sr_pri_blocks=1468577605_418174836_4_1_0__900000&from=searchresults,9000,7.4,39.0,"Shahrah-e-Faisal, Karachi (Shahrah-e-Faisal)",3.1,Deluxe Suite,2 double beds,1,1,1,https://cf.bstatic.com/xdata/images/hotel/square240/725658496.webp?k=42d2130d5f33fd2ff0a58566aee9dbb95da3c6716f68707aca8f921f7bf5e356&o=,6,Karachi
Seasons Inn,https://www.booking.com/hotel/pk/midcity-karachi.en-gb.html?aid=304142&label=gen173nr-10CAQoggJCDWNpdHlfLTI3NjQ1ODRICVgEaLUBiAEBmAEzuAEHyAEM2AED6AEB-AEBiAIBqAIBuAL2i8LTBsACAdICJDM2N2ZjNzMzLWQxZjMtNGIzYy1hNzk4LTM5NDA5M2M3YTk2OdgCAeACAQ&ucfs=1&arphpl=1&checkin=2026-08-06&checkout=2026-08-07&dest_id=-2764584&dest_type=city&group_adults=2&req_adults=2&no_rooms=1&group_children=0&req_children=0&hpos=1&hapos=26&sr_order=popularity&srpvid=440f55fbd93f0178&srepoch=1785759234&all_sr_blocks=679865801_391988364_2_2_0&highlighted_blocks=679865801_391988364_2_2_0&matching_block_id=679865801_391988364_2_2_0&sr_pri_blocks=679865801_391988364_2_2_0__405000&from=searchresults,4050,6.9,280.0,Karachi,13.6,Deluxe Room,1 extra-large double bed,0,1,0,https://cf.bstatic.com/xdata/images/hotel/square240/342836545.webp?k=eb82711d25dfc21b2da4985ebcfe5138c80d270a2b30b6a98c58a62449c8d259&o=,3,Karachi
Prime Star Hotel,https://www.booking.com/hotel/pk/prime-star.en-gb.html?aid=304142&label=gen173nr-10CAQoggJCDWNpdHlfLTI3NjQ1ODRICVgEaLUBiAEBmAEzuAEHyAEM2AED6AEB-AEBiAIBqAIBuAL2i8LTBsACAdICJDM2N2ZjNzMzLWQxZjMtNGIzYy1hNzk4LTM5NDA5M2M3YTk2OdgCAeACAQ&ucfs=1&arphpl=1&checkin=2026-08-06&checkout=2026-08-07&dest_id=-2764584&dest_type=city&group_adults=2&req_adults=2&no_rooms=1&group_children=0&req_children=0&hpos=2&hapos=27&sr_order=popularity&srpvid=440f55fbd93f0178&srepoch=1785759234&all_sr_blocks=1550463007_426247707_2_42_0&highlighted_blocks=1550463007_426247707_2_42_0&matching_block_id=1550463007_426247707_2_42_0&sr_pri_blocks=1550463007_426247707_2_42_0__288000&from=searchresults,2880,6.8,78.0,Karachi,14.3,Standard Double Room with Fan,1 double bed,0,1,1,https://cf.bstatic.com/xdata/images/hotel/square240/796237815.webp?k=3490681e8346baaea64c4390f509976d3889696f9059ec4631ce6aec8e19826f&o=,12,Karachi
The Lodge Inn,https://www.booking.com/hotel/pk/the-lodge-inn-karachi1.en-gb.html?aid=304142&label=gen173nr-10CAQoggJCDWNpdHlfLTI3NjQ1ODRICVgEaLUBiAEBmAEzuAEHyAEM2AED6AEB-AEBiAIBqAIBuAL2i8LTBsACAdICJDM2N2ZjNzMzLWQxZjMtNGIzYy1hNzk4LTM5NDA5M2M3YTk2OdgCAeACAQ&ucfs=1&arphpl=1&checkin=2026-08-06&checkout=2026-08-07&dest_id=-2764584&dest_type=city&group_adults=2&req_adults=2&no_rooms=1&group_children=0&req_children=0&hpos=3&hapos=28&sr_order=popularity&srpvid=440f55fbd93f0178&srepoch=1785759234&all_sr_blocks=1369716101_409190976_2_1_0&highlighted_blocks=1369716101_409190976_2_1_0&matching_block_id=1369716101_409190976_2_1_0&sr_pri_blocks=1369716101_409190976_2_1_0__825600&from=searchresults,8256,7.8,48.0,"PECHS, Karachi",2.1,Double Room,1 double bed,1,0,0,https://cf.bstatic.com/xdata/images/hotel/square240/809027128.webp?k=7bcce2e9ff140c16481cac158c14645c6b5cbb9b465f2d52409775b1f72af6de&o=,5,Karachi
Airport Guest House Near JIA,https://www.booking.com/hotel/pk/home-stay-ammads.en-gb.html?aid=304142&label=gen173nr-10CAQoggJCDWNpdHlfLTI3NjQ1ODRICVgEaLUBiAEBmAEzuAEHyAEM2AED6AEB-AEBiAIBqAIBuAL2i8LTBsACAdICJDM2N2ZjNzMzLWQxZjMtNGIzYy1hNzk4LTM5NDA5M2M3YTk2OdgCAeACAQ&ucfs=1&arphpl=1&checkin=2026-08-06&checkout=2026-08-07&dest_id=-2764584&dest_type=city&group_adults=2&req_adults=2&no_rooms=1&group_children=0&req_children=0&hpos=4&hapos=29&sr_order=popularity&srpvid=440f55fbd93f0178&srepoch=1785759234&all_sr_blocks=1536002802_425076891_2_2_0&highlighted_blocks=1536002802_425076891_2_2_0&matching_block_id=1536002802_425076891_2_2_0&sr_pri_blocks=1536002802_425076891_2_2_0__256000&from=searchresults,2560,7.2,54.0,Karachi,14.3,Standard Double Room with Fan,1 double bed,0,1,1,https://cf.bstatic.com/xdata/images/hotel/square240/784492648.webp?k=49798e0b10d45899eec501baa7c95bc43d24dbc444460e8cb2d13f12076a936a&o=,5,Karachi
Aurhom By Royal Inn,https://www.booking.com/hotel/pk/aurhom-by-royal-inn.en-gb.html?aid=304142&label=gen173nr-10CAQoggJCDWNpdHlfLTI3NjQ1ODRICVgEaLUBiAEBmAEzuAEHyAEM2AED6AEB-AEBiAIBqAIBuAL2i8LTBsACAdICJDM2N2ZjNzMzLWQxZjMtNGIzYy1hNzk4LTM5NDA5M2M3YTk2OdgCAeACAQ&ucfs=1&arphpl=1&checkin=2026-08-06&checkout=2026-08-07&dest_id=-2764584&dest_type=city&group_adults=2&req_adults=2&no_rooms=1&group_children=0&req_children=0&hpos=5&hapos=30&sr_order=popularity&srpvid=440f55fbd93f0178&srepoch=1785759234&all_sr_blocks=1509652401_433193300_2_1_0&highlighted_blocks=1509652401_433193300_2_1_0&matching_block_id=1509652401_433193300_2_1_0&sr_pri_blocks=1509652401_433193300_2_1_0__2268000&from=searchresults,22680,9.5,48.0,"Clifton, Karachi",7.1,Superior Double or Twin Room,Beds: 1 double or 2 singles,1,0,1,https://cf.bstatic.com/xdata/images/hotel/square240/850685051.webp?k=42395f7726768041204c64c720f5f40c2a2ecd693dafbd4586615e7b8a60bcf0&o=,11,Karachi
Hotel White Palace Clifton,https://www.booking.com/hotel/pk/white-palace-clifton.en-gb.html?aid=304142&label=gen173nr-10CAQoggJCDWNpdHlfLTI3NjQ1ODRICVgEaLUBiAEBmAEzuAEHyAEM2AED6AEB-AEBiAIBqAIBuAL2i8LTBsACAdICJDM2N2ZjNzMzLWQxZjMtNGIzYy1hNzk4LTM5NDA5M2M3YTk2OdgCAeACAQ&ucfs=1&arphpl=1&checkin=2026-08-06&checkout=2026-08-07&dest_id=-2764584&dest_type=city&group_adults=2&req_adults=2&no_rooms=1&group_children=0&req_children=0&hpos=6&hapos=31&sr_order=popularity&srpvid=440f55fbd93f0178&srepoch=1785759234&all_sr_blocks=1497103001_421391459_2_1_0&highlighted_blocks=1497103001_421391459_2_1_0&matching_block_id=1497103001_421391459_2_1_0&sr_pri_blocks=1497103001_421391459_2_1_0__585000&from=searchresults,5850,8.6,19.0,"Bath Island, Karachi",4.2,Double Room,1 double bed,1,0,0,https://cf.bstatic.com/xdata/images/hotel/square240/750990630.webp?k=95cfa772bf18cb09f599efa7384d80af5ee806c7ffa73e062b08a1b6d1a82c0e&o=,2,Karachi
Furnish Rooms Near Jinnah Airport,https://www.booking.com/hotel/pk/furnish-rooms-near-jinnah-airport-karachi2.en-gb.html?aid=304142&label=gen173nr-10CAQoggJCDWNpdHlfLTI3NjQ1ODRICVgEaLUBiAEBmAEzuAEHyAEM2AED6AEB-AEBiAIBqAIBuAL2i8LTBsACAdICJDM2N2ZjNzMzLWQxZjMtNGIzYy1hNzk4LTM5NDA5M2M3YTk2OdgCAeACAQ&ucfs=1&arphpl=1&checkin=2026-08-06&checkout=2026-08-07&dest_id=-2764584&dest_type=city&group_adults=2&req_adults=2&no_rooms=1&group_children=0&req_children=0&hpos=7&hapos=32&sr_order=popularity&srpvid=440f55fbd93f0178&srepoch=1785759234&all_sr_blocks=1474307201_418823598_2_2_0&highlighted_blocks=1474307201_418823598_2_2_0&matching_block_id=1474307201_418823598_2_2_0&sr_pri_blocks=1474307201_418823598_2_2_0__262500&from=searchresults,2625,6.7,17.0,Karachi,14.2,Budget Double Room,1 double bed,0,1,1,https://cf.bstatic.com/xdata/images/hotel/square240/729507996.webp?k=dc77e3d31832c8676acffd02482e69dee3e84b9cdec8a5040c997784524ef189&o=,11,Karachi
Hotel Crescent - Expo Center,https://www.booking.com/hotel/pk/crescent-karachi.en-gb.html?aid=304142&label=gen173nr-10CAQoggJCDWNpdHlfLTI3NjQ1ODRICVgEaLUBiAEBmAEzuAEHyAEM2AED6AEB-AEBiAIBqAIBuAL2i8LTBsACAdICJDM2N2ZjNzMzLWQxZjMtNGIzYy1hNzk4LTM5NDA5M2M3YTk2OdgCAeACAQ&ucfs=1&arphpl=1&checkin=2026-08-06&checkout=2026-08-07&dest_id=-2764584&dest_type=city&group_adults=2&req_adults=2&no_rooms=1&group_children=0&req_children=0&hpos=8&hapos=33&sr_order=popularity&srpvid=440f55fbd93f0178&srepoch=1785759234&all_sr_blocks=1581905001_429300742_2_1_0&highlighted_blocks=1581905001_429300742_2_1_0&matching_block_id=1581905001_429300742_2_1_0&sr_pri_blocks=1581905001_429300742_2_1_0__698250&from=searchresults,6983,10,1.0,Karachi,5.2,Deluxe Room,1 double bed,1,1,1,https://cf.bstatic.com/xdata/images/hotel/square240/824307920.webp?k=6ead214bd8edf718eb0cdd82f0eee2975b11312b297d467748719d3f2712af38&o=,4,Karachi
Karachi Family Guest House,https://www.booking.com/hotel/pk/karachi-couple-guest-house.en-gb.html?aid=304142&label=gen173nr-10CAQoggJCDWNpdHlfLTI3NjQ1ODRICVgEaLUBiAEBmAEzuAEHyAEM2AED6AEB-AEBiAIBqAIBuAL2i8LTBsACAdICJDM2N2ZjNzMzLWQxZjMtNGIzYy1hNzk4LTM5NDA5M2M3YTk2OdgCAeACAQ&ucfs=1&arphpl=1&checkin=2026-08-06&checkout=2026-08-07&dest_id=-2764584&dest_type=city&group_adults=2&req_adults=2&no_rooms=1&group_children=0&req_children=0&hpos=9&hapos=34&sr_order=popularity&srpvid=440f55fbd93f0178&srepoch=1785759234&all_sr_blocks=1026117102_375358617_2_42_0&highlighted_blocks=1026117102_375358617_2_42_0&matching_block_id=1026117102_375358617_2_42_0&sr_pri_blocks=1026117102_375358617_2_42_0__495000&from=searchresults,4950,7.0,21.0,"Clifton, Karachi",6.9,Deluxe Double or Twin Room,2 single beds,0,0,0,https://cf.bstatic.com/xdata/images/hotel/square240/795639665.webp?k=a4605ea0ba6168632e9733ab92c4122cb936e6ceadcb43d2e24882afd6fe97f8&o=,9,Karachi
Sunset BnB,https://www.booking.com/hotel/pk/sunset-bnb.en-gb.html?aid=304142&label=gen173nr-10CAQoggJCDWNpdHlfLTI3NjQ1ODRICVgEaLUBiAEBmAEzuAEHyAEM2AED6AEB-AEBiAIBqAIBuAL2i8LTBsACAdICJDM2N2ZjNzMzLWQxZjMtNGIzYy1hNzk4LTM5NDA5M2M3YTk2OdgCAeACAQ&ucfs=1&arphpl=1&checkin=2026-08-06&checkout=2026-08-07&dest_id=-2764584&dest_type=city&group_adults=2&req_adults=2&no_rooms=1&group_children=0&req_children=0&hpos=10&hapos=35&sr_order=popularity&srpvid=440f55fbd93f0178&srepoch=1785759234&all_sr_blocks=944934303_432521376_2_1_0&highlighted_blocks=944934303_432521376_2_1_0&matching_block_id=944934303_432521376_2_1_0&sr_pri_blocks=944934303_432521376_2_1_0__1100000&from=searchresults,11000,8.5,255.0,"D.H.A., Karachi (D.H.A.)",4.1,Standard Double Room,1 double bed,1,1,1,https://cf.bstatic.com/xdata/images/hotel/square240/417735849.webp?k=2c49dba8893a80ecded5f2fb09122de2d289bdcdcca3aa6a5fdd34c63288067f&o=,13,Karachi
Exclusive VIP 1 Bedroom Apartment in DHA Phase 6 By Virani,https://www.booking.com/hotel/pk/charming-1-bedroom-retreat-in-dha-phase-6.en-gb.html?aid=304142&label=gen173nr-10CAQoggJCDWNpdHlfLTI3NjQ1ODRICVgEaLUBiAEBmAEzuAEHyAEM2AED6AEB-AEBiAIBqAIBuAL2i8LTBsACAdICJDM2N2ZjNzMzLWQxZjMtNGIzYy1hNzk4LTM5NDA5M2M3YTk2OdgCAeACAQ&ucfs=1&arphpl=1&checkin=2026-08-06&checkout=2026-08-07&dest_id=-2764584&dest_type=city&group_adults=2&req_adults=2&no_rooms=1&group_children=0&req_children=0&hpos=11&hapos=36&sr_order=popularity&srpvid=440f55fbd93f0178&srepoch=1785759234&all_sr_blocks=1398281801_411701044_3_0_0&highlighted_blocks=1398281801_411701044_3_0_0&matching_block_id=1398281801_411701044_3_0_0&sr_pri_blocks=1398281801_411701044_3_0_0__1200000&from=searchresults,12000,9.6,58.0,"D.H.A., Karachi (D.H.A.)",8.3,One-Bedroom Apartment,1 large double bed,0,1,1,https://cf.bstatic.com/xdata/images/hotel/square240/783095183.webp?k=4b2e7a980d534ac718c1975c3e1b038724f722a2e9ec288600d4bcb62e6084b4&o=,13,Karachi
Family Inn Guest House,https://www.booking.com/hotel/pk/family-inn-guest-house-karachi.en-gb.html?aid=304142&label=gen173nr-10CAQoggJCDWNpdHlfLTI3NjQ1ODRICVgEaLUBiAEBmAEzuAEHyAEM2AED6AEB-AEBiAIBqAIBuAL2i8LTBsACAdICJDM2N2ZjNzMzLWQxZjMtNGIzYy1hNzk4LTM5NDA5M2M3YTk2OdgCAeACAQ&ucfs=1&arphpl=1&checkin=2026-08-06&checkout=2026-08-07&dest_id=-2764584&dest_type=city&group_adults=2&req_adults=2&no_rooms=1&group_children=0&req_children=0&hpos=12&hapos=37&sr_order=popularity&srpvid=440f55fbd93f0178&srepoch=1785759234&all_sr_blocks=1530400802_424575671_0_2_0&highlighted_blocks=1530400802_424575671_0_2_0&matching_block_id=1530400802_424575671_0_2_0&sr_pri_blocks=1530400802_424575671_0_2_0__330000&from=searchresults,3300,8.4,8.0,Karachi,14.2,Twin Room,2 single beds,0,1,1,https://cf.bstatic.com/xdata/images/hotel/square240/791724244.webp?k=df4290155457280509811148ad744a48a7c89e53297b7e87ce16311f0c974f94&o=,4,Karachi
Sk Travellers Inn,https://www.booking.com/hotel/pk/sk-travellers-inn-karachi.en-gb.html?aid=304142&label=gen173nr-10CAQoggJCDWNpdHlfLTI3NjQ1ODRICVgEaLUBiAEBmAEzuAEHyAEM2AED6AEB-AEBiAIBqAIBuAL2i8LTBsACAdICJDM2N2ZjNzMzLWQxZjMtNGIzYy1hNzk4LTM5NDA5M2M3YTk2OdgCAeACAQ&ucfs=1&arphpl=1&checkin=2026-08-06&checkout=2026-08-07&dest_id=-2764584&dest_type=city&group_adults=2&req_adults=2&no_rooms=1&group_children=0&req_children=0&hpos=13&hapos=38&sr_order=popularity&srpvid=440f55fbd93f0178&srepoch=1785759234&all_sr_blocks=963453706_368926034_0_2_0&highlighted_blocks=963453706_368926034_0_2_0&matching_block_id=963453706_368926034_0_2_0&sr_pri_blocks=963453706_368926034_0_2_0__400000&from=searchresults,4000,5.3,84.0,Karachi,13.3,Standard Double Room with Fan,1 double bed,0,1,1,https://cf.bstatic.com/xdata/images/hotel/square240/429801542.webp?k=e7eabc791ebd631d624ceb92f1a143e9934984cbe28cae5c91b07ef74dff8ccf&o=,8,Karachi
Mövenpick Hotel Karachi,https://www.booking.com/hotel/pk/movenpick-karachi.en-gb.html?aid=304142&label=gen173nr-10CAQoggJCDWNpdHlfLTI3NjQ1ODRICVgEaLUBiAEBmAEzuAEHyAEM2AED6AEB-AEBiAIBqAIBuAL2i8LTBsACAdICJDM2N2ZjNzMzLWQxZjMtNGIzYy1hNzk4LTM5NDA5M2M3YTk2OdgCAeACAQ&ucfs=1&arphpl=1&checkin=2026-08-06&checkout=2026-08-07&dest_id=-2764584&dest_type=city&group_adults=2&req_adults=2&no_rooms=1&group_children=0&req_children=0&hpos=14&hapos=39&sr_order=popularity&srpvid=440f55fbd93f0178&srepoch=1785759234&all_sr_blocks=84768719_178961869_2_2_0&highlighted_blocks=84768719_178961869_2_2_0&matching_block_id=84768719_178961869_2_2_0&sr_pri_blocks=84768719_178961869_2_2_0__18400&from_sustainable_property_sr=1&from=searchresults,51130,7.5,498.0,Karachi,3.3,Classic Twin Room,2 single beds,0,0,0,https://cf.bstatic.com/xdata/images/hotel/square240/871280067.webp?k=427f518998504514833f24f6892fdb6178cfbb8adf5bcb1b7e55614829839288&o=,14,Karachi
Holiday One Hotel & Suites - DHA-8,https://www.booking.com/hotel/pk/holiday-one-amp-suites-karachi5.en-gb.html?aid=304142&label=gen173nr-10CAQoggJCDWNpdHlfLTI3NjQ1ODRICVgEaLUBiAEBmAEzuAEHyAEM2AED6AEB-AEBiAIBqAIBuAL2i8LTBsACAdICJDM2N2ZjNzMzLWQxZjMtNGIzYy1hNzk4LTM5NDA5M2M3YTk2OdgCAeACAQ&ucfs=1&arphpl=1&checkin=2026-08-06&checkout=2026-08-07&dest_id=-2764584&dest_type=city&group_adults=2&req_adults=2&no_rooms=1&group_children=0&req_children=0&hpos=15&hapos=40&sr_order=popularity&srpvid=440f55fbd93f0178&srepoch=1785759234&all_sr_blocks=1528767502_424436912_2_1_0&highlighted_blocks=1528767502_424436912_2_1_0&matching_block_id=1528767502_424436912_2_1_0&sr_pri_blocks=1528767502_424436912_2_1_0__1755000&from=searchresults,17550,9.2,73.0,"D.H.A., Karachi (D.H.A.)",9.4,Twin Room,2 single beds,1,1,1,https://cf.bstatic.com/xdata/images/hotel/square240/810804612.webp?k=1d751f62d46fa93e3bca5e6e8d75b49d05634a642751d79ced6579031f89fe60&o=,6,Karachi
E Town Room Guest House Karachi,https://www.booking.com/hotel/pk/e-towan-rooms.en-gb.html?aid=304142&label=gen173nr-10CAQoggJCDWNpdHlfLTI3NjQ1ODRICVgEaLUBiAEBmAEzuAEHyAEM2AED6AEB-AEBiAIBqAIBuAL2i8LTBsACAdICJDM2N2ZjNzMzLWQxZjMtNGIzYy1hNzk4LTM5NDA5M2M3YTk2OdgCAeACAQ&ucfs=1&arphpl=1&checkin=2026-08-06&checkout=2026-08-07&dest_id=-2764584&dest_type=city&group_adults=2&req_adults=2&no_rooms=1&group_children=0&req_children=0&hpos=16&hapos=41&sr_order=popularity&srpvid=440f55fbd93f0178&srepoch=1785759234&all_sr_blocks=709634902_295788051_2_1_0&highlighted_blocks=709634902_295788051_2_1_0&matching_block_id=709634902_295788051_2_1_0&sr_pri_blocks=709634902_295788051_2_1_0__540000&from=searchresults,5400,6.0,11.0,Karachi,7.7,Deluxe Double Room,1 double bed,1,0,0,https://cf.bstatic.com/xdata/images/hotel/square240/894978284.webp?k=72da3de91e518aeb23e3d6bff538ba1a13af5823c5a0e9298f0ccc6e7428145c&o=,8,Karachi
Sunrise BnB,https://www.booking.com/hotel/pk/sunrise-bnb-karachi.en-gb.html?aid=304142&label=gen173nr-10CAQoggJCDWNpdHlfLTI3NjQ1ODRICVgEaLUBiAEBmAEzuAEHyAEM2AED6AEB-AEBiAIBqAIBuAL2i8LTBsACAdICJDM2N2ZjNzMzLWQxZjMtNGIzYy1hNzk4LTM5NDA5M2M3YTk2OdgCAeACAQ&ucfs=1&arphpl=1&checkin=2026-08-06&checkout=2026-08-07&dest_id=-2764584&dest_type=city&group_adults=2&req_adults=2&no_rooms=1&group_children=0&req_children=0&hpos=17&hapos=42&sr_order=popularity&srpvid=440f55fbd93f0178&srepoch=1785759234&all_sr_blocks=1574273001_428782244_2_0_0&highlighted_blocks=1574273001_428782244_2_0_0&matching_block_id=1574273001_428782244_2_0_0&sr_pri_blocks=1574273001_428782244_2_0_0__461440&from=searchresults,4614,7.3,8.0,"PECHS, Karachi",1.5,Deluxe Double Room,1 extra-large double bed,0,1,1,https://cf.bstatic.com/xdata/images/hotel/square240/816813058.webp?k=2f9ae634f12af2e7d625f5fda9b19de5d5e18727d16e3f17c213002d8f454e4d&o=,6,Karachi
Holiday One Hotel & Suites - Expo Center,https://www.booking.com/hotel/pk/the-nest-guest-house-block-16.en-gb.html?aid=304142&label=gen173nr-10CAQoggJCDWNpdHlfLTI3NjQ1ODRICVgEaLUBiAEBmAEzuAEHyAEM2AED6AEB-AEBiAIBqAIBuAL2i8LTBsACAdICJDM2N2ZjNzMzLWQxZjMtNGIzYy1hNzk4LTM5NDA5M2M3YTk2OdgCAeACAQ&ucfs=1&arphpl=1&checkin=2026-08-06&checkout=2026-08-07&dest_id=-2764584&dest_type=city&group_adults=2&req_adults=2&no_rooms=1&group_children=0&req_children=0&hpos=18&hapos=43&sr_order=popularity&srpvid=440f55fbd93f0178&srepoch=1785759234&all_sr_blocks=1291140910_402075285_2_1_0_684574&highlighted_blocks=1291140910_402075285_2_1_0_684574&matching_block_id=1291140910_402075285_2_1_0_684574&sr_pri_blocks=1291140910_402075285_2_1_0_684574_1120000&from=searchresults,11200,8.2,74.0,Karachi,5.1,Budget Twin Room,2 single beds,1,1,1,https://cf.bstatic.com/xdata/images/hotel/square240/902509636.webp?k=4ffd8fa4c4cc34510b4a5ba15bab447160370b76994ec75bb6577dea223cf892&o=,13,Karachi
Travel Inn clifton,https://www.booking.com/hotel/pk/travel-inn-clifton.en-gb.html?aid=304142&label=gen173nr-10CAQoggJCDWNpdHlfLTI3NjQ1ODRICVgEaLUBiAEBmAEzuAEHyAEM2AED6AEB-AEBiAIBqAIBuAL2i8LTBsACAdICJDM2N2ZjNzMzLWQxZjMtNGIzYy1hNzk4LTM5NDA5M2M3YTk2OdgCAeACAQ&ucfs=1&arphpl=1&checkin=2026-08-06&checkout=2026-08-07&dest_id=-2764584&dest_type=city&group_adults=2&req_adults=2&no_rooms=1&group_children=0&req_children=0&hpos=19&hapos=44&sr_order=popularity&srpvid=440f55fbd93f0178&srepoch=1785759234&all_sr_blocks=1522157603_423868834_2_1_0&highlighted_blocks=1522157603_423868834_2_1_0&matching_block_id=1522157603_423868834_2_1_0&sr_pri_blocks=1522157603_423868834_2_1_0__567000&from=searchresults,5670,6.1,8.0,"Clifton, Karachi",7.2,Deluxe King Room,1 double bed,1,1,1,https://cf.bstatic.com/xdata/images/hotel/square240/772740929.webp?k=d5fe537555d67485b777e9dd3342748173f13d683ee7134a0d6ab62f0af4a5d1&o=,12,Karachi
Hotel Regent DHA,https://www.booking.com/hotel/pk/regent-dha.en-gb.html?aid=304142&label=gen173nr-10CAQoggJCDWNpdHlfLTI3NjQ1ODRICVgEaLUBiAEBmAEzuAEHyAEM2AED6AEB-AEBiAIBqAIBuAL2i8LTBsACAdICJDM2N2ZjNzMzLWQxZjMtNGIzYy1hNzk4LTM5NDA5M2M3YTk2OdgCAeACAQ&ucfs=1&arphpl=1&checkin=2026-08-06&checkout=2026-08-07&dest_id=-2764584&dest_type=city&group_adults=2&req_adults=2&no_rooms=1&group_children=0&req_children=0&hpos=20&hapos=45&sr_order=popularity&srpvid=440f55fbd93f0178&srepoch=1785759234&all_sr_blocks=1685482101_440178900_2_41_0&highlighted_blocks=1685482101_440178900_2_41_0&matching_block_id=1685482101_440178900_2_41_0&sr_pri_blocks=1685482101_440178900_2_41_0__1213650&from=searchresults,12137,9.3,3.0,"D.H.A., Karachi (D.H.A.)",2.9,Deluxe Double Room,2 double beds,1,1,1,https://cf.bstatic.com/xdata/images/hotel/square240/892937061.webp?k=f960e0569337eadcf586cc750ed0f95c50847b2a3a346a27519a9aee6abf0f55&o=,12,Karachi
Zanova Suites Karachi,https://www.booking.com/hotel/pk/zanova-suites-karachi.en-gb.html?aid=304142&label=gen173nr-10CAQoggJCDWNpdHlfLTI3NjQ1ODRICVgEaLUBiAEBmAEzuAEHyAEM2AED6AEB-AEBiAIBqAIBuAL2i8LTBsACAdICJDM2N2ZjNzMzLWQxZjMtNGIzYy1hNzk4LTM5NDA5M2M3YTk2OdgCAeACAQ&ucfs=1&arphpl=1&checkin=2026-08-06&checkout=2026-08-07&dest_id=-2764584&dest_type=city&group_adults=2&req_adults=2&no_rooms=1&group_children=0&req_children=0&hpos=21&hapos=46&sr_order=popularity&srpvid=440f55fbd93f0178&srepoch=1785759234&all_sr_blocks=1699369101_441585824_2_0_0&highlighted_blocks=1699369101_441585824_2_0_0&matching_block_id=1699369101_441585824_2_0_0&sr_pri_blocks=1699369101_441585824_2_0_0__788800&from=searchresults,7888,,,"D.H.A., Karachi (D.H.A.)",3.4,Deluxe Double Room,1 double bed,0,1,1,https://cf.bstatic.com/xdata/images/hotel/square240/902062654.webp?k=59b37757ded78375c6c6ae8ab11610bd5e2c4aa91548274af300a1610683c10f&o=,4,Karachi
Central Residence by Paramount Hospitality,https://www.booking.com/hotel/pk/central-residence-by-paramount-hospitality.en-gb.html?aid=304142&label=gen173nr-10CAQoggJCDWNpdHlfLTI3NjQ1ODRICVgEaLUBiAEBmAEzuAEHyAEM2AED6AEB-AEBiAIBqAIBuAL2i8LTBsACAdICJDM2N2ZjNzMzLWQxZjMtNGIzYy1hNzk4LTM5NDA5M2M3YTk2OdgCAeACAQ&ucfs=1&arphpl=1&checkin=2026-08-06&checkout=2026-08-07&dest_id=-2764584&dest_type=city&group_adults=2&req_adults=2&no_rooms=1&group_children=0&req_children=0&hpos=22&hapos=47&sr_order=popularity&srpvid=440f55fbd93f0178&srepoch=1785759234&all_sr_blocks=1512303602_0_2_1_0&highlighted_blocks=1512303602_0_2_1_0&matching_block_id=1512303602_0_2_1_0&sr_pri_blocks=1512303602_0_2_1_0__1250737&from=searchresults,12507,9.3,25.0,Karachi,3.1,Twin Room,2 single beds,1,0,0,https://cf.bstatic.com/xdata/images/hotel/square240/766322063.webp?k=7cf09140f9fc7417318d1f1f1e25bc85b57c414bc3e24346193b520a39a79239&o=,9,Karachi
Jinnah Avenue inn Guest House,https://www.booking.com/hotel/pk/airport-view-karachi.en-gb.html?aid=304142&label=gen173nr-10CAQoggJCDWNpdHlfLTI3NjQ1ODRICVgEaLUBiAEBmAEzuAEHyAEM2AED6AEB-AEBiAIBqAIBuAL2i8LTBsACAdICJDM2N2ZjNzMzLWQxZjMtNGIzYy1hNzk4LTM5NDA5M2M3YTk2OdgCAeACAQ&ucfs=1&arphpl=1&checkin=2026-08-06&checkout=2026-08-07&dest_id=-2764584&dest_type=city&group_adults=2&req_adults=2&no_rooms=1&group_children=0&req_children=0&hpos=23&hapos=48&sr_order=popularity&srpvid=440f55fbd93f0178&srepoch=1785759234&all_sr_blocks=1662947002_438154769_2_2_0&highlighted_blocks=1662947002_438154769_2_2_0&matching_block_id=1662947002_438154769_2_2_0&sr_pri_blocks=1662947002_438154769_2_2_0__560000&from=searchresults,5600,,,Karachi,13.9,Deluxe Double Room,1 single bed,0,1,1,https://cf.bstatic.com/xdata/images/hotel/square240/880763781.webp?k=dcf771e3e4c6690444ec81b3ab9db5edcc689e66d10c4f4a167cec845a2e3f33&o=,5,Karachi
Hotel SkyLIT - Airport Branch Karachi,https://www.booking.com/hotel/pk/skylit-airport-stadium-road-agha-khan-hospital-amp-exhibition.en-gb.html?aid=304142&label=gen173nr-10CAQoggJCDWNpdHlfLTI3NjQ1ODRICVgEaLUBiAEBmAEzuAEHyAEM2AED6AEB-AEBiAIBqAIBuAL2i8LTBsACAdICJDM2N2ZjNzMzLWQxZjMtNGIzYy1hNzk4LTM5NDA5M2M3YTk2OdgCAeACAQ&ucfs=1&arphpl=1&checkin=2026-08-06&checkout=2026-08-07&dest_id=-2764584&dest_type=city&group_adults=2&req_adults=2&no_rooms=1&group_children=0&req_children=0&hpos=24&hapos=49&sr_order=popularity&srpvid=440f55fbd93f0178&srepoch=1785759234&all_sr_blocks=1462936702_425161741_2_41_0&highlighted_blocks=1462936702_425161741_2_41_0&matching_block_id=1462936702_425161741_2_41_0&sr_pri_blocks=1462936702_425161741_2_41_0__510000&from=searchresults,5100,5.8,22.0,"Gulshan-E-Jamal, Karachi",7.5,Deluxe Double Room,1 double bed,1,1,1,https://cf.bstatic.com/xdata/images/hotel/square240/741928478.webp?k=8114ed715d9eee35977a422350172677a554754fcace8a64ef278e7218724f1f&o=,9,Karachi
Beachfront Studios by Virani,https://www.booking.com/hotel/pk/beachfront-studios-by-umer.en-gb.html?aid=304142&label=gen173nr-10CAQoggJCDWNpdHlfLTI3NjQ1ODRICVgEaLUBiAEBmAEzuAEHyAEM2AED6AEB-AEBiAIBqAIBuAL2i8LTBsACAdICJDM2N2ZjNzMzLWQxZjMtNGIzYy1hNzk4LTM5NDA5M2M3YTk2OdgCAeACAQ&ucfs=1&arphpl=1&checkin=2026-08-06&checkout=2026-08-07&dest_id=-2764584&dest_type=city&group_adults=2&req_adults=2&no_rooms=1&group_children=0&req_children=0&hpos=25&hapos=50&sr_order=popularity&srpvid=440f55fbd93f0178&srepoch=1785759234&all_sr_blocks=1335933604_406051782_4_0_0&highlighted_blocks=1335933604_406051782_4_0_0&matching_block_id=1335933604_406051782_4_0_0&sr_pri_blocks=1335933604_406051782_4_0_0__1000000&from=searchresults,10000,7.5,56.0,"D.H.A., Karachi (D.H.A.)",9.6,Two-Bedroom Studio Apartment,"2 beds (1 single, 1 large double)",0,1,1,https://cf.bstatic.com/xdata/images/hotel/square240/751923983.webp?k=ac0cf36d459125c5c42f5c4c3806e87469dc7393e573cc46a7447b61381a9b74&o=,12,Karachi
Hotel Galaxy,https://www.booking.com/hotel/pk/one-karachi-karachi3.en-gb.html?aid=304142&label=gen173nr-10CAQoggJCDWNpdHlfLTI3NjQ1ODRICVgEaLUBiAEBmAEzuAEHyAEM2AED6AEB-AEBiAIBqAIBuAL2i8LTBsACAdICJDM2N2ZjNzMzLWQxZjMtNGIzYy1hNzk4LTM5NDA5M2M3YTk2OdgCAeACAQ&ucfs=1&arphpl=1&checkin=2026-08-06&checkout=2026-08-07&dest_id=-2764584&dest_type=city&group_adults=2&req_adults=2&no_rooms=1&group_children=0&req_children=0&hpos=1&hapos=51&sr_order=popularity&srpvid=440f55fbd93f0178&srepoch=1785759235&all_sr_blocks=1377116206_409839023_2_1_0&highlighted_blocks=1377116206_409839023_2_1_0&matching_block_id=1377116206_409839023_2_1_0&sr_pri_blocks=1377116206_409839023_2_1_0__1846800&from=searchresults,18468,5.2,39.0,"Shahrah-e-Faisal, Karachi (Shahrah-e-Faisal)",3.7,Standard King Room,1 large double bed,1,1,1,https://cf.bstatic.com/xdata/images/hotel/square240/891241820.webp?k=84b18d5c16894ee67c0bb12d6e8ff68ac5bfd542942c60529f325983a697fc49&o=,5,Karachi
Rehaish Inn,https://www.booking.com/hotel/pk/rehaish-inn-karachi2.en-gb.html?aid=304142&label=gen173nr-10CAQoggJCDWNpdHlfLTI3NjQ1ODRICVgEaLUBiAEBmAEzuAEHyAEM2AED6AEB-AEBiAIBqAIBuAL2i8LTBsACAdICJDM2N2ZjNzMzLWQxZjMtNGIzYy1hNzk4LTM5NDA5M2M3YTk2OdgCAeACAQ&ucfs=1&arphpl=1&checkin=2026-08-06&checkout=2026-08-07&dest_id=-2764584&dest_type=city&group_adults=2&req_adults=2&no_rooms=1&group_children=0&req_children=0&hpos=2&hapos=52&sr_order=popularity&srpvid=440f55fbd93f0178&srepoch=1785759235&all_sr_blocks=1527688802_424339715_2_2_0&highlighted_blocks=1527688802_424339715_2_2_0&matching_block_id=1527688802_424339715_2_2_0&sr_pri_blocks=1527688802_424339715_2_2_0__467280&from=searchresults,4673,7.8,9.0,Karachi,14.5,Twin Room with Private Bathroom,2 single beds,0,1,1,https://cf.bstatic.com/xdata/images/hotel/square240/777176290.webp?k=2c825fd51e39d7ffada9f65d9ca968b821b4614fb0e6d25a57c39dfdf6522c95&o=,6,Karachi
Nursery Inn,https://www.booking.com/hotel/pk/moonlight-guesthouse.en-gb.html?aid=304142&label=gen173nr-10CAQoggJCDWNpdHlfLTI3NjQ1ODRICVgEaLUBiAEBmAEzuAEHyAEM2AED6AEB-AEBiAIBqAIBuAL2i8LTBsACAdICJDM2N2ZjNzMzLWQxZjMtNGIzYy1hNzk4LTM5NDA5M2M3YTk2OdgCAeACAQ&ucfs=1&arphpl=1&checkin=2026-08-06&checkout=2026-08-07&dest_id=-2764584&dest_type=city&group_adults=2&req_adults=2&no_rooms=1&group_children=0&req_children=0&hpos=3&hapos=53&sr_order=popularity&srpvid=440f55fbd93f0178&srepoch=1785759235&all_sr_blocks=525411902_188675235_3_2_0&highlighted_blocks=525411902_188675235_3_2_0&matching_block_id=525411902_188675235_3_2_0&sr_pri_blocks=525411902_188675235_3_2_0__600000&from=searchresults,6000,8.3,120.0,"PECHS, Karachi",1.3,Triple Room with Private Bathroom,"2 beds (1 extra-large double, 1 futon)",0,1,1,https://cf.bstatic.com/xdata/images/hotel/square240/517302285.webp?k=efd944d471a4058a854a556a7fb9275c407b94acee101427047b4f8d3807893d&o=,13,Karachi
Luxury Apartment,https://www.booking.com/hotel/pk/luxury-apartment-karachi1.en-gb.html?aid=304142&label=gen173nr-10CAQoggJCDWNpdHlfLTI3NjQ1ODRICVgEaLUBiAEBmAEzuAEHyAEM2AED6AEB-AEBiAIBqAIBuAL2i8LTBsACAdICJDM2N2ZjNzMzLWQxZjMtNGIzYy1hNzk4LTM5NDA5M2M3YTk2OdgCAeACAQ&ucfs=1&arphpl=1&checkin=2026-08-06&checkout=2026-08-07&dest_id=-2764584&dest_type=city&group_adults=2&req_adults=2&no_rooms=1&group_children=0&req_children=0&hpos=4&hapos=54&sr_order=popularity&srpvid=440f55fbd93f0178&srepoch=1785759235&all_sr_blocks=1168424101_426022208_2_2_0&highlighted_blocks=1168424101_426022208_2_2_0&matching_block_id=1168424101_426022208_2_2_0&sr_pri_blocks=1168424101_426022208_2_2_0__600000&from=searchresults,6000,9.4,20.0,Karachi,15.6,Apartment with Balcony,"3 beds (2 sofa beds, 1 large double)",0,1,0,https://cf.bstatic.com/xdata/images/hotel/square240/534873782.webp?k=063110b9514f5bfdb904731c28c8daa980869b49c48e5b5ba91b0cbaa4e44f11&o=,4,Karachi
Karachi Inn,https://www.booking.com/hotel/pk/karachi-inn-karachi3.en-gb.html?aid=304142&label=gen173nr-10CAQoggJCDWNpdHlfLTI3NjQ1ODRICVgEaLUBiAEBmAEzuAEHyAEM2AED6AEB-AEBiAIBqAIBuAL2i8LTBsACAdICJDM2N2ZjNzMzLWQxZjMtNGIzYy1hNzk4LTM5NDA5M2M3YTk2OdgCAeACAQ&ucfs=1&arphpl=1&checkin=2026-08-06&checkout=2026-08-07&dest_id=-2764584&dest_type=city&group_adults=2&req_adults=2&no_rooms=1&group_children=0&req_children=0&hpos=5&hapos=55&sr_order=popularity&srpvid=440f55fbd93f0178&srepoch=1785759235&all_sr_blocks=1566537201_427766545_2_2_0&highlighted_blocks=1566537201_427766545_2_2_0&matching_block_id=1566537201_427766545_2_2_0&sr_pri_blocks=1566537201_427766545_2_2_0__648000&from=searchresults,6480,9.7,11.0,"PECHS, Karachi",1.5,Double Room,1 double bed,0,0,0,https://cf.bstatic.com/xdata/images/hotel/square240/839154668.webp?k=2fb2545a9b415658a11e3abea3f5f9e746b262459047bccf8d6130b99dc91bdd&o=,12,Karachi
Dating service Guest House,https://www.booking.com/hotel/pk/heera-guest-house.en-gb.html?aid=304142&label=gen173nr-10CAQoggJCDWNpdHlfLTI3NjQ1ODRICVgEaLUBiAEBmAEzuAEHyAEM2AED6AEB-AEBiAIBqAIBuAL2i8LTBsACAdICJDM2N2ZjNzMzLWQxZjMtNGIzYy1hNzk4LTM5NDA5M2M3YTk2OdgCAeACAQ&ucfs=1&arphpl=1&checkin=2026-08-06&checkout=2026-08-07&dest_id=-2764584&dest_type=city&group_adults=2&req_adults=2&no_rooms=1&group_children=0&req_children=0&hpos=6&hapos=56&sr_order=popularity&srpvid=440f55fbd93f0178&srepoch=1785759235&all_sr_blocks=811752002_343429543_2_0_0&highlighted_blocks=811752002_343429543_2_0_0&matching_block_id=811752002_343429543_2_0_0&sr_pri_blocks=811752002_343429543_2_0_0__382415&from=searchresults,3824,6.4,6.0,Karachi,5.9,Deluxe Double Room,2 single beds,0,1,1,https://cf.bstatic.com/xdata/images/hotel/square240/335082317.webp?k=396aa46794133bd760345e2a05505934a7e04d03f9f1a52630fe7adb359fa884&o=,4,Karachi
Clifton BnB,https://www.booking.com/hotel/pk/clifton-bnb.en-gb.html?aid=304142&label=gen173nr-10CAQoggJCDWNpdHlfLTI3NjQ1ODRICVgEaLUBiAEBmAEzuAEHyAEM2AED6AEB-AEBiAIBqAIBuAL2i8LTBsACAdICJDM2N2ZjNzMzLWQxZjMtNGIzYy1hNzk4LTM5NDA5M2M3YTk2OdgCAeACAQ&ucfs=1&arphpl=1&checkin=2026-08-06&checkout=2026-08-07&dest_id=-2764584&dest_type=city&group_adults=2&req_adults=2&no_rooms=1&group_children=0&req_children=0&hpos=7&hapos=57&sr_order=popularity&srpvid=440f55fbd93f0178&srepoch=1785759235&all_sr_blocks=1519834001_423645798_2_1_0&highlighted_blocks=1519834001_423645798_2_1_0&matching_block_id=1519834001_423645798_2_1_0&sr_pri_blocks=1519834001_423645798_2_1_0__665280&from=searchresults,6653,6.9,51.0,"Clifton, Karachi",4.5,Deluxe Double Room,2 single beds,1,1,1,https://cf.bstatic.com/xdata/images/hotel/square240/778237854.webp?k=a6520ffd5f8fdce6227e3eb621714a25c42ac2ed52f684e88553bd9bb63c3931&o=,11,Karachi
Rose Palace Guest House,https://www.booking.com/hotel/pk/rose-palace-karachi3.en-gb.html?aid=304142&label=gen173nr-10CAQoggJCDWNpdHlfLTI3NjQ1ODRICVgEaLUBiAEBmAEzuAEHyAEM2AED6AEB-AEBiAIBqAIBuAL2i8LTBsACAdICJDM2N2ZjNzMzLWQxZjMtNGIzYy1hNzk4LTM5NDA5M2M3YTk2OdgCAeACAQ&ucfs=1&arphpl=1&checkin=2026-08-06&checkout=2026-08-07&dest_id=-2764584&dest_type=city&group_adults=2&req_adults=2&no_rooms=1&group_children=0&req_children=0&hpos=8&hapos=58&sr_order=popularity&srpvid=440f55fbd93f0178&srepoch=1785759235&all_sr_blocks=1150135904_387831963_2_2_0&highlighted_blocks=1150135904_387831963_2_2_0&matching_block_id=1150135904_387831963_2_2_0&sr_pri_blocks=1150135904_387831963_2_2_0__800000&from=searchresults,8000,7.8,10.0,"Gulshan-E-Jamal, Karachi",7.4,Deluxe Double Room,1 double bed,0,1,1,https://cf.bstatic.com/xdata/images/hotel/square240/732666759.webp?k=3fd07a908659c8f11944133f6afab1cb5b0a1affad28ba300503bfcece2222e8&o=,10,Karachi
Hotel StayInn,https://www.booking.com/hotel/pk/green-karachi-millennium-mall-airport.en-gb.html?aid=304142&label=gen173nr-10CAQoggJCDWNpdHlfLTI3NjQ1ODRICVgEaLUBiAEBmAEzuAEHyAEM2AED6AEB-AEBiAIBqAIBuAL2i8LTBsACAdICJDM2N2ZjNzMzLWQxZjMtNGIzYy1hNzk4LTM5NDA5M2M3YTk2OdgCAeACAQ&ucfs=1&arphpl=1&checkin=2026-08-06&checkout=2026-08-07&dest_id=-2764584&dest_type=city&group_adults=2&req_adults=2&no_rooms=1&group_children=0&req_children=0&hpos=9&hapos=59&sr_order=popularity&srpvid=440f55fbd93f0178&srepoch=1785759235&all_sr_blocks=1416060401_413299682_2_0_0&highlighted_blocks=1416060401_413299682_2_0_0&matching_block_id=1416060401_413299682_2_0_0&sr_pri_blocks=1416060401_413299682_2_0_0__590000&from=searchresults,5900,7.8,87.0,"Gulshan-E-Jamal, Karachi",7.3,Double Room,1 double bed,0,1,1,https://cf.bstatic.com/xdata/images/hotel/square240/720110401.webp?k=de8606498676012b2e3e1309c5b29d86f6eec4a6a32509167594bf281dec2569&o=,5,Karachi
Signature Inn Near By Airport,https://www.booking.com/hotel/pk/signature-inn-guest-house.en-gb.html?aid=304142&label=gen173nr-10CAQoggJCDWNpdHlfLTI3NjQ1ODRICVgEaLUBiAEBmAEzuAEHyAEM2AED6AEB-AEBiAIBqAIBuAL2i8LTBsACAdICJDM2N2ZjNzMzLWQxZjMtNGIzYy1hNzk4LTM5NDA5M2M3YTk2OdgCAeACAQ&ucfs=1&arphpl=1&checkin=2026-08-06&checkout=2026-08-07&dest_id=-2764584&dest_type=city&group_adults=2&req_adults=2&no_rooms=1&group_children=0&req_children=0&hpos=10&hapos=60&sr_order=popularity&srpvid=440f55fbd93f0178&srepoch=1785759235&all_sr_blocks=1569963306_428086143_2_2_0&highlighted_blocks=1569963306_428086143_2_2_0&matching_block_id=1569963306_428086143_2_2_0&sr_pri_blocks=1569963306_428086143_2_2_0__540000&from=searchresults,5400,8.2,12.0,"Gulshan-E-Jamal, Karachi",7.5,Deluxe Twin Room,2 single beds,0,1,1,https://cf.bstatic.com/xdata/images/hotel/square240/902166438.webp?k=ecd9fef3df4b1111d1d02187c767d00d8deef637b2468770d1cfa7847bc9b34a&o=,4,Karachi
Hometown Apartments,https://www.booking.com/hotel/pk/ktown-rooms-badar-commercial-near-seaview.en-gb.html?aid=304142&label=gen173nr-10CAQoggJCDWNpdHlfLTI3NjQ1ODRICVgEaLUBiAEBmAEzuAEHyAEM2AED6AEB-AEBiAIBqAIBuAL2i8LTBsACAdICJDM2N2ZjNzMzLWQxZjMtNGIzYy1hNzk4LTM5NDA5M2M3YTk2OdgCAeACAQ&ucfs=1&arphpl=1&checkin=2026-08-06&checkout=2026-08-07&dest_id=-2764584&dest_type=city&group_adults=2&req_adults=2&no_rooms=1&group_children=0&req_children=0&hpos=11&hapos=61&sr_order=popularity&srpvid=440f55fbd93f0178&srepoch=1785759235&all_sr_blocks=662512207_404979172_2_1_0&highlighted_blocks=662512207_404979172_2_1_0&matching_block_id=662512207_404979172_2_1_0&sr_pri_blocks=662512207_404979172_2_1_0__415920&from=searchresults,4159,6.1,90.0,"D.H.A., Karachi (D.H.A.)",7.5,Budget Double Room,Beds: 1 double or 2 singles,1,0,0,https://cf.bstatic.com/xdata/images/hotel/square240/769128526.webp?k=fd882e35674646662589042f7e3df3e71ad4ccbc0d8b43013214d998c96b8314&o=,4,Karachi
Rosewood Cottage,https://www.booking.com/hotel/pk/rosewood-cottage.en-gb.html?aid=304142&label=gen173nr-10CAQoggJCDWNpdHlfLTI3NjQ1ODRICVgEaLUBiAEBmAEzuAEHyAEM2AED6AEB-AEBiAIBqAIBuAL2i8LTBsACAdICJDM2N2ZjNzMzLWQxZjMtNGIzYy1hNzk4LTM5NDA5M2M3YTk2OdgCAeACAQ&ucfs=1&arphpl=1&checkin=2026-08-06&checkout=2026-08-07&dest_id=-2764584&dest_type=city&group_adults=2&req_adults=2&no_rooms=1&group_children=0&req_children=0&hpos=12&hapos=62&sr_order=popularity&srpvid=440f55fbd93f0178&srepoch=1785759235&all_sr_blocks=1338112502_408769633_0_0_0&highlighted_blocks=1338112502_408769633_0_0_0&matching_block_id=1338112502_408769633_0_0_0&sr_pri_blocks=1338112502_408769633_0_0_0__532000&from=searchresults,5320,7.2,38.0,"D.H.A., Karachi (D.H.A.)",6.2,Deluxe Queen Room,1 double bed,0,0,0,https://cf.bstatic.com/xdata/images/hotel/square240/787179065.webp?k=05894b45d44ba5cd81e80688cf1e6400ddf14f66f23d29d9b30d09cc266af68f&o=,3,Karachi
Hira Guest House,https://www.booking.com/hotel/pk/hira-guest-house-karachi12.en-gb.html?aid=304142&label=gen173nr-10CAQoggJCDWNpdHlfLTI3NjQ1ODRICVgEaLUBiAEBmAEzuAEHyAEM2AED6AEB-AEBiAIBqAIBuAL2i8LTBsACAdICJDM2N2ZjNzMzLWQxZjMtNGIzYy1hNzk4LTM5NDA5M2M3YTk2OdgCAeACAQ&ucfs=1&arphpl=1&checkin=2026-08-06&checkout=2026-08-07&dest_id=-2764584&dest_type=city&group_adults=2&req_adults=2&no_rooms=1&group_children=0&req_children=0&hpos=13&hapos=63&sr_order=popularity&srpvid=440f55fbd93f0178&srepoch=1785759235&all_sr_blocks=681390601_278012049_2_41_0&highlighted_blocks=681390601_278012049_2_41_0&matching_block_id=681390601_278012049_2_41_0&sr_pri_blocks=681390601_278012049_2_41_0__700000&from=searchresults,7000,8.4,59.0,"PECHS, Karachi",1.6,Deluxe Room,1 large double bed,1,1,1,https://cf.bstatic.com/xdata/images/hotel/square240/271600820.webp?k=9d7a2572ac5efc9974c1a2ab58f38cd62036cd639f91cbe3b5084660086d4e94&o=,4,Karachi
Signature By Hotel Crown Inn,https://www.booking.com/hotel/pk/signature-by-crown-inn.en-gb.html?aid=304142&label=gen173nr-10CAQoggJCDWNpdHlfLTI3NjQ1ODRICVgEaLUBiAEBmAEzuAEHyAEM2AED6AEB-AEBiAIBqAIBuAL2i8LTBsACAdICJDM2N2ZjNzMzLWQxZjMtNGIzYy1hNzk4LTM5NDA5M2M3YTk2OdgCAeACAQ&ucfs=1&arphpl=1&checkin=2026-08-06&checkout=2026-08-07&dest_id=-2764584&dest_type=city&group_adults=2&req_adults=2&no_rooms=1&group_children=0&req_children=0&hpos=14&hapos=64&sr_order=popularity&srpvid=440f55fbd93f0178&srepoch=1785759235&all_sr_blocks=1096556604_382545835_0_1_0&highlighted_blocks=1096556604_382545835_0_1_0&matching_block_id=1096556604_382545835_0_1_0&sr_pri_blocks=1096556604_382545835_0_1_0__940500&from=searchresults,9405,4.5,22.0,"Saddar Town, Karachi",2.8,Deluxe King Room,1 double bed,1,0,0,https://cf.bstatic.com/xdata/images/hotel/square240/519908379.webp?k=ff9a107b95551db8cc4819b5dc83c642835c578f74d279267e3a74eaa508514c&o=,8,Karachi
Seaview lodge Executive,https://www.booking.com/hotel/pk/seaview-lodge-executive.en-gb.html?aid=304142&label=gen173nr-10CAQoggJCDWNpdHlfLTI3NjQ1ODRICVgEaLUBiAEBmAEzuAEHyAEM2AED6AEB-AEBiAIBqAIBuAL2i8LTBsACAdICJDM2N2ZjNzMzLWQxZjMtNGIzYy1hNzk4LTM5NDA5M2M3YTk2OdgCAeACAQ&ucfs=1&arphpl=1&checkin=2026-08-06&checkout=2026-08-07&dest_id=-2764584&dest_type=city&group_adults=2&req_adults=2&no_rooms=1&group_children=0&req_children=0&hpos=15&hapos=65&sr_order=popularity&srpvid=440f55fbd93f0178&srepoch=1785759235&all_sr_blocks=1627725103_433409651_2_1_0&highlighted_blocks=1627725103_433409651_2_1_0&matching_block_id=1627725103_433409651_2_1_0&sr_pri_blocks=1627725103_433409651_2_1_0__1032750&from=searchresults,10328,7.0,3.0,"Clifton, Karachi",7.1,Deluxe Family Room,"2 beds (1 double, 1 extra-large double)",1,0,0,https://cf.bstatic.com/xdata/images/hotel/square240/860735843.webp?k=6ec49e6a9e58fbbc2baf943e09b51f0ebafcc59b70880fbd4001826279a38173&o=,12,Karachi
Hamsun Apart Hotel Clifton,https://www.booking.com/hotel/pk/hamsun-clfiton.en-gb.html?aid=304142&label=gen173nr-10CAQoggJCDWNpdHlfLTI3NjQ1ODRICVgEaLUBiAEBmAEzuAEHyAEM2AED6AEB-AEBiAIBqAIBuAL2i8LTBsACAdICJDM2N2ZjNzMzLWQxZjMtNGIzYy1hNzk4LTM5NDA5M2M3YTk2OdgCAeACAQ&ucfs=1&arphpl=1&checkin=2026-08-06&checkout=2026-08-07&dest_id=-2764584&dest_type=city&group_adults=2&req_adults=2&no_rooms=1&group_children=0&req_children=0&hpos=16&hapos=66&sr_order=popularity&srpvid=440f55fbd93f0178&srepoch=1785759235&all_sr_blocks=924606805_0_2_1_0&highlighted_blocks=924606805_0_2_1_0&matching_block_id=924606805_0_2_1_0&sr_pri_blocks=924606805_0_2_1_0__987307&from=searchresults,9873,8.8,179.0,"Clifton, Karachi",4.0,Deluxe Double Room,1 extra-large double bed,1,1,0,https://cf.bstatic.com/xdata/images/hotel/square240/422436243.webp?k=ed4868ba0319a02e1d566663e9635822657e5c982a0151016d8be5d691b8173b&o=,9,Karachi
Karachi Guest House University Rd,https://www.booking.com/hotel/pk/pearl-inn-gulshan.en-gb.html?aid=304142&label=gen173nr-10CAQoggJCDWNpdHlfLTI3NjQ1ODRICVgEaLUBiAEBmAEzuAEHyAEM2AED6AEB-AEBiAIBqAIBuAL2i8LTBsACAdICJDM2N2ZjNzMzLWQxZjMtNGIzYy1hNzk4LTM5NDA5M2M3YTk2OdgCAeACAQ&ucfs=1&arphpl=1&checkin=2026-08-06&checkout=2026-08-07&dest_id=-2764584&dest_type=city&group_adults=2&req_adults=2&no_rooms=1&group_children=0&req_children=0&hpos=17&hapos=67&sr_order=popularity&srpvid=440f55fbd93f0178&srepoch=1785759235&all_sr_blocks=812838501_343602802_2_2_0&highlighted_blocks=812838501_343602802_2_2_0&matching_block_id=812838501_343602802_2_2_0&sr_pri_blocks=812838501_343602802_2_2_0__486000&from=searchresults,4860,4.6,10.0,Karachi,5.9,Deluxe Double Room,1 double bed,0,0,0,https://cf.bstatic.com/xdata/images/hotel/square240/335773396.webp?k=11078d1ffa11c9c7f3bac01e972cb1f7b64218de3a0f2e31f3b90e8c3f119591&o=,2,Karachi
Comfort Lodge,https://www.booking.com/hotel/pk/comfort-lodge-karachi4.en-gb.html?aid=304142&label=gen173nr-10CAQoggJCDWNpdHlfLTI3NjQ1ODRICVgEaLUBiAEBmAEzuAEHyAEM2AED6AEB-AEBiAIBqAIBuAL2i8LTBsACAdICJDM2N2ZjNzMzLWQxZjMtNGIzYy1hNzk4LTM5NDA5M2M3YTk2OdgCAeACAQ&ucfs=1&arphpl=1&checkin=2026-08-06&checkout=2026-08-07&dest_id=-2764584&dest_type=city&group_adults=2&req_adults=2&no_rooms=1&group_children=0&req_children=0&hpos=18&hapos=68&sr_order=popularity&srpvid=440f55fbd93f0178&srepoch=1785759235&all_sr_blocks=1540932801_425493899_2_41_0&highlighted_blocks=1540932801_425493899_2_41_0&matching_block_id=1540932801_425493899_2_41_0&sr_pri_blocks=1540932801_425493899_2_41_0__768690&from=searchresults,7687,8.3,8.0,"PECHS, Karachi",1.6,Comfort Triple Room,"2 beds (1 single, 1 extra-large double)",1,1,1,https://cf.bstatic.com/xdata/images/hotel/square240/825913863.webp?k=5dc6617e50d45aacd5ff35f9a926fa880f3450b40137ce951792a6ad083092ef&o=,14,Karachi
AC - Studio Apartment Bahria Town,https://www.booking.com/hotel/pk/ac-studio-apartment.en-gb.html?aid=304142&label=gen173nr-10CAQoggJCDWNpdHlfLTI3NjQ1ODRICVgEaLUBiAEBmAEzuAEHyAEM2AED6AEB-AEBiAIBqAIBuAL2i8LTBsACAdICJDM2N2ZjNzMzLWQxZjMtNGIzYy1hNzk4LTM5NDA5M2M3YTk2OdgCAeACAQ&ucfs=1&arphpl=1&checkin=2026-08-06&checkout=2026-08-07&dest_id=-2764584&dest_type=city&group_adults=2&req_adults=2&no_rooms=1&group_children=0&req_children=0&hpos=19&hapos=69&sr_order=popularity&srpvid=440f55fbd93f0178&srepoch=1785759235&all_sr_blocks=1463202001_417624157_0_0_0&highlighted_blocks=1463202001_417624157_0_0_0&matching_block_id=1463202001_417624157_0_0_0&sr_pri_blocks=1463202001_417624157_0_0_0__1166200&from=searchresults,11662,9.5,11.0,Karachi,34.2,One-Bedroom Apartment,1 double bed,0,0,0,https://cf.bstatic.com/xdata/images/hotel/square240/719788108.webp?k=216b35e2eddcf90e8b29be9572493dd83ca93a8a540575b2446208837d55668b&o=,10,Karachi
Waves Guest House Clifton Khi,https://www.booking.com/hotel/pk/waves-guest-house-clifton-khi.en-gb.html?aid=304142&label=gen173nr-10CAQoggJCDWNpdHlfLTI3NjQ1ODRICVgEaLUBiAEBmAEzuAEHyAEM2AED6AEB-AEBiAIBqAIBuAL2i8LTBsACAdICJDM2N2ZjNzMzLWQxZjMtNGIzYy1hNzk4LTM5NDA5M2M3YTk2OdgCAeACAQ&ucfs=1&arphpl=1&checkin=2026-08-06&checkout=2026-08-07&dest_id=-2764584&dest_type=city&group_adults=2&req_adults=2&no_rooms=1&group_children=0&req_children=0&hpos=20&hapos=70&sr_order=popularity&srpvid=440f55fbd93f0178&srepoch=1785759235&all_sr_blocks=1578165402_429212384_0_41_0_1384773&highlighted_blocks=1578165402_429212384_0_41_0_1384773&matching_block_id=1578165402_429212384_0_41_0_1384773&sr_pri_blocks=1578165402_429212384_0_41_0_1384773_936000&from=searchresults,9360,8.8,18.0,"Clifton, Karachi",7.0,Deluxe Double Room,1 large double bed,1,0,0,https://cf.bstatic.com/xdata/images/hotel/square240/820326182.webp?k=a2ff45d2bc589b698f81282fd1f16b4be106ae8399e8476baf5cffa93f6b12d7&o=,13,Karachi
Signature Boutique Hotel Karachi,https://www.booking.com/hotel/pk/the-elet-signature-boutique-karachi8.en-gb.html?aid=304142&label=gen173nr-10CAQoggJCDWNpdHlfLTI3NjQ1ODRICVgEaLUBiAEBmAEzuAEHyAEM2AED6AEB-AEBiAIBqAIBuAL2i8LTBsACAdICJDM2N2ZjNzMzLWQxZjMtNGIzYy1hNzk4LTM5NDA5M2M3YTk2OdgCAeACAQ&ucfs=1&arphpl=1&checkin=2026-08-06&checkout=2026-08-07&dest_id=-2764584&dest_type=city&group_adults=2&req_adults=2&no_rooms=1&group_children=0&req_children=0&hpos=21&hapos=71&sr_order=popularity&srpvid=440f55fbd93f0178&srepoch=1785759235&all_sr_blocks=1606865410_431625999_2_1_0&highlighted_blocks=1606865410_431625999_2_1_0&matching_block_id=1606865410_431625999_2_1_0&sr_pri_blocks=1606865410_431625999_2_1_0__1399900&from=searchresults,13999,9.0,1.0,"Clifton, Karachi",7.0,Large Twin Room,2 single beds,1,1,1,https://cf.bstatic.com/xdata/images/hotel/square240/843471839.webp?k=b65c0da70187def8097c52414fd799f4b5e1036588da43730b16173d3e26855f&o=,9,Karachi
Sable d'Or Résidence by Star 'A',https://www.booking.com/hotel/pk/sable-d-or-residence-by-star-a.en-gb.html?aid=304142&label=gen173nr-10CAQoggJCDWNpdHlfLTI3NjQ1ODRICVgEaLUBiAEBmAEzuAEHyAEM2AED6AEB-AEBiAIBqAIBuAL2i8LTBsACAdICJDM2N2ZjNzMzLWQxZjMtNGIzYy1hNzk4LTM5NDA5M2M3YTk2OdgCAeACAQ&ucfs=1&arphpl=1&checkin=2026-08-06&checkout=2026-08-07&dest_id=-2764584&dest_type=city&group_adults=2&req_adults=2&no_rooms=1&group_children=0&req_children=0&hpos=22&hapos=72&sr_order=popularity&srpvid=440f55fbd93f0178&srepoch=1785759235&all_sr_blocks=1656445804_438355281_2_1_0&highlighted_blocks=1656445804_438355281_2_1_0&matching_block_id=1656445804_438355281_2_1_0&sr_pri_blocks=1656445804_438355281_2_1_0__1200000&from=searchresults,12000,10,7.0,"D.H.A., Karachi (D.H.A.)",6.2,Budget Double Room,1 double bed,1,1,1,https://cf.bstatic.com/xdata/images/hotel/square240/875860041.webp?k=fba77b6fc0292650827f86db79869e69b0f1a6f8608018cd077c32b796377ba1&o=,10,Karachi
Four Squares by WIH,https://www.booking.com/hotel/pk/jinnah-house.en-gb.html?aid=304142&label=gen173nr-10CAQoggJCDWNpdHlfLTI3NjQ1ODRICVgEaLUBiAEBmAEzuAEHyAEM2AED6AEB-AEBiAIBqAIBuAL2i8LTBsACAdICJDM2N2ZjNzMzLWQxZjMtNGIzYy1hNzk4LTM5NDA5M2M3YTk2OdgCAeACAQ&ucfs=1&arphpl=1&checkin=2026-08-06&checkout=2026-08-07&dest_id=-2764584&dest_type=city&group_adults=2&req_adults=2&no_rooms=1&group_children=0&req_children=0&hpos=23&hapos=73&sr_order=popularity&srpvid=440f55fbd93f0178&srepoch=1785759235&all_sr_blocks=1563941914_427490687_2_41_0&highlighted_blocks=1563941914_427490687_2_41_0&matching_block_id=1563941914_427490687_2_41_0&sr_pri_blocks=1563941914_427490687_2_41_0__574900&from=searchresults,5749,8.9,14.0,"D.H.A., Karachi (D.H.A.)",7.5,Standard Double Room,Beds: 1 double or 2 singles,1,1,1,https://cf.bstatic.com/xdata/images/hotel/square240/820717157.webp?k=ca57eded8f06de2bbf9b309a6c2187960de57e445e49789fa4b6202730045a1e&o=,5,Karachi
Beachfront 2Bedroom apartment with private balcony,https://www.booking.com/hotel/pk/beachfront-2bedroom-apartment-with-private-balcony.en-gb.html?aid=304142&label=gen173nr-10CAQoggJCDWNpdHlfLTI3NjQ1ODRICVgEaLUBiAEBmAEzuAEHyAEM2AED6AEB-AEBiAIBqAIBuAL2i8LTBsACAdICJDM2N2ZjNzMzLWQxZjMtNGIzYy1hNzk4LTM5NDA5M2M3YTk2OdgCAeACAQ&ucfs=1&arphpl=1&checkin=2026-08-06&checkout=2026-08-07&dest_id=-2764584&dest_type=city&group_adults=2&req_adults=2&no_rooms=1&group_children=0&req_children=0&hpos=24&hapos=74&sr_order=popularity&srpvid=440f55fbd93f0178&srepoch=1785759235&all_sr_blocks=1576186701_428728491_6_0_0&highlighted_blocks=1576186701_428728491_6_0_0&matching_block_id=1576186701_428728491_6_0_0&sr_pri_blocks=1576186701_428728491_6_0_0__809910&from=searchresults,8099,6.6,5.0,"D.H.A., Karachi (D.H.A.)",9.7,Two-Bedroom Apartment,1 double bed,0,0,0,https://cf.bstatic.com/xdata/images/hotel/square240/818505877.webp?k=289c603365f53babf87611cc3861eaa868755d47a5666815328603c12356581e&o=,3,Karachi
Marigold Accommodations,https://www.booking.com/hotel/pk/marigold-accommodations.en-gb.html?aid=304142&label=gen173nr-10CAQoggJCDWNpdHlfLTI3NjQ1ODRICVgEaLUBiAEBmAEzuAEHyAEM2AED6AEB-AEBiAIBqAIBuAL2i8LTBsACAdICJDM2N2ZjNzMzLWQxZjMtNGIzYy1hNzk4LTM5NDA5M2M3YTk2OdgCAeACAQ&ucfs=1&arphpl=1&checkin=2026-08-06&checkout=2026-08-07&dest_id=-2764584&dest_type=city&group_adults=2&req_adults=2&no_rooms=1&group_children=0&req_children=0&hpos=25&hapos=75&sr_order=popularity&srpvid=440f55fbd93f0178&srepoch=1785759235&all_sr_blocks=1167894301_389364194_2_1_0&highlighted_blocks=1167894301_389364194_2_1_0&matching_block_id=1167894301_389364194_2_1_0&sr_pri_blocks=1167894301_389364194_2_1_0__584910&from=searchresults,5849,6.6,17.0,"D.H.A., Karachi (D.H.A.)",6.0,Deluxe Room,1 extra-large double bed,1,1,1,https://cf.bstatic.com/xdata/images/hotel/square240/534627824.webp?k=0a25f7236816ea1dbc40ec11beff76c3ff26c7148487d40a0411d6c1bc969745&o=,8,Karachi
Hamsun DHA,https://www.booking.com/hotel/pk/hamsun-dha.en-gb.html?aid=304142&label=gen173nr-10CAQoggJCDWNpdHlfLTI3NjQ1ODRICVgEaLUBiAEBmAEzuAEHyAEM2AED6AEB-AEBiAIBqAIBuAL2i8LTBsACAdICJDM2N2ZjNzMzLWQxZjMtNGIzYy1hNzk4LTM5NDA5M2M3YTk2OdgCAeACAQ&ucfs=1&arphpl=1&checkin=2026-08-06&checkout=2026-08-07&dest_id=-2764584&dest_type=city&group_adults=2&req_adults=2&no_rooms=1&group_children=0&req_children=0&hpos=1&hapos=76&sr_order=popularity&srpvid=440f55fbd93f0178&srepoch=1785759238&all_sr_blocks=1654465301_437384820_2_2_0&highlighted_blocks=1654465301_437384820_2_2_0&matching_block_id=1654465301_437384820_2_2_0&sr_pri_blocks=1654465301_437384820_2_2_0__1020000&from=searchresults,10200,,,"D.H.A., Karachi (D.H.A.)",4.4,Superior King Room,1 double bed,0,1,1,https://cf.bstatic.com/xdata/images/hotel/square240/894848835.webp?k=3be771b3b51d0a84cae11fa5c20478ac29d2bbc8fd741c36a8c384e3d8049b4e&o=,10,Karachi
Serene Stay,https://www.booking.com/hotel/pk/serene-boutique-guest-house-dha-karachi.en-gb.html?aid=304142&label=gen173nr-10CAQoggJCDWNpdHlfLTI3NjQ1ODRICVgEaLUBiAEBmAEzuAEHyAEM2AED6AEB-AEBiAIBqAIBuAL2i8LTBsACAdICJDM2N2ZjNzMzLWQxZjMtNGIzYy1hNzk4LTM5NDA5M2M3YTk2OdgCAeACAQ&ucfs=1&arphpl=1&checkin=2026-08-06&checkout=2026-08-07&dest_id=-2764584&dest_type=city&group_adults=2&req_adults=2&no_rooms=1&group_children=0&req_children=0&hpos=2&hapos=77&sr_order=popularity&srpvid=440f55fbd93f0178&srepoch=1785759238&all_sr_blocks=1544620601_425768436_2_1_0&highlighted_blocks=1544620601_425768436_2_1_0&matching_block_id=1544620601_425768436_2_1_0&sr_pri_blocks=1544620601_425768436_2_1_0__990375&from=searchresults,9904,9.7,6.0,"D.H.A., Karachi (D.H.A.)",6.8,Standard Double Room,1 double bed,1,1,1,https://cf.bstatic.com/xdata/images/hotel/square240/868890507.webp?k=7d5eb14faad0481a9663a1d3e9ea5c3df23c6033316b0738bfc639e3971bb917&o=,7,Karachi
Elevé Stays - Boutique Family Suites,https://www.booking.com/hotel/pk/eleve-stays.en-gb.html?aid=304142&label=gen173nr-10CAQoggJCDWNpdHlfLTI3NjQ1ODRICVgEaLUBiAEBmAEzuAEHyAEM2AED6AEB-AEBiAIBqAIBuAL2i8LTBsACAdICJDM2N2ZjNzMzLWQxZjMtNGIzYy1hNzk4LTM5NDA5M2M3YTk2OdgCAeACAQ&ucfs=1&arphpl=1&checkin=2026-08-06&checkout=2026-08-07&dest_id=-2764584&dest_type=city&group_adults=2&req_adults=2&no_rooms=1&group_children=0&req_children=0&hpos=3&hapos=78&sr_order=popularity&srpvid=440f55fbd93f0178&srepoch=1785759238&all_sr_blocks=1596290503_430650154_2_2_0&highlighted_blocks=1596290503_430650154_2_2_0&matching_block_id=1596290503_430650154_2_2_0&sr_pri_blocks=1596290503_430650154_2_2_0__997500&from=searchresults,9975,9.6,11.0,"D.H.A., Karachi (D.H.A.)",7.6,Superior Double Room,1 large double bed,0,1,1,https://cf.bstatic.com/xdata/images/hotel/square240/855360203.webp?k=1b70e0d72610bdbc44d5d04e0258a687acf1de85478331cacad90553b91bb1f4&o=,5,Karachi
Elevé Villa,https://www.booking.com/hotel/pk/eleve-villa.en-gb.html?aid=304142&label=gen173nr-10CAQoggJCDWNpdHlfLTI3NjQ1ODRICVgEaLUBiAEBmAEzuAEHyAEM2AED6AEB-AEBiAIBqAIBuAL2i8LTBsACAdICJDM2N2ZjNzMzLWQxZjMtNGIzYy1hNzk4LTM5NDA5M2M3YTk2OdgCAeACAQ&ucfs=1&arphpl=1&checkin=2026-08-06&checkout=2026-08-07&dest_id=-2764584&dest_type=city&group_adults=2&req_adults=2&no_rooms=1&group_children=0&req_children=0&hpos=4&hapos=79&sr_order=popularity&srpvid=440f55fbd93f0178&srepoch=1785759238&all_sr_blocks=1291071005_415339030_2_0_0_913997&highlighted_blocks=1291071005_415339030_2_0_0_913997&matching_block_id=1291071005_415339030_2_0_0_913997&sr_pri_blocks=1291071005_415339030_2_0_0_913997_1500000&from=searchresults,15000,8.5,88.0,"D.H.A., Karachi (D.H.A.)",6.8,Standard Double Room,1 double bed,0,1,1,https://cf.bstatic.com/xdata/images/hotel/square240/603194544.webp?k=720f10ffd714e9c36972ec1f3c0aa868b8849f4389cf406ab129c07709eb0669&o=,14,Karachi
Travellers Heaven,https://www.booking.com/hotel/pk/travellers-heaven.en-gb.html?aid=304142&label=gen173nr-10CAQoggJCDWNpdHlfLTI3NjQ1ODRICVgEaLUBiAEBmAEzuAEHyAEM2AED6AEB-AEBiAIBqAIBuAL2i8LTBsACAdICJDM2N2ZjNzMzLWQxZjMtNGIzYy1hNzk4LTM5NDA5M2M3YTk2OdgCAeACAQ&ucfs=1&arphpl=1&checkin=2026-08-06&checkout=2026-08-07&dest_id=-2764584&dest_type=city&group_adults=2&req_adults=2&no_rooms=1&group_children=0&req_children=0&hpos=5&hapos=80&sr_order=popularity&srpvid=440f55fbd93f0178&srepoch=1785759238&all_sr_blocks=1631254001_433659043_4_0_0&highlighted_blocks=1631254001_433659043_4_0_0&matching_block_id=1631254001_433659043_4_0_0&sr_pri_blocks=1631254001_433659043_4_0_0__2400000&from=searchresults,24000,10,3.0,"D.H.A., Karachi (D.H.A.)",7.5,Double Room,3 double beds,0,1,1,https://cf.bstatic.com/xdata/images/hotel/square240/862225395.webp?k=b584eed3458391b30585f3679e0d9406f81fdbdceacb91cb75d888c414483201&o=,14,Karachi
Arbian Sea Country Club,https://www.booking.com/hotel/pk/arbian-sea-country-club.en-gb.html?aid=304142&label=gen173nr-10CAQoggJCDWNpdHlfLTI3NjQ1ODRICVgEaLUBiAEBmAEzuAEHyAEM2AED6AEB-AEBiAIBqAIBuAL2i8LTBsACAdICJDM2N2ZjNzMzLWQxZjMtNGIzYy1hNzk4LTM5NDA5M2M3YTk2OdgCAeACAQ&ucfs=1&arphpl=1&checkin=2026-08-06&checkout=2026-08-07&dest_id=-2764584&dest_type=city&group_adults=2&req_adults=2&no_rooms=1&group_children=0&req_children=0&hpos=6&hapos=81&sr_order=popularity&srpvid=440f55fbd93f0178&srepoch=1785759238&all_sr_blocks=1381039302_410201055_2_1_0&highlighted_blocks=1381039302_410201055_2_1_0&matching_block_id=1381039302_410201055_2_1_0&sr_pri_blocks=1381039302_410201055_2_1_0__2150000&from=searchresults,21500,7.6,15.0,Karachi,34.2,Twin Room,2 single beds,1,1,1,https://cf.bstatic.com/xdata/images/hotel/square240/866866415.webp?k=7690abacb210f569bcbebb80ebe672353b64f03e805cf8757c4a44950a823eee&o=,4,Karachi
"Hill View Guest House - Family Hotel at Central Location, near to Airport, Food Street and all amenities",https://www.booking.com/hotel/pk/johar-guest-house-family-near-continental-bakery.en-gb.html?aid=304142&label=gen173nr-10CAQoggJCDWNpdHlfLTI3NjQ1ODRICVgEaLUBiAEBmAEzuAEHyAEM2AED6AEB-AEBiAIBqAIBuAL2i8LTBsACAdICJDM2N2ZjNzMzLWQxZjMtNGIzYy1hNzk4LTM5NDA5M2M3YTk2OdgCAeACAQ&ucfs=1&arphpl=1&checkin=2026-08-06&checkout=2026-08-07&dest_id=-2764584&dest_type=city&group_adults=2&req_adults=2&no_rooms=1&group_children=0&req_children=0&hpos=7&hapos=82&sr_order=popularity&srpvid=440f55fbd93f0178&srepoch=1785759238&all_sr_blocks=1506215001_431999019_2_2_0&highlighted_blocks=1506215001_431999019_2_2_0&matching_block_id=1506215001_431999019_2_2_0&sr_pri_blocks=1506215001_431999019_2_2_0__680000&from=searchresults,6800,9.6,24.0,Karachi,9.4,Double Room,1 large double bed,0,0,0,https://cf.bstatic.com/xdata/images/hotel/square240/771190581.webp?k=be39e2689a46b89d631b03720db2cca91ae5ec849e6c75eeec523d18e8b5aafc&o=,10,Karachi
Beach View Service Apartments Karachi,https://www.booking.com/hotel/pk/beach-view-apartment.en-gb.html?aid=304142&label=gen173nr-10CAQoggJCDWNpdHlfLTI3NjQ1ODRICVgEaLUBiAEBmAEzuAEHyAEM2AED6AEB-AEBiAIBqAIBuAL2i8LTBsACAdICJDM2N2ZjNzMzLWQxZjMtNGIzYy1hNzk4LTM5NDA5M2M3YTk2OdgCAeACAQ&ucfs=1&arphpl=1&checkin=2026-08-06&checkout=2026-08-07&dest_id=-2764584&dest_type=city&group_adults=2&req_adults=2&no_rooms=1&group_children=0&req_children=0&hpos=8&hapos=83&sr_order=popularity&srpvid=440f55fbd93f0178&srepoch=1785759238&all_sr_blocks=322650101_441416866_0_0_0&highlighted_blocks=322650101_441416866_0_0_0&matching_block_id=322650101_441416866_0_0_0&sr_pri_blocks=322650101_441416866_0_0_0__850000&from=searchresults,8500,7.3,68.0,"D.H.A., Karachi (D.H.A.)",9.7,Apartment with Sea View,"2 beds (1 extra-large double, 1 sofa bed)",0,1,0,https://cf.bstatic.com/xdata/images/hotel/square240/215938662.webp?k=3648779ba76c312848da5694bccc575660475aa105860853f865a09bcd08c87f&o=,11,Karachi
Orchid Inn by WIH,https://www.booking.com/hotel/pk/oih.en-gb.html?aid=304142&label=gen173nr-10CAQoggJCDWNpdHlfLTI3NjQ1ODRICVgEaLUBiAEBmAEzuAEHyAEM2AED6AEB-AEBiAIBqAIBuAL2i8LTBsACAdICJDM2N2ZjNzMzLWQxZjMtNGIzYy1hNzk4LTM5NDA5M2M3YTk2OdgCAeACAQ&ucfs=1&arphpl=1&checkin=2026-08-06&checkout=2026-08-07&dest_id=-2764584&dest_type=city&group_adults=2&req_adults=2&no_rooms=1&group_children=0&req_children=0&hpos=9&hapos=84&sr_order=popularity&srpvid=440f55fbd93f0178&srepoch=1785759238&all_sr_blocks=1562011525_427277169_4_42_0&highlighted_blocks=1562011525_427277169_4_42_0&matching_block_id=1562011525_427277169_4_42_0&sr_pri_blocks=1562011525_427277169_4_42_0__1724900&from=searchresults,17249,8.3,55.0,"D.H.A., Karachi (D.H.A.)",7.5,Apartment,2 extra-large double beds,0,1,1,https://cf.bstatic.com/xdata/images/hotel/square240/813863033.webp?k=ce5ab4cdd7a28242966ad786be60fe6a8b93ad5451106b7707848889b623cfb9&o=,15,Karachi
Creek Phase 8 Modern Family Appartments,https://www.booking.com/hotel/pk/creek-drive-modern-family-appartments.en-gb.html?aid=304142&label=gen173nr-10CAQoggJCDWNpdHlfLTI3NjQ1ODRICVgEaLUBiAEBmAEzuAEHyAEM2AED6AEB-AEBiAIBqAIBuAL2i8LTBsACAdICJDM2N2ZjNzMzLWQxZjMtNGIzYy1hNzk4LTM5NDA5M2M3YTk2OdgCAeACAQ&ucfs=1&arphpl=1&checkin=2026-08-06&checkout=2026-08-07&dest_id=-2764584&dest_type=city&group_adults=2&req_adults=2&no_rooms=1&group_children=0&req_children=0&hpos=10&hapos=85&sr_order=popularity&srpvid=440f55fbd93f0178&srepoch=1785759238&all_sr_blocks=1668361701_438657222_4_0_0&highlighted_blocks=1668361701_438657222_4_0_0&matching_block_id=1668361701_438657222_4_0_0&sr_pri_blocks=1668361701_438657222_4_0_0__1530000&from=searchresults,15300,8.2,5.0,"D.H.A., Karachi (D.H.A.)",8.9,Two-Bedroom Apartment,2 double beds,0,1,1,https://cf.bstatic.com/xdata/images/hotel/square240/883937876.webp?k=04c40de32d97f802b58ae9c8ce3226fe02e4a74420bbc7d3e0528518e8c61705&o=,5,Karachi
Guest House Near Expo Center karachi,https://www.booking.com/hotel/pk/guest-house-near-expo-center-karachi.en-gb.html?aid=304142&label=gen173nr-10CAQoggJCDWNpdHlfLTI3NjQ1ODRICVgEaLUBiAEBmAEzuAEHyAEM2AED6AEB-AEBiAIBqAIBuAL2i8LTBsACAdICJDM2N2ZjNzMzLWQxZjMtNGIzYy1hNzk4LTM5NDA5M2M3YTk2OdgCAeACAQ&ucfs=1&arphpl=1&checkin=2026-08-06&checkout=2026-08-07&dest_id=-2764584&dest_type=city&group_adults=2&req_adults=2&no_rooms=1&group_children=0&req_children=0&hpos=11&hapos=86&sr_order=popularity&srpvid=440f55fbd93f0178&srepoch=1785759238&all_sr_blocks=1264616103_399116619_0_2_0&highlighted_blocks=1264616103_399116619_0_2_0&matching_block_id=1264616103_399116619_0_2_0&sr_pri_blocks=1264616103_399116619_0_2_0__560500&from=searchresults,5605,8.2,13.0,Karachi,7.1,Deluxe Family Room,"3 beds (2 singles, 1 double)",0,0,0,https://cf.bstatic.com/xdata/images/hotel/square240/813465950.webp?k=0e78ef399ebeb78d2f5906e6ac3f3aac8a6aeedfb40b7dfb191c74b849c96dea&o=,2,Karachi
Kingston Motel,https://www.booking.com/hotel/pk/motel-one.en-gb.html?aid=304142&label=gen173nr-10CAQoggJCDWNpdHlfLTI3NjQ1ODRICVgEaLUBiAEBmAEzuAEHyAEM2AED6AEB-AEBiAIBqAIBuAL2i8LTBsACAdICJDM2N2ZjNzMzLWQxZjMtNGIzYy1hNzk4LTM5NDA5M2M3YTk2OdgCAeACAQ&ucfs=1&arphpl=1&checkin=2026-08-06&checkout=2026-08-07&dest_id=-2764584&dest_type=city&group_adults=2&req_adults=2&no_rooms=1&group_children=0&req_children=0&hpos=12&hapos=87&sr_order=popularity&srpvid=440f55fbd93f0178&srepoch=1785759238&all_sr_blocks=596646504_233956472_0_2_0&highlighted_blocks=596646504_233956472_0_2_0&matching_block_id=596646504_233956472_0_2_0&sr_pri_blocks=596646504_233956472_0_2_0__486000&from=searchresults,4860,6.3,24.0,"PECHS, Karachi",1.7,Deluxe Queen Room,2 single beds,0,0,0,https://cf.bstatic.com/xdata/images/hotel/square240/234556952.webp?k=e5482857420fcd2c27a59f45c1df7fcd2534c71df39ae9a9af3dfb477550f3d4&o=,7,Karachi
Clifton Rezidor,https://www.booking.com/hotel/pk/clifton-rezidor.en-gb.html?aid=304142&label=gen173nr-10CAQoggJCDWNpdHlfLTI3NjQ1ODRICVgEaLUBiAEBmAEzuAEHyAEM2AED6AEB-AEBiAIBqAIBuAL2i8LTBsACAdICJDM2N2ZjNzMzLWQxZjMtNGIzYy1hNzk4LTM5NDA5M2M3YTk2OdgCAeACAQ&ucfs=1&arphpl=1&checkin=2026-08-06&checkout=2026-08-07&dest_id=-2764584&dest_type=city&group_adults=2&req_adults=2&no_rooms=1&group_children=0&req_children=0&hpos=13&hapos=88&sr_order=popularity&srpvid=440f55fbd93f0178&srepoch=1785759238&all_sr_blocks=780333101_336452167_2_0_0&highlighted_blocks=780333101_336452167_2_0_0&matching_block_id=780333101_336452167_2_0_0&sr_pri_blocks=780333101_336452167_2_0_0__526500&from=searchresults,5265,7.3,122.0,"Clifton, Karachi",4.7,Deluxe Double Room with Bath,1 double bed,0,0,0,https://cf.bstatic.com/xdata/images/hotel/square240/322030963.webp?k=100bb82ea0ffb0e1b5b6f1ad05f64277754c322c9c6fef659ca0e0a4d8974dfa&o=,5,Karachi
Royal Continental Guest House,https://www.booking.com/hotel/pk/royal-continental-guest-house-karachi2.en-gb.html?aid=304142&label=gen173nr-10CAQoggJCDWNpdHlfLTI3NjQ1ODRICVgEaLUBiAEBmAEzuAEHyAEM2AED6AEB-AEBiAIBqAIBuAL2i8LTBsACAdICJDM2N2ZjNzMzLWQxZjMtNGIzYy1hNzk4LTM5NDA5M2M3YTk2OdgCAeACAQ&ucfs=1&arphpl=1&checkin=2026-08-06&checkout=2026-08-07&dest_id=-2764584&dest_type=city&group_adults=2&req_adults=2&no_rooms=1&group_children=0&req_children=0&hpos=14&hapos=89&sr_order=popularity&srpvid=440f55fbd93f0178&srepoch=1785759238&all_sr_blocks=1699607501_441606902_2_1_0&highlighted_blocks=1699607501_441606902_2_1_0&matching_block_id=1699607501_441606902_2_1_0&sr_pri_blocks=1699607501_441606902_2_1_0__586500&from=searchresults,5865,,,Karachi,3.5,Double Room,1 double bed,1,1,1,https://cf.bstatic.com/xdata/images/hotel/square240/902193031.webp?k=dcf8a1dbb2d9cfdcc8eadc49c890551ae3c209b1c88f21522a4be368b07e7348&o=,4,Karachi
Red Tree Classic Guest House,https://www.booking.com/hotel/pk/red-tree-classic-guest-house.en-gb.html?aid=304142&label=gen173nr-10CAQoggJCDWNpdHlfLTI3NjQ1ODRICVgEaLUBiAEBmAEzuAEHyAEM2AED6AEB-AEBiAIBqAIBuAL2i8LTBsACAdICJDM2N2ZjNzMzLWQxZjMtNGIzYy1hNzk4LTM5NDA5M2M3YTk2OdgCAeACAQ&ucfs=1&arphpl=1&checkin=2026-08-06&checkout=2026-08-07&dest_id=-2764584&dest_type=city&group_adults=2&req_adults=2&no_rooms=1&group_children=0&req_children=0&hpos=15&hapos=90&sr_order=popularity&srpvid=440f55fbd93f0178&srepoch=1785759238&all_sr_blocks=1634303101_433872968_4_0_0&highlighted_blocks=1634303101_433872968_4_0_0&matching_block_id=1634303101_433872968_4_0_0&sr_pri_blocks=1634303101_433872968_4_0_0__650000&from=searchresults,6500,10,1.0,"D.H.A., Karachi (D.H.A.)",9.6,Double Room,2 double beds,0,1,1,https://cf.bstatic.com/xdata/images/hotel/square240/863681495.webp?k=fd22c4f31c65bb3bf9ae82ef97fdb6e1aa042e0cd58a4cff2d73e0e47dd954a2&o=,5,Karachi
Fully furnished paying guest accommodation,https://www.booking.com/hotel/pk/fully-furnished-paying-guest-accommodation-karachi1.en-gb.html?aid=304142&label=gen173nr-10CAQoggJCDWNpdHlfLTI3NjQ1ODRICVgEaLUBiAEBmAEzuAEHyAEM2AED6AEB-AEBiAIBqAIBuAL2i8LTBsACAdICJDM2N2ZjNzMzLWQxZjMtNGIzYy1hNzk4LTM5NDA5M2M3YTk2OdgCAeACAQ&ucfs=1&arphpl=1&checkin=2026-08-06&checkout=2026-08-07&dest_id=-2764584&dest_type=city&group_adults=2&req_adults=2&no_rooms=1&group_children=0&req_children=0&hpos=16&hapos=91&sr_order=popularity&srpvid=440f55fbd93f0178&srepoch=1785759238&all_sr_blocks=1584473401_430420875_2_1_0&highlighted_blocks=1584473401_430420875_2_1_0&matching_block_id=1584473401_430420875_2_1_0&sr_pri_blocks=1584473401_430420875_2_1_0__440000&from=searchresults,4400,,,Karachi,14.6,One-Bedroom Apartment,1 double bed,1,1,1,https://cf.bstatic.com/xdata/images/hotel/square240/826059885.webp?k=37fdfd2cc15afb7f77aece617fac8ed5b65b344b6125db6cbbb51ea1e7c33019&o=,5,Karachi
Royal Confort Inn,https://www.booking.com/hotel/pk/royal-confort-inn.en-gb.html?aid=304142&label=gen173nr-10CAQoggJCDWNpdHlfLTI3NjQ1ODRICVgEaLUBiAEBmAEzuAEHyAEM2AED6AEB-AEBiAIBqAIBuAL2i8LTBsACAdICJDM2N2ZjNzMzLWQxZjMtNGIzYy1hNzk4LTM5NDA5M2M3YTk2OdgCAeACAQ&ucfs=1&arphpl=1&checkin=2026-08-06&checkout=2026-08-07&dest_id=-2764584&dest_type=city&group_adults=2&req_adults=2&no_rooms=1&group_children=0&req_children=0&hpos=17&hapos=92&sr_order=popularity&srpvid=440f55fbd93f0178&srepoch=1785759238&all_sr_blocks=1573553401_428405300_2_0_0&highlighted_blocks=1573553401_428405300_2_0_0&matching_block_id=1573553401_428405300_2_0_0&sr_pri_blocks=1573553401_428405300_2_0_0__600000&from=searchresults,6000,10,2.0,Karachi,4.5,Double Room,"3 beds (1 double, 2 extra-large doubles)",0,1,1,https://cf.bstatic.com/xdata/images/hotel/square240/816337597.webp?k=07509a3e972bc24db1d9dc6109ea44a4c9d5ba52ffc91368bc1485feeb5b1386&o=,4,Karachi
Hotel 7 DHA,https://www.booking.com/hotel/pk/new-seaview-lodge-guest-house.en-gb.html?aid=304142&label=gen173nr-10CAQoggJCDWNpdHlfLTI3NjQ1ODRICVgEaLUBiAEBmAEzuAEHyAEM2AED6AEB-AEBiAIBqAIBuAL2i8LTBsACAdICJDM2N2ZjNzMzLWQxZjMtNGIzYy1hNzk4LTM5NDA5M2M3YTk2OdgCAeACAQ&ucfs=1&arphpl=1&checkin=2026-08-06&checkout=2026-08-07&dest_id=-2764584&dest_type=city&group_adults=2&req_adults=2&no_rooms=1&group_children=0&req_children=0&hpos=18&hapos=93&sr_order=popularity&srpvid=440f55fbd93f0178&srepoch=1785759238&all_sr_blocks=714646406_350776908_2_1_0&highlighted_blocks=714646406_350776908_2_1_0&matching_block_id=714646406_350776908_2_1_0&sr_pri_blocks=714646406_350776908_2_1_0__639000&from=searchresults,6390,7.5,237.0,"D.H.A., Karachi (D.H.A.)",5.3,Deluxe Double Room,1 large double bed,1,1,1,https://cf.bstatic.com/xdata/images/hotel/square240/507401097.webp?k=4caf00df488b0e7524fe859a161db1f1eee537e42f7200b0dec965df903996f8&o=,11,Karachi
Nursery Lodge Guest House,https://www.booking.com/hotel/pk/nursery-lodge-guest-house.en-gb.html?aid=304142&label=gen173nr-10CAQoggJCDWNpdHlfLTI3NjQ1ODRICVgEaLUBiAEBmAEzuAEHyAEM2AED6AEB-AEBiAIBqAIBuAL2i8LTBsACAdICJDM2N2ZjNzMzLWQxZjMtNGIzYy1hNzk4LTM5NDA5M2M3YTk2OdgCAeACAQ&ucfs=1&arphpl=1&checkin=2026-08-06&checkout=2026-08-07&dest_id=-2764584&dest_type=city&group_adults=2&req_adults=2&no_rooms=1&group_children=0&req_children=0&hpos=19&hapos=94&sr_order=popularity&srpvid=440f55fbd93f0178&srepoch=1785759238&all_sr_blocks=1687199401_440368130_2_1_0&highlighted_blocks=1687199401_440368130_2_1_0&matching_block_id=1687199401_440368130_2_1_0&sr_pri_blocks=1687199401_440368130_2_1_0__637388&from=searchresults,6374,,,"PECHS, Karachi",1.3,Double Room,1 double bed,1,1,1,https://cf.bstatic.com/xdata/images/hotel/square240/898348876.webp?k=cc621c7d17e8b19da4940d40a5cb1ad7a21424536b30ed119a16e62cd7b4ce24&o=,5,Karachi
Guest House in Couple karachi,https://www.booking.com/hotel/pk/couple-guest-house-in-karachi-karachi.en-gb.html?aid=304142&label=gen173nr-10CAQoggJCDWNpdHlfLTI3NjQ1ODRICVgEaLUBiAEBmAEzuAEHyAEM2AED6AEB-AEBiAIBqAIBuAL2i8LTBsACAdICJDM2N2ZjNzMzLWQxZjMtNGIzYy1hNzk4LTM5NDA5M2M3YTk2OdgCAeACAQ&ucfs=1&arphpl=1&checkin=2026-08-06&checkout=2026-08-07&dest_id=-2764584&dest_type=city&group_adults=2&req_adults=2&no_rooms=1&group_children=0&req_children=0&hpos=20&hapos=95&sr_order=popularity&srpvid=440f55fbd93f0178&srepoch=1785759238&all_sr_blocks=840244201_417520803_2_0_0&highlighted_blocks=840244201_417520803_2_0_0&matching_block_id=840244201_417520803_2_0_0&sr_pri_blocks=840244201_417520803_2_0_0__323910&from=searchresults,3239,2.8,25.0,Karachi,7.5,Deluxe Double Room,2 single beds,0,1,1,https://cf.bstatic.com/xdata/images/hotel/square240/351521352.webp?k=4ea5486523d545bf399d86f6f9256037848d60a60097e9c43d0017bf4bc2491b&o=,4,Karachi
Airport Hotel,https://www.booking.com/hotel/pk/airport-karachi2.en-gb.html?aid=304142&label=gen173nr-10CAQoggJCDWNpdHlfLTI3NjQ1ODRICVgEaLUBiAEBmAEzuAEHyAEM2AED6AEB-AEBiAIBqAIBuAL2i8LTBsACAdICJDM2N2ZjNzMzLWQxZjMtNGIzYy1hNzk4LTM5NDA5M2M3YTk2OdgCAeACAQ&ucfs=1&arphpl=1&checkin=2026-08-06&checkout=2026-08-07&dest_id=-2764584&dest_type=city&group_adults=2&req_adults=2&no_rooms=1&group_children=0&req_children=0&hpos=21&hapos=96&sr_order=popularity&srpvid=440f55fbd93f0178&srepoch=1785759238&all_sr_blocks=1483281403_419827674_2_0_0&highlighted_blocks=1483281403_419827674_2_0_0&matching_block_id=1483281403_419827674_2_0_0&sr_pri_blocks=1483281403_419827674_2_0_0__1995000&from=searchresults,19950,5.9,94.0,Karachi,10.9,Deluxe Double Room with Bath,1 large double bed,0,1,1,https://cf.bstatic.com/xdata/images/hotel/square240/738678687.webp?k=94e66926d3c04b9a46c6d0df675e2621112a098acfae76f110012f728c4eff9f&o=,4,Karachi
Couple Times Guest House DHA,https://www.booking.com/hotel/pk/delish-guest-house.en-gb.html?aid=304142&label=gen173nr-10CAQoggJCDWNpdHlfLTI3NjQ1ODRICVgEaLUBiAEBmAEzuAEHyAEM2AED6AEB-AEBiAIBqAIBuAL2i8LTBsACAdICJDM2N2ZjNzMzLWQxZjMtNGIzYy1hNzk4LTM5NDA5M2M3YTk2OdgCAeACAQ&ucfs=1&arphpl=1&checkin=2026-08-06&checkout=2026-08-07&dest_id=-2764584&dest_type=city&group_adults=2&req_adults=2&no_rooms=1&group_children=0&req_children=0&hpos=22&hapos=97&sr_order=popularity&srpvid=440f55fbd93f0178&srepoch=1785759238&all_sr_blocks=1689711403_440613895_2_2_0&highlighted_blocks=1689711403_440613895_2_2_0&matching_block_id=1689711403_440613895_2_2_0&sr_pri_blocks=1689711403_440613895_2_2_0__500000&from=searchresults,5000,,,"D.H.A., Karachi (D.H.A.)",3.2,Deluxe Double Room,1 double bed,0,1,1,https://cf.bstatic.com/xdata/images/hotel/square240/895565706.webp?k=e46cfd547a1b73afbae4ead8781ee79f507aef673c8e2582df9ed92c89be765d&o=,4,Karachi
Hotel pearlinn karachi,https://www.booking.com/hotel/pk/pearlinn-karachi.en-gb.html?aid=304142&label=gen173nr-10CAQoggJCDWNpdHlfLTI3NjQ1ODRICVgEaLUBiAEBmAEzuAEHyAEM2AED6AEB-AEBiAIBqAIBuAL2i8LTBsACAdICJDM2N2ZjNzMzLWQxZjMtNGIzYy1hNzk4LTM5NDA5M2M3YTk2OdgCAeACAQ&ucfs=1&arphpl=1&checkin=2026-08-06&checkout=2026-08-07&dest_id=-2764584&dest_type=city&group_adults=2&req_adults=2&no_rooms=1&group_children=0&req_children=0&hpos=23&hapos=98&sr_order=popularity&srpvid=440f55fbd93f0178&srepoch=1785759238&all_sr_blocks=1552833903_426457659_0_1_0&highlighted_blocks=1552833903_426457659_0_1_0&matching_block_id=1552833903_426457659_0_1_0&sr_pri_blocks=1552833903_426457659_0_1_0__1399900&from=searchresults,13999,7.7,31.0,"Saddar Town, Karachi",2.1,Twin Room,"2 beds (1 single, 1 double)",1,1,1,https://cf.bstatic.com/xdata/images/hotel/square240/798844088.webp?k=ad4e978ee8ff0c2689e1bec4a2cbaedd154023a159693cdd546d5234430ebde5&o=,10,Karachi
White Rose bNb Guest House,https://www.booking.com/hotel/pk/white-rose-bnb-guest-house-karachi1.en-gb.html?aid=304142&label=gen173nr-10CAQoggJCDWNpdHlfLTI3NjQ1ODRICVgEaLUBiAEBmAEzuAEHyAEM2AED6AEB-AEBiAIBqAIBuAL2i8LTBsACAdICJDM2N2ZjNzMzLWQxZjMtNGIzYy1hNzk4LTM5NDA5M2M3YTk2OdgCAeACAQ&ucfs=1&arphpl=1&checkin=2026-08-06&checkout=2026-08-07&dest_id=-2764584&dest_type=city&group_adults=2&req_adults=2&no_rooms=1&group_children=0&req_children=0&hpos=24&hapos=99&sr_order=popularity&srpvid=440f55fbd93f0178&srepoch=1785759238&all_sr_blocks=1610884001_432003790_0_0_0&highlighted_blocks=1610884001_432003790_0_0_0&matching_block_id=1610884001_432003790_0_0_0&sr_pri_blocks=1610884001_432003790_0_0_0__467500&from=searchresults,4675,,,"Gulshan-E-Jamal, Karachi",7.4,Double Room,1 double bed,0,1,1,https://cf.bstatic.com/xdata/images/hotel/square240/846713012.webp?k=0b1491a664fdd9128eda8f9133e4e4bb821d6a823d8d8c1ce4329405e314ff6b&o=,4,Karachi
City Rooms,https://www.booking.com/hotel/pk/city-rooms-karachi1.en-gb.html?aid=304142&label=gen173nr-10CAQoggJCDWNpdHlfLTI3NjQ1ODRICVgEaLUBiAEBmAEzuAEHyAEM2AED6AEB-AEBiAIBqAIBuAL2i8LTBsACAdICJDM2N2ZjNzMzLWQxZjMtNGIzYy1hNzk4LTM5NDA5M2M3YTk2OdgCAeACAQ&ucfs=1&arphpl=1&checkin=2026-08-06&checkout=2026-08-07&dest_id=-2764584&dest_type=city&group_adults=2&req_adults=2&no_rooms=1&group_children=0&req_children=0&hpos=25&hapos=100&sr_order=popularity&srpvid=440f55fbd93f0178&srepoch=1785759238&all_sr_blocks=1615887701_432463869_2_1_0&highlighted_blocks=1615887701_432463869_2_1_0&matching_block_id=1615887701_432463869_2_1_0&sr_pri_blocks=1615887701_432463869_2_1_0__810000&from=searchresults,8100,,,"PECHS, Karachi",1.4,Double Room,1 double bed,1,0,0,https://cf.bstatic.com/xdata/images/hotel/square240/880881810.webp?k=5ea72b5d932c102aef8ddcd73de7f5c80384d18e50761d060742928361919645&o=,6,Karachi
Fully furnished paying guest accommodation,https://www.booking.com/hotel/pk/fully-furnished-paying-guest-accommodation-karachi5.en-gb.html?aid=304142&label=gen173nr-10CAQoggJCDWNpdHlfLTI3NjQ1ODRICVgEaLUBiAEBmAEzuAEHyAEM2AED6AEB-AEBiAIBqAIBuAL2i8LTBsACAdICJDM2N2ZjNzMzLWQxZjMtNGIzYy1hNzk4LTM5NDA5M2M3YTk2OdgCAeACAQ&ucfs=1&arphpl=1&checkin=2026-08-06&checkout=2026-08-07&dest_id=-2764584&dest_type=city&group_adults=2&req_adults=2&no_rooms=1&group_children=0&req_children=0&hpos=1&hapos=101&sr_order=popularity&srpvid=440f55fbd93f0178&srepoch=1785759240&all_sr_blocks=1587420901_430420870_2_1_0&highlighted_blocks=1587420901_430420870_2_1_0&matching_block_id=1587420901_430420870_2_1_0&sr_pri_blocks=1587420901_430420870_2_1_0__480000&from=searchresults,4800,10,1.0,Karachi,14.6,One-Bedroom Apartment,"2 beds (1 double, 1 large double)",1,1,1,https://cf.bstatic.com/xdata/images/hotel/square240/871537732.webp?k=4ce0a16852b24a1a566e297fb99821ef3b113ad94c00532c83e8c4772a10f85c&o=,5,Karachi
"Dreamworld Resort, Hotel & Golf Course",https://www.booking.com/hotel/pk/dreamworld-resort-amp-golf-club.en-gb.html?aid=304142&label=gen173nr-10CAQoggJCDWNpdHlfLTI3NjQ1ODRICVgEaLUBiAEBmAEzuAEHyAEM2AED6AEB-AEBiAIBqAIBuAL2i8LTBsACAdICJDM2N2ZjNzMzLWQxZjMtNGIzYy1hNzk4LTM5NDA5M2M3YTk2OdgCAeACAQ&ucfs=1&arphpl=1&checkin=2026-08-06&checkout=2026-08-07&dest_id=-2764584&dest_type=city&group_adults=2&req_adults=2&no_rooms=1&group_children=0&req_children=0&hpos=2&hapos=102&sr_order=popularity&srpvid=440f55fbd93f0178&srepoch=1785759240&all_sr_blocks=45234302_269033976_0_42_0&highlighted_blocks=45234302_269033976_0_42_0&matching_block_id=45234302_269033976_0_42_0&sr_pri_blocks=45234302_269033976_0_42_0__3040000&from=searchresults,30400,8.3,103.0,Karachi,20.7,Deluxe Double Room,1 double bed,0,1,1,https://cf.bstatic.com/xdata/images/hotel/square240/50185081.webp?k=c1aa8474bacb04a1da126043694202c4d4efea0c580dc7af744ba808e0dd26c1&o=,15,Karachi
Holiday One Hotel & Suites - Gulshan-4,https://www.booking.com/hotel/pk/holiday-one-amp-suites-karachi6.en-gb.html?aid=304142&label=gen173nr-10CAQoggJCDWNpdHlfLTI3NjQ1ODRICVgEaLUBiAEBmAEzuAEHyAEM2AED6AEB-AEBiAIBqAIBuAL2i8LTBsACAdICJDM2N2ZjNzMzLWQxZjMtNGIzYy1hNzk4LTM5NDA5M2M3YTk2OdgCAeACAQ&ucfs=1&arphpl=1&checkin=2026-08-06&checkout=2026-08-07&dest_id=-2764584&dest_type=city&group_adults=2&req_adults=2&no_rooms=1&group_children=0&req_children=0&hpos=3&hapos=103&sr_order=popularity&srpvid=440f55fbd93f0178&srepoch=1785759240&all_sr_blocks=1531233803_424643885_2_1_0&highlighted_blocks=1531233803_424643885_2_1_0&matching_block_id=1531233803_424643885_2_1_0&sr_pri_blocks=1531233803_424643885_2_1_0__1105000&from=searchresults,11050,8.6,32.0,Karachi,8.5,Budget Double or Twin Room,2 single beds,1,1,1,https://cf.bstatic.com/xdata/images/hotel/square240/867780924.webp?k=5be9745040171de351b342f4600b3f23d825b66d2e49737ce33e195ac3baa99f&o=,13,Karachi
RoN building 1st portion,https://www.booking.com/hotel/pk/ron-building-1st-portion.en-gb.html?aid=304142&label=gen173nr-10CAQoggJCDWNpdHlfLTI3NjQ1ODRICVgEaLUBiAEBmAEzuAEHyAEM2AED6AEB-AEBiAIBqAIBuAL2i8LTBsACAdICJDM2N2ZjNzMzLWQxZjMtNGIzYy1hNzk4LTM5NDA5M2M3YTk2OdgCAeACAQ&ucfs=1&arphpl=1&checkin=2026-08-06&checkout=2026-08-07&dest_id=-2764584&dest_type=city&group_adults=2&req_adults=2&no_rooms=1&group_children=0&req_children=0&hpos=4&hapos=104&sr_order=popularity&srpvid=440f55fbd93f0178&srepoch=1785759240&all_sr_blocks=1694554301_441112307_4_0_0&highlighted_blocks=1694554301_441112307_4_0_0&matching_block_id=1694554301_441112307_4_0_0&sr_pri_blocks=1694554301_441112307_4_0_0__1275000&from=searchresults,12750,,,Karachi,6.8,Two-Bedroom Apartment,1 extra-large double bed,0,1,1,https://cf.bstatic.com/xdata/images/hotel/square240/899188892.webp?k=205b5a34a0dc4548556a5a26ef9bdf9f80cb36eb0993cfc70221fffafca22840&o=,4,Karachi
Al Makkah Hotel,https://www.booking.com/hotel/pk/al-makkah-karachi.en-gb.html?aid=304142&label=gen173nr-10CAQoggJCDWNpdHlfLTI3NjQ1ODRICVgEaLUBiAEBmAEzuAEHyAEM2AED6AEB-AEBiAIBqAIBuAL2i8LTBsACAdICJDM2N2ZjNzMzLWQxZjMtNGIzYy1hNzk4LTM5NDA5M2M3YTk2OdgCAeACAQ&ucfs=1&arphpl=1&checkin=2026-08-06&checkout=2026-08-07&dest_id=-2764584&dest_type=city&group_adults=2&req_adults=2&no_rooms=1&group_children=0&req_children=0&hpos=5&hapos=105&sr_order=popularity&srpvid=440f55fbd93f0178&srepoch=1785759240&all_sr_blocks=1389656101_410954232_2_1_0&highlighted_blocks=1389656101_410954232_2_1_0&matching_block_id=1389656101_410954232_2_1_0&sr_pri_blocks=1389656101_410954232_2_1_0__807500&from=searchresults,8075,7.3,34.0,"Saddar Town, Karachi",2.2,Deluxe Twin Room,2 single beds,1,0,0,https://cf.bstatic.com/xdata/images/hotel/square240/701366334.webp?k=82a2f061a484bf8fe91d4018798607416a01a5fe5cd2cd259e60404fadb6f125&o=,9,Karachi
Diplomat Fort Boutique Hotel,https://www.booking.com/hotel/pk/diplomat-fort.en-gb.html?aid=304142&label=gen173nr-10CAQoggJCDWNpdHlfLTI3NjQ1ODRICVgEaLUBiAEBmAEzuAEHyAEM2AED6AEB-AEBiAIBqAIBuAL2i8LTBsACAdICJDM2N2ZjNzMzLWQxZjMtNGIzYy1hNzk4LTM5NDA5M2M3YTk2OdgCAeACAQ&ucfs=1&arphpl=1&checkin=2026-08-06&checkout=2026-08-07&dest_id=-2764584&dest_type=city&group_adults=2&req_adults=2&no_rooms=1&group_children=0&req_children=0&hpos=6&hapos=106&sr_order=popularity&srpvid=440f55fbd93f0178&srepoch=1785759240&all_sr_blocks=1216740901_415115658_2_1_0&highlighted_blocks=1216740901_415115658_2_1_0&matching_block_id=1216740901_415115658_2_1_0&sr_pri_blocks=1216740901_415115658_2_1_0__1080000&from=searchresults,10800,8.1,54.0,"D.H.A., Karachi (D.H.A.)",4.8,Double Room,1 double bed,1,1,1,https://cf.bstatic.com/xdata/images/hotel/square240/582880249.webp?k=7758d7f67644450f2237710486f7ae979f831f37543c6c3e2aa8e328f199a7f9&o=,11,Karachi
Seaside Serenity 1 BHK Condo DHA Netflix LuxeLiving Rentals,https://www.booking.com/hotel/pk/seaside-serenity-1-bhk-condo-dha-netflix.en-gb.html?aid=304142&label=gen173nr-10CAQoggJCDWNpdHlfLTI3NjQ1ODRICVgEaLUBiAEBmAEzuAEHyAEM2AED6AEB-AEBiAIBqAIBuAL2i8LTBsACAdICJDM2N2ZjNzMzLWQxZjMtNGIzYy1hNzk4LTM5NDA5M2M3YTk2OdgCAeACAQ&ucfs=1&arphpl=1&checkin=2026-08-06&checkout=2026-08-07&dest_id=-2764584&dest_type=city&group_adults=2&req_adults=2&no_rooms=1&group_children=0&req_children=0&hpos=7&hapos=107&sr_order=popularity&srpvid=440f55fbd93f0178&srepoch=1785759240&all_sr_blocks=1542530401_425617069_2_0_0&highlighted_blocks=1542530401_425617069_2_0_0&matching_block_id=1542530401_425617069_2_0_0&sr_pri_blocks=1542530401_425617069_2_0_0__977500&from=searchresults,9775,6.8,13.0,"D.H.A., Karachi (D.H.A.)",9.7,One-Bedroom Apartment,"3 beds (2 sofa beds, 1 large double)",0,0,0,https://cf.bstatic.com/xdata/images/hotel/square240/789980262.webp?k=9659cf55a6b995ca19f373b8a90569b15215fec1a8a43ec8eb33640a86137f37&o=,10,Karachi
Seaview Residency,https://www.booking.com/hotel/pk/seaview-residency.en-gb.html?aid=304142&label=gen173nr-10CAQoggJCDWNpdHlfLTI3NjQ1ODRICVgEaLUBiAEBmAEzuAEHyAEM2AED6AEB-AEBiAIBqAIBuAL2i8LTBsACAdICJDM2N2ZjNzMzLWQxZjMtNGIzYy1hNzk4LTM5NDA5M2M3YTk2OdgCAeACAQ&ucfs=1&arphpl=1&checkin=2026-08-06&checkout=2026-08-07&dest_id=-2764584&dest_type=city&group_adults=2&req_adults=2&no_rooms=1&group_children=0&req_children=0&hpos=8&hapos=108&sr_order=popularity&srpvid=440f55fbd93f0178&srepoch=1785759240&all_sr_blocks=1339345301_423749078_2_41_0&highlighted_blocks=1339345301_423749078_2_41_0&matching_block_id=1339345301_423749078_2_41_0&sr_pri_blocks=1339345301_423749078_2_41_0__929475&from=searchresults,9295,7.9,14.0,"Clifton, Karachi",7.2,Deluxe Quadruple Room,4 single beds,1,1,1,https://cf.bstatic.com/xdata/images/hotel/square240/764490940.webp?k=95d5da2e70da89f7a83d73b2fbed5e4946aa3d70600bd52f7a1e0e738f6e50e8&o=,7,Karachi
Hotel Royal Inn,https://www.booking.com/hotel/pk/royal-inn-karachi2.en-gb.html?aid=304142&label=gen173nr-10CAQoggJCDWNpdHlfLTI3NjQ1ODRICVgEaLUBiAEBmAEzuAEHyAEM2AED6AEB-AEBiAIBqAIBuAL2i8LTBsACAdICJDM2N2ZjNzMzLWQxZjMtNGIzYy1hNzk4LTM5NDA5M2M3YTk2OdgCAeACAQ&ucfs=1&arphpl=1&checkin=2026-08-06&checkout=2026-08-07&dest_id=-2764584&dest_type=city&group_adults=2&req_adults=2&no_rooms=1&group_children=0&req_children=0&hpos=9&hapos=109&sr_order=popularity&srpvid=440f55fbd93f0178&srepoch=1785759240&all_sr_blocks=1556235301_426756878_2_1_0&highlighted_blocks=1556235301_426756878_2_1_0&matching_block_id=1556235301_426756878_2_1_0&sr_pri_blocks=1556235301_426756878_2_1_0__630500&from=searchresults,6305,6.7,3.0,"D.H.A., Karachi (D.H.A.)",6.8,One-Bedroom Villa,"4 beds (1 double, 1 sofa bed, 2 futons)",1,1,1,https://cf.bstatic.com/xdata/images/hotel/square240/890353652.webp?k=b89f133389ce61e12d299aa2b7e5e63df08eec07275801c6491f0e4b4df5895f&o=,4,Karachi
Spacious 2 bedroom apartment at DHA Phase 6 Karachi,https://www.booking.com/hotel/pk/2-bedroom-luxury-seaview-apartment.en-gb.html?aid=304142&label=gen173nr-10CAQoggJCDWNpdHlfLTI3NjQ1ODRICVgEaLUBiAEBmAEzuAEHyAEM2AED6AEB-AEBiAIBqAIBuAL2i8LTBsACAdICJDM2N2ZjNzMzLWQxZjMtNGIzYy1hNzk4LTM5NDA5M2M3YTk2OdgCAeACAQ&ucfs=1&arphpl=1&checkin=2026-08-06&checkout=2026-08-07&dest_id=-2764584&dest_type=city&group_adults=2&req_adults=2&no_rooms=1&group_children=0&req_children=0&hpos=10&hapos=110&sr_order=popularity&srpvid=440f55fbd93f0178&srepoch=1785759240&all_sr_blocks=1480833401_419538862_6_0_0&highlighted_blocks=1480833401_419538862_6_0_0&matching_block_id=1480833401_419538862_6_0_0&sr_pri_blocks=1480833401_419538862_6_0_0__899910&from=searchresults,8999,6.7,7.0,"D.H.A., Karachi (D.H.A.)",9.6,One-Bedroom Apartment,"4 beds (2 doubles, 2 large doubles)",0,0,0,https://cf.bstatic.com/xdata/images/hotel/square240/735646018.webp?k=9b827245bbfb4ea443ea3379ff4f4771db227fee050e168e613435842acd8de0&o=,3,Karachi
Swisstel Cottage,https://www.booking.com/hotel/pk/swisstel-cottage.en-gb.html?aid=304142&label=gen173nr-10CAQoggJCDWNpdHlfLTI3NjQ1ODRICVgEaLUBiAEBmAEzuAEHyAEM2AED6AEB-AEBiAIBqAIBuAL2i8LTBsACAdICJDM2N2ZjNzMzLWQxZjMtNGIzYy1hNzk4LTM5NDA5M2M3YTk2OdgCAeACAQ&ucfs=1&arphpl=1&checkin=2026-08-06&checkout=2026-08-07&dest_id=-2764584&dest_type=city&group_adults=2&req_adults=2&no_rooms=1&group_children=0&req_children=0&hpos=11&hapos=111&sr_order=popularity&srpvid=440f55fbd93f0178&srepoch=1785759240&all_sr_blocks=438658303_369048174_2_1_0&highlighted_blocks=438658303_369048174_2_1_0&matching_block_id=438658303_369048174_2_1_0&sr_pri_blocks=438658303_369048174_2_1_0__1445400&from=searchresults,14454,7.1,103.0,"Clifton, Karachi",7.0,Standard Single Room,1 single bed,1,1,0,https://cf.bstatic.com/xdata/images/hotel/square240/396817229.webp?k=239ef7ce0e9e07bdc76a21bf44ee6f85e54d99e558b74b9f025daa9f21073179&o=,14,Karachi
Sunset BnB Creek,https://www.booking.com/hotel/pk/sunset-creek.en-gb.html?aid=304142&label=gen173nr-10CAQoggJCDWNpdHlfLTI3NjQ1ODRICVgEaLUBiAEBmAEzuAEHyAEM2AED6AEB-AEBiAIBqAIBuAL2i8LTBsACAdICJDM2N2ZjNzMzLWQxZjMtNGIzYy1hNzk4LTM5NDA5M2M3YTk2OdgCAeACAQ&ucfs=1&arphpl=1&checkin=2026-08-06&checkout=2026-08-07&dest_id=-2764584&dest_type=city&group_adults=2&req_adults=2&no_rooms=1&group_children=0&req_children=0&hpos=12&hapos=112&sr_order=popularity&srpvid=440f55fbd93f0178&srepoch=1785759240&all_sr_blocks=1276133102_400498116_0_1_0&highlighted_blocks=1276133102_400498116_0_1_0&matching_block_id=1276133102_400498116_0_1_0&sr_pri_blocks=1276133102_400498116_0_1_0__1400000&from=searchresults,14000,8.5,110.0,"D.H.A., Karachi (D.H.A.)",7.3,Deluxe Double Room (2 Adults + 1 Child),1 large double bed,1,1,1,https://cf.bstatic.com/xdata/images/hotel/square240/595030367.webp?k=ea75c8b11713e53c65978226a0aee742053e30f0090f5fb0ef43bd7ef18d1f28&o=,11,Karachi
The Cove - Beach Resort & Club,https://www.booking.com/hotel/pk/the-cove-beach-resort-amp-club.en-gb.html?aid=304142&label=gen173nr-10CAQoggJCDWNpdHlfLTI3NjQ1ODRICVgEaLUBiAEBmAEzuAEHyAEM2AED6AEB-AEBiAIBqAIBuAL2i8LTBsACAdICJDM2N2ZjNzMzLWQxZjMtNGIzYy1hNzk4LTM5NDA5M2M3YTk2OdgCAeACAQ&ucfs=1&arphpl=1&checkin=2026-08-06&checkout=2026-08-07&dest_id=-2764584&dest_type=city&group_adults=2&req_adults=2&no_rooms=1&group_children=0&req_children=0&hpos=13&hapos=113&sr_order=popularity&srpvid=440f55fbd93f0178&srepoch=1785759240&all_sr_blocks=1444016601_415846236_2_1_0&highlighted_blocks=1444016601_415846236_2_1_0&matching_block_id=1444016601_415846236_2_1_0&sr_pri_blocks=1444016601_415846236_2_1_0__3500000&from=searchresults,35000,4.2,4.0,Karachi,17.9,Deluxe Room (2 Adults + 1 Child),1 large double bed,1,0,1,https://cf.bstatic.com/xdata/images/hotel/square240/702381488.webp?k=3069208efd23c930c2d0077c571cc2181782fb1b11b97ed65d95ff020eca3a6c&o=,4,Karachi
Hotel Golden Inn,https://www.booking.com/hotel/pk/golden-inn-karachi1.en-gb.html?aid=304142&label=gen173nr-10CAQoggJCDWNpdHlfLTI3NjQ1ODRICVgEaLUBiAEBmAEzuAEHyAEM2AED6AEB-AEBiAIBqAIBuAL2i8LTBsACAdICJDM2N2ZjNzMzLWQxZjMtNGIzYy1hNzk4LTM5NDA5M2M3YTk2OdgCAeACAQ&ucfs=1&arphpl=1&checkin=2026-08-06&checkout=2026-08-07&dest_id=-2764584&dest_type=city&group_adults=2&req_adults=2&no_rooms=1&group_children=0&req_children=0&hpos=14&hapos=114&sr_order=popularity&srpvid=440f55fbd93f0178&srepoch=1785759240&all_sr_blocks=1124411001_385156267_2_0_0&highlighted_blocks=1124411001_385156267_2_0_0&matching_block_id=1124411001_385156267_2_0_0&sr_pri_blocks=1124411001_385156267_2_0_0__350910&from=searchresults,3509,1.0,7.0,Karachi,7.7,Deluxe Double Room,2 single beds,0,0,0,https://cf.bstatic.com/xdata/images/hotel/square240/514095859.webp?k=5242bc6a33b0bfcf121b50b54a7c116771fe2c278610c457fb0c5b57348e545e&o=,8,Karachi
Hotel Royal Vista,https://www.booking.com/hotel/pk/royal-vista-guest-house.en-gb.html?aid=304142&label=gen173nr-10CAQoggJCDWNpdHlfLTI3NjQ1ODRICVgEaLUBiAEBmAEzuAEHyAEM2AED6AEB-AEBiAIBqAIBuAL2i8LTBsACAdICJDM2N2ZjNzMzLWQxZjMtNGIzYy1hNzk4LTM5NDA5M2M3YTk2OdgCAeACAQ&ucfs=1&arphpl=1&checkin=2026-08-06&checkout=2026-08-07&dest_id=-2764584&dest_type=city&group_adults=2&req_adults=2&no_rooms=1&group_children=0&req_children=0&hpos=15&hapos=115&sr_order=popularity&srpvid=440f55fbd93f0178&srepoch=1785759240&all_sr_blocks=1213464505_393555485_2_1_0&highlighted_blocks=1213464505_393555485_2_1_0&matching_block_id=1213464505_393555485_2_1_0&sr_pri_blocks=1213464505_393555485_2_1_0__500000&from=searchresults,5000,7.0,12.0,"PECHS, Karachi",1.5,Deluxe Double Room (2 Adults + 1 Child),2 single beds,1,1,1,https://cf.bstatic.com/xdata/images/hotel/square240/561322619.webp?k=5dee6111bc7d21079b1af76e6e2c2bac47068fcd8a0deeb796f2430ff0c3fa80&o=,4,Karachi
The Best Stay In Clifton,https://www.booking.com/hotel/pk/star-view-clifton-bath-island.en-gb.html?aid=304142&label=gen173nr-10CAQoggJCDWNpdHlfLTI3NjQ1ODRICVgEaLUBiAEBmAEzuAEHyAEM2AED6AEB-AEBiAIBqAIBuAL2i8LTBsACAdICJDM2N2ZjNzMzLWQxZjMtNGIzYy1hNzk4LTM5NDA5M2M3YTk2OdgCAeACAQ&ucfs=1&arphpl=1&checkin=2026-08-06&checkout=2026-08-07&dest_id=-2764584&dest_type=city&group_adults=2&req_adults=2&no_rooms=1&group_children=0&req_children=0&hpos=16&hapos=116&sr_order=popularity&srpvid=440f55fbd93f0178&srepoch=1785759240&all_sr_blocks=1474021701_418769734_2_0_0&highlighted_blocks=1474021701_418769734_2_0_0&matching_block_id=1474021701_418769734_2_0_0&sr_pri_blocks=1474021701_418769734_2_0_0__640000&from=searchresults,6400,1.0,1.0,"Bath Island, Karachi",4.5,Standard King Room,1 extra-large double bed,0,1,1,https://cf.bstatic.com/xdata/images/hotel/square240/876072411.webp?k=9f42802a89b3aae32b509146c1bf5b840a4951cf0772a95345e436f4c6e65e0d&o=,5,Karachi
Fully furnished paying guest accommodation,https://www.booking.com/hotel/pk/fully-furnished-paying-guest-accommodation-karachi.en-gb.html?aid=304142&label=gen173nr-10CAQoggJCDWNpdHlfLTI3NjQ1ODRICVgEaLUBiAEBmAEzuAEHyAEM2AED6AEB-AEBiAIBqAIBuAL2i8LTBsACAdICJDM2N2ZjNzMzLWQxZjMtNGIzYy1hNzk4LTM5NDA5M2M3YTk2OdgCAeACAQ&ucfs=1&arphpl=1&checkin=2026-08-06&checkout=2026-08-07&dest_id=-2764584&dest_type=city&group_adults=2&req_adults=2&no_rooms=1&group_children=0&req_children=0&hpos=17&hapos=117&sr_order=popularity&srpvid=440f55fbd93f0178&srepoch=1785759240&all_sr_blocks=1584421701_430420876_2_1_0&highlighted_blocks=1584421701_430420876_2_1_0&matching_block_id=1584421701_430420876_2_1_0&sr_pri_blocks=1584421701_430420876_2_1_0__520000&from=searchresults,5200,,,Karachi,14.6,One-Bedroom Apartment,1 double bed,1,1,1,https://cf.bstatic.com/xdata/images/hotel/square240/855505206.webp?k=9bc0c62cb216cfdf7a812a87cb7bba754db519779be7c313d38ca582428eb9df&o=,5,Karachi
Welcome Guest House,https://www.booking.com/hotel/pk/welcome-guest-house-karachi.en-gb.html?aid=304142&label=gen173nr-10CAQoggJCDWNpdHlfLTI3NjQ1ODRICVgEaLUBiAEBmAEzuAEHyAEM2AED6AEB-AEBiAIBqAIBuAL2i8LTBsACAdICJDM2N2ZjNzMzLWQxZjMtNGIzYy1hNzk4LTM5NDA5M2M3YTk2OdgCAeACAQ&ucfs=1&arphpl=1&checkin=2026-08-06&checkout=2026-08-07&dest_id=-2764584&dest_type=city&group_adults=2&req_adults=2&no_rooms=1&group_children=0&req_children=0&hpos=18&hapos=118&sr_order=popularity&srpvid=440f55fbd93f0178&srepoch=1785759240&all_sr_blocks=913478902_362738778_2_1_0&highlighted_blocks=913478902_362738778_2_1_0&matching_block_id=913478902_362738778_2_1_0&sr_pri_blocks=913478902_362738778_2_1_0__585000&from=searchresults,5850,4.2,4.0,Karachi,6.1,Standard Twin Room,2 single beds,1,0,0,https://cf.bstatic.com/xdata/images/hotel/square240/434295954.webp?k=f047e8f512d41e48f5e3e152cee9a6d314c1377bf3a087de9d4f0146b114ebde&o=,2,Karachi
Hamsun Shahrah-e-Faisal,https://www.booking.com/hotel/pk/hamsun-suites-nursery-shahr-e-faisal.en-gb.html?aid=304142&label=gen173nr-10CAQoggJCDWNpdHlfLTI3NjQ1ODRICVgEaLUBiAEBmAEzuAEHyAEM2AED6AEB-AEBiAIBqAIBuAL2i8LTBsACAdICJDM2N2ZjNzMzLWQxZjMtNGIzYy1hNzk4LTM5NDA5M2M3YTk2OdgCAeACAQ&ucfs=1&arphpl=1&checkin=2026-08-06&checkout=2026-08-07&dest_id=-2764584&dest_type=city&group_adults=2&req_adults=2&no_rooms=1&group_children=0&req_children=0&hpos=19&hapos=119&sr_order=popularity&srpvid=440f55fbd93f0178&srepoch=1785759240&all_sr_blocks=554848234_297718812_2_41_0&highlighted_blocks=554848234_297718812_2_41_0&matching_block_id=554848234_297718812_2_41_0&sr_pri_blocks=554848234_297718812_2_41_0__1600000&from=searchresults,16000,9.2,444.0,"PECHS, Karachi",1.6,Deluxe Twin Room,2 single beds,1,0,0,https://cf.bstatic.com/xdata/images/hotel/square240/902921358.webp?k=ac81bb4ff710756419138ac6f5ccd3e4315de6f01d58d97b2c3f05dfbca5177f&o=,9,Karachi
Subhan Residency,https://www.booking.com/hotel/pk/subhan-residency-karachi.en-gb.html?aid=304142&label=gen173nr-10CAQoggJCDWNpdHlfLTI3NjQ1ODRICVgEaLUBiAEBmAEzuAEHyAEM2AED6AEB-AEBiAIBqAIBuAL2i8LTBsACAdICJDM2N2ZjNzMzLWQxZjMtNGIzYy1hNzk4LTM5NDA5M2M3YTk2OdgCAeACAQ&ucfs=1&arphpl=1&checkin=2026-08-06&checkout=2026-08-07&dest_id=-2764584&dest_type=city&group_adults=2&req_adults=2&no_rooms=1&group_children=0&req_children=0&hpos=20&hapos=120&sr_order=popularity&srpvid=440f55fbd93f0178&srepoch=1785759240&all_sr_blocks=1690245501_440665582_2_1_0&highlighted_blocks=1690245501_440665582_2_1_0&matching_block_id=1690245501_440665582_2_1_0&sr_pri_blocks=1690245501_440665582_2_1_0__637415&from=searchresults,6374,,,Karachi,7.3,Double Room,1 extra-large double bed,1,1,1,https://cf.bstatic.com/xdata/images/hotel/square240/896069435.webp?k=76be9cf5b9cc249962c6fff77042a45d5adcc26c075f79206abe3aa282cbac22&o=,10,Karachi
Hotel Royal Sunset,https://www.booking.com/hotel/pk/the-karachi-stays.en-gb.html?aid=304142&label=gen173nr-10CAQoggJCDWNpdHlfLTI3NjQ1ODRICVgEaLUBiAEBmAEzuAEHyAEM2AED6AEB-AEBiAIBqAIBuAL2i8LTBsACAdICJDM2N2ZjNzMzLWQxZjMtNGIzYy1hNzk4LTM5NDA5M2M3YTk2OdgCAeACAQ&ucfs=1&arphpl=1&checkin=2026-08-06&checkout=2026-08-07&dest_id=-2764584&dest_type=city&group_adults=2&req_adults=2&no_rooms=1&group_children=0&req_children=0&hpos=21&hapos=121&sr_order=popularity&srpvid=440f55fbd93f0178&srepoch=1785759240&all_sr_blocks=1405672003_428781244_0_42_0&highlighted_blocks=1405672003_428781244_0_42_0&matching_block_id=1405672003_428781244_0_42_0&sr_pri_blocks=1405672003_428781244_0_42_0__771638&from=searchresults,7716,7.9,16.0,"D.H.A., Karachi (D.H.A.)",4.0,Family Room,"2 beds (1 single, 1 double)",0,1,1,https://cf.bstatic.com/xdata/images/hotel/square240/902504554.webp?k=4bb5099159a06bf34c03365d0dbbee4ecc15c41d1f3707ae254fddb33f930536&o=,8,Karachi
Fully furnished paying guest accommodation,https://www.booking.com/hotel/pk/fully-furnished-paying-guest-accommodation-karachi6.en-gb.html?aid=304142&label=gen173nr-10CAQoggJCDWNpdHlfLTI3NjQ1ODRICVgEaLUBiAEBmAEzuAEHyAEM2AED6AEB-AEBiAIBqAIBuAL2i8LTBsACAdICJDM2N2ZjNzMzLWQxZjMtNGIzYy1hNzk4LTM5NDA5M2M3YTk2OdgCAeACAQ&ucfs=1&arphpl=1&checkin=2026-08-06&checkout=2026-08-07&dest_id=-2764584&dest_type=city&group_adults=2&req_adults=2&no_rooms=1&group_children=0&req_children=0&hpos=22&hapos=122&sr_order=popularity&srpvid=440f55fbd93f0178&srepoch=1785759240&all_sr_blocks=1589129801_430420869_2_1_0&highlighted_blocks=1589129801_430420869_2_1_0&matching_block_id=1589129801_430420869_2_1_0&sr_pri_blocks=1589129801_430420869_2_1_0__440000&from=searchresults,4400,1.0,1.0,Karachi,14.6,One-Bedroom Apartment,1 large double bed,1,1,1,https://cf.bstatic.com/xdata/images/hotel/square240/829190125.webp?k=064e9108916d2c59c320ae10f9480788f6fb1190045f3078a11955dcdff1f74c&o=,5,Karachi
Comfortable 1 & 2 Bedroom Apartment in DHA by Virani,https://www.booking.com/hotel/pk/comfortable-2-bedroom-apartment-in-dha-by-virani.en-gb.html?aid=304142&label=gen173nr-10CAQoggJCDWNpdHlfLTI3NjQ1ODRICVgEaLUBiAEBmAEzuAEHyAEM2AED6AEB-AEBiAIBqAIBuAL2i8LTBsACAdICJDM2N2ZjNzMzLWQxZjMtNGIzYy1hNzk4LTM5NDA5M2M3YTk2OdgCAeACAQ&ucfs=1&arphpl=1&checkin=2026-08-06&checkout=2026-08-07&dest_id=-2764584&dest_type=city&group_adults=2&req_adults=2&no_rooms=1&group_children=0&req_children=0&hpos=23&hapos=123&sr_order=popularity&srpvid=440f55fbd93f0178&srepoch=1785759240&all_sr_blocks=1337704202_406210792_2_0_0&highlighted_blocks=1337704202_406210792_2_0_0&matching_block_id=1337704202_406210792_2_0_0&sr_pri_blocks=1337704202_406210792_2_0_0__1200000&from=searchresults,12000,9.4,19.0,"D.H.A., Karachi (D.H.A.)",8.3,One-Bedroom Apartment,1 double bed,0,1,1,https://cf.bstatic.com/xdata/images/hotel/square240/633840615.webp?k=f5e83de60f29ddb54d986a56ae65dafc737b14f862d19d701eacfe2f3e275ef1&o=,13,Karachi
BNB Royal Inn Family-Stadium-karsaz-Airport,https://www.booking.com/hotel/pk/bnb-royal-inn-botique-family-deluxe-room.en-gb.html?aid=304142&label=gen173nr-10CAQoggJCDWNpdHlfLTI3NjQ1ODRICVgEaLUBiAEBmAEzuAEHyAEM2AED6AEB-AEBiAIBqAIBuAL2i8LTBsACAdICJDM2N2ZjNzMzLWQxZjMtNGIzYy1hNzk4LTM5NDA5M2M3YTk2OdgCAeACAQ&ucfs=1&arphpl=1&checkin=2026-08-06&checkout=2026-08-07&dest_id=-2764584&dest_type=city&group_adults=2&req_adults=2&no_rooms=1&group_children=0&req_children=0&hpos=24&hapos=124&sr_order=popularity&srpvid=440f55fbd93f0178&srepoch=1785759240&all_sr_blocks=1322868203_411674022_3_1_0_744863&highlighted_blocks=1322868203_411674022_3_1_0_744863&matching_block_id=1322868203_411674022_3_1_0_744863&sr_pri_blocks=1322868203_411674022_3_1_0_744863_841500&from=searchresults,8415,8.0,127.0,"Gulshan-E-Jamal, Karachi",7.3,Superior Triple Room,"2 beds (1 single, 1 extra-large double)",1,1,1,https://cf.bstatic.com/xdata/images/hotel/square240/623584159.webp?k=8e8ce467d3d367fbc71eae2cc65654ee0690a8444a5c6ed869f1b098c560cea0&o=,12,Karachi
LOKAL Flagship x Karachi - DHA,https://www.booking.com/hotel/pk/lokal-flagship-x-karachi-dha.en-gb.html?aid=304142&label=gen173nr-10CAQoggJCDWNpdHlfLTI3NjQ1ODRICVgEaLUBiAEBmAEzuAEHyAEM2AED6AEB-AEBiAIBqAIBuAL2i8LTBsACAdICJDM2N2ZjNzMzLWQxZjMtNGIzYy1hNzk4LTM5NDA5M2M3YTk2OdgCAeACAQ&ucfs=1&arphpl=1&checkin=2026-08-06&checkout=2026-08-07&dest_id=-2764584&dest_type=city&group_adults=2&req_adults=2&no_rooms=1&group_children=0&req_children=0&hpos=25&hapos=125&sr_order=popularity&srpvid=440f55fbd93f0178&srepoch=1785759240&all_sr_blocks=1328618403_405440327_2_1_0_1113662&highlighted_blocks=1328618403_405440327_2_1_0_1113662&matching_block_id=1328618403_405440327_2_1_0_1113662&sr_pri_blocks=1328618403_405440327_2_1_0_1113662_2084925&from=searchresults,20849,9.1,182.0,Karachi,6.2,Queen Room,1 large double bed,1,0,0,https://cf.bstatic.com/xdata/images/hotel/square240/669647437.webp?k=183eb8a72e1374dc9142c4fb96ceff5a82a88ae6c460b38a122e7b2ae3719bf1&o=,4,Karachi
One bedroom luxury apartment 1st floor with kitchen,https://www.booking.com/hotel/pk/one-bedroom-luxury-apartment-1st-floor-with-kitchen.en-gb.html?aid=304142&label=gen173nr-10CAQoggJCDWNpdHlfLTI3NjQ1ODRICVgEaLUBiAEBmAEzuAEHyAEM2AED6AEB-AEBiAIBqAIBuAL2i8LTBsACAdICJDM2N2ZjNzMzLWQxZjMtNGIzYy1hNzk4LTM5NDA5M2M3YTk2OdgCAeACAQ&ucfs=1&arphpl=1&checkin=2026-08-06&checkout=2026-08-07&dest_id=-2764584&dest_type=city&group_adults=2&req_adults=2&no_rooms=1&group_children=0&req_children=0&hpos=1&hapos=126&sr_order=popularity&srpvid=440f55fbd93f0178&srepoch=1785759242&all_sr_blocks=1096683501_439978882_2_0_0&highlighted_blocks=1096683501_439978882_2_0_0&matching_block_id=1096683501_439978882_2_0_0&sr_pri_blocks=1096683501_439978882_2_0_0__540000&from=searchresults,5400,7.4,10.0,Karachi,12.8,One-Bedroom Apartment,"2 beds (1 double, 1 sofa bed)",0,1,1,https://cf.bstatic.com/xdata/images/hotel/square240/588979808.webp?k=0e7494b76e19caa7a2a866178df059cc0da5a0a8477f04d3d0a5c07e43f86acd&o=,12,Karachi
Furnished One Bedroom appartment with kitchen,https://www.booking.com/hotel/pk/one-bedroom-furnished-apartment-karachi.en-gb.html?aid=304142&label=gen173nr-10CAQoggJCDWNpdHlfLTI3NjQ1ODRICVgEaLUBiAEBmAEzuAEHyAEM2AED6AEB-AEBiAIBqAIBuAL2i8LTBsACAdICJDM2N2ZjNzMzLWQxZjMtNGIzYy1hNzk4LTM5NDA5M2M3YTk2OdgCAeACAQ&ucfs=1&arphpl=1&checkin=2026-08-06&checkout=2026-08-07&dest_id=-2764584&dest_type=city&group_adults=2&req_adults=2&no_rooms=1&group_children=0&req_children=0&hpos=2&hapos=127&sr_order=popularity&srpvid=440f55fbd93f0178&srepoch=1785759242&all_sr_blocks=1223541201_439978880_0_0_0&highlighted_blocks=1223541201_439978880_0_0_0&matching_block_id=1223541201_439978880_0_0_0&sr_pri_blocks=1223541201_439978880_0_0_0__540000&from=searchresults,5400,6.4,14.0,Karachi,9.3,One-Bedroom Apartment,"2 beds (1 double, 1 sofa bed)",0,1,1,https://cf.bstatic.com/xdata/images/hotel/square240/567701521.webp?k=130e994c197346d219b532fb61907118d210ca110544598825f772c80ba6cfa0&o=,9,Karachi
Imperial Inn Guest House Karachi,https://www.booking.com/hotel/pk/imperial-inn-karachi1.en-gb.html?aid=304142&label=gen173nr-10CAQoggJCDWNpdHlfLTI3NjQ1ODRICVgEaLUBiAEBmAEzuAEHyAEM2AED6AEB-AEBiAIBqAIBuAL2i8LTBsACAdICJDM2N2ZjNzMzLWQxZjMtNGIzYy1hNzk4LTM5NDA5M2M3YTk2OdgCAeACAQ&ucfs=1&arphpl=1&checkin=2026-08-06&checkout=2026-08-07&dest_id=-2764584&dest_type=city&group_adults=2&req_adults=2&no_rooms=1&group_children=0&req_children=0&hpos=3&hapos=128&sr_order=popularity&srpvid=440f55fbd93f0178&srepoch=1785759242&all_sr_blocks=1471769304_418519156_2_2_0&highlighted_blocks=1471769304_418519156_2_2_0&matching_block_id=1471769304_418519156_2_2_0&sr_pri_blocks=1471769304_418519156_2_2_0__1009800&from=searchresults,10098,7.3,9.0,"PECHS, Karachi",1.6,Family Room,2 double beds,0,0,0,https://cf.bstatic.com/xdata/images/hotel/square240/727635108.webp?k=3ad68536dbb99f77ac49b9d97b11a8e6d15aa0bcf9fec38c56c55853823903fa&o=,8,Karachi
Patel Residency Guest House,https://www.booking.com/hotel/pk/patel-residency-guest-house.en-gb.html?aid=304142&label=gen173nr-10CAQoggJCDWNpdHlfLTI3NjQ1ODRICVgEaLUBiAEBmAEzuAEHyAEM2AED6AEB-AEBiAIBqAIBuAL2i8LTBsACAdICJDM2N2ZjNzMzLWQxZjMtNGIzYy1hNzk4LTM5NDA5M2M3YTk2OdgCAeACAQ&ucfs=1&arphpl=1&checkin=2026-08-06&checkout=2026-08-07&dest_id=-2764584&dest_type=city&group_adults=2&req_adults=2&no_rooms=1&group_children=0&req_children=0&hpos=4&hapos=129&sr_order=popularity&srpvid=440f55fbd93f0178&srepoch=1785759242&all_sr_blocks=180215504_200085374_2_41_0&highlighted_blocks=180215504_200085374_2_41_0&matching_block_id=180215504_200085374_2_41_0&sr_pri_blocks=180215504_200085374_2_41_0__682500&from=searchresults,6825,6.5,43.0,Karachi,2.5,Deluxe Double Room,1 double bed,1,0,0,https://cf.bstatic.com/xdata/images/hotel/square240/81341125.webp?k=c7d8056c097f33dd0718befe45ccb094090dadeaa5a3a957812f59aaf1798baf&o=,6,Karachi
Diamond Lodge,https://www.booking.com/hotel/pk/diamond-house.en-gb.html?aid=304142&label=gen173nr-10CAQoggJCDWNpdHlfLTI3NjQ1ODRICVgEaLUBiAEBmAEzuAEHyAEM2AED6AEB-AEBiAIBqAIBuAL2i8LTBsACAdICJDM2N2ZjNzMzLWQxZjMtNGIzYy1hNzk4LTM5NDA5M2M3YTk2OdgCAeACAQ&ucfs=1&arphpl=1&checkin=2026-08-06&checkout=2026-08-07&dest_id=-2764584&dest_type=city&group_adults=2&req_adults=2&no_rooms=1&group_children=0&req_children=0&hpos=5&hapos=130&sr_order=popularity&srpvid=440f55fbd93f0178&srepoch=1785759242&all_sr_blocks=685886501_418366457_2_2_0&highlighted_blocks=685886501_418366457_2_2_0&matching_block_id=685886501_418366457_2_2_0&sr_pri_blocks=685886501_418366457_2_2_0__999900&from=searchresults,9999,7.3,272.0,"D.H.A., Karachi (D.H.A.)",6.0,Deluxe Double Room,1 large double bed,0,1,1,https://cf.bstatic.com/xdata/images/hotel/square240/406211376.webp?k=7567a711de37a4d250368c84b4e224045f07f5b285764a610d351d3af4ae1a62&o=,6,Karachi
Umar house,https://www.booking.com/hotel/pk/umar-house.en-gb.html?aid=304142&label=gen173nr-10CAQoggJCDWNpdHlfLTI3NjQ1ODRICVgEaLUBiAEBmAEzuAEHyAEM2AED6AEB-AEBiAIBqAIBuAL2i8LTBsACAdICJDM2N2ZjNzMzLWQxZjMtNGIzYy1hNzk4LTM5NDA5M2M3YTk2OdgCAeACAQ&ucfs=1&arphpl=1&checkin=2026-08-06&checkout=2026-08-07&dest_id=-2764584&dest_type=city&group_adults=2&req_adults=2&no_rooms=1&group_children=0&req_children=0&hpos=6&hapos=131&sr_order=popularity&srpvid=440f55fbd93f0178&srepoch=1785759242&all_sr_blocks=1696208401_441300092_2_0_0&highlighted_blocks=1696208401_441300092_2_0_0&matching_block_id=1696208401_441300092_2_0_0&sr_pri_blocks=1696208401_441300092_2_0_0__425000&from=searchresults,4250,,,Karachi,3.4,Family Room,1 extra-large double bed,0,1,1,https://cf.bstatic.com/xdata/images/hotel/square240/900276689.webp?k=7dd7d03de438c2de29913eb92b8894a8bb526408db3fea040c45de00f6c7f4dc&o=,4,Karachi
Creek Walk Flats,https://www.booking.com/hotel/pk/creek-walk-flats.en-gb.html?aid=304142&label=gen173nr-10CAQoggJCDWNpdHlfLTI3NjQ1ODRICVgEaLUBiAEBmAEzuAEHyAEM2AED6AEB-AEBiAIBqAIBuAL2i8LTBsACAdICJDM2N2ZjNzMzLWQxZjMtNGIzYy1hNzk4LTM5NDA5M2M3YTk2OdgCAeACAQ&ucfs=1&arphpl=1&checkin=2026-08-06&checkout=2026-08-07&dest_id=-2764584&dest_type=city&group_adults=2&req_adults=2&no_rooms=1&group_children=0&req_children=0&hpos=7&hapos=132&sr_order=popularity&srpvid=440f55fbd93f0178&srepoch=1785759242&all_sr_blocks=1683458801_440088394_6_0_0&highlighted_blocks=1683458801_440088394_6_0_0&matching_block_id=1683458801_440088394_6_0_0&sr_pri_blocks=1683458801_440088394_6_0_0__1530000&from=searchresults,15300,,,"D.H.A., Karachi (D.H.A.)",9.1,Two-Bedroom Apartment,2 double beds,0,1,1,https://cf.bstatic.com/xdata/images/hotel/square240/892623834.webp?k=9b1485825d32bfb5a7b4cde1e5d32697399ca9395fe1264f587864840c7b440c&o=,5,Karachi
Designer Flat 104 Entire 2 Bedrooms lounge Kitchen AC Microwave Refrigerator Hot Water 24-7 electricity water gas lift with standby generator Security Surveillance Parking unmarried couples not allowed,https://www.booking.com/hotel/pk/designer-flat-2-airconditioned-bedrooms-lounge-kitchen-hot-water-security-survey.en-gb.html?aid=304142&label=gen173nr-10CAQoggJCDWNpdHlfLTI3NjQ1ODRICVgEaLUBiAEBmAEzuAEHyAEM2AED6AEB-AEBiAIBqAIBuAL2i8LTBsACAdICJDM2N2ZjNzMzLWQxZjMtNGIzYy1hNzk4LTM5NDA5M2M3YTk2OdgCAeACAQ&ucfs=1&arphpl=1&checkin=2026-08-06&checkout=2026-08-07&dest_id=-2764584&dest_type=city&group_adults=2&req_adults=2&no_rooms=1&group_children=0&req_children=0&hpos=8&hapos=133&sr_order=popularity&srpvid=440f55fbd93f0178&srepoch=1785759242&all_sr_blocks=1356605001_407989788_2_0_0_799644&highlighted_blocks=1356605001_407989788_2_0_0_799644&matching_block_id=1356605001_407989788_2_0_0_799644&sr_pri_blocks=1356605001_407989788_2_0_0_799644_476000&from=searchresults,4760,9.3,4.0,Karachi,9.9,Two-Bedroom Apartment,"4 beds (2 doubles, 2 sofa beds)",0,0,1,https://cf.bstatic.com/xdata/images/hotel/square240/645359220.webp?k=ff3f00b85693e56c2144fb0f88ff1a7b6beb4103ea24b2e7d7eba9eb8a856083&o=,3,Karachi
Majestic BnB,https://www.booking.com/hotel/pk/majestic-bnb.en-gb.html?aid=304142&label=gen173nr-10CAQoggJCDWNpdHlfLTI3NjQ1ODRICVgEaLUBiAEBmAEzuAEHyAEM2AED6AEB-AEBiAIBqAIBuAL2i8LTBsACAdICJDM2N2ZjNzMzLWQxZjMtNGIzYy1hNzk4LTM5NDA5M2M3YTk2OdgCAeACAQ&ucfs=1&arphpl=1&checkin=2026-08-06&checkout=2026-08-07&dest_id=-2764584&dest_type=city&group_adults=2&req_adults=2&no_rooms=1&group_children=0&req_children=0&hpos=9&hapos=134&sr_order=popularity&srpvid=440f55fbd93f0178&srepoch=1785759242&all_sr_blocks=1402175503_429629513_2_1_0&highlighted_blocks=1402175503_429629513_2_1_0&matching_block_id=1402175503_429629513_2_1_0&sr_pri_blocks=1402175503_429629513_2_1_0__960000&from=searchresults,9600,8.3,37.0,"D.H.A., Karachi (D.H.A.)",5.6,Deluxe Double Room (2 Adults + 1 Child),1 extra-large double bed,1,1,1,https://cf.bstatic.com/xdata/images/hotel/square240/787236950.webp?k=bfec896cabf1cfec329b6c1c229ce35dbdec6f6c9fa89fe861d5e9571e99cb46&o=,13,Karachi
The Galaxy Family Guest House,https://www.booking.com/hotel/pk/bnb-appartment.en-gb.html?aid=304142&label=gen173nr-10CAQoggJCDWNpdHlfLTI3NjQ1ODRICVgEaLUBiAEBmAEzuAEHyAEM2AED6AEB-AEBiAIBqAIBuAL2i8LTBsACAdICJDM2N2ZjNzMzLWQxZjMtNGIzYy1hNzk4LTM5NDA5M2M3YTk2OdgCAeACAQ&ucfs=1&arphpl=1&checkin=2026-08-06&checkout=2026-08-07&dest_id=-2764584&dest_type=city&group_adults=2&req_adults=2&no_rooms=1&group_children=0&req_children=0&hpos=10&hapos=135&sr_order=popularity&srpvid=440f55fbd93f0178&srepoch=1785759242&all_sr_blocks=1455783302_416880528_2_0_0&highlighted_blocks=1455783302_416880528_2_0_0&matching_block_id=1455783302_416880528_2_0_0&sr_pri_blocks=1455783302_416880528_2_0_0__510000&from=searchresults,5100,10,2.0,"Gulshan-E-Jamal, Karachi",7.4,Superior Double Room,1 double bed,0,1,1,https://cf.bstatic.com/xdata/images/hotel/square240/773285951.webp?k=ac1266f16cf9dc49bceda38d4dc503645f0d4924589d7f087e6768bf2380c011&o=,5,Karachi
"Family Guest House in Gulshan-e-iqbal , block-10",https://www.booking.com/hotel/pk/family-guest-house-in-gulshan-e-iqbal-block-10.en-gb.html?aid=304142&label=gen173nr-10CAQoggJCDWNpdHlfLTI3NjQ1ODRICVgEaLUBiAEBmAEzuAEHyAEM2AED6AEB-AEBiAIBqAIBuAL2i8LTBsACAdICJDM2N2ZjNzMzLWQxZjMtNGIzYy1hNzk4LTM5NDA5M2M3YTk2OdgCAeACAQ&ucfs=1&arphpl=1&checkin=2026-08-06&checkout=2026-08-07&dest_id=-2764584&dest_type=city&group_adults=2&req_adults=2&no_rooms=1&group_children=0&req_children=0&hpos=11&hapos=136&sr_order=popularity&srpvid=440f55fbd93f0178&srepoch=1785759242&all_sr_blocks=1065331301_378932883_0_2_0&highlighted_blocks=1065331301_378932883_0_2_0&matching_block_id=1065331301_378932883_0_2_0&sr_pri_blocks=1065331301_378932883_0_2_0__490000&from=searchresults,4900,6.2,11.0,Karachi,7.1,Budget Double Room,2 single beds,0,1,1,https://cf.bstatic.com/xdata/images/hotel/square240/856484498.webp?k=613aecfa92a9f51f3ddc9615797c1d270757dab9a66d438d9af24020bcfb6b5d&o=,8,Karachi
Luxury studio in Dha phase 6,https://www.booking.com/hotel/pk/luxury-studio-apartment-reasonable.en-gb.html?aid=304142&label=gen173nr-10CAQoggJCDWNpdHlfLTI3NjQ1ODRICVgEaLUBiAEBmAEzuAEHyAEM2AED6AEB-AEBiAIBqAIBuAL2i8LTBsACAdICJDM2N2ZjNzMzLWQxZjMtNGIzYy1hNzk4LTM5NDA5M2M3YTk2OdgCAeACAQ&ucfs=1&arphpl=1&checkin=2026-08-06&checkout=2026-08-07&dest_id=-2764584&dest_type=city&group_adults=2&req_adults=2&no_rooms=1&group_children=0&req_children=0&hpos=12&hapos=137&sr_order=popularity&srpvid=440f55fbd93f0178&srepoch=1785759242&all_sr_blocks=1479535301_419416419_5_0_0&highlighted_blocks=1479535301_419416419_5_0_0&matching_block_id=1479535301_419416419_5_0_0&sr_pri_blocks=1479535301_419416419_5_0_0__1035000&from=searchresults,10350,5.7,18.0,"D.H.A., Karachi (D.H.A.)",9.5,One-Bedroom Apartment,"2 beds (1 double, 1 sofa bed)",0,0,0,https://cf.bstatic.com/xdata/images/hotel/square240/766924981.webp?k=603b14e8356a1e2e6e5ea7c5a689466e017d9f0a48e1a05c12c1a9525c77ff2f&o=,8,Karachi
Designer 1BR & 2BR Apartment in DHA With TV & AC,https://www.booking.com/hotel/pk/designer-1br-amp-2br-apartment-in-dha-with-tv-amp-ac.en-gb.html?aid=304142&label=gen173nr-10CAQoggJCDWNpdHlfLTI3NjQ1ODRICVgEaLUBiAEBmAEzuAEHyAEM2AED6AEB-AEBiAIBqAIBuAL2i8LTBsACAdICJDM2N2ZjNzMzLWQxZjMtNGIzYy1hNzk4LTM5NDA5M2M3YTk2OdgCAeACAQ&ucfs=1&arphpl=1&checkin=2026-08-06&checkout=2026-08-07&dest_id=-2764584&dest_type=city&group_adults=2&req_adults=2&no_rooms=1&group_children=0&req_children=0&hpos=13&hapos=138&sr_order=popularity&srpvid=440f55fbd93f0178&srepoch=1785759242&all_sr_blocks=1646145002_434619946_3_0_0&highlighted_blocks=1646145002_434619946_3_0_0&matching_block_id=1646145002_434619946_3_0_0&sr_pri_blocks=1646145002_434619946_3_0_0__1200000&from=searchresults,12000,7.8,12.0,"D.H.A., Karachi (D.H.A.)",8.9,One-Bedroom Apartment,1 extra-large double bed,0,1,1,https://cf.bstatic.com/xdata/images/hotel/square240/870007248.webp?k=065ae1de907d492c4031521430a1a69266a38afd01a3d4c220fc0c9ef1fa22ff&o=,13,Karachi
One Bedroom studio apartment with kitchen,https://www.booking.com/hotel/pk/one-bedroom-studio-apartment-with-kitchen.en-gb.html?aid=304142&label=gen173nr-10CAQoggJCDWNpdHlfLTI3NjQ1ODRICVgEaLUBiAEBmAEzuAEHyAEM2AED6AEB-AEBiAIBqAIBuAL2i8LTBsACAdICJDM2N2ZjNzMzLWQxZjMtNGIzYy1hNzk4LTM5NDA5M2M3YTk2OdgCAeACAQ&ucfs=1&arphpl=1&checkin=2026-08-06&checkout=2026-08-07&dest_id=-2764584&dest_type=city&group_adults=2&req_adults=2&no_rooms=1&group_children=0&req_children=0&hpos=14&hapos=139&sr_order=popularity&srpvid=440f55fbd93f0178&srepoch=1785759242&all_sr_blocks=1338415101_439978877_0_0_0&highlighted_blocks=1338415101_439978877_0_0_0&matching_block_id=1338415101_439978877_0_0_0&sr_pri_blocks=1338415101_439978877_0_0_0__648000&from=searchresults,6480,7.8,12.0,Karachi,13.3,One-Bedroom Apartment,"2 beds (1 double, 1 sofa bed)",0,1,1,https://cf.bstatic.com/xdata/images/hotel/square240/649397460.webp?k=5be5118fe5f614c7beee5eb673f0e9c5f93f2b502e437a18324f1f8d973f6dff&o=,12,Karachi
Ambiance Boutique Art Hotel Karachi,https://www.booking.com/hotel/pk/ambiance-boutique-art.en-gb.html?aid=304142&label=gen173nr-10CAQoggJCDWNpdHlfLTI3NjQ1ODRICVgEaLUBiAEBmAEzuAEHyAEM2AED6AEB-AEBiAIBqAIBuAL2i8LTBsACAdICJDM2N2ZjNzMzLWQxZjMtNGIzYy1hNzk4LTM5NDA5M2M3YTk2OdgCAeACAQ&ucfs=1&arphpl=1&checkin=2026-08-06&checkout=2026-08-07&dest_id=-2764584&dest_type=city&group_adults=2&req_adults=2&no_rooms=1&group_children=0&req_children=0&hpos=15&hapos=140&sr_order=popularity&srpvid=440f55fbd93f0178&srepoch=1785759242&all_sr_blocks=900851002_412772611_2_1_0&highlighted_blocks=900851002_412772611_2_1_0&matching_block_id=900851002_412772611_2_1_0&sr_pri_blocks=900851002_412772611_2_1_0__5400000&from=searchresults,54000,9.2,376.0,"Clifton, Karachi",5.3,Terrace Suite,1 extra-large double bed,1,1,0,https://cf.bstatic.com/xdata/images/hotel/square240/832801317.webp?k=72e72f67775046e82631d750ad42fde1abcd64d29b0c7bcbb362a68a42b33296&o=,15,Karachi
Sunrise bnb Creek,https://www.booking.com/hotel/pk/majestic-creek.en-gb.html?aid=304142&label=gen173nr-10CAQoggJCDWNpdHlfLTI3NjQ1ODRICVgEaLUBiAEBmAEzuAEHyAEM2AED6AEB-AEBiAIBqAIBuAL2i8LTBsACAdICJDM2N2ZjNzMzLWQxZjMtNGIzYy1hNzk4LTM5NDA5M2M3YTk2OdgCAeACAQ&ucfs=1&arphpl=1&checkin=2026-08-06&checkout=2026-08-07&dest_id=-2764584&dest_type=city&group_adults=2&req_adults=2&no_rooms=1&group_children=0&req_children=0&hpos=16&hapos=141&sr_order=popularity&srpvid=440f55fbd93f0178&srepoch=1785759242&all_sr_blocks=1584602901_429588505_2_1_0&highlighted_blocks=1584602901_429588505_2_1_0&matching_block_id=1584602901_429588505_2_1_0&sr_pri_blocks=1584602901_429588505_2_1_0__1242000&from=searchresults,12420,7.8,11.0,"D.H.A., Karachi (D.H.A.)",6.9,Deluxe Double Room (2 Adults + 1 Child),1 extra-large double bed,1,1,1,https://cf.bstatic.com/xdata/images/hotel/square240/826832724.webp?k=ec425169ba8edac6c8774aefe3fa64838bd35b7833ddb68794541f52e4add6f8&o=,5,Karachi
Florida Nox Apartment,https://www.booking.com/hotel/pk/florida-nox-apartment.en-gb.html?aid=304142&label=gen173nr-10CAQoggJCDWNpdHlfLTI3NjQ1ODRICVgEaLUBiAEBmAEzuAEHyAEM2AED6AEB-AEBiAIBqAIBuAL2i8LTBsACAdICJDM2N2ZjNzMzLWQxZjMtNGIzYy1hNzk4LTM5NDA5M2M3YTk2OdgCAeACAQ&ucfs=1&arphpl=1&checkin=2026-08-06&checkout=2026-08-07&dest_id=-2764584&dest_type=city&group_adults=2&req_adults=2&no_rooms=1&group_children=0&req_children=0&hpos=17&hapos=142&sr_order=popularity&srpvid=440f55fbd93f0178&srepoch=1785759242&all_sr_blocks=1693137601_440965596_5_0_0&highlighted_blocks=1693137601_440965596_5_0_0&matching_block_id=1693137601_440965596_5_0_0&sr_pri_blocks=1693137601_440965596_5_0_0__1275000&from=searchresults,12750,,,"D.H.A., Karachi (D.H.A.)",7.8,Three-Bedroom Apartment,"3 beds (1 double, 1 extra-large double, 1 sofa bed)",0,1,1,https://cf.bstatic.com/xdata/images/hotel/square240/898201360.webp?k=fca89330cbee3ad2c4ad5f2a73cf6fae483b340541239ec764535e27307be708&o=,5,Karachi
The Emerald Villa,https://www.booking.com/hotel/pk/the-emerald-villa.en-gb.html?aid=304142&label=gen173nr-10CAQoggJCDWNpdHlfLTI3NjQ1ODRICVgEaLUBiAEBmAEzuAEHyAEM2AED6AEB-AEBiAIBqAIBuAL2i8LTBsACAdICJDM2N2ZjNzMzLWQxZjMtNGIzYy1hNzk4LTM5NDA5M2M3YTk2OdgCAeACAQ&ucfs=1&arphpl=1&checkin=2026-08-06&checkout=2026-08-07&dest_id=-2764584&dest_type=city&group_adults=2&req_adults=2&no_rooms=1&group_children=0&req_children=0&hpos=18&hapos=143&sr_order=popularity&srpvid=440f55fbd93f0178&srepoch=1785759242&all_sr_blocks=1686252201_440269538_2_2_0&highlighted_blocks=1686252201_440269538_2_2_0&matching_block_id=1686252201_440269538_2_2_0&sr_pri_blocks=1686252201_440269538_2_2_0__1275000&from=searchresults,12750,,,"D.H.A., Karachi (D.H.A.)",5.2,Deluxe Room (2 Adults + 1 Child),1 extra-large double bed,0,1,1,https://cf.bstatic.com/xdata/images/hotel/square240/893611109.webp?k=35f0107b90d63506a877aff8f6d015d400de102c67a1e35e29528d627f882feb&o=,4,Karachi
Show Times Capital Guest House,https://www.booking.com/hotel/pk/short-times-couple-guest-house-karachi.en-gb.html?aid=304142&label=gen173nr-10CAQoggJCDWNpdHlfLTI3NjQ1ODRICVgEaLUBiAEBmAEzuAEHyAEM2AED6AEB-AEBiAIBqAIBuAL2i8LTBsACAdICJDM2N2ZjNzMzLWQxZjMtNGIzYy1hNzk4LTM5NDA5M2M3YTk2OdgCAeACAQ&ucfs=1&arphpl=1&checkin=2026-08-06&checkout=2026-08-07&dest_id=-2764584&dest_type=city&group_adults=2&req_adults=2&no_rooms=1&group_children=0&req_children=0&hpos=19&hapos=144&sr_order=popularity&srpvid=440f55fbd93f0178&srepoch=1785759242&all_sr_blocks=813044702_343628712_2_2_0&highlighted_blocks=813044702_343628712_2_2_0&matching_block_id=813044702_343628712_2_2_0&sr_pri_blocks=813044702_343628712_2_2_0__252875&from=searchresults,2529,3.2,4.0,Karachi,6.3,Deluxe Double Room,2 single beds,0,1,1,https://cf.bstatic.com/xdata/images/hotel/square240/335795024.webp?k=62e23293a8463de7e052b79b5245a1c85eff413d4dd2d4951d2e5ac384fa9d52&o=,4,Karachi
Holidazzle Villa,https://www.booking.com/hotel/pk/holidazzle-villa.en-gb.html?aid=304142&label=gen173nr-10CAQoggJCDWNpdHlfLTI3NjQ1ODRICVgEaLUBiAEBmAEzuAEHyAEM2AED6AEB-AEBiAIBqAIBuAL2i8LTBsACAdICJDM2N2ZjNzMzLWQxZjMtNGIzYy1hNzk4LTM5NDA5M2M3YTk2OdgCAeACAQ&ucfs=1&arphpl=1&checkin=2026-08-06&checkout=2026-08-07&dest_id=-2764584&dest_type=city&group_adults=2&req_adults=2&no_rooms=1&group_children=0&req_children=0&hpos=20&hapos=145&sr_order=popularity&srpvid=440f55fbd93f0178&srepoch=1785759242&all_sr_blocks=1192880001_391585081_2_1_0&highlighted_blocks=1192880001_391585081_2_1_0&matching_block_id=1192880001_391585081_2_1_0&sr_pri_blocks=1192880001_391585081_2_1_0__800000&from=searchresults,8000,7.9,92.0,Karachi,30.1,Superior Double Room,"2 beds (1 extra-large double, 1 futon)",1,1,1,https://cf.bstatic.com/xdata/images/hotel/square240/548531972.webp?k=f291d73881b18a707acf2b22fd2e02e773d89abbc6fdd1abdec56f7ecc10941b&o=,14,Karachi
The Elet Signature Boutique Hotel,https://www.booking.com/hotel/pk/the-elet-signature-boutique-karachi5.en-gb.html?aid=304142&label=gen173nr-10CAQoggJCDWNpdHlfLTI3NjQ1ODRICVgEaLUBiAEBmAEzuAEHyAEM2AED6AEB-AEBiAIBqAIBuAL2i8LTBsACAdICJDM2N2ZjNzMzLWQxZjMtNGIzYy1hNzk4LTM5NDA5M2M3YTk2OdgCAeACAQ&ucfs=1&arphpl=1&checkin=2026-08-06&checkout=2026-08-07&dest_id=-2764584&dest_type=city&group_adults=2&req_adults=2&no_rooms=1&group_children=0&req_children=0&hpos=21&hapos=146&sr_order=popularity&srpvid=440f55fbd93f0178&srepoch=1785759242&all_sr_blocks=1463905501_417695953_2_1_0&highlighted_blocks=1463905501_417695953_2_1_0&matching_block_id=1463905501_417695953_2_1_0&sr_pri_blocks=1463905501_417695953_2_1_0__1350000&from=searchresults,13500,8.7,15.0,"Clifton, Karachi",7.1,Double Room,1 double bed,1,0,0,https://cf.bstatic.com/xdata/images/hotel/square240/722024729.webp?k=391c041994cb571f98b3da770c8eff1ca8b615fdc480fd02da8de76091eb433e&o=,7,Karachi
Florida DHA Luxury Apartment,https://www.booking.com/hotel/pk/dha-luxury-apartment-karachi.en-gb.html?aid=304142&label=gen173nr-10CAQoggJCDWNpdHlfLTI3NjQ1ODRICVgEaLUBiAEBmAEzuAEHyAEM2AED6AEB-AEBiAIBqAIBuAL2i8LTBsACAdICJDM2N2ZjNzMzLWQxZjMtNGIzYy1hNzk4LTM5NDA5M2M3YTk2OdgCAeACAQ&ucfs=1&arphpl=1&checkin=2026-08-06&checkout=2026-08-07&dest_id=-2764584&dest_type=city&group_adults=2&req_adults=2&no_rooms=1&group_children=0&req_children=0&hpos=22&hapos=147&sr_order=popularity&srpvid=440f55fbd93f0178&srepoch=1785759242&all_sr_blocks=1681212501_439877978_6_0_0&highlighted_blocks=1681212501_439877978_6_0_0&matching_block_id=1681212501_439877978_6_0_0&sr_pri_blocks=1681212501_439877978_6_0_0__1275000&from=searchresults,12750,10,1.0,"D.H.A., Karachi (D.H.A.)",7.8,Two-Bedroom Apartment,"2 beds (1 single, 1 double)",0,1,1,https://cf.bstatic.com/xdata/images/hotel/square240/891500203.webp?k=80ac6be59f8d9d757f32d402ff2cfc3a43060ca2eba293f3cec9de606a7ef430&o=,5,Karachi
Fully furnished paying guest accommodation,https://www.booking.com/hotel/pk/fully-furnished-paying-guest-accommodation-karachi2.en-gb.html?aid=304142&label=gen173nr-10CAQoggJCDWNpdHlfLTI3NjQ1ODRICVgEaLUBiAEBmAEzuAEHyAEM2AED6AEB-AEBiAIBqAIBuAL2i8LTBsACAdICJDM2N2ZjNzMzLWQxZjMtNGIzYy1hNzk4LTM5NDA5M2M3YTk2OdgCAeACAQ&ucfs=1&arphpl=1&checkin=2026-08-06&checkout=2026-08-07&dest_id=-2764584&dest_type=city&group_adults=2&req_adults=2&no_rooms=1&group_children=0&req_children=0&hpos=23&hapos=148&sr_order=popularity&srpvid=440f55fbd93f0178&srepoch=1785759242&all_sr_blocks=1584631001_430420873_2_1_0&highlighted_blocks=1584631001_430420873_2_1_0&matching_block_id=1584631001_430420873_2_1_0&sr_pri_blocks=1584631001_430420873_2_1_0__440000&from=searchresults,4400,,,Karachi,14.6,Deluxe Room,1 large double bed,1,1,1,https://cf.bstatic.com/xdata/images/hotel/square240/826144582.webp?k=d8248a6c56a645642cd0cbdf384154b3578757d05426512aa41080e8deae53b3&o=,5,Karachi
Luxury Living Penthouse Gulshan Iqbal Block#7,https://www.booking.com/hotel/pk/luxury-living-penthouse-gulshan-iqbal-block-7.en-gb.html?aid=304142&label=gen173nr-10CAQoggJCDWNpdHlfLTI3NjQ1ODRICVgEaLUBiAEBmAEzuAEHyAEM2AED6AEB-AEBiAIBqAIBuAL2i8LTBsACAdICJDM2N2ZjNzMzLWQxZjMtNGIzYy1hNzk4LTM5NDA5M2M3YTk2OdgCAeACAQ&ucfs=1&arphpl=1&checkin=2026-08-06&checkout=2026-08-07&dest_id=-2764584&dest_type=city&group_adults=2&req_adults=2&no_rooms=1&group_children=0&req_children=0&hpos=24&hapos=149&sr_order=popularity&srpvid=440f55fbd93f0178&srepoch=1785759242&all_sr_blocks=1211918701_393351750_2_0_0&highlighted_blocks=1211918701_393351750_2_0_0&matching_block_id=1211918701_393351750_2_0_0&sr_pri_blocks=1211918701_393351750_2_0_0__1120000&from=searchresults,11200,9.1,19.0,Karachi,9.0,One-Bedroom House,"2 beds (1 extra-large double, 1 futon)",0,1,1,https://cf.bstatic.com/xdata/images/hotel/square240/560356325.webp?k=1c2a42da9b1e5059f20e0839975c2c96746ce56b41ce6d8264a3a74cfdbd7c7f&o=,5,Karachi
Cozy 2-Bed Portion at Gulshan Iqbal blk 7,https://www.booking.com/hotel/pk/luxury-living-apartment.en-gb.html?aid=304142&label=gen173nr-10CAQoggJCDWNpdHlfLTI3NjQ1ODRICVgEaLUBiAEBmAEzuAEHyAEM2AED6AEB-AEBiAIBqAIBuAL2i8LTBsACAdICJDM2N2ZjNzMzLWQxZjMtNGIzYy1hNzk4LTM5NDA5M2M3YTk2OdgCAeACAQ&ucfs=1&arphpl=1&checkin=2026-08-06&checkout=2026-08-07&dest_id=-2764584&dest_type=city&group_adults=2&req_adults=2&no_rooms=1&group_children=0&req_children=0&hpos=25&hapos=150&sr_order=popularity&srpvid=440f55fbd93f0178&srepoch=1785759242&all_sr_blocks=1056513202_378238176_2_0_0&highlighted_blocks=1056513202_378238176_2_0_0&matching_block_id=1056513202_378238176_2_0_0&sr_pri_blocks=1056513202_378238176_2_0_0__1080000&from=searchresults,10800,8.3,19.0,Karachi,9.1,Double Room with Terrace,"2 beds (1 extra-large double, 1 futon)",0,0,0,https://cf.bstatic.com/xdata/images/hotel/square240/547039537.webp?k=ef3344af8b393883f2f13ef238bbe0aaa607800200d25a2ef9420b93c2724483&o=,3,Karachi
Luxurious Villa In Bahria Town Karachi By Luxus Residencia,https://www.booking.com/hotel/pk/bahria-oasis.en-gb.html?aid=304142&label=gen173nr-10CAQoggJCDWNpdHlfLTI3NjQ1ODRICVgEaLUBiAEBmAEzuAEHyAEM2AED6AEB-AEBiAIBqAIBuAL2i8LTBsACAdICJDM2N2ZjNzMzLWQxZjMtNGIzYy1hNzk4LTM5NDA5M2M3YTk2OdgCAeACAQ&ucfs=1&arphpl=1&checkin=2026-08-06&checkout=2026-08-07&dest_id=-2764584&dest_type=city&group_adults=2&req_adults=2&no_rooms=1&group_children=0&req_children=0&hpos=1&hapos=151&sr_order=popularity&srpvid=440f55fbd93f0178&srepoch=1785759245&all_sr_blocks=1434013901_414942796_3_0_0&highlighted_blocks=1434013901_414942796_3_0_0&matching_block_id=1434013901_414942796_3_0_0&sr_pri_blocks=1434013901_414942796_3_0_0__1235000&from=searchresults,12350,7.0,1.0,Karachi,34.7,One-Bedroom Villa,"4 beds (2 doubles, 2 sofa beds)",0,1,1,https://cf.bstatic.com/xdata/images/hotel/square240/695341804.webp?k=ae467b5fec8abf8710034632f13cf1d2d53702b3f43859da615ee780a9608d69&o=,4,Karachi
The White Suites,https://www.booking.com/hotel/pk/creek-white-villas.en-gb.html?aid=304142&label=gen173nr-10CAQoggJCDWNpdHlfLTI3NjQ1ODRICVgEaLUBiAEBmAEzuAEHyAEM2AED6AEB-AEBiAIBqAIBuAL2i8LTBsACAdICJDM2N2ZjNzMzLWQxZjMtNGIzYy1hNzk4LTM5NDA5M2M3YTk2OdgCAeACAQ&ucfs=1&arphpl=1&checkin=2026-08-06&checkout=2026-08-07&dest_id=-2764584&dest_type=city&group_adults=2&req_adults=2&no_rooms=1&group_children=0&req_children=0&hpos=2&hapos=152&sr_order=popularity&srpvid=440f55fbd93f0178&srepoch=1785759245&all_sr_blocks=1352567705_433329465_2_0_0&highlighted_blocks=1352567705_433329465_2_0_0&matching_block_id=1352567705_433329465_2_0_0&sr_pri_blocks=1352567705_433329465_2_0_0__3043478&from=searchresults,30435,9.6,23.0,"D.H.A., Karachi (D.H.A.)",10.9,Junior Suite,1 extra-large double bed,0,1,1,https://cf.bstatic.com/xdata/images/hotel/square240/682087405.webp?k=2db326460ea6d42e8af72ab039aa5385459df04e7cd8abb9c86557f31afb0354&o=,5,Karachi
BLUE horizon,https://www.booking.com/hotel/pk/blue-horizon.en-gb.html?aid=304142&label=gen173nr-10CAQoggJCDWNpdHlfLTI3NjQ1ODRICVgEaLUBiAEBmAEzuAEHyAEM2AED6AEB-AEBiAIBqAIBuAL2i8LTBsACAdICJDM2N2ZjNzMzLWQxZjMtNGIzYy1hNzk4LTM5NDA5M2M3YTk2OdgCAeACAQ&ucfs=1&arphpl=1&checkin=2026-08-06&checkout=2026-08-07&dest_id=-2764584&dest_type=city&group_adults=2&req_adults=2&no_rooms=1&group_children=0&req_children=0&hpos=3&hapos=153&sr_order=popularity&srpvid=440f55fbd93f0178&srepoch=1785759245&all_sr_blocks=1675783601_439316104_2_1_0&highlighted_blocks=1675783601_439316104_2_1_0&matching_block_id=1675783601_439316104_2_1_0&sr_pri_blocks=1675783601_439316104_2_1_0__680000&from=searchresults,6800,,,Karachi,8.4,Double Room,6 double beds,1,1,1,https://cf.bstatic.com/xdata/images/hotel/square240/888459761.webp?k=549bd4b0a686e29d40e5b6b50ae5f058a55958b812bee63477a1d9b222cb0889&o=,4,Karachi
Holiday Inn Express Guest House,https://www.booking.com/hotel/pk/holiday-inn-express-guest-house-karachi.en-gb.html?aid=304142&label=gen173nr-10CAQoggJCDWNpdHlfLTI3NjQ1ODRICVgEaLUBiAEBmAEzuAEHyAEM2AED6AEB-AEBiAIBqAIBuAL2i8LTBsACAdICJDM2N2ZjNzMzLWQxZjMtNGIzYy1hNzk4LTM5NDA5M2M3YTk2OdgCAeACAQ&ucfs=1&arphpl=1&checkin=2026-08-06&checkout=2026-08-07&dest_id=-2764584&dest_type=city&group_adults=2&req_adults=2&no_rooms=1&group_children=0&req_children=0&hpos=4&hapos=154&sr_order=popularity&srpvid=440f55fbd93f0178&srepoch=1785759245&all_sr_blocks=840237501_350678952_2_0_0&highlighted_blocks=840237501_350678952_2_0_0&matching_block_id=840237501_350678952_2_0_0&sr_pri_blocks=840237501_350678952_2_0_0__243000&from=searchresults,2430,1.3,7.0,Karachi,7.7,Deluxe Double Room,2 single beds,0,0,0,https://cf.bstatic.com/xdata/images/hotel/square240/351516263.webp?k=13ee1d2ec4c355cb8cfc9f51ecb121d8a9f1a12637f790607dedc13ecaf0b68f&o=,8,Karachi
White House Karachi,https://www.booking.com/hotel/pk/white-house-karachi.en-gb.html?aid=304142&label=gen173nr-10CAQoggJCDWNpdHlfLTI3NjQ1ODRICVgEaLUBiAEBmAEzuAEHyAEM2AED6AEB-AEBiAIBqAIBuAL2i8LTBsACAdICJDM2N2ZjNzMzLWQxZjMtNGIzYy1hNzk4LTM5NDA5M2M3YTk2OdgCAeACAQ&ucfs=1&arphpl=1&checkin=2026-08-06&checkout=2026-08-07&dest_id=-2764584&dest_type=city&group_adults=2&req_adults=2&no_rooms=1&group_children=0&req_children=0&hpos=5&hapos=155&sr_order=popularity&srpvid=440f55fbd93f0178&srepoch=1785759245&all_sr_blocks=1279996001_400891405_2_41_0&highlighted_blocks=1279996001_400891405_2_41_0&matching_block_id=1279996001_400891405_2_41_0&sr_pri_blocks=1279996001_400891405_2_41_0__1104000&from=searchresults,11040,7.6,31.0,"D.H.A., Karachi (D.H.A.)",3.9,Deluxe Family Room,"2 beds (1 double, 1 extra-large double)",1,0,0,https://cf.bstatic.com/xdata/images/hotel/square240/754201345.webp?k=12f11588fc37982b4784c03a5bf2be5890add894b9b8220bd377b57fa67f6b53&o=,10,Karachi
Hotel Family Guest House,https://www.booking.com/hotel/pk/family-guest-house-karachi9.en-gb.html?aid=304142&label=gen173nr-10CAQoggJCDWNpdHlfLTI3NjQ1ODRICVgEaLUBiAEBmAEzuAEHyAEM2AED6AEB-AEBiAIBqAIBuAL2i8LTBsACAdICJDM2N2ZjNzMzLWQxZjMtNGIzYy1hNzk4LTM5NDA5M2M3YTk2OdgCAeACAQ&ucfs=1&arphpl=1&checkin=2026-08-06&checkout=2026-08-07&dest_id=-2764584&dest_type=city&group_adults=2&req_adults=2&no_rooms=1&group_children=0&req_children=0&hpos=6&hapos=156&sr_order=popularity&srpvid=440f55fbd93f0178&srepoch=1785759245&all_sr_blocks=1361373101_408444995_2_0_0&highlighted_blocks=1361373101_408444995_2_0_0&matching_block_id=1361373101_408444995_2_0_0&sr_pri_blocks=1361373101_408444995_2_0_0__611924&from=searchresults,6119,3.3,4.0,Karachi,8.7,Double Room,"2 beds (1 double, 1 large double)",0,1,1,https://cf.bstatic.com/xdata/images/hotel/square240/648100475.webp?k=40afe867292e57f66cee05a8421e32497b75e83bd36553bebb00cb1356da9094&o=,8,Karachi
Studio Apartment with kitchen,https://www.booking.com/hotel/pk/studio-apartment-with-kitchen.en-gb.html?aid=304142&label=gen173nr-10CAQoggJCDWNpdHlfLTI3NjQ1ODRICVgEaLUBiAEBmAEzuAEHyAEM2AED6AEB-AEBiAIBqAIBuAL2i8LTBsACAdICJDM2N2ZjNzMzLWQxZjMtNGIzYy1hNzk4LTM5NDA5M2M3YTk2OdgCAeACAQ&ucfs=1&arphpl=1&checkin=2026-08-06&checkout=2026-08-07&dest_id=-2764584&dest_type=city&group_adults=2&req_adults=2&no_rooms=1&group_children=0&req_children=0&hpos=7&hapos=157&sr_order=popularity&srpvid=440f55fbd93f0178&srepoch=1785759245&all_sr_blocks=1280118501_420233370_2_0_0&highlighted_blocks=1280118501_420233370_2_0_0&matching_block_id=1280118501_420233370_2_0_0&sr_pri_blocks=1280118501_420233370_2_0_0__578000&from=searchresults,5780,5.8,12.0,Karachi,8.2,One-Bedroom Apartment,"3 beds (1 double, 2 sofa beds)",0,0,0,https://cf.bstatic.com/xdata/images/hotel/square240/633784658.webp?k=e42267607949cfc69fd829d045dfddd9b85b2896b83909078b3d856f1a2910a7&o=,7,Karachi
Amada Family Guest House,https://www.booking.com/hotel/pk/amada-inn-guest-house.en-gb.html?aid=304142&label=gen173nr-10CAQoggJCDWNpdHlfLTI3NjQ1ODRICVgEaLUBiAEBmAEzuAEHyAEM2AED6AEB-AEBiAIBqAIBuAL2i8LTBsACAdICJDM2N2ZjNzMzLWQxZjMtNGIzYy1hNzk4LTM5NDA5M2M3YTk2OdgCAeACAQ&ucfs=1&arphpl=1&checkin=2026-08-06&checkout=2026-08-07&dest_id=-2764584&dest_type=city&group_adults=2&req_adults=2&no_rooms=1&group_children=0&req_children=0&hpos=8&hapos=158&sr_order=popularity&srpvid=440f55fbd93f0178&srepoch=1785759245&all_sr_blocks=1340590405_426717427_0_40_0&highlighted_blocks=1340590405_426717427_0_40_0&matching_block_id=1340590405_426717427_0_40_0&sr_pri_blocks=1340590405_426717427_0_40_0__653116&from=searchresults,6531,8.1,45.0,"Gulshan-E-Jamal, Karachi",7.5,Deluxe Double Room,1 extra-large double bed,0,1,1,https://cf.bstatic.com/xdata/images/hotel/square240/864797241.webp?k=59586857bf349b5dd129fce46971c345182c33849c4c2ed08fc2e71bec5dc312&o=,12,Karachi
Prestige for you,https://www.booking.com/hotel/pk/prestige-for-you.en-gb.html?aid=304142&label=gen173nr-10CAQoggJCDWNpdHlfLTI3NjQ1ODRICVgEaLUBiAEBmAEzuAEHyAEM2AED6AEB-AEBiAIBqAIBuAL2i8LTBsACAdICJDM2N2ZjNzMzLWQxZjMtNGIzYy1hNzk4LTM5NDA5M2M3YTk2OdgCAeACAQ&ucfs=1&arphpl=1&checkin=2026-08-06&checkout=2026-08-07&dest_id=-2764584&dest_type=city&group_adults=2&req_adults=2&no_rooms=1&group_children=0&req_children=0&hpos=9&hapos=159&sr_order=popularity&srpvid=440f55fbd93f0178&srepoch=1785759245&all_sr_blocks=1476292501_419072314_3_2_0&highlighted_blocks=1476292501_419072314_3_2_0&matching_block_id=1476292501_419072314_3_2_0&sr_pri_blocks=1476292501_419072314_3_2_0__720000&from=searchresults,7200,8.0,1.0,Karachi,6.2,Apartment with Balcony,"2 beds (1 sofa bed, 1 large double)",0,0,1,https://cf.bstatic.com/xdata/images/hotel/square240/731621741.webp?k=7845f10aba2dfee34b4ec7a57eef5077a43301359a374cb3095f62e9c9f7d58d&o=,3,Karachi
Hamna guest house bahria town karachi,https://www.booking.com/hotel/pk/hamna-guest-house-bahria-town-karachi.en-gb.html?aid=304142&label=gen173nr-10CAQoggJCDWNpdHlfLTI3NjQ1ODRICVgEaLUBiAEBmAEzuAEHyAEM2AED6AEB-AEBiAIBqAIBuAL2i8LTBsACAdICJDM2N2ZjNzMzLWQxZjMtNGIzYy1hNzk4LTM5NDA5M2M3YTk2OdgCAeACAQ&ucfs=1&arphpl=1&checkin=2026-08-06&checkout=2026-08-07&dest_id=-2764584&dest_type=city&group_adults=2&req_adults=2&no_rooms=1&group_children=0&req_children=0&hpos=10&hapos=160&sr_order=popularity&srpvid=440f55fbd93f0178&srepoch=1785759245&all_sr_blocks=1670050501_438801261_6_0_0&highlighted_blocks=1670050501_438801261_6_0_0&matching_block_id=1670050501_438801261_6_0_0&sr_pri_blocks=1670050501_438801261_6_0_0__1700000&from=searchresults,17000,,,Karachi,16.9,Double Room,"5 beds (1 single, 3 doubles, 1 large double)",0,1,1,https://cf.bstatic.com/xdata/images/hotel/square240/885414913.webp?k=aea2181ee4ca8d5df5b9102d1ee59ea01cb0f92dcf5256223cd9c5333d683fde&o=,5,Karachi
OVO Stays 2BHK Apartment BTK,https://www.booking.com/hotel/pk/ovo-stays-2bhk-apartment-btk.en-gb.html?aid=304142&label=gen173nr-10CAQoggJCDWNpdHlfLTI3NjQ1ODRICVgEaLUBiAEBmAEzuAEHyAEM2AED6AEB-AEBiAIBqAIBuAL2i8LTBsACAdICJDM2N2ZjNzMzLWQxZjMtNGIzYy1hNzk4LTM5NDA5M2M3YTk2OdgCAeACAQ&ucfs=1&arphpl=1&checkin=2026-08-06&checkout=2026-08-07&dest_id=-2764584&dest_type=city&group_adults=2&req_adults=2&no_rooms=1&group_children=0&req_children=0&hpos=11&hapos=161&sr_order=popularity&srpvid=440f55fbd93f0178&srepoch=1785759245&all_sr_blocks=1685607301_440191698_2_0_0&highlighted_blocks=1685607301_440191698_2_0_0&matching_block_id=1685607301_440191698_2_0_0&sr_pri_blocks=1685607301_440191698_2_0_0__1697500&from=searchresults,16975,,,Karachi,30.8,Three-Bedroom Apartment,"3 beds (1 large double, 2 futons)",0,1,1,https://cf.bstatic.com/xdata/images/hotel/square240/893800336.webp?k=b0c69c08a3d7c04fa53d5286d9a3781435deee10b426538faa067103041a73d2&o=,5,Karachi
Nursery Guest House,https://www.booking.com/hotel/pk/nursery-guest-house.en-gb.html?aid=304142&label=gen173nr-10CAQoggJCDWNpdHlfLTI3NjQ1ODRICVgEaLUBiAEBmAEzuAEHyAEM2AED6AEB-AEBiAIBqAIBuAL2i8LTBsACAdICJDM2N2ZjNzMzLWQxZjMtNGIzYy1hNzk4LTM5NDA5M2M3YTk2OdgCAeACAQ&ucfs=1&arphpl=1&checkin=2026-08-06&checkout=2026-08-07&dest_id=-2764584&dest_type=city&group_adults=2&req_adults=2&no_rooms=1&group_children=0&req_children=0&hpos=12&hapos=162&sr_order=popularity&srpvid=440f55fbd93f0178&srepoch=1785759245&all_sr_blocks=1317020801_405462510_2_2_0&highlighted_blocks=1317020801_405462510_2_2_0&matching_block_id=1317020801_405462510_2_2_0&sr_pri_blocks=1317020801_405462510_2_2_0__580000&from=searchresults,5800,8.6,29.0,"PECHS, Karachi",1.4,Double Room,1 extra-large double bed,0,1,1,https://cf.bstatic.com/xdata/images/hotel/square240/631130820.webp?k=f6a9bfc8dd7d3688b6142c62cd223dfa9d983a2e8d6ac7c4bed3baa577427ed5&o=,13,Karachi
Dha national guest house,https://www.booking.com/hotel/pk/dha-national-guest-house-karachi.en-gb.html?aid=304142&label=gen173nr-10CAQoggJCDWNpdHlfLTI3NjQ1ODRICVgEaLUBiAEBmAEzuAEHyAEM2AED6AEB-AEBiAIBqAIBuAL2i8LTBsACAdICJDM2N2ZjNzMzLWQxZjMtNGIzYy1hNzk4LTM5NDA5M2M3YTk2OdgCAeACAQ&ucfs=1&arphpl=1&checkin=2026-08-06&checkout=2026-08-07&dest_id=-2764584&dest_type=city&group_adults=2&req_adults=2&no_rooms=1&group_children=0&req_children=0&hpos=13&hapos=163&sr_order=popularity&srpvid=440f55fbd93f0178&srepoch=1785759245&all_sr_blocks=1641969802_434381064_2_1_0&highlighted_blocks=1641969802_434381064_2_1_0&matching_block_id=1641969802_434381064_2_1_0&sr_pri_blocks=1641969802_434381064_2_1_0__550000&from=searchresults,5500,10,1.0,Karachi,9.4,Double Room,1 double bed,1,1,1,https://cf.bstatic.com/xdata/images/hotel/square240/867929949.webp?k=cea7bd86286e428fcf6403e8fadbd368a0a0afe93e7d6fb8f8c040cc11fe3c3b&o=,4,Karachi
"Modern 2BR near Clifton Sea View 5min Netflix, Parking",https://www.booking.com/hotel/pk/modern-2br-near-clifton-sea-view-5min-netflix-parking.en-gb.html?aid=304142&label=gen173nr-10CAQoggJCDWNpdHlfLTI3NjQ1ODRICVgEaLUBiAEBmAEzuAEHyAEM2AED6AEB-AEBiAIBqAIBuAL2i8LTBsACAdICJDM2N2ZjNzMzLWQxZjMtNGIzYy1hNzk4LTM5NDA5M2M3YTk2OdgCAeACAQ&ucfs=1&arphpl=1&checkin=2026-08-06&checkout=2026-08-07&dest_id=-2764584&dest_type=city&group_adults=2&req_adults=2&no_rooms=1&group_children=0&req_children=0&hpos=14&hapos=164&sr_order=popularity&srpvid=440f55fbd93f0178&srepoch=1785759245&all_sr_blocks=1462035401_417508613_0_0_0&highlighted_blocks=1462035401_417508613_0_0_0&matching_block_id=1462035401_417508613_0_0_0&sr_pri_blocks=1462035401_417508613_0_0_0__2020000&from=searchresults,20200,8.5,6.0,"D.H.A., Karachi (D.H.A.)",5.8,Two-Bedroom Apartment,2 large double beds,0,1,1,https://cf.bstatic.com/xdata/images/hotel/square240/718407397.webp?k=68a1aa1f831453b092485864e95bff795ea1859dfd5804d0fe8e6b57a5c5e38a&o=,5,Karachi
Sunset View Guest House,https://www.booking.com/hotel/pk/sunset-view-guest-house-karachi1.en-gb.html?aid=304142&label=gen173nr-10CAQoggJCDWNpdHlfLTI3NjQ1ODRICVgEaLUBiAEBmAEzuAEHyAEM2AED6AEB-AEBiAIBqAIBuAL2i8LTBsACAdICJDM2N2ZjNzMzLWQxZjMtNGIzYy1hNzk4LTM5NDA5M2M3YTk2OdgCAeACAQ&ucfs=1&arphpl=1&checkin=2026-08-06&checkout=2026-08-07&dest_id=-2764584&dest_type=city&group_adults=2&req_adults=2&no_rooms=1&group_children=0&req_children=0&hpos=15&hapos=165&sr_order=popularity&srpvid=440f55fbd93f0178&srepoch=1785759245&all_sr_blocks=1582377302_429351497_4_1_0&highlighted_blocks=1582377302_429351497_4_1_0&matching_block_id=1582377302_429351497_4_1_0&sr_pri_blocks=1582377302_429351497_4_1_0__750000&from=searchresults,7500,9.0,2.0,"D.H.A., Karachi (D.H.A.)",9.9,Double Room,2 single beds,1,1,1,https://cf.bstatic.com/xdata/images/hotel/square240/825008614.webp?k=27f71d438f634f6c6dc3469074c4d98f5d75fcec85a66a5d9a5efe28b04cedf0&o=,5,Karachi
Spacious Rooms on 1st Floor Gulshan e Iqbal BLK7,https://www.booking.com/hotel/pk/spacious-rooms-on-1st-floor-gulshan-e-iqbal-blk7.en-gb.html?aid=304142&label=gen173nr-10CAQoggJCDWNpdHlfLTI3NjQ1ODRICVgEaLUBiAEBmAEzuAEHyAEM2AED6AEB-AEBiAIBqAIBuAL2i8LTBsACAdICJDM2N2ZjNzMzLWQxZjMtNGIzYy1hNzk4LTM5NDA5M2M3YTk2OdgCAeACAQ&ucfs=1&arphpl=1&checkin=2026-08-06&checkout=2026-08-07&dest_id=-2764584&dest_type=city&group_adults=2&req_adults=2&no_rooms=1&group_children=0&req_children=0&hpos=16&hapos=166&sr_order=popularity&srpvid=440f55fbd93f0178&srepoch=1785759245&all_sr_blocks=1530979902_424622288_3_0_0&highlighted_blocks=1530979902_424622288_3_0_0&matching_block_id=1530979902_424622288_3_0_0&sr_pri_blocks=1530979902_424622288_3_0_0__990000&from=searchresults,9900,9.6,8.0,Karachi,8.3,Deluxe Double Room,"2 beds (1 extra-large double, 1 futon)",0,1,1,https://cf.bstatic.com/xdata/images/hotel/square240/860209656.webp?k=c62ac2dddb34dcea32d7ca7ea2ec480f35387c313cb81670433ea86491c49d85&o=,4,Karachi
2 rooms with lounge appartment,https://www.booking.com/hotel/pk/2-rooms-with-lounge-appartment.en-gb.html?aid=304142&label=gen173nr-10CAQoggJCDWNpdHlfLTI3NjQ1ODRICVgEaLUBiAEBmAEzuAEHyAEM2AED6AEB-AEBiAIBqAIBuAL2i8LTBsACAdICJDM2N2ZjNzMzLWQxZjMtNGIzYy1hNzk4LTM5NDA5M2M3YTk2OdgCAeACAQ&ucfs=1&arphpl=1&checkin=2026-08-06&checkout=2026-08-07&dest_id=-2764584&dest_type=city&group_adults=2&req_adults=2&no_rooms=1&group_children=0&req_children=0&hpos=17&hapos=167&sr_order=popularity&srpvid=440f55fbd93f0178&srepoch=1785759245&all_sr_blocks=1337902401_406241707_2_1_0&highlighted_blocks=1337902401_406241707_2_1_0&matching_block_id=1337902401_406241707_2_1_0&sr_pri_blocks=1337902401_406241707_2_1_0__1218263&from=searchresults,12183,,,"Gulshan-E-Jamal, Karachi",7.3,Two-Bedroom Apartment,"4 beds (1 single, 1 extra-large double, 2 sofa beds)",1,0,0,https://cf.bstatic.com/xdata/images/hotel/square240/633706628.webp?k=00098e97258c9e58c761c02c3cbaa80a2b6cb7d8817e0c3607f1147f100a8231&o=,10,Karachi
Travel Inn karachi,https://www.booking.com/hotel/pk/travel-inn-karachi-karachi.en-gb.html?aid=304142&label=gen173nr-10CAQoggJCDWNpdHlfLTI3NjQ1ODRICVgEaLUBiAEBmAEzuAEHyAEM2AED6AEB-AEBiAIBqAIBuAL2i8LTBsACAdICJDM2N2ZjNzMzLWQxZjMtNGIzYy1hNzk4LTM5NDA5M2M3YTk2OdgCAeACAQ&ucfs=1&arphpl=1&checkin=2026-08-06&checkout=2026-08-07&dest_id=-2764584&dest_type=city&group_adults=2&req_adults=2&no_rooms=1&group_children=0&req_children=0&hpos=18&hapos=168&sr_order=popularity&srpvid=440f55fbd93f0178&srepoch=1785759245&all_sr_blocks=1524264004_424072990_2_1_0&highlighted_blocks=1524264004_424072990_2_1_0&matching_block_id=1524264004_424072990_2_1_0&sr_pri_blocks=1524264004_424072990_2_1_0__700000&from=searchresults,7000,,,"Clifton, Karachi",7.2,Double or Twin Room,1 double bed,1,1,1,https://cf.bstatic.com/xdata/images/hotel/square240/774454496.webp?k=321e9a6b89f4dae0085603cecfc46ebd938317cc5d30d3afa17e5ef79f0e4704&o=,5,Karachi
Signature Living Apartments,https://www.booking.com/hotel/pk/signature-living-apartments.en-gb.html?aid=304142&label=gen173nr-10CAQoggJCDWNpdHlfLTI3NjQ1ODRICVgEaLUBiAEBmAEzuAEHyAEM2AED6AEB-AEBiAIBqAIBuAL2i8LTBsACAdICJDM2N2ZjNzMzLWQxZjMtNGIzYy1hNzk4LTM5NDA5M2M3YTk2OdgCAeACAQ&ucfs=1&arphpl=1&checkin=2026-08-06&checkout=2026-08-07&dest_id=-2764584&dest_type=city&group_adults=2&req_adults=2&no_rooms=1&group_children=0&req_children=0&hpos=19&hapos=169&sr_order=popularity&srpvid=440f55fbd93f0178&srepoch=1785759245&all_sr_blocks=1651370402_437140916_4_0_0&highlighted_blocks=1651370402_437140916_4_0_0&matching_block_id=1651370402_437140916_4_0_0&sr_pri_blocks=1651370402_437140916_4_0_0__1900000&from=searchresults,19000,,,Karachi,3.4,Two-Bedroom Apartment,"4 beds (2 singles, 1 double, 1 sofa bed)",0,1,1,https://cf.bstatic.com/xdata/images/hotel/square240/872466250.webp?k=930b0ede08454c52d9625e888f042593b0b9616938a4355f6572afb465ff93a9&o=,4,Karachi
Subhan Palace Family BNB,https://www.booking.com/hotel/pk/subhan-inn.en-gb.html?aid=304142&label=gen173nr-10CAQoggJCDWNpdHlfLTI3NjQ1ODRICVgEaLUBiAEBmAEzuAEHyAEM2AED6AEB-AEBiAIBqAIBuAL2i8LTBsACAdICJDM2N2ZjNzMzLWQxZjMtNGIzYy1hNzk4LTM5NDA5M2M3YTk2OdgCAeACAQ&ucfs=1&arphpl=1&checkin=2026-08-06&checkout=2026-08-07&dest_id=-2764584&dest_type=city&group_adults=2&req_adults=2&no_rooms=1&group_children=0&req_children=0&hpos=20&hapos=170&sr_order=popularity&srpvid=440f55fbd93f0178&srepoch=1785759245&all_sr_blocks=1339409404_406364306_0_1_0&highlighted_blocks=1339409404_406364306_0_1_0&matching_block_id=1339409404_406364306_0_1_0&sr_pri_blocks=1339409404_406364306_0_1_0__680000&from=searchresults,6800,,,Karachi,7.5,Double or Twin Room,2 single beds,1,1,1,https://cf.bstatic.com/xdata/images/hotel/square240/634716202.webp?k=1ceb9ff72d6b50cc39cb8339eaa2d092e36eea29bbc13a64aa5978e53a466d4a&o=,10,Karachi
The Reserve Boutique Hotel,https://www.booking.com/hotel/pk/the-reserve.en-gb.html?aid=304142&label=gen173nr-10CAQoggJCDWNpdHlfLTI3NjQ1ODRICVgEaLUBiAEBmAEzuAEHyAEM2AED6AEB-AEBiAIBqAIBuAL2i8LTBsACAdICJDM2N2ZjNzMzLWQxZjMtNGIzYy1hNzk4LTM5NDA5M2M3YTk2OdgCAeACAQ&ucfs=1&arphpl=1&checkin=2026-08-06&checkout=2026-08-07&dest_id=-2764584&dest_type=city&group_adults=2&req_adults=2&no_rooms=1&group_children=0&req_children=0&hpos=21&hapos=171&sr_order=popularity&srpvid=440f55fbd93f0178&srepoch=1785759245&all_sr_blocks=420426204_127727904_0_42_0&highlighted_blocks=420426204_127727904_0_42_0&matching_block_id=420426204_127727904_0_42_0&sr_pri_blocks=420426204_127727904_0_42_0__2000000&from=searchresults,20000,7.5,78.0,"D.H.A., Karachi (D.H.A.)",7.7,Deluxe Double or Twin Room,2 single beds,0,0,0,https://cf.bstatic.com/xdata/images/hotel/square240/297449184.webp?k=9f9015a3c26ca8e0a757d5c3dcf34fcafd2236f0f1e9687f315f72e568470b84&o=,3,Karachi
Hotel Royal vista,https://www.booking.com/hotel/pk/karachi3.en-gb.html?aid=304142&label=gen173nr-10CAQoggJCDWNpdHlfLTI3NjQ1ODRICVgEaLUBiAEBmAEzuAEHyAEM2AED6AEB-AEBiAIBqAIBuAL2i8LTBsACAdICJDM2N2ZjNzMzLWQxZjMtNGIzYy1hNzk4LTM5NDA5M2M3YTk2OdgCAeACAQ&ucfs=1&arphpl=1&checkin=2026-08-06&checkout=2026-08-07&dest_id=-2764584&dest_type=city&group_adults=2&req_adults=2&no_rooms=1&group_children=0&req_children=0&hpos=22&hapos=172&sr_order=popularity&srpvid=440f55fbd93f0178&srepoch=1785759245&all_sr_blocks=1622623401_433038251_2_1_0&highlighted_blocks=1622623401_433038251_2_1_0&matching_block_id=1622623401_433038251_2_1_0&sr_pri_blocks=1622623401_433038251_2_1_0__550000&from=searchresults,5500,,,"PECHS, Karachi",1.5,Double Room,"10 beds (3 singles, 6 doubles, 1 large double)",1,1,1,https://cf.bstatic.com/xdata/images/hotel/square240/857012610.webp?k=f63e47afc6d36653ee584af281e7c616a356fc331091cd1af15917732131913d&o=,4,Karachi
Karachi BNB Royal Family - Airport-Shahr-e-Faisal,https://www.booking.com/hotel/pk/bnb-family-appartment-karsaz-airport-shahr-e-faisal.en-gb.html?aid=304142&label=gen173nr-10CAQoggJCDWNpdHlfLTI3NjQ1ODRICVgEaLUBiAEBmAEzuAEHyAEM2AED6AEB-AEBiAIBqAIBuAL2i8LTBsACAdICJDM2N2ZjNzMzLWQxZjMtNGIzYy1hNzk4LTM5NDA5M2M3YTk2OdgCAeACAQ&ucfs=1&arphpl=1&checkin=2026-08-06&checkout=2026-08-07&dest_id=-2764584&dest_type=city&group_adults=2&req_adults=2&no_rooms=1&group_children=0&req_children=0&hpos=23&hapos=173&sr_order=popularity&srpvid=440f55fbd93f0178&srepoch=1785759245&all_sr_blocks=1322857101_412000721_0_1_0_1152954&highlighted_blocks=1322857101_412000721_0_1_0_1152954&matching_block_id=1322857101_412000721_0_1_0_1152954&sr_pri_blocks=1322857101_412000721_0_1_0_1152954_1572500&from=searchresults,15725,9.3,4.0,"Gulshan-E-Jamal, Karachi",7.4,Two-Bedroom Family Apartment,"7 beds (1 single, 3 extra-large doubles, 3 sofa beds)",1,0,1,https://cf.bstatic.com/xdata/images/hotel/square240/623574822.webp?k=fad81c5acd04b79cea003cfaa9a79b83a50029e92d6efb6b3e835b98caa94808&o=,11,Karachi
2 BR luxurious home-5 mins Airport,https://www.booking.com/hotel/pk/2-br-luxurious-home-5-mins-airport.en-gb.html?aid=304142&label=gen173nr-10CAQoggJCDWNpdHlfLTI3NjQ1ODRICVgEaLUBiAEBmAEzuAEHyAEM2AED6AEB-AEBiAIBqAIBuAL2i8LTBsACAdICJDM2N2ZjNzMzLWQxZjMtNGIzYy1hNzk4LTM5NDA5M2M3YTk2OdgCAeACAQ&ucfs=1&arphpl=1&checkin=2026-08-06&checkout=2026-08-07&dest_id=-2764584&dest_type=city&group_adults=2&req_adults=2&no_rooms=1&group_children=0&req_children=0&hpos=24&hapos=174&sr_order=popularity&srpvid=440f55fbd93f0178&srepoch=1785759245&all_sr_blocks=1613995701_432284311_4_0_0&highlighted_blocks=1613995701_432284311_4_0_0&matching_block_id=1613995701_432284311_4_0_0&sr_pri_blocks=1613995701_432284311_4_0_0__900000&from=searchresults,9000,,,Karachi,14.2,One-Bedroom Apartment,1 extra-large double bed,0,1,1,https://cf.bstatic.com/xdata/images/hotel/square240/849253150.webp?k=9ce199a3b74086d66dd13317f64aea47211432129e36ae75e79dd6bd4520e484&o=,4,Karachi
As&k hotel menegment,https://www.booking.com/hotel/pk/as-amp-k-menegment.en-gb.html?aid=304142&label=gen173nr-10CAQoggJCDWNpdHlfLTI3NjQ1ODRICVgEaLUBiAEBmAEzuAEHyAEM2AED6AEB-AEBiAIBqAIBuAL2i8LTBsACAdICJDM2N2ZjNzMzLWQxZjMtNGIzYy1hNzk4LTM5NDA5M2M3YTk2OdgCAeACAQ&ucfs=1&arphpl=1&checkin=2026-08-06&checkout=2026-08-07&dest_id=-2764584&dest_type=city&group_adults=2&req_adults=2&no_rooms=1&group_children=0&req_children=0&hpos=1&hapos=175&sr_order=popularity&srpvid=440f55fbd93f0178&srepoch=1785759247&all_sr_blocks=1469183101_418242510_3_2_0&highlighted_blocks=1469183101_418242510_3_2_0&matching_block_id=1469183101_418242510_3_2_0&sr_pri_blocks=1469183101_418242510_3_2_0__649900&from=searchresults,6499,,,Karachi,6.2,Deluxe Double Room with Extra Bed,Deluxe Double Room with Extra Bed,0,1,1,https://cf.bstatic.com/xdata/images/hotel/square240/725598639.webp?k=e12077bed46c7986dc7dbc86a95509e3b513fa9791f1d7876af7fc5fdb785882&o=,4,Karachi
Oasis Villas,https://www.booking.com/hotel/pk/oasis-villas.en-gb.html?aid=304142&label=gen173nr-10CAQoggJCDWNpdHlfLTI3NjQ1ODRICVgEaLUBiAEBmAEzuAEHyAEM2AED6AEB-AEBiAIBqAIBuAL2i8LTBsACAdICJDM2N2ZjNzMzLWQxZjMtNGIzYy1hNzk4LTM5NDA5M2M3YTk2OdgCAeACAQ&ucfs=1&arphpl=1&checkin=2026-08-06&checkout=2026-08-07&dest_id=-2764584&dest_type=city&group_adults=2&req_adults=2&no_rooms=1&group_children=0&req_children=0&hpos=2&hapos=176&sr_order=popularity&srpvid=440f55fbd93f0178&srepoch=1785759247&all_sr_blocks=1692587901_440907421_2_0_0&highlighted_blocks=1692587901_440907421_2_0_0&matching_block_id=1692587901_440907421_2_0_0&sr_pri_blocks=1692587901_440907421_2_0_0__1020000&from=searchresults,10200,1.0,1.0,Karachi,6.8,Double Room,1 large double bed,0,1,1,https://cf.bstatic.com/xdata/images/hotel/square240/897831923.webp?k=a26d234c72f4aeb684431bfef7e03bfb90b69e137b9f053f06b79667b4130353&o=,4,Karachi
Xefan Hotel and Suites,https://www.booking.com/hotel/pk/xefan-and-suites-karachi.en-gb.html?aid=304142&label=gen173nr-10CAQoggJCDWNpdHlfLTI3NjQ1ODRICVgEaLUBiAEBmAEzuAEHyAEM2AED6AEB-AEBiAIBqAIBuAL2i8LTBsACAdICJDM2N2ZjNzMzLWQxZjMtNGIzYy1hNzk4LTM5NDA5M2M3YTk2OdgCAeACAQ&ucfs=1&arphpl=1&checkin=2026-08-06&checkout=2026-08-07&dest_id=-2764584&dest_type=city&group_adults=2&req_adults=2&no_rooms=1&group_children=0&req_children=0&hpos=3&hapos=177&sr_order=popularity&srpvid=440f55fbd93f0178&srepoch=1785759247&all_sr_blocks=1373402101_409507162_2_1_0&highlighted_blocks=1373402101_409507162_2_1_0&matching_block_id=1373402101_409507162_2_1_0&sr_pri_blocks=1373402101_409507162_2_1_0__2199900&from=searchresults,21999,6.7,15.0,"PECHS, Karachi",2.4,Double Room,1 extra-large double bed,1,1,1,https://cf.bstatic.com/xdata/images/hotel/square240/825829720.webp?k=1ccee9f447ff94cd53504474f7365f29f348a0e81382d5ee2b36686cc9d81883&o=,10,Karachi
BNB Stadium Road,https://www.booking.com/hotel/pk/bnb-stadium-road.en-gb.html?aid=304142&label=gen173nr-10CAQoggJCDWNpdHlfLTI3NjQ1ODRICVgEaLUBiAEBmAEzuAEHyAEM2AED6AEB-AEBiAIBqAIBuAL2i8LTBsACAdICJDM2N2ZjNzMzLWQxZjMtNGIzYy1hNzk4LTM5NDA5M2M3YTk2OdgCAeACAQ&ucfs=1&arphpl=1&checkin=2026-08-06&checkout=2026-08-07&dest_id=-2764584&dest_type=city&group_adults=2&req_adults=2&no_rooms=1&group_children=0&req_children=0&hpos=4&hapos=178&sr_order=popularity&srpvid=440f55fbd93f0178&srepoch=1785759247&all_sr_blocks=1319065501_404624229_2_1_0&highlighted_blocks=1319065501_404624229_2_1_0&matching_block_id=1319065501_404624229_2_1_0&sr_pri_blocks=1319065501_404624229_2_1_0__777600&from=searchresults,7776,8.4,10.0,Karachi,7.4,Double Room,"2 beds (1 double, 1 large double)",1,0,0,https://cf.bstatic.com/xdata/images/hotel/square240/621026187.webp?k=634232f39309c6839ad7049c8d612dff3e8bb3e95c395c4613e402bf6f86cec8&o=,10,Karachi
Hotel In Badar DHA Phase 5,https://www.booking.com/hotel/pk/goho-homes-sabaa.en-gb.html?aid=304142&label=gen173nr-10CAQoggJCDWNpdHlfLTI3NjQ1ODRICVgEaLUBiAEBmAEzuAEHyAEM2AED6AEB-AEBiAIBqAIBuAL2i8LTBsACAdICJDM2N2ZjNzMzLWQxZjMtNGIzYy1hNzk4LTM5NDA5M2M3YTk2OdgCAeACAQ&ucfs=1&arphpl=1&checkin=2026-08-06&checkout=2026-08-07&dest_id=-2764584&dest_type=city&group_adults=2&req_adults=2&no_rooms=1&group_children=0&req_children=0&hpos=5&hapos=179&sr_order=popularity&srpvid=440f55fbd93f0178&srepoch=1785759247&all_sr_blocks=920349202_363649079_2_0_0&highlighted_blocks=920349202_363649079_2_0_0&matching_block_id=920349202_363649079_2_0_0&sr_pri_blocks=920349202_363649079_2_0_0__526500&from=searchresults,5265,6.8,6.0,"D.H.A., Karachi (D.H.A.)",7.4,Standard Twin Room,2 single beds,0,0,1,https://cf.bstatic.com/xdata/images/hotel/square240/611092311.webp?k=11c722ec9e7d18212fefc4123563f29afe113ee9edcc201d84e94724c68ae184&o=,11,Karachi
The MARS Suites 2,https://www.booking.com/hotel/pk/the-mars-suites-2.en-gb.html?aid=304142&label=gen173nr-10CAQoggJCDWNpdHlfLTI3NjQ1ODRICVgEaLUBiAEBmAEzuAEHyAEM2AED6AEB-AEBiAIBqAIBuAL2i8LTBsACAdICJDM2N2ZjNzMzLWQxZjMtNGIzYy1hNzk4LTM5NDA5M2M3YTk2OdgCAeACAQ&ucfs=1&arphpl=1&checkin=2026-08-06&checkout=2026-08-07&dest_id=-2764584&dest_type=city&group_adults=2&req_adults=2&no_rooms=1&group_children=0&req_children=0&hpos=6&hapos=180&sr_order=popularity&srpvid=440f55fbd93f0178&srepoch=1785759247&all_sr_blocks=1414781001_413191491_2_0_0&highlighted_blocks=1414781001_413191491_2_0_0&matching_block_id=1414781001_413191491_2_0_0&sr_pri_blocks=1414781001_413191491_2_0_0__1282500&from=searchresults,12825,,,Karachi,5.5,One-Bedroom Apartment,"2 beds (1 double, 1 sofa bed)",0,0,0,https://cf.bstatic.com/xdata/images/hotel/square240/682757740.webp?k=6688747bcd8174f54c8bf7ad89336e61d48474e9f2b9ed0539266586ff28177f&o=,11,Karachi
Executive Inn Guest House,https://www.booking.com/hotel/pk/executive-inn-guest-house.en-gb.html?aid=304142&label=gen173nr-10CAQoggJCDWNpdHlfLTI3NjQ1ODRICVgEaLUBiAEBmAEzuAEHyAEM2AED6AEB-AEBiAIBqAIBuAL2i8LTBsACAdICJDM2N2ZjNzMzLWQxZjMtNGIzYy1hNzk4LTM5NDA5M2M3YTk2OdgCAeACAQ&ucfs=1&arphpl=1&checkin=2026-08-06&checkout=2026-08-07&dest_id=-2764584&dest_type=city&group_adults=2&req_adults=2&no_rooms=1&group_children=0&req_children=0&hpos=7&hapos=181&sr_order=popularity&srpvid=440f55fbd93f0178&srepoch=1785759247&all_sr_blocks=852481802_417520802_2_1_0&highlighted_blocks=852481802_417520802_2_1_0&matching_block_id=852481802_417520802_2_1_0&sr_pri_blocks=852481802_417520802_2_1_0__509936&from=searchresults,5099,5.5,2.0,Karachi,7.3,Double Room,2 single beds,1,1,1,https://cf.bstatic.com/xdata/images/hotel/square240/722818173.webp?k=25719562d68cb26edaf9ce58aa94ff7bd979029d5f867a8580614d79de648e31&o=,6,Karachi
Bukhari Luxury Apartment,https://www.booking.com/hotel/pk/bukhari-luxury-apartment.en-gb.html?aid=304142&label=gen173nr-10CAQoggJCDWNpdHlfLTI3NjQ1ODRICVgEaLUBiAEBmAEzuAEHyAEM2AED6AEB-AEBiAIBqAIBuAL2i8LTBsACAdICJDM2N2ZjNzMzLWQxZjMtNGIzYy1hNzk4LTM5NDA5M2M3YTk2OdgCAeACAQ&ucfs=1&arphpl=1&checkin=2026-08-06&checkout=2026-08-07&dest_id=-2764584&dest_type=city&group_adults=2&req_adults=2&no_rooms=1&group_children=0&req_children=0&hpos=8&hapos=182&sr_order=popularity&srpvid=440f55fbd93f0178&srepoch=1785759247&all_sr_blocks=1685923201_440215433_2_0_0&highlighted_blocks=1685923201_440215433_2_0_0&matching_block_id=1685923201_440215433_2_0_0&sr_pri_blocks=1685923201_440215433_2_0_0__1216000&from=searchresults,12160,,,"D.H.A., Karachi (D.H.A.)",5.5,One-Bedroom Apartment,"3 beds (2 doubles, 1 sofa bed)",0,1,1,https://cf.bstatic.com/xdata/images/hotel/square240/893332858.webp?k=6b6f07ceff99bbc57deb37f60f9e7bd86771babeafdb356e112b9fe673a373ed&o=,5,Karachi
Nursery Hotel,https://www.booking.com/hotel/pk/nursery.en-gb.html?aid=304142&label=gen173nr-10CAQoggJCDWNpdHlfLTI3NjQ1ODRICVgEaLUBiAEBmAEzuAEHyAEM2AED6AEB-AEBiAIBqAIBuAL2i8LTBsACAdICJDM2N2ZjNzMzLWQxZjMtNGIzYy1hNzk4LTM5NDA5M2M3YTk2OdgCAeACAQ&ucfs=1&arphpl=1&checkin=2026-08-06&checkout=2026-08-07&dest_id=-2764584&dest_type=city&group_adults=2&req_adults=2&no_rooms=1&group_children=0&req_children=0&hpos=9&hapos=183&sr_order=popularity&srpvid=440f55fbd93f0178&srepoch=1785759247&all_sr_blocks=1456291801_416921960_2_1_0&highlighted_blocks=1456291801_416921960_2_1_0&matching_block_id=1456291801_416921960_2_1_0&sr_pri_blocks=1456291801_416921960_2_1_0__720000&from=searchresults,7200,8.0,2.0,"PECHS, Karachi",1.3,Double Room with Private Bathroom,1 large double bed,1,1,1,https://cf.bstatic.com/xdata/images/hotel/square240/712830217.webp?k=7204427d4635e4e4c17c5c3c8e9d53482d35c64876088dbb2d16709171d0406a&o=,4,Karachi
Seaview Lodge Guest House,https://www.booking.com/hotel/pk/seaview-lodge-guest-house.en-gb.html?aid=304142&label=gen173nr-10CAQoggJCDWNpdHlfLTI3NjQ1ODRICVgEaLUBiAEBmAEzuAEHyAEM2AED6AEB-AEBiAIBqAIBuAL2i8LTBsACAdICJDM2N2ZjNzMzLWQxZjMtNGIzYy1hNzk4LTM5NDA5M2M3YTk2OdgCAeACAQ&ucfs=1&arphpl=1&checkin=2026-08-06&checkout=2026-08-07&dest_id=-2764584&dest_type=city&group_adults=2&req_adults=2&no_rooms=1&group_children=0&req_children=0&hpos=10&hapos=184&sr_order=popularity&srpvid=440f55fbd93f0178&srepoch=1785759247&all_sr_blocks=266790706_206416648_2_1_0&highlighted_blocks=266790706_206416648_2_1_0&matching_block_id=266790706_206416648_2_1_0&sr_pri_blocks=266790706_206416648_2_1_0__893000&from=searchresults,8930,8.0,150.0,"Clifton, Karachi",7.1,Deluxe Queen Room,1 double bed,1,1,1,https://cf.bstatic.com/xdata/images/hotel/square240/889584949.webp?k=cbd0902622f22b530f26384dc66350a02d6ddd3e75d364992d00dc8450ead6b1&o=,12,Karachi
Diplomat Inn Hotel,https://www.booking.com/hotel/pk/karachi-guest-house-karachi7.en-gb.html?aid=304142&label=gen173nr-10CAQoggJCDWNpdHlfLTI3NjQ1ODRICVgEaLUBiAEBmAEzuAEHyAEM2AED6AEB-AEBiAIBqAIBuAL2i8LTBsACAdICJDM2N2ZjNzMzLWQxZjMtNGIzYy1hNzk4LTM5NDA5M2M3YTk2OdgCAeACAQ&ucfs=1&arphpl=1&checkin=2026-08-06&checkout=2026-08-07&dest_id=-2764584&dest_type=city&group_adults=2&req_adults=2&no_rooms=1&group_children=0&req_children=0&hpos=11&hapos=185&sr_order=popularity&srpvid=440f55fbd93f0178&srepoch=1785759247&all_sr_blocks=0_0_2_1_0&highlighted_blocks=0_0_2_1_0&matching_block_id=0_0_2_1_0&sr_pri_blocks=0_0_2_1_0__796959&from=searchresults,7970,7.2,26.0,"PECHS, Karachi",1.4,Deluxe Family Room,"2 beds (1 single, 1 double)",1,1,0,https://cf.bstatic.com/xdata/images/hotel/square240/897319979.webp?k=4c9892bd4d02e7e29a4f5fff5c768188bd02c30a59aefcdb1be8af48e2daa1da&o=,10,Karachi
BNB Royal Galaxy Family Hotel,https://www.booking.com/hotel/pk/royal-bnb.en-gb.html?aid=304142&label=gen173nr-10CAQoggJCDWNpdHlfLTI3NjQ1ODRICVgEaLUBiAEBmAEzuAEHyAEM2AED6AEB-AEBiAIBqAIBuAL2i8LTBsACAdICJDM2N2ZjNzMzLWQxZjMtNGIzYy1hNzk4LTM5NDA5M2M3YTk2OdgCAeACAQ&ucfs=1&arphpl=1&checkin=2026-08-06&checkout=2026-08-07&dest_id=-2764584&dest_type=city&group_adults=2&req_adults=2&no_rooms=1&group_children=0&req_children=0&hpos=12&hapos=186&sr_order=popularity&srpvid=440f55fbd93f0178&srepoch=1785759247&all_sr_blocks=1457104903_417022875_2_2_0&highlighted_blocks=1457104903_417022875_2_2_0&matching_block_id=1457104903_417022875_2_2_0&sr_pri_blocks=1457104903_417022875_2_2_0__650000&from=searchresults,6500,7.7,3.0,"Gulshan-E-Jamal, Karachi",7.4,Deluxe Double Room,1 extra-large double bed,0,1,1,https://cf.bstatic.com/xdata/images/hotel/square240/773277936.webp?k=09e481cf597442210a7bc3b34913eff4268ba703230bbd6d00110c12272fc724&o=,4,Karachi
Prestige comforts,https://www.booking.com/hotel/pk/prestige-comforts-karachi1.en-gb.html?aid=304142&label=gen173nr-10CAQoggJCDWNpdHlfLTI3NjQ1ODRICVgEaLUBiAEBmAEzuAEHyAEM2AED6AEB-AEBiAIBqAIBuAL2i8LTBsACAdICJDM2N2ZjNzMzLWQxZjMtNGIzYy1hNzk4LTM5NDA5M2M3YTk2OdgCAeACAQ&ucfs=1&arphpl=1&checkin=2026-08-06&checkout=2026-08-07&dest_id=-2764584&dest_type=city&group_adults=2&req_adults=2&no_rooms=1&group_children=0&req_children=0&hpos=13&hapos=187&sr_order=popularity&srpvid=440f55fbd93f0178&srepoch=1785759247&all_sr_blocks=1489878201_420650808_3_2_0&highlighted_blocks=1489878201_420650808_3_2_0&matching_block_id=1489878201_420650808_3_2_0&sr_pri_blocks=1489878201_420650808_3_2_0__600000&from=searchresults,6000,10,1.0,Karachi,6.2,Two-Bedroom Apartment,"3 beds (1 single, 1 double, 1 sofa bed)",0,1,1,https://cf.bstatic.com/xdata/images/hotel/square240/743103599.webp?k=ac462cd9db6637625d43ba8ca5982e8bc3b909f5ac42c49c4d4cefbd6125f0a5&o=,4,Karachi
Furnished Studio,https://www.booking.com/hotel/pk/furnished-studio.en-gb.html?aid=304142&label=gen173nr-10CAQoggJCDWNpdHlfLTI3NjQ1ODRICVgEaLUBiAEBmAEzuAEHyAEM2AED6AEB-AEBiAIBqAIBuAL2i8LTBsACAdICJDM2N2ZjNzMzLWQxZjMtNGIzYy1hNzk4LTM5NDA5M2M3YTk2OdgCAeACAQ&ucfs=1&arphpl=1&checkin=2026-08-06&checkout=2026-08-07&dest_id=-2764584&dest_type=city&group_adults=2&req_adults=2&no_rooms=1&group_children=0&req_children=0&hpos=14&hapos=188&sr_order=popularity&srpvid=440f55fbd93f0178&srepoch=1785759247&all_sr_blocks=1606458601_431582747_2_0_0&highlighted_blocks=1606458601_431582747_2_0_0&matching_block_id=1606458601_431582747_2_0_0&sr_pri_blocks=1606458601_431582747_2_0_0__800000&from=searchresults,8000,1.0,1.0,Karachi,6.3,One-Bedroom Apartment,"2 beds (1 double, 1 sofa bed)",0,1,1,https://cf.bstatic.com/xdata/images/hotel/square240/843078305.webp?k=0f54583289ae7ce51c5e110fe036f6b770b554c996ff3b0d5dcc8b3d714489e6&o=,4,Karachi
Luxury with Comfort 2bedroom portion,https://www.booking.com/hotel/pk/luxury-with-comfort-2bedroom-portion.en-gb.html?aid=304142&label=gen173nr-10CAQoggJCDWNpdHlfLTI3NjQ1ODRICVgEaLUBiAEBmAEzuAEHyAEM2AED6AEB-AEBiAIBqAIBuAL2i8LTBsACAdICJDM2N2ZjNzMzLWQxZjMtNGIzYy1hNzk4LTM5NDA5M2M3YTk2OdgCAeACAQ&ucfs=1&arphpl=1&checkin=2026-08-06&checkout=2026-08-07&dest_id=-2764584&dest_type=city&group_adults=2&req_adults=2&no_rooms=1&group_children=0&req_children=0&hpos=15&hapos=189&sr_order=popularity&srpvid=440f55fbd93f0178&srepoch=1785759247&all_sr_blocks=1680523901_439810670_4_0_0&highlighted_blocks=1680523901_439810670_4_0_0&matching_block_id=1680523901_439810670_4_0_0&sr_pri_blocks=1680523901_439810670_4_0_0__1615000&from=searchresults,16150,,,Karachi,5.3,One-Bedroom House,1 double bed,0,1,1,https://cf.bstatic.com/xdata/images/hotel/square240/891190802.webp?k=9e5f752393844db14ef9189789c5a42a26be0d8f51bdcbef171107012332bfca&o=,12,Karachi
Galaxy Inn Guest House,https://www.booking.com/hotel/pk/galaxy-motel.en-gb.html?aid=304142&label=gen173nr-10CAQoggJCDWNpdHlfLTI3NjQ1ODRICVgEaLUBiAEBmAEzuAEHyAEM2AED6AEB-AEBiAIBqAIBuAL2i8LTBsACAdICJDM2N2ZjNzMzLWQxZjMtNGIzYy1hNzk4LTM5NDA5M2M3YTk2OdgCAeACAQ&ucfs=1&arphpl=1&checkin=2026-08-06&checkout=2026-08-07&dest_id=-2764584&dest_type=city&group_adults=2&req_adults=2&no_rooms=1&group_children=0&req_children=0&hpos=16&hapos=190&sr_order=popularity&srpvid=440f55fbd93f0178&srepoch=1785759247&all_sr_blocks=1110475902_395219931_2_2_0&highlighted_blocks=1110475902_395219931_2_2_0&matching_block_id=1110475902_395219931_2_2_0&sr_pri_blocks=1110475902_395219931_2_2_0__700000&from=searchresults,7000,7.8,15.0,"Gulshan-E-Jamal, Karachi",7.4,Deluxe Double Room,1 double bed,0,1,0,https://cf.bstatic.com/xdata/images/hotel/square240/729903171.webp?k=3866f77ca5c1abb87f587284e14de12c57d93665b9eb9e954c4e70ce992a75a6&o=,10,Karachi
"Luxury 2BR Near Icon 36 2 AC, 2 TV & City View",https://www.booking.com/hotel/pk/luxury-2br-near-icon-36-2-ac-2-tv-amp-city-view.en-gb.html?aid=304142&label=gen173nr-10CAQoggJCDWNpdHlfLTI3NjQ1ODRICVgEaLUBiAEBmAEzuAEHyAEM2AED6AEB-AEBiAIBqAIBuAL2i8LTBsACAdICJDM2N2ZjNzMzLWQxZjMtNGIzYy1hNzk4LTM5NDA5M2M3YTk2OdgCAeACAQ&ucfs=1&arphpl=1&checkin=2026-08-06&checkout=2026-08-07&dest_id=-2764584&dest_type=city&group_adults=2&req_adults=2&no_rooms=1&group_children=0&req_children=0&hpos=17&hapos=191&sr_order=popularity&srpvid=440f55fbd93f0178&srepoch=1785759247&all_sr_blocks=1504106001_422133683_2_0_0&highlighted_blocks=1504106001_422133683_2_0_0&matching_block_id=1504106001_422133683_2_0_0&sr_pri_blocks=1504106001_422133683_2_0_0__895050&from=searchresults,8951,5.0,2.0,Karachi,10.6,Family Two-Bedroom Apartment with View,"3 beds (2 singles, 1 sofa bed)",0,1,1,https://cf.bstatic.com/xdata/images/hotel/square240/757564292.webp?k=cb6307f34ff09e4fa0fd8ae4a9ae42482b586ae0ebc6a33017be61a96dcf82ac&o=,5,Karachi
Ghumo - 2BR 2nd Floor in Bahadurabad near Aga Khan,https://www.booking.com/hotel/pk/2-bedrooms-2nd-floor-unit-in-dhoraji-near-aga-khan-hospital.en-gb.html?aid=304142&label=gen173nr-10CAQoggJCDWNpdHlfLTI3NjQ1ODRICVgEaLUBiAEBmAEzuAEHyAEM2AED6AEB-AEBiAIBqAIBuAL2i8LTBsACAdICJDM2N2ZjNzMzLWQxZjMtNGIzYy1hNzk4LTM5NDA5M2M3YTk2OdgCAeACAQ&ucfs=1&arphpl=1&checkin=2026-08-06&checkout=2026-08-07&dest_id=-2764584&dest_type=city&group_adults=2&req_adults=2&no_rooms=1&group_children=0&req_children=0&hpos=18&hapos=192&sr_order=popularity&srpvid=440f55fbd93f0178&srepoch=1785759247&all_sr_blocks=1582359901_431323201_4_0_0&highlighted_blocks=1582359901_431323201_4_0_0&matching_block_id=1582359901_431323201_4_0_0&sr_pri_blocks=1582359901_431323201_4_0_0__1949900&from=searchresults,19499,9.5,2.0,Karachi,3.2,Two-Bedroom Villa,"2 beds (1 double, 1 large double)",0,0,1,https://cf.bstatic.com/xdata/images/hotel/square240/857816212.webp?k=f82e47699babde815981426b650970c325be6845b2dfd6ddca69050a3282520f&o=,3,Karachi
Couple family Lodge Guest House Karachi,https://www.booking.com/hotel/pk/couple-family-large-guest-house-karachi-karachi.en-gb.html?aid=304142&label=gen173nr-10CAQoggJCDWNpdHlfLTI3NjQ1ODRICVgEaLUBiAEBmAEzuAEHyAEM2AED6AEB-AEBiAIBqAIBuAL2i8LTBsACAdICJDM2N2ZjNzMzLWQxZjMtNGIzYy1hNzk4LTM5NDA5M2M3YTk2OdgCAeACAQ&ucfs=1&arphpl=1&checkin=2026-08-06&checkout=2026-08-07&dest_id=-2764584&dest_type=city&group_adults=2&req_adults=2&no_rooms=1&group_children=0&req_children=0&hpos=19&hapos=193&sr_order=popularity&srpvid=440f55fbd93f0178&srepoch=1785759247&all_sr_blocks=840135102_417520804_2_0_0&highlighted_blocks=840135102_417520804_2_0_0&matching_block_id=840135102_417520804_2_0_0&sr_pri_blocks=840135102_417520804_2_0_0__312545&from=searchresults,3125,1.0,2.0,Karachi,7.5,Deluxe Twin Room,2 single beds,0,1,1,https://cf.bstatic.com/xdata/images/hotel/square240/351458213.webp?k=9fc05570639f8e3e9497ecc5790bbdf0d6c89c298044a3c8bb6849eb09e79805&o=,4,Karachi
Royal Inn Hotel,https://www.booking.com/hotel/pk/royal-inn.en-gb.html?aid=304142&label=gen173nr-10CAQoggJCDWNpdHlfLTI3NjQ1ODRICVgEaLUBiAEBmAEzuAEHyAEM2AED6AEB-AEBiAIBqAIBuAL2i8LTBsACAdICJDM2N2ZjNzMzLWQxZjMtNGIzYy1hNzk4LTM5NDA5M2M3YTk2OdgCAeACAQ&ucfs=1&arphpl=1&checkin=2026-08-06&checkout=2026-08-07&dest_id=-2764584&dest_type=city&group_adults=2&req_adults=2&no_rooms=1&group_children=0&req_children=0&hpos=20&hapos=194&sr_order=popularity&srpvid=440f55fbd93f0178&srepoch=1785759247&all_sr_blocks=158794601_0_2_1_0&highlighted_blocks=158794601_0_2_1_0&matching_block_id=158794601_0_2_1_0&sr_pri_blocks=158794601_0_2_1_0__1178766&from=searchresults,11788,8.0,219.0,"PECHS, Karachi",1.7,Standard Double or Twin Room,Beds: 1 double or 2 singles,1,0,0,https://cf.bstatic.com/xdata/images/hotel/square240/763049481.webp?k=4797b2925959f1c5faf414817fcc3ef205b835244cf63cbea839930d77ebd83c&o=,9,Karachi
"Malik House Bahria town Karachi, Ali block",https://www.booking.com/hotel/pk/malik-house-bahria-town-karachi-ali-block.en-gb.html?aid=304142&label=gen173nr-10CAQoggJCDWNpdHlfLTI3NjQ1ODRICVgEaLUBiAEBmAEzuAEHyAEM2AED6AEB-AEBiAIBqAIBuAL2i8LTBsACAdICJDM2N2ZjNzMzLWQxZjMtNGIzYy1hNzk4LTM5NDA5M2M3YTk2OdgCAeACAQ&ucfs=1&arphpl=1&checkin=2026-08-06&checkout=2026-08-07&dest_id=-2764584&dest_type=city&group_adults=2&req_adults=2&no_rooms=1&group_children=0&req_children=0&hpos=21&hapos=195&sr_order=popularity&srpvid=440f55fbd93f0178&srepoch=1785759247&all_sr_blocks=1413879301_413130414_2_0_0&highlighted_blocks=1413879301_413130414_2_0_0&matching_block_id=1413879301_413130414_2_0_0&sr_pri_blocks=1413879301_413130414_2_0_0__1785000&from=searchresults,17850,8.9,10.0,Karachi,30.8,One-Bedroom Villa,"5 beds (2 singles, 1 double, 1 sofa bed, 1 large double)",0,1,1,https://cf.bstatic.com/xdata/images/hotel/square240/687148245.webp?k=62272a292cb8ba0da76a1cbfae82558529305c1cc68e962ca6aec648db962e63&o=,4,Karachi
Prestige comforts,https://www.booking.com/hotel/pk/prestige-comforts-karachi.en-gb.html?aid=304142&label=gen173nr-10CAQoggJCDWNpdHlfLTI3NjQ1ODRICVgEaLUBiAEBmAEzuAEHyAEM2AED6AEB-AEBiAIBqAIBuAL2i8LTBsACAdICJDM2N2ZjNzMzLWQxZjMtNGIzYy1hNzk4LTM5NDA5M2M3YTk2OdgCAeACAQ&ucfs=1&arphpl=1&checkin=2026-08-06&checkout=2026-08-07&dest_id=-2764584&dest_type=city&group_adults=2&req_adults=2&no_rooms=1&group_children=0&req_children=0&hpos=22&hapos=196&sr_order=popularity&srpvid=440f55fbd93f0178&srepoch=1785759247&all_sr_blocks=1473853201_418737067_3_0_0&highlighted_blocks=1473853201_418737067_3_0_0&matching_block_id=1473853201_418737067_3_0_0&sr_pri_blocks=1473853201_418737067_3_0_0__800000&from=searchresults,8000,,,Karachi,6.2,Two-Bedroom Apartment,"4 beds (2 singles, 1 double, 1 sofa bed)",0,0,1,https://cf.bstatic.com/xdata/images/hotel/square240/729249926.webp?k=579dacb88926154d892c88af50bc5c9569e0f8de69cdaaebe910d4f3ec01d1a8&o=,3,Karachi
Golden Guest House,https://www.booking.com/hotel/pk/golden-guest-house-karachi.en-gb.html?aid=304142&label=gen173nr-10CAQoggJCDWNpdHlfLTI3NjQ1ODRICVgEaLUBiAEBmAEzuAEHyAEM2AED6AEB-AEBiAIBqAIBuAL2i8LTBsACAdICJDM2N2ZjNzMzLWQxZjMtNGIzYy1hNzk4LTM5NDA5M2M3YTk2OdgCAeACAQ&ucfs=1&arphpl=1&checkin=2026-08-06&checkout=2026-08-07&dest_id=-2764584&dest_type=city&group_adults=2&req_adults=2&no_rooms=1&group_children=0&req_children=0&hpos=23&hapos=197&sr_order=popularity&srpvid=440f55fbd93f0178&srepoch=1785759247&all_sr_blocks=828558002_347389288_2_0_0&highlighted_blocks=828558002_347389288_2_0_0&matching_block_id=828558002_347389288_2_0_0&sr_pri_blocks=828558002_347389288_2_0_0__322915&from=searchresults,3229,1.0,1.0,Karachi,7.8,Deluxe Double Room,2 single beds,0,1,1,https://cf.bstatic.com/xdata/images/hotel/square240/345284238.webp?k=0a4ad0b4fba8d1eeec6c99d3e11ae326d6be253837919498d36796189f12bde2&o=,4,Karachi
Subhan Palace Guest House,https://www.booking.com/hotel/pk/subhan-palace-guest-house.en-gb.html?aid=304142&label=gen173nr-10CAQoggJCDWNpdHlfLTI3NjQ1ODRICVgEaLUBiAEBmAEzuAEHyAEM2AED6AEB-AEBiAIBqAIBuAL2i8LTBsACAdICJDM2N2ZjNzMzLWQxZjMtNGIzYy1hNzk4LTM5NDA5M2M3YTk2OdgCAeACAQ&ucfs=1&arphpl=1&checkin=2026-08-06&checkout=2026-08-07&dest_id=-2764584&dest_type=city&group_adults=2&req_adults=2&no_rooms=1&group_children=0&req_children=0&hpos=24&hapos=198&sr_order=popularity&srpvid=440f55fbd93f0178&srepoch=1785759247&all_sr_blocks=917187108_440943084_0_2_0_167428&highlighted_blocks=917187108_440943084_0_2_0_167428&matching_block_id=917187108_440943084_0_2_0_167428&sr_pri_blocks=917187108_440943084_0_2_0_167428_612000&from=searchresults,6120,5.9,18.0,Karachi,7.3,Standard Double Room,"2 beds (1 extra-large double, 1 sofa bed)",0,0,0,https://cf.bstatic.com/xdata/images/hotel/square240/417190239.webp?k=c3b0fe3b012285ff2639f94c7cd07e3a23cc2c37870a4685a389f808969b39fd&o=,8,Karachi
Deluxe 3 Bed House,https://www.booking.com/hotel/pk/deluxe-3-bed-house.en-gb.html?aid=304142&label=gen173nr-10CAQoggJCDWNpdHlfLTI3NjQ1ODRICVgEaLUBiAEBmAEzuAEHyAEM2AED6AEB-AEBiAIBqAIBuAL2i8LTBsACAdICJDM2N2ZjNzMzLWQxZjMtNGIzYy1hNzk4LTM5NDA5M2M3YTk2OdgCAeACAQ&ucfs=1&arphpl=1&checkin=2026-08-06&checkout=2026-08-07&dest_id=-2764584&dest_type=city&group_adults=2&req_adults=2&no_rooms=1&group_children=0&req_children=0&hpos=25&hapos=199&sr_order=popularity&srpvid=440f55fbd93f0178&srepoch=1785759247&all_sr_blocks=1686905501_440342176_10_0_0&highlighted_blocks=1686905501_440342176_10_0_0&matching_block_id=1686905501_440342176_10_0_0&sr_pri_blocks=1686905501_440342176_10_0_0__1700000&from=searchresults,17000,,,Karachi,9.4,Three-Bedroom House,1 large double bed,0,1,1,https://cf.bstatic.com/xdata/images/hotel/square240/893960259.webp?k=00db802e0ee76046c6f393989db7db7881eca72729488930b7a1416c462af4fd&o=,4,Karachi
Subhan Palace,https://www.booking.com/hotel/pk/subhan-palace-karachi1.en-gb.html?aid=304142&label=gen173nr-10CAQoggJCDWNpdHlfLTI3NjQ1ODRICVgEaLUBiAEBmAEzuAEHyAEM2AED6AEB-AEBiAIBqAIBuAL2i8LTBsACAdICJDM2N2ZjNzMzLWQxZjMtNGIzYy1hNzk4LTM5NDA5M2M3YTk2OdgCAeACAQ&ucfs=1&arphpl=1&checkin=2026-08-06&checkout=2026-08-07&dest_id=-2764584&dest_type=city&group_adults=2&req_adults=2&no_rooms=1&group_children=0&req_children=0&hpos=1&hapos=200&sr_order=popularity&srpvid=440f55fbd93f0178&srepoch=1785759250&all_sr_blocks=1693770601_441021878_2_41_0&highlighted_blocks=1693770601_441021878_2_41_0&matching_block_id=1693770601_441021878_2_41_0&sr_pri_blocks=1693770601_441021878_2_41_0__690000&from=searchresults,6900,,,Karachi,7.3,Deluxe Room,"2 beds (1 double, 1 sofa bed)",1,1,1,https://cf.bstatic.com/xdata/images/hotel/square240/898632786.webp?k=af4986d5f1f077405a5fe0adf32440e5a29e74c0d52c95dabe2ee0f8f142c2b6&o=,4,Karachi
Galaxy Family Hotel Karachi Airport,https://www.booking.com/hotel/pk/executive-lodge-karachi2.en-gb.html?aid=304142&label=gen173nr-10CAQoggJCDWNpdHlfLTI3NjQ1ODRICVgEaLUBiAEBmAEzuAEHyAEM2AED6AEB-AEBiAIBqAIBuAL2i8LTBsACAdICJDM2N2ZjNzMzLWQxZjMtNGIzYy1hNzk4LTM5NDA5M2M3YTk2OdgCAeACAQ&ucfs=1&arphpl=1&checkin=2026-08-06&checkout=2026-08-07&dest_id=-2764584&dest_type=city&group_adults=2&req_adults=2&no_rooms=1&group_children=0&req_children=0&hpos=2&hapos=201&sr_order=popularity&srpvid=440f55fbd93f0178&srepoch=1785759250&all_sr_blocks=1095352408_395130447_2_2_0&highlighted_blocks=1095352408_395130447_2_2_0&matching_block_id=1095352408_395130447_2_2_0&sr_pri_blocks=1095352408_395130447_2_2_0__518500&from=searchresults,5185,7.8,7.0,"Gulshan-E-Jamal, Karachi",7.4,Deluxe Double Room,1 double bed,0,0,0,https://cf.bstatic.com/xdata/images/hotel/square240/880620439.webp?k=cbdbc8fbc4a2609e58cdada15ace7302f05f16d52020792d5c14ee0c6a4d70f4&o=,9,Karachi
Hotel island Clifton,https://www.booking.com/hotel/pk/island-clifton.en-gb.html?aid=304142&label=gen173nr-10CAQoggJCDWNpdHlfLTI3NjQ1ODRICVgEaLUBiAEBmAEzuAEHyAEM2AED6AEB-AEBiAIBqAIBuAL2i8LTBsACAdICJDM2N2ZjNzMzLWQxZjMtNGIzYy1hNzk4LTM5NDA5M2M3YTk2OdgCAeACAQ&ucfs=1&arphpl=1&checkin=2026-08-06&checkout=2026-08-07&dest_id=-2764584&dest_type=city&group_adults=2&req_adults=2&no_rooms=1&group_children=0&req_children=0&hpos=3&hapos=202&sr_order=popularity&srpvid=440f55fbd93f0178&srepoch=1785759250&all_sr_blocks=884697101_403600853_2_1_0&highlighted_blocks=884697101_403600853_2_1_0&matching_block_id=884697101_403600853_2_1_0&sr_pri_blocks=884697101_403600853_2_1_0__711000&from=searchresults,7110,7.9,134.0,"Bath Island, Karachi",4.5,Deluxe Queen Room,1 double bed,1,1,1,https://cf.bstatic.com/xdata/images/hotel/square240/377128150.webp?k=8ae2da8cb73771017d33deb8143e24bf1380d0a94df0b155f13c5741e8f74930&o=,7,Karachi
Hotel Hilton In Karachi,https://www.booking.com/hotel/pk/executive-inn-karachi.en-gb.html?aid=304142&label=gen173nr-10CAQoggJCDWNpdHlfLTI3NjQ1ODRICVgEaLUBiAEBmAEzuAEHyAEM2AED6AEB-AEBiAIBqAIBuAL2i8LTBsACAdICJDM2N2ZjNzMzLWQxZjMtNGIzYy1hNzk4LTM5NDA5M2M3YTk2OdgCAeACAQ&ucfs=1&arphpl=1&checkin=2026-08-06&checkout=2026-08-07&dest_id=-2764584&dest_type=city&group_adults=2&req_adults=2&no_rooms=1&group_children=0&req_children=0&hpos=4&hapos=203&sr_order=popularity&srpvid=440f55fbd93f0178&srepoch=1785759250&all_sr_blocks=853942002_352838940_2_1_0&highlighted_blocks=853942002_352838940_2_1_0&matching_block_id=853942002_352838940_2_1_0&sr_pri_blocks=853942002_352838940_2_1_0__382500&from=searchresults,3825,1.0,1.0,Karachi,7.5,Deluxe Double Room,2 single beds,1,1,1,https://cf.bstatic.com/xdata/images/hotel/square240/360143933.webp?k=971f12f469e76932ba8a2ff30862b514203cfb5f998f4412c204b30620382791&o=,10,Karachi
Seashell Inn Hotel,https://www.booking.com/hotel/pk/seashell-inn.en-gb.html?aid=304142&label=gen173nr-10CAQoggJCDWNpdHlfLTI3NjQ1ODRICVgEaLUBiAEBmAEzuAEHyAEM2AED6AEB-AEBiAIBqAIBuAL2i8LTBsACAdICJDM2N2ZjNzMzLWQxZjMtNGIzYy1hNzk4LTM5NDA5M2M3YTk2OdgCAeACAQ&ucfs=1&arphpl=1&checkin=2026-08-06&checkout=2026-08-07&dest_id=-2764584&dest_type=city&group_adults=2&req_adults=2&no_rooms=1&group_children=0&req_children=0&hpos=5&hapos=204&sr_order=popularity&srpvid=440f55fbd93f0178&srepoch=1785759250&all_sr_blocks=1619164701_0_2_1_0&highlighted_blocks=1619164701_0_2_1_0&matching_block_id=1619164701_0_2_1_0&sr_pri_blocks=1619164701_0_2_1_0__864762&from=searchresults,8648,,,"Clifton, Karachi",6.9,Deluxe Room,1 large double bed,1,0,0,https://cf.bstatic.com/xdata/images/hotel/square240/898033157.webp?k=8551dcc7e5c69ef20efbafcdf40b4a8dd02c2d1019554d46bb0390bc4be8ac17&o=,9,Karachi
LOKAL Rooms x Shahrah-e-Faisal (Nursery),https://www.booking.com/hotel/pk/lokal-rooms-x-shahrah-e-faisal-nursery.en-gb.html?aid=304142&label=gen173nr-10CAQoggJCDWNpdHlfLTI3NjQ1ODRICVgEaLUBiAEBmAEzuAEHyAEM2AED6AEB-AEBiAIBqAIBuAL2i8LTBsACAdICJDM2N2ZjNzMzLWQxZjMtNGIzYy1hNzk4LTM5NDA5M2M3YTk2OdgCAeACAQ&ucfs=1&arphpl=1&checkin=2026-08-06&checkout=2026-08-07&dest_id=-2764584&dest_type=city&group_adults=2&req_adults=2&no_rooms=1&group_children=0&req_children=0&hpos=6&hapos=205&sr_order=popularity&srpvid=440f55fbd93f0178&srepoch=1785759250&all_sr_blocks=988656601_397806380_2_1_0&highlighted_blocks=988656601_397806380_2_1_0&matching_block_id=988656601_397806380_2_1_0&sr_pri_blocks=988656601_397806380_2_1_0__2249910&from=searchresults,22499,7.4,150.0,"PECHS, Karachi (Shahrah-e-Faisal)",1.9,Deluxe Double Room,1 extra-large double bed,1,0,0,https://cf.bstatic.com/xdata/images/hotel/square240/510863802.webp?k=01eed5c604b1d40a6b0870ac9678f6d0fb1ba41d09baba6f035d3962ec5e15e1&o=,10,Karachi
Gen Z Heavens Guest House,https://www.booking.com/hotel/pk/gen-z-heavens-guest-house.en-gb.html?aid=304142&label=gen173nr-10CAQoggJCDWNpdHlfLTI3NjQ1ODRICVgEaLUBiAEBmAEzuAEHyAEM2AED6AEB-AEBiAIBqAIBuAL2i8LTBsACAdICJDM2N2ZjNzMzLWQxZjMtNGIzYy1hNzk4LTM5NDA5M2M3YTk2OdgCAeACAQ&ucfs=1&arphpl=1&checkin=2026-08-06&checkout=2026-08-07&dest_id=-2764584&dest_type=city&group_adults=2&req_adults=2&no_rooms=1&group_children=0&req_children=0&hpos=7&hapos=206&sr_order=popularity&srpvid=440f55fbd93f0178&srepoch=1785759250&all_sr_blocks=1585513701_429674282_2_0_0&highlighted_blocks=1585513701_429674282_2_0_0&matching_block_id=1585513701_429674282_2_0_0&sr_pri_blocks=1585513701_429674282_2_0_0__800000&from=searchresults,8000,,,Karachi,32.4,Double Room,1 double bed,0,1,1,https://cf.bstatic.com/xdata/images/hotel/square240/826563960.webp?k=e67eca8e0f960b1e0b24a07da3a1be1d7b2b755026149cddb1dd7b65d55f1d98&o=,4,Karachi
2 Bedroom Apartment in DHA,https://www.booking.com/hotel/pk/2-bed-apartment-karachi.en-gb.html?aid=304142&label=gen173nr-10CAQoggJCDWNpdHlfLTI3NjQ1ODRICVgEaLUBiAEBmAEzuAEHyAEM2AED6AEB-AEBiAIBqAIBuAL2i8LTBsACAdICJDM2N2ZjNzMzLWQxZjMtNGIzYy1hNzk4LTM5NDA5M2M3YTk2OdgCAeACAQ&ucfs=1&arphpl=1&checkin=2026-08-06&checkout=2026-08-07&dest_id=-2764584&dest_type=city&group_adults=2&req_adults=2&no_rooms=1&group_children=0&req_children=0&hpos=8&hapos=207&sr_order=popularity&srpvid=440f55fbd93f0178&srepoch=1785759250&all_sr_blocks=1250959101_397583724_4_0_0&highlighted_blocks=1250959101_397583724_4_0_0&matching_block_id=1250959101_397583724_4_0_0&sr_pri_blocks=1250959101_397583724_4_0_0__1200000&from=searchresults,12000,4.4,18.0,"D.H.A., Karachi (D.H.A.)",9.6,Two-Bedroom Apartment,"2 beds (1 double, 1 large double)",0,1,1,https://cf.bstatic.com/xdata/images/hotel/square240/582445822.webp?k=1bb4adc67fafb1b2602729b42dc29ce472a698c42747e82bfc518a5668782ade&o=,5,Karachi
"Modern 2BR Luxury Apartment, DHA Phase 6, Walk to Beach Karachi",https://www.booking.com/hotel/pk/modern-2br-luxury-apartment-dha-phase-6-walk-to-beach-karachi.en-gb.html?aid=304142&label=gen173nr-10CAQoggJCDWNpdHlfLTI3NjQ1ODRICVgEaLUBiAEBmAEzuAEHyAEM2AED6AEB-AEBiAIBqAIBuAL2i8LTBsACAdICJDM2N2ZjNzMzLWQxZjMtNGIzYy1hNzk4LTM5NDA5M2M3YTk2OdgCAeACAQ&ucfs=1&arphpl=1&checkin=2026-08-06&checkout=2026-08-07&dest_id=-2764584&dest_type=city&group_adults=2&req_adults=2&no_rooms=1&group_children=0&req_children=0&hpos=9&hapos=208&sr_order=popularity&srpvid=440f55fbd93f0178&srepoch=1785759250&all_sr_blocks=1602513801_431202175_4_0_0&highlighted_blocks=1602513801_431202175_4_0_0&matching_block_id=1602513801_431202175_4_0_0&sr_pri_blocks=1602513801_431202175_4_0_0__1000000&from=searchresults,10000,,,"D.H.A., Karachi (D.H.A.)",9.7,Two-Bedroom Apartment,"2 beds (1 double, 1 sofa bed)",0,1,1,https://cf.bstatic.com/xdata/images/hotel/square240/839591384.webp?k=09ff6cea27f577f38908ea957acc796a347ff4905a925ccc66be266bef1cdfcc&o=,5,Karachi
Apartment,https://www.booking.com/hotel/pk/apartment-karachi3.en-gb.html?aid=304142&label=gen173nr-10CAQoggJCDWNpdHlfLTI3NjQ1ODRICVgEaLUBiAEBmAEzuAEHyAEM2AED6AEB-AEBiAIBqAIBuAL2i8LTBsACAdICJDM2N2ZjNzMzLWQxZjMtNGIzYy1hNzk4LTM5NDA5M2M3YTk2OdgCAeACAQ&ucfs=1&arphpl=1&checkin=2026-08-06&checkout=2026-08-07&dest_id=-2764584&dest_type=city&group_adults=2&req_adults=2&no_rooms=1&group_children=0&req_children=0&hpos=10&hapos=209&sr_order=popularity&srpvid=440f55fbd93f0178&srepoch=1785759250&all_sr_blocks=1692551101_441148890_5_0_0&highlighted_blocks=1692551101_441148890_5_0_0&matching_block_id=1692551101_441148890_5_0_0&sr_pri_blocks=1692551101_441148890_5_0_0__1200000&from=searchresults,12000,,,"D.H.A., Karachi (D.H.A.)",3.8,Two-Bedroom Apartment,"7 beds (2 doubles, 2 sofa beds, 2 large doubles, 1 futon)",0,1,1,https://cf.bstatic.com/xdata/images/hotel/square240/897815163.webp?k=ea8f7545b6e47a47db52f623fa258a1b0bbc2e021d5b8731a132727998fff477&o=,4,Karachi
"Modern 2-Bed W-lounge & 2 baths ""DHA phase 6 KHI""",https://www.booking.com/hotel/pk/elite-stay-modern-1-bed-suite.en-gb.html?aid=304142&label=gen173nr-10CAQoggJCDWNpdHlfLTI3NjQ1ODRICVgEaLUBiAEBmAEzuAEHyAEM2AED6AEB-AEBiAIBqAIBuAL2i8LTBsACAdICJDM2N2ZjNzMzLWQxZjMtNGIzYy1hNzk4LTM5NDA5M2M3YTk2OdgCAeACAQ&ucfs=1&arphpl=1&checkin=2026-08-06&checkout=2026-08-07&dest_id=-2764584&dest_type=city&group_adults=2&req_adults=2&no_rooms=1&group_children=0&req_children=0&hpos=11&hapos=210&sr_order=popularity&srpvid=440f55fbd93f0178&srepoch=1785759250&all_sr_blocks=1562726201_429456374_0_0_0&highlighted_blocks=1562726201_429456374_0_0_0&matching_block_id=1562726201_429456374_0_0_0&sr_pri_blocks=1562726201_429456374_0_0_0__1012500&from=searchresults,10125,9.0,1.0,"D.H.A., Karachi (D.H.A.)",9.6,Apartment with Balcony,2 double beds,0,0,1,https://cf.bstatic.com/xdata/images/hotel/square240/856205446.webp?k=842cecf55e400fd6939ecad98166637363048c6abdce5e31c27cc8b6019867a2&o=,5,Karachi
Oceanfront Oasis by Jannat Vacation Rentals,https://www.booking.com/hotel/pk/oceanfront-oasis-near-dolmen.en-gb.html?aid=304142&label=gen173nr-10CAQoggJCDWNpdHlfLTI3NjQ1ODRICVgEaLUBiAEBmAEzuAEHyAEM2AED6AEB-AEBiAIBqAIBuAL2i8LTBsACAdICJDM2N2ZjNzMzLWQxZjMtNGIzYy1hNzk4LTM5NDA5M2M3YTk2OdgCAeACAQ&ucfs=1&arphpl=1&checkin=2026-08-06&checkout=2026-08-07&dest_id=-2764584&dest_type=city&group_adults=2&req_adults=2&no_rooms=1&group_children=0&req_children=0&hpos=12&hapos=211&sr_order=popularity&srpvid=440f55fbd93f0178&srepoch=1785759250&all_sr_blocks=1269966801_429760220_6_0_0&highlighted_blocks=1269966801_429760220_6_0_0&matching_block_id=1269966801_429760220_6_0_0&sr_pri_blocks=1269966801_429760220_6_0_0__1810560&from=searchresults,18106,8.4,22.0,"Clifton, Karachi",7.2,Three-Bedroom Deluxe Apartment,"5 beds (3 extra-large doubles, 2 sofa beds)",0,1,0,https://cf.bstatic.com/xdata/images/hotel/square240/592000221.webp?k=05130d7a6a24202af3a742bffcfa2f957b714953612da52ded76bbb82eebc579&o=,13,Karachi
Urban Stay,https://www.booking.com/hotel/pk/urban-stay-karachi.en-gb.html?aid=304142&label=gen173nr-10CAQoggJCDWNpdHlfLTI3NjQ1ODRICVgEaLUBiAEBmAEzuAEHyAEM2AED6AEB-AEBiAIBqAIBuAL2i8LTBsACAdICJDM2N2ZjNzMzLWQxZjMtNGIzYy1hNzk4LTM5NDA5M2M3YTk2OdgCAeACAQ&ucfs=1&arphpl=1&checkin=2026-08-06&checkout=2026-08-07&dest_id=-2764584&dest_type=city&group_adults=2&req_adults=2&no_rooms=1&group_children=0&req_children=0&hpos=13&hapos=212&sr_order=popularity&srpvid=440f55fbd93f0178&srepoch=1785759250&all_sr_blocks=1677685701_439499426_4_0_0&highlighted_blocks=1677685701_439499426_4_0_0&matching_block_id=1677685701_439499426_4_0_0&sr_pri_blocks=1677685701_439499426_4_0_0__1062500&from=searchresults,10625,1.0,1.0,"D.H.A., Karachi (D.H.A.)",9.4,Two-Bedroom Apartment,"3 beds (2 extra-large doubles, 1 sofa bed)",0,1,1,https://cf.bstatic.com/xdata/images/hotel/square240/889496358.webp?k=44e97c7f1fdbd1d1d5d461a76d7c8eec992aae51362732a5327e6b96188d0bf8&o=,5,Karachi
Xefan Shahrah-e-Faisal,https://www.booking.com/hotel/pk/xefan-shahrah-e-faisal.en-gb.html?aid=304142&label=gen173nr-10CAQoggJCDWNpdHlfLTI3NjQ1ODRICVgEaLUBiAEBmAEzuAEHyAEM2AED6AEB-AEBiAIBqAIBuAL2i8LTBsACAdICJDM2N2ZjNzMzLWQxZjMtNGIzYy1hNzk4LTM5NDA5M2M3YTk2OdgCAeACAQ&ucfs=1&arphpl=1&checkin=2026-08-06&checkout=2026-08-07&dest_id=-2764584&dest_type=city&group_adults=2&req_adults=2&no_rooms=1&group_children=0&req_children=0&hpos=14&hapos=213&sr_order=popularity&srpvid=440f55fbd93f0178&srepoch=1785759250&all_sr_blocks=1688358501_440482808_2_1_0&highlighted_blocks=1688358501_440482808_2_1_0&matching_block_id=1688358501_440482808_2_1_0&sr_pri_blocks=1688358501_440482808_2_1_0__2380000&from=searchresults,23800,,,"PECHS, Karachi",2.4,Double Room,1 extra-large double bed,1,1,1,https://cf.bstatic.com/xdata/images/hotel/square240/894652249.webp?k=e2eb8996bdca581cb29e75e40cf50f57b947d533f4848fc6106cb88ddef79e62&o=,11,Karachi
Seaside Serenity Cozy Studio in DHA PHASE 6,https://www.booking.com/hotel/pk/private-luxe-studio-with-seaside-2-mins-away.en-gb.html?aid=304142&label=gen173nr-10CAQoggJCDWNpdHlfLTI3NjQ1ODRICVgEaLUBiAEBmAEzuAEHyAEM2AED6AEB-AEBiAIBqAIBuAL2i8LTBsACAdICJDM2N2ZjNzMzLWQxZjMtNGIzYy1hNzk4LTM5NDA5M2M3YTk2OdgCAeACAQ&ucfs=1&arphpl=1&checkin=2026-08-06&checkout=2026-08-07&dest_id=-2764584&dest_type=city&group_adults=2&req_adults=2&no_rooms=1&group_children=0&req_children=0&hpos=15&hapos=214&sr_order=popularity&srpvid=440f55fbd93f0178&srepoch=1785759250&all_sr_blocks=1561984901_429313753_0_0_0_1352374&highlighted_blocks=1561984901_429313753_0_0_0_1352374&matching_block_id=1561984901_429313753_0_0_0_1352374&sr_pri_blocks=1561984901_429313753_0_0_0_1352374_900000&from=searchresults,9000,,,"D.H.A., Karachi (D.H.A.)",9.6,Deluxe Double Room,"2 beds (1 double, 1 extra-large double)",0,1,1,https://cf.bstatic.com/xdata/images/hotel/square240/825007048.webp?k=e3ca3360cc1140a380cf5cb8c6ce454c7885aae50e68e3637a464e6e179f3741&o=,5,Karachi
Nursery Suites,https://www.booking.com/hotel/pk/nursery-suites.en-gb.html?aid=304142&label=gen173nr-10CAQoggJCDWNpdHlfLTI3NjQ1ODRICVgEaLUBiAEBmAEzuAEHyAEM2AED6AEB-AEBiAIBqAIBuAL2i8LTBsACAdICJDM2N2ZjNzMzLWQxZjMtNGIzYy1hNzk4LTM5NDA5M2M3YTk2OdgCAeACAQ&ucfs=1&arphpl=1&checkin=2026-08-06&checkout=2026-08-07&dest_id=-2764584&dest_type=city&group_adults=2&req_adults=2&no_rooms=1&group_children=0&req_children=0&hpos=16&hapos=215&sr_order=popularity&srpvid=440f55fbd93f0178&srepoch=1785759250&all_sr_blocks=1598359002_430847203_2_2_0&highlighted_blocks=1598359002_430847203_2_2_0&matching_block_id=1598359002_430847203_2_2_0&sr_pri_blocks=1598359002_430847203_2_2_0__500000&from=searchresults,5000,1.0,1.0,"PECHS, Karachi",1.4,Double Room with Private Bathroom,1 extra-large double bed,0,1,1,https://cf.bstatic.com/xdata/images/hotel/square240/846158551.webp?k=3b3004fbdaa95c9980cc9530040a2d9423425d03b7da874c33d248cfcee228f0&o=,4,Karachi
Karachi Guest House & Couple Hotel,https://www.booking.com/hotel/pk/karachi-guest-house-amp-couple.en-gb.html?aid=304142&label=gen173nr-10CAQoggJCDWNpdHlfLTI3NjQ1ODRICVgEaLUBiAEBmAEzuAEHyAEM2AED6AEB-AEBiAIBqAIBuAL2i8LTBsACAdICJDM2N2ZjNzMzLWQxZjMtNGIzYy1hNzk4LTM5NDA5M2M3YTk2OdgCAeACAQ&ucfs=1&arphpl=1&checkin=2026-08-06&checkout=2026-08-07&dest_id=-2764584&dest_type=city&group_adults=2&req_adults=2&no_rooms=1&group_children=0&req_children=0&hpos=17&hapos=216&sr_order=popularity&srpvid=440f55fbd93f0178&srepoch=1785759250&all_sr_blocks=935774004_365711770_2_42_0&highlighted_blocks=935774004_365711770_2_42_0&matching_block_id=935774004_365711770_2_42_0&sr_pri_blocks=935774004_365711770_2_42_0__700000&from=searchresults,7000,4.5,11.0,"Clifton, Karachi",4.5,Deluxe Family Room,3 single beds,0,1,1,https://cf.bstatic.com/xdata/images/hotel/square240/415939900.webp?k=1e9e739c3b891eb2257e1945609e12e1b3ca62295d78349906f21ef22dc11f67&o=,6,Karachi
Luxury Furnished Apartment for Rent 2Bed Apartment,https://www.booking.com/hotel/pk/luxury-furnished-apartment-for-rent-2bed-apartment.en-gb.html?aid=304142&label=gen173nr-10CAQoggJCDWNpdHlfLTI3NjQ1ODRICVgEaLUBiAEBmAEzuAEHyAEM2AED6AEB-AEBiAIBqAIBuAL2i8LTBsACAdICJDM2N2ZjNzMzLWQxZjMtNGIzYy1hNzk4LTM5NDA5M2M3YTk2OdgCAeACAQ&ucfs=1&arphpl=1&checkin=2026-08-06&checkout=2026-08-07&dest_id=-2764584&dest_type=city&group_adults=2&req_adults=2&no_rooms=1&group_children=0&req_children=0&hpos=18&hapos=217&sr_order=popularity&srpvid=440f55fbd93f0178&srepoch=1785759250&all_sr_blocks=1590546001_430150761_5_0_0&highlighted_blocks=1590546001_430150761_5_0_0&matching_block_id=1590546001_430150761_5_0_0&sr_pri_blocks=1590546001_430150761_5_0_0__1062500&from=searchresults,10625,,,Karachi,31.5,Two-Bedroom Apartment,"3 beds (1 sofa bed, 2 large doubles)",0,1,1,https://cf.bstatic.com/xdata/images/hotel/square240/830085459.webp?k=f1d3a85f2089e0e453db1e79cab66f49f36837bf8d28525545314fc4d5987c51&o=,4,Karachi
Beach Heaven Guest House,https://www.booking.com/hotel/pk/seaview-classic.en-gb.html?aid=304142&label=gen173nr-10CAQoggJCDWNpdHlfLTI3NjQ1ODRICVgEaLUBiAEBmAEzuAEHyAEM2AED6AEB-AEBiAIBqAIBuAL2i8LTBsACAdICJDM2N2ZjNzMzLWQxZjMtNGIzYy1hNzk4LTM5NDA5M2M3YTk2OdgCAeACAQ&ucfs=1&arphpl=1&checkin=2026-08-06&checkout=2026-08-07&dest_id=-2764584&dest_type=city&group_adults=2&req_adults=2&no_rooms=1&group_children=0&req_children=0&hpos=19&hapos=218&sr_order=popularity&srpvid=440f55fbd93f0178&srepoch=1785759250&all_sr_blocks=1506062902_422360226_2_41_0&highlighted_blocks=1506062902_422360226_2_41_0&matching_block_id=1506062902_422360226_2_41_0&sr_pri_blocks=1506062902_422360226_2_41_0__560000&from=searchresults,5600,4.3,3.0,"D.H.A., Karachi (D.H.A.)",8.9,Deluxe Twin Room,2 single beds,1,1,1,https://cf.bstatic.com/xdata/images/hotel/square240/818351922.webp?k=2ec7b7ac0cc17c824536d03792580d3d6963bed462e467484da62f354a7d82a1&o=,10,Karachi
Elite Pearl Villa by Majestic Hospitality,https://www.booking.com/hotel/pk/elite-pearl-villa-by-majestic-hospitality.en-gb.html?aid=304142&label=gen173nr-10CAQoggJCDWNpdHlfLTI3NjQ1ODRICVgEaLUBiAEBmAEzuAEHyAEM2AED6AEB-AEBiAIBqAIBuAL2i8LTBsACAdICJDM2N2ZjNzMzLWQxZjMtNGIzYy1hNzk4LTM5NDA5M2M3YTk2OdgCAeACAQ&ucfs=1&arphpl=1&checkin=2026-08-06&checkout=2026-08-07&dest_id=-2764584&dest_type=city&group_adults=2&req_adults=2&no_rooms=1&group_children=0&req_children=0&hpos=20&hapos=219&sr_order=popularity&srpvid=440f55fbd93f0178&srepoch=1785759250&all_sr_blocks=1671746204_439583254_2_0_0&highlighted_blocks=1671746204_439583254_2_0_0&matching_block_id=1671746204_439583254_2_0_0&sr_pri_blocks=1671746204_439583254_2_0_0__1800000&from=searchresults,18000,10,1.0,"D.H.A., Karachi (D.H.A.)",5.3,One-Bedroom Villa,"2 beds (1 double, 1 sofa bed)",0,1,1,https://cf.bstatic.com/xdata/images/hotel/square240/886277677.webp?k=aff2980905b480d02868197bb6a769ee2881096d817671e10f69c508ae47e617&o=,4,Karachi
City rooms,https://www.booking.com/hotel/pk/city-rooms-karachi2.en-gb.html?aid=304142&label=gen173nr-10CAQoggJCDWNpdHlfLTI3NjQ1ODRICVgEaLUBiAEBmAEzuAEHyAEM2AED6AEB-AEBiAIBqAIBuAL2i8LTBsACAdICJDM2N2ZjNzMzLWQxZjMtNGIzYy1hNzk4LTM5NDA5M2M3YTk2OdgCAeACAQ&ucfs=1&arphpl=1&checkin=2026-08-06&checkout=2026-08-07&dest_id=-2764584&dest_type=city&group_adults=2&req_adults=2&no_rooms=1&group_children=0&req_children=0&hpos=21&hapos=220&sr_order=popularity&srpvid=440f55fbd93f0178&srepoch=1785759250&all_sr_blocks=1663052501_438164632_2_1_0&highlighted_blocks=1663052501_438164632_2_1_0&matching_block_id=1663052501_438164632_2_1_0&sr_pri_blocks=1663052501_438164632_2_1_0__900000&from=searchresults,9000,,,"PECHS, Karachi",1.6,Double Room,1 double bed,1,1,1,https://cf.bstatic.com/xdata/images/hotel/square240/880830181.webp?k=35682fbb03fdff0baf7ccf09dbd5f1dcb5dab7b3c09c19f5425baa01cab8c915&o=,4,Karachi
Travellers Home 2BR PORTION Gulshan Iqbal blk#7,https://www.booking.com/hotel/pk/travellers-home-2br-portion-gulshan-iqbal-blk-7.en-gb.html?aid=304142&label=gen173nr-10CAQoggJCDWNpdHlfLTI3NjQ1ODRICVgEaLUBiAEBmAEzuAEHyAEM2AED6AEB-AEBiAIBqAIBuAL2i8LTBsACAdICJDM2N2ZjNzMzLWQxZjMtNGIzYy1hNzk4LTM5NDA5M2M3YTk2OdgCAeACAQ&ucfs=1&arphpl=1&checkin=2026-08-06&checkout=2026-08-07&dest_id=-2764584&dest_type=city&group_adults=2&req_adults=2&no_rooms=1&group_children=0&req_children=0&hpos=22&hapos=221&sr_order=popularity&srpvid=440f55fbd93f0178&srepoch=1785759250&all_sr_blocks=1211923001_393351963_0_0_0&highlighted_blocks=1211923001_393351963_0_0_0&matching_block_id=1211923001_393351963_0_0_0&sr_pri_blocks=1211923001_393351963_0_0_0__1800000&from=searchresults,18000,9.6,15.0,Karachi,9.0,Two-Bedroom House,"3 beds (2 extra-large doubles, 1 futon)",0,1,1,https://cf.bstatic.com/xdata/images/hotel/square240/560359709.webp?k=a278bdce247ad660fda600140246f7994adc89641c869ccaab896a5670f8077e&o=,5,Karachi
Service Apartment by WIH,https://www.booking.com/hotel/pk/service-apartment-by-wi-hotels.en-gb.html?aid=304142&label=gen173nr-10CAQoggJCDWNpdHlfLTI3NjQ1ODRICVgEaLUBiAEBmAEzuAEHyAEM2AED6AEB-AEBiAIBqAIBuAL2i8LTBsACAdICJDM2N2ZjNzMzLWQxZjMtNGIzYy1hNzk4LTM5NDA5M2M3YTk2OdgCAeACAQ&ucfs=1&arphpl=1&checkin=2026-08-06&checkout=2026-08-07&dest_id=-2764584&dest_type=city&group_adults=2&req_adults=2&no_rooms=1&group_children=0&req_children=0&hpos=23&hapos=222&sr_order=popularity&srpvid=440f55fbd93f0178&srepoch=1785759250&all_sr_blocks=1578050001_428914166_2_2_0&highlighted_blocks=1578050001_428914166_2_2_0&matching_block_id=1578050001_428914166_2_2_0&sr_pri_blocks=1578050001_428914166_2_2_0__1224930&from=searchresults,12249,10,1.0,"D.H.A., Karachi (D.H.A.)",7.4,Three-Bedroom Apartment,"4 beds (3 sofa beds, 1 large double)",0,1,1,https://cf.bstatic.com/xdata/images/hotel/square240/820269369.webp?k=a57d408afa6aa36487d32bb7e886b3ae32b612a70e23db8b65a4b37920047f57&o=,5,Karachi
Destination Beach Hotel by Dreamworld,https://www.booking.com/hotel/pk/destination-beach-by-dreamworld.en-gb.html?aid=304142&label=gen173nr-10CAQoggJCDWNpdHlfLTI3NjQ1ODRICVgEaLUBiAEBmAEzuAEHyAEM2AED6AEB-AEBiAIBqAIBuAL2i8LTBsACAdICJDM2N2ZjNzMzLWQxZjMtNGIzYy1hNzk4LTM5NDA5M2M3YTk2OdgCAeACAQ&ucfs=1&arphpl=1&checkin=2026-08-06&checkout=2026-08-07&dest_id=-2764584&dest_type=city&group_adults=2&req_adults=2&no_rooms=1&group_children=0&req_children=0&hpos=24&hapos=223&sr_order=popularity&srpvid=440f55fbd93f0178&srepoch=1785759250&all_sr_blocks=1067428901_379145500_2_1_0&highlighted_blocks=1067428901_379145500_2_1_0&matching_block_id=1067428901_379145500_2_1_0&sr_pri_blocks=1067428901_379145500_2_1_0__3705000&from=searchresults,37050,6.2,12.0,Karachi,11.1,Deluxe Room,1 large double bed,1,1,1,https://cf.bstatic.com/xdata/images/hotel/square240/487842869.webp?k=2edb6277c67b297ed0023833636bba8b69dfdd90f8c64502d1121406894be305&o=,6,Karachi
Pearl Galaxy Family Guest House,https://www.booking.com/hotel/pk/bnb-royal-galaxy-apartment.en-gb.html?aid=304142&label=gen173nr-10CAQoggJCDWNpdHlfLTI3NjQ1ODRICVgEaLUBiAEBmAEzuAEHyAEM2AED6AEB-AEBiAIBqAIBuAL2i8LTBsACAdICJDM2N2ZjNzMzLWQxZjMtNGIzYy1hNzk4LTM5NDA5M2M3YTk2OdgCAeACAQ&ucfs=1&arphpl=1&checkin=2026-08-06&checkout=2026-08-07&dest_id=-2764584&dest_type=city&group_adults=2&req_adults=2&no_rooms=1&group_children=0&req_children=0&hpos=25&hapos=224&sr_order=popularity&srpvid=440f55fbd93f0178&srepoch=1785759250&all_sr_blocks=1456068103_416903644_2_2_0&highlighted_blocks=1456068103_416903644_2_2_0&matching_block_id=1456068103_416903644_2_2_0&sr_pri_blocks=1456068103_416903644_2_2_0__700000&from=searchresults,7000,8.0,3.0,"Gulshan-E-Jamal, Karachi",7.4,Superior Double Room,1 double bed,0,1,1,https://cf.bstatic.com/xdata/images/hotel/square240/773277187.webp?k=088dde8d38ae68d8df26c55250ef02cf7bced8af4801981aa20d6d26251106a8&o=,4,Karachi
Beautiful villa in bahria town karachi,https://www.booking.com/hotel/pk/beautiful-villa-in-bahria-town-karachi-karachi.en-gb.html?aid=304142&label=gen173nr-10CAQoggJCDWNpdHlfLTI3NjQ1ODRICVgEaLUBiAEBmAEzuAEHyAEM2AED6AEB-AEBiAIBqAIBuAL2i8LTBsACAdICJDM2N2ZjNzMzLWQxZjMtNGIzYy1hNzk4LTM5NDA5M2M3YTk2OdgCAeACAQ&ucfs=1&arphpl=1&checkin=2026-08-06&checkout=2026-08-07&dest_id=-2764584&dest_type=city&group_adults=2&req_adults=2&no_rooms=1&group_children=0&req_children=0&hpos=1&hapos=225&sr_order=popularity&srpvid=440f55fbd93f0178&srepoch=1785759252&all_sr_blocks=1456881201_416986435_8_0_0&highlighted_blocks=1456881201_416986435_8_0_0&matching_block_id=1456881201_416986435_8_0_0&sr_pri_blocks=1456881201_416986435_8_0_0__1260000&from=searchresults,12600,3.0,1.0,Karachi,34.7,One-Bedroom Villa,"5 beds (1 single, 3 doubles, 1 sofa bed)",0,1,1,https://cf.bstatic.com/xdata/images/hotel/square240/825952128.webp?k=925dc9eb2e5eb2918526e6d5c05b56750a748d648fa1a76dd2d59af7bf7a68f3&o=,4,Karachi
Travel lodge clifton,https://www.booking.com/hotel/pk/travel-lodge-clifton.en-gb.html?aid=304142&label=gen173nr-10CAQoggJCDWNpdHlfLTI3NjQ1ODRICVgEaLUBiAEBmAEzuAEHyAEM2AED6AEB-AEBiAIBqAIBuAL2i8LTBsACAdICJDM2N2ZjNzMzLWQxZjMtNGIzYy1hNzk4LTM5NDA5M2M3YTk2OdgCAeACAQ&ucfs=1&arphpl=1&checkin=2026-08-06&checkout=2026-08-07&dest_id=-2764584&dest_type=city&group_adults=2&req_adults=2&no_rooms=1&group_children=0&req_children=0&hpos=2&hapos=226&sr_order=popularity&srpvid=440f55fbd93f0178&srepoch=1785759252&all_sr_blocks=1133749901_386028434_2_1_0&highlighted_blocks=1133749901_386028434_2_1_0&matching_block_id=1133749901_386028434_2_1_0&sr_pri_blocks=1133749901_386028434_2_1_0__814500&from=searchresults,8145,7.8,62.0,"Clifton, Karachi",7.0,Deluxe Double Room,1 large double bed,1,0,0,https://cf.bstatic.com/xdata/images/hotel/square240/518538465.webp?k=365b7bd71361d0d2b9d33350ef1444b53eb1b35d9994080c1a281badcd7af275&o=,4,Karachi
Cozy Beachside Studio Apartment - DHA Phase 6,https://www.booking.com/hotel/pk/cozy-beachside-studio-apartment-dha-phase-6.en-gb.html?aid=304142&label=gen173nr-10CAQoggJCDWNpdHlfLTI3NjQ1ODRICVgEaLUBiAEBmAEzuAEHyAEM2AED6AEB-AEBiAIBqAIBuAL2i8LTBsACAdICJDM2N2ZjNzMzLWQxZjMtNGIzYy1hNzk4LTM5NDA5M2M3YTk2OdgCAeACAQ&ucfs=1&arphpl=1&checkin=2026-08-06&checkout=2026-08-07&dest_id=-2764584&dest_type=city&group_adults=2&req_adults=2&no_rooms=1&group_children=0&req_children=0&hpos=3&hapos=227&sr_order=popularity&srpvid=440f55fbd93f0178&srepoch=1785759252&all_sr_blocks=1524285201_424074840_3_0_0&highlighted_blocks=1524285201_424074840_3_0_0&matching_block_id=1524285201_424074840_3_0_0&sr_pri_blocks=1524285201_424074840_3_0_0__1000000&from=searchresults,10000,,,"D.H.A., Karachi (D.H.A.)",9.6,One-Bedroom Apartment,"2 beds (1 sofa bed, 1 large double)",0,1,1,https://cf.bstatic.com/xdata/images/hotel/square240/798846758.webp?k=c16100ed8b777db3c8960e146a8b998161f4bca5ad84cbb350c016cca04437de&o=,13,Karachi
Travellers Heaven 2BR APT Gulshan Iqbal 13-E,https://www.booking.com/hotel/pk/luxury-living-with-cenima-theater.en-gb.html?aid=304142&label=gen173nr-10CAQoggJCDWNpdHlfLTI3NjQ1ODRICVgEaLUBiAEBmAEzuAEHyAEM2AED6AEB-AEBiAIBqAIBuAL2i8LTBsACAdICJDM2N2ZjNzMzLWQxZjMtNGIzYy1hNzk4LTM5NDA5M2M3YTk2OdgCAeACAQ&ucfs=1&arphpl=1&checkin=2026-08-06&checkout=2026-08-07&dest_id=-2764584&dest_type=city&group_adults=2&req_adults=2&no_rooms=1&group_children=0&req_children=0&hpos=4&hapos=228&sr_order=popularity&srpvid=440f55fbd93f0178&srepoch=1785759252&all_sr_blocks=1120010701_384812720_4_0_0&highlighted_blocks=1120010701_384812720_4_0_0&matching_block_id=1120010701_384812720_4_0_0&sr_pri_blocks=1120010701_384812720_4_0_0__1440000&from=searchresults,14400,7.6,5.0,Karachi,4.9,Apartment with Balcony,"3 beds (2 doubles, 1 sofa bed)",0,1,1,https://cf.bstatic.com/xdata/images/hotel/square240/560350012.webp?k=04a5721d33c5edc89f95b54f31626ca6cc996043ed4982a3bd6cf74e4dff769d&o=,6,Karachi
Clifton inn Guest HOUSE,https://www.booking.com/hotel/pk/clifton-inn.en-gb.html?aid=304142&label=gen173nr-10CAQoggJCDWNpdHlfLTI3NjQ1ODRICVgEaLUBiAEBmAEzuAEHyAEM2AED6AEB-AEBiAIBqAIBuAL2i8LTBsACAdICJDM2N2ZjNzMzLWQxZjMtNGIzYy1hNzk4LTM5NDA5M2M3YTk2OdgCAeACAQ&ucfs=1&arphpl=1&checkin=2026-08-06&checkout=2026-08-07&dest_id=-2764584&dest_type=city&group_adults=2&req_adults=2&no_rooms=1&group_children=0&req_children=0&hpos=5&hapos=229&sr_order=popularity&srpvid=440f55fbd93f0178&srepoch=1785759252&all_sr_blocks=1256638101_419335065_2_41_0&highlighted_blocks=1256638101_419335065_2_41_0&matching_block_id=1256638101_419335065_2_41_0&sr_pri_blocks=1256638101_419335065_2_41_0__892500&from=searchresults,8925,5.9,14.0,"Clifton, Karachi",6.7,Superior Double or Twin Room,"2 beds (1 single, 1 extra-large double)",1,1,1,https://cf.bstatic.com/xdata/images/hotel/square240/732579079.webp?k=f70e2743dd5ee33a9dd896308e2e4228ab3bc80e61bb564d2dcde90ea834ef81&o=,6,Karachi
Seashell Fort Hotel,https://www.booking.com/hotel/pk/seashell-group-of.en-gb.html?aid=304142&label=gen173nr-10CAQoggJCDWNpdHlfLTI3NjQ1ODRICVgEaLUBiAEBmAEzuAEHyAEM2AED6AEB-AEBiAIBqAIBuAL2i8LTBsACAdICJDM2N2ZjNzMzLWQxZjMtNGIzYy1hNzk4LTM5NDA5M2M3YTk2OdgCAeACAQ&ucfs=1&arphpl=1&checkin=2026-08-06&checkout=2026-08-07&dest_id=-2764584&dest_type=city&group_adults=2&req_adults=2&no_rooms=1&group_children=0&req_children=0&hpos=6&hapos=230&sr_order=popularity&srpvid=440f55fbd93f0178&srepoch=1785759252&all_sr_blocks=1616423602_432508674_2_1_0&highlighted_blocks=1616423602_432508674_2_1_0&matching_block_id=1616423602_432508674_2_1_0&sr_pri_blocks=1616423602_432508674_2_1_0__1755000&from=searchresults,17550,,,"Clifton, Karachi",7.0,Deluxe Room,1 large double bed,1,1,1,https://cf.bstatic.com/xdata/images/hotel/square240/856202741.webp?k=8991423791a897e4bfd867282d6d00187acfadcfc7133155a63a8c43858f1c19&o=,11,Karachi
Royal Villa,https://www.booking.com/hotel/pk/royal-villa-karachi3.en-gb.html?aid=304142&label=gen173nr-10CAQoggJCDWNpdHlfLTI3NjQ1ODRICVgEaLUBiAEBmAEzuAEHyAEM2AED6AEB-AEBiAIBqAIBuAL2i8LTBsACAdICJDM2N2ZjNzMzLWQxZjMtNGIzYy1hNzk4LTM5NDA5M2M3YTk2OdgCAeACAQ&ucfs=1&arphpl=1&checkin=2026-08-06&checkout=2026-08-07&dest_id=-2764584&dest_type=city&group_adults=2&req_adults=2&no_rooms=1&group_children=0&req_children=0&hpos=7&hapos=231&sr_order=popularity&srpvid=440f55fbd93f0178&srepoch=1785759252&all_sr_blocks=1693910401_441030984_2_0_0&highlighted_blocks=1693910401_441030984_2_0_0&matching_block_id=1693910401_441030984_2_0_0&sr_pri_blocks=1693910401_441030984_2_0_0__680000&from=searchresults,6800,,,Karachi,29.7,Double Room,1 double bed,0,1,1,https://cf.bstatic.com/xdata/images/hotel/square240/898701681.webp?k=11736cb0452691327fcaf4bfc995704d532a1b12c013828f0eca8d602c9ef084&o=,5,Karachi
3 Bed Nency Apartment,https://www.booking.com/hotel/pk/3-bed-apartment-karachi.en-gb.html?aid=304142&label=gen173nr-10CAQoggJCDWNpdHlfLTI3NjQ1ODRICVgEaLUBiAEBmAEzuAEHyAEM2AED6AEB-AEBiAIBqAIBuAL2i8LTBsACAdICJDM2N2ZjNzMzLWQxZjMtNGIzYy1hNzk4LTM5NDA5M2M3YTk2OdgCAeACAQ&ucfs=1&arphpl=1&checkin=2026-08-06&checkout=2026-08-07&dest_id=-2764584&dest_type=city&group_adults=2&req_adults=2&no_rooms=1&group_children=0&req_children=0&hpos=8&hapos=232&sr_order=popularity&srpvid=440f55fbd93f0178&srepoch=1785759252&all_sr_blocks=948094601_367386896_8_0_0&highlighted_blocks=948094601_367386896_8_0_0&matching_block_id=948094601_367386896_8_0_0&sr_pri_blocks=948094601_367386896_8_0_0__2000000&from=searchresults,20000,7.9,13.0,"D.H.A., Karachi (D.H.A.)",9.5,Three-Bedroom Apartment,"4 beds (3 extra-large doubles, 1 sofa bed)",0,1,1,https://cf.bstatic.com/xdata/images/hotel/square240/420375518.webp?k=4f47ef2d1acccd9137620e6d4bb1f13ebeebc3d6e1d812703541c698bb8c0910&o=,12,Karachi
Phase 8 Creek Apartments,https://www.booking.com/hotel/pk/phase-8-creek-apartments.en-gb.html?aid=304142&label=gen173nr-10CAQoggJCDWNpdHlfLTI3NjQ1ODRICVgEaLUBiAEBmAEzuAEHyAEM2AED6AEB-AEBiAIBqAIBuAL2i8LTBsACAdICJDM2N2ZjNzMzLWQxZjMtNGIzYy1hNzk4LTM5NDA5M2M3YTk2OdgCAeACAQ&ucfs=1&arphpl=1&checkin=2026-08-06&checkout=2026-08-07&dest_id=-2764584&dest_type=city&group_adults=2&req_adults=2&no_rooms=1&group_children=0&req_children=0&hpos=9&hapos=233&sr_order=popularity&srpvid=440f55fbd93f0178&srepoch=1785759252&all_sr_blocks=1499806601_421649566_0_0_0&highlighted_blocks=1499806601_421649566_0_0_0&matching_block_id=1499806601_421649566_0_0_0&sr_pri_blocks=1499806601_421649566_0_0_0__1980000&from=searchresults,19800,8.0,4.0,"D.H.A., Karachi (D.H.A.)",10.7,Two-Bedroom Apartment,3 large double beds,0,1,1,https://cf.bstatic.com/xdata/images/hotel/square240/753692949.webp?k=4db8aabe590a816c463702ed5b02e4fb7229d6b37e653ff0d169e78ff1455123&o=,5,Karachi
Seashell Legacy Hotel,https://www.booking.com/hotel/pk/seashell-legacy-karachi.en-gb.html?aid=304142&label=gen173nr-10CAQoggJCDWNpdHlfLTI3NjQ1ODRICVgEaLUBiAEBmAEzuAEHyAEM2AED6AEB-AEBiAIBqAIBuAL2i8LTBsACAdICJDM2N2ZjNzMzLWQxZjMtNGIzYy1hNzk4LTM5NDA5M2M3YTk2OdgCAeACAQ&ucfs=1&arphpl=1&checkin=2026-08-06&checkout=2026-08-07&dest_id=-2764584&dest_type=city&group_adults=2&req_adults=2&no_rooms=1&group_children=0&req_children=0&hpos=10&hapos=234&sr_order=popularity&srpvid=440f55fbd93f0178&srepoch=1785759252&all_sr_blocks=1620018001_432828864_2_1_0&highlighted_blocks=1620018001_432828864_2_1_0&matching_block_id=1620018001_432828864_2_1_0&sr_pri_blocks=1620018001_432828864_2_1_0__1955000&from=searchresults,19550,5.0,2.0,"Gulshan-E-Jamal, Karachi",7.4,Deluxe Room,1 large double bed,1,1,1,https://cf.bstatic.com/xdata/images/hotel/square240/892650355.webp?k=e60856a23f9a697290f9809062b9a09a26344ce32934bcc4438db93cb4213f0c&o=,12,Karachi
KarachiComfortStay,https://www.booking.com/hotel/pk/karachicomfortstay.en-gb.html?aid=304142&label=gen173nr-10CAQoggJCDWNpdHlfLTI3NjQ1ODRICVgEaLUBiAEBmAEzuAEHyAEM2AED6AEB-AEBiAIBqAIBuAL2i8LTBsACAdICJDM2N2ZjNzMzLWQxZjMtNGIzYy1hNzk4LTM5NDA5M2M3YTk2OdgCAeACAQ&ucfs=1&arphpl=1&checkin=2026-08-06&checkout=2026-08-07&dest_id=-2764584&dest_type=city&group_adults=2&req_adults=2&no_rooms=1&group_children=0&req_children=0&hpos=11&hapos=235&sr_order=popularity&srpvid=440f55fbd93f0178&srepoch=1785759252&all_sr_blocks=1619732101_432801101_2_0_0&highlighted_blocks=1619732101_432801101_2_0_0&matching_block_id=1619732101_432801101_2_0_0&sr_pri_blocks=1619732101_432801101_2_0_0__1200000&from=searchresults,12000,,,"D.H.A., Karachi (D.H.A.)",9.2,Double or Twin Room with Private Bathroom,1 double bed,0,1,1,https://cf.bstatic.com/xdata/images/hotel/square240/855089399.webp?k=7b6270e7086dd0099723680d07d006596710db3595764f7d7e7e50db6ba8e7d8&o=,7,Karachi
Creek walk lodges,https://www.booking.com/hotel/pk/creek-walk-lodges.en-gb.html?aid=304142&label=gen173nr-10CAQoggJCDWNpdHlfLTI3NjQ1ODRICVgEaLUBiAEBmAEzuAEHyAEM2AED6AEB-AEBiAIBqAIBuAL2i8LTBsACAdICJDM2N2ZjNzMzLWQxZjMtNGIzYy1hNzk4LTM5NDA5M2M3YTk2OdgCAeACAQ&ucfs=1&arphpl=1&checkin=2026-08-06&checkout=2026-08-07&dest_id=-2764584&dest_type=city&group_adults=2&req_adults=2&no_rooms=1&group_children=0&req_children=0&hpos=12&hapos=236&sr_order=popularity&srpvid=440f55fbd93f0178&srepoch=1785759252&all_sr_blocks=1664587302_438322760_2_0_0&highlighted_blocks=1664587302_438322760_2_0_0&matching_block_id=1664587302_438322760_2_0_0&sr_pri_blocks=1664587302_438322760_2_0_0__2000000&from=searchresults,20000,,,"D.H.A., Karachi (D.H.A.)",9.1,Three-Bedroom Apartment,"3 beds (2 doubles, 1 large double)",0,1,1,https://cf.bstatic.com/xdata/images/hotel/square240/881683507.webp?k=9e791269c8622cba6ab7161fb26fd78de1449df293774b2b3de0b07ebbef7615&o=,5,Karachi
Elegant Penthouse Rooms Gulistan E Joher Blk 14,https://www.booking.com/hotel/pk/elegant-penthouse-rooms-gulistan-e-joher-blk-14.en-gb.html?aid=304142&label=gen173nr-10CAQoggJCDWNpdHlfLTI3NjQ1ODRICVgEaLUBiAEBmAEzuAEHyAEM2AED6AEB-AEBiAIBqAIBuAL2i8LTBsACAdICJDM2N2ZjNzMzLWQxZjMtNGIzYy1hNzk4LTM5NDA5M2M3YTk2OdgCAeACAQ&ucfs=1&arphpl=1&checkin=2026-08-06&checkout=2026-08-07&dest_id=-2764584&dest_type=city&group_adults=2&req_adults=2&no_rooms=1&group_children=0&req_children=0&hpos=13&hapos=237&sr_order=popularity&srpvid=440f55fbd93f0178&srepoch=1785759252&all_sr_blocks=1286799903_401633740_2_0_0&highlighted_blocks=1286799903_401633740_2_0_0&matching_block_id=1286799903_401633740_2_0_0&sr_pri_blocks=1286799903_401633740_2_0_0__800000&from=searchresults,8000,9.8,6.0,Karachi,9.7,Deluxe Double Room,"2 beds (1 large double, 1 futon)",0,1,1,https://cf.bstatic.com/xdata/images/hotel/square240/600462065.webp?k=db60b07d391fd8bc5d66661d245ec48f81d5980c3d7b562cb604d09098d2d493&o=,5,Karachi
Homey vibes Residences,https://www.booking.com/hotel/pk/luxury-2br-apartment-karachi.en-gb.html?aid=304142&label=gen173nr-10CAQoggJCDWNpdHlfLTI3NjQ1ODRICVgEaLUBiAEBmAEzuAEHyAEM2AED6AEB-AEBiAIBqAIBuAL2i8LTBsACAdICJDM2N2ZjNzMzLWQxZjMtNGIzYy1hNzk4LTM5NDA5M2M3YTk2OdgCAeACAQ&ucfs=1&arphpl=1&checkin=2026-08-06&checkout=2026-08-07&dest_id=-2764584&dest_type=city&group_adults=2&req_adults=2&no_rooms=1&group_children=0&req_children=0&hpos=14&hapos=238&sr_order=popularity&srpvid=440f55fbd93f0178&srepoch=1785759252&all_sr_blocks=1188982701_391238647_2_0_0&highlighted_blocks=1188982701_391238647_2_0_0&matching_block_id=1188982701_391238647_2_0_0&sr_pri_blocks=1188982701_391238647_2_0_0__960000&from=searchresults,9600,,,Karachi,7.8,Two-Bedroom Apartment,"3 beds (2 singles, 1 double)",0,1,1,https://cf.bstatic.com/xdata/images/hotel/square240/902096150.webp?k=e6e4df4a3e36078d445bfb9cc398e8a9aa1329c46480df7bb3bcd80ef01b3afe&o=,4,Karachi
Zone Comforts,https://www.booking.com/hotel/pk/zone-comforts-karachi.en-gb.html?aid=304142&label=gen173nr-10CAQoggJCDWNpdHlfLTI3NjQ1ODRICVgEaLUBiAEBmAEzuAEHyAEM2AED6AEB-AEBiAIBqAIBuAL2i8LTBsACAdICJDM2N2ZjNzMzLWQxZjMtNGIzYy1hNzk4LTM5NDA5M2M3YTk2OdgCAeACAQ&ucfs=1&arphpl=1&checkin=2026-08-06&checkout=2026-08-07&dest_id=-2764584&dest_type=city&group_adults=2&req_adults=2&no_rooms=1&group_children=0&req_children=0&hpos=15&hapos=239&sr_order=popularity&srpvid=440f55fbd93f0178&srepoch=1785759252&all_sr_blocks=1621439401_432951406_4_1_0&highlighted_blocks=1621439401_432951406_4_1_0&matching_block_id=1621439401_432951406_4_1_0&sr_pri_blocks=1621439401_432951406_4_1_0__850000&from=searchresults,8500,1.0,1.0,"D.H.A., Karachi (D.H.A.)",8.7,Double Room,1 double bed,1,1,1,https://cf.bstatic.com/xdata/images/hotel/square240/856414083.webp?k=c19cb90ec93982908b1f687a78e71b27afb0c9f3862f96fe2c54e0db7967d91c&o=,5,Karachi
Signature Inn Guest House,https://www.booking.com/hotel/pk/signature-inn-guest-house-karachi.en-gb.html?aid=304142&label=gen173nr-10CAQoggJCDWNpdHlfLTI3NjQ1ODRICVgEaLUBiAEBmAEzuAEHyAEM2AED6AEB-AEBiAIBqAIBuAL2i8LTBsACAdICJDM2N2ZjNzMzLWQxZjMtNGIzYy1hNzk4LTM5NDA5M2M3YTk2OdgCAeACAQ&ucfs=1&arphpl=1&checkin=2026-08-06&checkout=2026-08-07&dest_id=-2764584&dest_type=city&group_adults=2&req_adults=2&no_rooms=1&group_children=0&req_children=0&hpos=16&hapos=240&sr_order=popularity&srpvid=440f55fbd93f0178&srepoch=1785759252&all_sr_blocks=1570386101_428122276_2_2_0&highlighted_blocks=1570386101_428122276_2_2_0&matching_block_id=1570386101_428122276_2_2_0&sr_pri_blocks=1570386101_428122276_2_2_0__700000&from=searchresults,7000,9.0,2.0,"Gulshan-E-Jamal, Karachi",7.5,Deluxe Double Room,2 single beds,0,1,1,https://cf.bstatic.com/xdata/images/hotel/square240/813694261.webp?k=9ab3dac5aaea2ed14550366280f63932cfae162d0cbeb41a37fee46145acfbac&o=,4,Karachi
Spacious 2BR Portion with Rooftop Gulshan e Iqbal Block 7,https://www.booking.com/hotel/pk/spacious-2br-portion-with-rooftop-gulshan-e-iqbal-block-7.en-gb.html?aid=304142&label=gen173nr-10CAQoggJCDWNpdHlfLTI3NjQ1ODRICVgEaLUBiAEBmAEzuAEHyAEM2AED6AEB-AEBiAIBqAIBuAL2i8LTBsACAdICJDM2N2ZjNzMzLWQxZjMtNGIzYy1hNzk4LTM5NDA5M2M3YTk2OdgCAeACAQ&ucfs=1&arphpl=1&checkin=2026-08-06&checkout=2026-08-07&dest_id=-2764584&dest_type=city&group_adults=2&req_adults=2&no_rooms=1&group_children=0&req_children=0&hpos=17&hapos=241&sr_order=popularity&srpvid=440f55fbd93f0178&srepoch=1785759252&all_sr_blocks=1491387001_420794174_7_0_0&highlighted_blocks=1491387001_420794174_7_0_0&matching_block_id=1491387001_420794174_7_0_0&sr_pri_blocks=1491387001_420794174_7_0_0__2400000&from=searchresults,24000,8.9,8.0,Karachi,8.4,Superior Villa,"7 beds (2 singles, 1 extra-large double, 1 sofa bed, 3 futons)",0,1,1,https://cf.bstatic.com/xdata/images/hotel/square240/751106829.webp?k=d3f9332df2f67f6c37d90a11edece29f77a6d95939e4e9772aecb963a3666799&o=,6,Karachi
Elet Express Apartment,https://www.booking.com/hotel/pk/elet-express-apartment.en-gb.html?aid=304142&label=gen173nr-10CAQoggJCDWNpdHlfLTI3NjQ1ODRICVgEaLUBiAEBmAEzuAEHyAEM2AED6AEB-AEBiAIBqAIBuAL2i8LTBsACAdICJDM2N2ZjNzMzLWQxZjMtNGIzYy1hNzk4LTM5NDA5M2M3YTk2OdgCAeACAQ&ucfs=1&arphpl=1&checkin=2026-08-06&checkout=2026-08-07&dest_id=-2764584&dest_type=city&group_adults=2&req_adults=2&no_rooms=1&group_children=0&req_children=0&hpos=18&hapos=242&sr_order=popularity&srpvid=440f55fbd93f0178&srepoch=1785759252&all_sr_blocks=1661490101_438036508_2_1_0&highlighted_blocks=1661490101_438036508_2_1_0&matching_block_id=1661490101_438036508_2_1_0&sr_pri_blocks=1661490101_438036508_2_1_0__2659297&from=searchresults,26593,,,"D.H.A., Karachi (D.H.A.)",3.9,Three-Bedroom Premium Apartment,4 double beds,1,0,0,https://cf.bstatic.com/xdata/images/hotel/square240/879965934.webp?k=9d5360b3c5239b4e3fee31c5e83351377c7632e5685df4439141edc24ee68322&o=,2,Karachi
Rose Grand Guest House,https://www.booking.com/hotel/pk/rose-grand.en-gb.html?aid=304142&label=gen173nr-10CAQoggJCDWNpdHlfLTI3NjQ1ODRICVgEaLUBiAEBmAEzuAEHyAEM2AED6AEB-AEBiAIBqAIBuAL2i8LTBsACAdICJDM2N2ZjNzMzLWQxZjMtNGIzYy1hNzk4LTM5NDA5M2M3YTk2OdgCAeACAQ&ucfs=1&arphpl=1&checkin=2026-08-06&checkout=2026-08-07&dest_id=-2764584&dest_type=city&group_adults=2&req_adults=2&no_rooms=1&group_children=0&req_children=0&hpos=19&hapos=243&sr_order=popularity&srpvid=440f55fbd93f0178&srepoch=1785759252&all_sr_blocks=1500345501_421703998_2_0_0&highlighted_blocks=1500345501_421703998_2_0_0&matching_block_id=1500345501_421703998_2_0_0&sr_pri_blocks=1500345501_421703998_2_0_0__650000&from=searchresults,6500,7.0,1.0,"D.H.A., Karachi (D.H.A.)",3.5,Double Room,1 double bed,0,1,1,https://cf.bstatic.com/xdata/images/hotel/square240/771711495.webp?k=65866e9654415187d2bf499e95be2d33c5a9da84286b0ddb90b32b8f316695fe&o=,4,Karachi
The Cozy 2BR APT at Gulshan Iqbal 13-E,https://www.booking.com/hotel/pk/travellers-heaven-2br-apt-gulshan-iqbal-13-e.en-gb.html?aid=304142&label=gen173nr-10CAQoggJCDWNpdHlfLTI3NjQ1ODRICVgEaLUBiAEBmAEzuAEHyAEM2AED6AEB-AEBiAIBqAIBuAL2i8LTBsACAdICJDM2N2ZjNzMzLWQxZjMtNGIzYy1hNzk4LTM5NDA5M2M3YTk2OdgCAeACAQ&ucfs=1&arphpl=1&checkin=2026-08-06&checkout=2026-08-07&dest_id=-2764584&dest_type=city&group_adults=2&req_adults=2&no_rooms=1&group_children=0&req_children=0&hpos=20&hapos=244&sr_order=popularity&srpvid=440f55fbd93f0178&srepoch=1785759252&all_sr_blocks=1249805601_397439529_4_0_0&highlighted_blocks=1249805601_397439529_4_0_0&matching_block_id=1249805601_397439529_4_0_0&sr_pri_blocks=1249805601_397439529_4_0_0__2000000&from=searchresults,20000,10,8.0,Karachi,4.9,Two-Bedroom Apartment,"3 beds (2 doubles, 1 sofa bed)",0,1,1,https://cf.bstatic.com/xdata/images/hotel/square240/581797479.webp?k=d284e5146cde397350af46cb6f20d7415fc918baab3e10db771c4efc065b3705&o=,5,Karachi
New Era 2,https://www.booking.com/hotel/pk/new-era-2.en-gb.html?aid=304142&label=gen173nr-10CAQoggJCDWNpdHlfLTI3NjQ1ODRICVgEaLUBiAEBmAEzuAEHyAEM2AED6AEB-AEBiAIBqAIBuAL2i8LTBsACAdICJDM2N2ZjNzMzLWQxZjMtNGIzYy1hNzk4LTM5NDA5M2M3YTk2OdgCAeACAQ&ucfs=1&arphpl=1&checkin=2026-08-06&checkout=2026-08-07&dest_id=-2764584&dest_type=city&group_adults=2&req_adults=2&no_rooms=1&group_children=0&req_children=0&hpos=21&hapos=245&sr_order=popularity&srpvid=440f55fbd93f0178&srepoch=1785759252&all_sr_blocks=1632080401_433713624_2_1_0&highlighted_blocks=1632080401_433713624_2_1_0&matching_block_id=1632080401_433713624_2_1_0&sr_pri_blocks=1632080401_433713624_2_1_0__756500&from=searchresults,7565,10,1.0,"PECHS, Karachi",2.0,Double or Twin Room,"2 beds (1 single, 1 double)",1,1,1,https://cf.bstatic.com/xdata/images/hotel/square240/879624101.webp?k=0e034291044334d4d0ed65a8fd209b184d9ef888bdf949e4b31a9fe899ec54da&o=,4,Karachi
The Urban Nest Guest House,https://www.booking.com/hotel/pk/the-urban-nest-guest-house.en-gb.html?aid=304142&label=gen173nr-10CAQoggJCDWNpdHlfLTI3NjQ1ODRICVgEaLUBiAEBmAEzuAEHyAEM2AED6AEB-AEBiAIBqAIBuAL2i8LTBsACAdICJDM2N2ZjNzMzLWQxZjMtNGIzYy1hNzk4LTM5NDA5M2M3YTk2OdgCAeACAQ&ucfs=1&arphpl=1&checkin=2026-08-06&checkout=2026-08-07&dest_id=-2764584&dest_type=city&group_adults=2&req_adults=2&no_rooms=1&group_children=0&req_children=0&hpos=22&hapos=246&sr_order=popularity&srpvid=440f55fbd93f0178&srepoch=1785759252&all_sr_blocks=1606000601_431537859_2_1_0&highlighted_blocks=1606000601_431537859_2_1_0&matching_block_id=1606000601_431537859_2_1_0&sr_pri_blocks=1606000601_431537859_2_1_0__1020000&from=searchresults,10200,,,Karachi,7.4,Deluxe Twin Room,"5 beds (2 singles, 1 double, 2 extra-large doubles)",1,1,1,https://cf.bstatic.com/xdata/images/hotel/square240/842571446.webp?k=6249415feaa6a3e0fd9b61b91d10b1bfce2c06b481f8f69c7a3ff036e61d1ca1&o=,4,Karachi
Emaar Luxury 2 Bed Sea facing,https://www.booking.com/hotel/pk/emaar-luxury-2-bed-sea-facing.en-gb.html?aid=304142&label=gen173nr-10CAQoggJCDWNpdHlfLTI3NjQ1ODRICVgEaLUBiAEBmAEzuAEHyAEM2AED6AEB-AEBiAIBqAIBuAL2i8LTBsACAdICJDM2N2ZjNzMzLWQxZjMtNGIzYy1hNzk4LTM5NDA5M2M3YTk2OdgCAeACAQ&ucfs=1&arphpl=1&checkin=2026-08-06&checkout=2026-08-07&dest_id=-2764584&dest_type=city&group_adults=2&req_adults=2&no_rooms=1&group_children=0&req_children=0&hpos=23&hapos=247&sr_order=popularity&srpvid=440f55fbd93f0178&srepoch=1785759252&all_sr_blocks=1603831201_431328115_6_0_0&highlighted_blocks=1603831201_431328115_6_0_0&matching_block_id=1603831201_431328115_6_0_0&sr_pri_blocks=1603831201_431328115_6_0_0__9000000&from=searchresults,90000,1.0,1.0,Karachi,13.2,Two-Bedroom Apartment,"4 beds (1 double, 2 sofa beds, 1 large double)",0,1,1,https://cf.bstatic.com/xdata/images/hotel/square240/841012814.webp?k=eb7c2e3c8e0ada030afda3abb0830a55c73bb077a4ab9803dd822afdca6f34d3&o=,5,Karachi
Skyline residency apartment model colony,https://www.booking.com/hotel/pk/airport-apartment-model-colony.en-gb.html?aid=304142&label=gen173nr-10CAQoggJCDWNpdHlfLTI3NjQ1ODRICVgEaLUBiAEBmAEzuAEHyAEM2AED6AEB-AEBiAIBqAIBuAL2i8LTBsACAdICJDM2N2ZjNzMzLWQxZjMtNGIzYy1hNzk4LTM5NDA5M2M3YTk2OdgCAeACAQ&ucfs=1&arphpl=1&checkin=2026-08-06&checkout=2026-08-07&dest_id=-2764584&dest_type=city&group_adults=2&req_adults=2&no_rooms=1&group_children=0&req_children=0&hpos=24&hapos=248&sr_order=popularity&srpvid=440f55fbd93f0178&srepoch=1785759252&all_sr_blocks=1640804001_434315715_2_0_0&highlighted_blocks=1640804001_434315715_2_0_0&matching_block_id=1640804001_434315715_2_0_0&sr_pri_blocks=1640804001_434315715_2_0_0__1400000&from=searchresults,14000,1.0,1.0,Karachi,12.3,Double Room,"6 beds (2 singles, 2 doubles, 2 extra-large doubles)",0,1,1,https://cf.bstatic.com/xdata/images/hotel/square240/879799553.webp?k=3cc4c3ac8488efec2dec8801534fe4a0bb324bc8ca83685fd70b57c87dd33eed&o=,4,Karachi
White Shell Hotel,https://www.booking.com/hotel/pk/white-shell.en-gb.html?aid=304142&label=gen173nr-10CAQoggJCDWNpdHlfLTI3NjQ1ODRICVgEaLUBiAEBmAEzuAEHyAEM2AED6AEB-AEBiAIBqAIBuAL2i8LTBsACAdICJDM2N2ZjNzMzLWQxZjMtNGIzYy1hNzk4LTM5NDA5M2M3YTk2OdgCAeACAQ&ucfs=1&arphpl=1&checkin=2026-08-06&checkout=2026-08-07&dest_id=-2764584&dest_type=city&group_adults=2&req_adults=2&no_rooms=1&group_children=0&req_children=0&hpos=25&hapos=249&sr_order=popularity&srpvid=440f55fbd93f0178&srepoch=1785759252&all_sr_blocks=1695032101_441166175_2_2_0&highlighted_blocks=1695032101_441166175_2_2_0&matching_block_id=1695032101_441166175_2_2_0&sr_pri_blocks=1695032101_441166175_2_2_0__883500&from=searchresults,8835,10,1.0,"D.H.A., Karachi (D.H.A.)",3.6,Standard Double or Twin Room,2 single beds,0,1,1,https://cf.bstatic.com/xdata/images/hotel/square240/899558728.webp?k=9c6cfdfdf602a6ff55ef3cd46e4f36cc310c6ee9011c95c53386c665421c06b2&o=,14,Karachi
The Urban Oasis Suite,https://www.booking.com/hotel/pk/the-urban-oasis-suite.en-gb.html?aid=304142&label=gen173nr-10CAQoggJCDWNpdHlfLTI3NjQ1ODRICVgEaLUBiAEBmAEzuAEHyAEM2AED6AEB-AEBiAIBqAIBuAL2i8LTBsACAdICJDM2N2ZjNzMzLWQxZjMtNGIzYy1hNzk4LTM5NDA5M2M3YTk2OdgCAeACAQ&ucfs=1&arphpl=1&checkin=2026-08-06&checkout=2026-08-07&dest_id=-2764584&dest_type=city&group_adults=2&req_adults=2&no_rooms=1&group_children=0&req_children=0&hpos=1&hapos=250&sr_order=popularity&srpvid=440f55fbd93f0178&srepoch=1785759255&all_sr_blocks=1676814601_439405637_8_0_0&highlighted_blocks=1676814601_439405637_8_0_0&matching_block_id=1676814601_439405637_8_0_0&sr_pri_blocks=1676814601_439405637_8_0_0__1035217&from=searchresults,10352,,,Karachi,22.9,One-Bedroom Apartment,"5 beds (1 single, 1 double, 1 extra-large double, 1 sofa bed, 1 large double)",0,1,1,https://cf.bstatic.com/xdata/images/hotel/square240/889028304.webp?k=b8b219ada7ebb293dfa0d66aa398963e5df41cde5060d443e08c53b017b6277b&o=,5,Karachi
Galaxy Family karachi Airport Hotel,https://www.booking.com/hotel/pk/galaxy-inn-karachi1.en-gb.html?aid=304142&label=gen173nr-10CAQoggJCDWNpdHlfLTI3NjQ1ODRICVgEaLUBiAEBmAEzuAEHyAEM2AED6AEB-AEBiAIBqAIBuAL2i8LTBsACAdICJDM2N2ZjNzMzLWQxZjMtNGIzYy1hNzk4LTM5NDA5M2M3YTk2OdgCAeACAQ&ucfs=1&arphpl=1&checkin=2026-08-06&checkout=2026-08-07&dest_id=-2764584&dest_type=city&group_adults=2&req_adults=2&no_rooms=1&group_children=0&req_children=0&hpos=2&hapos=251&sr_order=popularity&srpvid=440f55fbd93f0178&srepoch=1785759255&all_sr_blocks=1096854201_400828571_2_2_0&highlighted_blocks=1096854201_400828571_2_2_0&matching_block_id=1096854201_400828571_2_2_0&sr_pri_blocks=1096854201_400828571_2_2_0__650000&from=searchresults,6500,7.7,4.0,"Gulshan-E-Jamal, Karachi",7.4,Budget Double Room,1 double bed,0,1,0,https://cf.bstatic.com/xdata/images/hotel/square240/511239564.webp?k=fcdfec73f5643e76b43e727ec137036f47b5be32b42ce8d261f17091abe5f7f3&o=,9,Karachi
Hotel BNB Gulshan Karachi,https://www.booking.com/hotel/pk/bule-inn-guest-house-karachi.en-gb.html?aid=304142&label=gen173nr-10CAQoggJCDWNpdHlfLTI3NjQ1ODRICVgEaLUBiAEBmAEzuAEHyAEM2AED6AEB-AEBiAIBqAIBuAL2i8LTBsACAdICJDM2N2ZjNzMzLWQxZjMtNGIzYy1hNzk4LTM5NDA5M2M3YTk2OdgCAeACAQ&ucfs=1&arphpl=1&checkin=2026-08-06&checkout=2026-08-07&dest_id=-2764584&dest_type=city&group_adults=2&req_adults=2&no_rooms=1&group_children=0&req_children=0&hpos=3&hapos=252&sr_order=popularity&srpvid=440f55fbd93f0178&srepoch=1785759255&all_sr_blocks=836762802_417520805_2_0_0&highlighted_blocks=836762802_417520805_2_0_0&matching_block_id=836762802_417520805_2_0_0&sr_pri_blocks=836762802_417520805_2_0_0__237932&from=searchresults,2379,1.0,1.0,Karachi,7.6,Deluxe Twin Room,2 single beds,0,1,1,https://cf.bstatic.com/xdata/images/hotel/square240/349474523.webp?k=676afb5e0ac2a3bd28147aff9eafdbe47515927bb936008e0765303a2d2480e0&o=,4,Karachi
Zam Zam Residency,https://www.booking.com/hotel/pk/zam-zam-residency.en-gb.html?aid=304142&label=gen173nr-10CAQoggJCDWNpdHlfLTI3NjQ1ODRICVgEaLUBiAEBmAEzuAEHyAEM2AED6AEB-AEBiAIBqAIBuAL2i8LTBsACAdICJDM2N2ZjNzMzLWQxZjMtNGIzYy1hNzk4LTM5NDA5M2M3YTk2OdgCAeACAQ&ucfs=1&arphpl=1&checkin=2026-08-06&checkout=2026-08-07&dest_id=-2764584&dest_type=city&group_adults=2&req_adults=2&no_rooms=1&group_children=0&req_children=0&hpos=4&hapos=253&sr_order=popularity&srpvid=440f55fbd93f0178&srepoch=1785759255&all_sr_blocks=1442725201_415716346_4_0_0&highlighted_blocks=1442725201_415716346_4_0_0&matching_block_id=1442725201_415716346_4_0_0&sr_pri_blocks=1442725201_415716346_4_0_0__450000&from=searchresults,4500,9.7,3.0,Karachi,9.3,One-Bedroom Apartment,1 double bed,0,1,1,https://cf.bstatic.com/xdata/images/hotel/square240/701394138.webp?k=24363736bfd5b7fe47a6fca3bf7e7dae27a7c84a09d421774186e7de354ee403&o=,4,Karachi
Malik House Ali block Bahria town karachi,https://www.booking.com/hotel/pk/malik-house-ali-block-bahria-town-karachi.en-gb.html?aid=304142&label=gen173nr-10CAQoggJCDWNpdHlfLTI3NjQ1ODRICVgEaLUBiAEBmAEzuAEHyAEM2AED6AEB-AEBiAIBqAIBuAL2i8LTBsACAdICJDM2N2ZjNzMzLWQxZjMtNGIzYy1hNzk4LTM5NDA5M2M3YTk2OdgCAeACAQ&ucfs=1&arphpl=1&checkin=2026-08-06&checkout=2026-08-07&dest_id=-2764584&dest_type=city&group_adults=2&req_adults=2&no_rooms=1&group_children=0&req_children=0&hpos=5&hapos=254&sr_order=popularity&srpvid=440f55fbd93f0178&srepoch=1785759255&all_sr_blocks=1417205201_413396310_2_0_0&highlighted_blocks=1417205201_413396310_2_0_0&matching_block_id=1417205201_413396310_2_0_0&sr_pri_blocks=1417205201_413396310_2_0_0__1680000&from=searchresults,16800,8.0,1.0,Karachi,30.8,Three-Bedroom Villa,2 single beds,0,1,1,https://cf.bstatic.com/xdata/images/hotel/square240/707997914.webp?k=899d8ab7aca2a0aae9d9727223695d9f0d4ffdcf696d1a04db3299f60b722ad6&o=,4,Karachi
Fully furnished paying guest accommodation,https://www.booking.com/hotel/pk/fully-furnished-paying-guest-accommodation-karachi3.en-gb.html?aid=304142&label=gen173nr-10CAQoggJCDWNpdHlfLTI3NjQ1ODRICVgEaLUBiAEBmAEzuAEHyAEM2AED6AEB-AEBiAIBqAIBuAL2i8LTBsACAdICJDM2N2ZjNzMzLWQxZjMtNGIzYy1hNzk4LTM5NDA5M2M3YTk2OdgCAeACAQ&ucfs=1&arphpl=1&checkin=2026-08-06&checkout=2026-08-07&dest_id=-2764584&dest_type=city&group_adults=2&req_adults=2&no_rooms=1&group_children=0&req_children=0&hpos=6&hapos=255&sr_order=popularity&srpvid=440f55fbd93f0178&srepoch=1785759255&all_sr_blocks=1584889301_430420872_2_1_0&highlighted_blocks=1584889301_430420872_2_1_0&matching_block_id=1584889301_430420872_2_1_0&sr_pri_blocks=1584889301_430420872_2_1_0__520000&from=searchresults,5200,6.7,3.0,Karachi,14.6,Deluxe Room,1 large double bed,1,1,1,https://cf.bstatic.com/xdata/images/hotel/square240/826260120.webp?k=cb5fd8bb6e46a7d56ae25b4d5ca97edaebb30bf0cec6d710c0b3842df249d928&o=,5,Karachi
Bahria town karachi Ali block,https://www.booking.com/hotel/pk/bahria-town-karachi-karachi6.en-gb.html?aid=304142&label=gen173nr-10CAQoggJCDWNpdHlfLTI3NjQ1ODRICVgEaLUBiAEBmAEzuAEHyAEM2AED6AEB-AEBiAIBqAIBuAL2i8LTBsACAdICJDM2N2ZjNzMzLWQxZjMtNGIzYy1hNzk4LTM5NDA5M2M3YTk2OdgCAeACAQ&ucfs=1&arphpl=1&checkin=2026-08-06&checkout=2026-08-07&dest_id=-2764584&dest_type=city&group_adults=2&req_adults=2&no_rooms=1&group_children=0&req_children=0&hpos=7&hapos=256&sr_order=popularity&srpvid=440f55fbd93f0178&srepoch=1785759255&all_sr_blocks=1407207701_412531105_2_0_0&highlighted_blocks=1407207701_412531105_2_0_0&matching_block_id=1407207701_412531105_2_0_0&sr_pri_blocks=1407207701_412531105_2_0_0__1870000&from=searchresults,18700,8.3,6.0,Karachi,30.8,Two-Bedroom Villa,"5 beds (2 singles, 3 doubles)",0,0,1,https://cf.bstatic.com/xdata/images/hotel/square240/687709832.webp?k=34d853929ce3a95ba1ae1a10ae0f5d0f3483b70af9ebb2610ffe8c88582a97f4&o=,3,Karachi
Couples Friendly Guest House Karachi - Hotels,https://www.booking.com/hotel/pk/guest-house-inn-karachi.en-gb.html?aid=304142&label=gen173nr-10CAQoggJCDWNpdHlfLTI3NjQ1ODRICVgEaLUBiAEBmAEzuAEHyAEM2AED6AEB-AEBiAIBqAIBuAL2i8LTBsACAdICJDM2N2ZjNzMzLWQxZjMtNGIzYy1hNzk4LTM5NDA5M2M3YTk2OdgCAeACAQ&ucfs=1&arphpl=1&checkin=2026-08-06&checkout=2026-08-07&dest_id=-2764584&dest_type=city&group_adults=2&req_adults=2&no_rooms=1&group_children=0&req_children=0&hpos=8&hapos=257&sr_order=popularity&srpvid=440f55fbd93f0178&srepoch=1785759255&all_sr_blocks=811690001_343423387_2_0_0&highlighted_blocks=811690001_343423387_2_0_0&matching_block_id=811690001_343423387_2_0_0&sr_pri_blocks=811690001_343423387_2_0_0__567000&from=searchresults,5670,,,Karachi,7.5,Deluxe Double Room,1 double bed,0,1,1,https://cf.bstatic.com/xdata/images/hotel/square240/345993539.webp?k=2ede16af8b4580cbea1891c899ca94f0437d8ac46d276ccf175acc1f9c8fa5e2&o=,4,Karachi
Luxury Hotel Rooms,https://www.booking.com/hotel/pk/luxury-rooms-karachi3.en-gb.html?aid=304142&label=gen173nr-10CAQoggJCDWNpdHlfLTI3NjQ1ODRICVgEaLUBiAEBmAEzuAEHyAEM2AED6AEB-AEBiAIBqAIBuAL2i8LTBsACAdICJDM2N2ZjNzMzLWQxZjMtNGIzYy1hNzk4LTM5NDA5M2M3YTk2OdgCAeACAQ&ucfs=1&arphpl=1&checkin=2026-08-06&checkout=2026-08-07&dest_id=-2764584&dest_type=city&group_adults=2&req_adults=2&no_rooms=1&group_children=0&req_children=0&hpos=9&hapos=258&sr_order=popularity&srpvid=440f55fbd93f0178&srepoch=1785759255&all_sr_blocks=1124818301_385183866_2_0_0&highlighted_blocks=1124818301_385183866_2_0_0&matching_block_id=1124818301_385183866_2_0_0&sr_pri_blocks=1124818301_385183866_2_0_0__279644&from=searchresults,2796,1.0,1.0,Karachi,7.2,Deluxe Double Room,2 single beds,0,0,0,https://cf.bstatic.com/xdata/images/hotel/square240/514262263.webp?k=047c50251d00162522313add84416fe1ea9f7e31ef0d47d1ef01f9b9084b9813&o=,8,Karachi
Gulshan e iqbal Guest House Karachi,https://www.booking.com/hotel/pk/gulshan-e-iqbal-guest-house-karachi.en-gb.html?aid=304142&label=gen173nr-10CAQoggJCDWNpdHlfLTI3NjQ1ODRICVgEaLUBiAEBmAEzuAEHyAEM2AED6AEB-AEBiAIBqAIBuAL2i8LTBsACAdICJDM2N2ZjNzMzLWQxZjMtNGIzYy1hNzk4LTM5NDA5M2M3YTk2OdgCAeACAQ&ucfs=1&arphpl=1&checkin=2026-08-06&checkout=2026-08-07&dest_id=-2764584&dest_type=city&group_adults=2&req_adults=2&no_rooms=1&group_children=0&req_children=0&hpos=10&hapos=259&sr_order=popularity&srpvid=440f55fbd93f0178&srepoch=1785759255&all_sr_blocks=1496030703_421279157_2_1_0&highlighted_blocks=1496030703_421279157_2_1_0&matching_block_id=1496030703_421279157_2_1_0&sr_pri_blocks=1496030703_421279157_2_1_0__690000&from=searchresults,6900,1.0,1.0,Karachi,7.3,Deluxe Double or Twin Room,2 single beds,1,1,1,https://cf.bstatic.com/xdata/images/hotel/square240/750957084.webp?k=3070498b517a4d3a1c806777f393d83aabc8d8294e85a4f06714e35b004ed8ef&o=,4,Karachi
Fully furnished paying guest accommodation,https://www.booking.com/hotel/pk/fully-furnished-paying-guest-accommodation-karachi7.en-gb.html?aid=304142&label=gen173nr-10CAQoggJCDWNpdHlfLTI3NjQ1ODRICVgEaLUBiAEBmAEzuAEHyAEM2AED6AEB-AEBiAIBqAIBuAL2i8LTBsACAdICJDM2N2ZjNzMzLWQxZjMtNGIzYy1hNzk4LTM5NDA5M2M3YTk2OdgCAeACAQ&ucfs=1&arphpl=1&checkin=2026-08-06&checkout=2026-08-07&dest_id=-2764584&dest_type=city&group_adults=2&req_adults=2&no_rooms=1&group_children=0&req_children=0&hpos=11&hapos=260&sr_order=popularity&srpvid=440f55fbd93f0178&srepoch=1785759255&all_sr_blocks=1591252401_430420867_2_1_0&highlighted_blocks=1591252401_430420867_2_1_0&matching_block_id=1591252401_430420867_2_1_0&sr_pri_blocks=1591252401_430420867_2_1_0__600000&from=searchresults,6000,,,Karachi,14.6,One-Bedroom Apartment,"2 beds (1 double, 1 large double)",1,1,1,https://cf.bstatic.com/xdata/images/hotel/square240/830912283.webp?k=ae9d75aa233bdda92ee8025e755e02aa596e1cf6b67ede5b1c3b9fa1a6b79941&o=,5,Karachi
Family Guest House,https://www.booking.com/hotel/pk/family-guest-house-karachi11.en-gb.html?aid=304142&label=gen173nr-10CAQoggJCDWNpdHlfLTI3NjQ1ODRICVgEaLUBiAEBmAEzuAEHyAEM2AED6AEB-AEBiAIBqAIBuAL2i8LTBsACAdICJDM2N2ZjNzMzLWQxZjMtNGIzYy1hNzk4LTM5NDA5M2M3YTk2OdgCAeACAQ&ucfs=1&arphpl=1&checkin=2026-08-06&checkout=2026-08-07&dest_id=-2764584&dest_type=city&group_adults=2&req_adults=2&no_rooms=1&group_children=0&req_children=0&hpos=12&hapos=261&sr_order=popularity&srpvid=440f55fbd93f0178&srepoch=1785759255&all_sr_blocks=1582357801_429349585_0_0_0&highlighted_blocks=1582357801_429349585_0_0_0&matching_block_id=1582357801_429349585_0_0_0&sr_pri_blocks=1582357801_429349585_0_0_0__1500000&from=searchresults,15000,,,Karachi,31.4,Two-Bedroom Apartment,"3 beds (1 sofa bed, 2 large doubles)",0,1,1,https://cf.bstatic.com/xdata/images/hotel/square240/824999571.webp?k=fd8611c1ec1bd77ad7c07d798721593744a23db0f41a415b440901b7926c9985&o=,4,Karachi
Captain's Lodge,https://www.booking.com/hotel/pk/captains-lodge-karachi.en-gb.html?aid=304142&label=gen173nr-10CAQoggJCDWNpdHlfLTI3NjQ1ODRICVgEaLUBiAEBmAEzuAEHyAEM2AED6AEB-AEBiAIBqAIBuAL2i8LTBsACAdICJDM2N2ZjNzMzLWQxZjMtNGIzYy1hNzk4LTM5NDA5M2M3YTk2OdgCAeACAQ&ucfs=1&arphpl=1&checkin=2026-08-06&checkout=2026-08-07&dest_id=-2764584&dest_type=city&group_adults=2&req_adults=2&no_rooms=1&group_children=0&req_children=0&hpos=13&hapos=262&sr_order=popularity&srpvid=440f55fbd93f0178&srepoch=1785759255&all_sr_blocks=1674306001_439194693_2_0_0&highlighted_blocks=1674306001_439194693_2_0_0&matching_block_id=1674306001_439194693_2_0_0&sr_pri_blocks=1674306001_439194693_2_0_0__680000&from=searchresults,6800,,,"D.H.A., Karachi (D.H.A.)",3.0,Deluxe Double Room (2 Adults + 1 Child),"8 beds (2 singles, 5 extra-large doubles, 1 large double)",0,1,1,https://cf.bstatic.com/xdata/images/hotel/square240/887739610.webp?k=169e129f751152873810d8fa125c8ad3da5fc59edafc476fe99945665e53f6a7&o=,5,Karachi
Luxury Stay in the Heart of Karachi,https://www.booking.com/hotel/pk/luxury-stay-in-the-heart-of-karachi.en-gb.html?aid=304142&label=gen173nr-10CAQoggJCDWNpdHlfLTI3NjQ1ODRICVgEaLUBiAEBmAEzuAEHyAEM2AED6AEB-AEBiAIBqAIBuAL2i8LTBsACAdICJDM2N2ZjNzMzLWQxZjMtNGIzYy1hNzk4LTM5NDA5M2M3YTk2OdgCAeACAQ&ucfs=1&arphpl=1&checkin=2026-08-06&checkout=2026-08-07&dest_id=-2764584&dest_type=city&group_adults=2&req_adults=2&no_rooms=1&group_children=0&req_children=0&hpos=14&hapos=263&sr_order=popularity&srpvid=440f55fbd93f0178&srepoch=1785759255&all_sr_blocks=1699984701_441648444_2_0_0&highlighted_blocks=1699984701_441648444_2_0_0&matching_block_id=1699984701_441648444_2_0_0&sr_pri_blocks=1699984701_441648444_2_0_0__680000&from=searchresults,6800,,,Karachi,9.6,Two-Bedroom Apartment,"2 beds (1 single, 1 double)",0,1,1,https://cf.bstatic.com/xdata/images/hotel/square240/902499305.webp?k=6a0ff73a5759876b2e1732a0488c7395cb8c59a68b7da0a2cb00b13560f2334c&o=,6,Karachi
Perfect Home For Family,https://www.booking.com/hotel/pk/perfect-home-for-family.en-gb.html?aid=304142&label=gen173nr-10CAQoggJCDWNpdHlfLTI3NjQ1ODRICVgEaLUBiAEBmAEzuAEHyAEM2AED6AEB-AEBiAIBqAIBuAL2i8LTBsACAdICJDM2N2ZjNzMzLWQxZjMtNGIzYy1hNzk4LTM5NDA5M2M3YTk2OdgCAeACAQ&ucfs=1&arphpl=1&checkin=2026-08-06&checkout=2026-08-07&dest_id=-2764584&dest_type=city&group_adults=2&req_adults=2&no_rooms=1&group_children=0&req_children=0&hpos=15&hapos=264&sr_order=popularity&srpvid=440f55fbd93f0178&srepoch=1785759255&all_sr_blocks=1685822601_440209760_5_0_0&highlighted_blocks=1685822601_440209760_5_0_0&matching_block_id=1685822601_440209760_5_0_0&sr_pri_blocks=1685822601_440209760_5_0_0__887592&from=searchresults,8876,,,Karachi,9.4,Three-Bedroom House,"3 beds (1 sofa bed, 2 large doubles)",0,0,1,https://cf.bstatic.com/xdata/images/hotel/square240/893237639.webp?k=2d951d1f3ce197e80dab9381fb344568b2c29beab45864fa52b8bd6dce3d4391&o=,4,Karachi
Gulshan Family Couple Guest House Hotel Gulshan-e-iqbal,https://www.booking.com/hotel/pk/luckyone-guest-house.en-gb.html?aid=304142&label=gen173nr-10CAQoggJCDWNpdHlfLTI3NjQ1ODRICVgEaLUBiAEBmAEzuAEHyAEM2AED6AEB-AEBiAIBqAIBuAL2i8LTBsACAdICJDM2N2ZjNzMzLWQxZjMtNGIzYy1hNzk4LTM5NDA5M2M3YTk2OdgCAeACAQ&ucfs=1&arphpl=1&checkin=2026-08-06&checkout=2026-08-07&dest_id=-2764584&dest_type=city&group_adults=2&req_adults=2&no_rooms=1&group_children=0&req_children=0&hpos=16&hapos=265&sr_order=popularity&srpvid=440f55fbd93f0178&srepoch=1785759255&all_sr_blocks=817914001_344368516_2_0_0&highlighted_blocks=817914001_344368516_2_0_0&matching_block_id=817914001_344368516_2_0_0&sr_pri_blocks=817914001_344368516_2_0_0__567000&from=searchresults,5670,1.3,3.0,Karachi,7.8,Deluxe Double Room,1 large double bed,0,0,0,https://cf.bstatic.com/xdata/images/hotel/square240/344666350.webp?k=95a3bbc521ec7b297c9f57da59e7d7307a1f43ca58402e3460c9e51b5029d984&o=,8,Karachi
Stay To Home,https://www.booking.com/hotel/pk/stay-to-home.en-gb.html?aid=304142&label=gen173nr-10CAQoggJCDWNpdHlfLTI3NjQ1ODRICVgEaLUBiAEBmAEzuAEHyAEM2AED6AEB-AEBiAIBqAIBuAL2i8LTBsACAdICJDM2N2ZjNzMzLWQxZjMtNGIzYy1hNzk4LTM5NDA5M2M3YTk2OdgCAeACAQ&ucfs=1&arphpl=1&checkin=2026-08-06&checkout=2026-08-07&dest_id=-2764584&dest_type=city&group_adults=2&req_adults=2&no_rooms=1&group_children=0&req_children=0&hpos=17&hapos=266&sr_order=popularity&srpvid=440f55fbd93f0178&srepoch=1785759255&all_sr_blocks=1609917301_431892539_2_2_0_1388301&highlighted_blocks=1609917301_431892539_2_2_0_1388301&matching_block_id=1609917301_431892539_2_2_0_1388301&sr_pri_blocks=1609917301_431892539_2_2_0_1388301_612000&from=searchresults,6120,1.0,1.0,Karachi,8.3,Superior Deluxe Double or Twin Room,1 double bed,0,1,1,https://cf.bstatic.com/xdata/images/hotel/square240/859903898.webp?k=a22c8a2b015afecc4e60d9326210b3d5ce69e2348f1ce812e1d19e94d5db1120&o=,5,Karachi
Elegant Guest House Karachi,https://www.booking.com/hotel/pk/furnished-portions-for-weddings.en-gb.html?aid=304142&label=gen173nr-10CAQoggJCDWNpdHlfLTI3NjQ1ODRICVgEaLUBiAEBmAEzuAEHyAEM2AED6AEB-AEBiAIBqAIBuAL2i8LTBsACAdICJDM2N2ZjNzMzLWQxZjMtNGIzYy1hNzk4LTM5NDA5M2M3YTk2OdgCAeACAQ&ucfs=1&arphpl=1&checkin=2026-08-06&checkout=2026-08-07&dest_id=-2764584&dest_type=city&group_adults=2&req_adults=2&no_rooms=1&group_children=0&req_children=0&hpos=18&hapos=267&sr_order=popularity&srpvid=440f55fbd93f0178&srepoch=1785759255&all_sr_blocks=587996217_335411402_2_2_0&highlighted_blocks=587996217_335411402_2_2_0&matching_block_id=587996217_335411402_2_2_0&sr_pri_blocks=587996217_335411402_2_2_0__540000&from=searchresults,5400,6.4,9.0,Karachi,7.4,Deluxe Double Room,1 double bed,0,1,0,https://cf.bstatic.com/xdata/images/hotel/square240/711864056.webp?k=96a5a1e6f81d29df3b3c31493e173504ec5e9a35e07812e4adb7ec3df65ba5cc&o=,9,Karachi
Metro Guest House,https://www.booking.com/hotel/pk/unmarried-couples-karachi.en-gb.html?aid=304142&label=gen173nr-10CAQoggJCDWNpdHlfLTI3NjQ1ODRICVgEaLUBiAEBmAEzuAEHyAEM2AED6AEB-AEBiAIBqAIBuAL2i8LTBsACAdICJDM2N2ZjNzMzLWQxZjMtNGIzYy1hNzk4LTM5NDA5M2M3YTk2OdgCAeACAQ&ucfs=1&arphpl=1&checkin=2026-08-06&checkout=2026-08-07&dest_id=-2764584&dest_type=city&group_adults=2&req_adults=2&no_rooms=1&group_children=0&req_children=0&hpos=19&hapos=268&sr_order=popularity&srpvid=440f55fbd93f0178&srepoch=1785759255&all_sr_blocks=1373894201_409535438_2_0_0&highlighted_blocks=1373894201_409535438_2_0_0&matching_block_id=1373894201_409535438_2_0_0&sr_pri_blocks=1373894201_409535438_2_0_0__650250&from=searchresults,6503,,,Karachi,5.3,Double Room,"2 beds (1 double, 1 large double)",0,1,1,https://cf.bstatic.com/xdata/images/hotel/square240/655886994.webp?k=2d2d62d2a35877c5c982d360a3c3086acf9f9113494dc95bbcd246b455dfb076&o=,13,Karachi
Fully furnished apartment for Rent on daily basis,https://www.booking.com/hotel/pk/fully-furnished-apartment-for-rent-on-daily-basis.en-gb.html?aid=304142&label=gen173nr-10CAQoggJCDWNpdHlfLTI3NjQ1ODRICVgEaLUBiAEBmAEzuAEHyAEM2AED6AEB-AEBiAIBqAIBuAL2i8LTBsACAdICJDM2N2ZjNzMzLWQxZjMtNGIzYy1hNzk4LTM5NDA5M2M3YTk2OdgCAeACAQ&ucfs=1&arphpl=1&checkin=2026-08-06&checkout=2026-08-07&dest_id=-2764584&dest_type=city&group_adults=2&req_adults=2&no_rooms=1&group_children=0&req_children=0&hpos=20&hapos=269&sr_order=popularity&srpvid=440f55fbd93f0178&srepoch=1785759255&all_sr_blocks=1563848101_427479756_3_0_0&highlighted_blocks=1563848101_427479756_3_0_0&matching_block_id=1563848101_427479756_3_0_0&sr_pri_blocks=1563848101_427479756_3_0_0__1200000&from=searchresults,12000,,,"D.H.A., Karachi (D.H.A.)",9.6,One-Bedroom Apartment,"2 beds (1 double, 1 sofa bed)",0,1,1,https://cf.bstatic.com/xdata/images/hotel/square240/808302029.webp?k=5cd33d6ee6b866a721699b5cd5977b6e15d488304aed8a971ca19f4219e18b78&o=,5,Karachi
Al Rasheed Apartments second floor apartment,https://www.booking.com/hotel/pk/al-rasheed-apartments.en-gb.html?aid=304142&label=gen173nr-10CAQoggJCDWNpdHlfLTI3NjQ1ODRICVgEaLUBiAEBmAEzuAEHyAEM2AED6AEB-AEBiAIBqAIBuAL2i8LTBsACAdICJDM2N2ZjNzMzLWQxZjMtNGIzYy1hNzk4LTM5NDA5M2M3YTk2OdgCAeACAQ&ucfs=1&arphpl=1&checkin=2026-08-06&checkout=2026-08-07&dest_id=-2764584&dest_type=city&group_adults=2&req_adults=2&no_rooms=1&group_children=0&req_children=0&hpos=21&hapos=270&sr_order=popularity&srpvid=440f55fbd93f0178&srepoch=1785759255&all_sr_blocks=965893701_373414081_4_0_0&highlighted_blocks=965893701_373414081_4_0_0&matching_block_id=965893701_373414081_4_0_0&sr_pri_blocks=965893701_373414081_4_0_0__2250000&from=searchresults,22500,8.3,16.0,Karachi,2.8,Apartment with Balcony,"3 beds (1 extra-large double, 2 large doubles)",0,0,0,https://cf.bstatic.com/xdata/images/hotel/square240/432053229.webp?k=579c032c5b84c62d22cd10d8992b0c6fa5d4977eae06b91ad76fa9866e03cfda&o=,11,Karachi
The R Hotels Nursery,https://www.booking.com/hotel/pk/the-r-hotels-nursery.en-gb.html?aid=304142&label=gen173nr-10CAQoggJCDWNpdHlfLTI3NjQ1ODRICVgEaLUBiAEBmAEzuAEHyAEM2AED6AEB-AEBiAIBqAIBuAL2i8LTBsACAdICJDM2N2ZjNzMzLWQxZjMtNGIzYy1hNzk4LTM5NDA5M2M3YTk2OdgCAeACAQ&ucfs=1&arphpl=1&checkin=2026-08-06&checkout=2026-08-07&dest_id=-2764584&dest_type=city&group_adults=2&req_adults=2&no_rooms=1&group_children=0&req_children=0&hpos=22&hapos=271&sr_order=popularity&srpvid=440f55fbd93f0178&srepoch=1785759255&all_sr_blocks=1676720701_439397853_2_1_0&highlighted_blocks=1676720701_439397853_2_1_0&matching_block_id=1676720701_439397853_2_1_0&sr_pri_blocks=1676720701_439397853_2_1_0__722500&from=searchresults,7225,,,"PECHS, Karachi",1.5,Double Room,1 double bed,1,1,1,https://cf.bstatic.com/xdata/images/hotel/square240/888977030.webp?k=be6a52e91c105b442de18ddaa5c5f88074960cdbd836f098f4e0f82770cbdc2f&o=,8,Karachi
Luxurious Home DHA,https://www.booking.com/hotel/pk/luxurious-home-dha.en-gb.html?aid=304142&label=gen173nr-10CAQoggJCDWNpdHlfLTI3NjQ1ODRICVgEaLUBiAEBmAEzuAEHyAEM2AED6AEB-AEBiAIBqAIBuAL2i8LTBsACAdICJDM2N2ZjNzMzLWQxZjMtNGIzYy1hNzk4LTM5NDA5M2M3YTk2OdgCAeACAQ&ucfs=1&arphpl=1&checkin=2026-08-06&checkout=2026-08-07&dest_id=-2764584&dest_type=city&group_adults=2&req_adults=2&no_rooms=1&group_children=0&req_children=0&hpos=23&hapos=272&sr_order=popularity&srpvid=440f55fbd93f0178&srepoch=1785759255&all_sr_blocks=1589255501_430029701_13_0_0&highlighted_blocks=1589255501_430029701_13_0_0&matching_block_id=1589255501_430029701_13_0_0&sr_pri_blocks=1589255501_430029701_13_0_0__7000000&from=searchresults,70000,10,1.0,Karachi,6.0,One-Bedroom House,"12 beds (6 doubles, 6 large doubles)",0,1,1,https://cf.bstatic.com/xdata/images/hotel/square240/829245914.webp?k=9a1448285ce656dd84e4620f2f0f7c99d084074bd4b575bf42e3aab632083442&o=,14,Karachi
Gulshan Family Couples GH,https://www.booking.com/hotel/pk/gulshan-family-couples-gh.en-gb.html?aid=304142&label=gen173nr-10CAQoggJCDWNpdHlfLTI3NjQ1ODRICVgEaLUBiAEBmAEzuAEHyAEM2AED6AEB-AEBiAIBqAIBuAL2i8LTBsACAdICJDM2N2ZjNzMzLWQxZjMtNGIzYy1hNzk4LTM5NDA5M2M3YTk2OdgCAeACAQ&ucfs=1&arphpl=1&checkin=2026-08-06&checkout=2026-08-07&dest_id=-2764584&dest_type=city&group_adults=2&req_adults=2&no_rooms=1&group_children=0&req_children=0&hpos=24&hapos=273&sr_order=popularity&srpvid=440f55fbd93f0178&srepoch=1785759255&all_sr_blocks=1124289501_385148271_2_0_0&highlighted_blocks=1124289501_385148271_2_0_0&matching_block_id=1124289501_385148271_2_0_0&sr_pri_blocks=1124289501_385148271_2_0_0__315819&from=searchresults,3158,1.0,1.0,Karachi,7.5,Deluxe Double Room,2 single beds,0,0,0,https://cf.bstatic.com/xdata/images/hotel/square240/514047845.webp?k=2d20f60c2badcfd53ec1dc6a610b63f90c153995a7c13a43686bb06863e9be30&o=,2,Karachi
The Perfect Family Getaway 3BR APT DHA Phase 6,https://www.booking.com/hotel/pk/bukhari-vista-3br-apt-dha-phase-vi-bukhari-commercial.en-gb.html?aid=304142&label=gen173nr-10CAQoggJCDWNpdHlfLTI3NjQ1ODRICVgEaLUBiAEBmAEzuAEHyAEM2AED6AEB-AEBiAIBqAIBuAL2i8LTBsACAdICJDM2N2ZjNzMzLWQxZjMtNGIzYy1hNzk4LTM5NDA5M2M3YTk2OdgCAeACAQ&ucfs=1&arphpl=1&checkin=2026-08-06&checkout=2026-08-07&dest_id=-2764584&dest_type=city&group_adults=2&req_adults=2&no_rooms=1&group_children=0&req_children=0&hpos=25&hapos=274&sr_order=popularity&srpvid=440f55fbd93f0178&srepoch=1785759255&all_sr_blocks=1211906701_393350740_6_0_0&highlighted_blocks=1211906701_393350740_6_0_0&matching_block_id=1211906701_393350740_6_0_0&sr_pri_blocks=1211906701_393350740_6_0_0__2200000&from=searchresults,22000,7.8,7.0,"D.H.A., Karachi (D.H.A.)",7.5,Three-Bedroom Apartment,"5 beds (1 double, 2 sofa beds, 2 large doubles)",0,1,1,https://cf.bstatic.com/xdata/images/hotel/square240/704456385.webp?k=56acfe0ef30b46065581d4f4bdaa96131be1422b4b42bbcf31161f759d6adabc&o=,6,Karachi
The Penthouse Karachi,https://www.booking.com/hotel/pk/the-penthouse-karachi-karachi.en-gb.html?aid=304142&label=gen173nr-10CAQoggJCDWNpdHlfLTI3NjQ1ODRICVgEaLUBiAEBmAEzuAEHyAEM2AED6AEB-AEBiAIBqAIBuAL2i8LTBsACAdICJDM2N2ZjNzMzLWQxZjMtNGIzYy1hNzk4LTM5NDA5M2M3YTk2OdgCAeACAQ&ucfs=1&arphpl=1&checkin=2026-08-06&checkout=2026-08-07&dest_id=-2764584&dest_type=city&group_adults=2&req_adults=2&no_rooms=1&group_children=0&req_children=0&hpos=1&hapos=275&sr_order=popularity&srpvid=440f55fbd93f0178&srepoch=1785759258&all_sr_blocks=1630970801_433638484_2_0_0&highlighted_blocks=1630970801_433638484_2_0_0&matching_block_id=1630970801_433638484_2_0_0&sr_pri_blocks=1630970801_433638484_2_0_0__2400000&from=searchresults,24000,,,Karachi,5.7,Deluxe Double Room,1 large double bed,0,1,1,https://cf.bstatic.com/xdata/images/hotel/square240/861764274.webp?k=56b374bc76cc4900f10551e0ada549973afae19d4bbf43a583ec192265d5a72e&o=,5,Karachi
Cozy Haven Apt DHA P6 Big Bukhari,https://www.booking.com/hotel/pk/cozy-haven-apt-dha-p6-big-bukhari.en-gb.html?aid=304142&label=gen173nr-10CAQoggJCDWNpdHlfLTI3NjQ1ODRICVgEaLUBiAEBmAEzuAEHyAEM2AED6AEB-AEBiAIBqAIBuAL2i8LTBsACAdICJDM2N2ZjNzMzLWQxZjMtNGIzYy1hNzk4LTM5NDA5M2M3YTk2OdgCAeACAQ&ucfs=1&arphpl=1&checkin=2026-08-06&checkout=2026-08-07&dest_id=-2764584&dest_type=city&group_adults=2&req_adults=2&no_rooms=1&group_children=0&req_children=0&hpos=2&hapos=276&sr_order=popularity&srpvid=440f55fbd93f0178&srepoch=1785759258&all_sr_blocks=1409634901_412731903_4_0_0&highlighted_blocks=1409634901_412731903_4_0_0&matching_block_id=1409634901_412731903_4_0_0&sr_pri_blocks=1409634901_412731903_4_0_0__1080000&from=searchresults,10800,8.0,2.0,"D.H.A., Karachi (D.H.A.)",8.3,Two-Bedroom Apartment,2 extra-large double beds,0,1,1,https://cf.bstatic.com/xdata/images/hotel/square240/851347151.webp?k=3c78385ac673b4d8914f2c2f341028dacad761dd4faa5f9dd6d01d4c3997abbc&o=,5,Karachi
Royal Blue Guest House,https://www.booking.com/hotel/pk/royal-blue-guest-house-karachi.en-gb.html?aid=304142&label=gen173nr-10CAQoggJCDWNpdHlfLTI3NjQ1ODRICVgEaLUBiAEBmAEzuAEHyAEM2AED6AEB-AEBiAIBqAIBuAL2i8LTBsACAdICJDM2N2ZjNzMzLWQxZjMtNGIzYy1hNzk4LTM5NDA5M2M3YTk2OdgCAeACAQ&ucfs=1&arphpl=1&checkin=2026-08-06&checkout=2026-08-07&dest_id=-2764584&dest_type=city&group_adults=2&req_adults=2&no_rooms=1&group_children=0&req_children=0&hpos=3&hapos=277&sr_order=popularity&srpvid=440f55fbd93f0178&srepoch=1785759258&all_sr_blocks=833844201_348665225_2_0_0&highlighted_blocks=833844201_348665225_2_0_0&matching_block_id=833844201_348665225_2_0_0&sr_pri_blocks=833844201_348665225_2_0_0__242756&from=searchresults,2428,1.5,4.0,Karachi,7.5,Deluxe Double Room,2 single beds,0,0,0,https://cf.bstatic.com/xdata/images/hotel/square240/347982988.webp?k=61398190904765be568339f0b3436e3957ad6e7d00108569fe779b9664e25116&o=,3,Karachi
Luxe 2 Apartment Stay in DHA,https://www.booking.com/hotel/pk/luxe-2-apartment-stay-in-dha.en-gb.html?aid=304142&label=gen173nr-10CAQoggJCDWNpdHlfLTI3NjQ1ODRICVgEaLUBiAEBmAEzuAEHyAEM2AED6AEB-AEBiAIBqAIBuAL2i8LTBsACAdICJDM2N2ZjNzMzLWQxZjMtNGIzYy1hNzk4LTM5NDA5M2M3YTk2OdgCAeACAQ&ucfs=1&arphpl=1&checkin=2026-08-06&checkout=2026-08-07&dest_id=-2764584&dest_type=city&group_adults=2&req_adults=2&no_rooms=1&group_children=0&req_children=0&hpos=4&hapos=278&sr_order=popularity&srpvid=440f55fbd93f0178&srepoch=1785759258&all_sr_blocks=1694692401_441127378_2_0_0&highlighted_blocks=1694692401_441127378_2_0_0&matching_block_id=1694692401_441127378_2_0_0&sr_pri_blocks=1694692401_441127378_2_0_0__404600&from=searchresults,4046,,,Karachi,6.8,Two-Bedroom Apartment,"4 beds (2 doubles, 2 large doubles)",0,1,1,https://cf.bstatic.com/xdata/images/hotel/square240/899255002.webp?k=1c6744607721f92899068c3b1f2dabccc567be32b23420b055a015ec95749198&o=,6,Karachi
Crescent villa,https://www.booking.com/hotel/pk/meadows-suites-family-guest-house.en-gb.html?aid=304142&label=gen173nr-10CAQoggJCDWNpdHlfLTI3NjQ1ODRICVgEaLUBiAEBmAEzuAEHyAEM2AED6AEB-AEBiAIBqAIBuAL2i8LTBsACAdICJDM2N2ZjNzMzLWQxZjMtNGIzYy1hNzk4LTM5NDA5M2M3YTk2OdgCAeACAQ&ucfs=1&arphpl=1&checkin=2026-08-06&checkout=2026-08-07&dest_id=-2764584&dest_type=city&group_adults=2&req_adults=2&no_rooms=1&group_children=0&req_children=0&hpos=5&hapos=279&sr_order=popularity&srpvid=440f55fbd93f0178&srepoch=1785759258&all_sr_blocks=1611415301_432051212_2_0_0&highlighted_blocks=1611415301_432051212_2_0_0&matching_block_id=1611415301_432051212_2_0_0&sr_pri_blocks=1611415301_432051212_2_0_0__840000&from=searchresults,8400,,,Karachi,8.3,Deluxe Queen Room,1 double bed,0,1,1,https://cf.bstatic.com/xdata/images/hotel/square240/861545485.webp?k=60b3186a364d7c3c5a842b3f9aaa106a5e33a6a76571de20cfe1b961038512d3&o=,5,Karachi
Family Guest House,https://www.booking.com/hotel/pk/family-guest-house-karachi12.en-gb.html?aid=304142&label=gen173nr-10CAQoggJCDWNpdHlfLTI3NjQ1ODRICVgEaLUBiAEBmAEzuAEHyAEM2AED6AEB-AEBiAIBqAIBuAL2i8LTBsACAdICJDM2N2ZjNzMzLWQxZjMtNGIzYy1hNzk4LTM5NDA5M2M3YTk2OdgCAeACAQ&ucfs=1&arphpl=1&checkin=2026-08-06&checkout=2026-08-07&dest_id=-2764584&dest_type=city&group_adults=2&req_adults=2&no_rooms=1&group_children=0&req_children=0&hpos=6&hapos=280&sr_order=popularity&srpvid=440f55fbd93f0178&srepoch=1785759258&all_sr_blocks=1584575601_429586574_2_1_0&highlighted_blocks=1584575601_429586574_2_1_0&matching_block_id=1584575601_429586574_2_1_0&sr_pri_blocks=1584575601_429586574_2_1_0__650000&from=searchresults,6500,,,"D.H.A., Karachi (D.H.A.)",6.9,Double Room,1 double bed,1,1,1,https://cf.bstatic.com/xdata/images/hotel/square240/826116894.webp?k=9a3d968829da7b97e21ddc4dc080258e8be85591bbd96ab4fff89846af8466ec&o=,5,Karachi
luxurious Family Apartment CP BERAR SOCIETY NEAR DHORAJEE,https://www.booking.com/hotel/pk/luxurious-family-apartment.en-gb.html?aid=304142&label=gen173nr-10CAQoggJCDWNpdHlfLTI3NjQ1ODRICVgEaLUBiAEBmAEzuAEHyAEM2AED6AEB-AEBiAIBqAIBuAL2i8LTBsACAdICJDM2N2ZjNzMzLWQxZjMtNGIzYy1hNzk4LTM5NDA5M2M3YTk2OdgCAeACAQ&ucfs=1&arphpl=1&checkin=2026-08-06&checkout=2026-08-07&dest_id=-2764584&dest_type=city&group_adults=2&req_adults=2&no_rooms=1&group_children=0&req_children=0&hpos=7&hapos=281&sr_order=popularity&srpvid=440f55fbd93f0178&srepoch=1785759258&all_sr_blocks=1066030301_380139423_2_0_0&highlighted_blocks=1066030301_380139423_2_0_0&matching_block_id=1066030301_380139423_2_0_0&sr_pri_blocks=1066030301_380139423_2_0_0__2421900&from=searchresults,24219,10,5.0,Karachi,7.2,Apartment with Mountain View,3 extra-large double beds,0,0,0,https://cf.bstatic.com/xdata/images/hotel/square240/487171112.webp?k=f7d2ee55b958d6ad84a43714226aba0d9d33b71dd8082b6f8884dda74b94b819&o=,3,Karachi
Karachi Guest House,https://www.booking.com/hotel/pk/karachi-guest-house-karachi10.en-gb.html?aid=304142&label=gen173nr-10CAQoggJCDWNpdHlfLTI3NjQ1ODRICVgEaLUBiAEBmAEzuAEHyAEM2AED6AEB-AEBiAIBqAIBuAL2i8LTBsACAdICJDM2N2ZjNzMzLWQxZjMtNGIzYy1hNzk4LTM5NDA5M2M3YTk2OdgCAeACAQ&ucfs=1&arphpl=1&checkin=2026-08-06&checkout=2026-08-07&dest_id=-2764584&dest_type=city&group_adults=2&req_adults=2&no_rooms=1&group_children=0&req_children=0&hpos=8&hapos=282&sr_order=popularity&srpvid=440f55fbd93f0178&srepoch=1785759258&all_sr_blocks=1351506601_407484837_2_1_0&highlighted_blocks=1351506601_407484837_2_1_0&matching_block_id=1351506601_407484837_2_1_0&sr_pri_blocks=1351506601_407484837_2_1_0__702000&from=searchresults,7020,4.0,3.0,Karachi,7.6,Double Room,"2 beds (1 double, 1 large double)",1,0,1,https://cf.bstatic.com/xdata/images/hotel/square240/642309093.webp?k=bd1a0e450bd6d9d842fcd7eba45ae693d41b5c61c1c401262d1c43a515d4b9bf&o=,3,Karachi
Beach Haven Guest house,https://www.booking.com/hotel/pk/beach-haven-guest-house.en-gb.html?aid=304142&label=gen173nr-10CAQoggJCDWNpdHlfLTI3NjQ1ODRICVgEaLUBiAEBmAEzuAEHyAEM2AED6AEB-AEBiAIBqAIBuAL2i8LTBsACAdICJDM2N2ZjNzMzLWQxZjMtNGIzYy1hNzk4LTM5NDA5M2M3YTk2OdgCAeACAQ&ucfs=1&arphpl=1&checkin=2026-08-06&checkout=2026-08-07&dest_id=-2764584&dest_type=city&group_adults=2&req_adults=2&no_rooms=1&group_children=0&req_children=0&hpos=9&hapos=283&sr_order=popularity&srpvid=440f55fbd93f0178&srepoch=1785759258&all_sr_blocks=1508371201_422590681_2_1_0&highlighted_blocks=1508371201_422590681_2_1_0&matching_block_id=1508371201_422590681_2_1_0&sr_pri_blocks=1508371201_422590681_2_1_0__900000&from=searchresults,9000,,,"D.H.A., Karachi (D.H.A.)",9.6,Two-Bedroom Apartment,"6 beds (1 single, 2 doubles, 1 extra-large double, 1 sofa bed, 1 large double)",1,1,1,https://cf.bstatic.com/xdata/images/hotel/square240/761618319.webp?k=7bc285817ec075544151534ed1658e40fca05b6e02e2e113180add1100cf2af6&o=,5,Karachi
Hotel Subhan Palace Gulshan,https://www.booking.com/hotel/pk/subhan-palace.en-gb.html?aid=304142&label=gen173nr-10CAQoggJCDWNpdHlfLTI3NjQ1ODRICVgEaLUBiAEBmAEzuAEHyAEM2AED6AEB-AEBiAIBqAIBuAL2i8LTBsACAdICJDM2N2ZjNzMzLWQxZjMtNGIzYy1hNzk4LTM5NDA5M2M3YTk2OdgCAeACAQ&ucfs=1&arphpl=1&checkin=2026-08-06&checkout=2026-08-07&dest_id=-2764584&dest_type=city&group_adults=2&req_adults=2&no_rooms=1&group_children=0&req_children=0&hpos=10&hapos=284&sr_order=popularity&srpvid=440f55fbd93f0178&srepoch=1785759258&all_sr_blocks=920732303_382948821_2_1_0_150932&highlighted_blocks=920732303_382948821_2_1_0_150932&matching_block_id=920732303_382948821_2_1_0_150932&sr_pri_blocks=920732303_382948821_2_1_0_150932_680000&from=searchresults,6800,6.7,3.0,Karachi,7.3,Deluxe Double or Twin Room,2 single beds,1,1,0,https://cf.bstatic.com/xdata/images/hotel/square240/552993112.webp?k=95f1aefb3780e162234b47404db5535efeb088e21063f3ff0af4a1d356bfb8a9&o=,3,Karachi
Palace inn Guest House,https://www.booking.com/hotel/pk/palace-inn-guest-house-karachi1.en-gb.html?aid=304142&label=gen173nr-10CAQoggJCDWNpdHlfLTI3NjQ1ODRICVgEaLUBiAEBmAEzuAEHyAEM2AED6AEB-AEBiAIBqAIBuAL2i8LTBsACAdICJDM2N2ZjNzMzLWQxZjMtNGIzYy1hNzk4LTM5NDA5M2M3YTk2OdgCAeACAQ&ucfs=1&arphpl=1&checkin=2026-08-06&checkout=2026-08-07&dest_id=-2764584&dest_type=city&group_adults=2&req_adults=2&no_rooms=1&group_children=0&req_children=0&hpos=11&hapos=285&sr_order=popularity&srpvid=440f55fbd93f0178&srepoch=1785759258&all_sr_blocks=690718207_343966038_0_2_0&highlighted_blocks=690718207_343966038_0_2_0&matching_block_id=690718207_343966038_0_2_0&sr_pri_blocks=690718207_343966038_0_2_0__540000&from=searchresults,5400,5.4,16.0,Karachi,7.5,Double Room with Private Bathroom,1 double bed,0,1,0,https://cf.bstatic.com/xdata/images/hotel/square240/284356157.webp?k=5013a90950abeb53bc6322c82973101b5e70c617d8a95b8dbf06712c2af6adae&o=,7,Karachi
Luxury 4BR Apartment Near Airport Saima Jinnah Avenue,https://www.booking.com/hotel/pk/luxury-4br-apartment-near-airport-saima-jinnah-avenue.en-gb.html?aid=304142&label=gen173nr-10CAQoggJCDWNpdHlfLTI3NjQ1ODRICVgEaLUBiAEBmAEzuAEHyAEM2AED6AEB-AEBiAIBqAIBuAL2i8LTBsACAdICJDM2N2ZjNzMzLWQxZjMtNGIzYy1hNzk4LTM5NDA5M2M3YTk2OdgCAeACAQ&ucfs=1&arphpl=1&checkin=2026-08-06&checkout=2026-08-07&dest_id=-2764584&dest_type=city&group_adults=2&req_adults=2&no_rooms=1&group_children=0&req_children=0&hpos=12&hapos=286&sr_order=popularity&srpvid=440f55fbd93f0178&srepoch=1785759258&all_sr_blocks=1370549801_409264727_8_0_0&highlighted_blocks=1370549801_409264727_8_0_0&matching_block_id=1370549801_409264727_8_0_0&sr_pri_blocks=1370549801_409264727_8_0_0__2800000&from=searchresults,28000,7.9,6.0,Karachi,15.6,Apartment,"4 beds (2 extra-large doubles, 2 large doubles)",0,1,1,https://cf.bstatic.com/xdata/images/hotel/square240/653858060.webp?k=8d2c54d033059a1f78174bf30c3c28bf0e6373bdbc217a1494acab2f8db7bf06&o=,6,Karachi
Cosy stay with comfort,https://www.booking.com/hotel/pk/cosy-stay-with-comfort.en-gb.html?aid=304142&label=gen173nr-10CAQoggJCDWNpdHlfLTI3NjQ1ODRICVgEaLUBiAEBmAEzuAEHyAEM2AED6AEB-AEBiAIBqAIBuAL2i8LTBsACAdICJDM2N2ZjNzMzLWQxZjMtNGIzYy1hNzk4LTM5NDA5M2M3YTk2OdgCAeACAQ&ucfs=1&arphpl=1&checkin=2026-08-06&checkout=2026-08-07&dest_id=-2764584&dest_type=city&group_adults=2&req_adults=2&no_rooms=1&group_children=0&req_children=0&hpos=13&hapos=287&sr_order=popularity&srpvid=440f55fbd93f0178&srepoch=1785759258&all_sr_blocks=1369527201_409175126_2_0_0&highlighted_blocks=1369527201_409175126_2_0_0&matching_block_id=1369527201_409175126_2_0_0&sr_pri_blocks=1369527201_409175126_2_0_0__900000&from=searchresults,9000,,,Karachi,9.5,Two-Bedroom House,2 single beds,0,1,1,https://cf.bstatic.com/xdata/images/hotel/square240/653104245.webp?k=037d553662fc68c9e78973e7b73a569eac1ce79328e2e3aa3888bdfe454cbaab&o=,4,Karachi
Elegant 2BR Escape Gulshan Iqbal 13-E,https://www.booking.com/hotel/pk/elegant-2br-escape-gulshan-iqbal-13-e.en-gb.html?aid=304142&label=gen173nr-10CAQoggJCDWNpdHlfLTI3NjQ1ODRICVgEaLUBiAEBmAEzuAEHyAEM2AED6AEB-AEBiAIBqAIBuAL2i8LTBsACAdICJDM2N2ZjNzMzLWQxZjMtNGIzYy1hNzk4LTM5NDA5M2M3YTk2OdgCAeACAQ&ucfs=1&arphpl=1&checkin=2026-08-06&checkout=2026-08-07&dest_id=-2764584&dest_type=city&group_adults=2&req_adults=2&no_rooms=1&group_children=0&req_children=0&hpos=14&hapos=288&sr_order=popularity&srpvid=440f55fbd93f0178&srepoch=1785759258&all_sr_blocks=1305408201_403384624_4_0_0&highlighted_blocks=1305408201_403384624_4_0_0&matching_block_id=1305408201_403384624_4_0_0&sr_pri_blocks=1305408201_403384624_4_0_0__1600000&from=searchresults,16000,10,4.0,Karachi,4.9,Two-Bedroom Apartment,2 double beds,0,1,1,https://cf.bstatic.com/xdata/images/hotel/square240/611168431.webp?k=2a460c30bc28c9d2f6a1390193ce7fa925748d0539846cca811b83a046be46e3&o=,6,Karachi
Hotel Sarawan,https://www.booking.com/hotel/pk/sarawan-karachi.en-gb.html?aid=304142&label=gen173nr-10CAQoggJCDWNpdHlfLTI3NjQ1ODRICVgEaLUBiAEBmAEzuAEHyAEM2AED6AEB-AEBiAIBqAIBuAL2i8LTBsACAdICJDM2N2ZjNzMzLWQxZjMtNGIzYy1hNzk4LTM5NDA5M2M3YTk2OdgCAeACAQ&ucfs=1&arphpl=1&checkin=2026-08-06&checkout=2026-08-07&dest_id=-2764584&dest_type=city&group_adults=2&req_adults=2&no_rooms=1&group_children=0&req_children=0&hpos=15&hapos=289&sr_order=popularity&srpvid=440f55fbd93f0178&srepoch=1785759258&all_sr_blocks=170715505_425302205_2_41_0_706987&highlighted_blocks=170715505_425302205_2_41_0_706987&matching_block_id=170715505_425302205_2_41_0_706987&sr_pri_blocks=170715505_425302205_2_41_0_706987_1700000&from=searchresults,17000,6.1,9.0,Karachi,2.2,Standard Double Room,1 double bed,1,1,0,https://cf.bstatic.com/xdata/images/hotel/square240/537144402.webp?k=aab507780a6c7e6adc405bedccff9d740e7fb34b5c6c3200b82c7ce2c5eb9cf1&o=,9,Karachi
The Couples Paradise Hotel,https://www.booking.com/hotel/pk/the-couples-paradise-karachi.en-gb.html?aid=304142&label=gen173nr-10CAQoggJCDWNpdHlfLTI3NjQ1ODRICVgEaLUBiAEBmAEzuAEHyAEM2AED6AEB-AEBiAIBqAIBuAL2i8LTBsACAdICJDM2N2ZjNzMzLWQxZjMtNGIzYy1hNzk4LTM5NDA5M2M3YTk2OdgCAeACAQ&ucfs=1&arphpl=1&checkin=2026-08-06&checkout=2026-08-07&dest_id=-2764584&dest_type=city&group_adults=2&req_adults=2&no_rooms=1&group_children=0&req_children=0&hpos=16&hapos=290&sr_order=popularity&srpvid=440f55fbd93f0178&srepoch=1785759258&all_sr_blocks=1353611001_407691920_4_1_0&highlighted_blocks=1353611001_407691920_4_1_0&matching_block_id=1353611001_407691920_4_1_0&sr_pri_blocks=1353611001_407691920_4_1_0__562500&from=searchresults,5625,1.0,1.0,Karachi,8.2,Double Room,"3 beds (1 single, 1 double, 1 large double)",1,1,1,https://cf.bstatic.com/xdata/images/hotel/square240/643630495.webp?k=411267155065edd6ad5b0f802c58be7ed1ab19190951e88c5ae2db95785f45c5&o=,10,Karachi
Core Construction,https://www.booking.com/hotel/pk/core-construction.en-gb.html?aid=304142&label=gen173nr-10CAQoggJCDWNpdHlfLTI3NjQ1ODRICVgEaLUBiAEBmAEzuAEHyAEM2AED6AEB-AEBiAIBqAIBuAL2i8LTBsACAdICJDM2N2ZjNzMzLWQxZjMtNGIzYy1hNzk4LTM5NDA5M2M3YTk2OdgCAeACAQ&ucfs=1&arphpl=1&checkin=2026-08-06&checkout=2026-08-07&dest_id=-2764584&dest_type=city&group_adults=2&req_adults=2&no_rooms=1&group_children=0&req_children=0&hpos=17&hapos=291&sr_order=popularity&srpvid=440f55fbd93f0178&srepoch=1785759258&all_sr_blocks=1606364601_431574812_2_0_0&highlighted_blocks=1606364601_431574812_2_0_0&matching_block_id=1606364601_431574812_2_0_0&sr_pri_blocks=1606364601_431574812_2_0_0__450000&from=searchresults,4500,,,Karachi,4.4,One-Bedroom Apartment,1 double bed,0,1,1,https://cf.bstatic.com/xdata/images/hotel/square240/842860922.webp?k=eb694af295e57d11c2c2d52f980408c1069390900dec5a4a094dafe1c541722d&o=,4,Karachi
"Exclusive Homes 2 Bed in DHA, Karachi",https://www.booking.com/hotel/pk/a-exclusive-homes-04-bed-in-dha-karachi.en-gb.html?aid=304142&label=gen173nr-10CAQoggJCDWNpdHlfLTI3NjQ1ODRICVgEaLUBiAEBmAEzuAEHyAEM2AED6AEB-AEBiAIBqAIBuAL2i8LTBsACAdICJDM2N2ZjNzMzLWQxZjMtNGIzYy1hNzk4LTM5NDA5M2M3YTk2OdgCAeACAQ&ucfs=1&arphpl=1&checkin=2026-08-06&checkout=2026-08-07&dest_id=-2764584&dest_type=city&group_adults=2&req_adults=2&no_rooms=1&group_children=0&req_children=0&hpos=18&hapos=292&sr_order=popularity&srpvid=440f55fbd93f0178&srepoch=1785759258&all_sr_blocks=1199742001_438348643_4_0_0&highlighted_blocks=1199742001_438348643_4_0_0&matching_block_id=1199742001_438348643_4_0_0&sr_pri_blocks=1199742001_438348643_4_0_0__1700000&from=searchresults,17000,7.7,4.0,Karachi,6.0,Two-Bedroom Villa,"3 beds (2 extra-large doubles, 1 sofa bed)",0,1,1,https://cf.bstatic.com/xdata/images/hotel/square240/610963622.webp?k=c3d2bfd63fd92d2481c70e06d476e6affd0d9d57ce8d479b70434301f5ac68fa&o=,10,Karachi
Galaxy Family Guest House Agakhan,https://www.booking.com/hotel/pk/pearl-galaxy-guest-house.en-gb.html?aid=304142&label=gen173nr-10CAQoggJCDWNpdHlfLTI3NjQ1ODRICVgEaLUBiAEBmAEzuAEHyAEM2AED6AEB-AEBiAIBqAIBuAL2i8LTBsACAdICJDM2N2ZjNzMzLWQxZjMtNGIzYy1hNzk4LTM5NDA5M2M3YTk2OdgCAeACAQ&ucfs=1&arphpl=1&checkin=2026-08-06&checkout=2026-08-07&dest_id=-2764584&dest_type=city&group_adults=2&req_adults=2&no_rooms=1&group_children=0&req_children=0&hpos=19&hapos=293&sr_order=popularity&srpvid=440f55fbd93f0178&srepoch=1785759258&all_sr_blocks=1211960703_393358315_0_2_0&highlighted_blocks=1211960703_393358315_0_2_0&matching_block_id=1211960703_393358315_0_2_0&sr_pri_blocks=1211960703_393358315_0_2_0__650000&from=searchresults,6500,6.0,3.0,"Gulshan-E-Jamal, Karachi",7.4,Double or Twin Room,"2 beds (1 single, 1 double)",0,1,1,https://cf.bstatic.com/xdata/images/hotel/square240/773272094.webp?k=93e33571230f204f52c0c5ab12fedee1108bc0b7c41510c334ab1fab82a27b9a&o=,10,Karachi
Cozycabin,https://www.booking.com/hotel/pk/cozycabin.en-gb.html?aid=304142&label=gen173nr-10CAQoggJCDWNpdHlfLTI3NjQ1ODRICVgEaLUBiAEBmAEzuAEHyAEM2AED6AEB-AEBiAIBqAIBuAL2i8LTBsACAdICJDM2N2ZjNzMzLWQxZjMtNGIzYy1hNzk4LTM5NDA5M2M3YTk2OdgCAeACAQ&ucfs=1&arphpl=1&checkin=2026-08-06&checkout=2026-08-07&dest_id=-2764584&dest_type=city&group_adults=2&req_adults=2&no_rooms=1&group_children=0&req_children=0&hpos=20&hapos=294&sr_order=popularity&srpvid=440f55fbd93f0178&srepoch=1785759258&all_sr_blocks=1654235101_437367098_4_0_0&highlighted_blocks=1654235101_437367098_4_0_0&matching_block_id=1654235101_437367098_4_0_0&sr_pri_blocks=1654235101_437367098_4_0_0__1120000&from=searchresults,11200,,,"D.H.A., Karachi (D.H.A.)",6.8,One-Bedroom Apartment,"2 beds (1 double, 1 sofa bed)",0,1,1,https://cf.bstatic.com/xdata/images/hotel/square240/874307280.webp?k=25e18031b4492b9022c8dde4d3bb0850d80d81be75e5c7782c00b848f3717681&o=,5,Karachi
Penthouse 5,https://www.booking.com/hotel/pk/penthouse-5.en-gb.html?aid=304142&label=gen173nr-10CAQoggJCDWNpdHlfLTI3NjQ1ODRICVgEaLUBiAEBmAEzuAEHyAEM2AED6AEB-AEBiAIBqAIBuAL2i8LTBsACAdICJDM2N2ZjNzMzLWQxZjMtNGIzYy1hNzk4LTM5NDA5M2M3YTk2OdgCAeACAQ&ucfs=1&arphpl=1&checkin=2026-08-06&checkout=2026-08-07&dest_id=-2764584&dest_type=city&group_adults=2&req_adults=2&no_rooms=1&group_children=0&req_children=0&hpos=21&hapos=295&sr_order=popularity&srpvid=440f55fbd93f0178&srepoch=1785759258&all_sr_blocks=1620219501_432846972_2_0_0_1411178&highlighted_blocks=1620219501_432846972_2_0_0_1411178&matching_block_id=1620219501_432846972_2_0_0_1411178&sr_pri_blocks=1620219501_432846972_2_0_0_1411178_4274905&from=searchresults,42749,,,Karachi,6.0,Two-Bedroom Apartment,"9 beds (1 single, 2 doubles, 2 extra-large doubles, 3 sofa beds, 1 large double)",0,1,1,https://cf.bstatic.com/xdata/images/hotel/square240/855486557.webp?k=1f11fd58593517d4745a1e6b9aea04ff5e236ff51fe986ed3cb24c8ab4184bca&o=,5,Karachi
Parmount tower,https://www.booking.com/hotel/pk/parmount-tower.en-gb.html?aid=304142&label=gen173nr-10CAQoggJCDWNpdHlfLTI3NjQ1ODRICVgEaLUBiAEBmAEzuAEHyAEM2AED6AEB-AEBiAIBqAIBuAL2i8LTBsACAdICJDM2N2ZjNzMzLWQxZjMtNGIzYy1hNzk4LTM5NDA5M2M3YTk2OdgCAeACAQ&ucfs=1&arphpl=1&checkin=2026-08-06&checkout=2026-08-07&dest_id=-2764584&dest_type=city&group_adults=2&req_adults=2&no_rooms=1&group_children=0&req_children=0&hpos=22&hapos=296&sr_order=popularity&srpvid=440f55fbd93f0178&srepoch=1785759258&all_sr_blocks=1583570001_429469299_2_0_0&highlighted_blocks=1583570001_429469299_2_0_0&matching_block_id=1583570001_429469299_2_0_0&sr_pri_blocks=1583570001_429469299_2_0_0__800000&from=searchresults,8000,,,Karachi,7.7,Two-Bedroom Apartment,"3 beds (1 single, 2 large doubles)",0,1,1,https://cf.bstatic.com/xdata/images/hotel/square240/825612131.webp?k=4aec6535286295dba142a69bc3222e7ac4885eea3a7f826ef09c90be9ec65268&o=,4,Karachi
ORA Hotels,https://www.booking.com/hotel/pk/ora-hotels.en-gb.html?aid=304142&label=gen173nr-10CAQoggJCDWNpdHlfLTI3NjQ1ODRICVgEaLUBiAEBmAEzuAEHyAEM2AED6AEB-AEBiAIBqAIBuAL2i8LTBsACAdICJDM2N2ZjNzMzLWQxZjMtNGIzYy1hNzk4LTM5NDA5M2M3YTk2OdgCAeACAQ&ucfs=1&arphpl=1&checkin=2026-08-06&checkout=2026-08-07&dest_id=-2764584&dest_type=city&group_adults=2&req_adults=2&no_rooms=1&group_children=0&req_children=0&hpos=23&hapos=297&sr_order=popularity&srpvid=440f55fbd93f0178&srepoch=1785759258&all_sr_blocks=1563206801_427404034_2_2_0&highlighted_blocks=1563206801_427404034_2_2_0&matching_block_id=1563206801_427404034_2_2_0&sr_pri_blocks=1563206801_427404034_2_2_0__1000000&from=searchresults,10000,,,"D.H.A., Karachi (D.H.A.)",4.5,Superior King Room,1 extra-large double bed,0,1,1,https://cf.bstatic.com/xdata/images/hotel/square240/807773895.webp?k=128837509f86cc0f543430c46f1d29b9b7a7dd1449a7dcc7acb70964f51785d8&o=,14,Karachi
Comfort Stay,https://www.booking.com/hotel/pk/comfort-stay-karachi1.en-gb.html?aid=304142&label=gen173nr-10CAQoggJCDWNpdHlfLTI3NjQ1ODRICVgEaLUBiAEBmAEzuAEHyAEM2AED6AEB-AEBiAIBqAIBuAL2i8LTBsACAdICJDM2N2ZjNzMzLWQxZjMtNGIzYy1hNzk4LTM5NDA5M2M3YTk2OdgCAeACAQ&ucfs=1&arphpl=1&checkin=2026-08-06&checkout=2026-08-07&dest_id=-2764584&dest_type=city&group_adults=2&req_adults=2&no_rooms=1&group_children=0&req_children=0&hpos=24&hapos=298&sr_order=popularity&srpvid=440f55fbd93f0178&srepoch=1785759258&all_sr_blocks=1587100101_429857874_2_1_0&highlighted_blocks=1587100101_429857874_2_1_0&matching_block_id=1587100101_429857874_2_1_0&sr_pri_blocks=1587100101_429857874_2_1_0__1088640&from=searchresults,10886,,,"D.H.A., Karachi (D.H.A.)",3.9,Superior Double Room,1 extra-large double bed,1,1,1,https://cf.bstatic.com/xdata/images/hotel/square240/827396497.webp?k=708165502f57b3ecbda3b7d22d555de2a22edb0bcee6ae867cd630bc2f8ecf2c&o=,5,Karachi
Star Guest House,https://www.booking.com/hotel/pk/star-guest-house.en-gb.html?aid=304142&label=gen173nr-10CAQoggJCDWNpdHlfLTI3NjQ1ODRICVgEaLUBiAEBmAEzuAEHyAEM2AED6AEB-AEBiAIBqAIBuAL2i8LTBsACAdICJDM2N2ZjNzMzLWQxZjMtNGIzYy1hNzk4LTM5NDA5M2M3YTk2OdgCAeACAQ&ucfs=1&arphpl=1&checkin=2026-08-06&checkout=2026-08-07&dest_id=-2764584&dest_type=city&group_adults=2&req_adults=2&no_rooms=1&group_children=0&req_children=0&hpos=25&hapos=299&sr_order=popularity&srpvid=440f55fbd93f0178&srepoch=1785759258&all_sr_blocks=225254206_338597853_2_1_0&highlighted_blocks=225254206_338597853_2_1_0&matching_block_id=225254206_338597853_2_1_0&sr_pri_blocks=225254206_338597853_2_1_0__1100000&from=searchresults,11000,8.6,71.0,Karachi,3.6,Budget Double Room,1 double bed,1,1,1,https://cf.bstatic.com/xdata/images/hotel/square240/233648003.webp?k=278fd60196104cfd622f5e26c3007b87d9f0f06b00c8bf0d68ec33bca15a9316&o=,11,Karachi
The Karachi Guest House Gulshan-e-Iqbal,https://www.booking.com/hotel/pk/ep-guest-house.en-gb.html?aid=304142&label=gen173nr-10CAQoggJCDWNpdHlfLTI3NjQ1ODRICVgEaLUBiAEBmAEzuAEHyAEM2AED6AEB-AEBiAIBqAIBuAL2i8LTBsACAdICJDM2N2ZjNzMzLWQxZjMtNGIzYy1hNzk4LTM5NDA5M2M3YTk2OdgCAeACAQ&ucfs=1&arphpl=1&checkin=2026-08-06&checkout=2026-08-07&dest_id=-2764584&dest_type=city&group_adults=2&req_adults=2&no_rooms=1&group_children=0&req_children=0&hpos=1&hapos=300&sr_order=popularity&srpvid=440f55fbd93f0178&srepoch=1785759261&all_sr_blocks=221733923_335360701_2_2_0&highlighted_blocks=221733923_335360701_2_2_0&matching_block_id=221733923_335360701_2_2_0&sr_pri_blocks=221733923_335360701_2_2_0__675000&from=searchresults,6750,5.8,21.0,Karachi,7.4,Deluxe Double Room,1 double bed,0,1,0,https://cf.bstatic.com/xdata/images/hotel/square240/409329677.webp?k=0dc9c4c48a70c76cabc5630b3cf0aba4b19d1c89df6db7afc21a0cdb947c608e&o=,7,Karachi
Subhan Palace Family Guest House,https://www.booking.com/hotel/pk/subhan-palace-family-bnb.en-gb.html?aid=304142&label=gen173nr-10CAQoggJCDWNpdHlfLTI3NjQ1ODRICVgEaLUBiAEBmAEzuAEHyAEM2AED6AEB-AEBiAIBqAIBuAL2i8LTBsACAdICJDM2N2ZjNzMzLWQxZjMtNGIzYy1hNzk4LTM5NDA5M2M3YTk2OdgCAeACAQ&ucfs=1&arphpl=1&checkin=2026-08-06&checkout=2026-08-07&dest_id=-2764584&dest_type=city&group_adults=2&req_adults=2&no_rooms=1&group_children=0&req_children=0&hpos=2&hapos=301&sr_order=popularity&srpvid=440f55fbd93f0178&srepoch=1785759261&all_sr_blocks=1549830301_426199702_0_1_0&highlighted_blocks=1549830301_426199702_0_1_0&matching_block_id=1549830301_426199702_0_1_0&sr_pri_blocks=1549830301_426199702_0_1_0__552500&from=searchresults,5525,,,Karachi,7.3,Double Room with Private Bathroom,1 extra-large double bed,1,1,1,https://cf.bstatic.com/xdata/images/hotel/square240/901202577.webp?k=86625e16402b48b8e1e581822f0692a063cfe7e88942845a3f4ce4e14b69fdd5&o=,5,Karachi
2BHK Apartment at Sona Tower - Zafar Home,https://www.booking.com/hotel/pk/2bhk-apartment-karachi.en-gb.html?aid=304142&label=gen173nr-10CAQoggJCDWNpdHlfLTI3NjQ1ODRICVgEaLUBiAEBmAEzuAEHyAEM2AED6AEB-AEBiAIBqAIBuAL2i8LTBsACAdICJDM2N2ZjNzMzLWQxZjMtNGIzYy1hNzk4LTM5NDA5M2M3YTk2OdgCAeACAQ&ucfs=1&arphpl=1&checkin=2026-08-06&checkout=2026-08-07&dest_id=-2764584&dest_type=city&group_adults=2&req_adults=2&no_rooms=1&group_children=0&req_children=0&hpos=3&hapos=302&sr_order=popularity&srpvid=440f55fbd93f0178&srepoch=1785759261&all_sr_blocks=1662436001_438115951_5_0_0&highlighted_blocks=1662436001_438115951_5_0_0&matching_block_id=1662436001_438115951_5_0_0&sr_pri_blocks=1662436001_438115951_5_0_0__1160000&from=searchresults,11600,,,Karachi,4.3,Two-Bedroom Apartment,1 extra-large double bed,0,1,1,https://cf.bstatic.com/xdata/images/hotel/square240/880452832.webp?k=2580eb8ea4eb08321d2713a21bacc542c9c6bed0ec6842829d7e8bf6178ce65e&o=,5,Karachi
Tranquil 2BR Portion Gulistan e Joher BLK 14,https://www.booking.com/hotel/pk/tranquil-2br-portion-gulistan-e-joher-blk-14.en-gb.html?aid=304142&label=gen173nr-10CAQoggJCDWNpdHlfLTI3NjQ1ODRICVgEaLUBiAEBmAEzuAEHyAEM2AED6AEB-AEBiAIBqAIBuAL2i8LTBsACAdICJDM2N2ZjNzMzLWQxZjMtNGIzYy1hNzk4LTM5NDA5M2M3YTk2OdgCAeACAQ&ucfs=1&arphpl=1&checkin=2026-08-06&checkout=2026-08-07&dest_id=-2764584&dest_type=city&group_adults=2&req_adults=2&no_rooms=1&group_children=0&req_children=0&hpos=4&hapos=303&sr_order=popularity&srpvid=440f55fbd93f0178&srepoch=1785759261&all_sr_blocks=1450581201_416423478_4_0_0&highlighted_blocks=1450581201_416423478_4_0_0&matching_block_id=1450581201_416423478_4_0_0&sr_pri_blocks=1450581201_416423478_4_0_0__1440000&from=searchresults,14400,,,Karachi,9.7,Two-Bedroom Villa,2 extra-large double beds,0,1,1,https://cf.bstatic.com/xdata/images/hotel/square240/707883344.webp?k=07ac10af945f1366e4e9df404c2d231fe3ce1735d0c98eed641a4251f00ccbfa&o=,5,Karachi
The Coastal Pearl,https://www.booking.com/hotel/pk/the-coastal-pearl-karachi.en-gb.html?aid=304142&label=gen173nr-10CAQoggJCDWNpdHlfLTI3NjQ1ODRICVgEaLUBiAEBmAEzuAEHyAEM2AED6AEB-AEBiAIBqAIBuAL2i8LTBsACAdICJDM2N2ZjNzMzLWQxZjMtNGIzYy1hNzk4LTM5NDA5M2M3YTk2OdgCAeACAQ&ucfs=1&arphpl=1&checkin=2026-08-06&checkout=2026-08-07&dest_id=-2764584&dest_type=city&group_adults=2&req_adults=2&no_rooms=1&group_children=0&req_children=0&hpos=5&hapos=304&sr_order=popularity&srpvid=440f55fbd93f0178&srepoch=1785759261&all_sr_blocks=1530419102_424577112_2_42_0&highlighted_blocks=1530419102_424577112_2_42_0&matching_block_id=1530419102_424577112_2_42_0&sr_pri_blocks=1530419102_424577112_2_42_0__3500000&from=searchresults,35000,7.0,1.0,Karachi,21.9,Deluxe Double Room with Extra Bed,Deluxe Double Room with Extra Bed,0,1,1,https://cf.bstatic.com/xdata/images/hotel/square240/780030258.webp?k=b5460d626302cc7ec36a385b8bcbe230d027fbd3b5a07f504b4f38b7bf922913&o=,5,Karachi
DHA luxuries Buliding,https://www.booking.com/hotel/pk/dha-luxuries-buliding.en-gb.html?aid=304142&label=gen173nr-10CAQoggJCDWNpdHlfLTI3NjQ1ODRICVgEaLUBiAEBmAEzuAEHyAEM2AED6AEB-AEBiAIBqAIBuAL2i8LTBsACAdICJDM2N2ZjNzMzLWQxZjMtNGIzYy1hNzk4LTM5NDA5M2M3YTk2OdgCAeACAQ&ucfs=1&arphpl=1&checkin=2026-08-06&checkout=2026-08-07&dest_id=-2764584&dest_type=city&group_adults=2&req_adults=2&no_rooms=1&group_children=0&req_children=0&hpos=6&hapos=305&sr_order=popularity&srpvid=440f55fbd93f0178&srepoch=1785759261&all_sr_blocks=1682631801_439998571_10_0_0&highlighted_blocks=1682631801_439998571_10_0_0&matching_block_id=1682631801_439998571_10_0_0&sr_pri_blocks=1682631801_439998571_10_0_0__1700000&from=searchresults,17000,,,Karachi,6.8,Five-Bedroom House,1 double bed,0,1,1,https://cf.bstatic.com/xdata/images/hotel/square240/892123088.webp?k=2d3e859c517a47af2d40dc09d58634ba9ced71f580a788556597a3c57b6c10be&o=,5,Karachi
Sapphire Guest House,https://www.booking.com/hotel/pk/sapphire-guest-house-karachi4.en-gb.html?aid=304142&label=gen173nr-10CAQoggJCDWNpdHlfLTI3NjQ1ODRICVgEaLUBiAEBmAEzuAEHyAEM2AED6AEB-AEBiAIBqAIBuAL2i8LTBsACAdICJDM2N2ZjNzMzLWQxZjMtNGIzYy1hNzk4LTM5NDA5M2M3YTk2OdgCAeACAQ&ucfs=1&arphpl=1&checkin=2026-08-06&checkout=2026-08-07&dest_id=-2764584&dest_type=city&group_adults=2&req_adults=2&no_rooms=1&group_children=0&req_children=0&hpos=7&hapos=306&sr_order=popularity&srpvid=440f55fbd93f0178&srepoch=1785759261&all_sr_blocks=1628437701_433457775_2_2_0&highlighted_blocks=1628437701_433457775_2_2_0&matching_block_id=1628437701_433457775_2_2_0&sr_pri_blocks=1628437701_433457775_2_2_0__900000&from=searchresults,9000,,,"PECHS, Karachi",1.6,Superior King or Twin Room,1 large double bed,0,0,1,https://cf.bstatic.com/xdata/images/hotel/square240/860864713.webp?k=c431aafebdab682fbf334cc0e5e908efd238f7270231e766e5917e357ec93369&o=,3,Karachi
Mls rooms,https://www.booking.com/hotel/pk/mls-rooms.en-gb.html?aid=304142&label=gen173nr-10CAQoggJCDWNpdHlfLTI3NjQ1ODRICVgEaLUBiAEBmAEzuAEHyAEM2AED6AEB-AEBiAIBqAIBuAL2i8LTBsACAdICJDM2N2ZjNzMzLWQxZjMtNGIzYy1hNzk4LTM5NDA5M2M3YTk2OdgCAeACAQ&ucfs=1&arphpl=1&checkin=2026-08-06&checkout=2026-08-07&dest_id=-2764584&dest_type=city&group_adults=2&req_adults=2&no_rooms=1&group_children=0&req_children=0&hpos=8&hapos=307&sr_order=popularity&srpvid=440f55fbd93f0178&srepoch=1785759261&all_sr_blocks=1618463301_432682450_2_0_0&highlighted_blocks=1618463301_432682450_2_0_0&matching_block_id=1618463301_432682450_2_0_0&sr_pri_blocks=1618463301_432682450_2_0_0__700000&from=searchresults,7000,,,"D.H.A., Karachi (D.H.A.)",8.4,One-Bedroom Apartment,"3 beds (1 double, 2 sofa beds)",0,1,1,https://cf.bstatic.com/xdata/images/hotel/square240/853913229.webp?k=e1ab5958bef1c27fcdcec72a514cc9cd8f15191bd0a6455c4718c6f53654c078&o=,5,Karachi
hamaliya inn guest house,https://www.booking.com/hotel/pk/hamaliya-inn-guest-house.en-gb.html?aid=304142&label=gen173nr-10CAQoggJCDWNpdHlfLTI3NjQ1ODRICVgEaLUBiAEBmAEzuAEHyAEM2AED6AEB-AEBiAIBqAIBuAL2i8LTBsACAdICJDM2N2ZjNzMzLWQxZjMtNGIzYy1hNzk4LTM5NDA5M2M3YTk2OdgCAeACAQ&ucfs=1&arphpl=1&checkin=2026-08-06&checkout=2026-08-07&dest_id=-2764584&dest_type=city&group_adults=2&req_adults=2&no_rooms=1&group_children=0&req_children=0&hpos=9&hapos=308&sr_order=popularity&srpvid=440f55fbd93f0178&srepoch=1785759261&all_sr_blocks=1395871001_411500414_2_0_0&highlighted_blocks=1395871001_411500414_2_0_0&matching_block_id=1395871001_411500414_2_0_0&sr_pri_blocks=1395871001_411500414_2_0_0__1200000&from=searchresults,12000,,,"D.H.A., Karachi (D.H.A.)",6.8,Double Room,1 double bed,0,1,1,https://cf.bstatic.com/xdata/images/hotel/square240/671787423.webp?k=029817c70195c6a3aee92d3de9095d4830edafd713bab6555264040f98b88c83&o=,5,Karachi
Comfort Stay,https://www.booking.com/hotel/pk/comfort-stay-karachi2.en-gb.html?aid=304142&label=gen173nr-10CAQoggJCDWNpdHlfLTI3NjQ1ODRICVgEaLUBiAEBmAEzuAEHyAEM2AED6AEB-AEBiAIBqAIBuAL2i8LTBsACAdICJDM2N2ZjNzMzLWQxZjMtNGIzYy1hNzk4LTM5NDA5M2M3YTk2OdgCAeACAQ&ucfs=1&arphpl=1&checkin=2026-08-06&checkout=2026-08-07&dest_id=-2764584&dest_type=city&group_adults=2&req_adults=2&no_rooms=1&group_children=0&req_children=0&hpos=10&hapos=309&sr_order=popularity&srpvid=440f55fbd93f0178&srepoch=1785759261&all_sr_blocks=1679802901_439746019_5_0_0&highlighted_blocks=1679802901_439746019_5_0_0&matching_block_id=1679802901_439746019_5_0_0&sr_pri_blocks=1679802901_439746019_5_0_0__1015953&from=searchresults,10160,,,Karachi,7.1,Two-Bedroom Apartment,"3 beds (2 doubles, 1 sofa bed)",0,1,1,https://cf.bstatic.com/xdata/images/hotel/square240/890827481.webp?k=2420f8552dad92d40b9358d10f4c2fd5eac433b45c063329468ef04302729bda&o=,5,Karachi
BNB Royal Inn,https://www.booking.com/hotel/pk/bnb-royal-inn.en-gb.html?aid=304142&label=gen173nr-10CAQoggJCDWNpdHlfLTI3NjQ1ODRICVgEaLUBiAEBmAEzuAEHyAEM2AED6AEB-AEBiAIBqAIBuAL2i8LTBsACAdICJDM2N2ZjNzMzLWQxZjMtNGIzYy1hNzk4LTM5NDA5M2M3YTk2OdgCAeACAQ&ucfs=1&arphpl=1&checkin=2026-08-06&checkout=2026-08-07&dest_id=-2764584&dest_type=city&group_adults=2&req_adults=2&no_rooms=1&group_children=0&req_children=0&hpos=11&hapos=310&sr_order=popularity&srpvid=440f55fbd93f0178&srepoch=1785759261&all_sr_blocks=1319072301_404624641_2_0_0&highlighted_blocks=1319072301_404624641_2_0_0&matching_block_id=1319072301_404624641_2_0_0&sr_pri_blocks=1319072301_404624641_2_0_0__864000&from=searchresults,8640,8.0,2.0,Karachi,7.4,King Room,2 large double beds,0,0,0,https://cf.bstatic.com/xdata/images/hotel/square240/621054461.webp?k=30d4ea318265b6ddfa94f0b45d68c742dd08075f282085e2ffab0bb828c8ce02&o=,10,Karachi
City Star Guest House,https://www.booking.com/hotel/pk/city-star-guest-house-karachi2.en-gb.html?aid=304142&label=gen173nr-10CAQoggJCDWNpdHlfLTI3NjQ1ODRICVgEaLUBiAEBmAEzuAEHyAEM2AED6AEB-AEBiAIBqAIBuAL2i8LTBsACAdICJDM2N2ZjNzMzLWQxZjMtNGIzYy1hNzk4LTM5NDA5M2M3YTk2OdgCAeACAQ&ucfs=1&arphpl=1&checkin=2026-08-06&checkout=2026-08-07&dest_id=-2764584&dest_type=city&group_adults=2&req_adults=2&no_rooms=1&group_children=0&req_children=0&hpos=12&hapos=311&sr_order=popularity&srpvid=440f55fbd93f0178&srepoch=1785759261&all_sr_blocks=1406384501_412426809_2_0_0&highlighted_blocks=1406384501_412426809_2_0_0&matching_block_id=1406384501_412426809_2_0_0&sr_pri_blocks=1406384501_412426809_2_0_0__280000&from=searchresults,2800,3.0,1.0,"Gulshan-E-Jamal, Karachi",7.6,Double Room,"2 beds (1 double, 1 large double)",0,1,1,https://cf.bstatic.com/xdata/images/hotel/square240/678107254.webp?k=37d7392f7f4428b2be02ca3a7df777a9339c5b89ebdd9f21f05bcd468fbe0890&o=,4,Karachi
Entire Luxury Apt Near Beach 2 Bedrooms 4 Beds,https://www.booking.com/hotel/pk/entire-luxury-apt-near-beach-2-bedrooms-4-beds.en-gb.html?aid=304142&label=gen173nr-10CAQoggJCDWNpdHlfLTI3NjQ1ODRICVgEaLUBiAEBmAEzuAEHyAEM2AED6AEB-AEBiAIBqAIBuAL2i8LTBsACAdICJDM2N2ZjNzMzLWQxZjMtNGIzYy1hNzk4LTM5NDA5M2M3YTk2OdgCAeACAQ&ucfs=1&arphpl=1&checkin=2026-08-06&checkout=2026-08-07&dest_id=-2764584&dest_type=city&group_adults=2&req_adults=2&no_rooms=1&group_children=0&req_children=0&hpos=13&hapos=312&sr_order=popularity&srpvid=440f55fbd93f0178&srepoch=1785759261&all_sr_blocks=1441414401_415581465_6_0_0&highlighted_blocks=1441414401_415581465_6_0_0&matching_block_id=1441414401_415581465_6_0_0&sr_pri_blocks=1441414401_415581465_6_0_0__1700000&from=searchresults,17000,,,"Clifton, Karachi",7.4,Three-Bedroom Apartment,"2 beds (1 sofa bed, 1 large double)",0,0,1,https://cf.bstatic.com/xdata/images/hotel/square240/700335625.webp?k=d73183f6dba6e48daa12c8cf3adbf9d95b2078ad645715aa1010b14a9514d4d6&o=,5,Karachi
First Floor Guest House,https://www.booking.com/hotel/pk/first-floor-guest-house-karachi.en-gb.html?aid=304142&label=gen173nr-10CAQoggJCDWNpdHlfLTI3NjQ1ODRICVgEaLUBiAEBmAEzuAEHyAEM2AED6AEB-AEBiAIBqAIBuAL2i8LTBsACAdICJDM2N2ZjNzMzLWQxZjMtNGIzYy1hNzk4LTM5NDA5M2M3YTk2OdgCAeACAQ&ucfs=1&arphpl=1&checkin=2026-08-06&checkout=2026-08-07&dest_id=-2764584&dest_type=city&group_adults=2&req_adults=2&no_rooms=1&group_children=0&req_children=0&hpos=14&hapos=313&sr_order=popularity&srpvid=440f55fbd93f0178&srepoch=1785759261&all_sr_blocks=1606350901_431572869_2_0_0&highlighted_blocks=1606350901_431572869_2_0_0&matching_block_id=1606350901_431572869_2_0_0&sr_pri_blocks=1606350901_431572869_2_0_0__700000&from=searchresults,7000,,,Karachi,10.6,Deluxe Double Room (1 adult + 2 children),1 double bed,0,1,1,https://cf.bstatic.com/xdata/images/hotel/square240/842818854.webp?k=6653ab88f2e4f3c30db8b48850d0cfb113b28e2154546952243c1b790348b9c7&o=,4,Karachi
Homey vibes Residences,https://www.booking.com/hotel/pk/dastagirblock15-karachi.en-gb.html?aid=304142&label=gen173nr-10CAQoggJCDWNpdHlfLTI3NjQ1ODRICVgEaLUBiAEBmAEzuAEHyAEM2AED6AEB-AEBiAIBqAIBuAL2i8LTBsACAdICJDM2N2ZjNzMzLWQxZjMtNGIzYy1hNzk4LTM5NDA5M2M3YTk2OdgCAeACAQ&ucfs=1&arphpl=1&checkin=2026-08-06&checkout=2026-08-07&dest_id=-2764584&dest_type=city&group_adults=2&req_adults=2&no_rooms=1&group_children=0&req_children=0&hpos=15&hapos=314&sr_order=popularity&srpvid=440f55fbd93f0178&srepoch=1785759261&all_sr_blocks=1192889202_391585551_2_0_0&highlighted_blocks=1192889202_391585551_2_0_0&matching_block_id=1192889202_391585551_2_0_0&sr_pri_blocks=1192889202_391585551_2_0_0__960000&from=searchresults,9600,,,Karachi,6.5,Two-Bedroom Apartment,"11 beds (2 singles, 1 double, 8 sofa beds)",0,1,1,https://cf.bstatic.com/xdata/images/hotel/square240/548538034.webp?k=03cc6c7c939919687f5ad8b51e1ec3c6e87e8a812f23b439e17e8b4576c8637c&o=,4,Karachi
Hotel Seven 7,https://www.booking.com/hotel/pk/seven-7.en-gb.html?aid=304142&label=gen173nr-10CAQoggJCDWNpdHlfLTI3NjQ1ODRICVgEaLUBiAEBmAEzuAEHyAEM2AED6AEB-AEBiAIBqAIBuAL2i8LTBsACAdICJDM2N2ZjNzMzLWQxZjMtNGIzYy1hNzk4LTM5NDA5M2M3YTk2OdgCAeACAQ&ucfs=1&arphpl=1&checkin=2026-08-06&checkout=2026-08-07&dest_id=-2764584&dest_type=city&group_adults=2&req_adults=2&no_rooms=1&group_children=0&req_children=0&hpos=16&hapos=315&sr_order=popularity&srpvid=440f55fbd93f0178&srepoch=1785759261&all_sr_blocks=291418501_206441646_2_1_0&highlighted_blocks=291418501_206441646_2_1_0&matching_block_id=291418501_206441646_2_1_0&sr_pri_blocks=291418501_206441646_2_1_0__910000&from=searchresults,9100,7.9,106.0,"Bath Island, Karachi",4.5,Deluxe Queen Room,1 large double bed,1,1,1,https://cf.bstatic.com/xdata/images/hotel/square240/333054666.webp?k=92d67e017140dafc8c73ee238d20a612b669aac65755105d16f6fb7e090f6706&o=,5,Karachi
Guest House in Karachi Gulshan-e-Iqbal,https://www.booking.com/hotel/pk/ballyfin-retreat-gulshan-e-iqbal.en-gb.html?aid=304142&label=gen173nr-10CAQoggJCDWNpdHlfLTI3NjQ1ODRICVgEaLUBiAEBmAEzuAEHyAEM2AED6AEB-AEBiAIBqAIBuAL2i8LTBsACAdICJDM2N2ZjNzMzLWQxZjMtNGIzYy1hNzk4LTM5NDA5M2M3YTk2OdgCAeACAQ&ucfs=1&arphpl=1&checkin=2026-08-06&checkout=2026-08-07&dest_id=-2764584&dest_type=city&group_adults=2&req_adults=2&no_rooms=1&group_children=0&req_children=0&hpos=17&hapos=316&sr_order=popularity&srpvid=440f55fbd93f0178&srepoch=1785759261&all_sr_blocks=1462171501_417525553_2_2_0&highlighted_blocks=1462171501_417525553_2_2_0&matching_block_id=1462171501_417525553_2_2_0&sr_pri_blocks=1462171501_417525553_2_2_0__810000&from=searchresults,8100,5.2,4.0,Karachi,7.4,Double Room,1 double bed,0,1,1,https://cf.bstatic.com/xdata/images/hotel/square240/719896047.webp?k=6ef913e7d1d52294c9a368ae25577e0f1b847b12296ec27dad3f876c4376dfa5&o=,4,Karachi
"ZAHA Vacation Home 3 - Elegant & Spacious 2 br family apt, Shahrah e Faisal",https://www.booking.com/hotel/pk/zaha-vacation-home-3-elegant-amp-spacious-2-br-family-apt-shahrah-e-faisal.en-gb.html?aid=304142&label=gen173nr-10CAQoggJCDWNpdHlfLTI3NjQ1ODRICVgEaLUBiAEBmAEzuAEHyAEM2AED6AEB-AEBiAIBqAIBuAL2i8LTBsACAdICJDM2N2ZjNzMzLWQxZjMtNGIzYy1hNzk4LTM5NDA5M2M3YTk2OdgCAeACAQ&ucfs=1&arphpl=1&checkin=2026-08-06&checkout=2026-08-07&dest_id=-2764584&dest_type=city&group_adults=2&req_adults=2&no_rooms=1&group_children=0&req_children=0&hpos=18&hapos=317&sr_order=popularity&srpvid=440f55fbd93f0178&srepoch=1785759261&all_sr_blocks=733286601_326805423_4_0_0&highlighted_blocks=733286601_326805423_4_0_0&matching_block_id=733286601_326805423_4_0_0&sr_pri_blocks=733286601_326805423_4_0_0__2610000&from=searchresults,26100,10,2.0,"Shahrah-e-Faisal, Karachi (Shahrah-e-Faisal)",2.8,Apartment with Terrace,2 extra-large double beds,0,0,0,https://cf.bstatic.com/xdata/images/hotel/square240/299737114.webp?k=f93c83ced14728cacab9f636d0e97c183f7e8a6aa42c59364c44dab051cc7b28&o=,10,Karachi
"Beautiful flat near Do Talwar, Clifton, Karachi",https://www.booking.com/hotel/pk/beautiful-flat-near-do-talwar-clifton-karachi.en-gb.html?aid=304142&label=gen173nr-10CAQoggJCDWNpdHlfLTI3NjQ1ODRICVgEaLUBiAEBmAEzuAEHyAEM2AED6AEB-AEBiAIBqAIBuAL2i8LTBsACAdICJDM2N2ZjNzMzLWQxZjMtNGIzYy1hNzk4LTM5NDA5M2M3YTk2OdgCAeACAQ&ucfs=1&arphpl=1&checkin=2026-08-06&checkout=2026-08-07&dest_id=-2764584&dest_type=city&group_adults=2&req_adults=2&no_rooms=1&group_children=0&req_children=0&hpos=19&hapos=318&sr_order=popularity&srpvid=440f55fbd93f0178&srepoch=1785759261&all_sr_blocks=1243149201_400690455_6_0_0&highlighted_blocks=1243149201_400690455_6_0_0&matching_block_id=1243149201_400690455_6_0_0&sr_pri_blocks=1243149201_400690455_6_0_0__4950000&from=searchresults,49500,,,"Clifton, Karachi",5.5,Three-Bedroom Apartment,3 double beds,0,0,0,https://cf.bstatic.com/xdata/images/hotel/square240/582771149.webp?k=d80f49e70458d49f692229ca75494df05bb306312a6111b5dd6889626d884f29&o=,3,Karachi
2 bed lounge studio apartment,https://www.booking.com/hotel/pk/2-bed-lounge-studio-apartment.en-gb.html?aid=304142&label=gen173nr-10CAQoggJCDWNpdHlfLTI3NjQ1ODRICVgEaLUBiAEBmAEzuAEHyAEM2AED6AEB-AEBiAIBqAIBuAL2i8LTBsACAdICJDM2N2ZjNzMzLWQxZjMtNGIzYy1hNzk4LTM5NDA5M2M3YTk2OdgCAeACAQ&ucfs=1&arphpl=1&checkin=2026-08-06&checkout=2026-08-07&dest_id=-2764584&dest_type=city&group_adults=2&req_adults=2&no_rooms=1&group_children=0&req_children=0&hpos=20&hapos=319&sr_order=popularity&srpvid=440f55fbd93f0178&srepoch=1785759261&all_sr_blocks=1650930601_437108103_2_0_0&highlighted_blocks=1650930601_437108103_2_0_0&matching_block_id=1650930601_437108103_2_0_0&sr_pri_blocks=1650930601_437108103_2_0_0__1450000&from=searchresults,14500,,,Karachi,6.2,Double Room,1 double bed,0,1,1,https://cf.bstatic.com/xdata/images/hotel/square240/872047036.webp?k=d3e43d60a4d19307cfd266d51da3fda54fdf77f06f9b3008363cfb315687fcba&o=,4,Karachi
Johar Guesthouse Karachi-Penthouse,https://www.booking.com/hotel/pk/luxurious-penthouse.en-gb.html?aid=304142&label=gen173nr-10CAQoggJCDWNpdHlfLTI3NjQ1ODRICVgEaLUBiAEBmAEzuAEHyAEM2AED6AEB-AEBiAIBqAIBuAL2i8LTBsACAdICJDM2N2ZjNzMzLWQxZjMtNGIzYy1hNzk4LTM5NDA5M2M3YTk2OdgCAeACAQ&ucfs=1&arphpl=1&checkin=2026-08-06&checkout=2026-08-07&dest_id=-2764584&dest_type=city&group_adults=2&req_adults=2&no_rooms=1&group_children=0&req_children=0&hpos=21&hapos=320&sr_order=popularity&srpvid=440f55fbd93f0178&srepoch=1785759261&all_sr_blocks=1286926901_413546295_2_0_0_651091&highlighted_blocks=1286926901_413546295_2_0_0_651091&matching_block_id=1286926901_413546295_2_0_0_651091&sr_pri_blocks=1286926901_413546295_2_0_0_651091_750000&from=searchresults,7500,9.0,1.0,Karachi,9.4,Deluxe Double Room with Bath,1 double bed,0,1,1,https://cf.bstatic.com/xdata/images/hotel/square240/700036904.webp?k=05d71f631acb13d31d4e44f6ad2f096e862ca970a37396c49dbc7cd1eee93385&o=,4,Karachi
Home Sweet Home 3 DHA,https://www.booking.com/hotel/pk/home-sweet-home-3-dha.en-gb.html?aid=304142&label=gen173nr-10CAQoggJCDWNpdHlfLTI3NjQ1ODRICVgEaLUBiAEBmAEzuAEHyAEM2AED6AEB-AEBiAIBqAIBuAL2i8LTBsACAdICJDM2N2ZjNzMzLWQxZjMtNGIzYy1hNzk4LTM5NDA5M2M3YTk2OdgCAeACAQ&ucfs=1&arphpl=1&checkin=2026-08-06&checkout=2026-08-07&dest_id=-2764584&dest_type=city&group_adults=2&req_adults=2&no_rooms=1&group_children=0&req_children=0&hpos=22&hapos=321&sr_order=popularity&srpvid=440f55fbd93f0178&srepoch=1785759261&all_sr_blocks=1589276701_430030918_6_0_0&highlighted_blocks=1589276701_430030918_6_0_0&matching_block_id=1589276701_430030918_6_0_0&sr_pri_blocks=1589276701_430030918_6_0_0__3600000&from=searchresults,36000,10,1.0,Karachi,5.9,Three-Bedroom House,"8 beds (6 sofa beds, 2 large doubles)",0,1,1,https://cf.bstatic.com/xdata/images/hotel/square240/829255580.webp?k=142496350e30f1b1a8d04c348ba693b345fc5001f243dfad7950ef23f59ed10d&o=,12,Karachi
Zen Luxury Stay - 3BR Family Apartment DHA Phase 6 Nishat Commercial,https://www.booking.com/hotel/pk/emaar-ocean-breeze-retreat-2br-apt.en-gb.html?aid=304142&label=gen173nr-10CAQoggJCDWNpdHlfLTI3NjQ1ODRICVgEaLUBiAEBmAEzuAEHyAEM2AED6AEB-AEBiAIBqAIBuAL2i8LTBsACAdICJDM2N2ZjNzMzLWQxZjMtNGIzYy1hNzk4LTM5NDA5M2M3YTk2OdgCAeACAQ&ucfs=1&arphpl=1&checkin=2026-08-06&checkout=2026-08-07&dest_id=-2764584&dest_type=city&group_adults=2&req_adults=2&no_rooms=1&group_children=0&req_children=0&hpos=23&hapos=322&sr_order=popularity&srpvid=440f55fbd93f0178&srepoch=1785759261&all_sr_blocks=1361642701_408479555_4_0_0&highlighted_blocks=1361642701_408479555_4_0_0&matching_block_id=1361642701_408479555_4_0_0&sr_pri_blocks=1361642701_408479555_4_0_0__6500000&from=searchresults,65000,10,1.0,"D.H.A., Karachi (D.H.A.)",13.2,Two-Bedroom Apartment,2 large double beds,0,1,1,https://cf.bstatic.com/xdata/images/hotel/square240/725590390.webp?k=e428c17016f1bae57cb1b151528d370096812b46156588f74abfe9cd6fdd2e48&o=,4,Karachi
Riviera Residences Guest House,https://www.booking.com/hotel/pk/riviera-residences-guest-house.en-gb.html?aid=304142&label=gen173nr-10CAQoggJCDWNpdHlfLTI3NjQ1ODRICVgEaLUBiAEBmAEzuAEHyAEM2AED6AEB-AEBiAIBqAIBuAL2i8LTBsACAdICJDM2N2ZjNzMzLWQxZjMtNGIzYy1hNzk4LTM5NDA5M2M3YTk2OdgCAeACAQ&ucfs=1&arphpl=1&checkin=2026-08-06&checkout=2026-08-07&dest_id=-2764584&dest_type=city&group_adults=2&req_adults=2&no_rooms=1&group_children=0&req_children=0&hpos=24&hapos=323&sr_order=popularity&srpvid=440f55fbd93f0178&srepoch=1785759261&all_sr_blocks=1601108402_431067805_2_0_0&highlighted_blocks=1601108402_431067805_2_0_0&matching_block_id=1601108402_431067805_2_0_0&sr_pri_blocks=1601108402_431067805_2_0_0__1200000&from=searchresults,12000,,,"D.H.A., Karachi (D.H.A.)",8.2,Deluxe Double Room,1 large double bed,0,1,1,https://cf.bstatic.com/xdata/images/hotel/square240/838594883.webp?k=037cc62d00d7734894be2ff48373dbd78a62d8dc5900763bae72aad2f61044ae&o=,5,Karachi
Bhariya town karachi villa,https://www.booking.com/hotel/pk/bhariya-town-karachi-villa-karachi.en-gb.html?aid=304142&label=gen173nr-10CAQoggJCDWNpdHlfLTI3NjQ1ODRICVgEaLUBiAEBmAEzuAEHyAEM2AED6AEB-AEBiAIBqAIBuAL2i8LTBsACAdICJDM2N2ZjNzMzLWQxZjMtNGIzYy1hNzk4LTM5NDA5M2M3YTk2OdgCAeACAQ&ucfs=1&arphpl=1&checkin=2026-08-06&checkout=2026-08-07&dest_id=-2764584&dest_type=city&group_adults=2&req_adults=2&no_rooms=1&group_children=0&req_children=0&hpos=25&hapos=324&sr_order=popularity&srpvid=440f55fbd93f0178&srepoch=1785759261&all_sr_blocks=1554108601_426565093_2_0_0&highlighted_blocks=1554108601_426565093_2_0_0&matching_block_id=1554108601_426565093_2_0_0&sr_pri_blocks=1554108601_426565093_2_0_0__5400000&from=searchresults,54000,,,Karachi,37.3,One-Bedroom Villa,1 double bed,0,1,1,https://cf.bstatic.com/xdata/images/hotel/square240/800360801.webp?k=40a0d517392416fb77b5032ea38c0904959810a394d07c160208601dfe01a02d&o=,4,Karachi
GULSHAN PALACE Near Agha Khan Hospital Expo Center Airport,https://www.booking.com/hotel/pk/karachi-gulshan-guest-house.en-gb.html?aid=304142&label=gen173nr-10CAQoggJCDWNpdHlfLTI3NjQ1ODRICVgEaLUBiAEBmAEzuAEHyAEM2AED6AEB-AEBiAIBqAIBuAL2i8LTBsACAdICJDM2N2ZjNzMzLWQxZjMtNGIzYy1hNzk4LTM5NDA5M2M3YTk2OdgCAeACAQ&ucfs=1&arphpl=1&checkin=2026-08-06&checkout=2026-08-07&dest_id=-2764584&dest_type=city&group_adults=2&req_adults=2&no_rooms=1&group_children=0&req_children=0&hpos=1&hapos=325&sr_order=popularity&srpvid=440f55fbd93f0178&srepoch=1785759264&all_sr_blocks=957868201_368746535_2_1_0_236023&highlighted_blocks=957868201_368746535_2_1_0_236023&matching_block_id=957868201_368746535_2_1_0_236023&sr_pri_blocks=957868201_368746535_2_1_0_236023_700000&from=searchresults,7000,,,Karachi,7.3,Standard Double Room,1 double bed,1,1,1,https://cf.bstatic.com/xdata/images/hotel/square240/426474469.webp?k=440d0c6a9b693e9f75538c65aa10d77f997e6ed0265f3c8b43301cb44eddf3dd&o=,10,Karachi
Hotel Rooms DHA,https://www.booking.com/hotel/pk/asaish-guest-house.en-gb.html?aid=304142&label=gen173nr-10CAQoggJCDWNpdHlfLTI3NjQ1ODRICVgEaLUBiAEBmAEzuAEHyAEM2AED6AEB-AEBiAIBqAIBuAL2i8LTBsACAdICJDM2N2ZjNzMzLWQxZjMtNGIzYy1hNzk4LTM5NDA5M2M3YTk2OdgCAeACAQ&ucfs=1&arphpl=1&checkin=2026-08-06&checkout=2026-08-07&dest_id=-2764584&dest_type=city&group_adults=2&req_adults=2&no_rooms=1&group_children=0&req_children=0&hpos=2&hapos=326&sr_order=popularity&srpvid=440f55fbd93f0178&srepoch=1785759264&all_sr_blocks=278137701_200735599_2_41_0&highlighted_blocks=278137701_200735599_2_41_0&matching_block_id=278137701_200735599_2_41_0&sr_pri_blocks=278137701_200735599_2_41_0__810000&from=searchresults,8100,6.6,19.0,"D.H.A., Karachi (D.H.A.)",5.3,Deluxe Double Room,1 large double bed,1,1,1,https://cf.bstatic.com/xdata/images/hotel/square240/501225307.webp?k=2a72efbc5c9a8b40c31681d8d3af672c2208c05290709c501de7fd090f463755&o=,10,Karachi
Ghumo - 10BR Villa in Bahadurabad near Aga Khan,https://www.booking.com/hotel/pk/dhoraji-villa.en-gb.html?aid=304142&label=gen173nr-10CAQoggJCDWNpdHlfLTI3NjQ1ODRICVgEaLUBiAEBmAEzuAEHyAEM2AED6AEB-AEBiAIBqAIBuAL2i8LTBsACAdICJDM2N2ZjNzMzLWQxZjMtNGIzYy1hNzk4LTM5NDA5M2M3YTk2OdgCAeACAQ&ucfs=1&arphpl=1&checkin=2026-08-06&checkout=2026-08-07&dest_id=-2764584&dest_type=city&group_adults=2&req_adults=2&no_rooms=1&group_children=0&req_children=0&hpos=3&hapos=327&sr_order=popularity&srpvid=440f55fbd93f0178&srepoch=1785759264&all_sr_blocks=1343575002_431323321_6_0_0&highlighted_blocks=1343575002_431323321_6_0_0&matching_block_id=1343575002_431323321_6_0_0&sr_pri_blocks=1343575002_431323321_6_0_0__9500000&from=searchresults,95000,8.8,5.0,Karachi,3.5,Villa with Garden View,"22 beds (1 single, 6 doubles, 12 sofa beds, 3 large doubles)",0,0,1,https://cf.bstatic.com/xdata/images/hotel/square240/846009062.webp?k=8a9156325c55cf66c6166a7333f64c437c13dd63f479d987cb9002e99f0b87eb&o=,4,Karachi
White Lotus Corporate Business Boutique Gulshan Iqbal Karachi,https://www.booking.com/hotel/pk/white-lotus-corporate-business-boutique-gulshan-iqbal-karachi.en-gb.html?aid=304142&label=gen173nr-10CAQoggJCDWNpdHlfLTI3NjQ1ODRICVgEaLUBiAEBmAEzuAEHyAEM2AED6AEB-AEBiAIBqAIBuAL2i8LTBsACAdICJDM2N2ZjNzMzLWQxZjMtNGIzYy1hNzk4LTM5NDA5M2M3YTk2OdgCAeACAQ&ucfs=1&arphpl=1&checkin=2026-08-06&checkout=2026-08-07&dest_id=-2764584&dest_type=city&group_adults=2&req_adults=2&no_rooms=1&group_children=0&req_children=0&hpos=4&hapos=328&sr_order=popularity&srpvid=440f55fbd93f0178&srepoch=1785759264&all_sr_blocks=1215018201_393712822_2_0_0&highlighted_blocks=1215018201_393712822_2_0_0&matching_block_id=1215018201_393712822_2_0_0&sr_pri_blocks=1215018201_393712822_2_0_0__2280000&from=searchresults,22800,,,Karachi,7.5,Two-Bedroom House,"3 beds (1 single, 1 double, 1 extra-large double)",0,1,1,https://cf.bstatic.com/xdata/images/hotel/square240/590856193.webp?k=ba07b66e4c1ed5d6dad1c82a65b41b6e28a24594ae777073d0c09e3eb551b43d&o=,5,Karachi
Luxury 3 bedroom apartment by the sea,https://www.booking.com/hotel/pk/luxury-3-bedroom-apartment-by-the-sea.en-gb.html?aid=304142&label=gen173nr-10CAQoggJCDWNpdHlfLTI3NjQ1ODRICVgEaLUBiAEBmAEzuAEHyAEM2AED6AEB-AEBiAIBqAIBuAL2i8LTBsACAdICJDM2N2ZjNzMzLWQxZjMtNGIzYy1hNzk4LTM5NDA5M2M3YTk2OdgCAeACAQ&ucfs=1&arphpl=1&checkin=2026-08-06&checkout=2026-08-07&dest_id=-2764584&dest_type=city&group_adults=2&req_adults=2&no_rooms=1&group_children=0&req_children=0&hpos=5&hapos=329&sr_order=popularity&srpvid=440f55fbd93f0178&srepoch=1785759264&all_sr_blocks=1402747001_412095790_8_0_0&highlighted_blocks=1402747001_412095790_8_0_0&matching_block_id=1402747001_412095790_8_0_0&sr_pri_blocks=1402747001_412095790_8_0_0__12000000&from=searchresults,120000,,,"D.H.A., Karachi (D.H.A.)",13.1,One-Bedroom Apartment,"4 beds (3 doubles, 1 sofa bed)",0,1,1,https://cf.bstatic.com/xdata/images/hotel/square240/675840389.webp?k=d62ead7c2bd2361952b1fcd6bdd59c52f19da297a169286e3d0ebe6c1f82c264&o=,4,Karachi
Gulshan Guest House Gulberg Town,https://www.booking.com/hotel/pk/gulshan-guest-house-karachi.en-gb.html?aid=304142&label=gen173nr-10CAQoggJCDWNpdHlfLTI3NjQ1ODRICVgEaLUBiAEBmAEzuAEHyAEM2AED6AEB-AEBiAIBqAIBuAL2i8LTBsACAdICJDM2N2ZjNzMzLWQxZjMtNGIzYy1hNzk4LTM5NDA5M2M3YTk2OdgCAeACAQ&ucfs=1&arphpl=1&checkin=2026-08-06&checkout=2026-08-07&dest_id=-2764584&dest_type=city&group_adults=2&req_adults=2&no_rooms=1&group_children=0&req_children=0&hpos=6&hapos=330&sr_order=popularity&srpvid=440f55fbd93f0178&srepoch=1785759264&all_sr_blocks=797669502_339968758_2_2_0&highlighted_blocks=797669502_339968758_2_2_0&matching_block_id=797669502_339968758_2_2_0&sr_pri_blocks=797669502_339968758_2_2_0__800000&from=searchresults,8000,3.0,8.0,Karachi,8.1,Deluxe Double Room with Bath,1 double bed,0,1,1,https://cf.bstatic.com/xdata/images/hotel/square240/335093433.webp?k=0c333a4adca29c99baaff22aa436a553a08a9463e7f111a7172546543a0b61e6&o=,4,Karachi
Guest Pick-Up & Drop-Off Service,https://www.booking.com/hotel/pk/guest-pick-up-amp-drop-off-service.en-gb.html?aid=304142&label=gen173nr-10CAQoggJCDWNpdHlfLTI3NjQ1ODRICVgEaLUBiAEBmAEzuAEHyAEM2AED6AEB-AEBiAIBqAIBuAL2i8LTBsACAdICJDM2N2ZjNzMzLWQxZjMtNGIzYy1hNzk4LTM5NDA5M2M3YTk2OdgCAeACAQ&ucfs=1&arphpl=1&checkin=2026-08-06&checkout=2026-08-07&dest_id=-2764584&dest_type=city&group_adults=2&req_adults=2&no_rooms=1&group_children=0&req_children=0&hpos=7&hapos=331&sr_order=popularity&srpvid=440f55fbd93f0178&srepoch=1785759264&all_sr_blocks=1617118601_432566249_4_0_0&highlighted_blocks=1617118601_432566249_4_0_0&matching_block_id=1617118601_432566249_4_0_0&sr_pri_blocks=1617118601_432566249_4_0_0__1600000&from=searchresults,16000,,,"PECHS, Karachi",1.3,One-Bedroom Apartment,1 double bed,0,1,1,https://cf.bstatic.com/xdata/images/hotel/square240/851650867.webp?k=d9353b33c32d5c33b436daa409e49e49e95ddfec255cf40f6ff56c74fc5b2789&o=,4,Karachi
Mohalla Rooftop Retreat,https://www.booking.com/hotel/pk/mohalla-rooftop-retreat.en-gb.html?aid=304142&label=gen173nr-10CAQoggJCDWNpdHlfLTI3NjQ1ODRICVgEaLUBiAEBmAEzuAEHyAEM2AED6AEB-AEBiAIBqAIBuAL2i8LTBsACAdICJDM2N2ZjNzMzLWQxZjMtNGIzYy1hNzk4LTM5NDA5M2M3YTk2OdgCAeACAQ&ucfs=1&arphpl=1&checkin=2026-08-06&checkout=2026-08-07&dest_id=-2764584&dest_type=city&group_adults=2&req_adults=2&no_rooms=1&group_children=0&req_children=0&hpos=8&hapos=332&sr_order=popularity&srpvid=440f55fbd93f0178&srepoch=1785759264&all_sr_blocks=1169447601_389510494_0_42_0&highlighted_blocks=1169447601_389510494_0_42_0&matching_block_id=1169447601_389510494_0_42_0&sr_pri_blocks=1169447601_389510494_0_42_0__742500&from=searchresults,7425,9.6,7.0,Karachi,10.8,Deluxe King Suite,1 extra-large double bed,0,0,0,https://cf.bstatic.com/xdata/images/hotel/square240/582463359.webp?k=3b0f8d8e8698f959f5664d03c3a0af0d59815f4393eadc88c8cfabb9651e26e0&o=,10,Karachi
Studio Apt with Ac near the airport Gulistan e joher block 8,https://www.booking.com/hotel/pk/room-for-travelers-with-ac-near-the-airport.en-gb.html?aid=304142&label=gen173nr-10CAQoggJCDWNpdHlfLTI3NjQ1ODRICVgEaLUBiAEBmAEzuAEHyAEM2AED6AEB-AEBiAIBqAIBuAL2i8LTBsACAdICJDM2N2ZjNzMzLWQxZjMtNGIzYy1hNzk4LTM5NDA5M2M3YTk2OdgCAeACAQ&ucfs=1&arphpl=1&checkin=2026-08-06&checkout=2026-08-07&dest_id=-2764584&dest_type=city&group_adults=2&req_adults=2&no_rooms=1&group_children=0&req_children=0&hpos=9&hapos=333&sr_order=popularity&srpvid=440f55fbd93f0178&srepoch=1785759264&all_sr_blocks=1459810701_417298265_2_0_0&highlighted_blocks=1459810701_417298265_2_0_0&matching_block_id=1459810701_417298265_2_0_0&sr_pri_blocks=1459810701_417298265_2_0_0__500000&from=searchresults,5000,,,Karachi,12.9,One-Bedroom Apartment,"2 beds (1 extra-large double, 1 futon)",0,1,1,https://cf.bstatic.com/xdata/images/hotel/square240/716222628.webp?k=334c74c501bd9b0037d61b977c1c68d8024e4a54650896a97ca0ff580ae0f879&o=,5,Karachi
The Residence,https://www.booking.com/hotel/pk/the-residence-karachi.en-gb.html?aid=304142&label=gen173nr-10CAQoggJCDWNpdHlfLTI3NjQ1ODRICVgEaLUBiAEBmAEzuAEHyAEM2AED6AEB-AEBiAIBqAIBuAL2i8LTBsACAdICJDM2N2ZjNzMzLWQxZjMtNGIzYy1hNzk4LTM5NDA5M2M3YTk2OdgCAeACAQ&ucfs=1&arphpl=1&checkin=2026-08-06&checkout=2026-08-07&dest_id=-2764584&dest_type=city&group_adults=2&req_adults=2&no_rooms=1&group_children=0&req_children=0&hpos=10&hapos=334&sr_order=popularity&srpvid=440f55fbd93f0178&srepoch=1785759264&all_sr_blocks=1608014101_431721125_2_0_0&highlighted_blocks=1608014101_431721125_2_0_0&matching_block_id=1608014101_431721125_2_0_0&sr_pri_blocks=1608014101_431721125_2_0_0__3000000&from=searchresults,30000,,,Karachi,8.9,Double Room with Private Bathroom,1 large double bed,0,1,1,https://cf.bstatic.com/xdata/images/hotel/square240/844122576.webp?k=a7fe0a66246678a9bc6ebb3c020a1786239bd89a4a514ba1029ab7538f05f32b&o=,4,Karachi
Grand Fort Boutique Hotel Dha,https://www.booking.com/hotel/pk/grand-fort-boutique-dha.en-gb.html?aid=304142&label=gen173nr-10CAQoggJCDWNpdHlfLTI3NjQ1ODRICVgEaLUBiAEBmAEzuAEHyAEM2AED6AEB-AEBiAIBqAIBuAL2i8LTBsACAdICJDM2N2ZjNzMzLWQxZjMtNGIzYy1hNzk4LTM5NDA5M2M3YTk2OdgCAeACAQ&ucfs=1&arphpl=1&checkin=2026-08-06&checkout=2026-08-07&dest_id=-2764584&dest_type=city&group_adults=2&req_adults=2&no_rooms=1&group_children=0&req_children=0&hpos=11&hapos=335&sr_order=popularity&srpvid=440f55fbd93f0178&srepoch=1785759264&all_sr_blocks=1358163801_408149486_2_1_0&highlighted_blocks=1358163801_408149486_2_1_0&matching_block_id=1358163801_408149486_2_1_0&sr_pri_blocks=1358163801_408149486_2_1_0__1400000&from=searchresults,14000,,,"D.H.A., Karachi (D.H.A.)",4.8,Double Room,1 double bed,1,1,1,https://cf.bstatic.com/xdata/images/hotel/square240/646223771.webp?k=20efdaf211568037606e49ec594a9b9a851ae75d5bb6bae83710b50cd54a965c&o=,8,Karachi
The Grey House,https://www.booking.com/hotel/pk/the-grey-house-karachi.en-gb.html?aid=304142&label=gen173nr-10CAQoggJCDWNpdHlfLTI3NjQ1ODRICVgEaLUBiAEBmAEzuAEHyAEM2AED6AEB-AEBiAIBqAIBuAL2i8LTBsACAdICJDM2N2ZjNzMzLWQxZjMtNGIzYy1hNzk4LTM5NDA5M2M3YTk2OdgCAeACAQ&ucfs=1&arphpl=1&checkin=2026-08-06&checkout=2026-08-07&dest_id=-2764584&dest_type=city&group_adults=2&req_adults=2&no_rooms=1&group_children=0&req_children=0&hpos=12&hapos=336&sr_order=popularity&srpvid=440f55fbd93f0178&srepoch=1785759264&all_sr_blocks=1604485601_431387496_12_1_0&highlighted_blocks=1604485601_431387496_12_1_0&matching_block_id=1604485601_431387496_12_1_0&sr_pri_blocks=1604485601_431387496_12_1_0__3500000&from=searchresults,35000,,,Karachi,5.7,Apartment,2 extra-large double beds,1,1,1,https://cf.bstatic.com/xdata/images/hotel/square240/841537040.webp?k=67987bb3bc75b67eaf043598b4db0049542d625b4c09735c377b0725a8ebeff8&o=,4,Karachi
Seharcation,https://www.booking.com/hotel/pk/seharcation.en-gb.html?aid=304142&label=gen173nr-10CAQoggJCDWNpdHlfLTI3NjQ1ODRICVgEaLUBiAEBmAEzuAEHyAEM2AED6AEB-AEBiAIBqAIBuAL2i8LTBsACAdICJDM2N2ZjNzMzLWQxZjMtNGIzYy1hNzk4LTM5NDA5M2M3YTk2OdgCAeACAQ&ucfs=1&arphpl=1&checkin=2026-08-06&checkout=2026-08-07&dest_id=-2764584&dest_type=city&group_adults=2&req_adults=2&no_rooms=1&group_children=0&req_children=0&hpos=13&hapos=337&sr_order=popularity&srpvid=440f55fbd93f0178&srepoch=1785759264&all_sr_blocks=1427687101_414345657_2_0_0&highlighted_blocks=1427687101_414345657_2_0_0&matching_block_id=1427687101_414345657_2_0_0&sr_pri_blocks=1427687101_414345657_2_0_0__1600000&from=searchresults,16000,,,"D.H.A., Karachi (D.H.A.)",6.2,Deluxe Double Room with Balcony,1 extra-large double bed,0,1,1,https://cf.bstatic.com/xdata/images/hotel/square240/690973587.webp?k=c6d96c2bf109c65161f24776411129437845f30ba4692ee454fb46258fd0159e&o=,5,Karachi
Landing Point Residency Near Jinnah International Airport Karachi,https://www.booking.com/hotel/pk/landing-point-residency.en-gb.html?aid=304142&label=gen173nr-10CAQoggJCDWNpdHlfLTI3NjQ1ODRICVgEaLUBiAEBmAEzuAEHyAEM2AED6AEB-AEBiAIBqAIBuAL2i8LTBsACAdICJDM2N2ZjNzMzLWQxZjMtNGIzYy1hNzk4LTM5NDA5M2M3YTk2OdgCAeACAQ&ucfs=1&arphpl=1&checkin=2026-08-06&checkout=2026-08-07&dest_id=-2764584&dest_type=city&group_adults=2&req_adults=2&no_rooms=1&group_children=0&req_children=0&hpos=14&hapos=338&sr_order=popularity&srpvid=440f55fbd93f0178&srepoch=1785759264&all_sr_blocks=1657666501_439523158_4_0_0&highlighted_blocks=1657666501_439523158_4_0_0&matching_block_id=1657666501_439523158_4_0_0&sr_pri_blocks=1657666501_439523158_4_0_0__1500000&from=searchresults,15000,,,Karachi,14.1,One-Bedroom Apartment,"3 beds (2 doubles, 1 sofa bed)",0,1,1,https://cf.bstatic.com/xdata/images/hotel/square240/887044827.webp?k=480d2956dba79b5387772f10fc375b8da9454929c3304cddc61731abbacf176e&o=,5,Karachi
Studio Apartment near Shahrae Faisal,https://www.booking.com/hotel/pk/studio-apartment-near-shahrae-faisal.en-gb.html?aid=304142&label=gen173nr-10CAQoggJCDWNpdHlfLTI3NjQ1ODRICVgEaLUBiAEBmAEzuAEHyAEM2AED6AEB-AEBiAIBqAIBuAL2i8LTBsACAdICJDM2N2ZjNzMzLWQxZjMtNGIzYy1hNzk4LTM5NDA5M2M3YTk2OdgCAeACAQ&ucfs=1&arphpl=1&checkin=2026-08-06&checkout=2026-08-07&dest_id=-2764584&dest_type=city&group_adults=2&req_adults=2&no_rooms=1&group_children=0&req_children=0&hpos=15&hapos=339&sr_order=popularity&srpvid=440f55fbd93f0178&srepoch=1785759264&all_sr_blocks=1407757801_412552673_2_0_0&highlighted_blocks=1407757801_412552673_2_0_0&matching_block_id=1407757801_412552673_2_0_0&sr_pri_blocks=1407757801_412552673_2_0_0__800000&from=searchresults,8000,,,"PECHS, Karachi",1.8,One-Bedroom Apartment,1 double bed,0,1,1,https://cf.bstatic.com/xdata/images/hotel/square240/678896553.webp?k=fb278f9962135e6d6c4832ef2c641ac0108790173319ffe15d551d2e6a4bce27&o=,4,Karachi
Fully furnished paying guest room,https://www.booking.com/hotel/pk/fully-furnished-paying-guest-room-karachi.en-gb.html?aid=304142&label=gen173nr-10CAQoggJCDWNpdHlfLTI3NjQ1ODRICVgEaLUBiAEBmAEzuAEHyAEM2AED6AEB-AEBiAIBqAIBuAL2i8LTBsACAdICJDM2N2ZjNzMzLWQxZjMtNGIzYy1hNzk4LTM5NDA5M2M3YTk2OdgCAeACAQ&ucfs=1&arphpl=1&checkin=2026-08-06&checkout=2026-08-07&dest_id=-2764584&dest_type=city&group_adults=2&req_adults=2&no_rooms=1&group_children=0&req_children=0&hpos=16&hapos=340&sr_order=popularity&srpvid=440f55fbd93f0178&srepoch=1785759264&all_sr_blocks=1591991201_430420866_2_1_0&highlighted_blocks=1591991201_430420866_2_1_0&matching_block_id=1591991201_430420866_2_1_0&sr_pri_blocks=1591991201_430420866_2_1_0__520000&from=searchresults,5200,,,Karachi,14.6,Deluxe Double Room,1 extra-large double bed,1,1,1,https://cf.bstatic.com/xdata/images/hotel/square240/885002694.webp?k=8ddb0ddad42dc7f388dbb97fc801defd4dada3297c22693e191433333733e12c&o=,5,Karachi
Owais comforts furnished place,https://www.booking.com/hotel/pk/owais-comforts-furnished-place.en-gb.html?aid=304142&label=gen173nr-10CAQoggJCDWNpdHlfLTI3NjQ1ODRICVgEaLUBiAEBmAEzuAEHyAEM2AED6AEB-AEBiAIBqAIBuAL2i8LTBsACAdICJDM2N2ZjNzMzLWQxZjMtNGIzYy1hNzk4LTM5NDA5M2M3YTk2OdgCAeACAQ&ucfs=1&arphpl=1&checkin=2026-08-06&checkout=2026-08-07&dest_id=-2764584&dest_type=city&group_adults=2&req_adults=2&no_rooms=1&group_children=0&req_children=0&hpos=17&hapos=341&sr_order=popularity&srpvid=440f55fbd93f0178&srepoch=1785759264&all_sr_blocks=1577760501_428884601_2_0_0&highlighted_blocks=1577760501_428884601_2_0_0&matching_block_id=1577760501_428884601_2_0_0&sr_pri_blocks=1577760501_428884601_2_0_0__1400000&from=searchresults,14000,,,Karachi,4.4,Twin Room,2 extra-large double beds,0,1,1,https://cf.bstatic.com/xdata/images/hotel/square240/819956266.webp?k=1ac18bc0ff0ca759723c2db8cde0ef8c3ca24388ff62d25bfd5891a293e7a1f6&o=,4,Karachi
Cosy Inn Guest House Near Liaquat Nat Hospital,https://www.booking.com/hotel/pk/new-palace.en-gb.html?aid=304142&label=gen173nr-10CAQoggJCDWNpdHlfLTI3NjQ1ODRICVgEaLUBiAEBmAEzuAEHyAEM2AED6AEB-AEBiAIBqAIBuAL2i8LTBsACAdICJDM2N2ZjNzMzLWQxZjMtNGIzYy1hNzk4LTM5NDA5M2M3YTk2OdgCAeACAQ&ucfs=1&arphpl=1&checkin=2026-08-06&checkout=2026-08-07&dest_id=-2764584&dest_type=city&group_adults=2&req_adults=2&no_rooms=1&group_children=0&req_children=0&hpos=18&hapos=342&sr_order=popularity&srpvid=440f55fbd93f0178&srepoch=1785759264&all_sr_blocks=790563108_384456483_2_1_0&highlighted_blocks=790563108_384456483_2_1_0&matching_block_id=790563108_384456483_2_1_0&sr_pri_blocks=790563108_384456483_2_1_0__780000&from=searchresults,7800,7.4,5.0,"Gulshan-E-Jamal, Karachi",7.4,Deluxe Double Room,1 double bed,1,1,0,https://cf.bstatic.com/xdata/images/hotel/square240/409184828.webp?k=8b44191631eb5fbeade1a797746a5d52e04a2b9986fe167cb167e4ecd7b9a21f&o=,9,Karachi
The Moon Palace,https://www.booking.com/hotel/pk/the-moon-palace.en-gb.html?aid=304142&label=gen173nr-10CAQoggJCDWNpdHlfLTI3NjQ1ODRICVgEaLUBiAEBmAEzuAEHyAEM2AED6AEB-AEBiAIBqAIBuAL2i8LTBsACAdICJDM2N2ZjNzMzLWQxZjMtNGIzYy1hNzk4LTM5NDA5M2M3YTk2OdgCAeACAQ&ucfs=1&arphpl=1&checkin=2026-08-06&checkout=2026-08-07&dest_id=-2764584&dest_type=city&group_adults=2&req_adults=2&no_rooms=1&group_children=0&req_children=0&hpos=19&hapos=343&sr_order=popularity&srpvid=440f55fbd93f0178&srepoch=1785759264&all_sr_blocks=1633354202_433803889_2_1_0&highlighted_blocks=1633354202_433803889_2_1_0&matching_block_id=1633354202_433803889_2_1_0&sr_pri_blocks=1633354202_433803889_2_1_0__899900&from=searchresults,8999,,,"Clifton, Karachi",4.6,Double Room,1 double bed,1,1,1,https://cf.bstatic.com/xdata/images/hotel/square240/863108495.webp?k=8d391fd1c3baa7ec59fd8969ca8a1afae3b0c4912cfaf69ce455808dc5b08d3e&o=,5,Karachi
Hotel Elegant Near Karachi Expo Center and Agha Khan,https://www.booking.com/hotel/pk/askari-apartment.en-gb.html?aid=304142&label=gen173nr-10CAQoggJCDWNpdHlfLTI3NjQ1ODRICVgEaLUBiAEBmAEzuAEHyAEM2AED6AEB-AEBiAIBqAIBuAL2i8LTBsACAdICJDM2N2ZjNzMzLWQxZjMtNGIzYy1hNzk4LTM5NDA5M2M3YTk2OdgCAeACAQ&ucfs=1&arphpl=1&checkin=2026-08-06&checkout=2026-08-07&dest_id=-2764584&dest_type=city&group_adults=2&req_adults=2&no_rooms=1&group_children=0&req_children=0&hpos=20&hapos=344&sr_order=popularity&srpvid=440f55fbd93f0178&srepoch=1785759264&all_sr_blocks=596936207_335415484_2_2_0&highlighted_blocks=596936207_335415484_2_2_0&matching_block_id=596936207_335415484_2_2_0&sr_pri_blocks=596936207_335415484_2_2_0__750000&from=searchresults,7500,,,Karachi,6.1,Deluxe Double Room,1 double bed,0,1,0,https://cf.bstatic.com/xdata/images/hotel/square240/284647723.webp?k=155d36fd5ac0fda9852b0a556ba2aeaa16da0cd11cbb4e902b0858350137c475&o=,9,Karachi
Galaxy Residency Family Guest House,https://www.booking.com/hotel/pk/villa-bnb-karachi.en-gb.html?aid=304142&label=gen173nr-10CAQoggJCDWNpdHlfLTI3NjQ1ODRICVgEaLUBiAEBmAEzuAEHyAEM2AED6AEB-AEBiAIBqAIBuAL2i8LTBsACAdICJDM2N2ZjNzMzLWQxZjMtNGIzYy1hNzk4LTM5NDA5M2M3YTk2OdgCAeACAQ&ucfs=1&arphpl=1&checkin=2026-08-06&checkout=2026-08-07&dest_id=-2764584&dest_type=city&group_adults=2&req_adults=2&no_rooms=1&group_children=0&req_children=0&hpos=21&hapos=345&sr_order=popularity&srpvid=440f55fbd93f0178&srepoch=1785759264&all_sr_blocks=1456539103_416951332_0_2_0&highlighted_blocks=1456539103_416951332_0_2_0&matching_block_id=1456539103_416951332_0_2_0&sr_pri_blocks=1456539103_416951332_0_2_0__650000&from=searchresults,6500,,,"Gulshan-E-Jamal, Karachi",7.4,Superior Double Room,1 extra-large double bed,0,1,1,https://cf.bstatic.com/xdata/images/hotel/square240/773270210.webp?k=bf753ff1bce53ba8499223368f1240cba396f787607ea6de7c6e8985fb9fb533&o=,4,Karachi
BeachView APT 3BHK near Dolmen Mall,https://www.booking.com/hotel/pk/beachview-apt-3bhk-near-dolmen-mall.en-gb.html?aid=304142&label=gen173nr-10CAQoggJCDWNpdHlfLTI3NjQ1ODRICVgEaLUBiAEBmAEzuAEHyAEM2AED6AEB-AEBiAIBqAIBuAL2i8LTBsACAdICJDM2N2ZjNzMzLWQxZjMtNGIzYy1hNzk4LTM5NDA5M2M3YTk2OdgCAeACAQ&ucfs=1&arphpl=1&checkin=2026-08-06&checkout=2026-08-07&dest_id=-2764584&dest_type=city&group_adults=2&req_adults=2&no_rooms=1&group_children=0&req_children=0&hpos=22&hapos=346&sr_order=popularity&srpvid=440f55fbd93f0178&srepoch=1785759264&all_sr_blocks=1335707401_406030442_2_0_0&highlighted_blocks=1335707401_406030442_2_0_0&matching_block_id=1335707401_406030442_2_0_0&sr_pri_blocks=1335707401_406030442_2_0_0__2400000&from=searchresults,24000,,,"Clifton, Karachi",7.3,Three-Bedroom Apartment,"2 beds (1 single, 1 extra-large double)",0,1,1,https://cf.bstatic.com/xdata/images/hotel/square240/632319521.webp?k=7c1f61cc0894497ff2491993caa80d87057da8dbe51886f06dfe10f98769dd23&o=,5,Karachi
Joher Rooftop Haven-2BR Penthouse in Gulistan e Joher Blk 14,https://www.booking.com/hotel/pk/elegant-2-bedrooms-penthouse-in-gulistan-e-joher.en-gb.html?aid=304142&label=gen173nr-10CAQoggJCDWNpdHlfLTI3NjQ1ODRICVgEaLUBiAEBmAEzuAEHyAEM2AED6AEB-AEBiAIBqAIBuAL2i8LTBsACAdICJDM2N2ZjNzMzLWQxZjMtNGIzYy1hNzk4LTM5NDA5M2M3YTk2OdgCAeACAQ&ucfs=1&arphpl=1&checkin=2026-08-06&checkout=2026-08-07&dest_id=-2764584&dest_type=city&group_adults=2&req_adults=2&no_rooms=1&group_children=0&req_children=0&hpos=23&hapos=347&sr_order=popularity&srpvid=440f55fbd93f0178&srepoch=1785759264&all_sr_blocks=1278103301_400722876_4_0_0&highlighted_blocks=1278103301_400722876_4_0_0&matching_block_id=1278103301_400722876_4_0_0&sr_pri_blocks=1278103301_400722876_4_0_0__1575000&from=searchresults,15750,10,4.0,Karachi,9.7,Two-Bedroom Apartment,2 extra-large double beds,0,1,1,https://cf.bstatic.com/xdata/images/hotel/square240/596031280.webp?k=29d59c2c5462733279c1961f14448834cb104da5d01cceb5dd9101c8ea9555c1&o=,13,Karachi
Karachi Family Guest House,https://www.booking.com/hotel/pk/gulshan-sweet-one.en-gb.html?aid=304142&label=gen173nr-10CAQoggJCDWNpdHlfLTI3NjQ1ODRICVgEaLUBiAEBmAEzuAEHyAEM2AED6AEB-AEBiAIBqAIBuAL2i8LTBsACAdICJDM2N2ZjNzMzLWQxZjMtNGIzYy1hNzk4LTM5NDA5M2M3YTk2OdgCAeACAQ&ucfs=1&arphpl=1&checkin=2026-08-06&checkout=2026-08-07&dest_id=-2764584&dest_type=city&group_adults=2&req_adults=2&no_rooms=1&group_children=0&req_children=0&hpos=24&hapos=348&sr_order=popularity&srpvid=440f55fbd93f0178&srepoch=1785759264&all_sr_blocks=1446250401_416009756_2_0_0&highlighted_blocks=1446250401_416009756_2_0_0&matching_block_id=1446250401_416009756_2_0_0&sr_pri_blocks=1446250401_416009756_2_0_0__388900&from=searchresults,3889,1.5,4.0,Karachi,7.2,Double Room,2 double beds,0,1,1,https://cf.bstatic.com/xdata/images/hotel/square240/720359497.webp?k=c53d631dca0fa66b519192e608a7a904059f892a63e9c2687e54111fb0e017b1&o=,10,Karachi
PECHS Guest House main shahra e Faisal Delhi sweets,https://www.booking.com/hotel/pk/pechs-guest-house-main-shahra-e-faisal-delhi-sweets.en-gb.html?aid=304142&label=gen173nr-10CAQoggJCDWNpdHlfLTI3NjQ1ODRICVgEaLUBiAEBmAEzuAEHyAEM2AED6AEB-AEBiAIBqAIBuAL2i8LTBsACAdICJDM2N2ZjNzMzLWQxZjMtNGIzYy1hNzk4LTM5NDA5M2M3YTk2OdgCAeACAQ&ucfs=1&arphpl=1&checkin=2026-08-06&checkout=2026-08-07&dest_id=-2764584&dest_type=city&group_adults=2&req_adults=2&no_rooms=1&group_children=0&req_children=0&hpos=25&hapos=349&sr_order=popularity&srpvid=440f55fbd93f0178&srepoch=1785759264&all_sr_blocks=1560065101_427112129_2_2_0&highlighted_blocks=1560065101_427112129_2_2_0&matching_block_id=1560065101_427112129_2_2_0&sr_pri_blocks=1560065101_427112129_2_2_0__600000&from=searchresults,6000,,,"PECHS, Karachi",1.3,Double Room,1 extra-large double bed,0,1,1,https://cf.bstatic.com/xdata/images/hotel/square240/817948695.webp?k=ad72be295bf9ba514e0c66ebdc6123864419db2173f3ad5236ee73e0eed9eebe&o=,4,Karachi
Beautifuls villa families friend in stay the heart of Bahria TV inflex good,https://www.booking.com/hotel/pk/beautiful-house-in-the-heart-of-bahria-tv-inflex.en-gb.html?aid=304142&label=gen173nr-10CAQoggJCDWNpdHlfLTI3NjQ1ODRICVgEaLUBiAEBmAEzuAEHyAEM2AED6AEB-AEBiAIBqAIBuAL2i8LTBsACAdICJDM2N2ZjNzMzLWQxZjMtNGIzYy1hNzk4LTM5NDA5M2M3YTk2OdgCAeACAQ&ucfs=1&arphpl=1&checkin=2026-08-06&checkout=2026-08-07&dest_id=-2764584&dest_type=city&group_adults=2&req_adults=2&no_rooms=1&group_children=0&req_children=0&hpos=1&hapos=350&sr_order=popularity&srpvid=440f55fbd93f0178&srepoch=1785759267&all_sr_blocks=1395699601_411477948_3_0_0&highlighted_blocks=1395699601_411477948_3_0_0&matching_block_id=1395699601_411477948_3_0_0&sr_pri_blocks=1395699601_411477948_3_0_0__783000&from=searchresults,7830,,,Karachi,8.6,One-Bedroom Apartment,"2 beds (1 double, 1 sofa bed)",0,1,1,https://cf.bstatic.com/xdata/images/hotel/square240/671673381.webp?k=f4d4f0da47fa4c6223009dbeb0664ad2a358b4d450166186752dc0e724f0a74a&o=,4,Karachi
Umbrella Stays,https://www.booking.com/hotel/pk/umbrella-stays.en-gb.html?aid=304142&label=gen173nr-10CAQoggJCDWNpdHlfLTI3NjQ1ODRICVgEaLUBiAEBmAEzuAEHyAEM2AED6AEB-AEBiAIBqAIBuAL2i8LTBsACAdICJDM2N2ZjNzMzLWQxZjMtNGIzYy1hNzk4LTM5NDA5M2M3YTk2OdgCAeACAQ&ucfs=1&arphpl=1&checkin=2026-08-06&checkout=2026-08-07&dest_id=-2764584&dest_type=city&group_adults=2&req_adults=2&no_rooms=1&group_children=0&req_children=0&hpos=2&hapos=351&sr_order=popularity&srpvid=440f55fbd93f0178&srepoch=1785759267&all_sr_blocks=1508083601_422557352_2_0_0&highlighted_blocks=1508083601_422557352_2_0_0&matching_block_id=1508083601_422557352_2_0_0&sr_pri_blocks=1508083601_422557352_2_0_0__900000&from=searchresults,9000,,,"D.H.A., Karachi (D.H.A.)",9.6,Double Room with Balcony,1 double bed,0,1,1,https://cf.bstatic.com/xdata/images/hotel/square240/761163248.webp?k=ced8e7c40b1abecbf2fafc77d9b0fed737ae9aa9892209456f3489cabcdefa9f&o=,5,Karachi
Subhan Palace Family Guest House,https://www.booking.com/hotel/pk/subhan-palace-karachi.en-gb.html?aid=304142&label=gen173nr-10CAQoggJCDWNpdHlfLTI3NjQ1ODRICVgEaLUBiAEBmAEzuAEHyAEM2AED6AEB-AEBiAIBqAIBuAL2i8LTBsACAdICJDM2N2ZjNzMzLWQxZjMtNGIzYy1hNzk4LTM5NDA5M2M3YTk2OdgCAeACAQ&ucfs=1&arphpl=1&checkin=2026-08-06&checkout=2026-08-07&dest_id=-2764584&dest_type=city&group_adults=2&req_adults=2&no_rooms=1&group_children=0&req_children=0&hpos=3&hapos=352&sr_order=popularity&srpvid=440f55fbd93f0178&srepoch=1785759267&all_sr_blocks=920732303_0_2_1_0&highlighted_blocks=920732303_0_2_1_0&matching_block_id=920732303_0_2_1_0&sr_pri_blocks=920732303_0_2_1_0__518802&from=searchresults,5188,5.0,1.0,Karachi,7.3,,,0,0,0,https://cf.bstatic.com/xdata/images/hotel/square240/682427624.webp?k=43b94c6c9e2225cba5f0efabb70848cdf4ce6025fc36b0a96e0aa8ef09bd9988&o=,8,Karachi
Apartment star Residence,https://www.booking.com/hotel/pk/star-residence.en-gb.html?aid=304142&label=gen173nr-10CAQoggJCDWNpdHlfLTI3NjQ1ODRICVgEaLUBiAEBmAEzuAEHyAEM2AED6AEB-AEBiAIBqAIBuAL2i8LTBsACAdICJDM2N2ZjNzMzLWQxZjMtNGIzYy1hNzk4LTM5NDA5M2M3YTk2OdgCAeACAQ&ucfs=1&arphpl=1&checkin=2026-08-06&checkout=2026-08-07&dest_id=-2764584&dest_type=city&group_adults=2&req_adults=2&no_rooms=1&group_children=0&req_children=0&hpos=4&hapos=353&sr_order=popularity&srpvid=440f55fbd93f0178&srepoch=1785759267&all_sr_blocks=1536780701_425151568_3_0_0&highlighted_blocks=1536780701_425151568_3_0_0&matching_block_id=1536780701_425151568_3_0_0&sr_pri_blocks=1536780701_425151568_3_0_0__1200000&from=searchresults,12000,,,"D.H.A., Karachi (D.H.A.)",4.6,Two-Bedroom Apartment,"4 beds (2 doubles, 2 sofa beds)",0,1,1,https://cf.bstatic.com/xdata/images/hotel/square240/785203501.webp?k=174e54f3d3b00e7f00054c101f730d48d524a053c638d1f1cac7ab72a22258d6&o=,4,Karachi
Furnished 2 bed house,https://www.booking.com/hotel/pk/furnished-2-bed-house.en-gb.html?aid=304142&label=gen173nr-10CAQoggJCDWNpdHlfLTI3NjQ1ODRICVgEaLUBiAEBmAEzuAEHyAEM2AED6AEB-AEBiAIBqAIBuAL2i8LTBsACAdICJDM2N2ZjNzMzLWQxZjMtNGIzYy1hNzk4LTM5NDA5M2M3YTk2OdgCAeACAQ&ucfs=1&arphpl=1&checkin=2026-08-06&checkout=2026-08-07&dest_id=-2764584&dest_type=city&group_adults=2&req_adults=2&no_rooms=1&group_children=0&req_children=0&hpos=5&hapos=354&sr_order=popularity&srpvid=440f55fbd93f0178&srepoch=1785759267&all_sr_blocks=1373844801_409532006_2_0_0&highlighted_blocks=1373844801_409532006_2_0_0&matching_block_id=1373844801_409532006_2_0_0&sr_pri_blocks=1373844801_409532006_2_0_0__900000&from=searchresults,9000,,,Karachi,17.0,Two-Bedroom Apartment,"4 beds (2 doubles, 2 sofa beds)",0,1,1,https://cf.bstatic.com/xdata/images/hotel/square240/655854651.webp?k=66ad1ebaa50cd95d6b5dbd59687c28099e0ff741c381a5f128ea659c9ec90f24&o=,4,Karachi
Comfort & Co Guest House and Hotel Apartment,https://www.booking.com/hotel/pk/red-velvet-karachi.en-gb.html?aid=304142&label=gen173nr-10CAQoggJCDWNpdHlfLTI3NjQ1ODRICVgEaLUBiAEBmAEzuAEHyAEM2AED6AEB-AEBiAIBqAIBuAL2i8LTBsACAdICJDM2N2ZjNzMzLWQxZjMtNGIzYy1hNzk4LTM5NDA5M2M3YTk2OdgCAeACAQ&ucfs=1&arphpl=1&checkin=2026-08-06&checkout=2026-08-07&dest_id=-2764584&dest_type=city&group_adults=2&req_adults=2&no_rooms=1&group_children=0&req_children=0&hpos=6&hapos=355&sr_order=popularity&srpvid=440f55fbd93f0178&srepoch=1785759267&all_sr_blocks=1485728201_420055083_3_0_0&highlighted_blocks=1485728201_420055083_3_0_0&matching_block_id=1485728201_420055083_3_0_0&sr_pri_blocks=1485728201_420055083_3_0_0__810000&from=searchresults,8100,,,Karachi,16.7,One-Bedroom Apartment,"2 beds (1 extra-large double, 1 futon)",0,1,1,https://cf.bstatic.com/xdata/images/hotel/square240/887166460.webp?k=19839a798601969859faf03e3c657b86c5e35ded88fe664712d965e63646506c&o=,4,Karachi
Cozy 2bed Studio Apt at DHA VI - Kh-Bukhari,https://www.booking.com/hotel/pk/cozy-2bed-studio-apt-at-dha-vi-kh-bukhari.en-gb.html?aid=304142&label=gen173nr-10CAQoggJCDWNpdHlfLTI3NjQ1ODRICVgEaLUBiAEBmAEzuAEHyAEM2AED6AEB-AEBiAIBqAIBuAL2i8LTBsACAdICJDM2N2ZjNzMzLWQxZjMtNGIzYy1hNzk4LTM5NDA5M2M3YTk2OdgCAeACAQ&ucfs=1&arphpl=1&checkin=2026-08-06&checkout=2026-08-07&dest_id=-2764584&dest_type=city&group_adults=2&req_adults=2&no_rooms=1&group_children=0&req_children=0&hpos=7&hapos=356&sr_order=popularity&srpvid=440f55fbd93f0178&srepoch=1785759267&all_sr_blocks=1462452701_417552289_4_0_0&highlighted_blocks=1462452701_417552289_4_0_0&matching_block_id=1462452701_417552289_4_0_0&sr_pri_blocks=1462452701_417552289_4_0_0__1440000&from=searchresults,14400,,,"D.H.A., Karachi (D.H.A.)",8.9,One-Bedroom Apartment,"2 beds (1 double, 1 sofa bed)",0,0,0,https://cf.bstatic.com/xdata/images/hotel/square240/719031290.webp?k=c17873623645ffad6c0995a3a2103d08e58e6882bac0b9f9143cfb02778f69cb&o=,12,Karachi
Luxurious & Modern Villa in DHA,https://www.booking.com/hotel/pk/luxurious-amp-modern-villa-in-dha.en-gb.html?aid=304142&label=gen173nr-10CAQoggJCDWNpdHlfLTI3NjQ1ODRICVgEaLUBiAEBmAEzuAEHyAEM2AED6AEB-AEBiAIBqAIBuAL2i8LTBsACAdICJDM2N2ZjNzMzLWQxZjMtNGIzYy1hNzk4LTM5NDA5M2M3YTk2OdgCAeACAQ&ucfs=1&arphpl=1&checkin=2026-08-06&checkout=2026-08-07&dest_id=-2764584&dest_type=city&group_adults=2&req_adults=2&no_rooms=1&group_children=0&req_children=0&hpos=8&hapos=357&sr_order=popularity&srpvid=440f55fbd93f0178&srepoch=1785759267&all_sr_blocks=1376961701_438592412_2_0_0&highlighted_blocks=1376961701_438592412_2_0_0&matching_block_id=1376961701_438592412_2_0_0&sr_pri_blocks=1376961701_438592412_2_0_0__4080000&from=searchresults,40800,,,"D.H.A., Karachi (D.H.A.)",8.1,Deluxe Villa,"6 beds (2 singles, 4 extra-large doubles)",0,0,1,https://cf.bstatic.com/xdata/images/hotel/square240/851684147.webp?k=9896156394b47eeac885338cbbbf18921d219f745adf7b434cba0fd96acfbedf&o=,5,Karachi
Hotel Executive Lodge,https://www.booking.com/hotel/pk/executive-lodge-karachi12.en-gb.html?aid=304142&label=gen173nr-10CAQoggJCDWNpdHlfLTI3NjQ1ODRICVgEaLUBiAEBmAEzuAEHyAEM2AED6AEB-AEBiAIBqAIBuAL2i8LTBsACAdICJDM2N2ZjNzMzLWQxZjMtNGIzYy1hNzk4LTM5NDA5M2M3YTk2OdgCAeACAQ&ucfs=1&arphpl=1&checkin=2026-08-06&checkout=2026-08-07&dest_id=-2764584&dest_type=city&group_adults=2&req_adults=2&no_rooms=1&group_children=0&req_children=0&hpos=9&hapos=358&sr_order=popularity&srpvid=440f55fbd93f0178&srepoch=1785759267&all_sr_blocks=755915302_332428842_2_1_0&highlighted_blocks=755915302_332428842_2_1_0&matching_block_id=755915302_332428842_2_1_0&sr_pri_blocks=755915302_332428842_2_1_0__1249900&from=searchresults,12499,,,Karachi,5.6,Deluxe Double Room,1 double bed,1,0,0,https://cf.bstatic.com/xdata/images/hotel/square240/309983494.webp?k=ef0c71dd5116cd2c66513edf0cc98523d728aabdb1442a3b5b1c01afae564450&o=,6,Karachi
A Cozy Home Sweet Home,https://www.booking.com/hotel/pk/a-cozy-home-sweet-home.en-gb.html?aid=304142&label=gen173nr-10CAQoggJCDWNpdHlfLTI3NjQ1ODRICVgEaLUBiAEBmAEzuAEHyAEM2AED6AEB-AEBiAIBqAIBuAL2i8LTBsACAdICJDM2N2ZjNzMzLWQxZjMtNGIzYy1hNzk4LTM5NDA5M2M3YTk2OdgCAeACAQ&ucfs=1&arphpl=1&checkin=2026-08-06&checkout=2026-08-07&dest_id=-2764584&dest_type=city&group_adults=2&req_adults=2&no_rooms=1&group_children=0&req_children=0&hpos=10&hapos=359&sr_order=popularity&srpvid=440f55fbd93f0178&srepoch=1785759267&all_sr_blocks=1204833501_392706068_4_0_0_576342&highlighted_blocks=1204833501_392706068_4_0_0_576342&matching_block_id=1204833501_392706068_4_0_0_576342&sr_pri_blocks=1204833501_392706068_4_0_0_576342_931500&from=searchresults,9315,,,Karachi,15.5,Two-Bedroom Apartment with Balcony,"3 beds (1 sofa bed, 2 large doubles)",0,1,1,https://cf.bstatic.com/xdata/images/hotel/square240/576206020.webp?k=25d7d15d6eef78866774ea54c53cb909a368cac2f1317829eb923aca63f20be6&o=,5,Karachi
GULSHAN PALACE Near AghaKhanHospital ExpoCenter Airport,https://www.booking.com/hotel/pk/the-family-guest-house.en-gb.html?aid=304142&label=gen173nr-10CAQoggJCDWNpdHlfLTI3NjQ1ODRICVgEaLUBiAEBmAEzuAEHyAEM2AED6AEB-AEBiAIBqAIBuAL2i8LTBsACAdICJDM2N2ZjNzMzLWQxZjMtNGIzYy1hNzk4LTM5NDA5M2M3YTk2OdgCAeACAQ&ucfs=1&arphpl=1&checkin=2026-08-06&checkout=2026-08-07&dest_id=-2764584&dest_type=city&group_adults=2&req_adults=2&no_rooms=1&group_children=0&req_children=0&hpos=11&hapos=360&sr_order=popularity&srpvid=440f55fbd93f0178&srepoch=1785759267&all_sr_blocks=1087758406_440943083_0_1_0&highlighted_blocks=1087758406_440943083_0_1_0&matching_block_id=1087758406_440943083_0_1_0&sr_pri_blocks=1087758406_440943083_0_1_0__585000&from=searchresults,5850,3.5,2.0,Karachi,7.4,Standard Double or Twin Room,"2 beds (1 single, 1 double)",1,0,0,https://cf.bstatic.com/xdata/images/hotel/square240/497339900.webp?k=49eb48fd06f3c3128215f7473b87ace232ec209c37af7fe286e4536d9c90e80d&o=,8,Karachi
Luxury Clifton 2-BR Flat,https://www.booking.com/hotel/pk/luxury-clifton-2-br-flat.en-gb.html?aid=304142&label=gen173nr-10CAQoggJCDWNpdHlfLTI3NjQ1ODRICVgEaLUBiAEBmAEzuAEHyAEM2AED6AEB-AEBiAIBqAIBuAL2i8LTBsACAdICJDM2N2ZjNzMzLWQxZjMtNGIzYy1hNzk4LTM5NDA5M2M3YTk2OdgCAeACAQ&ucfs=1&arphpl=1&checkin=2026-08-06&checkout=2026-08-07&dest_id=-2764584&dest_type=city&group_adults=2&req_adults=2&no_rooms=1&group_children=0&req_children=0&hpos=12&hapos=361&sr_order=popularity&srpvid=440f55fbd93f0178&srepoch=1785759267&all_sr_blocks=1528512501_424416913_5_0_0&highlighted_blocks=1528512501_424416913_5_0_0&matching_block_id=1528512501_424416913_5_0_0&sr_pri_blocks=1528512501_424416913_5_0_0__3000000&from=searchresults,30000,,,"Clifton, Karachi",7.0,Two-Bedroom Apartment,1 extra-large double bed,0,1,1,https://cf.bstatic.com/xdata/images/hotel/square240/778148329.webp?k=1253186625a43dcbfa47eb5b3cfd2c980bf09bde0f3c735631df9f685d70b1f3&o=,5,Karachi
DELME - Furnished 2 Bedrooms with Drawing & Dinning-Disco Bakery-Families ONLY,https://www.booking.com/hotel/pk/furnished-2-bedrooms-dd-disco-bakery-families-only.en-gb.html?aid=304142&label=gen173nr-10CAQoggJCDWNpdHlfLTI3NjQ1ODRICVgEaLUBiAEBmAEzuAEHyAEM2AED6AEB-AEBiAIBqAIBuAL2i8LTBsACAdICJDM2N2ZjNzMzLWQxZjMtNGIzYy1hNzk4LTM5NDA5M2M3YTk2OdgCAeACAQ&ucfs=1&arphpl=1&checkin=2026-08-06&checkout=2026-08-07&dest_id=-2764584&dest_type=city&group_adults=2&req_adults=2&no_rooms=1&group_children=0&req_children=0&hpos=13&hapos=362&sr_order=popularity&srpvid=440f55fbd93f0178&srepoch=1785759267&all_sr_blocks=1450429701_416397922_2_0_0&highlighted_blocks=1450429701_416397922_2_0_0&matching_block_id=1450429701_416397922_2_0_0&sr_pri_blocks=1450429701_416397922_2_0_0__561000&from=searchresults,5610,,,Karachi,8.3,Two-Bedroom Apartment,"3 beds (1 large double, 2 futons)",0,1,1,https://cf.bstatic.com/xdata/images/hotel/square240/707444304.webp?k=defb0da152b0c88d94482c7460c7432f02b11328b18418e92c10dedb1fc637f0&o=,4,Karachi
DHA City Oasis Farmhouse,https://www.booking.com/hotel/pk/dha-city-oasis-farmhouse.en-gb.html?aid=304142&label=gen173nr-10CAQoggJCDWNpdHlfLTI3NjQ1ODRICVgEaLUBiAEBmAEzuAEHyAEM2AED6AEB-AEBiAIBqAIBuAL2i8LTBsACAdICJDM2N2ZjNzMzLWQxZjMtNGIzYy1hNzk4LTM5NDA5M2M3YTk2OdgCAeACAQ&ucfs=1&arphpl=1&checkin=2026-08-06&checkout=2026-08-07&dest_id=-2764584&dest_type=city&group_adults=2&req_adults=2&no_rooms=1&group_children=0&req_children=0&hpos=14&hapos=363&sr_order=popularity&srpvid=440f55fbd93f0178&srepoch=1785759267&all_sr_blocks=1668022901_438624274_10_0_0&highlighted_blocks=1668022901_438624274_10_0_0&matching_block_id=1668022901_438624274_10_0_0&sr_pri_blocks=1668022901_438624274_10_0_0__6800000&from=searchresults,68000,,,Karachi,41.9,Double Room,1 double bed,0,1,1,https://cf.bstatic.com/xdata/images/hotel/square240/883525503.webp?k=5c205fa9aa0f8f6014e727dcd51ee07de6323686e24f1d7d55f44279edd3cea3&o=,5,Karachi
2 Beds in the heart of Clifton,https://www.booking.com/hotel/pk/2-beds-in-the-heart-of-clifton.en-gb.html?aid=304142&label=gen173nr-10CAQoggJCDWNpdHlfLTI3NjQ1ODRICVgEaLUBiAEBmAEzuAEHyAEM2AED6AEB-AEBiAIBqAIBuAL2i8LTBsACAdICJDM2N2ZjNzMzLWQxZjMtNGIzYy1hNzk4LTM5NDA5M2M3YTk2OdgCAeACAQ&ucfs=1&arphpl=1&checkin=2026-08-06&checkout=2026-08-07&dest_id=-2764584&dest_type=city&group_adults=2&req_adults=2&no_rooms=1&group_children=0&req_children=0&hpos=15&hapos=364&sr_order=popularity&srpvid=440f55fbd93f0178&srepoch=1785759267&all_sr_blocks=1364164601_408695653_4_0_0&highlighted_blocks=1364164601_408695653_4_0_0&matching_block_id=1364164601_408695653_4_0_0&sr_pri_blocks=1364164601_408695653_4_0_0__720000&from=searchresults,7200,,,"Clifton, Karachi",5.0,Two-Bedroom Apartment,"3 beds (2 singles, 1 sofa bed)",0,1,1,https://cf.bstatic.com/xdata/images/hotel/square240/649688710.webp?k=a85475ae43e2e501e9a72698c0f82c8cf12cf17074cceb366775a1a85c510037&o=,5,Karachi
SAK Beach Resort,https://www.booking.com/hotel/pk/sak-beach-resort.en-gb.html?aid=304142&label=gen173nr-10CAQoggJCDWNpdHlfLTI3NjQ1ODRICVgEaLUBiAEBmAEzuAEHyAEM2AED6AEB-AEBiAIBqAIBuAL2i8LTBsACAdICJDM2N2ZjNzMzLWQxZjMtNGIzYy1hNzk4LTM5NDA5M2M3YTk2OdgCAeACAQ&ucfs=1&arphpl=1&checkin=2026-08-06&checkout=2026-08-07&dest_id=-2764584&dest_type=city&group_adults=2&req_adults=2&no_rooms=1&group_children=0&req_children=0&hpos=16&hapos=365&sr_order=popularity&srpvid=440f55fbd93f0178&srepoch=1785759267&all_sr_blocks=1406709001_412448875_2_0_0&highlighted_blocks=1406709001_412448875_2_0_0&matching_block_id=1406709001_412448875_2_0_0&sr_pri_blocks=1406709001_412448875_2_0_0__3500000&from=searchresults,35000,,,Karachi,21.8,Mobile Home,"3 beds (2 doubles, 1 sofa bed)",0,1,1,https://cf.bstatic.com/xdata/images/hotel/square240/678260573.webp?k=b3aa50f8c22c354934e04414e3aaf7ebd9addc5b86e9a9c7a1e16262f2906235&o=,6,Karachi
Two bedrooms near sea family oriented,https://www.booking.com/hotel/pk/two-bedrooms-near-sea-family-oriented.en-gb.html?aid=304142&label=gen173nr-10CAQoggJCDWNpdHlfLTI3NjQ1ODRICVgEaLUBiAEBmAEzuAEHyAEM2AED6AEB-AEBiAIBqAIBuAL2i8LTBsACAdICJDM2N2ZjNzMzLWQxZjMtNGIzYy1hNzk4LTM5NDA5M2M3YTk2OdgCAeACAQ&ucfs=1&arphpl=1&checkin=2026-08-06&checkout=2026-08-07&dest_id=-2764584&dest_type=city&group_adults=2&req_adults=2&no_rooms=1&group_children=0&req_children=0&hpos=17&hapos=366&sr_order=popularity&srpvid=440f55fbd93f0178&srepoch=1785759267&all_sr_blocks=1587434401_429854835_2_0_0&highlighted_blocks=1587434401_429854835_2_0_0&matching_block_id=1587434401_429854835_2_0_0&sr_pri_blocks=1587434401_429854835_2_0_0__2210000&from=searchresults,22100,,,Karachi,3.1,Two-Bedroom Apartment,"4 beds (2 extra-large doubles, 2 sofa beds)",0,0,1,https://cf.bstatic.com/xdata/images/hotel/square240/827590164.webp?k=a5b105db0c3ef953460e9d6db6f51c101fcf3676892994ea321d8c191761cf4f&o=,3,Karachi
White Rose BNB - Near Modal Colony,https://www.booking.com/hotel/pk/white-rose-bnb-near-modal-colony.en-gb.html?aid=304142&label=gen173nr-10CAQoggJCDWNpdHlfLTI3NjQ1ODRICVgEaLUBiAEBmAEzuAEHyAEM2AED6AEB-AEBiAIBqAIBuAL2i8LTBsACAdICJDM2N2ZjNzMzLWQxZjMtNGIzYy1hNzk4LTM5NDA5M2M3YTk2OdgCAeACAQ&ucfs=1&arphpl=1&checkin=2026-08-06&checkout=2026-08-07&dest_id=-2764584&dest_type=city&group_adults=2&req_adults=2&no_rooms=1&group_children=0&req_children=0&hpos=18&hapos=367&sr_order=popularity&srpvid=440f55fbd93f0178&srepoch=1785759267&all_sr_blocks=1512923601_423045314_2_2_0&highlighted_blocks=1512923601_423045314_2_2_0&matching_block_id=1512923601_423045314_2_2_0&sr_pri_blocks=1512923601_423045314_2_2_0__499900&from=searchresults,4999,,,Karachi,14.0,Double Room,1 double bed,0,1,1,https://cf.bstatic.com/xdata/images/hotel/square240/765548226.webp?k=e2e64ecb65db48b20b361d7382de3fd018b2f2c2ae6baa48489bbce9bdfda7c8&o=,4,Karachi
Bahria town guest house,https://www.booking.com/hotel/pk/bahria-town-guest-house.en-gb.html?aid=304142&label=gen173nr-10CAQoggJCDWNpdHlfLTI3NjQ1ODRICVgEaLUBiAEBmAEzuAEHyAEM2AED6AEB-AEBiAIBqAIBuAL2i8LTBsACAdICJDM2N2ZjNzMzLWQxZjMtNGIzYy1hNzk4LTM5NDA5M2M3YTk2OdgCAeACAQ&ucfs=1&arphpl=1&checkin=2026-08-06&checkout=2026-08-07&dest_id=-2764584&dest_type=city&group_adults=2&req_adults=2&no_rooms=1&group_children=0&req_children=0&hpos=19&hapos=368&sr_order=popularity&srpvid=440f55fbd93f0178&srepoch=1785759267&all_sr_blocks=1566477401_427760768_2_0_0&highlighted_blocks=1566477401_427760768_2_0_0&matching_block_id=1566477401_427760768_2_0_0&sr_pri_blocks=1566477401_427760768_2_0_0__2000000&from=searchresults,20000,,,Karachi,12.2,Double Room,1 large double bed,0,1,1,https://cf.bstatic.com/xdata/images/hotel/square240/810360968.webp?k=218ef99e30b29d6e90989a8a62a572ac5f7ac857872b1326fd08d9e51ecc1c03&o=,4,Karachi
Shakira Tower Girls Hostel,https://www.booking.com/hotel/pk/shakira-tower-girls-hostel.en-gb.html?aid=304142&label=gen173nr-10CAQoggJCDWNpdHlfLTI3NjQ1ODRICVgEaLUBiAEBmAEzuAEHyAEM2AED6AEB-AEBiAIBqAIBuAL2i8LTBsACAdICJDM2N2ZjNzMzLWQxZjMtNGIzYy1hNzk4LTM5NDA5M2M3YTk2OdgCAeACAQ&ucfs=1&arphpl=1&checkin=2026-08-06&checkout=2026-08-07&dest_id=-2764584&dest_type=city&group_adults=2&req_adults=2&no_rooms=1&group_children=0&req_children=0&hpos=20&hapos=369&sr_order=popularity&srpvid=440f55fbd93f0178&srepoch=1785759267&all_sr_blocks=1643775201_434524780_2_0_0&highlighted_blocks=1643775201_434524780_2_0_0&matching_block_id=1643775201_434524780_2_0_0&sr_pri_blocks=1643775201_434524780_2_0_0__4000000&from=searchresults,40000,,,Karachi,6.3,Double or Twin Room with Private Bathroom,2 single beds,0,1,1,https://cf.bstatic.com/xdata/images/hotel/square240/868878006.webp?k=3008996abce1962b87a70d030521c0940af0ba14cccf2438e70ed27546e3c0a3&o=,4,Karachi
Aroma Palace Dha,https://www.booking.com/hotel/pk/aroma-palace-dha.en-gb.html?aid=304142&label=gen173nr-10CAQoggJCDWNpdHlfLTI3NjQ1ODRICVgEaLUBiAEBmAEzuAEHyAEM2AED6AEB-AEBiAIBqAIBuAL2i8LTBsACAdICJDM2N2ZjNzMzLWQxZjMtNGIzYy1hNzk4LTM5NDA5M2M3YTk2OdgCAeACAQ&ucfs=1&arphpl=1&checkin=2026-08-06&checkout=2026-08-07&dest_id=-2764584&dest_type=city&group_adults=2&req_adults=2&no_rooms=1&group_children=0&req_children=0&hpos=21&hapos=370&sr_order=popularity&srpvid=440f55fbd93f0178&srepoch=1785759267&all_sr_blocks=1469608301_418290208_12_2_0&highlighted_blocks=1469608301_418290208_12_2_0&matching_block_id=1469608301_418290208_12_2_0&sr_pri_blocks=1469608301_418290208_12_2_0__6200000&from=searchresults,62000,10,2.0,"D.H.A., Karachi (D.H.A.)",6.9,One-Bedroom House,1 double bed,0,1,1,https://cf.bstatic.com/xdata/images/hotel/square240/725816819.webp?k=e0bfc347cafaed1daabb79ab67c99d5d189413b73d744f2ea5bfe839a711af71&o=,13,Karachi
Hotel White Pearl,https://www.booking.com/hotel/pk/white-pearl-karachi1.en-gb.html?aid=304142&label=gen173nr-10CAQoggJCDWNpdHlfLTI3NjQ1ODRICVgEaLUBiAEBmAEzuAEHyAEM2AED6AEB-AEBiAIBqAIBuAL2i8LTBsACAdICJDM2N2ZjNzMzLWQxZjMtNGIzYy1hNzk4LTM5NDA5M2M3YTk2OdgCAeACAQ&ucfs=1&arphpl=1&checkin=2026-08-06&checkout=2026-08-07&dest_id=-2764584&dest_type=city&group_adults=2&req_adults=2&no_rooms=1&group_children=0&req_children=0&hpos=22&hapos=371&sr_order=popularity&srpvid=440f55fbd93f0178&srepoch=1785759267&all_sr_blocks=1377975101_409916788_2_1_0&highlighted_blocks=1377975101_409916788_2_1_0&matching_block_id=1377975101_409916788_2_1_0&sr_pri_blocks=1377975101_409916788_2_1_0__650000&from=searchresults,6500,1.0,2.0,Karachi,5.2,Double Room,"2 beds (1 single, 1 double)",1,1,1,https://cf.bstatic.com/xdata/images/hotel/square240/658774595.webp?k=57c1167259b8d4f46e1b19ccb3049f9db25971d5805cd150244bfc62ef8c7646&o=,12,Karachi
MMQ Villa's,https://www.booking.com/hotel/pk/mmq-villa-karachi1.en-gb.html?aid=304142&label=gen173nr-10CAQoggJCDWNpdHlfLTI3NjQ1ODRICVgEaLUBiAEBmAEzuAEHyAEM2AED6AEB-AEBiAIBqAIBuAL2i8LTBsACAdICJDM2N2ZjNzMzLWQxZjMtNGIzYy1hNzk4LTM5NDA5M2M3YTk2OdgCAeACAQ&ucfs=1&arphpl=1&checkin=2026-08-06&checkout=2026-08-07&dest_id=-2764584&dest_type=city&group_adults=2&req_adults=2&no_rooms=1&group_children=0&req_children=0&hpos=23&hapos=372&sr_order=popularity&srpvid=440f55fbd93f0178&srepoch=1785759267&all_sr_blocks=1365096901_408800560_2_0_0&highlighted_blocks=1365096901_408800560_2_0_0&matching_block_id=1365096901_408800560_2_0_0&sr_pri_blocks=1365096901_408800560_2_0_0__3640000&from=searchresults,36400,,,Karachi,3.6,Apartment,"3 beds (2 singles, 1 sofa bed)",0,1,1,https://cf.bstatic.com/xdata/images/hotel/square240/650315360.webp?k=b1e54e33ddfc07b7486f81d208297acee6e0e0f54bac7f21482bd8ff51e55b5c&o=,4,Karachi
Sea view palace guest house,https://www.booking.com/hotel/pk/sea-view-palace-guest-house-karachi.en-gb.html?aid=304142&label=gen173nr-10CAQoggJCDWNpdHlfLTI3NjQ1ODRICVgEaLUBiAEBmAEzuAEHyAEM2AED6AEB-AEBiAIBqAIBuAL2i8LTBsACAdICJDM2N2ZjNzMzLWQxZjMtNGIzYy1hNzk4LTM5NDA5M2M3YTk2OdgCAeACAQ&ucfs=1&arphpl=1&checkin=2026-08-06&checkout=2026-08-07&dest_id=-2764584&dest_type=city&group_adults=2&req_adults=2&no_rooms=1&group_children=0&req_children=0&hpos=24&hapos=373&sr_order=popularity&srpvid=440f55fbd93f0178&srepoch=1785759267&all_sr_blocks=1569015601_427985775_3_1_0&highlighted_blocks=1569015601_427985775_3_1_0&matching_block_id=1569015601_427985775_3_1_0&sr_pri_blocks=1569015601_427985775_3_1_0__1550000&from=searchresults,15500,,,"D.H.A., Karachi (D.H.A.)",8.3,Double or Twin Room with Balcony,"2 beds (1 double, 1 sofa bed)",1,1,1,https://cf.bstatic.com/xdata/images/hotel/square240/812127350.webp?k=735048fae27f53ab879af355b466f242f3ecba5c526e74c73283aaba9f8ca517&o=,5,Karachi
Elegant Apartment Families only,https://www.booking.com/hotel/pk/elegant-apartment-1002.en-gb.html?aid=304142&label=gen173nr-10CAQoggJCDWNpdHlfLTI3NjQ1ODRICVgEaLUBiAEBmAEzuAEHyAEM2AED6AEB-AEBiAIBqAIBuAL2i8LTBsACAdICJDM2N2ZjNzMzLWQxZjMtNGIzYy1hNzk4LTM5NDA5M2M3YTk2OdgCAeACAQ&ucfs=1&arphpl=1&checkin=2026-08-06&checkout=2026-08-07&dest_id=-2764584&dest_type=city&group_adults=2&req_adults=2&no_rooms=1&group_children=0&req_children=0&hpos=25&hapos=374&sr_order=popularity&srpvid=440f55fbd93f0178&srepoch=1785759267&all_sr_blocks=1471475701_418488427_2_0_0&highlighted_blocks=1471475701_418488427_2_0_0&matching_block_id=1471475701_418488427_2_0_0&sr_pri_blocks=1471475701_418488427_2_0_0__1615000&from=searchresults,16150,10,1.0,Karachi,14.6,Two-Bedroom Apartment,"3 beds (2 extra-large doubles, 1 sofa bed)",0,1,1,https://cf.bstatic.com/xdata/images/hotel/square240/727497187.webp?k=772ec189ece25d5fd355df775b60f6a75063ebb7dbcecd5de74f5e0dd9c78d65&o=,4,Karachi
Olive Suites Deluxe Furnish 3 BR Near Metropole,https://www.booking.com/hotel/pk/olive-suites.en-gb.html?aid=304142&label=gen173nr-10CAQoggJCDWNpdHlfLTI3NjQ1ODRICVgEaLUBiAEBmAEzuAEHyAEM2AED6AEB-AEBiAIBqAIBuAL2i8LTBsACAdICJDM2N2ZjNzMzLWQxZjMtNGIzYy1hNzk4LTM5NDA5M2M3YTk2OdgCAeACAQ&ucfs=1&arphpl=1&checkin=2026-08-06&checkout=2026-08-07&dest_id=-2764584&dest_type=city&group_adults=2&req_adults=2&no_rooms=1&group_children=0&req_children=0&hpos=1&hapos=375&sr_order=popularity&srpvid=440f55fbd93f0178&srepoch=1785759271&all_sr_blocks=1405921801_412382225_4_0_0&highlighted_blocks=1405921801_412382225_4_0_0&matching_block_id=1405921801_412382225_4_0_0&sr_pri_blocks=1405921801_412382225_4_0_0__2180250&from=searchresults,21803,9.0,1.0,"Saddar Town, Karachi",2.2,Three-Bedroom Apartment with Balcony,3 double beds,0,1,1,https://cf.bstatic.com/xdata/images/hotel/square240/729263574.webp?k=851aa1e3513049f8846e397fb593cd462baed9fbf8032f9210498e610b1c6bf6&o=,4,Karachi
Great Location & Comfortable First Floor Portion,https://www.booking.com/hotel/pk/great-location-amp-comfortable-first-floor-portion.en-gb.html?aid=304142&label=gen173nr-10CAQoggJCDWNpdHlfLTI3NjQ1ODRICVgEaLUBiAEBmAEzuAEHyAEM2AED6AEB-AEBiAIBqAIBuAL2i8LTBsACAdICJDM2N2ZjNzMzLWQxZjMtNGIzYy1hNzk4LTM5NDA5M2M3YTk2OdgCAeACAQ&ucfs=1&arphpl=1&checkin=2026-08-06&checkout=2026-08-07&dest_id=-2764584&dest_type=city&group_adults=2&req_adults=2&no_rooms=1&group_children=0&req_children=0&hpos=2&hapos=376&sr_order=popularity&srpvid=440f55fbd93f0178&srepoch=1785759271&all_sr_blocks=1673882001_439150444_6_0_0&highlighted_blocks=1673882001_439150444_6_0_0&matching_block_id=1673882001_439150444_6_0_0&sr_pri_blocks=1673882001_439150444_6_0_0__1700000&from=searchresults,17000,,,"PECHS, Karachi",300.0,Three-Bedroom Apartment,"2 beds (1 double, 1 sofa bed)",0,1,1,https://cf.bstatic.com/xdata/images/hotel/square240/887504437.webp?k=a6f1ca277dc207ed74a339d8452457df66686d067566a2321925792e471141e1&o=,5,Karachi
Fully Furnished 2 Bed DD Apartment In DHA Phase 7 Ext,https://www.booking.com/hotel/pk/fully-furnished-2-bed-dd-apartment-in-dha-phase-7-ext.en-gb.html?aid=304142&label=gen173nr-10CAQoggJCDWNpdHlfLTI3NjQ1ODRICVgEaLUBiAEBmAEzuAEHyAEM2AED6AEB-AEBiAIBqAIBuAL2i8LTBsACAdICJDM2N2ZjNzMzLWQxZjMtNGIzYy1hNzk4LTM5NDA5M2M3YTk2OdgCAeACAQ&ucfs=1&arphpl=1&checkin=2026-08-06&checkout=2026-08-07&dest_id=-2764584&dest_type=city&group_adults=2&req_adults=2&no_rooms=1&group_children=0&req_children=0&hpos=3&hapos=377&sr_order=popularity&srpvid=440f55fbd93f0178&srepoch=1785759271&all_sr_blocks=1358595001_408184532_2_0_0&highlighted_blocks=1358595001_408184532_2_0_0&matching_block_id=1358595001_408184532_2_0_0&sr_pri_blocks=1358595001_408184532_2_0_0__20000000&from=searchresults,200000,,,Karachi,6.4,One-Bedroom Apartment,2 double beds,0,0,1,https://cf.bstatic.com/xdata/images/hotel/square240/646430170.webp?k=d7c5c225f801292e65f45da92f4780d848660c8dedb99a37012dca10c6c40c30&o=,3,Karachi
4 bedrooms furnished apartment in central Karachi,https://www.booking.com/hotel/pk/4-bedrooms-furnished-apartment-in-central-karachi.en-gb.html?aid=304142&label=gen173nr-10CAQoggJCDWNpdHlfLTI3NjQ1ODRICVgEaLUBiAEBmAEzuAEHyAEM2AED6AEB-AEBiAIBqAIBuAL2i8LTBsACAdICJDM2N2ZjNzMzLWQxZjMtNGIzYy1hNzk4LTM5NDA5M2M3YTk2OdgCAeACAQ&ucfs=1&arphpl=1&checkin=2026-08-06&checkout=2026-08-07&dest_id=-2764584&dest_type=city&group_adults=2&req_adults=2&no_rooms=1&group_children=0&req_children=0&hpos=4&hapos=378&sr_order=popularity&srpvid=440f55fbd93f0178&srepoch=1785759271&all_sr_blocks=1415829501_413284530_8_0_0&highlighted_blocks=1415829501_413284530_8_0_0&matching_block_id=1415829501_413284530_8_0_0&sr_pri_blocks=1415829501_413284530_8_0_0__5500000&from=searchresults,55000,,,"PECHS, Karachi",1.0,Four-Bedroom Luxury Apartment,4 double beds,0,1,1,https://cf.bstatic.com/xdata/images/hotel/square240/683406502.webp?k=c061cddd823f7e6a00a8282efd26f7e5f0e18c59d4186d27d38b4e51ed98a177&o=,4,Karachi
Bahria town karachi Volka Guest House,https://www.booking.com/hotel/pk/volka-house.en-gb.html?aid=304142&label=gen173nr-10CAQoggJCDWNpdHlfLTI3NjQ1ODRICVgEaLUBiAEBmAEzuAEHyAEM2AED6AEB-AEBiAIBqAIBuAL2i8LTBsACAdICJDM2N2ZjNzMzLWQxZjMtNGIzYy1hNzk4LTM5NDA5M2M3YTk2OdgCAeACAQ&ucfs=1&arphpl=1&checkin=2026-08-06&checkout=2026-08-07&dest_id=-2764584&dest_type=city&group_adults=2&req_adults=2&no_rooms=1&group_children=0&req_children=0&hpos=5&hapos=379&sr_order=popularity&srpvid=440f55fbd93f0178&srepoch=1785759271&all_sr_blocks=1550963901_426290152_2_0_0&highlighted_blocks=1550963901_426290152_2_0_0&matching_block_id=1550963901_426290152_2_0_0&sr_pri_blocks=1550963901_426290152_2_0_0__1827500&from=searchresults,18275,,,Karachi,32.0,One-Bedroom Villa,"3 beds (1 double, 2 extra-large doubles)",0,1,1,https://cf.bstatic.com/xdata/images/hotel/square240/796753875.webp?k=f67ef0336f9dc8290f55a36ad81522caced67be2d1f8b62c4fab9fe37a14ce8b&o=,4,Karachi
3 Bed Flat At DHA phase 8 Murtaza Commercial,https://www.booking.com/hotel/pk/3-bed-flat-at-dha-phase-8-murtaza-commercial.en-gb.html?aid=304142&label=gen173nr-10CAQoggJCDWNpdHlfLTI3NjQ1ODRICVgEaLUBiAEBmAEzuAEHyAEM2AED6AEB-AEBiAIBqAIBuAL2i8LTBsACAdICJDM2N2ZjNzMzLWQxZjMtNGIzYy1hNzk4LTM5NDA5M2M3YTk2OdgCAeACAQ&ucfs=1&arphpl=1&checkin=2026-08-06&checkout=2026-08-07&dest_id=-2764584&dest_type=city&group_adults=2&req_adults=2&no_rooms=1&group_children=0&req_children=0&hpos=6&hapos=380&sr_order=popularity&srpvid=440f55fbd93f0178&srepoch=1785759271&all_sr_blocks=1674263101_439192287_7_0_0&highlighted_blocks=1674263101_439192287_7_0_0&matching_block_id=1674263101_439192287_7_0_0&sr_pri_blocks=1674263101_439192287_7_0_0__3400000&from=searchresults,34000,,,"D.H.A., Karachi (D.H.A.)",11.1,Three-Bedroom Apartment,"4 beds (2 doubles, 2 sofa beds)",0,1,1,https://cf.bstatic.com/xdata/images/hotel/square240/887718123.webp?k=15feb9afe9d2d0ab7f27af0352663ed2f451dad28f311138569f2ee0f40c276a&o=,5,Karachi
Home Sweet Home 3 bed Banglow,https://www.booking.com/hotel/pk/home-sweet-home-3-bed-banglow.en-gb.html?aid=304142&label=gen173nr-10CAQoggJCDWNpdHlfLTI3NjQ1ODRICVgEaLUBiAEBmAEzuAEHyAEM2AED6AEB-AEBiAIBqAIBuAL2i8LTBsACAdICJDM2N2ZjNzMzLWQxZjMtNGIzYy1hNzk4LTM5NDA5M2M3YTk2OdgCAeACAQ&ucfs=1&arphpl=1&checkin=2026-08-06&checkout=2026-08-07&dest_id=-2764584&dest_type=city&group_adults=2&req_adults=2&no_rooms=1&group_children=0&req_children=0&hpos=7&hapos=381&sr_order=popularity&srpvid=440f55fbd93f0178&srepoch=1785759271&all_sr_blocks=1347342601_413075140_5_0_0&highlighted_blocks=1347342601_413075140_5_0_0&matching_block_id=1347342601_413075140_5_0_0&sr_pri_blocks=1347342601_413075140_5_0_0__2850000&from=searchresults,28500,5.5,2.0,"D.H.A., Karachi (D.H.A.)",4.5,Three-Bedroom House,2 large double beds,0,1,1,https://cf.bstatic.com/xdata/images/hotel/square240/640072798.webp?k=315153f41e3f59081ce4faf7cbd96e9a86c64601089b9c1f263be28b0872d00e&o=,12,Karachi
Two bedroom furnished apartment in Main Shahrah e Faisal Karachi,https://www.booking.com/hotel/pk/two-bedroom-furnished-apartment-in-main-shahrah-e-faisal-karachi.en-gb.html?aid=304142&label=gen173nr-10CAQoggJCDWNpdHlfLTI3NjQ1ODRICVgEaLUBiAEBmAEzuAEHyAEM2AED6AEB-AEBiAIBqAIBuAL2i8LTBsACAdICJDM2N2ZjNzMzLWQxZjMtNGIzYy1hNzk4LTM5NDA5M2M3YTk2OdgCAeACAQ&ucfs=1&arphpl=1&checkin=2026-08-06&checkout=2026-08-07&dest_id=-2764584&dest_type=city&group_adults=2&req_adults=2&no_rooms=1&group_children=0&req_children=0&hpos=8&hapos=382&sr_order=popularity&srpvid=440f55fbd93f0178&srepoch=1785759271&all_sr_blocks=1424080501_414029146_4_0_0&highlighted_blocks=1424080501_414029146_4_0_0&matching_block_id=1424080501_414029146_4_0_0&sr_pri_blocks=1424080501_414029146_4_0_0__2200000&from=searchresults,22000,,,Karachi,3.4,Two-Bedroom Apartment,"3 beds (2 singles, 1 double)",0,1,1,https://cf.bstatic.com/xdata/images/hotel/square240/688632319.webp?k=566147c3c68f62b7c0f50b94b8c2ca08f29ede55f06aa03a2ee35f5a899d2bc2&o=,4,Karachi
Hotel,https://www.booking.com/hotel/pk/karachi2.en-gb.html?aid=304142&label=gen173nr-10CAQoggJCDWNpdHlfLTI3NjQ1ODRICVgEaLUBiAEBmAEzuAEHyAEM2AED6AEB-AEBiAIBqAIBuAL2i8LTBsACAdICJDM2N2ZjNzMzLWQxZjMtNGIzYy1hNzk4LTM5NDA5M2M3YTk2OdgCAeACAQ&ucfs=1&arphpl=1&checkin=2026-08-06&checkout=2026-08-07&dest_id=-2764584&dest_type=city&group_adults=2&req_adults=2&no_rooms=1&group_children=0&req_children=0&hpos=9&hapos=383&sr_order=popularity&srpvid=440f55fbd93f0178&srepoch=1785759271&all_sr_blocks=1611580001_432063286_2_0_0&highlighted_blocks=1611580001_432063286_2_0_0&matching_block_id=1611580001_432063286_2_0_0&sr_pri_blocks=1611580001_432063286_2_0_0__1200000&from=searchresults,12000,,,"D.H.A., Karachi (D.H.A.)",7.4,Double Room,1 double bed,0,1,1,https://cf.bstatic.com/xdata/images/hotel/square240/847477185.webp?k=21189f35d79ce0ab50e7eb80c35edbbae336bcac6fae5717901117647621d30b&o=,5,Karachi
"2 bed apartment in boundary walled society, Near airport",https://www.booking.com/hotel/pk/2-bed-apartment-in-boundary-walled-society-near-airport.en-gb.html?aid=304142&label=gen173nr-10CAQoggJCDWNpdHlfLTI3NjQ1ODRICVgEaLUBiAEBmAEzuAEHyAEM2AED6AEB-AEBiAIBqAIBuAL2i8LTBsACAdICJDM2N2ZjNzMzLWQxZjMtNGIzYy1hNzk4LTM5NDA5M2M3YTk2OdgCAeACAQ&ucfs=1&arphpl=1&checkin=2026-08-06&checkout=2026-08-07&dest_id=-2764584&dest_type=city&group_adults=2&req_adults=2&no_rooms=1&group_children=0&req_children=0&hpos=10&hapos=384&sr_order=popularity&srpvid=440f55fbd93f0178&srepoch=1785759271&all_sr_blocks=1613295501_432224015_4_0_0&highlighted_blocks=1613295501_432224015_4_0_0&matching_block_id=1613295501_432224015_4_0_0&sr_pri_blocks=1613295501_432224015_4_0_0__400000&from=searchresults,4000,1.0,1.0,Karachi,13.5,Two-Bedroom Apartment,1 double bed,0,1,1,https://cf.bstatic.com/xdata/images/hotel/square240/848808348.webp?k=b2c0ead8cc04db4626037117435dc1521a3b643ab861702a90610fc15f67309f&o=,4,Karachi
Subhan Palace Family BnB Near Lasaina Restaurant & Millennium Mall,https://www.booking.com/hotel/pk/subhan-guest-house-near-lasania-restaurant.en-gb.html?aid=304142&label=gen173nr-10CAQoggJCDWNpdHlfLTI3NjQ1ODRICVgEaLUBiAEBmAEzuAEHyAEM2AED6AEB-AEBiAIBqAIBuAL2i8LTBsACAdICJDM2N2ZjNzMzLWQxZjMtNGIzYy1hNzk4LTM5NDA5M2M3YTk2OdgCAeACAQ&ucfs=1&arphpl=1&checkin=2026-08-06&checkout=2026-08-07&dest_id=-2764584&dest_type=city&group_adults=2&req_adults=2&no_rooms=1&group_children=0&req_children=0&hpos=11&hapos=385&sr_order=popularity&srpvid=440f55fbd93f0178&srepoch=1785759271&all_sr_blocks=926424302_364424464_0_1_0&highlighted_blocks=926424302_364424464_0_1_0&matching_block_id=926424302_364424464_0_1_0&sr_pri_blocks=926424302_364424464_0_1_0__621000&from=searchresults,6210,7.2,15.0,Karachi,7.3,Deluxe Twin Room,2 single beds,1,0,0,https://cf.bstatic.com/xdata/images/hotel/square240/412372716.webp?k=f28e20966fa4de7f7ded1dba9d96043096c1c72c07596c1ca80e45fde091287e&o=,8,Karachi
Cozy & Stylish Studio Apt at DHA VI - Kh-Bukhari,https://www.booking.com/hotel/pk/cozy-amp-stylish-studio-apt-at-dha-vi-kh-bukhari.en-gb.html?aid=304142&label=gen173nr-10CAQoggJCDWNpdHlfLTI3NjQ1ODRICVgEaLUBiAEBmAEzuAEHyAEM2AED6AEB-AEBiAIBqAIBuAL2i8LTBsACAdICJDM2N2ZjNzMzLWQxZjMtNGIzYy1hNzk4LTM5NDA5M2M3YTk2OdgCAeACAQ&ucfs=1&arphpl=1&checkin=2026-08-06&checkout=2026-08-07&dest_id=-2764584&dest_type=city&group_adults=2&req_adults=2&no_rooms=1&group_children=0&req_children=0&hpos=12&hapos=386&sr_order=popularity&srpvid=440f55fbd93f0178&srepoch=1785759271&all_sr_blocks=1462445301_417551623_3_0_0&highlighted_blocks=1462445301_417551623_3_0_0&matching_block_id=1462445301_417551623_3_0_0&sr_pri_blocks=1462445301_417551623_3_0_0__1440000&from=searchresults,14400,,,"D.H.A., Karachi (D.H.A.)",8.9,One-Bedroom Apartment,"2 beds (1 double, 1 sofa bed)",0,0,0,https://cf.bstatic.com/xdata/images/hotel/square240/719021922.webp?k=0abd232bff9dbbc983f60de405b14bfc5e35aa58a14a7a0c9854ff3a37afd8a6&o=,12,Karachi
Luxury 1 Bedroom Apartment DHA,https://www.booking.com/hotel/pk/luxury-1-bedroom-apartment-dha.en-gb.html?aid=304142&label=gen173nr-10CAQoggJCDWNpdHlfLTI3NjQ1ODRICVgEaLUBiAEBmAEzuAEHyAEM2AED6AEB-AEBiAIBqAIBuAL2i8LTBsACAdICJDM2N2ZjNzMzLWQxZjMtNGIzYy1hNzk4LTM5NDA5M2M3YTk2OdgCAeACAQ&ucfs=1&arphpl=1&checkin=2026-08-06&checkout=2026-08-07&dest_id=-2764584&dest_type=city&group_adults=2&req_adults=2&no_rooms=1&group_children=0&req_children=0&hpos=13&hapos=387&sr_order=popularity&srpvid=440f55fbd93f0178&srepoch=1785759271&all_sr_blocks=1477432001_419192463_2_0_0&highlighted_blocks=1477432001_419192463_2_0_0&matching_block_id=1477432001_419192463_2_0_0&sr_pri_blocks=1477432001_419192463_2_0_0__1050000&from=searchresults,10500,,,"D.H.A., Karachi (D.H.A.)",7.6,One-Bedroom Apartment,1 double bed,0,1,1,https://cf.bstatic.com/xdata/images/hotel/square240/732584039.webp?k=993d19eeb5811e5ca7ec58d78ae30ba416913581ca82d7a25b2564e9d22f888a&o=,6,Karachi
Dream Inn Guest House,https://www.booking.com/hotel/pk/dream-inn-guest-house-karachi1.en-gb.html?aid=304142&label=gen173nr-10CAQoggJCDWNpdHlfLTI3NjQ1ODRICVgEaLUBiAEBmAEzuAEHyAEM2AED6AEB-AEBiAIBqAIBuAL2i8LTBsACAdICJDM2N2ZjNzMzLWQxZjMtNGIzYy1hNzk4LTM5NDA5M2M3YTk2OdgCAeACAQ&ucfs=1&arphpl=1&checkin=2026-08-06&checkout=2026-08-07&dest_id=-2764584&dest_type=city&group_adults=2&req_adults=2&no_rooms=1&group_children=0&req_children=0&hpos=14&hapos=388&sr_order=popularity&srpvid=440f55fbd93f0178&srepoch=1785759271&all_sr_blocks=1353122001_407640688_2_1_0&highlighted_blocks=1353122001_407640688_2_1_0&matching_block_id=1353122001_407640688_2_1_0&sr_pri_blocks=1353122001_407640688_2_1_0__434913&from=searchresults,4349,,,Karachi,7.5,Double Room,"2 beds (1 single, 1 double)",1,0,1,https://cf.bstatic.com/xdata/images/hotel/square240/643278292.webp?k=4f58bc0eff50f941294677b7d8851213bb027f6c9a018d296452f6db2b3a9e89&o=,3,Karachi
Gourmet Getaway by Jannat Vacation Rentals,https://www.booking.com/hotel/pk/gourmet-getaway.en-gb.html?aid=304142&label=gen173nr-10CAQoggJCDWNpdHlfLTI3NjQ1ODRICVgEaLUBiAEBmAEzuAEHyAEM2AED6AEB-AEBiAIBqAIBuAL2i8LTBsACAdICJDM2N2ZjNzMzLWQxZjMtNGIzYy1hNzk4LTM5NDA5M2M3YTk2OdgCAeACAQ&ucfs=1&arphpl=1&checkin=2026-08-06&checkout=2026-08-07&dest_id=-2764584&dest_type=city&group_adults=2&req_adults=2&no_rooms=1&group_children=0&req_children=0&hpos=15&hapos=389&sr_order=popularity&srpvid=440f55fbd93f0178&srepoch=1785759271&all_sr_blocks=1352918901_430057232_4_0_0&highlighted_blocks=1352918901_430057232_4_0_0&matching_block_id=1352918901_430057232_4_0_0&sr_pri_blocks=1352918901_430057232_4_0_0__2095920&from=searchresults,20959,8.0,1.0,"D.H.A., Karachi (D.H.A.)",7.6,Three-Bedroom Apartment with Balcony,"4 beds (1 extra-large double, 1 sofa bed, 2 large doubles)",0,1,0,https://cf.bstatic.com/xdata/images/hotel/square240/790299361.webp?k=85dc7ae07792f07fd48f8d7ae5d973d2d7bb42d796bf4662349850578d05e927&o=,11,Karachi
Prestige comforts,https://www.booking.com/hotel/pk/prestige-comforts.en-gb.html?aid=304142&label=gen173nr-10CAQoggJCDWNpdHlfLTI3NjQ1ODRICVgEaLUBiAEBmAEzuAEHyAEM2AED6AEB-AEBiAIBqAIBuAL2i8LTBsACAdICJDM2N2ZjNzMzLWQxZjMtNGIzYy1hNzk4LTM5NDA5M2M3YTk2OdgCAeACAQ&ucfs=1&arphpl=1&checkin=2026-08-06&checkout=2026-08-07&dest_id=-2764584&dest_type=city&group_adults=2&req_adults=2&no_rooms=1&group_children=0&req_children=0&hpos=16&hapos=390&sr_order=popularity&srpvid=440f55fbd93f0178&srepoch=1785759271&all_sr_blocks=1469862401_418311764_2_2_0&highlighted_blocks=1469862401_418311764_2_2_0&matching_block_id=1469862401_418311764_2_2_0&sr_pri_blocks=1469862401_418311764_2_2_0__899910&from=searchresults,8999,,,Karachi,6.2,One-Bedroom Apartment,"3 beds (2 singles, 1 sofa bed)",0,0,1,https://cf.bstatic.com/xdata/images/hotel/square240/725929549.webp?k=5a3b60ba8100ce5d6ec03b970e8bf043f95bd3bf707592583602ca88f84bd103&o=,3,Karachi
Olive One bedroom Retreat,https://www.booking.com/hotel/pk/olive-one-bedroom-retreat.en-gb.html?aid=304142&label=gen173nr-10CAQoggJCDWNpdHlfLTI3NjQ1ODRICVgEaLUBiAEBmAEzuAEHyAEM2AED6AEB-AEBiAIBqAIBuAL2i8LTBsACAdICJDM2N2ZjNzMzLWQxZjMtNGIzYy1hNzk4LTM5NDA5M2M3YTk2OdgCAeACAQ&ucfs=1&arphpl=1&checkin=2026-08-06&checkout=2026-08-07&dest_id=-2764584&dest_type=city&group_adults=2&req_adults=2&no_rooms=1&group_children=0&req_children=0&hpos=17&hapos=391&sr_order=popularity&srpvid=440f55fbd93f0178&srepoch=1785759271&all_sr_blocks=1518792201_423568225_2_0_0&highlighted_blocks=1518792201_423568225_2_0_0&matching_block_id=1518792201_423568225_2_0_0&sr_pri_blocks=1518792201_423568225_2_0_0__1850000&from=searchresults,18500,9.0,1.0,Karachi,2.3,One-Bedroom Superior Apartment,1 double bed,0,1,1,https://cf.bstatic.com/xdata/images/hotel/square240/770109083.webp?k=911c887edfc4a4b62a2d803c297d4828d5c75454e01ce026ad6160a729e85681&o=,4,Karachi
Al-Hameeda Hut,https://www.booking.com/hotel/pk/al-hameeda-hut.en-gb.html?aid=304142&label=gen173nr-10CAQoggJCDWNpdHlfLTI3NjQ1ODRICVgEaLUBiAEBmAEzuAEHyAEM2AED6AEB-AEBiAIBqAIBuAL2i8LTBsACAdICJDM2N2ZjNzMzLWQxZjMtNGIzYy1hNzk4LTM5NDA5M2M3YTk2OdgCAeACAQ&ucfs=1&arphpl=1&checkin=2026-08-06&checkout=2026-08-07&dest_id=-2764584&dest_type=city&group_adults=2&req_adults=2&no_rooms=1&group_children=0&req_children=0&hpos=18&hapos=392&sr_order=popularity&srpvid=440f55fbd93f0178&srepoch=1785759271&all_sr_blocks=1495087201_421172960_30_0_0&highlighted_blocks=1495087201_421172960_30_0_0&matching_block_id=1495087201_421172960_30_0_0&sr_pri_blocks=1495087201_421172960_30_0_0__3000000&from=searchresults,30000,,,Karachi,20.5,One-Bedroom House,"2 beds (1 double, 1 sofa bed)",0,1,1,https://cf.bstatic.com/xdata/images/hotel/square240/748573238.webp?k=77adfa9ba1fac52fac605123836c807a833a05e06472378970e3aa27362dc32e&o=,4,Karachi
Royal Residency Guest House Karachi,https://www.booking.com/hotel/pk/residencey-inn-guest-hous.en-gb.html?aid=304142&label=gen173nr-10CAQoggJCDWNpdHlfLTI3NjQ1ODRICVgEaLUBiAEBmAEzuAEHyAEM2AED6AEB-AEBiAIBqAIBuAL2i8LTBsACAdICJDM2N2ZjNzMzLWQxZjMtNGIzYy1hNzk4LTM5NDA5M2M3YTk2OdgCAeACAQ&ucfs=1&arphpl=1&checkin=2026-08-06&checkout=2026-08-07&dest_id=-2764584&dest_type=city&group_adults=2&req_adults=2&no_rooms=1&group_children=0&req_children=0&hpos=19&hapos=393&sr_order=popularity&srpvid=440f55fbd93f0178&srepoch=1785759271&all_sr_blocks=607290117_237928748_0_0_0&highlighted_blocks=607290117_237928748_0_0_0&matching_block_id=607290117_237928748_0_0_0&sr_pri_blocks=607290117_237928748_0_0_0__600000&from=searchresults,6000,5.4,6.0,"Gulshan-E-Jamal, Karachi",7.5,Deluxe Double Room,1 extra-large double bed,0,0,1,https://cf.bstatic.com/xdata/images/hotel/square240/799176272.webp?k=fee87593d7b69fa5183f582be30cc600481c9eb08ea1f6700b5dec038f003294&o=,3,Karachi
Oasis inn apartment s,https://www.booking.com/hotel/pk/oasis-inn-apartment-s.en-gb.html?aid=304142&label=gen173nr-10CAQoggJCDWNpdHlfLTI3NjQ1ODRICVgEaLUBiAEBmAEzuAEHyAEM2AED6AEB-AEBiAIBqAIBuAL2i8LTBsACAdICJDM2N2ZjNzMzLWQxZjMtNGIzYy1hNzk4LTM5NDA5M2M3YTk2OdgCAeACAQ&ucfs=1&arphpl=1&checkin=2026-08-06&checkout=2026-08-07&dest_id=-2764584&dest_type=city&group_adults=2&req_adults=2&no_rooms=1&group_children=0&req_children=0&hpos=20&hapos=394&sr_order=popularity&srpvid=440f55fbd93f0178&srepoch=1785759271&all_sr_blocks=1424300101_414044371_0_0_0&highlighted_blocks=1424300101_414044371_0_0_0&matching_block_id=1424300101_414044371_0_0_0&sr_pri_blocks=1424300101_414044371_0_0_0__630000&from=searchresults,6300,,,"D.H.A., Karachi (D.H.A.)",9.6,One-Bedroom Apartment,"3 beds (1 double, 1 sofa bed, 1 large double)",0,1,1,https://cf.bstatic.com/xdata/images/hotel/square240/688734660.webp?k=0481b67e8745f6cedfc347c44b2342b04c66cf91ed943da7d408fab287921cc8&o=,5,Karachi
The Home Away From Home,https://www.booking.com/hotel/pk/the-home-away-from-home-karachi.en-gb.html?aid=304142&label=gen173nr-10CAQoggJCDWNpdHlfLTI3NjQ1ODRICVgEaLUBiAEBmAEzuAEHyAEM2AED6AEB-AEBiAIBqAIBuAL2i8LTBsACAdICJDM2N2ZjNzMzLWQxZjMtNGIzYy1hNzk4LTM5NDA5M2M3YTk2OdgCAeACAQ&ucfs=1&arphpl=1&checkin=2026-08-06&checkout=2026-08-07&dest_id=-2764584&dest_type=city&group_adults=2&req_adults=2&no_rooms=1&group_children=0&req_children=0&hpos=21&hapos=395&sr_order=popularity&srpvid=440f55fbd93f0178&srepoch=1785759271&all_sr_blocks=1347218101_407078492_9_0_0&highlighted_blocks=1347218101_407078492_9_0_0&matching_block_id=1347218101_407078492_9_0_0&sr_pri_blocks=1347218101_407078492_9_0_0__4275000&from=searchresults,42750,10,2.0,"D.H.A., Karachi (D.H.A.)",4.9,Five-Bedroom House,"4 beds (2 sofa beds, 2 large doubles)",0,1,1,https://cf.bstatic.com/xdata/images/hotel/square240/725661743.webp?k=cf8f3647fb7a905d2eb0acd306ab65ff245ef06b0f46f1277f3dd47030b83759&o=,12,Karachi
Prime Location Stylish Apartment in DHA Karachi,https://www.booking.com/hotel/pk/prime-location-spacious-flat.en-gb.html?aid=304142&label=gen173nr-10CAQoggJCDWNpdHlfLTI3NjQ1ODRICVgEaLUBiAEBmAEzuAEHyAEM2AED6AEB-AEBiAIBqAIBuAL2i8LTBsACAdICJDM2N2ZjNzMzLWQxZjMtNGIzYy1hNzk4LTM5NDA5M2M3YTk2OdgCAeACAQ&ucfs=1&arphpl=1&checkin=2026-08-06&checkout=2026-08-07&dest_id=-2764584&dest_type=city&group_adults=2&req_adults=2&no_rooms=1&group_children=0&req_children=0&hpos=22&hapos=396&sr_order=popularity&srpvid=440f55fbd93f0178&srepoch=1785759271&all_sr_blocks=1392674201_411220270_0_0_0&highlighted_blocks=1392674201_411220270_0_0_0&matching_block_id=1392674201_411220270_0_0_0&sr_pri_blocks=1392674201_411220270_0_0_0__1500000&from=searchresults,15000,,,"D.H.A., Karachi (D.H.A.)",8.4,Two-Bedroom Apartment,2 double beds,0,1,1,https://cf.bstatic.com/xdata/images/hotel/square240/669866291.webp?k=13aaffadfe137217dcc497a2a57b98bc4523f47c37c0a6462ab9c4e3a1f2bc72&o=,5,Karachi
3 bed DD fully furnished Apartment,https://www.booking.com/hotel/pk/3-bed-dd-fully-furnished-apartment.en-gb.html?aid=304142&label=gen173nr-10CAQoggJCDWNpdHlfLTI3NjQ1ODRICVgEaLUBiAEBmAEzuAEHyAEM2AED6AEB-AEBiAIBqAIBuAL2i8LTBsACAdICJDM2N2ZjNzMzLWQxZjMtNGIzYy1hNzk4LTM5NDA5M2M3YTk2OdgCAeACAQ&ucfs=1&arphpl=1&checkin=2026-08-06&checkout=2026-08-07&dest_id=-2764584&dest_type=city&group_adults=2&req_adults=2&no_rooms=1&group_children=0&req_children=0&hpos=23&hapos=397&sr_order=popularity&srpvid=440f55fbd93f0178&srepoch=1785759271&all_sr_blocks=1650993001_437114587_6_0_0&highlighted_blocks=1650993001_437114587_6_0_0&matching_block_id=1650993001_437114587_6_0_0&sr_pri_blocks=1650993001_437114587_6_0_0__2400000&from=searchresults,24000,,,"D.H.A., Karachi (D.H.A.)",9.6,One-Bedroom Apartment,"4 beds (3 doubles, 1 sofa bed)",0,1,1,https://cf.bstatic.com/xdata/images/hotel/square240/872147975.webp?k=6a164f8a5c8672d8411369cb2c8aa12b6e9fe11b0671824de88715df442b8ebf&o=,6,Karachi
The Rooftop Haven Penthouse 2BR Gulistan E Joher BLK 14,https://www.booking.com/hotel/pk/the-rooftop-haven-penthouse-2br-gulistan-e-joher-blk-14.en-gb.html?aid=304142&label=gen173nr-10CAQoggJCDWNpdHlfLTI3NjQ1ODRICVgEaLUBiAEBmAEzuAEHyAEM2AED6AEB-AEBiAIBqAIBuAL2i8LTBsACAdICJDM2N2ZjNzMzLWQxZjMtNGIzYy1hNzk4LTM5NDA5M2M3YTk2OdgCAeACAQ&ucfs=1&arphpl=1&checkin=2026-08-06&checkout=2026-08-07&dest_id=-2764584&dest_type=city&group_adults=2&req_adults=2&no_rooms=1&group_children=0&req_children=0&hpos=24&hapos=398&sr_order=popularity&srpvid=440f55fbd93f0178&srepoch=1785759271&all_sr_blocks=1361573101_408472170_4_0_0&highlighted_blocks=1361573101_408472170_4_0_0&matching_block_id=1361573101_408472170_4_0_0&sr_pri_blocks=1361573101_408472170_4_0_0__1440000&from=searchresults,14400,10,2.0,Karachi,9.8,Two-Bedroom Apartment,2 extra-large double beds,0,1,1,https://cf.bstatic.com/xdata/images/hotel/square240/648241247.webp?k=f792c4b9f6ea78dfa5e84dfb218d145dfd680a445e67765e0e5c9d5b327f7c45&o=,5,Karachi
Karachi Family Guest House,https://www.booking.com/hotel/pk/karachi-palace-guest-house.en-gb.html?aid=304142&label=gen173nr-10CAQoggJCDWNpdHlfLTI3NjQ1ODRICVgEaLUBiAEBmAEzuAEHyAEM2AED6AEB-AEBiAIBqAIBuAL2i8LTBsACAdICJDM2N2ZjNzMzLWQxZjMtNGIzYy1hNzk4LTM5NDA5M2M3YTk2OdgCAeACAQ&ucfs=1&arphpl=1&checkin=2026-08-06&checkout=2026-08-07&dest_id=-2764584&dest_type=city&group_adults=2&req_adults=2&no_rooms=1&group_children=0&req_children=0&hpos=25&hapos=399&sr_order=popularity&srpvid=440f55fbd93f0178&srepoch=1785759271&all_sr_blocks=1356097501_407911171_2_1_0&highlighted_blocks=1356097501_407911171_2_1_0&matching_block_id=1356097501_407911171_2_1_0&sr_pri_blocks=1356097501_407911171_2_1_0__749300&from=searchresults,7493,5.0,1.0,Karachi,7.3,Standard Double Room,1 extra-large double bed,1,1,1,https://cf.bstatic.com/xdata/images/hotel/square240/645053780.webp?k=a77d8ed8a1adad0c67cf70583f9ff9c3f0dcb006d81d07f5fd3308a86f683253&o=,4,Karachi
Entire Ground Floor Elegance 3BR Gulistan e Joher Blk 14 Near Darul Sehat Hospital,https://www.booking.com/hotel/pk/ground-floor-elegance-3br-gulistan-e-joher-blk-14-near-darul-sehat-hospital.en-gb.html?aid=304142&label=gen173nr-10CAQoggJCDWNpdHlfLTI3NjQ1ODRICVgEaLUBiAEBmAEzuAEHyAEM2AED6AEB-AEBiAIBqAIBuAL2i8LTBsACAdICJDM2N2ZjNzMzLWQxZjMtNGIzYy1hNzk4LTM5NDA5M2M3YTk2OdgCAeACAQ&ucfs=1&arphpl=1&checkin=2026-08-06&checkout=2026-08-07&dest_id=-2764584&dest_type=city&group_adults=2&req_adults=2&no_rooms=1&group_children=0&req_children=0&hpos=1&hapos=400&sr_order=popularity&srpvid=440f55fbd93f0178&srepoch=1785759274&all_sr_blocks=1442553901_415687604_6_0_0&highlighted_blocks=1442553901_415687604_6_0_0&matching_block_id=1442553901_415687604_6_0_0&sr_pri_blocks=1442553901_415687604_6_0_0__2650000&from=searchresults,26500,10,2.0,Karachi,9.7,Three-Bedroom House,3 extra-large double beds,0,1,1,https://cf.bstatic.com/xdata/images/hotel/square240/701206265.webp?k=29d87743faf6105fe0d21f46825a5a9c21c416f7df21f5677b488a00f87b1c32&o=,4,Karachi
Crown prestige,https://www.booking.com/hotel/pk/crown-prestige.en-gb.html?aid=304142&label=gen173nr-10CAQoggJCDWNpdHlfLTI3NjQ1ODRICVgEaLUBiAEBmAEzuAEHyAEM2AED6AEB-AEBiAIBqAIBuAL2i8LTBsACAdICJDM2N2ZjNzMzLWQxZjMtNGIzYy1hNzk4LTM5NDA5M2M3YTk2OdgCAeACAQ&ucfs=1&arphpl=1&checkin=2026-08-06&checkout=2026-08-07&dest_id=-2764584&dest_type=city&group_adults=2&req_adults=2&no_rooms=1&group_children=0&req_children=0&hpos=2&hapos=401&sr_order=popularity&srpvid=440f55fbd93f0178&srepoch=1785759274&all_sr_blocks=1469324601_418253758_2_2_0&highlighted_blocks=1469324601_418253758_2_2_0&matching_block_id=1469324601_418253758_2_2_0&sr_pri_blocks=1469324601_418253758_2_2_0__999900&from=searchresults,9999,,,Karachi,6.2,Apartment with Balcony,1 double bed,0,1,1,https://cf.bstatic.com/xdata/images/hotel/square240/725657048.webp?k=224cdd60af88d96a05f3a8b69d4c19678d2f5e0e4956e2382bbca67d84716733&o=,4,Karachi
Rest and stay,https://www.booking.com/hotel/pk/rest-and-stay-karachi.en-gb.html?aid=304142&label=gen173nr-10CAQoggJCDWNpdHlfLTI3NjQ1ODRICVgEaLUBiAEBmAEzuAEHyAEM2AED6AEB-AEBiAIBqAIBuAL2i8LTBsACAdICJDM2N2ZjNzMzLWQxZjMtNGIzYy1hNzk4LTM5NDA5M2M3YTk2OdgCAeACAQ&ucfs=1&arphpl=1&checkin=2026-08-06&checkout=2026-08-07&dest_id=-2764584&dest_type=city&group_adults=2&req_adults=2&no_rooms=1&group_children=0&req_children=0&hpos=3&hapos=402&sr_order=popularity&srpvid=440f55fbd93f0178&srepoch=1785759274&all_sr_blocks=1480414801_419503852_7_0_0&highlighted_blocks=1480414801_419503852_7_0_0&matching_block_id=1480414801_419503852_7_0_0&sr_pri_blocks=1480414801_419503852_7_0_0__1500000&from=searchresults,15000,,,Karachi,7.0,Three-Bedroom Apartment,"4 beds (1 single, 1 extra-large double, 2 sofa beds)",0,1,1,https://cf.bstatic.com/xdata/images/hotel/square240/735138275.webp?k=5fcacdcd28f7c05aec1b3f31b3880d918502fe4e8f029a8445d0b00ad856d5a4&o=,4,Karachi
Karachi Family Guest House,https://www.booking.com/hotel/pk/karachi-family-guest-house-karachi5.en-gb.html?aid=304142&label=gen173nr-10CAQoggJCDWNpdHlfLTI3NjQ1ODRICVgEaLUBiAEBmAEzuAEHyAEM2AED6AEB-AEBiAIBqAIBuAL2i8LTBsACAdICJDM2N2ZjNzMzLWQxZjMtNGIzYy1hNzk4LTM5NDA5M2M3YTk2OdgCAeACAQ&ucfs=1&arphpl=1&checkin=2026-08-06&checkout=2026-08-07&dest_id=-2764584&dest_type=city&group_adults=2&req_adults=2&no_rooms=1&group_children=0&req_children=0&hpos=4&hapos=403&sr_order=popularity&srpvid=440f55fbd93f0178&srepoch=1785759274&all_sr_blocks=1622934301_433063128_2_0_0&highlighted_blocks=1622934301_433063128_2_0_0&matching_block_id=1622934301_433063128_2_0_0&sr_pri_blocks=1622934301_433063128_2_0_0__1309000&from=searchresults,13090,,,Karachi,9.0,Deluxe Family Suite,1 double bed,0,1,1,https://cf.bstatic.com/xdata/images/hotel/square240/857203042.webp?k=572c00c8656784675657abed81f61cf2da66c2b740a79e49e1b5e78380e7660a&o=,5,Karachi
Beautiful nice familie friends stay in Bharia town karachi villa bahria NICE good,https://www.booking.com/hotel/pk/home-in-bharia-town-karachi-villa-precinct-27.en-gb.html?aid=304142&label=gen173nr-10CAQoggJCDWNpdHlfLTI3NjQ1ODRICVgEaLUBiAEBmAEzuAEHyAEM2AED6AEB-AEBiAIBqAIBuAL2i8LTBsACAdICJDM2N2ZjNzMzLWQxZjMtNGIzYy1hNzk4LTM5NDA5M2M3YTk2OdgCAeACAQ&ucfs=1&arphpl=1&checkin=2026-08-06&checkout=2026-08-07&dest_id=-2764584&dest_type=city&group_adults=2&req_adults=2&no_rooms=1&group_children=0&req_children=0&hpos=5&hapos=404&sr_order=popularity&srpvid=440f55fbd93f0178&srepoch=1785759274&all_sr_blocks=1377374301_409859979_2_0_0&highlighted_blocks=1377374301_409859979_2_0_0&matching_block_id=1377374301_409859979_2_0_0&sr_pri_blocks=1377374301_409859979_2_0_0__990000&from=searchresults,9900,,,Karachi,11.4,One-Bedroom Apartment,"2 beds (1 double, 1 sofa bed)",0,1,1,https://cf.bstatic.com/xdata/images/hotel/square240/658383726.webp?k=ac575b5f1419b138451d244c82da5f27563188ccce5d3ad78efd105733fc2777&o=,4,Karachi
Olive Suites on Shahrah-e-Faisal,https://www.booking.com/hotel/pk/olive-suites-on-shahrah-e-faisal.en-gb.html?aid=304142&label=gen173nr-10CAQoggJCDWNpdHlfLTI3NjQ1ODRICVgEaLUBiAEBmAEzuAEHyAEM2AED6AEB-AEBiAIBqAIBuAL2i8LTBsACAdICJDM2N2ZjNzMzLWQxZjMtNGIzYy1hNzk4LTM5NDA5M2M3YTk2OdgCAeACAQ&ucfs=1&arphpl=1&checkin=2026-08-06&checkout=2026-08-07&dest_id=-2764584&dest_type=city&group_adults=2&req_adults=2&no_rooms=1&group_children=0&req_children=0&hpos=6&hapos=405&sr_order=popularity&srpvid=440f55fbd93f0178&srepoch=1785759274&all_sr_blocks=1405755201_412371512_2_0_0&highlighted_blocks=1405755201_412371512_2_0_0&matching_block_id=1405755201_412371512_2_0_0&sr_pri_blocks=1405755201_412371512_2_0_0__2850000&from=searchresults,28500,,,Karachi,2.2,Three-Bedroom Apartment,1 large double bed,0,1,1,https://cf.bstatic.com/xdata/images/hotel/square240/677648448.webp?k=962a363711546ebb0782f8847a5d16a27c353d3932ce9b7c8eefddf9dbd14656&o=,5,Karachi
gated secured big apartment brand new,https://www.booking.com/hotel/pk/gated-secured-big-apartment-brand-new.en-gb.html?aid=304142&label=gen173nr-10CAQoggJCDWNpdHlfLTI3NjQ1ODRICVgEaLUBiAEBmAEzuAEHyAEM2AED6AEB-AEBiAIBqAIBuAL2i8LTBsACAdICJDM2N2ZjNzMzLWQxZjMtNGIzYy1hNzk4LTM5NDA5M2M3YTk2OdgCAeACAQ&ucfs=1&arphpl=1&checkin=2026-08-06&checkout=2026-08-07&dest_id=-2764584&dest_type=city&group_adults=2&req_adults=2&no_rooms=1&group_children=0&req_children=0&hpos=7&hapos=406&sr_order=popularity&srpvid=440f55fbd93f0178&srepoch=1785759274&all_sr_blocks=1504725301_422218560_2_0_0&highlighted_blocks=1504725301_422218560_2_0_0&matching_block_id=1504725301_422218560_2_0_0&sr_pri_blocks=1504725301_422218560_2_0_0__1760000&from=searchresults,17600,,,"D.H.A., Karachi (D.H.A.)",8.3,Two-Bedroom Apartment,"3 beds (2 sofa beds, 1 large double)",0,1,1,https://cf.bstatic.com/xdata/images/hotel/square240/758071835.webp?k=f5816400e4898aba112ef4f56bf25176f220020901daadd37031f07b9b6cd546&o=,5,Karachi
Room for travelers with Ac near the airport,https://www.booking.com/hotel/pk/room-for-travelers-with-ac-near-the-airport-karachi.en-gb.html?aid=304142&label=gen173nr-10CAQoggJCDWNpdHlfLTI3NjQ1ODRICVgEaLUBiAEBmAEzuAEHyAEM2AED6AEB-AEBiAIBqAIBuAL2i8LTBsACAdICJDM2N2ZjNzMzLWQxZjMtNGIzYy1hNzk4LTM5NDA5M2M3YTk2OdgCAeACAQ&ucfs=1&arphpl=1&checkin=2026-08-06&checkout=2026-08-07&dest_id=-2764584&dest_type=city&group_adults=2&req_adults=2&no_rooms=1&group_children=0&req_children=0&hpos=8&hapos=407&sr_order=popularity&srpvid=440f55fbd93f0178&srepoch=1785759274&all_sr_blocks=1459870101_417665671_2_0_0&highlighted_blocks=1459870101_417665671_2_0_0&matching_block_id=1459870101_417665671_2_0_0&sr_pri_blocks=1459870101_417665671_2_0_0__500000&from=searchresults,5000,,,Karachi,13.0,One-Bedroom Apartment,"2 beds (1 extra-large double, 1 futon)",0,0,1,https://cf.bstatic.com/xdata/images/hotel/square240/716253012.webp?k=04816254e52e1cced30d3c895a1cdd9822f16eb0efeda6a6743176476b6f6f4f&o=,4,Karachi
Vivid Studio Apt - Home Cinema at DHA VI Kh-Bukhari,https://www.booking.com/hotel/pk/vivid-studio-apt-home-cinema-at-dha-vi-kh-bukhari.en-gb.html?aid=304142&label=gen173nr-10CAQoggJCDWNpdHlfLTI3NjQ1ODRICVgEaLUBiAEBmAEzuAEHyAEM2AED6AEB-AEBiAIBqAIBuAL2i8LTBsACAdICJDM2N2ZjNzMzLWQxZjMtNGIzYy1hNzk4LTM5NDA5M2M3YTk2OdgCAeACAQ&ucfs=1&arphpl=1&checkin=2026-08-06&checkout=2026-08-07&dest_id=-2764584&dest_type=city&group_adults=2&req_adults=2&no_rooms=1&group_children=0&req_children=0&hpos=9&hapos=408&sr_order=popularity&srpvid=440f55fbd93f0178&srepoch=1785759274&all_sr_blocks=1462456901_417552613_3_0_0&highlighted_blocks=1462456901_417552613_3_0_0&matching_block_id=1462456901_417552613_3_0_0&sr_pri_blocks=1462456901_417552613_3_0_0__1600000&from=searchresults,16000,,,"D.H.A., Karachi (D.H.A.)",8.9,One-Bedroom Apartment,"2 beds (1 double, 1 sofa bed)",0,0,1,https://cf.bstatic.com/xdata/images/hotel/square240/719042869.webp?k=58513d3ca96546e817eb096a85daffcd7785f339a89c5776e70ef9de3252909d&o=,5,Karachi
Classic Bhk in small bukhari ph6,https://www.booking.com/hotel/pk/classic-bhk-in-small-bukhari-ph6-karachi.en-gb.html?aid=304142&label=gen173nr-10CAQoggJCDWNpdHlfLTI3NjQ1ODRICVgEaLUBiAEBmAEzuAEHyAEM2AED6AEB-AEBiAIBqAIBuAL2i8LTBsACAdICJDM2N2ZjNzMzLWQxZjMtNGIzYy1hNzk4LTM5NDA5M2M3YTk2OdgCAeACAQ&ucfs=1&arphpl=1&checkin=2026-08-06&checkout=2026-08-07&dest_id=-2764584&dest_type=city&group_adults=2&req_adults=2&no_rooms=1&group_children=0&req_children=0&hpos=10&hapos=409&sr_order=popularity&srpvid=440f55fbd93f0178&srepoch=1785759274&all_sr_blocks=1420445401_413696673_3_0_0&highlighted_blocks=1420445401_413696673_3_0_0&matching_block_id=1420445401_413696673_3_0_0&sr_pri_blocks=1420445401_413696673_3_0_0__1250000&from=searchresults,12500,,,"D.H.A., Karachi (D.H.A.)",8.9,Two-Bedroom Apartment,"2 beds (1 single, 1 double)",0,1,1,https://cf.bstatic.com/xdata/images/hotel/square240/686446911.webp?k=d59d063cdc4d52842b94e788be076ed738e2b47e09ac8c49bc03bc6cea96b235&o=,6,Karachi
"Al Mehran Towers 3BR Near Airport, Lift, Parking",https://www.booking.com/hotel/pk/al-mehran-towers-3br-near-airport-lift-parking.en-gb.html?aid=304142&label=gen173nr-10CAQoggJCDWNpdHlfLTI3NjQ1ODRICVgEaLUBiAEBmAEzuAEHyAEM2AED6AEB-AEBiAIBqAIBuAL2i8LTBsACAdICJDM2N2ZjNzMzLWQxZjMtNGIzYy1hNzk4LTM5NDA5M2M3YTk2OdgCAeACAQ&ucfs=1&arphpl=1&checkin=2026-08-06&checkout=2026-08-07&dest_id=-2764584&dest_type=city&group_adults=2&req_adults=2&no_rooms=1&group_children=0&req_children=0&hpos=11&hapos=410&sr_order=popularity&srpvid=440f55fbd93f0178&srepoch=1785759274&all_sr_blocks=1612959601_432192811_6_0_0&highlighted_blocks=1612959601_432192811_6_0_0&matching_block_id=1612959601_432192811_6_0_0&sr_pri_blocks=1612959601_432192811_6_0_0__1500000&from=searchresults,15000,,,Karachi,14.9,One-Bedroom Apartment,"4 beds (2 doubles, 2 sofa beds)",0,1,1,https://cf.bstatic.com/xdata/images/hotel/square240/848507210.webp?k=bc9cb093f50a72c92185d0ef8f4bfef1842f3771d5c9269cdb410d0533110b10&o=,4,Karachi
600 Square Yard First Floor Guest House,https://www.booking.com/hotel/pk/600-square-yard-first-floor-guest-house.en-gb.html?aid=304142&label=gen173nr-10CAQoggJCDWNpdHlfLTI3NjQ1ODRICVgEaLUBiAEBmAEzuAEHyAEM2AED6AEB-AEBiAIBqAIBuAL2i8LTBsACAdICJDM2N2ZjNzMzLWQxZjMtNGIzYy1hNzk4LTM5NDA5M2M3YTk2OdgCAeACAQ&ucfs=1&arphpl=1&checkin=2026-08-06&checkout=2026-08-07&dest_id=-2764584&dest_type=city&group_adults=2&req_adults=2&no_rooms=1&group_children=0&req_children=0&hpos=12&hapos=411&sr_order=popularity&srpvid=440f55fbd93f0178&srepoch=1785759274&all_sr_blocks=1334886301_405969460_15_0_0&highlighted_blocks=1334886301_405969460_15_0_0&matching_block_id=1334886301_405969460_15_0_0&sr_pri_blocks=1334886301_405969460_15_0_0__2500000&from=searchresults,25000,,,Karachi,10.0,Five-Bedroom House,"21 beds (16 sofa beds, 5 large doubles)",0,0,1,https://cf.bstatic.com/xdata/images/hotel/square240/631920346.webp?k=67225516961e6ad1ed979d26e6618f4bb4bf9503ac2385fff1561d52b3539e51&o=,3,Karachi
White Lotus Karachi,https://www.booking.com/hotel/pk/white-lotus-karachi.en-gb.html?aid=304142&label=gen173nr-10CAQoggJCDWNpdHlfLTI3NjQ1ODRICVgEaLUBiAEBmAEzuAEHyAEM2AED6AEB-AEBiAIBqAIBuAL2i8LTBsACAdICJDM2N2ZjNzMzLWQxZjMtNGIzYy1hNzk4LTM5NDA5M2M3YTk2OdgCAeACAQ&ucfs=1&arphpl=1&checkin=2026-08-06&checkout=2026-08-07&dest_id=-2764584&dest_type=city&group_adults=2&req_adults=2&no_rooms=1&group_children=0&req_children=0&hpos=13&hapos=412&sr_order=popularity&srpvid=440f55fbd93f0178&srepoch=1785759274&all_sr_blocks=1114359001_384351360_4_0_0&highlighted_blocks=1114359001_384351360_4_0_0&matching_block_id=1114359001_384351360_4_0_0&sr_pri_blocks=1114359001_384351360_4_0_0__1980000&from=searchresults,19800,10,1.0,Karachi,7.1,Two-Bedroom House,"3 beds (2 singles, 1 large double)",0,0,0,https://cf.bstatic.com/xdata/images/hotel/square240/509480630.webp?k=dc6530619f0d95d2faeaaaa135ff1adf522bea963ac65f5eb9a82af5b6983bab&o=,10,Karachi
Driftwood Beach Escape,https://www.booking.com/hotel/pk/driftwood-beach-escape.en-gb.html?aid=304142&label=gen173nr-10CAQoggJCDWNpdHlfLTI3NjQ1ODRICVgEaLUBiAEBmAEzuAEHyAEM2AED6AEB-AEBiAIBqAIBuAL2i8LTBsACAdICJDM2N2ZjNzMzLWQxZjMtNGIzYy1hNzk4LTM5NDA5M2M3YTk2OdgCAeACAQ&ucfs=1&arphpl=1&checkin=2026-08-06&checkout=2026-08-07&dest_id=-2764584&dest_type=city&group_adults=2&req_adults=2&no_rooms=1&group_children=0&req_children=0&hpos=14&hapos=413&sr_order=popularity&srpvid=440f55fbd93f0178&srepoch=1785759274&all_sr_blocks=1581125601_429214005_15_0_0&highlighted_blocks=1581125601_429214005_15_0_0&matching_block_id=1581125601_429214005_15_0_0&sr_pri_blocks=1581125601_429214005_15_0_0__5950000&from=searchresults,59500,,,Karachi,12.3,Two-Bedroom House,"4 beds (1 double, 3 sofa beds)",0,1,1,https://cf.bstatic.com/xdata/images/hotel/square240/823074662.webp?k=7419a1ef6104a140fb22a14ae6f50fbb1b3bd207fd0a1fc1e4435e765afa699a&o=,5,Karachi
Fully Furnished Fully Renovated Appartment For Rent,https://www.booking.com/hotel/pk/fully-furnished-fully-renovated-appartment-for-rent.en-gb.html?aid=304142&label=gen173nr-10CAQoggJCDWNpdHlfLTI3NjQ1ODRICVgEaLUBiAEBmAEzuAEHyAEM2AED6AEB-AEBiAIBqAIBuAL2i8LTBsACAdICJDM2N2ZjNzMzLWQxZjMtNGIzYy1hNzk4LTM5NDA5M2M3YTk2OdgCAeACAQ&ucfs=1&arphpl=1&checkin=2026-08-06&checkout=2026-08-07&dest_id=-2764584&dest_type=city&group_adults=2&req_adults=2&no_rooms=1&group_children=0&req_children=0&hpos=15&hapos=414&sr_order=popularity&srpvid=440f55fbd93f0178&srepoch=1785759274&all_sr_blocks=1618978901_432725877_4_0_0&highlighted_blocks=1618978901_432725877_4_0_0&matching_block_id=1618978901_432725877_4_0_0&sr_pri_blocks=1618978901_432725877_4_0_0__2000000&from=searchresults,20000,,,"D.H.A., Karachi (D.H.A.)",7.6,One-Bedroom Apartment,"3 beds (2 singles, 1 double)",0,1,1,https://cf.bstatic.com/xdata/images/hotel/square240/854387290.webp?k=6543cbcafcb6764c990609bf18fef12bdba6fd14a015af42863af1b9a325b1fc&o=,4,Karachi
Saima Residencia,https://www.booking.com/hotel/pk/samia-residencia-karachi.en-gb.html?aid=304142&label=gen173nr-10CAQoggJCDWNpdHlfLTI3NjQ1ODRICVgEaLUBiAEBmAEzuAEHyAEM2AED6AEB-AEBiAIBqAIBuAL2i8LTBsACAdICJDM2N2ZjNzMzLWQxZjMtNGIzYy1hNzk4LTM5NDA5M2M3YTk2OdgCAeACAQ&ucfs=1&arphpl=1&checkin=2026-08-06&checkout=2026-08-07&dest_id=-2764584&dest_type=city&group_adults=2&req_adults=2&no_rooms=1&group_children=0&req_children=0&hpos=16&hapos=415&sr_order=popularity&srpvid=440f55fbd93f0178&srepoch=1785759274&all_sr_blocks=1650466701_437072860_4_0_0&highlighted_blocks=1650466701_437072860_4_0_0&matching_block_id=1650466701_437072860_4_0_0&sr_pri_blocks=1650466701_437072860_4_0_0__899910&from=searchresults,8999,,,Karachi,14.0,Two-Bedroom Apartment,2 extra-large double beds,0,1,1,https://cf.bstatic.com/xdata/images/hotel/square240/871832974.webp?k=4a8b86a61b81f4756f63b0e5b5e5eb3ff505b2725e5c60d9f8557a131294e05d&o=,4,Karachi
Luxury Beach Villa Karachi,https://www.booking.com/hotel/pk/luxury-beach-villa-karachi.en-gb.html?aid=304142&label=gen173nr-10CAQoggJCDWNpdHlfLTI3NjQ1ODRICVgEaLUBiAEBmAEzuAEHyAEM2AED6AEB-AEBiAIBqAIBuAL2i8LTBsACAdICJDM2N2ZjNzMzLWQxZjMtNGIzYy1hNzk4LTM5NDA5M2M3YTk2OdgCAeACAQ&ucfs=1&arphpl=1&checkin=2026-08-06&checkout=2026-08-07&dest_id=-2764584&dest_type=city&group_adults=2&req_adults=2&no_rooms=1&group_children=0&req_children=0&hpos=17&hapos=416&sr_order=popularity&srpvid=440f55fbd93f0178&srepoch=1785759274&all_sr_blocks=1584787401_429605926_5_0_0&highlighted_blocks=1584787401_429605926_5_0_0&matching_block_id=1584787401_429605926_5_0_0&sr_pri_blocks=1584787401_429605926_5_0_0__22500000&from=searchresults,225000,,,Karachi,14.6,Villa - Beach Front,2 large double beds,0,0,1,https://cf.bstatic.com/xdata/images/hotel/square240/826340197.webp?k=d5a9c8d703be844906ac980941b4b62daebaeafef3dbe18b8466a96f565b4bef&o=,4,Karachi
Fully Furnished Family Home,https://www.booking.com/hotel/pk/fully-furnished-family-home.en-gb.html?aid=304142&label=gen173nr-10CAQoggJCDWNpdHlfLTI3NjQ1ODRICVgEaLUBiAEBmAEzuAEHyAEM2AED6AEB-AEBiAIBqAIBuAL2i8LTBsACAdICJDM2N2ZjNzMzLWQxZjMtNGIzYy1hNzk4LTM5NDA5M2M3YTk2OdgCAeACAQ&ucfs=1&arphpl=1&checkin=2026-08-06&checkout=2026-08-07&dest_id=-2764584&dest_type=city&group_adults=2&req_adults=2&no_rooms=1&group_children=0&req_children=0&hpos=18&hapos=417&sr_order=popularity&srpvid=440f55fbd93f0178&srepoch=1785759274&all_sr_blocks=1386169501_410632085_4_0_0&highlighted_blocks=1386169501_410632085_4_0_0&matching_block_id=1386169501_410632085_4_0_0&sr_pri_blocks=1386169501_410632085_4_0_0__714000&from=searchresults,7140,,,Karachi,13.3,Two-Bedroom House,1 double bed,0,1,1,https://cf.bstatic.com/xdata/images/hotel/square240/665683063.webp?k=29d2326162eb6c8e0601e21d31dc1e3299c0487d54e76e68c38649619545ff5f&o=,4,Karachi
Classic Bhk in small bukhari ph6,https://www.booking.com/hotel/pk/classic-bhk-in-small-bukhari-ph6.en-gb.html?aid=304142&label=gen173nr-10CAQoggJCDWNpdHlfLTI3NjQ1ODRICVgEaLUBiAEBmAEzuAEHyAEM2AED6AEB-AEBiAIBqAIBuAL2i8LTBsACAdICJDM2N2ZjNzMzLWQxZjMtNGIzYy1hNzk4LTM5NDA5M2M3YTk2OdgCAeACAQ&ucfs=1&arphpl=1&checkin=2026-08-06&checkout=2026-08-07&dest_id=-2764584&dest_type=city&group_adults=2&req_adults=2&no_rooms=1&group_children=0&req_children=0&hpos=19&hapos=418&sr_order=popularity&srpvid=440f55fbd93f0178&srepoch=1785759274&all_sr_blocks=1418775901_413547232_3_0_0&highlighted_blocks=1418775901_413547232_3_0_0&matching_block_id=1418775901_413547232_3_0_0&sr_pri_blocks=1418775901_413547232_3_0_0__1350000&from=searchresults,13500,,,"D.H.A., Karachi (D.H.A.)",8.9,Two-Bedroom Apartment,"2 beds (1 single, 1 double)",0,1,1,https://cf.bstatic.com/xdata/images/hotel/square240/685294303.webp?k=959a9140acdd1871799a1bab8ffeb5b3b546523fd5c941bbe41726def148279f&o=,5,Karachi
2 bed beautiful private apartment for family,https://www.booking.com/hotel/pk/2-bed-beautiful-private-apartment-for-family.en-gb.html?aid=304142&label=gen173nr-10CAQoggJCDWNpdHlfLTI3NjQ1ODRICVgEaLUBiAEBmAEzuAEHyAEM2AED6AEB-AEBiAIBqAIBuAL2i8LTBsACAdICJDM2N2ZjNzMzLWQxZjMtNGIzYy1hNzk4LTM5NDA5M2M3YTk2OdgCAeACAQ&ucfs=1&arphpl=1&checkin=2026-08-06&checkout=2026-08-07&dest_id=-2764584&dest_type=city&group_adults=2&req_adults=2&no_rooms=1&group_children=0&req_children=0&hpos=20&hapos=419&sr_order=popularity&srpvid=440f55fbd93f0178&srepoch=1785759274&all_sr_blocks=1600308701_430994537_4_0_0&highlighted_blocks=1600308701_430994537_4_0_0&matching_block_id=1600308701_430994537_4_0_0&sr_pri_blocks=1600308701_430994537_4_0_0__800000&from=searchresults,8000,,,Karachi,14.9,Two-Bedroom Apartment,"3 beds (1 single, 1 double, 1 futon)",0,1,1,https://cf.bstatic.com/xdata/images/hotel/square240/837725866.webp?k=f2b2be1bfc71ede89808f04d57435e71a4f3da83b30c8c28f70d90e877bb62df&o=,4,Karachi
2BR Private Kitchen 43 TV Fridge Dispensor etc,https://www.booking.com/hotel/pk/2br-private-kitchen-43-tv-fridge-dispensor-etc.en-gb.html?aid=304142&label=gen173nr-10CAQoggJCDWNpdHlfLTI3NjQ1ODRICVgEaLUBiAEBmAEzuAEHyAEM2AED6AEB-AEBiAIBqAIBuAL2i8LTBsACAdICJDM2N2ZjNzMzLWQxZjMtNGIzYy1hNzk4LTM5NDA5M2M3YTk2OdgCAeACAQ&ucfs=1&arphpl=1&checkin=2026-08-06&checkout=2026-08-07&dest_id=-2764584&dest_type=city&group_adults=2&req_adults=2&no_rooms=1&group_children=0&req_children=0&hpos=21&hapos=420&sr_order=popularity&srpvid=440f55fbd93f0178&srepoch=1785759274&all_sr_blocks=1463744601_417682630_4_0_0&highlighted_blocks=1463744601_417682630_4_0_0&matching_block_id=1463744601_417682630_4_0_0&sr_pri_blocks=1463744601_417682630_4_0_0__1000000&from=searchresults,10000,,,Karachi,5.0,One-Bedroom Apartment,"2 beds (1 double, 1 sofa bed)",0,1,1,https://cf.bstatic.com/xdata/images/hotel/square240/720529950.webp?k=fbdfc02f8c57d7bd068c1c69163b58bcc8b656a0b447cd95bb26f00621216072&o=,4,Karachi
Vacation house,https://www.booking.com/hotel/pk/vacation-house-karachi.en-gb.html?aid=304142&label=gen173nr-10CAQoggJCDWNpdHlfLTI3NjQ1ODRICVgEaLUBiAEBmAEzuAEHyAEM2AED6AEB-AEBiAIBqAIBuAL2i8LTBsACAdICJDM2N2ZjNzMzLWQxZjMtNGIzYy1hNzk4LTM5NDA5M2M3YTk2OdgCAeACAQ&ucfs=1&arphpl=1&checkin=2026-08-06&checkout=2026-08-07&dest_id=-2764584&dest_type=city&group_adults=2&req_adults=2&no_rooms=1&group_children=0&req_children=0&hpos=22&hapos=421&sr_order=popularity&srpvid=440f55fbd93f0178&srepoch=1785759274&all_sr_blocks=1616093401_432476368_7_0_0&highlighted_blocks=1616093401_432476368_7_0_0&matching_block_id=1616093401_432476368_7_0_0&sr_pri_blocks=1616093401_432476368_7_0_0__1500000&from=searchresults,15000,,,Karachi,8.3,Three-Bedroom House,"3 beds (2 doubles, 1 sofa bed)",0,0,1,https://cf.bstatic.com/xdata/images/hotel/square240/850890244.webp?k=b510de1f5b6bbec1ad3a66833aba03400c0d3df3d91a6fd3cb8bb863c1957ba6&o=,3,Karachi
Family Two BR DD Apartment Near Karachi Airport,https://www.booking.com/hotel/pk/2-bed-apartment-with-tv-lounge.en-gb.html?aid=304142&label=gen173nr-10CAQoggJCDWNpdHlfLTI3NjQ1ODRICVgEaLUBiAEBmAEzuAEHyAEM2AED6AEB-AEBiAIBqAIBuAL2i8LTBsACAdICJDM2N2ZjNzMzLWQxZjMtNGIzYy1hNzk4LTM5NDA5M2M3YTk2OdgCAeACAQ&ucfs=1&arphpl=1&checkin=2026-08-06&checkout=2026-08-07&dest_id=-2764584&dest_type=city&group_adults=2&req_adults=2&no_rooms=1&group_children=0&req_children=0&hpos=23&hapos=422&sr_order=popularity&srpvid=440f55fbd93f0178&srepoch=1785759274&all_sr_blocks=1583561801_429468314_2_0_0&highlighted_blocks=1583561801_429468314_2_0_0&matching_block_id=1583561801_429468314_2_0_0&sr_pri_blocks=1583561801_429468314_2_0_0__1500000&from=searchresults,15000,,,Karachi,15.6,Family Two-Bedroom Apartment with View,2 extra-large double beds,0,1,1,https://cf.bstatic.com/xdata/images/hotel/square240/842496869.webp?k=0bc7766066181e57884a5b52ff4e3ab31d755bfc2411045ced58f518dad39968&o=,4,Karachi
"Brand New Luxuries and Cozy Beautiful Home in Gulshan-e-Maymar, Karachi",https://www.booking.com/hotel/pk/brand-new-luxuries-and-cozy-beautiful-home-in-karachi.en-gb.html?aid=304142&label=gen173nr-10CAQoggJCDWNpdHlfLTI3NjQ1ODRICVgEaLUBiAEBmAEzuAEHyAEM2AED6AEB-AEBiAIBqAIBuAL2i8LTBsACAdICJDM2N2ZjNzMzLWQxZjMtNGIzYy1hNzk4LTM5NDA5M2M3YTk2OdgCAeACAQ&ucfs=1&arphpl=1&checkin=2026-08-06&checkout=2026-08-07&dest_id=-2764584&dest_type=city&group_adults=2&req_adults=2&no_rooms=1&group_children=0&req_children=0&hpos=24&hapos=423&sr_order=popularity&srpvid=440f55fbd93f0178&srepoch=1785759274&all_sr_blocks=1419505201_416647787_3_0_0&highlighted_blocks=1419505201_416647787_3_0_0&matching_block_id=1419505201_416647787_3_0_0&sr_pri_blocks=1419505201_416647787_3_0_0__3457740&from=searchresults,34577,,,Karachi,17.7,Three-Bedroom House,"7 beds (3 extra-large doubles, 4 sofa beds)",0,1,1,https://cf.bstatic.com/xdata/images/hotel/square240/685829476.webp?k=a0c72fe8339d0cb3aa8c17af9c084ce5e4571030326880fbd87c38d543d9e6c9&o=,5,Karachi
Khan Lodge,https://www.booking.com/hotel/pk/khan-lodge.en-gb.html?aid=304142&label=gen173nr-10CAQoggJCDWNpdHlfLTI3NjQ1ODRICVgEaLUBiAEBmAEzuAEHyAEM2AED6AEB-AEBiAIBqAIBuAL2i8LTBsACAdICJDM2N2ZjNzMzLWQxZjMtNGIzYy1hNzk4LTM5NDA5M2M3YTk2OdgCAeACAQ&ucfs=1&arphpl=1&checkin=2026-08-06&checkout=2026-08-07&dest_id=-2764584&dest_type=city&group_adults=2&req_adults=2&no_rooms=1&group_children=0&req_children=0&hpos=25&hapos=424&sr_order=popularity&srpvid=440f55fbd93f0178&srepoch=1785759274&all_sr_blocks=1630941101_433635235_2_0_0&highlighted_blocks=1630941101_433635235_2_0_0&matching_block_id=1630941101_433635235_2_0_0&sr_pri_blocks=1630941101_433635235_2_0_0__1350000&from=searchresults,13500,,,"Clifton, Karachi",5.1,Family Room with Private Bathroom,1 large double bed,0,1,1,https://cf.bstatic.com/xdata/images/hotel/square240/861749807.webp?k=6a2d05032475c7eafce83066e6cabedf93424ccdc5aaa87d40186914dcd621f2&o=,5,Karachi
DHA Signature Suites Two-Bedroom Apartment,https://www.booking.com/hotel/pk/dha-signature-suites-two-bedroom-apartment.en-gb.html?aid=304142&label=gen173nr-10CAQoggJCDWNpdHlfLTI3NjQ1ODRICVgEaLUBiAEBmAEzuAEHyAEM2AED6AEB-AEBiAIBqAIBuAL2i8LTBsACAdICJDM2N2ZjNzMzLWQxZjMtNGIzYy1hNzk4LTM5NDA5M2M3YTk2OdgCAeACAQ&ucfs=1&arphpl=1&checkin=2026-08-06&checkout=2026-08-07&dest_id=-2764584&dest_type=city&group_adults=2&req_adults=2&no_rooms=1&group_children=0&req_children=0&hpos=1&hapos=425&sr_order=popularity&srpvid=440f55fbd93f0178&srepoch=1785759278&all_sr_blocks=1552071601_426388880_4_0_0&highlighted_blocks=1552071601_426388880_4_0_0&matching_block_id=1552071601_426388880_4_0_0&sr_pri_blocks=1552071601_426388880_4_0_0__1250000&from=searchresults,12500,,,"D.H.A., Karachi (D.H.A.)",8.3,Two-Bedroom Apartment,"3 beds (1 single, 1 double, 1 sofa bed)",0,1,1,https://cf.bstatic.com/xdata/images/hotel/square240/798138020.webp?k=4d111589d9c8e0dc5be0ce690976a117605eaeb2e5fc2a333b1fdbd5b1ef4745&o=,5,Karachi
Three bedroom furnished apartment in Main Shahrah e Faisal Karachi,https://www.booking.com/hotel/pk/three-bedroom-furnished-apartment-in-main-shahrah-e-faisal-karachi.en-gb.html?aid=304142&label=gen173nr-10CAQoggJCDWNpdHlfLTI3NjQ1ODRICVgEaLUBiAEBmAEzuAEHyAEM2AED6AEB-AEBiAIBqAIBuAL2i8LTBsACAdICJDM2N2ZjNzMzLWQxZjMtNGIzYy1hNzk4LTM5NDA5M2M3YTk2OdgCAeACAQ&ucfs=1&arphpl=1&checkin=2026-08-06&checkout=2026-08-07&dest_id=-2764584&dest_type=city&group_adults=2&req_adults=2&no_rooms=1&group_children=0&req_children=0&hpos=2&hapos=426&sr_order=popularity&srpvid=440f55fbd93f0178&srepoch=1785759278&all_sr_blocks=1424086401_414030145_6_0_0&highlighted_blocks=1424086401_414030145_6_0_0&matching_block_id=1424086401_414030145_6_0_0&sr_pri_blocks=1424086401_414030145_6_0_0__2800000&from=searchresults,28000,,,Karachi,3.4,Three-Bedroom Apartment,"3 beds (2 singles, 1 double)",0,1,1,https://cf.bstatic.com/xdata/images/hotel/square240/688634980.webp?k=8dcb982f40d8b8766e8dde29f93de878fb441b9dd20e9940cbeace0fad927caa&o=,4,Karachi
1 bed lounge apt DHA phase 7 extension,https://www.booking.com/hotel/pk/1-bed-lounge-apt-dha-phase-7-extension.en-gb.html?aid=304142&label=gen173nr-10CAQoggJCDWNpdHlfLTI3NjQ1ODRICVgEaLUBiAEBmAEzuAEHyAEM2AED6AEB-AEBiAIBqAIBuAL2i8LTBsACAdICJDM2N2ZjNzMzLWQxZjMtNGIzYy1hNzk4LTM5NDA5M2M3YTk2OdgCAeACAQ&ucfs=1&arphpl=1&checkin=2026-08-06&checkout=2026-08-07&dest_id=-2764584&dest_type=city&group_adults=2&req_adults=2&no_rooms=1&group_children=0&req_children=0&hpos=3&hapos=427&sr_order=popularity&srpvid=440f55fbd93f0178&srepoch=1785759278&all_sr_blocks=1559693501_427071348_4_0_0&highlighted_blocks=1559693501_427071348_4_0_0&matching_block_id=1559693501_427071348_4_0_0&sr_pri_blocks=1559693501_427071348_4_0_0__1850000&from=searchresults,18500,,,"D.H.A., Karachi (D.H.A.)",6.3,One-Bedroom Apartment,"2 beds (1 sofa bed, 1 large double)",0,1,1,https://cf.bstatic.com/xdata/images/hotel/square240/805177037.webp?k=5cafabe53e1a228fb6aed514e5de22ca84441c11d6d1792281c8c7ecf69b912b&o=,5,Karachi
First Floor Guest House,https://www.booking.com/hotel/pk/first-floor-guest-house.en-gb.html?aid=304142&label=gen173nr-10CAQoggJCDWNpdHlfLTI3NjQ1ODRICVgEaLUBiAEBmAEzuAEHyAEM2AED6AEB-AEBiAIBqAIBuAL2i8LTBsACAdICJDM2N2ZjNzMzLWQxZjMtNGIzYy1hNzk4LTM5NDA5M2M3YTk2OdgCAeACAQ&ucfs=1&arphpl=1&checkin=2026-08-06&checkout=2026-08-07&dest_id=-2764584&dest_type=city&group_adults=2&req_adults=2&no_rooms=1&group_children=0&req_children=0&hpos=4&hapos=428&sr_order=popularity&srpvid=440f55fbd93f0178&srepoch=1785759278&all_sr_blocks=1290243101_401976006_15_0_0&highlighted_blocks=1290243101_401976006_15_0_0&matching_block_id=1290243101_401976006_15_0_0&sr_pri_blocks=1290243101_401976006_15_0_0__2090000&from=searchresults,20900,,,Karachi,10.5,Four-Bedroom House,"11 beds (7 sofa beds, 4 large doubles)",0,0,1,https://cf.bstatic.com/xdata/images/hotel/square240/602716381.webp?k=18d0c9afab029056beaa8e427251d281fdd73cb5c99a10934160036f14f0dffb&o=,3,Karachi
Saima Jinnah Avenue askri 5,https://www.booking.com/hotel/pk/saima-jinnah-avenue-askri-5.en-gb.html?aid=304142&label=gen173nr-10CAQoggJCDWNpdHlfLTI3NjQ1ODRICVgEaLUBiAEBmAEzuAEHyAEM2AED6AEB-AEBiAIBqAIBuAL2i8LTBsACAdICJDM2N2ZjNzMzLWQxZjMtNGIzYy1hNzk4LTM5NDA5M2M3YTk2OdgCAeACAQ&ucfs=1&arphpl=1&checkin=2026-08-06&checkout=2026-08-07&dest_id=-2764584&dest_type=city&group_adults=2&req_adults=2&no_rooms=1&group_children=0&req_children=0&hpos=5&hapos=429&sr_order=popularity&srpvid=440f55fbd93f0178&srepoch=1785759278&all_sr_blocks=1605222501_431447692_0_0_0&highlighted_blocks=1605222501_431447692_0_0_0&matching_block_id=1605222501_431447692_0_0_0&sr_pri_blocks=1605222501_431447692_0_0_0__2520000&from=searchresults,25200,,,Karachi,16.9,Three-Bedroom Apartment,3 large double beds,0,1,1,https://cf.bstatic.com/xdata/images/hotel/square240/883336605.webp?k=c01ee5228deccad80951a1bd4ae4dd97035166839a898c2af4bcbd1ef95f9275&o=,5,Karachi
1 Bed apt At Nishat commercial DHA phase 6,https://www.booking.com/hotel/pk/2-bed-apt-at-nishat-commercial-dha-phase-6.en-gb.html?aid=304142&label=gen173nr-10CAQoggJCDWNpdHlfLTI3NjQ1ODRICVgEaLUBiAEBmAEzuAEHyAEM2AED6AEB-AEBiAIBqAIBuAL2i8LTBsACAdICJDM2N2ZjNzMzLWQxZjMtNGIzYy1hNzk4LTM5NDA5M2M3YTk2OdgCAeACAQ&ucfs=1&arphpl=1&checkin=2026-08-06&checkout=2026-08-07&dest_id=-2764584&dest_type=city&group_adults=2&req_adults=2&no_rooms=1&group_children=0&req_children=0&hpos=6&hapos=430&sr_order=popularity&srpvid=440f55fbd93f0178&srepoch=1785759278&all_sr_blocks=1586339901_429749359_3_0_0&highlighted_blocks=1586339901_429749359_3_0_0&matching_block_id=1586339901_429749359_3_0_0&sr_pri_blocks=1586339901_429749359_3_0_0__2200000&from=searchresults,22000,,,"D.H.A., Karachi (D.H.A.)",7.5,One-Bedroom Apartment,"2 beds (1 double, 1 sofa bed)",0,1,1,https://cf.bstatic.com/xdata/images/hotel/square240/826983212.webp?k=6051371d6a00af0ab7f333f16935abf2a4ca243d01a37ea84556f9cf47e8e061&o=,5,Karachi
Galaxy Family Guest House,https://www.booking.com/hotel/pk/tha-villa.en-gb.html?aid=304142&label=gen173nr-10CAQoggJCDWNpdHlfLTI3NjQ1ODRICVgEaLUBiAEBmAEzuAEHyAEM2AED6AEB-AEBiAIBqAIBuAL2i8LTBsACAdICJDM2N2ZjNzMzLWQxZjMtNGIzYy1hNzk4LTM5NDA5M2M3YTk2OdgCAeACAQ&ucfs=1&arphpl=1&checkin=2026-08-06&checkout=2026-08-07&dest_id=-2764584&dest_type=city&group_adults=2&req_adults=2&no_rooms=1&group_children=0&req_children=0&hpos=7&hapos=431&sr_order=popularity&srpvid=440f55fbd93f0178&srepoch=1785759278&all_sr_blocks=1460711104_417371725_4_0_0&highlighted_blocks=1460711104_417371725_4_0_0&matching_block_id=1460711104_417371725_4_0_0&sr_pri_blocks=1460711104_417371725_4_0_0__800000&from=searchresults,8000,,,"Gulshan-E-Jamal, Karachi",7.4,Budget Triple Room,"2 beds (1 single, 1 large double)",0,1,1,https://cf.bstatic.com/xdata/images/hotel/square240/719066680.webp?k=3626e4413fc4da3b81ca579baa5330475a37ab55954b95c7fe0306ac9c37b7cf&o=,4,Karachi
Home Sweet Home,https://www.booking.com/hotel/pk/home-sweet-home-karachi1.en-gb.html?aid=304142&label=gen173nr-10CAQoggJCDWNpdHlfLTI3NjQ1ODRICVgEaLUBiAEBmAEzuAEHyAEM2AED6AEB-AEBiAIBqAIBuAL2i8LTBsACAdICJDM2N2ZjNzMzLWQxZjMtNGIzYy1hNzk4LTM5NDA5M2M3YTk2OdgCAeACAQ&ucfs=1&arphpl=1&checkin=2026-08-06&checkout=2026-08-07&dest_id=-2764584&dest_type=city&group_adults=2&req_adults=2&no_rooms=1&group_children=0&req_children=0&hpos=8&hapos=432&sr_order=popularity&srpvid=440f55fbd93f0178&srepoch=1785759278&all_sr_blocks=1491142101_420773483_4_0_0&highlighted_blocks=1491142101_420773483_4_0_0&matching_block_id=1491142101_420773483_4_0_0&sr_pri_blocks=1491142101_420773483_4_0_0__3500000&from=searchresults,35000,10,1.0,"PECHS, Karachi",1.4,One-Bedroom Apartment,1 double bed,0,1,1,https://cf.bstatic.com/xdata/images/hotel/square240/744550223.webp?k=5f04033f12042e8ce1e5b7b7793963d3e82d5bd4f2fb9a97ba4aa02124d0a3d5&o=,12,Karachi
qasre naheed,https://www.booking.com/hotel/pk/qasre-ayesha.en-gb.html?aid=304142&label=gen173nr-10CAQoggJCDWNpdHlfLTI3NjQ1ODRICVgEaLUBiAEBmAEzuAEHyAEM2AED6AEB-AEBiAIBqAIBuAL2i8LTBsACAdICJDM2N2ZjNzMzLWQxZjMtNGIzYy1hNzk4LTM5NDA5M2M3YTk2OdgCAeACAQ&ucfs=1&arphpl=1&checkin=2026-08-06&checkout=2026-08-07&dest_id=-2764584&dest_type=city&group_adults=2&req_adults=2&no_rooms=1&group_children=0&req_children=0&hpos=9&hapos=433&sr_order=popularity&srpvid=440f55fbd93f0178&srepoch=1785759278&all_sr_blocks=1411382801_412882806_6_0_0_1075288&highlighted_blocks=1411382801_412882806_6_0_0_1075288&matching_block_id=1411382801_412882806_6_0_0_1075288&sr_pri_blocks=1411382801_412882806_6_0_0_1075288_1100000&from=searchresults,11000,,,Karachi,13.9,Three-Bedroom Apartment,2 double beds,0,1,1,https://cf.bstatic.com/xdata/images/hotel/square240/680874068.webp?k=3365e45b667bc5008401fe29c445378824efae87098a499b46472546abdcf434&o=,5,Karachi
The Times inn Couples,https://www.booking.com/hotel/pk/the-times-inn-couples-karachi1.en-gb.html?aid=304142&label=gen173nr-10CAQoggJCDWNpdHlfLTI3NjQ1ODRICVgEaLUBiAEBmAEzuAEHyAEM2AED6AEB-AEBiAIBqAIBuAL2i8LTBsACAdICJDM2N2ZjNzMzLWQxZjMtNGIzYy1hNzk4LTM5NDA5M2M3YTk2OdgCAeACAQ&ucfs=1&arphpl=1&checkin=2026-08-06&checkout=2026-08-07&dest_id=-2764584&dest_type=city&group_adults=2&req_adults=2&no_rooms=1&group_children=0&req_children=0&hpos=10&hapos=434&sr_order=popularity&srpvid=440f55fbd93f0178&srepoch=1785759278&all_sr_blocks=836320302_417520806_2_0_0&highlighted_blocks=836320302_417520806_2_0_0&matching_block_id=836320302_417520806_2_0_0&sr_pri_blocks=836320302_417520806_2_0_0__497174&from=searchresults,4972,8.5,2.0,Karachi,7.5,Deluxe Twin Room,2 single beds,0,1,1,https://cf.bstatic.com/xdata/images/hotel/square240/349258530.webp?k=a80c406bca2208a1f5dc66676daaaece63cc8cbea3b2a324b77bc3ba184aa838&o=,5,Karachi
Karachi Gulshan e Iqbal Luxury 3 Bedrooms Drawing Lounge Furnished Apartment,https://www.booking.com/hotel/pk/3-bed-drawing-lounge-furnished-apartment-in-gulshan-e-iqbal.en-gb.html?aid=304142&label=gen173nr-10CAQoggJCDWNpdHlfLTI3NjQ1ODRICVgEaLUBiAEBmAEzuAEHyAEM2AED6AEB-AEBiAIBqAIBuAL2i8LTBsACAdICJDM2N2ZjNzMzLWQxZjMtNGIzYy1hNzk4LTM5NDA5M2M3YTk2OdgCAeACAQ&ucfs=1&arphpl=1&checkin=2026-08-06&checkout=2026-08-07&dest_id=-2764584&dest_type=city&group_adults=2&req_adults=2&no_rooms=1&group_children=0&req_children=0&hpos=11&hapos=435&sr_order=popularity&srpvid=440f55fbd93f0178&srepoch=1785759278&all_sr_blocks=1517904601_423500179_6_0_0_1235975&highlighted_blocks=1517904601_423500179_6_0_0_1235975&matching_block_id=1517904601_423500179_6_0_0_1235975&sr_pri_blocks=1517904601_423500179_6_0_0_1235975_2300000&from=searchresults,23000,,,Karachi,7.6,Three-Bedroom Apartment,"4 beds (2 singles, 1 double, 1 sofa bed)",0,1,1,https://cf.bstatic.com/xdata/images/hotel/square240/801548458.webp?k=ef1775c40d1bdbce415f1dfce2c9b9485c4a3a638cae2b54020e13965ba852d6&o=,4,Karachi
Luxury Villa Bahria Town Karachi,https://www.booking.com/hotel/pk/luxury-villa-bahria-town-karachi-karachi.en-gb.html?aid=304142&label=gen173nr-10CAQoggJCDWNpdHlfLTI3NjQ1ODRICVgEaLUBiAEBmAEzuAEHyAEM2AED6AEB-AEBiAIBqAIBuAL2i8LTBsACAdICJDM2N2ZjNzMzLWQxZjMtNGIzYy1hNzk4LTM5NDA5M2M3YTk2OdgCAeACAQ&ucfs=1&arphpl=1&checkin=2026-08-06&checkout=2026-08-07&dest_id=-2764584&dest_type=city&group_adults=2&req_adults=2&no_rooms=1&group_children=0&req_children=0&hpos=12&hapos=436&sr_order=popularity&srpvid=440f55fbd93f0178&srepoch=1785759278&all_sr_blocks=1520999001_423764004_8_0_0&highlighted_blocks=1520999001_423764004_8_0_0&matching_block_id=1520999001_423764004_8_0_0&sr_pri_blocks=1520999001_423764004_8_0_0__3500000&from=searchresults,35000,,,Karachi,29.5,One-Bedroom Villa,"6 beds (1 extra-large double, 2 sofa beds, 3 large doubles)",0,1,1,https://cf.bstatic.com/xdata/images/hotel/square240/771874930.webp?k=de3235f528911c5f5df79355c4eef8f18472b4a030adeb005c5462f4d6f16cd1&o=,4,Karachi
Second Home 3BR Entire Place Gulshan Iqbal blk 10,https://www.booking.com/hotel/pk/second-home-3br-gulshan-iqbal-blk-10.en-gb.html?aid=304142&label=gen173nr-10CAQoggJCDWNpdHlfLTI3NjQ1ODRICVgEaLUBiAEBmAEzuAEHyAEM2AED6AEB-AEBiAIBqAIBuAL2i8LTBsACAdICJDM2N2ZjNzMzLWQxZjMtNGIzYy1hNzk4LTM5NDA5M2M3YTk2OdgCAeACAQ&ucfs=1&arphpl=1&checkin=2026-08-06&checkout=2026-08-07&dest_id=-2764584&dest_type=city&group_adults=2&req_adults=2&no_rooms=1&group_children=0&req_children=0&hpos=13&hapos=437&sr_order=popularity&srpvid=440f55fbd93f0178&srepoch=1785759278&all_sr_blocks=1477537601_419205904_6_0_0&highlighted_blocks=1477537601_419205904_6_0_0&matching_block_id=1477537601_419205904_6_0_0&sr_pri_blocks=1477537601_419205904_6_0_0__2000000&from=searchresults,20000,,,Karachi,7.0,Three-Bedroom House,2 single beds,0,1,1,https://cf.bstatic.com/xdata/images/hotel/square240/732634197.webp?k=22f9cf63ea910f1d60b75b05821870c8988e6a8ebd210ba3e52466d5678b766c&o=,4,Karachi
Best Banglow,https://www.booking.com/hotel/pk/best-banglow.en-gb.html?aid=304142&label=gen173nr-10CAQoggJCDWNpdHlfLTI3NjQ1ODRICVgEaLUBiAEBmAEzuAEHyAEM2AED6AEB-AEBiAIBqAIBuAL2i8LTBsACAdICJDM2N2ZjNzMzLWQxZjMtNGIzYy1hNzk4LTM5NDA5M2M3YTk2OdgCAeACAQ&ucfs=1&arphpl=1&checkin=2026-08-06&checkout=2026-08-07&dest_id=-2764584&dest_type=city&group_adults=2&req_adults=2&no_rooms=1&group_children=0&req_children=0&hpos=14&hapos=438&sr_order=popularity&srpvid=440f55fbd93f0178&srepoch=1785759278&all_sr_blocks=1616089601_432476004_7_0_0&highlighted_blocks=1616089601_432476004_7_0_0&matching_block_id=1616089601_432476004_7_0_0&sr_pri_blocks=1616089601_432476004_7_0_0__1500000&from=searchresults,15000,,,Karachi,8.3,Three-Bedroom House,1 double bed,0,0,1,https://cf.bstatic.com/xdata/images/hotel/square240/850888526.webp?k=7f8343f7f48a58c097a6771fd0140e650bc332fe385b4d4b66a2bda7428fd8de&o=,3,Karachi
Room for rent,https://www.booking.com/hotel/pk/room-for-rent-karachi.en-gb.html?aid=304142&label=gen173nr-10CAQoggJCDWNpdHlfLTI3NjQ1ODRICVgEaLUBiAEBmAEzuAEHyAEM2AED6AEB-AEBiAIBqAIBuAL2i8LTBsACAdICJDM2N2ZjNzMzLWQxZjMtNGIzYy1hNzk4LTM5NDA5M2M3YTk2OdgCAeACAQ&ucfs=1&arphpl=1&checkin=2026-08-06&checkout=2026-08-07&dest_id=-2764584&dest_type=city&group_adults=2&req_adults=2&no_rooms=1&group_children=0&req_children=0&hpos=15&hapos=439&sr_order=popularity&srpvid=440f55fbd93f0178&srepoch=1785759278&all_sr_blocks=1474439301_418845991_2_0_0&highlighted_blocks=1474439301_418845991_2_0_0&matching_block_id=1474439301_418845991_2_0_0&sr_pri_blocks=1474439301_418845991_2_0_0__2000000&from=searchresults,20000,,,Karachi,43.9,One-Bedroom Apartment,1 double bed,0,1,1,https://cf.bstatic.com/xdata/images/hotel/square240/729567671.webp?k=8da2c09763f0353d6fb348765066ac7aa32724758b43c36454325485757dc854&o=,4,Karachi
Olive Suites 2 BR Near Atrium Mall Karachi,https://www.booking.com/hotel/pk/olive-suites-karachi.en-gb.html?aid=304142&label=gen173nr-10CAQoggJCDWNpdHlfLTI3NjQ1ODRICVgEaLUBiAEBmAEzuAEHyAEM2AED6AEB-AEBiAIBqAIBuAL2i8LTBsACAdICJDM2N2ZjNzMzLWQxZjMtNGIzYy1hNzk4LTM5NDA5M2M3YTk2OdgCAeACAQ&ucfs=1&arphpl=1&checkin=2026-08-06&checkout=2026-08-07&dest_id=-2764584&dest_type=city&group_adults=2&req_adults=2&no_rooms=1&group_children=0&req_children=0&hpos=16&hapos=440&sr_order=popularity&srpvid=440f55fbd93f0178&srepoch=1785759278&all_sr_blocks=1408399301_412615579_3_0_0&highlighted_blocks=1408399301_412615579_3_0_0&matching_block_id=1408399301_412615579_3_0_0&sr_pri_blocks=1408399301_412615579_3_0_0__1822500&from=searchresults,18225,,,Karachi,5.0,Two-Bedroom Deluxe Apartment with Balcony,2 double beds,0,1,1,https://cf.bstatic.com/xdata/images/hotel/square240/769655101.webp?k=5d93557ab60c497fc8dbcc3a159a0cf063f5675ed7df3c9254b87d891d75640e&o=,4,Karachi
Spacious & elegant 4-Bedroom Home in DHA Ph-6 KHI,https://www.booking.com/hotel/pk/spacious-amp-elegant-3-bedroom-home-in-dha-ph-6-khi.en-gb.html?aid=304142&label=gen173nr-10CAQoggJCDWNpdHlfLTI3NjQ1ODRICVgEaLUBiAEBmAEzuAEHyAEM2AED6AEB-AEBiAIBqAIBuAL2i8LTBsACAdICJDM2N2ZjNzMzLWQxZjMtNGIzYy1hNzk4LTM5NDA5M2M3YTk2OdgCAeACAQ&ucfs=1&arphpl=1&checkin=2026-08-06&checkout=2026-08-07&dest_id=-2764584&dest_type=city&group_adults=2&req_adults=2&no_rooms=1&group_children=0&req_children=0&hpos=17&hapos=441&sr_order=popularity&srpvid=440f55fbd93f0178&srepoch=1785759278&all_sr_blocks=1530950001_432945218_8_0_0&highlighted_blocks=1530950001_432945218_8_0_0&matching_block_id=1530950001_432945218_8_0_0&sr_pri_blocks=1530950001_432945218_8_0_0__3960000&from=searchresults,39600,,,"D.H.A., Karachi (D.H.A.)",7.7,Three-Bedroom Villa,"6 beds (4 singles, 2 extra-large doubles)",0,1,1,https://cf.bstatic.com/xdata/images/hotel/square240/780454417.webp?k=081d76bb875ab69955a8e2387b6a6406f83256f28d387007ee4edf5cea028bc5&o=,6,Karachi
Amara Stay's,https://www.booking.com/hotel/pk/amara-stays.en-gb.html?aid=304142&label=gen173nr-10CAQoggJCDWNpdHlfLTI3NjQ1ODRICVgEaLUBiAEBmAEzuAEHyAEM2AED6AEB-AEBiAIBqAIBuAL2i8LTBsACAdICJDM2N2ZjNzMzLWQxZjMtNGIzYy1hNzk4LTM5NDA5M2M3YTk2OdgCAeACAQ&ucfs=1&arphpl=1&checkin=2026-08-06&checkout=2026-08-07&dest_id=-2764584&dest_type=city&group_adults=2&req_adults=2&no_rooms=1&group_children=0&req_children=0&hpos=18&hapos=442&sr_order=popularity&srpvid=440f55fbd93f0178&srepoch=1785759278&all_sr_blocks=1560650401_427170431_2_0_0&highlighted_blocks=1560650401_427170431_2_0_0&matching_block_id=1560650401_427170431_2_0_0&sr_pri_blocks=1560650401_427170431_2_0_0__1282500&from=searchresults,12825,,,"D.H.A., Karachi (D.H.A.)",7.6,One-Bedroom Apartment,"2 beds (1 double, 1 sofa bed)",0,1,1,https://cf.bstatic.com/xdata/images/hotel/square240/806118558.webp?k=2f5a3a198b0046beb2c3282dc0de92dd2fc193cfe7fba4207afa0e1b628b812b&o=,5,Karachi
Beautiful familie friends stay in Bharia town karachi villa bahria good Ali fly overs,https://www.booking.com/hotel/pk/bharia-town-karachi-villa-precinct-27-karachi.en-gb.html?aid=304142&label=gen173nr-10CAQoggJCDWNpdHlfLTI3NjQ1ODRICVgEaLUBiAEBmAEzuAEHyAEM2AED6AEB-AEBiAIBqAIBuAL2i8LTBsACAdICJDM2N2ZjNzMzLWQxZjMtNGIzYy1hNzk4LTM5NDA5M2M3YTk2OdgCAeACAQ&ucfs=1&arphpl=1&checkin=2026-08-06&checkout=2026-08-07&dest_id=-2764584&dest_type=city&group_adults=2&req_adults=2&no_rooms=1&group_children=0&req_children=0&hpos=19&hapos=443&sr_order=popularity&srpvid=440f55fbd93f0178&srepoch=1785759278&all_sr_blocks=1377350401_409858225_2_0_0&highlighted_blocks=1377350401_409858225_2_0_0&matching_block_id=1377350401_409858225_2_0_0&sr_pri_blocks=1377350401_409858225_2_0_0__924000&from=searchresults,9240,,,Karachi,11.4,One-Bedroom Villa,"2 beds (1 double, 1 sofa bed)",0,1,1,https://cf.bstatic.com/xdata/images/hotel/square240/658776136.webp?k=d94a916e2ed5979c50efe3dd9c19920c1b455588d73c0a6cfa27b86e1d3ff137&o=,4,Karachi
Spacious 3BR First-Floor Apartment North Nazimabad,https://www.booking.com/hotel/pk/spacious-3br-first-floor-apartment-north-nazimabad.en-gb.html?aid=304142&label=gen173nr-10CAQoggJCDWNpdHlfLTI3NjQ1ODRICVgEaLUBiAEBmAEzuAEHyAEM2AED6AEB-AEBiAIBqAIBuAL2i8LTBsACAdICJDM2N2ZjNzMzLWQxZjMtNGIzYy1hNzk4LTM5NDA5M2M3YTk2OdgCAeACAQ&ucfs=1&arphpl=1&checkin=2026-08-06&checkout=2026-08-07&dest_id=-2764584&dest_type=city&group_adults=2&req_adults=2&no_rooms=1&group_children=0&req_children=0&hpos=20&hapos=444&sr_order=popularity&srpvid=440f55fbd93f0178&srepoch=1785759278&all_sr_blocks=1476286901_419071518_4_0_0&highlighted_blocks=1476286901_419071518_4_0_0&matching_block_id=1476286901_419071518_4_0_0&sr_pri_blocks=1476286901_419071518_4_0_0__1710000&from=searchresults,17100,,,Karachi,7.7,Three-Bedroom Apartment,1 double bed,0,1,1,https://cf.bstatic.com/xdata/images/hotel/square240/731587737.webp?k=019d586a000ff5ba2ead0896d46b52b000f5f3a6385f8f1153cea99df234d558&o=,5,Karachi
Gourmet Getaway Three by Jannat Vacation Rentals,https://www.booking.com/hotel/pk/gourmet-getaway-three-by-jannat-vacation-rentals.en-gb.html?aid=304142&label=gen173nr-10CAQoggJCDWNpdHlfLTI3NjQ1ODRICVgEaLUBiAEBmAEzuAEHyAEM2AED6AEB-AEBiAIBqAIBuAL2i8LTBsACAdICJDM2N2ZjNzMzLWQxZjMtNGIzYy1hNzk4LTM5NDA5M2M3YTk2OdgCAeACAQ&ucfs=1&arphpl=1&checkin=2026-08-06&checkout=2026-08-07&dest_id=-2764584&dest_type=city&group_adults=2&req_adults=2&no_rooms=1&group_children=0&req_children=0&hpos=21&hapos=445&sr_order=popularity&srpvid=440f55fbd93f0178&srepoch=1785759278&all_sr_blocks=1585689301_429689381_6_0_0&highlighted_blocks=1585689301_429689381_6_0_0&matching_block_id=1585689301_429689381_6_0_0&sr_pri_blocks=1585689301_429689381_6_0_0__1672800&from=searchresults,16728,,,"D.H.A., Karachi (D.H.A.)",6.2,Three-Bedroom Apartment with Balcony,"4 beds (1 extra-large double, 1 sofa bed, 2 large doubles)",0,1,0,https://cf.bstatic.com/xdata/images/hotel/square240/826644559.webp?k=cdb9db9e66e8a69dbdea487b752dc3106f929764eb9361557f1b0310ca0266f0&o=,11,Karachi
Villa Splendid Phase 8,https://www.booking.com/hotel/pk/villa-splendid-phase-8.en-gb.html?aid=304142&label=gen173nr-10CAQoggJCDWNpdHlfLTI3NjQ1ODRICVgEaLUBiAEBmAEzuAEHyAEM2AED6AEB-AEBiAIBqAIBuAL2i8LTBsACAdICJDM2N2ZjNzMzLWQxZjMtNGIzYy1hNzk4LTM5NDA5M2M3YTk2OdgCAeACAQ&ucfs=1&arphpl=1&checkin=2026-08-06&checkout=2026-08-07&dest_id=-2764584&dest_type=city&group_adults=2&req_adults=2&no_rooms=1&group_children=0&req_children=0&hpos=22&hapos=446&sr_order=popularity&srpvid=440f55fbd93f0178&srepoch=1785759278&all_sr_blocks=1546791303_425939766_2_0_0&highlighted_blocks=1546791303_425939766_2_0_0&matching_block_id=1546791303_425939766_2_0_0&sr_pri_blocks=1546791303_425939766_2_0_0__2000000&from=searchresults,20000,8.0,1.0,"D.H.A., Karachi (D.H.A.)",8.5,Standard King Room,1 large double bed,0,0,1,https://cf.bstatic.com/xdata/images/hotel/square240/793106709.webp?k=669c96598cdc305de267c2e24685e7261334952048ffcb45de238691e1852bc6&o=,4,Karachi
Cozy Master Suite,https://www.booking.com/hotel/pk/cozy-master-suite.en-gb.html?aid=304142&label=gen173nr-10CAQoggJCDWNpdHlfLTI3NjQ1ODRICVgEaLUBiAEBmAEzuAEHyAEM2AED6AEB-AEBiAIBqAIBuAL2i8LTBsACAdICJDM2N2ZjNzMzLWQxZjMtNGIzYy1hNzk4LTM5NDA5M2M3YTk2OdgCAeACAQ&ucfs=1&arphpl=1&checkin=2026-08-06&checkout=2026-08-07&dest_id=-2764584&dest_type=city&group_adults=2&req_adults=2&no_rooms=1&group_children=0&req_children=0&hpos=23&hapos=447&sr_order=popularity&srpvid=440f55fbd93f0178&srepoch=1785759278&all_sr_blocks=1560556201_427163355_3_0_0&highlighted_blocks=1560556201_427163355_3_0_0&matching_block_id=1560556201_427163355_3_0_0&sr_pri_blocks=1560556201_427163355_3_0_0__860000&from=searchresults,8600,,,"D.H.A., Karachi (D.H.A.)",9.5,One-Bedroom Apartment,"2 beds (1 double, 1 sofa bed)",0,1,1,https://cf.bstatic.com/xdata/images/hotel/square240/806005887.webp?k=8c759aab0ef58f05477c5e9b47adea15a2877271368f2bbff560e5f3ca7ac25e&o=,5,Karachi
Hotel Elegant Gulshan-e-Iqbal karachi,https://www.booking.com/hotel/pk/gulzar-house.en-gb.html?aid=304142&label=gen173nr-10CAQoggJCDWNpdHlfLTI3NjQ1ODRICVgEaLUBiAEBmAEzuAEHyAEM2AED6AEB-AEBiAIBqAIBuAL2i8LTBsACAdICJDM2N2ZjNzMzLWQxZjMtNGIzYy1hNzk4LTM5NDA5M2M3YTk2OdgCAeACAQ&ucfs=1&arphpl=1&checkin=2026-08-06&checkout=2026-08-07&dest_id=-2764584&dest_type=city&group_adults=2&req_adults=2&no_rooms=1&group_children=0&req_children=0&hpos=24&hapos=448&sr_order=popularity&srpvid=440f55fbd93f0178&srepoch=1785759278&all_sr_blocks=427670221_270920340_0_2_0&highlighted_blocks=427670221_270920340_0_2_0&matching_block_id=427670221_270920340_0_2_0&sr_pri_blocks=427670221_270920340_0_2_0__750000&from=searchresults,7500,5.9,7.0,Karachi,7.4,Deluxe Double Room,1 double bed,0,0,0,https://cf.bstatic.com/xdata/images/hotel/square240/623490988.webp?k=b428da37d2757b014ffb68c26f6ad1b84ee7ba25af8a31887ef3db4046b9920c&o=,6,Karachi
Entire home,https://www.booking.com/hotel/pk/entire-home.en-gb.html?aid=304142&label=gen173nr-10CAQoggJCDWNpdHlfLTI3NjQ1ODRICVgEaLUBiAEBmAEzuAEHyAEM2AED6AEB-AEBiAIBqAIBuAL2i8LTBsACAdICJDM2N2ZjNzMzLWQxZjMtNGIzYy1hNzk4LTM5NDA5M2M3YTk2OdgCAeACAQ&ucfs=1&arphpl=1&checkin=2026-08-06&checkout=2026-08-07&dest_id=-2764584&dest_type=city&group_adults=2&req_adults=2&no_rooms=1&group_children=0&req_children=0&hpos=25&hapos=449&sr_order=popularity&srpvid=440f55fbd93f0178&srepoch=1785759278&all_sr_blocks=1466762601_417982284_5_0_0&highlighted_blocks=1466762601_417982284_5_0_0&matching_block_id=1466762601_417982284_5_0_0&sr_pri_blocks=1466762601_417982284_5_0_0__1499900&from=searchresults,14999,,,Karachi,15.9,Two-Bedroom House,"4 beds (1 double, 2 extra-large doubles, 1 sofa bed)",0,1,1,https://cf.bstatic.com/xdata/images/hotel/square240/723952613.webp?k=88cb3dae3146debab4a6cca53fd46681d04cfdee6223ef4dd78468a4eecff313&o=,4,Karachi
SeaFort Beach Hut,https://www.booking.com/hotel/pk/seafort-beach-hut.en-gb.html?aid=304142&label=gen173nr-10CAQoggJCDWNpdHlfLTI3NjQ1ODRICVgEaLUBiAEBmAEzuAEHyAEM2AED6AEB-AEBiAIBqAIBuAL2i8LTBsACAdICJDM2N2ZjNzMzLWQxZjMtNGIzYy1hNzk4LTM5NDA5M2M3YTk2OdgCAeACAQ&ucfs=1&arphpl=1&checkin=2026-08-06&checkout=2026-08-07&dest_id=-2764584&dest_type=city&group_adults=2&req_adults=2&no_rooms=1&group_children=0&req_children=0&hpos=1&hapos=450&sr_order=popularity&srpvid=440f55fbd93f0178&srepoch=1785759282&all_sr_blocks=1374133701_409565229_4_0_0&highlighted_blocks=1374133701_409565229_4_0_0&matching_block_id=1374133701_409565229_4_0_0&sr_pri_blocks=1374133701_409565229_4_0_0__2625000&from=searchresults,26250,,,Karachi,16.3,Two-Bedroom House,"5 beds (1 single, 1 double, 3 sofa beds)",0,0,1,https://cf.bstatic.com/xdata/images/hotel/square240/656045821.webp?k=5663a4af133ea32b23e6b4d12116592e609090e003573a66b52d68b778f0f263&o=,4,Karachi
Villa 967,https://www.booking.com/hotel/pk/villa-967.en-gb.html?aid=304142&label=gen173nr-10CAQoggJCDWNpdHlfLTI3NjQ1ODRICVgEaLUBiAEBmAEzuAEHyAEM2AED6AEB-AEBiAIBqAIBuAL2i8LTBsACAdICJDM2N2ZjNzMzLWQxZjMtNGIzYy1hNzk4LTM5NDA5M2M3YTk2OdgCAeACAQ&ucfs=1&arphpl=1&checkin=2026-08-06&checkout=2026-08-07&dest_id=-2764584&dest_type=city&group_adults=2&req_adults=2&no_rooms=1&group_children=0&req_children=0&hpos=2&hapos=451&sr_order=popularity&srpvid=440f55fbd93f0178&srepoch=1785759282&all_sr_blocks=1543919901_425723822_8_0_0&highlighted_blocks=1543919901_425723822_8_0_0&matching_block_id=1543919901_425723822_8_0_0&sr_pri_blocks=1543919901_425723822_8_0_0__2000000&from=searchresults,20000,,,Karachi,5.0,Two-Bedroom Villa,"4 beds (1 double, 1 extra-large double, 2 sofa beds)",0,1,1,https://cf.bstatic.com/xdata/images/hotel/square240/790987182.webp?k=6f6a3094a22d61510f2c255e541ec08993244b0e098c4129423e7e832226becd&o=,4,Karachi
Furnished portion,https://www.booking.com/hotel/pk/furnished-portion-karachi3.en-gb.html?aid=304142&label=gen173nr-10CAQoggJCDWNpdHlfLTI3NjQ1ODRICVgEaLUBiAEBmAEzuAEHyAEM2AED6AEB-AEBiAIBqAIBuAL2i8LTBsACAdICJDM2N2ZjNzMzLWQxZjMtNGIzYy1hNzk4LTM5NDA5M2M3YTk2OdgCAeACAQ&ucfs=1&arphpl=1&checkin=2026-08-06&checkout=2026-08-07&dest_id=-2764584&dest_type=city&group_adults=2&req_adults=2&no_rooms=1&group_children=0&req_children=0&hpos=3&hapos=452&sr_order=popularity&srpvid=440f55fbd93f0178&srepoch=1785759282&all_sr_blocks=1457097601_417022089_2_0_0&highlighted_blocks=1457097601_417022089_2_0_0&matching_block_id=1457097601_417022089_2_0_0&sr_pri_blocks=1457097601_417022089_2_0_0__1275000&from=searchresults,12750,,,Karachi,10.4,Double Room,1 double bed,0,0,1,https://cf.bstatic.com/xdata/images/hotel/square240/866285888.webp?k=b62aca4481088dfa995998a276cd8537c9f0d5e3ce40a9b4dc09f9cf252b0e95&o=,4,Karachi
Versatile Venue DHA Vl kh-e-bukhari A masterpiece,https://www.booking.com/hotel/pk/versatile-venue-dha-vl-kh-e-bukhari-a-masterpiece.en-gb.html?aid=304142&label=gen173nr-10CAQoggJCDWNpdHlfLTI3NjQ1ODRICVgEaLUBiAEBmAEzuAEHyAEM2AED6AEB-AEBiAIBqAIBuAL2i8LTBsACAdICJDM2N2ZjNzMzLWQxZjMtNGIzYy1hNzk4LTM5NDA5M2M3YTk2OdgCAeACAQ&ucfs=1&arphpl=1&checkin=2026-08-06&checkout=2026-08-07&dest_id=-2764584&dest_type=city&group_adults=2&req_adults=2&no_rooms=1&group_children=0&req_children=0&hpos=4&hapos=453&sr_order=popularity&srpvid=440f55fbd93f0178&srepoch=1785759282&all_sr_blocks=1492989701_420942875_4_0_0&highlighted_blocks=1492989701_420942875_4_0_0&matching_block_id=1492989701_420942875_4_0_0&sr_pri_blocks=1492989701_420942875_4_0_0__1000000&from=searchresults,10000,,,"D.H.A., Karachi (D.H.A.)",8.8,Two-Bedroom Apartment,"2 beds (1 extra-large double, 1 sofa bed)",0,0,1,https://cf.bstatic.com/xdata/images/hotel/square240/746245672.webp?k=40045970e74dc819f4b3ff4e007489fdffbd640033487320242b32da72571afc&o=,4,Karachi
Guest House,https://www.booking.com/hotel/pk/girl-hostel.en-gb.html?aid=304142&label=gen173nr-10CAQoggJCDWNpdHlfLTI3NjQ1ODRICVgEaLUBiAEBmAEzuAEHyAEM2AED6AEB-AEBiAIBqAIBuAL2i8LTBsACAdICJDM2N2ZjNzMzLWQxZjMtNGIzYy1hNzk4LTM5NDA5M2M3YTk2OdgCAeACAQ&ucfs=1&arphpl=1&checkin=2026-08-06&checkout=2026-08-07&dest_id=-2764584&dest_type=city&group_adults=2&req_adults=2&no_rooms=1&group_children=0&req_children=0&hpos=5&hapos=454&sr_order=popularity&srpvid=440f55fbd93f0178&srepoch=1785759282&all_sr_blocks=1646550701_434635093_3_2_0&highlighted_blocks=1646550701_434635093_3_2_0&matching_block_id=1646550701_434635093_3_2_0&sr_pri_blocks=1646550701_434635093_3_2_0__1000000&from=searchresults,10000,,,Karachi,7.5,Double or Twin Room,"2 beds (1 single, 1 double)",0,1,1,https://cf.bstatic.com/xdata/images/hotel/square240/870021807.webp?k=7382f93b17b948422600b1b089c6a8549e2d1f5d49fb0f3d0a18958041d18188&o=,4,Karachi
Blissful Stay Royal Studio,https://www.booking.com/hotel/pk/blissful-stay-royal-studio.en-gb.html?aid=304142&label=gen173nr-10CAQoggJCDWNpdHlfLTI3NjQ1ODRICVgEaLUBiAEBmAEzuAEHyAEM2AED6AEB-AEBiAIBqAIBuAL2i8LTBsACAdICJDM2N2ZjNzMzLWQxZjMtNGIzYy1hNzk4LTM5NDA5M2M3YTk2OdgCAeACAQ&ucfs=1&arphpl=1&checkin=2026-08-06&checkout=2026-08-07&dest_id=-2764584&dest_type=city&group_adults=2&req_adults=2&no_rooms=1&group_children=0&req_children=0&hpos=6&hapos=455&sr_order=popularity&srpvid=440f55fbd93f0178&srepoch=1785759282&all_sr_blocks=1602484301_431199851_2_0_0&highlighted_blocks=1602484301_431199851_2_0_0&matching_block_id=1602484301_431199851_2_0_0&sr_pri_blocks=1602484301_431199851_2_0_0__1000000&from=searchresults,10000,,,Karachi,3.1,One-Bedroom Villa,2 single beds,0,1,1,https://cf.bstatic.com/xdata/images/hotel/square240/839571347.webp?k=f6b41d425e8afeaebc8a7b223965f9b88e563b7ad21dfa1d4befe0f196d71f1b&o=,4,Karachi
Guesthouse,https://www.booking.com/hotel/pk/guesthouse-karachi1.en-gb.html?aid=304142&label=gen173nr-10CAQoggJCDWNpdHlfLTI3NjQ1ODRICVgEaLUBiAEBmAEzuAEHyAEM2AED6AEB-AEBiAIBqAIBuAL2i8LTBsACAdICJDM2N2ZjNzMzLWQxZjMtNGIzYy1hNzk4LTM5NDA5M2M3YTk2OdgCAeACAQ&ucfs=1&arphpl=1&checkin=2026-08-06&checkout=2026-08-07&dest_id=-2764584&dest_type=city&group_adults=2&req_adults=2&no_rooms=1&group_children=0&req_children=0&hpos=7&hapos=456&sr_order=popularity&srpvid=440f55fbd93f0178&srepoch=1785759282&all_sr_blocks=1543689801_425706952_2_0_0&highlighted_blocks=1543689801_425706952_2_0_0&matching_block_id=1543689801_425706952_2_0_0&sr_pri_blocks=1543689801_425706952_2_0_0__1500000&from=searchresults,15000,,,Karachi,37.3,Double Room,3 double beds,0,1,1,https://cf.bstatic.com/xdata/images/hotel/square240/790598741.webp?k=ebecf6301273ba3f0b583f7f598bbc581da5b6df7bbd14152f0984c574dd18c0&o=,4,Karachi
Luxury 3 Bedroom Private Villa,https://www.booking.com/hotel/pk/luxury-3-bedroom-private-villa.en-gb.html?aid=304142&label=gen173nr-10CAQoggJCDWNpdHlfLTI3NjQ1ODRICVgEaLUBiAEBmAEzuAEHyAEM2AED6AEB-AEBiAIBqAIBuAL2i8LTBsACAdICJDM2N2ZjNzMzLWQxZjMtNGIzYy1hNzk4LTM5NDA5M2M3YTk2OdgCAeACAQ&ucfs=1&arphpl=1&checkin=2026-08-06&checkout=2026-08-07&dest_id=-2764584&dest_type=city&group_adults=2&req_adults=2&no_rooms=1&group_children=0&req_children=0&hpos=8&hapos=457&sr_order=popularity&srpvid=440f55fbd93f0178&srepoch=1785759282&all_sr_blocks=1658384901_437737598_8_0_0&highlighted_blocks=1658384901_437737598_8_0_0&matching_block_id=1658384901_437737598_8_0_0&sr_pri_blocks=1658384901_437737598_8_0_0__2000000&from=searchresults,20000,,,Karachi,34.5,Three-Bedroom House,"3 beds (2 sofa beds, 1 large double)",0,1,1,https://cf.bstatic.com/xdata/images/hotel/square240/877444580.webp?k=b335c8648800ea8d6af58a47e351441bc23c7ea1cbd123b8a53aea29313d68a2&o=,5,Karachi
Home View Guest House,https://www.booking.com/hotel/pk/home-view-guest-house.en-gb.html?aid=304142&label=gen173nr-10CAQoggJCDWNpdHlfLTI3NjQ1ODRICVgEaLUBiAEBmAEzuAEHyAEM2AED6AEB-AEBiAIBqAIBuAL2i8LTBsACAdICJDM2N2ZjNzMzLWQxZjMtNGIzYy1hNzk4LTM5NDA5M2M3YTk2OdgCAeACAQ&ucfs=1&arphpl=1&checkin=2026-08-06&checkout=2026-08-07&dest_id=-2764584&dest_type=city&group_adults=2&req_adults=2&no_rooms=1&group_children=0&req_children=0&hpos=9&hapos=458&sr_order=popularity&srpvid=440f55fbd93f0178&srepoch=1785759282&all_sr_blocks=1560158301_427119618_2_0_0&highlighted_blocks=1560158301_427119618_2_0_0&matching_block_id=1560158301_427119618_2_0_0&sr_pri_blocks=1560158301_427119618_2_0_0__722415&from=searchresults,7224,,,Karachi,7.5,Double Room,2 double beds,0,1,1,https://cf.bstatic.com/xdata/images/hotel/square240/805629092.webp?k=eba03fd3fc9d7d572a779969a3d7d5aa6d614c7b471ab8abd4da821df591cc83&o=,4,Karachi
Galaxy Villa,https://www.booking.com/hotel/pk/galaxy-villa.en-gb.html?aid=304142&label=gen173nr-10CAQoggJCDWNpdHlfLTI3NjQ1ODRICVgEaLUBiAEBmAEzuAEHyAEM2AED6AEB-AEBiAIBqAIBuAL2i8LTBsACAdICJDM2N2ZjNzMzLWQxZjMtNGIzYy1hNzk4LTM5NDA5M2M3YTk2OdgCAeACAQ&ucfs=1&arphpl=1&checkin=2026-08-06&checkout=2026-08-07&dest_id=-2764584&dest_type=city&group_adults=2&req_adults=2&no_rooms=1&group_children=0&req_children=0&hpos=10&hapos=459&sr_order=popularity&srpvid=440f55fbd93f0178&srepoch=1785759282&all_sr_blocks=1382860001_410357516_3_0_0&highlighted_blocks=1382860001_410357516_3_0_0&matching_block_id=1382860001_410357516_3_0_0&sr_pri_blocks=1382860001_410357516_3_0_0__1800000&from=searchresults,18000,,,Karachi,33.1,One-Bedroom Villa,"4 beds (3 doubles, 1 sofa bed)",0,1,1,https://cf.bstatic.com/xdata/images/hotel/square240/663338082.webp?k=cb173b9a813403a08691eb5933dc074560b417ffd975fb89abb85157f11b600b&o=,4,Karachi
Furnished Apartment 2 Bed Guest House,https://www.booking.com/hotel/pk/furnished-apartment-2-bed-guest-house.en-gb.html?aid=304142&label=gen173nr-10CAQoggJCDWNpdHlfLTI3NjQ1ODRICVgEaLUBiAEBmAEzuAEHyAEM2AED6AEB-AEBiAIBqAIBuAL2i8LTBsACAdICJDM2N2ZjNzMzLWQxZjMtNGIzYy1hNzk4LTM5NDA5M2M3YTk2OdgCAeACAQ&ucfs=1&arphpl=1&checkin=2026-08-06&checkout=2026-08-07&dest_id=-2764584&dest_type=city&group_adults=2&req_adults=2&no_rooms=1&group_children=0&req_children=0&hpos=11&hapos=460&sr_order=popularity&srpvid=440f55fbd93f0178&srepoch=1785759282&all_sr_blocks=1503802401_422092602_4_0_0&highlighted_blocks=1503802401_422092602_4_0_0&matching_block_id=1503802401_422092602_4_0_0&sr_pri_blocks=1503802401_422092602_4_0_0__3000000&from=searchresults,30000,,,Karachi,31.2,One-Bedroom Apartment,"3 beds (2 doubles, 1 sofa bed)",0,0,1,https://cf.bstatic.com/xdata/images/hotel/square240/757376451.webp?k=9163937855248e98b47bb5c3eaf3f418ff179624039343df7b26a3bc18614213&o=,3,Karachi
Vacation home,https://www.booking.com/hotel/pk/vacation-home-karachi.en-gb.html?aid=304142&label=gen173nr-10CAQoggJCDWNpdHlfLTI3NjQ1ODRICVgEaLUBiAEBmAEzuAEHyAEM2AED6AEB-AEBiAIBqAIBuAL2i8LTBsACAdICJDM2N2ZjNzMzLWQxZjMtNGIzYy1hNzk4LTM5NDA5M2M3YTk2OdgCAeACAQ&ucfs=1&arphpl=1&checkin=2026-08-06&checkout=2026-08-07&dest_id=-2764584&dest_type=city&group_adults=2&req_adults=2&no_rooms=1&group_children=0&req_children=0&hpos=12&hapos=461&sr_order=popularity&srpvid=440f55fbd93f0178&srepoch=1785759282&all_sr_blocks=1620106501_432837571_2_0_0&highlighted_blocks=1620106501_432837571_2_0_0&matching_block_id=1620106501_432837571_2_0_0&sr_pri_blocks=1620106501_432837571_2_0_0__1800000&from=searchresults,18000,,,Karachi,34.5,Three-Bedroom Villa,"5 beds (2 sofa beds, 3 large doubles)",0,1,1,https://cf.bstatic.com/xdata/images/hotel/square240/855428903.webp?k=e8f6665eea7ffdab1d3d2af70850dd2ab802fc1fe8512c4f36d0321a3b0b35a0&o=,4,Karachi
Modern Luxury Home,https://www.booking.com/hotel/pk/modern-luxury-home.en-gb.html?aid=304142&label=gen173nr-10CAQoggJCDWNpdHlfLTI3NjQ1ODRICVgEaLUBiAEBmAEzuAEHyAEM2AED6AEB-AEBiAIBqAIBuAL2i8LTBsACAdICJDM2N2ZjNzMzLWQxZjMtNGIzYy1hNzk4LTM5NDA5M2M3YTk2OdgCAeACAQ&ucfs=1&arphpl=1&checkin=2026-08-06&checkout=2026-08-07&dest_id=-2764584&dest_type=city&group_adults=2&req_adults=2&no_rooms=1&group_children=0&req_children=0&hpos=13&hapos=462&sr_order=popularity&srpvid=440f55fbd93f0178&srepoch=1785759282&all_sr_blocks=1619030201_432730255_2_0_0&highlighted_blocks=1619030201_432730255_2_0_0&matching_block_id=1619030201_432730255_2_0_0&sr_pri_blocks=1619030201_432730255_2_0_0__5850000&from=searchresults,58500,,,"D.H.A., Karachi (D.H.A.)",6.7,Villa,1 extra-large double bed,0,1,1,https://cf.bstatic.com/xdata/images/hotel/square240/854439780.webp?k=f17e7836ea843a919a73ed3d84736c96839b860ab985d60264b05806003b91fd&o=,5,Karachi
Fully furnished paying guest room,https://www.booking.com/hotel/pk/fully-furnished-paying-guest-room.en-gb.html?aid=304142&label=gen173nr-10CAQoggJCDWNpdHlfLTI3NjQ1ODRICVgEaLUBiAEBmAEzuAEHyAEM2AED6AEB-AEBiAIBqAIBuAL2i8LTBsACAdICJDM2N2ZjNzMzLWQxZjMtNGIzYy1hNzk4LTM5NDA5M2M3YTk2OdgCAeACAQ&ucfs=1&arphpl=1&checkin=2026-08-06&checkout=2026-08-07&dest_id=-2764584&dest_type=city&group_adults=2&req_adults=2&no_rooms=1&group_children=0&req_children=0&hpos=14&hapos=463&sr_order=popularity&srpvid=440f55fbd93f0178&srepoch=1785759282&all_sr_blocks=1589949001_430420868_2_1_0&highlighted_blocks=1589949001_430420868_2_1_0&matching_block_id=1589949001_430420868_2_1_0&sr_pri_blocks=1589949001_430420868_2_1_0__650000&from=searchresults,6500,,,Karachi,14.6,Double Room,1 large double bed,1,1,1,https://cf.bstatic.com/xdata/images/hotel/square240/845933341.webp?k=980135463f579336fab9756d236544942b7e6edd23469dfd0d34343ce33560f8&o=,4,Karachi
luxurious house in bahria,https://www.booking.com/hotel/pk/luxurious-house-in-bahria.en-gb.html?aid=304142&label=gen173nr-10CAQoggJCDWNpdHlfLTI3NjQ1ODRICVgEaLUBiAEBmAEzuAEHyAEM2AED6AEB-AEBiAIBqAIBuAL2i8LTBsACAdICJDM2N2ZjNzMzLWQxZjMtNGIzYy1hNzk4LTM5NDA5M2M3YTk2OdgCAeACAQ&ucfs=1&arphpl=1&checkin=2026-08-06&checkout=2026-08-07&dest_id=-2764584&dest_type=city&group_adults=2&req_adults=2&no_rooms=1&group_children=0&req_children=0&hpos=15&hapos=464&sr_order=popularity&srpvid=440f55fbd93f0178&srepoch=1785759282&all_sr_blocks=1355044501_407826138_6_0_0&highlighted_blocks=1355044501_407826138_6_0_0&matching_block_id=1355044501_407826138_6_0_0&sr_pri_blocks=1355044501_407826138_6_0_0__1350000&from=searchresults,13500,,,Karachi,35.5,Three-Bedroom Villa,1 large double bed,0,0,1,https://cf.bstatic.com/xdata/images/hotel/square240/644502500.webp?k=212a92860345dad51e80b7e8551001a48acdbcad3a5aa3ca2572ea9cdef5921b&o=,3,Karachi
Homey vibes Residences,https://www.booking.com/hotel/pk/near-lucky-one-mall-gulshan-iqbal-karachi.en-gb.html?aid=304142&label=gen173nr-10CAQoggJCDWNpdHlfLTI3NjQ1ODRICVgEaLUBiAEBmAEzuAEHyAEM2AED6AEB-AEBiAIBqAIBuAL2i8LTBsACAdICJDM2N2ZjNzMzLWQxZjMtNGIzYy1hNzk4LTM5NDA5M2M3YTk2OdgCAeACAQ&ucfs=1&arphpl=1&checkin=2026-08-06&checkout=2026-08-07&dest_id=-2764584&dest_type=city&group_adults=2&req_adults=2&no_rooms=1&group_children=0&req_children=0&hpos=16&hapos=465&sr_order=popularity&srpvid=440f55fbd93f0178&srepoch=1785759282&all_sr_blocks=1190323301_391367032_12_0_0&highlighted_blocks=1190323301_391367032_12_0_0&matching_block_id=1190323301_391367032_12_0_0&sr_pri_blocks=1190323301_391367032_12_0_0__1080000&from=searchresults,10800,,,Karachi,8.2,Two-Bedroom Apartment,8 sofa beds,0,0,0,https://cf.bstatic.com/xdata/images/hotel/square240/547051557.webp?k=e00941c177eb7a547bee939c8f971bbbb5b4048bfefb5d07101a7aa3e0053c43&o=,2,Karachi
3 Bed Portion At Clifton Block 8,https://www.booking.com/hotel/pk/3-bed-portion-at-clifton-block-8.en-gb.html?aid=304142&label=gen173nr-10CAQoggJCDWNpdHlfLTI3NjQ1ODRICVgEaLUBiAEBmAEzuAEHyAEM2AED6AEB-AEBiAIBqAIBuAL2i8LTBsACAdICJDM2N2ZjNzMzLWQxZjMtNGIzYy1hNzk4LTM5NDA5M2M3YTk2OdgCAeACAQ&ucfs=1&arphpl=1&checkin=2026-08-06&checkout=2026-08-07&dest_id=-2764584&dest_type=city&group_adults=2&req_adults=2&no_rooms=1&group_children=0&req_children=0&hpos=17&hapos=466&sr_order=popularity&srpvid=440f55fbd93f0178&srepoch=1785759282&all_sr_blocks=1575177901_428606792_8_0_0&highlighted_blocks=1575177901_428606792_8_0_0&matching_block_id=1575177901_428606792_8_0_0&sr_pri_blocks=1575177901_428606792_8_0_0__6900000&from=searchresults,69000,,,"Clifton, Karachi",4.2,Three-Bedroom Apartment,"3 beds (2 sofa beds, 1 large double)",0,1,1,https://cf.bstatic.com/xdata/images/hotel/square240/817636259.webp?k=04f84bb5eb328b15c8147f6a4ef1c12da916bf817be1317b49988117dfd05008&o=,4,Karachi
Hotel Continental lnn Karachi,https://www.booking.com/hotel/pk/continental-lnn-karachi-karachi.en-gb.html?aid=304142&label=gen173nr-10CAQoggJCDWNpdHlfLTI3NjQ1ODRICVgEaLUBiAEBmAEzuAEHyAEM2AED6AEB-AEBiAIBqAIBuAL2i8LTBsACAdICJDM2N2ZjNzMzLWQxZjMtNGIzYy1hNzk4LTM5NDA5M2M3YTk2OdgCAeACAQ&ucfs=1&arphpl=1&checkin=2026-08-06&checkout=2026-08-07&dest_id=-2764584&dest_type=city&group_adults=2&req_adults=2&no_rooms=1&group_children=0&req_children=0&hpos=18&hapos=467&sr_order=popularity&srpvid=440f55fbd93f0178&srepoch=1785759282&all_sr_blocks=1127980101_385439002_2_1_0&highlighted_blocks=1127980101_385439002_2_1_0&matching_block_id=1127980101_385439002_2_1_0&sr_pri_blocks=1127980101_385439002_2_1_0__341910&from=searchresults,3419,1.0,1.0,Karachi,7.5,Deluxe Double Room,2 single beds,1,0,0,https://cf.bstatic.com/xdata/images/hotel/square240/515716029.webp?k=968e0b1237d5d12a3dcb9fd36fdc210495a977dbdb104a27e8fda5bad5718d99&o=,8,Karachi
Fully furnished apartment for Rent on daily basis,https://www.booking.com/hotel/pk/fully-furnished-apartment-for-rent-on-daily-basis-karachi.en-gb.html?aid=304142&label=gen173nr-10CAQoggJCDWNpdHlfLTI3NjQ1ODRICVgEaLUBiAEBmAEzuAEHyAEM2AED6AEB-AEBiAIBqAIBuAL2i8LTBsACAdICJDM2N2ZjNzMzLWQxZjMtNGIzYy1hNzk4LTM5NDA5M2M3YTk2OdgCAeACAQ&ucfs=1&arphpl=1&checkin=2026-08-06&checkout=2026-08-07&dest_id=-2764584&dest_type=city&group_adults=2&req_adults=2&no_rooms=1&group_children=0&req_children=0&hpos=19&hapos=468&sr_order=popularity&srpvid=440f55fbd93f0178&srepoch=1785759282&all_sr_blocks=1572855101_428323717_2_0_0&highlighted_blocks=1572855101_428323717_2_0_0&matching_block_id=1572855101_428323717_2_0_0&sr_pri_blocks=1572855101_428323717_2_0_0__1000000&from=searchresults,10000,,,"D.H.A., Karachi (D.H.A.)",9.6,One-Bedroom Apartment,1 extra-large double bed,0,1,1,https://cf.bstatic.com/xdata/images/hotel/square240/815551180.webp?k=133f4776d4090dfa7288d11eaa9a42c76281cb99feee04438f51f9bbe12e5c7d&o=,5,Karachi
3 Bedroom Apartment in Bahria Town Karachi,https://www.booking.com/hotel/pk/3-bedroom-apartment-in-bahria-town-karachi.en-gb.html?aid=304142&label=gen173nr-10CAQoggJCDWNpdHlfLTI3NjQ1ODRICVgEaLUBiAEBmAEzuAEHyAEM2AED6AEB-AEBiAIBqAIBuAL2i8LTBsACAdICJDM2N2ZjNzMzLWQxZjMtNGIzYy1hNzk4LTM5NDA5M2M3YTk2OdgCAeACAQ&ucfs=1&arphpl=1&checkin=2026-08-06&checkout=2026-08-07&dest_id=-2764584&dest_type=city&group_adults=2&req_adults=2&no_rooms=1&group_children=0&req_children=0&hpos=20&hapos=469&sr_order=popularity&srpvid=440f55fbd93f0178&srepoch=1785759282&all_sr_blocks=1531649001_424687576_7_0_0&highlighted_blocks=1531649001_424687576_7_0_0&matching_block_id=1531649001_424687576_7_0_0&sr_pri_blocks=1531649001_424687576_7_0_0__2300000&from=searchresults,23000,,,Karachi,31.5,Three-Bedroom Apartment,"2 beds (1 double, 1 sofa bed)",0,1,1,https://cf.bstatic.com/xdata/images/hotel/square240/781164101.webp?k=e0304caec95e419549ad9a5f32df560b8b836cd2e848b5c3aa66fc5a7f712361&o=,4,Karachi
"Bayfront Apartment, 1BR Cozy Studio",https://www.booking.com/hotel/pk/bayfront-apartment-1br-cozy-studio.en-gb.html?aid=304142&label=gen173nr-10CAQoggJCDWNpdHlfLTI3NjQ1ODRICVgEaLUBiAEBmAEzuAEHyAEM2AED6AEB-AEBiAIBqAIBuAL2i8LTBsACAdICJDM2N2ZjNzMzLWQxZjMtNGIzYy1hNzk4LTM5NDA5M2M3YTk2OdgCAeACAQ&ucfs=1&arphpl=1&checkin=2026-08-06&checkout=2026-08-07&dest_id=-2764584&dest_type=city&group_adults=2&req_adults=2&no_rooms=1&group_children=0&req_children=0&hpos=21&hapos=470&sr_order=popularity&srpvid=440f55fbd93f0178&srepoch=1785759282&all_sr_blocks=1300669701_402956677_0_0_0&highlighted_blocks=1300669701_402956677_0_0_0&matching_block_id=1300669701_402956677_0_0_0&sr_pri_blocks=1300669701_402956677_0_0_0__1620000&from=searchresults,16200,,,"D.H.A., Karachi (D.H.A.)",9.7,One-Bedroom Apartment,1 double bed,0,0,0,https://cf.bstatic.com/xdata/images/hotel/square240/608077241.webp?k=a2915173b21dc0eaf56cec59246440ee3051ac73891f63b0573120f25ed58bc7&o=,12,Karachi
Fully furnished Studio Appartment,https://www.booking.com/hotel/pk/fully-furnished-studio-appartment.en-gb.html?aid=304142&label=gen173nr-10CAQoggJCDWNpdHlfLTI3NjQ1ODRICVgEaLUBiAEBmAEzuAEHyAEM2AED6AEB-AEBiAIBqAIBuAL2i8LTBsACAdICJDM2N2ZjNzMzLWQxZjMtNGIzYy1hNzk4LTM5NDA5M2M3YTk2OdgCAeACAQ&ucfs=1&arphpl=1&checkin=2026-08-06&checkout=2026-08-07&dest_id=-2764584&dest_type=city&group_adults=2&req_adults=2&no_rooms=1&group_children=0&req_children=0&hpos=22&hapos=471&sr_order=popularity&srpvid=440f55fbd93f0178&srepoch=1785759282&all_sr_blocks=1449132701_416296420_2_0_0&highlighted_blocks=1449132701_416296420_2_0_0&matching_block_id=1449132701_416296420_2_0_0&sr_pri_blocks=1449132701_416296420_2_0_0__1000000&from=searchresults,10000,,,"D.H.A., Karachi (D.H.A.)",6.6,One-Bedroom Apartment,1 double bed,0,1,1,https://cf.bstatic.com/xdata/images/hotel/square240/706379762.webp?k=06ed521e0344dd854357e959730f714d1300a7f8a438515113bac40cdc5f19e4&o=,5,Karachi
Raees Villa,https://www.booking.com/hotel/pk/raees-villa.en-gb.html?aid=304142&label=gen173nr-10CAQoggJCDWNpdHlfLTI3NjQ1ODRICVgEaLUBiAEBmAEzuAEHyAEM2AED6AEB-AEBiAIBqAIBuAL2i8LTBsACAdICJDM2N2ZjNzMzLWQxZjMtNGIzYy1hNzk4LTM5NDA5M2M3YTk2OdgCAeACAQ&ucfs=1&arphpl=1&checkin=2026-08-06&checkout=2026-08-07&dest_id=-2764584&dest_type=city&group_adults=2&req_adults=2&no_rooms=1&group_children=0&req_children=0&hpos=23&hapos=472&sr_order=popularity&srpvid=440f55fbd93f0178&srepoch=1785759282&all_sr_blocks=1406902601_412463662_2_0_0&highlighted_blocks=1406902601_412463662_2_0_0&matching_block_id=1406902601_412463662_2_0_0&sr_pri_blocks=1406902601_412463662_2_0_0__1252800&from=searchresults,12528,,,Karachi,35.3,Deluxe Villa,"10 beds (2 singles, 5 sofa beds, 3 large doubles)",0,1,1,https://cf.bstatic.com/xdata/images/hotel/square240/678352819.webp?k=5acb6fb1892f9d19a23b7fa7db3d62ae5ee7a78bbee2c010c1b086e4099ec53b&o=,4,Karachi
Luxury 3 Bedrooms Plus D D & L Groud Floor Portion in Gulistan e Jauhar Karachi,https://www.booking.com/hotel/pk/luxury-3-bedrooms-plus-d-d-amp-l-groud-floor-portion-in-gulistan-e-jauhar-karach.en-gb.html?aid=304142&label=gen173nr-10CAQoggJCDWNpdHlfLTI3NjQ1ODRICVgEaLUBiAEBmAEzuAEHyAEM2AED6AEB-AEBiAIBqAIBuAL2i8LTBsACAdICJDM2N2ZjNzMzLWQxZjMtNGIzYy1hNzk4LTM5NDA5M2M3YTk2OdgCAeACAQ&ucfs=1&arphpl=1&checkin=2026-08-06&checkout=2026-08-07&dest_id=-2764584&dest_type=city&group_adults=2&req_adults=2&no_rooms=1&group_children=0&req_children=0&hpos=24&hapos=473&sr_order=popularity&srpvid=440f55fbd93f0178&srepoch=1785759282&all_sr_blocks=1532439201_424761750_6_0_0&highlighted_blocks=1532439201_424761750_6_0_0&matching_block_id=1532439201_424761750_6_0_0&sr_pri_blocks=1532439201_424761750_6_0_0__2300000&from=searchresults,23000,,,Karachi,10.1,Three-Bedroom Villa,"3 beds (1 double, 2 extra-large doubles)",0,1,1,https://cf.bstatic.com/xdata/images/hotel/square240/781745885.webp?k=4e6f861d00e9254f65317cbe0236dfaff17fcc2190c9de2b269c8c4e5907f775&o=,4,Karachi
The Designer Three-Bedroom Villa - Bahria Town,https://www.booking.com/hotel/pk/the-designer-three-bedroom-villa-bahria-town.en-gb.html?aid=304142&label=gen173nr-10CAQoggJCDWNpdHlfLTI3NjQ1ODRICVgEaLUBiAEBmAEzuAEHyAEM2AED6AEB-AEBiAIBqAIBuAL2i8LTBsACAdICJDM2N2ZjNzMzLWQxZjMtNGIzYy1hNzk4LTM5NDA5M2M3YTk2OdgCAeACAQ&ucfs=1&arphpl=1&checkin=2026-08-06&checkout=2026-08-07&dest_id=-2764584&dest_type=city&group_adults=2&req_adults=2&no_rooms=1&group_children=0&req_children=0&hpos=25&hapos=474&sr_order=popularity&srpvid=440f55fbd93f0178&srepoch=1785759282&all_sr_blocks=1649073101_436982117_6_2_0&highlighted_blocks=1649073101_436982117_6_2_0&matching_block_id=1649073101_436982117_6_2_0&sr_pri_blocks=1649073101_436982117_6_2_0__2000000&from=searchresults,20000,,,Karachi,37.7,Three-Bedroom Villa,2 large double beds,0,1,1,https://cf.bstatic.com/xdata/images/hotel/square240/871211678.webp?k=61495e468e7b045cd9b35ee0b2fe917e17815e56b3341beb60f64cd857428406&o=,5,Karachi
Executive Furnished Villa 4 Bed Bahria Town Karachi,https://www.booking.com/hotel/pk/executive-furnished-villa-4-bed-bahria-town-karachi.en-gb.html?aid=304142&label=gen173nr-10CAQoggJCDWNpdHlfLTI3NjQ1ODRICVgEaLUBiAEBmAEzuAEHyAEM2AED6AEB-AEBiAIBqAIBuAL2i8LTBsACAdICJDM2N2ZjNzMzLWQxZjMtNGIzYy1hNzk4LTM5NDA5M2M3YTk2OdgCAeACAQ&ucfs=1&arphpl=1&checkin=2026-08-06&checkout=2026-08-07&dest_id=-2764584&dest_type=city&group_adults=2&req_adults=2&no_rooms=1&group_children=0&req_children=0&hpos=1&hapos=475&sr_order=popularity&srpvid=440f55fbd93f0178&srepoch=1785759287&all_sr_blocks=1503806401_422093202_8_0_0&highlighted_blocks=1503806401_422093202_8_0_0&matching_block_id=1503806401_422093202_8_0_0&sr_pri_blocks=1503806401_422093202_8_0_0__4000000&from=searchresults,40000,,,Karachi,41.2,One-Bedroom Villa,"6 beds (4 doubles, 2 sofa beds)",0,0,1,https://cf.bstatic.com/xdata/images/hotel/square240/757378319.webp?k=a9809c704da1e0de4c0440d0427da1120c03719748b5039ba547c5f8bdce807c&o=,3,Karachi
Designer Villa-Precinct 27,https://www.booking.com/hotel/pk/designer-villa-precinct-27.en-gb.html?aid=304142&label=gen173nr-10CAQoggJCDWNpdHlfLTI3NjQ1ODRICVgEaLUBiAEBmAEzuAEHyAEM2AED6AEB-AEBiAIBqAIBuAL2i8LTBsACAdICJDM2N2ZjNzMzLWQxZjMtNGIzYy1hNzk4LTM5NDA5M2M3YTk2OdgCAeACAQ&ucfs=1&arphpl=1&checkin=2026-08-06&checkout=2026-08-07&dest_id=-2764584&dest_type=city&group_adults=2&req_adults=2&no_rooms=1&group_children=0&req_children=0&hpos=2&hapos=476&sr_order=popularity&srpvid=440f55fbd93f0178&srepoch=1785759287&all_sr_blocks=1653256601_437280180_6_2_0&highlighted_blocks=1653256601_437280180_6_2_0&matching_block_id=1653256601_437280180_6_2_0&sr_pri_blocks=1653256601_437280180_6_2_0__2000000&from=searchresults,20000,,,Karachi,37.7,Three-Bedroom House,"3 beds (1 double, 2 extra-large doubles)",0,1,1,https://cf.bstatic.com/xdata/images/hotel/square240/873720321.webp?k=0988fc204ad2bad74fd30407c2e1cbefcc7477019eba7ee8fb42fc9860940d4d&o=,5,Karachi
Gulshan E Jamal Guest House,https://www.booking.com/hotel/pk/galaxy-inn-karachi.en-gb.html?aid=304142&label=gen173nr-10CAQoggJCDWNpdHlfLTI3NjQ1ODRICVgEaLUBiAEBmAEzuAEHyAEM2AED6AEB-AEBiAIBqAIBuAL2i8LTBsACAdICJDM2N2ZjNzMzLWQxZjMtNGIzYy1hNzk4LTM5NDA5M2M3YTk2OdgCAeACAQ&ucfs=1&arphpl=1&checkin=2026-08-06&checkout=2026-08-07&dest_id=-2764584&dest_type=city&group_adults=2&req_adults=2&no_rooms=1&group_children=0&req_children=0&hpos=3&hapos=477&sr_order=popularity&srpvid=440f55fbd93f0178&srepoch=1785759287&all_sr_blocks=291132013_246088469_2_2_0&highlighted_blocks=291132013_246088469_2_2_0&matching_block_id=291132013_246088469_2_2_0&sr_pri_blocks=291132013_246088469_2_2_0__750000&from=searchresults,7500,1.0,1.0,"Gulshan-E-Jamal, Karachi",7.4,Deluxe Double Room,1 double bed,0,1,1,https://cf.bstatic.com/xdata/images/hotel/square240/217262097.webp?k=518d51d897825bfa73c99d5fefe8e23f388f4233680ea5b6ce09ba9f04fdd467&o=,10,Karachi
Serene Stays Hotel,https://www.booking.com/hotel/pk/serene-stays-karachi.en-gb.html?aid=304142&label=gen173nr-10CAQoggJCDWNpdHlfLTI3NjQ1ODRICVgEaLUBiAEBmAEzuAEHyAEM2AED6AEB-AEBiAIBqAIBuAL2i8LTBsACAdICJDM2N2ZjNzMzLWQxZjMtNGIzYy1hNzk4LTM5NDA5M2M3YTk2OdgCAeACAQ&ucfs=1&arphpl=1&checkin=2026-08-06&checkout=2026-08-07&dest_id=-2764584&dest_type=city&group_adults=2&req_adults=2&no_rooms=1&group_children=0&req_children=0&hpos=4&hapos=478&sr_order=popularity&srpvid=440f55fbd93f0178&srepoch=1785759287&all_sr_blocks=1355853701_407893208_2_1_0&highlighted_blocks=1355853701_407893208_2_1_0&matching_block_id=1355853701_407893208_2_1_0&sr_pri_blocks=1355853701_407893208_2_1_0__663000&from=searchresults,6630,1.0,3.0,Karachi,7.7,Double Room,"3 beds (1 double, 1 extra-large double, 1 large double)",1,1,1,https://cf.bstatic.com/xdata/images/hotel/square240/644936460.webp?k=c79d9227cae955567613c2031f7bd66a7ac0fd786d21f013075612df8b4dd231&o=,10,Karachi
Luxury Modern Villa,https://www.booking.com/hotel/pk/luxury-modern-villa.en-gb.html?aid=304142&label=gen173nr-10CAQoggJCDWNpdHlfLTI3NjQ1ODRICVgEaLUBiAEBmAEzuAEHyAEM2AED6AEB-AEBiAIBqAIBuAL2i8LTBsACAdICJDM2N2ZjNzMzLWQxZjMtNGIzYy1hNzk4LTM5NDA5M2M3YTk2OdgCAeACAQ&ucfs=1&arphpl=1&checkin=2026-08-06&checkout=2026-08-07&dest_id=-2764584&dest_type=city&group_adults=2&req_adults=2&no_rooms=1&group_children=0&req_children=0&hpos=5&hapos=479&sr_order=popularity&srpvid=440f55fbd93f0178&srepoch=1785759287&all_sr_blocks=1375412001_409685224_2_0_0&highlighted_blocks=1375412001_409685224_2_0_0&matching_block_id=1375412001_409685224_2_0_0&sr_pri_blocks=1375412001_409685224_2_0_0__1445000&from=searchresults,14450,,,Karachi,39.8,Three-Bedroom Villa,"5 beds (2 singles, 1 extra-large double, 1 sofa bed, 1 large double)",0,1,1,https://cf.bstatic.com/xdata/images/hotel/square240/657019445.webp?k=db566c2b36a76ea9ecdaa0e2a109ad9295e4d70ecf05290728380f61ebbbee6a&o=,4,Karachi
BTK Homes,https://www.booking.com/hotel/pk/btk-homes.en-gb.html?aid=304142&label=gen173nr-10CAQoggJCDWNpdHlfLTI3NjQ1ODRICVgEaLUBiAEBmAEzuAEHyAEM2AED6AEB-AEBiAIBqAIBuAL2i8LTBsACAdICJDM2N2ZjNzMzLWQxZjMtNGIzYy1hNzk4LTM5NDA5M2M3YTk2OdgCAeACAQ&ucfs=1&arphpl=1&checkin=2026-08-06&checkout=2026-08-07&dest_id=-2764584&dest_type=city&group_adults=2&req_adults=2&no_rooms=1&group_children=0&req_children=0&hpos=6&hapos=480&sr_order=popularity&srpvid=440f55fbd93f0178&srepoch=1785759287&all_sr_blocks=1474986101_418914009_7_0_0&highlighted_blocks=1474986101_418914009_7_0_0&matching_block_id=1474986101_418914009_7_0_0&sr_pri_blocks=1474986101_418914009_7_0_0__1800000&from=searchresults,18000,,,Karachi,35.5,One-Bedroom Villa,"4 beds (1 sofa bed, 3 large doubles)",0,1,1,https://cf.bstatic.com/xdata/images/hotel/square240/730119920.webp?k=82bb91b92a71becd313db53ded56ad589cd5a788129d77db76cebf373b27ac0e&o=,4,Karachi
Zardari house,https://www.booking.com/hotel/pk/zardari-house.en-gb.html?aid=304142&label=gen173nr-10CAQoggJCDWNpdHlfLTI3NjQ1ODRICVgEaLUBiAEBmAEzuAEHyAEM2AED6AEB-AEBiAIBqAIBuAL2i8LTBsACAdICJDM2N2ZjNzMzLWQxZjMtNGIzYy1hNzk4LTM5NDA5M2M3YTk2OdgCAeACAQ&ucfs=1&arphpl=1&checkin=2026-08-06&checkout=2026-08-07&dest_id=-2764584&dest_type=city&group_adults=2&req_adults=2&no_rooms=1&group_children=0&req_children=0&hpos=7&hapos=481&sr_order=popularity&srpvid=440f55fbd93f0178&srepoch=1785759287&all_sr_blocks=1506039401_422358686_8_0_0&highlighted_blocks=1506039401_422358686_8_0_0&matching_block_id=1506039401_422358686_8_0_0&sr_pri_blocks=1506039401_422358686_8_0_0__1800000&from=searchresults,18000,,,Karachi,30.0,One-Bedroom Villa,4 extra-large double beds,0,1,1,https://cf.bstatic.com/xdata/images/hotel/square240/759448287.webp?k=373df22bc411b8eb308022702e0a8dcae604a7a0dc2752e70688934ef52d61b4&o=,4,Karachi
Riviera Residences,https://www.booking.com/hotel/pk/riviera-residences.en-gb.html?aid=304142&label=gen173nr-10CAQoggJCDWNpdHlfLTI3NjQ1ODRICVgEaLUBiAEBmAEzuAEHyAEM2AED6AEB-AEBiAIBqAIBuAL2i8LTBsACAdICJDM2N2ZjNzMzLWQxZjMtNGIzYy1hNzk4LTM5NDA5M2M3YTk2OdgCAeACAQ&ucfs=1&arphpl=1&checkin=2026-08-06&checkout=2026-08-07&dest_id=-2764584&dest_type=city&group_adults=2&req_adults=2&no_rooms=1&group_children=0&req_children=0&hpos=8&hapos=482&sr_order=popularity&srpvid=440f55fbd93f0178&srepoch=1785759287&all_sr_blocks=1587943301_429906840_15_0_0&highlighted_blocks=1587943301_429906840_15_0_0&matching_block_id=1587943301_429906840_15_0_0&sr_pri_blocks=1587943301_429906840_15_0_0__7500000&from=searchresults,75000,,,"D.H.A., Karachi (D.H.A.)",8.2,Six-Bedroom House,2 double beds,0,0,1,https://cf.bstatic.com/xdata/images/hotel/square240/827870487.webp?k=0a0f298fd31e3d3d2f86ab4f4eed3d68e2a516bb100184b12caff058aea2d0b9&o=,4,Karachi
"Premium, Cozy And Budget friendly",https://www.booking.com/hotel/pk/premium-cozy-and-budget-friendly.en-gb.html?aid=304142&label=gen173nr-10CAQoggJCDWNpdHlfLTI3NjQ1ODRICVgEaLUBiAEBmAEzuAEHyAEM2AED6AEB-AEBiAIBqAIBuAL2i8LTBsACAdICJDM2N2ZjNzMzLWQxZjMtNGIzYy1hNzk4LTM5NDA5M2M3YTk2OdgCAeACAQ&ucfs=1&arphpl=1&checkin=2026-08-06&checkout=2026-08-07&dest_id=-2764584&dest_type=city&group_adults=2&req_adults=2&no_rooms=1&group_children=0&req_children=0&hpos=9&hapos=483&sr_order=popularity&srpvid=440f55fbd93f0178&srepoch=1785759287&all_sr_blocks=1407244401_412497187_4_0_0&highlighted_blocks=1407244401_412497187_4_0_0&matching_block_id=1407244401_412497187_4_0_0&sr_pri_blocks=1407244401_412497187_4_0_0__1615000&from=searchresults,16150,,,Karachi,30.8,Three-Bedroom Villa,"4 beds (1 extra-large double, 3 sofa beds)",0,1,1,https://cf.bstatic.com/xdata/images/hotel/square240/678579548.webp?k=c439b744b0ab31d0118b21ef74eb35477addb2b4a575f42c14850b6ca0a06344&o=,4,Karachi
Luxury independent villa in Bahria Town Karachi,https://www.booking.com/hotel/pk/luxury-independent-villa-in-bahria-town-karachi.en-gb.html?aid=304142&label=gen173nr-10CAQoggJCDWNpdHlfLTI3NjQ1ODRICVgEaLUBiAEBmAEzuAEHyAEM2AED6AEB-AEBiAIBqAIBuAL2i8LTBsACAdICJDM2N2ZjNzMzLWQxZjMtNGIzYy1hNzk4LTM5NDA5M2M3YTk2OdgCAeACAQ&ucfs=1&arphpl=1&checkin=2026-08-06&checkout=2026-08-07&dest_id=-2764584&dest_type=city&group_adults=2&req_adults=2&no_rooms=1&group_children=0&req_children=0&hpos=10&hapos=484&sr_order=popularity&srpvid=440f55fbd93f0178&srepoch=1785759287&all_sr_blocks=1467537901_418073026_4_0_0&highlighted_blocks=1467537901_418073026_4_0_0&matching_block_id=1467537901_418073026_4_0_0&sr_pri_blocks=1467537901_418073026_4_0_0__1200000&from=searchresults,12000,,,Karachi,34.4,Two-Bedroom Villa,1 extra-large double bed,0,1,1,https://cf.bstatic.com/xdata/images/hotel/square240/724304850.webp?k=79d6b434bfaa26d74a504f29694647d6001c0f51bb13bc8a696b5170dc22d423&o=,4,Karachi
Avenue Home stay,https://www.booking.com/hotel/pk/avenue-hoom-stay.en-gb.html?aid=304142&label=gen173nr-10CAQoggJCDWNpdHlfLTI3NjQ1ODRICVgEaLUBiAEBmAEzuAEHyAEM2AED6AEB-AEBiAIBqAIBuAL2i8LTBsACAdICJDM2N2ZjNzMzLWQxZjMtNGIzYy1hNzk4LTM5NDA5M2M3YTk2OdgCAeACAQ&ucfs=1&arphpl=1&checkin=2026-08-06&checkout=2026-08-07&dest_id=-2764584&dest_type=city&group_adults=2&req_adults=2&no_rooms=1&group_children=0&req_children=0&hpos=11&hapos=485&sr_order=popularity&srpvid=440f55fbd93f0178&srepoch=1785759287&all_sr_blocks=1623013101_433068688_9_0_0&highlighted_blocks=1623013101_433068688_9_0_0&matching_block_id=1623013101_433068688_9_0_0&sr_pri_blocks=1623013101_433068688_9_0_0__3200000&from=searchresults,32000,,,Karachi,16.9,Three-Bedroom Apartment,"6 beds (3 extra-large doubles, 3 sofa beds)",0,1,1,https://cf.bstatic.com/xdata/images/hotel/square240/857348968.webp?k=540d34b5b4d2374fed2e2a780445a3ecdfda6a23a36b785d4525a539f417faf0&o=,4,Karachi
Haider GuestHouse,https://www.booking.com/hotel/pk/beautiful-house.en-gb.html?aid=304142&label=gen173nr-10CAQoggJCDWNpdHlfLTI3NjQ1ODRICVgEaLUBiAEBmAEzuAEHyAEM2AED6AEB-AEBiAIBqAIBuAL2i8LTBsACAdICJDM2N2ZjNzMzLWQxZjMtNGIzYy1hNzk4LTM5NDA5M2M3YTk2OdgCAeACAQ&ucfs=1&arphpl=1&checkin=2026-08-06&checkout=2026-08-07&dest_id=-2764584&dest_type=city&group_adults=2&req_adults=2&no_rooms=1&group_children=0&req_children=0&hpos=12&hapos=486&sr_order=popularity&srpvid=440f55fbd93f0178&srepoch=1785759287&all_sr_blocks=1545115901_425813777_5_0_0&highlighted_blocks=1545115901_425813777_5_0_0&matching_block_id=1545115901_425813777_5_0_0&sr_pri_blocks=1545115901_425813777_5_0_0__1800000&from=searchresults,18000,,,Karachi,37.3,One-Bedroom Villa,1 double bed,0,1,1,https://cf.bstatic.com/xdata/images/hotel/square240/791757467.webp?k=fa73aaf54339e00e9db75aefcf6f6c4571022a968413cf452e55a29cdd37aae1&o=,4,Karachi
Latif Terrace Khokhars Palace,https://www.booking.com/hotel/pk/latif-terrace-khokhars-palace.en-gb.html?aid=304142&label=gen173nr-10CAQoggJCDWNpdHlfLTI3NjQ1ODRICVgEaLUBiAEBmAEzuAEHyAEM2AED6AEB-AEBiAIBqAIBuAL2i8LTBsACAdICJDM2N2ZjNzMzLWQxZjMtNGIzYy1hNzk4LTM5NDA5M2M3YTk2OdgCAeACAQ&ucfs=1&arphpl=1&checkin=2026-08-06&checkout=2026-08-07&dest_id=-2764584&dest_type=city&group_adults=2&req_adults=2&no_rooms=1&group_children=0&req_children=0&hpos=13&hapos=487&sr_order=popularity&srpvid=440f55fbd93f0178&srepoch=1785759287&all_sr_blocks=1561101901_427200378_2_1_0&highlighted_blocks=1561101901_427200378_2_1_0&matching_block_id=1561101901_427200378_2_1_0&sr_pri_blocks=1561101901_427200378_2_1_0__1700000&from=searchresults,17000,,,Karachi,4.6,Family Double Room,1 double bed,1,1,1,https://cf.bstatic.com/xdata/images/hotel/square240/806293091.webp?k=dfc6c6752ec2ed7a483cf6db4ef60a791863be554e0f5d2a0afa69354f035c26&o=,4,Karachi
Fully Furnished One Bedroom,https://www.booking.com/hotel/pk/fully-furnished-one-bedroom.en-gb.html?aid=304142&label=gen173nr-10CAQoggJCDWNpdHlfLTI3NjQ1ODRICVgEaLUBiAEBmAEzuAEHyAEM2AED6AEB-AEBiAIBqAIBuAL2i8LTBsACAdICJDM2N2ZjNzMzLWQxZjMtNGIzYy1hNzk4LTM5NDA5M2M3YTk2OdgCAeACAQ&ucfs=1&arphpl=1&checkin=2026-08-06&checkout=2026-08-07&dest_id=-2764584&dest_type=city&group_adults=2&req_adults=2&no_rooms=1&group_children=0&req_children=0&hpos=14&hapos=488&sr_order=popularity&srpvid=440f55fbd93f0178&srepoch=1785759287&all_sr_blocks=1586484401_429759911_2_0_0&highlighted_blocks=1586484401_429759911_2_0_0&matching_block_id=1586484401_429759911_2_0_0&sr_pri_blocks=1586484401_429759911_2_0_0__1500000&from=searchresults,15000,,,Karachi,29.7,One-Bedroom Villa,1 double bed,0,1,1,https://cf.bstatic.com/xdata/images/hotel/square240/827054329.webp?k=a4adfa8ce5ff367535c12590744529c6e3d82ac6663cc274e7297aa883e6516c&o=,4,Karachi
3BHK Luxury Villa Retreat - Bahria Town Karachi,https://www.booking.com/hotel/pk/3bhk-luxury-villa-retreat-bahria-town-karachi.en-gb.html?aid=304142&label=gen173nr-10CAQoggJCDWNpdHlfLTI3NjQ1ODRICVgEaLUBiAEBmAEzuAEHyAEM2AED6AEB-AEBiAIBqAIBuAL2i8LTBsACAdICJDM2N2ZjNzMzLWQxZjMtNGIzYy1hNzk4LTM5NDA5M2M3YTk2OdgCAeACAQ&ucfs=1&arphpl=1&checkin=2026-08-06&checkout=2026-08-07&dest_id=-2764584&dest_type=city&group_adults=2&req_adults=2&no_rooms=1&group_children=0&req_children=0&hpos=15&hapos=489&sr_order=popularity&srpvid=440f55fbd93f0178&srepoch=1785759287&all_sr_blocks=1503701201_422085333_2_0_0&highlighted_blocks=1503701201_422085333_2_0_0&matching_block_id=1503701201_422085333_2_0_0&sr_pri_blocks=1503701201_422085333_2_0_0__1900000&from=searchresults,19000,1.0,1.0,Karachi,30.8,Three-Bedroom Villa,1 double bed,0,0,0,https://cf.bstatic.com/xdata/images/hotel/square240/757327157.webp?k=518e0f8582393409aaa34ed62f8c949d0c72c70b739582418bfcabf85c295785&o=,10,Karachi
2BHK apartment near sea view,https://www.booking.com/hotel/pk/2bhk-apartment-near-sea-view.en-gb.html?aid=304142&label=gen173nr-10CAQoggJCDWNpdHlfLTI3NjQ1ODRICVgEaLUBiAEBmAEzuAEHyAEM2AED6AEB-AEBiAIBqAIBuAL2i8LTBsACAdICJDM2N2ZjNzMzLWQxZjMtNGIzYy1hNzk4LTM5NDA5M2M3YTk2OdgCAeACAQ&ucfs=1&arphpl=1&checkin=2026-08-06&checkout=2026-08-07&dest_id=-2764584&dest_type=city&group_adults=2&req_adults=2&no_rooms=1&group_children=0&req_children=0&hpos=16&hapos=490&sr_order=popularity&srpvid=440f55fbd93f0178&srepoch=1785759287&all_sr_blocks=1472444501_418588601_4_0_0&highlighted_blocks=1472444501_418588601_4_0_0&matching_block_id=1472444501_418588601_4_0_0&sr_pri_blocks=1472444501_418588601_4_0_0__1600000&from=searchresults,16000,,,"D.H.A., Karachi (D.H.A.)",9.6,Two-Bedroom Apartment,"3 beds (2 doubles, 1 sofa bed)",0,1,1,https://cf.bstatic.com/xdata/images/hotel/square240/728097409.webp?k=9cafff959a6afebfafa3b2cec51878929d3e07fd539afe2e639b9258e7df8686&o=,5,Karachi
Portion 2 bad DD portion first floor,https://www.booking.com/hotel/pk/portion-2-bad-dd-portion-first-floor.en-gb.html?aid=304142&label=gen173nr-10CAQoggJCDWNpdHlfLTI3NjQ1ODRICVgEaLUBiAEBmAEzuAEHyAEM2AED6AEB-AEBiAIBqAIBuAL2i8LTBsACAdICJDM2N2ZjNzMzLWQxZjMtNGIzYy1hNzk4LTM5NDA5M2M3YTk2OdgCAeACAQ&ucfs=1&arphpl=1&checkin=2026-08-06&checkout=2026-08-07&dest_id=-2764584&dest_type=city&group_adults=2&req_adults=2&no_rooms=1&group_children=0&req_children=0&hpos=17&hapos=491&sr_order=popularity&srpvid=440f55fbd93f0178&srepoch=1785759287&all_sr_blocks=1586752301_429792789_6_0_0&highlighted_blocks=1586752301_429792789_6_0_0&matching_block_id=1586752301_429792789_6_0_0&sr_pri_blocks=1586752301_429792789_6_0_0__3000000&from=searchresults,30000,,,Karachi,13.2,One-Bedroom Villa,"4 beds (2 doubles, 2 sofa beds)",0,1,1,https://cf.bstatic.com/xdata/images/hotel/square240/827206863.webp?k=a41201c5adc66ad165ea3202e760fcf8948ad9d068b350eba96358e20e6fea4a&o=,4,Karachi
Luxury Aesthetic BTK Villa,https://www.booking.com/hotel/pk/luxury-aesthetic-btk-villa-karachi.en-gb.html?aid=304142&label=gen173nr-10CAQoggJCDWNpdHlfLTI3NjQ1ODRICVgEaLUBiAEBmAEzuAEHyAEM2AED6AEB-AEBiAIBqAIBuAL2i8LTBsACAdICJDM2N2ZjNzMzLWQxZjMtNGIzYy1hNzk4LTM5NDA5M2M3YTk2OdgCAeACAQ&ucfs=1&arphpl=1&checkin=2026-08-06&checkout=2026-08-07&dest_id=-2764584&dest_type=city&group_adults=2&req_adults=2&no_rooms=1&group_children=0&req_children=0&hpos=18&hapos=492&sr_order=popularity&srpvid=440f55fbd93f0178&srepoch=1785759287&all_sr_blocks=1562226201_427294995_4_0_0&highlighted_blocks=1562226201_427294995_4_0_0&matching_block_id=1562226201_427294995_4_0_0&sr_pri_blocks=1562226201_427294995_4_0_0__1500000&from=searchresults,15000,,,Karachi,37.8,One-Bedroom Villa,"6 beds (2 doubles, 4 sofa beds)",0,1,1,https://cf.bstatic.com/xdata/images/hotel/square240/807041793.webp?k=b6a82da7420d49f83c907b6ccd23ac87bb41a7ace1f65dc6b7db33850a1ee68f&o=,4,Karachi
sea villa,https://www.booking.com/hotel/pk/sea-villa-karachi1.en-gb.html?aid=304142&label=gen173nr-10CAQoggJCDWNpdHlfLTI3NjQ1ODRICVgEaLUBiAEBmAEzuAEHyAEM2AED6AEB-AEBiAIBqAIBuAL2i8LTBsACAdICJDM2N2ZjNzMzLWQxZjMtNGIzYy1hNzk4LTM5NDA5M2M3YTk2OdgCAeACAQ&ucfs=1&arphpl=1&checkin=2026-08-06&checkout=2026-08-07&dest_id=-2764584&dest_type=city&group_adults=2&req_adults=2&no_rooms=1&group_children=0&req_children=0&hpos=19&hapos=493&sr_order=popularity&srpvid=440f55fbd93f0178&srepoch=1785759287&all_sr_blocks=1535433001_425028314_3_1_0&highlighted_blocks=1535433001_425028314_3_1_0&matching_block_id=1535433001_425028314_3_1_0&sr_pri_blocks=1535433001_425028314_3_1_0__1300000&from=searchresults,13000,,,"D.H.A., Karachi (D.H.A.)",9.6,One-Bedroom Apartment,"2 beds (1 double, 1 sofa bed)",1,1,1,https://cf.bstatic.com/xdata/images/hotel/square240/784007858.webp?k=ba81eb20580b0fb81a604e264a546b9fd413333de317023bb735210f8890eda0&o=,5,Karachi
The getaway in the heart of DHA,https://www.booking.com/hotel/pk/the-getaway-in-the-heart-of-dha.en-gb.html?aid=304142&label=gen173nr-10CAQoggJCDWNpdHlfLTI3NjQ1ODRICVgEaLUBiAEBmAEzuAEHyAEM2AED6AEB-AEBiAIBqAIBuAL2i8LTBsACAdICJDM2N2ZjNzMzLWQxZjMtNGIzYy1hNzk4LTM5NDA5M2M3YTk2OdgCAeACAQ&ucfs=1&arphpl=1&checkin=2026-08-06&checkout=2026-08-07&dest_id=-2764584&dest_type=city&group_adults=2&req_adults=2&no_rooms=1&group_children=0&req_children=0&hpos=20&hapos=494&sr_order=popularity&srpvid=440f55fbd93f0178&srepoch=1785759287&all_sr_blocks=1476154701_419054111_4_0_0&highlighted_blocks=1476154701_419054111_4_0_0&matching_block_id=1476154701_419054111_4_0_0&sr_pri_blocks=1476154701_419054111_4_0_0__700000&from=searchresults,7000,,,"D.H.A., Karachi (D.H.A.)",9.6,One-Bedroom Apartment,"8 beds (1 double, 7 sofa beds)",0,1,1,https://cf.bstatic.com/xdata/images/hotel/square240/731337201.webp?k=7b7dacf30584f45817e5b2de38ce3730fe1e1674d1fe3fc813e260d00736b617&o=,5,Karachi
Luxury Aesthetic BTK Villa,https://www.booking.com/hotel/pk/luxury-aesthetic-btk-villa.en-gb.html?aid=304142&label=gen173nr-10CAQoggJCDWNpdHlfLTI3NjQ1ODRICVgEaLUBiAEBmAEzuAEHyAEM2AED6AEB-AEBiAIBqAIBuAL2i8LTBsACAdICJDM2N2ZjNzMzLWQxZjMtNGIzYy1hNzk4LTM5NDA5M2M3YTk2OdgCAeACAQ&ucfs=1&arphpl=1&checkin=2026-08-06&checkout=2026-08-07&dest_id=-2764584&dest_type=city&group_adults=2&req_adults=2&no_rooms=1&group_children=0&req_children=0&hpos=21&hapos=495&sr_order=popularity&srpvid=440f55fbd93f0178&srepoch=1785759287&all_sr_blocks=1562113901_427286066_4_0_0&highlighted_blocks=1562113901_427286066_4_0_0&matching_block_id=1562113901_427286066_4_0_0&sr_pri_blocks=1562113901_427286066_4_0_0__1500000&from=searchresults,15000,,,Karachi,37.9,One-Bedroom Villa,"6 beds (4 sofa beds, 2 large doubles)",0,1,1,https://cf.bstatic.com/xdata/images/hotel/square240/806947987.webp?k=6b4ff1e42a0eb20ea283f691f93cc398880c99dafa4ef30bed78d71bcdcd4045&o=,4,Karachi
2 Bhk 5mins walk to sea view Karachi,https://www.booking.com/hotel/pk/2-bhk-5mins-walk-to-sea-view-karachi.en-gb.html?aid=304142&label=gen173nr-10CAQoggJCDWNpdHlfLTI3NjQ1ODRICVgEaLUBiAEBmAEzuAEHyAEM2AED6AEB-AEBiAIBqAIBuAL2i8LTBsACAdICJDM2N2ZjNzMzLWQxZjMtNGIzYy1hNzk4LTM5NDA5M2M3YTk2OdgCAeACAQ&ucfs=1&arphpl=1&checkin=2026-08-06&checkout=2026-08-07&dest_id=-2764584&dest_type=city&group_adults=2&req_adults=2&no_rooms=1&group_children=0&req_children=0&hpos=22&hapos=496&sr_order=popularity&srpvid=440f55fbd93f0178&srepoch=1785759287&all_sr_blocks=1475004601_418919689_5_0_0&highlighted_blocks=1475004601_418919689_5_0_0&matching_block_id=1475004601_418919689_5_0_0&sr_pri_blocks=1475004601_418919689_5_0_0__1400000&from=searchresults,14000,,,"D.H.A., Karachi (D.H.A.)",9.6,Two-Bedroom Apartment,"3 beds (1 double, 1 sofa bed, 1 large double)",0,1,1,https://cf.bstatic.com/xdata/images/hotel/square240/730220310.webp?k=f88dc4b22f2ee6bccc43c3a54ca26405ec9b2785bf7267338cb1eebe9c0e2394&o=,6,Karachi
Luxurious 200 SQY Executive Furnished Villa for Rent,https://www.booking.com/hotel/pk/luxurious-200-sqy-executive-furnished-villa-for-rent.en-gb.html?aid=304142&label=gen173nr-10CAQoggJCDWNpdHlfLTI3NjQ1ODRICVgEaLUBiAEBmAEzuAEHyAEM2AED6AEB-AEBiAIBqAIBuAL2i8LTBsACAdICJDM2N2ZjNzMzLWQxZjMtNGIzYy1hNzk4LTM5NDA5M2M3YTk2OdgCAeACAQ&ucfs=1&arphpl=1&checkin=2026-08-06&checkout=2026-08-07&dest_id=-2764584&dest_type=city&group_adults=2&req_adults=2&no_rooms=1&group_children=0&req_children=0&hpos=23&hapos=497&sr_order=popularity&srpvid=440f55fbd93f0178&srepoch=1785759287&all_sr_blocks=1496494801_421327793_3_0_0&highlighted_blocks=1496494801_421327793_3_0_0&matching_block_id=1496494801_421327793_3_0_0&sr_pri_blocks=1496494801_421327793_3_0_0__2975000&from=searchresults,29750,,,Karachi,34.2,Two-Bedroom Villa,"11 beds (6 doubles, 5 sofa beds)",0,0,1,https://cf.bstatic.com/xdata/images/hotel/square240/750128353.webp?k=38b012c4cce45a9f5ab7e8e84588fe2971c267af47ae8b6efc36a7072143a764&o=,3,Karachi
2 Bedroom 2 Bathroom Apartment,https://www.booking.com/hotel/pk/2-bedroom-2-bathroom-apartment.en-gb.html?aid=304142&label=gen173nr-10CAQoggJCDWNpdHlfLTI3NjQ1ODRICVgEaLUBiAEBmAEzuAEHyAEM2AED6AEB-AEBiAIBqAIBuAL2i8LTBsACAdICJDM2N2ZjNzMzLWQxZjMtNGIzYy1hNzk4LTM5NDA5M2M3YTk2OdgCAeACAQ&ucfs=1&arphpl=1&checkin=2026-08-06&checkout=2026-08-07&dest_id=-2764584&dest_type=city&group_adults=2&req_adults=2&no_rooms=1&group_children=0&req_children=0&hpos=24&hapos=498&sr_order=popularity&srpvid=440f55fbd93f0178&srepoch=1785759287&all_sr_blocks=1531641001_424686832_3_0_0&highlighted_blocks=1531641001_424686832_3_0_0&matching_block_id=1531641001_424686832_3_0_0&sr_pri_blocks=1531641001_424686832_3_0_0__850000&from=searchresults,8500,,,"D.H.A., Karachi (D.H.A.)",9.6,Two-Bedroom Apartment,1 double bed,0,1,1,https://cf.bstatic.com/xdata/images/hotel/square240/781159892.webp?k=652a6d6f450d25548a08b629c534eae616961c90f6da6b63774cb39c2bf04eec&o=,5,Karachi
Signature 1BR Suite,https://www.booking.com/hotel/pk/signature-1br-suite.en-gb.html?aid=304142&label=gen173nr-10CAQoggJCDWNpdHlfLTI3NjQ1ODRICVgEaLUBiAEBmAEzuAEHyAEM2AED6AEB-AEBiAIBqAIBuAL2i8LTBsACAdICJDM2N2ZjNzMzLWQxZjMtNGIzYy1hNzk4LTM5NDA5M2M3YTk2OdgCAeACAQ&ucfs=1&arphpl=1&checkin=2026-08-06&checkout=2026-08-07&dest_id=-2764584&dest_type=city&group_adults=2&req_adults=2&no_rooms=1&group_children=0&req_children=0&hpos=1&hapos=499&sr_order=popularity&srpvid=440f55fbd93f0178&srepoch=1785759291&all_sr_blocks=1693974001_441034114_2_0_0&highlighted_blocks=1693974001_441034114_2_0_0&matching_block_id=1693974001_441034114_2_0_0&sr_pri_blocks=1693974001_441034114_2_0_0__544000&from=searchresults,5440,,,"D.H.A., Karachi (D.H.A.)",6.1,One-Bedroom Apartment,1 double bed,0,1,1,https://cf.bstatic.com/xdata/images/hotel/square240/898733685.webp?k=69a47d24e74162ee67efc1c88c7550672861cd4a5dc4ba94a70e83e162b7a7a9&o=,5,Karachi
Beachview Stays,https://www.booking.com/hotel/pk/beachview-stays.en-gb.html?aid=304142&label=gen173nr-10CAQoggJCDWNpdHlfLTI3NjQ1ODRICVgEaLUBiAEBmAEzuAEHyAEM2AED6AEB-AEBiAIBqAIBuAL2i8LTBsACAdICJDM2N2ZjNzMzLWQxZjMtNGIzYy1hNzk4LTM5NDA5M2M3YTk2OdgCAeACAQ&ucfs=1&arphpl=1&checkin=2026-08-06&checkout=2026-08-07&dest_id=-2764584&dest_type=city&group_adults=2&req_adults=2&no_rooms=1&group_children=0&req_children=0&hpos=2&hapos=500&sr_order=popularity&srpvid=440f55fbd93f0178&srepoch=1785759291&all_sr_blocks=1619571101_432787917_3_0_0&highlighted_blocks=1619571101_432787917_3_0_0&matching_block_id=1619571101_432787917_3_0_0&sr_pri_blocks=1619571101_432787917_3_0_0__800000&from=searchresults,8000,,,"D.H.A., Karachi (D.H.A.)",9.6,One-Bedroom Apartment,"2 beds (1 extra-large double, 1 sofa bed)",0,1,1,https://cf.bstatic.com/xdata/images/hotel/square240/855012560.webp?k=6e2cfea1a514bbd1b4decc93860c325e159d7f41b839332ca30ab3117c82ac8f&o=,5,Karachi
Paradise Guest House DHA Karachi,https://www.booking.com/hotel/pk/paradise-guest-house-dha-karachi.en-gb.html?aid=304142&label=gen173nr-10CAQoggJCDWNpdHlfLTI3NjQ1ODRICVgEaLUBiAEBmAEzuAEHyAEM2AED6AEB-AEBiAIBqAIBuAL2i8LTBsACAdICJDM2N2ZjNzMzLWQxZjMtNGIzYy1hNzk4LTM5NDA5M2M3YTk2OdgCAeACAQ&ucfs=1&arphpl=1&checkin=2026-08-06&checkout=2026-08-07&dest_id=-2764584&dest_type=city&group_adults=2&req_adults=2&no_rooms=1&group_children=0&req_children=0&hpos=3&hapos=501&sr_order=popularity&srpvid=440f55fbd93f0178&srepoch=1785759291&all_sr_blocks=1603496701_431298604_2_2_0&highlighted_blocks=1603496701_431298604_2_2_0&matching_block_id=1603496701_431298604_2_2_0&sr_pri_blocks=1603496701_431298604_2_2_0__585000&from=searchresults,5850,,,Karachi,13.8,Double Room,1 double bed,0,0,0,https://cf.bstatic.com/xdata/images/hotel/square240/840795256.webp?k=612e6669ae0c1df53791aba3f5c13acfa74b72d24a5a5690a1cb912cce25ffdb&o=,2,Karachi
Hotel Imperial Karachi,https://www.booking.com/hotel/pk/new-imperial-dha.en-gb.html?aid=304142&label=gen173nr-10CAQoggJCDWNpdHlfLTI3NjQ1ODRICVgEaLUBiAEBmAEzuAEHyAEM2AED6AEB-AEBiAIBqAIBuAL2i8LTBsACAdICJDM2N2ZjNzMzLWQxZjMtNGIzYy1hNzk4LTM5NDA5M2M3YTk2OdgCAeACAQ&ucfs=1&arphpl=1&checkin=2026-08-06&checkout=2026-08-07&dest_id=-2764584&dest_type=city&group_adults=2&req_adults=2&no_rooms=1&group_children=0&req_children=0&hpos=4&hapos=502&sr_order=popularity&srpvid=440f55fbd93f0178&srepoch=1785759291&all_sr_blocks=1339910002_418550661_0_1_0&highlighted_blocks=1339910002_418550661_0_1_0&matching_block_id=1339910002_418550661_0_1_0&sr_pri_blocks=1339910002_418550661_0_1_0__600000&from=searchresults,6000,8.2,48.0,"D.H.A., Karachi (D.H.A.)",3.2,Double Room,1 double bed,1,1,0,https://cf.bstatic.com/xdata/images/hotel/square240/894496683.webp?k=1d5c7d52361ecddb3d86db19042d55e0e39a301c314b1f22e47b28b3a03ca33b&o=,4,Karachi
Sea View Inn Guest House,https://www.booking.com/hotel/pk/sea-view-guest-house-karachi12.en-gb.html?aid=304142&label=gen173nr-10CAQoggJCDWNpdHlfLTI3NjQ1ODRICVgEaLUBiAEBmAEzuAEHyAEM2AED6AEB-AEBiAIBqAIBuAL2i8LTBsACAdICJDM2N2ZjNzMzLWQxZjMtNGIzYy1hNzk4LTM5NDA5M2M3YTk2OdgCAeACAQ&ucfs=1&arphpl=1&checkin=2026-08-06&checkout=2026-08-07&dest_id=-2764584&dest_type=city&group_adults=2&req_adults=2&no_rooms=1&group_children=0&req_children=0&hpos=5&hapos=503&sr_order=popularity&srpvid=440f55fbd93f0178&srepoch=1785759291&all_sr_blocks=685587401_278861110_2_1_0&highlighted_blocks=685587401_278861110_2_1_0&matching_block_id=685587401_278861110_2_1_0&sr_pri_blocks=685587401_278861110_2_1_0__810000&from=searchresults,8100,6.7,11.0,"D.H.A., Karachi (D.H.A.)",7.3,Deluxe Room (2 Adults + 1 Child),1 double bed,1,1,1,https://cf.bstatic.com/xdata/images/hotel/square240/437606883.webp?k=7beebbace3991c1bdf6c78a77159df2fc271cd9df2a6f80ec40610c8a965f9c4&o=,11,Karachi
Hillside Homes,https://www.booking.com/hotel/pk/hillside-homes-karachi.en-gb.html?aid=304142&label=gen173nr-10CAQoggJCDWNpdHlfLTI3NjQ1ODRICVgEaLUBiAEBmAEzuAEHyAEM2AED6AEB-AEBiAIBqAIBuAL2i8LTBsACAdICJDM2N2ZjNzMzLWQxZjMtNGIzYy1hNzk4LTM5NDA5M2M3YTk2OdgCAeACAQ&ucfs=1&arphpl=1&checkin=2026-08-06&checkout=2026-08-07&dest_id=-2764584&dest_type=city&group_adults=2&req_adults=2&no_rooms=1&group_children=0&req_children=0&hpos=6&hapos=504&sr_order=popularity&srpvid=440f55fbd93f0178&srepoch=1785759291&all_sr_blocks=667741002_273380651_2_1_0&highlighted_blocks=667741002_273380651_2_1_0&matching_block_id=667741002_273380651_2_1_0&sr_pri_blocks=667741002_273380651_2_1_0__900000&from=searchresults,9000,8.4,70.0,Karachi,2.6,Deluxe King Room,1 large double bed,1,0,0,https://cf.bstatic.com/xdata/images/hotel/square240/265424949.webp?k=f7d1e0bb0c5321457226ee3bcef638391f73f8bd8c437cc5b3639a2c95cb8ea6&o=,9,Karachi
The Address Boutique Hotel Karachi,https://www.booking.com/hotel/pk/the-address-boutique-karachi.en-gb.html?aid=304142&label=gen173nr-10CAQoggJCDWNpdHlfLTI3NjQ1ODRICVgEaLUBiAEBmAEzuAEHyAEM2AED6AEB-AEBiAIBqAIBuAL2i8LTBsACAdICJDM2N2ZjNzMzLWQxZjMtNGIzYy1hNzk4LTM5NDA5M2M3YTk2OdgCAeACAQ&ucfs=1&arphpl=1&checkin=2026-08-06&checkout=2026-08-07&dest_id=-2764584&dest_type=city&group_adults=2&req_adults=2&no_rooms=1&group_children=0&req_children=0&hpos=7&hapos=505&sr_order=popularity&srpvid=440f55fbd93f0178&srepoch=1785759291&all_sr_blocks=1663516601_438224541_1_1_0%2C1663516601_438224541_1_1_0&highlighted_blocks=1663516601_438224541_1_1_0%2C1663516601_438224541_1_1_0&matching_block_id=1663516601_438224541_1_1_0&sr_pri_blocks=1663516601_438224541_1_1_0__1530000%2C1663516601_438224541_1_1_0__1530000&from=searchresults,30600,10,1.0,"D.H.A., Karachi (D.H.A.)",8.8,Deluxe Single Room,2 single beds,0,1,1,https://cf.bstatic.com/xdata/images/hotel/square240/889710204.webp?k=2f4b8324604ef1652f334cc14ee8d5445db3068d2ebe97ba8cf147fc6dda9f0f&o=,12,Karachi
Sunset DHA Inn Guest House Karachi,https://www.booking.com/hotel/pk/sunset-guest-house-dha.en-gb.html?aid=304142&label=gen173nr-10CAQoggJCDWNpdHlfLTI3NjQ1ODRICVgEaLUBiAEBmAEzuAEHyAEM2AED6AEB-AEBiAIBqAIBuAL2i8LTBsACAdICJDM2N2ZjNzMzLWQxZjMtNGIzYy1hNzk4LTM5NDA5M2M3YTk2OdgCAeACAQ&ucfs=1&arphpl=1&checkin=2026-08-06&checkout=2026-08-07&dest_id=-2764584&dest_type=city&group_adults=2&req_adults=2&no_rooms=1&group_children=0&req_children=0&hpos=8&hapos=506&sr_order=popularity&srpvid=440f55fbd93f0178&srepoch=1785759291&all_sr_blocks=1675181602_439265562_1_1_0%2C1675181602_439265562_1_1_0&highlighted_blocks=1675181602_439265562_1_1_0%2C1675181602_439265562_1_1_0&matching_block_id=1675181602_439265562_1_1_0&sr_pri_blocks=1675181602_439265562_1_1_0__550000%2C1675181602_439265562_1_1_0__550000&from=searchresults,11000,6.7,3.0,"D.H.A., Karachi (D.H.A.)",3.5,Single Room,2 single beds,0,1,1,https://cf.bstatic.com/xdata/images/hotel/square240/888211840.webp?k=ec3a4fae60f6ea5259bfc8e95b044f18eaa41a867970dc5287bbcc94c5a9ddfd&o=,4,Karachi
Seaview Guest House,https://www.booking.com/hotel/pk/seaview-guest-house-karachi4.en-gb.html?aid=304142&label=gen173nr-10CAQoggJCDWNpdHlfLTI3NjQ1ODRICVgEaLUBiAEBmAEzuAEHyAEM2AED6AEB-AEBiAIBqAIBuAL2i8LTBsACAdICJDM2N2ZjNzMzLWQxZjMtNGIzYy1hNzk4LTM5NDA5M2M3YTk2OdgCAeACAQ&ucfs=1&arphpl=1&checkin=2026-08-06&checkout=2026-08-07&dest_id=-2764584&dest_type=city&group_adults=2&req_adults=2&no_rooms=1&group_children=0&req_children=0&hpos=9&hapos=507&sr_order=popularity&srpvid=440f55fbd93f0178&srepoch=1785759291&all_sr_blocks=1368700302_409103410_1_1_0%2C1368700302_409103410_1_1_0&highlighted_blocks=1368700302_409103410_1_1_0%2C1368700302_409103410_1_1_0&matching_block_id=1368700302_409103410_1_1_0&sr_pri_blocks=1368700302_409103410_1_1_0__800000%2C1368700302_409103410_1_1_0__800000&from=searchresults,16000,8.6,14.0,"D.H.A., Karachi (D.H.A.)",8.1,Deluxe Double Room,2 single beds,0,1,1,https://cf.bstatic.com/xdata/images/hotel/square240/652985728.webp?k=135b004c1f7dd0c95b7aaed39868ec8c8365e3be75f0dc6c4ec36db6ef4e4995&o=,5,Karachi
Dha national guest house,https://www.booking.com/hotel/pk/dha-national-guest-house.en-gb.html?aid=304142&label=gen173nr-10CAQoggJCDWNpdHlfLTI3NjQ1ODRICVgEaLUBiAEBmAEzuAEHyAEM2AED6AEB-AEBiAIBqAIBuAL2i8LTBsACAdICJDM2N2ZjNzMzLWQxZjMtNGIzYy1hNzk4LTM5NDA5M2M3YTk2OdgCAeACAQ&ucfs=1&arphpl=1&checkin=2026-08-06&checkout=2026-08-07&dest_id=-2764584&dest_type=city&group_adults=2&req_adults=2&no_rooms=1&group_children=0&req_children=0&hpos=10&hapos=508&sr_order=popularity&srpvid=440f55fbd93f0178&srepoch=1785759291&all_sr_blocks=1592508101_430315778_1_1_0%2C1592508101_430315778_1_1_0&highlighted_blocks=1592508101_430315778_1_1_0%2C1592508101_430315778_1_1_0&matching_block_id=1592508101_430315778_1_1_0&sr_pri_blocks=1592508101_430315778_1_1_0__500000%2C1592508101_430315778_1_1_0__500000&from=searchresults,10000,5.5,2.0,"D.H.A., Karachi (D.H.A.)",2.7,Single Room,2 single beds,0,1,1,https://cf.bstatic.com/xdata/images/hotel/square240/831925178.webp?k=d6fd2ecd37b9389bb5a37d42efe9a3965632f687a54ccc6607b1b208f9676245&o=,4,Karachi
Karachi Guest House - Gulshan,https://www.booking.com/hotel/pk/serena-inn-guest-house-karachi1.en-gb.html?aid=304142&label=gen173nr-10CAQoggJCDWNpdHlfLTI3NjQ1ODRICVgEaLUBiAEBmAEzuAEHyAEM2AED6AEB-AEBiAIBqAIBuAL2i8LTBsACAdICJDM2N2ZjNzMzLWQxZjMtNGIzYy1hNzk4LTM5NDA5M2M3YTk2OdgCAeACAQ&ucfs=1&arphpl=1&checkin=2026-08-06&checkout=2026-08-07&dest_id=-2764584&dest_type=city&group_adults=2&req_adults=2&no_rooms=1&group_children=0&req_children=0&hpos=11&hapos=509&sr_order=popularity&srpvid=440f55fbd93f0178&srepoch=1785759291&all_sr_blocks=812630603_343562711_1_2_0%2C812630603_343562711_1_2_0&highlighted_blocks=812630603_343562711_1_2_0%2C812630603_343562711_1_2_0&matching_block_id=812630603_343562711_1_2_0&sr_pri_blocks=812630603_343562711_1_2_0__630000%2C812630603_343562711_1_2_0__630000&from=searchresults,12600,,,Karachi,7.8,Deluxe Single Room,2 single beds,0,1,1,https://cf.bstatic.com/xdata/images/hotel/square240/335773493.webp?k=c6dafdc022bd302f71cd39da3f42f7db0e95b08414a31c5dfa03327c97cae360&o=,10,Karachi
White Rose bNb Guest House,https://www.booking.com/hotel/pk/white-rose-bnb-guest-house-karachi2.en-gb.html?aid=304142&label=gen173nr-10CAQoggJCDWNpdHlfLTI3NjQ1ODRICVgEaLUBiAEBmAEzuAEHyAEM2AED6AEB-AEBiAIBqAIBuAL2i8LTBsACAdICJDM2N2ZjNzMzLWQxZjMtNGIzYy1hNzk4LTM5NDA5M2M3YTk2OdgCAeACAQ&ucfs=1&arphpl=1&checkin=2026-08-06&checkout=2026-08-07&dest_id=-2764584&dest_type=city&group_adults=2&req_adults=2&no_rooms=1&group_children=0&req_children=0&hpos=12&hapos=510&sr_order=popularity&srpvid=440f55fbd93f0178&srepoch=1785759291&all_sr_blocks=1611282101_432042360_1_1_0%2C1611282101_432042360_1_1_0&highlighted_blocks=1611282101_432042360_1_1_0%2C1611282101_432042360_1_1_0&matching_block_id=1611282101_432042360_1_1_0&sr_pri_blocks=1611282101_432042360_1_1_0__500000%2C1611282101_432042360_1_1_0__500000&from=searchresults,10000,,,"Gulshan-E-Jamal, Karachi",7.6,Single Room,2 single beds,0,1,1,https://cf.bstatic.com/xdata/images/hotel/square240/847228897.webp?k=d059ed3bf93f4b8dd2ae142bea59b966ebe5e8e6bb4d46f475fa57f3b6d239dd&o=,4,Karachi
The Enterprise,https://www.booking.com/hotel/pk/the-enterprise-karachi1.en-gb.html?aid=304142&label=gen173nr-10CAQoggJCDWNpdHlfLTI3NjQ1ODRICVgEaLUBiAEBmAEzuAEHyAEM2AED6AEB-AEBiAIBqAIBuAL2i8LTBsACAdICJDM2N2ZjNzMzLWQxZjMtNGIzYy1hNzk4LTM5NDA5M2M3YTk2OdgCAeACAQ&ucfs=1&arphpl=1&checkin=2026-08-06&checkout=2026-08-07&dest_id=-2764584&dest_type=city&group_adults=2&req_adults=2&no_rooms=1&group_children=0&req_children=0&hpos=13&hapos=511&sr_order=popularity&srpvid=440f55fbd93f0178&srepoch=1785759291&all_sr_blocks=1501627701_421934887_0_0_0%2C1501627701_421934887_0_0_0&highlighted_blocks=1501627701_421934887_0_0_0%2C1501627701_421934887_0_0_0&matching_block_id=1501627701_421934887_0_0_0&sr_pri_blocks=1501627701_421934887_0_0_0__1863000%2C1501627701_421934887_0_0_0__1863000&from=searchresults,37260,,,Karachi,26.2,Deluxe Double Room,"22 beds (8 singles, 2 doubles, 12 extra-large doubles)",0,1,1,https://cf.bstatic.com/xdata/images/hotel/square240/755738200.webp?k=42b990e78f0c6db00d9e7d75e65d1ae5aa8f774665219cf03cc514c449e2afc3&o=,10,Karachi
Bedrooms in house in Defence,https://www.booking.com/hotel/pk/captains-lodge.en-gb.html?aid=304142&label=gen173nr-10CAQoggJCDWNpdHlfLTI3NjQ1ODRICVgEaLUBiAEBmAEzuAEHyAEM2AED6AEB-AEBiAIBqAIBuAL2i8LTBsACAdICJDM2N2ZjNzMzLWQxZjMtNGIzYy1hNzk4LTM5NDA5M2M3YTk2OdgCAeACAQ&ucfs=1&arphpl=1&checkin=2026-08-06&checkout=2026-08-07&dest_id=-2764584&dest_type=city&group_adults=2&req_adults=2&no_rooms=1&group_children=0&req_children=0&hpos=14&hapos=512&sr_order=popularity&srpvid=440f55fbd93f0178&srepoch=1785759291&all_sr_blocks=1583792301_429848516_1_1_0%2C1583792301_429848516_1_1_0&highlighted_blocks=1583792301_429848516_1_1_0%2C1583792301_429848516_1_1_0&matching_block_id=1583792301_429848516_1_1_0&sr_pri_blocks=1583792301_429848516_1_1_0__800000%2C1583792301_429848516_1_1_0__800000&from=searchresults,16000,,,Karachi,3.9,Economy Single Room,8 large double beds,0,0,1,https://cf.bstatic.com/xdata/images/hotel/square240/867722412.webp?k=142bc7cb6503afe49c1ca743cc99ad14eb6238280a0eedf932d88fc6f9bde6ef&o=,3,Karachi
Just Like Home,https://www.booking.com/hotel/pk/just-like-home.en-gb.html?aid=304142&label=gen173nr-10CAQoggJCDWNpdHlfLTI3NjQ1ODRICVgEaLUBiAEBmAEzuAEHyAEM2AED6AEB-AEBiAIBqAIBuAL2i8LTBsACAdICJDM2N2ZjNzMzLWQxZjMtNGIzYy1hNzk4LTM5NDA5M2M3YTk2OdgCAeACAQ&ucfs=1&arphpl=1&checkin=2026-08-06&checkout=2026-08-07&dest_id=-2764584&dest_type=city&group_adults=2&req_adults=2&no_rooms=1&group_children=0&req_children=0&hpos=15&hapos=513&sr_order=popularity&srpvid=440f55fbd93f0178&srepoch=1785759291&all_sr_blocks=1438503601_415347369_1_2_0%2C1438503602_415347369_1_2_0&highlighted_blocks=1438503601_415347369_1_2_0%2C1438503602_415347369_1_2_0&matching_block_id=1438503601_415347369_1_2_0&sr_pri_blocks=1438503601_415347369_1_2_0__1800000%2C1438503602_415347369_1_2_0__1800000&from=searchresults,36000,,,"Clifton, Karachi",7.0,Double Room,1 double bed,0,1,1,https://cf.bstatic.com/xdata/images/hotel/square240/698431666.webp?k=3618305fa82161643675f41edd28eff20b8a0bfc06b9853923925773b1bbf240&o=,7,Karachi
elegance services,https://www.booking.com/hotel/pk/elegance-services-karachi.en-gb.html?aid=304142&label=gen173nr-10CAQoggJCDWNpdHlfLTI3NjQ1ODRICVgEaLUBiAEBmAEzuAEHyAEM2AED6AEB-AEBiAIBqAIBuAL2i8LTBsACAdICJDM2N2ZjNzMzLWQxZjMtNGIzYy1hNzk4LTM5NDA5M2M3YTk2OdgCAeACAQ&ucfs=1&arphpl=1&checkin=2026-08-06&checkout=2026-08-07&dest_id=-2764584&dest_type=city&group_adults=2&req_adults=2&no_rooms=1&group_children=0&req_children=0&hpos=16&hapos=514&sr_order=popularity&srpvid=440f55fbd93f0178&srepoch=1785759291&all_sr_blocks=1578497901_428958198_1_1_0%2C1578497901_428958198_1_1_0&highlighted_blocks=1578497901_428958198_1_1_0%2C1578497901_428958198_1_1_0&matching_block_id=1578497901_428958198_1_1_0&sr_pri_blocks=1578497901_428958198_1_1_0__1600000%2C1578497901_428958198_1_1_0__1600000&from=searchresults,32000,,,"D.H.A., Karachi (D.H.A.)",6.6,Deluxe Room (2 Adults + 1 Child),2 single beds,0,1,1,https://cf.bstatic.com/xdata/images/hotel/square240/820664531.webp?k=ff6f5d67dc6987b6a0b8c520b9b5165d26c870ff0e5c91739e8f15bcd7d08927&o=,4,Karachi
The Urban Nest Guest House,https://www.booking.com/hotel/pk/the-urban-nest-guest-house-karachi.en-gb.html?aid=304142&label=gen173nr-10CAQoggJCDWNpdHlfLTI3NjQ1ODRICVgEaLUBiAEBmAEzuAEHyAEM2AED6AEB-AEBiAIBqAIBuAL2i8LTBsACAdICJDM2N2ZjNzMzLWQxZjMtNGIzYy1hNzk4LTM5NDA5M2M3YTk2OdgCAeACAQ&ucfs=1&arphpl=1&checkin=2026-08-06&checkout=2026-08-07&dest_id=-2764584&dest_type=city&group_adults=2&req_adults=2&no_rooms=1&group_children=0&req_children=0&hpos=17&hapos=515&sr_order=popularity&srpvid=440f55fbd93f0178&srepoch=1785759291&all_sr_blocks=1608233001_431739326_1_1_0%2C1608233001_431739326_1_1_0&highlighted_blocks=1608233001_431739326_1_1_0%2C1608233001_431739326_1_1_0&matching_block_id=1608233001_431739326_1_1_0&sr_pri_blocks=1608233001_431739326_1_1_0__1200000%2C1608233001_431739326_1_1_0__1200000&from=searchresults,24000,1.0,1.0,Karachi,8.0,Deluxe Double Room,2 single beds,0,1,1,https://cf.bstatic.com/xdata/images/hotel/square240/844470926.webp?k=b51d05f7e0bef3d06678c1dbd00d3ce9f50a9ab89ee9abb3122aee7c3ae8f646&o=,4,Karachi
BNB Rose Lodge Family Guest House,https://www.booking.com/hotel/pk/cosy-inn-millennium-karachi1.en-gb.html?aid=304142&label=gen173nr-10CAQoggJCDWNpdHlfLTI3NjQ1ODRICVgEaLUBiAEBmAEzuAEHyAEM2AED6AEB-AEBiAIBqAIBuAL2i8LTBsACAdICJDM2N2ZjNzMzLWQxZjMtNGIzYy1hNzk4LTM5NDA5M2M3YTk2OdgCAeACAQ&ucfs=1&arphpl=1&checkin=2026-08-06&checkout=2026-08-07&dest_id=-2764584&dest_type=city&group_adults=2&req_adults=2&no_rooms=1&group_children=0&req_children=0&hpos=18&hapos=516&sr_order=popularity&srpvid=440f55fbd93f0178&srepoch=1785759291&all_sr_blocks=1353670301_407697985_0_2_0%2C1353670301_407697985_0_2_0&highlighted_blocks=1353670301_407697985_0_2_0%2C1353670301_407697985_0_2_0&matching_block_id=1353670301_407697985_0_2_0&sr_pri_blocks=1353670301_407697985_0_2_0__510000%2C1353670301_407697985_0_2_0__510000&from=searchresults,10200,,,"Gulshan-E-Jamal, Karachi",7.5,Single Room,2 single beds,0,1,1,https://cf.bstatic.com/xdata/images/hotel/square240/723320501.webp?k=d7484a21b4b2e199c77af866ae0081201d09fa6cc98cdba61bb7ebac6e361847&o=,5,Karachi
Guest House Inn Karachi,https://www.booking.com/hotel/pk/the-karachi-guest-house.en-gb.html?aid=304142&label=gen173nr-10CAQoggJCDWNpdHlfLTI3NjQ1ODRICVgEaLUBiAEBmAEzuAEHyAEM2AED6AEB-AEBiAIBqAIBuAL2i8LTBsACAdICJDM2N2ZjNzMzLWQxZjMtNGIzYy1hNzk4LTM5NDA5M2M3YTk2OdgCAeACAQ&ucfs=1&arphpl=1&checkin=2026-08-06&checkout=2026-08-07&dest_id=-2764584&dest_type=city&group_adults=2&req_adults=2&no_rooms=1&group_children=0&req_children=0&hpos=19&hapos=517&sr_order=popularity&srpvid=440f55fbd93f0178&srepoch=1785759291&all_sr_blocks=1436014101_415104346_1_0_0%2C1436014101_415104346_1_0_0&highlighted_blocks=1436014101_415104346_1_0_0%2C1436014101_415104346_1_0_0&matching_block_id=1436014101_415104346_1_0_0&sr_pri_blocks=1436014101_415104346_1_0_0__405000%2C1436014101_415104346_1_0_0__405000&from=searchresults,8100,1.0,1.0,Karachi,7.7,Double Room,2 single beds,0,1,1,https://cf.bstatic.com/xdata/images/hotel/square240/696653266.webp?k=b9b02efc0908f723d054d7b28d10ec4169a1dcfcb2a6bbe8adac156e54c85940&o=,4,Karachi
