property_name,property_url,Price_pkr,review_score,review_count,address,distance_from_center_km,property_type,bed_type,breakfast_included,free_cancellation,reserve_without_payment,image,stars,city
Kashmir Continental Hotel Murree,https://www.booking.com/hotel/pk/kashmir-continental-murree.en-gb.html?aid=304142&label=gen173nr-10CAQoggJCDWNpdHlfLTI3Njk4NTFICVgEaLUBiAEBmAEzuAEHyAEM2AED6AEB-AEBiAIBqAIBuAKIlMLTBsACAdICJDBiNzYyYjQ4LWNmZWQtNDliYy1hZDA0LWM3MmIxYmU5OWViNdgCAeACAQ&ucfs=1&arphpl=1&checkin=2026-08-06&checkout=2026-08-07&dest_id=-2769851&dest_type=city&group_adults=2&req_adults=2&no_rooms=1&group_children=0&req_children=0&hpos=1&hapos=1&sr_order=popularity&srpvid=17e2580464c2007b&srepoch=1785760293&all_sr_blocks=1331214204_405652729_0_0_0&highlighted_blocks=1331214204_405652729_0_0_0&matching_block_id=1331214204_405652729_0_0_0&sr_pri_blocks=1331214204_405652729_0_0_0__210000&from=searchresults,2100,5.4,98.0,Murree,0.9,Budget Double Room,1 large double bed,0,1,1,https://cf.bstatic.com/xdata/images/hotel/square240/631842706.webp?k=6e0b9921eb8bb40d1cc9d972823d59fdb6a54401e0150c7b66ca8ef503be817d&o=,4,Murree
Cecil by Pearl Continental,https://www.booking.com/hotel/pk/one-cecil-murree.en-gb.html?aid=304142&label=gen173nr-10CAQoggJCDWNpdHlfLTI3Njk4NTFICVgEaLUBiAEBmAEzuAEHyAEM2AED6AEB-AEBiAIBqAIBuAKIlMLTBsACAdICJDBiNzYyYjQ4LWNmZWQtNDliYy1hZDA0LWM3MmIxYmU5OWViNdgCAeACAQ&ucfs=1&arphpl=1&checkin=2026-08-06&checkout=2026-08-07&dest_id=-2769851&dest_type=city&group_adults=2&req_adults=2&no_rooms=1&group_children=0&req_children=0&hpos=2&hapos=2&sr_order=popularity&srpvid=17e2580464c2007b&srepoch=1785760293&all_sr_blocks=863874602_354461299_2_1_0&highlighted_blocks=863874602_354461299_2_1_0&matching_block_id=863874602_354461299_2_1_0&sr_pri_blocks=863874602_354461299_2_1_0__2300000&from=searchresults,23000,7.7,768.0,Murree,400.0,Queen Studio,2 single beds,1,0,0,https://cf.bstatic.com/xdata/images/hotel/square240/635133597.webp?k=7d7a6343546bdce615cbf7e3458f90d1cb1248192ca72cf093d7da807bef9c2c&o=,13,Murree
Hotel Summer Palace Murree,https://www.booking.com/hotel/pk/summer-palace-murree-rawalpindi.en-gb.html?aid=304142&label=gen173nr-10CAQoggJCDWNpdHlfLTI3Njk4NTFICVgEaLUBiAEBmAEzuAEHyAEM2AED6AEB-AEBiAIBqAIBuAKIlMLTBsACAdICJDBiNzYyYjQ4LWNmZWQtNDliYy1hZDA0LWM3MmIxYmU5OWViNdgCAeACAQ&ucfs=1&arphpl=1&checkin=2026-08-06&checkout=2026-08-07&dest_id=-2769851&dest_type=city&group_adults=2&req_adults=2&no_rooms=1&group_children=0&req_children=0&hpos=3&hapos=3&sr_order=popularity&srpvid=17e2580464c2007b&srepoch=1785760293&all_sr_blocks=1310110901_403789625_2_1_0_744466&highlighted_blocks=1310110901_403789625_2_1_0_744466&matching_block_id=1310110901_403789625_2_1_0_744466&sr_pri_blocks=1310110901_403789625_2_1_0_744466_900000&from=searchresults,9000,8.2,174.0,Murree,200.0,Standard King Room,1 extra-large double bed,1,1,1,https://cf.bstatic.com/xdata/images/hotel/square240/848795667.webp?k=b20ae8933c163589dc525ba8f50dc7e9062b82541dbadf1fdc1c2a3fb544eed5&o=,10,Murree
"Tabash Hotel, Murree",https://www.booking.com/hotel/pk/tabash-murree-murree1.en-gb.html?aid=304142&label=gen173nr-10CAQoggJCDWNpdHlfLTI3Njk4NTFICVgEaLUBiAEBmAEzuAEHyAEM2AED6AEB-AEBiAIBqAIBuAKIlMLTBsACAdICJDBiNzYyYjQ4LWNmZWQtNDliYy1hZDA0LWM3MmIxYmU5OWViNdgCAeACAQ&ucfs=1&arphpl=1&checkin=2026-08-06&checkout=2026-08-07&dest_id=-2769851&dest_type=city&group_adults=2&req_adults=2&no_rooms=1&group_children=0&req_children=0&hpos=4&hapos=4&sr_order=popularity&srpvid=17e2580464c2007b&srepoch=1785760293&all_sr_blocks=1480750103_440731309_3_2_0&highlighted_blocks=1480750103_440731309_3_2_0&matching_block_id=1480750103_440731309_3_2_0&sr_pri_blocks=1480750103_440731309_3_2_0__764910&from=searchresults,7649,8.2,208.0,Murree,0.5,Budget Double Room,"2 beds (1 double, 1 futon)",0,0,0,https://cf.bstatic.com/xdata/images/hotel/square240/735604151.webp?k=4772b6736b2723e71e2a519f4449b601eb3340a02cd18b9a242366740a44db77&o=,9,Murree
FAKHAR INTERNATIONAL HOTEL! ONE minute walk From MALL ROAD MURREE l Hot Water l Backup Light l Covered Car Parking l,https://www.booking.com/hotel/pk/fakhar-murree.en-gb.html?aid=304142&label=gen173nr-10CAQoggJCDWNpdHlfLTI3Njk4NTFICVgEaLUBiAEBmAEzuAEHyAEM2AED6AEB-AEBiAIBqAIBuAKIlMLTBsACAdICJDBiNzYyYjQ4LWNmZWQtNDliYy1hZDA0LWM3MmIxYmU5OWViNdgCAeACAQ&ucfs=1&arphpl=1&checkin=2026-08-06&checkout=2026-08-07&dest_id=-2769851&dest_type=city&group_adults=2&req_adults=2&no_rooms=1&group_children=0&req_children=0&hpos=5&hapos=5&sr_order=popularity&srpvid=17e2580464c2007b&srepoch=1785760293&all_sr_blocks=1653329101_437283183_3_0_0&highlighted_blocks=1653329101_437283183_3_0_0&matching_block_id=1653329101_437283183_3_0_0&sr_pri_blocks=1653329101_437283183_3_0_0__800000&from=searchresults,8000,6.4,29.0,Murree,100.0,Double Room,1 double bed,0,1,1,https://cf.bstatic.com/xdata/images/hotel/square240/880643980.webp?k=bd8d496d9a5374bc1e43ecfccec8489ee31dbc09608f89e425ec0971acb3995e&o=,5,Murree
Hotel Mount Heaven,https://www.booking.com/hotel/pk/mount-heaven-murree1.en-gb.html?aid=304142&label=gen173nr-10CAQoggJCDWNpdHlfLTI3Njk4NTFICVgEaLUBiAEBmAEzuAEHyAEM2AED6AEB-AEBiAIBqAIBuAKIlMLTBsACAdICJDBiNzYyYjQ4LWNmZWQtNDliYy1hZDA0LWM3MmIxYmU5OWViNdgCAeACAQ&ucfs=1&arphpl=1&checkin=2026-08-06&checkout=2026-08-07&dest_id=-2769851&dest_type=city&group_adults=2&req_adults=2&no_rooms=1&group_children=0&req_children=0&hpos=6&hapos=6&sr_order=popularity&srpvid=17e2580464c2007b&srepoch=1785760293&all_sr_blocks=1520873501_423753530_3_0_0&highlighted_blocks=1520873501_423753530_3_0_0&matching_block_id=1520873501_423753530_3_0_0&sr_pri_blocks=1520873501_423753530_3_0_0__300000&from=searchresults,3000,8.0,70.0,Murree,0.6,Double Room,"20 beds (10 singles, 10 doubles)",0,1,1,https://cf.bstatic.com/xdata/images/hotel/square240/793539837.webp?k=ab74621f9f260a92b873a689f6773d52f3ff4ba45e7e46c9e8f6b730c238682e&o=,4,Murree
Sky square murree,https://www.booking.com/hotel/pk/sky-square-apparment-murree.en-gb.html?aid=304142&label=gen173nr-10CAQoggJCDWNpdHlfLTI3Njk4NTFICVgEaLUBiAEBmAEzuAEHyAEM2AED6AEB-AEBiAIBqAIBuAKIlMLTBsACAdICJDBiNzYyYjQ4LWNmZWQtNDliYy1hZDA0LWM3MmIxYmU5OWViNdgCAeACAQ&ucfs=1&arphpl=1&checkin=2026-08-06&checkout=2026-08-07&dest_id=-2769851&dest_type=city&group_adults=2&req_adults=2&no_rooms=1&group_children=0&req_children=0&hpos=7&hapos=7&sr_order=popularity&srpvid=17e2580464c2007b&srepoch=1785760293&all_sr_blocks=1579901010_437154369_2_0_0&highlighted_blocks=1579901010_437154369_2_0_0&matching_block_id=1579901010_437154369_2_0_0&sr_pri_blocks=1579901010_437154369_2_0_0__1800000&from=searchresults,18000,9.8,43.0,Murree,4.8,Standard Suite,1 extra-large double bed,0,1,1,https://cf.bstatic.com/xdata/images/hotel/square240/821931907.webp?k=981a34b26eb2a8d9fe052a6c2d258a8f5da7dcbd13e1620c260e88bbe7e3bd20&o=,13,Murree
Bhurban Luxury Suites,https://www.booking.com/hotel/pk/bhurban-luxury-suites.en-gb.html?aid=304142&label=gen173nr-10CAQoggJCDWNpdHlfLTI3Njk4NTFICVgEaLUBiAEBmAEzuAEHyAEM2AED6AEB-AEBiAIBqAIBuAKIlMLTBsACAdICJDBiNzYyYjQ4LWNmZWQtNDliYy1hZDA0LWM3MmIxYmU5OWViNdgCAeACAQ&ucfs=1&arphpl=1&checkin=2026-08-06&checkout=2026-08-07&dest_id=-2769851&dest_type=city&group_adults=2&req_adults=2&no_rooms=1&group_children=0&req_children=0&hpos=8&hapos=8&sr_order=popularity&srpvid=17e2580464c2007b&srepoch=1785760293&all_sr_blocks=1211903601_393350594_6_0_0_706851&highlighted_blocks=1211903601_393350594_6_0_0_706851&matching_block_id=1211903601_393350594_6_0_0_706851&sr_pri_blocks=1211903601_393350594_6_0_0_706851_1450000&from=searchresults,14500,7.6,9.0,Murree,7.9,Apartment with View and Balcony,"5 beds (2 extra-large doubles, 3 sofa beds)",0,1,1,https://cf.bstatic.com/xdata/images/hotel/square240/560342912.webp?k=7240b5c77537ad754b421f348ca162abcc1885dd7049e9117742fdf23f9e02dd&o=,4,Murree
The Viceroy House by Ace Luxe,https://www.booking.com/hotel/pk/the-viceroy-house-by-ace-luxe.en-gb.html?aid=304142&label=gen173nr-10CAQoggJCDWNpdHlfLTI3Njk4NTFICVgEaLUBiAEBmAEzuAEHyAEM2AED6AEB-AEBiAIBqAIBuAKIlMLTBsACAdICJDBiNzYyYjQ4LWNmZWQtNDliYy1hZDA0LWM3MmIxYmU5OWViNdgCAeACAQ&ucfs=1&arphpl=1&checkin=2026-08-06&checkout=2026-08-07&dest_id=-2769851&dest_type=city&group_adults=2&req_adults=2&no_rooms=1&group_children=0&req_children=0&hpos=9&hapos=9&sr_order=popularity&srpvid=17e2580464c2007b&srepoch=1785760293&all_sr_blocks=1688903802_441408941_2_0_0&highlighted_blocks=1688903802_441408941_2_0_0&matching_block_id=1688903802_441408941_2_0_0&sr_pri_blocks=1688903802_441408941_2_0_0__1302000&from=searchresults,13020,8.7,12.0,Murree,3.4,King Room with Mountain View,1 large double bed,0,1,1,https://cf.bstatic.com/xdata/images/hotel/square240/895501222.webp?k=0eebebbefdc88e33324e1ff13cae11e46dce701723e2298e42ff071715e6e25f&o=,4,Murree
Grand Heights Hotel,https://www.booking.com/hotel/pk/grand-heights-murree.en-gb.html?aid=304142&label=gen173nr-10CAQoggJCDWNpdHlfLTI3Njk4NTFICVgEaLUBiAEBmAEzuAEHyAEM2AED6AEB-AEBiAIBqAIBuAKIlMLTBsACAdICJDBiNzYyYjQ4LWNmZWQtNDliYy1hZDA0LWM3MmIxYmU5OWViNdgCAeACAQ&ucfs=1&arphpl=1&checkin=2026-08-06&checkout=2026-08-07&dest_id=-2769851&dest_type=city&group_adults=2&req_adults=2&no_rooms=1&group_children=0&req_children=0&hpos=10&hapos=10&sr_order=popularity&srpvid=17e2580464c2007b&srepoch=1785760293&all_sr_blocks=1395921601_411800260_0_42_0&highlighted_blocks=1395921601_411800260_0_42_0&matching_block_id=1395921601_411800260_0_42_0&sr_pri_blocks=1395921601_411800260_0_42_0__1275000&from=searchresults,12750,5.6,91.0,Murree,0.6,Double Room with Mountain View,1 double bed,0,1,1,https://cf.bstatic.com/xdata/images/hotel/square240/672238961.webp?k=99cd30b31752fe3ae014ce844e9307e577bf68a5d95ba66208e87b97f6a25929&o=,10,Murree
Cecil Apartments On Mall Road Murree,https://www.booking.com/hotel/pk/1-bedroom-apartment-murree1.en-gb.html?aid=304142&label=gen173nr-10CAQoggJCDWNpdHlfLTI3Njk4NTFICVgEaLUBiAEBmAEzuAEHyAEM2AED6AEB-AEBiAIBqAIBuAKIlMLTBsACAdICJDBiNzYyYjQ4LWNmZWQtNDliYy1hZDA0LWM3MmIxYmU5OWViNdgCAeACAQ&ucfs=1&arphpl=1&checkin=2026-08-06&checkout=2026-08-07&dest_id=-2769851&dest_type=city&group_adults=2&req_adults=2&no_rooms=1&group_children=0&req_children=0&hpos=11&hapos=11&sr_order=popularity&srpvid=17e2580464c2007b&srepoch=1785760293&all_sr_blocks=1676964001_439414606_3_0_0&highlighted_blocks=1676964001_439414606_3_0_0&matching_block_id=1676964001_439414606_3_0_0&sr_pri_blocks=1676964001_439414606_3_0_0__1020000&from=searchresults,10200,7.6,10.0,Murree,300.0,One-Bedroom Apartment,1 double bed,0,1,1,https://cf.bstatic.com/xdata/images/hotel/square240/891072215.webp?k=79d4024f0a12d02fef0df030601d0d12f23410453e55a147cf108830a712c6fd&o=,5,Murree
HSQ Towers,https://www.booking.com/hotel/pk/hsq-towers-murree3.en-gb.html?aid=304142&label=gen173nr-10CAQoggJCDWNpdHlfLTI3Njk4NTFICVgEaLUBiAEBmAEzuAEHyAEM2AED6AEB-AEBiAIBqAIBuAKIlMLTBsACAdICJDBiNzYyYjQ4LWNmZWQtNDliYy1hZDA0LWM3MmIxYmU5OWViNdgCAeACAQ&ucfs=1&arphpl=1&checkin=2026-08-06&checkout=2026-08-07&dest_id=-2769851&dest_type=city&group_adults=2&req_adults=2&no_rooms=1&group_children=0&req_children=0&hpos=12&hapos=12&sr_order=popularity&srpvid=17e2580464c2007b&srepoch=1785760293&all_sr_blocks=1637875702_434112858_2_1_0&highlighted_blocks=1637875702_434112858_2_1_0&matching_block_id=1637875702_434112858_2_1_0&sr_pri_blocks=1637875702_434112858_2_1_0__1235000&from=searchresults,12350,8.7,61.0,Murree,2.8,Studio Apartment,1 large double bed,1,0,0,https://cf.bstatic.com/xdata/images/hotel/square240/866008434.webp?k=ac1a9d083113c82af11c07b3b19b2c890a98ad2368a519b936ca5d561406a64a&o=,11,Murree
Mount Vista Resort,https://www.booking.com/hotel/pk/mount-vista-resort-murree2.en-gb.html?aid=304142&label=gen173nr-10CAQoggJCDWNpdHlfLTI3Njk4NTFICVgEaLUBiAEBmAEzuAEHyAEM2AED6AEB-AEBiAIBqAIBuAKIlMLTBsACAdICJDBiNzYyYjQ4LWNmZWQtNDliYy1hZDA0LWM3MmIxYmU5OWViNdgCAeACAQ&ucfs=1&arphpl=1&checkin=2026-08-06&checkout=2026-08-07&dest_id=-2769851&dest_type=city&group_adults=2&req_adults=2&no_rooms=1&group_children=0&req_children=0&hpos=13&hapos=13&sr_order=popularity&srpvid=17e2580464c2007b&srepoch=1785760293&all_sr_blocks=1412891905_417934631_0_0_0_1342998&highlighted_blocks=1412891905_417934631_0_0_0_1342998&matching_block_id=1412891905_417934631_0_0_0_1342998&sr_pri_blocks=1412891905_417934631_0_0_0_1342998_1120000&from=searchresults,11200,6.5,75.0,Murree,4.1,Family Two-Bedroom Apartment with View,"5 beds (2 doubles, 3 sofa beds)",0,0,1,https://cf.bstatic.com/xdata/images/hotel/square240/737584206.webp?k=c6ba83252a560dbf5e9b7f5d0702f39041111693eb02df4e4682af8aa1c4a210&o=,10,Murree
GrandTaj,https://www.booking.com/hotel/pk/five-star-murree.en-gb.html?aid=304142&label=gen173nr-10CAQoggJCDWNpdHlfLTI3Njk4NTFICVgEaLUBiAEBmAEzuAEHyAEM2AED6AEB-AEBiAIBqAIBuAKIlMLTBsACAdICJDBiNzYyYjQ4LWNmZWQtNDliYy1hZDA0LWM3MmIxYmU5OWViNdgCAeACAQ&ucfs=1&arphpl=1&checkin=2026-08-06&checkout=2026-08-07&dest_id=-2769851&dest_type=city&group_adults=2&req_adults=2&no_rooms=1&group_children=0&req_children=0&hpos=14&hapos=14&sr_order=popularity&srpvid=17e2580464c2007b&srepoch=1785760293&all_sr_blocks=1378395201_0_2_1_0&highlighted_blocks=1378395201_0_2_1_0&matching_block_id=1378395201_0_2_1_0&sr_pri_blocks=1378395201_0_2_1_0__1055109&from=searchresults,10551,8.4,138.0,Murree,300.0,Standard Double Room,1 double bed,1,0,0,https://cf.bstatic.com/xdata/images/hotel/square240/659124998.webp?k=7c45ccc56161b8ed322b40cc15299ccbecdbadbb96cf199feb878ea6b04d93bc&o=,11,Murree
Montana Lodges by Aura Murree,https://www.booking.com/hotel/pk/montana-lodges-by-aura-murree.en-gb.html?aid=304142&label=gen173nr-10CAQoggJCDWNpdHlfLTI3Njk4NTFICVgEaLUBiAEBmAEzuAEHyAEM2AED6AEB-AEBiAIBqAIBuAKIlMLTBsACAdICJDBiNzYyYjQ4LWNmZWQtNDliYy1hZDA0LWM3MmIxYmU5OWViNdgCAeACAQ&ucfs=1&arphpl=1&checkin=2026-08-06&checkout=2026-08-07&dest_id=-2769851&dest_type=city&group_adults=2&req_adults=2&no_rooms=1&group_children=0&req_children=0&hpos=15&hapos=15&sr_order=popularity&srpvid=17e2580464c2007b&srepoch=1785760293&all_sr_blocks=1671493701_438920419_3_0_0&highlighted_blocks=1671493701_438920419_3_0_0&matching_block_id=1671493701_438920419_3_0_0&sr_pri_blocks=1671493701_438920419_3_0_0__765000&from=searchresults,7650,8.8,6.0,Murree,2.3,One-Bedroom Apartment,1 double bed,0,1,1,https://cf.bstatic.com/xdata/images/hotel/square240/886124384.webp?k=069d4adedabc6131319bd05794b3608fe0c448d9aff0269205814f7e172f0281&o=,4,Murree
Falcon Inn Hospitality Bhurban Murree For Families,https://www.booking.com/hotel/pk/falcon-inn-bhurban-family-apartments.en-gb.html?aid=304142&label=gen173nr-10CAQoggJCDWNpdHlfLTI3Njk4NTFICVgEaLUBiAEBmAEzuAEHyAEM2AED6AEB-AEBiAIBqAIBuAKIlMLTBsACAdICJDBiNzYyYjQ4LWNmZWQtNDliYy1hZDA0LWM3MmIxYmU5OWViNdgCAeACAQ&ucfs=1&arphpl=1&checkin=2026-08-06&checkout=2026-08-07&dest_id=-2769851&dest_type=city&group_adults=2&req_adults=2&no_rooms=1&group_children=0&req_children=0&hpos=16&hapos=16&sr_order=popularity&srpvid=17e2580464c2007b&srepoch=1785760293&all_sr_blocks=1325510803_430295385_2_42_0&highlighted_blocks=1325510803_430295385_2_42_0&matching_block_id=1325510803_430295385_2_42_0&sr_pri_blocks=1325510803_430295385_2_42_0__586500&from=searchresults,5865,8.3,22.0,Murree,9.0,Standard King Room,2 double beds,0,0,1,https://cf.bstatic.com/xdata/images/hotel/square240/829503363.webp?k=db23b6dd20be67bd963051f426f56be3618d2eea39771c405bdd1e137530cc41&o=,3,Murree
Hotel One Bhurban,https://www.booking.com/hotel/pk/one-murree.en-gb.html?aid=304142&label=gen173nr-10CAQoggJCDWNpdHlfLTI3Njk4NTFICVgEaLUBiAEBmAEzuAEHyAEM2AED6AEB-AEBiAIBqAIBuAKIlMLTBsACAdICJDBiNzYyYjQ4LWNmZWQtNDliYy1hZDA0LWM3MmIxYmU5OWViNdgCAeACAQ&ucfs=1&arphpl=1&checkin=2026-08-06&checkout=2026-08-07&dest_id=-2769851&dest_type=city&group_adults=2&req_adults=2&no_rooms=1&group_children=0&req_children=0&hpos=17&hapos=17&sr_order=popularity&srpvid=17e2580464c2007b&srepoch=1785760293&all_sr_blocks=86549104_413418319_2_1_0&highlighted_blocks=86549104_413418319_2_1_0&matching_block_id=86549104_413418319_2_1_0&sr_pri_blocks=86549104_413418319_2_1_0__2100000&from=searchresults,21000,7.6,381.0,Murree,6.3,Double Room with Mountain View,1 large double bed,1,1,1,https://cf.bstatic.com/xdata/images/hotel/square240/596247116.webp?k=976180c3bc0893a5275bf8ad27a3605e426447820d6f3d3bef85b6ede837b719&o=,11,Murree
Redapple Rooms,https://www.booking.com/hotel/pk/redapple-rooms.en-gb.html?aid=304142&label=gen173nr-10CAQoggJCDWNpdHlfLTI3Njk4NTFICVgEaLUBiAEBmAEzuAEHyAEM2AED6AEB-AEBiAIBqAIBuAKIlMLTBsACAdICJDBiNzYyYjQ4LWNmZWQtNDliYy1hZDA0LWM3MmIxYmU5OWViNdgCAeACAQ&ucfs=1&arphpl=1&checkin=2026-08-06&checkout=2026-08-07&dest_id=-2769851&dest_type=city&group_adults=2&req_adults=2&no_rooms=1&group_children=0&req_children=0&hpos=18&hapos=18&sr_order=popularity&srpvid=17e2580464c2007b&srepoch=1785760293&all_sr_blocks=1670352803_438828953_2_2_0&highlighted_blocks=1670352803_438828953_2_2_0&matching_block_id=1670352803_438828953_2_2_0&sr_pri_blocks=1670352803_438828953_2_2_0__500000&from=searchresults,5000,,,Murree,5.2,Queen Room with Balcony,1 double bed,0,1,1,https://cf.bstatic.com/xdata/images/hotel/square240/885586678.webp?k=4ec6171290170c8d3e4bc3219e326842824f57de042af24f171f901e02ecefbb&o=,4,Murree
On Cloud Resort,https://www.booking.com/hotel/pk/on-cloud-resort.en-gb.html?aid=304142&label=gen173nr-10CAQoggJCDWNpdHlfLTI3Njk4NTFICVgEaLUBiAEBmAEzuAEHyAEM2AED6AEB-AEBiAIBqAIBuAKIlMLTBsACAdICJDBiNzYyYjQ4LWNmZWQtNDliYy1hZDA0LWM3MmIxYmU5OWViNdgCAeACAQ&ucfs=1&arphpl=1&checkin=2026-08-06&checkout=2026-08-07&dest_id=-2769851&dest_type=city&group_adults=2&req_adults=2&no_rooms=1&group_children=0&req_children=0&hpos=19&hapos=19&sr_order=popularity&srpvid=17e2580464c2007b&srepoch=1785760293&all_sr_blocks=1590548401_430150945_2_1_0&highlighted_blocks=1590548401_430150945_2_1_0&matching_block_id=1590548401_430150945_2_1_0&sr_pri_blocks=1590548401_430150945_2_1_0__1209600&from=searchresults,12096,7.9,39.0,Murree,2.6,Standard Double Room,1 double bed,1,0,0,https://cf.bstatic.com/xdata/images/hotel/square240/880528293.webp?k=666254af342b9070f8af8cc5e8da14c5dcff724223fbd71c4ce78bb0ee6915cb&o=,11,Murree
Country Homes Murree by Safari Club Bahria Town,https://www.booking.com/hotel/pk/country-homes-murree-by-safari-club-bahria-town.en-gb.html?aid=304142&label=gen173nr-10CAQoggJCDWNpdHlfLTI3Njk4NTFICVgEaLUBiAEBmAEzuAEHyAEM2AED6AEB-AEBiAIBqAIBuAKIlMLTBsACAdICJDBiNzYyYjQ4LWNmZWQtNDliYy1hZDA0LWM3MmIxYmU5OWViNdgCAeACAQ&ucfs=1&arphpl=1&checkin=2026-08-06&checkout=2026-08-07&dest_id=-2769851&dest_type=city&group_adults=2&req_adults=2&no_rooms=1&group_children=0&req_children=0&hpos=20&hapos=20&sr_order=popularity&srpvid=17e2580464c2007b&srepoch=1785760293&all_sr_blocks=1273119601_400113399_2_2_0&highlighted_blocks=1273119601_400113399_2_2_0&matching_block_id=1273119601_400113399_2_2_0&sr_pri_blocks=1273119601_400113399_2_2_0__862100&from=searchresults,8621,8.1,105.0,Murree,2.2,Deluxe Room,1 extra-large double bed,0,1,1,https://cf.bstatic.com/xdata/images/hotel/square240/593537268.webp?k=4cc6c752827ec1a4c7c47e2e3e9bcb201a226c315f894db56ffbe079f7041eee&o=,11,Murree
Janjua Apartments Murree,https://www.booking.com/hotel/pk/janjua-apartments-bhurban-murree.en-gb.html?aid=304142&label=gen173nr-10CAQoggJCDWNpdHlfLTI3Njk4NTFICVgEaLUBiAEBmAEzuAEHyAEM2AED6AEB-AEBiAIBqAIBuAKIlMLTBsACAdICJDBiNzYyYjQ4LWNmZWQtNDliYy1hZDA0LWM3MmIxYmU5OWViNdgCAeACAQ&ucfs=1&arphpl=1&checkin=2026-08-06&checkout=2026-08-07&dest_id=-2769851&dest_type=city&group_adults=2&req_adults=2&no_rooms=1&group_children=0&req_children=0&hpos=21&hapos=21&sr_order=popularity&srpvid=17e2580464c2007b&srepoch=1785760293&all_sr_blocks=1652898603_437268293_0_0_0&highlighted_blocks=1652898603_437268293_0_0_0&matching_block_id=1652898603_437268293_0_0_0&sr_pri_blocks=1652898603_437268293_0_0_0__860000&from=searchresults,8600,8.2,13.0,Murree,6.5,Two-Bedroom Apartment,"4 beds (1 double, 2 sofa beds, 1 large double)",0,1,1,https://cf.bstatic.com/xdata/images/hotel/square240/885249113.webp?k=e7e2fcca270f131c593229b4c0ae94e6eea2817c662c4e17d58f5380f497b0c1&o=,10,Murree
Hotel Sunway Murree,https://www.booking.com/hotel/pk/sunway-murree.en-gb.html?aid=304142&label=gen173nr-10CAQoggJCDWNpdHlfLTI3Njk4NTFICVgEaLUBiAEBmAEzuAEHyAEM2AED6AEB-AEBiAIBqAIBuAKIlMLTBsACAdICJDBiNzYyYjQ4LWNmZWQtNDliYy1hZDA0LWM3MmIxYmU5OWViNdgCAeACAQ&ucfs=1&arphpl=1&checkin=2026-08-06&checkout=2026-08-07&dest_id=-2769851&dest_type=city&group_adults=2&req_adults=2&no_rooms=1&group_children=0&req_children=0&hpos=22&hapos=22&sr_order=popularity&srpvid=17e2580464c2007b&srepoch=1785760293&all_sr_blocks=1436958502_415185041_2_1_0&highlighted_blocks=1436958502_415185041_2_1_0&matching_block_id=1436958502_415185041_2_1_0&sr_pri_blocks=1436958502_415185041_2_1_0__1000000&from=searchresults,10000,9.2,17.0,Murree,2.3,Standard Double Room,"2 beds (1 extra-large double, 1 sofa bed)",1,1,1,https://cf.bstatic.com/xdata/images/hotel/square240/697213719.webp?k=d6bfa8e884418286b297214aafcde614936c0686b06ced42e5da21fa0053f619&o=,8,Murree
Ayub Residence Bhurban,https://www.booking.com/hotel/pk/ayub-residence-bhurban.en-gb.html?aid=304142&label=gen173nr-10CAQoggJCDWNpdHlfLTI3Njk4NTFICVgEaLUBiAEBmAEzuAEHyAEM2AED6AEB-AEBiAIBqAIBuAKIlMLTBsACAdICJDBiNzYyYjQ4LWNmZWQtNDliYy1hZDA0LWM3MmIxYmU5OWViNdgCAeACAQ&ucfs=1&arphpl=1&checkin=2026-08-06&checkout=2026-08-07&dest_id=-2769851&dest_type=city&group_adults=2&req_adults=2&no_rooms=1&group_children=0&req_children=0&hpos=23&hapos=23&sr_order=popularity&srpvid=17e2580464c2007b&srepoch=1785760293&all_sr_blocks=201797504_195240690_0_2_0&highlighted_blocks=201797504_195240690_0_2_0&matching_block_id=201797504_195240690_0_2_0&sr_pri_blocks=201797504_195240690_0_2_0__370000&from=searchresults,3700,6.0,26.0,Murree,7.6,Standard Double Room,2 single beds,0,1,1,https://cf.bstatic.com/xdata/images/hotel/square240/125215369.webp?k=e266d425eabc8e2e191043031eab12495dab01abba4538165919b9f291032d00&o=,10,Murree
Royal Lodge By Hotel Demanchi,https://www.booking.com/hotel/pk/demanchi-jhika-gali.en-gb.html?aid=304142&label=gen173nr-10CAQoggJCDWNpdHlfLTI3Njk4NTFICVgEaLUBiAEBmAEzuAEHyAEM2AED6AEB-AEBiAIBqAIBuAKIlMLTBsACAdICJDBiNzYyYjQ4LWNmZWQtNDliYy1hZDA0LWM3MmIxYmU5OWViNdgCAeACAQ&ucfs=1&arphpl=1&checkin=2026-08-06&checkout=2026-08-07&dest_id=-2769851&dest_type=city&group_adults=2&req_adults=2&no_rooms=1&group_children=0&req_children=0&hpos=24&hapos=24&sr_order=popularity&srpvid=17e2580464c2007b&srepoch=1785760293&all_sr_blocks=1209593904_439038452_2_40_0&highlighted_blocks=1209593904_439038452_2_40_0&matching_block_id=1209593904_439038452_2_40_0&sr_pri_blocks=1209593904_439038452_2_40_0__999900&from=searchresults,9999,8.9,20.0,Murree,1.2,Deluxe Double Room,1 double bed,0,0,0,https://cf.bstatic.com/xdata/images/hotel/square240/558819285.webp?k=ce019ac6a4c2cb52a08fa6c4def729bce23db9dedc23f64a0654525bbddef71c&o=,10,Murree
Cedar hills,https://www.booking.com/hotel/pk/cedar-hills.en-gb.html?aid=304142&label=gen173nr-10CAQoggJCDWNpdHlfLTI3Njk4NTFICVgEaLUBiAEBmAEzuAEHyAEM2AED6AEB-AEBiAIBqAIBuAKIlMLTBsACAdICJDBiNzYyYjQ4LWNmZWQtNDliYy1hZDA0LWM3MmIxYmU5OWViNdgCAeACAQ&ucfs=1&arphpl=1&checkin=2026-08-06&checkout=2026-08-07&dest_id=-2769851&dest_type=city&group_adults=2&req_adults=2&no_rooms=1&group_children=0&req_children=0&hpos=25&hapos=25&sr_order=popularity&srpvid=17e2580464c2007b&srepoch=1785760293&all_sr_blocks=1491126001_420772037_2_1_0&highlighted_blocks=1491126001_420772037_2_1_0&matching_block_id=1491126001_420772037_2_1_0&sr_pri_blocks=1491126001_420772037_2_1_0__1794500&from=searchresults,17945,8.5,12.0,Murree,1.7,Apartment with Mountain View,1 extra-large double bed,1,0,0,https://cf.bstatic.com/xdata/images/hotel/square240/744537995.webp?k=b9a0ef4916630f09f65a683056a9d7596c430c6f4ad712690a1a0bc6edd93ae7&o=,10,Murree
Mount Murree Hotel,https://www.booking.com/hotel/pk/mount-murree.en-gb.html?aid=304142&label=gen173nr-10CAQoggJCDWNpdHlfLTI3Njk4NTFICVgEaLUBiAEBmAEzuAEHyAEM2AED6AEB-AEBiAIBqAIBuAKIlMLTBsACAdICJDBiNzYyYjQ4LWNmZWQtNDliYy1hZDA0LWM3MmIxYmU5OWViNdgCAeACAQ&ucfs=1&arphpl=1&checkin=2026-08-06&checkout=2026-08-07&dest_id=-2769851&dest_type=city&group_adults=2&req_adults=2&no_rooms=1&group_children=0&req_children=0&hpos=1&hapos=26&sr_order=popularity&srpvid=17e2580464c2007b&srepoch=1785760277&all_sr_blocks=1394051107_421116982_2_0_0&highlighted_blocks=1394051107_421116982_2_0_0&matching_block_id=1394051107_421116982_2_0_0&sr_pri_blocks=1394051107_421116982_2_0_0__550000&from=searchresults,5500,6.5,20.0,Murree,450.0,Budget Double or Twin Room,2 single beds,0,1,0,https://cf.bstatic.com/xdata/images/hotel/square240/671936703.webp?k=ad20144f3d422cec2dd745713c250ba8af8b6df12dc700baa9648299bcf308c6&o=,9,Murree
"VivaPines, Murree",https://www.booking.com/hotel/pk/vivapines.en-gb.html?aid=304142&label=gen173nr-10CAQoggJCDWNpdHlfLTI3Njk4NTFICVgEaLUBiAEBmAEzuAEHyAEM2AED6AEB-AEBiAIBqAIBuAKIlMLTBsACAdICJDBiNzYyYjQ4LWNmZWQtNDliYy1hZDA0LWM3MmIxYmU5OWViNdgCAeACAQ&ucfs=1&arphpl=1&checkin=2026-08-06&checkout=2026-08-07&dest_id=-2769851&dest_type=city&group_adults=2&req_adults=2&no_rooms=1&group_children=0&req_children=0&hpos=2&hapos=27&sr_order=popularity&srpvid=17e2580464c2007b&srepoch=1785760277&all_sr_blocks=920867902_417550300_2_1_0&highlighted_blocks=920867902_417550300_2_1_0&matching_block_id=920867902_417550300_2_1_0&sr_pri_blocks=920867902_417550300_2_1_0__2270500&from=searchresults,22705,7.9,244.0,Murree,1.2,One-Bedroom Apartment,1 large double bed,1,1,1,https://cf.bstatic.com/xdata/images/hotel/square240/409756670.webp?k=f7aa92f3ea4e2c991603954076e3c0187c179ada7ebd33e62489405eed9ced75&o=,11,Murree
SKYmount,https://www.booking.com/hotel/pk/skymount.en-gb.html?aid=304142&label=gen173nr-10CAQoggJCDWNpdHlfLTI3Njk4NTFICVgEaLUBiAEBmAEzuAEHyAEM2AED6AEB-AEBiAIBqAIBuAKIlMLTBsACAdICJDBiNzYyYjQ4LWNmZWQtNDliYy1hZDA0LWM3MmIxYmU5OWViNdgCAeACAQ&ucfs=1&arphpl=1&checkin=2026-08-06&checkout=2026-08-07&dest_id=-2769851&dest_type=city&group_adults=2&req_adults=2&no_rooms=1&group_children=0&req_children=0&hpos=3&hapos=28&sr_order=popularity&srpvid=17e2580464c2007b&srepoch=1785760277&all_sr_blocks=985075402_413614082_0_42_0&highlighted_blocks=985075402_413614082_0_42_0&matching_block_id=985075402_413614082_0_42_0&sr_pri_blocks=985075402_413614082_0_42_0__680000&from=searchresults,6800,5.8,81.0,Murree,7.9,Deluxe Double Room with Balcony,"2 beds (1 large double, 1 futon)",0,1,0,https://cf.bstatic.com/xdata/images/hotel/square240/517215662.webp?k=0e9457b64cfb09d8e8bf76c08df972180ba1657bc4234f5adc60a9e90fc84aef&o=,9,Murree
Sarah's Lodge,https://www.booking.com/hotel/pk/sarah-39-s-lodge.en-gb.html?aid=304142&label=gen173nr-10CAQoggJCDWNpdHlfLTI3Njk4NTFICVgEaLUBiAEBmAEzuAEHyAEM2AED6AEB-AEBiAIBqAIBuAKIlMLTBsACAdICJDBiNzYyYjQ4LWNmZWQtNDliYy1hZDA0LWM3MmIxYmU5OWViNdgCAeACAQ&ucfs=1&arphpl=1&checkin=2026-08-06&checkout=2026-08-07&dest_id=-2769851&dest_type=city&group_adults=2&req_adults=2&no_rooms=1&group_children=0&req_children=0&hpos=4&hapos=29&sr_order=popularity&srpvid=17e2580464c2007b&srepoch=1785760277&all_sr_blocks=768816302_334561378_0_1_0&highlighted_blocks=768816302_334561378_0_1_0&matching_block_id=768816302_334561378_0_1_0&sr_pri_blocks=768816302_334561378_0_1_0__800000&from=searchresults,8000,8.1,39.0,Murree,7.9,Queen Room,1 large double bed,1,0,0,https://cf.bstatic.com/xdata/images/hotel/square240/665446757.webp?k=f27374fa4bcb0ded1cf9615d9355f3ac52705084c7bf2f9006c190c6b1339630&o=,2,Murree
Montana Lodges Room 109 - 4 mins Monal Murree,https://www.booking.com/hotel/pk/room-in-murree-montana-109-studio-apartment.en-gb.html?aid=304142&label=gen173nr-10CAQoggJCDWNpdHlfLTI3Njk4NTFICVgEaLUBiAEBmAEzuAEHyAEM2AED6AEB-AEBiAIBqAIBuAKIlMLTBsACAdICJDBiNzYyYjQ4LWNmZWQtNDliYy1hZDA0LWM3MmIxYmU5OWViNdgCAeACAQ&ucfs=1&arphpl=1&checkin=2026-08-06&checkout=2026-08-07&dest_id=-2769851&dest_type=city&group_adults=2&req_adults=2&no_rooms=1&group_children=0&req_children=0&hpos=5&hapos=30&sr_order=popularity&srpvid=17e2580464c2007b&srepoch=1785760277&all_sr_blocks=1370371301_409250528_3_0_0&highlighted_blocks=1370371301_409250528_3_0_0&matching_block_id=1370371301_409250528_3_0_0&sr_pri_blocks=1370371301_409250528_3_0_0__800000&from=searchresults,8000,7.7,6.0,Murree,2.7,Studio Apartment with King Bed,Studio Apartment with King Bed,0,1,1,https://cf.bstatic.com/xdata/images/hotel/square240/802023006.webp?k=61f104cd98c7073ece0f5d35685ba5f48689700ab237dc851176f45b43c55f51&o=,4,Murree
Montana Lodges Murree,https://www.booking.com/hotel/pk/montana-lodges-murree.en-gb.html?aid=304142&label=gen173nr-10CAQoggJCDWNpdHlfLTI3Njk4NTFICVgEaLUBiAEBmAEzuAEHyAEM2AED6AEB-AEBiAIBqAIBuAKIlMLTBsACAdICJDBiNzYyYjQ4LWNmZWQtNDliYy1hZDA0LWM3MmIxYmU5OWViNdgCAeACAQ&ucfs=1&arphpl=1&checkin=2026-08-06&checkout=2026-08-07&dest_id=-2769851&dest_type=city&group_adults=2&req_adults=2&no_rooms=1&group_children=0&req_children=0&hpos=6&hapos=31&sr_order=popularity&srpvid=17e2580464c2007b&srepoch=1785760277&all_sr_blocks=1523826802_424034269_2_0_0&highlighted_blocks=1523826802_424034269_2_0_0&matching_block_id=1523826802_424034269_2_0_0&sr_pri_blocks=1523826802_424034269_2_0_0__765000&from=searchresults,7650,7.2,45.0,Murree,2.7,Standard Studio,1 large double bed,0,1,1,https://cf.bstatic.com/xdata/images/hotel/square240/774190776.webp?k=0a56ce37bbee262f7167712cd3c06bacb7c04afae9c429e79186de34f17d08e9&o=,12,Murree
Ramada by Wyndham Murree Lower Topa Resort,https://www.booking.com/hotel/pk/ramada-by-wyndham-murree-lower-topa-resort.en-gb.html?aid=304142&label=gen173nr-10CAQoggJCDWNpdHlfLTI3Njk4NTFICVgEaLUBiAEBmAEzuAEHyAEM2AED6AEB-AEBiAIBqAIBuAKIlMLTBsACAdICJDBiNzYyYjQ4LWNmZWQtNDliYy1hZDA0LWM3MmIxYmU5OWViNdgCAeACAQ&ucfs=1&arphpl=1&checkin=2026-08-06&checkout=2026-08-07&dest_id=-2769851&dest_type=city&group_adults=2&req_adults=2&no_rooms=1&group_children=0&req_children=0&hpos=7&hapos=32&sr_order=popularity&srpvid=17e2580464c2007b&srepoch=1785760277&all_sr_blocks=945411502_367191354_2_33_0&highlighted_blocks=945411502_367191354_2_33_0&matching_block_id=945411502_367191354_2_33_0&sr_pri_blocks=945411502_367191354_2_33_0__5035000&from=searchresults,50350,8.5,393.0,Murree,4.3,Deluxe King Room with Pine View,1 extra-large double bed,1,0,0,https://cf.bstatic.com/xdata/images/hotel/square240/867673091.webp?k=5b3c62f54354ce67329af9366886e47031b69119992b0776523cc327d5a09c0d&o=,11,Murree
7K Heights,https://www.booking.com/hotel/pk/7k-heights.en-gb.html?aid=304142&label=gen173nr-10CAQoggJCDWNpdHlfLTI3Njk4NTFICVgEaLUBiAEBmAEzuAEHyAEM2AED6AEB-AEBiAIBqAIBuAKIlMLTBsACAdICJDBiNzYyYjQ4LWNmZWQtNDliYy1hZDA0LWM3MmIxYmU5OWViNdgCAeACAQ&ucfs=1&arphpl=1&checkin=2026-08-06&checkout=2026-08-07&dest_id=-2769851&dest_type=city&group_adults=2&req_adults=2&no_rooms=1&group_children=0&req_children=0&hpos=8&hapos=33&sr_order=popularity&srpvid=17e2580464c2007b&srepoch=1785760277&all_sr_blocks=770788504_340097225_0_0_0&highlighted_blocks=770788504_340097225_0_0_0&matching_block_id=770788504_340097225_0_0_0&sr_pri_blocks=770788504_340097225_0_0_0__600000&from=searchresults,6000,7.0,66.0,Murree,1.4,Economy Double Room,1 extra-large double bed,0,0,0,https://cf.bstatic.com/xdata/images/hotel/square240/318547703.webp?k=56b81a655ab82c3ec9ef9d5cf1b02a1754ebc63fe56175655114217780a384c1&o=,8,Murree
UK Residencia,https://www.booking.com/hotel/pk/uk-residencia.en-gb.html?aid=304142&label=gen173nr-10CAQoggJCDWNpdHlfLTI3Njk4NTFICVgEaLUBiAEBmAEzuAEHyAEM2AED6AEB-AEBiAIBqAIBuAKIlMLTBsACAdICJDBiNzYyYjQ4LWNmZWQtNDliYy1hZDA0LWM3MmIxYmU5OWViNdgCAeACAQ&ucfs=1&arphpl=1&checkin=2026-08-06&checkout=2026-08-07&dest_id=-2769851&dest_type=city&group_adults=2&req_adults=2&no_rooms=1&group_children=0&req_children=0&hpos=9&hapos=34&sr_order=popularity&srpvid=17e2580464c2007b&srepoch=1785760277&all_sr_blocks=1699460402_441595481_2_0_0&highlighted_blocks=1699460402_441595481_2_0_0&matching_block_id=1699460402_441595481_2_0_0&sr_pri_blocks=1699460402_441595481_2_0_0__400000&from=searchresults,4000,,,Murree,2.4,Double Room with Mountain View,2 single beds,0,1,1,https://cf.bstatic.com/xdata/images/hotel/square240/902113197.webp?k=bf9b40d528cf259cd3a302dc9a1ff509aa3b6a02730e035b7691388a6d7f180c&o=,4,Murree
Amanza Heights,https://www.booking.com/hotel/pk/amanza-heights.en-gb.html?aid=304142&label=gen173nr-10CAQoggJCDWNpdHlfLTI3Njk4NTFICVgEaLUBiAEBmAEzuAEHyAEM2AED6AEB-AEBiAIBqAIBuAKIlMLTBsACAdICJDBiNzYyYjQ4LWNmZWQtNDliYy1hZDA0LWM3MmIxYmU5OWViNdgCAeACAQ&ucfs=1&arphpl=1&checkin=2026-08-06&checkout=2026-08-07&dest_id=-2769851&dest_type=city&group_adults=2&req_adults=2&no_rooms=1&group_children=0&req_children=0&hpos=10&hapos=35&sr_order=popularity&srpvid=17e2580464c2007b&srepoch=1785760277&all_sr_blocks=1615782701_432452909_5_0_0&highlighted_blocks=1615782701_432452909_5_0_0&matching_block_id=1615782701_432452909_5_0_0&sr_pri_blocks=1615782701_432452909_5_0_0__1015000&from=searchresults,10150,8.1,8.0,Murree,1.1,Two-Bedroom Apartment with Mountain View,"3 beds (1 sofa bed, 2 large doubles)",0,1,1,https://cf.bstatic.com/xdata/images/hotel/square240/850748506.webp?k=a70b389a53613322ba4c212072292db11c80efed8f0cb1546b71bd5f307bd1f7&o=,5,Murree
Burj A Zafar,https://www.booking.com/hotel/pk/burj-a-zafar-murree1.en-gb.html?aid=304142&label=gen173nr-10CAQoggJCDWNpdHlfLTI3Njk4NTFICVgEaLUBiAEBmAEzuAEHyAEM2AED6AEB-AEBiAIBqAIBuAKIlMLTBsACAdICJDBiNzYyYjQ4LWNmZWQtNDliYy1hZDA0LWM3MmIxYmU5OWViNdgCAeACAQ&ucfs=1&arphpl=1&checkin=2026-08-06&checkout=2026-08-07&dest_id=-2769851&dest_type=city&group_adults=2&req_adults=2&no_rooms=1&group_children=0&req_children=0&hpos=11&hapos=36&sr_order=popularity&srpvid=17e2580464c2007b&srepoch=1785760277&all_sr_blocks=1657629201_437650416_2_1_0&highlighted_blocks=1657629201_437650416_2_1_0&matching_block_id=1657629201_437650416_2_1_0&sr_pri_blocks=1657629201_437650416_2_1_0__1250000&from=searchresults,12500,9.2,19.0,Murree,2.9,Standard Double Room,1 large double bed,1,1,1,https://cf.bstatic.com/xdata/images/hotel/square240/876758924.webp?k=b682ae3c63b0ee1c891056fcc0d1cf47de6ca31f989f5c9487e0df90b48baacc&o=,10,Murree
But Tourist Inn Hotel Murree,https://www.booking.com/hotel/pk/tourist-inn-murree-murree.en-gb.html?aid=304142&label=gen173nr-10CAQoggJCDWNpdHlfLTI3Njk4NTFICVgEaLUBiAEBmAEzuAEHyAEM2AED6AEB-AEBiAIBqAIBuAKIlMLTBsACAdICJDBiNzYyYjQ4LWNmZWQtNDliYy1hZDA0LWM3MmIxYmU5OWViNdgCAeACAQ&ucfs=1&arphpl=1&checkin=2026-08-06&checkout=2026-08-07&dest_id=-2769851&dest_type=city&group_adults=2&req_adults=2&no_rooms=1&group_children=0&req_children=0&hpos=12&hapos=37&sr_order=popularity&srpvid=17e2580464c2007b&srepoch=1785760277&all_sr_blocks=1512161601_422962284_2_0_0&highlighted_blocks=1512161601_422962284_2_0_0&matching_block_id=1512161601_422962284_2_0_0&sr_pri_blocks=1512161601_422962284_2_0_0__560000&from=searchresults,5600,3.7,14.0,Murree,400.0,Double Room,1 double bed,0,1,1,https://cf.bstatic.com/xdata/images/hotel/square240/786777881.webp?k=f9d75a9fe9e563c364606547f9c466de76de44daeae16b7babbc5b1bdeae2790&o=,10,Murree
Coozy corner AAS HOSTS MUREE,https://www.booking.com/hotel/pk/coozy-corner-aas-hosts-muree.en-gb.html?aid=304142&label=gen173nr-10CAQoggJCDWNpdHlfLTI3Njk4NTFICVgEaLUBiAEBmAEzuAEHyAEM2AED6AEB-AEBiAIBqAIBuAKIlMLTBsACAdICJDBiNzYyYjQ4LWNmZWQtNDliYy1hZDA0LWM3MmIxYmU5OWViNdgCAeACAQ&ucfs=1&arphpl=1&checkin=2026-08-06&checkout=2026-08-07&dest_id=-2769851&dest_type=city&group_adults=2&req_adults=2&no_rooms=1&group_children=0&req_children=0&hpos=13&hapos=38&sr_order=popularity&srpvid=17e2580464c2007b&srepoch=1785760277&all_sr_blocks=1213399001_414930962_2_0_0&highlighted_blocks=1213399001_414930962_2_0_0&matching_block_id=1213399001_414930962_2_0_0&sr_pri_blocks=1213399001_414930962_2_0_0__780000&from=searchresults,7800,7.0,6.0,Murree,1.1,One-Bedroom Apartment,"8 beds (1 double, 7 sofa beds)",0,0,1,https://cf.bstatic.com/xdata/images/hotel/square240/561283329.webp?k=09db059fb245cb04bfa9e1199d3b8132d4ee11a8f3f9b6883bac2ba803f9f0a5&o=,3,Murree
The Vibe By Ambiance,https://www.booking.com/hotel/pk/the-vibe-by-ambiance.en-gb.html?aid=304142&label=gen173nr-10CAQoggJCDWNpdHlfLTI3Njk4NTFICVgEaLUBiAEBmAEzuAEHyAEM2AED6AEB-AEBiAIBqAIBuAKIlMLTBsACAdICJDBiNzYyYjQ4LWNmZWQtNDliYy1hZDA0LWM3MmIxYmU5OWViNdgCAeACAQ&ucfs=1&arphpl=1&checkin=2026-08-06&checkout=2026-08-07&dest_id=-2769851&dest_type=city&group_adults=2&req_adults=2&no_rooms=1&group_children=0&req_children=0&hpos=14&hapos=39&sr_order=popularity&srpvid=17e2580464c2007b&srepoch=1785760277&all_sr_blocks=0_0_2_1_0&highlighted_blocks=0_0_2_1_0&matching_block_id=0_0_2_1_0&sr_pri_blocks=0_0_2_1_0__1690065&from=searchresults,16901,8.9,248.0,Murree,1.2,Premier Double or Twin Room,1 double bed,1,0,0,https://cf.bstatic.com/xdata/images/hotel/square240/506755637.webp?k=9b9b48a6fd8d3535e5abc6af8f07a005b200cff90a2602a857e1939b28bbb30b&o=,11,Murree
Bansra Gali Retreat,https://www.booking.com/hotel/pk/bansra-gali-retreat.en-gb.html?aid=304142&label=gen173nr-10CAQoggJCDWNpdHlfLTI3Njk4NTFICVgEaLUBiAEBmAEzuAEHyAEM2AED6AEB-AEBiAIBqAIBuAKIlMLTBsACAdICJDBiNzYyYjQ4LWNmZWQtNDliYy1hZDA0LWM3MmIxYmU5OWViNdgCAeACAQ&ucfs=1&arphpl=1&checkin=2026-08-06&checkout=2026-08-07&dest_id=-2769851&dest_type=city&group_adults=2&req_adults=2&no_rooms=1&group_children=0&req_children=0&hpos=15&hapos=40&sr_order=popularity&srpvid=17e2580464c2007b&srepoch=1785760277&all_sr_blocks=1397553401_411642785_2_0_0&highlighted_blocks=1397553401_411642785_2_0_0&matching_block_id=1397553401_411642785_2_0_0&sr_pri_blocks=1397553401_411642785_2_0_0__306000&from=searchresults,3060,1.0,1.0,Murree,2.1,Two-Bedroom Apartment,2 large double beds,0,0,0,https://cf.bstatic.com/xdata/images/hotel/square240/672679268.webp?k=f1e4c5803c05ae1c044775350075de7fa5439834056ff6766136f898f39d729c&o=,2,Murree
Pine Top Hotel Murree,https://www.booking.com/hotel/pk/pine-top-cottages-murree.en-gb.html?aid=304142&label=gen173nr-10CAQoggJCDWNpdHlfLTI3Njk4NTFICVgEaLUBiAEBmAEzuAEHyAEM2AED6AEB-AEBiAIBqAIBuAKIlMLTBsACAdICJDBiNzYyYjQ4LWNmZWQtNDliYy1hZDA0LWM3MmIxYmU5OWViNdgCAeACAQ&ucfs=1&arphpl=1&checkin=2026-08-06&checkout=2026-08-07&dest_id=-2769851&dest_type=city&group_adults=2&req_adults=2&no_rooms=1&group_children=0&req_children=0&hpos=16&hapos=41&sr_order=popularity&srpvid=17e2580464c2007b&srepoch=1785760277&all_sr_blocks=242821701_200709997_2_2_0&highlighted_blocks=242821701_200709997_2_2_0&matching_block_id=242821701_200709997_2_2_0&sr_pri_blocks=242821701_200709997_2_2_0__600000&from=searchresults,6000,7.0,20.0,Murree,1.0,Standard Double Room,1 extra-large double bed,0,0,0,https://cf.bstatic.com/xdata/images/hotel/square240/106522709.webp?k=e7064518c2ee1ea5243927bd10aaa0dd955be66dee3ff6a76b448493e3a9c760&o=,2,Murree
Bhurban Nights - Glass Bed Murree Hills View - Lift - 15 Minutes from Murree & Mallroad,https://www.booking.com/hotel/pk/bhurban-nights.en-gb.html?aid=304142&label=gen173nr-10CAQoggJCDWNpdHlfLTI3Njk4NTFICVgEaLUBiAEBmAEzuAEHyAEM2AED6AEB-AEBiAIBqAIBuAKIlMLTBsACAdICJDBiNzYyYjQ4LWNmZWQtNDliYy1hZDA0LWM3MmIxYmU5OWViNdgCAeACAQ&ucfs=1&arphpl=1&checkin=2026-08-06&checkout=2026-08-07&dest_id=-2769851&dest_type=city&group_adults=2&req_adults=2&no_rooms=1&group_children=0&req_children=0&hpos=17&hapos=42&sr_order=popularity&srpvid=17e2580464c2007b&srepoch=1785760277&all_sr_blocks=1465966101_438581779_6_0_0&highlighted_blocks=1465966101_438581779_6_0_0&matching_block_id=1465966101_438581779_6_0_0&sr_pri_blocks=1465966101_438581779_6_0_0__2000000&from=searchresults,20000,9.7,18.0,Murree,7.9,Two-Bedroom Apartment,"4 beds (2 singles, 1 extra-large double, 1 sofa bed)",0,1,1,https://cf.bstatic.com/xdata/images/hotel/square240/901833355.webp?k=9f75c2b3fdb4f11c3ec19fcaee6286d6d4c04bae06beed0e78d559cad4c06e67&o=,11,Murree
Bhurban Family Apartments,https://www.booking.com/hotel/pk/bhurban-four-star.en-gb.html?aid=304142&label=gen173nr-10CAQoggJCDWNpdHlfLTI3Njk4NTFICVgEaLUBiAEBmAEzuAEHyAEM2AED6AEB-AEBiAIBqAIBuAKIlMLTBsACAdICJDBiNzYyYjQ4LWNmZWQtNDliYy1hZDA0LWM3MmIxYmU5OWViNdgCAeACAQ&ucfs=1&arphpl=1&checkin=2026-08-06&checkout=2026-08-07&dest_id=-2769851&dest_type=city&group_adults=2&req_adults=2&no_rooms=1&group_children=0&req_children=0&hpos=18&hapos=43&sr_order=popularity&srpvid=17e2580464c2007b&srepoch=1785760277&all_sr_blocks=1513339706_423075177_2_2_0&highlighted_blocks=1513339706_423075177_2_2_0&matching_block_id=1513339706_423075177_2_2_0&sr_pri_blocks=1513339706_423075177_2_2_0__659900&from=searchresults,6599,8.1,6.0,Murree,7.7,Deluxe Family Room,1 double bed,0,1,1,https://cf.bstatic.com/xdata/images/hotel/square240/887942731.webp?k=e27c2e44d6637e2a0488f3cbccfa1852179a9d0c865cb723bcdb6b716ea8f26c&o=,10,Murree
Mussiaree Hotel,https://www.booking.com/hotel/pk/mussiaree-murree.en-gb.html?aid=304142&label=gen173nr-10CAQoggJCDWNpdHlfLTI3Njk4NTFICVgEaLUBiAEBmAEzuAEHyAEM2AED6AEB-AEBiAIBqAIBuAKIlMLTBsACAdICJDBiNzYyYjQ4LWNmZWQtNDliYy1hZDA0LWM3MmIxYmU5OWViNdgCAeACAQ&ucfs=1&arphpl=1&checkin=2026-08-06&checkout=2026-08-07&dest_id=-2769851&dest_type=city&group_adults=2&req_adults=2&no_rooms=1&group_children=0&req_children=0&hpos=19&hapos=44&sr_order=popularity&srpvid=17e2580464c2007b&srepoch=1785760277&all_sr_blocks=1339473009_410849786_2_42_0_779956&highlighted_blocks=1339473009_410849786_2_42_0_779956&matching_block_id=1339473009_410849786_2_42_0_779956&sr_pri_blocks=1339473009_410849786_2_42_0_779956_722500&from=searchresults,7225,6.0,32.0,Murree,350.0,Deluxe Double Room,"2 beds (1 single, 1 double)",0,1,1,https://cf.bstatic.com/xdata/images/hotel/square240/638318634.webp?k=569c0322e6bb946de8d5fb215385ae97e3c9988533bdc1b178b955af63437cfa&o=,9,Murree
The Smart Hills Hotel Murree,https://www.booking.com/hotel/pk/the-smart-hills-murree-murree1.en-gb.html?aid=304142&label=gen173nr-10CAQoggJCDWNpdHlfLTI3Njk4NTFICVgEaLUBiAEBmAEzuAEHyAEM2AED6AEB-AEBiAIBqAIBuAKIlMLTBsACAdICJDBiNzYyYjQ4LWNmZWQtNDliYy1hZDA0LWM3MmIxYmU5OWViNdgCAeACAQ&ucfs=1&arphpl=1&checkin=2026-08-06&checkout=2026-08-07&dest_id=-2769851&dest_type=city&group_adults=2&req_adults=2&no_rooms=1&group_children=0&req_children=0&hpos=20&hapos=45&sr_order=popularity&srpvid=17e2580464c2007b&srepoch=1785760277&all_sr_blocks=1663443704_438214902_2_2_0&highlighted_blocks=1663443704_438214902_2_2_0&matching_block_id=1663443704_438214902_2_2_0&sr_pri_blocks=1663443704_438214902_2_2_0__500000&from=searchresults,5000,,,Murree,400.0,Small Double Room,1 double bed,0,1,1,https://cf.bstatic.com/xdata/images/hotel/square240/881093341.webp?k=48c89fee2672ef4ee352a6714881ebb5e32d83694bc493d77f1dff1f7c94bbdc&o=,10,Murree
Mall Rd Murree Ciros Hotel,https://www.booking.com/hotel/pk/mall-rd-muree-ciros.en-gb.html?aid=304142&label=gen173nr-10CAQoggJCDWNpdHlfLTI3Njk4NTFICVgEaLUBiAEBmAEzuAEHyAEM2AED6AEB-AEBiAIBqAIBuAKIlMLTBsACAdICJDBiNzYyYjQ4LWNmZWQtNDliYy1hZDA0LWM3MmIxYmU5OWViNdgCAeACAQ&ucfs=1&arphpl=1&checkin=2026-08-06&checkout=2026-08-07&dest_id=-2769851&dest_type=city&group_adults=2&req_adults=2&no_rooms=1&group_children=0&req_children=0&hpos=21&hapos=46&sr_order=popularity&srpvid=17e2580464c2007b&srepoch=1785760277&all_sr_blocks=1687784101_440736851_2_42_0&highlighted_blocks=1687784101_440736851_2_42_0&matching_block_id=1687784101_440736851_2_42_0&sr_pri_blocks=1687784101_440736851_2_42_0__1394000&from=searchresults,13940,9.1,9.0,Murree,450.0,Deluxe King Room,1 large double bed,0,0,1,https://cf.bstatic.com/xdata/images/hotel/square240/898771073.webp?k=f630205504f5db787dbb5131f0a638f0b1f90161a8607022e062fabedc73ad61&o=,12,Murree
Murree Spring Apartment,https://www.booking.com/hotel/pk/murree-spring-apartment.en-gb.html?aid=304142&label=gen173nr-10CAQoggJCDWNpdHlfLTI3Njk4NTFICVgEaLUBiAEBmAEzuAEHyAEM2AED6AEB-AEBiAIBqAIBuAKIlMLTBsACAdICJDBiNzYyYjQ4LWNmZWQtNDliYy1hZDA0LWM3MmIxYmU5OWViNdgCAeACAQ&ucfs=1&arphpl=1&checkin=2026-08-06&checkout=2026-08-07&dest_id=-2769851&dest_type=city&group_adults=2&req_adults=2&no_rooms=1&group_children=0&req_children=0&hpos=22&hapos=47&sr_order=popularity&srpvid=17e2580464c2007b&srepoch=1785760277&all_sr_blocks=1602146602_431163236_2_32_0&highlighted_blocks=1602146602_431163236_2_32_0&matching_block_id=1602146602_431163236_2_32_0&sr_pri_blocks=1602146602_431163236_2_32_0__1650000&from=searchresults,16500,7.4,11.0,Murree,2.4,Studio with Mountain View,1 double bed,0,1,1,https://cf.bstatic.com/xdata/images/hotel/square240/888797357.webp?k=401ab8198206b7214f329af42d8bdf80013b97dd4442bc6d9d5da367abb51112&o=,4,Murree
The Cliff House- Deluxe Room 02,https://www.booking.com/hotel/pk/the-cliff-house-deluxe-room-02.en-gb.html?aid=304142&label=gen173nr-10CAQoggJCDWNpdHlfLTI3Njk4NTFICVgEaLUBiAEBmAEzuAEHyAEM2AED6AEB-AEBiAIBqAIBuAKIlMLTBsACAdICJDBiNzYyYjQ4LWNmZWQtNDliYy1hZDA0LWM3MmIxYmU5OWViNdgCAeACAQ&ucfs=1&arphpl=1&checkin=2026-08-06&checkout=2026-08-07&dest_id=-2769851&dest_type=city&group_adults=2&req_adults=2&no_rooms=1&group_children=0&req_children=0&hpos=23&hapos=48&sr_order=popularity&srpvid=17e2580464c2007b&srepoch=1785760277&all_sr_blocks=1688823401_440532437_2_1_0&highlighted_blocks=1688823401_440532437_2_1_0&matching_block_id=1688823401_440532437_2_1_0&sr_pri_blocks=1688823401_440532437_2_1_0__637500&from=searchresults,6375,,,Murree,2.2,Deluxe Double Room,1 double bed,1,1,1,https://cf.bstatic.com/xdata/images/hotel/square240/895037428.webp?k=5ffd9e7ed155754c3572875d9a948e78adc00e314d22fdadfd465290626baba0&o=,4,Murree
Move-N-Pick Murree,https://www.booking.com/hotel/pk/move-n-pick-murree-murree.en-gb.html?aid=304142&label=gen173nr-10CAQoggJCDWNpdHlfLTI3Njk4NTFICVgEaLUBiAEBmAEzuAEHyAEM2AED6AEB-AEBiAIBqAIBuAKIlMLTBsACAdICJDBiNzYyYjQ4LWNmZWQtNDliYy1hZDA0LWM3MmIxYmU5OWViNdgCAeACAQ&ucfs=1&arphpl=1&checkin=2026-08-06&checkout=2026-08-07&dest_id=-2769851&dest_type=city&group_adults=2&req_adults=2&no_rooms=1&group_children=0&req_children=0&hpos=24&hapos=49&sr_order=popularity&srpvid=17e2580464c2007b&srepoch=1785760277&all_sr_blocks=789900003_398430101_2_41_0_257630&highlighted_blocks=789900003_398430101_2_41_0_257630&matching_block_id=789900003_398430101_2_41_0_257630&sr_pri_blocks=789900003_398430101_2_41_0_257630_1400000&from=searchresults,14000,5.3,246.0,Murree,450.0,Superior Double Room,1 double bed,1,1,0,https://cf.bstatic.com/xdata/images/hotel/square240/325787330.webp?k=d58fd37712f3d2cd5179d6501a8872dc78a829394e685eb0ef750842518da0b1&o=,9,Murree
Shareef Lodge,https://www.booking.com/hotel/pk/shareef-lodge.en-gb.html?aid=304142&label=gen173nr-10CAQoggJCDWNpdHlfLTI3Njk4NTFICVgEaLUBiAEBmAEzuAEHyAEM2AED6AEB-AEBiAIBqAIBuAKIlMLTBsACAdICJDBiNzYyYjQ4LWNmZWQtNDliYy1hZDA0LWM3MmIxYmU5OWViNdgCAeACAQ&ucfs=1&arphpl=1&checkin=2026-08-06&checkout=2026-08-07&dest_id=-2769851&dest_type=city&group_adults=2&req_adults=2&no_rooms=1&group_children=0&req_children=0&hpos=25&hapos=50&sr_order=popularity&srpvid=17e2580464c2007b&srepoch=1785760277&all_sr_blocks=1681760403_440845815_4_0_0&highlighted_blocks=1681760403_440845815_4_0_0&matching_block_id=1681760403_440845815_4_0_0&sr_pri_blocks=1681760403_440845815_4_0_0__966000&from=searchresults,9660,,,Murree,1.4,One-Bedroom Apartment,"3 beds (2 singles, 1 large double)",0,0,1,https://cf.bstatic.com/xdata/images/hotel/square240/891749699.webp?k=a47fb792826a8f9ad174b7869e273b904c447baf3a50367d8b0f9aad1601dc86&o=,3,Murree
Metropole Hotel,https://www.booking.com/hotel/pk/metropole-murree1.en-gb.html?aid=304142&label=gen173nr-10CAQoggJCDWNpdHlfLTI3Njk4NTFICVgEaLUBiAEBmAEzuAEHyAEM2AED6AEB-AEBiAIBqAIBuAKIlMLTBsACAdICJDBiNzYyYjQ4LWNmZWQtNDliYy1hZDA0LWM3MmIxYmU5OWViNdgCAeACAQ&ucfs=1&arphpl=1&checkin=2026-08-06&checkout=2026-08-07&dest_id=-2769851&dest_type=city&group_adults=2&req_adults=2&no_rooms=1&group_children=0&req_children=0&hpos=1&hapos=51&sr_order=popularity&srpvid=17e2580464c2007b&srepoch=1785760278&all_sr_blocks=876446014_356604236_0_2_0&highlighted_blocks=876446014_356604236_0_2_0&matching_block_id=876446014_356604236_0_2_0&sr_pri_blocks=876446014_356604236_0_2_0__2349000&from=searchresults,23490,8.5,41.0,Murree,0.7,King Room,1 extra-large double bed,0,0,0,https://cf.bstatic.com/xdata/images/hotel/square240/811924046.webp?k=c659557327d9a3313670553fd4e55eae1949268f5328f90a30e25962deb8bf53&o=,9,Murree
Scenic Balcony Apartment Near Kashmir Point,https://www.booking.com/hotel/pk/scenic-balcony-apartment-near-kashmir-point-murree1.en-gb.html?aid=304142&label=gen173nr-10CAQoggJCDWNpdHlfLTI3Njk4NTFICVgEaLUBiAEBmAEzuAEHyAEM2AED6AEB-AEBiAIBqAIBuAKIlMLTBsACAdICJDBiNzYyYjQ4LWNmZWQtNDliYy1hZDA0LWM3MmIxYmU5OWViNdgCAeACAQ&ucfs=1&arphpl=1&checkin=2026-08-06&checkout=2026-08-07&dest_id=-2769851&dest_type=city&group_adults=2&req_adults=2&no_rooms=1&group_children=0&req_children=0&hpos=2&hapos=52&sr_order=popularity&srpvid=17e2580464c2007b&srepoch=1785760278&all_sr_blocks=1680848201_439840230_2_0_0&highlighted_blocks=1680848201_439840230_2_0_0&matching_block_id=1680848201_439840230_2_0_0&sr_pri_blocks=1680848201_439840230_2_0_0__764923&from=searchresults,7649,5.0,2.0,Murree,1.5,One-Bedroom Apartment,"2 beds (1 sofa bed, 1 large double)",0,1,1,https://cf.bstatic.com/xdata/images/hotel/square240/891337273.webp?k=4c39fc796a2fd6b326b640297f73120b1fe819fb69fb26945f53c10e424f00a9&o=,4,Murree
"Shaiz Apartments Bhurban, Murree",https://www.booking.com/hotel/pk/shaiz-apartments-bhurban-murree.en-gb.html?aid=304142&label=gen173nr-10CAQoggJCDWNpdHlfLTI3Njk4NTFICVgEaLUBiAEBmAEzuAEHyAEM2AED6AEB-AEBiAIBqAIBuAKIlMLTBsACAdICJDBiNzYyYjQ4LWNmZWQtNDliYy1hZDA0LWM3MmIxYmU5OWViNdgCAeACAQ&ucfs=1&arphpl=1&checkin=2026-08-06&checkout=2026-08-07&dest_id=-2769851&dest_type=city&group_adults=2&req_adults=2&no_rooms=1&group_children=0&req_children=0&hpos=3&hapos=53&sr_order=popularity&srpvid=17e2580464c2007b&srepoch=1785760278&all_sr_blocks=1205367701_392753107_2_1_0&highlighted_blocks=1205367701_392753107_2_1_0&matching_block_id=1205367701_392753107_2_1_0&sr_pri_blocks=1205367701_392753107_2_1_0__1171800&from=searchresults,11718,7.7,22.0,Murree,9.5,Two-Bedroom Apartment,"4 beds (2 extra-large doubles, 2 futons)",1,0,0,https://cf.bstatic.com/xdata/images/hotel/square240/556281764.webp?k=aac5f8ee2c39ded0d42fccada10c0afd99f531812996a4631a7513be6107da19&o=,8,Murree
RUKH SUKH - Luxury Apartments,https://www.booking.com/hotel/pk/rukh-sukh-luxury-apartments.en-gb.html?aid=304142&label=gen173nr-10CAQoggJCDWNpdHlfLTI3Njk4NTFICVgEaLUBiAEBmAEzuAEHyAEM2AED6AEB-AEBiAIBqAIBuAKIlMLTBsACAdICJDBiNzYyYjQ4LWNmZWQtNDliYy1hZDA0LWM3MmIxYmU5OWViNdgCAeACAQ&ucfs=1&arphpl=1&checkin=2026-08-06&checkout=2026-08-07&dest_id=-2769851&dest_type=city&group_adults=2&req_adults=2&no_rooms=1&group_children=0&req_children=0&hpos=4&hapos=54&sr_order=popularity&srpvid=17e2580464c2007b&srepoch=1785760278&all_sr_blocks=1552881601_426461919_3_0_0&highlighted_blocks=1552881601_426461919_3_0_0&matching_block_id=1552881601_426461919_3_0_0&sr_pri_blocks=1552881601_426461919_3_0_0__1125000&from=searchresults,11250,8.2,5.0,Murree,4.1,One-Bedroom Apartment,"2 beds (1 extra-large double, 1 sofa bed)",0,1,1,https://cf.bstatic.com/xdata/images/hotel/square240/799044075.webp?k=2d65a4ef9b335146dcea56a0e1fb5d02c8becc7cea1329acc02fd78c8d4b2e5d&o=,5,Murree
Royal Cottage in Murree,https://www.booking.com/hotel/pk/royal-cottage-in-murree.en-gb.html?aid=304142&label=gen173nr-10CAQoggJCDWNpdHlfLTI3Njk4NTFICVgEaLUBiAEBmAEzuAEHyAEM2AED6AEB-AEBiAIBqAIBuAKIlMLTBsACAdICJDBiNzYyYjQ4LWNmZWQtNDliYy1hZDA0LWM3MmIxYmU5OWViNdgCAeACAQ&ucfs=1&arphpl=1&checkin=2026-08-06&checkout=2026-08-07&dest_id=-2769851&dest_type=city&group_adults=2&req_adults=2&no_rooms=1&group_children=0&req_children=0&hpos=5&hapos=55&sr_order=popularity&srpvid=17e2580464c2007b&srepoch=1785760278&all_sr_blocks=1632261301_433726665_2_42_0&highlighted_blocks=1632261301_433726665_2_42_0&matching_block_id=1632261301_433726665_2_42_0&sr_pri_blocks=1632261301_433726665_2_42_0__800000&from=searchresults,8000,10,2.0,Murree,2.2,Deluxe Double Room (2 Adults + 1 Child),1 double bed,0,1,1,https://cf.bstatic.com/xdata/images/hotel/square240/885787957.webp?k=0b4f6636665ab168844ab9cae32d7db6234a344a4008d959737974bc7afee5f4&o=,4,Murree
BHURBAN MOUNTAIN VIEW COTTAGe,https://www.booking.com/hotel/pk/bhurban-murree2.en-gb.html?aid=304142&label=gen173nr-10CAQoggJCDWNpdHlfLTI3Njk4NTFICVgEaLUBiAEBmAEzuAEHyAEM2AED6AEB-AEBiAIBqAIBuAKIlMLTBsACAdICJDBiNzYyYjQ4LWNmZWQtNDliYy1hZDA0LWM3MmIxYmU5OWViNdgCAeACAQ&ucfs=1&arphpl=1&checkin=2026-08-06&checkout=2026-08-07&dest_id=-2769851&dest_type=city&group_adults=2&req_adults=2&no_rooms=1&group_children=0&req_children=0&hpos=6&hapos=56&sr_order=popularity&srpvid=17e2580464c2007b&srepoch=1785760278&all_sr_blocks=1508818002_422642886_2_2_0&highlighted_blocks=1508818002_422642886_2_2_0&matching_block_id=1508818002_422642886_2_2_0&sr_pri_blocks=1508818002_422642886_2_2_0__759900&from=searchresults,7599,8.1,7.0,Murree,7.8,Deluxe Family Room,1 double bed,0,1,1,https://cf.bstatic.com/xdata/images/hotel/square240/896203795.webp?k=af5f0cc69e83b68ce67ea70cb6f0050ae8f0438fc760a8ce0362d6ace0f5a8ca&o=,12,Murree
Forest Edge Hotel,https://www.booking.com/hotel/pk/forest-edge-murree.en-gb.html?aid=304142&label=gen173nr-10CAQoggJCDWNpdHlfLTI3Njk4NTFICVgEaLUBiAEBmAEzuAEHyAEM2AED6AEB-AEBiAIBqAIBuAKIlMLTBsACAdICJDBiNzYyYjQ4LWNmZWQtNDliYy1hZDA0LWM3MmIxYmU5OWViNdgCAeACAQ&ucfs=1&arphpl=1&checkin=2026-08-06&checkout=2026-08-07&dest_id=-2769851&dest_type=city&group_adults=2&req_adults=2&no_rooms=1&group_children=0&req_children=0&hpos=7&hapos=57&sr_order=popularity&srpvid=17e2580464c2007b&srepoch=1785760278&all_sr_blocks=1400381501_412399615_2_0_0&highlighted_blocks=1400381501_412399615_2_0_0&matching_block_id=1400381501_412399615_2_0_0&sr_pri_blocks=1400381501_412399615_2_0_0__800000&from=searchresults,8000,6.1,30.0,Murree,2.2,Standard Double Room,1 extra-large double bed,0,1,1,https://cf.bstatic.com/xdata/images/hotel/square240/701440172.webp?k=e3293874cd827423419a55401460bb38e5a4d6cff7da4b167379d35142482a34&o=,14,Murree
Hotel Marhaba in,https://www.booking.com/hotel/pk/marhaba-in.en-gb.html?aid=304142&label=gen173nr-10CAQoggJCDWNpdHlfLTI3Njk4NTFICVgEaLUBiAEBmAEzuAEHyAEM2AED6AEB-AEBiAIBqAIBuAKIlMLTBsACAdICJDBiNzYyYjQ4LWNmZWQtNDliYy1hZDA0LWM3MmIxYmU5OWViNdgCAeACAQ&ucfs=1&arphpl=1&checkin=2026-08-06&checkout=2026-08-07&dest_id=-2769851&dest_type=city&group_adults=2&req_adults=2&no_rooms=1&group_children=0&req_children=0&hpos=8&hapos=58&sr_order=popularity&srpvid=17e2580464c2007b&srepoch=1785760278&all_sr_blocks=1693294101_440972633_7_0_0&highlighted_blocks=1693294101_440972633_7_0_0&matching_block_id=1693294101_440972633_7_0_0&sr_pri_blocks=1693294101_440972633_7_0_0__1530000&from=searchresults,15300,,,Murree,150.0,Double Room with Mountain View,"4 beds (1 single, 1 double, 1 extra-large double, 1 large double)",0,1,1,https://cf.bstatic.com/xdata/images/hotel/square240/898272723.webp?k=dd5075e1c959ff7bdf435e85d368765ce5c353301dc76082aa36712628958173&o=,10,Murree
Murree Premium Executive Serviced Apartments - Expressway Murree,https://www.booking.com/hotel/pk/ghshsg.en-gb.html?aid=304142&label=gen173nr-10CAQoggJCDWNpdHlfLTI3Njk4NTFICVgEaLUBiAEBmAEzuAEHyAEM2AED6AEB-AEBiAIBqAIBuAKIlMLTBsACAdICJDBiNzYyYjQ4LWNmZWQtNDliYy1hZDA0LWM3MmIxYmU5OWViNdgCAeACAQ&ucfs=1&arphpl=1&checkin=2026-08-06&checkout=2026-08-07&dest_id=-2769851&dest_type=city&group_adults=2&req_adults=2&no_rooms=1&group_children=0&req_children=0&hpos=9&hapos=59&sr_order=popularity&srpvid=17e2580464c2007b&srepoch=1785760278&all_sr_blocks=1661770101_438062538_2_1_0_1435900&highlighted_blocks=1661770101_438062538_2_1_0_1435900&matching_block_id=1661770101_438062538_2_1_0_1435900&sr_pri_blocks=1661770101_438062538_2_1_0_1435900_2430000&from=searchresults,24300,10,2.0,Murree,2.3,Family Studio,1 double bed,1,0,0,https://cf.bstatic.com/xdata/images/hotel/square240/880736496.webp?k=f63f429f5e57705cc7642ff13b5aec5a218adbb3d6e9b670055bb69aa059a9ff&o=,11,Murree
ORTUS Murree 2,https://www.booking.com/hotel/pk/ortus-murree-2.en-gb.html?aid=304142&label=gen173nr-10CAQoggJCDWNpdHlfLTI3Njk4NTFICVgEaLUBiAEBmAEzuAEHyAEM2AED6AEB-AEBiAIBqAIBuAKIlMLTBsACAdICJDBiNzYyYjQ4LWNmZWQtNDliYy1hZDA0LWM3MmIxYmU5OWViNdgCAeACAQ&ucfs=1&arphpl=1&checkin=2026-08-06&checkout=2026-08-07&dest_id=-2769851&dest_type=city&group_adults=2&req_adults=2&no_rooms=1&group_children=0&req_children=0&hpos=10&hapos=60&sr_order=popularity&srpvid=17e2580464c2007b&srepoch=1785760278&all_sr_blocks=1411649701_412910562_3_0_0&highlighted_blocks=1411649701_412910562_3_0_0&matching_block_id=1411649701_412910562_3_0_0&sr_pri_blocks=1411649701_412910562_3_0_0__1300000&from=searchresults,13000,7.6,5.0,Murree,1.9,One-Bedroom Apartment with Garden,"2 beds (1 sofa bed, 1 large double)",0,1,1,https://cf.bstatic.com/xdata/images/hotel/square240/697282353.webp?k=59c785e45ad0e62dc9f301fff0144c32e2081f30f89176662b2991de3bf2f614&o=,4,Murree
Luxury 3 Bedroom Cottage with Mountain Views - Murree,https://www.booking.com/hotel/pk/luxury-3-bedroom-cottage-with-mountain-views-murree.en-gb.html?aid=304142&label=gen173nr-10CAQoggJCDWNpdHlfLTI3Njk4NTFICVgEaLUBiAEBmAEzuAEHyAEM2AED6AEB-AEBiAIBqAIBuAKIlMLTBsACAdICJDBiNzYyYjQ4LWNmZWQtNDliYy1hZDA0LWM3MmIxYmU5OWViNdgCAeACAQ&ucfs=1&arphpl=1&checkin=2026-08-06&checkout=2026-08-07&dest_id=-2769851&dest_type=city&group_adults=2&req_adults=2&no_rooms=1&group_children=0&req_children=0&hpos=11&hapos=61&sr_order=popularity&srpvid=17e2580464c2007b&srepoch=1785760278&all_sr_blocks=1609919802_431892976_6_41_0&highlighted_blocks=1609919802_431892976_6_41_0&matching_block_id=1609919802_431892976_6_41_0&sr_pri_blocks=1609919802_431892976_6_41_0__5500000&from=searchresults,55000,,,Murree,2.4,Three-Bedroom Premium Apartment with Balcony,3 large double beds,1,1,1,https://cf.bstatic.com/xdata/images/hotel/square240/845772633.webp?k=10eff539e2ce2b417bc8596e382d4e977dbabced9f95abad31eab23a70b430c9&o=,10,Murree
The Bliss avenue,https://www.booking.com/hotel/pk/the-bliss-avenue-murree.en-gb.html?aid=304142&label=gen173nr-10CAQoggJCDWNpdHlfLTI3Njk4NTFICVgEaLUBiAEBmAEzuAEHyAEM2AED6AEB-AEBiAIBqAIBuAKIlMLTBsACAdICJDBiNzYyYjQ4LWNmZWQtNDliYy1hZDA0LWM3MmIxYmU5OWViNdgCAeACAQ&ucfs=1&arphpl=1&checkin=2026-08-06&checkout=2026-08-07&dest_id=-2769851&dest_type=city&group_adults=2&req_adults=2&no_rooms=1&group_children=0&req_children=0&hpos=12&hapos=62&sr_order=popularity&srpvid=17e2580464c2007b&srepoch=1785760278&all_sr_blocks=1698691401_441526686_2_42_0&highlighted_blocks=1698691401_441526686_2_42_0&matching_block_id=1698691401_441526686_2_42_0&sr_pri_blocks=1698691401_441526686_2_42_0__1665940&from=searchresults,16659,,,Murree,400.0,Apartment with Mountain View,"6 beds (1 single, 2 extra-large doubles, 3 sofa beds)",0,1,1,https://cf.bstatic.com/xdata/images/hotel/square240/901682546.webp?k=6b1cb8baa1039d0ce34c45df430e155409968001cb259ebd85e22bb8e23ef29e&o=,4,Murree
Indus Resort,https://www.booking.com/hotel/pk/indus-resort.en-gb.html?aid=304142&label=gen173nr-10CAQoggJCDWNpdHlfLTI3Njk4NTFICVgEaLUBiAEBmAEzuAEHyAEM2AED6AEB-AEBiAIBqAIBuAKIlMLTBsACAdICJDBiNzYyYjQ4LWNmZWQtNDliYy1hZDA0LWM3MmIxYmU5OWViNdgCAeACAQ&ucfs=1&arphpl=1&checkin=2026-08-06&checkout=2026-08-07&dest_id=-2769851&dest_type=city&group_adults=2&req_adults=2&no_rooms=1&group_children=0&req_children=0&hpos=13&hapos=63&sr_order=popularity&srpvid=17e2580464c2007b&srepoch=1785760278&all_sr_blocks=1695059002_441168881_6_2_0&highlighted_blocks=1695059002_441168881_6_2_0&matching_block_id=1695059002_441168881_6_2_0&sr_pri_blocks=1695059002_441168881_6_2_0__3200000&from=searchresults,32000,,,Murree,8.5,Three-Bedroom House,"6 beds (2 singles, 2 doubles, 2 sofa beds)",0,1,1,https://cf.bstatic.com/xdata/images/hotel/square240/899571785.webp?k=dd763b34cb36f8eb9b30248eb42ba1eadffdde7f650ebef55537996d9e8c56af&o=,4,Murree
Premium Murree Apartment With Stunning Views,https://www.booking.com/hotel/pk/premium-muree-apartment-with-stunning-views.en-gb.html?aid=304142&label=gen173nr-10CAQoggJCDWNpdHlfLTI3Njk4NTFICVgEaLUBiAEBmAEzuAEHyAEM2AED6AEB-AEBiAIBqAIBuAKIlMLTBsACAdICJDBiNzYyYjQ4LWNmZWQtNDliYy1hZDA0LWM3MmIxYmU5OWViNdgCAeACAQ&ucfs=1&arphpl=1&checkin=2026-08-06&checkout=2026-08-07&dest_id=-2769851&dest_type=city&group_adults=2&req_adults=2&no_rooms=1&group_children=0&req_children=0&hpos=14&hapos=64&sr_order=popularity&srpvid=17e2580464c2007b&srepoch=1785760278&all_sr_blocks=1607076401_431642497_5_0_0&highlighted_blocks=1607076401_431642497_5_0_0&matching_block_id=1607076401_431642497_5_0_0&sr_pri_blocks=1607076401_431642497_5_0_0__4500000&from=searchresults,45000,10,6.0,Murree,1.5,Two-Bedroom Apartment,"3 beds (2 doubles, 1 sofa bed)",0,0,0,https://cf.bstatic.com/xdata/images/hotel/square240/843557712.webp?k=1dd0ecef5fc5b1b6a1a5931da95ea2f84fa0fd271638e1c83464237e70463776&o=,10,Murree
LOKAL Rooms x Murree Kashmir Point,https://www.booking.com/hotel/pk/mountain-tower-murree.en-gb.html?aid=304142&label=gen173nr-10CAQoggJCDWNpdHlfLTI3Njk4NTFICVgEaLUBiAEBmAEzuAEHyAEM2AED6AEB-AEBiAIBqAIBuAKIlMLTBsACAdICJDBiNzYyYjQ4LWNmZWQtNDliYy1hZDA0LWM3MmIxYmU5OWViNdgCAeACAQ&ucfs=1&arphpl=1&checkin=2026-08-06&checkout=2026-08-07&dest_id=-2769851&dest_type=city&group_adults=2&req_adults=2&no_rooms=1&group_children=0&req_children=0&hpos=15&hapos=65&sr_order=popularity&srpvid=17e2580464c2007b&srepoch=1785760278&all_sr_blocks=743579601_329595674_2_1_0&highlighted_blocks=743579601_329595674_2_1_0&matching_block_id=743579601_329595674_2_1_0&sr_pri_blocks=743579601_329595674_2_1_0__1889937&from=searchresults,18899,8.1,71.0,Murree,1.2,Deluxe King Room,1 extra-large double bed,1,1,1,https://cf.bstatic.com/xdata/images/hotel/square240/456728298.webp?k=74aab8484724d8035a824ef8426e7921226b7d5c80cf029303dd411d2d446f2d&o=,12,Murree
Hill vista,https://www.booking.com/hotel/pk/hill-vista.en-gb.html?aid=304142&label=gen173nr-10CAQoggJCDWNpdHlfLTI3Njk4NTFICVgEaLUBiAEBmAEzuAEHyAEM2AED6AEB-AEBiAIBqAIBuAKIlMLTBsACAdICJDBiNzYyYjQ4LWNmZWQtNDliYy1hZDA0LWM3MmIxYmU5OWViNdgCAeACAQ&ucfs=1&arphpl=1&checkin=2026-08-06&checkout=2026-08-07&dest_id=-2769851&dest_type=city&group_adults=2&req_adults=2&no_rooms=1&group_children=0&req_children=0&hpos=16&hapos=66&sr_order=popularity&srpvid=17e2580464c2007b&srepoch=1785760278&all_sr_blocks=1690981801_440737568_3_0_0&highlighted_blocks=1690981801_440737568_3_0_0&matching_block_id=1690981801_440737568_3_0_0&sr_pri_blocks=1690981801_440737568_3_0_0__1020000&from=searchresults,10200,,,Murree,1.8,One-Bedroom Apartment,1 double bed,0,1,1,https://cf.bstatic.com/xdata/images/hotel/square240/896674595.webp?k=d1c058f2515aa0f6ffcb5192c41e324906de9211b6f41597d1d8b45f1a6c3529&o=,4,Murree
Janjua lodges Murree,https://www.booking.com/hotel/pk/jacaranda-lodges-murree.en-gb.html?aid=304142&label=gen173nr-10CAQoggJCDWNpdHlfLTI3Njk4NTFICVgEaLUBiAEBmAEzuAEHyAEM2AED6AEB-AEBiAIBqAIBuAKIlMLTBsACAdICJDBiNzYyYjQ4LWNmZWQtNDliYy1hZDA0LWM3MmIxYmU5OWViNdgCAeACAQ&ucfs=1&arphpl=1&checkin=2026-08-06&checkout=2026-08-07&dest_id=-2769851&dest_type=city&group_adults=2&req_adults=2&no_rooms=1&group_children=0&req_children=0&hpos=17&hapos=67&sr_order=popularity&srpvid=17e2580464c2007b&srepoch=1785760278&all_sr_blocks=690061101_279893390_10_0_0&highlighted_blocks=690061101_279893390_10_0_0&matching_block_id=690061101_279893390_10_0_0&sr_pri_blocks=690061101_279893390_10_0_0__2422500&from=searchresults,24225,7.5,58.0,Murree,6.4,Apartment with Mountain View,"9 beds (2 singles, 4 bunk beds, 2 sofa beds, 1 large double)",0,1,1,https://cf.bstatic.com/xdata/images/hotel/square240/277421870.webp?k=37b37201fb15fee862e3119554db1204c4c8d40c6c6ccfeb549748fa2bdcf2f1&o=,12,Murree
Abdullah homes,https://www.booking.com/hotel/pk/abdullah-homes-murree.en-gb.html?aid=304142&label=gen173nr-10CAQoggJCDWNpdHlfLTI3Njk4NTFICVgEaLUBiAEBmAEzuAEHyAEM2AED6AEB-AEBiAIBqAIBuAKIlMLTBsACAdICJDBiNzYyYjQ4LWNmZWQtNDliYy1hZDA0LWM3MmIxYmU5OWViNdgCAeACAQ&ucfs=1&arphpl=1&checkin=2026-08-06&checkout=2026-08-07&dest_id=-2769851&dest_type=city&group_adults=2&req_adults=2&no_rooms=1&group_children=0&req_children=0&hpos=18&hapos=68&sr_order=popularity&srpvid=17e2580464c2007b&srepoch=1785760278&all_sr_blocks=1684927201_440142075_2_0_0&highlighted_blocks=1684927201_440142075_2_0_0&matching_block_id=1684927201_440142075_2_0_0&sr_pri_blocks=1684927201_440142075_2_0_0__1381250&from=searchresults,13813,,,Murree,5.2,Apartment,"6 beds (1 double, 1 sofa bed, 4 large doubles)",0,1,1,https://cf.bstatic.com/xdata/images/hotel/square240/892769528.webp?k=769ac526873925a9f6e3f59b75e5e3a474ebb6af9e8cda8cec2f6d86da721da4&o=,4,Murree
Mehboob international hotel murree,https://www.booking.com/hotel/pk/mehboob-international-murree-murree.en-gb.html?aid=304142&label=gen173nr-10CAQoggJCDWNpdHlfLTI3Njk4NTFICVgEaLUBiAEBmAEzuAEHyAEM2AED6AEB-AEBiAIBqAIBuAKIlMLTBsACAdICJDBiNzYyYjQ4LWNmZWQtNDliYy1hZDA0LWM3MmIxYmU5OWViNdgCAeACAQ&ucfs=1&arphpl=1&checkin=2026-08-06&checkout=2026-08-07&dest_id=-2769851&dest_type=city&group_adults=2&req_adults=2&no_rooms=1&group_children=0&req_children=0&hpos=19&hapos=69&sr_order=popularity&srpvid=17e2580464c2007b&srepoch=1785760278&all_sr_blocks=1432961308_414852209_2_2_0&highlighted_blocks=1432961308_414852209_2_2_0&matching_block_id=1432961308_414852209_2_2_0&sr_pri_blocks=1432961308_414852209_2_2_0__1154250&from=searchresults,11543,6.4,5.0,Murree,1.2,Budget Double Room,1 large double bed,0,0,0,https://cf.bstatic.com/xdata/images/hotel/square240/707155176.webp?k=dc0bcddd51dcfec104ddf25b6d1afc50f9f5b806270ba200c0d86311ba46189e&o=,12,Murree
Green view Guest House,https://www.booking.com/hotel/pk/green-view-apartments.en-gb.html?aid=304142&label=gen173nr-10CAQoggJCDWNpdHlfLTI3Njk4NTFICVgEaLUBiAEBmAEzuAEHyAEM2AED6AEB-AEBiAIBqAIBuAKIlMLTBsACAdICJDBiNzYyYjQ4LWNmZWQtNDliYy1hZDA0LWM3MmIxYmU5OWViNdgCAeACAQ&ucfs=1&arphpl=1&checkin=2026-08-06&checkout=2026-08-07&dest_id=-2769851&dest_type=city&group_adults=2&req_adults=2&no_rooms=1&group_children=0&req_children=0&hpos=20&hapos=70&sr_order=popularity&srpvid=17e2580464c2007b&srepoch=1785760278&all_sr_blocks=954375102_367956484_2_0_0&highlighted_blocks=954375102_367956484_2_0_0&matching_block_id=954375102_367956484_2_0_0&sr_pri_blocks=954375102_367956484_2_0_0__650000&from=searchresults,6500,9.6,43.0,Murree,5.3,Family Room with Mountain View,"2 beds (1 sofa bed, 1 large double)",0,1,1,https://cf.bstatic.com/xdata/images/hotel/square240/423900139.webp?k=07990cfb927cee3f730e19072c35ce081db971a2be045904eafa7ea428a17818&o=,10,Murree
"Sovereign Suite Askari Lodges Darya Gali, Murree",https://www.booking.com/hotel/pk/askari-lodges-102-in-ayubia-rd-darya-gali-murree.en-gb.html?aid=304142&label=gen173nr-10CAQoggJCDWNpdHlfLTI3Njk4NTFICVgEaLUBiAEBmAEzuAEHyAEM2AED6AEB-AEBiAIBqAIBuAKIlMLTBsACAdICJDBiNzYyYjQ4LWNmZWQtNDliYy1hZDA0LWM3MmIxYmU5OWViNdgCAeACAQ&ucfs=1&arphpl=1&checkin=2026-08-06&checkout=2026-08-07&dest_id=-2769851&dest_type=city&group_adults=2&req_adults=2&no_rooms=1&group_children=0&req_children=0&hpos=21&hapos=71&sr_order=popularity&srpvid=17e2580464c2007b&srepoch=1785760278&all_sr_blocks=1616328303_432501096_3_1_0&highlighted_blocks=1616328303_432501096_3_1_0&matching_block_id=1616328303_432501096_3_1_0&sr_pri_blocks=1616328303_432501096_3_1_0__880000&from=searchresults,8800,,,Murree,4.5,Family Room with Terrace,"2 beds (1 single, 1 double)",1,1,1,https://cf.bstatic.com/xdata/images/hotel/square240/851115737.webp?k=5ca85a1b6533c1c5f98878c1651864409f36e592e584ddfe8945d31a7ce1a5a2&o=,15,Murree
Rashha Suites Jhika Gali Murree,https://www.booking.com/hotel/pk/rashha-suites-jhika-gali-murree.en-gb.html?aid=304142&label=gen173nr-10CAQoggJCDWNpdHlfLTI3Njk4NTFICVgEaLUBiAEBmAEzuAEHyAEM2AED6AEB-AEBiAIBqAIBuAKIlMLTBsACAdICJDBiNzYyYjQ4LWNmZWQtNDliYy1hZDA0LWM3MmIxYmU5OWViNdgCAeACAQ&ucfs=1&arphpl=1&checkin=2026-08-06&checkout=2026-08-07&dest_id=-2769851&dest_type=city&group_adults=2&req_adults=2&no_rooms=1&group_children=0&req_children=0&hpos=22&hapos=72&sr_order=popularity&srpvid=17e2580464c2007b&srepoch=1785760278&all_sr_blocks=1447039402_416108933_2_1_0&highlighted_blocks=1447039402_416108933_2_1_0&matching_block_id=1447039402_416108933_2_1_0&sr_pri_blocks=1447039402_416108933_2_1_0__2250000&from=searchresults,22500,8.8,11.0,Murree,400.0,Executive Suite,1 extra-large double bed,1,1,1,https://cf.bstatic.com/xdata/images/hotel/square240/704541184.webp?k=7d26c2472992c6072858d3fe2b624ae0334a411be8dc6236375ab41066162367&o=,12,Murree
Hotel One Ten Mall Road Murree,https://www.booking.com/hotel/pk/one-ten-murree.en-gb.html?aid=304142&label=gen173nr-10CAQoggJCDWNpdHlfLTI3Njk4NTFICVgEaLUBiAEBmAEzuAEHyAEM2AED6AEB-AEBiAIBqAIBuAKIlMLTBsACAdICJDBiNzYyYjQ4LWNmZWQtNDliYy1hZDA0LWM3MmIxYmU5OWViNdgCAeACAQ&ucfs=1&arphpl=1&checkin=2026-08-06&checkout=2026-08-07&dest_id=-2769851&dest_type=city&group_adults=2&req_adults=2&no_rooms=1&group_children=0&req_children=0&hpos=23&hapos=73&sr_order=popularity&srpvid=17e2580464c2007b&srepoch=1785760278&all_sr_blocks=1674305102_439200088_3_0_0&highlighted_blocks=1674305102_439200088_3_0_0&matching_block_id=1674305102_439200088_3_0_0&sr_pri_blocks=1674305102_439200088_3_0_0__1000000&from=searchresults,10000,,,Murree,250.0,Standard Triple Room,"2 beds (1 extra-large double, 1 large double)",0,0,1,https://cf.bstatic.com/xdata/images/hotel/square240/887739331.webp?k=f3a24bd76e52196e0c898e253870d2d3591e3eebbf48f3c762ff9bfb05aa6a42&o=,9,Murree
LvL 50,https://www.booking.com/hotel/pk/level-five-zero.en-gb.html?aid=304142&label=gen173nr-10CAQoggJCDWNpdHlfLTI3Njk4NTFICVgEaLUBiAEBmAEzuAEHyAEM2AED6AEB-AEBiAIBqAIBuAKIlMLTBsACAdICJDBiNzYyYjQ4LWNmZWQtNDliYy1hZDA0LWM3MmIxYmU5OWViNdgCAeACAQ&ucfs=1&arphpl=1&checkin=2026-08-06&checkout=2026-08-07&dest_id=-2769851&dest_type=city&group_adults=2&req_adults=2&no_rooms=1&group_children=0&req_children=0&hpos=24&hapos=74&sr_order=popularity&srpvid=17e2580464c2007b&srepoch=1785760278&all_sr_blocks=919130910_363522321_3_42_0&highlighted_blocks=919130910_363522321_3_42_0&matching_block_id=919130910_363522321_3_42_0&sr_pri_blocks=919130910_363522321_3_42_0__1200000&from=searchresults,12000,,,Murree,3.7,Deluxe Double Room with Balcony,1 large double bed,0,1,1,https://cf.bstatic.com/xdata/images/hotel/square240/404665407.webp?k=b7d27ac1dc8a53146c3c71a0ee5935c1a0016263a546f97d3e50908a319acc7a&o=,4,Murree
Misty Mountain,https://www.booking.com/hotel/pk/misty-mountain-murree1.en-gb.html?aid=304142&label=gen173nr-10CAQoggJCDWNpdHlfLTI3Njk4NTFICVgEaLUBiAEBmAEzuAEHyAEM2AED6AEB-AEBiAIBqAIBuAKIlMLTBsACAdICJDBiNzYyYjQ4LWNmZWQtNDliYy1hZDA0LWM3MmIxYmU5OWViNdgCAeACAQ&ucfs=1&arphpl=1&checkin=2026-08-06&checkout=2026-08-07&dest_id=-2769851&dest_type=city&group_adults=2&req_adults=2&no_rooms=1&group_children=0&req_children=0&hpos=25&hapos=75&sr_order=popularity&srpvid=17e2580464c2007b&srepoch=1785760278&all_sr_blocks=1214080501_393616730_2_0_0&highlighted_blocks=1214080501_393616730_2_0_0&matching_block_id=1214080501_393616730_2_0_0&sr_pri_blocks=1214080501_393616730_2_0_0__1200000&from=searchresults,12000,7.0,4.0,Murree,1.1,Two-Bedroom Apartment,"3 beds (2 singles, 1 double)",0,1,1,https://cf.bstatic.com/xdata/images/hotel/square240/561722013.webp?k=4b0c3f43faa0e21e02590754bd84de4f6169ba01b364cfca47362362ca2fe9e9&o=,4,Murree
Brookside Pines,https://www.booking.com/hotel/pk/brookside-pines-murree.en-gb.html?aid=304142&label=gen173nr-10CAQoggJCDWNpdHlfLTI3Njk4NTFICVgEaLUBiAEBmAEzuAEHyAEM2AED6AEB-AEBiAIBqAIBuAKIlMLTBsACAdICJDBiNzYyYjQ4LWNmZWQtNDliYy1hZDA0LWM3MmIxYmU5OWViNdgCAeACAQ&ucfs=1&arphpl=1&checkin=2026-08-06&checkout=2026-08-07&dest_id=-2769851&dest_type=city&group_adults=2&req_adults=2&no_rooms=1&group_children=0&req_children=0&hpos=1&hapos=76&sr_order=popularity&srpvid=17e2580464c2007b&srepoch=1785760280&all_sr_blocks=1686727701_440298919_2_2_0&highlighted_blocks=1686727701_440298919_2_2_0&matching_block_id=1686727701_440298919_2_2_0&sr_pri_blocks=1686727701_440298919_2_2_0__1137028&from=searchresults,11370,,,Murree,10.7,Two-Bedroom Villa,"4 beds (2 extra-large doubles, 2 sofa beds)",0,1,1,https://cf.bstatic.com/xdata/images/hotel/square240/893870780.webp?k=c5306edd126dea7edca7423717e144bc2adf720f1be6ea525d7b2ec064a64d33&o=,4,Murree
Mughal E Azam Hotel,https://www.booking.com/hotel/pk/mughal-e-azam-murree3.en-gb.html?aid=304142&label=gen173nr-10CAQoggJCDWNpdHlfLTI3Njk4NTFICVgEaLUBiAEBmAEzuAEHyAEM2AED6AEB-AEBiAIBqAIBuAKIlMLTBsACAdICJDBiNzYyYjQ4LWNmZWQtNDliYy1hZDA0LWM3MmIxYmU5OWViNdgCAeACAQ&ucfs=1&arphpl=1&checkin=2026-08-06&checkout=2026-08-07&dest_id=-2769851&dest_type=city&group_adults=2&req_adults=2&no_rooms=1&group_children=0&req_children=0&hpos=2&hapos=77&sr_order=popularity&srpvid=17e2580464c2007b&srepoch=1785760280&all_sr_blocks=1648526604_436950915_2_0_0&highlighted_blocks=1648526604_436950915_2_0_0&matching_block_id=1648526604_436950915_2_0_0&sr_pri_blocks=1648526604_436950915_2_0_0__799900&from=searchresults,7999,,,Murree,450.0,Twin Room with Terrace,"2 beds (1 double, 1 futon)",0,1,1,https://cf.bstatic.com/xdata/images/hotel/square240/876947728.webp?k=2faf315a586390f24f1b19b0d6ba7c1e91d6c15e365c1819d0913ec0968efede&o=,4,Murree
Roof Top Resort,https://www.booking.com/hotel/pk/roof-top-resort.en-gb.html?aid=304142&label=gen173nr-10CAQoggJCDWNpdHlfLTI3Njk4NTFICVgEaLUBiAEBmAEzuAEHyAEM2AED6AEB-AEBiAIBqAIBuAKIlMLTBsACAdICJDBiNzYyYjQ4LWNmZWQtNDliYy1hZDA0LWM3MmIxYmU5OWViNdgCAeACAQ&ucfs=1&arphpl=1&checkin=2026-08-06&checkout=2026-08-07&dest_id=-2769851&dest_type=city&group_adults=2&req_adults=2&no_rooms=1&group_children=0&req_children=0&hpos=3&hapos=78&sr_order=popularity&srpvid=17e2580464c2007b&srepoch=1785760280&all_sr_blocks=706197803_395468204_4_1_0&highlighted_blocks=706197803_395468204_4_1_0&matching_block_id=706197803_395468204_4_1_0&sr_pri_blocks=706197803_395468204_4_1_0__2115000&from=searchresults,21150,9.5,94.0,Murree,2.2,Two-Bedroom House,"3 beds (1 double, 1 extra-large double, 1 sofa bed)",1,0,0,https://cf.bstatic.com/xdata/images/hotel/square240/520240276.webp?k=a08b914fc40dd774cef0bf253e3b4cf8a33b6782abfe167c2ac759e1a24fd88f&o=,9,Murree
Swiss suites Bhurban,https://www.booking.com/hotel/pk/2-bed-cozy-apartment.en-gb.html?aid=304142&label=gen173nr-10CAQoggJCDWNpdHlfLTI3Njk4NTFICVgEaLUBiAEBmAEzuAEHyAEM2AED6AEB-AEBiAIBqAIBuAKIlMLTBsACAdICJDBiNzYyYjQ4LWNmZWQtNDliYy1hZDA0LWM3MmIxYmU5OWViNdgCAeACAQ&ucfs=1&arphpl=1&checkin=2026-08-06&checkout=2026-08-07&dest_id=-2769851&dest_type=city&group_adults=2&req_adults=2&no_rooms=1&group_children=0&req_children=0&hpos=4&hapos=79&sr_order=popularity&srpvid=17e2580464c2007b&srepoch=1785760280&all_sr_blocks=1680594101_439817607_6_0_0&highlighted_blocks=1680594101_439817607_6_0_0&matching_block_id=1680594101_439817607_6_0_0&sr_pri_blocks=1680594101_439817607_6_0_0__1232500&from=searchresults,12325,10,1.0,Murree,6.4,Two-Bedroom Apartment,1 extra-large double bed,0,1,1,https://cf.bstatic.com/xdata/images/hotel/square240/891224101.webp?k=2a3fd0ddc374a287cef88dff994c448c5eacaae0971a7889adb36796e5a0a993&o=,4,Murree
Shagufta Hotel Murree,https://www.booking.com/hotel/pk/shagufta-murree1.en-gb.html?aid=304142&label=gen173nr-10CAQoggJCDWNpdHlfLTI3Njk4NTFICVgEaLUBiAEBmAEzuAEHyAEM2AED6AEB-AEBiAIBqAIBuAKIlMLTBsACAdICJDBiNzYyYjQ4LWNmZWQtNDliYy1hZDA0LWM3MmIxYmU5OWViNdgCAeACAQ&ucfs=1&arphpl=1&checkin=2026-08-06&checkout=2026-08-07&dest_id=-2769851&dest_type=city&group_adults=2&req_adults=2&no_rooms=1&group_children=0&req_children=0&hpos=5&hapos=80&sr_order=popularity&srpvid=17e2580464c2007b&srepoch=1785760280&all_sr_blocks=839670307_367318323_0_0_0&highlighted_blocks=839670307_367318323_0_0_0&matching_block_id=839670307_367318323_0_0_0&sr_pri_blocks=839670307_367318323_0_0_0__700000&from=searchresults,7000,5.2,19.0,Murree,5.3,Budget Double Room,1 large double bed,0,0,0,https://cf.bstatic.com/xdata/images/hotel/square240/544353507.webp?k=81e3e9097177692097fc91427dd7a2e43d4e3c4eb61c55261ae9df7edd0a5747&o=,8,Murree
Ortus - Murree Hills,https://www.booking.com/hotel/pk/ortus-murree-apartments.en-gb.html?aid=304142&label=gen173nr-10CAQoggJCDWNpdHlfLTI3Njk4NTFICVgEaLUBiAEBmAEzuAEHyAEM2AED6AEB-AEBiAIBqAIBuAKIlMLTBsACAdICJDBiNzYyYjQ4LWNmZWQtNDliYy1hZDA0LWM3MmIxYmU5OWViNdgCAeACAQ&ucfs=1&arphpl=1&checkin=2026-08-06&checkout=2026-08-07&dest_id=-2769851&dest_type=city&group_adults=2&req_adults=2&no_rooms=1&group_children=0&req_children=0&hpos=6&hapos=81&sr_order=popularity&srpvid=17e2580464c2007b&srepoch=1785760280&all_sr_blocks=716032002_358315964_8_0_0&highlighted_blocks=716032002_358315964_8_0_0&matching_block_id=716032002_358315964_8_0_0&sr_pri_blocks=716032002_358315964_8_0_0__3500000&from=searchresults,35000,7.8,45.0,Murree,0.9,Deluxe Apartment,"6 beds (2 singles, 1 extra-large double, 1 large double, 2 futons)",0,1,0,https://cf.bstatic.com/xdata/images/hotel/square240/780610248.webp?k=3d092107e851178e0dc79608c9c376c837e9a107d35c6effdac5074c6eee0e6b&o=,12,Murree
Kanva Retreats Luxury Cottages,https://www.booking.com/hotel/pk/kanva-retreats-luxury-cottages.en-gb.html?aid=304142&label=gen173nr-10CAQoggJCDWNpdHlfLTI3Njk4NTFICVgEaLUBiAEBmAEzuAEHyAEM2AED6AEB-AEBiAIBqAIBuAKIlMLTBsACAdICJDBiNzYyYjQ4LWNmZWQtNDliYy1hZDA0LWM3MmIxYmU5OWViNdgCAeACAQ&ucfs=1&arphpl=1&checkin=2026-08-06&checkout=2026-08-07&dest_id=-2769851&dest_type=city&group_adults=2&req_adults=2&no_rooms=1&group_children=0&req_children=0&hpos=7&hapos=82&sr_order=popularity&srpvid=17e2580464c2007b&srepoch=1785760280&all_sr_blocks=1590115101_430309219_6_0_0&highlighted_blocks=1590115101_430309219_6_0_0&matching_block_id=1590115101_430309219_6_0_0&sr_pri_blocks=1590115101_430309219_6_0_0__3500000&from=searchresults,35000,,,Murree,4.5,Deluxe Villa,"4 beds (2 singles, 2 extra-large doubles)",0,1,1,https://cf.bstatic.com/xdata/images/hotel/square240/837172192.webp?k=44f361e290226d65cab135b0bda58b72197d987e3441c0bddebac06c0abb6f71&o=,4,Murree
BRIGHTLANDS HOTEL,https://www.booking.com/hotel/pk/brightlands.en-gb.html?aid=304142&label=gen173nr-10CAQoggJCDWNpdHlfLTI3Njk4NTFICVgEaLUBiAEBmAEzuAEHyAEM2AED6AEB-AEBiAIBqAIBuAKIlMLTBsACAdICJDBiNzYyYjQ4LWNmZWQtNDliYy1hZDA0LWM3MmIxYmU5OWViNdgCAeACAQ&ucfs=1&arphpl=1&checkin=2026-08-06&checkout=2026-08-07&dest_id=-2769851&dest_type=city&group_adults=2&req_adults=2&no_rooms=1&group_children=0&req_children=0&hpos=8&hapos=83&sr_order=popularity&srpvid=17e2580464c2007b&srepoch=1785760280&all_sr_blocks=507755101_177550040_0_2_0&highlighted_blocks=507755101_177550040_0_2_0&matching_block_id=507755101_177550040_0_2_0&sr_pri_blocks=507755101_177550040_0_2_0__1200000&from=searchresults,12000,9.1,15.0,Murree,30.0,Budget Double Room,1 large double bed,0,1,0,https://cf.bstatic.com/xdata/images/hotel/square240/198889393.webp?k=278ae1c585b62fa55574d65a1520e21edf960b4f8302a098860113318d8b0830&o=,9,Murree
LMY Boutique Prestige Hotel Apartments - Murree Monal Expressway,https://www.booking.com/hotel/pk/hdusuzj.en-gb.html?aid=304142&label=gen173nr-10CAQoggJCDWNpdHlfLTI3Njk4NTFICVgEaLUBiAEBmAEzuAEHyAEM2AED6AEB-AEBiAIBqAIBuAKIlMLTBsACAdICJDBiNzYyYjQ4LWNmZWQtNDliYy1hZDA0LWM3MmIxYmU5OWViNdgCAeACAQ&ucfs=1&arphpl=1&checkin=2026-08-06&checkout=2026-08-07&dest_id=-2769851&dest_type=city&group_adults=2&req_adults=2&no_rooms=1&group_children=0&req_children=0&hpos=9&hapos=84&sr_order=popularity&srpvid=17e2580464c2007b&srepoch=1785760280&all_sr_blocks=1673805301_439154216_2_1_0&highlighted_blocks=1673805301_439154216_2_1_0&matching_block_id=1673805301_439154216_2_1_0&sr_pri_blocks=1673805301_439154216_2_1_0__2040000&from=searchresults,20400,1.0,1.0,Murree,2.3,Deluxe King Studio,1 double bed,1,1,1,https://cf.bstatic.com/xdata/images/hotel/square240/887541586.webp?k=67abda35f2817d42a4f820f2d7bd2bef545ddddfc3137a0c7086d5309527e037&o=,15,Murree
Luxury and Comfortable Apartments Flor Families near Mall Road Murree,https://www.booking.com/hotel/pk/1-bedroom-apartment-murree6.en-gb.html?aid=304142&label=gen173nr-10CAQoggJCDWNpdHlfLTI3Njk4NTFICVgEaLUBiAEBmAEzuAEHyAEM2AED6AEB-AEBiAIBqAIBuAKIlMLTBsACAdICJDBiNzYyYjQ4LWNmZWQtNDliYy1hZDA0LWM3MmIxYmU5OWViNdgCAeACAQ&ucfs=1&arphpl=1&checkin=2026-08-06&checkout=2026-08-07&dest_id=-2769851&dest_type=city&group_adults=2&req_adults=2&no_rooms=1&group_children=0&req_children=0&hpos=10&hapos=85&sr_order=popularity&srpvid=17e2580464c2007b&srepoch=1785760280&all_sr_blocks=1685186701_440149912_3_0_0&highlighted_blocks=1685186701_440149912_3_0_0&matching_block_id=1685186701_440149912_3_0_0&sr_pri_blocks=1685186701_440149912_3_0_0__1700000&from=searchresults,17000,10,1.0,Murree,300.0,One-Bedroom Apartment,1 double bed,0,1,1,https://cf.bstatic.com/xdata/images/hotel/square240/900195623.webp?k=de45df5c3e40b8dee220e77f3ea343d9864c15b1a5645e2108c3ce890ab634fd&o=,4,Murree
Ultra Luxury Boutique Apartment - Murree,https://www.booking.com/hotel/pk/ultra-luxury-boutique-apartment-murree.en-gb.html?aid=304142&label=gen173nr-10CAQoggJCDWNpdHlfLTI3Njk4NTFICVgEaLUBiAEBmAEzuAEHyAEM2AED6AEB-AEBiAIBqAIBuAKIlMLTBsACAdICJDBiNzYyYjQ4LWNmZWQtNDliYy1hZDA0LWM3MmIxYmU5OWViNdgCAeACAQ&ucfs=1&arphpl=1&checkin=2026-08-06&checkout=2026-08-07&dest_id=-2769851&dest_type=city&group_adults=2&req_adults=2&no_rooms=1&group_children=0&req_children=0&hpos=11&hapos=86&sr_order=popularity&srpvid=17e2580464c2007b&srepoch=1785760280&all_sr_blocks=1623045601_433070330_5_0_0&highlighted_blocks=1623045601_433070330_5_0_0&matching_block_id=1623045601_433070330_5_0_0&sr_pri_blocks=1623045601_433070330_5_0_0__4999900&from=searchresults,49999,,,Murree,1.4,Three-Bedroom Deluxe Apartment,"3 beds (1 single, 2 large doubles)",0,0,1,https://cf.bstatic.com/xdata/images/hotel/square240/857377582.webp?k=e560ebe90a400a429782d7e4be6171d5d80231b2117f6ef78d0abc3cb673bdff&o=,11,Murree
Mushkpuri hights,https://www.booking.com/hotel/pk/mushkpuri-hights.en-gb.html?aid=304142&label=gen173nr-10CAQoggJCDWNpdHlfLTI3Njk4NTFICVgEaLUBiAEBmAEzuAEHyAEM2AED6AEB-AEBiAIBqAIBuAKIlMLTBsACAdICJDBiNzYyYjQ4LWNmZWQtNDliYy1hZDA0LWM3MmIxYmU5OWViNdgCAeACAQ&ucfs=1&arphpl=1&checkin=2026-08-06&checkout=2026-08-07&dest_id=-2769851&dest_type=city&group_adults=2&req_adults=2&no_rooms=1&group_children=0&req_children=0&hpos=12&hapos=87&sr_order=popularity&srpvid=17e2580464c2007b&srepoch=1785760280&all_sr_blocks=1667602401_438581846_5_0_0&highlighted_blocks=1667602401_438581846_5_0_0&matching_block_id=1667602401_438581846_5_0_0&sr_pri_blocks=1667602401_438581846_5_0_0__1020000&from=searchresults,10200,9.7,3.0,Murree,7.1,Two-Bedroom Apartment,"3 beds (2 extra-large doubles, 1 sofa bed)",0,1,1,https://cf.bstatic.com/xdata/images/hotel/square240/883329998.webp?k=eb68ecf459bfaf073ea39d4675c7081c8ae818b1720aa48be00688d72421c742&o=,5,Murree
The Masken Murree,https://www.booking.com/hotel/pk/the-masken-murree.en-gb.html?aid=304142&label=gen173nr-10CAQoggJCDWNpdHlfLTI3Njk4NTFICVgEaLUBiAEBmAEzuAEHyAEM2AED6AEB-AEBiAIBqAIBuAKIlMLTBsACAdICJDBiNzYyYjQ4LWNmZWQtNDliYy1hZDA0LWM3MmIxYmU5OWViNdgCAeACAQ&ucfs=1&arphpl=1&checkin=2026-08-06&checkout=2026-08-07&dest_id=-2769851&dest_type=city&group_adults=2&req_adults=2&no_rooms=1&group_children=0&req_children=0&hpos=13&hapos=88&sr_order=popularity&srpvid=17e2580464c2007b&srepoch=1785760280&all_sr_blocks=1476441102_419086285_0_0_0&highlighted_blocks=1476441102_419086285_0_0_0&matching_block_id=1476441102_419086285_0_0_0&sr_pri_blocks=1476441102_419086285_0_0_0__1009800&from=searchresults,10098,9.7,3.0,Murree,2.5,Double Room with Mountain View,1 double bed,0,1,1,https://cf.bstatic.com/xdata/images/hotel/square240/731777448.webp?k=7f0982de42f5f2fae1bffa7e86fef687e69fc85657c2ba0f7c69440a1201fd40&o=,4,Murree
Hotel City Top In Murree,https://www.booking.com/hotel/pk/city-top-in-murree.en-gb.html?aid=304142&label=gen173nr-10CAQoggJCDWNpdHlfLTI3Njk4NTFICVgEaLUBiAEBmAEzuAEHyAEM2AED6AEB-AEBiAIBqAIBuAKIlMLTBsACAdICJDBiNzYyYjQ4LWNmZWQtNDliYy1hZDA0LWM3MmIxYmU5OWViNdgCAeACAQ&ucfs=1&arphpl=1&checkin=2026-08-06&checkout=2026-08-07&dest_id=-2769851&dest_type=city&group_adults=2&req_adults=2&no_rooms=1&group_children=0&req_children=0&hpos=14&hapos=89&sr_order=popularity&srpvid=17e2580464c2007b&srepoch=1785760280&all_sr_blocks=1692241801_440881373_4_1_0&highlighted_blocks=1692241801_440881373_4_1_0&matching_block_id=1692241801_440881373_4_1_0&sr_pri_blocks=1692241801_440881373_4_1_0__1275000&from=searchresults,12750,,,Murree,350.0,Double Room,2 double beds,1,1,1,https://cf.bstatic.com/xdata/images/hotel/square240/897639162.webp?k=18e9a9ebb2c9e91f67ff0e18ec7455299e06300feeda98bee926a5d0e5443881&o=,10,Murree
Nice Guest House GPO Murree,https://www.booking.com/hotel/pk/nice-guest-house-gpo-murree.en-gb.html?aid=304142&label=gen173nr-10CAQoggJCDWNpdHlfLTI3Njk4NTFICVgEaLUBiAEBmAEzuAEHyAEM2AED6AEB-AEBiAIBqAIBuAKIlMLTBsACAdICJDBiNzYyYjQ4LWNmZWQtNDliYy1hZDA0LWM3MmIxYmU5OWViNdgCAeACAQ&ucfs=1&arphpl=1&checkin=2026-08-06&checkout=2026-08-07&dest_id=-2769851&dest_type=city&group_adults=2&req_adults=2&no_rooms=1&group_children=0&req_children=0&hpos=15&hapos=90&sr_order=popularity&srpvid=17e2580464c2007b&srepoch=1785760280&all_sr_blocks=1657945504_437675897_3_0_0&highlighted_blocks=1657945504_437675897_3_0_0&matching_block_id=1657945504_437675897_3_0_0&sr_pri_blocks=1657945504_437675897_3_0_0__759905&from=searchresults,7599,,,Murree,0.6,Twin Room with View,"2 beds (1 double, 1 futon)",0,1,1,https://cf.bstatic.com/xdata/images/hotel/square240/878507148.webp?k=19a4b3ed4c23039f61190dca24486aa86dd9c9c2caaab22a5b6952e53716c08a&o=,4,Murree
ZAR Luxury Suites,https://www.booking.com/hotel/pk/luxury-suites-by-zar.en-gb.html?aid=304142&label=gen173nr-10CAQoggJCDWNpdHlfLTI3Njk4NTFICVgEaLUBiAEBmAEzuAEHyAEM2AED6AEB-AEBiAIBqAIBuAKIlMLTBsACAdICJDBiNzYyYjQ4LWNmZWQtNDliYy1hZDA0LWM3MmIxYmU5OWViNdgCAeACAQ&ucfs=1&arphpl=1&checkin=2026-08-06&checkout=2026-08-07&dest_id=-2769851&dest_type=city&group_adults=2&req_adults=2&no_rooms=1&group_children=0&req_children=0&hpos=16&hapos=91&sr_order=popularity&srpvid=17e2580464c2007b&srepoch=1785760280&all_sr_blocks=1692801401_440937362_3_1_0&highlighted_blocks=1692801401_440937362_3_1_0&matching_block_id=1692801401_440937362_3_1_0&sr_pri_blocks=1692801401_440937362_3_1_0__2000000&from=searchresults,20000,,,Murree,1.1,One-Bedroom Apartment,"2 beds (1 double, 1 sofa bed)",1,1,1,https://cf.bstatic.com/xdata/images/hotel/square240/898030552.webp?k=d8a2403ce4bd8ebb209919579edbab062dd0ddbbd1094b533770fe53a2df6171&o=,4,Murree
The Elysian Villa,https://www.booking.com/hotel/pk/the-elysian-villa.en-gb.html?aid=304142&label=gen173nr-10CAQoggJCDWNpdHlfLTI3Njk4NTFICVgEaLUBiAEBmAEzuAEHyAEM2AED6AEB-AEBiAIBqAIBuAKIlMLTBsACAdICJDBiNzYyYjQ4LWNmZWQtNDliYy1hZDA0LWM3MmIxYmU5OWViNdgCAeACAQ&ucfs=1&arphpl=1&checkin=2026-08-06&checkout=2026-08-07&dest_id=-2769851&dest_type=city&group_adults=2&req_adults=2&no_rooms=1&group_children=0&req_children=0&hpos=17&hapos=92&sr_order=popularity&srpvid=17e2580464c2007b&srepoch=1785760280&all_sr_blocks=1680683701_439825797_8_0_0&highlighted_blocks=1680683701_439825797_8_0_0&matching_block_id=1680683701_439825797_8_0_0&sr_pri_blocks=1680683701_439825797_8_0_0__2856000&from=searchresults,28560,,,Murree,6.2,Villa,"5 beds (2 singles, 3 extra-large doubles)",0,1,1,https://cf.bstatic.com/xdata/images/hotel/square240/891261684.webp?k=9a9aa28d7741ee639aaccd5390aae2153d6699710eee86d0c42d966f9cae8428&o=,6,Murree
Cecil homes hotel,https://www.booking.com/hotel/pk/cecil-homes-murree1.en-gb.html?aid=304142&label=gen173nr-10CAQoggJCDWNpdHlfLTI3Njk4NTFICVgEaLUBiAEBmAEzuAEHyAEM2AED6AEB-AEBiAIBqAIBuAKIlMLTBsACAdICJDBiNzYyYjQ4LWNmZWQtNDliYy1hZDA0LWM3MmIxYmU5OWViNdgCAeACAQ&ucfs=1&arphpl=1&checkin=2026-08-06&checkout=2026-08-07&dest_id=-2769851&dest_type=city&group_adults=2&req_adults=2&no_rooms=1&group_children=0&req_children=0&hpos=18&hapos=93&sr_order=popularity&srpvid=17e2580464c2007b&srepoch=1785760280&all_sr_blocks=1612780001_432179033_2_2_0&highlighted_blocks=1612780001_432179033_2_2_0&matching_block_id=1612780001_432179033_2_2_0&sr_pri_blocks=1612780001_432179033_2_2_0__900000&from=searchresults,9000,4.5,2.0,Murree,150.0,Double Room,5 double beds,0,0,0,https://cf.bstatic.com/xdata/images/hotel/square240/848419922.webp?k=1d72fe2c1376c352e8d12625080cc52fb86a14564ec15dd9fed62baf750c5c57&o=,6,Murree
Luxury 2 BD APT Central Murree Near GPO Chowk,https://www.booking.com/hotel/pk/luxury-2-bd-apt-central-murree-near-gpo-chowk.en-gb.html?aid=304142&label=gen173nr-10CAQoggJCDWNpdHlfLTI3Njk4NTFICVgEaLUBiAEBmAEzuAEHyAEM2AED6AEB-AEBiAIBqAIBuAKIlMLTBsACAdICJDBiNzYyYjQ4LWNmZWQtNDliYy1hZDA0LWM3MmIxYmU5OWViNdgCAeACAQ&ucfs=1&arphpl=1&checkin=2026-08-06&checkout=2026-08-07&dest_id=-2769851&dest_type=city&group_adults=2&req_adults=2&no_rooms=1&group_children=0&req_children=0&hpos=19&hapos=94&sr_order=popularity&srpvid=17e2580464c2007b&srepoch=1785760280&all_sr_blocks=1686312501_440272816_6_0_0&highlighted_blocks=1686312501_440272816_6_0_0&matching_block_id=1686312501_440272816_6_0_0&sr_pri_blocks=1686312501_440272816_6_0_0__1530000&from=searchresults,15300,,,Murree,1.0,Two-Bedroom Apartment,"3 beds (1 single, 2 doubles)",0,1,1,https://cf.bstatic.com/xdata/images/hotel/square240/901716418.webp?k=65c9a9d2e2a22123c74c8f73bd6f13706447294d1642a2305cde7220fbf9c912&o=,4,Murree
1 Bed Apartment in Murree,https://www.booking.com/hotel/pk/1-bed-apartment-in-murree.en-gb.html?aid=304142&label=gen173nr-10CAQoggJCDWNpdHlfLTI3Njk4NTFICVgEaLUBiAEBmAEzuAEHyAEM2AED6AEB-AEBiAIBqAIBuAKIlMLTBsACAdICJDBiNzYyYjQ4LWNmZWQtNDliYy1hZDA0LWM3MmIxYmU5OWViNdgCAeACAQ&ucfs=1&arphpl=1&checkin=2026-08-06&checkout=2026-08-07&dest_id=-2769851&dest_type=city&group_adults=2&req_adults=2&no_rooms=1&group_children=0&req_children=0&hpos=20&hapos=95&sr_order=popularity&srpvid=17e2580464c2007b&srepoch=1785760280&all_sr_blocks=1685679101_440195870_3_0_0&highlighted_blocks=1685679101_440195870_3_0_0&matching_block_id=1685679101_440195870_3_0_0&sr_pri_blocks=1685679101_440195870_3_0_0__1190000&from=searchresults,11900,,,Murree,2.3,One-Bedroom Apartment,1 double bed,0,1,1,https://cf.bstatic.com/xdata/images/hotel/square240/893137892.webp?k=64751b9437191ade2ad8633a0dc4ef9eff52d405986db17cd65b9f6becaf6d79&o=,4,Murree
WoodBerry Hotel Murree,https://www.booking.com/hotel/pk/woodberry-murree.en-gb.html?aid=304142&label=gen173nr-10CAQoggJCDWNpdHlfLTI3Njk4NTFICVgEaLUBiAEBmAEzuAEHyAEM2AED6AEB-AEBiAIBqAIBuAKIlMLTBsACAdICJDBiNzYyYjQ4LWNmZWQtNDliYy1hZDA0LWM3MmIxYmU5OWViNdgCAeACAQ&ucfs=1&arphpl=1&checkin=2026-08-06&checkout=2026-08-07&dest_id=-2769851&dest_type=city&group_adults=2&req_adults=2&no_rooms=1&group_children=0&req_children=0&hpos=21&hapos=96&sr_order=popularity&srpvid=17e2580464c2007b&srepoch=1785760280&all_sr_blocks=1682296501_439960051_3_0_0&highlighted_blocks=1682296501_439960051_3_0_0&matching_block_id=1682296501_439960051_3_0_0&sr_pri_blocks=1682296501_439960051_3_0_0__900000&from=searchresults,9000,,,Murree,0.6,Double Room,"2 beds (1 double, 1 futon)",0,0,0,https://cf.bstatic.com/xdata/images/hotel/square240/891957457.webp?k=aca69d68eb26e5de78b9d77c1cd6f3dd398a1a70cc6d40371ebbee7a4820f2a6&o=,8,Murree
Aloche Apartments,https://www.booking.com/hotel/pk/aloche-apartments.en-gb.html?aid=304142&label=gen173nr-10CAQoggJCDWNpdHlfLTI3Njk4NTFICVgEaLUBiAEBmAEzuAEHyAEM2AED6AEB-AEBiAIBqAIBuAKIlMLTBsACAdICJDBiNzYyYjQ4LWNmZWQtNDliYy1hZDA0LWM3MmIxYmU5OWViNdgCAeACAQ&ucfs=1&arphpl=1&checkin=2026-08-06&checkout=2026-08-07&dest_id=-2769851&dest_type=city&group_adults=2&req_adults=2&no_rooms=1&group_children=0&req_children=0&hpos=22&hapos=97&sr_order=popularity&srpvid=17e2580464c2007b&srepoch=1785760280&all_sr_blocks=691909202_285095190_2_0_0&highlighted_blocks=691909202_285095190_2_0_0&matching_block_id=691909202_285095190_2_0_0&sr_pri_blocks=691909202_285095190_2_0_0__1285200&from=searchresults,12852,7.6,26.0,Murree,3.1,Apartment with Mountain View,"9 beds (2 extra-large doubles, 7 sofa beds)",0,0,0,https://cf.bstatic.com/xdata/images/hotel/square240/875241177.webp?k=4758c346acb53c7401c13164b67d129e541692f02cf76d3914d36bc6304963c2&o=,8,Murree
Go Glam Hotels Murree,https://www.booking.com/hotel/pk/go-glam-hotels-murree.en-gb.html?aid=304142&label=gen173nr-10CAQoggJCDWNpdHlfLTI3Njk4NTFICVgEaLUBiAEBmAEzuAEHyAEM2AED6AEB-AEBiAIBqAIBuAKIlMLTBsACAdICJDBiNzYyYjQ4LWNmZWQtNDliYy1hZDA0LWM3MmIxYmU5OWViNdgCAeACAQ&ucfs=1&arphpl=1&checkin=2026-08-06&checkout=2026-08-07&dest_id=-2769851&dest_type=city&group_adults=2&req_adults=2&no_rooms=1&group_children=0&req_children=0&hpos=23&hapos=98&sr_order=popularity&srpvid=17e2580464c2007b&srepoch=1785760280&all_sr_blocks=1637417402_439768204_0_0_0_1424809&highlighted_blocks=1637417402_439768204_0_0_0_1424809&matching_block_id=1637417402_439768204_0_0_0_1424809&sr_pri_blocks=1637417402_439768204_0_0_0_1424809_1500000&from=searchresults,15000,6.4,5.0,Murree,250.0,Studio with Mountain View,"3 beds (1 double, 2 sofa beds)",0,1,1,https://cf.bstatic.com/xdata/images/hotel/square240/865470393.webp?k=66ea329d5daf9c646961f3be0ead4ac3131246d73e6a69693ff25c4126bb96a9&o=,4,Murree
Deluxe Room 1-The Cliff House,https://www.booking.com/hotel/pk/the-cliff-house.en-gb.html?aid=304142&label=gen173nr-10CAQoggJCDWNpdHlfLTI3Njk4NTFICVgEaLUBiAEBmAEzuAEHyAEM2AED6AEB-AEBiAIBqAIBuAKIlMLTBsACAdICJDBiNzYyYjQ4LWNmZWQtNDliYy1hZDA0LWM3MmIxYmU5OWViNdgCAeACAQ&ucfs=1&arphpl=1&checkin=2026-08-06&checkout=2026-08-07&dest_id=-2769851&dest_type=city&group_adults=2&req_adults=2&no_rooms=1&group_children=0&req_children=0&hpos=24&hapos=99&sr_order=popularity&srpvid=17e2580464c2007b&srepoch=1785760280&all_sr_blocks=1686062701_440222117_2_2_0&highlighted_blocks=1686062701_440222117_2_2_0&matching_block_id=1686062701_440222117_2_2_0&sr_pri_blocks=1686062701_440222117_2_2_0__680000&from=searchresults,6800,,,Murree,2.2,Deluxe Room,1 double bed,0,1,1,https://cf.bstatic.com/xdata/images/hotel/square240/893530458.webp?k=b0bf2b376de284fff0deaec9b645656bbed766a8566c0913aa8428440a9fcc2c&o=,4,Murree
MurreeOaks Tulip,https://www.booking.com/hotel/pk/murreeoaks-tulip.en-gb.html?aid=304142&label=gen173nr-10CAQoggJCDWNpdHlfLTI3Njk4NTFICVgEaLUBiAEBmAEzuAEHyAEM2AED6AEB-AEBiAIBqAIBuAKIlMLTBsACAdICJDBiNzYyYjQ4LWNmZWQtNDliYy1hZDA0LWM3MmIxYmU5OWViNdgCAeACAQ&ucfs=1&arphpl=1&checkin=2026-08-06&checkout=2026-08-07&dest_id=-2769851&dest_type=city&group_adults=2&req_adults=2&no_rooms=1&group_children=0&req_children=0&hpos=1&hapos=100&sr_order=popularity&srpvid=17e2580464c2007b&srepoch=1785760283&all_sr_blocks=1675576202_439292385_2_0_0&highlighted_blocks=1675576202_439292385_2_0_0&matching_block_id=1675576202_439292385_2_0_0&sr_pri_blocks=1675576202_439292385_2_0_0__428400&from=searchresults,4284,,,Murree,1.7,One-Bedroom Apartment,"2 beds (1 double, 1 sofa bed)",0,1,1,https://cf.bstatic.com/xdata/images/hotel/square240/888376779.webp?k=b10a3d3a463a7892fab951900662c02b164d0c71a13025a0f49d34c7d06d3180&o=,5,Murree
ROYAL VILLA Bhurban,https://www.booking.com/hotel/pk/royal-villa-bhurban.en-gb.html?aid=304142&label=gen173nr-10CAQoggJCDWNpdHlfLTI3Njk4NTFICVgEaLUBiAEBmAEzuAEHyAEM2AED6AEB-AEBiAIBqAIBuAKIlMLTBsACAdICJDBiNzYyYjQ4LWNmZWQtNDliYy1hZDA0LWM3MmIxYmU5OWViNdgCAeACAQ&ucfs=1&arphpl=1&checkin=2026-08-06&checkout=2026-08-07&dest_id=-2769851&dest_type=city&group_adults=2&req_adults=2&no_rooms=1&group_children=0&req_children=0&hpos=2&hapos=101&sr_order=popularity&srpvid=17e2580464c2007b&srepoch=1785760283&all_sr_blocks=1671200101_438899699_2_0_0&highlighted_blocks=1671200101_438899699_2_0_0&matching_block_id=1671200101_438899699_2_0_0&sr_pri_blocks=1671200101_438899699_2_0_0__1400000&from=searchresults,14000,,,Murree,8.6,Villa,"6 beds (2 sofa beds, 4 large doubles)",0,1,1,https://cf.bstatic.com/xdata/images/hotel/square240/885982494.webp?k=4baa256fc978e06bc9cdde6fa97319de3da64268077ac6df6882afd414a6ea77&o=,4,Murree
Bhurban Lodges,https://www.booking.com/hotel/pk/bhurban-lodges.en-gb.html?aid=304142&label=gen173nr-10CAQoggJCDWNpdHlfLTI3Njk4NTFICVgEaLUBiAEBmAEzuAEHyAEM2AED6AEB-AEBiAIBqAIBuAKIlMLTBsACAdICJDBiNzYyYjQ4LWNmZWQtNDliYy1hZDA0LWM3MmIxYmU5OWViNdgCAeACAQ&ucfs=1&arphpl=1&checkin=2026-08-06&checkout=2026-08-07&dest_id=-2769851&dest_type=city&group_adults=2&req_adults=2&no_rooms=1&group_children=0&req_children=0&hpos=3&hapos=102&sr_order=popularity&srpvid=17e2580464c2007b&srepoch=1785760283&all_sr_blocks=1264580701_399114226_2_1_0&highlighted_blocks=1264580701_399114226_2_1_0&matching_block_id=1264580701_399114226_2_1_0&sr_pri_blocks=1264580701_399114226_2_1_0__2100000&from=searchresults,21000,,,Murree,7.5,Double Room,"5 beds (2 singles, 3 large doubles)",1,1,1,https://cf.bstatic.com/xdata/images/hotel/square240/590237523.webp?k=622b4c493c6121e0f60af8bcb3ddcdfd86e8548904775776d7a2902049d90b53&o=,4,Murree
Aziz Residence Murree,https://www.booking.com/hotel/pk/aziz-residence-murree.en-gb.html?aid=304142&label=gen173nr-10CAQoggJCDWNpdHlfLTI3Njk4NTFICVgEaLUBiAEBmAEzuAEHyAEM2AED6AEB-AEBiAIBqAIBuAKIlMLTBsACAdICJDBiNzYyYjQ4LWNmZWQtNDliYy1hZDA0LWM3MmIxYmU5OWViNdgCAeACAQ&ucfs=1&arphpl=1&checkin=2026-08-06&checkout=2026-08-07&dest_id=-2769851&dest_type=city&group_adults=2&req_adults=2&no_rooms=1&group_children=0&req_children=0&hpos=4&hapos=103&sr_order=popularity&srpvid=17e2580464c2007b&srepoch=1785760283&all_sr_blocks=1662651701_438127085_4_0_0&highlighted_blocks=1662651701_438127085_4_0_0&matching_block_id=1662651701_438127085_4_0_0&sr_pri_blocks=1662651701_438127085_4_0_0__800000&from=searchresults,8000,,,Murree,3.8,One-Bedroom Apartment,"2 beds (1 double, 1 sofa bed)",0,1,1,https://cf.bstatic.com/xdata/images/hotel/square240/881612277.webp?k=18907299b06e5e055e272e5155be4ec64bbf6dba41ac87173f1aa43d18910ef4&o=,4,Murree
Hotel Dilkusha,https://www.booking.com/hotel/pk/dilkusha.en-gb.html?aid=304142&label=gen173nr-10CAQoggJCDWNpdHlfLTI3Njk4NTFICVgEaLUBiAEBmAEzuAEHyAEM2AED6AEB-AEBiAIBqAIBuAKIlMLTBsACAdICJDBiNzYyYjQ4LWNmZWQtNDliYy1hZDA0LWM3MmIxYmU5OWViNdgCAeACAQ&ucfs=1&arphpl=1&checkin=2026-08-06&checkout=2026-08-07&dest_id=-2769851&dest_type=city&group_adults=2&req_adults=2&no_rooms=1&group_children=0&req_children=0&hpos=5&hapos=104&sr_order=popularity&srpvid=17e2580464c2007b&srepoch=1785760283&all_sr_blocks=743473502_329572987_0_0_0&highlighted_blocks=743473502_329572987_0_0_0&matching_block_id=743473502_329572987_0_0_0&sr_pri_blocks=743473502_329572987_0_0_0__324000&from=searchresults,3240,,,Murree,250.0,Double Room,1 double bed,0,0,0,https://cf.bstatic.com/xdata/images/hotel/square240/304560441.webp?k=b2176ed02c0cc4a8e3eb597c09666df01b291758a91ef264de0bcdc88fbec946&o=,4,Murree
Pasha Nova,https://www.booking.com/hotel/pk/pasha-nova.en-gb.html?aid=304142&label=gen173nr-10CAQoggJCDWNpdHlfLTI3Njk4NTFICVgEaLUBiAEBmAEzuAEHyAEM2AED6AEB-AEBiAIBqAIBuAKIlMLTBsACAdICJDBiNzYyYjQ4LWNmZWQtNDliYy1hZDA0LWM3MmIxYmU5OWViNdgCAeACAQ&ucfs=1&arphpl=1&checkin=2026-08-06&checkout=2026-08-07&dest_id=-2769851&dest_type=city&group_adults=2&req_adults=2&no_rooms=1&group_children=0&req_children=0&hpos=6&hapos=105&sr_order=popularity&srpvid=17e2580464c2007b&srepoch=1785760283&all_sr_blocks=0_0_2_0_0&highlighted_blocks=0_0_2_0_0&matching_block_id=0_0_2_0_0&sr_pri_blocks=0_0_2_0_0__2879112&from=searchresults,28791,,,Murree,2.4,Deluxe Double Room,1 extra-large double bed,0,0,0,https://cf.bstatic.com/xdata/images/hotel/square240/692665327.webp?k=ee45d8d0f000c9e645a4d27c1a4cd017beea3b8c13f2e2d400c30d360805ebe0&o=,8,Murree
Luxury Cottage Bhurban Fully Equipped,https://www.booking.com/hotel/pk/retro-style-private-cottage-bhurban.en-gb.html?aid=304142&label=gen173nr-10CAQoggJCDWNpdHlfLTI3Njk4NTFICVgEaLUBiAEBmAEzuAEHyAEM2AED6AEB-AEBiAIBqAIBuAKIlMLTBsACAdICJDBiNzYyYjQ4LWNmZWQtNDliYy1hZDA0LWM3MmIxYmU5OWViNdgCAeACAQ&ucfs=1&arphpl=1&checkin=2026-08-06&checkout=2026-08-07&dest_id=-2769851&dest_type=city&group_adults=2&req_adults=2&no_rooms=1&group_children=0&req_children=0&hpos=7&hapos=106&sr_order=popularity&srpvid=17e2580464c2007b&srepoch=1785760283&all_sr_blocks=1237840001_424157340_0_0_0&highlighted_blocks=1237840001_424157340_0_0_0&matching_block_id=1237840001_424157340_0_0_0&sr_pri_blocks=1237840001_424157340_0_0_0__1500000&from=searchresults,15000,,,Murree,12.3,Two-Bedroom House,"4 beds (2 singles, 2 doubles)",0,1,1,https://cf.bstatic.com/xdata/images/hotel/square240/688066629.webp?k=15583e2a25eeee1adc393e851d7e948d4252a61915369f71edc7a02524d8cdf7&o=,4,Murree
Monetta Hotels and Resorts Murree at Morningside Murree,https://www.booking.com/hotel/pk/monetta-morningside-murree.en-gb.html?aid=304142&label=gen173nr-10CAQoggJCDWNpdHlfLTI3Njk4NTFICVgEaLUBiAEBmAEzuAEHyAEM2AED6AEB-AEBiAIBqAIBuAKIlMLTBsACAdICJDBiNzYyYjQ4LWNmZWQtNDliYy1hZDA0LWM3MmIxYmU5OWViNdgCAeACAQ&ucfs=1&arphpl=1&checkin=2026-08-06&checkout=2026-08-07&dest_id=-2769851&dest_type=city&group_adults=2&req_adults=2&no_rooms=1&group_children=0&req_children=0&hpos=8&hapos=107&sr_order=popularity&srpvid=17e2580464c2007b&srepoch=1785760283&all_sr_blocks=1359285303_408244177_0_42_0_1114412&highlighted_blocks=1359285303_408244177_0_42_0_1114412&matching_block_id=1359285303_408244177_0_42_0_1114412&sr_pri_blocks=1359285303_408244177_0_42_0_1114412_945000&from=searchresults,9450,8.6,10.0,Murree,2.3,Studio,"2 beds (1 large double, 1 futon)",0,1,1,https://cf.bstatic.com/xdata/images/hotel/square240/646804058.webp?k=a96d3c34a1ba3e2765aaf4226ce9b756015fb65800a31c31bf52d64533220323&o=,5,Murree
Misty Mountain,https://www.booking.com/hotel/pk/aye-noor-cottages.en-gb.html?aid=304142&label=gen173nr-10CAQoggJCDWNpdHlfLTI3Njk4NTFICVgEaLUBiAEBmAEzuAEHyAEM2AED6AEB-AEBiAIBqAIBuAKIlMLTBsACAdICJDBiNzYyYjQ4LWNmZWQtNDliYy1hZDA0LWM3MmIxYmU5OWViNdgCAeACAQ&ucfs=1&arphpl=1&checkin=2026-08-06&checkout=2026-08-07&dest_id=-2769851&dest_type=city&group_adults=2&req_adults=2&no_rooms=1&group_children=0&req_children=0&hpos=9&hapos=108&sr_order=popularity&srpvid=17e2580464c2007b&srepoch=1785760283&all_sr_blocks=1024791801_375139868_6_0_0&highlighted_blocks=1024791801_375139868_6_0_0&matching_block_id=1024791801_375139868_6_0_0&sr_pri_blocks=1024791801_375139868_6_0_0__1485000&from=searchresults,14850,4.8,8.0,Murree,0.9,Two-Bedroom Apartment,"5 beds (2 singles, 1 double, 1 sofa bed, 1 futon)",0,0,0,https://cf.bstatic.com/xdata/images/hotel/square240/477861437.webp?k=02875fedd27410e03e403c95c895eb7f5c4917349d62e0875fe4e9b38c9c80bf&o=,2,Murree
"Family Retreat Bhurban, Balcony 3BR, Kashmir View",https://www.booking.com/hotel/pk/family-retreat-bhurban-balcony-3br-kashmir-view.en-gb.html?aid=304142&label=gen173nr-10CAQoggJCDWNpdHlfLTI3Njk4NTFICVgEaLUBiAEBmAEzuAEHyAEM2AED6AEB-AEBiAIBqAIBuAKIlMLTBsACAdICJDBiNzYyYjQ4LWNmZWQtNDliYy1hZDA0LWM3MmIxYmU5OWViNdgCAeACAQ&ucfs=1&arphpl=1&checkin=2026-08-06&checkout=2026-08-07&dest_id=-2769851&dest_type=city&group_adults=2&req_adults=2&no_rooms=1&group_children=0&req_children=0&hpos=10&hapos=109&sr_order=popularity&srpvid=17e2580464c2007b&srepoch=1785760283&all_sr_blocks=1677528601_439473112_9_0_0&highlighted_blocks=1677528601_439473112_9_0_0&matching_block_id=1677528601_439473112_9_0_0&sr_pri_blocks=1677528601_439473112_9_0_0__1445000&from=searchresults,14450,10,1.0,Murree,8.8,Apartment,"4 beds (1 double, 3 futons)",0,1,1,https://cf.bstatic.com/xdata/images/hotel/square240/889410428.webp?k=46d16575efb618e68f6be41e8a425940d9793827748d39dde5a2626111b4d943&o=,4,Murree
The Valley View Pent House,https://www.booking.com/hotel/pk/the-view-point.en-gb.html?aid=304142&label=gen173nr-10CAQoggJCDWNpdHlfLTI3Njk4NTFICVgEaLUBiAEBmAEzuAEHyAEM2AED6AEB-AEBiAIBqAIBuAKIlMLTBsACAdICJDBiNzYyYjQ4LWNmZWQtNDliYy1hZDA0LWM3MmIxYmU5OWViNdgCAeACAQ&ucfs=1&arphpl=1&checkin=2026-08-06&checkout=2026-08-07&dest_id=-2769851&dest_type=city&group_adults=2&req_adults=2&no_rooms=1&group_children=0&req_children=0&hpos=11&hapos=110&sr_order=popularity&srpvid=17e2580464c2007b&srepoch=1785760283&all_sr_blocks=677206111_276433605_11_0_0&highlighted_blocks=677206111_276433605_11_0_0&matching_block_id=677206111_276433605_11_0_0&sr_pri_blocks=677206111_276433605_11_0_0__4050000&from=searchresults,40500,8.7,7.0,Murree,1.2,Four-Bedroom Penthouse Apartment,"7 beds (4 doubles, 3 sofa beds)",0,0,0,https://cf.bstatic.com/xdata/images/hotel/square240/878580254.webp?k=d2d4f09371d11d6e8fe44162d82cc28010fe0ecb54a4c83fbf663ba317e6edab&o=,8,Murree
Chaudhary Private House,https://www.booking.com/hotel/pk/chaudhary-private-house.en-gb.html?aid=304142&label=gen173nr-10CAQoggJCDWNpdHlfLTI3Njk4NTFICVgEaLUBiAEBmAEzuAEHyAEM2AED6AEB-AEBiAIBqAIBuAKIlMLTBsACAdICJDBiNzYyYjQ4LWNmZWQtNDliYy1hZDA0LWM3MmIxYmU5OWViNdgCAeACAQ&ucfs=1&arphpl=1&checkin=2026-08-06&checkout=2026-08-07&dest_id=-2769851&dest_type=city&group_adults=2&req_adults=2&no_rooms=1&group_children=0&req_children=0&hpos=12&hapos=111&sr_order=popularity&srpvid=17e2580464c2007b&srepoch=1785760283&all_sr_blocks=1686056301_440221790_2_42_0&highlighted_blocks=1686056301_440221790_2_42_0&matching_block_id=1686056301_440221790_2_42_0&sr_pri_blocks=1686056301_440221790_2_42_0__1105000&from=searchresults,11050,,,Murree,1.5,Four-Bedroom House,"3 beds (2 sofa beds, 1 large double)",0,1,1,https://cf.bstatic.com/xdata/images/hotel/square240/893436989.webp?k=0bde54936c58c3f4d8d4bd0eb76169c8394dc54e528c44231ed4d78189adba54&o=,5,Murree
"Noir Crest Askari Lodges Darya Gali, Murree",https://www.booking.com/hotel/pk/askari-lodges-in-ayubia-rd-darya-gali-murree-murree.en-gb.html?aid=304142&label=gen173nr-10CAQoggJCDWNpdHlfLTI3Njk4NTFICVgEaLUBiAEBmAEzuAEHyAEM2AED6AEB-AEBiAIBqAIBuAKIlMLTBsACAdICJDBiNzYyYjQ4LWNmZWQtNDliYy1hZDA0LWM3MmIxYmU5OWViNdgCAeACAQ&ucfs=1&arphpl=1&checkin=2026-08-06&checkout=2026-08-07&dest_id=-2769851&dest_type=city&group_adults=2&req_adults=2&no_rooms=1&group_children=0&req_children=0&hpos=13&hapos=112&sr_order=popularity&srpvid=17e2580464c2007b&srepoch=1785760283&all_sr_blocks=1616314303_432500215_3_1_0&highlighted_blocks=1616314303_432500215_3_1_0&matching_block_id=1616314303_432500215_3_1_0&sr_pri_blocks=1616314303_432500215_3_1_0__880000&from=searchresults,8800,1.0,2.0,Murree,4.5,Standard Family Room,"2 beds (1 single, 1 double)",1,1,1,https://cf.bstatic.com/xdata/images/hotel/square240/851108861.webp?k=3a4158313df9b6bbf61a803eb2f3e17c77f3a426e53ec0c0414c7599dd86f602&o=,15,Murree
1 bedroom apartment mall road murree,https://www.booking.com/hotel/pk/1-bedroom-apartment-mall-road-murree.en-gb.html?aid=304142&label=gen173nr-10CAQoggJCDWNpdHlfLTI3Njk4NTFICVgEaLUBiAEBmAEzuAEHyAEM2AED6AEB-AEBiAIBqAIBuAKIlMLTBsACAdICJDBiNzYyYjQ4LWNmZWQtNDliYy1hZDA0LWM3MmIxYmU5OWViNdgCAeACAQ&ucfs=1&arphpl=1&checkin=2026-08-06&checkout=2026-08-07&dest_id=-2769851&dest_type=city&group_adults=2&req_adults=2&no_rooms=1&group_children=0&req_children=0&hpos=14&hapos=113&sr_order=popularity&srpvid=17e2580464c2007b&srepoch=1785760283&all_sr_blocks=1681297101_439882451_4_0_0&highlighted_blocks=1681297101_439882451_4_0_0&matching_block_id=1681297101_439882451_4_0_0&sr_pri_blocks=1681297101_439882451_4_0_0__1275000&from=searchresults,12750,,,Murree,200.0,One-Bedroom Apartment,1 double bed,0,1,1,https://cf.bstatic.com/xdata/images/hotel/square240/891534846.webp?k=a751a2172255b05cfbf3c786949833946aa30bcc0d6db2fe139bad1774b22615&o=,4,Murree
3 BEDROOMS Premium Private Cottage In Murree Mountains,https://www.booking.com/hotel/pk/3-bedroom-premium-cottage.en-gb.html?aid=304142&label=gen173nr-10CAQoggJCDWNpdHlfLTI3Njk4NTFICVgEaLUBiAEBmAEzuAEHyAEM2AED6AEB-AEBiAIBqAIBuAKIlMLTBsACAdICJDBiNzYyYjQ4LWNmZWQtNDliYy1hZDA0LWM3MmIxYmU5OWViNdgCAeACAQ&ucfs=1&arphpl=1&checkin=2026-08-06&checkout=2026-08-07&dest_id=-2769851&dest_type=city&group_adults=2&req_adults=2&no_rooms=1&group_children=0&req_children=0&hpos=15&hapos=114&sr_order=popularity&srpvid=17e2580464c2007b&srepoch=1785760283&all_sr_blocks=1691100201_440743226_2_1_0&highlighted_blocks=1691100201_440743226_2_1_0&matching_block_id=1691100201_440743226_2_1_0&sr_pri_blocks=1691100201_440743226_2_1_0__4420000&from=searchresults,44200,,,Murree,2.4,Three-Bedroom Townhouse,"5 beds (2 sofa beds, 3 large doubles)",1,1,1,https://cf.bstatic.com/xdata/images/hotel/square240/897294066.webp?k=18bf4bf1276e934f92f121a739ac9ad41911d2b257a3829214277904d7960592&o=,15,Murree
Apartment in Murree,https://www.booking.com/hotel/pk/apartment-in-murree-murree5.en-gb.html?aid=304142&label=gen173nr-10CAQoggJCDWNpdHlfLTI3Njk4NTFICVgEaLUBiAEBmAEzuAEHyAEM2AED6AEB-AEBiAIBqAIBuAKIlMLTBsACAdICJDBiNzYyYjQ4LWNmZWQtNDliYy1hZDA0LWM3MmIxYmU5OWViNdgCAeACAQ&ucfs=1&arphpl=1&checkin=2026-08-06&checkout=2026-08-07&dest_id=-2769851&dest_type=city&group_adults=2&req_adults=2&no_rooms=1&group_children=0&req_children=0&hpos=16&hapos=115&sr_order=popularity&srpvid=17e2580464c2007b&srepoch=1785760283&all_sr_blocks=1651282802_437133974_4_0_0&highlighted_blocks=1651282802_437133974_4_0_0&matching_block_id=1651282802_437133974_4_0_0&sr_pri_blocks=1651282802_437133974_4_0_0__2300000&from=searchresults,23000,,,Murree,0.9,One-Bedroom Apartment,"2 beds (1 double, 1 sofa bed)",0,1,1,https://cf.bstatic.com/xdata/images/hotel/square240/872424130.webp?k=2d5b283649c4e4b3446a54e2ba2b0508589729e998d3ad2a04b97ce541f4bc0c&o=,4,Murree
Superhost Suites Murree,https://www.booking.com/hotel/pk/apartments-in-murree-by-superhost-stays.en-gb.html?aid=304142&label=gen173nr-10CAQoggJCDWNpdHlfLTI3Njk4NTFICVgEaLUBiAEBmAEzuAEHyAEM2AED6AEB-AEBiAIBqAIBuAKIlMLTBsACAdICJDBiNzYyYjQ4LWNmZWQtNDliYy1hZDA0LWM3MmIxYmU5OWViNdgCAeACAQ&ucfs=1&arphpl=1&checkin=2026-08-06&checkout=2026-08-07&dest_id=-2769851&dest_type=city&group_adults=2&req_adults=2&no_rooms=1&group_children=0&req_children=0&hpos=17&hapos=116&sr_order=popularity&srpvid=17e2580464c2007b&srepoch=1785760283&all_sr_blocks=1334882102_411627599_3_0_0&highlighted_blocks=1334882102_411627599_3_0_0&matching_block_id=1334882102_411627599_3_0_0&sr_pri_blocks=1334882102_411627599_3_0_0__2000000&from=searchresults,20000,5.5,4.0,Murree,0.9,One-Bedroom Apartment with Balcony and Mountain View,"2 beds (1 sofa bed, 1 large double)",0,0,1,https://cf.bstatic.com/xdata/images/hotel/square240/631918241.webp?k=ce018e27d45e5673521ef18c3a38c4ffec42a65eab7203421a9ed82318644df9&o=,4,Murree
Romneys-Luxury Apartments,https://www.booking.com/hotel/pk/romneys-luxury-apartments.en-gb.html?aid=304142&label=gen173nr-10CAQoggJCDWNpdHlfLTI3Njk4NTFICVgEaLUBiAEBmAEzuAEHyAEM2AED6AEB-AEBiAIBqAIBuAKIlMLTBsACAdICJDBiNzYyYjQ4LWNmZWQtNDliYy1hZDA0LWM3MmIxYmU5OWViNdgCAeACAQ&ucfs=1&arphpl=1&checkin=2026-08-06&checkout=2026-08-07&dest_id=-2769851&dest_type=city&group_adults=2&req_adults=2&no_rooms=1&group_children=0&req_children=0&hpos=18&hapos=117&sr_order=popularity&srpvid=17e2580464c2007b&srepoch=1785760283&all_sr_blocks=1700199501_441664132_2_0_0&highlighted_blocks=1700199501_441664132_2_0_0&matching_block_id=1700199501_441664132_2_0_0&sr_pri_blocks=1700199501_441664132_2_0_0__2131200&from=searchresults,21312,,,Murree,1.2,Two-Bedroom Apartment,2 double beds,0,0,1,https://cf.bstatic.com/xdata/images/hotel/square240/902587093.webp?k=a90bd795128c6f17c38f4b0975caa66f2a23c79bca7612b43199736d1909829b&o=,4,Murree
Bhurban Suites,https://www.booking.com/hotel/pk/delux-king-sized-bedroom-murree.en-gb.html?aid=304142&label=gen173nr-10CAQoggJCDWNpdHlfLTI3Njk4NTFICVgEaLUBiAEBmAEzuAEHyAEM2AED6AEB-AEBiAIBqAIBuAKIlMLTBsACAdICJDBiNzYyYjQ4LWNmZWQtNDliYy1hZDA0LWM3MmIxYmU5OWViNdgCAeACAQ&ucfs=1&arphpl=1&checkin=2026-08-06&checkout=2026-08-07&dest_id=-2769851&dest_type=city&group_adults=2&req_adults=2&no_rooms=1&group_children=0&req_children=0&hpos=19&hapos=118&sr_order=popularity&srpvid=17e2580464c2007b&srepoch=1785760283&all_sr_blocks=1443867001_425181132_2_2_0&highlighted_blocks=1443867001_425181132_2_2_0&matching_block_id=1443867001_425181132_2_2_0&sr_pri_blocks=1443867001_425181132_2_2_0__972000&from=searchresults,9720,7.7,3.0,Murree,7.6,One-Bedroom Apartment,1 double bed,0,1,0,https://cf.bstatic.com/xdata/images/hotel/square240/702067269.webp?k=a8ee1103686fcd7628947724bc15bc4baa2f3883a07271c41494eb18acfca649&o=,9,Murree
Mughal E Azam Hotel Mall Road Murree,https://www.booking.com/hotel/pk/mughal-e-azam-mall-road-murree.en-gb.html?aid=304142&label=gen173nr-10CAQoggJCDWNpdHlfLTI3Njk4NTFICVgEaLUBiAEBmAEzuAEHyAEM2AED6AEB-AEBiAIBqAIBuAKIlMLTBsACAdICJDBiNzYyYjQ4LWNmZWQtNDliYy1hZDA0LWM3MmIxYmU5OWViNdgCAeACAQ&ucfs=1&arphpl=1&checkin=2026-08-06&checkout=2026-08-07&dest_id=-2769851&dest_type=city&group_adults=2&req_adults=2&no_rooms=1&group_children=0&req_children=0&hpos=20&hapos=119&sr_order=popularity&srpvid=17e2580464c2007b&srepoch=1785760283&all_sr_blocks=1648508806_436949581_2_0_0&highlighted_blocks=1648508806_436949581_2_0_0&matching_block_id=1648508806_436949581_2_0_0&sr_pri_blocks=1648508806_436949581_2_0_0__679915&from=searchresults,6799,1.0,1.0,Murree,450.0,Twin Room with Terrace,"2 beds (1 double, 1 futon)",0,1,1,https://cf.bstatic.com/xdata/images/hotel/square240/876946565.webp?k=4588ab50551950ffa53732e53f5e015d512b47ba13b0a55833b704840174e397&o=,13,Murree
Moonlight apartments,https://www.booking.com/hotel/pk/moonlight-apartments.en-gb.html?aid=304142&label=gen173nr-10CAQoggJCDWNpdHlfLTI3Njk4NTFICVgEaLUBiAEBmAEzuAEHyAEM2AED6AEB-AEBiAIBqAIBuAKIlMLTBsACAdICJDBiNzYyYjQ4LWNmZWQtNDliYy1hZDA0LWM3MmIxYmU5OWViNdgCAeACAQ&ucfs=1&arphpl=1&checkin=2026-08-06&checkout=2026-08-07&dest_id=-2769851&dest_type=city&group_adults=2&req_adults=2&no_rooms=1&group_children=0&req_children=0&hpos=21&hapos=120&sr_order=popularity&srpvid=17e2580464c2007b&srepoch=1785760283&all_sr_blocks=1659546101_437859088_8_0_0&highlighted_blocks=1659546101_437859088_8_0_0&matching_block_id=1659546101_437859088_8_0_0&sr_pri_blocks=1659546101_437859088_8_0_0__1200000&from=searchresults,12000,,,Murree,9.8,Three-Bedroom Apartment,"4 beds (1 single, 1 double, 1 sofa bed, 1 large double)",0,1,1,https://cf.bstatic.com/xdata/images/hotel/square240/878460455.webp?k=5d274d7492ad5832016385681aa1dd1d8cf936ccaeaccb6c298ce9b040f4f927&o=,4,Murree
City Seasons Hotel Murree,https://www.booking.com/hotel/pk/city-seasons-murree.en-gb.html?aid=304142&label=gen173nr-10CAQoggJCDWNpdHlfLTI3Njk4NTFICVgEaLUBiAEBmAEzuAEHyAEM2AED6AEB-AEBiAIBqAIBuAKIlMLTBsACAdICJDBiNzYyYjQ4LWNmZWQtNDliYy1hZDA0LWM3MmIxYmU5OWViNdgCAeACAQ&ucfs=1&arphpl=1&checkin=2026-08-06&checkout=2026-08-07&dest_id=-2769851&dest_type=city&group_adults=2&req_adults=2&no_rooms=1&group_children=0&req_children=0&hpos=22&hapos=121&sr_order=popularity&srpvid=17e2580464c2007b&srepoch=1785760283&all_sr_blocks=0_0_2_0_0&highlighted_blocks=0_0_2_0_0&matching_block_id=0_0_2_0_0&sr_pri_blocks=0_0_2_0_0__718875&from=searchresults,7189,8.5,11.0,Murree,5.4,Budget Double,1 double bed,0,0,0,https://cf.bstatic.com/xdata/images/hotel/square240/411931585.webp?k=36d63fdba094cd9715700801438d9b8669e32b662214a53c3b344a927fb9d7c5&o=,2,Murree
1 bedroom apartment,https://www.booking.com/hotel/pk/1-bedroom-apartment-murree5.en-gb.html?aid=304142&label=gen173nr-10CAQoggJCDWNpdHlfLTI3Njk4NTFICVgEaLUBiAEBmAEzuAEHyAEM2AED6AEB-AEBiAIBqAIBuAKIlMLTBsACAdICJDBiNzYyYjQ4LWNmZWQtNDliYy1hZDA0LWM3MmIxYmU5OWViNdgCAeACAQ&ucfs=1&arphpl=1&checkin=2026-08-06&checkout=2026-08-07&dest_id=-2769851&dest_type=city&group_adults=2&req_adults=2&no_rooms=1&group_children=0&req_children=0&hpos=23&hapos=122&sr_order=popularity&srpvid=17e2580464c2007b&srepoch=1785760283&all_sr_blocks=1681138601_439872590_3_0_0&highlighted_blocks=1681138601_439872590_3_0_0&matching_block_id=1681138601_439872590_3_0_0&sr_pri_blocks=1681138601_439872590_3_0_0__1275000&from=searchresults,12750,,,Murree,300.0,One-Bedroom Apartment,1 double bed,0,1,1,https://cf.bstatic.com/xdata/images/hotel/square240/891467753.webp?k=3b720e6d36662c593bcd8fe8e7392f2e0d7b09181b0bbea6fbe943034c922955&o=,4,Murree
Lè Nest Residences,https://www.booking.com/hotel/pk/le-nest-residences-murree.en-gb.html?aid=304142&label=gen173nr-10CAQoggJCDWNpdHlfLTI3Njk4NTFICVgEaLUBiAEBmAEzuAEHyAEM2AED6AEB-AEBiAIBqAIBuAKIlMLTBsACAdICJDBiNzYyYjQ4LWNmZWQtNDliYy1hZDA0LWM3MmIxYmU5OWViNdgCAeACAQ&ucfs=1&arphpl=1&checkin=2026-08-06&checkout=2026-08-07&dest_id=-2769851&dest_type=city&group_adults=2&req_adults=2&no_rooms=1&group_children=0&req_children=0&hpos=24&hapos=123&sr_order=popularity&srpvid=17e2580464c2007b&srepoch=1785760283&all_sr_blocks=1472018001_419829010_2_0_0&highlighted_blocks=1472018001_419829010_2_0_0&matching_block_id=1472018001_419829010_2_0_0&sr_pri_blocks=1472018001_419829010_2_0_0__2360000&from=searchresults,23600,9.7,3.0,Murree,6.0,Studio with Mountain View,1 extra-large double bed,0,0,0,https://cf.bstatic.com/xdata/images/hotel/square240/732072253.webp?k=9f5595b674d143deabdd54fabe555163349b7ef99c49197b579099c918d90d20&o=,10,Murree
Seven sky hotel,https://www.booking.com/hotel/pk/seven-sky.en-gb.html?aid=304142&label=gen173nr-10CAQoggJCDWNpdHlfLTI3Njk4NTFICVgEaLUBiAEBmAEzuAEHyAEM2AED6AEB-AEBiAIBqAIBuAKIlMLTBsACAdICJDBiNzYyYjQ4LWNmZWQtNDliYy1hZDA0LWM3MmIxYmU5OWViNdgCAeACAQ&ucfs=1&arphpl=1&checkin=2026-08-06&checkout=2026-08-07&dest_id=-2769851&dest_type=city&group_adults=2&req_adults=2&no_rooms=1&group_children=0&req_children=0&hpos=25&hapos=124&sr_order=popularity&srpvid=17e2580464c2007b&srepoch=1785760283&all_sr_blocks=1556257801_426758985_3_1_0&highlighted_blocks=1556257801_426758985_3_1_0&matching_block_id=1556257801_426758985_3_1_0&sr_pri_blocks=1556257801_426758985_3_1_0__2000000&from=searchresults,20000,,,Murree,0.5,Triple Room,"2 beds (1 single, 1 double)",1,1,1,https://cf.bstatic.com/xdata/images/hotel/square240/878496023.webp?k=7e5a7420901fa1f339371d3d5b192280106d1651e3991d20f97655bd375f3099&o=,10,Murree
Spacious 2BR Family Retreat Wifi & Private Floor,https://www.booking.com/hotel/pk/spacious-2br-family-retreat-wifi-amp-private-floor.en-gb.html?aid=304142&label=gen173nr-10CAQoggJCDWNpdHlfLTI3Njk4NTFICVgEaLUBiAEBmAEzuAEHyAEM2AED6AEB-AEBiAIBqAIBuAKIlMLTBsACAdICJDBiNzYyYjQ4LWNmZWQtNDliYy1hZDA0LWM3MmIxYmU5OWViNdgCAeACAQ&ucfs=1&arphpl=1&checkin=2026-08-06&checkout=2026-08-07&dest_id=-2769851&dest_type=city&group_adults=2&req_adults=2&no_rooms=1&group_children=0&req_children=0&hpos=1&hapos=125&sr_order=popularity&srpvid=17e2580464c2007b&srepoch=1785760286&all_sr_blocks=1660580601_437944417_4_0_0&highlighted_blocks=1660580601_437944417_4_0_0&matching_block_id=1660580601_437944417_4_0_0&sr_pri_blocks=1660580601_437944417_4_0_0__1050000&from=searchresults,10500,7.0,1.0,Murree,6.5,Two-Bedroom Apartment,"2 beds (1 sofa bed, 1 large double)",0,1,1,https://cf.bstatic.com/xdata/images/hotel/square240/879207883.webp?k=a3469c0d24a97dac296ab604af4ec0113687de48f67cbdac336ec022527f9b00&o=,4,Murree
Honey View Guest House Murree,https://www.booking.com/hotel/pk/honey-view-guest-house-murree-murree.en-gb.html?aid=304142&label=gen173nr-10CAQoggJCDWNpdHlfLTI3Njk4NTFICVgEaLUBiAEBmAEzuAEHyAEM2AED6AEB-AEBiAIBqAIBuAKIlMLTBsACAdICJDBiNzYyYjQ4LWNmZWQtNDliYy1hZDA0LWM3MmIxYmU5OWViNdgCAeACAQ&ucfs=1&arphpl=1&checkin=2026-08-06&checkout=2026-08-07&dest_id=-2769851&dest_type=city&group_adults=2&req_adults=2&no_rooms=1&group_children=0&req_children=0&hpos=2&hapos=126&sr_order=popularity&srpvid=17e2580464c2007b&srepoch=1785760286&all_sr_blocks=1565012702_427601675_2_1_0&highlighted_blocks=1565012702_427601675_2_1_0&matching_block_id=1565012702_427601675_2_1_0&sr_pri_blocks=1565012702_427601675_2_1_0__500000&from=searchresults,5000,,,Murree,6.4,Double Room,1 double bed,1,1,1,https://cf.bstatic.com/xdata/images/hotel/square240/809352590.webp?k=5bb3a3830adb17c3d1b50df0291f7153a4177a16f0b198c7dba76c67dda807c2&o=,4,Murree
"Galaxy Hill Resorts Murree, Residence inn GHR9320",https://www.booking.com/hotel/pk/galaxy-hill-resorts-murree.en-gb.html?aid=304142&label=gen173nr-10CAQoggJCDWNpdHlfLTI3Njk4NTFICVgEaLUBiAEBmAEzuAEHyAEM2AED6AEB-AEBiAIBqAIBuAKIlMLTBsACAdICJDBiNzYyYjQ4LWNmZWQtNDliYy1hZDA0LWM3MmIxYmU5OWViNdgCAeACAQ&ucfs=1&arphpl=1&checkin=2026-08-06&checkout=2026-08-07&dest_id=-2769851&dest_type=city&group_adults=2&req_adults=2&no_rooms=1&group_children=0&req_children=0&hpos=3&hapos=127&sr_order=popularity&srpvid=17e2580464c2007b&srepoch=1785760286&all_sr_blocks=941017101_382994617_0_0_0&highlighted_blocks=941017101_382994617_0_0_0&matching_block_id=941017101_382994617_0_0_0&sr_pri_blocks=941017101_382994617_0_0_0__1980000&from=searchresults,19800,9.0,2.0,Murree,16.9,Deluxe Double Room (2 Adults + 1 Child),1 extra-large double bed,0,1,0,https://cf.bstatic.com/xdata/images/hotel/square240/415632456.webp?k=009153be1ca25f22a6ce310564b54b27d9302df11048b54f6a1a615545033fbb&o=,3,Murree
The Hermitage Cottage-Exclusive Mountain Escape,https://www.booking.com/hotel/pk/hermitage-pindi-point-murree.en-gb.html?aid=304142&label=gen173nr-10CAQoggJCDWNpdHlfLTI3Njk4NTFICVgEaLUBiAEBmAEzuAEHyAEM2AED6AEB-AEBiAIBqAIBuAKIlMLTBsACAdICJDBiNzYyYjQ4LWNmZWQtNDliYy1hZDA0LWM3MmIxYmU5OWViNdgCAeACAQ&ucfs=1&arphpl=1&checkin=2026-08-06&checkout=2026-08-07&dest_id=-2769851&dest_type=city&group_adults=2&req_adults=2&no_rooms=1&group_children=0&req_children=0&hpos=4&hapos=128&sr_order=popularity&srpvid=17e2580464c2007b&srepoch=1785760286&all_sr_blocks=1384176603_410468983_3_42_0&highlighted_blocks=1384176603_410468983_3_42_0&matching_block_id=1384176603_410468983_3_42_0&sr_pri_blocks=1384176603_410468983_3_42_0__3400000&from=searchresults,34000,,,Murree,2.7,Suite with Mountain View,1 extra-large double bed,0,1,1,https://cf.bstatic.com/xdata/images/hotel/square240/664335827.webp?k=a7fac833c8b3692332ab9f98bedf3e820707eb3f4af2449e94e22ca72f86d72b&o=,4,Murree
Pinesines Funduq,https://www.booking.com/hotel/pk/pinesines-funduq.en-gb.html?aid=304142&label=gen173nr-10CAQoggJCDWNpdHlfLTI3Njk4NTFICVgEaLUBiAEBmAEzuAEHyAEM2AED6AEB-AEBiAIBqAIBuAKIlMLTBsACAdICJDBiNzYyYjQ4LWNmZWQtNDliYy1hZDA0LWM3MmIxYmU5OWViNdgCAeACAQ&ucfs=1&arphpl=1&checkin=2026-08-06&checkout=2026-08-07&dest_id=-2769851&dest_type=city&group_adults=2&req_adults=2&no_rooms=1&group_children=0&req_children=0&hpos=5&hapos=129&sr_order=popularity&srpvid=17e2580464c2007b&srepoch=1785760286&all_sr_blocks=1478569501_419323051_7_0_0&highlighted_blocks=1478569501_419323051_7_0_0&matching_block_id=1478569501_419323051_7_0_0&sr_pri_blocks=1478569501_419323051_7_0_0__777700&from=searchresults,7777,7.0,1.0,Murree,1.2,One-Bedroom Apartment,"2 beds (1 double, 1 sofa bed)",0,1,1,https://cf.bstatic.com/xdata/images/hotel/square240/733668548.webp?k=2f4b8c989714b47a0ec8c1b98ab1fef6793ee90d8286d65bf86d4c75095d2244&o=,4,Murree
Sardar Heights,https://www.booking.com/hotel/pk/sardar-heights-murree.en-gb.html?aid=304142&label=gen173nr-10CAQoggJCDWNpdHlfLTI3Njk4NTFICVgEaLUBiAEBmAEzuAEHyAEM2AED6AEB-AEBiAIBqAIBuAKIlMLTBsACAdICJDBiNzYyYjQ4LWNmZWQtNDliYy1hZDA0LWM3MmIxYmU5OWViNdgCAeACAQ&ucfs=1&arphpl=1&checkin=2026-08-06&checkout=2026-08-07&dest_id=-2769851&dest_type=city&group_adults=2&req_adults=2&no_rooms=1&group_children=0&req_children=0&hpos=6&hapos=130&sr_order=popularity&srpvid=17e2580464c2007b&srepoch=1785760286&all_sr_blocks=1694437801_441104174_4_0_0&highlighted_blocks=1694437801_441104174_4_0_0&matching_block_id=1694437801_441104174_4_0_0&sr_pri_blocks=1694437801_441104174_4_0_0__1020000&from=searchresults,10200,,,Murree,0.6,Two-Bedroom Apartment,2 double beds,0,1,1,https://cf.bstatic.com/xdata/images/hotel/square240/899139846.webp?k=10013011a8a3999a9889c447cd06194401e05347bc057969c8321877eb173a60&o=,5,Murree
Heritage Cottage Kashmir Point,https://www.booking.com/hotel/pk/heritage-cottage-kashmir-point.en-gb.html?aid=304142&label=gen173nr-10CAQoggJCDWNpdHlfLTI3Njk4NTFICVgEaLUBiAEBmAEzuAEHyAEM2AED6AEB-AEBiAIBqAIBuAKIlMLTBsACAdICJDBiNzYyYjQ4LWNmZWQtNDliYy1hZDA0LWM3MmIxYmU5OWViNdgCAeACAQ&ucfs=1&arphpl=1&checkin=2026-08-06&checkout=2026-08-07&dest_id=-2769851&dest_type=city&group_adults=2&req_adults=2&no_rooms=1&group_children=0&req_children=0&hpos=7&hapos=131&sr_order=popularity&srpvid=17e2580464c2007b&srepoch=1785760286&all_sr_blocks=1656191501_437531366_6_2_0&highlighted_blocks=1656191501_437531366_6_2_0&matching_block_id=1656191501_437531366_6_2_0&sr_pri_blocks=1656191501_437531366_6_2_0__4000000&from=searchresults,40000,,,Murree,1.1,Three-Bedroom Chalet,"4 beds (1 sofa bed, 2 large doubles, 1 futon)",0,1,1,https://cf.bstatic.com/xdata/images/hotel/square240/875690178.webp?k=11aaa0f23779c25b6f9ef4b42aabb0047456a697244f423df2b6be1f08364332&o=,4,Murree
Afridi Apartment,https://www.booking.com/hotel/pk/afridi-apartment.en-gb.html?aid=304142&label=gen173nr-10CAQoggJCDWNpdHlfLTI3Njk4NTFICVgEaLUBiAEBmAEzuAEHyAEM2AED6AEB-AEBiAIBqAIBuAKIlMLTBsACAdICJDBiNzYyYjQ4LWNmZWQtNDliYy1hZDA0LWM3MmIxYmU5OWViNdgCAeACAQ&ucfs=1&arphpl=1&checkin=2026-08-06&checkout=2026-08-07&dest_id=-2769851&dest_type=city&group_adults=2&req_adults=2&no_rooms=1&group_children=0&req_children=0&hpos=8&hapos=132&sr_order=popularity&srpvid=17e2580464c2007b&srepoch=1785760286&all_sr_blocks=1691962201_440844871_2_0_0&highlighted_blocks=1691962201_440844871_2_0_0&matching_block_id=1691962201_440844871_2_0_0&sr_pri_blocks=1691962201_440844871_2_0_0__1755000&from=searchresults,17550,,,Murree,7.7,Three-Bedroom Apartment,"8 beds (5 sofa beds, 3 large doubles)",0,1,1,https://cf.bstatic.com/xdata/images/hotel/square240/897350555.webp?k=47a3ba36b72e77f848649b735b8f9968880b978c0e2fc55d83ddbb0b87ead83c&o=,4,Murree
Himalaya Villas 2 bedroom suite,https://www.booking.com/hotel/pk/himalaya-villas.en-gb.html?aid=304142&label=gen173nr-10CAQoggJCDWNpdHlfLTI3Njk4NTFICVgEaLUBiAEBmAEzuAEHyAEM2AED6AEB-AEBiAIBqAIBuAKIlMLTBsACAdICJDBiNzYyYjQ4LWNmZWQtNDliYy1hZDA0LWM3MmIxYmU5OWViNdgCAeACAQ&ucfs=1&arphpl=1&checkin=2026-08-06&checkout=2026-08-07&dest_id=-2769851&dest_type=city&group_adults=2&req_adults=2&no_rooms=1&group_children=0&req_children=0&hpos=9&hapos=133&sr_order=popularity&srpvid=17e2580464c2007b&srepoch=1785760286&all_sr_blocks=1035455209_377414035_4_1_0_47252&highlighted_blocks=1035455209_377414035_4_1_0_47252&matching_block_id=1035455209_377414035_4_1_0_47252&sr_pri_blocks=1035455209_377414035_4_1_0_47252_3500000&from=searchresults,35000,8.0,2.0,Murree,6.3,Two-Bedroom Villa,"3 beds (2 extra-large doubles, 1 sofa bed)",1,1,0,https://cf.bstatic.com/xdata/images/hotel/square240/701415040.webp?k=bd9bd160403707b14bdf4385bdc8f8bd2b9d6eb2202d97de7635b190096a265c&o=,3,Murree
LMY Murree Spring Boutique Family Cottages & Nature Stay,https://www.booking.com/hotel/pk/gdjzb.en-gb.html?aid=304142&label=gen173nr-10CAQoggJCDWNpdHlfLTI3Njk4NTFICVgEaLUBiAEBmAEzuAEHyAEM2AED6AEB-AEBiAIBqAIBuAKIlMLTBsACAdICJDBiNzYyYjQ4LWNmZWQtNDliYy1hZDA0LWM3MmIxYmU5OWViNdgCAeACAQ&ucfs=1&arphpl=1&checkin=2026-08-06&checkout=2026-08-07&dest_id=-2769851&dest_type=city&group_adults=2&req_adults=2&no_rooms=1&group_children=0&req_children=0&hpos=10&hapos=134&sr_order=popularity&srpvid=17e2580464c2007b&srepoch=1785760286&all_sr_blocks=1605844201_431506833_2_2_0&highlighted_blocks=1605844201_431506833_2_2_0&matching_block_id=1605844201_431506833_2_2_0&sr_pri_blocks=1605844201_431506833_2_2_0__7200000&from=searchresults,72000,,,Murree,1.4,Three-Bedroom Townhouse,"5 beds (3 doubles, 2 sofa beds)",0,1,1,https://cf.bstatic.com/xdata/images/hotel/square240/843522187.webp?k=38f71d29f9aa14c609dd00ad647dad62eff010cddbfb39811ba659ff8d371225&o=,13,Murree
Nizalia Hotel & Resort,https://www.booking.com/hotel/pk/nizalia-amp-resort-murree.en-gb.html?aid=304142&label=gen173nr-10CAQoggJCDWNpdHlfLTI3Njk4NTFICVgEaLUBiAEBmAEzuAEHyAEM2AED6AEB-AEBiAIBqAIBuAKIlMLTBsACAdICJDBiNzYyYjQ4LWNmZWQtNDliYy1hZDA0LWM3MmIxYmU5OWViNdgCAeACAQ&ucfs=1&arphpl=1&checkin=2026-08-06&checkout=2026-08-07&dest_id=-2769851&dest_type=city&group_adults=2&req_adults=2&no_rooms=1&group_children=0&req_children=0&hpos=11&hapos=135&sr_order=popularity&srpvid=17e2580464c2007b&srepoch=1785760286&all_sr_blocks=1672486801_439007650_4_2_0&highlighted_blocks=1672486801_439007650_4_2_0&matching_block_id=1672486801_439007650_4_2_0&sr_pri_blocks=1672486801_439007650_4_2_0__1445000&from=searchresults,14450,,,Murree,400.0,Deluxe Family Suite,2 extra-large double beds,0,1,1,https://cf.bstatic.com/xdata/images/hotel/square240/886755344.webp?k=d7ee731b97f75fb856f1d58c1959d58fc42a4979ca576f41122bc810d0b31796&o=,10,Murree
Park Ridge Hotel Serviced Apartments - One Bedroom Apartment,https://www.booking.com/hotel/pk/serviced-apartments-murree.en-gb.html?aid=304142&label=gen173nr-10CAQoggJCDWNpdHlfLTI3Njk4NTFICVgEaLUBiAEBmAEzuAEHyAEM2AED6AEB-AEBiAIBqAIBuAKIlMLTBsACAdICJDBiNzYyYjQ4LWNmZWQtNDliYy1hZDA0LWM3MmIxYmU5OWViNdgCAeACAQ&ucfs=1&arphpl=1&checkin=2026-08-06&checkout=2026-08-07&dest_id=-2769851&dest_type=city&group_adults=2&req_adults=2&no_rooms=1&group_children=0&req_children=0&hpos=12&hapos=136&sr_order=popularity&srpvid=17e2580464c2007b&srepoch=1785760286&all_sr_blocks=1683971202_440110688_7_1_0&highlighted_blocks=1683971202_440110688_7_1_0&matching_block_id=1683971202_440110688_7_1_0&sr_pri_blocks=1683971202_440110688_7_1_0__3825000&from=searchresults,38250,1.0,1.0,Murree,4.9,Two-Bedroom Apartment,"3 beds (1 double, 1 sofa bed, 1 large double)",1,1,1,https://cf.bstatic.com/xdata/images/hotel/square240/896399951.webp?k=8424dd9c14fc08b221da604c2cff38f15913c27bfcd6afcf3c25dfb8c6d35968&o=,4,Murree
"Grand Tourer Askari Lodges Darya Gali, Murree",https://www.booking.com/hotel/pk/askari-lodges-in-ayubia-rd-darya-gali-murree.en-gb.html?aid=304142&label=gen173nr-10CAQoggJCDWNpdHlfLTI3Njk4NTFICVgEaLUBiAEBmAEzuAEHyAEM2AED6AEB-AEBiAIBqAIBuAKIlMLTBsACAdICJDBiNzYyYjQ4LWNmZWQtNDliYy1hZDA0LWM3MmIxYmU5OWViNdgCAeACAQ&ucfs=1&arphpl=1&checkin=2026-08-06&checkout=2026-08-07&dest_id=-2769851&dest_type=city&group_adults=2&req_adults=2&no_rooms=1&group_children=0&req_children=0&hpos=13&hapos=137&sr_order=popularity&srpvid=17e2580464c2007b&srepoch=1785760286&all_sr_blocks=1610520001_431963229_2_1_0&highlighted_blocks=1610520001_431963229_2_1_0&matching_block_id=1610520001_431963229_2_1_0&sr_pri_blocks=1610520001_431963229_2_1_0__1008000&from=searchresults,10080,,,Murree,4.5,King Room with Balcony,1 double bed,1,0,0,https://cf.bstatic.com/xdata/images/hotel/square240/846312918.webp?k=058d5ad2f998cf56fe7b24b0d889d3d5db079a14212614affae4ca2a79a1add4&o=,3,Murree
The Green Hut Stylish 2BR Apartment with lounge,https://www.booking.com/hotel/pk/the-green-hut-stylish-2br-apartment-with-lounge.en-gb.html?aid=304142&label=gen173nr-10CAQoggJCDWNpdHlfLTI3Njk4NTFICVgEaLUBiAEBmAEzuAEHyAEM2AED6AEB-AEBiAIBqAIBuAKIlMLTBsACAdICJDBiNzYyYjQ4LWNmZWQtNDliYy1hZDA0LWM3MmIxYmU5OWViNdgCAeACAQ&ucfs=1&arphpl=1&checkin=2026-08-06&checkout=2026-08-07&dest_id=-2769851&dest_type=city&group_adults=2&req_adults=2&no_rooms=1&group_children=0&req_children=0&hpos=14&hapos=138&sr_order=popularity&srpvid=17e2580464c2007b&srepoch=1785760286&all_sr_blocks=1637672701_434104267_6_0_0&highlighted_blocks=1637672701_434104267_6_0_0&matching_block_id=1637672701_434104267_6_0_0&sr_pri_blocks=1637672701_434104267_6_0_0__1700000&from=searchresults,17000,,,Murree,6.9,Two-Bedroom Apartment,"3 beds (1 double, 2 sofa beds)",0,1,1,https://cf.bstatic.com/xdata/images/hotel/square240/865581717.webp?k=19390b869a7abf8a7b542cc84b080e661266435bdb5edf382bdfa7cafc0fc8c5&o=,4,Murree
Shelter Homes,https://www.booking.com/hotel/pk/shelter-homes.en-gb.html?aid=304142&label=gen173nr-10CAQoggJCDWNpdHlfLTI3Njk4NTFICVgEaLUBiAEBmAEzuAEHyAEM2AED6AEB-AEBiAIBqAIBuAKIlMLTBsACAdICJDBiNzYyYjQ4LWNmZWQtNDliYy1hZDA0LWM3MmIxYmU5OWViNdgCAeACAQ&ucfs=1&arphpl=1&checkin=2026-08-06&checkout=2026-08-07&dest_id=-2769851&dest_type=city&group_adults=2&req_adults=2&no_rooms=1&group_children=0&req_children=0&hpos=15&hapos=139&sr_order=popularity&srpvid=17e2580464c2007b&srepoch=1785760286&all_sr_blocks=1649039701_439784371_2_0_0&highlighted_blocks=1649039701_439784371_2_0_0&matching_block_id=1649039701_439784371_2_0_0&sr_pri_blocks=1649039701_439784371_2_0_0__2000000&from=searchresults,20000,,,Murree,0.8,One-Bedroom Apartment,1 double bed,0,1,1,https://cf.bstatic.com/xdata/images/hotel/square240/871204049.webp?k=a7c003f2a40461a0ca3d88661ce8d4d941659255c347a56e5c592e90f049c5ca&o=,4,Murree
Osama's Room for Rent,https://www.booking.com/hotel/pk/summer-palace-1-room-lease.en-gb.html?aid=304142&label=gen173nr-10CAQoggJCDWNpdHlfLTI3Njk4NTFICVgEaLUBiAEBmAEzuAEHyAEM2AED6AEB-AEBiAIBqAIBuAKIlMLTBsACAdICJDBiNzYyYjQ4LWNmZWQtNDliYy1hZDA0LWM3MmIxYmU5OWViNdgCAeACAQ&ucfs=1&arphpl=1&checkin=2026-08-06&checkout=2026-08-07&dest_id=-2769851&dest_type=city&group_adults=2&req_adults=2&no_rooms=1&group_children=0&req_children=0&hpos=16&hapos=140&sr_order=popularity&srpvid=17e2580464c2007b&srepoch=1785760286&all_sr_blocks=1384728001_410513880_2_2_0&highlighted_blocks=1384728001_410513880_2_2_0&matching_block_id=1384728001_410513880_2_2_0&sr_pri_blocks=1384728001_410513880_2_2_0__1056000&from=searchresults,10560,,,Murree,200.0,Triple Room with Mountain View,"2 beds (1 single, 1 double)",0,1,1,https://cf.bstatic.com/xdata/images/hotel/square240/664633659.webp?k=e89132ad7d76a15df98da31c20f269380e36ff98da0864e093b6ae8e83eec72c&o=,10,Murree
Sky Land Resort,https://www.booking.com/hotel/pk/sky-land-resort.en-gb.html?aid=304142&label=gen173nr-10CAQoggJCDWNpdHlfLTI3Njk4NTFICVgEaLUBiAEBmAEzuAEHyAEM2AED6AEB-AEBiAIBqAIBuAKIlMLTBsACAdICJDBiNzYyYjQ4LWNmZWQtNDliYy1hZDA0LWM3MmIxYmU5OWViNdgCAeACAQ&ucfs=1&arphpl=1&checkin=2026-08-06&checkout=2026-08-07&dest_id=-2769851&dest_type=city&group_adults=2&req_adults=2&no_rooms=1&group_children=0&req_children=0&hpos=17&hapos=141&sr_order=popularity&srpvid=17e2580464c2007b&srepoch=1785760286&all_sr_blocks=1671719501_438937486_2_0_0&highlighted_blocks=1671719501_438937486_2_0_0&matching_block_id=1671719501_438937486_2_0_0&sr_pri_blocks=1671719501_438937486_2_0_0__652800&from=searchresults,6528,,,Murree,1.8,Three-Bedroom Apartment,3 double beds,0,1,1,https://cf.bstatic.com/xdata/images/hotel/square240/886260257.webp?k=327f78db7a57514dd319c70a680deda15342b7f85b3d113fb25dcedca3baf092&o=,5,Murree
muree cottage,https://www.booking.com/hotel/pk/muree-cottage.en-gb.html?aid=304142&label=gen173nr-10CAQoggJCDWNpdHlfLTI3Njk4NTFICVgEaLUBiAEBmAEzuAEHyAEM2AED6AEB-AEBiAIBqAIBuAKIlMLTBsACAdICJDBiNzYyYjQ4LWNmZWQtNDliYy1hZDA0LWM3MmIxYmU5OWViNdgCAeACAQ&ucfs=1&arphpl=1&checkin=2026-08-06&checkout=2026-08-07&dest_id=-2769851&dest_type=city&group_adults=2&req_adults=2&no_rooms=1&group_children=0&req_children=0&hpos=18&hapos=142&sr_order=popularity&srpvid=17e2580464c2007b&srepoch=1785760286&all_sr_blocks=1503021201_421992240_7_0_0&highlighted_blocks=1503021201_421992240_7_0_0&matching_block_id=1503021201_421992240_7_0_0&sr_pri_blocks=1503021201_421992240_7_0_0__1200000&from=searchresults,12000,,,Murree,0.9,One-Bedroom Apartment,"9 beds (1 double, 2 extra-large doubles, 6 sofa beds)",0,1,1,https://cf.bstatic.com/xdata/images/hotel/square240/756783561.webp?k=8d7b95c737a2fb25e10d34b31ddc00267269e8d08f0ad2ce82428fdbe68a1825&o=,4,Murree
Islamabad premier inn hotel murree,https://www.booking.com/hotel/pk/islamabad-premier-inn-murree-murree.en-gb.html?aid=304142&label=gen173nr-10CAQoggJCDWNpdHlfLTI3Njk4NTFICVgEaLUBiAEBmAEzuAEHyAEM2AED6AEB-AEBiAIBqAIBuAKIlMLTBsACAdICJDBiNzYyYjQ4LWNmZWQtNDliYy1hZDA0LWM3MmIxYmU5OWViNdgCAeACAQ&ucfs=1&arphpl=1&checkin=2026-08-06&checkout=2026-08-07&dest_id=-2769851&dest_type=city&group_adults=2&req_adults=2&no_rooms=1&group_children=0&req_children=0&hpos=19&hapos=143&sr_order=popularity&srpvid=17e2580464c2007b&srepoch=1785760286&all_sr_blocks=1446740701_416057086_2_2_0&highlighted_blocks=1446740701_416057086_2_2_0&matching_block_id=1446740701_416057086_2_2_0&sr_pri_blocks=1446740701_416057086_2_2_0__809919&from=searchresults,8099,,,Murree,1.0,Double Room,"2 beds (1 double, 1 futon)",0,0,0,https://cf.bstatic.com/xdata/images/hotel/square240/706406355.webp?k=56b27f6db889d28519c919d789adebc54635c52cd3b877a32acffc7af897a30e&o=,8,Murree
Murree hotel apparments,https://www.booking.com/hotel/pk/murree-apparments.en-gb.html?aid=304142&label=gen173nr-10CAQoggJCDWNpdHlfLTI3Njk4NTFICVgEaLUBiAEBmAEzuAEHyAEM2AED6AEB-AEBiAIBqAIBuAKIlMLTBsACAdICJDBiNzYyYjQ4LWNmZWQtNDliYy1hZDA0LWM3MmIxYmU5OWViNdgCAeACAQ&ucfs=1&arphpl=1&checkin=2026-08-06&checkout=2026-08-07&dest_id=-2769851&dest_type=city&group_adults=2&req_adults=2&no_rooms=1&group_children=0&req_children=0&hpos=20&hapos=144&sr_order=popularity&srpvid=17e2580464c2007b&srepoch=1785760286&all_sr_blocks=1434943302_415012444_2_0_0&highlighted_blocks=1434943302_415012444_2_0_0&matching_block_id=1434943302_415012444_2_0_0&sr_pri_blocks=1434943302_415012444_2_0_0__495000&from=searchresults,4950,,,Murree,2.7,One-Bedroom Apartment,"2 beds (1 double, 1 sofa bed)",0,1,1,https://cf.bstatic.com/xdata/images/hotel/square240/695955790.webp?k=673562f0e914415e6cf3817495e38bba8a9219e745df01fa1493327cc62ef526&o=,4,Murree
Murree top hotel,https://www.booking.com/hotel/pk/murree-top.en-gb.html?aid=304142&label=gen173nr-10CAQoggJCDWNpdHlfLTI3Njk4NTFICVgEaLUBiAEBmAEzuAEHyAEM2AED6AEB-AEBiAIBqAIBuAKIlMLTBsACAdICJDBiNzYyYjQ4LWNmZWQtNDliYy1hZDA0LWM3MmIxYmU5OWViNdgCAeACAQ&ucfs=1&arphpl=1&checkin=2026-08-06&checkout=2026-08-07&dest_id=-2769851&dest_type=city&group_adults=2&req_adults=2&no_rooms=1&group_children=0&req_children=0&hpos=21&hapos=145&sr_order=popularity&srpvid=17e2580464c2007b&srepoch=1785760286&all_sr_blocks=1513694301_423107300_2_2_0&highlighted_blocks=1513694301_423107300_2_2_0&matching_block_id=1513694301_423107300_2_2_0&sr_pri_blocks=1513694301_423107300_2_2_0__559900&from=searchresults,5599,,,Murree,8.0,Deluxe Double Room,1 double bed,0,1,1,https://cf.bstatic.com/xdata/images/hotel/square240/766100923.webp?k=d6ed0746125e6f8d956aa6cfd8d57c5f9459dbda6d9ca34e9227eb2d569fe798&o=,12,Murree
Royal Serviced Cottages,https://www.booking.com/hotel/pk/royal-serviced-cottages.en-gb.html?aid=304142&label=gen173nr-10CAQoggJCDWNpdHlfLTI3Njk4NTFICVgEaLUBiAEBmAEzuAEHyAEM2AED6AEB-AEBiAIBqAIBuAKIlMLTBsACAdICJDBiNzYyYjQ4LWNmZWQtNDliYy1hZDA0LWM3MmIxYmU5OWViNdgCAeACAQ&ucfs=1&arphpl=1&checkin=2026-08-06&checkout=2026-08-07&dest_id=-2769851&dest_type=city&group_adults=2&req_adults=2&no_rooms=1&group_children=0&req_children=0&hpos=22&hapos=146&sr_order=popularity&srpvid=17e2580464c2007b&srepoch=1785760286&all_sr_blocks=0_0_2_0_0&highlighted_blocks=0_0_2_0_0&matching_block_id=0_0_2_0_0&sr_pri_blocks=0_0_2_0_0__2853269&from=searchresults,28533,9.0,1.0,Murree,1.9,Deluxe Room,2 single beds,0,0,0,https://cf.bstatic.com/xdata/images/hotel/square240/696980082.webp?k=cc820fd5423744504c2bf162295587dace0d88e8b5685e96824d673826e076ad&o=,8,Murree
"Haven Pine View Murree - 3BR Home with Balcony, BBQ",https://www.booking.com/hotel/pk/haven-lodge-murree-4br-home-near-gharial-camp.en-gb.html?aid=304142&label=gen173nr-10CAQoggJCDWNpdHlfLTI3Njk4NTFICVgEaLUBiAEBmAEzuAEHyAEM2AED6AEB-AEBiAIBqAIBuAKIlMLTBsACAdICJDBiNzYyYjQ4LWNmZWQtNDliYy1hZDA0LWM3MmIxYmU5OWViNdgCAeACAQ&ucfs=1&arphpl=1&checkin=2026-08-06&checkout=2026-08-07&dest_id=-2769851&dest_type=city&group_adults=2&req_adults=2&no_rooms=1&group_children=0&req_children=0&hpos=23&hapos=147&sr_order=popularity&srpvid=17e2580464c2007b&srepoch=1785760286&all_sr_blocks=1618950901_432724410_10_0_0&highlighted_blocks=1618950901_432724410_10_0_0&matching_block_id=1618950901_432724410_10_0_0&sr_pri_blocks=1618950901_432724410_10_0_0__2850000&from=searchresults,28500,,,Murree,6.4,Three-Bedroom Holiday Home,"9 beds (2 singles, 1 extra-large double, 2 bunk beds, 2 sofa beds, 2 futons)",0,0,0,https://cf.bstatic.com/xdata/images/hotel/square240/898140550.webp?k=bd42428a7eec75668cda4bc09220616ac16de6ed0dddbbd96e2d082b0bc79c4b&o=,8,Murree
The Generals Inn,https://www.booking.com/hotel/pk/the-generals-inn-murree.en-gb.html?aid=304142&label=gen173nr-10CAQoggJCDWNpdHlfLTI3Njk4NTFICVgEaLUBiAEBmAEzuAEHyAEM2AED6AEB-AEBiAIBqAIBuAKIlMLTBsACAdICJDBiNzYyYjQ4LWNmZWQtNDliYy1hZDA0LWM3MmIxYmU5OWViNdgCAeACAQ&ucfs=1&arphpl=1&checkin=2026-08-06&checkout=2026-08-07&dest_id=-2769851&dest_type=city&group_adults=2&req_adults=2&no_rooms=1&group_children=0&req_children=0&hpos=24&hapos=148&sr_order=popularity&srpvid=17e2580464c2007b&srepoch=1785760286&all_sr_blocks=1210465101_393214836_9_0_0&highlighted_blocks=1210465101_393214836_9_0_0&matching_block_id=1210465101_393214836_9_0_0&sr_pri_blocks=1210465101_393214836_9_0_0__4000000&from=searchresults,40000,,,Murree,6.4,Three-Bedroom House,"6 beds (1 extra-large double, 2 large doubles, 3 futons)",0,0,1,https://cf.bstatic.com/xdata/images/hotel/square240/559417063.webp?k=5787080370d0419e7a1f51f0abbcbdfed501f93e93a37b4da199d44d3a202931&o=,4,Murree
"The Sapphire Askari Lodges Darya, Gali Murree",https://www.booking.com/hotel/pk/askari-lodges-105-in-ayubia-rd-darya-gali-murree.en-gb.html?aid=304142&label=gen173nr-10CAQoggJCDWNpdHlfLTI3Njk4NTFICVgEaLUBiAEBmAEzuAEHyAEM2AED6AEB-AEBiAIBqAIBuAKIlMLTBsACAdICJDBiNzYyYjQ4LWNmZWQtNDliYy1hZDA0LWM3MmIxYmU5OWViNdgCAeACAQ&ucfs=1&arphpl=1&checkin=2026-08-06&checkout=2026-08-07&dest_id=-2769851&dest_type=city&group_adults=2&req_adults=2&no_rooms=1&group_children=0&req_children=0&hpos=25&hapos=149&sr_order=popularity&srpvid=17e2580464c2007b&srepoch=1785760286&all_sr_blocks=1616334501_432501662_2_1_0&highlighted_blocks=1616334501_432501662_2_1_0&matching_block_id=1616334501_432501662_2_1_0&sr_pri_blocks=1616334501_432501662_2_1_0__792000&from=searchresults,7920,4.0,1.0,Murree,4.5,King Room with Balcony,1 double bed,1,0,0,https://cf.bstatic.com/xdata/images/hotel/square240/860645343.webp?k=be8358e12f264b41bbad10e6a002a336b671de92fbb7a231d02c9781ac03e7ec&o=,13,Murree
Cecil Apartment Murree,https://www.booking.com/hotel/pk/cecil-apartment-murree-murree.en-gb.html?aid=304142&label=gen173nr-10CAQoggJCDWNpdHlfLTI3Njk4NTFICVgEaLUBiAEBmAEzuAEHyAEM2AED6AEB-AEBiAIBqAIBuAKIlMLTBsACAdICJDBiNzYyYjQ4LWNmZWQtNDliYy1hZDA0LWM3MmIxYmU5OWViNdgCAeACAQ&ucfs=1&arphpl=1&checkin=2026-08-06&checkout=2026-08-07&dest_id=-2769851&dest_type=city&group_adults=2&req_adults=2&no_rooms=1&group_children=0&req_children=0&hpos=1&hapos=150&sr_order=popularity&srpvid=17e2580464c2007b&srepoch=1785760288&all_sr_blocks=1614396401_432318599_14_0_0&highlighted_blocks=1614396401_432318599_14_0_0&matching_block_id=1614396401_432318599_14_0_0&sr_pri_blocks=1614396401_432318599_14_0_0__2900000&from=searchresults,29000,,,Murree,250.0,Two-Bedroom Apartment,"9 beds (3 doubles, 4 sofa beds, 2 futons)",0,1,1,https://cf.bstatic.com/xdata/images/hotel/square240/849450698.webp?k=4317fb461ad035b616393826fbfa0dbdac4ee597c17b543b38bd8299335bbf0f&o=,4,Murree
white onion hotel and restaurant,https://www.booking.com/hotel/pk/white-onion-and-restaurant-murree.en-gb.html?aid=304142&label=gen173nr-10CAQoggJCDWNpdHlfLTI3Njk4NTFICVgEaLUBiAEBmAEzuAEHyAEM2AED6AEB-AEBiAIBqAIBuAKIlMLTBsACAdICJDBiNzYyYjQ4LWNmZWQtNDliYy1hZDA0LWM3MmIxYmU5OWViNdgCAeACAQ&ucfs=1&arphpl=1&checkin=2026-08-06&checkout=2026-08-07&dest_id=-2769851&dest_type=city&group_adults=2&req_adults=2&no_rooms=1&group_children=0&req_children=0&hpos=2&hapos=151&sr_order=popularity&srpvid=17e2580464c2007b&srepoch=1785760288&all_sr_blocks=1420526301_413707917_2_1_0&highlighted_blocks=1420526301_413707917_2_1_0&matching_block_id=1420526301_413707917_2_1_0&sr_pri_blocks=1420526301_413707917_2_1_0__1150000&from=searchresults,11500,,,Murree,250.0,Double Room,1 double bed,1,0,1,https://cf.bstatic.com/xdata/images/hotel/square240/686494202.webp?k=3d6f4d8a73b3c67f13309eb44bdca15c73c552c129f0d1c34511cb89571d0105&o=,11,Murree
AK Hotel & Suites,https://www.booking.com/hotel/pk/ak-amp-suites-murree.en-gb.html?aid=304142&label=gen173nr-10CAQoggJCDWNpdHlfLTI3Njk4NTFICVgEaLUBiAEBmAEzuAEHyAEM2AED6AEB-AEBiAIBqAIBuAKIlMLTBsACAdICJDBiNzYyYjQ4LWNmZWQtNDliYy1hZDA0LWM3MmIxYmU5OWViNdgCAeACAQ&ucfs=1&arphpl=1&checkin=2026-08-06&checkout=2026-08-07&dest_id=-2769851&dest_type=city&group_adults=2&req_adults=2&no_rooms=1&group_children=0&req_children=0&hpos=3&hapos=152&sr_order=popularity&srpvid=17e2580464c2007b&srepoch=1785760288&all_sr_blocks=893276001_359660479_2_2_0&highlighted_blocks=893276001_359660479_2_2_0&matching_block_id=893276001_359660479_2_2_0&sr_pri_blocks=893276001_359660479_2_2_0__2040000&from=searchresults,20400,8.3,20.0,Murree,4.9,Two-Bedroom Suite,"3 beds (2 doubles, 1 sofa bed)",0,0,1,https://cf.bstatic.com/xdata/images/hotel/square240/383862142.webp?k=e712efb86040b40fa942b34ed9d999ac61aba73fd855de420aa482578a8e3785&o=,10,Murree
Royal Inn Hotel Murree,https://www.booking.com/hotel/pk/royal-inn-murree1.en-gb.html?aid=304142&label=gen173nr-10CAQoggJCDWNpdHlfLTI3Njk4NTFICVgEaLUBiAEBmAEzuAEHyAEM2AED6AEB-AEBiAIBqAIBuAKIlMLTBsACAdICJDBiNzYyYjQ4LWNmZWQtNDliYy1hZDA0LWM3MmIxYmU5OWViNdgCAeACAQ&ucfs=1&arphpl=1&checkin=2026-08-06&checkout=2026-08-07&dest_id=-2769851&dest_type=city&group_adults=2&req_adults=2&no_rooms=1&group_children=0&req_children=0&hpos=4&hapos=153&sr_order=popularity&srpvid=17e2580464c2007b&srepoch=1785760288&all_sr_blocks=874482101_356290678_2_0_0&highlighted_blocks=874482101_356290678_2_0_0&matching_block_id=874482101_356290678_2_0_0&sr_pri_blocks=874482101_356290678_2_0_0__799920&from=searchresults,7999,5.0,1.0,Murree,1.1,Double Room,1 double bed,0,0,0,https://cf.bstatic.com/xdata/images/hotel/square240/372165077.webp?k=a8d57e7f53b5a1fe87ab68761099547cc84855211f32fd61bc303105cb2b2366&o=,8,Murree
Sardar Heights,https://www.booking.com/hotel/pk/sardar-heights-murree2.en-gb.html?aid=304142&label=gen173nr-10CAQoggJCDWNpdHlfLTI3Njk4NTFICVgEaLUBiAEBmAEzuAEHyAEM2AED6AEB-AEBiAIBqAIBuAKIlMLTBsACAdICJDBiNzYyYjQ4LWNmZWQtNDliYy1hZDA0LWM3MmIxYmU5OWViNdgCAeACAQ&ucfs=1&arphpl=1&checkin=2026-08-06&checkout=2026-08-07&dest_id=-2769851&dest_type=city&group_adults=2&req_adults=2&no_rooms=1&group_children=0&req_children=0&hpos=5&hapos=154&sr_order=popularity&srpvid=17e2580464c2007b&srepoch=1785760288&all_sr_blocks=1699316001_441582027_4_0_0&highlighted_blocks=1699316001_441582027_4_0_0&matching_block_id=1699316001_441582027_4_0_0&sr_pri_blocks=1699316001_441582027_4_0_0__1224000&from=searchresults,12240,,,Murree,0.6,Two-Bedroom Apartment,"3 beds (1 double, 1 sofa bed, 1 large double)",0,1,1,https://cf.bstatic.com/xdata/images/hotel/square240/902021065.webp?k=c07bae49636292cbc3c67ec5ae8d9175924f0eab3b8dd8d3c5d0144a1929e270&o=,5,Murree
Sardar Heights,https://www.booking.com/hotel/pk/sardar-heights-murree1.en-gb.html?aid=304142&label=gen173nr-10CAQoggJCDWNpdHlfLTI3Njk4NTFICVgEaLUBiAEBmAEzuAEHyAEM2AED6AEB-AEBiAIBqAIBuAKIlMLTBsACAdICJDBiNzYyYjQ4LWNmZWQtNDliYy1hZDA0LWM3MmIxYmU5OWViNdgCAeACAQ&ucfs=1&arphpl=1&checkin=2026-08-06&checkout=2026-08-07&dest_id=-2769851&dest_type=city&group_adults=2&req_adults=2&no_rooms=1&group_children=0&req_children=0&hpos=6&hapos=155&sr_order=popularity&srpvid=17e2580464c2007b&srepoch=1785760288&all_sr_blocks=1699309901_441581707_5_0_0&highlighted_blocks=1699309901_441581707_5_0_0&matching_block_id=1699309901_441581707_5_0_0&sr_pri_blocks=1699309901_441581707_5_0_0__1360000&from=searchresults,13600,,,Murree,0.6,Two-Bedroom Apartment,"3 beds (1 sofa bed, 2 large doubles)",0,1,1,https://cf.bstatic.com/xdata/images/hotel/square240/902017643.webp?k=a41da7996922a1d822d023e0b26a5a625dd24103b25d886ecc728311fc7c9876&o=,5,Murree
"3BD Private Cottage Valley Views, near McDonald's",https://www.booking.com/hotel/pk/private-3br-cottage-kitchen-lounge-amp-views.en-gb.html?aid=304142&label=gen173nr-10CAQoggJCDWNpdHlfLTI3Njk4NTFICVgEaLUBiAEBmAEzuAEHyAEM2AED6AEB-AEBiAIBqAIBuAKIlMLTBsACAdICJDBiNzYyYjQ4LWNmZWQtNDliYy1hZDA0LWM3MmIxYmU5OWViNdgCAeACAQ&ucfs=1&arphpl=1&checkin=2026-08-06&checkout=2026-08-07&dest_id=-2769851&dest_type=city&group_adults=2&req_adults=2&no_rooms=1&group_children=0&req_children=0&hpos=7&hapos=156&sr_order=popularity&srpvid=17e2580464c2007b&srepoch=1785760288&all_sr_blocks=1494642501_425967014_8_0_0&highlighted_blocks=1494642501_425967014_8_0_0&matching_block_id=1494642501_425967014_8_0_0&sr_pri_blocks=1494642501_425967014_8_0_0__1500000&from=searchresults,15000,,,Murree,6.0,Four-Bedroom House,"6 beds (3 doubles, 1 bunk bed, 2 sofa beds)",0,0,1,https://cf.bstatic.com/xdata/images/hotel/square240/747992430.webp?k=9de4c7fb86a4e98ef41fe7d254fcd9fc65cd300912efdf840a791cb1e6054fd0&o=,3,Murree
Seven Sky Hotel,https://www.booking.com/hotel/pk/seven-sky-murree.en-gb.html?aid=304142&label=gen173nr-10CAQoggJCDWNpdHlfLTI3Njk4NTFICVgEaLUBiAEBmAEzuAEHyAEM2AED6AEB-AEBiAIBqAIBuAKIlMLTBsACAdICJDBiNzYyYjQ4LWNmZWQtNDliYy1hZDA0LWM3MmIxYmU5OWViNdgCAeACAQ&ucfs=1&arphpl=1&checkin=2026-08-06&checkout=2026-08-07&dest_id=-2769851&dest_type=city&group_adults=2&req_adults=2&no_rooms=1&group_children=0&req_children=0&hpos=8&hapos=157&sr_order=popularity&srpvid=17e2580464c2007b&srepoch=1785760288&all_sr_blocks=1556828701_426808936_2_2_0&highlighted_blocks=1556828701_426808936_2_2_0&matching_block_id=1556828701_426808936_2_2_0&sr_pri_blocks=1556828701_426808936_2_2_0__1800000&from=searchresults,18000,,,Murree,0.5,Deluxe Double Room,1 double bed,0,1,1,https://cf.bstatic.com/xdata/images/hotel/square240/802859848.webp?k=37130cc7812d65295b0df1ac15594a4f4f26a8094ac84c01741b1a987e48a485&o=,10,Murree
Hotel Al Subtaini,https://www.booking.com/hotel/pk/al-subtaini-murree.en-gb.html?aid=304142&label=gen173nr-10CAQoggJCDWNpdHlfLTI3Njk4NTFICVgEaLUBiAEBmAEzuAEHyAEM2AED6AEB-AEBiAIBqAIBuAKIlMLTBsACAdICJDBiNzYyYjQ4LWNmZWQtNDliYy1hZDA0LWM3MmIxYmU5OWViNdgCAeACAQ&ucfs=1&arphpl=1&checkin=2026-08-06&checkout=2026-08-07&dest_id=-2769851&dest_type=city&group_adults=2&req_adults=2&no_rooms=1&group_children=0&req_children=0&hpos=9&hapos=158&sr_order=popularity&srpvid=17e2580464c2007b&srepoch=1785760288&all_sr_blocks=973163201_402497994_2_2_0&highlighted_blocks=973163201_402497994_2_2_0&matching_block_id=973163201_402497994_2_2_0&sr_pri_blocks=973163201_402497994_2_2_0__1249900&from=searchresults,12499,8.0,1.0,Murree,400.0,Deluxe Room,1 double bed,0,0,0,https://cf.bstatic.com/xdata/images/hotel/square240/437139600.webp?k=f43d48134e4753e6f23ff53405a3d30c379c2351f1e73b14ad29c4d8f033c836&o=,2,Murree
Cecil Apartments,https://www.booking.com/hotel/pk/cecil-apartments-murree.en-gb.html?aid=304142&label=gen173nr-10CAQoggJCDWNpdHlfLTI3Njk4NTFICVgEaLUBiAEBmAEzuAEHyAEM2AED6AEB-AEBiAIBqAIBuAKIlMLTBsACAdICJDBiNzYyYjQ4LWNmZWQtNDliYy1hZDA0LWM3MmIxYmU5OWViNdgCAeACAQ&ucfs=1&arphpl=1&checkin=2026-08-06&checkout=2026-08-07&dest_id=-2769851&dest_type=city&group_adults=2&req_adults=2&no_rooms=1&group_children=0&req_children=0&hpos=10&hapos=159&sr_order=popularity&srpvid=17e2580464c2007b&srepoch=1785760288&all_sr_blocks=1658955601_437804767_4_0_0&highlighted_blocks=1658955601_437804767_4_0_0&matching_block_id=1658955601_437804767_4_0_0&sr_pri_blocks=1658955601_437804767_4_0_0__1200000&from=searchresults,12000,,,Murree,200.0,One-Bedroom Apartment,2 double beds,0,1,1,https://cf.bstatic.com/xdata/images/hotel/square240/877934930.webp?k=36462322951df0fdaa6e55e6809aa80b83897e5a1349b753e65cf3c57c054a53&o=,4,Murree
The Al-Maaz Guest House,https://www.booking.com/hotel/pk/the-al-maaz-guest-house.en-gb.html?aid=304142&label=gen173nr-10CAQoggJCDWNpdHlfLTI3Njk4NTFICVgEaLUBiAEBmAEzuAEHyAEM2AED6AEB-AEBiAIBqAIBuAKIlMLTBsACAdICJDBiNzYyYjQ4LWNmZWQtNDliYy1hZDA0LWM3MmIxYmU5OWViNdgCAeACAQ&ucfs=1&arphpl=1&checkin=2026-08-06&checkout=2026-08-07&dest_id=-2769851&dest_type=city&group_adults=2&req_adults=2&no_rooms=1&group_children=0&req_children=0&hpos=11&hapos=160&sr_order=popularity&srpvid=17e2580464c2007b&srepoch=1785760288&all_sr_blocks=1680141501_439769634_3_1_0&highlighted_blocks=1680141501_439769634_3_1_0&matching_block_id=1680141501_439769634_3_1_0&sr_pri_blocks=1680141501_439769634_3_1_0__1275059&from=searchresults,12751,,,Murree,2.5,Family Room,"2 beds (1 single, 1 double)",1,1,1,https://cf.bstatic.com/xdata/images/hotel/square240/891003175.webp?k=aca0e59ae8d4b330bf0191a4dd95b0162280907bafae7d929c7d5b1e49e657db&o=,4,Murree
"The Glasshouse Murree, Panoramic Valley Vibes",https://www.booking.com/hotel/pk/the-glasshouse-murree-panoramic-valley-vibes.en-gb.html?aid=304142&label=gen173nr-10CAQoggJCDWNpdHlfLTI3Njk4NTFICVgEaLUBiAEBmAEzuAEHyAEM2AED6AEB-AEBiAIBqAIBuAKIlMLTBsACAdICJDBiNzYyYjQ4LWNmZWQtNDliYy1hZDA0LWM3MmIxYmU5OWViNdgCAeACAQ&ucfs=1&arphpl=1&checkin=2026-08-06&checkout=2026-08-07&dest_id=-2769851&dest_type=city&group_adults=2&req_adults=2&no_rooms=1&group_children=0&req_children=0&hpos=12&hapos=161&sr_order=popularity&srpvid=17e2580464c2007b&srepoch=1785760288&all_sr_blocks=1649322401_437005587_7_0_0&highlighted_blocks=1649322401_437005587_7_0_0&matching_block_id=1649322401_437005587_7_0_0&sr_pri_blocks=1649322401_437005587_7_0_0__2560000&from=searchresults,25600,,,Murree,4.1,Apartment,"2 beds (1 single, 1 large double)",0,1,1,https://cf.bstatic.com/xdata/images/hotel/square240/871297099.webp?k=af5c221846b20ac731134e227b15903fbd65783d09523475027ccfc397337649&o=,6,Murree
The Walker's Flat A- 2BHK Sunnybank Murree,https://www.booking.com/hotel/pk/the-walkers-flat-sunnybank-murree.en-gb.html?aid=304142&label=gen173nr-10CAQoggJCDWNpdHlfLTI3Njk4NTFICVgEaLUBiAEBmAEzuAEHyAEM2AED6AEB-AEBiAIBqAIBuAKIlMLTBsACAdICJDBiNzYyYjQ4LWNmZWQtNDliYy1hZDA0LWM3MmIxYmU5OWViNdgCAeACAQ&ucfs=1&arphpl=1&checkin=2026-08-06&checkout=2026-08-07&dest_id=-2769851&dest_type=city&group_adults=2&req_adults=2&no_rooms=1&group_children=0&req_children=0&hpos=13&hapos=162&sr_order=popularity&srpvid=17e2580464c2007b&srepoch=1785760288&all_sr_blocks=1434067201_414947933_6_0_0&highlighted_blocks=1434067201_414947933_6_0_0&matching_block_id=1434067201_414947933_6_0_0&sr_pri_blocks=1434067201_414947933_6_0_0__1500000&from=searchresults,15000,8.5,2.0,Murree,1.2,Two-Bedroom Apartment,"3 beds (2 singles, 1 double)",0,1,1,https://cf.bstatic.com/xdata/images/hotel/square240/695368447.webp?k=c9e883e71a46fa1848ad91c0bdc1e4a106d4a2d05a76fdfadc5af3f5e6243db6&o=,4,Murree
Cozy Studio at Montana Lodges Valley View Balcony,https://www.booking.com/hotel/pk/cozy-studio-at-montana-lodges-valley-view-balcony.en-gb.html?aid=304142&label=gen173nr-10CAQoggJCDWNpdHlfLTI3Njk4NTFICVgEaLUBiAEBmAEzuAEHyAEM2AED6AEB-AEBiAIBqAIBuAKIlMLTBsACAdICJDBiNzYyYjQ4LWNmZWQtNDliYy1hZDA0LWM3MmIxYmU5OWViNdgCAeACAQ&ucfs=1&arphpl=1&checkin=2026-08-06&checkout=2026-08-07&dest_id=-2769851&dest_type=city&group_adults=2&req_adults=2&no_rooms=1&group_children=0&req_children=0&hpos=14&hapos=163&sr_order=popularity&srpvid=17e2580464c2007b&srepoch=1785760288&all_sr_blocks=1555271701_426662689_2_0_0&highlighted_blocks=1555271701_426662689_2_0_0&matching_block_id=1555271701_426662689_2_0_0&sr_pri_blocks=1555271701_426662689_2_0_0__650000&from=searchresults,6500,,,Murree,2.7,One-Bedroom Apartment,1 double bed,0,1,1,https://cf.bstatic.com/xdata/images/hotel/square240/801469806.webp?k=2859f246ce4adbe2b6215213833a7a568283d25d8ade06235ea46578d2d75698&o=,4,Murree
Apex Nest,https://www.booking.com/hotel/pk/apex-nest.en-gb.html?aid=304142&label=gen173nr-10CAQoggJCDWNpdHlfLTI3Njk4NTFICVgEaLUBiAEBmAEzuAEHyAEM2AED6AEB-AEBiAIBqAIBuAKIlMLTBsACAdICJDBiNzYyYjQ4LWNmZWQtNDliYy1hZDA0LWM3MmIxYmU5OWViNdgCAeACAQ&ucfs=1&arphpl=1&checkin=2026-08-06&checkout=2026-08-07&dest_id=-2769851&dest_type=city&group_adults=2&req_adults=2&no_rooms=1&group_children=0&req_children=0&hpos=15&hapos=164&sr_order=popularity&srpvid=17e2580464c2007b&srepoch=1785760288&all_sr_blocks=1672200201_438986736_10_0_0&highlighted_blocks=1672200201_438986736_10_0_0&matching_block_id=1672200201_438986736_10_0_0&sr_pri_blocks=1672200201_438986736_10_0_0__1292000&from=searchresults,12920,,,Murree,0.8,One-Bedroom Apartment,3 double beds,0,1,1,https://cf.bstatic.com/xdata/images/hotel/square240/886584319.webp?k=c538d682c12e985708c380175ec5858f50f1647772fb2afc611dc59278ab7f0a&o=,5,Murree
ValleyNest Murree 2BHK Balcony Apartment in Murree Mall Road,https://www.booking.com/hotel/pk/valleynest-murree-2bhk-balcony-apartment-in-murree.en-gb.html?aid=304142&label=gen173nr-10CAQoggJCDWNpdHlfLTI3Njk4NTFICVgEaLUBiAEBmAEzuAEHyAEM2AED6AEB-AEBiAIBqAIBuAKIlMLTBsACAdICJDBiNzYyYjQ4LWNmZWQtNDliYy1hZDA0LWM3MmIxYmU5OWViNdgCAeACAQ&ucfs=1&arphpl=1&checkin=2026-08-06&checkout=2026-08-07&dest_id=-2769851&dest_type=city&group_adults=2&req_adults=2&no_rooms=1&group_children=0&req_children=0&hpos=16&hapos=165&sr_order=popularity&srpvid=17e2580464c2007b&srepoch=1785760288&all_sr_blocks=1571802201_429264008_0_2_0&highlighted_blocks=1571802201_429264008_0_2_0&matching_block_id=1571802201_429264008_0_2_0&sr_pri_blocks=1571802201_429264008_0_2_0__1700000&from=searchresults,17000,,,Murree,1.2,Two-Bedroom Apartment with Balcony,2 large double beds,0,1,1,https://cf.bstatic.com/xdata/images/hotel/square240/831832917.webp?k=9991adec879f73b02639695cd36fa17c78739d96c718c5ac0a1d19551e566fb8&o=,4,Murree
Sweet home,https://www.booking.com/hotel/pk/sweet-home-murree.en-gb.html?aid=304142&label=gen173nr-10CAQoggJCDWNpdHlfLTI3Njk4NTFICVgEaLUBiAEBmAEzuAEHyAEM2AED6AEB-AEBiAIBqAIBuAKIlMLTBsACAdICJDBiNzYyYjQ4LWNmZWQtNDliYy1hZDA0LWM3MmIxYmU5OWViNdgCAeACAQ&ucfs=1&arphpl=1&checkin=2026-08-06&checkout=2026-08-07&dest_id=-2769851&dest_type=city&group_adults=2&req_adults=2&no_rooms=1&group_children=0&req_children=0&hpos=17&hapos=166&sr_order=popularity&srpvid=17e2580464c2007b&srepoch=1785760288&all_sr_blocks=1391281401_411093212_2_0_0&highlighted_blocks=1391281401_411093212_2_0_0&matching_block_id=1391281401_411093212_2_0_0&sr_pri_blocks=1391281401_411093212_2_0_0__1540000&from=searchresults,15400,,,Murree,1.1,One-Bedroom Apartment,"4 beds (1 double, 3 sofa beds)",0,1,1,https://cf.bstatic.com/xdata/images/hotel/square240/671132455.webp?k=774f6cb7fd3a120329706b9632b2085d17e3a094a790e6eb46abb8f47befb10b&o=,4,Murree
hotel 44 murree,https://www.booking.com/hotel/pk/44-murree.en-gb.html?aid=304142&label=gen173nr-10CAQoggJCDWNpdHlfLTI3Njk4NTFICVgEaLUBiAEBmAEzuAEHyAEM2AED6AEB-AEBiAIBqAIBuAKIlMLTBsACAdICJDBiNzYyYjQ4LWNmZWQtNDliYy1hZDA0LWM3MmIxYmU5OWViNdgCAeACAQ&ucfs=1&arphpl=1&checkin=2026-08-06&checkout=2026-08-07&dest_id=-2769851&dest_type=city&group_adults=2&req_adults=2&no_rooms=1&group_children=0&req_children=0&hpos=18&hapos=167&sr_order=popularity&srpvid=17e2580464c2007b&srepoch=1785760288&all_sr_blocks=1457275201_417057500_2_1_0&highlighted_blocks=1457275201_417057500_2_1_0&matching_block_id=1457275201_417057500_2_1_0&sr_pri_blocks=1457275201_417057500_2_1_0__1850000&from=searchresults,18500,,,Murree,0.7,Large Double Room,1 large double bed,1,1,1,https://cf.bstatic.com/xdata/images/hotel/square240/714298814.webp?k=9ca7fb8461b5eed67e1a456b23cbeedb59229767923b693c476c9f0484da9d9b&o=,8,Murree
Apartments by Aas Satti,https://www.booking.com/hotel/pk/apartments-by-aas-satti.en-gb.html?aid=304142&label=gen173nr-10CAQoggJCDWNpdHlfLTI3Njk4NTFICVgEaLUBiAEBmAEzuAEHyAEM2AED6AEB-AEBiAIBqAIBuAKIlMLTBsACAdICJDBiNzYyYjQ4LWNmZWQtNDliYy1hZDA0LWM3MmIxYmU5OWViNdgCAeACAQ&ucfs=1&arphpl=1&checkin=2026-08-06&checkout=2026-08-07&dest_id=-2769851&dest_type=city&group_adults=2&req_adults=2&no_rooms=1&group_children=0&req_children=0&hpos=19&hapos=168&sr_order=popularity&srpvid=17e2580464c2007b&srepoch=1785760288&all_sr_blocks=1676484601_439379110_3_0_0&highlighted_blocks=1676484601_439379110_3_0_0&matching_block_id=1676484601_439379110_3_0_0&sr_pri_blocks=1676484601_439379110_3_0_0__558900&from=searchresults,5589,,,Murree,1.7,One-Bedroom Apartment,"2 beds (1 double, 1 sofa bed)",0,1,1,https://cf.bstatic.com/xdata/images/hotel/square240/888825112.webp?k=d773654ef839ecdc6cad39581fd60eae5888d5d3c594b85b0bfa74cff10529eb&o=,4,Murree
Mountain Retreat at Afgan Lodge,https://www.booking.com/hotel/pk/mountain-retreat-2.en-gb.html?aid=304142&label=gen173nr-10CAQoggJCDWNpdHlfLTI3Njk4NTFICVgEaLUBiAEBmAEzuAEHyAEM2AED6AEB-AEBiAIBqAIBuAKIlMLTBsACAdICJDBiNzYyYjQ4LWNmZWQtNDliYy1hZDA0LWM3MmIxYmU5OWViNdgCAeACAQ&ucfs=1&arphpl=1&checkin=2026-08-06&checkout=2026-08-07&dest_id=-2769851&dest_type=city&group_adults=2&req_adults=2&no_rooms=1&group_children=0&req_children=0&hpos=20&hapos=169&sr_order=popularity&srpvid=17e2580464c2007b&srepoch=1785760288&all_sr_blocks=391822501_375460605_8_0_0&highlighted_blocks=391822501_375460605_8_0_0&matching_block_id=391822501_375460605_8_0_0&sr_pri_blocks=391822501_375460605_8_0_0__3825000&from=searchresults,38250,8.0,1.0,Murree,1.7,Four-Bedroom House,"5 beds (4 extra-large doubles, 1 sofa bed)",0,0,0,https://cf.bstatic.com/xdata/images/hotel/square240/308037221.webp?k=da454e51c41e99e6044d001661a1367541d8b4508e0a98bfbe299fe71d00b83f&o=,11,Murree
Murree oaks apartments,https://www.booking.com/hotel/pk/murree-oaks-apartments-murree2.en-gb.html?aid=304142&label=gen173nr-10CAQoggJCDWNpdHlfLTI3Njk4NTFICVgEaLUBiAEBmAEzuAEHyAEM2AED6AEB-AEBiAIBqAIBuAKIlMLTBsACAdICJDBiNzYyYjQ4LWNmZWQtNDliYy1hZDA0LWM3MmIxYmU5OWViNdgCAeACAQ&ucfs=1&arphpl=1&checkin=2026-08-06&checkout=2026-08-07&dest_id=-2769851&dest_type=city&group_adults=2&req_adults=2&no_rooms=1&group_children=0&req_children=0&hpos=21&hapos=170&sr_order=popularity&srpvid=17e2580464c2007b&srepoch=1785760288&all_sr_blocks=1433527201_414927386_2_2_0&highlighted_blocks=1433527201_414927386_2_2_0&matching_block_id=1433527201_414927386_2_2_0&sr_pri_blocks=1433527201_414927386_2_2_0__405000&from=searchresults,4050,,,Murree,1.7,One-Bedroom Apartment,"2 beds (1 double, 1 sofa bed)",0,1,1,https://cf.bstatic.com/xdata/images/hotel/square240/694993160.webp?k=6bd6b58cadf896a0da005d25bc9a3a7c06e021732df863527bb2998cfaf98b00&o=,4,Murree
Hotel 44,https://www.booking.com/hotel/pk/44.en-gb.html?aid=304142&label=gen173nr-10CAQoggJCDWNpdHlfLTI3Njk4NTFICVgEaLUBiAEBmAEzuAEHyAEM2AED6AEB-AEBiAIBqAIBuAKIlMLTBsACAdICJDBiNzYyYjQ4LWNmZWQtNDliYy1hZDA0LWM3MmIxYmU5OWViNdgCAeACAQ&ucfs=1&arphpl=1&checkin=2026-08-06&checkout=2026-08-07&dest_id=-2769851&dest_type=city&group_adults=2&req_adults=2&no_rooms=1&group_children=0&req_children=0&hpos=22&hapos=171&sr_order=popularity&srpvid=17e2580464c2007b&srepoch=1785760288&all_sr_blocks=1462544901_417558544_3_0_0&highlighted_blocks=1462544901_417558544_3_0_0&matching_block_id=1462544901_417558544_3_0_0&sr_pri_blocks=1462544901_417558544_3_0_0__2200000&from=searchresults,22000,,,Murree,0.7,Double Room,10 double beds,0,1,1,https://cf.bstatic.com/xdata/images/hotel/square240/719089732.webp?k=fe1023c6e4e0c9c4f9854670c980a90923549a79cf2f3e8fb8703bf7c0eaad91&o=,10,Murree
Askari Lodges Murree,https://www.booking.com/hotel/pk/askari-lodges-murree-murree2.en-gb.html?aid=304142&label=gen173nr-10CAQoggJCDWNpdHlfLTI3Njk4NTFICVgEaLUBiAEBmAEzuAEHyAEM2AED6AEB-AEBiAIBqAIBuAKIlMLTBsACAdICJDBiNzYyYjQ4LWNmZWQtNDliYy1hZDA0LWM3MmIxYmU5OWViNdgCAeACAQ&ucfs=1&arphpl=1&checkin=2026-08-06&checkout=2026-08-07&dest_id=-2769851&dest_type=city&group_adults=2&req_adults=2&no_rooms=1&group_children=0&req_children=0&hpos=23&hapos=172&sr_order=popularity&srpvid=17e2580464c2007b&srepoch=1785760288&all_sr_blocks=1539639201_425377011_3_0_0&highlighted_blocks=1539639201_425377011_3_0_0&matching_block_id=1539639201_425377011_3_0_0&sr_pri_blocks=1539639201_425377011_3_0_0__1699900&from=searchresults,16999,,,Murree,4.5,Triple Room with City View,"2 beds (1 single, 1 double)",0,1,1,https://cf.bstatic.com/xdata/images/hotel/square240/787424712.webp?k=50267a1d23c1480994a7b6c969ef68c3b10b73b03da4858bae999cbc401d69c1&o=,12,Murree
Allaya Appartment,https://www.booking.com/hotel/pk/allaya-appartment.en-gb.html?aid=304142&label=gen173nr-10CAQoggJCDWNpdHlfLTI3Njk4NTFICVgEaLUBiAEBmAEzuAEHyAEM2AED6AEB-AEBiAIBqAIBuAKIlMLTBsACAdICJDBiNzYyYjQ4LWNmZWQtNDliYy1hZDA0LWM3MmIxYmU5OWViNdgCAeACAQ&ucfs=1&arphpl=1&checkin=2026-08-06&checkout=2026-08-07&dest_id=-2769851&dest_type=city&group_adults=2&req_adults=2&no_rooms=1&group_children=0&req_children=0&hpos=24&hapos=173&sr_order=popularity&srpvid=17e2580464c2007b&srepoch=1785760288&all_sr_blocks=1419759301_413638601_2_0_0&highlighted_blocks=1419759301_413638601_2_0_0&matching_block_id=1419759301_413638601_2_0_0&sr_pri_blocks=1419759301_413638601_2_0_0__1020000&from=searchresults,10200,,,Murree,200.0,One-Bedroom Apartment,"3 beds (1 double, 2 sofa beds)",0,0,1,https://cf.bstatic.com/xdata/images/hotel/square240/686089697.webp?k=62d5762843aa171b4bae8443bd381b501a9181e9f351ae5904cf2058ab17e1ac&o=,3,Murree
Stairway to Heaven,https://www.booking.com/hotel/pk/summer-mountain-retreat.en-gb.html?aid=304142&label=gen173nr-10CAQoggJCDWNpdHlfLTI3Njk4NTFICVgEaLUBiAEBmAEzuAEHyAEM2AED6AEB-AEBiAIBqAIBuAKIlMLTBsACAdICJDBiNzYyYjQ4LWNmZWQtNDliYy1hZDA0LWM3MmIxYmU5OWViNdgCAeACAQ&ucfs=1&arphpl=1&checkin=2026-08-06&checkout=2026-08-07&dest_id=-2769851&dest_type=city&group_adults=2&req_adults=2&no_rooms=1&group_children=0&req_children=0&hpos=25&hapos=174&sr_order=popularity&srpvid=17e2580464c2007b&srepoch=1785760288&all_sr_blocks=879017001_375460604_6_0_0&highlighted_blocks=879017001_375460604_6_0_0&matching_block_id=879017001_375460604_6_0_0&sr_pri_blocks=879017001_375460604_6_0_0__2384250&from=searchresults,23843,5.5,4.0,Murree,1.6,Three-Bedroom House,3 extra-large double beds,0,0,0,https://cf.bstatic.com/xdata/images/hotel/square240/385631649.webp?k=e2110522c1d349412a238ceb1f110e0b2a9c17f32cdf4d3ece97ce101c04c17b&o=,7,Murree
Caphill,https://www.booking.com/hotel/pk/caphill.en-gb.html?aid=304142&label=gen173nr-10CAQoggJCDWNpdHlfLTI3Njk4NTFICVgEaLUBiAEBmAEzuAEHyAEM2AED6AEB-AEBiAIBqAIBuAKIlMLTBsACAdICJDBiNzYyYjQ4LWNmZWQtNDliYy1hZDA0LWM3MmIxYmU5OWViNdgCAeACAQ&ucfs=1&arphpl=1&checkin=2026-08-06&checkout=2026-08-07&dest_id=-2769851&dest_type=city&group_adults=2&req_adults=2&no_rooms=1&group_children=0&req_children=0&hpos=1&hapos=175&sr_order=popularity&srpvid=17e2580464c2007b&srepoch=1785760291&all_sr_blocks=1459185301_417229916_6_0_0&highlighted_blocks=1459185301_417229916_6_0_0&matching_block_id=1459185301_417229916_6_0_0&sr_pri_blocks=1459185301_417229916_6_0_0__4000000&from=searchresults,40000,,,Murree,1.5,Three-Bedroom House,"4 beds (2 singles, 2 large doubles)",0,1,1,https://cf.bstatic.com/xdata/images/hotel/square240/715665987.webp?k=c7e5d577819f1219da0f9e6d4f6912df57d276a2bc74020848db2fdf2579c317&o=,5,Murree
askari lodges,https://www.booking.com/hotel/pk/askari-lodges-murree.en-gb.html?aid=304142&label=gen173nr-10CAQoggJCDWNpdHlfLTI3Njk4NTFICVgEaLUBiAEBmAEzuAEHyAEM2AED6AEB-AEBiAIBqAIBuAKIlMLTBsACAdICJDBiNzYyYjQ4LWNmZWQtNDliYy1hZDA0LWM3MmIxYmU5OWViNdgCAeACAQ&ucfs=1&arphpl=1&checkin=2026-08-06&checkout=2026-08-07&dest_id=-2769851&dest_type=city&group_adults=2&req_adults=2&no_rooms=1&group_children=0&req_children=0&hpos=2&hapos=176&sr_order=popularity&srpvid=17e2580464c2007b&srepoch=1785760291&all_sr_blocks=1496050401_421281115_2_0_0&highlighted_blocks=1496050401_421281115_2_0_0&matching_block_id=1496050401_421281115_2_0_0&sr_pri_blocks=1496050401_421281115_2_0_0__1350000&from=searchresults,13500,,,Murree,400.0,Double Room,"3 beds (2 singles, 1 double)",0,1,1,https://cf.bstatic.com/xdata/images/hotel/square240/764841086.webp?k=29f2d238bb80df19a5a5ba0e69c8f076d5d1b967df218ceeea46c424ac3f4669&o=,8,Murree
Alhaider guesthouse,https://www.booking.com/hotel/pk/alhaider-guesthouse-murree.en-gb.html?aid=304142&label=gen173nr-10CAQoggJCDWNpdHlfLTI3Njk4NTFICVgEaLUBiAEBmAEzuAEHyAEM2AED6AEB-AEBiAIBqAIBuAKIlMLTBsACAdICJDBiNzYyYjQ4LWNmZWQtNDliYy1hZDA0LWM3MmIxYmU5OWViNdgCAeACAQ&ucfs=1&arphpl=1&checkin=2026-08-06&checkout=2026-08-07&dest_id=-2769851&dest_type=city&group_adults=2&req_adults=2&no_rooms=1&group_children=0&req_children=0&hpos=3&hapos=177&sr_order=popularity&srpvid=17e2580464c2007b&srepoch=1785760291&all_sr_blocks=1671184201_438898977_2_0_0&highlighted_blocks=1671184201_438898977_2_0_0&matching_block_id=1671184201_438898977_2_0_0&sr_pri_blocks=1671184201_438898977_2_0_0__734400&from=searchresults,7344,,,Murree,350.0,Family Room,1 large double bed,0,1,1,https://cf.bstatic.com/xdata/images/hotel/square240/885973897.webp?k=6388d7b2d67f9d011b1b41dbc16a519e4cca931c5fdccbe5d5437e49b77993c3&o=,5,Murree
The Elysian Villa,https://www.booking.com/hotel/pk/the-elysian-villa-murree.en-gb.html?aid=304142&label=gen173nr-10CAQoggJCDWNpdHlfLTI3Njk4NTFICVgEaLUBiAEBmAEzuAEHyAEM2AED6AEB-AEBiAIBqAIBuAKIlMLTBsACAdICJDBiNzYyYjQ4LWNmZWQtNDliYy1hZDA0LWM3MmIxYmU5OWViNdgCAeACAQ&ucfs=1&arphpl=1&checkin=2026-08-06&checkout=2026-08-07&dest_id=-2769851&dest_type=city&group_adults=2&req_adults=2&no_rooms=1&group_children=0&req_children=0&hpos=4&hapos=178&sr_order=popularity&srpvid=17e2580464c2007b&srepoch=1785760291&all_sr_blocks=1684948801_440142760_0_0_0&highlighted_blocks=1684948801_440142760_0_0_0&matching_block_id=1684948801_440142760_0_0_0&sr_pri_blocks=1684948801_440142760_0_0_0__3825000&from=searchresults,38250,,,Murree,6.2,Villa,2 double beds,0,1,1,https://cf.bstatic.com/xdata/images/hotel/square240/892770158.webp?k=beb9ed19c5911f2beef346c4012bb8092cb76bbeae4f324cfcf4c79f5d10aeb7&o=,5,Murree
Muree villa,https://www.booking.com/hotel/pk/muree-villa.en-gb.html?aid=304142&label=gen173nr-10CAQoggJCDWNpdHlfLTI3Njk4NTFICVgEaLUBiAEBmAEzuAEHyAEM2AED6AEB-AEBiAIBqAIBuAKIlMLTBsACAdICJDBiNzYyYjQ4LWNmZWQtNDliYy1hZDA0LWM3MmIxYmU5OWViNdgCAeACAQ&ucfs=1&arphpl=1&checkin=2026-08-06&checkout=2026-08-07&dest_id=-2769851&dest_type=city&group_adults=2&req_adults=2&no_rooms=1&group_children=0&req_children=0&hpos=5&hapos=179&sr_order=popularity&srpvid=17e2580464c2007b&srepoch=1785760291&all_sr_blocks=1693816001_441025235_6_0_0&highlighted_blocks=1693816001_441025235_6_0_0&matching_block_id=1693816001_441025235_6_0_0&sr_pri_blocks=1693816001_441025235_6_0_0__3325000&from=searchresults,33250,,,Murree,1.3,One-Bedroom House,2 double beds,0,1,1,https://cf.bstatic.com/xdata/images/hotel/square240/898656717.webp?k=2ac43cfea8245460f7a69e9077e1d906232ad2f77e4f450300e8afcc9c2aa123&o=,4,Murree
The Jungle Resorts,https://www.booking.com/hotel/pk/the-jungle-resorts.en-gb.html?aid=304142&label=gen173nr-10CAQoggJCDWNpdHlfLTI3Njk4NTFICVgEaLUBiAEBmAEzuAEHyAEM2AED6AEB-AEBiAIBqAIBuAKIlMLTBsACAdICJDBiNzYyYjQ4LWNmZWQtNDliYy1hZDA0LWM3MmIxYmU5OWViNdgCAeACAQ&ucfs=1&arphpl=1&checkin=2026-08-06&checkout=2026-08-07&dest_id=-2769851&dest_type=city&group_adults=2&req_adults=2&no_rooms=1&group_children=0&req_children=0&hpos=6&hapos=180&sr_order=popularity&srpvid=17e2580464c2007b&srepoch=1785760291&all_sr_blocks=1405389102_412338806_2_2_0&highlighted_blocks=1405389102_412338806_2_2_0&matching_block_id=1405389102_412338806_2_2_0&sr_pri_blocks=1405389102_412338806_2_2_0__850000&from=searchresults,8500,,,Murree,1.2,One-Bedroom Apartment,"2 beds (1 single, 1 double)",0,1,1,https://cf.bstatic.com/xdata/images/hotel/square240/677404172.webp?k=1158dd35ed9bf8ee1f0cd9d1bc5f4f390c4e8078c2656fa0c9b068905a50304a&o=,4,Murree
Nook House - Valley View Villa,https://www.booking.com/hotel/pk/nook-house-murree.en-gb.html?aid=304142&label=gen173nr-10CAQoggJCDWNpdHlfLTI3Njk4NTFICVgEaLUBiAEBmAEzuAEHyAEM2AED6AEB-AEBiAIBqAIBuAKIlMLTBsACAdICJDBiNzYyYjQ4LWNmZWQtNDliYy1hZDA0LWM3MmIxYmU5OWViNdgCAeACAQ&ucfs=1&arphpl=1&checkin=2026-08-06&checkout=2026-08-07&dest_id=-2769851&dest_type=city&group_adults=2&req_adults=2&no_rooms=1&group_children=0&req_children=0&hpos=7&hapos=181&sr_order=popularity&srpvid=17e2580464c2007b&srepoch=1785760291&all_sr_blocks=1375864401_419871082_0_0_0&highlighted_blocks=1375864401_419871082_0_0_0&matching_block_id=1375864401_419871082_0_0_0&sr_pri_blocks=1375864401_419871082_0_0_0__2750000&from=searchresults,27500,7.0,1.0,Murree,1.5,Three-Bedroom Villa,"6 beds (2 singles, 2 extra-large doubles, 2 sofa beds)",0,1,1,https://cf.bstatic.com/xdata/images/hotel/square240/765867931.webp?k=ebe5b74dac3f3ca6493a01c30ca404359a9e6d6c45659513b353e9d2f8af7e24&o=,4,Murree
Murree Hotel Askari Lodges,https://www.booking.com/hotel/pk/murree-askari-lodges-murree1.en-gb.html?aid=304142&label=gen173nr-10CAQoggJCDWNpdHlfLTI3Njk4NTFICVgEaLUBiAEBmAEzuAEHyAEM2AED6AEB-AEBiAIBqAIBuAKIlMLTBsACAdICJDBiNzYyYjQ4LWNmZWQtNDliYy1hZDA0LWM3MmIxYmU5OWViNdgCAeACAQ&ucfs=1&arphpl=1&checkin=2026-08-06&checkout=2026-08-07&dest_id=-2769851&dest_type=city&group_adults=2&req_adults=2&no_rooms=1&group_children=0&req_children=0&hpos=8&hapos=182&sr_order=popularity&srpvid=17e2580464c2007b&srepoch=1785760291&all_sr_blocks=1547063701_425959176_3_0_0&highlighted_blocks=1547063701_425959176_3_0_0&matching_block_id=1547063701_425959176_3_0_0&sr_pri_blocks=1547063701_425959176_3_0_0__1500000&from=searchresults,15000,,,Murree,4.5,Double or Twin Room,"2 beds (1 single, 1 double)",0,1,1,https://cf.bstatic.com/xdata/images/hotel/square240/793282546.webp?k=d85249d27cf7c7fa2de14a26beaed8ce1115355b8fc1ab85cce0a13d0c92cefd&o=,12,Murree
Pine Cottage,https://www.booking.com/hotel/pk/pine-cottage.en-gb.html?aid=304142&label=gen173nr-10CAQoggJCDWNpdHlfLTI3Njk4NTFICVgEaLUBiAEBmAEzuAEHyAEM2AED6AEB-AEBiAIBqAIBuAKIlMLTBsACAdICJDBiNzYyYjQ4LWNmZWQtNDliYy1hZDA0LWM3MmIxYmU5OWViNdgCAeACAQ&ucfs=1&arphpl=1&checkin=2026-08-06&checkout=2026-08-07&dest_id=-2769851&dest_type=city&group_adults=2&req_adults=2&no_rooms=1&group_children=0&req_children=0&hpos=9&hapos=183&sr_order=popularity&srpvid=17e2580464c2007b&srepoch=1785760291&all_sr_blocks=1634443401_433880209_4_0_0&highlighted_blocks=1634443401_433880209_4_0_0&matching_block_id=1634443401_433880209_4_0_0&sr_pri_blocks=1634443401_433880209_4_0_0__1600000&from=searchresults,16000,,,Murree,150.0,One-Bedroom Apartment,"3 beds (1 double, 2 sofa beds)",0,1,1,https://cf.bstatic.com/xdata/images/hotel/square240/863739965.webp?k=3dcf3cd7ee364fbf1fae45588862fdb88cb2aa971c4c2cb28de320be9bd81572&o=,5,Murree
Naubys Lodge by Perception,https://www.booking.com/hotel/pk/naubys-lodge-by-perception.en-gb.html?aid=304142&label=gen173nr-10CAQoggJCDWNpdHlfLTI3Njk4NTFICVgEaLUBiAEBmAEzuAEHyAEM2AED6AEB-AEBiAIBqAIBuAKIlMLTBsACAdICJDBiNzYyYjQ4LWNmZWQtNDliYy1hZDA0LWM3MmIxYmU5OWViNdgCAeACAQ&ucfs=1&arphpl=1&checkin=2026-08-06&checkout=2026-08-07&dest_id=-2769851&dest_type=city&group_adults=2&req_adults=2&no_rooms=1&group_children=0&req_children=0&hpos=10&hapos=184&sr_order=popularity&srpvid=17e2580464c2007b&srepoch=1785760291&all_sr_blocks=1609610701_431866170_2_0_0_1452129&highlighted_blocks=1609610701_431866170_2_0_0_1452129&matching_block_id=1609610701_431866170_2_0_0_1452129&sr_pri_blocks=1609610701_431866170_2_0_0_1452129_3440000&from=searchresults,34400,,,Murree,3.7,Holiday Home,3 large double beds,0,1,1,https://cf.bstatic.com/xdata/images/hotel/square240/845608266.webp?k=d2b3bbd3c3f89cb7be3837e4d07f83b9000ce3beccfb2518cbae8258ed90a272&o=,4,Murree
Askari Lodges Murree,https://www.booking.com/hotel/pk/askari-lodges-murree-murree1.en-gb.html?aid=304142&label=gen173nr-10CAQoggJCDWNpdHlfLTI3Njk4NTFICVgEaLUBiAEBmAEzuAEHyAEM2AED6AEB-AEBiAIBqAIBuAKIlMLTBsACAdICJDBiNzYyYjQ4LWNmZWQtNDliYy1hZDA0LWM3MmIxYmU5OWViNdgCAeACAQ&ucfs=1&arphpl=1&checkin=2026-08-06&checkout=2026-08-07&dest_id=-2769851&dest_type=city&group_adults=2&req_adults=2&no_rooms=1&group_children=0&req_children=0&hpos=11&hapos=185&sr_order=popularity&srpvid=17e2580464c2007b&srepoch=1785760291&all_sr_blocks=1539635501_425376742_3_0_0&highlighted_blocks=1539635501_425376742_3_0_0&matching_block_id=1539635501_425376742_3_0_0&sr_pri_blocks=1539635501_425376742_3_0_0__1699900&from=searchresults,16999,,,Murree,4.5,Deluxe Double Room with Balcony,"2 beds (1 single, 1 double)",0,1,1,https://cf.bstatic.com/xdata/images/hotel/square240/787423351.webp?k=8ec2a8de1f9e40efa2a87ef5397e3c50d8d1e72edb9945575052d822c8c8e33c&o=,12,Murree
New Mountain View Appartment,https://www.booking.com/hotel/pk/new-mountain-view-appartment.en-gb.html?aid=304142&label=gen173nr-10CAQoggJCDWNpdHlfLTI3Njk4NTFICVgEaLUBiAEBmAEzuAEHyAEM2AED6AEB-AEBiAIBqAIBuAKIlMLTBsACAdICJDBiNzYyYjQ4LWNmZWQtNDliYy1hZDA0LWM3MmIxYmU5OWViNdgCAeACAQ&ucfs=1&arphpl=1&checkin=2026-08-06&checkout=2026-08-07&dest_id=-2769851&dest_type=city&group_adults=2&req_adults=2&no_rooms=1&group_children=0&req_children=0&hpos=12&hapos=186&sr_order=popularity&srpvid=17e2580464c2007b&srepoch=1785760291&all_sr_blocks=1697432601_441416652_5_0_0&highlighted_blocks=1697432601_441416652_5_0_0&matching_block_id=1697432601_441416652_5_0_0&sr_pri_blocks=1697432601_441416652_5_0_0__2176000&from=searchresults,21760,,,Murree,400.0,Two-Bedroom Apartment,"3 beds (2 doubles, 1 sofa bed)",0,1,1,https://cf.bstatic.com/xdata/images/hotel/square240/900973518.webp?k=3cf872ebb8c68de868ed44d32a1e1df8fe1378b2236e694520d1c05694ad29c0&o=,5,Murree
Deluxe Master Room with Private Terrace and Mountain View Askari Lodges Murree,https://www.booking.com/hotel/pk/deluxe-master-room-with-private-terrace-and-mountain-view-askari-lodges-m-murree.en-gb.html?aid=304142&label=gen173nr-10CAQoggJCDWNpdHlfLTI3Njk4NTFICVgEaLUBiAEBmAEzuAEHyAEM2AED6AEB-AEBiAIBqAIBuAKIlMLTBsACAdICJDBiNzYyYjQ4LWNmZWQtNDliYy1hZDA0LWM3MmIxYmU5OWViNdgCAeACAQ&ucfs=1&arphpl=1&checkin=2026-08-06&checkout=2026-08-07&dest_id=-2769851&dest_type=city&group_adults=2&req_adults=2&no_rooms=1&group_children=0&req_children=0&hpos=13&hapos=187&sr_order=popularity&srpvid=17e2580464c2007b&srepoch=1785760291&all_sr_blocks=1539633201_425376449_3_0_0&highlighted_blocks=1539633201_425376449_3_0_0&matching_block_id=1539633201_425376449_3_0_0&sr_pri_blocks=1539633201_425376449_3_0_0__1699900&from=searchresults,16999,,,Murree,4.5,Deluxe Double Room (2 Adults + 1 Child),"2 beds (1 single, 1 double)",0,1,1,https://cf.bstatic.com/xdata/images/hotel/square240/787422352.webp?k=75b984e222bc817adf42ae79afb24ddea257184797d53b5abc8df582990bada3&o=,12,Murree
Askari Lodges Murree,https://www.booking.com/hotel/pk/askari-lodges-murree-murree3.en-gb.html?aid=304142&label=gen173nr-10CAQoggJCDWNpdHlfLTI3Njk4NTFICVgEaLUBiAEBmAEzuAEHyAEM2AED6AEB-AEBiAIBqAIBuAKIlMLTBsACAdICJDBiNzYyYjQ4LWNmZWQtNDliYy1hZDA0LWM3MmIxYmU5OWViNdgCAeACAQ&ucfs=1&arphpl=1&checkin=2026-08-06&checkout=2026-08-07&dest_id=-2769851&dest_type=city&group_adults=2&req_adults=2&no_rooms=1&group_children=0&req_children=0&hpos=14&hapos=188&sr_order=popularity&srpvid=17e2580464c2007b&srepoch=1785760291&all_sr_blocks=1547039901_425957265_3_0_0&highlighted_blocks=1547039901_425957265_3_0_0&matching_block_id=1547039901_425957265_3_0_0&sr_pri_blocks=1547039901_425957265_3_0_0__1500000&from=searchresults,15000,,,Murree,4.5,Double Room,"2 beds (1 single, 1 double)",0,1,1,https://cf.bstatic.com/xdata/images/hotel/square240/793269856.webp?k=5452d960ab35cb55f244e3bf9a50993b7f8050e23e41c29b8ef09b5c1369dc2d&o=,12,Murree
Cornerstone,https://www.booking.com/hotel/pk/cornerstone-murree.en-gb.html?aid=304142&label=gen173nr-10CAQoggJCDWNpdHlfLTI3Njk4NTFICVgEaLUBiAEBmAEzuAEHyAEM2AED6AEB-AEBiAIBqAIBuAKIlMLTBsACAdICJDBiNzYyYjQ4LWNmZWQtNDliYy1hZDA0LWM3MmIxYmU5OWViNdgCAeACAQ&ucfs=1&arphpl=1&checkin=2026-08-06&checkout=2026-08-07&dest_id=-2769851&dest_type=city&group_adults=2&req_adults=2&no_rooms=1&group_children=0&req_children=0&hpos=15&hapos=189&sr_order=popularity&srpvid=17e2580464c2007b&srepoch=1785760291&all_sr_blocks=1626783201_433339565_5_0_0&highlighted_blocks=1626783201_433339565_5_0_0&matching_block_id=1626783201_433339565_5_0_0&sr_pri_blocks=1626783201_433339565_5_0_0__1000000&from=searchresults,10000,,,Murree,450.0,Two-Bedroom Apartment,"3 beds (2 doubles, 1 sofa bed)",0,1,1,https://cf.bstatic.com/xdata/images/hotel/square240/859581162.webp?k=4d5de12fdfbc2e38d5f901e4d23aa7ae7cbaf850c7f6924274052c477fd40734&o=,4,Murree
Diwan longues,https://www.booking.com/hotel/pk/diwan-longues-murree.en-gb.html?aid=304142&label=gen173nr-10CAQoggJCDWNpdHlfLTI3Njk4NTFICVgEaLUBiAEBmAEzuAEHyAEM2AED6AEB-AEBiAIBqAIBuAKIlMLTBsACAdICJDBiNzYyYjQ4LWNmZWQtNDliYy1hZDA0LWM3MmIxYmU5OWViNdgCAeACAQ&ucfs=1&arphpl=1&checkin=2026-08-06&checkout=2026-08-07&dest_id=-2769851&dest_type=city&group_adults=2&req_adults=2&no_rooms=1&group_children=0&req_children=0&hpos=16&hapos=190&sr_order=popularity&srpvid=17e2580464c2007b&srepoch=1785760291&all_sr_blocks=1614832301_432362275_8_2_0&highlighted_blocks=1614832301_432362275_8_2_0&matching_block_id=1614832301_432362275_8_2_0&sr_pri_blocks=1614832301_432362275_8_2_0__3000000&from=searchresults,30000,,,Murree,400.0,One-Bedroom Apartment,4 double beds,0,1,1,https://cf.bstatic.com/xdata/images/hotel/square240/849863741.webp?k=842ffa48b75b0f215a3929e2dc26f88d9b163f09b96ef9db6c628d3cb8e1d2c3&o=,4,Murree
Cozy studio Apartment in Murree,https://www.booking.com/hotel/pk/cozy-studio-apartment-in-murree.en-gb.html?aid=304142&label=gen173nr-10CAQoggJCDWNpdHlfLTI3Njk4NTFICVgEaLUBiAEBmAEzuAEHyAEM2AED6AEB-AEBiAIBqAIBuAKIlMLTBsACAdICJDBiNzYyYjQ4LWNmZWQtNDliYy1hZDA0LWM3MmIxYmU5OWViNdgCAeACAQ&ucfs=1&arphpl=1&checkin=2026-08-06&checkout=2026-08-07&dest_id=-2769851&dest_type=city&group_adults=2&req_adults=2&no_rooms=1&group_children=0&req_children=0&hpos=17&hapos=191&sr_order=popularity&srpvid=17e2580464c2007b&srepoch=1785760291&all_sr_blocks=1471911101_418535043_4_0_0&highlighted_blocks=1471911101_418535043_4_0_0&matching_block_id=1471911101_418535043_4_0_0&sr_pri_blocks=1471911101_418535043_4_0_0__1140000&from=searchresults,11400,,,Murree,1.3,One-Bedroom Apartment,1 double bed,0,1,1,https://cf.bstatic.com/xdata/images/hotel/square240/727812574.webp?k=86fc4de1d1cd150db75a4ddd5ca6ffe58f2ac40d4b25dd295f709d3c61778687&o=,4,Murree
Luxe Villa,https://www.booking.com/hotel/pk/luxe-villa.en-gb.html?aid=304142&label=gen173nr-10CAQoggJCDWNpdHlfLTI3Njk4NTFICVgEaLUBiAEBmAEzuAEHyAEM2AED6AEB-AEBiAIBqAIBuAKIlMLTBsACAdICJDBiNzYyYjQ4LWNmZWQtNDliYy1hZDA0LWM3MmIxYmU5OWViNdgCAeACAQ&ucfs=1&arphpl=1&checkin=2026-08-06&checkout=2026-08-07&dest_id=-2769851&dest_type=city&group_adults=2&req_adults=2&no_rooms=1&group_children=0&req_children=0&hpos=18&hapos=192&sr_order=popularity&srpvid=17e2580464c2007b&srepoch=1785760291&all_sr_blocks=1517909901_423500961_14_0_0&highlighted_blocks=1517909901_423500961_14_0_0&matching_block_id=1517909901_423500961_14_0_0&sr_pri_blocks=1517909901_423500961_14_0_0__4800000&from=searchresults,48000,,,Murree,2.2,Six-Bedroom House,"7 beds (2 doubles, 5 sofa beds)",0,1,1,https://cf.bstatic.com/xdata/images/hotel/square240/898941205.webp?k=71c82371c0449a5a33a6d610e330cfd24941db2936c67c7b70d5794070d29630&o=,5,Murree
Cancel,https://www.booking.com/hotel/pk/mynk.en-gb.html?aid=304142&label=gen173nr-10CAQoggJCDWNpdHlfLTI3Njk4NTFICVgEaLUBiAEBmAEzuAEHyAEM2AED6AEB-AEBiAIBqAIBuAKIlMLTBsACAdICJDBiNzYyYjQ4LWNmZWQtNDliYy1hZDA0LWM3MmIxYmU5OWViNdgCAeACAQ&ucfs=1&arphpl=1&checkin=2026-08-06&checkout=2026-08-07&dest_id=-2769851&dest_type=city&group_adults=2&req_adults=2&no_rooms=1&group_children=0&req_children=0&hpos=19&hapos=193&sr_order=popularity&srpvid=17e2580464c2007b&srepoch=1785760291&all_sr_blocks=1267101801_399427920_3_0_0&highlighted_blocks=1267101801_399427920_3_0_0&matching_block_id=1267101801_399427920_3_0_0&sr_pri_blocks=1267101801_399427920_3_0_0__7150000&from=searchresults,71500,,,Murree,2.7,One-Bedroom Apartment,"2 beds (1 double, 1 sofa bed)",0,0,1,https://cf.bstatic.com/xdata/images/hotel/square240/590532482.webp?k=bcff29323fee7d5a430a248e61977181f76be9584fb1afd548e3cdbcc2a999c1&o=,3,Murree
"Serene 3BR Cottage River View, Bonfire & Wi-Fi",https://www.booking.com/hotel/pk/serene-3br-cottage-river-view-bonfire-amp-wi-fi.en-gb.html?aid=304142&label=gen173nr-10CAQoggJCDWNpdHlfLTI3Njk4NTFICVgEaLUBiAEBmAEzuAEHyAEM2AED6AEB-AEBiAIBqAIBuAKIlMLTBsACAdICJDBiNzYyYjQ4LWNmZWQtNDliYy1hZDA0LWM3MmIxYmU5OWViNdgCAeACAQ&ucfs=1&arphpl=1&checkin=2026-08-06&checkout=2026-08-07&dest_id=-2769851&dest_type=city&group_adults=2&req_adults=2&no_rooms=1&group_children=0&req_children=0&hpos=20&hapos=194&sr_order=popularity&srpvid=17e2580464c2007b&srepoch=1785760291&all_sr_blocks=1495432801_421215932_8_0_0&highlighted_blocks=1495432801_421215932_8_0_0&matching_block_id=1495432801_421215932_8_0_0&sr_pri_blocks=1495432801_421215932_8_0_0__1700000&from=searchresults,17000,,,Murree,17.5,Three-Bedroom Villa,1 double bed,0,1,1,https://cf.bstatic.com/xdata/images/hotel/square240/749211244.webp?k=f0975f3ad2033f96b0c00f006598ffe52f7949853444301a1c286fab0541c1f8&o=,4,Murree
Jasmine villa,https://www.booking.com/hotel/pk/jasmine-villa-murree3.en-gb.html?aid=304142&label=gen173nr-10CAQoggJCDWNpdHlfLTI3Njk4NTFICVgEaLUBiAEBmAEzuAEHyAEM2AED6AEB-AEBiAIBqAIBuAKIlMLTBsACAdICJDBiNzYyYjQ4LWNmZWQtNDliYy1hZDA0LWM3MmIxYmU5OWViNdgCAeACAQ&ucfs=1&arphpl=1&checkin=2026-08-06&checkout=2026-08-07&dest_id=-2769851&dest_type=city&group_adults=2&req_adults=2&no_rooms=1&group_children=0&req_children=0&hpos=21&hapos=195&sr_order=popularity&srpvid=17e2580464c2007b&srepoch=1785760291&all_sr_blocks=1366016701_408888341_7_0_0&highlighted_blocks=1366016701_408888341_7_0_0&matching_block_id=1366016701_408888341_7_0_0&sr_pri_blocks=1366016701_408888341_7_0_0__2750000&from=searchresults,27500,,,Murree,0.5,Two-Bedroom Apartment,"4 beds (1 double, 1 extra-large double, 2 sofa beds)",0,0,1,https://cf.bstatic.com/xdata/images/hotel/square240/650832725.webp?k=d454910afaae7163395a9598f484a67dc4ab0e94c268a7270e9d2948f33512bc&o=,3,Murree
Mountains escape,https://www.booking.com/hotel/pk/mountains-escape.en-gb.html?aid=304142&label=gen173nr-10CAQoggJCDWNpdHlfLTI3Njk4NTFICVgEaLUBiAEBmAEzuAEHyAEM2AED6AEB-AEBiAIBqAIBuAKIlMLTBsACAdICJDBiNzYyYjQ4LWNmZWQtNDliYy1hZDA0LWM3MmIxYmU5OWViNdgCAeACAQ&ucfs=1&arphpl=1&checkin=2026-08-06&checkout=2026-08-07&dest_id=-2769851&dest_type=city&group_adults=2&req_adults=2&no_rooms=1&group_children=0&req_children=0&hpos=22&hapos=196&sr_order=popularity&srpvid=17e2580464c2007b&srepoch=1785760291&all_sr_blocks=1459310901_417241866_2_0_0&highlighted_blocks=1459310901_417241866_2_0_0&matching_block_id=1459310901_417241866_2_0_0&sr_pri_blocks=1459310901_417241866_2_0_0__2500000&from=searchresults,25000,,,Murree,5.4,Double Room,10 double beds,0,1,1,https://cf.bstatic.com/xdata/images/hotel/square240/715735714.webp?k=9d33ccbf0cdc79bd6f63ed4cbc15426b3d89d7a1c8a9971213f104b01a2115b4&o=,10,Murree
Whispering heights,https://www.booking.com/hotel/pk/whispering-heights.en-gb.html?aid=304142&label=gen173nr-10CAQoggJCDWNpdHlfLTI3Njk4NTFICVgEaLUBiAEBmAEzuAEHyAEM2AED6AEB-AEBiAIBqAIBuAKIlMLTBsACAdICJDBiNzYyYjQ4LWNmZWQtNDliYy1hZDA0LWM3MmIxYmU5OWViNdgCAeACAQ&ucfs=1&arphpl=1&checkin=2026-08-06&checkout=2026-08-07&dest_id=-2769851&dest_type=city&group_adults=2&req_adults=2&no_rooms=1&group_children=0&req_children=0&hpos=23&hapos=197&sr_order=popularity&srpvid=17e2580464c2007b&srepoch=1785760291&all_sr_blocks=1463714901_417679985_2_0_0&highlighted_blocks=1463714901_417679985_2_0_0&matching_block_id=1463714901_417679985_2_0_0&sr_pri_blocks=1463714901_417679985_2_0_0__1650000&from=searchresults,16500,,,Murree,2.2,Two-Bedroom Apartment,"4 beds (2 sofa beds, 2 large doubles)",0,1,1,https://cf.bstatic.com/xdata/images/hotel/square240/720513684.webp?k=9163c3378b81ea08f7181f88b2706fce30a764c68531e494938a8d96b1313ae5&o=,4,Murree
Galyat luxury apartments,https://www.booking.com/hotel/pk/galyat-luxury-apartments.en-gb.html?aid=304142&label=gen173nr-10CAQoggJCDWNpdHlfLTI3Njk4NTFICVgEaLUBiAEBmAEzuAEHyAEM2AED6AEB-AEBiAIBqAIBuAKIlMLTBsACAdICJDBiNzYyYjQ4LWNmZWQtNDliYy1hZDA0LWM3MmIxYmU5OWViNdgCAeACAQ&ucfs=1&arphpl=1&checkin=2026-08-06&checkout=2026-08-07&dest_id=-2769851&dest_type=city&group_adults=2&req_adults=2&no_rooms=1&group_children=0&req_children=0&hpos=24&hapos=198&sr_order=popularity&srpvid=17e2580464c2007b&srepoch=1785760291&all_sr_blocks=1442796801_415722294_5_0_0&highlighted_blocks=1442796801_415722294_5_0_0&matching_block_id=1442796801_415722294_5_0_0&sr_pri_blocks=1442796801_415722294_5_0_0__4500000&from=searchresults,45000,,,Murree,8.6,One-Bedroom Apartment,"4 beds (2 singles, 2 doubles)",0,1,1,https://cf.bstatic.com/xdata/images/hotel/square240/701428781.webp?k=c882b4ae15f8590166bb53bade96932498d7d725e1bb45043f7097fd06a2f79b&o=,4,Murree
Cozy Cottage at Afgan Lodge,https://www.booking.com/hotel/pk/crazy-mountain-retreat.en-gb.html?aid=304142&label=gen173nr-10CAQoggJCDWNpdHlfLTI3Njk4NTFICVgEaLUBiAEBmAEzuAEHyAEM2AED6AEB-AEBiAIBqAIBuAKIlMLTBsACAdICJDBiNzYyYjQ4LWNmZWQtNDliYy1hZDA0LWM3MmIxYmU5OWViNdgCAeACAQ&ucfs=1&arphpl=1&checkin=2026-08-06&checkout=2026-08-07&dest_id=-2769851&dest_type=city&group_adults=2&req_adults=2&no_rooms=1&group_children=0&req_children=0&hpos=25&hapos=199&sr_order=popularity&srpvid=17e2580464c2007b&srepoch=1785760291&all_sr_blocks=379770001_120763600_6_0_0&highlighted_blocks=379770001_120763600_6_0_0&matching_block_id=379770001_120763600_6_0_0&sr_pri_blocks=379770001_120763600_6_0_0__3400000&from=searchresults,34000,7.0,5.0,Murree,1.7,Holiday home with Terrace,"5 beds (2 singles, 3 extra-large doubles)",0,1,1,https://cf.bstatic.com/xdata/images/hotel/square240/385712062.webp?k=d1604e4b434c2501ebfe36c34db54cec935d82d21121824058043df476387e8f&o=,12,Murree
Serenity Hilltop by Hespak,https://www.booking.com/hotel/pk/serenity-hilltop-by-hespak.en-gb.html?aid=304142&label=gen173nr-10CAQoggJCDWNpdHlfLTI3Njk4NTFICVgEaLUBiAEBmAEzuAEHyAEM2AED6AEB-AEBiAIBqAIBuAKIlMLTBsACAdICJDBiNzYyYjQ4LWNmZWQtNDliYy1hZDA0LWM3MmIxYmU5OWViNdgCAeACAQ&ucfs=1&arphpl=1&checkin=2026-08-06&checkout=2026-08-07&dest_id=-2769851&dest_type=city&group_adults=2&req_adults=2&no_rooms=1&group_children=0&req_children=0&hpos=1&hapos=200&sr_order=popularity&srpvid=17e2580464c2007b&srepoch=1785760293&all_sr_blocks=1553096801_426480107_6_0_0&highlighted_blocks=1553096801_426480107_6_0_0&matching_block_id=1553096801_426480107_6_0_0&sr_pri_blocks=1553096801_426480107_6_0_0__3000000&from=searchresults,30000,,,Murree,9.3,Two-Bedroom Apartment,1 double bed,0,1,1,https://cf.bstatic.com/xdata/images/hotel/square240/799227731.webp?k=64b13fd92d08f61f9c6c6fa70ce31bce05ea8c3ed38253d80d975c4d17c5c4f8&o=,4,Murree
"Khaqan Heights, Murree",https://www.booking.com/hotel/pk/khaqan-heights-murree.en-gb.html?aid=304142&label=gen173nr-10CAQoggJCDWNpdHlfLTI3Njk4NTFICVgEaLUBiAEBmAEzuAEHyAEM2AED6AEB-AEBiAIBqAIBuAKIlMLTBsACAdICJDBiNzYyYjQ4LWNmZWQtNDliYy1hZDA0LWM3MmIxYmU5OWViNdgCAeACAQ&ucfs=1&arphpl=1&checkin=2026-08-06&checkout=2026-08-07&dest_id=-2769851&dest_type=city&group_adults=2&req_adults=2&no_rooms=1&group_children=0&req_children=0&hpos=2&hapos=201&sr_order=popularity&srpvid=17e2580464c2007b&srepoch=1785760293&all_sr_blocks=388359101_417554203_4_0_0&highlighted_blocks=388359101_417554203_4_0_0&matching_block_id=388359101_417554203_4_0_0&sr_pri_blocks=388359101_417554203_4_0_0__1400000&from=searchresults,14000,10,1.0,Murree,12.2,Apartment with Mountain View,"3 beds (2 sofa beds, 1 large double)",0,0,0,https://cf.bstatic.com/xdata/images/hotel/square240/155840773.webp?k=efb6f27ce4e2f93acd4329cf3279b104f8729066575cdcf01a56a67c7970ef6d&o=,8,Murree
Rest Inn Guest House,https://www.booking.com/hotel/pk/rest-inn-guest-house.en-gb.html?aid=304142&label=gen173nr-10CAQoggJCDWNpdHlfLTI3Njk4NTFICVgEaLUBiAEBmAEzuAEHyAEM2AED6AEB-AEBiAIBqAIBuAKIlMLTBsACAdICJDBiNzYyYjQ4LWNmZWQtNDliYy1hZDA0LWM3MmIxYmU5OWViNdgCAeACAQ&ucfs=1&arphpl=1&checkin=2026-08-06&checkout=2026-08-07&dest_id=-2769851&dest_type=city&group_adults=2&req_adults=2&no_rooms=1&group_children=0&req_children=0&hpos=3&hapos=202&sr_order=popularity&srpvid=17e2580464c2007b&srepoch=1785760293&all_sr_blocks=1443285701_415769676_15_0_0&highlighted_blocks=1443285701_415769676_15_0_0&matching_block_id=1443285701_415769676_15_0_0&sr_pri_blocks=1443285701_415769676_15_0_0__3000000&from=searchresults,30000,,,Murree,7.9,One-Bedroom Apartment,3 double beds,0,1,1,https://cf.bstatic.com/xdata/images/hotel/square240/701777264.webp?k=64b43da619f3dca5ba0f82ac22f273efa780cde5fd37b3fb69343df1c48677d0&o=,4,Murree
Cozy townhouse bhurban,https://www.booking.com/hotel/pk/cozy-townhouse-bhurban.en-gb.html?aid=304142&label=gen173nr-10CAQoggJCDWNpdHlfLTI3Njk4NTFICVgEaLUBiAEBmAEzuAEHyAEM2AED6AEB-AEBiAIBqAIBuAKIlMLTBsACAdICJDBiNzYyYjQ4LWNmZWQtNDliYy1hZDA0LWM3MmIxYmU5OWViNdgCAeACAQ&ucfs=1&arphpl=1&checkin=2026-08-06&checkout=2026-08-07&dest_id=-2769851&dest_type=city&group_adults=2&req_adults=2&no_rooms=1&group_children=0&req_children=0&hpos=4&hapos=203&sr_order=popularity&srpvid=17e2580464c2007b&srepoch=1785760293&all_sr_blocks=1616042701_432472057_10_0_0&highlighted_blocks=1616042701_432472057_10_0_0&matching_block_id=1616042701_432472057_10_0_0&sr_pri_blocks=1616042701_432472057_10_0_0__2800000&from=searchresults,28000,,,Murree,7.7,Villa,"4 beds (1 double, 1 sofa bed, 1 large double, 1 futon)",0,1,1,https://cf.bstatic.com/xdata/images/hotel/square240/850866383.webp?k=7618b7a6a431b1a89b7ee12fb0ca78ce102e7e12de6baf81169c229e53be8e3e&o=,4,Murree
diwan longues,https://www.booking.com/hotel/pk/diwan-longues.en-gb.html?aid=304142&label=gen173nr-10CAQoggJCDWNpdHlfLTI3Njk4NTFICVgEaLUBiAEBmAEzuAEHyAEM2AED6AEB-AEBiAIBqAIBuAKIlMLTBsACAdICJDBiNzYyYjQ4LWNmZWQtNDliYy1hZDA0LWM3MmIxYmU5OWViNdgCAeACAQ&ucfs=1&arphpl=1&checkin=2026-08-06&checkout=2026-08-07&dest_id=-2769851&dest_type=city&group_adults=2&req_adults=2&no_rooms=1&group_children=0&req_children=0&hpos=5&hapos=204&sr_order=popularity&srpvid=17e2580464c2007b&srepoch=1785760293&all_sr_blocks=1614828801_432362106_9_2_0&highlighted_blocks=1614828801_432362106_9_2_0&matching_block_id=1614828801_432362106_9_2_0&sr_pri_blocks=1614828801_432362106_9_2_0__3000000&from=searchresults,30000,,,Murree,1.1,Double Room,"6 beds (3 singles, 3 doubles)",0,1,1,https://cf.bstatic.com/xdata/images/hotel/square240/849862151.webp?k=0c53ad70c7c90548b304ab056d150cd2f568c9a11fc3d4c16ac470db19047234&o=,4,Murree
Pine Cottage,https://www.booking.com/hotel/pk/pine-cottage-murree.en-gb.html?aid=304142&label=gen173nr-10CAQoggJCDWNpdHlfLTI3Njk4NTFICVgEaLUBiAEBmAEzuAEHyAEM2AED6AEB-AEBiAIBqAIBuAKIlMLTBsACAdICJDBiNzYyYjQ4LWNmZWQtNDliYy1hZDA0LWM3MmIxYmU5OWViNdgCAeACAQ&ucfs=1&arphpl=1&checkin=2026-08-06&checkout=2026-08-07&dest_id=-2769851&dest_type=city&group_adults=2&req_adults=2&no_rooms=1&group_children=0&req_children=0&hpos=6&hapos=205&sr_order=popularity&srpvid=17e2580464c2007b&srepoch=1785760293&all_sr_blocks=1700203801_441664532_10_0_0&highlighted_blocks=1700203801_441664532_10_0_0&matching_block_id=1700203801_441664532_10_0_0&sr_pri_blocks=1700203801_441664532_10_0_0__2380000&from=searchresults,23800,,,Murree,150.0,One-Bedroom Apartment,"3 beds (2 doubles, 1 sofa bed)",0,1,1,https://cf.bstatic.com/xdata/images/hotel/square240/902587874.webp?k=e045c22bf84fcbfbbf543bcf52c885a0d4a221b5af5861cc4a2ff2f1f0a06cfe&o=,5,Murree
Naqvi House,https://www.booking.com/hotel/pk/naqvi-house.en-gb.html?aid=304142&label=gen173nr-10CAQoggJCDWNpdHlfLTI3Njk4NTFICVgEaLUBiAEBmAEzuAEHyAEM2AED6AEB-AEBiAIBqAIBuAKIlMLTBsACAdICJDBiNzYyYjQ4LWNmZWQtNDliYy1hZDA0LWM3MmIxYmU5OWViNdgCAeACAQ&ucfs=1&arphpl=1&checkin=2026-08-06&checkout=2026-08-07&dest_id=-2769851&dest_type=city&group_adults=2&req_adults=2&no_rooms=1&group_children=0&req_children=0&hpos=7&hapos=206&sr_order=popularity&srpvid=17e2580464c2007b&srepoch=1785760293&all_sr_blocks=1700136801_441661323_7_0_0&highlighted_blocks=1700136801_441661323_7_0_0&matching_block_id=1700136801_441661323_7_0_0&sr_pri_blocks=1700136801_441661323_7_0_0__5600000&from=searchresults,56000,,,Murree,6.7,Four-Bedroom House,2 large double beds,0,1,1,https://cf.bstatic.com/xdata/images/hotel/square240/902561505.webp?k=7c57e7b521ac1c1d25ae242caed266e1113ad4837ead0bc4a7828a5f7bc0267d&o=,5,Murree
CH guest house,https://www.booking.com/hotel/pk/ch-guest-house.en-gb.html?aid=304142&label=gen173nr-10CAQoggJCDWNpdHlfLTI3Njk4NTFICVgEaLUBiAEBmAEzuAEHyAEM2AED6AEB-AEBiAIBqAIBuAKIlMLTBsACAdICJDBiNzYyYjQ4LWNmZWQtNDliYy1hZDA0LWM3MmIxYmU5OWViNdgCAeACAQ&ucfs=1&arphpl=1&checkin=2026-08-06&checkout=2026-08-07&dest_id=-2769851&dest_type=city&group_adults=2&req_adults=2&no_rooms=1&group_children=0&req_children=0&hpos=8&hapos=207&sr_order=popularity&srpvid=17e2580464c2007b&srepoch=1785760293&all_sr_blocks=1692786001_440936547_2_0_0&highlighted_blocks=1692786001_440936547_2_0_0&matching_block_id=1692786001_440936547_2_0_0&sr_pri_blocks=1692786001_440936547_2_0_0__1600000&from=searchresults,16000,,,Murree,8.7,Three-Bedroom House,"3 beds (1 single, 1 double, 1 sofa bed)",0,1,1,https://cf.bstatic.com/xdata/images/hotel/square240/898023114.webp?k=cba2b2b501782520b2e7bbdd6538c3ae799a58633df117a19d00c41c16de959f&o=,5,Murree
BHURBAN Family COTTAGE,https://www.booking.com/hotel/pk/top-class-rooms.en-gb.html?aid=304142&label=gen173nr-10CAQoggJCDWNpdHlfLTI3Njk4NTFICVgEaLUBiAEBmAEzuAEHyAEM2AED6AEB-AEBiAIBqAIBuAKIlMLTBsACAdICJDBiNzYyYjQ4LWNmZWQtNDliYy1hZDA0LWM3MmIxYmU5OWViNdgCAeACAQ&ucfs=1&arphpl=1&checkin=2026-08-06&checkout=2026-08-07&dest_id=-2769851&dest_type=city&group_adults=2&req_adults=2&no_rooms=1&group_children=0&req_children=0&hpos=9&hapos=208&sr_order=popularity&srpvid=17e2580464c2007b&srepoch=1785760293&all_sr_blocks=1509303501_422689312_2_2_0&highlighted_blocks=1509303501_422689312_2_2_0&matching_block_id=1509303501_422689312_2_2_0&sr_pri_blocks=1509303501_422689312_2_2_0__559000&from=searchresults,5590,6.0,3.0,Murree,7.9,Deluxe Double Room,1 double bed,0,1,1,https://cf.bstatic.com/xdata/images/hotel/square240/896205273.webp?k=b8a88306e349ecf6b47039ad53b40c1085fa36d0839bda9f7193aa485275450f&o=,12,Murree
Daisy Cottage,https://www.booking.com/hotel/pk/daisy-cottage-murree1.en-gb.html?aid=304142&label=gen173nr-10CAQoggJCDWNpdHlfLTI3Njk4NTFICVgEaLUBiAEBmAEzuAEHyAEM2AED6AEB-AEBiAIBqAIBuAKIlMLTBsACAdICJDBiNzYyYjQ4LWNmZWQtNDliYy1hZDA0LWM3MmIxYmU5OWViNdgCAeACAQ&ucfs=1&arphpl=1&checkin=2026-08-06&checkout=2026-08-07&dest_id=-2769851&dest_type=city&group_adults=2&req_adults=2&no_rooms=1&group_children=0&req_children=0&hpos=10&hapos=209&sr_order=popularity&srpvid=17e2580464c2007b&srepoch=1785760293&all_sr_blocks=1674982201_439255262_1_0_0%2C1674982201_439255262_1_0_0&highlighted_blocks=1674982201_439255262_1_0_0%2C1674982201_439255262_1_0_0&matching_block_id=1674982201_439255262_1_0_0&sr_pri_blocks=1674982201_439255262_1_0_0__1190000%2C1674982201_439255262_1_0_0__1190000&from=searchresults,23800,,,Murree,5.6,One-Bedroom Apartment,2 single beds,0,1,1,https://cf.bstatic.com/xdata/images/hotel/square240/888082540.webp?k=eaefeb33ed59f2e139638e832eea507143f2c3ab84c43a94fd6d5c13f4e10528&o=,6,Murree
Daisy Cottage,https://www.booking.com/hotel/pk/daisy-cottage-murree.en-gb.html?aid=304142&label=gen173nr-10CAQoggJCDWNpdHlfLTI3Njk4NTFICVgEaLUBiAEBmAEzuAEHyAEM2AED6AEB-AEBiAIBqAIBuAKIlMLTBsACAdICJDBiNzYyYjQ4LWNmZWQtNDliYy1hZDA0LWM3MmIxYmU5OWViNdgCAeACAQ&ucfs=1&arphpl=1&checkin=2026-08-06&checkout=2026-08-07&dest_id=-2769851&dest_type=city&group_adults=2&req_adults=2&no_rooms=1&group_children=0&req_children=0&hpos=11&hapos=210&sr_order=popularity&srpvid=17e2580464c2007b&srepoch=1785760293&all_sr_blocks=1674585901_439219959_1_0_0%2C1674585901_439219959_1_0_0&highlighted_blocks=1674585901_439219959_1_0_0%2C1674585901_439219959_1_0_0&matching_block_id=1674585901_439219959_1_0_0&sr_pri_blocks=1674585901_439219959_1_0_0__1360000%2C1674585901_439219959_1_0_0__1360000&from=searchresults,27200,,,Murree,5.7,Family Room,2 single beds,0,1,1,https://cf.bstatic.com/xdata/images/hotel/square240/887885233.webp?k=030ae733336c35e451adfb787abf2510825e7d2e5a68d563b0e84f241a22c375&o=,5,Murree
Park Ridge Hotel Serviced Apartments - Two Bedroom Apartment,https://www.booking.com/hotel/pk/park-ridge-serviced-apartments.en-gb.html?aid=304142&label=gen173nr-10CAQoggJCDWNpdHlfLTI3Njk4NTFICVgEaLUBiAEBmAEzuAEHyAEM2AED6AEB-AEBiAIBqAIBuAKIlMLTBsACAdICJDBiNzYyYjQ4LWNmZWQtNDliYy1hZDA0LWM3MmIxYmU5OWViNdgCAeACAQ&ucfs=1&arphpl=1&checkin=2026-08-06&checkout=2026-08-07&dest_id=-2769851&dest_type=city&group_adults=2&req_adults=2&no_rooms=1&group_children=0&req_children=0&hpos=12&hapos=211&sr_order=popularity&srpvid=17e2580464c2007b&srepoch=1785760293&all_sr_blocks=1671772506_438940032_1_1_0%2C1671772506_438940032_1_1_0&highlighted_blocks=1671772506_438940032_1_1_0%2C1671772506_438940032_1_1_0&matching_block_id=1671772506_438940032_1_1_0&sr_pri_blocks=1671772506_438940032_1_1_0__3600000%2C1671772506_438940032_1_1_0__3600000&from=searchresults,72000,,,Murree,4.9,One-Bedroom Apartment,"4 beds (2 extra-large doubles, 2 sofa beds)",0,1,1,https://cf.bstatic.com/xdata/images/hotel/square240/896481978.webp?k=85c6060b651ca5df493165fe158ad5c723fb010e2917bb0d89c2ad34a67eaf00&o=,5,Murree
Kashmir Paradise Hotel Murree,https://www.booking.com/hotel/pk/kashmir-paradise-murree.en-gb.html?aid=304142&label=gen173nr-10CAQoggJCDWNpdHlfLTI3Njk4NTFICVgEaLUBiAEBmAEzuAEHyAEM2AED6AEB-AEBiAIBqAIBuAKIlMLTBsACAdICJDBiNzYyYjQ4LWNmZWQtNDliYy1hZDA0LWM3MmIxYmU5OWViNdgCAeACAQ&ucfs=1&arphpl=1&checkin=2026-08-06&checkout=2026-08-07&dest_id=-2769851&dest_type=city&group_adults=2&req_adults=2&no_rooms=1&group_children=0&req_children=0&hpos=13&hapos=212&sr_order=popularity&srpvid=17e2580464c2007b&srepoch=1785760293&all_sr_blocks=1584090001_429527446_1_1_0%2C1584090001_429527446_1_1_0&highlighted_blocks=1584090001_429527446_1_1_0%2C1584090001_429527446_1_1_0&matching_block_id=1584090001_429527446_1_1_0&sr_pri_blocks=1584090001_429527446_1_1_0__630000%2C1584090001_429527446_1_1_0__630000&from=searchresults,12600,,,Murree,450.0,Quadruple Room with Mountain View,"6 beds (4 singles, 2 doubles)",0,1,1,https://cf.bstatic.com/xdata/images/hotel/square240/825878236.webp?k=1a54c908cae8d9efc74acc9441ae246f49d369d3e63c514a4826d74358ae0797&o=,10,Murree
