property_name,property_url,Price_pkr,review_score,review_count,address,distance_from_center_km,property_type,bed_type,breakfast_included,free_cancellation,reserve_without_payment,image,stars,city
Citymax Hotel,https://www.booking.com/hotel/pk/citymax-islamabad.en-gb.html?aid=304142&label=gen173nr-10CAQoggJCDWNpdHlfLTI3NzI1ODVICVgEaLUBiAEBmAEzuAEHyAEM2AED6AEB-AEBiAIBqAIBuAKujsLTBsACAdICJDM4ZDNiYzA1LTEwOWUtNDU1NS04YmFhLTE1MzQ4MGIxZTY3OdgCAeACAQ&ucfs=1&arphpl=1&checkin=2026-08-06&checkout=2026-08-07&dest_id=-2772585&dest_type=city&group_adults=2&req_adults=2&no_rooms=1&group_children=0&req_children=0&hpos=1&hapos=1&sr_order=popularity&srpvid=a6ce56975cc70174&srepoch=1785759601&all_sr_blocks=1387001907_410707083_3_0_0&highlighted_blocks=1387001907_410707083_3_0_0&matching_block_id=1387001907_410707083_3_0_0&sr_pri_blocks=1387001907_410707083_3_0_0__600000&from=searchresults,6000,5.7,61.0,Rawalpindi,7.0,Superior Triple Room,Multiple bed types,0,1,1,https://cf.bstatic.com/xdata/images/hotel/square240/838685300.webp?k=9d0e19f67e9402338c8c23eb11dc791c183b626bec7f655843bcd6894ae9baa2&o=,10,Rawalpindi
"Pearl Continental Hotel, Rawalpindi",https://www.booking.com/hotel/pk/pearl-continental.en-gb.html?aid=304142&label=gen173nr-10CAQoggJCDWNpdHlfLTI3NzI1ODVICVgEaLUBiAEBmAEzuAEHyAEM2AED6AEB-AEBiAIBqAIBuAKujsLTBsACAdICJDM4ZDNiYzA1LTEwOWUtNDU1NS04YmFhLTE1MzQ4MGIxZTY3OdgCAeACAQ&ucfs=1&arphpl=1&checkin=2026-08-06&checkout=2026-08-07&dest_id=-2772585&dest_type=city&group_adults=2&req_adults=2&no_rooms=1&group_children=0&req_children=0&hpos=2&hapos=2&sr_order=popularity&srpvid=a6ce56975cc70174&srepoch=1785759601&all_sr_blocks=0_0_2_1_0&highlighted_blocks=0_0_2_1_0&matching_block_id=0_0_2_1_0&sr_pri_blocks=0_0_2_1_0__2665423&from=searchresults,26654,8.1,939.0,Rawalpindi,1.6,Standard Room Smoking,2 single beds,1,0,0,https://cf.bstatic.com/xdata/images/hotel/square240/607039815.webp?k=555d5138a4b649bd39ed8afe3d3898d9930b0ef6275b027bd6cac74180360f0d&o=,13,Rawalpindi
Al Sakhawat Hotel,https://www.booking.com/hotel/pk/al-sakhawat-islamabad.en-gb.html?aid=304142&label=gen173nr-10CAQoggJCDWNpdHlfLTI3NzI1ODVICVgEaLUBiAEBmAEzuAEHyAEM2AED6AEB-AEBiAIBqAIBuAKujsLTBsACAdICJDM4ZDNiYzA1LTEwOWUtNDU1NS04YmFhLTE1MzQ4MGIxZTY3OdgCAeACAQ&ucfs=1&arphpl=1&checkin=2026-08-06&checkout=2026-08-07&dest_id=-2772585&dest_type=city&group_adults=2&req_adults=2&no_rooms=1&group_children=0&req_children=0&hpos=3&hapos=3&sr_order=popularity&srpvid=a6ce56975cc70174&srepoch=1785759601&all_sr_blocks=1315202403_404347309_2_0_0&highlighted_blocks=1315202403_404347309_2_0_0&matching_block_id=1315202403_404347309_2_0_0&sr_pri_blocks=1315202403_404347309_2_0_0__200000&from=searchresults,2000,2.9,13.0,Rawalpindi,7.0,Family Room,"2 beds (1 single, 1 double)",0,0,1,https://cf.bstatic.com/xdata/images/hotel/square240/618453469.webp?k=b08f08ad8ab3b5b0a0d73005db66764f5aec4e99fb84690b56a266729ae079a6&o=,5,Rawalpindi
Hotel One Vogue Mall 35 Rawalpindi,https://www.booking.com/hotel/pk/mall-35-one-vouge.en-gb.html?aid=304142&label=gen173nr-10CAQoggJCDWNpdHlfLTI3NzI1ODVICVgEaLUBiAEBmAEzuAEHyAEM2AED6AEB-AEBiAIBqAIBuAKujsLTBsACAdICJDM4ZDNiYzA1LTEwOWUtNDU1NS04YmFhLTE1MzQ4MGIxZTY3OdgCAeACAQ&ucfs=1&arphpl=1&checkin=2026-08-06&checkout=2026-08-07&dest_id=-2772585&dest_type=city&group_adults=2&req_adults=2&no_rooms=1&group_children=0&req_children=0&hpos=4&hapos=4&sr_order=popularity&srpvid=a6ce56975cc70174&srepoch=1785759601&all_sr_blocks=1352399101_407568434_2_1_0&highlighted_blocks=1352399101_407568434_2_1_0&matching_block_id=1352399101_407568434_2_1_0&sr_pri_blocks=1352399101_407568434_2_1_0__1550000&from=searchresults,15500,7.7,241.0,Rawalpindi,1.9,Deluxe King Room,1 double bed,1,0,0,https://cf.bstatic.com/xdata/images/hotel/square240/642817806.webp?k=d06f65d9ef191cc5f79d7bf86750d2e86fad09f2997aedbc7c4849cfa5e7c5e9&o=,10,Rawalpindi
Noir One Apartment With 2 Ac,https://www.booking.com/hotel/pk/noir-one-apartment-with-2-ac.en-gb.html?aid=304142&label=gen173nr-10CAQoggJCDWNpdHlfLTI3NzI1ODVICVgEaLUBiAEBmAEzuAEHyAEM2AED6AEB-AEBiAIBqAIBuAKujsLTBsACAdICJDM4ZDNiYzA1LTEwOWUtNDU1NS04YmFhLTE1MzQ4MGIxZTY3OdgCAeACAQ&ucfs=1&arphpl=1&checkin=2026-08-06&checkout=2026-08-07&dest_id=-2772585&dest_type=city&group_adults=2&req_adults=2&no_rooms=1&group_children=0&req_children=0&hpos=5&hapos=5&sr_order=popularity&srpvid=a6ce56975cc70174&srepoch=1785759601&all_sr_blocks=1698768601_441533879_3_0_0&highlighted_blocks=1698768601_441533879_3_0_0&matching_block_id=1698768601_441533879_3_0_0&sr_pri_blocks=1698768601_441533879_3_0_0__816000&from=searchresults,8160,,,Rawalpindi,6.0,One-Bedroom Apartment,"2 beds (1 double, 1 sofa bed)",0,1,1,https://cf.bstatic.com/xdata/images/hotel/square240/901720943.webp?k=a2213ba91d1afba6f1fdaca67b564c5a1f58dbff44dcaad0265218574c836b4a&o=,5,Rawalpindi
Pine Apartments Civic center bahria town Islamabad,https://www.booking.com/hotel/pk/pine-apartments-bahria-town-islamabad.en-gb.html?aid=304142&label=gen173nr-10CAQoggJCDWNpdHlfLTI3NzI1ODVICVgEaLUBiAEBmAEzuAEHyAEM2AED6AEB-AEBiAIBqAIBuAKujsLTBsACAdICJDM4ZDNiYzA1LTEwOWUtNDU1NS04YmFhLTE1MzQ4MGIxZTY3OdgCAeACAQ&ucfs=1&arphpl=1&checkin=2026-08-06&checkout=2026-08-07&dest_id=-2772585&dest_type=city&group_adults=2&req_adults=2&no_rooms=1&group_children=0&req_children=0&hpos=6&hapos=6&sr_order=popularity&srpvid=a6ce56975cc70174&srepoch=1785759601&all_sr_blocks=881603501_360746008_4_0_0&highlighted_blocks=881603501_360746008_4_0_0&matching_block_id=881603501_360746008_4_0_0&sr_pri_blocks=881603501_360746008_4_0_0__667500&from=searchresults,6675,7.8,417.0,Rawalpindi,7.5,One-Bedroom Apartment,"3 beds (2 sofa beds, 1 large double)",0,1,1,https://cf.bstatic.com/xdata/images/hotel/square240/471501408.webp?k=1410324b3950471d8c291e4bb7104a3410eb8af4450f684cd240bfbd171adebd&o=,14,Rawalpindi
Safari Club 4,https://www.booking.com/hotel/pk/safari-club.en-gb.html?aid=304142&label=gen173nr-10CAQoggJCDWNpdHlfLTI3NzI1ODVICVgEaLUBiAEBmAEzuAEHyAEM2AED6AEB-AEBiAIBqAIBuAKujsLTBsACAdICJDM4ZDNiYzA1LTEwOWUtNDU1NS04YmFhLTE1MzQ4MGIxZTY3OdgCAeACAQ&ucfs=1&arphpl=1&checkin=2026-08-06&checkout=2026-08-07&dest_id=-2772585&dest_type=city&group_adults=2&req_adults=2&no_rooms=1&group_children=0&req_children=0&hpos=7&hapos=7&sr_order=popularity&srpvid=a6ce56975cc70174&srepoch=1785759601&all_sr_blocks=333216604_366587948_2_2_0&highlighted_blocks=333216604_366587948_2_2_0&matching_block_id=333216604_366587948_2_2_0&sr_pri_blocks=333216604_366587948_2_2_0__950000&from=searchresults,9500,7.8,490.0,Rawalpindi,6.9,Standard Suite,1 double bed,0,1,1,https://cf.bstatic.com/xdata/images/hotel/square240/154116892.webp?k=68958a70d2b951997ff461e47a5a93b28898c0bbaae0658c41f60cb919b293b2&o=,15,Rawalpindi
"Avari Xpress, Islamabad",https://www.booking.com/hotel/pk/avari-xpress-residences-islamabad-expressway.en-gb.html?aid=304142&label=gen173nr-10CAQoggJCDWNpdHlfLTI3NzI1ODVICVgEaLUBiAEBmAEzuAEHyAEM2AED6AEB-AEBiAIBqAIBuAKujsLTBsACAdICJDM4ZDNiYzA1LTEwOWUtNDU1NS04YmFhLTE1MzQ4MGIxZTY3OdgCAeACAQ&ucfs=1&arphpl=1&checkin=2026-08-06&checkout=2026-08-07&dest_id=-2772585&dest_type=city&group_adults=2&req_adults=2&no_rooms=1&group_children=0&req_children=0&hpos=8&hapos=8&sr_order=popularity&srpvid=a6ce56975cc70174&srepoch=1785759601&all_sr_blocks=584020301_228137210_2_1_0&highlighted_blocks=584020301_228137210_2_1_0&matching_block_id=584020301_228137210_2_1_0&sr_pri_blocks=584020301_228137210_2_1_0__7320&from=searchresults,20341,8.2,218.0,Rawalpindi,7.0,Superior Queen Room,1 large double bed,1,0,0,https://cf.bstatic.com/xdata/images/hotel/square240/851479858.webp?k=2f3ad0648d26032f7837889a403ed83500db4a1301f071ff7bc95d44e90189ef&o=,12,Rawalpindi
Centaurus Tower,https://www.booking.com/hotel/pk/centaurus-tower-islammabad.en-gb.html?aid=304142&label=gen173nr-10CAQoggJCDWNpdHlfLTI3NzI1ODVICVgEaLUBiAEBmAEzuAEHyAEM2AED6AEB-AEBiAIBqAIBuAKujsLTBsACAdICJDM4ZDNiYzA1LTEwOWUtNDU1NS04YmFhLTE1MzQ4MGIxZTY3OdgCAeACAQ&ucfs=1&arphpl=1&checkin=2026-08-06&checkout=2026-08-07&dest_id=-2772585&dest_type=city&group_adults=2&req_adults=2&no_rooms=1&group_children=0&req_children=0&hpos=9&hapos=9&sr_order=popularity&srpvid=a6ce56975cc70174&srepoch=1785759601&all_sr_blocks=1374491401_409604072_2_0_0&highlighted_blocks=1374491401_409604072_2_0_0&matching_block_id=1374491401_409604072_2_0_0&sr_pri_blocks=1374491401_409604072_2_0_0__4200000&from=searchresults,42000,,,Rawalpindi,7.7,Apartment,"2 beds (1 extra-large double, 1 sofa bed)",0,1,1,https://cf.bstatic.com/xdata/images/hotel/square240/656385489.webp?k=556aa3a3713817e8f1d039ad5b76bef3bafd27f48bec8c9642e5e943fc051243&o=,4,Rawalpindi
The Holton Stays by Bayti,https://www.booking.com/hotel/pk/the-holton-by-bayti.en-gb.html?aid=304142&label=gen173nr-10CAQoggJCDWNpdHlfLTI3NzI1ODVICVgEaLUBiAEBmAEzuAEHyAEM2AED6AEB-AEBiAIBqAIBuAKujsLTBsACAdICJDM4ZDNiYzA1LTEwOWUtNDU1NS04YmFhLTE1MzQ4MGIxZTY3OdgCAeACAQ&ucfs=1&arphpl=1&checkin=2026-08-06&checkout=2026-08-07&dest_id=-2772585&dest_type=city&group_adults=2&req_adults=2&no_rooms=1&group_children=0&req_children=0&hpos=10&hapos=10&sr_order=popularity&srpvid=a6ce56975cc70174&srepoch=1785759601&all_sr_blocks=1515905204_423308635_2_42_0&highlighted_blocks=1515905204_423308635_2_42_0&matching_block_id=1515905204_423308635_2_42_0&sr_pri_blocks=1515905204_423308635_2_42_0__3400&from=searchresults,9448,8.9,182.0,Rawalpindi,7.5,Deluxe King Studio,1 extra-large double bed,0,1,1,https://cf.bstatic.com/xdata/images/hotel/square240/782341659.webp?k=2b0492e3b795056ae2a0c411c018608ea8e45283be2ecc6b7544c36bd6ea4708&o=,16,Rawalpindi
The New Elegant Hotel,https://www.booking.com/hotel/pk/the-new-elegant.en-gb.html?aid=304142&label=gen173nr-10CAQoggJCDWNpdHlfLTI3NzI1ODVICVgEaLUBiAEBmAEzuAEHyAEM2AED6AEB-AEBiAIBqAIBuAKujsLTBsACAdICJDM4ZDNiYzA1LTEwOWUtNDU1NS04YmFhLTE1MzQ4MGIxZTY3OdgCAeACAQ&ucfs=1&arphpl=1&checkin=2026-08-06&checkout=2026-08-07&dest_id=-2772585&dest_type=city&group_adults=2&req_adults=2&no_rooms=1&group_children=0&req_children=0&hpos=11&hapos=11&sr_order=popularity&srpvid=a6ce56975cc70174&srepoch=1785759601&all_sr_blocks=1698671601_441524398_2_2_0&highlighted_blocks=1698671601_441524398_2_2_0&matching_block_id=1698671601_441524398_2_2_0&sr_pri_blocks=1698671601_441524398_2_2_0__637500&from=searchresults,6375,,,Rawalpindi,5.6,Deluxe Room,1 double bed,0,1,1,https://cf.bstatic.com/xdata/images/hotel/square240/901672355.webp?k=e3b1744513377b3552691bff219c8110c07893e72f571ba181f50a46f864ee34&o=,4,Rawalpindi
Airport Gateway Guesthouse,https://www.booking.com/hotel/pk/airport-gateway-guesthouse.en-gb.html?aid=304142&label=gen173nr-10CAQoggJCDWNpdHlfLTI3NzI1ODVICVgEaLUBiAEBmAEzuAEHyAEM2AED6AEB-AEBiAIBqAIBuAKujsLTBsACAdICJDM4ZDNiYzA1LTEwOWUtNDU1NS04YmFhLTE1MzQ4MGIxZTY3OdgCAeACAQ&ucfs=1&arphpl=1&checkin=2026-08-06&checkout=2026-08-07&dest_id=-2772585&dest_type=city&group_adults=2&req_adults=2&no_rooms=1&group_children=0&req_children=0&hpos=12&hapos=12&sr_order=popularity&srpvid=a6ce56975cc70174&srepoch=1785759601&all_sr_blocks=1524935702_424130638_0_42_0&highlighted_blocks=1524935702_424130638_0_42_0&matching_block_id=1524935702_424130638_0_42_0&sr_pri_blocks=1524935702_424130638_0_42_0__549900&from=searchresults,5499,8.9,73.0,Rawalpindi,20.0,Standard Twin Room,2 single beds,0,1,1,https://cf.bstatic.com/xdata/images/hotel/square240/862547655.webp?k=dc7e545818d99bb2c078c2c30ebbd31851e69221391c69f7755b41a72039b575&o=,10,Rawalpindi
1 BHK Paradise Apartment in Bahria Town,https://www.booking.com/hotel/pk/little-paradise-stay-with-city-view-in-bahria-town-rawalpindi.en-gb.html?aid=304142&label=gen173nr-10CAQoggJCDWNpdHlfLTI3NzI1ODVICVgEaLUBiAEBmAEzuAEHyAEM2AED6AEB-AEBiAIBqAIBuAKujsLTBsACAdICJDM4ZDNiYzA1LTEwOWUtNDU1NS04YmFhLTE1MzQ4MGIxZTY3OdgCAeACAQ&ucfs=1&arphpl=1&checkin=2026-08-06&checkout=2026-08-07&dest_id=-2772585&dest_type=city&group_adults=2&req_adults=2&no_rooms=1&group_children=0&req_children=0&hpos=13&hapos=13&sr_order=popularity&srpvid=a6ce56975cc70174&srepoch=1785759601&all_sr_blocks=1618298801_432671822_2_0_0&highlighted_blocks=1618298801_432671822_2_0_0&matching_block_id=1618298801_432671822_2_0_0&sr_pri_blocks=1618298801_432671822_2_0_0__952000&from=searchresults,9520,10,6.0,Rawalpindi,6.0,One-Bedroom Apartment,"2 beds (1 double, 1 sofa bed)",0,1,1,https://cf.bstatic.com/xdata/images/hotel/square240/891288108.webp?k=053ef85527dd52ae8d7db3fc589476737517634733502723c859b9febd9d0a2c&o=,5,Rawalpindi
Firefly Retreat-your home away from home,https://www.booking.com/hotel/pk/house-in-isamabad.en-gb.html?aid=304142&label=gen173nr-10CAQoggJCDWNpdHlfLTI3NzI1ODVICVgEaLUBiAEBmAEzuAEHyAEM2AED6AEB-AEBiAIBqAIBuAKujsLTBsACAdICJDM4ZDNiYzA1LTEwOWUtNDU1NS04YmFhLTE1MzQ4MGIxZTY3OdgCAeACAQ&ucfs=1&arphpl=1&checkin=2026-08-06&checkout=2026-08-07&dest_id=-2772585&dest_type=city&group_adults=2&req_adults=2&no_rooms=1&group_children=0&req_children=0&hpos=14&hapos=14&sr_order=popularity&srpvid=a6ce56975cc70174&srepoch=1785759601&all_sr_blocks=1149127705_387737255_0_2_0&highlighted_blocks=1149127705_387737255_0_2_0&matching_block_id=1149127705_387737255_0_2_0&sr_pri_blocks=1149127705_387737255_0_2_0__810000&from=searchresults,8100,8.4,94.0,Rawalpindi,13.7,Deluxe Suite,1 extra-large double bed,0,0,0,https://cf.bstatic.com/xdata/images/hotel/square240/531111130.webp?k=767975cf5f2387c02774a75d5169007d6a61f0e5a717e8c56cd49c4fbc9f0487&o=,11,Rawalpindi
Baoo Jee Hotel Islamabad,https://www.booking.com/hotel/pk/serene-lounge-islamabad-islamabad3.en-gb.html?aid=304142&label=gen173nr-10CAQoggJCDWNpdHlfLTI3NzI1ODVICVgEaLUBiAEBmAEzuAEHyAEM2AED6AEB-AEBiAIBqAIBuAKujsLTBsACAdICJDM4ZDNiYzA1LTEwOWUtNDU1NS04YmFhLTE1MzQ4MGIxZTY3OdgCAeACAQ&ucfs=1&arphpl=1&checkin=2026-08-06&checkout=2026-08-07&dest_id=-2772585&dest_type=city&group_adults=2&req_adults=2&no_rooms=1&group_children=0&req_children=0&hpos=15&hapos=15&sr_order=popularity&srpvid=a6ce56975cc70174&srepoch=1785759601&all_sr_blocks=1515110202_423226098_0_2_0&highlighted_blocks=1515110202_423226098_0_2_0&matching_block_id=1515110202_423226098_0_2_0&sr_pri_blocks=1515110202_423226098_0_2_0__442728&from=searchresults,4427,7.4,38.0,Rawalpindi,8.3,Deluxe Double Room (2 Adults + 1 Child),1 double bed,0,0,0,https://cf.bstatic.com/xdata/images/hotel/square240/902513386.webp?k=819a93e0e08bad44309a17da52a3cd3a2d8cf188d0aba7eaf0295b1c3ffe3659&o=,9,Rawalpindi
Space Express,https://www.booking.com/hotel/pk/space-express-rawalpindi.en-gb.html?aid=304142&label=gen173nr-10CAQoggJCDWNpdHlfLTI3NzI1ODVICVgEaLUBiAEBmAEzuAEHyAEM2AED6AEB-AEBiAIBqAIBuAKujsLTBsACAdICJDM4ZDNiYzA1LTEwOWUtNDU1NS04YmFhLTE1MzQ4MGIxZTY3OdgCAeACAQ&ucfs=1&arphpl=1&checkin=2026-08-06&checkout=2026-08-07&dest_id=-2772585&dest_type=city&group_adults=2&req_adults=2&no_rooms=1&group_children=0&req_children=0&hpos=16&hapos=16&sr_order=popularity&srpvid=a6ce56975cc70174&srepoch=1785759601&all_sr_blocks=767220201_361398929_2_41_0&highlighted_blocks=767220201_361398929_2_41_0&matching_block_id=767220201_361398929_2_41_0&sr_pri_blocks=767220201_361398929_2_41_0__1000000&from=searchresults,10000,7.6,216.0,Rawalpindi,8.8,One-Bedroom Suite,1 double bed,1,1,1,https://cf.bstatic.com/xdata/images/hotel/square240/326030093.webp?k=ada5ddd0a24e0bb427bda22e94e63c6558357121dafbc84f3997823b1e87194f&o=,12,Rawalpindi
Evergreen Lodge - Unmarried couples not allowed,https://www.booking.com/hotel/pk/evergreen-lodge.en-gb.html?aid=304142&label=gen173nr-10CAQoggJCDWNpdHlfLTI3NzI1ODVICVgEaLUBiAEBmAEzuAEHyAEM2AED6AEB-AEBiAIBqAIBuAKujsLTBsACAdICJDM4ZDNiYzA1LTEwOWUtNDU1NS04YmFhLTE1MzQ4MGIxZTY3OdgCAeACAQ&ucfs=1&arphpl=1&checkin=2026-08-06&checkout=2026-08-07&dest_id=-2772585&dest_type=city&group_adults=2&req_adults=2&no_rooms=1&group_children=0&req_children=0&hpos=17&hapos=17&sr_order=popularity&srpvid=a6ce56975cc70174&srepoch=1785759601&all_sr_blocks=581047207_340934765_2_0_0&highlighted_blocks=581047207_340934765_2_0_0&matching_block_id=581047207_340934765_2_0_0&sr_pri_blocks=581047207_340934765_2_0_0__210000&from=searchresults,2100,6.7,61.0,Rawalpindi,7.2,Budget Double Room,1 double bed,0,0,0,https://cf.bstatic.com/xdata/images/hotel/square240/556463223.webp?k=24ebbcd4b5e9abf0b300e13616e620749a6246210ac056c960254febc46faf47&o=,2,Rawalpindi
Luxury and Elegant Black Themed Apartment Bahria Town,https://www.booking.com/hotel/pk/luxury-and-elegant-black-themed-apartment-bahria-town.en-gb.html?aid=304142&label=gen173nr-10CAQoggJCDWNpdHlfLTI3NzI1ODVICVgEaLUBiAEBmAEzuAEHyAEM2AED6AEB-AEBiAIBqAIBuAKujsLTBsACAdICJDM4ZDNiYzA1LTEwOWUtNDU1NS04YmFhLTE1MzQ4MGIxZTY3OdgCAeACAQ&ucfs=1&arphpl=1&checkin=2026-08-06&checkout=2026-08-07&dest_id=-2772585&dest_type=city&group_adults=2&req_adults=2&no_rooms=1&group_children=0&req_children=0&hpos=18&hapos=18&sr_order=popularity&srpvid=a6ce56975cc70174&srepoch=1785759601&all_sr_blocks=1612979501_432193900_0_0_0&highlighted_blocks=1612979501_432193900_0_0_0&matching_block_id=1612979501_432193900_0_0_0&sr_pri_blocks=1612979501_432193900_0_0_0__620000&from=searchresults,6200,10,2.0,Rawalpindi,9.6,One-Bedroom Apartment,"2 beds (1 double, 1 sofa bed)",0,1,1,https://cf.bstatic.com/xdata/images/hotel/square240/848516815.webp?k=4966760bb9cb250c48a2f1418353543dd5863c03320d97053d097cb777391471&o=,4,Rawalpindi
Northern Suites Bahria town,https://www.booking.com/hotel/pk/northern-suites-bahria-town.en-gb.html?aid=304142&label=gen173nr-10CAQoggJCDWNpdHlfLTI3NzI1ODVICVgEaLUBiAEBmAEzuAEHyAEM2AED6AEB-AEBiAIBqAIBuAKujsLTBsACAdICJDM4ZDNiYzA1LTEwOWUtNDU1NS04YmFhLTE1MzQ4MGIxZTY3OdgCAeACAQ&ucfs=1&arphpl=1&checkin=2026-08-06&checkout=2026-08-07&dest_id=-2772585&dest_type=city&group_adults=2&req_adults=2&no_rooms=1&group_children=0&req_children=0&hpos=19&hapos=19&sr_order=popularity&srpvid=a6ce56975cc70174&srepoch=1785759601&all_sr_blocks=1001694002_375589761_4_0_0&highlighted_blocks=1001694002_375589761_4_0_0&matching_block_id=1001694002_375589761_4_0_0&sr_pri_blocks=1001694002_375589761_4_0_0__667500&from=searchresults,6675,8.1,431.0,Rawalpindi,7.7,Apartment with Balcony,"3 beds (2 sofa beds, 1 large double)",0,1,1,https://cf.bstatic.com/xdata/images/hotel/square240/845790271.webp?k=d261106af37dccbb757b78b495dd432a4a29f4f759c1ecf44d038afdc6a70662&o=,14,Rawalpindi
Bahria Guest House,https://www.booking.com/hotel/pk/bahria-guest-house-rawalpindi1.en-gb.html?aid=304142&label=gen173nr-10CAQoggJCDWNpdHlfLTI3NzI1ODVICVgEaLUBiAEBmAEzuAEHyAEM2AED6AEB-AEBiAIBqAIBuAKujsLTBsACAdICJDM4ZDNiYzA1LTEwOWUtNDU1NS04YmFhLTE1MzQ4MGIxZTY3OdgCAeACAQ&ucfs=1&arphpl=1&checkin=2026-08-06&checkout=2026-08-07&dest_id=-2772585&dest_type=city&group_adults=2&req_adults=2&no_rooms=1&group_children=0&req_children=0&hpos=20&hapos=20&sr_order=popularity&srpvid=a6ce56975cc70174&srepoch=1785759601&all_sr_blocks=1694841803_441147142_2_0_0&highlighted_blocks=1694841803_441147142_2_0_0&matching_block_id=1694841803_441147142_2_0_0&sr_pri_blocks=1694841803_441147142_2_0_0__350000&from=searchresults,3500,10,3.0,Rawalpindi,13.4,Superior King Room,1 extra-large double bed,0,1,1,https://cf.bstatic.com/xdata/images/hotel/square240/900784428.webp?k=2ef6047f48073451cce123dec299fb107f48e3b9fd4bb70ddd70bf7e2e66c95f&o=,12,Rawalpindi
"Best Western Bahria Phase 4, Islamabad",https://www.booking.com/hotel/pk/best-western-rawalpindi-central.en-gb.html?aid=304142&label=gen173nr-10CAQoggJCDWNpdHlfLTI3NzI1ODVICVgEaLUBiAEBmAEzuAEHyAEM2AED6AEB-AEBiAIBqAIBuAKujsLTBsACAdICJDM4ZDNiYzA1LTEwOWUtNDU1NS04YmFhLTE1MzQ4MGIxZTY3OdgCAeACAQ&ucfs=1&arphpl=1&checkin=2026-08-06&checkout=2026-08-07&dest_id=-2772585&dest_type=city&group_adults=2&req_adults=2&no_rooms=1&group_children=0&req_children=0&hpos=21&hapos=21&sr_order=popularity&srpvid=a6ce56975cc70174&srepoch=1785759601&all_sr_blocks=1352419008_407581657_2_41_0&highlighted_blocks=1352419008_407581657_2_41_0&matching_block_id=1352419008_407581657_2_41_0&sr_pri_blocks=1352419008_407581657_2_41_0__1889100&from=searchresults,18891,8.8,120.0,Rawalpindi,8.2,Standard King Room - Non-Smoking,1 extra-large double bed,1,0,0,https://cf.bstatic.com/xdata/images/hotel/square240/645118690.webp?k=8f42642969a11ee8855c09d9a6bc60ad01f1c7d8c818d8bf1186892186b868ce&o=,10,Rawalpindi
HOTEL DE GRAND,https://www.booking.com/hotel/pk/de-grand-rawalpindi2.en-gb.html?aid=304142&label=gen173nr-10CAQoggJCDWNpdHlfLTI3NzI1ODVICVgEaLUBiAEBmAEzuAEHyAEM2AED6AEB-AEBiAIBqAIBuAKujsLTBsACAdICJDM4ZDNiYzA1LTEwOWUtNDU1NS04YmFhLTE1MzQ4MGIxZTY3OdgCAeACAQ&ucfs=1&arphpl=1&checkin=2026-08-06&checkout=2026-08-07&dest_id=-2772585&dest_type=city&group_adults=2&req_adults=2&no_rooms=1&group_children=0&req_children=0&hpos=22&hapos=22&sr_order=popularity&srpvid=a6ce56975cc70174&srepoch=1785759601&all_sr_blocks=857348805_353415256_2_2_0&highlighted_blocks=857348805_353415256_2_2_0&matching_block_id=857348805_353415256_2_2_0&sr_pri_blocks=857348805_353415256_2_2_0__400000&from=searchresults,4000,6.1,146.0,Rawalpindi,1.4,Deluxe Double Room (2 Adults + 1 Child),2 single beds,0,1,1,https://cf.bstatic.com/xdata/images/hotel/square240/363010136.webp?k=0a7b4c236aba0732e3b2f82a9dd387f4ca17d39d94c2e6356fbc3f931f028cfc&o=,8,Rawalpindi
The Shalimar Grand Rawalpindi,https://www.booking.com/hotel/pk/the-shalimar-grand-rawalpindi.en-gb.html?aid=304142&label=gen173nr-10CAQoggJCDWNpdHlfLTI3NzI1ODVICVgEaLUBiAEBmAEzuAEHyAEM2AED6AEB-AEBiAIBqAIBuAKujsLTBsACAdICJDM4ZDNiYzA1LTEwOWUtNDU1NS04YmFhLTE1MzQ4MGIxZTY3OdgCAeACAQ&ucfs=1&arphpl=1&checkin=2026-08-06&checkout=2026-08-07&dest_id=-2772585&dest_type=city&group_adults=2&req_adults=2&no_rooms=1&group_children=0&req_children=0&hpos=23&hapos=23&sr_order=popularity&srpvid=a6ce56975cc70174&srepoch=1785759601&all_sr_blocks=1566320801_427747520_2_1_0&highlighted_blocks=1566320801_427747520_2_1_0&matching_block_id=1566320801_427747520_2_1_0&sr_pri_blocks=1566320801_427747520_2_1_0__1650000&from=searchresults,16500,7.5,25.0,Rawalpindi,1.5,Deluxe King Room,2 bunk beds,1,1,1,https://cf.bstatic.com/xdata/images/hotel/square240/810298163.webp?k=20e72483b0e34baf2563600b1df873087a7c05405fe3beb233b81f93ece75efd&o=,13,Rawalpindi
The Cozy Cube,https://www.booking.com/hotel/pk/the-cozy-cube.en-gb.html?aid=304142&label=gen173nr-10CAQoggJCDWNpdHlfLTI3NzI1ODVICVgEaLUBiAEBmAEzuAEHyAEM2AED6AEB-AEBiAIBqAIBuAKujsLTBsACAdICJDM4ZDNiYzA1LTEwOWUtNDU1NS04YmFhLTE1MzQ4MGIxZTY3OdgCAeACAQ&ucfs=1&arphpl=1&checkin=2026-08-06&checkout=2026-08-07&dest_id=-2772585&dest_type=city&group_adults=2&req_adults=2&no_rooms=1&group_children=0&req_children=0&hpos=24&hapos=24&sr_order=popularity&srpvid=a6ce56975cc70174&srepoch=1785759601&all_sr_blocks=1653393501_437293563_2_0_0&highlighted_blocks=1653393501_437293563_2_0_0&matching_block_id=1653393501_437293563_2_0_0&sr_pri_blocks=1653393501_437293563_2_0_0__150000&from=searchresults,1500,8.0,15.0,Rawalpindi,4.5,6-Bed Male Dormitory Room,6-Bed Male Dormitory Room,0,1,1,https://cf.bstatic.com/xdata/images/hotel/square240/884576927.webp?k=82ff17498ca508d338d3c1e649579f00bb5730f597987b183a34adc2f196cf8a&o=,6,Rawalpindi
Designer 1Bed Apartment by M&K Signature Living,https://www.booking.com/hotel/pk/designer-1bed-apartment-by-m-amp-k-signature-living.en-gb.html?aid=304142&label=gen173nr-10CAQoggJCDWNpdHlfLTI3NzI1ODVICVgEaLUBiAEBmAEzuAEHyAEM2AED6AEB-AEBiAIBqAIBuAKujsLTBsACAdICJDM4ZDNiYzA1LTEwOWUtNDU1NS04YmFhLTE1MzQ4MGIxZTY3OdgCAeACAQ&ucfs=1&arphpl=1&checkin=2026-08-06&checkout=2026-08-07&dest_id=-2772585&dest_type=city&group_adults=2&req_adults=2&no_rooms=1&group_children=0&req_children=0&hpos=25&hapos=25&sr_order=popularity&srpvid=a6ce56975cc70174&srepoch=1785759601&all_sr_blocks=1692325301_441288187_3_0_0&highlighted_blocks=1692325301_441288187_3_0_0&matching_block_id=1692325301_441288187_3_0_0&sr_pri_blocks=1692325301_441288187_3_0_0__597975&from=searchresults,5980,10,1.0,Rawalpindi,11.2,One-Bedroom Apartment,"2 beds (1 double, 1 sofa bed)",0,1,1,https://cf.bstatic.com/xdata/images/hotel/square240/897685541.webp?k=a484e5da9068cff0fab930da2f304832b114804f7f0429b20ed9af31f00c3e2d&o=,4,Rawalpindi
Grand Mongolia,https://www.booking.com/hotel/pk/grand-mongolia-islamabad.en-gb.html?aid=304142&label=gen173nr-10CAQoggJCDWNpdHlfLTI3NzI1ODVICVgEaLUBiAEBmAEzuAEHyAEM2AED6AEB-AEBiAIBqAIBuAKujsLTBsACAdICJDM4ZDNiYzA1LTEwOWUtNDU1NS04YmFhLTE1MzQ4MGIxZTY3OdgCAeACAQ&ucfs=1&arphpl=1&checkin=2026-08-06&checkout=2026-08-07&dest_id=-2772585&dest_type=city&group_adults=2&req_adults=2&no_rooms=1&group_children=0&req_children=0&hpos=1&hapos=26&sr_order=popularity&srpvid=a6ce56975cc70174&srepoch=1785759549&all_sr_blocks=1667060001_438531417_2_42_0&highlighted_blocks=1667060001_438531417_2_42_0&matching_block_id=1667060001_438531417_2_42_0&sr_pri_blocks=1667060001_438531417_2_42_0__765000&from=searchresults,7650,7.1,13.0,Rawalpindi,7.8,Standard Double Room,"2 beds (1 double, 1 futon)",0,1,1,https://cf.bstatic.com/xdata/images/hotel/square240/883040671.webp?k=673f82c73382bb358109112fd014884958da162ab178aeb0646c2194591d6e05&o=,14,Rawalpindi
"Capital Guest House, Islamabad near Bahria Town , Rawalpindi",https://www.booking.com/hotel/pk/capital-guest-inn.en-gb.html?aid=304142&label=gen173nr-10CAQoggJCDWNpdHlfLTI3NzI1ODVICVgEaLUBiAEBmAEzuAEHyAEM2AED6AEB-AEBiAIBqAIBuAKujsLTBsACAdICJDM4ZDNiYzA1LTEwOWUtNDU1NS04YmFhLTE1MzQ4MGIxZTY3OdgCAeACAQ&ucfs=1&arphpl=1&checkin=2026-08-06&checkout=2026-08-07&dest_id=-2772585&dest_type=city&group_adults=2&req_adults=2&no_rooms=1&group_children=0&req_children=0&hpos=2&hapos=27&sr_order=popularity&srpvid=a6ce56975cc70174&srepoch=1785759549&all_sr_blocks=1120239624_425522839_2_2_0_631552&highlighted_blocks=1120239624_425522839_2_2_0_631552&matching_block_id=1120239624_425522839_2_2_0_631552&sr_pri_blocks=1120239624_425522839_2_2_0_631552_342000&from=searchresults,3420,7.2,60.0,Rawalpindi,6.5,Standard Double Room with Fan,1 single bed,0,1,1,https://cf.bstatic.com/xdata/images/hotel/square240/567371393.webp?k=13c1f87dfba5f043353426177ee2253512baaf17a0a77754468d0ea28982cc8c&o=,11,Rawalpindi
Safari Valley Lodges - Silver Elegance Theme One Bedroom Apartment,https://www.booking.com/hotel/pk/1-bed-furnished-apartment-flat-bahria-town-rwp-isb.en-gb.html?aid=304142&label=gen173nr-10CAQoggJCDWNpdHlfLTI3NzI1ODVICVgEaLUBiAEBmAEzuAEHyAEM2AED6AEB-AEBiAIBqAIBuAKujsLTBsACAdICJDM4ZDNiYzA1LTEwOWUtNDU1NS04YmFhLTE1MzQ4MGIxZTY3OdgCAeACAQ&ucfs=1&arphpl=1&checkin=2026-08-06&checkout=2026-08-07&dest_id=-2772585&dest_type=city&group_adults=2&req_adults=2&no_rooms=1&group_children=0&req_children=0&hpos=3&hapos=28&sr_order=popularity&srpvid=a6ce56975cc70174&srepoch=1785759549&all_sr_blocks=1361740301_412403597_3_0_0&highlighted_blocks=1361740301_412403597_3_0_0&matching_block_id=1361740301_412403597_3_0_0&sr_pri_blocks=1361740301_412403597_3_0_0__620000&from=searchresults,6200,9.2,22.0,Rawalpindi,12.3,One-Bedroom Apartment,"2 beds (1 sofa bed, 1 large double)",0,1,1,https://cf.bstatic.com/xdata/images/hotel/square240/846906460.webp?k=b5211d1885dd014f2952c7c5a84b6950da7f9333964020537fcb02d4b9c436c1&o=,11,Rawalpindi
UrbanNOOK Basic,https://www.booking.com/hotel/pk/urbannook-rawalpindi.en-gb.html?aid=304142&label=gen173nr-10CAQoggJCDWNpdHlfLTI3NzI1ODVICVgEaLUBiAEBmAEzuAEHyAEM2AED6AEB-AEBiAIBqAIBuAKujsLTBsACAdICJDM4ZDNiYzA1LTEwOWUtNDU1NS04YmFhLTE1MzQ4MGIxZTY3OdgCAeACAQ&ucfs=1&arphpl=1&checkin=2026-08-06&checkout=2026-08-07&dest_id=-2772585&dest_type=city&group_adults=2&req_adults=2&no_rooms=1&group_children=0&req_children=0&hpos=4&hapos=29&sr_order=popularity&srpvid=a6ce56975cc70174&srepoch=1785759549&all_sr_blocks=1617486701_432595627_2_2_0&highlighted_blocks=1617486701_432595627_2_2_0&matching_block_id=1617486701_432595627_2_2_0&sr_pri_blocks=1617486701_432595627_2_2_0__475000&from=searchresults,4750,9.7,7.0,Rawalpindi,2.3,Double Room,1 extra-large double bed,0,1,1,https://cf.bstatic.com/xdata/images/hotel/square240/851837667.webp?k=e4407bef7ab6fcc29402555dfa3cb058c9dc3bf880db150654336d654759b11c&o=,4,Rawalpindi
1BR Swiss Apartment BahriaTown Phase4 Civic Center,https://www.booking.com/hotel/pk/1br-swiss-apartment-bahriatown-phase4-civic-center.en-gb.html?aid=304142&label=gen173nr-10CAQoggJCDWNpdHlfLTI3NzI1ODVICVgEaLUBiAEBmAEzuAEHyAEM2AED6AEB-AEBiAIBqAIBuAKujsLTBsACAdICJDM4ZDNiYzA1LTEwOWUtNDU1NS04YmFhLTE1MzQ4MGIxZTY3OdgCAeACAQ&ucfs=1&arphpl=1&checkin=2026-08-06&checkout=2026-08-07&dest_id=-2772585&dest_type=city&group_adults=2&req_adults=2&no_rooms=1&group_children=0&req_children=0&hpos=5&hapos=30&sr_order=popularity&srpvid=a6ce56975cc70174&srepoch=1785759549&all_sr_blocks=1611210501_432034422_3_0_0&highlighted_blocks=1611210501_432034422_3_0_0&matching_block_id=1611210501_432034422_3_0_0&sr_pri_blocks=1611210501_432034422_3_0_0__1000000&from=searchresults,10000,,,Rawalpindi,7.7,One-Bedroom Apartment,"2 beds (1 double, 1 sofa bed)",0,0,1,https://cf.bstatic.com/xdata/images/hotel/square240/846953079.webp?k=a50692968727b096db8b59ff57ece4f608c352a340ab7c6f3255607b93dc35c7&o=,3,Rawalpindi
Boxed Inn,https://www.booking.com/hotel/pk/boxed-inn.en-gb.html?aid=304142&label=gen173nr-10CAQoggJCDWNpdHlfLTI3NzI1ODVICVgEaLUBiAEBmAEzuAEHyAEM2AED6AEB-AEBiAIBqAIBuAKujsLTBsACAdICJDM4ZDNiYzA1LTEwOWUtNDU1NS04YmFhLTE1MzQ4MGIxZTY3OdgCAeACAQ&ucfs=1&arphpl=1&checkin=2026-08-06&checkout=2026-08-07&dest_id=-2772585&dest_type=city&group_adults=2&req_adults=2&no_rooms=1&group_children=0&req_children=0&hpos=6&hapos=31&sr_order=popularity&srpvid=a6ce56975cc70174&srepoch=1785759549&all_sr_blocks=1653394401_437293781_2_0_0&highlighted_blocks=1653394401_437293781_2_0_0&matching_block_id=1653394401_437293781_2_0_0&sr_pri_blocks=1653394401_437293781_2_0_0__150000&from=searchresults,1500,7.1,10.0,Rawalpindi,4.5,6-Bed Male Dormitory Room,6-Bed Male Dormitory Room,0,1,1,https://cf.bstatic.com/xdata/images/hotel/square240/884555016.webp?k=331957332159a0011e4a09ed65690f387c667d1a7bf7b90c7228798a6524f1f1&o=,5,Rawalpindi
GreenLux Residency,https://www.booking.com/hotel/pk/green-residencia-westridge.en-gb.html?aid=304142&label=gen173nr-10CAQoggJCDWNpdHlfLTI3NzI1ODVICVgEaLUBiAEBmAEzuAEHyAEM2AED6AEB-AEBiAIBqAIBuAKujsLTBsACAdICJDM4ZDNiYzA1LTEwOWUtNDU1NS04YmFhLTE1MzQ4MGIxZTY3OdgCAeACAQ&ucfs=1&arphpl=1&checkin=2026-08-06&checkout=2026-08-07&dest_id=-2772585&dest_type=city&group_adults=2&req_adults=2&no_rooms=1&group_children=0&req_children=0&hpos=7&hapos=32&sr_order=popularity&srpvid=a6ce56975cc70174&srepoch=1785759549&all_sr_blocks=1204325004_392658773_0_0_0&highlighted_blocks=1204325004_392658773_0_0_0&matching_block_id=1204325004_392658773_0_0_0&sr_pri_blocks=1204325004_392658773_0_0_0__685000&from=searchresults,6850,8.8,188.0,Rawalpindi,4.8,Economy Double Room,1 extra-large double bed,0,0,1,https://cf.bstatic.com/xdata/images/hotel/square240/555640986.webp?k=52668b619bd241aa6add1fb52dbcf7d5cf0526f6080015f44ac8508dc7ebee62&o=,12,Rawalpindi
Premium 1BHK Luxury Stay with Private Pool Access,https://www.booking.com/hotel/pk/premium-1bhk-luxury-stay-with-private-pool-access.en-gb.html?aid=304142&label=gen173nr-10CAQoggJCDWNpdHlfLTI3NzI1ODVICVgEaLUBiAEBmAEzuAEHyAEM2AED6AEB-AEBiAIBqAIBuAKujsLTBsACAdICJDM4ZDNiYzA1LTEwOWUtNDU1NS04YmFhLTE1MzQ4MGIxZTY3OdgCAeACAQ&ucfs=1&arphpl=1&checkin=2026-08-06&checkout=2026-08-07&dest_id=-2772585&dest_type=city&group_adults=2&req_adults=2&no_rooms=1&group_children=0&req_children=0&hpos=8&hapos=33&sr_order=popularity&srpvid=a6ce56975cc70174&srepoch=1785759549&all_sr_blocks=1664041603_438267969_2_0_0&highlighted_blocks=1664041603_438267969_2_0_0&matching_block_id=1664041603_438267969_2_0_0&sr_pri_blocks=1664041603_438267969_2_0_0__680000&from=searchresults,6800,7.1,16.0,Rawalpindi,11.1,Studio Apartment with Queen Bed,Studio Apartment with Queen Bed,0,1,1,https://cf.bstatic.com/xdata/images/hotel/square240/881360157.webp?k=ede4c31dc034f1a5ec5d3de87db1b2df31fc9a1ef1146eb247682f5dcc93aaf8&o=,5,Rawalpindi
Hotel Al badar,https://www.booking.com/hotel/pk/albaddar.en-gb.html?aid=304142&label=gen173nr-10CAQoggJCDWNpdHlfLTI3NzI1ODVICVgEaLUBiAEBmAEzuAEHyAEM2AED6AEB-AEBiAIBqAIBuAKujsLTBsACAdICJDM4ZDNiYzA1LTEwOWUtNDU1NS04YmFhLTE1MzQ4MGIxZTY3OdgCAeACAQ&ucfs=1&arphpl=1&checkin=2026-08-06&checkout=2026-08-07&dest_id=-2772585&dest_type=city&group_adults=2&req_adults=2&no_rooms=1&group_children=0&req_children=0&hpos=9&hapos=34&sr_order=popularity&srpvid=a6ce56975cc70174&srepoch=1785759549&all_sr_blocks=1275701301_424466435_0_2_0&highlighted_blocks=1275701301_424466435_0_2_0&matching_block_id=1275701301_424466435_0_2_0&sr_pri_blocks=1275701301_424466435_0_2_0__630000&from=searchresults,6300,5.5,30.0,Rawalpindi,1.5,Family Room,"2 beds (1 single, 1 double)",0,1,1,https://cf.bstatic.com/xdata/images/hotel/square240/595918422.webp?k=8782f84f8ab9aad6bcf948c0ac14ab3b9b5782c4b72718b25e05a28cc8f6c5a0&o=,10,Rawalpindi
White House Executive - Guest House Islamabad,https://www.booking.com/hotel/pk/white-house-executive-guest-house.en-gb.html?aid=304142&label=gen173nr-10CAQoggJCDWNpdHlfLTI3NzI1ODVICVgEaLUBiAEBmAEzuAEHyAEM2AED6AEB-AEBiAIBqAIBuAKujsLTBsACAdICJDM4ZDNiYzA1LTEwOWUtNDU1NS04YmFhLTE1MzQ4MGIxZTY3OdgCAeACAQ&ucfs=1&arphpl=1&checkin=2026-08-06&checkout=2026-08-07&dest_id=-2772585&dest_type=city&group_adults=2&req_adults=2&no_rooms=1&group_children=0&req_children=0&hpos=10&hapos=35&sr_order=popularity&srpvid=a6ce56975cc70174&srepoch=1785759549&all_sr_blocks=943575701_366524609_2_2_0&highlighted_blocks=943575701_366524609_2_2_0&matching_block_id=943575701_366524609_2_2_0&sr_pri_blocks=943575701_366524609_2_2_0__750000&from=searchresults,7500,8.7,70.0,Rawalpindi,8.5,Deluxe Double Room with Bath,1 extra-large double bed,0,1,1,https://cf.bstatic.com/xdata/images/hotel/square240/423068222.webp?k=0a525484205954cc2dd3c84597172705e27780e46f215b85665e4a56fde278d8&o=,13,Rawalpindi
De Elevè 01' Luxury Designer Studio Apartment,https://www.booking.com/hotel/pk/de-eleve-01.en-gb.html?aid=304142&label=gen173nr-10CAQoggJCDWNpdHlfLTI3NzI1ODVICVgEaLUBiAEBmAEzuAEHyAEM2AED6AEB-AEBiAIBqAIBuAKujsLTBsACAdICJDM4ZDNiYzA1LTEwOWUtNDU1NS04YmFhLTE1MzQ4MGIxZTY3OdgCAeACAQ&ucfs=1&arphpl=1&checkin=2026-08-06&checkout=2026-08-07&dest_id=-2772585&dest_type=city&group_adults=2&req_adults=2&no_rooms=1&group_children=0&req_children=0&hpos=11&hapos=36&sr_order=popularity&srpvid=a6ce56975cc70174&srepoch=1785759549&all_sr_blocks=1421680001_413798607_3_0_0&highlighted_blocks=1421680001_413798607_3_0_0&matching_block_id=1421680001_413798607_3_0_0&sr_pri_blocks=1421680001_413798607_3_0_0__768000&from=searchresults,7680,8.5,2.0,Rawalpindi,11.3,One-Bedroom Apartment,"2 beds (1 sofa bed, 1 large double)",0,1,1,https://cf.bstatic.com/xdata/images/hotel/square240/687284050.webp?k=dfb122e76016089f432a195807213e6f09fec80148a30523f8bdf80c6263c74b&o=,4,Rawalpindi
1 Bed Furnished Apartment Bahria Town phase 7 and phase 8,https://www.booking.com/hotel/pk/1-bed-furnished-apartment-bahria-town-phase-7-bin-chiragh-heights-one-bedroom-fl.en-gb.html?aid=304142&label=gen173nr-10CAQoggJCDWNpdHlfLTI3NzI1ODVICVgEaLUBiAEBmAEzuAEHyAEM2AED6AEB-AEBiAIBqAIBuAKujsLTBsACAdICJDM4ZDNiYzA1LTEwOWUtNDU1NS04YmFhLTE1MzQ4MGIxZTY3OdgCAeACAQ&ucfs=1&arphpl=1&checkin=2026-08-06&checkout=2026-08-07&dest_id=-2772585&dest_type=city&group_adults=2&req_adults=2&no_rooms=1&group_children=0&req_children=0&hpos=12&hapos=37&sr_order=popularity&srpvid=a6ce56975cc70174&srepoch=1785759549&all_sr_blocks=1513531901_423093251_3_0_0&highlighted_blocks=1513531901_423093251_3_0_0&matching_block_id=1513531901_423093251_3_0_0&sr_pri_blocks=1513531901_423093251_3_0_0__630000&from=searchresults,6300,8.3,6.0,Rawalpindi,9.7,One-Bedroom Apartment,"2 beds (1 extra-large double, 1 sofa bed)",0,1,1,https://cf.bstatic.com/xdata/images/hotel/square240/898047760.webp?k=1bc802f1b19e29463b5e65fe4a5a5283d8a6fe90af2b7384858d568c339bf96c&o=,4,Rawalpindi
One Bed Apartment Furnished Flat Family Building Bahria Town Phase 7,https://www.booking.com/hotel/pk/one-bed-apartment-furnished-flat-family-building-bahria-town-phase-7.en-gb.html?aid=304142&label=gen173nr-10CAQoggJCDWNpdHlfLTI3NzI1ODVICVgEaLUBiAEBmAEzuAEHyAEM2AED6AEB-AEBiAIBqAIBuAKujsLTBsACAdICJDM4ZDNiYzA1LTEwOWUtNDU1NS04YmFhLTE1MzQ4MGIxZTY3OdgCAeACAQ&ucfs=1&arphpl=1&checkin=2026-08-06&checkout=2026-08-07&dest_id=-2772585&dest_type=city&group_adults=2&req_adults=2&no_rooms=1&group_children=0&req_children=0&hpos=13&hapos=38&sr_order=popularity&srpvid=a6ce56975cc70174&srepoch=1785759549&all_sr_blocks=1611644201_432067951_0_0_0&highlighted_blocks=1611644201_432067951_0_0_0&matching_block_id=1611644201_432067951_0_0_0&sr_pri_blocks=1611644201_432067951_0_0_0__520000&from=searchresults,5200,9.0,4.0,Rawalpindi,9.4,One-Bedroom Apartment,"2 beds (1 double, 1 sofa bed)",0,1,1,https://cf.bstatic.com/xdata/images/hotel/square240/847509402.webp?k=c983e4599fa5a186fc1eb56e5ca0908ca73bbfa05e09c6a8f287c5a3071554c1&o=,4,Rawalpindi
Seven Star Heights,https://www.booking.com/hotel/pk/seven-star-heights-rawalpindi6.en-gb.html?aid=304142&label=gen173nr-10CAQoggJCDWNpdHlfLTI3NzI1ODVICVgEaLUBiAEBmAEzuAEHyAEM2AED6AEB-AEBiAIBqAIBuAKujsLTBsACAdICJDM4ZDNiYzA1LTEwOWUtNDU1NS04YmFhLTE1MzQ4MGIxZTY3OdgCAeACAQ&ucfs=1&arphpl=1&checkin=2026-08-06&checkout=2026-08-07&dest_id=-2772585&dest_type=city&group_adults=2&req_adults=2&no_rooms=1&group_children=0&req_children=0&hpos=14&hapos=39&sr_order=popularity&srpvid=a6ce56975cc70174&srepoch=1785759549&all_sr_blocks=1653095601_437274967_2_0_0&highlighted_blocks=1653095601_437274967_2_0_0&matching_block_id=1653095601_437274967_2_0_0&sr_pri_blocks=1653095601_437274967_2_0_0__1105000&from=searchresults,11050,9.8,5.0,Rawalpindi,11.2,One-Bedroom Apartment,1 large double bed,0,1,1,https://cf.bstatic.com/xdata/images/hotel/square240/873677844.webp?k=72eae5b1d48015a92eb31bde59fc6aa8a39b1d18b56f1d989068e2bbfe66f68f&o=,4,Rawalpindi
Vaporium apartments Bahria RWP,https://www.booking.com/hotel/pk/vaporium-apartments-bahria-rwp.en-gb.html?aid=304142&label=gen173nr-10CAQoggJCDWNpdHlfLTI3NzI1ODVICVgEaLUBiAEBmAEzuAEHyAEM2AED6AEB-AEBiAIBqAIBuAKujsLTBsACAdICJDM4ZDNiYzA1LTEwOWUtNDU1NS04YmFhLTE1MzQ4MGIxZTY3OdgCAeACAQ&ucfs=1&arphpl=1&checkin=2026-08-06&checkout=2026-08-07&dest_id=-2772585&dest_type=city&group_adults=2&req_adults=2&no_rooms=1&group_children=0&req_children=0&hpos=15&hapos=40&sr_order=popularity&srpvid=a6ce56975cc70174&srepoch=1785759549&all_sr_blocks=1181007901_390618734_4_2_0&highlighted_blocks=1181007901_390618734_4_2_0&matching_block_id=1181007901_390618734_4_2_0&sr_pri_blocks=1181007901_390618734_4_2_0__600000&from=searchresults,6000,7.4,43.0,Rawalpindi,7.6,Apartment with Balcony,"3 beds (1 extra-large double, 2 sofa beds)",0,1,1,https://cf.bstatic.com/xdata/images/hotel/square240/563884817.webp?k=288db49070cf2fda536fa92d30a6651bf6041dd0eac573eb4a306951ac05c5c0&o=,14,Rawalpindi
Hotel shahzad faizabad,https://www.booking.com/hotel/pk/shahzad-islamabad3.en-gb.html?aid=304142&label=gen173nr-10CAQoggJCDWNpdHlfLTI3NzI1ODVICVgEaLUBiAEBmAEzuAEHyAEM2AED6AEB-AEBiAIBqAIBuAKujsLTBsACAdICJDM4ZDNiYzA1LTEwOWUtNDU1NS04YmFhLTE1MzQ4MGIxZTY3OdgCAeACAQ&ucfs=1&arphpl=1&checkin=2026-08-06&checkout=2026-08-07&dest_id=-2772585&dest_type=city&group_adults=2&req_adults=2&no_rooms=1&group_children=0&req_children=0&hpos=16&hapos=41&sr_order=popularity&srpvid=a6ce56975cc70174&srepoch=1785759549&all_sr_blocks=1458590701_417180417_2_0_0&highlighted_blocks=1458590701_417180417_2_0_0&matching_block_id=1458590701_417180417_2_0_0&sr_pri_blocks=1458590701_417180417_2_0_0__495000&from=searchresults,4950,4.1,17.0,Rawalpindi,7.0,Double Room,1 double bed,0,0,0,https://cf.bstatic.com/xdata/images/hotel/square240/738176261.webp?k=3b31fac799250bc6d4161dd6db61bd3dc77d0a86656548f0ce1b5e9a827f1032&o=,8,Rawalpindi
The Urban Nest Luxury Studio in Bahria Phase 7,https://www.booking.com/hotel/pk/the-urban-nest-luxury-studio-in-bahria-phase-7.en-gb.html?aid=304142&label=gen173nr-10CAQoggJCDWNpdHlfLTI3NzI1ODVICVgEaLUBiAEBmAEzuAEHyAEM2AED6AEB-AEBiAIBqAIBuAKujsLTBsACAdICJDM4ZDNiYzA1LTEwOWUtNDU1NS04YmFhLTE1MzQ4MGIxZTY3OdgCAeACAQ&ucfs=1&arphpl=1&checkin=2026-08-06&checkout=2026-08-07&dest_id=-2772585&dest_type=city&group_adults=2&req_adults=2&no_rooms=1&group_children=0&req_children=0&hpos=17&hapos=42&sr_order=popularity&srpvid=a6ce56975cc70174&srepoch=1785759549&all_sr_blocks=1687189001_440367637_2_0_0&highlighted_blocks=1687189001_440367637_2_0_0&matching_block_id=1687189001_440367637_2_0_0&sr_pri_blocks=1687189001_440367637_2_0_0__726750&from=searchresults,7268,,,Rawalpindi,9.2,King Studio,1 large double bed,0,1,1,https://cf.bstatic.com/xdata/images/hotel/square240/894100180.webp?k=b06c972d09ff13cb9fbf8cc0b3fd3361fd07e8673eacf75c170c2553230661f4&o=,4,Rawalpindi
Majana Guest House Bahria Town,https://www.booking.com/hotel/pk/majana-guest-house-bahria-town.en-gb.html?aid=304142&label=gen173nr-10CAQoggJCDWNpdHlfLTI3NzI1ODVICVgEaLUBiAEBmAEzuAEHyAEM2AED6AEB-AEBiAIBqAIBuAKujsLTBsACAdICJDM4ZDNiYzA1LTEwOWUtNDU1NS04YmFhLTE1MzQ4MGIxZTY3OdgCAeACAQ&ucfs=1&arphpl=1&checkin=2026-08-06&checkout=2026-08-07&dest_id=-2772585&dest_type=city&group_adults=2&req_adults=2&no_rooms=1&group_children=0&req_children=0&hpos=18&hapos=43&sr_order=popularity&srpvid=a6ce56975cc70174&srepoch=1785759549&all_sr_blocks=1694837502_441146931_2_0_0&highlighted_blocks=1694837502_441146931_2_0_0&matching_block_id=1694837502_441146931_2_0_0&sr_pri_blocks=1694837502_441146931_2_0_0__450000&from=searchresults,4500,8.2,5.0,Rawalpindi,11.4,Deluxe King Room,1 extra-large double bed,0,1,1,https://cf.bstatic.com/xdata/images/hotel/square240/900824050.webp?k=9e6eb77516bd4eb08a423a259dfbe822fb6dc0b7afa7dda887d7da86f8a59063&o=,6,Rawalpindi
Cozy modern private apartment wit city view,https://www.booking.com/hotel/pk/cozy-modern-private-apartment-wit-city-view.en-gb.html?aid=304142&label=gen173nr-10CAQoggJCDWNpdHlfLTI3NzI1ODVICVgEaLUBiAEBmAEzuAEHyAEM2AED6AEB-AEBiAIBqAIBuAKujsLTBsACAdICJDM4ZDNiYzA1LTEwOWUtNDU1NS04YmFhLTE1MzQ4MGIxZTY3OdgCAeACAQ&ucfs=1&arphpl=1&checkin=2026-08-06&checkout=2026-08-07&dest_id=-2772585&dest_type=city&group_adults=2&req_adults=2&no_rooms=1&group_children=0&req_children=0&hpos=19&hapos=44&sr_order=popularity&srpvid=a6ce56975cc70174&srepoch=1785759549&all_sr_blocks=1694464001_441106117_2_0_0&highlighted_blocks=1694464001_441106117_2_0_0&matching_block_id=1694464001_441106117_2_0_0&sr_pri_blocks=1694464001_441106117_2_0_0__488920&from=searchresults,4889,,,Rawalpindi,8.7,One-Bedroom Apartment,1 double bed,0,1,1,https://cf.bstatic.com/xdata/images/hotel/square240/899151824.webp?k=702c3259fa2ed09d0b0434e0933632b30decf4aa55065aa2ac099efd2958e9df&o=,4,Rawalpindi
1 BHK By Bahria Guest Rooms,https://www.booking.com/hotel/pk/bahria-guest-house-islamabad.en-gb.html?aid=304142&label=gen173nr-10CAQoggJCDWNpdHlfLTI3NzI1ODVICVgEaLUBiAEBmAEzuAEHyAEM2AED6AEB-AEBiAIBqAIBuAKujsLTBsACAdICJDM4ZDNiYzA1LTEwOWUtNDU1NS04YmFhLTE1MzQ4MGIxZTY3OdgCAeACAQ&ucfs=1&arphpl=1&checkin=2026-08-06&checkout=2026-08-07&dest_id=-2772585&dest_type=city&group_adults=2&req_adults=2&no_rooms=1&group_children=0&req_children=0&hpos=20&hapos=45&sr_order=popularity&srpvid=a6ce56975cc70174&srepoch=1785759549&all_sr_blocks=1382418001_410309397_2_0_0&highlighted_blocks=1382418001_410309397_2_0_0&matching_block_id=1382418001_410309397_2_0_0&sr_pri_blocks=1382418001_410309397_2_0_0__564300&from=searchresults,5643,7.0,8.0,Rawalpindi,9.7,One-Bedroom Apartment,"2 beds (1 double, 1 sofa bed)",0,1,1,https://cf.bstatic.com/xdata/images/hotel/square240/798128365.webp?k=d537e88764317cfd0927040c63122c32c75c1aeebaad8b5db2feec8cd9eac760&o=,4,Rawalpindi
Cozy Apartment In Bahria Town Islamabad,https://www.booking.com/hotel/pk/cozy-apartment-in-bahria-town-islamabad.en-gb.html?aid=304142&label=gen173nr-10CAQoggJCDWNpdHlfLTI3NzI1ODVICVgEaLUBiAEBmAEzuAEHyAEM2AED6AEB-AEBiAIBqAIBuAKujsLTBsACAdICJDM4ZDNiYzA1LTEwOWUtNDU1NS04YmFhLTE1MzQ4MGIxZTY3OdgCAeACAQ&ucfs=1&arphpl=1&checkin=2026-08-06&checkout=2026-08-07&dest_id=-2772585&dest_type=city&group_adults=2&req_adults=2&no_rooms=1&group_children=0&req_children=0&hpos=21&hapos=46&sr_order=popularity&srpvid=a6ce56975cc70174&srepoch=1785759549&all_sr_blocks=1525328001_424171541_0_0_0&highlighted_blocks=1525328001_424171541_0_0_0&matching_block_id=1525328001_424171541_0_0_0&sr_pri_blocks=1525328001_424171541_0_0_0__676800&from=searchresults,6768,8.4,8.0,Rawalpindi,7.5,Apartment with Terrace,"2 beds (1 double, 1 sofa bed)",0,1,1,https://cf.bstatic.com/xdata/images/hotel/square240/882831655.webp?k=9cbc5799216f95db59db147b2039ac744176e80433a303c77ea7286e2bc475f4&o=,5,Rawalpindi
Cineplex Lodges Executive 2,https://www.booking.com/hotel/pk/cineplex-lodges-rawalpindi2.en-gb.html?aid=304142&label=gen173nr-10CAQoggJCDWNpdHlfLTI3NzI1ODVICVgEaLUBiAEBmAEzuAEHyAEM2AED6AEB-AEBiAIBqAIBuAKujsLTBsACAdICJDM4ZDNiYzA1LTEwOWUtNDU1NS04YmFhLTE1MzQ4MGIxZTY3OdgCAeACAQ&ucfs=1&arphpl=1&checkin=2026-08-06&checkout=2026-08-07&dest_id=-2772585&dest_type=city&group_adults=2&req_adults=2&no_rooms=1&group_children=0&req_children=0&hpos=22&hapos=47&sr_order=popularity&srpvid=a6ce56975cc70174&srepoch=1785759549&all_sr_blocks=1359991001_415581529_2_0_0&highlighted_blocks=1359991001_415581529_2_0_0&matching_block_id=1359991001_415581529_2_0_0&sr_pri_blocks=1359991001_415581529_2_0_0__837900&from=searchresults,8379,,,Rawalpindi,8.0,One-Bedroom Apartment,"2 beds (1 double, 1 sofa bed)",0,1,1,https://cf.bstatic.com/xdata/images/hotel/square240/647204967.webp?k=a7db296db0f982398e7648f52ca6d818550cc9058e067772e4d51eee6c1063a7&o=,4,Rawalpindi
Best Apartment in Phase 8 Bahria Town RWD,https://www.booking.com/hotel/pk/best-apartment-in-phase-8-bahria-town-rwd.en-gb.html?aid=304142&label=gen173nr-10CAQoggJCDWNpdHlfLTI3NzI1ODVICVgEaLUBiAEBmAEzuAEHyAEM2AED6AEB-AEBiAIBqAIBuAKujsLTBsACAdICJDM4ZDNiYzA1LTEwOWUtNDU1NS04YmFhLTE1MzQ4MGIxZTY3OdgCAeACAQ&ucfs=1&arphpl=1&checkin=2026-08-06&checkout=2026-08-07&dest_id=-2772585&dest_type=city&group_adults=2&req_adults=2&no_rooms=1&group_children=0&req_children=0&hpos=23&hapos=48&sr_order=popularity&srpvid=a6ce56975cc70174&srepoch=1785759549&all_sr_blocks=1662088001_438080177_2_0_0&highlighted_blocks=1662088001_438080177_2_0_0&matching_block_id=1662088001_438080177_2_0_0&sr_pri_blocks=1662088001_438080177_2_0_0__1080000&from=searchresults,10800,10,3.0,Rawalpindi,11.3,One-Bedroom Apartment,"15 beds (1 double, 14 sofa beds)",0,1,1,https://cf.bstatic.com/xdata/images/hotel/square240/880233546.webp?k=f7493d483daa759d1cb92e7f179ac7b4bbb141e7d2f5fbdf954b14dcde5fb406&o=,5,Rawalpindi
Rosmile Homes Luxury Stay in Bahria Town Phase 7,https://www.booking.com/hotel/pk/rosmile-homes-luxury-stay-in-bahria-town-phase-7.en-gb.html?aid=304142&label=gen173nr-10CAQoggJCDWNpdHlfLTI3NzI1ODVICVgEaLUBiAEBmAEzuAEHyAEM2AED6AEB-AEBiAIBqAIBuAKujsLTBsACAdICJDM4ZDNiYzA1LTEwOWUtNDU1NS04YmFhLTE1MzQ4MGIxZTY3OdgCAeACAQ&ucfs=1&arphpl=1&checkin=2026-08-06&checkout=2026-08-07&dest_id=-2772585&dest_type=city&group_adults=2&req_adults=2&no_rooms=1&group_children=0&req_children=0&hpos=24&hapos=49&sr_order=popularity&srpvid=a6ce56975cc70174&srepoch=1785759549&all_sr_blocks=1579830701_429081778_3_0_0&highlighted_blocks=1579830701_429081778_3_0_0&matching_block_id=1579830701_429081778_3_0_0&sr_pri_blocks=1579830701_429081778_3_0_0__700000&from=searchresults,7000,10,1.0,Rawalpindi,9.4,One-Bedroom Apartment,"2 beds (1 sofa bed, 1 large double)",0,1,1,https://cf.bstatic.com/xdata/images/hotel/square240/880755714.webp?k=07f04fa273410a58d65d8d995d5283ee814c784436d6f557c279260117493344&o=,4,Rawalpindi
ZaxisHome,https://www.booking.com/hotel/pk/zaxishome3.en-gb.html?aid=304142&label=gen173nr-10CAQoggJCDWNpdHlfLTI3NzI1ODVICVgEaLUBiAEBmAEzuAEHyAEM2AED6AEB-AEBiAIBqAIBuAKujsLTBsACAdICJDM4ZDNiYzA1LTEwOWUtNDU1NS04YmFhLTE1MzQ4MGIxZTY3OdgCAeACAQ&ucfs=1&arphpl=1&checkin=2026-08-06&checkout=2026-08-07&dest_id=-2772585&dest_type=city&group_adults=2&req_adults=2&no_rooms=1&group_children=0&req_children=0&hpos=25&hapos=50&sr_order=popularity&srpvid=a6ce56975cc70174&srepoch=1785759549&all_sr_blocks=1503261501_422012811_0_1_0&highlighted_blocks=1503261501_422012811_0_1_0&matching_block_id=1503261501_422012811_0_1_0&sr_pri_blocks=1503261501_422012811_0_1_0__467500&from=searchresults,4675,8.0,5.0,Rawalpindi,2.5,Double Room,1 double bed,1,1,1,https://cf.bstatic.com/xdata/images/hotel/square240/756908609.webp?k=7edb97a160eb6c9b63c5ef5fd947b16ce8be08a4f318eab8fe0e9b2eb5c044b7&o=,5,Rawalpindi
Grande Apartment with balcony by MMM Edge,https://www.booking.com/hotel/pk/grande-riverhill-apartment-by-mmm-edge-with-balcony.en-gb.html?aid=304142&label=gen173nr-10CAQoggJCDWNpdHlfLTI3NzI1ODVICVgEaLUBiAEBmAEzuAEHyAEM2AED6AEB-AEBiAIBqAIBuAKujsLTBsACAdICJDM4ZDNiYzA1LTEwOWUtNDU1NS04YmFhLTE1MzQ4MGIxZTY3OdgCAeACAQ&ucfs=1&arphpl=1&checkin=2026-08-06&checkout=2026-08-07&dest_id=-2772585&dest_type=city&group_adults=2&req_adults=2&no_rooms=1&group_children=0&req_children=0&hpos=1&hapos=51&sr_order=popularity&srpvid=a6ce56975cc70174&srepoch=1785759550&all_sr_blocks=1585976901_429714775_2_0_0&highlighted_blocks=1585976901_429714775_2_0_0&matching_block_id=1585976901_429714775_2_0_0&sr_pri_blocks=1585976901_429714775_2_0_0__765000&from=searchresults,7650,9.8,17.0,Rawalpindi,9.3,One-Bedroom Apartment with Balcony,1 extra-large double bed,0,1,1,https://cf.bstatic.com/xdata/images/hotel/square240/826792447.webp?k=b01702576734070e006f803c5f5aaa264a4f970d9e56b50e837ea0754f46fef6&o=,4,Rawalpindi
UrbanNook,https://www.booking.com/hotel/pk/urbannook.en-gb.html?aid=304142&label=gen173nr-10CAQoggJCDWNpdHlfLTI3NzI1ODVICVgEaLUBiAEBmAEzuAEHyAEM2AED6AEB-AEBiAIBqAIBuAKujsLTBsACAdICJDM4ZDNiYzA1LTEwOWUtNDU1NS04YmFhLTE1MzQ4MGIxZTY3OdgCAeACAQ&ucfs=1&arphpl=1&checkin=2026-08-06&checkout=2026-08-07&dest_id=-2772585&dest_type=city&group_adults=2&req_adults=2&no_rooms=1&group_children=0&req_children=0&hpos=2&hapos=52&sr_order=popularity&srpvid=a6ce56975cc70174&srepoch=1785759550&all_sr_blocks=1404182902_412224435_2_2_0&highlighted_blocks=1404182902_412224435_2_2_0&matching_block_id=1404182902_412224435_2_2_0&sr_pri_blocks=1404182902_412224435_2_2_0__529900&from=searchresults,5299,9.6,30.0,Rawalpindi,2.3,Deluxe Double Room with Bath,1 extra-large double bed,0,1,1,https://cf.bstatic.com/xdata/images/hotel/square240/841563424.webp?k=8b6d5d88c15c744f6bd4e4939ea5cab0d8cc99994ee60f61637a85366f68a882&o=,4,Rawalpindi
Royalton Hotel Rawalpindi,https://www.booking.com/hotel/pk/royalton-luxury-hotels.en-gb.html?aid=304142&label=gen173nr-10CAQoggJCDWNpdHlfLTI3NzI1ODVICVgEaLUBiAEBmAEzuAEHyAEM2AED6AEB-AEBiAIBqAIBuAKujsLTBsACAdICJDM4ZDNiYzA1LTEwOWUtNDU1NS04YmFhLTE1MzQ4MGIxZTY3OdgCAeACAQ&ucfs=1&arphpl=1&checkin=2026-08-06&checkout=2026-08-07&dest_id=-2772585&dest_type=city&group_adults=2&req_adults=2&no_rooms=1&group_children=0&req_children=0&hpos=3&hapos=53&sr_order=popularity&srpvid=a6ce56975cc70174&srepoch=1785759550&all_sr_blocks=1568844702_0_2_1_0&highlighted_blocks=1568844702_0_2_1_0&matching_block_id=1568844702_0_2_1_0&sr_pri_blocks=1568844702_0_2_1_0__1204887&from=searchresults,12049,8.3,35.0,Rawalpindi,0.9,Standard Twin Room,1 single bed,1,0,0,https://cf.bstatic.com/xdata/images/hotel/square240/889608576.webp?k=2f801cc2b3ac0c7a3fbb83cd03d93c9a06ce46561988b5078fde69e8f6b308d4&o=,10,Rawalpindi
Go Glam Hotels Bahria Town,https://www.booking.com/hotel/pk/go-glam.en-gb.html?aid=304142&label=gen173nr-10CAQoggJCDWNpdHlfLTI3NzI1ODVICVgEaLUBiAEBmAEzuAEHyAEM2AED6AEB-AEBiAIBqAIBuAKujsLTBsACAdICJDM4ZDNiYzA1LTEwOWUtNDU1NS04YmFhLTE1MzQ4MGIxZTY3OdgCAeACAQ&ucfs=1&arphpl=1&checkin=2026-08-06&checkout=2026-08-07&dest_id=-2772585&dest_type=city&group_adults=2&req_adults=2&no_rooms=1&group_children=0&req_children=0&hpos=4&hapos=54&sr_order=popularity&srpvid=a6ce56975cc70174&srepoch=1785759550&all_sr_blocks=1605456705_434277287_0_0_0_1405178&highlighted_blocks=1605456705_434277287_0_0_0_1405178&matching_block_id=1605456705_434277287_0_0_0_1405178&sr_pri_blocks=1605456705_434277287_0_0_0_1405178_890000&from=searchresults,8900,6.6,10.0,Rawalpindi,7.6,Deluxe King Studio,1 large double bed,0,1,1,https://cf.bstatic.com/xdata/images/hotel/square240/842187452.webp?k=2a42321d6914721adc4a78405b967540dc110eea532712ef8afde6a7b912469d&o=,4,Rawalpindi
The Crescent Suites,https://www.booking.com/hotel/pk/the-crescent-suites.en-gb.html?aid=304142&label=gen173nr-10CAQoggJCDWNpdHlfLTI3NzI1ODVICVgEaLUBiAEBmAEzuAEHyAEM2AED6AEB-AEBiAIBqAIBuAKujsLTBsACAdICJDM4ZDNiYzA1LTEwOWUtNDU1NS04YmFhLTE1MzQ4MGIxZTY3OdgCAeACAQ&ucfs=1&arphpl=1&checkin=2026-08-06&checkout=2026-08-07&dest_id=-2772585&dest_type=city&group_adults=2&req_adults=2&no_rooms=1&group_children=0&req_children=0&hpos=5&hapos=55&sr_order=popularity&srpvid=a6ce56975cc70174&srepoch=1785759550&all_sr_blocks=1686931201_440344369_2_0_0&highlighted_blocks=1686931201_440344369_2_0_0&matching_block_id=1686931201_440344369_2_0_0&sr_pri_blocks=1686931201_440344369_2_0_0__550000&from=searchresults,5500,,,Rawalpindi,7.5,Studio with Balcony,1 extra-large double bed,0,1,1,https://cf.bstatic.com/xdata/images/hotel/square240/893972442.webp?k=a4e3b153156d267811508e38ff48540d2c4ff4f148a5e5425b13a1557b1b2d55&o=,4,Rawalpindi
Ryazm family Guest house,https://www.booking.com/hotel/pk/ryazm-guest-house-islamabad.en-gb.html?aid=304142&label=gen173nr-10CAQoggJCDWNpdHlfLTI3NzI1ODVICVgEaLUBiAEBmAEzuAEHyAEM2AED6AEB-AEBiAIBqAIBuAKujsLTBsACAdICJDM4ZDNiYzA1LTEwOWUtNDU1NS04YmFhLTE1MzQ4MGIxZTY3OdgCAeACAQ&ucfs=1&arphpl=1&checkin=2026-08-06&checkout=2026-08-07&dest_id=-2772585&dest_type=city&group_adults=2&req_adults=2&no_rooms=1&group_children=0&req_children=0&hpos=6&hapos=56&sr_order=popularity&srpvid=a6ce56975cc70174&srepoch=1785759550&all_sr_blocks=1475664102_419028903_0_0_0&highlighted_blocks=1475664102_419028903_0_0_0&matching_block_id=1475664102_419028903_0_0_0&sr_pri_blocks=1475664102_419028903_0_0_0__350000&from=searchresults,3500,6.0,10.0,Rawalpindi,6.7,Standard Double Room with Fan,1 double bed,0,1,1,https://cf.bstatic.com/xdata/images/hotel/square240/731232848.webp?k=174999b8985bedcc07c44458177f23cdd4cba7b8cef1b4b30281d098611e2da9&o=,4,Rawalpindi
Grace Crown Hotel,https://www.booking.com/hotel/pk/grace-crown.en-gb.html?aid=304142&label=gen173nr-10CAQoggJCDWNpdHlfLTI3NzI1ODVICVgEaLUBiAEBmAEzuAEHyAEM2AED6AEB-AEBiAIBqAIBuAKujsLTBsACAdICJDM4ZDNiYzA1LTEwOWUtNDU1NS04YmFhLTE1MzQ4MGIxZTY3OdgCAeACAQ&ucfs=1&arphpl=1&checkin=2026-08-06&checkout=2026-08-07&dest_id=-2772585&dest_type=city&group_adults=2&req_adults=2&no_rooms=1&group_children=0&req_children=0&hpos=7&hapos=57&sr_order=popularity&srpvid=a6ce56975cc70174&srepoch=1785759550&all_sr_blocks=169798509_200578759_4_2_0&highlighted_blocks=169798509_200578759_4_2_0&matching_block_id=169798509_200578759_4_2_0&sr_pri_blocks=169798509_200578759_4_2_0__900000&from=searchresults,9000,7.9,19.0,Rawalpindi,1.5,Family Room,1 double bed,0,1,1,https://cf.bstatic.com/xdata/images/hotel/square240/432794198.webp?k=bcac5507c52c2a7bc34a4af3c0f82c7384477f6f135a7ed3d4aed236e677582e&o=,11,Rawalpindi
Luxury Stay in Rawalpindi,https://www.booking.com/hotel/pk/luxury-stay-in-rawalpindi.en-gb.html?aid=304142&label=gen173nr-10CAQoggJCDWNpdHlfLTI3NzI1ODVICVgEaLUBiAEBmAEzuAEHyAEM2AED6AEB-AEBiAIBqAIBuAKujsLTBsACAdICJDM4ZDNiYzA1LTEwOWUtNDU1NS04YmFhLTE1MzQ4MGIxZTY3OdgCAeACAQ&ucfs=1&arphpl=1&checkin=2026-08-06&checkout=2026-08-07&dest_id=-2772585&dest_type=city&group_adults=2&req_adults=2&no_rooms=1&group_children=0&req_children=0&hpos=8&hapos=58&sr_order=popularity&srpvid=a6ce56975cc70174&srepoch=1785759550&all_sr_blocks=1614584601_432337409_2_0_0&highlighted_blocks=1614584601_432337409_2_0_0&matching_block_id=1614584601_432337409_2_0_0&sr_pri_blocks=1614584601_432337409_2_0_0__840000&from=searchresults,8400,9.3,3.0,Rawalpindi,6.0,Double Room,1 double bed,0,1,1,https://cf.bstatic.com/xdata/images/hotel/square240/900355992.webp?k=e0c69ad1f50c32ed51d9a14d073fd28c43c3d0577b84c2803028486f78120737&o=,13,Rawalpindi
Hotel Abbasi Palace,https://www.booking.com/hotel/pk/abbasi-palace-rawalpindi1.en-gb.html?aid=304142&label=gen173nr-10CAQoggJCDWNpdHlfLTI3NzI1ODVICVgEaLUBiAEBmAEzuAEHyAEM2AED6AEB-AEBiAIBqAIBuAKujsLTBsACAdICJDM4ZDNiYzA1LTEwOWUtNDU1NS04YmFhLTE1MzQ4MGIxZTY3OdgCAeACAQ&ucfs=1&arphpl=1&checkin=2026-08-06&checkout=2026-08-07&dest_id=-2772585&dest_type=city&group_adults=2&req_adults=2&no_rooms=1&group_children=0&req_children=0&hpos=9&hapos=59&sr_order=popularity&srpvid=a6ce56975cc70174&srepoch=1785759550&all_sr_blocks=1186603802_0_2_0_0&highlighted_blocks=1186603802_0_2_0_0&matching_block_id=1186603802_0_2_0_0&sr_pri_blocks=1186603802_0_2_0_0__351796&from=searchresults,3518,4.7,3.0,Rawalpindi,4.8,Double Room,1 double bed,0,0,0,https://cf.bstatic.com/xdata/images/hotel/square240/544646278.webp?k=c0a6367872b2ed0dadca8ca6434f1a59a563faefb83bb2299a9e4fc93f04fdc8&o=,4,Rawalpindi
Brown Cave,https://www.booking.com/hotel/pk/brown-cave.en-gb.html?aid=304142&label=gen173nr-10CAQoggJCDWNpdHlfLTI3NzI1ODVICVgEaLUBiAEBmAEzuAEHyAEM2AED6AEB-AEBiAIBqAIBuAKujsLTBsACAdICJDM4ZDNiYzA1LTEwOWUtNDU1NS04YmFhLTE1MzQ4MGIxZTY3OdgCAeACAQ&ucfs=1&arphpl=1&checkin=2026-08-06&checkout=2026-08-07&dest_id=-2772585&dest_type=city&group_adults=2&req_adults=2&no_rooms=1&group_children=0&req_children=0&hpos=10&hapos=60&sr_order=popularity&srpvid=a6ce56975cc70174&srepoch=1785759550&all_sr_blocks=1690916301_440732788_4_0_0&highlighted_blocks=1690916301_440732788_4_0_0&matching_block_id=1690916301_440732788_4_0_0&sr_pri_blocks=1690916301_440732788_4_0_0__722500&from=searchresults,7225,,,Rawalpindi,11.3,One-Bedroom Apartment,1 double bed,0,1,1,https://cf.bstatic.com/xdata/images/hotel/square240/896641124.webp?k=a11b4e10fe4ed93e2ca0ef43c9637fa50e1878f633b8207455b7e0135f29e519&o=,4,Rawalpindi
Modern Skyline Retreat Central Self Check-in,https://www.booking.com/hotel/pk/modern-skyline-retreat-central-self-check-in.en-gb.html?aid=304142&label=gen173nr-10CAQoggJCDWNpdHlfLTI3NzI1ODVICVgEaLUBiAEBmAEzuAEHyAEM2AED6AEB-AEBiAIBqAIBuAKujsLTBsACAdICJDM4ZDNiYzA1LTEwOWUtNDU1NS04YmFhLTE1MzQ4MGIxZTY3OdgCAeACAQ&ucfs=1&arphpl=1&checkin=2026-08-06&checkout=2026-08-07&dest_id=-2772585&dest_type=city&group_adults=2&req_adults=2&no_rooms=1&group_children=0&req_children=0&hpos=11&hapos=61&sr_order=popularity&srpvid=a6ce56975cc70174&srepoch=1785759550&all_sr_blocks=1689072101_440548074_2_0_0&highlighted_blocks=1689072101_440548074_2_0_0&matching_block_id=1689072101_440548074_2_0_0&sr_pri_blocks=1689072101_440548074_2_0_0__700000&from=searchresults,7000,,,Rawalpindi,11.2,One-Bedroom Apartment,1 double bed,0,1,1,https://cf.bstatic.com/xdata/images/hotel/square240/895124921.webp?k=091fc4eed95b2429062a9db7c286bcb0aa0c489035acb8ac172f834692477e8d&o=,5,Rawalpindi
Executive appartment in bahria hieghts 1,https://www.booking.com/hotel/pk/executive-appartment-in-bahria-hieghts-1.en-gb.html?aid=304142&label=gen173nr-10CAQoggJCDWNpdHlfLTI3NzI1ODVICVgEaLUBiAEBmAEzuAEHyAEM2AED6AEB-AEBiAIBqAIBuAKujsLTBsACAdICJDM4ZDNiYzA1LTEwOWUtNDU1NS04YmFhLTE1MzQ4MGIxZTY3OdgCAeACAQ&ucfs=1&arphpl=1&checkin=2026-08-06&checkout=2026-08-07&dest_id=-2772585&dest_type=city&group_adults=2&req_adults=2&no_rooms=1&group_children=0&req_children=0&hpos=12&hapos=62&sr_order=popularity&srpvid=a6ce56975cc70174&srepoch=1785759550&all_sr_blocks=1382872001_410359016_2_0_0&highlighted_blocks=1382872001_410359016_2_0_0&matching_block_id=1382872001_410359016_2_0_0&sr_pri_blocks=1382872001_410359016_2_0_0__826200&from=searchresults,8262,7.5,14.0,Rawalpindi,6.0,One-Bedroom Apartment,1 double bed,0,0,0,https://cf.bstatic.com/xdata/images/hotel/square240/816326667.webp?k=be0e781d093a40f40afe04a114218d7b653986d31ff2ce9bb01a289552afb6ed&o=,10,Rawalpindi
Two bedroom apartment near commercial market,https://www.booking.com/hotel/pk/beautiful-aprtment.en-gb.html?aid=304142&label=gen173nr-10CAQoggJCDWNpdHlfLTI3NzI1ODVICVgEaLUBiAEBmAEzuAEHyAEM2AED6AEB-AEBiAIBqAIBuAKujsLTBsACAdICJDM4ZDNiYzA1LTEwOWUtNDU1NS04YmFhLTE1MzQ4MGIxZTY3OdgCAeACAQ&ucfs=1&arphpl=1&checkin=2026-08-06&checkout=2026-08-07&dest_id=-2772585&dest_type=city&group_adults=2&req_adults=2&no_rooms=1&group_children=0&req_children=0&hpos=13&hapos=63&sr_order=popularity&srpvid=a6ce56975cc70174&srepoch=1785759550&all_sr_blocks=1430175501_414580484_2_0_0&highlighted_blocks=1430175501_414580484_2_0_0&matching_block_id=1430175501_414580484_2_0_0&sr_pri_blocks=1430175501_414580484_2_0_0__640000&from=searchresults,6400,6.5,6.0,Rawalpindi,4.6,Two-Bedroom Apartment,"3 beds (1 double, 1 extra-large double, 1 sofa bed)",0,1,1,https://cf.bstatic.com/xdata/images/hotel/square240/692778246.webp?k=8b00480f2bac924e5a567b1a31cd4fb37b1585e363933aed5a228b15da42eee1&o=,4,Rawalpindi
Safari Valley Lodges - Black Luxury Theme - 1 Bed Flat - Bahria Town Phase 8 Rawalpindi,https://www.booking.com/hotel/pk/1-bed-flat-apartment-furnished-bahria-town-rawalpindi-islamabad.en-gb.html?aid=304142&label=gen173nr-10CAQoggJCDWNpdHlfLTI3NzI1ODVICVgEaLUBiAEBmAEzuAEHyAEM2AED6AEB-AEBiAIBqAIBuAKujsLTBsACAdICJDM4ZDNiYzA1LTEwOWUtNDU1NS04YmFhLTE1MzQ4MGIxZTY3OdgCAeACAQ&ucfs=1&arphpl=1&checkin=2026-08-06&checkout=2026-08-07&dest_id=-2772585&dest_type=city&group_adults=2&req_adults=2&no_rooms=1&group_children=0&req_children=0&hpos=14&hapos=64&sr_order=popularity&srpvid=a6ce56975cc70174&srepoch=1785759550&all_sr_blocks=1361737101_412403547_3_0_0&highlighted_blocks=1361737101_412403547_3_0_0&matching_block_id=1361737101_412403547_3_0_0&sr_pri_blocks=1361737101_412403547_3_0_0__670000&from=searchresults,6700,9.4,8.0,Rawalpindi,12.3,One-Bedroom Apartment,"2 beds (1 double, 1 sofa bed)",0,1,1,https://cf.bstatic.com/xdata/images/hotel/square240/847401835.webp?k=03deeb83c0adfde1101eb1d55fb8a93500e930f27b0653dfc905a8194bfe9a3a&o=,5,Rawalpindi
Designer Boutique Hotel Serviced Apartments Bahria Town Islamabad & Rawalpindi - LMY,https://www.booking.com/hotel/pk/gdidbid.en-gb.html?aid=304142&label=gen173nr-10CAQoggJCDWNpdHlfLTI3NzI1ODVICVgEaLUBiAEBmAEzuAEHyAEM2AED6AEB-AEBiAIBqAIBuAKujsLTBsACAdICJDM4ZDNiYzA1LTEwOWUtNDU1NS04YmFhLTE1MzQ4MGIxZTY3OdgCAeACAQ&ucfs=1&arphpl=1&checkin=2026-08-06&checkout=2026-08-07&dest_id=-2772585&dest_type=city&group_adults=2&req_adults=2&no_rooms=1&group_children=0&req_children=0&hpos=15&hapos=65&sr_order=popularity&srpvid=a6ce56975cc70174&srepoch=1785759550&all_sr_blocks=1677064201_439447666_2_1_0&highlighted_blocks=1677064201_439447666_2_1_0&matching_block_id=1677064201_439447666_2_1_0&sr_pri_blocks=1677064201_439447666_2_1_0__1360000&from=searchresults,13600,,,Rawalpindi,11.2,Deluxe Family Suite,1 double bed,1,1,1,https://cf.bstatic.com/xdata/images/hotel/square240/889171917.webp?k=2bbff1e083fc5e1c723c0252a83f02fc92568f28cb14c16ab361c561a4d81e0b&o=,15,Rawalpindi
Crescent Cozy Apartment,https://www.booking.com/hotel/pk/crescent-cozy-apartment.en-gb.html?aid=304142&label=gen173nr-10CAQoggJCDWNpdHlfLTI3NzI1ODVICVgEaLUBiAEBmAEzuAEHyAEM2AED6AEB-AEBiAIBqAIBuAKujsLTBsACAdICJDM4ZDNiYzA1LTEwOWUtNDU1NS04YmFhLTE1MzQ4MGIxZTY3OdgCAeACAQ&ucfs=1&arphpl=1&checkin=2026-08-06&checkout=2026-08-07&dest_id=-2772585&dest_type=city&group_adults=2&req_adults=2&no_rooms=1&group_children=0&req_children=0&hpos=16&hapos=66&sr_order=popularity&srpvid=a6ce56975cc70174&srepoch=1785759550&all_sr_blocks=1278264501_418770043_0_0_0&highlighted_blocks=1278264501_418770043_0_0_0&matching_block_id=1278264501_418770043_0_0_0&sr_pri_blocks=1278264501_418770043_0_0_0__620000&from=searchresults,6200,8.4,32.0,Rawalpindi,7.5,Studio with Balcony,1 extra-large double bed,0,1,0,https://cf.bstatic.com/xdata/images/hotel/square240/794783697.webp?k=59ebc9f1f03510d973f1d2c909296effe63b29a5cefbe3df0382490fb1c1447d&o=,12,Rawalpindi
"Grande apartments 205,206",https://www.booking.com/hotel/pk/grande-apartments-205-206.en-gb.html?aid=304142&label=gen173nr-10CAQoggJCDWNpdHlfLTI3NzI1ODVICVgEaLUBiAEBmAEzuAEHyAEM2AED6AEB-AEBiAIBqAIBuAKujsLTBsACAdICJDM4ZDNiYzA1LTEwOWUtNDU1NS04YmFhLTE1MzQ4MGIxZTY3OdgCAeACAQ&ucfs=1&arphpl=1&checkin=2026-08-06&checkout=2026-08-07&dest_id=-2772585&dest_type=city&group_adults=2&req_adults=2&no_rooms=1&group_children=0&req_children=0&hpos=17&hapos=67&sr_order=popularity&srpvid=a6ce56975cc70174&srepoch=1785759550&all_sr_blocks=1444179201_441518547_0_0_0&highlighted_blocks=1444179201_441518547_0_0_0&matching_block_id=1444179201_441518547_0_0_0&sr_pri_blocks=1444179201_441518547_0_0_0__608000&from=searchresults,6080,8.6,27.0,Rawalpindi,7.7,Apartment with Balcony,"6 beds (1 extra-large double, 5 sofa beds)",0,1,1,https://cf.bstatic.com/xdata/images/hotel/square240/902666662.webp?k=6a692881a873593617d5cafdc105d4de6f5d9b96b361d95f8fa03639e7255ab1&o=,13,Rawalpindi
The Greystone Luxe,https://www.booking.com/hotel/pk/the-greystone-luxe.en-gb.html?aid=304142&label=gen173nr-10CAQoggJCDWNpdHlfLTI3NzI1ODVICVgEaLUBiAEBmAEzuAEHyAEM2AED6AEB-AEBiAIBqAIBuAKujsLTBsACAdICJDM4ZDNiYzA1LTEwOWUtNDU1NS04YmFhLTE1MzQ4MGIxZTY3OdgCAeACAQ&ucfs=1&arphpl=1&checkin=2026-08-06&checkout=2026-08-07&dest_id=-2772585&dest_type=city&group_adults=2&req_adults=2&no_rooms=1&group_children=0&req_children=0&hpos=18&hapos=68&sr_order=popularity&srpvid=a6ce56975cc70174&srepoch=1785759550&all_sr_blocks=1490694001_420731655_3_0_0&highlighted_blocks=1490694001_420731655_3_0_0&matching_block_id=1490694001_420731655_3_0_0&sr_pri_blocks=1490694001_420731655_3_0_0__800000&from=searchresults,8000,9.8,14.0,Rawalpindi,11.3,One-Bedroom Apartment,"2 beds (1 double, 1 sofa bed)",0,1,1,https://cf.bstatic.com/xdata/images/hotel/square240/744044256.webp?k=384b079330665812833f17c865b464c9495ee33499c1e3938867ef98632e2f61&o=,10,Rawalpindi
Charming appartment in bahria hieghts,https://www.booking.com/hotel/pk/charming-appartment-in-bahria-hieghts.en-gb.html?aid=304142&label=gen173nr-10CAQoggJCDWNpdHlfLTI3NzI1ODVICVgEaLUBiAEBmAEzuAEHyAEM2AED6AEB-AEBiAIBqAIBuAKujsLTBsACAdICJDM4ZDNiYzA1LTEwOWUtNDU1NS04YmFhLTE1MzQ4MGIxZTY3OdgCAeACAQ&ucfs=1&arphpl=1&checkin=2026-08-06&checkout=2026-08-07&dest_id=-2772585&dest_type=city&group_adults=2&req_adults=2&no_rooms=1&group_children=0&req_children=0&hpos=19&hapos=69&sr_order=popularity&srpvid=a6ce56975cc70174&srepoch=1785759550&all_sr_blocks=1215879401_393775804_2_0_0_636876&highlighted_blocks=1215879401_393775804_2_0_0_636876&matching_block_id=1215879401_393775804_2_0_0_636876&sr_pri_blocks=1215879401_393775804_2_0_0_636876_877838&from=searchresults,8778,9.6,7.0,Rawalpindi,6.8,One-Bedroom Apartment,1 double bed,0,0,0,https://cf.bstatic.com/xdata/images/hotel/square240/562856754.webp?k=4713fbbc74246b4d0633e9dce153f14537ff0d3430da1dab0f82469c75eba7ca&o=,4,Rawalpindi
Pavilion Suites - Premium Hotel in Bahria Town,https://www.booking.com/hotel/pk/deluxe-1bhk-aparthotel-in-bahria-town.en-gb.html?aid=304142&label=gen173nr-10CAQoggJCDWNpdHlfLTI3NzI1ODVICVgEaLUBiAEBmAEzuAEHyAEM2AED6AEB-AEBiAIBqAIBuAKujsLTBsACAdICJDM4ZDNiYzA1LTEwOWUtNDU1NS04YmFhLTE1MzQ4MGIxZTY3OdgCAeACAQ&ucfs=1&arphpl=1&checkin=2026-08-06&checkout=2026-08-07&dest_id=-2772585&dest_type=city&group_adults=2&req_adults=2&no_rooms=1&group_children=0&req_children=0&hpos=20&hapos=70&sr_order=popularity&srpvid=a6ce56975cc70174&srepoch=1785759550&all_sr_blocks=1221802801_394311504_2_2_0_771897&highlighted_blocks=1221802801_394311504_2_2_0_771897&matching_block_id=1221802801_394311504_2_2_0_771897&sr_pri_blocks=1221802801_394311504_2_2_0_771897_1500000&from=searchresults,15000,9.0,108.0,Rawalpindi,7.7,Deluxe Room,1 double bed,0,1,1,https://cf.bstatic.com/xdata/images/hotel/square240/566580359.webp?k=fdeabfcf1bdde8cad45cd9d65eeea7d0f19052de87a69ce393bc429184df55c5&o=,13,Rawalpindi
Luxury apartments,https://www.booking.com/hotel/pk/luxury-apartments-rawalpindi7.en-gb.html?aid=304142&label=gen173nr-10CAQoggJCDWNpdHlfLTI3NzI1ODVICVgEaLUBiAEBmAEzuAEHyAEM2AED6AEB-AEBiAIBqAIBuAKujsLTBsACAdICJDM4ZDNiYzA1LTEwOWUtNDU1NS04YmFhLTE1MzQ4MGIxZTY3OdgCAeACAQ&ucfs=1&arphpl=1&checkin=2026-08-06&checkout=2026-08-07&dest_id=-2772585&dest_type=city&group_adults=2&req_adults=2&no_rooms=1&group_children=0&req_children=0&hpos=21&hapos=71&sr_order=popularity&srpvid=a6ce56975cc70174&srepoch=1785759550&all_sr_blocks=1468085201_418126212_3_0_0&highlighted_blocks=1468085201_418126212_3_0_0&matching_block_id=1468085201_418126212_3_0_0&sr_pri_blocks=1468085201_418126212_3_0_0__600000&from=searchresults,6000,7.8,9.0,Rawalpindi,7.8,One-Bedroom Apartment,"2 beds (1 double, 1 sofa bed)",0,1,1,https://cf.bstatic.com/xdata/images/hotel/square240/724562024.webp?k=39a1b2058d50c542f32ab93986a1015e3b85b2775f5166f9e1c00c33f56940be&o=,4,Rawalpindi
ORTUS Bahria Islamabad,https://www.booking.com/hotel/pk/ortus-bahria-town.en-gb.html?aid=304142&label=gen173nr-10CAQoggJCDWNpdHlfLTI3NzI1ODVICVgEaLUBiAEBmAEzuAEHyAEM2AED6AEB-AEBiAIBqAIBuAKujsLTBsACAdICJDM4ZDNiYzA1LTEwOWUtNDU1NS04YmFhLTE1MzQ4MGIxZTY3OdgCAeACAQ&ucfs=1&arphpl=1&checkin=2026-08-06&checkout=2026-08-07&dest_id=-2772585&dest_type=city&group_adults=2&req_adults=2&no_rooms=1&group_children=0&req_children=0&hpos=22&hapos=72&sr_order=popularity&srpvid=a6ce56975cc70174&srepoch=1785759550&all_sr_blocks=1411671301_412912098_2_0_0&highlighted_blocks=1411671301_412912098_2_0_0&matching_block_id=1411671301_412912098_2_0_0&sr_pri_blocks=1411671301_412912098_2_0_0__1000000&from=searchresults,10000,8.4,5.0,Rawalpindi,9.6,One-Bedroom Apartment,1 extra-large double bed,0,1,1,https://cf.bstatic.com/xdata/images/hotel/square240/864229494.webp?k=9ae711ded5525a9e24ba019244ebbf374b0abdbff417618dd0bf0fbbc8178187&o=,4,Rawalpindi
White House Residencia,https://www.booking.com/hotel/pk/gills-lodge-rawalpindi.en-gb.html?aid=304142&label=gen173nr-10CAQoggJCDWNpdHlfLTI3NzI1ODVICVgEaLUBiAEBmAEzuAEHyAEM2AED6AEB-AEBiAIBqAIBuAKujsLTBsACAdICJDM4ZDNiYzA1LTEwOWUtNDU1NS04YmFhLTE1MzQ4MGIxZTY3OdgCAeACAQ&ucfs=1&arphpl=1&checkin=2026-08-06&checkout=2026-08-07&dest_id=-2772585&dest_type=city&group_adults=2&req_adults=2&no_rooms=1&group_children=0&req_children=0&hpos=23&hapos=73&sr_order=popularity&srpvid=a6ce56975cc70174&srepoch=1785759550&all_sr_blocks=827507402_429339902_2_1_0&highlighted_blocks=827507402_429339902_2_1_0&matching_block_id=827507402_429339902_2_1_0&sr_pri_blocks=827507402_429339902_2_1_0__775000&from=searchresults,7750,8.2,50.0,Rawalpindi,7.8,Deluxe Double Room with Bath,1 double bed,1,0,0,https://cf.bstatic.com/xdata/images/hotel/square240/774948067.webp?k=6a6954791f7c05e2ffc8b7337eeb88f824c63ce19bff1a33a14d2bd3f5837c70&o=,9,Rawalpindi
The Family Den,https://www.booking.com/hotel/pk/the-den.en-gb.html?aid=304142&label=gen173nr-10CAQoggJCDWNpdHlfLTI3NzI1ODVICVgEaLUBiAEBmAEzuAEHyAEM2AED6AEB-AEBiAIBqAIBuAKujsLTBsACAdICJDM4ZDNiYzA1LTEwOWUtNDU1NS04YmFhLTE1MzQ4MGIxZTY3OdgCAeACAQ&ucfs=1&arphpl=1&checkin=2026-08-06&checkout=2026-08-07&dest_id=-2772585&dest_type=city&group_adults=2&req_adults=2&no_rooms=1&group_children=0&req_children=0&hpos=24&hapos=74&sr_order=popularity&srpvid=a6ce56975cc70174&srepoch=1785759550&all_sr_blocks=577260801_223189307_0_0_0&highlighted_blocks=577260801_223189307_0_0_0&matching_block_id=577260801_223189307_0_0_0&sr_pri_blocks=577260801_223189307_0_0_0__565000&from=searchresults,5650,6.8,42.0,Rawalpindi,9.6,Standard Double Room,1 extra-large double bed,0,0,0,https://cf.bstatic.com/xdata/images/hotel/square240/527186641.webp?k=efb18f105818f9cf1a31ced92e38aa7e3a0f2637edf34a3e1e575c7254507520&o=,8,Rawalpindi
Butterfly Guest House Phase 7 Bahria Town,https://www.booking.com/hotel/pk/butterfly-guest-house-phase-7-bahria-town-rawalpindi.en-gb.html?aid=304142&label=gen173nr-10CAQoggJCDWNpdHlfLTI3NzI1ODVICVgEaLUBiAEBmAEzuAEHyAEM2AED6AEB-AEBiAIBqAIBuAKujsLTBsACAdICJDM4ZDNiYzA1LTEwOWUtNDU1NS04YmFhLTE1MzQ4MGIxZTY3OdgCAeACAQ&ucfs=1&arphpl=1&checkin=2026-08-06&checkout=2026-08-07&dest_id=-2772585&dest_type=city&group_adults=2&req_adults=2&no_rooms=1&group_children=0&req_children=0&hpos=25&hapos=75&sr_order=popularity&srpvid=a6ce56975cc70174&srepoch=1785759550&all_sr_blocks=634445201_366944826_2_2_0&highlighted_blocks=634445201_366944826_2_2_0&matching_block_id=634445201_366944826_2_2_0&sr_pri_blocks=634445201_366944826_2_2_0__950000&from=searchresults,9500,7.5,36.0,Rawalpindi,9.0,Deluxe Double Room,1 large double bed,0,1,1,https://cf.bstatic.com/xdata/images/hotel/square240/248795430.webp?k=9028bf78a958e2a11110dd050fb90b98e31bf7ab42eab395d296a781e9dd0b74&o=,5,Rawalpindi
Most luxurious studio apt in town-Pavilion Suits Bahria GYM Suana,https://www.booking.com/hotel/pk/most-luxurious-apt-in-town-pavilion-suits-bahria-gym-suana.en-gb.html?aid=304142&label=gen173nr-10CAQoggJCDWNpdHlfLTI3NzI1ODVICVgEaLUBiAEBmAEzuAEHyAEM2AED6AEB-AEBiAIBqAIBuAKujsLTBsACAdICJDM4ZDNiYzA1LTEwOWUtNDU1NS04YmFhLTE1MzQ4MGIxZTY3OdgCAeACAQ&ucfs=1&arphpl=1&checkin=2026-08-06&checkout=2026-08-07&dest_id=-2772585&dest_type=city&group_adults=2&req_adults=2&no_rooms=1&group_children=0&req_children=0&hpos=1&hapos=76&sr_order=popularity&srpvid=a6ce56975cc70174&srepoch=1785759553&all_sr_blocks=1618349801_432674674_2_0_0&highlighted_blocks=1618349801_432674674_2_0_0&matching_block_id=1618349801_432674674_2_0_0&sr_pri_blocks=1618349801_432674674_2_0_0__799200&from=searchresults,7992,9.7,7.0,Rawalpindi,7.7,One-Bedroom Apartment,1 double bed,0,1,1,https://cf.bstatic.com/xdata/images/hotel/square240/861598610.webp?k=b96035a7c98e5cfedf628a89d03667b13f8d54324727d30a6858db206530dee3&o=,4,Rawalpindi
"Cosy 1BR Apartment with Views, Bahria Town Phase 5",https://www.booking.com/hotel/pk/cosy-1br-apartment-with-views-bahria-town-phase-5.en-gb.html?aid=304142&label=gen173nr-10CAQoggJCDWNpdHlfLTI3NzI1ODVICVgEaLUBiAEBmAEzuAEHyAEM2AED6AEB-AEBiAIBqAIBuAKujsLTBsACAdICJDM4ZDNiYzA1LTEwOWUtNDU1NS04YmFhLTE1MzQ4MGIxZTY3OdgCAeACAQ&ucfs=1&arphpl=1&checkin=2026-08-06&checkout=2026-08-07&dest_id=-2772585&dest_type=city&group_adults=2&req_adults=2&no_rooms=1&group_children=0&req_children=0&hpos=2&hapos=77&sr_order=popularity&srpvid=a6ce56975cc70174&srepoch=1785759553&all_sr_blocks=1693807801_441024532_6_0_0&highlighted_blocks=1693807801_441024532_6_0_0&matching_block_id=1693807801_441024532_6_0_0&sr_pri_blocks=1693807801_441024532_6_0_0__680000&from=searchresults,6800,,,Rawalpindi,7.7,One-Bedroom Apartment,"5 beds (1 double, 4 sofa beds)",0,1,1,https://cf.bstatic.com/xdata/images/hotel/square240/898653727.webp?k=d5c43099576f36e4ff8c45990b136d31f873215c407320973b3fead848be0467&o=,4,Rawalpindi
Comfort corner,https://www.booking.com/hotel/pk/comfort-corner-islamabad2.en-gb.html?aid=304142&label=gen173nr-10CAQoggJCDWNpdHlfLTI3NzI1ODVICVgEaLUBiAEBmAEzuAEHyAEM2AED6AEB-AEBiAIBqAIBuAKujsLTBsACAdICJDM4ZDNiYzA1LTEwOWUtNDU1NS04YmFhLTE1MzQ4MGIxZTY3OdgCAeACAQ&ucfs=1&arphpl=1&checkin=2026-08-06&checkout=2026-08-07&dest_id=-2772585&dest_type=city&group_adults=2&req_adults=2&no_rooms=1&group_children=0&req_children=0&hpos=3&hapos=78&sr_order=popularity&srpvid=a6ce56975cc70174&srepoch=1785759553&all_sr_blocks=1422442003_413867634_2_42_0&highlighted_blocks=1422442003_413867634_2_42_0&matching_block_id=1422442003_413867634_2_42_0&sr_pri_blocks=1422442003_413867634_2_42_0__1147500&from=searchresults,11475,9.0,28.0,Rawalpindi,12.6,Apartment with Balcony,"6 beds (2 doubles, 2 sofa beds, 2 large doubles)",0,1,1,https://cf.bstatic.com/xdata/images/hotel/square240/687746344.webp?k=c8325d620f5fee9d8bd5f005ebad7bcb6eba1b708491a37c8bb6de8c55b337ab&o=,13,Rawalpindi
Hotel Khursheed Palace,https://www.booking.com/hotel/pk/khursheed-palace-rawalpindi.en-gb.html?aid=304142&label=gen173nr-10CAQoggJCDWNpdHlfLTI3NzI1ODVICVgEaLUBiAEBmAEzuAEHyAEM2AED6AEB-AEBiAIBqAIBuAKujsLTBsACAdICJDM4ZDNiYzA1LTEwOWUtNDU1NS04YmFhLTE1MzQ4MGIxZTY3OdgCAeACAQ&ucfs=1&arphpl=1&checkin=2026-08-06&checkout=2026-08-07&dest_id=-2772585&dest_type=city&group_adults=2&req_adults=2&no_rooms=1&group_children=0&req_children=0&hpos=4&hapos=79&sr_order=popularity&srpvid=a6ce56975cc70174&srepoch=1785759553&all_sr_blocks=515174602_411991123_0_0_0&highlighted_blocks=515174602_411991123_0_0_0&matching_block_id=515174602_411991123_0_0_0&sr_pri_blocks=515174602_411991123_0_0_0__600000&from=searchresults,6000,5.6,27.0,Rawalpindi,1.7,Double Room,1 large double bed,0,0,0,https://cf.bstatic.com/xdata/images/hotel/square240/201413276.webp?k=12ed9c75b61a3af4b32ca8b10d85746ed83d6df02ee2c468fb45baa6f5cc2daa&o=,2,Rawalpindi
Hotel Milton Keynes,https://www.booking.com/hotel/pk/milton-keynes.en-gb.html?aid=304142&label=gen173nr-10CAQoggJCDWNpdHlfLTI3NzI1ODVICVgEaLUBiAEBmAEzuAEHyAEM2AED6AEB-AEBiAIBqAIBuAKujsLTBsACAdICJDM4ZDNiYzA1LTEwOWUtNDU1NS04YmFhLTE1MzQ4MGIxZTY3OdgCAeACAQ&ucfs=1&arphpl=1&checkin=2026-08-06&checkout=2026-08-07&dest_id=-2772585&dest_type=city&group_adults=2&req_adults=2&no_rooms=1&group_children=0&req_children=0&hpos=5&hapos=80&sr_order=popularity&srpvid=a6ce56975cc70174&srepoch=1785759553&all_sr_blocks=1017541402_374229571_2_2_0&highlighted_blocks=1017541402_374229571_2_2_0&matching_block_id=1017541402_374229571_2_2_0&sr_pri_blocks=1017541402_374229571_2_2_0__573750&from=searchresults,5738,10,2.0,Rawalpindi,12.6,Double Room with Balcony (2 Adults + 1 Child),1 extra-large double bed,0,0,0,https://cf.bstatic.com/xdata/images/hotel/square240/471910934.webp?k=c64c59375a7667b7ae8db734533b1fb6799de0394afcb7d8686571987ad620ee&o=,3,Rawalpindi
Safari Valley Lodges - Family Comfort One Bedroom Flat Bahria Town phase 8,https://www.booking.com/hotel/pk/1-bed-furnished-apartment-flat-bahria-town-rwp-isb-rawalpindi.en-gb.html?aid=304142&label=gen173nr-10CAQoggJCDWNpdHlfLTI3NzI1ODVICVgEaLUBiAEBmAEzuAEHyAEM2AED6AEB-AEBiAIBqAIBuAKujsLTBsACAdICJDM4ZDNiYzA1LTEwOWUtNDU1NS04YmFhLTE1MzQ4MGIxZTY3OdgCAeACAQ&ucfs=1&arphpl=1&checkin=2026-08-06&checkout=2026-08-07&dest_id=-2772585&dest_type=city&group_adults=2&req_adults=2&no_rooms=1&group_children=0&req_children=0&hpos=6&hapos=81&sr_order=popularity&srpvid=a6ce56975cc70174&srepoch=1785759553&all_sr_blocks=1611119001_432024047_0_0_0&highlighted_blocks=1611119001_432024047_0_0_0&matching_block_id=1611119001_432024047_0_0_0&sr_pri_blocks=1611119001_432024047_0_0_0__520000&from=searchresults,5200,,,Rawalpindi,12.3,One-Bedroom Apartment,"2 beds (1 double, 1 sofa bed)",0,1,1,https://cf.bstatic.com/xdata/images/hotel/square240/846910284.webp?k=58aaecb8bbda7fee3d48e82bc91e7e9ead2cabe0f92b89067f596e7f175863fa&o=,4,Rawalpindi
Modern Luxury Haven in the Heart of the City,https://www.booking.com/hotel/pk/modern-luxury-haven-in-the-heart-of-the-city.en-gb.html?aid=304142&label=gen173nr-10CAQoggJCDWNpdHlfLTI3NzI1ODVICVgEaLUBiAEBmAEzuAEHyAEM2AED6AEB-AEBiAIBqAIBuAKujsLTBsACAdICJDM4ZDNiYzA1LTEwOWUtNDU1NS04YmFhLTE1MzQ4MGIxZTY3OdgCAeACAQ&ucfs=1&arphpl=1&checkin=2026-08-06&checkout=2026-08-07&dest_id=-2772585&dest_type=city&group_adults=2&req_adults=2&no_rooms=1&group_children=0&req_children=0&hpos=7&hapos=82&sr_order=popularity&srpvid=a6ce56975cc70174&srepoch=1785759553&all_sr_blocks=1568827001_427967999_2_0_0&highlighted_blocks=1568827001_427967999_2_0_0&matching_block_id=1568827001_427967999_2_0_0&sr_pri_blocks=1568827001_427967999_2_0_0__1000000&from=searchresults,10000,10,1.0,Rawalpindi,9.7,One-Bedroom Apartment,1 double bed,0,1,1,https://cf.bstatic.com/xdata/images/hotel/square240/811980596.webp?k=3073fc0b2e6e3a6f6db6a8546d11736c662509ede133bf560310be2bd55b0e62&o=,4,Rawalpindi
Northern suites 2 bedroom apartment,https://www.booking.com/hotel/pk/northern-suites-2-bedroom-apartment.en-gb.html?aid=304142&label=gen173nr-10CAQoggJCDWNpdHlfLTI3NzI1ODVICVgEaLUBiAEBmAEzuAEHyAEM2AED6AEB-AEBiAIBqAIBuAKujsLTBsACAdICJDM4ZDNiYzA1LTEwOWUtNDU1NS04YmFhLTE1MzQ4MGIxZTY3OdgCAeACAQ&ucfs=1&arphpl=1&checkin=2026-08-06&checkout=2026-08-07&dest_id=-2772585&dest_type=city&group_adults=2&req_adults=2&no_rooms=1&group_children=0&req_children=0&hpos=8&hapos=83&sr_order=popularity&srpvid=a6ce56975cc70174&srepoch=1785759553&all_sr_blocks=1274817801_400337075_8_2_0&highlighted_blocks=1274817801_400337075_8_2_0&matching_block_id=1274817801_400337075_8_2_0&sr_pri_blocks=1274817801_400337075_8_2_0__1301250&from=searchresults,13013,7.6,5.0,Rawalpindi,7.5,Two-Bedroom Apartment with Balcony,"5 beds (3 sofa beds, 2 large doubles)",0,1,1,https://cf.bstatic.com/xdata/images/hotel/square240/837071546.webp?k=7352beb3f71f93e02135a7ba49f4366e1b7a98b1663ea29025ccd7f1e338d3dd&o=,11,Rawalpindi
Morgah Resort - Guest Rooms,https://www.booking.com/hotel/pk/7pv-house.en-gb.html?aid=304142&label=gen173nr-10CAQoggJCDWNpdHlfLTI3NzI1ODVICVgEaLUBiAEBmAEzuAEHyAEM2AED6AEB-AEBiAIBqAIBuAKujsLTBsACAdICJDM4ZDNiYzA1LTEwOWUtNDU1NS04YmFhLTE1MzQ4MGIxZTY3OdgCAeACAQ&ucfs=1&arphpl=1&checkin=2026-08-06&checkout=2026-08-07&dest_id=-2772585&dest_type=city&group_adults=2&req_adults=2&no_rooms=1&group_children=0&req_children=0&hpos=9&hapos=84&sr_order=popularity&srpvid=a6ce56975cc70174&srepoch=1785759553&all_sr_blocks=603192301_340970735_2_0_0&highlighted_blocks=603192301_340970735_2_0_0&matching_block_id=603192301_340970735_2_0_0&sr_pri_blocks=603192301_340970735_2_0_0__750000&from=searchresults,7500,4.4,11.0,Rawalpindi,4.3,Deluxe Double Room (2 Adults + 1 Child),1 large double bed,0,1,0,https://cf.bstatic.com/xdata/images/hotel/square240/866127741.webp?k=3a9a33fc5fc1da55a4826271e906c3097204aaaf008d608afa6361e6ee7720b9&o=,3,Rawalpindi
Safari Club 3 Bahria Town,https://www.booking.com/hotel/pk/safari-club-3.en-gb.html?aid=304142&label=gen173nr-10CAQoggJCDWNpdHlfLTI3NzI1ODVICVgEaLUBiAEBmAEzuAEHyAEM2AED6AEB-AEBiAIBqAIBuAKujsLTBsACAdICJDM4ZDNiYzA1LTEwOWUtNDU1NS04YmFhLTE1MzQ4MGIxZTY3OdgCAeACAQ&ucfs=1&arphpl=1&checkin=2026-08-06&checkout=2026-08-07&dest_id=-2772585&dest_type=city&group_adults=2&req_adults=2&no_rooms=1&group_children=0&req_children=0&hpos=10&hapos=85&sr_order=popularity&srpvid=a6ce56975cc70174&srepoch=1785759553&all_sr_blocks=409416501_366943788_0_2_0&highlighted_blocks=409416501_366943788_0_2_0&matching_block_id=409416501_366943788_0_2_0&sr_pri_blocks=409416501_366943788_0_2_0__850000&from=searchresults,8500,7.2,36.0,Rawalpindi,6.8,Standard Double Room,1 double bed,0,1,1,https://cf.bstatic.com/xdata/images/hotel/square240/162663127.webp?k=41e77b5533188fa91a4acc220a34e4b367403e697eb710bb218b7441c8bbd584&o=,11,Rawalpindi
Islamabad Travelodge Guest House,https://www.booking.com/hotel/pk/islamabad-travelodge-guest-house.en-gb.html?aid=304142&label=gen173nr-10CAQoggJCDWNpdHlfLTI3NzI1ODVICVgEaLUBiAEBmAEzuAEHyAEM2AED6AEB-AEBiAIBqAIBuAKujsLTBsACAdICJDM4ZDNiYzA1LTEwOWUtNDU1NS04YmFhLTE1MzQ4MGIxZTY3OdgCAeACAQ&ucfs=1&arphpl=1&checkin=2026-08-06&checkout=2026-08-07&dest_id=-2772585&dest_type=city&group_adults=2&req_adults=2&no_rooms=1&group_children=0&req_children=0&hpos=11&hapos=86&sr_order=popularity&srpvid=a6ce56975cc70174&srepoch=1785759553&all_sr_blocks=924416903_364229248_2_0_0&highlighted_blocks=924416903_364229248_2_0_0&matching_block_id=924416903_364229248_2_0_0&sr_pri_blocks=924416903_364229248_2_0_0__550000&from=searchresults,5500,8.1,181.0,Rawalpindi,19.1,Standard Double Room,1 extra-large double bed,0,1,1,https://cf.bstatic.com/xdata/images/hotel/square240/436823907.webp?k=6d9721ac99bd237e1a438adde8798c66fe4ac0274fa73233b531d008cdbf0ef3&o=,10,Rawalpindi
2BHK Apartment Perfect for Families & Groups,https://www.booking.com/hotel/pk/one-bed-apartment-with-kitchen-amp-lounge.en-gb.html?aid=304142&label=gen173nr-10CAQoggJCDWNpdHlfLTI3NzI1ODVICVgEaLUBiAEBmAEzuAEHyAEM2AED6AEB-AEBiAIBqAIBuAKujsLTBsACAdICJDM4ZDNiYzA1LTEwOWUtNDU1NS04YmFhLTE1MzQ4MGIxZTY3OdgCAeACAQ&ucfs=1&arphpl=1&checkin=2026-08-06&checkout=2026-08-07&dest_id=-2772585&dest_type=city&group_adults=2&req_adults=2&no_rooms=1&group_children=0&req_children=0&hpos=12&hapos=87&sr_order=popularity&srpvid=a6ce56975cc70174&srepoch=1785759553&all_sr_blocks=1254448011_426711091_4_0_0&highlighted_blocks=1254448011_426711091_4_0_0&matching_block_id=1254448011_426711091_4_0_0&sr_pri_blocks=1254448011_426711091_4_0_0__1300000&from=searchresults,13000,9.4,11.0,Rawalpindi,9.7,Deluxe Double Room with Balcony,2 double beds,0,1,1,https://cf.bstatic.com/xdata/images/hotel/square240/894465419.webp?k=ca95fedf6283ffa7957f5b410ecfedd27c26715ad302218d8195a83e794716a0&o=,10,Rawalpindi
"Naz Lodges RiverHills 2,Bahria Town Rwp",https://www.booking.com/hotel/pk/naz-lodges-riverhills-2-bahria-town-rwp.en-gb.html?aid=304142&label=gen173nr-10CAQoggJCDWNpdHlfLTI3NzI1ODVICVgEaLUBiAEBmAEzuAEHyAEM2AED6AEB-AEBiAIBqAIBuAKujsLTBsACAdICJDM4ZDNiYzA1LTEwOWUtNDU1NS04YmFhLTE1MzQ4MGIxZTY3OdgCAeACAQ&ucfs=1&arphpl=1&checkin=2026-08-06&checkout=2026-08-07&dest_id=-2772585&dest_type=city&group_adults=2&req_adults=2&no_rooms=1&group_children=0&req_children=0&hpos=13&hapos=88&sr_order=popularity&srpvid=a6ce56975cc70174&srepoch=1785759553&all_sr_blocks=1350108001_407355939_2_0_0&highlighted_blocks=1350108001_407355939_2_0_0&matching_block_id=1350108001_407355939_2_0_0&sr_pri_blocks=1350108001_407355939_2_0_0__764915&from=searchresults,7649,8.3,6.0,Rawalpindi,9.3,One-Bedroom Apartment,"2 beds (1 double, 1 sofa bed)",0,1,1,https://cf.bstatic.com/xdata/images/hotel/square240/641548092.webp?k=3bc0f55c274c4880f6147f2f7c7027a42def4e2ac18447facf5f90468c85e91f&o=,4,Rawalpindi
River Hill,https://www.booking.com/hotel/pk/river-hill.en-gb.html?aid=304142&label=gen173nr-10CAQoggJCDWNpdHlfLTI3NzI1ODVICVgEaLUBiAEBmAEzuAEHyAEM2AED6AEB-AEBiAIBqAIBuAKujsLTBsACAdICJDM4ZDNiYzA1LTEwOWUtNDU1NS04YmFhLTE1MzQ4MGIxZTY3OdgCAeACAQ&ucfs=1&arphpl=1&checkin=2026-08-06&checkout=2026-08-07&dest_id=-2772585&dest_type=city&group_adults=2&req_adults=2&no_rooms=1&group_children=0&req_children=0&hpos=14&hapos=89&sr_order=popularity&srpvid=a6ce56975cc70174&srepoch=1785759553&all_sr_blocks=1663688901_438236048_2_1_0&highlighted_blocks=1663688901_438236048_2_1_0&matching_block_id=1663688901_438236048_2_1_0&sr_pri_blocks=1663688901_438236048_2_1_0__670000&from=searchresults,6700,,,Rawalpindi,8.5,One-Bedroom Apartment,1 double bed,1,1,1,https://cf.bstatic.com/xdata/images/hotel/square240/881157293.webp?k=21899a9921028a5c615b5f2032fce3a15432cd8cd7e1912e39fc9cdd1cbd1b04&o=,4,Rawalpindi
Vaporium Apartments Bahria Islamabad,https://www.booking.com/hotel/pk/vaporium-penthouse-bahria-rwp.en-gb.html?aid=304142&label=gen173nr-10CAQoggJCDWNpdHlfLTI3NzI1ODVICVgEaLUBiAEBmAEzuAEHyAEM2AED6AEB-AEBiAIBqAIBuAKujsLTBsACAdICJDM4ZDNiYzA1LTEwOWUtNDU1NS04YmFhLTE1MzQ4MGIxZTY3OdgCAeACAQ&ucfs=1&arphpl=1&checkin=2026-08-06&checkout=2026-08-07&dest_id=-2772585&dest_type=city&group_adults=2&req_adults=2&no_rooms=1&group_children=0&req_children=0&hpos=15&hapos=90&sr_order=popularity&srpvid=a6ce56975cc70174&srepoch=1785759553&all_sr_blocks=1181013101_393912529_4_2_0&highlighted_blocks=1181013101_393912529_4_2_0&matching_block_id=1181013101_393912529_4_2_0&sr_pri_blocks=1181013101_393912529_4_2_0__800000&from=searchresults,8000,10,2.0,Rawalpindi,7.5,Penthouse Apartment,"3 beds (1 extra-large double, 2 sofa beds)",0,1,1,https://cf.bstatic.com/xdata/images/hotel/square240/541389890.webp?k=a9c8bc16a381c942cce750d43538ca651b1bbfa688cef7355ea276d04b9ecb93&o=,4,Rawalpindi
Dreamland royal suite,https://www.booking.com/hotel/pk/dreamland-royal-suite.en-gb.html?aid=304142&label=gen173nr-10CAQoggJCDWNpdHlfLTI3NzI1ODVICVgEaLUBiAEBmAEzuAEHyAEM2AED6AEB-AEBiAIBqAIBuAKujsLTBsACAdICJDM4ZDNiYzA1LTEwOWUtNDU1NS04YmFhLTE1MzQ4MGIxZTY3OdgCAeACAQ&ucfs=1&arphpl=1&checkin=2026-08-06&checkout=2026-08-07&dest_id=-2772585&dest_type=city&group_adults=2&req_adults=2&no_rooms=1&group_children=0&req_children=0&hpos=16&hapos=91&sr_order=popularity&srpvid=a6ce56975cc70174&srepoch=1785759553&all_sr_blocks=1611066201_432019623_2_2_0&highlighted_blocks=1611066201_432019623_2_2_0&matching_block_id=1611066201_432019623_2_2_0&sr_pri_blocks=1611066201_432019623_2_2_0__811000&from=searchresults,8110,10,2.0,Rawalpindi,5.6,Superior Apartment with City View,"2 beds (1 double, 1 sofa bed)",0,1,1,https://cf.bstatic.com/xdata/images/hotel/square240/846893008.webp?k=4233d522048a52ca7a60ed0a3cd4b77da263f20fd15a67ba72d66bd2f39ed93e&o=,4,Rawalpindi
ITL GUESTHOUSE,https://www.booking.com/hotel/pk/itl-guesthouse.en-gb.html?aid=304142&label=gen173nr-10CAQoggJCDWNpdHlfLTI3NzI1ODVICVgEaLUBiAEBmAEzuAEHyAEM2AED6AEB-AEBiAIBqAIBuAKujsLTBsACAdICJDM4ZDNiYzA1LTEwOWUtNDU1NS04YmFhLTE1MzQ4MGIxZTY3OdgCAeACAQ&ucfs=1&arphpl=1&checkin=2026-08-06&checkout=2026-08-07&dest_id=-2772585&dest_type=city&group_adults=2&req_adults=2&no_rooms=1&group_children=0&req_children=0&hpos=17&hapos=92&sr_order=popularity&srpvid=a6ce56975cc70174&srepoch=1785759553&all_sr_blocks=1106005101_383417101_2_0_0&highlighted_blocks=1106005101_383417101_2_0_0&matching_block_id=1106005101_383417101_2_0_0&sr_pri_blocks=1106005101_383417101_2_0_0__474905&from=searchresults,4749,8.3,54.0,Rawalpindi,19.1,Standard Double Room,1 extra-large double bed,0,1,1,https://cf.bstatic.com/xdata/images/hotel/square240/623052874.webp?k=e5e2b2413a6c6faa6c5638a28e179fc855b2f5e1776087b63144cbf071e3606e&o=,10,Rawalpindi
Cozy and Private 2BHK Apartment Islamabad - Netflix-AC-Kitchen-Free Parking,https://www.booking.com/hotel/pk/sahil-apartment.en-gb.html?aid=304142&label=gen173nr-10CAQoggJCDWNpdHlfLTI3NzI1ODVICVgEaLUBiAEBmAEzuAEHyAEM2AED6AEB-AEBiAIBqAIBuAKujsLTBsACAdICJDM4ZDNiYzA1LTEwOWUtNDU1NS04YmFhLTE1MzQ4MGIxZTY3OdgCAeACAQ&ucfs=1&arphpl=1&checkin=2026-08-06&checkout=2026-08-07&dest_id=-2772585&dest_type=city&group_adults=2&req_adults=2&no_rooms=1&group_children=0&req_children=0&hpos=18&hapos=93&sr_order=popularity&srpvid=a6ce56975cc70174&srepoch=1785759553&all_sr_blocks=1619417801_432771602_6_0_0&highlighted_blocks=1619417801_432771602_6_0_0&matching_block_id=1619417801_432771602_6_0_0&sr_pri_blocks=1619417801_432771602_6_0_0__1120500&from=searchresults,11205,7.4,7.0,"E-11 Sector, Rawalpindi",14.2,Two-Bedroom Apartment,2 large double beds,0,1,1,https://cf.bstatic.com/xdata/images/hotel/square240/854937832.webp?k=dde668f2b9c009541601eab5623b55625e5bd703f98fbf18a569e9b4c32d0446&o=,5,Rawalpindi
Brick Accent Loft 1BHK with Balcony & Free Netflix,https://www.booking.com/hotel/pk/brick-accent-loft-1bhk-with-balcony-amp-free-netflix.en-gb.html?aid=304142&label=gen173nr-10CAQoggJCDWNpdHlfLTI3NzI1ODVICVgEaLUBiAEBmAEzuAEHyAEM2AED6AEB-AEBiAIBqAIBuAKujsLTBsACAdICJDM4ZDNiYzA1LTEwOWUtNDU1NS04YmFhLTE1MzQ4MGIxZTY3OdgCAeACAQ&ucfs=1&arphpl=1&checkin=2026-08-06&checkout=2026-08-07&dest_id=-2772585&dest_type=city&group_adults=2&req_adults=2&no_rooms=1&group_children=0&req_children=0&hpos=19&hapos=94&sr_order=popularity&srpvid=a6ce56975cc70174&srepoch=1785759553&all_sr_blocks=1463825901_417692794_2_0_0&highlighted_blocks=1463825901_417692794_2_0_0&matching_block_id=1463825901_417692794_2_0_0&sr_pri_blocks=1463825901_417692794_2_0_0__765000&from=searchresults,7650,8.0,12.0,Rawalpindi,9.5,One-Bedroom Apartment,"3 beds (1 double, 2 sofa beds)",0,1,1,https://cf.bstatic.com/xdata/images/hotel/square240/720562529.webp?k=20d3e2aa93796ecf313537cd9e779389cd6882d23299c75b7cbac97f44f73074&o=,14,Rawalpindi
Grey Den,https://www.booking.com/hotel/pk/grey-den.en-gb.html?aid=304142&label=gen173nr-10CAQoggJCDWNpdHlfLTI3NzI1ODVICVgEaLUBiAEBmAEzuAEHyAEM2AED6AEB-AEBiAIBqAIBuAKujsLTBsACAdICJDM4ZDNiYzA1LTEwOWUtNDU1NS04YmFhLTE1MzQ4MGIxZTY3OdgCAeACAQ&ucfs=1&arphpl=1&checkin=2026-08-06&checkout=2026-08-07&dest_id=-2772585&dest_type=city&group_adults=2&req_adults=2&no_rooms=1&group_children=0&req_children=0&hpos=20&hapos=95&sr_order=popularity&srpvid=a6ce56975cc70174&srepoch=1785759553&all_sr_blocks=1691513101_440796401_4_0_0&highlighted_blocks=1691513101_440796401_4_0_0&matching_block_id=1691513101_440796401_4_0_0&sr_pri_blocks=1691513101_440796401_4_0_0__765000&from=searchresults,7650,,,Rawalpindi,11.3,One-Bedroom Apartment,1 large double bed,0,1,1,https://cf.bstatic.com/xdata/images/hotel/square240/897123643.webp?k=dcba605ca980ac478e450d453821fe743a8b1fcaab22bde9ad49467f43f55f2d&o=,4,Rawalpindi
Luxury Studio Self CheckIn Bahria Phase 7 1 Bed,https://www.booking.com/hotel/pk/luxury-studio-self-checkin-bahria-phase-7-1-bed.en-gb.html?aid=304142&label=gen173nr-10CAQoggJCDWNpdHlfLTI3NzI1ODVICVgEaLUBiAEBmAEzuAEHyAEM2AED6AEB-AEBiAIBqAIBuAKujsLTBsACAdICJDM4ZDNiYzA1LTEwOWUtNDU1NS04YmFhLTE1MzQ4MGIxZTY3OdgCAeACAQ&ucfs=1&arphpl=1&checkin=2026-08-06&checkout=2026-08-07&dest_id=-2772585&dest_type=city&group_adults=2&req_adults=2&no_rooms=1&group_children=0&req_children=0&hpos=21&hapos=96&sr_order=popularity&srpvid=a6ce56975cc70174&srepoch=1785759553&all_sr_blocks=1676321901_439357918_3_0_0&highlighted_blocks=1676321901_439357918_3_0_0&matching_block_id=1676321901_439357918_3_0_0&sr_pri_blocks=1676321901_439357918_3_0_0__552500&from=searchresults,5525,,,Rawalpindi,10.1,Two-Bedroom Apartment,"5 beds (1 extra-large double, 2 sofa beds, 1 large double, 1 futon)",0,1,1,https://cf.bstatic.com/xdata/images/hotel/square240/888750011.webp?k=3677e723173c9753895dc58663a17f0dcf7669e654e1443d17c57795c1e11d67&o=,5,Rawalpindi
SPACE Luxury Rental Suites,https://www.booking.com/hotel/pk/space-luxury-rental-suites.en-gb.html?aid=304142&label=gen173nr-10CAQoggJCDWNpdHlfLTI3NzI1ODVICVgEaLUBiAEBmAEzuAEHyAEM2AED6AEB-AEBiAIBqAIBuAKujsLTBsACAdICJDM4ZDNiYzA1LTEwOWUtNDU1NS04YmFhLTE1MzQ4MGIxZTY3OdgCAeACAQ&ucfs=1&arphpl=1&checkin=2026-08-06&checkout=2026-08-07&dest_id=-2772585&dest_type=city&group_adults=2&req_adults=2&no_rooms=1&group_children=0&req_children=0&hpos=22&hapos=97&sr_order=popularity&srpvid=a6ce56975cc70174&srepoch=1785759553&all_sr_blocks=410467901_354639908_2_2_0&highlighted_blocks=410467901_354639908_2_2_0&matching_block_id=410467901_354639908_2_2_0&sr_pri_blocks=410467901_354639908_2_2_0__1200000&from=searchresults,12000,6.2,109.0,Rawalpindi,8.5,One-Bedroom Apartment,1 extra-large double bed,0,1,1,https://cf.bstatic.com/xdata/images/hotel/square240/163070217.webp?k=33def6d97e257d3cea71b763394a106323439b1fe8d0326c2eedd89df623e63d&o=,11,Rawalpindi
Cineplex Lodges Executive 3,https://www.booking.com/hotel/pk/cineplex-lodges-executive-3.en-gb.html?aid=304142&label=gen173nr-10CAQoggJCDWNpdHlfLTI3NzI1ODVICVgEaLUBiAEBmAEzuAEHyAEM2AED6AEB-AEBiAIBqAIBuAKujsLTBsACAdICJDM4ZDNiYzA1LTEwOWUtNDU1NS04YmFhLTE1MzQ4MGIxZTY3OdgCAeACAQ&ucfs=1&arphpl=1&checkin=2026-08-06&checkout=2026-08-07&dest_id=-2772585&dest_type=city&group_adults=2&req_adults=2&no_rooms=1&group_children=0&req_children=0&hpos=23&hapos=98&sr_order=popularity&srpvid=a6ce56975cc70174&srepoch=1785759553&all_sr_blocks=1366102501_408952311_2_0_0&highlighted_blocks=1366102501_408952311_2_0_0&matching_block_id=1366102501_408952311_2_0_0&sr_pri_blocks=1366102501_408952311_2_0_0__796005&from=searchresults,7960,8.5,2.0,Rawalpindi,8.7,One-Bedroom Apartment,1 double bed,0,1,1,https://cf.bstatic.com/xdata/images/hotel/square240/650875885.webp?k=487921f7f3375cbd33209b30448754e81ba28c55405df6ca727e2365135d5cfe&o=,4,Rawalpindi
1BHK Designer Suite with Balcony,https://www.booking.com/hotel/pk/1bhk-designer-suite-with-balcony.en-gb.html?aid=304142&label=gen173nr-10CAQoggJCDWNpdHlfLTI3NzI1ODVICVgEaLUBiAEBmAEzuAEHyAEM2AED6AEB-AEBiAIBqAIBuAKujsLTBsACAdICJDM4ZDNiYzA1LTEwOWUtNDU1NS04YmFhLTE1MzQ4MGIxZTY3OdgCAeACAQ&ucfs=1&arphpl=1&checkin=2026-08-06&checkout=2026-08-07&dest_id=-2772585&dest_type=city&group_adults=2&req_adults=2&no_rooms=1&group_children=0&req_children=0&hpos=24&hapos=99&sr_order=popularity&srpvid=a6ce56975cc70174&srepoch=1785759553&all_sr_blocks=1475137801_418936359_2_0_0&highlighted_blocks=1475137801_418936359_2_0_0&matching_block_id=1475137801_418936359_2_0_0&sr_pri_blocks=1475137801_418936359_2_0_0__760000&from=searchresults,7600,7.7,4.0,Rawalpindi,9.6,One-Bedroom Apartment,"2 beds (1 extra-large double, 1 sofa bed)",0,1,1,https://cf.bstatic.com/xdata/images/hotel/square240/730571239.webp?k=8e2a39deae1acbb61c62c2f1ba9a259cd28dbb3f6c386d7be9c98e80619fa41c&o=,4,Rawalpindi
Rooms In Central Rawalpindi,https://www.booking.com/hotel/pk/rooms-in-central-rawalpindi.en-gb.html?aid=304142&label=gen173nr-10CAQoggJCDWNpdHlfLTI3NzI1ODVICVgEaLUBiAEBmAEzuAEHyAEM2AED6AEB-AEBiAIBqAIBuAKujsLTBsACAdICJDM4ZDNiYzA1LTEwOWUtNDU1NS04YmFhLTE1MzQ4MGIxZTY3OdgCAeACAQ&ucfs=1&arphpl=1&checkin=2026-08-06&checkout=2026-08-07&dest_id=-2772585&dest_type=city&group_adults=2&req_adults=2&no_rooms=1&group_children=0&req_children=0&hpos=25&hapos=100&sr_order=popularity&srpvid=a6ce56975cc70174&srepoch=1785759553&all_sr_blocks=1327052101_405305732_2_0_0&highlighted_blocks=1327052101_405305732_2_0_0&matching_block_id=1327052101_405305732_2_0_0&sr_pri_blocks=1327052101_405305732_2_0_0__600000&from=searchresults,6000,8.0,9.0,Rawalpindi,1.5,Double Room with Balcony,1 large double bed,0,1,1,https://cf.bstatic.com/xdata/images/hotel/square240/803267397.webp?k=31442a08278a58b8c1762f9cb32363d4dd443078236d240e361408bc3f2c9cb3&o=,4,Rawalpindi
Metro Apartments near Medicsi Civic center bahria town RWP,https://www.booking.com/hotel/pk/metro-apartments-near-medicsi-civic-center-bahria-town-rwp.en-gb.html?aid=304142&label=gen173nr-10CAQoggJCDWNpdHlfLTI3NzI1ODVICVgEaLUBiAEBmAEzuAEHyAEM2AED6AEB-AEBiAIBqAIBuAKujsLTBsACAdICJDM4ZDNiYzA1LTEwOWUtNDU1NS04YmFhLTE1MzQ4MGIxZTY3OdgCAeACAQ&ucfs=1&arphpl=1&checkin=2026-08-06&checkout=2026-08-07&dest_id=-2772585&dest_type=city&group_adults=2&req_adults=2&no_rooms=1&group_children=0&req_children=0&hpos=1&hapos=101&sr_order=popularity&srpvid=a6ce56975cc70174&srepoch=1785759555&all_sr_blocks=1681688801_439950317_4_0_0&highlighted_blocks=1681688801_439950317_4_0_0&matching_block_id=1681688801_439950317_4_0_0&sr_pri_blocks=1681688801_439950317_4_0_0__600000&from=searchresults,6000,,,Rawalpindi,7.5,One-Bedroom Apartment,"3 beds (2 sofa beds, 1 large double)",0,1,1,https://cf.bstatic.com/xdata/images/hotel/square240/891715802.webp?k=11598870d5489600693be69a91971b545bcfe1b5ba0674f544238a540f939670&o=,11,Rawalpindi
One bed lovely apartment,https://www.booking.com/hotel/pk/one-bed-lovely-apartment.en-gb.html?aid=304142&label=gen173nr-10CAQoggJCDWNpdHlfLTI3NzI1ODVICVgEaLUBiAEBmAEzuAEHyAEM2AED6AEB-AEBiAIBqAIBuAKujsLTBsACAdICJDM4ZDNiYzA1LTEwOWUtNDU1NS04YmFhLTE1MzQ4MGIxZTY3OdgCAeACAQ&ucfs=1&arphpl=1&checkin=2026-08-06&checkout=2026-08-07&dest_id=-2772585&dest_type=city&group_adults=2&req_adults=2&no_rooms=1&group_children=0&req_children=0&hpos=2&hapos=102&sr_order=popularity&srpvid=a6ce56975cc70174&srepoch=1785759555&all_sr_blocks=919965701_368816697_4_0_0&highlighted_blocks=919965701_368816697_4_0_0&matching_block_id=919965701_368816697_4_0_0&sr_pri_blocks=919965701_368816697_4_0_0__540000&from=searchresults,5400,5.2,14.0,Rawalpindi,6.2,One-Bedroom Apartment,"3 beds (1 double, 2 sofa beds)",0,1,0,https://cf.bstatic.com/xdata/images/hotel/square240/833807355.webp?k=ea7c361806009df564f58de9d4c50081332013c12ee2f187992137062d796c06&o=,9,Rawalpindi
Blackden Apartments Your cozy escape awaits,https://www.booking.com/hotel/pk/blackden-apartments-your-cozy-escape-awaits.en-gb.html?aid=304142&label=gen173nr-10CAQoggJCDWNpdHlfLTI3NzI1ODVICVgEaLUBiAEBmAEzuAEHyAEM2AED6AEB-AEBiAIBqAIBuAKujsLTBsACAdICJDM4ZDNiYzA1LTEwOWUtNDU1NS04YmFhLTE1MzQ4MGIxZTY3OdgCAeACAQ&ucfs=1&arphpl=1&checkin=2026-08-06&checkout=2026-08-07&dest_id=-2772585&dest_type=city&group_adults=2&req_adults=2&no_rooms=1&group_children=0&req_children=0&hpos=3&hapos=103&sr_order=popularity&srpvid=a6ce56975cc70174&srepoch=1785759555&all_sr_blocks=1537896001_425238884_2_0_0&highlighted_blocks=1537896001_425238884_2_0_0&matching_block_id=1537896001_425238884_2_0_0&sr_pri_blocks=1537896001_425238884_2_0_0__810000&from=searchresults,8100,7.6,6.0,Rawalpindi,9.6,One-Bedroom Apartment,1 double bed,0,1,1,https://cf.bstatic.com/xdata/images/hotel/square240/786189000.webp?k=5114bdac6f35f94222f1cea29c01bc23737382881131046a54c739576eace649&o=,5,Rawalpindi
Modern 1BHK in Bahria Heights,https://www.booking.com/hotel/pk/modern-1bhk-in-bahria-heights.en-gb.html?aid=304142&label=gen173nr-10CAQoggJCDWNpdHlfLTI3NzI1ODVICVgEaLUBiAEBmAEzuAEHyAEM2AED6AEB-AEBiAIBqAIBuAKujsLTBsACAdICJDM4ZDNiYzA1LTEwOWUtNDU1NS04YmFhLTE1MzQ4MGIxZTY3OdgCAeACAQ&ucfs=1&arphpl=1&checkin=2026-08-06&checkout=2026-08-07&dest_id=-2772585&dest_type=city&group_adults=2&req_adults=2&no_rooms=1&group_children=0&req_children=0&hpos=4&hapos=104&sr_order=popularity&srpvid=a6ce56975cc70174&srepoch=1785759555&all_sr_blocks=1615929101_432466338_4_0_0&highlighted_blocks=1615929101_432466338_4_0_0&matching_block_id=1615929101_432466338_4_0_0&sr_pri_blocks=1615929101_432466338_4_0_0__810000&from=searchresults,8100,7.8,4.0,Rawalpindi,6.0,One-Bedroom Apartment,1 double bed,0,0,0,https://cf.bstatic.com/xdata/images/hotel/square240/850813510.webp?k=b3b6e39802392bdf6e449734accb46b668477fc575dfd164640a87f5962871ee&o=,11,Rawalpindi
Apartment in Rawalpindi,https://www.booking.com/hotel/pk/apartment-in-rawalpindi-rawalpindi5.en-gb.html?aid=304142&label=gen173nr-10CAQoggJCDWNpdHlfLTI3NzI1ODVICVgEaLUBiAEBmAEzuAEHyAEM2AED6AEB-AEBiAIBqAIBuAKujsLTBsACAdICJDM4ZDNiYzA1LTEwOWUtNDU1NS04YmFhLTE1MzQ4MGIxZTY3OdgCAeACAQ&ucfs=1&arphpl=1&checkin=2026-08-06&checkout=2026-08-07&dest_id=-2772585&dest_type=city&group_adults=2&req_adults=2&no_rooms=1&group_children=0&req_children=0&hpos=5&hapos=105&sr_order=popularity&srpvid=a6ce56975cc70174&srepoch=1785759555&all_sr_blocks=1696148101_441289670_3_0_0&highlighted_blocks=1696148101_441289670_3_0_0&matching_block_id=1696148101_441289670_3_0_0&sr_pri_blocks=1696148101_441289670_3_0_0__680000&from=searchresults,6800,,,Rawalpindi,13.5,One-Bedroom Apartment,"2 beds (1 double, 1 sofa bed)",0,1,1,https://cf.bstatic.com/xdata/images/hotel/square240/900252334.webp?k=c7fae159921eb742c220d4ac6a308824c5512aa0dcc5491f8d2722e616b2e1d8&o=,4,Rawalpindi
Hotel Tulip Inn Rawalpindi,https://www.booking.com/hotel/pk/tulip-inn-rawalpindi-rawalpindi.en-gb.html?aid=304142&label=gen173nr-10CAQoggJCDWNpdHlfLTI3NzI1ODVICVgEaLUBiAEBmAEzuAEHyAEM2AED6AEB-AEBiAIBqAIBuAKujsLTBsACAdICJDM4ZDNiYzA1LTEwOWUtNDU1NS04YmFhLTE1MzQ4MGIxZTY3OdgCAeACAQ&ucfs=1&arphpl=1&checkin=2026-08-06&checkout=2026-08-07&dest_id=-2772585&dest_type=city&group_adults=2&req_adults=2&no_rooms=1&group_children=0&req_children=0&hpos=6&hapos=106&sr_order=popularity&srpvid=a6ce56975cc70174&srepoch=1785759555&all_sr_blocks=788270102_438447822_2_0_0&highlighted_blocks=788270102_438447822_2_0_0&matching_block_id=788270102_438447822_2_0_0&sr_pri_blocks=788270102_438447822_2_0_0__370000&from=searchresults,3700,3.9,27.0,Rawalpindi,3.1,Twin Room,2 single beds,0,1,1,https://cf.bstatic.com/xdata/images/hotel/square240/470656898.webp?k=8465d5fb860198afca453c56da43b54f498ce8b188a1d69d5320aeb23476fdc6&o=,8,Rawalpindi
Hotel mid city,https://www.booking.com/hotel/pk/mid-city-islamabad4.en-gb.html?aid=304142&label=gen173nr-10CAQoggJCDWNpdHlfLTI3NzI1ODVICVgEaLUBiAEBmAEzuAEHyAEM2AED6AEB-AEBiAIBqAIBuAKujsLTBsACAdICJDM4ZDNiYzA1LTEwOWUtNDU1NS04YmFhLTE1MzQ4MGIxZTY3OdgCAeACAQ&ucfs=1&arphpl=1&checkin=2026-08-06&checkout=2026-08-07&dest_id=-2772585&dest_type=city&group_adults=2&req_adults=2&no_rooms=1&group_children=0&req_children=0&hpos=7&hapos=107&sr_order=popularity&srpvid=a6ce56975cc70174&srepoch=1785759555&all_sr_blocks=1669875702_438789244_4_2_0&highlighted_blocks=1669875702_438789244_4_2_0&matching_block_id=1669875702_438789244_4_2_0&sr_pri_blocks=1669875702_438789244_4_2_0__680000&from=searchresults,6800,,,Rawalpindi,5.6,One-Bedroom Apartment,1 large double bed,0,1,1,https://cf.bstatic.com/xdata/images/hotel/square240/885329713.webp?k=98c7d327474b1b078ffe0e56c414497d32025c24e833f3d2b56e89a677725a5d&o=,4,Rawalpindi
Safari Valley Lodges - Blue Comfort Theme One Bed Apartment Bahria town,https://www.booking.com/hotel/pk/cozy-apartment-in-bahria-town-rawalpindi-islamabad.en-gb.html?aid=304142&label=gen173nr-10CAQoggJCDWNpdHlfLTI3NzI1ODVICVgEaLUBiAEBmAEzuAEHyAEM2AED6AEB-AEBiAIBqAIBuAKujsLTBsACAdICJDM4ZDNiYzA1LTEwOWUtNDU1NS04YmFhLTE1MzQ4MGIxZTY3OdgCAeACAQ&ucfs=1&arphpl=1&checkin=2026-08-06&checkout=2026-08-07&dest_id=-2772585&dest_type=city&group_adults=2&req_adults=2&no_rooms=1&group_children=0&req_children=0&hpos=8&hapos=108&sr_order=popularity&srpvid=a6ce56975cc70174&srepoch=1785759555&all_sr_blocks=1377343801_412403807_3_0_0&highlighted_blocks=1377343801_412403807_3_0_0&matching_block_id=1377343801_412403807_3_0_0&sr_pri_blocks=1377343801_412403807_3_0_0__590000&from=searchresults,5900,7.1,7.0,Rawalpindi,12.3,One-Bedroom Apartment,"2 beds (1 double, 1 sofa bed)",0,1,1,https://cf.bstatic.com/xdata/images/hotel/square240/775413419.webp?k=12afc19575d1a129c00f2fc75cea163185153916cf874285e65b41427edf42cd&o=,5,Rawalpindi
Comfo Living Apartments Where Style Meets Serenity,https://www.booking.com/hotel/pk/comfo-living-apartments-where-style-meets-serenity-rawalpindi1.en-gb.html?aid=304142&label=gen173nr-10CAQoggJCDWNpdHlfLTI3NzI1ODVICVgEaLUBiAEBmAEzuAEHyAEM2AED6AEB-AEBiAIBqAIBuAKujsLTBsACAdICJDM4ZDNiYzA1LTEwOWUtNDU1NS04YmFhLTE1MzQ4MGIxZTY3OdgCAeACAQ&ucfs=1&arphpl=1&checkin=2026-08-06&checkout=2026-08-07&dest_id=-2772585&dest_type=city&group_adults=2&req_adults=2&no_rooms=1&group_children=0&req_children=0&hpos=9&hapos=109&sr_order=popularity&srpvid=a6ce56975cc70174&srepoch=1785759555&all_sr_blocks=1527667701_424338458_3_0_0&highlighted_blocks=1527667701_424338458_3_0_0&matching_block_id=1527667701_424338458_3_0_0&sr_pri_blocks=1527667701_424338458_3_0_0__600000&from=searchresults,6000,8.0,1.0,Rawalpindi,11.3,One-Bedroom Apartment,"2 beds (1 double, 1 sofa bed)",0,1,1,https://cf.bstatic.com/xdata/images/hotel/square240/777165336.webp?k=a2bed5a2cdaf76f8d93ddc02402974df3f5d53ba2df1348d1eb8337ccb3cc4bf&o=,4,Rawalpindi
Safari Valley Lodges - Signature 1 Bed Flats Bahria Town Phase 8,https://www.booking.com/hotel/pk/modern-1-bedroom-apartment.en-gb.html?aid=304142&label=gen173nr-10CAQoggJCDWNpdHlfLTI3NzI1ODVICVgEaLUBiAEBmAEzuAEHyAEM2AED6AEB-AEBiAIBqAIBuAKujsLTBsACAdICJDM4ZDNiYzA1LTEwOWUtNDU1NS04YmFhLTE1MzQ4MGIxZTY3OdgCAeACAQ&ucfs=1&arphpl=1&checkin=2026-08-06&checkout=2026-08-07&dest_id=-2772585&dest_type=city&group_adults=2&req_adults=2&no_rooms=1&group_children=0&req_children=0&hpos=10&hapos=110&sr_order=popularity&srpvid=a6ce56975cc70174&srepoch=1785759555&all_sr_blocks=1416988201_413375635_3_0_0&highlighted_blocks=1416988201_413375635_3_0_0&matching_block_id=1416988201_413375635_3_0_0&sr_pri_blocks=1416988201_413375635_3_0_0__590000&from=searchresults,5900,6.5,2.0,Rawalpindi,12.3,One-Bedroom Apartment,"2 beds (1 extra-large double, 1 sofa bed)",0,1,1,https://cf.bstatic.com/xdata/images/hotel/square240/759912684.webp?k=f700312b544ae098c6d4683c1a9f5131ce9de74b8850418e4f64cea10e570914&o=,4,Rawalpindi
"2 AC, 2 SCREEN--Luxury Imperial Haven - Bahria Town",https://www.booking.com/hotel/pk/signature-apartment-bahria-town.en-gb.html?aid=304142&label=gen173nr-10CAQoggJCDWNpdHlfLTI3NzI1ODVICVgEaLUBiAEBmAEzuAEHyAEM2AED6AEB-AEBiAIBqAIBuAKujsLTBsACAdICJDM4ZDNiYzA1LTEwOWUtNDU1NS04YmFhLTE1MzQ4MGIxZTY3OdgCAeACAQ&ucfs=1&arphpl=1&checkin=2026-08-06&checkout=2026-08-07&dest_id=-2772585&dest_type=city&group_adults=2&req_adults=2&no_rooms=1&group_children=0&req_children=0&hpos=11&hapos=111&sr_order=popularity&srpvid=a6ce56975cc70174&srepoch=1785759555&all_sr_blocks=1614998701_432383404_2_0_0&highlighted_blocks=1614998701_432383404_2_0_0&matching_block_id=1614998701_432383404_2_0_0&sr_pri_blocks=1614998701_432383404_2_0_0__900000&from=searchresults,9000,5.0,1.0,Rawalpindi,5.9,One-Bedroom Apartment,"2 beds (1 double, 1 sofa bed)",0,1,1,https://cf.bstatic.com/xdata/images/hotel/square240/887966773.webp?k=e9b2d771bed7e4b1e97932fe07a199daebad1b9aa46b34364e79c1e2d3b2f6fe&o=,5,Rawalpindi
Modern City Escape Bahria hieghts,https://www.booking.com/hotel/pk/modern-city-escape-rawalpindi.en-gb.html?aid=304142&label=gen173nr-10CAQoggJCDWNpdHlfLTI3NzI1ODVICVgEaLUBiAEBmAEzuAEHyAEM2AED6AEB-AEBiAIBqAIBuAKujsLTBsACAdICJDM4ZDNiYzA1LTEwOWUtNDU1NS04YmFhLTE1MzQ4MGIxZTY3OdgCAeACAQ&ucfs=1&arphpl=1&checkin=2026-08-06&checkout=2026-08-07&dest_id=-2772585&dest_type=city&group_adults=2&req_adults=2&no_rooms=1&group_children=0&req_children=0&hpos=12&hapos=112&sr_order=popularity&srpvid=a6ce56975cc70174&srepoch=1785759555&all_sr_blocks=1562350301_427305862_4_0_0&highlighted_blocks=1562350301_427305862_4_0_0&matching_block_id=1562350301_427305862_4_0_0&sr_pri_blocks=1562350301_427305862_4_0_0__880000&from=searchresults,8800,6.9,10.0,Rawalpindi,6.0,One-Bedroom Apartment,1 double bed,0,1,1,https://cf.bstatic.com/xdata/images/hotel/square240/807115727.webp?k=d98709b072019ffc352b3704afc3c368580dd63172129891b8ee6d8111644c7d&o=,6,Rawalpindi
Luxury 1BHK Apartment By Bahria Guest Rooms,https://www.booking.com/hotel/pk/cozy-1bhk-apartment-islamabad.en-gb.html?aid=304142&label=gen173nr-10CAQoggJCDWNpdHlfLTI3NzI1ODVICVgEaLUBiAEBmAEzuAEHyAEM2AED6AEB-AEBiAIBqAIBuAKujsLTBsACAdICJDM4ZDNiYzA1LTEwOWUtNDU1NS04YmFhLTE1MzQ4MGIxZTY3OdgCAeACAQ&ucfs=1&arphpl=1&checkin=2026-08-06&checkout=2026-08-07&dest_id=-2772585&dest_type=city&group_adults=2&req_adults=2&no_rooms=1&group_children=0&req_children=0&hpos=13&hapos=113&sr_order=popularity&srpvid=a6ce56975cc70174&srepoch=1785759555&all_sr_blocks=1447061501_416092066_0_0_0&highlighted_blocks=1447061501_416092066_0_0_0&matching_block_id=1447061501_416092066_0_0_0&sr_pri_blocks=1447061501_416092066_0_0_0__710000&from=searchresults,7100,8.4,8.0,Rawalpindi,12.2,One-Bedroom Apartment,1 double bed,0,1,1,https://cf.bstatic.com/xdata/images/hotel/square240/844645971.webp?k=f938d7d8d55352e91ac26eb26b5ef7fcba7c9ed8bc89cc7ef938548b4b133578&o=,4,Rawalpindi
Zaxis Suite&Lounge,https://www.booking.com/hotel/pk/zaxishome.en-gb.html?aid=304142&label=gen173nr-10CAQoggJCDWNpdHlfLTI3NzI1ODVICVgEaLUBiAEBmAEzuAEHyAEM2AED6AEB-AEBiAIBqAIBuAKujsLTBsACAdICJDM4ZDNiYzA1LTEwOWUtNDU1NS04YmFhLTE1MzQ4MGIxZTY3OdgCAeACAQ&ucfs=1&arphpl=1&checkin=2026-08-06&checkout=2026-08-07&dest_id=-2772585&dest_type=city&group_adults=2&req_adults=2&no_rooms=1&group_children=0&req_children=0&hpos=14&hapos=114&sr_order=popularity&srpvid=a6ce56975cc70174&srepoch=1785759555&all_sr_blocks=1497410001_421431961_0_1_0&highlighted_blocks=1497410001_421431961_0_1_0&matching_block_id=1497410001_421431961_0_1_0&sr_pri_blocks=1497410001_421431961_0_1_0__578000&from=searchresults,5780,7.8,7.0,Rawalpindi,2.5,Queen Room with Garden View,1 large double bed,1,1,1,https://cf.bstatic.com/xdata/images/hotel/square240/751515142.webp?k=8d7338e89315540385cc2946ef671dba64f7f1990454ebfc46d4c835b1123ac4&o=,6,Rawalpindi
Luxury Starlight Executive Private Condos Self Check-In Netflix,https://www.booking.com/hotel/pk/luxury-starlight-executive-apartment-condos-self-check-in.en-gb.html?aid=304142&label=gen173nr-10CAQoggJCDWNpdHlfLTI3NzI1ODVICVgEaLUBiAEBmAEzuAEHyAEM2AED6AEB-AEBiAIBqAIBuAKujsLTBsACAdICJDM4ZDNiYzA1LTEwOWUtNDU1NS04YmFhLTE1MzQ4MGIxZTY3OdgCAeACAQ&ucfs=1&arphpl=1&checkin=2026-08-06&checkout=2026-08-07&dest_id=-2772585&dest_type=city&group_adults=2&req_adults=2&no_rooms=1&group_children=0&req_children=0&hpos=15&hapos=115&sr_order=popularity&srpvid=a6ce56975cc70174&srepoch=1785759555&all_sr_blocks=1648076401_436922633_2_0_0&highlighted_blocks=1648076401_436922633_2_0_0&matching_block_id=1648076401_436922633_2_0_0&sr_pri_blocks=1648076401_436922633_2_0_0__1274000&from=searchresults,12740,10,2.0,Rawalpindi,11.2,One-Bedroom Apartment,1 extra-large double bed,0,1,1,https://cf.bstatic.com/xdata/images/hotel/square240/870783460.webp?k=719ea697983d6da61b7cbad1b5389d0db8ab18b7e943f8029add5037434a5728&o=,4,Rawalpindi
Studio Appartment available in bahria phase 1 near to car chowk,https://www.booking.com/hotel/pk/studio-appartment-available-in-bahria-phase-1-near-to-car-chowk.en-gb.html?aid=304142&label=gen173nr-10CAQoggJCDWNpdHlfLTI3NzI1ODVICVgEaLUBiAEBmAEzuAEHyAEM2AED6AEB-AEBiAIBqAIBuAKujsLTBsACAdICJDM4ZDNiYzA1LTEwOWUtNDU1NS04YmFhLTE1MzQ4MGIxZTY3OdgCAeACAQ&ucfs=1&arphpl=1&checkin=2026-08-06&checkout=2026-08-07&dest_id=-2772585&dest_type=city&group_adults=2&req_adults=2&no_rooms=1&group_children=0&req_children=0&hpos=16&hapos=116&sr_order=popularity&srpvid=a6ce56975cc70174&srepoch=1785759555&all_sr_blocks=1634104401_433857236_2_0_0&highlighted_blocks=1634104401_433857236_2_0_0&matching_block_id=1634104401_433857236_2_0_0&sr_pri_blocks=1634104401_433857236_2_0_0__600000&from=searchresults,6000,,,Rawalpindi,5.0,One-Bedroom Apartment,1 double bed,0,1,1,https://cf.bstatic.com/xdata/images/hotel/square240/863600778.webp?k=ba9d1829ea9195381e7763cd99309d727c0f3f98f1fc99356704e88b551c650b&o=,4,Rawalpindi
Holidazzle Serviced Apartments Bahria Town,https://www.booking.com/hotel/pk/holidazzle-serviced-apartments-bahria-town.en-gb.html?aid=304142&label=gen173nr-10CAQoggJCDWNpdHlfLTI3NzI1ODVICVgEaLUBiAEBmAEzuAEHyAEM2AED6AEB-AEBiAIBqAIBuAKujsLTBsACAdICJDM4ZDNiYzA1LTEwOWUtNDU1NS04YmFhLTE1MzQ4MGIxZTY3OdgCAeACAQ&ucfs=1&arphpl=1&checkin=2026-08-06&checkout=2026-08-07&dest_id=-2772585&dest_type=city&group_adults=2&req_adults=2&no_rooms=1&group_children=0&req_children=0&hpos=17&hapos=117&sr_order=popularity&srpvid=a6ce56975cc70174&srepoch=1785759555&all_sr_blocks=823670905_439039419_6_0_0_69000&highlighted_blocks=823670905_439039419_6_0_0_69000&matching_block_id=823670905_439039419_6_0_0_69000&sr_pri_blocks=823670905_439039419_6_0_0_69000_1650000&from=searchresults,16500,8.7,78.0,Rawalpindi,6.0,Deluxe Family Suite,"4 beds (2 singles, 1 extra-large double, 1 futon)",0,0,0,https://cf.bstatic.com/xdata/images/hotel/square240/342602787.webp?k=e0fa568166d1ae6b6a56dac647fa9372670a0eea1d552f01a5090e23c45cf8c2&o=,14,Rawalpindi
Stay Well,https://www.booking.com/hotel/pk/stay-well-rawalpindi.en-gb.html?aid=304142&label=gen173nr-10CAQoggJCDWNpdHlfLTI3NzI1ODVICVgEaLUBiAEBmAEzuAEHyAEM2AED6AEB-AEBiAIBqAIBuAKujsLTBsACAdICJDM4ZDNiYzA1LTEwOWUtNDU1NS04YmFhLTE1MzQ4MGIxZTY3OdgCAeACAQ&ucfs=1&arphpl=1&checkin=2026-08-06&checkout=2026-08-07&dest_id=-2772585&dest_type=city&group_adults=2&req_adults=2&no_rooms=1&group_children=0&req_children=0&hpos=18&hapos=118&sr_order=popularity&srpvid=a6ce56975cc70174&srepoch=1785759555&all_sr_blocks=1548474201_426084481_3_0_0&highlighted_blocks=1548474201_426084481_3_0_0&matching_block_id=1548474201_426084481_3_0_0&sr_pri_blocks=1548474201_426084481_3_0_0__590000&from=searchresults,5900,1.0,1.0,Rawalpindi,12.6,One-Bedroom Premier Apartment,"2 beds (1 extra-large double, 1 sofa bed)",0,1,1,https://cf.bstatic.com/xdata/images/hotel/square240/794227414.webp?k=c366479b9a46f394e3a736033eeff8a6961c693dea8f363a8f6256be7afe6665&o=,4,Rawalpindi
Cozy Villa's,https://www.booking.com/hotel/pk/cozy-villas.en-gb.html?aid=304142&label=gen173nr-10CAQoggJCDWNpdHlfLTI3NzI1ODVICVgEaLUBiAEBmAEzuAEHyAEM2AED6AEB-AEBiAIBqAIBuAKujsLTBsACAdICJDM4ZDNiYzA1LTEwOWUtNDU1NS04YmFhLTE1MzQ4MGIxZTY3OdgCAeACAQ&ucfs=1&arphpl=1&checkin=2026-08-06&checkout=2026-08-07&dest_id=-2772585&dest_type=city&group_adults=2&req_adults=2&no_rooms=1&group_children=0&req_children=0&hpos=19&hapos=119&sr_order=popularity&srpvid=a6ce56975cc70174&srepoch=1785759555&all_sr_blocks=1512140501_422959824_2_0_0&highlighted_blocks=1512140501_422959824_2_0_0&matching_block_id=1512140501_422959824_2_0_0&sr_pri_blocks=1512140501_422959824_2_0_0__1020000&from=searchresults,10200,8.0,6.0,Rawalpindi,13.7,Two-Bedroom Villa,"5 beds (2 doubles, 2 extra-large doubles, 1 sofa bed)",0,1,1,https://cf.bstatic.com/xdata/images/hotel/square240/780171841.webp?k=a0964a3bd9c0d3ff6df2c03f55136219ce78131953f416f80524f4d59d30ba7b&o=,5,Rawalpindi
"Havana Gray - 1Bhk apartment , Bahria Heights-1",https://www.booking.com/hotel/pk/havana-gray-1bhk-apartment-bahria-heights-1.en-gb.html?aid=304142&label=gen173nr-10CAQoggJCDWNpdHlfLTI3NzI1ODVICVgEaLUBiAEBmAEzuAEHyAEM2AED6AEB-AEBiAIBqAIBuAKujsLTBsACAdICJDM4ZDNiYzA1LTEwOWUtNDU1NS04YmFhLTE1MzQ4MGIxZTY3OdgCAeACAQ&ucfs=1&arphpl=1&checkin=2026-08-06&checkout=2026-08-07&dest_id=-2772585&dest_type=city&group_adults=2&req_adults=2&no_rooms=1&group_children=0&req_children=0&hpos=20&hapos=120&sr_order=popularity&srpvid=a6ce56975cc70174&srepoch=1785759555&all_sr_blocks=1680174201_439771354_5_0_0&highlighted_blocks=1680174201_439771354_5_0_0&matching_block_id=1680174201_439771354_5_0_0&sr_pri_blocks=1680174201_439771354_5_0_0__850000&from=searchresults,8500,,,Rawalpindi,5.9,Two-Bedroom Apartment,"4 beds (1 extra-large double, 3 sofa beds)",0,1,1,https://cf.bstatic.com/xdata/images/hotel/square240/891022054.webp?k=4ec8a1acfffd73f23143bfd319d374199a765fd159d42641d496dfedd144dd5d&o=,5,Rawalpindi
2 BHK Stayloom 218,https://www.booking.com/hotel/pk/2-bhk-stayloom-218.en-gb.html?aid=304142&label=gen173nr-10CAQoggJCDWNpdHlfLTI3NzI1ODVICVgEaLUBiAEBmAEzuAEHyAEM2AED6AEB-AEBiAIBqAIBuAKujsLTBsACAdICJDM4ZDNiYzA1LTEwOWUtNDU1NS04YmFhLTE1MzQ4MGIxZTY3OdgCAeACAQ&ucfs=1&arphpl=1&checkin=2026-08-06&checkout=2026-08-07&dest_id=-2772585&dest_type=city&group_adults=2&req_adults=2&no_rooms=1&group_children=0&req_children=0&hpos=21&hapos=121&sr_order=popularity&srpvid=a6ce56975cc70174&srepoch=1785759555&all_sr_blocks=1663288301_438191096_2_41_0&highlighted_blocks=1663288301_438191096_2_41_0&matching_block_id=1663288301_438191096_2_41_0&sr_pri_blocks=1663288301_438191096_2_41_0__1530000&from=searchresults,15300,7.0,2.0,Rawalpindi,8.2,One-Bedroom Apartment - Non-Smoking,1 double bed,1,1,1,https://cf.bstatic.com/xdata/images/hotel/square240/880939496.webp?k=1eee35aa884535b75a70a953ed27e60ab79d28dec910f4c6c0988df243e2a1c7&o=,5,Rawalpindi
Sky View Luxury Apartment Rooftop Cafe Access,https://www.booking.com/hotel/pk/royal-retreat.en-gb.html?aid=304142&label=gen173nr-10CAQoggJCDWNpdHlfLTI3NzI1ODVICVgEaLUBiAEBmAEzuAEHyAEM2AED6AEB-AEBiAIBqAIBuAKujsLTBsACAdICJDM4ZDNiYzA1LTEwOWUtNDU1NS04YmFhLTE1MzQ4MGIxZTY3OdgCAeACAQ&ucfs=1&arphpl=1&checkin=2026-08-06&checkout=2026-08-07&dest_id=-2772585&dest_type=city&group_adults=2&req_adults=2&no_rooms=1&group_children=0&req_children=0&hpos=22&hapos=122&sr_order=popularity&srpvid=a6ce56975cc70174&srepoch=1785759555&all_sr_blocks=1562816701_427373119_4_0_0&highlighted_blocks=1562816701_427373119_4_0_0&matching_block_id=1562816701_427373119_4_0_0&sr_pri_blocks=1562816701_427373119_4_0_0__684000&from=searchresults,6840,7.9,7.0,Rawalpindi,7.7,One-Bedroom Apartment,1 double bed,0,0,0,https://cf.bstatic.com/xdata/images/hotel/square240/877817251.webp?k=6fc25d344453fc98915ce6664eec874633f0600394e7159240e6a150d7987873&o=,10,Rawalpindi
Modern Grey Luxe Studio Spacious & Stylish Retreat,https://www.booking.com/hotel/pk/modern-grey-luxe-studio-spacious-amp-stylish-retreat.en-gb.html?aid=304142&label=gen173nr-10CAQoggJCDWNpdHlfLTI3NzI1ODVICVgEaLUBiAEBmAEzuAEHyAEM2AED6AEB-AEBiAIBqAIBuAKujsLTBsACAdICJDM4ZDNiYzA1LTEwOWUtNDU1NS04YmFhLTE1MzQ4MGIxZTY3OdgCAeACAQ&ucfs=1&arphpl=1&checkin=2026-08-06&checkout=2026-08-07&dest_id=-2772585&dest_type=city&group_adults=2&req_adults=2&no_rooms=1&group_children=0&req_children=0&hpos=23&hapos=123&sr_order=popularity&srpvid=a6ce56975cc70174&srepoch=1785759555&all_sr_blocks=1620975101_432915170_2_0_0&highlighted_blocks=1620975101_432915170_2_0_0&matching_block_id=1620975101_432915170_2_0_0&sr_pri_blocks=1620975101_432915170_2_0_0__760000&from=searchresults,7600,,,Rawalpindi,9.4,One-Bedroom Apartment,1 double bed,0,1,1,https://cf.bstatic.com/xdata/images/hotel/square240/856014964.webp?k=ac727a01e78f42696eb7e7984e9524f7e2e0faff862273dca1763d138096fdc7&o=,4,Rawalpindi
BAHRIA HOLLIDAY HOME,https://www.booking.com/hotel/pk/bahria-holliday-home.en-gb.html?aid=304142&label=gen173nr-10CAQoggJCDWNpdHlfLTI3NzI1ODVICVgEaLUBiAEBmAEzuAEHyAEM2AED6AEB-AEBiAIBqAIBuAKujsLTBsACAdICJDM4ZDNiYzA1LTEwOWUtNDU1NS04YmFhLTE1MzQ4MGIxZTY3OdgCAeACAQ&ucfs=1&arphpl=1&checkin=2026-08-06&checkout=2026-08-07&dest_id=-2772585&dest_type=city&group_adults=2&req_adults=2&no_rooms=1&group_children=0&req_children=0&hpos=24&hapos=124&sr_order=popularity&srpvid=a6ce56975cc70174&srepoch=1785759555&all_sr_blocks=1148202901_387646898_0_0_0&highlighted_blocks=1148202901_387646898_0_0_0&matching_block_id=1148202901_387646898_0_0_0&sr_pri_blocks=1148202901_387646898_0_0_0__1460000&from=searchresults,14600,8.4,9.0,Rawalpindi,13.2,Two-Bedroom House,"4 beds (1 extra-large double, 2 sofa beds, 1 large double)",0,1,1,https://cf.bstatic.com/xdata/images/hotel/square240/525226889.webp?k=cfd700fbcef306cf8a666cb91fd23360fb42548ed624f1a967003b03c33c8144&o=,4,Rawalpindi
Subleasing Pakistan,https://www.booking.com/hotel/pk/subleasing-pakistan.en-gb.html?aid=304142&label=gen173nr-10CAQoggJCDWNpdHlfLTI3NzI1ODVICVgEaLUBiAEBmAEzuAEHyAEM2AED6AEB-AEBiAIBqAIBuAKujsLTBsACAdICJDM4ZDNiYzA1LTEwOWUtNDU1NS04YmFhLTE1MzQ4MGIxZTY3OdgCAeACAQ&ucfs=1&arphpl=1&checkin=2026-08-06&checkout=2026-08-07&dest_id=-2772585&dest_type=city&group_adults=2&req_adults=2&no_rooms=1&group_children=0&req_children=0&hpos=25&hapos=125&sr_order=popularity&srpvid=a6ce56975cc70174&srepoch=1785759555&all_sr_blocks=1423434601_413977494_2_1_0&highlighted_blocks=1423434601_413977494_2_1_0&matching_block_id=1423434601_413977494_2_1_0&sr_pri_blocks=1423434601_413977494_2_1_0__743750&from=searchresults,7438,6.0,2.0,Rawalpindi,9.7,One-Bedroom Apartment,"2 beds (1 double, 1 sofa bed)",1,1,1,https://cf.bstatic.com/xdata/images/hotel/square240/688298289.webp?k=8b95b40aa4d7fdf51f01064c62f1b5e96dbe4a9233a4e940991d015effcc7c2b&o=,4,Rawalpindi
Modern 4BR Villa in BahriaTown Rawalpindi,https://www.booking.com/hotel/pk/modern-4br-villa-in-bahriatown-rawalpindi.en-gb.html?aid=304142&label=gen173nr-10CAQoggJCDWNpdHlfLTI3NzI1ODVICVgEaLUBiAEBmAEzuAEHyAEM2AED6AEB-AEBiAIBqAIBuAKujsLTBsACAdICJDM4ZDNiYzA1LTEwOWUtNDU1NS04YmFhLTE1MzQ4MGIxZTY3OdgCAeACAQ&ucfs=1&arphpl=1&checkin=2026-08-06&checkout=2026-08-07&dest_id=-2772585&dest_type=city&group_adults=2&req_adults=2&no_rooms=1&group_children=0&req_children=0&hpos=1&hapos=126&sr_order=popularity&srpvid=a6ce56975cc70174&srepoch=1785759557&all_sr_blocks=1521806901_423839382_2_2_0&highlighted_blocks=1521806901_423839382_2_2_0&matching_block_id=1521806901_423839382_2_2_0&sr_pri_blocks=1521806901_423839382_2_2_0__2900000&from=searchresults,29000,,,Rawalpindi,11.4,Deluxe Villa,4 large double beds,0,1,1,https://cf.bstatic.com/xdata/images/hotel/square240/772487781.webp?k=8181922cefdaabb87517ee4b5292bfa1235d067d91c5e12cf544c41a650ffd14&o=,4,Rawalpindi
Luxury StarLight Self-Check In Apartment,https://www.booking.com/hotel/pk/luxury-starlight-noir-condo-self-check-in.en-gb.html?aid=304142&label=gen173nr-10CAQoggJCDWNpdHlfLTI3NzI1ODVICVgEaLUBiAEBmAEzuAEHyAEM2AED6AEB-AEBiAIBqAIBuAKujsLTBsACAdICJDM4ZDNiYzA1LTEwOWUtNDU1NS04YmFhLTE1MzQ4MGIxZTY3OdgCAeACAQ&ucfs=1&arphpl=1&checkin=2026-08-06&checkout=2026-08-07&dest_id=-2772585&dest_type=city&group_adults=2&req_adults=2&no_rooms=1&group_children=0&req_children=0&hpos=2&hapos=127&sr_order=popularity&srpvid=a6ce56975cc70174&srepoch=1785759557&all_sr_blocks=1579092201_429012230_0_0_0&highlighted_blocks=1579092201_429012230_0_0_0&matching_block_id=1579092201_429012230_0_0_0&sr_pri_blocks=1579092201_429012230_0_0_0__1584000&from=searchresults,15840,10,3.0,Rawalpindi,11.3,One-Bedroom Apartment,"2 beds (1 extra-large double, 1 sofa bed)",0,1,1,https://cf.bstatic.com/xdata/images/hotel/square240/821025415.webp?k=16522c33f96f3ed2506fb32e2e6fd76dc49c6060783a19a3e3fd4b3435b37b5e&o=,6,Rawalpindi
Skyline Executive Suite Rooftop Shisha & Dining,https://www.booking.com/hotel/pk/apartment-at-bahria-town-rawalpindi.en-gb.html?aid=304142&label=gen173nr-10CAQoggJCDWNpdHlfLTI3NzI1ODVICVgEaLUBiAEBmAEzuAEHyAEM2AED6AEB-AEBiAIBqAIBuAKujsLTBsACAdICJDM4ZDNiYzA1LTEwOWUtNDU1NS04YmFhLTE1MzQ4MGIxZTY3OdgCAeACAQ&ucfs=1&arphpl=1&checkin=2026-08-06&checkout=2026-08-07&dest_id=-2772585&dest_type=city&group_adults=2&req_adults=2&no_rooms=1&group_children=0&req_children=0&hpos=3&hapos=128&sr_order=popularity&srpvid=a6ce56975cc70174&srepoch=1785759557&all_sr_blocks=1439444201_415421633_4_0_0&highlighted_blocks=1439444201_415421633_4_0_0&matching_block_id=1439444201_415421633_4_0_0&sr_pri_blocks=1439444201_415421633_4_0_0__726750&from=searchresults,7268,9.5,35.0,Rawalpindi,7.6,One-Bedroom Apartment,1 double bed,0,0,0,https://cf.bstatic.com/xdata/images/hotel/square240/877811960.webp?k=26a2d5b0f182ae2d3aeb128e6b00af00afd946eba0a59f209a452d96490ed23d&o=,3,Rawalpindi
Amber Homes,https://www.booking.com/hotel/pk/amber-homes.en-gb.html?aid=304142&label=gen173nr-10CAQoggJCDWNpdHlfLTI3NzI1ODVICVgEaLUBiAEBmAEzuAEHyAEM2AED6AEB-AEBiAIBqAIBuAKujsLTBsACAdICJDM4ZDNiYzA1LTEwOWUtNDU1NS04YmFhLTE1MzQ4MGIxZTY3OdgCAeACAQ&ucfs=1&arphpl=1&checkin=2026-08-06&checkout=2026-08-07&dest_id=-2772585&dest_type=city&group_adults=2&req_adults=2&no_rooms=1&group_children=0&req_children=0&hpos=4&hapos=129&sr_order=popularity&srpvid=a6ce56975cc70174&srepoch=1785759557&all_sr_blocks=1633517801_433816469_2_0_0&highlighted_blocks=1633517801_433816469_2_0_0&matching_block_id=1633517801_433816469_2_0_0&sr_pri_blocks=1633517801_433816469_2_0_0__729600&from=searchresults,7296,10,1.0,Rawalpindi,11.3,Two-Bedroom Apartment,2 double beds,0,1,1,https://cf.bstatic.com/xdata/images/hotel/square240/863193600.webp?k=3ceb2458366fca0f93ea85d20a3e5fdd5d3f294df8bc8ef75b4abc6869c7527f&o=,5,Rawalpindi
Pine Apartments Penthouse Bahria ISL,https://www.booking.com/hotel/pk/pine-apartments-penthouse-bahria-isl.en-gb.html?aid=304142&label=gen173nr-10CAQoggJCDWNpdHlfLTI3NzI1ODVICVgEaLUBiAEBmAEzuAEHyAEM2AED6AEB-AEBiAIBqAIBuAKujsLTBsACAdICJDM4ZDNiYzA1LTEwOWUtNDU1NS04YmFhLTE1MzQ4MGIxZTY3OdgCAeACAQ&ucfs=1&arphpl=1&checkin=2026-08-06&checkout=2026-08-07&dest_id=-2772585&dest_type=city&group_adults=2&req_adults=2&no_rooms=1&group_children=0&req_children=0&hpos=5&hapos=130&sr_order=popularity&srpvid=a6ce56975cc70174&srepoch=1785759557&all_sr_blocks=975458101_372801068_4_0_0&highlighted_blocks=975458101_372801068_4_0_0&matching_block_id=975458101_372801068_4_0_0&sr_pri_blocks=975458101_372801068_4_0_0__900000&from=searchresults,9000,8.9,37.0,Rawalpindi,7.5,Penthouse Apartment,"3 beds (2 sofa beds, 1 large double)",0,1,1,https://cf.bstatic.com/xdata/images/hotel/square240/439547511.webp?k=edf1a1262e36411047d3cd7e64d7aee5651bdba740db7e1ea317798287ff6b4a&o=,13,Rawalpindi
Royal Skyline Suite Rooftop Lounge,https://www.booking.com/hotel/pk/blissfull-apartment-at-bahria-town.en-gb.html?aid=304142&label=gen173nr-10CAQoggJCDWNpdHlfLTI3NzI1ODVICVgEaLUBiAEBmAEzuAEHyAEM2AED6AEB-AEBiAIBqAIBuAKujsLTBsACAdICJDM4ZDNiYzA1LTEwOWUtNDU1NS04YmFhLTE1MzQ4MGIxZTY3OdgCAeACAQ&ucfs=1&arphpl=1&checkin=2026-08-06&checkout=2026-08-07&dest_id=-2772585&dest_type=city&group_adults=2&req_adults=2&no_rooms=1&group_children=0&req_children=0&hpos=6&hapos=131&sr_order=popularity&srpvid=a6ce56975cc70174&srepoch=1785759557&all_sr_blocks=1279964501_400886007_2_0_0_636843&highlighted_blocks=1279964501_400886007_2_0_0_636843&matching_block_id=1279964501_400886007_2_0_0_636843&sr_pri_blocks=1279964501_400886007_2_0_0_636843_703800&from=searchresults,7038,7.8,17.0,Rawalpindi,7.7,One-Bedroom Apartment,1 double bed,0,1,1,https://cf.bstatic.com/xdata/images/hotel/square240/877819601.webp?k=3b20f72f06f0011f27b83592209770feb17bf23cdae558fdd50084a98fd654e6&o=,12,Rawalpindi
Noir Escape Bahria hieghts D Block,https://www.booking.com/hotel/pk/noir-escape.en-gb.html?aid=304142&label=gen173nr-10CAQoggJCDWNpdHlfLTI3NzI1ODVICVgEaLUBiAEBmAEzuAEHyAEM2AED6AEB-AEBiAIBqAIBuAKujsLTBsACAdICJDM4ZDNiYzA1LTEwOWUtNDU1NS04YmFhLTE1MzQ4MGIxZTY3OdgCAeACAQ&ucfs=1&arphpl=1&checkin=2026-08-06&checkout=2026-08-07&dest_id=-2772585&dest_type=city&group_adults=2&req_adults=2&no_rooms=1&group_children=0&req_children=0&hpos=7&hapos=132&sr_order=popularity&srpvid=a6ce56975cc70174&srepoch=1785759557&all_sr_blocks=1474284701_418821922_4_0_0&highlighted_blocks=1474284701_418821922_4_0_0&matching_block_id=1474284701_418821922_4_0_0&sr_pri_blocks=1474284701_418821922_4_0_0__900000&from=searchresults,9000,9.5,14.0,Rawalpindi,6.0,One-Bedroom Apartment,1 double bed,0,0,0,https://cf.bstatic.com/xdata/images/hotel/square240/827221197.webp?k=71a8167d10cd359d72b8965b9890542c685a373856b42395867fb146cea251e6&o=,12,Rawalpindi
Cozy Studio Apartment In Bahria town,https://www.booking.com/hotel/pk/cozy-studio-apartment-in-bahria-town.en-gb.html?aid=304142&label=gen173nr-10CAQoggJCDWNpdHlfLTI3NzI1ODVICVgEaLUBiAEBmAEzuAEHyAEM2AED6AEB-AEBiAIBqAIBuAKujsLTBsACAdICJDM4ZDNiYzA1LTEwOWUtNDU1NS04YmFhLTE1MzQ4MGIxZTY3OdgCAeACAQ&ucfs=1&arphpl=1&checkin=2026-08-06&checkout=2026-08-07&dest_id=-2772585&dest_type=city&group_adults=2&req_adults=2&no_rooms=1&group_children=0&req_children=0&hpos=8&hapos=133&sr_order=popularity&srpvid=a6ce56975cc70174&srepoch=1785759557&all_sr_blocks=654058101_285568610_2_0_0&highlighted_blocks=654058101_285568610_2_0_0&matching_block_id=654058101_285568610_2_0_0&sr_pri_blocks=654058101_285568610_2_0_0__630000&from=searchresults,6300,9.4,21.0,Rawalpindi,7.5,Studio Apartment,1 large double bed,0,1,1,https://cf.bstatic.com/xdata/images/hotel/square240/259313679.webp?k=0e986c383dcbc126403fec17548d3d7a72c7a5528c028094d9e9fcb3e34fde81&o=,12,Rawalpindi
Stylish Retreat - Double Bed 4,https://www.booking.com/hotel/pk/stylish-retreat-double-bed-4.en-gb.html?aid=304142&label=gen173nr-10CAQoggJCDWNpdHlfLTI3NzI1ODVICVgEaLUBiAEBmAEzuAEHyAEM2AED6AEB-AEBiAIBqAIBuAKujsLTBsACAdICJDM4ZDNiYzA1LTEwOWUtNDU1NS04YmFhLTE1MzQ4MGIxZTY3OdgCAeACAQ&ucfs=1&arphpl=1&checkin=2026-08-06&checkout=2026-08-07&dest_id=-2772585&dest_type=city&group_adults=2&req_adults=2&no_rooms=1&group_children=0&req_children=0&hpos=9&hapos=134&sr_order=popularity&srpvid=a6ce56975cc70174&srepoch=1785759557&all_sr_blocks=1546209601_425897068_2_0_0&highlighted_blocks=1546209601_425897068_2_0_0&matching_block_id=1546209601_425897068_2_0_0&sr_pri_blocks=1546209601_425897068_2_0_0__700000&from=searchresults,7000,,,Rawalpindi,7.3,Double Room with Private Bathroom,1 double bed,0,1,1,https://cf.bstatic.com/xdata/images/hotel/square240/792802510.webp?k=740693c1d5b5bf9fde5df9451b80d20562eb5ff3932a08083185e5775465619b&o=,4,Rawalpindi
The Grandeur Suite 1,https://www.booking.com/hotel/pk/the-grandeur-suite-1.en-gb.html?aid=304142&label=gen173nr-10CAQoggJCDWNpdHlfLTI3NzI1ODVICVgEaLUBiAEBmAEzuAEHyAEM2AED6AEB-AEBiAIBqAIBuAKujsLTBsACAdICJDM4ZDNiYzA1LTEwOWUtNDU1NS04YmFhLTE1MzQ4MGIxZTY3OdgCAeACAQ&ucfs=1&arphpl=1&checkin=2026-08-06&checkout=2026-08-07&dest_id=-2772585&dest_type=city&group_adults=2&req_adults=2&no_rooms=1&group_children=0&req_children=0&hpos=10&hapos=135&sr_order=popularity&srpvid=a6ce56975cc70174&srepoch=1785759557&all_sr_blocks=1601680201_431119915_2_1_0&highlighted_blocks=1601680201_431119915_2_1_0&matching_block_id=1601680201_431119915_2_1_0&sr_pri_blocks=1601680201_431119915_2_1_0__850000&from=searchresults,8500,10,5.0,Rawalpindi,2.3,One-Bedroom House,1 double bed,1,1,1,https://cf.bstatic.com/xdata/images/hotel/square240/838909929.webp?k=59113ec753960fe60002fb2200dbaa049de6bb3dfa76de728e8f391036b87c61&o=,4,Rawalpindi
Luxury Apartments,https://www.booking.com/hotel/pk/grande-luxury-apartments.en-gb.html?aid=304142&label=gen173nr-10CAQoggJCDWNpdHlfLTI3NzI1ODVICVgEaLUBiAEBmAEzuAEHyAEM2AED6AEB-AEBiAIBqAIBuAKujsLTBsACAdICJDM4ZDNiYzA1LTEwOWUtNDU1NS04YmFhLTE1MzQ4MGIxZTY3OdgCAeACAQ&ucfs=1&arphpl=1&checkin=2026-08-06&checkout=2026-08-07&dest_id=-2772585&dest_type=city&group_adults=2&req_adults=2&no_rooms=1&group_children=0&req_children=0&hpos=11&hapos=136&sr_order=popularity&srpvid=a6ce56975cc70174&srepoch=1785759557&all_sr_blocks=1013363902_373942694_0_0_0&highlighted_blocks=1013363902_373942694_0_0_0&matching_block_id=1013363902_373942694_0_0_0&sr_pri_blocks=1013363902_373942694_0_0_0__1395000&from=searchresults,13950,10,3.0,Rawalpindi,7.0,Two-Bedroom Apartment,"3 beds (2 doubles, 1 sofa bed)",0,0,0,https://cf.bstatic.com/xdata/images/hotel/square240/545489134.webp?k=71e42c8dbd212c8b4a7b8b271108fc9f3e5725442b996fa69ec60ecbebfe06da&o=,2,Rawalpindi
De Elevè 07'- Designer Studio Apartment,https://www.booking.com/hotel/pk/de-eleve-07.en-gb.html?aid=304142&label=gen173nr-10CAQoggJCDWNpdHlfLTI3NzI1ODVICVgEaLUBiAEBmAEzuAEHyAEM2AED6AEB-AEBiAIBqAIBuAKujsLTBsACAdICJDM4ZDNiYzA1LTEwOWUtNDU1NS04YmFhLTE1MzQ4MGIxZTY3OdgCAeACAQ&ucfs=1&arphpl=1&checkin=2026-08-06&checkout=2026-08-07&dest_id=-2772585&dest_type=city&group_adults=2&req_adults=2&no_rooms=1&group_children=0&req_children=0&hpos=12&hapos=137&sr_order=popularity&srpvid=a6ce56975cc70174&srepoch=1785759557&all_sr_blocks=1663956701_438261621_2_0_0&highlighted_blocks=1663956701_438261621_2_0_0&matching_block_id=1663956701_438261621_2_0_0&sr_pri_blocks=1663956701_438261621_2_0_0__792000&from=searchresults,7920,10,1.0,Rawalpindi,9.4,One-Bedroom Apartment,1 extra-large double bed,0,1,1,https://cf.bstatic.com/xdata/images/hotel/square240/881311509.webp?k=da0f3ab15d706525f4410d0bd153d44a90293dd6493c01a35e8151a1f1414687&o=,4,Rawalpindi
The Grand Signature Suite with Private Balconies,https://www.booking.com/hotel/pk/the-grand-signature-suite-with-private-balconies.en-gb.html?aid=304142&label=gen173nr-10CAQoggJCDWNpdHlfLTI3NzI1ODVICVgEaLUBiAEBmAEzuAEHyAEM2AED6AEB-AEBiAIBqAIBuAKujsLTBsACAdICJDM4ZDNiYzA1LTEwOWUtNDU1NS04YmFhLTE1MzQ4MGIxZTY3OdgCAeACAQ&ucfs=1&arphpl=1&checkin=2026-08-06&checkout=2026-08-07&dest_id=-2772585&dest_type=city&group_adults=2&req_adults=2&no_rooms=1&group_children=0&req_children=0&hpos=13&hapos=138&sr_order=popularity&srpvid=a6ce56975cc70174&srepoch=1785759557&all_sr_blocks=1536438203_425119602_2_0_0&highlighted_blocks=1536438203_425119602_2_0_0&matching_block_id=1536438203_425119602_2_0_0&sr_pri_blocks=1536438203_425119602_2_0_0__935000&from=searchresults,9350,6.8,21.0,Rawalpindi,10.1,Superior One-Bedroom Apartment with Balcony,"2 beds (1 sofa bed, 1 large double)",0,1,1,https://cf.bstatic.com/xdata/images/hotel/square240/784836244.webp?k=fc5b3fc23d4d6fd5dbcaa3f1ae9d772e37476c2dd9c94ec639d5adac02e74590&o=,12,Rawalpindi
Modern Terrace One-Bed,https://www.booking.com/hotel/pk/modern-terrace-one-bed.en-gb.html?aid=304142&label=gen173nr-10CAQoggJCDWNpdHlfLTI3NzI1ODVICVgEaLUBiAEBmAEzuAEHyAEM2AED6AEB-AEBiAIBqAIBuAKujsLTBsACAdICJDM4ZDNiYzA1LTEwOWUtNDU1NS04YmFhLTE1MzQ4MGIxZTY3OdgCAeACAQ&ucfs=1&arphpl=1&checkin=2026-08-06&checkout=2026-08-07&dest_id=-2772585&dest_type=city&group_adults=2&req_adults=2&no_rooms=1&group_children=0&req_children=0&hpos=14&hapos=139&sr_order=popularity&srpvid=a6ce56975cc70174&srepoch=1785759557&all_sr_blocks=1450637201_416427676_2_0_0&highlighted_blocks=1450637201_416427676_2_0_0&matching_block_id=1450637201_416427676_2_0_0&sr_pri_blocks=1450637201_416427676_2_0_0__1260000&from=searchresults,12600,10,2.0,Rawalpindi,11.2,One-Bedroom Apartment,"2 beds (1 double, 1 sofa bed)",0,1,1,https://cf.bstatic.com/xdata/images/hotel/square240/707947983.webp?k=979f1f2ec166458846812e1338cee195ab17108441db45ce0fae3b9303d621ed&o=,4,Rawalpindi
"Designer 1 bedroom , self check-in , pool & sauna",https://www.booking.com/hotel/pk/murtajiz-stays.en-gb.html?aid=304142&label=gen173nr-10CAQoggJCDWNpdHlfLTI3NzI1ODVICVgEaLUBiAEBmAEzuAEHyAEM2AED6AEB-AEBiAIBqAIBuAKujsLTBsACAdICJDM4ZDNiYzA1LTEwOWUtNDU1NS04YmFhLTE1MzQ4MGIxZTY3OdgCAeACAQ&ucfs=1&arphpl=1&checkin=2026-08-06&checkout=2026-08-07&dest_id=-2772585&dest_type=city&group_adults=2&req_adults=2&no_rooms=1&group_children=0&req_children=0&hpos=15&hapos=140&sr_order=popularity&srpvid=a6ce56975cc70174&srepoch=1785759557&all_sr_blocks=1556327101_438403303_2_0_0&highlighted_blocks=1556327101_438403303_2_0_0&matching_block_id=1556327101_438403303_2_0_0&sr_pri_blocks=1556327101_438403303_2_0_0__1032750&from=searchresults,10328,9.7,3.0,Rawalpindi,6.0,One-Bedroom Apartment,"3 beds (2 sofa beds, 1 large double)",0,1,1,https://cf.bstatic.com/xdata/images/hotel/square240/802595500.webp?k=3d1b0a7b336aa5a69185c83b10735130956befcdfa7a624a75c3c5dab0f1ca23&o=,15,Rawalpindi
Daily Weekly,https://www.booking.com/hotel/pk/daily-weekly-rawalpindi1.en-gb.html?aid=304142&label=gen173nr-10CAQoggJCDWNpdHlfLTI3NzI1ODVICVgEaLUBiAEBmAEzuAEHyAEM2AED6AEB-AEBiAIBqAIBuAKujsLTBsACAdICJDM4ZDNiYzA1LTEwOWUtNDU1NS04YmFhLTE1MzQ4MGIxZTY3OdgCAeACAQ&ucfs=1&arphpl=1&checkin=2026-08-06&checkout=2026-08-07&dest_id=-2772585&dest_type=city&group_adults=2&req_adults=2&no_rooms=1&group_children=0&req_children=0&hpos=16&hapos=141&sr_order=popularity&srpvid=a6ce56975cc70174&srepoch=1785759557&all_sr_blocks=1564919201_427590008_2_0_0&highlighted_blocks=1564919201_427590008_2_0_0&matching_block_id=1564919201_427590008_2_0_0&sr_pri_blocks=1564919201_427590008_2_0_0__625000&from=searchresults,6250,10,1.0,Rawalpindi,8.2,One-Bedroom Apartment,1 double bed,0,1,1,https://cf.bstatic.com/xdata/images/hotel/square240/809313496.webp?k=c883c4e2d32dfc36bcadf696db693605279ffa93de4adeef3b693ffbbcd14a56&o=,4,Rawalpindi
Sunset Apartment Bahria,https://www.booking.com/hotel/pk/luxury-apartment-in-bahria-heights-1.en-gb.html?aid=304142&label=gen173nr-10CAQoggJCDWNpdHlfLTI3NzI1ODVICVgEaLUBiAEBmAEzuAEHyAEM2AED6AEB-AEBiAIBqAIBuAKujsLTBsACAdICJDM4ZDNiYzA1LTEwOWUtNDU1NS04YmFhLTE1MzQ4MGIxZTY3OdgCAeACAQ&ucfs=1&arphpl=1&checkin=2026-08-06&checkout=2026-08-07&dest_id=-2772585&dest_type=city&group_adults=2&req_adults=2&no_rooms=1&group_children=0&req_children=0&hpos=17&hapos=142&sr_order=popularity&srpvid=a6ce56975cc70174&srepoch=1785759557&all_sr_blocks=1412557301_412992991_2_0_0&highlighted_blocks=1412557301_412992991_2_0_0&matching_block_id=1412557301_412992991_2_0_0&sr_pri_blocks=1412557301_412992991_2_0_0__1137938&from=searchresults,11379,9.1,45.0,Rawalpindi,6.0,One-Bedroom Apartment,1 double bed,0,1,1,https://cf.bstatic.com/xdata/images/hotel/square240/827030691.webp?k=4495aab45c9d0c24e6a738a5dc48893c80a1972bd5ef29cb3a57a21eb48aec86&o=,12,Rawalpindi
Comfortable Studio In Bahria town Islamabad,https://www.booking.com/hotel/pk/comfortable-studio-in-bahria-town-islamabad.en-gb.html?aid=304142&label=gen173nr-10CAQoggJCDWNpdHlfLTI3NzI1ODVICVgEaLUBiAEBmAEzuAEHyAEM2AED6AEB-AEBiAIBqAIBuAKujsLTBsACAdICJDM4ZDNiYzA1LTEwOWUtNDU1NS04YmFhLTE1MzQ4MGIxZTY3OdgCAeACAQ&ucfs=1&arphpl=1&checkin=2026-08-06&checkout=2026-08-07&dest_id=-2772585&dest_type=city&group_adults=2&req_adults=2&no_rooms=1&group_children=0&req_children=0&hpos=18&hapos=143&sr_order=popularity&srpvid=a6ce56975cc70174&srepoch=1785759557&all_sr_blocks=1492603301_420902257_4_0_0&highlighted_blocks=1492603301_420902257_4_0_0&matching_block_id=1492603301_420902257_4_0_0&sr_pri_blocks=1492603301_420902257_4_0_0__532500&from=searchresults,5325,8.2,14.0,Rawalpindi,7.5,King Studio with Sofa Bed,King Studio with Sofa Bed,0,1,1,https://cf.bstatic.com/xdata/images/hotel/square240/745985463.webp?k=de0075eb32c8cb31300abe93c791f857f226ebf47976b3f778104ac3703a6f0c&o=,12,Rawalpindi
Italian Nest 1BHK with Free Netflix & Scenic Balcony,https://www.booking.com/hotel/pk/italian-nest-1bhk-with-free-netflix-amp-scenic-balcony.en-gb.html?aid=304142&label=gen173nr-10CAQoggJCDWNpdHlfLTI3NzI1ODVICVgEaLUBiAEBmAEzuAEHyAEM2AED6AEB-AEBiAIBqAIBuAKujsLTBsACAdICJDM4ZDNiYzA1LTEwOWUtNDU1NS04YmFhLTE1MzQ4MGIxZTY3OdgCAeACAQ&ucfs=1&arphpl=1&checkin=2026-08-06&checkout=2026-08-07&dest_id=-2772585&dest_type=city&group_adults=2&req_adults=2&no_rooms=1&group_children=0&req_children=0&hpos=19&hapos=144&sr_order=popularity&srpvid=a6ce56975cc70174&srepoch=1785759557&all_sr_blocks=1475140901_418935767_2_0_0&highlighted_blocks=1475140901_418935767_2_0_0&matching_block_id=1475140901_418935767_2_0_0&sr_pri_blocks=1475140901_418935767_2_0_0__760000&from=searchresults,7600,6.5,2.0,Rawalpindi,9.6,One-Bedroom Apartment,"2 beds (1 double, 1 sofa bed)",0,1,1,https://cf.bstatic.com/xdata/images/hotel/square240/730574519.webp?k=8c0229dc2bb7c74b21f3d5a11f6d30250bb7332df298e6f75551b75a485ed900&o=,4,Rawalpindi
"Luxury One Bedroom Apartment with King Bed, Pool Table & Netflix",https://www.booking.com/hotel/pk/luxury-one-bedroom-apartment-with-king-bed-pool-table-amp-netflix.en-gb.html?aid=304142&label=gen173nr-10CAQoggJCDWNpdHlfLTI3NzI1ODVICVgEaLUBiAEBmAEzuAEHyAEM2AED6AEB-AEBiAIBqAIBuAKujsLTBsACAdICJDM4ZDNiYzA1LTEwOWUtNDU1NS04YmFhLTE1MzQ4MGIxZTY3OdgCAeACAQ&ucfs=1&arphpl=1&checkin=2026-08-06&checkout=2026-08-07&dest_id=-2772585&dest_type=city&group_adults=2&req_adults=2&no_rooms=1&group_children=0&req_children=0&hpos=20&hapos=145&sr_order=popularity&srpvid=a6ce56975cc70174&srepoch=1785759557&all_sr_blocks=1690383701_440675787_2_0_0&highlighted_blocks=1690383701_440675787_2_0_0&matching_block_id=1690383701_440675787_2_0_0&sr_pri_blocks=1690383701_440675787_2_0_0__2422500&from=searchresults,24225,,,Rawalpindi,7.8,One-Bedroom Apartment,1 double bed,0,1,1,https://cf.bstatic.com/xdata/images/hotel/square240/896141690.webp?k=e02e7d6e5d66a5d02d082aebc89d25c57b563d93313ed2e729e59119a2b2a821&o=,4,Rawalpindi
Lux Stay Inn,https://www.booking.com/hotel/pk/lux-stay-inn-25-off.en-gb.html?aid=304142&label=gen173nr-10CAQoggJCDWNpdHlfLTI3NzI1ODVICVgEaLUBiAEBmAEzuAEHyAEM2AED6AEB-AEBiAIBqAIBuAKujsLTBsACAdICJDM4ZDNiYzA1LTEwOWUtNDU1NS04YmFhLTE1MzQ4MGIxZTY3OdgCAeACAQ&ucfs=1&arphpl=1&checkin=2026-08-06&checkout=2026-08-07&dest_id=-2772585&dest_type=city&group_adults=2&req_adults=2&no_rooms=1&group_children=0&req_children=0&hpos=21&hapos=146&sr_order=popularity&srpvid=a6ce56975cc70174&srepoch=1785759557&all_sr_blocks=1542285201_425594250_2_0_0&highlighted_blocks=1542285201_425594250_2_0_0&matching_block_id=1542285201_425594250_2_0_0&sr_pri_blocks=1542285201_425594250_2_0_0__749900&from=searchresults,7499,8.0,3.0,Rawalpindi,9.6,One-Bedroom Apartment,1 double bed,0,1,1,https://cf.bstatic.com/xdata/images/hotel/square240/789562599.webp?k=fe582928de3d565d4773275298e19cf228b735fd813b466ee04bbf835ab8c926&o=,4,Rawalpindi
Bin Chirag Heights Apartment Bahria Town phase 7 Rawalpindi,https://www.booking.com/hotel/pk/bin-chirag-heights-islamabad.en-gb.html?aid=304142&label=gen173nr-10CAQoggJCDWNpdHlfLTI3NzI1ODVICVgEaLUBiAEBmAEzuAEHyAEM2AED6AEB-AEBiAIBqAIBuAKujsLTBsACAdICJDM4ZDNiYzA1LTEwOWUtNDU1NS04YmFhLTE1MzQ4MGIxZTY3OdgCAeACAQ&ucfs=1&arphpl=1&checkin=2026-08-06&checkout=2026-08-07&dest_id=-2772585&dest_type=city&group_adults=2&req_adults=2&no_rooms=1&group_children=0&req_children=0&hpos=22&hapos=147&sr_order=popularity&srpvid=a6ce56975cc70174&srepoch=1785759557&all_sr_blocks=1590542701_430150627_2_0_0&highlighted_blocks=1590542701_430150627_2_0_0&matching_block_id=1590542701_430150627_2_0_0&sr_pri_blocks=1590542701_430150627_2_0_0__600000&from=searchresults,6000,9.0,2.0,Rawalpindi,9.7,One-Bedroom Apartment,1 double bed,0,1,1,https://cf.bstatic.com/xdata/images/hotel/square240/830083562.webp?k=bc1aa0414129646a78894a907c49c48bc24471d2f4cfd4176cbf7fa4054ade21&o=,4,Rawalpindi
Bahria Premium Hotel,https://www.booking.com/hotel/pk/bahria-premium.en-gb.html?aid=304142&label=gen173nr-10CAQoggJCDWNpdHlfLTI3NzI1ODVICVgEaLUBiAEBmAEzuAEHyAEM2AED6AEB-AEBiAIBqAIBuAKujsLTBsACAdICJDM4ZDNiYzA1LTEwOWUtNDU1NS04YmFhLTE1MzQ4MGIxZTY3OdgCAeACAQ&ucfs=1&arphpl=1&checkin=2026-08-06&checkout=2026-08-07&dest_id=-2772585&dest_type=city&group_adults=2&req_adults=2&no_rooms=1&group_children=0&req_children=0&hpos=23&hapos=148&sr_order=popularity&srpvid=a6ce56975cc70174&srepoch=1785759557&all_sr_blocks=1564822202_427582348_0_0_0&highlighted_blocks=1564822202_427582348_0_0_0&matching_block_id=1564822202_427582348_0_0_0&sr_pri_blocks=1564822202_427582348_0_0_0__900000&from=searchresults,9000,1.0,1.0,Rawalpindi,9.7,Standard Double Room,1 large double bed,0,1,1,https://cf.bstatic.com/xdata/images/hotel/square240/810156053.webp?k=84676203a6785da4de233a9cbd6bd267ac9cae5a4877d44ed3fbe722b175758b&o=,11,Rawalpindi
Peaceful Family Stay Your Home,https://www.booking.com/hotel/pk/peaceful-family-stay-your-home.en-gb.html?aid=304142&label=gen173nr-10CAQoggJCDWNpdHlfLTI3NzI1ODVICVgEaLUBiAEBmAEzuAEHyAEM2AED6AEB-AEBiAIBqAIBuAKujsLTBsACAdICJDM4ZDNiYzA1LTEwOWUtNDU1NS04YmFhLTE1MzQ4MGIxZTY3OdgCAeACAQ&ucfs=1&arphpl=1&checkin=2026-08-06&checkout=2026-08-07&dest_id=-2772585&dest_type=city&group_adults=2&req_adults=2&no_rooms=1&group_children=0&req_children=0&hpos=24&hapos=149&sr_order=popularity&srpvid=a6ce56975cc70174&srepoch=1785759557&all_sr_blocks=1612223801_432136692_0_0_0&highlighted_blocks=1612223801_432136692_0_0_0&matching_block_id=1612223801_432136692_0_0_0&sr_pri_blocks=1612223801_432136692_0_0_0__600000&from=searchresults,6000,3.0,1.0,Rawalpindi,9.0,One-Bedroom Apartment,"2 beds (1 double, 1 sofa bed)",0,1,1,https://cf.bstatic.com/xdata/images/hotel/square240/847852254.webp?k=5b363ea0ccb9621324d29931933312aa57a412180629953722fee639a4cefbca&o=,4,Rawalpindi
Riverside Charm,https://www.booking.com/hotel/pk/riverside-charm.en-gb.html?aid=304142&label=gen173nr-10CAQoggJCDWNpdHlfLTI3NzI1ODVICVgEaLUBiAEBmAEzuAEHyAEM2AED6AEB-AEBiAIBqAIBuAKujsLTBsACAdICJDM4ZDNiYzA1LTEwOWUtNDU1NS04YmFhLTE1MzQ4MGIxZTY3OdgCAeACAQ&ucfs=1&arphpl=1&checkin=2026-08-06&checkout=2026-08-07&dest_id=-2772585&dest_type=city&group_adults=2&req_adults=2&no_rooms=1&group_children=0&req_children=0&hpos=1&hapos=150&sr_order=popularity&srpvid=a6ce56975cc70174&srepoch=1785759559&all_sr_blocks=1288497601_402678336_4_0_0&highlighted_blocks=1288497601_402678336_4_0_0&matching_block_id=1288497601_402678336_4_0_0&sr_pri_blocks=1288497601_402678336_4_0_0__1359990&from=searchresults,13600,7.5,16.0,Rawalpindi,9.3,Two-Bedroom Apartment,"4 beds (1 double, 2 extra-large doubles, 1 sofa bed)",0,1,1,https://cf.bstatic.com/xdata/images/hotel/square240/617675189.webp?k=5f16b24d2a4db846567d008d4c6c243a9717f66533190695b3cafeae8cbfda8f&o=,6,Rawalpindi
Apartment in Rawalpindi,https://www.booking.com/hotel/pk/apartment-in-rawalpindi-rawalpindi1.en-gb.html?aid=304142&label=gen173nr-10CAQoggJCDWNpdHlfLTI3NzI1ODVICVgEaLUBiAEBmAEzuAEHyAEM2AED6AEB-AEBiAIBqAIBuAKujsLTBsACAdICJDM4ZDNiYzA1LTEwOWUtNDU1NS04YmFhLTE1MzQ4MGIxZTY3OdgCAeACAQ&ucfs=1&arphpl=1&checkin=2026-08-06&checkout=2026-08-07&dest_id=-2772585&dest_type=city&group_adults=2&req_adults=2&no_rooms=1&group_children=0&req_children=0&hpos=2&hapos=151&sr_order=popularity&srpvid=a6ce56975cc70174&srepoch=1785759559&all_sr_blocks=1651383201_437142312_3_0_0&highlighted_blocks=1651383201_437142312_3_0_0&matching_block_id=1651383201_437142312_3_0_0&sr_pri_blocks=1651383201_437142312_3_0_0__480000&from=searchresults,4800,,,Rawalpindi,11.3,One-Bedroom Apartment,1 double bed,0,1,1,https://cf.bstatic.com/xdata/images/hotel/square240/872472398.webp?k=7b0a124e3081932830cd1267dd6b6cd419d8c45f8e4b03a2d80faa51a69882b8&o=,5,Rawalpindi
Bright & Modern 1BR Flat in Bahria Town Phase 7,https://www.booking.com/hotel/pk/bright-amp-modern-1br-flat.en-gb.html?aid=304142&label=gen173nr-10CAQoggJCDWNpdHlfLTI3NzI1ODVICVgEaLUBiAEBmAEzuAEHyAEM2AED6AEB-AEBiAIBqAIBuAKujsLTBsACAdICJDM4ZDNiYzA1LTEwOWUtNDU1NS04YmFhLTE1MzQ4MGIxZTY3OdgCAeACAQ&ucfs=1&arphpl=1&checkin=2026-08-06&checkout=2026-08-07&dest_id=-2772585&dest_type=city&group_adults=2&req_adults=2&no_rooms=1&group_children=0&req_children=0&hpos=3&hapos=152&sr_order=popularity&srpvid=a6ce56975cc70174&srepoch=1785759559&all_sr_blocks=1403546801_412163042_2_0_0&highlighted_blocks=1403546801_412163042_2_0_0&matching_block_id=1403546801_412163042_2_0_0&sr_pri_blocks=1403546801_412163042_2_0_0__603000&from=searchresults,6030,1.0,1.0,Rawalpindi,9.7,One-Bedroom Apartment,1 double bed,0,1,1,https://cf.bstatic.com/xdata/images/hotel/square240/676298580.webp?k=4f03abaf5848b2094ed9a626bb6dbee89b77eeed6080a690120989c04063ccfc&o=,10,Rawalpindi
De Elevè 05 Studio Apartment,https://www.booking.com/hotel/pk/de-eleve-05-studio-apartment.en-gb.html?aid=304142&label=gen173nr-10CAQoggJCDWNpdHlfLTI3NzI1ODVICVgEaLUBiAEBmAEzuAEHyAEM2AED6AEB-AEBiAIBqAIBuAKujsLTBsACAdICJDM4ZDNiYzA1LTEwOWUtNDU1NS04YmFhLTE1MzQ4MGIxZTY3OdgCAeACAQ&ucfs=1&arphpl=1&checkin=2026-08-06&checkout=2026-08-07&dest_id=-2772585&dest_type=city&group_adults=2&req_adults=2&no_rooms=1&group_children=0&req_children=0&hpos=4&hapos=153&sr_order=popularity&srpvid=a6ce56975cc70174&srepoch=1785759559&all_sr_blocks=1571614101_428229970_2_0_0&highlighted_blocks=1571614101_428229970_2_0_0&matching_block_id=1571614101_428229970_2_0_0&sr_pri_blocks=1571614101_428229970_2_0_0__742500&from=searchresults,7425,,,Rawalpindi,13.0,One-Bedroom Apartment,1 double bed,0,1,1,https://cf.bstatic.com/xdata/images/hotel/square240/814807775.webp?k=b60b403e74f48f0e05032c897033cd6d7a1960d480eb7cd175869f932b69d4cb&o=,4,Rawalpindi
Comfy Family Apartment One bedroom Perfect for You,https://www.booking.com/hotel/pk/comfy-family-apartment-one-bedroom-perfect-for-you.en-gb.html?aid=304142&label=gen173nr-10CAQoggJCDWNpdHlfLTI3NzI1ODVICVgEaLUBiAEBmAEzuAEHyAEM2AED6AEB-AEBiAIBqAIBuAKujsLTBsACAdICJDM4ZDNiYzA1LTEwOWUtNDU1NS04YmFhLTE1MzQ4MGIxZTY3OdgCAeACAQ&ucfs=1&arphpl=1&checkin=2026-08-06&checkout=2026-08-07&dest_id=-2772585&dest_type=city&group_adults=2&req_adults=2&no_rooms=1&group_children=0&req_children=0&hpos=5&hapos=154&sr_order=popularity&srpvid=a6ce56975cc70174&srepoch=1785759559&all_sr_blocks=1612962501_432193262_0_0_0&highlighted_blocks=1612962501_432193262_0_0_0&matching_block_id=1612962501_432193262_0_0_0&sr_pri_blocks=1612962501_432193262_0_0_0__600000&from=searchresults,6000,,,Rawalpindi,9.4,One-Bedroom Apartment,"2 beds (1 double, 1 sofa bed)",0,1,1,https://cf.bstatic.com/xdata/images/hotel/square240/848508652.webp?k=b89433f5a1f0ac648c732d30cf435f6f7f30dc2369f3f09fbb27c68fc6be4211&o=,4,Rawalpindi
Royal stay Bahria Phase 1,https://www.booking.com/hotel/pk/royal-stay-bahria-phase-1.en-gb.html?aid=304142&label=gen173nr-10CAQoggJCDWNpdHlfLTI3NzI1ODVICVgEaLUBiAEBmAEzuAEHyAEM2AED6AEB-AEBiAIBqAIBuAKujsLTBsACAdICJDM4ZDNiYzA1LTEwOWUtNDU1NS04YmFhLTE1MzQ4MGIxZTY3OdgCAeACAQ&ucfs=1&arphpl=1&checkin=2026-08-06&checkout=2026-08-07&dest_id=-2772585&dest_type=city&group_adults=2&req_adults=2&no_rooms=1&group_children=0&req_children=0&hpos=6&hapos=155&sr_order=popularity&srpvid=a6ce56975cc70174&srepoch=1785759559&all_sr_blocks=1615241502_432404935_3_0_0&highlighted_blocks=1615241502_432404935_3_0_0&matching_block_id=1615241502_432404935_3_0_0&sr_pri_blocks=1615241502_432404935_3_0_0__800000&from=searchresults,8000,10,1.0,Rawalpindi,6.0,Apartment,"2 beds (1 extra-large double, 1 sofa bed)",0,1,1,https://cf.bstatic.com/xdata/images/hotel/square240/885312632.webp?k=44ebcdf5e2ac3d6eae32ebe9bc334fa49e9bc6ebc9332efb8ba84ca37256045f&o=,11,Rawalpindi
Korean Style 2BHK with City Views & Free Netflix,https://www.booking.com/hotel/pk/korean-style-2bhk-with-city-views-amp-free-netflix.en-gb.html?aid=304142&label=gen173nr-10CAQoggJCDWNpdHlfLTI3NzI1ODVICVgEaLUBiAEBmAEzuAEHyAEM2AED6AEB-AEBiAIBqAIBuAKujsLTBsACAdICJDM4ZDNiYzA1LTEwOWUtNDU1NS04YmFhLTE1MzQ4MGIxZTY3OdgCAeACAQ&ucfs=1&arphpl=1&checkin=2026-08-06&checkout=2026-08-07&dest_id=-2772585&dest_type=city&group_adults=2&req_adults=2&no_rooms=1&group_children=0&req_children=0&hpos=7&hapos=156&sr_order=popularity&srpvid=a6ce56975cc70174&srepoch=1785759559&all_sr_blocks=1391508601_411247503_4_0_0&highlighted_blocks=1391508601_411247503_4_0_0&matching_block_id=1391508601_411247503_4_0_0&sr_pri_blocks=1391508601_411247503_4_0_0__1275000&from=searchresults,12750,5.3,11.0,Rawalpindi,9.5,Two-Bedroom Apartment with City View,"4 beds (2 sofa beds, 2 large doubles)",0,1,1,https://cf.bstatic.com/xdata/images/hotel/square240/669242519.webp?k=afa5ad6c24ea6a9f9216a0f4223a8071ec90d18c3f9844ca16a6242690fc2aa0&o=,10,Rawalpindi
Valvet Studio Suite by Eskers,https://www.booking.com/hotel/pk/valvet-studio-suite-by-eskers.en-gb.html?aid=304142&label=gen173nr-10CAQoggJCDWNpdHlfLTI3NzI1ODVICVgEaLUBiAEBmAEzuAEHyAEM2AED6AEB-AEBiAIBqAIBuAKujsLTBsACAdICJDM4ZDNiYzA1LTEwOWUtNDU1NS04YmFhLTE1MzQ4MGIxZTY3OdgCAeACAQ&ucfs=1&arphpl=1&checkin=2026-08-06&checkout=2026-08-07&dest_id=-2772585&dest_type=city&group_adults=2&req_adults=2&no_rooms=1&group_children=0&req_children=0&hpos=8&hapos=157&sr_order=popularity&srpvid=a6ce56975cc70174&srepoch=1785759559&all_sr_blocks=1627329701_433385116_3_0_0&highlighted_blocks=1627329701_433385116_3_0_0&matching_block_id=1627329701_433385116_3_0_0&sr_pri_blocks=1627329701_433385116_3_0_0__825000&from=searchresults,8250,,,Rawalpindi,10.1,One-Bedroom Apartment,1 double bed,0,1,1,https://cf.bstatic.com/xdata/images/hotel/square240/860070335.webp?k=50ac748afcdb342a4b736ae267be043a74370bae933e6f5428ee12e585080488&o=,4,Rawalpindi
Marine Tower,https://www.booking.com/hotel/pk/marine-tower.en-gb.html?aid=304142&label=gen173nr-10CAQoggJCDWNpdHlfLTI3NzI1ODVICVgEaLUBiAEBmAEzuAEHyAEM2AED6AEB-AEBiAIBqAIBuAKujsLTBsACAdICJDM4ZDNiYzA1LTEwOWUtNDU1NS04YmFhLTE1MzQ4MGIxZTY3OdgCAeACAQ&ucfs=1&arphpl=1&checkin=2026-08-06&checkout=2026-08-07&dest_id=-2772585&dest_type=city&group_adults=2&req_adults=2&no_rooms=1&group_children=0&req_children=0&hpos=9&hapos=158&sr_order=popularity&srpvid=a6ce56975cc70174&srepoch=1785759559&all_sr_blocks=802956002_387384945_2_0_0&highlighted_blocks=802956002_387384945_2_0_0&matching_block_id=802956002_387384945_2_0_0&sr_pri_blocks=802956002_387384945_2_0_0__805000&from=searchresults,8050,9.2,16.0,Rawalpindi,9.0,Apartment,1 extra-large double bed,0,1,1,https://cf.bstatic.com/xdata/images/hotel/square240/839447572.webp?k=d23e341c5282a3b595c83aeb11675aaf2967f78828acb81ab6bb19d8add16219&o=,14,Rawalpindi
Urban Oasis,https://www.booking.com/hotel/pk/urban-oasis-rawalpindi.en-gb.html?aid=304142&label=gen173nr-10CAQoggJCDWNpdHlfLTI3NzI1ODVICVgEaLUBiAEBmAEzuAEHyAEM2AED6AEB-AEBiAIBqAIBuAKujsLTBsACAdICJDM4ZDNiYzA1LTEwOWUtNDU1NS04YmFhLTE1MzQ4MGIxZTY3OdgCAeACAQ&ucfs=1&arphpl=1&checkin=2026-08-06&checkout=2026-08-07&dest_id=-2772585&dest_type=city&group_adults=2&req_adults=2&no_rooms=1&group_children=0&req_children=0&hpos=10&hapos=159&sr_order=popularity&srpvid=a6ce56975cc70174&srepoch=1785759559&all_sr_blocks=1616957501_432554188_2_0_0&highlighted_blocks=1616957501_432554188_2_0_0&matching_block_id=1616957501_432554188_2_0_0&sr_pri_blocks=1616957501_432554188_2_0_0__699900&from=searchresults,6999,,,Rawalpindi,7.7,One-Bedroom Apartment,"2 beds (1 double, 1 sofa bed)",0,1,1,https://cf.bstatic.com/xdata/images/hotel/square240/851559639.webp?k=2f22cb1c75095a83451da3b1522785a72a02b38124724d0ecff4f787d9dbee7d&o=,4,Rawalpindi
Bin Chiragh Luxury Furnished Apartments,https://www.booking.com/hotel/pk/bin-chiragh-luxury-furnished-apartments.en-gb.html?aid=304142&label=gen173nr-10CAQoggJCDWNpdHlfLTI3NzI1ODVICVgEaLUBiAEBmAEzuAEHyAEM2AED6AEB-AEBiAIBqAIBuAKujsLTBsACAdICJDM4ZDNiYzA1LTEwOWUtNDU1NS04YmFhLTE1MzQ4MGIxZTY3OdgCAeACAQ&ucfs=1&arphpl=1&checkin=2026-08-06&checkout=2026-08-07&dest_id=-2772585&dest_type=city&group_adults=2&req_adults=2&no_rooms=1&group_children=0&req_children=0&hpos=11&hapos=160&sr_order=popularity&srpvid=a6ce56975cc70174&srepoch=1785759559&all_sr_blocks=1640880901_434319278_3_0_0&highlighted_blocks=1640880901_434319278_3_0_0&matching_block_id=1640880901_434319278_3_0_0&sr_pri_blocks=1640880901_434319278_3_0_0__700000&from=searchresults,7000,,,Rawalpindi,9.7,One-Bedroom Apartment,1 large double bed,0,1,1,https://cf.bstatic.com/xdata/images/hotel/square240/867243173.webp?k=7995504e8e59c5439ad71169156b9eea165f19e2757d6aa199e3aa9b35fde81a&o=,4,Rawalpindi
Bahria Heights 1 Prime Location Stay,https://www.booking.com/hotel/pk/bahria-heights-1-prime-location-stay.en-gb.html?aid=304142&label=gen173nr-10CAQoggJCDWNpdHlfLTI3NzI1ODVICVgEaLUBiAEBmAEzuAEHyAEM2AED6AEB-AEBiAIBqAIBuAKujsLTBsACAdICJDM4ZDNiYzA1LTEwOWUtNDU1NS04YmFhLTE1MzQ4MGIxZTY3OdgCAeACAQ&ucfs=1&arphpl=1&checkin=2026-08-06&checkout=2026-08-07&dest_id=-2772585&dest_type=city&group_adults=2&req_adults=2&no_rooms=1&group_children=0&req_children=0&hpos=12&hapos=161&sr_order=popularity&srpvid=a6ce56975cc70174&srepoch=1785759559&all_sr_blocks=1542596601_425620484_3_0_0&highlighted_blocks=1542596601_425620484_3_0_0&matching_block_id=1542596601_425620484_3_0_0&sr_pri_blocks=1542596601_425620484_3_0_0__720000&from=searchresults,7200,10,1.0,Rawalpindi,6.0,One-Bedroom Deluxe Apartment,"2 beds (1 extra-large double, 1 sofa bed)",0,0,0,https://cf.bstatic.com/xdata/images/hotel/square240/899970988.webp?k=3a096bae95e5f74c655bd8acd39a2d637fe35e8b9d9c4a1829f453a479f28686&o=,2,Rawalpindi
One Bed Luxury Flat Apartment Bahria Town Islamabad,https://www.booking.com/hotel/pk/prime-apartment.en-gb.html?aid=304142&label=gen173nr-10CAQoggJCDWNpdHlfLTI3NzI1ODVICVgEaLUBiAEBmAEzuAEHyAEM2AED6AEB-AEBiAIBqAIBuAKujsLTBsACAdICJDM4ZDNiYzA1LTEwOWUtNDU1NS04YmFhLTE1MzQ4MGIxZTY3OdgCAeACAQ&ucfs=1&arphpl=1&checkin=2026-08-06&checkout=2026-08-07&dest_id=-2772585&dest_type=city&group_adults=2&req_adults=2&no_rooms=1&group_children=0&req_children=0&hpos=13&hapos=162&sr_order=popularity&srpvid=a6ce56975cc70174&srepoch=1785759559&all_sr_blocks=1514274601_423164216_3_0_0&highlighted_blocks=1514274601_423164216_3_0_0&matching_block_id=1514274601_423164216_3_0_0&sr_pri_blocks=1514274601_423164216_3_0_0__550000&from=searchresults,5500,7.0,1.0,Rawalpindi,9.7,One-Bedroom Apartment,"3 beds (1 double, 2 sofa beds)",0,1,1,https://cf.bstatic.com/xdata/images/hotel/square240/826279556.webp?k=342a9c7399d3b6996f8fe8d488a0bcfda2583448b25cbf3169dad0f2e0db6622&o=,4,Rawalpindi
"Designer 1BHK - Self check-in, Netflix, Balcony - Bahria Phase 8",https://www.booking.com/hotel/pk/oro-stays.en-gb.html?aid=304142&label=gen173nr-10CAQoggJCDWNpdHlfLTI3NzI1ODVICVgEaLUBiAEBmAEzuAEHyAEM2AED6AEB-AEBiAIBqAIBuAKujsLTBsACAdICJDM4ZDNiYzA1LTEwOWUtNDU1NS04YmFhLTE1MzQ4MGIxZTY3OdgCAeACAQ&ucfs=1&arphpl=1&checkin=2026-08-06&checkout=2026-08-07&dest_id=-2772585&dest_type=city&group_adults=2&req_adults=2&no_rooms=1&group_children=0&req_children=0&hpos=14&hapos=163&sr_order=popularity&srpvid=a6ce56975cc70174&srepoch=1785759559&all_sr_blocks=1608904201_431795056_2_0_0&highlighted_blocks=1608904201_431795056_2_0_0&matching_block_id=1608904201_431795056_2_0_0&sr_pri_blocks=1608904201_431795056_2_0_0__775903&from=searchresults,7759,10,1.0,Rawalpindi,11.2,One-Bedroom Apartment,1 double bed,0,0,1,https://cf.bstatic.com/xdata/images/hotel/square240/881062384.webp?k=07028e74d892f2db14ec005962acb62da074a8c6e7b70c5d2e96b054d4c10021&o=,3,Rawalpindi
Fully Furnished Upper Portion,https://www.booking.com/hotel/pk/fully-furnished-upper-portion-rawalpindi.en-gb.html?aid=304142&label=gen173nr-10CAQoggJCDWNpdHlfLTI3NzI1ODVICVgEaLUBiAEBmAEzuAEHyAEM2AED6AEB-AEBiAIBqAIBuAKujsLTBsACAdICJDM4ZDNiYzA1LTEwOWUtNDU1NS04YmFhLTE1MzQ4MGIxZTY3OdgCAeACAQ&ucfs=1&arphpl=1&checkin=2026-08-06&checkout=2026-08-07&dest_id=-2772585&dest_type=city&group_adults=2&req_adults=2&no_rooms=1&group_children=0&req_children=0&hpos=15&hapos=164&sr_order=popularity&srpvid=a6ce56975cc70174&srepoch=1785759559&all_sr_blocks=1686302301_440272189_5_0_0&highlighted_blocks=1686302301_440272189_5_0_0&matching_block_id=1686302301_440272189_5_0_0&sr_pri_blocks=1686302301_440272189_5_0_0__680000&from=searchresults,6800,,,Rawalpindi,11.5,One-Bedroom Apartment,"3 beds (2 doubles, 1 sofa bed)",0,1,1,https://cf.bstatic.com/xdata/images/hotel/square240/893633717.webp?k=5a20505aee0e2d02934da2c8d4487bf996c9ea0246633ee4909dc3448f39a714&o=,5,Rawalpindi
The Signature Studio's,https://www.booking.com/hotel/pk/the-signature-studios.en-gb.html?aid=304142&label=gen173nr-10CAQoggJCDWNpdHlfLTI3NzI1ODVICVgEaLUBiAEBmAEzuAEHyAEM2AED6AEB-AEBiAIBqAIBuAKujsLTBsACAdICJDM4ZDNiYzA1LTEwOWUtNDU1NS04YmFhLTE1MzQ4MGIxZTY3OdgCAeACAQ&ucfs=1&arphpl=1&checkin=2026-08-06&checkout=2026-08-07&dest_id=-2772585&dest_type=city&group_adults=2&req_adults=2&no_rooms=1&group_children=0&req_children=0&hpos=16&hapos=165&sr_order=popularity&srpvid=a6ce56975cc70174&srepoch=1785759559&all_sr_blocks=1325973701_405214563_2_0_0&highlighted_blocks=1325973701_405214563_2_0_0&matching_block_id=1325973701_405214563_2_0_0&sr_pri_blocks=1325973701_405214563_2_0_0__863900&from=searchresults,8639,9.0,6.0,Rawalpindi,6.9,Studio with Balcony,1 extra-large double bed,0,1,1,https://cf.bstatic.com/xdata/images/hotel/square240/625389077.webp?k=60e7e5a4e2ee85e7efaf89a663062e6c314c4ad57e0fa9469f820cea8d466236&o=,5,Rawalpindi
zam geust house,https://www.booking.com/hotel/pk/zam-geust-house-rawalpindi12.en-gb.html?aid=304142&label=gen173nr-10CAQoggJCDWNpdHlfLTI3NzI1ODVICVgEaLUBiAEBmAEzuAEHyAEM2AED6AEB-AEBiAIBqAIBuAKujsLTBsACAdICJDM4ZDNiYzA1LTEwOWUtNDU1NS04YmFhLTE1MzQ4MGIxZTY3OdgCAeACAQ&ucfs=1&arphpl=1&checkin=2026-08-06&checkout=2026-08-07&dest_id=-2772585&dest_type=city&group_adults=2&req_adults=2&no_rooms=1&group_children=0&req_children=0&hpos=17&hapos=166&sr_order=popularity&srpvid=a6ce56975cc70174&srepoch=1785759559&all_sr_blocks=1679543501_439733458_2_0_0&highlighted_blocks=1679543501_439733458_2_0_0&matching_block_id=1679543501_439733458_2_0_0&sr_pri_blocks=1679543501_439733458_2_0_0__595000&from=searchresults,5950,,,Rawalpindi,11.4,One-Bedroom Apartment,1 double bed,0,1,1,https://cf.bstatic.com/xdata/images/hotel/square240/890713264.webp?k=84d18f6e9f525b494a526f34d493a02bcec6489a76753012a08e23ea41f0138a&o=,4,Rawalpindi
Modern One-Bedroom Apartment with Self Check-In and City View,https://www.booking.com/hotel/pk/modern-one-bedroom-apartment-with-self-check-in-and-city-view.en-gb.html?aid=304142&label=gen173nr-10CAQoggJCDWNpdHlfLTI3NzI1ODVICVgEaLUBiAEBmAEzuAEHyAEM2AED6AEB-AEBiAIBqAIBuAKujsLTBsACAdICJDM4ZDNiYzA1LTEwOWUtNDU1NS04YmFhLTE1MzQ4MGIxZTY3OdgCAeACAQ&ucfs=1&arphpl=1&checkin=2026-08-06&checkout=2026-08-07&dest_id=-2772585&dest_type=city&group_adults=2&req_adults=2&no_rooms=1&group_children=0&req_children=0&hpos=18&hapos=167&sr_order=popularity&srpvid=a6ce56975cc70174&srepoch=1785759559&all_sr_blocks=1568845401_427969480_3_0_0&highlighted_blocks=1568845401_427969480_3_0_0&matching_block_id=1568845401_427969480_3_0_0&sr_pri_blocks=1568845401_427969480_3_0_0__800000&from=searchresults,8000,9.0,1.0,Rawalpindi,9.4,One-Bedroom Apartment,"2 beds (1 double, 1 sofa bed)",0,1,1,https://cf.bstatic.com/xdata/images/hotel/square240/812039752.webp?k=a03439e6b2879a67d8434b1896a376640d87ec3764993a4d591f89cb778a5387&o=,4,Rawalpindi
zam geust house,https://www.booking.com/hotel/pk/zam-geust-house-rawalpindi11.en-gb.html?aid=304142&label=gen173nr-10CAQoggJCDWNpdHlfLTI3NzI1ODVICVgEaLUBiAEBmAEzuAEHyAEM2AED6AEB-AEBiAIBqAIBuAKujsLTBsACAdICJDM4ZDNiYzA1LTEwOWUtNDU1NS04YmFhLTE1MzQ4MGIxZTY3OdgCAeACAQ&ucfs=1&arphpl=1&checkin=2026-08-06&checkout=2026-08-07&dest_id=-2772585&dest_type=city&group_adults=2&req_adults=2&no_rooms=1&group_children=0&req_children=0&hpos=19&hapos=168&sr_order=popularity&srpvid=a6ce56975cc70174&srepoch=1785759559&all_sr_blocks=1674977901_439254814_2_0_0&highlighted_blocks=1674977901_439254814_2_0_0&matching_block_id=1674977901_439254814_2_0_0&sr_pri_blocks=1674977901_439254814_2_0_0__595000&from=searchresults,5950,,,Rawalpindi,11.6,One-Bedroom Apartment,1 double bed,0,1,1,https://cf.bstatic.com/xdata/images/hotel/square240/888079835.webp?k=6a126e7a1c4ba2d3bcf66562e9078e4023209213f2cc4cdd5a7385162c723adf&o=,4,Rawalpindi
The Oriel Guest House,https://www.booking.com/hotel/pk/the-oriel-guest-house.en-gb.html?aid=304142&label=gen173nr-10CAQoggJCDWNpdHlfLTI3NzI1ODVICVgEaLUBiAEBmAEzuAEHyAEM2AED6AEB-AEBiAIBqAIBuAKujsLTBsACAdICJDM4ZDNiYzA1LTEwOWUtNDU1NS04YmFhLTE1MzQ4MGIxZTY3OdgCAeACAQ&ucfs=1&arphpl=1&checkin=2026-08-06&checkout=2026-08-07&dest_id=-2772585&dest_type=city&group_adults=2&req_adults=2&no_rooms=1&group_children=0&req_children=0&hpos=20&hapos=169&sr_order=popularity&srpvid=a6ce56975cc70174&srepoch=1785759559&all_sr_blocks=1619617801_432791964_2_2_0&highlighted_blocks=1619617801_432791964_2_2_0&matching_block_id=1619617801_432791964_2_2_0&sr_pri_blocks=1619617801_432791964_2_2_0__700000&from=searchresults,7000,,,Rawalpindi,7.1,Double Room,"2 beds (1 single, 1 large double)",0,1,1,https://cf.bstatic.com/xdata/images/hotel/square240/855033179.webp?k=0e0f4aad8aaf900488b2a415f053b830070da6d76b3e159c55cf8c372011ec41&o=,4,Rawalpindi
Havana Gray- 1BHK - Bahria Heights,https://www.booking.com/hotel/pk/havana-gray-1bhk-bahria-heights.en-gb.html?aid=304142&label=gen173nr-10CAQoggJCDWNpdHlfLTI3NzI1ODVICVgEaLUBiAEBmAEzuAEHyAEM2AED6AEB-AEBiAIBqAIBuAKujsLTBsACAdICJDM4ZDNiYzA1LTEwOWUtNDU1NS04YmFhLTE1MzQ4MGIxZTY3OdgCAeACAQ&ucfs=1&arphpl=1&checkin=2026-08-06&checkout=2026-08-07&dest_id=-2772585&dest_type=city&group_adults=2&req_adults=2&no_rooms=1&group_children=0&req_children=0&hpos=21&hapos=170&sr_order=popularity&srpvid=a6ce56975cc70174&srepoch=1785759559&all_sr_blocks=1638614701_434159865_4_0_0&highlighted_blocks=1638614701_434159865_4_0_0&matching_block_id=1638614701_434159865_4_0_0&sr_pri_blocks=1638614701_434159865_4_0_0__900000&from=searchresults,9000,,,Rawalpindi,6.0,One-Bedroom Apartment,1 extra-large double bed,0,1,1,https://cf.bstatic.com/xdata/images/hotel/square240/865979065.webp?k=63e45d06c56280326f4259664bd74cfe4fc7f13980569e4bf15bfb6c8ca2e2cc&o=,4,Rawalpindi
Bin chiragh,https://www.booking.com/hotel/pk/bin-chiragh-rawalpindi3.en-gb.html?aid=304142&label=gen173nr-10CAQoggJCDWNpdHlfLTI3NzI1ODVICVgEaLUBiAEBmAEzuAEHyAEM2AED6AEB-AEBiAIBqAIBuAKujsLTBsACAdICJDM4ZDNiYzA1LTEwOWUtNDU1NS04YmFhLTE1MzQ4MGIxZTY3OdgCAeACAQ&ucfs=1&arphpl=1&checkin=2026-08-06&checkout=2026-08-07&dest_id=-2772585&dest_type=city&group_adults=2&req_adults=2&no_rooms=1&group_children=0&req_children=0&hpos=22&hapos=171&sr_order=popularity&srpvid=a6ce56975cc70174&srepoch=1785759559&all_sr_blocks=1360637701_408370631_2_0_0&highlighted_blocks=1360637701_408370631_2_0_0&matching_block_id=1360637701_408370631_2_0_0&sr_pri_blocks=1360637701_408370631_2_0_0__700000&from=searchresults,7000,10,1.0,Rawalpindi,9.7,One-Bedroom Apartment,1 double bed,0,1,1,https://cf.bstatic.com/xdata/images/hotel/square240/647650446.webp?k=66da85f3dfa39e9508926931155f583d0374578f650a821636cad5cdabede31e&o=,4,Rawalpindi
The Chromatic Apartments Bahria Town,https://www.booking.com/hotel/pk/the-chromatic-apartments-bahria-town.en-gb.html?aid=304142&label=gen173nr-10CAQoggJCDWNpdHlfLTI3NzI1ODVICVgEaLUBiAEBmAEzuAEHyAEM2AED6AEB-AEBiAIBqAIBuAKujsLTBsACAdICJDM4ZDNiYzA1LTEwOWUtNDU1NS04YmFhLTE1MzQ4MGIxZTY3OdgCAeACAQ&ucfs=1&arphpl=1&checkin=2026-08-06&checkout=2026-08-07&dest_id=-2772585&dest_type=city&group_adults=2&req_adults=2&no_rooms=1&group_children=0&req_children=0&hpos=23&hapos=172&sr_order=popularity&srpvid=a6ce56975cc70174&srepoch=1785759559&all_sr_blocks=1073758801_379924387_3_0_0&highlighted_blocks=1073758801_379924387_3_0_0&matching_block_id=1073758801_379924387_3_0_0&sr_pri_blocks=1073758801_379924387_3_0_0__1198700&from=searchresults,11987,9.0,3.0,Rawalpindi,6.0,Deluxe Apartment,"2 beds (1 large double, 1 futon)",0,1,1,https://cf.bstatic.com/xdata/images/hotel/square240/490845053.webp?k=f8a60aac8714f44bb24bc1782301852a170c392ed6f9e9349ea3f4210866da4e&o=,4,Rawalpindi
Airport Rooms,https://www.booking.com/hotel/pk/airport-rooms-rawalpindi.en-gb.html?aid=304142&label=gen173nr-10CAQoggJCDWNpdHlfLTI3NzI1ODVICVgEaLUBiAEBmAEzuAEHyAEM2AED6AEB-AEBiAIBqAIBuAKujsLTBsACAdICJDM4ZDNiYzA1LTEwOWUtNDU1NS04YmFhLTE1MzQ4MGIxZTY3OdgCAeACAQ&ucfs=1&arphpl=1&checkin=2026-08-06&checkout=2026-08-07&dest_id=-2772585&dest_type=city&group_adults=2&req_adults=2&no_rooms=1&group_children=0&req_children=0&hpos=24&hapos=173&sr_order=popularity&srpvid=a6ce56975cc70174&srepoch=1785759559&all_sr_blocks=1511921101_422933552_3_0_0&highlighted_blocks=1511921101_422933552_3_0_0&matching_block_id=1511921101_422933552_3_0_0&sr_pri_blocks=1511921101_422933552_3_0_0__550000&from=searchresults,5500,1.0,1.0,Rawalpindi,18.4,One-Bedroom Apartment,"3 beds (1 double, 1 sofa bed, 1 futon)",0,1,1,https://cf.bstatic.com/xdata/images/hotel/square240/764571296.webp?k=498a85e8ff795e9981f9411c9488abc3d490c85d70d5a3fd522472a61e0258df&o=,4,Rawalpindi
De Elevè 02'- Designer Studio Apartment,https://www.booking.com/hotel/pk/de-eleve-02-designer-1-bed-luxury-apartment-rawalpindi.en-gb.html?aid=304142&label=gen173nr-10CAQoggJCDWNpdHlfLTI3NzI1ODVICVgEaLUBiAEBmAEzuAEHyAEM2AED6AEB-AEBiAIBqAIBuAKujsLTBsACAdICJDM4ZDNiYzA1LTEwOWUtNDU1NS04YmFhLTE1MzQ4MGIxZTY3OdgCAeACAQ&ucfs=1&arphpl=1&checkin=2026-08-06&checkout=2026-08-07&dest_id=-2772585&dest_type=city&group_adults=2&req_adults=2&no_rooms=1&group_children=0&req_children=0&hpos=25&hapos=174&sr_order=popularity&srpvid=a6ce56975cc70174&srepoch=1785759559&all_sr_blocks=1421707101_413799902_2_0_0&highlighted_blocks=1421707101_413799902_2_0_0&matching_block_id=1421707101_413799902_2_0_0&sr_pri_blocks=1421707101_413799902_2_0_0__810000&from=searchresults,8100,7.8,5.0,Rawalpindi,11.3,One-Bedroom Apartment,1 extra-large double bed,0,1,1,https://cf.bstatic.com/xdata/images/hotel/square240/770959758.webp?k=e87a4ced8687b612ceab828b1d4a5e75508787e33c2079252d30b6d56ae08c79&o=,4,Rawalpindi
Cozy ground floor villa,https://www.booking.com/hotel/pk/cozy-ground-floor-villa.en-gb.html?aid=304142&label=gen173nr-10CAQoggJCDWNpdHlfLTI3NzI1ODVICVgEaLUBiAEBmAEzuAEHyAEM2AED6AEB-AEBiAIBqAIBuAKujsLTBsACAdICJDM4ZDNiYzA1LTEwOWUtNDU1NS04YmFhLTE1MzQ4MGIxZTY3OdgCAeACAQ&ucfs=1&arphpl=1&checkin=2026-08-06&checkout=2026-08-07&dest_id=-2772585&dest_type=city&group_adults=2&req_adults=2&no_rooms=1&group_children=0&req_children=0&hpos=1&hapos=175&sr_order=popularity&srpvid=a6ce56975cc70174&srepoch=1785759562&all_sr_blocks=1629816401_433549265_4_0_0&highlighted_blocks=1629816401_433549265_4_0_0&matching_block_id=1629816401_433549265_4_0_0&sr_pri_blocks=1629816401_433549265_4_0_0__1400000&from=searchresults,14000,,,Rawalpindi,13.7,Two-Bedroom Villa,"3 beds (2 extra-large doubles, 1 sofa bed)",0,1,1,https://cf.bstatic.com/xdata/images/hotel/square240/873211510.webp?k=b62d7c270a209e6e31ab6a330b6d915ca5d4ad828f42eec1e7d921609ebb5534&o=,4,Rawalpindi
2 BHK Park Facing Luxury Apartment,https://www.booking.com/hotel/pk/signature-stay-rawalpindi.en-gb.html?aid=304142&label=gen173nr-10CAQoggJCDWNpdHlfLTI3NzI1ODVICVgEaLUBiAEBmAEzuAEHyAEM2AED6AEB-AEBiAIBqAIBuAKujsLTBsACAdICJDM4ZDNiYzA1LTEwOWUtNDU1NS04YmFhLTE1MzQ4MGIxZTY3OdgCAeACAQ&ucfs=1&arphpl=1&checkin=2026-08-06&checkout=2026-08-07&dest_id=-2772585&dest_type=city&group_adults=2&req_adults=2&no_rooms=1&group_children=0&req_children=0&hpos=2&hapos=176&sr_order=popularity&srpvid=a6ce56975cc70174&srepoch=1785759562&all_sr_blocks=1642578501_439089926_2_0_0&highlighted_blocks=1642578501_439089926_2_0_0&matching_block_id=1642578501_439089926_2_0_0&sr_pri_blocks=1642578501_439089926_2_0_0__1190000&from=searchresults,11900,,,Rawalpindi,12.7,Apartment with Park View,"5 beds (2 doubles, 2 extra-large doubles, 1 sofa bed)",0,0,1,https://cf.bstatic.com/xdata/images/hotel/square240/868330319.webp?k=aa692b4c59350438cb62cf366935084ca9205ea2fe2ebf7f43dd9232a1b6d00e&o=,3,Rawalpindi
Al Razaaq Apartment,https://www.booking.com/hotel/pk/kashan.en-gb.html?aid=304142&label=gen173nr-10CAQoggJCDWNpdHlfLTI3NzI1ODVICVgEaLUBiAEBmAEzuAEHyAEM2AED6AEB-AEBiAIBqAIBuAKujsLTBsACAdICJDM4ZDNiYzA1LTEwOWUtNDU1NS04YmFhLTE1MzQ4MGIxZTY3OdgCAeACAQ&ucfs=1&arphpl=1&checkin=2026-08-06&checkout=2026-08-07&dest_id=-2772585&dest_type=city&group_adults=2&req_adults=2&no_rooms=1&group_children=0&req_children=0&hpos=3&hapos=177&sr_order=popularity&srpvid=a6ce56975cc70174&srepoch=1785759562&all_sr_blocks=1572519101_428299834_0_0_0_1468495&highlighted_blocks=1572519101_428299834_0_0_0_1468495&matching_block_id=1572519101_428299834_0_0_0_1468495&sr_pri_blocks=1572519101_428299834_0_0_0_1468495_650000&from=searchresults,6500,10,3.0,Rawalpindi,9.3,Apartment with City View,"2 beds (1 extra-large double, 1 sofa bed)",0,1,1,https://cf.bstatic.com/xdata/images/hotel/square240/885161350.webp?k=df6301b790267462cb51af57c95d941f7c34e82cfc20f5e2d4b69ac8b91006b0&o=,4,Rawalpindi
Lavish Residency Guest House Fasial Town,https://www.booking.com/hotel/pk/f-town-near-isb-air-port.en-gb.html?aid=304142&label=gen173nr-10CAQoggJCDWNpdHlfLTI3NzI1ODVICVgEaLUBiAEBmAEzuAEHyAEM2AED6AEB-AEBiAIBqAIBuAKujsLTBsACAdICJDM4ZDNiYzA1LTEwOWUtNDU1NS04YmFhLTE1MzQ4MGIxZTY3OdgCAeACAQ&ucfs=1&arphpl=1&checkin=2026-08-06&checkout=2026-08-07&dest_id=-2772585&dest_type=city&group_adults=2&req_adults=2&no_rooms=1&group_children=0&req_children=0&hpos=4&hapos=178&sr_order=popularity&srpvid=a6ce56975cc70174&srepoch=1785759562&all_sr_blocks=902129002_361020270_2_0_0&highlighted_blocks=902129002_361020270_2_0_0&matching_block_id=902129002_361020270_2_0_0&sr_pri_blocks=902129002_361020270_2_0_0__412200&from=searchresults,4122,4.7,20.0,Rawalpindi,18.2,Deluxe Double Room,2 single beds,0,0,0,https://cf.bstatic.com/xdata/images/hotel/square240/744628458.webp?k=649c9f987ae6bda34393e8f3ad939edba4c9a4873db62ac2b97ccdb74d586d64&o=,2,Rawalpindi
The Rainbow Apartments Bahria Town,https://www.booking.com/hotel/pk/the-rainbow-apartments-bahria-town.en-gb.html?aid=304142&label=gen173nr-10CAQoggJCDWNpdHlfLTI3NzI1ODVICVgEaLUBiAEBmAEzuAEHyAEM2AED6AEB-AEBiAIBqAIBuAKujsLTBsACAdICJDM4ZDNiYzA1LTEwOWUtNDU1NS04YmFhLTE1MzQ4MGIxZTY3OdgCAeACAQ&ucfs=1&arphpl=1&checkin=2026-08-06&checkout=2026-08-07&dest_id=-2772585&dest_type=city&group_adults=2&req_adults=2&no_rooms=1&group_children=0&req_children=0&hpos=5&hapos=179&sr_order=popularity&srpvid=a6ce56975cc70174&srepoch=1785759562&all_sr_blocks=1307830101_403602264_2_0_0&highlighted_blocks=1307830101_403602264_2_0_0&matching_block_id=1307830101_403602264_2_0_0&sr_pri_blocks=1307830101_403602264_2_0_0__962820&from=searchresults,9628,9.8,5.0,Rawalpindi,6.9,Studio Apartment with Balcony,1 extra-large double bed,0,1,1,https://cf.bstatic.com/xdata/images/hotel/square240/612843324.webp?k=9688a7c17c1d544285844b8d77959c3729587bb4b6d964074a65eb9933db906a&o=,13,Rawalpindi
Sunset luxe Modern one bed apartment,https://www.booking.com/hotel/pk/sunset-luxe-modern-one-bed-apartment.en-gb.html?aid=304142&label=gen173nr-10CAQoggJCDWNpdHlfLTI3NzI1ODVICVgEaLUBiAEBmAEzuAEHyAEM2AED6AEB-AEBiAIBqAIBuAKujsLTBsACAdICJDM4ZDNiYzA1LTEwOWUtNDU1NS04YmFhLTE1MzQ4MGIxZTY3OdgCAeACAQ&ucfs=1&arphpl=1&checkin=2026-08-06&checkout=2026-08-07&dest_id=-2772585&dest_type=city&group_adults=2&req_adults=2&no_rooms=1&group_children=0&req_children=0&hpos=6&hapos=180&sr_order=popularity&srpvid=a6ce56975cc70174&srepoch=1785759562&all_sr_blocks=1630932401_433634332_4_0_0&highlighted_blocks=1630932401_433634332_4_0_0&matching_block_id=1630932401_433634332_4_0_0&sr_pri_blocks=1630932401_433634332_4_0_0__900000&from=searchresults,9000,,,Rawalpindi,11.3,One-Bedroom Apartment,1 double bed,0,1,1,https://cf.bstatic.com/xdata/images/hotel/square240/861744973.webp?k=4ea7f53c8b2d9193771e48f59af8273f569616b14be487b7e0924eaf52d1c4e2&o=,5,Rawalpindi
zam geust house,https://www.booking.com/hotel/pk/zam-geust-house-rawalpindi4.en-gb.html?aid=304142&label=gen173nr-10CAQoggJCDWNpdHlfLTI3NzI1ODVICVgEaLUBiAEBmAEzuAEHyAEM2AED6AEB-AEBiAIBqAIBuAKujsLTBsACAdICJDM4ZDNiYzA1LTEwOWUtNDU1NS04YmFhLTE1MzQ4MGIxZTY3OdgCAeACAQ&ucfs=1&arphpl=1&checkin=2026-08-06&checkout=2026-08-07&dest_id=-2772585&dest_type=city&group_adults=2&req_adults=2&no_rooms=1&group_children=0&req_children=0&hpos=7&hapos=181&sr_order=popularity&srpvid=a6ce56975cc70174&srepoch=1785759562&all_sr_blocks=1636990702_434063226_2_0_0&highlighted_blocks=1636990702_434063226_2_0_0&matching_block_id=1636990702_434063226_2_0_0&sr_pri_blocks=1636990702_434063226_2_0_0__600000&from=searchresults,6000,5.0,1.0,Rawalpindi,12.4,Double Room,1 double bed,0,1,1,https://cf.bstatic.com/xdata/images/hotel/square240/865133659.webp?k=01166675a92adbb76485b52c5257310dde99b286debad28bb2f10b9f61972889&o=,4,Rawalpindi
Daily Apartments,https://www.booking.com/hotel/pk/daily-apartments.en-gb.html?aid=304142&label=gen173nr-10CAQoggJCDWNpdHlfLTI3NzI1ODVICVgEaLUBiAEBmAEzuAEHyAEM2AED6AEB-AEBiAIBqAIBuAKujsLTBsACAdICJDM4ZDNiYzA1LTEwOWUtNDU1NS04YmFhLTE1MzQ4MGIxZTY3OdgCAeACAQ&ucfs=1&arphpl=1&checkin=2026-08-06&checkout=2026-08-07&dest_id=-2772585&dest_type=city&group_adults=2&req_adults=2&no_rooms=1&group_children=0&req_children=0&hpos=8&hapos=182&sr_order=popularity&srpvid=a6ce56975cc70174&srepoch=1785759562&all_sr_blocks=1685313901_440156051_2_0_0&highlighted_blocks=1685313901_440156051_2_0_0&matching_block_id=1685313901_440156051_2_0_0&sr_pri_blocks=1685313901_440156051_2_0_0__637500&from=searchresults,6375,2.0,1.0,Rawalpindi,7.7,One-Bedroom Apartment,"2 beds (1 single, 1 double)",0,1,1,https://cf.bstatic.com/xdata/images/hotel/square240/892809189.webp?k=4cdb1ba9fe66ebc30c393c5eb1c678e7e14744d365de19daf62ac21358f4caae&o=,4,Rawalpindi
GULBARG GREEN ISLAMABAD apartment available for rent per day,https://www.booking.com/hotel/pk/gulbarg-green-islamabad-apartment-available-for-rent-per-day.en-gb.html?aid=304142&label=gen173nr-10CAQoggJCDWNpdHlfLTI3NzI1ODVICVgEaLUBiAEBmAEzuAEHyAEM2AED6AEB-AEBiAIBqAIBuAKujsLTBsACAdICJDM4ZDNiYzA1LTEwOWUtNDU1NS04YmFhLTE1MzQ4MGIxZTY3OdgCAeACAQ&ucfs=1&arphpl=1&checkin=2026-08-06&checkout=2026-08-07&dest_id=-2772585&dest_type=city&group_adults=2&req_adults=2&no_rooms=1&group_children=0&req_children=0&hpos=9&hapos=183&sr_order=popularity&srpvid=a6ce56975cc70174&srepoch=1785759562&all_sr_blocks=1613364601_432228224_4_0_0&highlighted_blocks=1613364601_432228224_4_0_0&matching_block_id=1613364601_432228224_4_0_0&sr_pri_blocks=1613364601_432228224_4_0_0__800000&from=searchresults,8000,,,Rawalpindi,6.7,Two-Bedroom Apartment,"3 beds (1 double, 1 extra-large double, 1 sofa bed)",0,1,1,https://cf.bstatic.com/xdata/images/hotel/square240/848841017.webp?k=3c52e1dfea1c887a13a7462f1b96e162c49951d058d38938f475676b0a3d1600&o=,4,Rawalpindi
3 Bedroom city view studio apartment,https://www.booking.com/hotel/pk/3-bedroom-city-view-studio-apartment.en-gb.html?aid=304142&label=gen173nr-10CAQoggJCDWNpdHlfLTI3NzI1ODVICVgEaLUBiAEBmAEzuAEHyAEM2AED6AEB-AEBiAIBqAIBuAKujsLTBsACAdICJDM4ZDNiYzA1LTEwOWUtNDU1NS04YmFhLTE1MzQ4MGIxZTY3OdgCAeACAQ&ucfs=1&arphpl=1&checkin=2026-08-06&checkout=2026-08-07&dest_id=-2772585&dest_type=city&group_adults=2&req_adults=2&no_rooms=1&group_children=0&req_children=0&hpos=10&hapos=184&sr_order=popularity&srpvid=a6ce56975cc70174&srepoch=1785759562&all_sr_blocks=1575123201_428602371_7_0_0&highlighted_blocks=1575123201_428602371_7_0_0&matching_block_id=1575123201_428602371_7_0_0&sr_pri_blocks=1575123201_428602371_7_0_0__1890000&from=searchresults,18900,,,Rawalpindi,7.7,One-Bedroom Apartment,"4 beds (1 sofa bed, 3 large doubles)",0,1,1,https://cf.bstatic.com/xdata/images/hotel/square240/817537740.webp?k=28c76937a674b300b76071f865ede35dc6c8b66831a0e12b6c3f652a7030ed14&o=,4,Rawalpindi
Modern City Living Stylish 1-Bed Apartment with View,https://www.booking.com/hotel/pk/acantildo-commercial-plaza.en-gb.html?aid=304142&label=gen173nr-10CAQoggJCDWNpdHlfLTI3NzI1ODVICVgEaLUBiAEBmAEzuAEHyAEM2AED6AEB-AEBiAIBqAIBuAKujsLTBsACAdICJDM4ZDNiYzA1LTEwOWUtNDU1NS04YmFhLTE1MzQ4MGIxZTY3OdgCAeACAQ&ucfs=1&arphpl=1&checkin=2026-08-06&checkout=2026-08-07&dest_id=-2772585&dest_type=city&group_adults=2&req_adults=2&no_rooms=1&group_children=0&req_children=0&hpos=11&hapos=185&sr_order=popularity&srpvid=a6ce56975cc70174&srepoch=1785759562&all_sr_blocks=1550948101_426288785_2_0_0&highlighted_blocks=1550948101_426288785_2_0_0&matching_block_id=1550948101_426288785_2_0_0&sr_pri_blocks=1550948101_426288785_2_0_0__890000&from=searchresults,8900,,,Rawalpindi,9.5,One-Bedroom Apartment,"2 beds (1 double, 1 sofa bed)",0,1,1,https://cf.bstatic.com/xdata/images/hotel/square240/805271014.webp?k=daf81c94edef08197efddfa3f8740899ef939a21b236f34345546c304d349927&o=,4,Rawalpindi
Mocha Retreat 360 view 2bhk Suite,https://www.booking.com/hotel/pk/mocha-retreat-360-view-2bhk-suite.en-gb.html?aid=304142&label=gen173nr-10CAQoggJCDWNpdHlfLTI3NzI1ODVICVgEaLUBiAEBmAEzuAEHyAEM2AED6AEB-AEBiAIBqAIBuAKujsLTBsACAdICJDM4ZDNiYzA1LTEwOWUtNDU1NS04YmFhLTE1MzQ4MGIxZTY3OdgCAeACAQ&ucfs=1&arphpl=1&checkin=2026-08-06&checkout=2026-08-07&dest_id=-2772585&dest_type=city&group_adults=2&req_adults=2&no_rooms=1&group_children=0&req_children=0&hpos=12&hapos=186&sr_order=popularity&srpvid=a6ce56975cc70174&srepoch=1785759562&all_sr_blocks=1549288401_426155400_6_0_0&highlighted_blocks=1549288401_426155400_6_0_0&matching_block_id=1549288401_426155400_6_0_0&sr_pri_blocks=1549288401_426155400_6_0_0__1300000&from=searchresults,13000,7.0,2.0,Rawalpindi,11.3,Two-Bedroom Apartment with Balcony and Terrace,"5 beds (2 doubles, 3 sofa beds)",0,1,1,https://cf.bstatic.com/xdata/images/hotel/square240/795132933.webp?k=289455591591c8474420b6030bf4263a46238b6211f1dc70bf7137921229c276&o=,4,Rawalpindi
Executive 1BHK with Scenic Balcony View & Free Netflix,https://www.booking.com/hotel/pk/executive-1bhk-apartment-with-scenic-balcony-view.en-gb.html?aid=304142&label=gen173nr-10CAQoggJCDWNpdHlfLTI3NzI1ODVICVgEaLUBiAEBmAEzuAEHyAEM2AED6AEB-AEBiAIBqAIBuAKujsLTBsACAdICJDM4ZDNiYzA1LTEwOWUtNDU1NS04YmFhLTE1MzQ4MGIxZTY3OdgCAeACAQ&ucfs=1&arphpl=1&checkin=2026-08-06&checkout=2026-08-07&dest_id=-2772585&dest_type=city&group_adults=2&req_adults=2&no_rooms=1&group_children=0&req_children=0&hpos=13&hapos=187&sr_order=popularity&srpvid=a6ce56975cc70174&srepoch=1785759562&all_sr_blocks=1452376301_416631391_2_0_0&highlighted_blocks=1452376301_416631391_2_0_0&matching_block_id=1452376301_416631391_2_0_0&sr_pri_blocks=1452376301_416631391_2_0_0__850000&from=searchresults,8500,5.6,7.0,Rawalpindi,11.3,One-Bedroom Apartment,"2 beds (1 double, 1 sofa bed)",0,1,1,https://cf.bstatic.com/xdata/images/hotel/square240/710569303.webp?k=351e2fadbbfeae73fc90d47ea6f397cd8f0d9c791f72f599981df30d6e85c87b&o=,9,Rawalpindi
Modern living with a cozy vibe,https://www.booking.com/hotel/pk/modern-living-with-a-cozy-vibe.en-gb.html?aid=304142&label=gen173nr-10CAQoggJCDWNpdHlfLTI3NzI1ODVICVgEaLUBiAEBmAEzuAEHyAEM2AED6AEB-AEBiAIBqAIBuAKujsLTBsACAdICJDM4ZDNiYzA1LTEwOWUtNDU1NS04YmFhLTE1MzQ4MGIxZTY3OdgCAeACAQ&ucfs=1&arphpl=1&checkin=2026-08-06&checkout=2026-08-07&dest_id=-2772585&dest_type=city&group_adults=2&req_adults=2&no_rooms=1&group_children=0&req_children=0&hpos=14&hapos=188&sr_order=popularity&srpvid=a6ce56975cc70174&srepoch=1785759562&all_sr_blocks=1540364301_425440986_2_0_0&highlighted_blocks=1540364301_425440986_2_0_0&matching_block_id=1540364301_425440986_2_0_0&sr_pri_blocks=1540364301_425440986_2_0_0__620000&from=searchresults,6200,,,Rawalpindi,11.2,One-Bedroom Apartment,1 double bed,0,1,1,https://cf.bstatic.com/xdata/images/hotel/square240/796706063.webp?k=71715e8780e5c808a2a7bcc1f8328811d1b7ba43c8d14d455c0750e206453ebc&o=,4,Rawalpindi
Fior Residence 2BHK,https://www.booking.com/hotel/pk/fior-residence-2bhk.en-gb.html?aid=304142&label=gen173nr-10CAQoggJCDWNpdHlfLTI3NzI1ODVICVgEaLUBiAEBmAEzuAEHyAEM2AED6AEB-AEBiAIBqAIBuAKujsLTBsACAdICJDM4ZDNiYzA1LTEwOWUtNDU1NS04YmFhLTE1MzQ4MGIxZTY3OdgCAeACAQ&ucfs=1&arphpl=1&checkin=2026-08-06&checkout=2026-08-07&dest_id=-2772585&dest_type=city&group_adults=2&req_adults=2&no_rooms=1&group_children=0&req_children=0&hpos=15&hapos=189&sr_order=popularity&srpvid=a6ce56975cc70174&srepoch=1785759562&all_sr_blocks=1515975201_423314579_0_0_0&highlighted_blocks=1515975201_423314579_0_0_0&matching_block_id=1515975201_423314579_0_0_0&sr_pri_blocks=1515975201_423314579_0_0_0__2200000&from=searchresults,22000,,,Rawalpindi,6.0,Two-Bedroom Apartment,2 extra-large double beds,0,1,1,https://cf.bstatic.com/xdata/images/hotel/square240/767892480.webp?k=d0cce8a91e7c52e42ab170a1f0df723841405ed0a5746cb4a09f1a17026cc622&o=,4,Rawalpindi
Prime Apartments,https://www.booking.com/hotel/pk/prime-apartments.en-gb.html?aid=304142&label=gen173nr-10CAQoggJCDWNpdHlfLTI3NzI1ODVICVgEaLUBiAEBmAEzuAEHyAEM2AED6AEB-AEBiAIBqAIBuAKujsLTBsACAdICJDM4ZDNiYzA1LTEwOWUtNDU1NS04YmFhLTE1MzQ4MGIxZTY3OdgCAeACAQ&ucfs=1&arphpl=1&checkin=2026-08-06&checkout=2026-08-07&dest_id=-2772585&dest_type=city&group_adults=2&req_adults=2&no_rooms=1&group_children=0&req_children=0&hpos=16&hapos=190&sr_order=popularity&srpvid=a6ce56975cc70174&srepoch=1785759562&all_sr_blocks=1699224601_441577513_3_0_0&highlighted_blocks=1699224601_441577513_3_0_0&matching_block_id=1699224601_441577513_3_0_0&sr_pri_blocks=1699224601_441577513_3_0_0__503200&from=searchresults,5032,,,Rawalpindi,9.7,One-Bedroom Apartment,1 large double bed,0,1,1,https://cf.bstatic.com/xdata/images/hotel/square240/901952461.webp?k=2fd9740af4071880736bff50a19cd1ba876c605fe8e8e808f4a5e1c962e2853f&o=,5,Rawalpindi
Prime Stay Luxurious Apartments,https://www.booking.com/hotel/pk/prime-stay-luxurious-apartments.en-gb.html?aid=304142&label=gen173nr-10CAQoggJCDWNpdHlfLTI3NzI1ODVICVgEaLUBiAEBmAEzuAEHyAEM2AED6AEB-AEBiAIBqAIBuAKujsLTBsACAdICJDM4ZDNiYzA1LTEwOWUtNDU1NS04YmFhLTE1MzQ4MGIxZTY3OdgCAeACAQ&ucfs=1&arphpl=1&checkin=2026-08-06&checkout=2026-08-07&dest_id=-2772585&dest_type=city&group_adults=2&req_adults=2&no_rooms=1&group_children=0&req_children=0&hpos=17&hapos=191&sr_order=popularity&srpvid=a6ce56975cc70174&srepoch=1785759562&all_sr_blocks=1694596101_441114380_0_0_0&highlighted_blocks=1694596101_441114380_0_0_0&matching_block_id=1694596101_441114380_0_0_0&sr_pri_blocks=1694596101_441114380_0_0_0__1700000&from=searchresults,17000,,,Rawalpindi,6.6,Two-Bedroom Apartment,2 large double beds,0,1,1,https://cf.bstatic.com/xdata/images/hotel/square240/899208519.webp?k=396e7161a4a9669dac6043c7ad4d4ca78d1f053b881bf4e61531812065131239&o=,4,Rawalpindi
Safari Valley Lodges - Comfort Stay 1 Bedroom Near Bahria International Hospital Phase 8,https://www.booking.com/hotel/pk/cozy-bahria-flats.en-gb.html?aid=304142&label=gen173nr-10CAQoggJCDWNpdHlfLTI3NzI1ODVICVgEaLUBiAEBmAEzuAEHyAEM2AED6AEB-AEBiAIBqAIBuAKujsLTBsACAdICJDM4ZDNiYzA1LTEwOWUtNDU1NS04YmFhLTE1MzQ4MGIxZTY3OdgCAeACAQ&ucfs=1&arphpl=1&checkin=2026-08-06&checkout=2026-08-07&dest_id=-2772585&dest_type=city&group_adults=2&req_adults=2&no_rooms=1&group_children=0&req_children=0&hpos=18&hapos=192&sr_order=popularity&srpvid=a6ce56975cc70174&srepoch=1785759562&all_sr_blocks=1495490903_421221695_3_0_0&highlighted_blocks=1495490903_421221695_3_0_0&matching_block_id=1495490903_421221695_3_0_0&sr_pri_blocks=1495490903_421221695_3_0_0__590000&from=searchresults,5900,9.0,4.0,Rawalpindi,12.3,One-Bedroom Apartment,"2 beds (1 extra-large double, 1 sofa bed)",0,1,1,https://cf.bstatic.com/xdata/images/hotel/square240/759916222.webp?k=5cf273b027b6ea45bf0a3f19d02e5f52285f1dc9327a803e79ae306fff6b482e&o=,4,Rawalpindi
The Grande,https://www.booking.com/hotel/pk/the-grande-rawalpindi2.en-gb.html?aid=304142&label=gen173nr-10CAQoggJCDWNpdHlfLTI3NzI1ODVICVgEaLUBiAEBmAEzuAEHyAEM2AED6AEB-AEBiAIBqAIBuAKujsLTBsACAdICJDM4ZDNiYzA1LTEwOWUtNDU1NS04YmFhLTE1MzQ4MGIxZTY3OdgCAeACAQ&ucfs=1&arphpl=1&checkin=2026-08-06&checkout=2026-08-07&dest_id=-2772585&dest_type=city&group_adults=2&req_adults=2&no_rooms=1&group_children=0&req_children=0&hpos=19&hapos=193&sr_order=popularity&srpvid=a6ce56975cc70174&srepoch=1785759562&all_sr_blocks=1426525801_414230689_2_0_0_1099179&highlighted_blocks=1426525801_414230689_2_0_0_1099179&matching_block_id=1426525801_414230689_2_0_0_1099179&sr_pri_blocks=1426525801_414230689_2_0_0_1099179_2550000&from=searchresults,25500,10,1.0,Rawalpindi,7.0,Two-Bedroom Apartment,2 large double beds,0,1,1,https://cf.bstatic.com/xdata/images/hotel/square240/690232467.webp?k=e67b344271ee94d0125808a9b049b65daf2244fd40eb19c05aba5983a5abafe9&o=,4,Rawalpindi
Hotel H6,https://www.booking.com/hotel/pk/h6.en-gb.html?aid=304142&label=gen173nr-10CAQoggJCDWNpdHlfLTI3NzI1ODVICVgEaLUBiAEBmAEzuAEHyAEM2AED6AEB-AEBiAIBqAIBuAKujsLTBsACAdICJDM4ZDNiYzA1LTEwOWUtNDU1NS04YmFhLTE1MzQ4MGIxZTY3OdgCAeACAQ&ucfs=1&arphpl=1&checkin=2026-08-06&checkout=2026-08-07&dest_id=-2772585&dest_type=city&group_adults=2&req_adults=2&no_rooms=1&group_children=0&req_children=0&hpos=20&hapos=194&sr_order=popularity&srpvid=a6ce56975cc70174&srepoch=1785759562&all_sr_blocks=901169505_404139501_0_1_0&highlighted_blocks=901169505_404139501_0_1_0&matching_block_id=901169505_404139501_0_1_0&sr_pri_blocks=901169505_404139501_0_1_0__900000&from=searchresults,9000,6.9,37.0,Rawalpindi,6.5,Deluxe King Room,1 large double bed,1,1,0,https://cf.bstatic.com/xdata/images/hotel/square240/389326610.webp?k=138e137ac281dc47c55ed27ad9bd223d30490fc4ee491ec139dafbd96ce8390e&o=,11,Rawalpindi
Service Apartment Hamas,https://www.booking.com/hotel/pk/hamas-service-apartment.en-gb.html?aid=304142&label=gen173nr-10CAQoggJCDWNpdHlfLTI3NzI1ODVICVgEaLUBiAEBmAEzuAEHyAEM2AED6AEB-AEBiAIBqAIBuAKujsLTBsACAdICJDM4ZDNiYzA1LTEwOWUtNDU1NS04YmFhLTE1MzQ4MGIxZTY3OdgCAeACAQ&ucfs=1&arphpl=1&checkin=2026-08-06&checkout=2026-08-07&dest_id=-2772585&dest_type=city&group_adults=2&req_adults=2&no_rooms=1&group_children=0&req_children=0&hpos=21&hapos=195&sr_order=popularity&srpvid=a6ce56975cc70174&srepoch=1785759562&all_sr_blocks=1610027601_431910013_4_0_0&highlighted_blocks=1610027601_431910013_4_0_0&matching_block_id=1610027601_431910013_4_0_0&sr_pri_blocks=1610027601_431910013_4_0_0__950000&from=searchresults,9500,,,Rawalpindi,7.7,One-Bedroom Apartment,"3 beds (1 extra-large double, 1 sofa bed, 1 futon)",0,1,1,https://cf.bstatic.com/xdata/images/hotel/square240/845835668.webp?k=343afe26fe1b2855be81e0d1e809d45501eea3aef4e661affe81866506d0c6ff&o=,4,Rawalpindi
Hotel The Queen,https://www.booking.com/hotel/pk/the-queen-rawalpindi.en-gb.html?aid=304142&label=gen173nr-10CAQoggJCDWNpdHlfLTI3NzI1ODVICVgEaLUBiAEBmAEzuAEHyAEM2AED6AEB-AEBiAIBqAIBuAKujsLTBsACAdICJDM4ZDNiYzA1LTEwOWUtNDU1NS04YmFhLTE1MzQ4MGIxZTY3OdgCAeACAQ&ucfs=1&arphpl=1&checkin=2026-08-06&checkout=2026-08-07&dest_id=-2772585&dest_type=city&group_adults=2&req_adults=2&no_rooms=1&group_children=0&req_children=0&hpos=22&hapos=196&sr_order=popularity&srpvid=a6ce56975cc70174&srepoch=1785759562&all_sr_blocks=1269576102_399712977_0_0_0&highlighted_blocks=1269576102_399712977_0_0_0&matching_block_id=1269576102_399712977_0_0_0&sr_pri_blocks=1269576102_399712977_0_0_0__750000&from=searchresults,7500,5.0,10.0,Rawalpindi,1.5,Deluxe Double Room,"2 beds (1 single, 1 double)",0,1,1,https://cf.bstatic.com/xdata/images/hotel/square240/591791911.webp?k=0b74fb249be1364319c93c20c9c38e9b22e7b74a1b043829593ee33bef47f503&o=,10,Rawalpindi
Zen Haven by StayMehman,https://www.booking.com/hotel/pk/zen-haven.en-gb.html?aid=304142&label=gen173nr-10CAQoggJCDWNpdHlfLTI3NzI1ODVICVgEaLUBiAEBmAEzuAEHyAEM2AED6AEB-AEBiAIBqAIBuAKujsLTBsACAdICJDM4ZDNiYzA1LTEwOWUtNDU1NS04YmFhLTE1MzQ4MGIxZTY3OdgCAeACAQ&ucfs=1&arphpl=1&checkin=2026-08-06&checkout=2026-08-07&dest_id=-2772585&dest_type=city&group_adults=2&req_adults=2&no_rooms=1&group_children=0&req_children=0&hpos=23&hapos=197&sr_order=popularity&srpvid=a6ce56975cc70174&srepoch=1785759562&all_sr_blocks=1213563301_394015811_4_0_0&highlighted_blocks=1213563301_394015811_4_0_0&matching_block_id=1213563301_394015811_4_0_0&sr_pri_blocks=1213563301_394015811_4_0_0__1555200&from=searchresults,15552,9.9,13.0,Rawalpindi,9.3,Two-Bedroom Apartment with City View,"4 beds (2 extra-large doubles, 2 sofa beds)",0,0,0,https://cf.bstatic.com/xdata/images/hotel/square240/751090794.webp?k=3c9498a596c51e490b43d2f92574311dc15645336ad0b5e77efa7575dde298f7&o=,11,Rawalpindi
Luxury 1bed Apartment,https://www.booking.com/hotel/pk/luxury-1bed-apartment.en-gb.html?aid=304142&label=gen173nr-10CAQoggJCDWNpdHlfLTI3NzI1ODVICVgEaLUBiAEBmAEzuAEHyAEM2AED6AEB-AEBiAIBqAIBuAKujsLTBsACAdICJDM4ZDNiYzA1LTEwOWUtNDU1NS04YmFhLTE1MzQ4MGIxZTY3OdgCAeACAQ&ucfs=1&arphpl=1&checkin=2026-08-06&checkout=2026-08-07&dest_id=-2772585&dest_type=city&group_adults=2&req_adults=2&no_rooms=1&group_children=0&req_children=0&hpos=24&hapos=198&sr_order=popularity&srpvid=a6ce56975cc70174&srepoch=1785759562&all_sr_blocks=1629377001_433517544_2_0_0&highlighted_blocks=1629377001_433517544_2_0_0&matching_block_id=1629377001_433517544_2_0_0&sr_pri_blocks=1629377001_433517544_2_0_0__800000&from=searchresults,8000,,,Rawalpindi,9.6,One-Bedroom Apartment,1 double bed,0,1,1,https://cf.bstatic.com/xdata/images/hotel/square240/861149680.webp?k=59c603b0bdcd85713b1e842d67d82ff1514554a9c8f42432b57f448ac80e6d27&o=,4,Rawalpindi
Chic 1-Bed Retreat Your Ideal Urban Escape Awaits Discover Comfort & Convenience in the Heart of Bahria Hub Commercial Book Now,https://www.booking.com/hotel/pk/plaza-91-hub-commercial.en-gb.html?aid=304142&label=gen173nr-10CAQoggJCDWNpdHlfLTI3NzI1ODVICVgEaLUBiAEBmAEzuAEHyAEM2AED6AEB-AEBiAIBqAIBuAKujsLTBsACAdICJDM4ZDNiYzA1LTEwOWUtNDU1NS04YmFhLTE1MzQ4MGIxZTY3OdgCAeACAQ&ucfs=1&arphpl=1&checkin=2026-08-06&checkout=2026-08-07&dest_id=-2772585&dest_type=city&group_adults=2&req_adults=2&no_rooms=1&group_children=0&req_children=0&hpos=25&hapos=199&sr_order=popularity&srpvid=a6ce56975cc70174&srepoch=1785759562&all_sr_blocks=1149251301_387746203_2_0_0&highlighted_blocks=1149251301_387746203_2_0_0&matching_block_id=1149251301_387746203_2_0_0&sr_pri_blocks=1149251301_387746203_2_0_0__720000&from=searchresults,7200,10,1.0,Rawalpindi,11.3,Apartment with Balcony,"3 beds (2 doubles, 1 sofa bed)",0,0,0,https://cf.bstatic.com/xdata/images/hotel/square240/532411344.webp?k=e913810e528fda2a50f3a7d9a0c8f469e555ed1fa3e7f0d62a85eb3bebcf92d0&o=,2,Rawalpindi
StayPort Luxury Apartments,https://www.booking.com/hotel/pk/stayport-luxury-apartments-rawalpindi.en-gb.html?aid=304142&label=gen173nr-10CAQoggJCDWNpdHlfLTI3NzI1ODVICVgEaLUBiAEBmAEzuAEHyAEM2AED6AEB-AEBiAIBqAIBuAKujsLTBsACAdICJDM4ZDNiYzA1LTEwOWUtNDU1NS04YmFhLTE1MzQ4MGIxZTY3OdgCAeACAQ&ucfs=1&arphpl=1&checkin=2026-08-06&checkout=2026-08-07&dest_id=-2772585&dest_type=city&group_adults=2&req_adults=2&no_rooms=1&group_children=0&req_children=0&hpos=1&hapos=200&sr_order=popularity&srpvid=a6ce56975cc70174&srepoch=1785759564&all_sr_blocks=1623924201_433135164_2_0_0&highlighted_blocks=1623924201_433135164_2_0_0&matching_block_id=1623924201_433135164_2_0_0&sr_pri_blocks=1623924201_433135164_2_0_0__1020000&from=searchresults,10200,,,Rawalpindi,6.0,One-Bedroom Apartment,"2 beds (1 double, 1 futon)",0,1,1,https://cf.bstatic.com/xdata/images/hotel/square240/857954178.webp?k=16275165550bb2bca9a6aab4065aaed04b235764f47701a382efcfa3bce7192c&o=,4,Rawalpindi
Luxurious Landing Apartments & Suites Bahria Town,https://www.booking.com/hotel/pk/luxurious-studio-apartment.en-gb.html?aid=304142&label=gen173nr-10CAQoggJCDWNpdHlfLTI3NzI1ODVICVgEaLUBiAEBmAEzuAEHyAEM2AED6AEB-AEBiAIBqAIBuAKujsLTBsACAdICJDM4ZDNiYzA1LTEwOWUtNDU1NS04YmFhLTE1MzQ4MGIxZTY3OdgCAeACAQ&ucfs=1&arphpl=1&checkin=2026-08-06&checkout=2026-08-07&dest_id=-2772585&dest_type=city&group_adults=2&req_adults=2&no_rooms=1&group_children=0&req_children=0&hpos=2&hapos=201&sr_order=popularity&srpvid=a6ce56975cc70174&srepoch=1785759564&all_sr_blocks=565359601_276091968_2_2_0&highlighted_blocks=565359601_276091968_2_2_0&matching_block_id=565359601_276091968_2_2_0&sr_pri_blocks=565359601_276091968_2_2_0__964665&from=searchresults,9647,8.3,35.0,Rawalpindi,7.5,Studio Apartment,"2 beds (1 extra-large double, 1 futon)",0,1,1,https://cf.bstatic.com/xdata/images/hotel/square240/271573075.webp?k=874a8c7bddf078e6d73e22e58ec1c5a0392c9fcff5852cff56ae907577bd80f4&o=,13,Rawalpindi
"Zas Apartments for Rent- Bahria Phase 7- Rawalpindi, Pakistan",https://www.booking.com/hotel/pk/furnished-flat-to-rent-bahria-phase-7-rawalpindi-pakistani.en-gb.html?aid=304142&label=gen173nr-10CAQoggJCDWNpdHlfLTI3NzI1ODVICVgEaLUBiAEBmAEzuAEHyAEM2AED6AEB-AEBiAIBqAIBuAKujsLTBsACAdICJDM4ZDNiYzA1LTEwOWUtNDU1NS04YmFhLTE1MzQ4MGIxZTY3OdgCAeACAQ&ucfs=1&arphpl=1&checkin=2026-08-06&checkout=2026-08-07&dest_id=-2772585&dest_type=city&group_adults=2&req_adults=2&no_rooms=1&group_children=0&req_children=0&hpos=3&hapos=202&sr_order=popularity&srpvid=a6ce56975cc70174&srepoch=1785759564&all_sr_blocks=1202363201_392497449_0_0_0&highlighted_blocks=1202363201_392497449_0_0_0&matching_block_id=1202363201_392497449_0_0_0&sr_pri_blocks=1202363201_392497449_0_0_0__720000&from=searchresults,7200,,,Rawalpindi,9.3,Apartment with Terrace,"3 beds (1 single, 1 extra-large double, 1 sofa bed)",0,0,0,https://cf.bstatic.com/xdata/images/hotel/square240/554514790.webp?k=6bac9f6ee80f2e22313c6a09d3602a16f0cd6436496d75d1d7a7d37ac48f6846&o=,2,Rawalpindi
Modern vault,https://www.booking.com/hotel/pk/modern-vault.en-gb.html?aid=304142&label=gen173nr-10CAQoggJCDWNpdHlfLTI3NzI1ODVICVgEaLUBiAEBmAEzuAEHyAEM2AED6AEB-AEBiAIBqAIBuAKujsLTBsACAdICJDM4ZDNiYzA1LTEwOWUtNDU1NS04YmFhLTE1MzQ4MGIxZTY3OdgCAeACAQ&ucfs=1&arphpl=1&checkin=2026-08-06&checkout=2026-08-07&dest_id=-2772585&dest_type=city&group_adults=2&req_adults=2&no_rooms=1&group_children=0&req_children=0&hpos=4&hapos=203&sr_order=popularity&srpvid=a6ce56975cc70174&srepoch=1785759564&all_sr_blocks=1419465501_413607824_2_0_0&highlighted_blocks=1419465501_413607824_2_0_0&matching_block_id=1419465501_413607824_2_0_0&sr_pri_blocks=1419465501_413607824_2_0_0__637500&from=searchresults,6375,3.0,2.0,Rawalpindi,26.1,One-Bedroom Apartment,"2 beds (1 sofa bed, 1 large double)",0,1,1,https://cf.bstatic.com/xdata/images/hotel/square240/795668048.webp?k=eb39670e8ab19efa1a49eaa0015c864b89a0cd81c5e56678ab2048dc6aeb6507&o=,5,Rawalpindi
Executive Apartments In Bahria Heights,https://www.booking.com/hotel/pk/executive-1-bedroom-apartment-in-bahria-town.en-gb.html?aid=304142&label=gen173nr-10CAQoggJCDWNpdHlfLTI3NzI1ODVICVgEaLUBiAEBmAEzuAEHyAEM2AED6AEB-AEBiAIBqAIBuAKujsLTBsACAdICJDM4ZDNiYzA1LTEwOWUtNDU1NS04YmFhLTE1MzQ4MGIxZTY3OdgCAeACAQ&ucfs=1&arphpl=1&checkin=2026-08-06&checkout=2026-08-07&dest_id=-2772585&dest_type=city&group_adults=2&req_adults=2&no_rooms=1&group_children=0&req_children=0&hpos=5&hapos=204&sr_order=popularity&srpvid=a6ce56975cc70174&srepoch=1785759564&all_sr_blocks=618251301_350405444_0_2_0&highlighted_blocks=618251301_350405444_0_2_0&matching_block_id=618251301_350405444_0_2_0&sr_pri_blocks=618251301_350405444_0_2_0__1394524&from=searchresults,13945,9.0,30.0,Rawalpindi,6.0,Deluxe Apartment,"2 beds (1 extra-large double, 1 futon)",0,1,1,https://cf.bstatic.com/xdata/images/hotel/square240/301514979.webp?k=90f2c9a61d2118f8c3d0d42a272c14ae396aa5a1f600dc323e2b514fb7f51ec8&o=,14,Rawalpindi
IK Service Apartment,https://www.booking.com/hotel/pk/ik-service-apartment-rawalpindi.en-gb.html?aid=304142&label=gen173nr-10CAQoggJCDWNpdHlfLTI3NzI1ODVICVgEaLUBiAEBmAEzuAEHyAEM2AED6AEB-AEBiAIBqAIBuAKujsLTBsACAdICJDM4ZDNiYzA1LTEwOWUtNDU1NS04YmFhLTE1MzQ4MGIxZTY3OdgCAeACAQ&ucfs=1&arphpl=1&checkin=2026-08-06&checkout=2026-08-07&dest_id=-2772585&dest_type=city&group_adults=2&req_adults=2&no_rooms=1&group_children=0&req_children=0&hpos=6&hapos=205&sr_order=popularity&srpvid=a6ce56975cc70174&srepoch=1785759564&all_sr_blocks=1606767701_431617464_4_0_0&highlighted_blocks=1606767701_431617464_4_0_0&matching_block_id=1606767701_431617464_4_0_0&sr_pri_blocks=1606767701_431617464_4_0_0__950000&from=searchresults,9500,,,Rawalpindi,7.7,One-Bedroom Apartment,"4 beds (1 double, 1 extra-large double, 1 sofa bed, 1 futon)",0,1,1,https://cf.bstatic.com/xdata/images/hotel/square240/843315965.webp?k=6d2bd9ec2428cece772d4294daa76c063e73e3a696209f2336c8e07e4fb4a118&o=,4,Rawalpindi
Bahria heights phase 1 Bahria town Rawalpindi,https://www.booking.com/hotel/pk/bahria-heights-phase-1-bahria-town-rawalpindi.en-gb.html?aid=304142&label=gen173nr-10CAQoggJCDWNpdHlfLTI3NzI1ODVICVgEaLUBiAEBmAEzuAEHyAEM2AED6AEB-AEBiAIBqAIBuAKujsLTBsACAdICJDM4ZDNiYzA1LTEwOWUtNDU1NS04YmFhLTE1MzQ4MGIxZTY3OdgCAeACAQ&ucfs=1&arphpl=1&checkin=2026-08-06&checkout=2026-08-07&dest_id=-2772585&dest_type=city&group_adults=2&req_adults=2&no_rooms=1&group_children=0&req_children=0&hpos=7&hapos=206&sr_order=popularity&srpvid=a6ce56975cc70174&srepoch=1785759564&all_sr_blocks=1611778901_432080305_2_0_0&highlighted_blocks=1611778901_432080305_2_0_0&matching_block_id=1611778901_432080305_2_0_0&sr_pri_blocks=1611778901_432080305_2_0_0__800000&from=searchresults,8000,,,Rawalpindi,6.0,One-Bedroom Apartment,1 double bed,0,1,1,https://cf.bstatic.com/xdata/images/hotel/square240/847581614.webp?k=f744fc53998c2d5c8d503cb4f8921fe32b00d480f96dc853104925a5394f9243&o=,4,Rawalpindi
Modern 1 BHK in phase 8,https://www.booking.com/hotel/pk/modern-era-1bhk-in-phase-8.en-gb.html?aid=304142&label=gen173nr-10CAQoggJCDWNpdHlfLTI3NzI1ODVICVgEaLUBiAEBmAEzuAEHyAEM2AED6AEB-AEBiAIBqAIBuAKujsLTBsACAdICJDM4ZDNiYzA1LTEwOWUtNDU1NS04YmFhLTE1MzQ4MGIxZTY3OdgCAeACAQ&ucfs=1&arphpl=1&checkin=2026-08-06&checkout=2026-08-07&dest_id=-2772585&dest_type=city&group_adults=2&req_adults=2&no_rooms=1&group_children=0&req_children=0&hpos=8&hapos=207&sr_order=popularity&srpvid=a6ce56975cc70174&srepoch=1785759564&all_sr_blocks=1600005201_430969925_3_0_0&highlighted_blocks=1600005201_430969925_3_0_0&matching_block_id=1600005201_430969925_3_0_0&sr_pri_blocks=1600005201_430969925_3_0_0__900000&from=searchresults,9000,1.0,1.0,Rawalpindi,11.4,One-Bedroom Apartment,1 double bed,0,1,1,https://cf.bstatic.com/xdata/images/hotel/square240/837575656.webp?k=8dc329fcdf64998c5ba0569cb9b0f82a0fcbfdfea9c1284afb9ebf588392b68b&o=,4,Rawalpindi
QB Sunset view Villa Bahria Town,https://www.booking.com/hotel/pk/qb-sunset-view-villa-bahria-town.en-gb.html?aid=304142&label=gen173nr-10CAQoggJCDWNpdHlfLTI3NzI1ODVICVgEaLUBiAEBmAEzuAEHyAEM2AED6AEB-AEBiAIBqAIBuAKujsLTBsACAdICJDM4ZDNiYzA1LTEwOWUtNDU1NS04YmFhLTE1MzQ4MGIxZTY3OdgCAeACAQ&ucfs=1&arphpl=1&checkin=2026-08-06&checkout=2026-08-07&dest_id=-2772585&dest_type=city&group_adults=2&req_adults=2&no_rooms=1&group_children=0&req_children=0&hpos=9&hapos=208&sr_order=popularity&srpvid=a6ce56975cc70174&srepoch=1785759564&all_sr_blocks=1214962401_393707465_4_0_0&highlighted_blocks=1214962401_393707465_4_0_0&matching_block_id=1214962401_393707465_4_0_0&sr_pri_blocks=1214962401_393707465_4_0_0__970000&from=searchresults,9700,9.0,1.0,Rawalpindi,12.1,Two-Bedroom House,"2 beds (1 double, 1 extra-large double)",0,1,1,https://cf.bstatic.com/xdata/images/hotel/square240/603492042.webp?k=6f2bca08463d37569b3d96b088139c702a1bd2ed7c7e77375497c553f8e4935a&o=,10,Rawalpindi
City view Apartment,https://www.booking.com/hotel/pk/city-view-apartment.en-gb.html?aid=304142&label=gen173nr-10CAQoggJCDWNpdHlfLTI3NzI1ODVICVgEaLUBiAEBmAEzuAEHyAEM2AED6AEB-AEBiAIBqAIBuAKujsLTBsACAdICJDM4ZDNiYzA1LTEwOWUtNDU1NS04YmFhLTE1MzQ4MGIxZTY3OdgCAeACAQ&ucfs=1&arphpl=1&checkin=2026-08-06&checkout=2026-08-07&dest_id=-2772585&dest_type=city&group_adults=2&req_adults=2&no_rooms=1&group_children=0&req_children=0&hpos=10&hapos=209&sr_order=popularity&srpvid=a6ce56975cc70174&srepoch=1785759564&all_sr_blocks=1572589601_428307148_2_10_0&highlighted_blocks=1572589601_428307148_2_10_0&matching_block_id=1572589601_428307148_2_10_0&sr_pri_blocks=1572589601_428307148_2_10_0__619200&from=searchresults,6192,9.0,1.0,Rawalpindi,7.7,One-Bedroom Apartment,1 double bed,0,1,1,https://cf.bstatic.com/xdata/images/hotel/square240/815411995.webp?k=3959519ee45845cf522b6694570c410fa090ef10a73947cb3110c7fd1d2ce7a6&o=,4,Rawalpindi
sheen guest rooms,https://www.booking.com/hotel/pk/sheen-guest-rooms.en-gb.html?aid=304142&label=gen173nr-10CAQoggJCDWNpdHlfLTI3NzI1ODVICVgEaLUBiAEBmAEzuAEHyAEM2AED6AEB-AEBiAIBqAIBuAKujsLTBsACAdICJDM4ZDNiYzA1LTEwOWUtNDU1NS04YmFhLTE1MzQ4MGIxZTY3OdgCAeACAQ&ucfs=1&arphpl=1&checkin=2026-08-06&checkout=2026-08-07&dest_id=-2772585&dest_type=city&group_adults=2&req_adults=2&no_rooms=1&group_children=0&req_children=0&hpos=11&hapos=210&sr_order=popularity&srpvid=a6ce56975cc70174&srepoch=1785759564&all_sr_blocks=1473519502_418678552_2_0_0&highlighted_blocks=1473519502_418678552_2_0_0&matching_block_id=1473519502_418678552_2_0_0&sr_pri_blocks=1473519502_418678552_2_0_0__700000&from=searchresults,7000,,,Rawalpindi,12.4,One-Bedroom Apartment,"3 beds (1 double, 1 sofa bed, 1 large double)",0,1,1,https://cf.bstatic.com/xdata/images/hotel/square240/728819403.webp?k=a8a6f8ff63d67466dc91601d4ee93dbbde0e5aa2903dbdc7ce15ff79287194f9&o=,4,Rawalpindi
Proxima Quarters,https://www.booking.com/hotel/pk/mertas-villa.en-gb.html?aid=304142&label=gen173nr-10CAQoggJCDWNpdHlfLTI3NzI1ODVICVgEaLUBiAEBmAEzuAEHyAEM2AED6AEB-AEBiAIBqAIBuAKujsLTBsACAdICJDM4ZDNiYzA1LTEwOWUtNDU1NS04YmFhLTE1MzQ4MGIxZTY3OdgCAeACAQ&ucfs=1&arphpl=1&checkin=2026-08-06&checkout=2026-08-07&dest_id=-2772585&dest_type=city&group_adults=2&req_adults=2&no_rooms=1&group_children=0&req_children=0&hpos=12&hapos=211&sr_order=popularity&srpvid=a6ce56975cc70174&srepoch=1785759564&all_sr_blocks=1579932401_429091325_2_2_0_1432737&highlighted_blocks=1579932401_429091325_2_2_0_1432737&matching_block_id=1579932401_429091325_2_2_0_1432737&sr_pri_blocks=1579932401_429091325_2_2_0_1432737_1360000&from=searchresults,13600,,,Rawalpindi,7.8,Double Room,1 double bed,0,1,1,https://cf.bstatic.com/xdata/images/hotel/square240/829317732.webp?k=cf29fdd08e8253712b4a126eac947716f6cf7ce7aac86a38de7737a54a2dd14b&o=,4,Rawalpindi
Modern Blue Themed 1BHK Prime Location of Bahria Town Phase 7,https://www.booking.com/hotel/pk/modern-blue-themed-1bhk-prime-location-of-bahria-town-phase-7.en-gb.html?aid=304142&label=gen173nr-10CAQoggJCDWNpdHlfLTI3NzI1ODVICVgEaLUBiAEBmAEzuAEHyAEM2AED6AEB-AEBiAIBqAIBuAKujsLTBsACAdICJDM4ZDNiYzA1LTEwOWUtNDU1NS04YmFhLTE1MzQ4MGIxZTY3OdgCAeACAQ&ucfs=1&arphpl=1&checkin=2026-08-06&checkout=2026-08-07&dest_id=-2772585&dest_type=city&group_adults=2&req_adults=2&no_rooms=1&group_children=0&req_children=0&hpos=13&hapos=212&sr_order=popularity&srpvid=a6ce56975cc70174&srepoch=1785759564&all_sr_blocks=1677513101_439472344_3_0_0&highlighted_blocks=1677513101_439472344_3_0_0&matching_block_id=1677513101_439472344_3_0_0&sr_pri_blocks=1677513101_439472344_3_0_0__1000000&from=searchresults,10000,,,Rawalpindi,9.6,One-Bedroom Apartment,"2 beds (1 double, 1 sofa bed)",0,1,1,https://cf.bstatic.com/xdata/images/hotel/square240/889402653.webp?k=25ba07e7381db19ed8ff7e5addc142741ccad0ea9447fc09ff14f28296dcd180&o=,10,Rawalpindi
Luxury apartment at bahria heights,https://www.booking.com/hotel/pk/luxury-apartment-at-bahria-heights.en-gb.html?aid=304142&label=gen173nr-10CAQoggJCDWNpdHlfLTI3NzI1ODVICVgEaLUBiAEBmAEzuAEHyAEM2AED6AEB-AEBiAIBqAIBuAKujsLTBsACAdICJDM4ZDNiYzA1LTEwOWUtNDU1NS04YmFhLTE1MzQ4MGIxZTY3OdgCAeACAQ&ucfs=1&arphpl=1&checkin=2026-08-06&checkout=2026-08-07&dest_id=-2772585&dest_type=city&group_adults=2&req_adults=2&no_rooms=1&group_children=0&req_children=0&hpos=14&hapos=213&sr_order=popularity&srpvid=a6ce56975cc70174&srepoch=1785759564&all_sr_blocks=1621753801_432975006_4_0_0&highlighted_blocks=1621753801_432975006_4_0_0&matching_block_id=1621753801_432975006_4_0_0&sr_pri_blocks=1621753801_432975006_4_0_0__864000&from=searchresults,8640,,,Rawalpindi,6.0,One-Bedroom Apartment,1 double bed,0,0,0,https://cf.bstatic.com/xdata/images/hotel/square240/856561288.webp?k=113338ac845f34e5f4ca3cae71fcc0596c45521f18a248230c7203eaa9ff78dd&o=,11,Rawalpindi
Chic Chamber 2BHK Bahria Town P7 - Self Check-in,https://www.booking.com/hotel/pk/chic-chamber-2bhk-bahria-town-p7-self-check-in.en-gb.html?aid=304142&label=gen173nr-10CAQoggJCDWNpdHlfLTI3NzI1ODVICVgEaLUBiAEBmAEzuAEHyAEM2AED6AEB-AEBiAIBqAIBuAKujsLTBsACAdICJDM4ZDNiYzA1LTEwOWUtNDU1NS04YmFhLTE1MzQ4MGIxZTY3OdgCAeACAQ&ucfs=1&arphpl=1&checkin=2026-08-06&checkout=2026-08-07&dest_id=-2772585&dest_type=city&group_adults=2&req_adults=2&no_rooms=1&group_children=0&req_children=0&hpos=15&hapos=214&sr_order=popularity&srpvid=a6ce56975cc70174&srepoch=1785759564&all_sr_blocks=1477602001_419214978_5_0_0&highlighted_blocks=1477602001_419214978_5_0_0&matching_block_id=1477602001_419214978_5_0_0&sr_pri_blocks=1477602001_419214978_5_0_0__1300000&from=searchresults,13000,,,Rawalpindi,10.2,Two-Bedroom Apartment,1 extra-large double bed,0,1,1,https://cf.bstatic.com/xdata/images/hotel/square240/732660698.webp?k=ac439d412e854e826b5e8020eb01a0eceb09d93256bbd2e1dc475b5d5f96e3fd&o=,5,Rawalpindi
Paradise Service Apartments,https://www.booking.com/hotel/pk/paradise-service-apartments.en-gb.html?aid=304142&label=gen173nr-10CAQoggJCDWNpdHlfLTI3NzI1ODVICVgEaLUBiAEBmAEzuAEHyAEM2AED6AEB-AEBiAIBqAIBuAKujsLTBsACAdICJDM4ZDNiYzA1LTEwOWUtNDU1NS04YmFhLTE1MzQ4MGIxZTY3OdgCAeACAQ&ucfs=1&arphpl=1&checkin=2026-08-06&checkout=2026-08-07&dest_id=-2772585&dest_type=city&group_adults=2&req_adults=2&no_rooms=1&group_children=0&req_children=0&hpos=16&hapos=215&sr_order=popularity&srpvid=a6ce56975cc70174&srepoch=1785759564&all_sr_blocks=1207511006_392942031_0_0_0&highlighted_blocks=1207511006_392942031_0_0_0&matching_block_id=1207511006_392942031_0_0_0&sr_pri_blocks=1207511006_392942031_0_0_0__801000&from=searchresults,8010,7.4,27.0,Rawalpindi,7.7,Studio Apartment,1 large double bed,0,0,0,https://cf.bstatic.com/xdata/images/hotel/square240/618656958.webp?k=9a7862d19d1ad83326d614fd602fb911a2965c2da46c59af0818223a9f607e19&o=,11,Rawalpindi
The Cozy Crest 1 Bed Apartment With Free Parking and 2 Ac,https://www.booking.com/hotel/pk/the-cozy-crest-1-bed-apartment-with-free-parking-and-2-ac.en-gb.html?aid=304142&label=gen173nr-10CAQoggJCDWNpdHlfLTI3NzI1ODVICVgEaLUBiAEBmAEzuAEHyAEM2AED6AEB-AEBiAIBqAIBuAKujsLTBsACAdICJDM4ZDNiYzA1LTEwOWUtNDU1NS04YmFhLTE1MzQ4MGIxZTY3OdgCAeACAQ&ucfs=1&arphpl=1&checkin=2026-08-06&checkout=2026-08-07&dest_id=-2772585&dest_type=city&group_adults=2&req_adults=2&no_rooms=1&group_children=0&req_children=0&hpos=17&hapos=216&sr_order=popularity&srpvid=a6ce56975cc70174&srepoch=1785759564&all_sr_blocks=1698789001_441536073_3_0_0&highlighted_blocks=1698789001_441536073_3_0_0&matching_block_id=1698789001_441536073_3_0_0&sr_pri_blocks=1698789001_441536073_3_0_0__673200&from=searchresults,6732,,,Rawalpindi,6.0,One-Bedroom Apartment,"2 beds (1 double, 1 sofa bed)",0,1,1,https://cf.bstatic.com/xdata/images/hotel/square240/901729676.webp?k=de02c8113111ac15860dd46e2bbd4be454ff8412d2d4f2d808a500921a3e7452&o=,5,Rawalpindi
AH apartments,https://www.booking.com/hotel/pk/ah-apartments.en-gb.html?aid=304142&label=gen173nr-10CAQoggJCDWNpdHlfLTI3NzI1ODVICVgEaLUBiAEBmAEzuAEHyAEM2AED6AEB-AEBiAIBqAIBuAKujsLTBsACAdICJDM4ZDNiYzA1LTEwOWUtNDU1NS04YmFhLTE1MzQ4MGIxZTY3OdgCAeACAQ&ucfs=1&arphpl=1&checkin=2026-08-06&checkout=2026-08-07&dest_id=-2772585&dest_type=city&group_adults=2&req_adults=2&no_rooms=1&group_children=0&req_children=0&hpos=18&hapos=217&sr_order=popularity&srpvid=a6ce56975cc70174&srepoch=1785759564&all_sr_blocks=1678381801_439627492_3_1_0&highlighted_blocks=1678381801_439627492_3_1_0&matching_block_id=1678381801_439627492_3_1_0&sr_pri_blocks=1678381801_439627492_3_1_0__3400000&from=searchresults,34000,,,Rawalpindi,2.3,One-Bedroom Apartment,1 double bed,1,1,1,https://cf.bstatic.com/xdata/images/hotel/square240/890212883.webp?k=9971e9872551ed335755313fdd0461512e9a5bf792e49d6dcce496685728f618&o=,4,Rawalpindi
The Majestic - 1BHK - Self Check In,https://www.booking.com/hotel/pk/the-majestic-1bhk-self-check-in.en-gb.html?aid=304142&label=gen173nr-10CAQoggJCDWNpdHlfLTI3NzI1ODVICVgEaLUBiAEBmAEzuAEHyAEM2AED6AEB-AEBiAIBqAIBuAKujsLTBsACAdICJDM4ZDNiYzA1LTEwOWUtNDU1NS04YmFhLTE1MzQ4MGIxZTY3OdgCAeACAQ&ucfs=1&arphpl=1&checkin=2026-08-06&checkout=2026-08-07&dest_id=-2772585&dest_type=city&group_adults=2&req_adults=2&no_rooms=1&group_children=0&req_children=0&hpos=19&hapos=218&sr_order=popularity&srpvid=a6ce56975cc70174&srepoch=1785759564&all_sr_blocks=1278983501_400796565_3_0_0&highlighted_blocks=1278983501_400796565_3_0_0&matching_block_id=1278983501_400796565_3_0_0&sr_pri_blocks=1278983501_400796565_3_0_0__1100000&from=searchresults,11000,10,2.0,Rawalpindi,5.9,One-Bedroom Apartment,"2 beds (1 double, 1 sofa bed)",0,1,1,https://cf.bstatic.com/xdata/images/hotel/square240/596468098.webp?k=faf3ce3634dc1ddef51fae3e1b4281a29263fee59456d233ce0c30900f32f76c&o=,4,Rawalpindi
bin chiragh,https://www.booking.com/hotel/pk/bin-chiragh-rawalpindi8.en-gb.html?aid=304142&label=gen173nr-10CAQoggJCDWNpdHlfLTI3NzI1ODVICVgEaLUBiAEBmAEzuAEHyAEM2AED6AEB-AEBiAIBqAIBuAKujsLTBsACAdICJDM4ZDNiYzA1LTEwOWUtNDU1NS04YmFhLTE1MzQ4MGIxZTY3OdgCAeACAQ&ucfs=1&arphpl=1&checkin=2026-08-06&checkout=2026-08-07&dest_id=-2772585&dest_type=city&group_adults=2&req_adults=2&no_rooms=1&group_children=0&req_children=0&hpos=20&hapos=219&sr_order=popularity&srpvid=a6ce56975cc70174&srepoch=1785759564&all_sr_blocks=1655487501_437469074_3_0_0&highlighted_blocks=1655487501_437469074_3_0_0&matching_block_id=1655487501_437469074_3_0_0&sr_pri_blocks=1655487501_437469074_3_0_0__650000&from=searchresults,6500,,,Rawalpindi,9.7,One-Bedroom Apartment,"2 beds (1 single, 1 sofa bed)",0,1,1,https://cf.bstatic.com/xdata/images/hotel/square240/875078072.webp?k=a8fa094b475e660a25f24806f524e9129e898a6e71951ee7df1be3a37797c6fc&o=,4,Rawalpindi
Bahria Heights 1 Premium 1 Bedroom with 2 Ac and Free Parking,https://www.booking.com/hotel/pk/bahria-heights-1-premium-1-bedroom-with-2-ac-and-free-parking.en-gb.html?aid=304142&label=gen173nr-10CAQoggJCDWNpdHlfLTI3NzI1ODVICVgEaLUBiAEBmAEzuAEHyAEM2AED6AEB-AEBiAIBqAIBuAKujsLTBsACAdICJDM4ZDNiYzA1LTEwOWUtNDU1NS04YmFhLTE1MzQ4MGIxZTY3OdgCAeACAQ&ucfs=1&arphpl=1&checkin=2026-08-06&checkout=2026-08-07&dest_id=-2772585&dest_type=city&group_adults=2&req_adults=2&no_rooms=1&group_children=0&req_children=0&hpos=21&hapos=220&sr_order=popularity&srpvid=a6ce56975cc70174&srepoch=1785759564&all_sr_blocks=1698973401_441546981_3_0_0&highlighted_blocks=1698973401_441546981_3_0_0&matching_block_id=1698973401_441546981_3_0_0&sr_pri_blocks=1698973401_441546981_3_0_0__650080&from=searchresults,6501,,,Rawalpindi,6.0,One-Bedroom Apartment,"2 beds (1 sofa bed, 1 large double)",0,1,1,https://cf.bstatic.com/xdata/images/hotel/square240/901794900.webp?k=5117a9e175f88cb92c92399d44bb64a8c6471360f6b08e148766b370c28c7093&o=,5,Rawalpindi
"White Pearl 1BHK - Pool, Gym, Sauna, Self Check in",https://www.booking.com/hotel/pk/white-pearl-1bhk-pool-gym-sauna-self-check-in.en-gb.html?aid=304142&label=gen173nr-10CAQoggJCDWNpdHlfLTI3NzI1ODVICVgEaLUBiAEBmAEzuAEHyAEM2AED6AEB-AEBiAIBqAIBuAKujsLTBsACAdICJDM4ZDNiYzA1LTEwOWUtNDU1NS04YmFhLTE1MzQ4MGIxZTY3OdgCAeACAQ&ucfs=1&arphpl=1&checkin=2026-08-06&checkout=2026-08-07&dest_id=-2772585&dest_type=city&group_adults=2&req_adults=2&no_rooms=1&group_children=0&req_children=0&hpos=22&hapos=221&sr_order=popularity&srpvid=a6ce56975cc70174&srepoch=1785759564&all_sr_blocks=1692152801_440873493_3_0_0&highlighted_blocks=1692152801_440873493_3_0_0&matching_block_id=1692152801_440873493_3_0_0&sr_pri_blocks=1692152801_440873493_3_0_0__810000&from=searchresults,8100,,,Rawalpindi,6.0,One-Bedroom Apartment,1 single bed,0,1,1,https://cf.bstatic.com/xdata/images/hotel/square240/897521065.webp?k=9de876c7f35a37e593258948a8a2b7c3b08098e4943c7673eb60f744895db9a8&o=,4,Rawalpindi
Evergreen Executive,https://www.booking.com/hotel/pk/evergreen-executive-4bhk.en-gb.html?aid=304142&label=gen173nr-10CAQoggJCDWNpdHlfLTI3NzI1ODVICVgEaLUBiAEBmAEzuAEHyAEM2AED6AEB-AEBiAIBqAIBuAKujsLTBsACAdICJDM4ZDNiYzA1LTEwOWUtNDU1NS04YmFhLTE1MzQ4MGIxZTY3OdgCAeACAQ&ucfs=1&arphpl=1&checkin=2026-08-06&checkout=2026-08-07&dest_id=-2772585&dest_type=city&group_adults=2&req_adults=2&no_rooms=1&group_children=0&req_children=0&hpos=23&hapos=222&sr_order=popularity&srpvid=a6ce56975cc70174&srepoch=1785759564&all_sr_blocks=1544558601_425763528_13_2_0&highlighted_blocks=1544558601_425763528_13_2_0&matching_block_id=1544558601_425763528_13_2_0&sr_pri_blocks=1544558601_425763528_13_2_0__2700000&from=searchresults,27000,,,Rawalpindi,7.2,Apartment,1 extra-large double bed,0,0,0,https://cf.bstatic.com/xdata/images/hotel/square240/791202981.webp?k=5004ca542ad51921703e6e4840b9a8979b3384e216955f76049fac87372e5129&o=,8,Rawalpindi
Valvet Nest - Studio Apartment,https://www.booking.com/hotel/pk/valvet-nest.en-gb.html?aid=304142&label=gen173nr-10CAQoggJCDWNpdHlfLTI3NzI1ODVICVgEaLUBiAEBmAEzuAEHyAEM2AED6AEB-AEBiAIBqAIBuAKujsLTBsACAdICJDM4ZDNiYzA1LTEwOWUtNDU1NS04YmFhLTE1MzQ4MGIxZTY3OdgCAeACAQ&ucfs=1&arphpl=1&checkin=2026-08-06&checkout=2026-08-07&dest_id=-2772585&dest_type=city&group_adults=2&req_adults=2&no_rooms=1&group_children=0&req_children=0&hpos=24&hapos=223&sr_order=popularity&srpvid=a6ce56975cc70174&srepoch=1785759564&all_sr_blocks=1546214101_425897739_2_0_0&highlighted_blocks=1546214101_425897739_2_0_0&matching_block_id=1546214101_425897739_2_0_0&sr_pri_blocks=1546214101_425897739_2_0_0__810000&from=searchresults,8100,10,4.0,Rawalpindi,10.2,One-Bedroom Apartment,1 double bed,0,1,1,https://cf.bstatic.com/xdata/images/hotel/square240/792805062.webp?k=ac94fe4a6503c0787200b219e4b6e9ae885413577ebbc99ff3883d5090030d07&o=,4,Rawalpindi
Satti Palace Guest House,https://www.booking.com/hotel/pk/satti-palace-guest-house.en-gb.html?aid=304142&label=gen173nr-10CAQoggJCDWNpdHlfLTI3NzI1ODVICVgEaLUBiAEBmAEzuAEHyAEM2AED6AEB-AEBiAIBqAIBuAKujsLTBsACAdICJDM4ZDNiYzA1LTEwOWUtNDU1NS04YmFhLTE1MzQ4MGIxZTY3OdgCAeACAQ&ucfs=1&arphpl=1&checkin=2026-08-06&checkout=2026-08-07&dest_id=-2772585&dest_type=city&group_adults=2&req_adults=2&no_rooms=1&group_children=0&req_children=0&hpos=25&hapos=224&sr_order=popularity&srpvid=a6ce56975cc70174&srepoch=1785759564&all_sr_blocks=1626357901_433314181_2_1_0&highlighted_blocks=1626357901_433314181_2_1_0&matching_block_id=1626357901_433314181_2_1_0&sr_pri_blocks=1626357901_433314181_2_1_0__1000000&from=searchresults,10000,10,2.0,Rawalpindi,7.4,Deluxe Double Room with Bath,Beds: 1 double or 2 singles,1,1,1,https://cf.bstatic.com/xdata/images/hotel/square240/860664206.webp?k=eed3a7e9a4bd03000a8d025f89fdcce5f6e25df78c174415eb979a1932141383&o=,4,Rawalpindi
Penthouse,https://www.booking.com/hotel/pk/penthouse-rawalpindi1.en-gb.html?aid=304142&label=gen173nr-10CAQoggJCDWNpdHlfLTI3NzI1ODVICVgEaLUBiAEBmAEzuAEHyAEM2AED6AEB-AEBiAIBqAIBuAKujsLTBsACAdICJDM4ZDNiYzA1LTEwOWUtNDU1NS04YmFhLTE1MzQ4MGIxZTY3OdgCAeACAQ&ucfs=1&arphpl=1&checkin=2026-08-06&checkout=2026-08-07&dest_id=-2772585&dest_type=city&group_adults=2&req_adults=2&no_rooms=1&group_children=0&req_children=0&hpos=1&hapos=225&sr_order=popularity&srpvid=a6ce56975cc70174&srepoch=1785759567&all_sr_blocks=1493385301_420992410_4_0_0&highlighted_blocks=1493385301_420992410_4_0_0&matching_block_id=1493385301_420992410_4_0_0&sr_pri_blocks=1493385301_420992410_4_0_0__2800000&from=searchresults,28000,,,Rawalpindi,9.5,One-Bedroom Apartment,1 double bed,0,1,1,https://cf.bstatic.com/xdata/images/hotel/square240/746732917.webp?k=aed7a930357ec817c0c11c3d8d9f6f1c286f0e1c362b726106173e21e6ab49e8&o=,4,Rawalpindi
Bright & Beautiful 1 Bed Apt In Bahria Town,https://www.booking.com/hotel/pk/bright-amp-beautiful-1-bed-apt-in-bahria-town.en-gb.html?aid=304142&label=gen173nr-10CAQoggJCDWNpdHlfLTI3NzI1ODVICVgEaLUBiAEBmAEzuAEHyAEM2AED6AEB-AEBiAIBqAIBuAKujsLTBsACAdICJDM4ZDNiYzA1LTEwOWUtNDU1NS04YmFhLTE1MzQ4MGIxZTY3OdgCAeACAQ&ucfs=1&arphpl=1&checkin=2026-08-06&checkout=2026-08-07&dest_id=-2772585&dest_type=city&group_adults=2&req_adults=2&no_rooms=1&group_children=0&req_children=0&hpos=2&hapos=226&sr_order=popularity&srpvid=a6ce56975cc70174&srepoch=1785759567&all_sr_blocks=913883301_362789990_2_0_0&highlighted_blocks=913883301_362789990_2_0_0&matching_block_id=913883301_362789990_2_0_0&sr_pri_blocks=913883301_362789990_2_0_0__1250000&from=searchresults,12500,10,14.0,Rawalpindi,6.0,One-Bedroom Apartment,1 large double bed,0,1,1,https://cf.bstatic.com/xdata/images/hotel/square240/401795980.webp?k=961981e733ae4b7d88a21cf0783793c503837b7797495fbd6a318d23a46878f7&o=,13,Rawalpindi
Luxurious 1 Bed Apartment,https://www.booking.com/hotel/pk/luxurious-1-bed-apartment-islamabad1.en-gb.html?aid=304142&label=gen173nr-10CAQoggJCDWNpdHlfLTI3NzI1ODVICVgEaLUBiAEBmAEzuAEHyAEM2AED6AEB-AEBiAIBqAIBuAKujsLTBsACAdICJDM4ZDNiYzA1LTEwOWUtNDU1NS04YmFhLTE1MzQ4MGIxZTY3OdgCAeACAQ&ucfs=1&arphpl=1&checkin=2026-08-06&checkout=2026-08-07&dest_id=-2772585&dest_type=city&group_adults=2&req_adults=2&no_rooms=1&group_children=0&req_children=0&hpos=3&hapos=227&sr_order=popularity&srpvid=a6ce56975cc70174&srepoch=1785759567&all_sr_blocks=1573502501_428398795_2_0_0&highlighted_blocks=1573502501_428398795_2_0_0&matching_block_id=1573502501_428398795_2_0_0&sr_pri_blocks=1573502501_428398795_2_0_0__750000&from=searchresults,7500,10,1.0,Rawalpindi,9.3,One-Bedroom Apartment,1 large double bed,0,1,1,https://cf.bstatic.com/xdata/images/hotel/square240/816316463.webp?k=65cd756750227990acf2e6c9d8d5c9b5ff972d3c3fc0549a27f92b3a6bb0b36c&o=,4,Rawalpindi
Cineplex Lodges Penthouse,https://www.booking.com/hotel/pk/cineplex-lodges-penthouse.en-gb.html?aid=304142&label=gen173nr-10CAQoggJCDWNpdHlfLTI3NzI1ODVICVgEaLUBiAEBmAEzuAEHyAEM2AED6AEB-AEBiAIBqAIBuAKujsLTBsACAdICJDM4ZDNiYzA1LTEwOWUtNDU1NS04YmFhLTE1MzQ4MGIxZTY3OdgCAeACAQ&ucfs=1&arphpl=1&checkin=2026-08-06&checkout=2026-08-07&dest_id=-2772585&dest_type=city&group_adults=2&req_adults=2&no_rooms=1&group_children=0&req_children=0&hpos=4&hapos=228&sr_order=popularity&srpvid=a6ce56975cc70174&srepoch=1785759567&all_sr_blocks=1360022501_408950365_2_0_0&highlighted_blocks=1360022501_408950365_2_0_0&matching_block_id=1360022501_408950365_2_0_0&sr_pri_blocks=1360022501_408950365_2_0_0__931000&from=searchresults,9310,,,Rawalpindi,8.0,One-Bedroom Apartment,"2 beds (1 double, 1 sofa bed)",0,1,1,https://cf.bstatic.com/xdata/images/hotel/square240/651319801.webp?k=831b9bbd8391ceb86fd756b26c9681712cc557c41e0a5fc7d43a1ec6fa2a9eac&o=,4,Rawalpindi
The Cozy Cube double bedroom apartment,https://www.booking.com/hotel/pk/the-cozy-cube-double-bedroom-apartment.en-gb.html?aid=304142&label=gen173nr-10CAQoggJCDWNpdHlfLTI3NzI1ODVICVgEaLUBiAEBmAEzuAEHyAEM2AED6AEB-AEBiAIBqAIBuAKujsLTBsACAdICJDM4ZDNiYzA1LTEwOWUtNDU1NS04YmFhLTE1MzQ4MGIxZTY3OdgCAeACAQ&ucfs=1&arphpl=1&checkin=2026-08-06&checkout=2026-08-07&dest_id=-2772585&dest_type=city&group_adults=2&req_adults=2&no_rooms=1&group_children=0&req_children=0&hpos=5&hapos=229&sr_order=popularity&srpvid=a6ce56975cc70174&srepoch=1785759567&all_sr_blocks=1544663101_425772708_7_0_0&highlighted_blocks=1544663101_425772708_7_0_0&matching_block_id=1544663101_425772708_7_0_0&sr_pri_blocks=1544663101_425772708_7_0_0__3600000&from=searchresults,36000,,,Rawalpindi,10.2,Two-Bedroom Apartment,"3 beds (2 extra-large doubles, 1 sofa bed)",0,1,1,https://cf.bstatic.com/xdata/images/hotel/square240/791295018.webp?k=5854ff6e68430ef12f3c9730da9f1e439b8607e76020ce335753fc6bff6d7052&o=,4,Rawalpindi
Crimson Hotel,https://www.booking.com/hotel/pk/crimson-rawalpindi.en-gb.html?aid=304142&label=gen173nr-10CAQoggJCDWNpdHlfLTI3NzI1ODVICVgEaLUBiAEBmAEzuAEHyAEM2AED6AEB-AEBiAIBqAIBuAKujsLTBsACAdICJDM4ZDNiYzA1LTEwOWUtNDU1NS04YmFhLTE1MzQ4MGIxZTY3OdgCAeACAQ&ucfs=1&arphpl=1&checkin=2026-08-06&checkout=2026-08-07&dest_id=-2772585&dest_type=city&group_adults=2&req_adults=2&no_rooms=1&group_children=0&req_children=0&hpos=6&hapos=230&sr_order=popularity&srpvid=a6ce56975cc70174&srepoch=1785759567&all_sr_blocks=1656639601_437579006_2_42_0&highlighted_blocks=1656639601_437579006_2_42_0&matching_block_id=1656639601_437579006_2_42_0&sr_pri_blocks=1656639601_437579006_2_42_0__850000&from=searchresults,8500,,,Rawalpindi,11.5,One-Bedroom Deluxe Apartment,1 large double bed,0,1,1,https://cf.bstatic.com/xdata/images/hotel/square240/875974522.webp?k=0d72430dba5bcbb0ddeb633dda939a089a61ad82ddcd86fc26b9acc60cc58655&o=,10,Rawalpindi
Elexus Inn 1 Bedroom Luxury Apartment,https://www.booking.com/hotel/pk/elexus-inn-1-bedroom-luxury-apartment.en-gb.html?aid=304142&label=gen173nr-10CAQoggJCDWNpdHlfLTI3NzI1ODVICVgEaLUBiAEBmAEzuAEHyAEM2AED6AEB-AEBiAIBqAIBuAKujsLTBsACAdICJDM4ZDNiYzA1LTEwOWUtNDU1NS04YmFhLTE1MzQ4MGIxZTY3OdgCAeACAQ&ucfs=1&arphpl=1&checkin=2026-08-06&checkout=2026-08-07&dest_id=-2772585&dest_type=city&group_adults=2&req_adults=2&no_rooms=1&group_children=0&req_children=0&hpos=7&hapos=231&sr_order=popularity&srpvid=a6ce56975cc70174&srepoch=1785759567&all_sr_blocks=1572887501_428329764_2_0_0&highlighted_blocks=1572887501_428329764_2_0_0&matching_block_id=1572887501_428329764_2_0_0&sr_pri_blocks=1572887501_428329764_2_0_0__1000000&from=searchresults,10000,,,Rawalpindi,7.5,One-Bedroom Apartment,1 large double bed,0,1,1,https://cf.bstatic.com/xdata/images/hotel/square240/815570904.webp?k=653556ef5dcb257863e8ae1779983f18a5279a0173a4c2d81c0bd14a923cd7e8&o=,4,Rawalpindi
SkyPark One Penthouse- Gulberg Green Islamabad,https://www.booking.com/hotel/pk/skypark-penthouse.en-gb.html?aid=304142&label=gen173nr-10CAQoggJCDWNpdHlfLTI3NzI1ODVICVgEaLUBiAEBmAEzuAEHyAEM2AED6AEB-AEBiAIBqAIBuAKujsLTBsACAdICJDM4ZDNiYzA1LTEwOWUtNDU1NS04YmFhLTE1MzQ4MGIxZTY3OdgCAeACAQ&ucfs=1&arphpl=1&checkin=2026-08-06&checkout=2026-08-07&dest_id=-2772585&dest_type=city&group_adults=2&req_adults=2&no_rooms=1&group_children=0&req_children=0&hpos=8&hapos=232&sr_order=popularity&srpvid=a6ce56975cc70174&srepoch=1785759567&all_sr_blocks=1275354101_400393540_4_0_0&highlighted_blocks=1275354101_400393540_4_0_0&matching_block_id=1275354101_400393540_4_0_0&sr_pri_blocks=1275354101_400393540_4_0_0__1995000&from=searchresults,19950,6.7,12.0,Rawalpindi,8.5,Two-Bedroom Apartment,"3 beds (2 extra-large doubles, 1 sofa bed)",0,1,1,https://cf.bstatic.com/xdata/images/hotel/square240/621279949.webp?k=be40c2009bb2091b49922dc8f3631ef6425d72ad33abb3b74d5b7358bef41b6b&o=,4,Rawalpindi
Muneeb property,https://www.booking.com/hotel/pk/muneeb-property.en-gb.html?aid=304142&label=gen173nr-10CAQoggJCDWNpdHlfLTI3NzI1ODVICVgEaLUBiAEBmAEzuAEHyAEM2AED6AEB-AEBiAIBqAIBuAKujsLTBsACAdICJDM4ZDNiYzA1LTEwOWUtNDU1NS04YmFhLTE1MzQ4MGIxZTY3OdgCAeACAQ&ucfs=1&arphpl=1&checkin=2026-08-06&checkout=2026-08-07&dest_id=-2772585&dest_type=city&group_adults=2&req_adults=2&no_rooms=1&group_children=0&req_children=0&hpos=9&hapos=233&sr_order=popularity&srpvid=a6ce56975cc70174&srepoch=1785759567&all_sr_blocks=1608670701_431773601_2_0_0&highlighted_blocks=1608670701_431773601_2_0_0&matching_block_id=1608670701_431773601_2_0_0&sr_pri_blocks=1608670701_431773601_2_0_0__800000&from=searchresults,8000,,,Rawalpindi,8.3,One-Bedroom Apartment,"2 beds (1 single, 1 large double)",0,1,1,https://cf.bstatic.com/xdata/images/hotel/square240/844673146.webp?k=be6b65a6666c0e453bc7712eadd452c6a39d8deab02ad370b8d9c289a314051c&o=,4,Rawalpindi
Private & Serene Golf View Apt Phase 7,https://www.booking.com/hotel/pk/private-amp-serene-golf-view-apt-phase-7.en-gb.html?aid=304142&label=gen173nr-10CAQoggJCDWNpdHlfLTI3NzI1ODVICVgEaLUBiAEBmAEzuAEHyAEM2AED6AEB-AEBiAIBqAIBuAKujsLTBsACAdICJDM4ZDNiYzA1LTEwOWUtNDU1NS04YmFhLTE1MzQ4MGIxZTY3OdgCAeACAQ&ucfs=1&arphpl=1&checkin=2026-08-06&checkout=2026-08-07&dest_id=-2772585&dest_type=city&group_adults=2&req_adults=2&no_rooms=1&group_children=0&req_children=0&hpos=10&hapos=234&sr_order=popularity&srpvid=a6ce56975cc70174&srepoch=1785759567&all_sr_blocks=1674493901_439210021_3_0_0&highlighted_blocks=1674493901_439210021_3_0_0&matching_block_id=1674493901_439210021_3_0_0&sr_pri_blocks=1674493901_439210021_3_0_0__952000&from=searchresults,9520,,,Rawalpindi,11.1,Apartment with Garden View,"2 beds (1 single, 1 sofa bed)",0,1,1,https://cf.bstatic.com/xdata/images/hotel/square240/889402601.webp?k=2248facc1306e6a530f5953872b3e7c076509cda4acf55798b07407c8c8ca5eb&o=,5,Rawalpindi
2 AC Luxury Apartments By Bloom Vales Heights,https://www.booking.com/hotel/pk/bloom-vales-heights.en-gb.html?aid=304142&label=gen173nr-10CAQoggJCDWNpdHlfLTI3NzI1ODVICVgEaLUBiAEBmAEzuAEHyAEM2AED6AEB-AEBiAIBqAIBuAKujsLTBsACAdICJDM4ZDNiYzA1LTEwOWUtNDU1NS04YmFhLTE1MzQ4MGIxZTY3OdgCAeACAQ&ucfs=1&arphpl=1&checkin=2026-08-06&checkout=2026-08-07&dest_id=-2772585&dest_type=city&group_adults=2&req_adults=2&no_rooms=1&group_children=0&req_children=0&hpos=11&hapos=235&sr_order=popularity&srpvid=a6ce56975cc70174&srepoch=1785759567&all_sr_blocks=1673683701_440185447_3_0_0&highlighted_blocks=1673683701_440185447_3_0_0&matching_block_id=1673683701_440185447_3_0_0&sr_pri_blocks=1673683701_440185447_3_0_0__1211250&from=searchresults,12113,,,Rawalpindi,8.6,Family Room with Private Bathroom,2 double beds,0,0,1,https://cf.bstatic.com/xdata/images/hotel/square240/887396510.webp?k=5bd4fef6934ff00940f5bfb222896b3b6fa157775eda1d1028601c2f167a4d92&o=,3,Rawalpindi
Aurora Suites 1 Bed Apartment Bahria Heights 1,https://www.booking.com/hotel/pk/aurora-suites-1-bed-apartment-bahria-heights-1.en-gb.html?aid=304142&label=gen173nr-10CAQoggJCDWNpdHlfLTI3NzI1ODVICVgEaLUBiAEBmAEzuAEHyAEM2AED6AEB-AEBiAIBqAIBuAKujsLTBsACAdICJDM4ZDNiYzA1LTEwOWUtNDU1NS04YmFhLTE1MzQ4MGIxZTY3OdgCAeACAQ&ucfs=1&arphpl=1&checkin=2026-08-06&checkout=2026-08-07&dest_id=-2772585&dest_type=city&group_adults=2&req_adults=2&no_rooms=1&group_children=0&req_children=0&hpos=12&hapos=236&sr_order=popularity&srpvid=a6ce56975cc70174&srepoch=1785759567&all_sr_blocks=1699286501_441580606_3_0_0&highlighted_blocks=1699286501_441580606_3_0_0&matching_block_id=1699286501_441580606_3_0_0&sr_pri_blocks=1699286501_441580606_3_0_0__611932&from=searchresults,6119,,,Rawalpindi,6.0,One-Bedroom Apartment,"2 beds (1 double, 1 sofa bed)",0,1,1,https://cf.bstatic.com/xdata/images/hotel/square240/902003866.webp?k=8145260fc6c6a7ffb950a3871373d852841aae10b30af729ceaa4c42da7433fd&o=,5,Rawalpindi
Cozy Studio Retreat,https://www.booking.com/hotel/pk/cozy-studio-retreat-islamabad2.en-gb.html?aid=304142&label=gen173nr-10CAQoggJCDWNpdHlfLTI3NzI1ODVICVgEaLUBiAEBmAEzuAEHyAEM2AED6AEB-AEBiAIBqAIBuAKujsLTBsACAdICJDM4ZDNiYzA1LTEwOWUtNDU1NS04YmFhLTE1MzQ4MGIxZTY3OdgCAeACAQ&ucfs=1&arphpl=1&checkin=2026-08-06&checkout=2026-08-07&dest_id=-2772585&dest_type=city&group_adults=2&req_adults=2&no_rooms=1&group_children=0&req_children=0&hpos=13&hapos=237&sr_order=popularity&srpvid=a6ce56975cc70174&srepoch=1785759567&all_sr_blocks=1675085001_439261254_2_0_0&highlighted_blocks=1675085001_439261254_2_0_0&matching_block_id=1675085001_439261254_2_0_0&sr_pri_blocks=1675085001_439261254_2_0_0__595000&from=searchresults,5950,,,Rawalpindi,10.0,One-Bedroom Apartment,1 double bed,0,1,1,https://cf.bstatic.com/xdata/images/hotel/square240/888142466.webp?k=314f6f4ed1585ebbd2bf7ce43b0ea8fdea6b4af6ac0d27ff36663de8fdc7bc0b&o=,4,Rawalpindi
1 bed fully furnished apartment,https://www.booking.com/hotel/pk/1-bed-fully-furnished-apartment-islamabad3.en-gb.html?aid=304142&label=gen173nr-10CAQoggJCDWNpdHlfLTI3NzI1ODVICVgEaLUBiAEBmAEzuAEHyAEM2AED6AEB-AEBiAIBqAIBuAKujsLTBsACAdICJDM4ZDNiYzA1LTEwOWUtNDU1NS04YmFhLTE1MzQ4MGIxZTY3OdgCAeACAQ&ucfs=1&arphpl=1&checkin=2026-08-06&checkout=2026-08-07&dest_id=-2772585&dest_type=city&group_adults=2&req_adults=2&no_rooms=1&group_children=0&req_children=0&hpos=14&hapos=238&sr_order=popularity&srpvid=a6ce56975cc70174&srepoch=1785759567&all_sr_blocks=1463600801_417669812_3_0_0&highlighted_blocks=1463600801_417669812_3_0_0&matching_block_id=1463600801_417669812_3_0_0&sr_pri_blocks=1463600801_417669812_3_0_0__650000&from=searchresults,6500,,,Rawalpindi,7.7,One-Bedroom Apartment,"2 beds (1 double, 1 sofa bed)",0,1,1,https://cf.bstatic.com/xdata/images/hotel/square240/720455943.webp?k=33c5e9c56da366f030367b43b767a95677a85d25089c91d374a00cc5693b5e78&o=,4,Rawalpindi
Zannie Luxe Apartments,https://www.booking.com/hotel/pk/zannie-luxe-apartments.en-gb.html?aid=304142&label=gen173nr-10CAQoggJCDWNpdHlfLTI3NzI1ODVICVgEaLUBiAEBmAEzuAEHyAEM2AED6AEB-AEBiAIBqAIBuAKujsLTBsACAdICJDM4ZDNiYzA1LTEwOWUtNDU1NS04YmFhLTE1MzQ4MGIxZTY3OdgCAeACAQ&ucfs=1&arphpl=1&checkin=2026-08-06&checkout=2026-08-07&dest_id=-2772585&dest_type=city&group_adults=2&req_adults=2&no_rooms=1&group_children=0&req_children=0&hpos=15&hapos=239&sr_order=popularity&srpvid=a6ce56975cc70174&srepoch=1785759567&all_sr_blocks=1684767401_440136775_4_0_0&highlighted_blocks=1684767401_440136775_4_0_0&matching_block_id=1684767401_440136775_4_0_0&sr_pri_blocks=1684767401_440136775_4_0_0__720000&from=searchresults,7200,,,Rawalpindi,11.3,One-Bedroom Apartment,"2 beds (1 sofa bed, 1 large double)",0,1,1,https://cf.bstatic.com/xdata/images/hotel/square240/892760922.webp?k=7e5d42307d96e86259b8288dec29af6addb8c356e9c66e8ca04d86c5a82ce711&o=,5,Rawalpindi
Kéyra 1 BHK Apartment in Phase 7 Near Giga Mall,https://www.booking.com/hotel/pk/keyra-1-bhk-apartment-in-phase-7-near-giga-mall-islamabad.en-gb.html?aid=304142&label=gen173nr-10CAQoggJCDWNpdHlfLTI3NzI1ODVICVgEaLUBiAEBmAEzuAEHyAEM2AED6AEB-AEBiAIBqAIBuAKujsLTBsACAdICJDM4ZDNiYzA1LTEwOWUtNDU1NS04YmFhLTE1MzQ4MGIxZTY3OdgCAeACAQ&ucfs=1&arphpl=1&checkin=2026-08-06&checkout=2026-08-07&dest_id=-2772585&dest_type=city&group_adults=2&req_adults=2&no_rooms=1&group_children=0&req_children=0&hpos=16&hapos=240&sr_order=popularity&srpvid=a6ce56975cc70174&srepoch=1785759567&all_sr_blocks=1580530301_430026058_3_0_0&highlighted_blocks=1580530301_430026058_3_0_0&matching_block_id=1580530301_430026058_3_0_0&sr_pri_blocks=1580530301_430026058_3_0_0__820000&from=searchresults,8200,,,Rawalpindi,9.4,One-Bedroom Apartment,"2 beds (1 extra-large double, 1 sofa bed)",0,1,1,https://cf.bstatic.com/xdata/images/hotel/square240/822396219.webp?k=848346129acb9646bd493efe29a7c0e0d429137670ca7a748c0f27f1de048c86&o=,4,Rawalpindi
Central City 2BHK by StayMehman,https://www.booking.com/hotel/pk/central-city-2-bhk.en-gb.html?aid=304142&label=gen173nr-10CAQoggJCDWNpdHlfLTI3NzI1ODVICVgEaLUBiAEBmAEzuAEHyAEM2AED6AEB-AEBiAIBqAIBuAKujsLTBsACAdICJDM4ZDNiYzA1LTEwOWUtNDU1NS04YmFhLTE1MzQ4MGIxZTY3OdgCAeACAQ&ucfs=1&arphpl=1&checkin=2026-08-06&checkout=2026-08-07&dest_id=-2772585&dest_type=city&group_adults=2&req_adults=2&no_rooms=1&group_children=0&req_children=0&hpos=17&hapos=241&sr_order=popularity&srpvid=a6ce56975cc70174&srepoch=1785759567&all_sr_blocks=1189684301_402428525_4_0_0&highlighted_blocks=1189684301_402428525_4_0_0&matching_block_id=1189684301_402428525_4_0_0&sr_pri_blocks=1189684301_402428525_4_0_0__1755000&from=searchresults,17550,9.8,18.0,Rawalpindi,9.4,Two-Bedroom Apartment with City View,"4 beds (2 extra-large doubles, 2 sofa beds)",0,1,0,https://cf.bstatic.com/xdata/images/hotel/square240/676000089.webp?k=a4687f7f50d7973fc359be66065887b2371b93ab8f76c7d380c213046e9194c0&o=,12,Rawalpindi
Seven Residence- Luxury Stay- 1BR Bahria Phase 7,https://www.booking.com/hotel/pk/seven-residence-luxury-stay-1br-bahria-phase-7.en-gb.html?aid=304142&label=gen173nr-10CAQoggJCDWNpdHlfLTI3NzI1ODVICVgEaLUBiAEBmAEzuAEHyAEM2AED6AEB-AEBiAIBqAIBuAKujsLTBsACAdICJDM4ZDNiYzA1LTEwOWUtNDU1NS04YmFhLTE1MzQ4MGIxZTY3OdgCAeACAQ&ucfs=1&arphpl=1&checkin=2026-08-06&checkout=2026-08-07&dest_id=-2772585&dest_type=city&group_adults=2&req_adults=2&no_rooms=1&group_children=0&req_children=0&hpos=18&hapos=242&sr_order=popularity&srpvid=a6ce56975cc70174&srepoch=1785759567&all_sr_blocks=1581197901_429219401_3_0_0&highlighted_blocks=1581197901_429219401_3_0_0&matching_block_id=1581197901_429219401_3_0_0&sr_pri_blocks=1581197901_429219401_3_0_0__800000&from=searchresults,8000,,,Rawalpindi,9.6,One-Bedroom Apartment,"2 beds (1 sofa bed, 1 large double)",0,1,1,https://cf.bstatic.com/xdata/images/hotel/square240/823108578.webp?k=8aefcf1b49c79ccc87794605c429d63885508389e77ed394f47578ce7be789a8&o=,4,Rawalpindi
Havana Black 1BHK - Luxury -Bahria heights-1,https://www.booking.com/hotel/pk/havana-black-1bhk-luxury-bahria-heights-1.en-gb.html?aid=304142&label=gen173nr-10CAQoggJCDWNpdHlfLTI3NzI1ODVICVgEaLUBiAEBmAEzuAEHyAEM2AED6AEB-AEBiAIBqAIBuAKujsLTBsACAdICJDM4ZDNiYzA1LTEwOWUtNDU1NS04YmFhLTE1MzQ4MGIxZTY3OdgCAeACAQ&ucfs=1&arphpl=1&checkin=2026-08-06&checkout=2026-08-07&dest_id=-2772585&dest_type=city&group_adults=2&req_adults=2&no_rooms=1&group_children=0&req_children=0&hpos=19&hapos=243&sr_order=popularity&srpvid=a6ce56975cc70174&srepoch=1785759567&all_sr_blocks=1680548901_439812995_5_0_0&highlighted_blocks=1680548901_439812995_5_0_0&matching_block_id=1680548901_439812995_5_0_0&sr_pri_blocks=1680548901_439812995_5_0_0__816000&from=searchresults,8160,,,Rawalpindi,6.0,One-Bedroom Apartment,1 double bed,0,1,1,https://cf.bstatic.com/xdata/images/hotel/square240/891201006.webp?k=b9f3840bb976a49aac189dc1d907bae647449e948d305892bce5a9e9a84cc902&o=,6,Rawalpindi
1 bed fully furnished apartment,https://www.booking.com/hotel/pk/1-bed-fully-furnished-apartment-islamabad1.en-gb.html?aid=304142&label=gen173nr-10CAQoggJCDWNpdHlfLTI3NzI1ODVICVgEaLUBiAEBmAEzuAEHyAEM2AED6AEB-AEBiAIBqAIBuAKujsLTBsACAdICJDM4ZDNiYzA1LTEwOWUtNDU1NS04YmFhLTE1MzQ4MGIxZTY3OdgCAeACAQ&ucfs=1&arphpl=1&checkin=2026-08-06&checkout=2026-08-07&dest_id=-2772585&dest_type=city&group_adults=2&req_adults=2&no_rooms=1&group_children=0&req_children=0&hpos=20&hapos=244&sr_order=popularity&srpvid=a6ce56975cc70174&srepoch=1785759567&all_sr_blocks=1461178401_417409758_3_0_0&highlighted_blocks=1461178401_417409758_3_0_0&matching_block_id=1461178401_417409758_3_0_0&sr_pri_blocks=1461178401_417409758_3_0_0__714000&from=searchresults,7140,,,Rawalpindi,7.6,One-Bedroom Apartment,"2 beds (1 double, 1 sofa bed)",0,1,1,https://cf.bstatic.com/xdata/images/hotel/square240/717232876.webp?k=b4bb84512a307958f2af0c82da47a22eef4c22bd8b86e1bf17556c748c59a3e8&o=,4,Rawalpindi
The Grandeur Suite 2,https://www.booking.com/hotel/pk/the-grandeur-rawalpindi.en-gb.html?aid=304142&label=gen173nr-10CAQoggJCDWNpdHlfLTI3NzI1ODVICVgEaLUBiAEBmAEzuAEHyAEM2AED6AEB-AEBiAIBqAIBuAKujsLTBsACAdICJDM4ZDNiYzA1LTEwOWUtNDU1NS04YmFhLTE1MzQ4MGIxZTY3OdgCAeACAQ&ucfs=1&arphpl=1&checkin=2026-08-06&checkout=2026-08-07&dest_id=-2772585&dest_type=city&group_adults=2&req_adults=2&no_rooms=1&group_children=0&req_children=0&hpos=21&hapos=245&sr_order=popularity&srpvid=a6ce56975cc70174&srepoch=1785759567&all_sr_blocks=1599333101_430919382_2_1_0&highlighted_blocks=1599333101_430919382_2_1_0&matching_block_id=1599333101_430919382_2_1_0&sr_pri_blocks=1599333101_430919382_2_1_0__650000&from=searchresults,6500,10,4.0,Rawalpindi,2.3,Double Room with Private Bathroom,"2 beds (1 double, 1 extra-large double)",1,1,1,https://cf.bstatic.com/xdata/images/hotel/square240/837165700.webp?k=31b7491e781b4e38a5d102235b9ffb049321af619b0deef6fdc36488dc532993&o=,4,Rawalpindi
Pak Islamabad Guest House,https://www.booking.com/hotel/pk/pak-islamabad-guest-house.en-gb.html?aid=304142&label=gen173nr-10CAQoggJCDWNpdHlfLTI3NzI1ODVICVgEaLUBiAEBmAEzuAEHyAEM2AED6AEB-AEBiAIBqAIBuAKujsLTBsACAdICJDM4ZDNiYzA1LTEwOWUtNDU1NS04YmFhLTE1MzQ4MGIxZTY3OdgCAeACAQ&ucfs=1&arphpl=1&checkin=2026-08-06&checkout=2026-08-07&dest_id=-2772585&dest_type=city&group_adults=2&req_adults=2&no_rooms=1&group_children=0&req_children=0&hpos=22&hapos=246&sr_order=popularity&srpvid=a6ce56975cc70174&srepoch=1785759567&all_sr_blocks=1671758402_438939384_2_0_0&highlighted_blocks=1671758402_438939384_2_0_0&matching_block_id=1671758402_438939384_2_0_0&sr_pri_blocks=1671758402_438939384_2_0_0__520000&from=searchresults,5200,,,Rawalpindi,19.9,Twin Room,"3 beds (2 singles, 1 futon)",0,1,1,https://cf.bstatic.com/xdata/images/hotel/square240/886996069.webp?k=3cf288d68fb081ed4e936b53dcc013d731ffaa42c1faf78191ebbb3d2b8fc748&o=,5,Rawalpindi
hidden gem for you,https://www.booking.com/hotel/pk/hidden-gem-for-you.en-gb.html?aid=304142&label=gen173nr-10CAQoggJCDWNpdHlfLTI3NzI1ODVICVgEaLUBiAEBmAEzuAEHyAEM2AED6AEB-AEBiAIBqAIBuAKujsLTBsACAdICJDM4ZDNiYzA1LTEwOWUtNDU1NS04YmFhLTE1MzQ4MGIxZTY3OdgCAeACAQ&ucfs=1&arphpl=1&checkin=2026-08-06&checkout=2026-08-07&dest_id=-2772585&dest_type=city&group_adults=2&req_adults=2&no_rooms=1&group_children=0&req_children=0&hpos=23&hapos=247&sr_order=popularity&srpvid=a6ce56975cc70174&srepoch=1785759567&all_sr_blocks=1365552701_408847381_0_0_0&highlighted_blocks=1365552701_408847381_0_0_0&matching_block_id=1365552701_408847381_0_0_0&sr_pri_blocks=1365552701_408847381_0_0_0__2090000&from=searchresults,20900,9.0,2.0,Rawalpindi,7.7,One-Bedroom Apartment,"4 beds (1 double, 1 sofa bed, 2 large doubles)",0,1,1,https://cf.bstatic.com/xdata/images/hotel/square240/692131433.webp?k=8530cc8099295014464aac28a6fb369157354efc4fafc9cdbddf72a3fa3dd383&o=,4,Rawalpindi
Paklodge,https://www.booking.com/hotel/pk/paklodge-rawalpindi.en-gb.html?aid=304142&label=gen173nr-10CAQoggJCDWNpdHlfLTI3NzI1ODVICVgEaLUBiAEBmAEzuAEHyAEM2AED6AEB-AEBiAIBqAIBuAKujsLTBsACAdICJDM4ZDNiYzA1LTEwOWUtNDU1NS04YmFhLTE1MzQ4MGIxZTY3OdgCAeACAQ&ucfs=1&arphpl=1&checkin=2026-08-06&checkout=2026-08-07&dest_id=-2772585&dest_type=city&group_adults=2&req_adults=2&no_rooms=1&group_children=0&req_children=0&hpos=24&hapos=248&sr_order=popularity&srpvid=a6ce56975cc70174&srepoch=1785759567&all_sr_blocks=1494037201_421065608_2_1_0&highlighted_blocks=1494037201_421065608_2_1_0&matching_block_id=1494037201_421065608_2_1_0&sr_pri_blocks=1494037201_421065608_2_1_0__400000&from=searchresults,4000,,,Rawalpindi,9.8,Double Room,"6 beds (3 singles, 3 doubles)",1,1,1,https://cf.bstatic.com/xdata/images/hotel/square240/747388254.webp?k=e029d8464394fa5dae9fa95ddcd730e97b007b86fd061612ab49f9fa27cbeb5c&o=,4,Rawalpindi
Bahria Sunrise Apartments,https://www.booking.com/hotel/pk/bahria-sunrise-apartments.en-gb.html?aid=304142&label=gen173nr-10CAQoggJCDWNpdHlfLTI3NzI1ODVICVgEaLUBiAEBmAEzuAEHyAEM2AED6AEB-AEBiAIBqAIBuAKujsLTBsACAdICJDM4ZDNiYzA1LTEwOWUtNDU1NS04YmFhLTE1MzQ4MGIxZTY3OdgCAeACAQ&ucfs=1&arphpl=1&checkin=2026-08-06&checkout=2026-08-07&dest_id=-2772585&dest_type=city&group_adults=2&req_adults=2&no_rooms=1&group_children=0&req_children=0&hpos=25&hapos=249&sr_order=popularity&srpvid=a6ce56975cc70174&srepoch=1785759567&all_sr_blocks=1498394701_421579365_2_0_0&highlighted_blocks=1498394701_421579365_2_0_0&matching_block_id=1498394701_421579365_2_0_0&sr_pri_blocks=1498394701_421579365_2_0_0__1250000&from=searchresults,12500,,,Rawalpindi,6.0,Deluxe One-Bedroom Apartment,1 large double bed,0,1,1,https://cf.bstatic.com/xdata/images/hotel/square240/760023320.webp?k=279059e187bc565dc2bc10b3b03def29456091ca3135f327685e58937c5949f9&o=,10,Rawalpindi
Korean Themed Luxury 2BHK with City Views,https://www.booking.com/hotel/pk/korean-themed-luxury-2bhk-with-city-views.en-gb.html?aid=304142&label=gen173nr-10CAQoggJCDWNpdHlfLTI3NzI1ODVICVgEaLUBiAEBmAEzuAEHyAEM2AED6AEB-AEBiAIBqAIBuAKujsLTBsACAdICJDM4ZDNiYzA1LTEwOWUtNDU1NS04YmFhLTE1MzQ4MGIxZTY3OdgCAeACAQ&ucfs=1&arphpl=1&checkin=2026-08-06&checkout=2026-08-07&dest_id=-2772585&dest_type=city&group_adults=2&req_adults=2&no_rooms=1&group_children=0&req_children=0&hpos=1&hapos=250&sr_order=popularity&srpvid=a6ce56975cc70174&srepoch=1785759569&all_sr_blocks=1390700302_411036887_2_0_0&highlighted_blocks=1390700302_411036887_2_0_0&matching_block_id=1390700302_411036887_2_0_0&sr_pri_blocks=1390700302_411036887_2_0_0__855000&from=searchresults,8550,,,Rawalpindi,9.5,One-Bedroom Apartment,"3 beds (2 sofa beds, 1 large double)",0,0,0,https://cf.bstatic.com/xdata/images/hotel/square240/668726144.webp?k=b7612d0682007d0355729f8077a7cba1856bab91a19baea67158a47be54c1e2b&o=,10,Rawalpindi
The crimson round bed luxe suite,https://www.booking.com/hotel/pk/the-crimson-round-bed-luxe-suite.en-gb.html?aid=304142&label=gen173nr-10CAQoggJCDWNpdHlfLTI3NzI1ODVICVgEaLUBiAEBmAEzuAEHyAEM2AED6AEB-AEBiAIBqAIBuAKujsLTBsACAdICJDM4ZDNiYzA1LTEwOWUtNDU1NS04YmFhLTE1MzQ4MGIxZTY3OdgCAeACAQ&ucfs=1&arphpl=1&checkin=2026-08-06&checkout=2026-08-07&dest_id=-2772585&dest_type=city&group_adults=2&req_adults=2&no_rooms=1&group_children=0&req_children=0&hpos=2&hapos=251&sr_order=popularity&srpvid=a6ce56975cc70174&srepoch=1785759569&all_sr_blocks=1669316701_438727748_3_0_0&highlighted_blocks=1669316701_438727748_3_0_0&matching_block_id=1669316701_438727748_3_0_0&sr_pri_blocks=1669316701_438727748_3_0_0__680000&from=searchresults,6800,,,Rawalpindi,11.3,One-Bedroom Apartment with Balcony,1 single bed,0,1,1,https://cf.bstatic.com/xdata/images/hotel/square240/884520688.webp?k=a77061df1e7670fa640911fea7934bb899ff2dc187747e1f5aa37e76fb407be0&o=,5,Rawalpindi
1BHK Cozy Home Cinema,https://www.booking.com/hotel/pk/1bhk-cozy-home-cinema-rawalpindi.en-gb.html?aid=304142&label=gen173nr-10CAQoggJCDWNpdHlfLTI3NzI1ODVICVgEaLUBiAEBmAEzuAEHyAEM2AED6AEB-AEBiAIBqAIBuAKujsLTBsACAdICJDM4ZDNiYzA1LTEwOWUtNDU1NS04YmFhLTE1MzQ4MGIxZTY3OdgCAeACAQ&ucfs=1&arphpl=1&checkin=2026-08-06&checkout=2026-08-07&dest_id=-2772585&dest_type=city&group_adults=2&req_adults=2&no_rooms=1&group_children=0&req_children=0&hpos=3&hapos=252&sr_order=popularity&srpvid=a6ce56975cc70174&srepoch=1785759569&all_sr_blocks=1558505701_426963277_4_0_0&highlighted_blocks=1558505701_426963277_4_0_0&matching_block_id=1558505701_426963277_4_0_0&sr_pri_blocks=1558505701_426963277_4_0_0__1000000&from=searchresults,10000,10,1.0,Rawalpindi,11.3,Two-Bedroom Apartment,1 large double bed,0,1,1,https://cf.bstatic.com/xdata/images/hotel/square240/804110527.webp?k=b0653fa3551a1b817d0a49a038a749b65a0e04f71c391c7d6a82fccd0b927179&o=,4,Rawalpindi
Comfy Lodge,https://www.booking.com/hotel/pk/evergreen-guest-lodge-bahria-town.en-gb.html?aid=304142&label=gen173nr-10CAQoggJCDWNpdHlfLTI3NzI1ODVICVgEaLUBiAEBmAEzuAEHyAEM2AED6AEB-AEBiAIBqAIBuAKujsLTBsACAdICJDM4ZDNiYzA1LTEwOWUtNDU1NS04YmFhLTE1MzQ4MGIxZTY3OdgCAeACAQ&ucfs=1&arphpl=1&checkin=2026-08-06&checkout=2026-08-07&dest_id=-2772585&dest_type=city&group_adults=2&req_adults=2&no_rooms=1&group_children=0&req_children=0&hpos=4&hapos=253&sr_order=popularity&srpvid=a6ce56975cc70174&srepoch=1785759569&all_sr_blocks=1581946801_429305516_2_0_0&highlighted_blocks=1581946801_429305516_2_0_0&matching_block_id=1581946801_429305516_2_0_0&sr_pri_blocks=1581946801_429305516_2_0_0__700000&from=searchresults,7000,6.8,4.0,Rawalpindi,7.0,Double or Twin Room,1 extra-large double bed,0,0,1,https://cf.bstatic.com/xdata/images/hotel/square240/824326516.webp?k=c15a69c654b68ee4710e736f934de7d0ccc81cd13ed271ed037774948da83fec&o=,3,Rawalpindi
Legacy Apartments,https://www.booking.com/hotel/pk/legacy-apartments-rawalpindi.en-gb.html?aid=304142&label=gen173nr-10CAQoggJCDWNpdHlfLTI3NzI1ODVICVgEaLUBiAEBmAEzuAEHyAEM2AED6AEB-AEBiAIBqAIBuAKujsLTBsACAdICJDM4ZDNiYzA1LTEwOWUtNDU1NS04YmFhLTE1MzQ4MGIxZTY3OdgCAeACAQ&ucfs=1&arphpl=1&checkin=2026-08-06&checkout=2026-08-07&dest_id=-2772585&dest_type=city&group_adults=2&req_adults=2&no_rooms=1&group_children=0&req_children=0&hpos=5&hapos=254&sr_order=popularity&srpvid=a6ce56975cc70174&srepoch=1785759569&all_sr_blocks=1601060501_431063336_2_0_0&highlighted_blocks=1601060501_431063336_2_0_0&matching_block_id=1601060501_431063336_2_0_0&sr_pri_blocks=1601060501_431063336_2_0_0__1500000&from=searchresults,15000,,,Rawalpindi,6.0,Twin Room,2 single beds,0,1,1,https://cf.bstatic.com/xdata/images/hotel/square240/838573636.webp?k=5e0203fa22d6f7ffe541f6d18820bd29fc842c3c0525aa7f7d54372ecc5a16a6&o=,12,Rawalpindi
Best Value 1BHK BahriaPhase7 Above GritFitGym Restaurants Nearby,https://www.booking.com/hotel/pk/2-bed-apt-gym-netflix-restaraunt-below.en-gb.html?aid=304142&label=gen173nr-10CAQoggJCDWNpdHlfLTI3NzI1ODVICVgEaLUBiAEBmAEzuAEHyAEM2AED6AEB-AEBiAIBqAIBuAKujsLTBsACAdICJDM4ZDNiYzA1LTEwOWUtNDU1NS04YmFhLTE1MzQ4MGIxZTY3OdgCAeACAQ&ucfs=1&arphpl=1&checkin=2026-08-06&checkout=2026-08-07&dest_id=-2772585&dest_type=city&group_adults=2&req_adults=2&no_rooms=1&group_children=0&req_children=0&hpos=6&hapos=255&sr_order=popularity&srpvid=a6ce56975cc70174&srepoch=1785759569&all_sr_blocks=1597480001_430762890_2_0_0&highlighted_blocks=1597480001_430762890_2_0_0&matching_block_id=1597480001_430762890_2_0_0&sr_pri_blocks=1597480001_430762890_2_0_0__1400000&from=searchresults,14000,10,1.0,Rawalpindi,9.5,One-Bedroom Apartment,1 extra-large double bed,0,1,1,https://cf.bstatic.com/xdata/images/hotel/square240/862247278.webp?k=659c31072e048714d4e1c89d2525f856030b36acbaf4f8120266c8da02e31f38&o=,4,Rawalpindi
QB Elegant Villa Bahria Town,https://www.booking.com/hotel/pk/qb-elegant-villa-bahria-town.en-gb.html?aid=304142&label=gen173nr-10CAQoggJCDWNpdHlfLTI3NzI1ODVICVgEaLUBiAEBmAEzuAEHyAEM2AED6AEB-AEBiAIBqAIBuAKujsLTBsACAdICJDM4ZDNiYzA1LTEwOWUtNDU1NS04YmFhLTE1MzQ4MGIxZTY3OdgCAeACAQ&ucfs=1&arphpl=1&checkin=2026-08-06&checkout=2026-08-07&dest_id=-2772585&dest_type=city&group_adults=2&req_adults=2&no_rooms=1&group_children=0&req_children=0&hpos=7&hapos=256&sr_order=popularity&srpvid=a6ce56975cc70174&srepoch=1785759569&all_sr_blocks=1023187401_374759023_4_0_0&highlighted_blocks=1023187401_374759023_4_0_0&matching_block_id=1023187401_374759023_4_0_0&sr_pri_blocks=1023187401_374759023_4_0_0__931000&from=searchresults,9310,10,3.0,Rawalpindi,12.1,Two-Bedroom Villa,"3 beds (2 singles, 1 double)",0,0,0,https://cf.bstatic.com/xdata/images/hotel/square240/642172544.webp?k=a80c48cb4b59f43b9e6c0256799bcec64449e19c279e2484f455c26d574c77d1&o=,10,Rawalpindi
Modern 2 - Bed Private portion - Bahria phase 8,https://www.booking.com/hotel/pk/modern-2-bed-private-portion-bahria-phase-8.en-gb.html?aid=304142&label=gen173nr-10CAQoggJCDWNpdHlfLTI3NzI1ODVICVgEaLUBiAEBmAEzuAEHyAEM2AED6AEB-AEBiAIBqAIBuAKujsLTBsACAdICJDM4ZDNiYzA1LTEwOWUtNDU1NS04YmFhLTE1MzQ4MGIxZTY3OdgCAeACAQ&ucfs=1&arphpl=1&checkin=2026-08-06&checkout=2026-08-07&dest_id=-2772585&dest_type=city&group_adults=2&req_adults=2&no_rooms=1&group_children=0&req_children=0&hpos=8&hapos=257&sr_order=popularity&srpvid=a6ce56975cc70174&srepoch=1785759569&all_sr_blocks=1559737401_427075232_5_0_0&highlighted_blocks=1559737401_427075232_5_0_0&matching_block_id=1559737401_427075232_5_0_0&sr_pri_blocks=1559737401_427075232_5_0_0__1200000&from=searchresults,12000,4.0,1.0,Rawalpindi,11.5,Two-Bedroom House,"2 beds (1 double, 1 sofa bed)",0,1,1,https://cf.bstatic.com/xdata/images/hotel/square240/805206143.webp?k=a54c0794c3dee664486347fdc5b39aa2161decc2fb2922e44e9c58744f955554&o=,4,Rawalpindi
Maahi service Apartment,https://www.booking.com/hotel/pk/maahi-service-apartment.en-gb.html?aid=304142&label=gen173nr-10CAQoggJCDWNpdHlfLTI3NzI1ODVICVgEaLUBiAEBmAEzuAEHyAEM2AED6AEB-AEBiAIBqAIBuAKujsLTBsACAdICJDM4ZDNiYzA1LTEwOWUtNDU1NS04YmFhLTE1MzQ4MGIxZTY3OdgCAeACAQ&ucfs=1&arphpl=1&checkin=2026-08-06&checkout=2026-08-07&dest_id=-2772585&dest_type=city&group_adults=2&req_adults=2&no_rooms=1&group_children=0&req_children=0&hpos=9&hapos=258&sr_order=popularity&srpvid=a6ce56975cc70174&srepoch=1785759569&all_sr_blocks=1362121301_408522587_0_0_0_1107327&highlighted_blocks=1362121301_408522587_0_0_0_1107327&matching_block_id=1362121301_408522587_0_0_0_1107327&sr_pri_blocks=1362121301_408522587_0_0_0_1107327_1250000&from=searchresults,12500,,,Rawalpindi,7.6,One-Bedroom Apartment,"2 beds (1 extra-large double, 1 sofa bed)",0,0,1,https://cf.bstatic.com/xdata/images/hotel/square240/685807722.webp?k=444649ecbd517f733114d2160f8d740aff90e7be32776322f6ebece2651f5e06&o=,3,Rawalpindi
IK Service Apartment,https://www.booking.com/hotel/pk/ik-service-apartment-islamabad.en-gb.html?aid=304142&label=gen173nr-10CAQoggJCDWNpdHlfLTI3NzI1ODVICVgEaLUBiAEBmAEzuAEHyAEM2AED6AEB-AEBiAIBqAIBuAKujsLTBsACAdICJDM4ZDNiYzA1LTEwOWUtNDU1NS04YmFhLTE1MzQ4MGIxZTY3OdgCAeACAQ&ucfs=1&arphpl=1&checkin=2026-08-06&checkout=2026-08-07&dest_id=-2772585&dest_type=city&group_adults=2&req_adults=2&no_rooms=1&group_children=0&req_children=0&hpos=10&hapos=259&sr_order=popularity&srpvid=a6ce56975cc70174&srepoch=1785759569&all_sr_blocks=1622091001_433002131_4_0_0&highlighted_blocks=1622091001_433002131_4_0_0&matching_block_id=1622091001_433002131_4_0_0&sr_pri_blocks=1622091001_433002131_4_0_0__950000&from=searchresults,9500,,,Rawalpindi,7.9,Two-Bedroom Apartment,"10 beds (1 single, 1 double, 1 extra-large double, 6 sofa beds, 1 futon)",0,1,1,https://cf.bstatic.com/xdata/images/hotel/square240/856754796.webp?k=bde2c7c31dfb7c150413d5ea2aaf34cd94492a41cacb05d4b5c99c94bcb741b0&o=,4,Rawalpindi
Splendid 1Bed Apt In Bahria Town,https://www.booking.com/hotel/pk/splendid-1bed-apt-in-bahria-town.en-gb.html?aid=304142&label=gen173nr-10CAQoggJCDWNpdHlfLTI3NzI1ODVICVgEaLUBiAEBmAEzuAEHyAEM2AED6AEB-AEBiAIBqAIBuAKujsLTBsACAdICJDM4ZDNiYzA1LTEwOWUtNDU1NS04YmFhLTE1MzQ4MGIxZTY3OdgCAeACAQ&ucfs=1&arphpl=1&checkin=2026-08-06&checkout=2026-08-07&dest_id=-2772585&dest_type=city&group_adults=2&req_adults=2&no_rooms=1&group_children=0&req_children=0&hpos=11&hapos=260&sr_order=popularity&srpvid=a6ce56975cc70174&srepoch=1785759569&all_sr_blocks=1251254501_397617141_3_0_0&highlighted_blocks=1251254501_397617141_3_0_0&matching_block_id=1251254501_397617141_3_0_0&sr_pri_blocks=1251254501_397617141_3_0_0__783000&from=searchresults,7830,8.4,8.0,Rawalpindi,7.5,One-Bedroom Apartment,"2 beds (1 double, 1 sofa bed)",0,0,0,https://cf.bstatic.com/xdata/images/hotel/square240/582599697.webp?k=4615ab89b2245d80b534704555da1acc7c62bdc2d1c16f54919649f7451f60c9&o=,8,Rawalpindi
The Shadow - Cozy 1BHK - Self Check In,https://www.booking.com/hotel/pk/the-shadow-cozy-1bhk-escape-self-check-in.en-gb.html?aid=304142&label=gen173nr-10CAQoggJCDWNpdHlfLTI3NzI1ODVICVgEaLUBiAEBmAEzuAEHyAEM2AED6AEB-AEBiAIBqAIBuAKujsLTBsACAdICJDM4ZDNiYzA1LTEwOWUtNDU1NS04YmFhLTE1MzQ4MGIxZTY3OdgCAeACAQ&ucfs=1&arphpl=1&checkin=2026-08-06&checkout=2026-08-07&dest_id=-2772585&dest_type=city&group_adults=2&req_adults=2&no_rooms=1&group_children=0&req_children=0&hpos=12&hapos=261&sr_order=popularity&srpvid=a6ce56975cc70174&srepoch=1785759569&all_sr_blocks=1271322301_399902540_0_0_0&highlighted_blocks=1271322301_399902540_0_0_0&matching_block_id=1271322301_399902540_0_0_0&sr_pri_blocks=1271322301_399902540_0_0_0__1045000&from=searchresults,10450,,,Rawalpindi,5.9,One-Bedroom Apartment,"2 beds (1 single, 1 sofa bed)",0,1,1,https://cf.bstatic.com/xdata/images/hotel/square240/592644097.webp?k=b9bc079df651256aa232d9d37ef590f0371f91ea3b4fd71de7d442cf28113d3b&o=,5,Rawalpindi
QB Elegant Villa with Valley View,https://www.booking.com/hotel/pk/qb-elegant-villa-with-valley-view.en-gb.html?aid=304142&label=gen173nr-10CAQoggJCDWNpdHlfLTI3NzI1ODVICVgEaLUBiAEBmAEzuAEHyAEM2AED6AEB-AEBiAIBqAIBuAKujsLTBsACAdICJDM4ZDNiYzA1LTEwOWUtNDU1NS04YmFhLTE1MzQ4MGIxZTY3OdgCAeACAQ&ucfs=1&arphpl=1&checkin=2026-08-06&checkout=2026-08-07&dest_id=-2772585&dest_type=city&group_adults=2&req_adults=2&no_rooms=1&group_children=0&req_children=0&hpos=13&hapos=262&sr_order=popularity&srpvid=a6ce56975cc70174&srepoch=1785759569&all_sr_blocks=1023151001_374757066_4_0_0&highlighted_blocks=1023151001_374757066_4_0_0&matching_block_id=1023151001_374757066_4_0_0&sr_pri_blocks=1023151001_374757066_4_0_0__980000&from=searchresults,9800,9.0,2.0,Rawalpindi,12.2,Two-Bedroom Villa,"2 beds (1 single, 1 double)",0,1,1,https://cf.bstatic.com/xdata/images/hotel/square240/513865064.webp?k=633600c47883a16639024f12b9daf558582d4b1c15046ed729c927ee048f05cf&o=,12,Rawalpindi
Cozy Apartment in Bahria Town phase 8,https://www.booking.com/hotel/pk/cozy-apartment-in-bahria-town-phase-8.en-gb.html?aid=304142&label=gen173nr-10CAQoggJCDWNpdHlfLTI3NzI1ODVICVgEaLUBiAEBmAEzuAEHyAEM2AED6AEB-AEBiAIBqAIBuAKujsLTBsACAdICJDM4ZDNiYzA1LTEwOWUtNDU1NS04YmFhLTE1MzQ4MGIxZTY3OdgCAeACAQ&ucfs=1&arphpl=1&checkin=2026-08-06&checkout=2026-08-07&dest_id=-2772585&dest_type=city&group_adults=2&req_adults=2&no_rooms=1&group_children=0&req_children=0&hpos=14&hapos=263&sr_order=popularity&srpvid=a6ce56975cc70174&srepoch=1785759569&all_sr_blocks=1506823303_422443564_4_0_0&highlighted_blocks=1506823303_422443564_4_0_0&matching_block_id=1506823303_422443564_4_0_0&sr_pri_blocks=1506823303_422443564_4_0_0__1300000&from=searchresults,13000,10,3.0,Rawalpindi,11.3,Family Suite,2 large double beds,0,1,1,https://cf.bstatic.com/xdata/images/hotel/square240/759980952.webp?k=568ad9efa7c8ca063289bf9b1c4ef430096b2dde10fd27a6d20bef8e66e63c65&o=,10,Rawalpindi
Intellectual Budget - Bahria Town,https://www.booking.com/hotel/pk/intellectual-budget-bahria-town.en-gb.html?aid=304142&label=gen173nr-10CAQoggJCDWNpdHlfLTI3NzI1ODVICVgEaLUBiAEBmAEzuAEHyAEM2AED6AEB-AEBiAIBqAIBuAKujsLTBsACAdICJDM4ZDNiYzA1LTEwOWUtNDU1NS04YmFhLTE1MzQ4MGIxZTY3OdgCAeACAQ&ucfs=1&arphpl=1&checkin=2026-08-06&checkout=2026-08-07&dest_id=-2772585&dest_type=city&group_adults=2&req_adults=2&no_rooms=1&group_children=0&req_children=0&hpos=15&hapos=264&sr_order=popularity&srpvid=a6ce56975cc70174&srepoch=1785759569&all_sr_blocks=313018602_195090827_2_0_0&highlighted_blocks=313018602_195090827_2_0_0&matching_block_id=313018602_195090827_2_0_0&sr_pri_blocks=313018602_195090827_2_0_0__1100000&from=searchresults,11000,7.7,3.0,Rawalpindi,8.9,One-Bedroom Apartment,"3 beds (2 singles, 1 extra-large double)",0,1,1,https://cf.bstatic.com/xdata/images/hotel/square240/131130820.webp?k=bbf496173f75b878c61f9c2589db787ae63771b45fdd849f369a762075026fb9&o=,4,Rawalpindi
Luxurious 3BHK with Panoramic City Views,https://www.booking.com/hotel/pk/luxurious-3bhk-with-panoramic-city-views-rawalpindi.en-gb.html?aid=304142&label=gen173nr-10CAQoggJCDWNpdHlfLTI3NzI1ODVICVgEaLUBiAEBmAEzuAEHyAEM2AED6AEB-AEBiAIBqAIBuAKujsLTBsACAdICJDM4ZDNiYzA1LTEwOWUtNDU1NS04YmFhLTE1MzQ4MGIxZTY3OdgCAeACAQ&ucfs=1&arphpl=1&checkin=2026-08-06&checkout=2026-08-07&dest_id=-2772585&dest_type=city&group_adults=2&req_adults=2&no_rooms=1&group_children=0&req_children=0&hpos=16&hapos=265&sr_order=popularity&srpvid=a6ce56975cc70174&srepoch=1785759569&all_sr_blocks=1370616901_409272451_2_0_0&highlighted_blocks=1370616901_409272451_2_0_0&matching_block_id=1370616901_409272451_2_0_0&sr_pri_blocks=1370616901_409272451_2_0_0__900000&from=searchresults,9000,,,Rawalpindi,5.6,Three-Bedroom Apartment,"3 beds (1 extra-large double, 2 sofa beds)",0,0,1,https://cf.bstatic.com/xdata/images/hotel/square240/653898791.webp?k=d516534e73812d9cff53e47448d02b7b05b3470cf45d6114222119964ebcce62&o=,3,Rawalpindi
AM Apartments - 1 BHK with View and Parking In Bahria Town,https://www.booking.com/hotel/pk/riverside-apartment.en-gb.html?aid=304142&label=gen173nr-10CAQoggJCDWNpdHlfLTI3NzI1ODVICVgEaLUBiAEBmAEzuAEHyAEM2AED6AEB-AEBiAIBqAIBuAKujsLTBsACAdICJDM4ZDNiYzA1LTEwOWUtNDU1NS04YmFhLTE1MzQ4MGIxZTY3OdgCAeACAQ&ucfs=1&arphpl=1&checkin=2026-08-06&checkout=2026-08-07&dest_id=-2772585&dest_type=city&group_adults=2&req_adults=2&no_rooms=1&group_children=0&req_children=0&hpos=17&hapos=266&sr_order=popularity&srpvid=a6ce56975cc70174&srepoch=1785759569&all_sr_blocks=1591911201_430261122_3_0_0&highlighted_blocks=1591911201_430261122_3_0_0&matching_block_id=1591911201_430261122_3_0_0&sr_pri_blocks=1591911201_430261122_3_0_0__920000&from=searchresults,9200,10,1.0,Rawalpindi,8.7,One-Bedroom Apartment,"2 beds (1 extra-large double, 1 sofa bed)",0,1,1,https://cf.bstatic.com/xdata/images/hotel/square240/870452007.webp?k=8cff478390e257efc6b17193a21b83b77b5a0f1e11657d5ed8290ece6ca3df3a&o=,13,Rawalpindi
The Millenial Apartments & Suites Bahria Town,https://www.booking.com/hotel/pk/the-grande-luxury-flats.en-gb.html?aid=304142&label=gen173nr-10CAQoggJCDWNpdHlfLTI3NzI1ODVICVgEaLUBiAEBmAEzuAEHyAEM2AED6AEB-AEBiAIBqAIBuAKujsLTBsACAdICJDM4ZDNiYzA1LTEwOWUtNDU1NS04YmFhLTE1MzQ4MGIxZTY3OdgCAeACAQ&ucfs=1&arphpl=1&checkin=2026-08-06&checkout=2026-08-07&dest_id=-2772585&dest_type=city&group_adults=2&req_adults=2&no_rooms=1&group_children=0&req_children=0&hpos=18&hapos=267&sr_order=popularity&srpvid=a6ce56975cc70174&srepoch=1785759569&all_sr_blocks=613732505_309020696_3_2_0&highlighted_blocks=613732505_309020696_3_2_0&matching_block_id=613732505_309020696_3_2_0&sr_pri_blocks=613732505_309020696_3_2_0__1663321&from=searchresults,16633,8.0,39.0,Rawalpindi,6.0,Deluxe Apartment,"2 beds (1 extra-large double, 1 futon)",0,1,1,https://cf.bstatic.com/xdata/images/hotel/square240/288215115.webp?k=ea999e707f349d9634aa0d23955e076090b7238368c235889e4b8cc645e20f3b&o=,15,Rawalpindi
Tremezzo apartments,https://www.booking.com/hotel/pk/tremezzo-apartments.en-gb.html?aid=304142&label=gen173nr-10CAQoggJCDWNpdHlfLTI3NzI1ODVICVgEaLUBiAEBmAEzuAEHyAEM2AED6AEB-AEBiAIBqAIBuAKujsLTBsACAdICJDM4ZDNiYzA1LTEwOWUtNDU1NS04YmFhLTE1MzQ4MGIxZTY3OdgCAeACAQ&ucfs=1&arphpl=1&checkin=2026-08-06&checkout=2026-08-07&dest_id=-2772585&dest_type=city&group_adults=2&req_adults=2&no_rooms=1&group_children=0&req_children=0&hpos=19&hapos=268&sr_order=popularity&srpvid=a6ce56975cc70174&srepoch=1785759569&all_sr_blocks=1696185301_441292424_2_0_0&highlighted_blocks=1696185301_441292424_2_0_0&matching_block_id=1696185301_441292424_2_0_0&sr_pri_blocks=1696185301_441292424_2_0_0__1020000&from=searchresults,10200,,,Rawalpindi,10.9,One-Bedroom Apartment,1 double bed,0,1,1,https://cf.bstatic.com/xdata/images/hotel/square240/900266785.webp?k=b3d0c0ba93760a042afde9ff7ab89f14adaf6c6339c912604bd4f5d92fa323b8&o=,5,Rawalpindi
Executive suite 2 Bahria town,https://www.booking.com/hotel/pk/mashwani-suits-bahria-town.en-gb.html?aid=304142&label=gen173nr-10CAQoggJCDWNpdHlfLTI3NzI1ODVICVgEaLUBiAEBmAEzuAEHyAEM2AED6AEB-AEBiAIBqAIBuAKujsLTBsACAdICJDM4ZDNiYzA1LTEwOWUtNDU1NS04YmFhLTE1MzQ4MGIxZTY3OdgCAeACAQ&ucfs=1&arphpl=1&checkin=2026-08-06&checkout=2026-08-07&dest_id=-2772585&dest_type=city&group_adults=2&req_adults=2&no_rooms=1&group_children=0&req_children=0&hpos=20&hapos=269&sr_order=popularity&srpvid=a6ce56975cc70174&srepoch=1785759569&all_sr_blocks=1347804001_407130866_0_0_0&highlighted_blocks=1347804001_407130866_0_0_0&matching_block_id=1347804001_407130866_0_0_0&sr_pri_blocks=1347804001_407130866_0_0_0__945000&from=searchresults,9450,,,Rawalpindi,8.9,One-Bedroom Apartment,"2 beds (1 extra-large double, 1 sofa bed)",0,0,1,https://cf.bstatic.com/xdata/images/hotel/square240/640321886.webp?k=c0a1c5779a1f8be804ce202732d3d3f689572a3fd44d91cb79aa4bedc6c895d1&o=,3,Rawalpindi
Royal Nest - Modern Luxury Studio,https://www.booking.com/hotel/pk/royal-nest-modern-luxury-studio.en-gb.html?aid=304142&label=gen173nr-10CAQoggJCDWNpdHlfLTI3NzI1ODVICVgEaLUBiAEBmAEzuAEHyAEM2AED6AEB-AEBiAIBqAIBuAKujsLTBsACAdICJDM4ZDNiYzA1LTEwOWUtNDU1NS04YmFhLTE1MzQ4MGIxZTY3OdgCAeACAQ&ucfs=1&arphpl=1&checkin=2026-08-06&checkout=2026-08-07&dest_id=-2772585&dest_type=city&group_adults=2&req_adults=2&no_rooms=1&group_children=0&req_children=0&hpos=21&hapos=270&sr_order=popularity&srpvid=a6ce56975cc70174&srepoch=1785759569&all_sr_blocks=1573891801_428436345_2_0_0&highlighted_blocks=1573891801_428436345_2_0_0&matching_block_id=1573891801_428436345_2_0_0&sr_pri_blocks=1573891801_428436345_2_0_0__765000&from=searchresults,7650,,,Rawalpindi,9.4,Deluxe King Studio,1 double bed,0,1,1,https://cf.bstatic.com/xdata/images/hotel/square240/816631048.webp?k=f3f22ffc7f366b10a3b9ea7b909d44d8c7167f30982aa38f5a916c608259420b&o=,4,Rawalpindi
View from the Top,https://www.booking.com/hotel/pk/view-from-the-top.en-gb.html?aid=304142&label=gen173nr-10CAQoggJCDWNpdHlfLTI3NzI1ODVICVgEaLUBiAEBmAEzuAEHyAEM2AED6AEB-AEBiAIBqAIBuAKujsLTBsACAdICJDM4ZDNiYzA1LTEwOWUtNDU1NS04YmFhLTE1MzQ4MGIxZTY3OdgCAeACAQ&ucfs=1&arphpl=1&checkin=2026-08-06&checkout=2026-08-07&dest_id=-2772585&dest_type=city&group_adults=2&req_adults=2&no_rooms=1&group_children=0&req_children=0&hpos=22&hapos=271&sr_order=popularity&srpvid=a6ce56975cc70174&srepoch=1785759569&all_sr_blocks=1519477801_423619419_8_0_0&highlighted_blocks=1519477801_423619419_8_0_0&matching_block_id=1519477801_423619419_8_0_0&sr_pri_blocks=1519477801_423619419_8_0_0__1170000&from=searchresults,11700,,,Rawalpindi,5.6,Three-Bedroom Apartment,"2 beds (1 extra-large double, 1 large double)",0,1,1,https://cf.bstatic.com/xdata/images/hotel/square240/770623962.webp?k=18aee9a4386e130f57d7f188f9b29b69255c46590cc756a3a1b55556e2b65ad0&o=,4,Rawalpindi
sunnysideup,https://www.booking.com/hotel/pk/sunnysideup.en-gb.html?aid=304142&label=gen173nr-10CAQoggJCDWNpdHlfLTI3NzI1ODVICVgEaLUBiAEBmAEzuAEHyAEM2AED6AEB-AEBiAIBqAIBuAKujsLTBsACAdICJDM4ZDNiYzA1LTEwOWUtNDU1NS04YmFhLTE1MzQ4MGIxZTY3OdgCAeACAQ&ucfs=1&arphpl=1&checkin=2026-08-06&checkout=2026-08-07&dest_id=-2772585&dest_type=city&group_adults=2&req_adults=2&no_rooms=1&group_children=0&req_children=0&hpos=23&hapos=272&sr_order=popularity&srpvid=a6ce56975cc70174&srepoch=1785759569&all_sr_blocks=1402580201_412077863_2_0_0&highlighted_blocks=1402580201_412077863_2_0_0&matching_block_id=1402580201_412077863_2_0_0&sr_pri_blocks=1402580201_412077863_2_0_0__1170000&from=searchresults,11700,,,Rawalpindi,10.2,One-Bedroom Apartment,1 double bed,0,1,1,https://cf.bstatic.com/xdata/images/hotel/square240/675716087.webp?k=42c6b837e4ebebc2d8dd9b2cf6e9a61b72248ecd0f672d449296e14dead06aed&o=,4,Rawalpindi
DE ELEVÈ 02- Designer Studio Luxury Apartment,https://www.booking.com/hotel/pk/de-eleve-designer-1-bed-luxury-apartment.en-gb.html?aid=304142&label=gen173nr-10CAQoggJCDWNpdHlfLTI3NzI1ODVICVgEaLUBiAEBmAEzuAEHyAEM2AED6AEB-AEBiAIBqAIBuAKujsLTBsACAdICJDM4ZDNiYzA1LTEwOWUtNDU1NS04YmFhLTE1MzQ4MGIxZTY3OdgCAeACAQ&ucfs=1&arphpl=1&checkin=2026-08-06&checkout=2026-08-07&dest_id=-2772585&dest_type=city&group_adults=2&req_adults=2&no_rooms=1&group_children=0&req_children=0&hpos=24&hapos=273&sr_order=popularity&srpvid=a6ce56975cc70174&srepoch=1785759569&all_sr_blocks=1375678701_409710634_2_0_0&highlighted_blocks=1375678701_409710634_2_0_0&matching_block_id=1375678701_409710634_2_0_0&sr_pri_blocks=1375678701_409710634_2_0_0__960000&from=searchresults,9600,,,Rawalpindi,11.2,Apartment with View,1 large double bed,0,1,1,https://cf.bstatic.com/xdata/images/hotel/square240/657312821.webp?k=a63ae665392cb53f1ffac2e59de401bdbf9181675c1407f99fc0e159cad80bc5&o=,4,Rawalpindi
C junction commercial,https://www.booking.com/hotel/pk/c-junction-commercial-rawalpindi1.en-gb.html?aid=304142&label=gen173nr-10CAQoggJCDWNpdHlfLTI3NzI1ODVICVgEaLUBiAEBmAEzuAEHyAEM2AED6AEB-AEBiAIBqAIBuAKujsLTBsACAdICJDM4ZDNiYzA1LTEwOWUtNDU1NS04YmFhLTE1MzQ4MGIxZTY3OdgCAeACAQ&ucfs=1&arphpl=1&checkin=2026-08-06&checkout=2026-08-07&dest_id=-2772585&dest_type=city&group_adults=2&req_adults=2&no_rooms=1&group_children=0&req_children=0&hpos=1&hapos=274&sr_order=popularity&srpvid=a6ce56975cc70174&srepoch=1785759572&all_sr_blocks=1480020501_419457183_3_0_0&highlighted_blocks=1480020501_419457183_3_0_0&matching_block_id=1480020501_419457183_3_0_0&sr_pri_blocks=1480020501_419457183_3_0_0__800000&from=searchresults,8000,,,Rawalpindi,12.1,One-Bedroom Apartment,"7 beds (1 single, 2 doubles, 2 extra-large doubles, 2 large doubles)",0,1,1,https://cf.bstatic.com/xdata/images/hotel/square240/734777959.webp?k=1adbf8923060e01bdd56650d695c0917f804839de73e9275dc515ba779b4384e&o=,4,Rawalpindi
Apartment,https://www.booking.com/hotel/pk/apartment-rawalpindi14.en-gb.html?aid=304142&label=gen173nr-10CAQoggJCDWNpdHlfLTI3NzI1ODVICVgEaLUBiAEBmAEzuAEHyAEM2AED6AEB-AEBiAIBqAIBuAKujsLTBsACAdICJDM4ZDNiYzA1LTEwOWUtNDU1NS04YmFhLTE1MzQ4MGIxZTY3OdgCAeACAQ&ucfs=1&arphpl=1&checkin=2026-08-06&checkout=2026-08-07&dest_id=-2772585&dest_type=city&group_adults=2&req_adults=2&no_rooms=1&group_children=0&req_children=0&hpos=2&hapos=275&sr_order=popularity&srpvid=a6ce56975cc70174&srepoch=1785759572&all_sr_blocks=1683165601_440065862_0_0_0&highlighted_blocks=1683165601_440065862_0_0_0&matching_block_id=1683165601_440065862_0_0_0&sr_pri_blocks=1683165601_440065862_0_0_0__740000&from=searchresults,7400,,,Rawalpindi,6.0,One-Bedroom Apartment,"3 beds (1 double, 2 sofa beds)",0,1,1,https://cf.bstatic.com/xdata/images/hotel/square240/892398814.webp?k=9babd9eb2a9f2510f14ab372f332570dcf72ac8c4950b9ce3ceff5a96067c902&o=,5,Rawalpindi
"Modern & Cozy 2 BHK, Bahria Phase 7, Netflix",https://www.booking.com/hotel/pk/modern-amp-cozy-2-bhk-bahria-phase-7-netflix.en-gb.html?aid=304142&label=gen173nr-10CAQoggJCDWNpdHlfLTI3NzI1ODVICVgEaLUBiAEBmAEzuAEHyAEM2AED6AEB-AEBiAIBqAIBuAKujsLTBsACAdICJDM4ZDNiYzA1LTEwOWUtNDU1NS04YmFhLTE1MzQ4MGIxZTY3OdgCAeACAQ&ucfs=1&arphpl=1&checkin=2026-08-06&checkout=2026-08-07&dest_id=-2772585&dest_type=city&group_adults=2&req_adults=2&no_rooms=1&group_children=0&req_children=0&hpos=3&hapos=276&sr_order=popularity&srpvid=a6ce56975cc70174&srepoch=1785759572&all_sr_blocks=1555767801_426711343_6_0_0&highlighted_blocks=1555767801_426711343_6_0_0&matching_block_id=1555767801_426711343_6_0_0&sr_pri_blocks=1555767801_426711343_6_0_0__1200000&from=searchresults,12000,,,Rawalpindi,9.6,One-Bedroom Apartment,"3 beds (2 doubles, 1 sofa bed)",0,1,1,https://cf.bstatic.com/xdata/images/hotel/square240/802036250.webp?k=5c9d569d085237ec8378180e9186537d2d85539a35117a78f78d943e1cd2a44e&o=,4,Rawalpindi
Subtle 1Bed In Bahria Town,https://www.booking.com/hotel/pk/subtle-1bed-in-bahria-town.en-gb.html?aid=304142&label=gen173nr-10CAQoggJCDWNpdHlfLTI3NzI1ODVICVgEaLUBiAEBmAEzuAEHyAEM2AED6AEB-AEBiAIBqAIBuAKujsLTBsACAdICJDM4ZDNiYzA1LTEwOWUtNDU1NS04YmFhLTE1MzQ4MGIxZTY3OdgCAeACAQ&ucfs=1&arphpl=1&checkin=2026-08-06&checkout=2026-08-07&dest_id=-2772585&dest_type=city&group_adults=2&req_adults=2&no_rooms=1&group_children=0&req_children=0&hpos=4&hapos=277&sr_order=popularity&srpvid=a6ce56975cc70174&srepoch=1785759572&all_sr_blocks=1250609701_397547496_3_0_0&highlighted_blocks=1250609701_397547496_3_0_0&matching_block_id=1250609701_397547496_3_0_0&sr_pri_blocks=1250609701_397547496_3_0_0__870000&from=searchresults,8700,8.8,5.0,Rawalpindi,7.5,One-Bedroom Apartment,"2 beds (1 double, 1 sofa bed)",0,1,1,https://cf.bstatic.com/xdata/images/hotel/square240/582233557.webp?k=bbb96a4c9cd9152975f0c6769530e0b3227813b88f0862fa2d21c0e17061861e&o=,11,Rawalpindi
Modern CityView 1-Bed Balcony and Fast WiFi,https://www.booking.com/hotel/pk/modern-cityview-1-bed-balcony-and-fast-wifi.en-gb.html?aid=304142&label=gen173nr-10CAQoggJCDWNpdHlfLTI3NzI1ODVICVgEaLUBiAEBmAEzuAEHyAEM2AED6AEB-AEBiAIBqAIBuAKujsLTBsACAdICJDM4ZDNiYzA1LTEwOWUtNDU1NS04YmFhLTE1MzQ4MGIxZTY3OdgCAeACAQ&ucfs=1&arphpl=1&checkin=2026-08-06&checkout=2026-08-07&dest_id=-2772585&dest_type=city&group_adults=2&req_adults=2&no_rooms=1&group_children=0&req_children=0&hpos=5&hapos=278&sr_order=popularity&srpvid=a6ce56975cc70174&srepoch=1785759572&all_sr_blocks=1542940101_425644139_3_0_0&highlighted_blocks=1542940101_425644139_3_0_0&matching_block_id=1542940101_425644139_3_0_0&sr_pri_blocks=1542940101_425644139_3_0_0__700000&from=searchresults,7000,,,Rawalpindi,11.3,One-Bedroom Apartment,1 extra-large double bed,0,1,1,https://cf.bstatic.com/xdata/images/hotel/square240/790178507.webp?k=bfd56290c9cd54de2a8dddd24e3dbd020a35be08b20d55522bcdba9bb244e2ea&o=,4,Rawalpindi
The Studio,https://www.booking.com/hotel/pk/the-studio-rawalpindi.en-gb.html?aid=304142&label=gen173nr-10CAQoggJCDWNpdHlfLTI3NzI1ODVICVgEaLUBiAEBmAEzuAEHyAEM2AED6AEB-AEBiAIBqAIBuAKujsLTBsACAdICJDM4ZDNiYzA1LTEwOWUtNDU1NS04YmFhLTE1MzQ4MGIxZTY3OdgCAeACAQ&ucfs=1&arphpl=1&checkin=2026-08-06&checkout=2026-08-07&dest_id=-2772585&dest_type=city&group_adults=2&req_adults=2&no_rooms=1&group_children=0&req_children=0&hpos=6&hapos=279&sr_order=popularity&srpvid=a6ce56975cc70174&srepoch=1785759572&all_sr_blocks=1398027601_411683579_2_0_0&highlighted_blocks=1398027601_411683579_2_0_0&matching_block_id=1398027601_411683579_2_0_0&sr_pri_blocks=1398027601_411683579_2_0_0__450000&from=searchresults,4500,,,Rawalpindi,11.3,One-Bedroom Apartment,1 double bed,0,1,1,https://cf.bstatic.com/xdata/images/hotel/square240/672971754.webp?k=608df89402d016f0c54a956025d4ea8dceaf84661e1612b059fafa4f8296dec3&o=,4,Rawalpindi
Urban Pearl Apartment,https://www.booking.com/hotel/pk/urban-pearl-apartment.en-gb.html?aid=304142&label=gen173nr-10CAQoggJCDWNpdHlfLTI3NzI1ODVICVgEaLUBiAEBmAEzuAEHyAEM2AED6AEB-AEBiAIBqAIBuAKujsLTBsACAdICJDM4ZDNiYzA1LTEwOWUtNDU1NS04YmFhLTE1MzQ4MGIxZTY3OdgCAeACAQ&ucfs=1&arphpl=1&checkin=2026-08-06&checkout=2026-08-07&dest_id=-2772585&dest_type=city&group_adults=2&req_adults=2&no_rooms=1&group_children=0&req_children=0&hpos=7&hapos=280&sr_order=popularity&srpvid=a6ce56975cc70174&srepoch=1785759572&all_sr_blocks=1562547101_427339207_2_0_0&highlighted_blocks=1562547101_427339207_2_0_0&matching_block_id=1562547101_427339207_2_0_0&sr_pri_blocks=1562547101_427339207_2_0_0__1020000&from=searchresults,10200,10,1.0,Rawalpindi,6.0,One-Bedroom Apartment,1 large double bed,0,1,1,https://cf.bstatic.com/xdata/images/hotel/square240/807207149.webp?k=084c2dd7e8e2c4c2a7b509b8ca5c2c315f35e14bed43fe0b90002c547f6ecdff&o=,5,Rawalpindi
Modern Luxury 2-Bedroom Retreat with City Views,https://www.booking.com/hotel/pk/modern-luxury-2-bedroom-retreat-with-city-views.en-gb.html?aid=304142&label=gen173nr-10CAQoggJCDWNpdHlfLTI3NzI1ODVICVgEaLUBiAEBmAEzuAEHyAEM2AED6AEB-AEBiAIBqAIBuAKujsLTBsACAdICJDM4ZDNiYzA1LTEwOWUtNDU1NS04YmFhLTE1MzQ4MGIxZTY3OdgCAeACAQ&ucfs=1&arphpl=1&checkin=2026-08-06&checkout=2026-08-07&dest_id=-2772585&dest_type=city&group_adults=2&req_adults=2&no_rooms=1&group_children=0&req_children=0&hpos=8&hapos=281&sr_order=popularity&srpvid=a6ce56975cc70174&srepoch=1785759572&all_sr_blocks=1689184201_440556091_4_0_0&highlighted_blocks=1689184201_440556091_4_0_0&matching_block_id=1689184201_440556091_4_0_0&sr_pri_blocks=1689184201_440556091_4_0_0__1156000&from=searchresults,11560,,,Rawalpindi,9.5,Two-Bedroom Apartment,1 double bed,0,1,1,https://cf.bstatic.com/xdata/images/hotel/square240/895188212.webp?k=c46c52e3180a81012c57c17c80db5c45bad5c2731a4cf0d775745b2b6346fe57&o=,5,Rawalpindi
Awais real estate,https://www.booking.com/hotel/pk/awais-real-estate.en-gb.html?aid=304142&label=gen173nr-10CAQoggJCDWNpdHlfLTI3NzI1ODVICVgEaLUBiAEBmAEzuAEHyAEM2AED6AEB-AEBiAIBqAIBuAKujsLTBsACAdICJDM4ZDNiYzA1LTEwOWUtNDU1NS04YmFhLTE1MzQ4MGIxZTY3OdgCAeACAQ&ucfs=1&arphpl=1&checkin=2026-08-06&checkout=2026-08-07&dest_id=-2772585&dest_type=city&group_adults=2&req_adults=2&no_rooms=1&group_children=0&req_children=0&hpos=9&hapos=282&sr_order=popularity&srpvid=a6ce56975cc70174&srepoch=1785759572&all_sr_blocks=1487694001_420240735_2_1_0&highlighted_blocks=1487694001_420240735_2_1_0&matching_block_id=1487694001_420240735_2_1_0&sr_pri_blocks=1487694001_420240735_2_1_0__700000&from=searchresults,7000,,,Rawalpindi,12.1,Two-Bedroom Apartment,"11 beds (2 singles, 3 doubles, 2 extra-large doubles, 2 sofa beds, 2 large doubles)",1,1,1,https://cf.bstatic.com/xdata/images/hotel/square240/741195714.webp?k=4f32f8faf234472ffbe6b83042f2e0f928e32b11f9e51b056773b41ec57e8b64&o=,4,Rawalpindi
The Onyx Retreat Elegant Modern 1BHK,https://www.booking.com/hotel/pk/the-onyx-retreat-elegant-modern-1bhk.en-gb.html?aid=304142&label=gen173nr-10CAQoggJCDWNpdHlfLTI3NzI1ODVICVgEaLUBiAEBmAEzuAEHyAEM2AED6AEB-AEBiAIBqAIBuAKujsLTBsACAdICJDM4ZDNiYzA1LTEwOWUtNDU1NS04YmFhLTE1MzQ4MGIxZTY3OdgCAeACAQ&ucfs=1&arphpl=1&checkin=2026-08-06&checkout=2026-08-07&dest_id=-2772585&dest_type=city&group_adults=2&req_adults=2&no_rooms=1&group_children=0&req_children=0&hpos=10&hapos=283&sr_order=popularity&srpvid=a6ce56975cc70174&srepoch=1785759572&all_sr_blocks=1690438001_440678451_2_0_0&highlighted_blocks=1690438001_440678451_2_0_0&matching_block_id=1690438001_440678451_2_0_0&sr_pri_blocks=1690438001_440678451_2_0_0__650250&from=searchresults,6503,,,Rawalpindi,1.2,One-Bedroom Apartment,"2 beds (1 sofa bed, 1 large double)",0,1,1,https://cf.bstatic.com/xdata/images/hotel/square240/896168086.webp?k=a2b3ea71d088d48b14ae78ed3773a8149fbcf2de6321362b21b0fb2119d32469&o=,4,Rawalpindi
Bahria Heights 1 Modern 1BHK Apartment,https://www.booking.com/hotel/pk/bahria-heights-1-modern-1bhk-apartment.en-gb.html?aid=304142&label=gen173nr-10CAQoggJCDWNpdHlfLTI3NzI1ODVICVgEaLUBiAEBmAEzuAEHyAEM2AED6AEB-AEBiAIBqAIBuAKujsLTBsACAdICJDM4ZDNiYzA1LTEwOWUtNDU1NS04YmFhLTE1MzQ4MGIxZTY3OdgCAeACAQ&ucfs=1&arphpl=1&checkin=2026-08-06&checkout=2026-08-07&dest_id=-2772585&dest_type=city&group_adults=2&req_adults=2&no_rooms=1&group_children=0&req_children=0&hpos=11&hapos=284&sr_order=popularity&srpvid=a6ce56975cc70174&srepoch=1785759572&all_sr_blocks=1605682301_431487257_3_0_0&highlighted_blocks=1605682301_431487257_3_0_0&matching_block_id=1605682301_431487257_3_0_0&sr_pri_blocks=1605682301_431487257_3_0_0__920000&from=searchresults,9200,,,Rawalpindi,6.0,One-Bedroom Apartment,"2 beds (1 double, 1 sofa bed)",0,1,1,https://cf.bstatic.com/xdata/images/hotel/square240/842292945.webp?k=da95e893c52431da21b9e4c9ca463dbc23e2a45f8d4a48b7488787c4c452efd6&o=,4,Rawalpindi
River Hills Bheria town phase7,https://www.booking.com/hotel/pk/river-hills-bheria-town-phase7.en-gb.html?aid=304142&label=gen173nr-10CAQoggJCDWNpdHlfLTI3NzI1ODVICVgEaLUBiAEBmAEzuAEHyAEM2AED6AEB-AEBiAIBqAIBuAKujsLTBsACAdICJDM4ZDNiYzA1LTEwOWUtNDU1NS04YmFhLTE1MzQ4MGIxZTY3OdgCAeACAQ&ucfs=1&arphpl=1&checkin=2026-08-06&checkout=2026-08-07&dest_id=-2772585&dest_type=city&group_adults=2&req_adults=2&no_rooms=1&group_children=0&req_children=0&hpos=12&hapos=285&sr_order=popularity&srpvid=a6ce56975cc70174&srepoch=1785759572&all_sr_blocks=1488900302_420543911_2_0_0&highlighted_blocks=1488900302_420543911_2_0_0&matching_block_id=1488900302_420543911_2_0_0&sr_pri_blocks=1488900302_420543911_2_0_0__850000&from=searchresults,8500,,,Rawalpindi,9.3,One-Bedroom Apartment,"3 beds (1 sofa bed, 1 large double, 1 futon)",0,1,1,https://cf.bstatic.com/xdata/images/hotel/square240/742078956.webp?k=ba044bacbcc03ac351777e2cec0573170727564a18467bbbf0a52d68d6cd314a&o=,4,Rawalpindi
Home,https://www.booking.com/hotel/pk/home-mahnder.en-gb.html?aid=304142&label=gen173nr-10CAQoggJCDWNpdHlfLTI3NzI1ODVICVgEaLUBiAEBmAEzuAEHyAEM2AED6AEB-AEBiAIBqAIBuAKujsLTBsACAdICJDM4ZDNiYzA1LTEwOWUtNDU1NS04YmFhLTE1MzQ4MGIxZTY3OdgCAeACAQ&ucfs=1&arphpl=1&checkin=2026-08-06&checkout=2026-08-07&dest_id=-2772585&dest_type=city&group_adults=2&req_adults=2&no_rooms=1&group_children=0&req_children=0&hpos=13&hapos=286&sr_order=popularity&srpvid=a6ce56975cc70174&srepoch=1785759572&all_sr_blocks=1387488501_410754665_2_0_0&highlighted_blocks=1387488501_410754665_2_0_0&matching_block_id=1387488501_410754665_2_0_0&sr_pri_blocks=1387488501_410754665_2_0_0__24000000&from=searchresults,240000,,,Rawalpindi,3.4,One-Bedroom Apartment,"4 beds (2 singles, 2 doubles)",0,1,1,https://cf.bstatic.com/xdata/images/hotel/square240/666631299.webp?k=b3cc1ffcdd9ceb3a8985c3b366a507779105570d12e7501dbc76360ff5c3c665&o=,4,Rawalpindi
Dastak,https://www.booking.com/hotel/pk/dastak-rawalpindi.en-gb.html?aid=304142&label=gen173nr-10CAQoggJCDWNpdHlfLTI3NzI1ODVICVgEaLUBiAEBmAEzuAEHyAEM2AED6AEB-AEBiAIBqAIBuAKujsLTBsACAdICJDM4ZDNiYzA1LTEwOWUtNDU1NS04YmFhLTE1MzQ4MGIxZTY3OdgCAeACAQ&ucfs=1&arphpl=1&checkin=2026-08-06&checkout=2026-08-07&dest_id=-2772585&dest_type=city&group_adults=2&req_adults=2&no_rooms=1&group_children=0&req_children=0&hpos=14&hapos=287&sr_order=popularity&srpvid=a6ce56975cc70174&srepoch=1785759572&all_sr_blocks=1653630001_437318388_3_0_0&highlighted_blocks=1653630001_437318388_3_0_0&matching_block_id=1653630001_437318388_3_0_0&sr_pri_blocks=1653630001_437318388_3_0_0__1600000&from=searchresults,16000,,,Rawalpindi,6.8,Two-Bedroom Villa,2 double beds,0,1,1,https://cf.bstatic.com/xdata/images/hotel/square240/874054349.webp?k=0357bebe9a52df4da4b285dc1a89ac13d24fec4abd560930d298e825a5f37ae5&o=,5,Rawalpindi
Luxury Apartments,https://www.booking.com/hotel/pk/luxury-apartments-rawalpindi4.en-gb.html?aid=304142&label=gen173nr-10CAQoggJCDWNpdHlfLTI3NzI1ODVICVgEaLUBiAEBmAEzuAEHyAEM2AED6AEB-AEBiAIBqAIBuAKujsLTBsACAdICJDM4ZDNiYzA1LTEwOWUtNDU1NS04YmFhLTE1MzQ4MGIxZTY3OdgCAeACAQ&ucfs=1&arphpl=1&checkin=2026-08-06&checkout=2026-08-07&dest_id=-2772585&dest_type=city&group_adults=2&req_adults=2&no_rooms=1&group_children=0&req_children=0&hpos=15&hapos=288&sr_order=popularity&srpvid=a6ce56975cc70174&srepoch=1785759572&all_sr_blocks=1392007301_411165103_2_0_0&highlighted_blocks=1392007301_411165103_2_0_0&matching_block_id=1392007301_411165103_2_0_0&sr_pri_blocks=1392007301_411165103_2_0_0__1174500&from=searchresults,11745,1.0,1.0,Rawalpindi,7.7,One-Bedroom Apartment,"2 beds (1 double, 1 sofa bed)",0,1,1,https://cf.bstatic.com/xdata/images/hotel/square240/669522597.webp?k=93a79e3aafe420133a32d2f7fd242286efe12283024f751b53b084bb2dde78fd&o=,4,Rawalpindi
The Aurora - Home Away from Home,https://www.booking.com/hotel/pk/the-aurora-home-away-from-home.en-gb.html?aid=304142&label=gen173nr-10CAQoggJCDWNpdHlfLTI3NzI1ODVICVgEaLUBiAEBmAEzuAEHyAEM2AED6AEB-AEBiAIBqAIBuAKujsLTBsACAdICJDM4ZDNiYzA1LTEwOWUtNDU1NS04YmFhLTE1MzQ4MGIxZTY3OdgCAeACAQ&ucfs=1&arphpl=1&checkin=2026-08-06&checkout=2026-08-07&dest_id=-2772585&dest_type=city&group_adults=2&req_adults=2&no_rooms=1&group_children=0&req_children=0&hpos=16&hapos=289&sr_order=popularity&srpvid=a6ce56975cc70174&srepoch=1785759572&all_sr_blocks=1401764201_412012381_2_0_0&highlighted_blocks=1401764201_412012381_2_0_0&matching_block_id=1401764201_412012381_2_0_0&sr_pri_blocks=1401764201_412012381_2_0_0__1750000&from=searchresults,17500,,,Rawalpindi,9.4,One-Bedroom Apartment,,0,1,1,https://cf.bstatic.com/xdata/images/hotel/square240/675267089.webp?k=a79f9ef10614bb8eb48b4c7860aefb6cde8727ea48d62ac4f81a72e48a87e91c&o=,4,Rawalpindi
Cozy 1 BHK Apt I Safari Villas I,https://www.booking.com/hotel/pk/cozy-1-bhk-apt-i-safari-villas-i-rawalpindi.en-gb.html?aid=304142&label=gen173nr-10CAQoggJCDWNpdHlfLTI3NzI1ODVICVgEaLUBiAEBmAEzuAEHyAEM2AED6AEB-AEBiAIBqAIBuAKujsLTBsACAdICJDM4ZDNiYzA1LTEwOWUtNDU1NS04YmFhLTE1MzQ4MGIxZTY3OdgCAeACAQ&ucfs=1&arphpl=1&checkin=2026-08-06&checkout=2026-08-07&dest_id=-2772585&dest_type=city&group_adults=2&req_adults=2&no_rooms=1&group_children=0&req_children=0&hpos=17&hapos=290&sr_order=popularity&srpvid=a6ce56975cc70174&srepoch=1785759572&all_sr_blocks=1498052001_421553541_0_0_0&highlighted_blocks=1498052001_421553541_0_0_0&matching_block_id=1498052001_421553541_0_0_0&sr_pri_blocks=1498052001_421553541_0_0_0__670000&from=searchresults,6700,,,Rawalpindi,4.9,One-Bedroom Apartment,1 large double bed,0,1,1,https://cf.bstatic.com/xdata/images/hotel/square240/751993040.webp?k=2a542ab01dc3af04b035cfcc4a1520382db9894c1ccf76777623d3fc5d5c97ea&o=,4,Rawalpindi
The Ruby Residence,https://www.booking.com/hotel/pk/the-ruby-residence.en-gb.html?aid=304142&label=gen173nr-10CAQoggJCDWNpdHlfLTI3NzI1ODVICVgEaLUBiAEBmAEzuAEHyAEM2AED6AEB-AEBiAIBqAIBuAKujsLTBsACAdICJDM4ZDNiYzA1LTEwOWUtNDU1NS04YmFhLTE1MzQ4MGIxZTY3OdgCAeACAQ&ucfs=1&arphpl=1&checkin=2026-08-06&checkout=2026-08-07&dest_id=-2772585&dest_type=city&group_adults=2&req_adults=2&no_rooms=1&group_children=0&req_children=0&hpos=18&hapos=291&sr_order=popularity&srpvid=a6ce56975cc70174&srepoch=1785759572&all_sr_blocks=1275660901_400431755_2_0_0&highlighted_blocks=1275660901_400431755_2_0_0&matching_block_id=1275660901_400431755_2_0_0&sr_pri_blocks=1275660901_400431755_2_0_0__810000&from=searchresults,8100,,,Rawalpindi,9.3,One-Bedroom Apartment,"2 beds (1 extra-large double, 1 sofa bed)",0,1,1,https://cf.bstatic.com/xdata/images/hotel/square240/777741950.webp?k=ab4ebf5585efdcbe37f3adb8a2bcbc91075c49bac4218ee293ce74bd8b90fde7&o=,10,Rawalpindi
Nova Residency,https://www.booking.com/hotel/pk/nova-residency-rawalpindi.en-gb.html?aid=304142&label=gen173nr-10CAQoggJCDWNpdHlfLTI3NzI1ODVICVgEaLUBiAEBmAEzuAEHyAEM2AED6AEB-AEBiAIBqAIBuAKujsLTBsACAdICJDM4ZDNiYzA1LTEwOWUtNDU1NS04YmFhLTE1MzQ4MGIxZTY3OdgCAeACAQ&ucfs=1&arphpl=1&checkin=2026-08-06&checkout=2026-08-07&dest_id=-2772585&dest_type=city&group_adults=2&req_adults=2&no_rooms=1&group_children=0&req_children=0&hpos=19&hapos=292&sr_order=popularity&srpvid=a6ce56975cc70174&srepoch=1785759572&all_sr_blocks=1589934901_430091398_2_0_0&highlighted_blocks=1589934901_430091398_2_0_0&matching_block_id=1589934901_430091398_2_0_0&sr_pri_blocks=1589934901_430091398_2_0_0__1500000&from=searchresults,15000,10,1.0,Rawalpindi,6.0,Double Room,1 double bed,0,1,1,https://cf.bstatic.com/xdata/images/hotel/square240/829681746.webp?k=875d6b271415c2fb6c7f375ee53482c1948378fbf50bb81747f5ed0bb9eeb748&o=,12,Rawalpindi
Luxestays,https://www.booking.com/hotel/pk/bnbbyrayyan-rawalpindi.en-gb.html?aid=304142&label=gen173nr-10CAQoggJCDWNpdHlfLTI3NzI1ODVICVgEaLUBiAEBmAEzuAEHyAEM2AED6AEB-AEBiAIBqAIBuAKujsLTBsACAdICJDM4ZDNiYzA1LTEwOWUtNDU1NS04YmFhLTE1MzQ4MGIxZTY3OdgCAeACAQ&ucfs=1&arphpl=1&checkin=2026-08-06&checkout=2026-08-07&dest_id=-2772585&dest_type=city&group_adults=2&req_adults=2&no_rooms=1&group_children=0&req_children=0&hpos=20&hapos=293&sr_order=popularity&srpvid=a6ce56975cc70174&srepoch=1785759572&all_sr_blocks=1276458103_400541438_0_0_0&highlighted_blocks=1276458103_400541438_0_0_0&matching_block_id=1276458103_400541438_0_0_0&sr_pri_blocks=1276458103_400541438_0_0_0__605000&from=searchresults,6050,4.4,5.0,Rawalpindi,8.8,Deluxe Double or Twin Room,1 large double bed,0,1,1,https://cf.bstatic.com/xdata/images/hotel/square240/595186705.webp?k=bc5f13c582c4ecd96de4f564c24e105fb7a7795777f57c101ae544b639eb109b&o=,4,Rawalpindi
Amberwood Haven 1BHK Apartment with Balcony & City Views,https://www.booking.com/hotel/pk/amberwood-haven-1bhk-apartment-with-balcony-amp-city-views.en-gb.html?aid=304142&label=gen173nr-10CAQoggJCDWNpdHlfLTI3NzI1ODVICVgEaLUBiAEBmAEzuAEHyAEM2AED6AEB-AEBiAIBqAIBuAKujsLTBsACAdICJDM4ZDNiYzA1LTEwOWUtNDU1NS04YmFhLTE1MzQ4MGIxZTY3OdgCAeACAQ&ucfs=1&arphpl=1&checkin=2026-08-06&checkout=2026-08-07&dest_id=-2772585&dest_type=city&group_adults=2&req_adults=2&no_rooms=1&group_children=0&req_children=0&hpos=21&hapos=294&sr_order=popularity&srpvid=a6ce56975cc70174&srepoch=1785759572&all_sr_blocks=1573892601_429236291_3_0_0&highlighted_blocks=1573892601_429236291_3_0_0&matching_block_id=1573892601_429236291_3_0_0&sr_pri_blocks=1573892601_429236291_3_0_0__850000&from=searchresults,8500,,,Rawalpindi,9.4,One-Bedroom Apartment,"2 beds (1 double, 1 sofa bed)",0,1,1,https://cf.bstatic.com/xdata/images/hotel/square240/816600728.webp?k=8e3848f6bdb0494de00be9fa104fc3fd550686bdbd37e4ba971273b0407d6768&o=,5,Rawalpindi
Luxurious 3BHK with Panoramic City Views,https://www.booking.com/hotel/pk/luxurious-3bhk-with-panoramic-city-views.en-gb.html?aid=304142&label=gen173nr-10CAQoggJCDWNpdHlfLTI3NzI1ODVICVgEaLUBiAEBmAEzuAEHyAEM2AED6AEB-AEBiAIBqAIBuAKujsLTBsACAdICJDM4ZDNiYzA1LTEwOWUtNDU1NS04YmFhLTE1MzQ4MGIxZTY3OdgCAeACAQ&ucfs=1&arphpl=1&checkin=2026-08-06&checkout=2026-08-07&dest_id=-2772585&dest_type=city&group_adults=2&req_adults=2&no_rooms=1&group_children=0&req_children=0&hpos=22&hapos=295&sr_order=popularity&srpvid=a6ce56975cc70174&srepoch=1785759572&all_sr_blocks=1354415501_407771348_2_0_0&highlighted_blocks=1354415501_407771348_2_0_0&matching_block_id=1354415501_407771348_2_0_0&sr_pri_blocks=1354415501_407771348_2_0_0__1125000&from=searchresults,11250,,,Rawalpindi,5.5,Three-Bedroom Apartment,1 extra-large double bed,0,1,1,https://cf.bstatic.com/xdata/images/hotel/square240/644172332.webp?k=1f20be256467a7851b096e12095472c3eb4caf6b661097be3bb9ca86dd8aae31&o=,4,Rawalpindi
Anayah Fam Rental,https://www.booking.com/hotel/pk/anayah-fam-rental.en-gb.html?aid=304142&label=gen173nr-10CAQoggJCDWNpdHlfLTI3NzI1ODVICVgEaLUBiAEBmAEzuAEHyAEM2AED6AEB-AEBiAIBqAIBuAKujsLTBsACAdICJDM4ZDNiYzA1LTEwOWUtNDU1NS04YmFhLTE1MzQ4MGIxZTY3OdgCAeACAQ&ucfs=1&arphpl=1&checkin=2026-08-06&checkout=2026-08-07&dest_id=-2772585&dest_type=city&group_adults=2&req_adults=2&no_rooms=1&group_children=0&req_children=0&hpos=23&hapos=296&sr_order=popularity&srpvid=a6ce56975cc70174&srepoch=1785759572&all_sr_blocks=1481898501_419685288_3_0_0&highlighted_blocks=1481898501_419685288_3_0_0&matching_block_id=1481898501_419685288_3_0_0&sr_pri_blocks=1481898501_419685288_3_0_0__1700000&from=searchresults,17000,,,Rawalpindi,7.3,One-Bedroom Apartment,1 double bed,0,1,1,https://cf.bstatic.com/xdata/images/hotel/square240/736528070.webp?k=cc0c516473dec3c4046a1471e43367fd4ce605f641b70b38582671ca3d89ec22&o=,4,Rawalpindi
Cozy 2 BHK in heart of Bahria - Family Getaway,https://www.booking.com/hotel/pk/cozy-2-bhk-in-heart-of-bahria-family-getaway.en-gb.html?aid=304142&label=gen173nr-10CAQoggJCDWNpdHlfLTI3NzI1ODVICVgEaLUBiAEBmAEzuAEHyAEM2AED6AEB-AEBiAIBqAIBuAKujsLTBsACAdICJDM4ZDNiYzA1LTEwOWUtNDU1NS04YmFhLTE1MzQ4MGIxZTY3OdgCAeACAQ&ucfs=1&arphpl=1&checkin=2026-08-06&checkout=2026-08-07&dest_id=-2772585&dest_type=city&group_adults=2&req_adults=2&no_rooms=1&group_children=0&req_children=0&hpos=24&hapos=297&sr_order=popularity&srpvid=a6ce56975cc70174&srepoch=1785759572&all_sr_blocks=1549873401_426203291_5_0_0&highlighted_blocks=1549873401_426203291_5_0_0&matching_block_id=1549873401_426203291_5_0_0&sr_pri_blocks=1549873401_426203291_5_0_0__1000000&from=searchresults,10000,,,Rawalpindi,9.6,One-Bedroom Apartment,"3 beds (1 double, 1 sofa bed, 1 large double)",0,1,1,https://cf.bstatic.com/xdata/images/hotel/square240/795655381.webp?k=fea862c70a53127556b3a9679d96e9b908d84e494b4fd65c688d8b3437f17550&o=,4,Rawalpindi
Stayloom 1bhk Suite,https://www.booking.com/hotel/pk/stayloom-1bhk-suite.en-gb.html?aid=304142&label=gen173nr-10CAQoggJCDWNpdHlfLTI3NzI1ODVICVgEaLUBiAEBmAEzuAEHyAEM2AED6AEB-AEBiAIBqAIBuAKujsLTBsACAdICJDM4ZDNiYzA1LTEwOWUtNDU1NS04YmFhLTE1MzQ4MGIxZTY3OdgCAeACAQ&ucfs=1&arphpl=1&checkin=2026-08-06&checkout=2026-08-07&dest_id=-2772585&dest_type=city&group_adults=2&req_adults=2&no_rooms=1&group_children=0&req_children=0&hpos=25&hapos=298&sr_order=popularity&srpvid=a6ce56975cc70174&srepoch=1785759572&all_sr_blocks=1618848601_432711658_2_0_0&highlighted_blocks=1618848601_432711658_2_0_0&matching_block_id=1618848601_432711658_2_0_0&sr_pri_blocks=1618848601_432711658_2_0_0__1800000&from=searchresults,18000,,,Rawalpindi,7.7,One-Bedroom Apartment,1 extra-large double bed,0,1,1,https://cf.bstatic.com/xdata/images/hotel/square240/854098223.webp?k=9a207b2a52e6646feaef7b1973d108355f23ffe503da64cbbd59e47cbb6265d3&o=,4,Rawalpindi
Elegant & Charming One Bed Apartment In Bahria Town,https://www.booking.com/hotel/pk/elegant-amp-charming-one-bed-apartment-in-bahria-town.en-gb.html?aid=304142&label=gen173nr-10CAQoggJCDWNpdHlfLTI3NzI1ODVICVgEaLUBiAEBmAEzuAEHyAEM2AED6AEB-AEBiAIBqAIBuAKujsLTBsACAdICJDM4ZDNiYzA1LTEwOWUtNDU1NS04YmFhLTE1MzQ4MGIxZTY3OdgCAeACAQ&ucfs=1&arphpl=1&checkin=2026-08-06&checkout=2026-08-07&dest_id=-2772585&dest_type=city&group_adults=2&req_adults=2&no_rooms=1&group_children=0&req_children=0&hpos=1&hapos=299&sr_order=popularity&srpvid=a6ce56975cc70174&srepoch=1785759575&all_sr_blocks=708109101_295647360_2_2_0&highlighted_blocks=708109101_295647360_2_2_0&matching_block_id=708109101_295647360_2_2_0&sr_pri_blocks=708109101_295647360_2_2_0__1250000&from=searchresults,12500,8.5,17.0,Rawalpindi,5.9,One-Bedroom Apartment,1 large double bed,0,1,1,https://cf.bstatic.com/xdata/images/hotel/square240/285902279.webp?k=9394dfbfc1b93d7c64f6acfea83514b33f79ee750de6a9e5250274329cf4edd1&o=,13,Rawalpindi
Hotel Sky Inn,https://www.booking.com/hotel/pk/sky-inn-rawalpindi.en-gb.html?aid=304142&label=gen173nr-10CAQoggJCDWNpdHlfLTI3NzI1ODVICVgEaLUBiAEBmAEzuAEHyAEM2AED6AEB-AEBiAIBqAIBuAKujsLTBsACAdICJDM4ZDNiYzA1LTEwOWUtNDU1NS04YmFhLTE1MzQ4MGIxZTY3OdgCAeACAQ&ucfs=1&arphpl=1&checkin=2026-08-06&checkout=2026-08-07&dest_id=-2772585&dest_type=city&group_adults=2&req_adults=2&no_rooms=1&group_children=0&req_children=0&hpos=2&hapos=300&sr_order=popularity&srpvid=a6ce56975cc70174&srepoch=1785759575&all_sr_blocks=986392001_401873184_2_2_0&highlighted_blocks=986392001_401873184_2_2_0&matching_block_id=986392001_401873184_2_2_0&sr_pri_blocks=986392001_401873184_2_2_0__1099900&from=searchresults,10999,,,Rawalpindi,1.2,Deluxe Room,1 double bed,0,0,0,https://cf.bstatic.com/xdata/images/hotel/square240/445622831.webp?k=f3097c49c0f25b7419dc6231180fad4985429eea2bbf8d076ffc619d352d85b7&o=,2,Rawalpindi
Luxury independent portion for amazing price,https://www.booking.com/hotel/pk/luxury-independent-portion-for-amazing-price.en-gb.html?aid=304142&label=gen173nr-10CAQoggJCDWNpdHlfLTI3NzI1ODVICVgEaLUBiAEBmAEzuAEHyAEM2AED6AEB-AEBiAIBqAIBuAKujsLTBsACAdICJDM4ZDNiYzA1LTEwOWUtNDU1NS04YmFhLTE1MzQ4MGIxZTY3OdgCAeACAQ&ucfs=1&arphpl=1&checkin=2026-08-06&checkout=2026-08-07&dest_id=-2772585&dest_type=city&group_adults=2&req_adults=2&no_rooms=1&group_children=0&req_children=0&hpos=3&hapos=301&sr_order=popularity&srpvid=a6ce56975cc70174&srepoch=1785759575&all_sr_blocks=1490511201_420715634_10_0_0&highlighted_blocks=1490511201_420715634_10_0_0&matching_block_id=1490511201_420715634_10_0_0&sr_pri_blocks=1490511201_420715634_10_0_0__1200000&from=searchresults,12000,,,Rawalpindi,6.5,Four-Bedroom House,"5 beds (3 doubles, 2 large doubles)",0,1,1,https://cf.bstatic.com/xdata/images/hotel/square240/743949087.webp?k=a3adea3fc5dc367ab45ce1b407f39ac9ba6bfad34be2bd9c659dc04383378422&o=,4,Rawalpindi
NoorNest Residences Bahria Heights,https://www.booking.com/hotel/pk/noornest-residences-bahria-heights.en-gb.html?aid=304142&label=gen173nr-10CAQoggJCDWNpdHlfLTI3NzI1ODVICVgEaLUBiAEBmAEzuAEHyAEM2AED6AEB-AEBiAIBqAIBuAKujsLTBsACAdICJDM4ZDNiYzA1LTEwOWUtNDU1NS04YmFhLTE1MzQ4MGIxZTY3OdgCAeACAQ&ucfs=1&arphpl=1&checkin=2026-08-06&checkout=2026-08-07&dest_id=-2772585&dest_type=city&group_adults=2&req_adults=2&no_rooms=1&group_children=0&req_children=0&hpos=4&hapos=302&sr_order=popularity&srpvid=a6ce56975cc70174&srepoch=1785759575&all_sr_blocks=1619432301_433124864_2_0_0&highlighted_blocks=1619432301_433124864_2_0_0&matching_block_id=1619432301_433124864_2_0_0&sr_pri_blocks=1619432301_433124864_2_0_0__663000&from=searchresults,6630,1.0,1.0,Rawalpindi,6.0,One-Bedroom Apartment,"2 beds (1 double, 1 sofa bed)",0,1,1,https://cf.bstatic.com/xdata/images/hotel/square240/860946962.webp?k=ad7b9a526b74d9c9b939202a99e1c69428001ac000ab55a007ecc84f0f8b600e&o=,5,Rawalpindi
Comfy Stays Bharia heights 1 Rawalpindi,https://www.booking.com/hotel/pk/bharia-heights-phase-1-islamabad.en-gb.html?aid=304142&label=gen173nr-10CAQoggJCDWNpdHlfLTI3NzI1ODVICVgEaLUBiAEBmAEzuAEHyAEM2AED6AEB-AEBiAIBqAIBuAKujsLTBsACAdICJDM4ZDNiYzA1LTEwOWUtNDU1NS04YmFhLTE1MzQ4MGIxZTY3OdgCAeACAQ&ucfs=1&arphpl=1&checkin=2026-08-06&checkout=2026-08-07&dest_id=-2772585&dest_type=city&group_adults=2&req_adults=2&no_rooms=1&group_children=0&req_children=0&hpos=5&hapos=303&sr_order=popularity&srpvid=a6ce56975cc70174&srepoch=1785759575&all_sr_blocks=1368306901_409068306_2_0_0&highlighted_blocks=1368306901_409068306_2_0_0&matching_block_id=1368306901_409068306_2_0_0&sr_pri_blocks=1368306901_409068306_2_0_0__1200000&from=searchresults,12000,,,Rawalpindi,6.0,One-Bedroom Apartment,"2 beds (1 double, 1 sofa bed)",0,1,1,https://cf.bstatic.com/xdata/images/hotel/square240/652151927.webp?k=49bb9706cb272679c3c92599fe7f8c207ed83ad3079a672a2accad97c1e697ce&o=,4,Rawalpindi
Perfect 1 BHK,https://www.booking.com/hotel/pk/perfect-1-bhk-rawalpindi2.en-gb.html?aid=304142&label=gen173nr-10CAQoggJCDWNpdHlfLTI3NzI1ODVICVgEaLUBiAEBmAEzuAEHyAEM2AED6AEB-AEBiAIBqAIBuAKujsLTBsACAdICJDM4ZDNiYzA1LTEwOWUtNDU1NS04YmFhLTE1MzQ4MGIxZTY3OdgCAeACAQ&ucfs=1&arphpl=1&checkin=2026-08-06&checkout=2026-08-07&dest_id=-2772585&dest_type=city&group_adults=2&req_adults=2&no_rooms=1&group_children=0&req_children=0&hpos=6&hapos=304&sr_order=popularity&srpvid=a6ce56975cc70174&srepoch=1785759575&all_sr_blocks=1508887401_422649336_3_0_0&highlighted_blocks=1508887401_422649336_3_0_0&matching_block_id=1508887401_422649336_3_0_0&sr_pri_blocks=1508887401_422649336_3_0_0__900000&from=searchresults,9000,,,Rawalpindi,11.3,One-Bedroom Apartment,"2 beds (1 double, 1 sofa bed)",0,1,1,https://cf.bstatic.com/xdata/images/hotel/square240/762185474.webp?k=7365d66c5c4e482325bf207a1846c28649453fe5330988afaaaa2e6984b18517&o=,4,Rawalpindi
Maison Veyra,https://www.booking.com/hotel/pk/maison-veyra.en-gb.html?aid=304142&label=gen173nr-10CAQoggJCDWNpdHlfLTI3NzI1ODVICVgEaLUBiAEBmAEzuAEHyAEM2AED6AEB-AEBiAIBqAIBuAKujsLTBsACAdICJDM4ZDNiYzA1LTEwOWUtNDU1NS04YmFhLTE1MzQ4MGIxZTY3OdgCAeACAQ&ucfs=1&arphpl=1&checkin=2026-08-06&checkout=2026-08-07&dest_id=-2772585&dest_type=city&group_adults=2&req_adults=2&no_rooms=1&group_children=0&req_children=0&hpos=7&hapos=305&sr_order=popularity&srpvid=a6ce56975cc70174&srepoch=1785759575&all_sr_blocks=1611091201_432021857_4_0_0&highlighted_blocks=1611091201_432021857_4_0_0&matching_block_id=1611091201_432021857_4_0_0&sr_pri_blocks=1611091201_432021857_4_0_0__1149900&from=searchresults,11499,,,Rawalpindi,6.0,One-Bedroom Apartment,1 double bed,0,1,1,https://cf.bstatic.com/xdata/images/hotel/square240/846898197.webp?k=c77c7469b8a2bc91c46068c19625989eb0ec09b4cc355d39967ed73d6a3334f9&o=,4,Rawalpindi
Deluxe suite in bahria heights 1 rawalpindi,https://www.booking.com/hotel/pk/deluxe-suite-in-bahria-heights-1-rawalpindi.en-gb.html?aid=304142&label=gen173nr-10CAQoggJCDWNpdHlfLTI3NzI1ODVICVgEaLUBiAEBmAEzuAEHyAEM2AED6AEB-AEBiAIBqAIBuAKujsLTBsACAdICJDM4ZDNiYzA1LTEwOWUtNDU1NS04YmFhLTE1MzQ4MGIxZTY3OdgCAeACAQ&ucfs=1&arphpl=1&checkin=2026-08-06&checkout=2026-08-07&dest_id=-2772585&dest_type=city&group_adults=2&req_adults=2&no_rooms=1&group_children=0&req_children=0&hpos=8&hapos=306&sr_order=popularity&srpvid=a6ce56975cc70174&srepoch=1785759575&all_sr_blocks=1379297701_410052157_2_0_0&highlighted_blocks=1379297701_410052157_2_0_0&matching_block_id=1379297701_410052157_2_0_0&sr_pri_blocks=1379297701_410052157_2_0_0__800000&from=searchresults,8000,9.0,1.0,Rawalpindi,6.0,One-Bedroom Apartment,"2 beds (1 double, 1 sofa bed)",0,1,1,https://cf.bstatic.com/xdata/images/hotel/square240/659884380.webp?k=dbffddf24562cd1143895d19181a4434f44be2cc2cf0273e8b2733d80017c95d&o=,4,Rawalpindi
Luxury Rooms Bahria Town,https://www.booking.com/hotel/pk/luxury-romms-bahria-town.en-gb.html?aid=304142&label=gen173nr-10CAQoggJCDWNpdHlfLTI3NzI1ODVICVgEaLUBiAEBmAEzuAEHyAEM2AED6AEB-AEBiAIBqAIBuAKujsLTBsACAdICJDM4ZDNiYzA1LTEwOWUtNDU1NS04YmFhLTE1MzQ4MGIxZTY3OdgCAeACAQ&ucfs=1&arphpl=1&checkin=2026-08-06&checkout=2026-08-07&dest_id=-2772585&dest_type=city&group_adults=2&req_adults=2&no_rooms=1&group_children=0&req_children=0&hpos=9&hapos=307&sr_order=popularity&srpvid=a6ce56975cc70174&srepoch=1785759575&all_sr_blocks=1630322501_433592682_2_0_0&highlighted_blocks=1630322501_433592682_2_0_0&matching_block_id=1630322501_433592682_2_0_0&sr_pri_blocks=1630322501_433592682_2_0_0__1836000&from=searchresults,18360,,,Rawalpindi,13.1,Double Room with Private Bathroom,1 extra-large double bed,0,0,1,https://cf.bstatic.com/xdata/images/hotel/square240/861761069.webp?k=159d235889182f70a997a918fc9cedc4d962aad769ab0185a449eb025daa301f&o=,4,Rawalpindi
SkyNest Apartments,https://www.booking.com/hotel/pk/skynest-apartments.en-gb.html?aid=304142&label=gen173nr-10CAQoggJCDWNpdHlfLTI3NzI1ODVICVgEaLUBiAEBmAEzuAEHyAEM2AED6AEB-AEBiAIBqAIBuAKujsLTBsACAdICJDM4ZDNiYzA1LTEwOWUtNDU1NS04YmFhLTE1MzQ4MGIxZTY3OdgCAeACAQ&ucfs=1&arphpl=1&checkin=2026-08-06&checkout=2026-08-07&dest_id=-2772585&dest_type=city&group_adults=2&req_adults=2&no_rooms=1&group_children=0&req_children=0&hpos=10&hapos=308&sr_order=popularity&srpvid=a6ce56975cc70174&srepoch=1785759575&all_sr_blocks=1692333002_440890378_2_0_0&highlighted_blocks=1692333002_440890378_2_0_0&matching_block_id=1692333002_440890378_2_0_0&sr_pri_blocks=1692333002_440890378_2_0_0__408000&from=searchresults,4080,,,Rawalpindi,4.9,One-Bedroom Apartment,1 large double bed,0,1,1,https://cf.bstatic.com/xdata/images/hotel/square240/897687273.webp?k=f92d9e29556e55ac99259195e6dacc1ff35aaf82536ed1abde934bcc6cc7d4d9&o=,5,Rawalpindi
Qinwan Hotel & Suites,https://www.booking.com/hotel/pk/qinwan-amp-suites.en-gb.html?aid=304142&label=gen173nr-10CAQoggJCDWNpdHlfLTI3NzI1ODVICVgEaLUBiAEBmAEzuAEHyAEM2AED6AEB-AEBiAIBqAIBuAKujsLTBsACAdICJDM4ZDNiYzA1LTEwOWUtNDU1NS04YmFhLTE1MzQ4MGIxZTY3OdgCAeACAQ&ucfs=1&arphpl=1&checkin=2026-08-06&checkout=2026-08-07&dest_id=-2772585&dest_type=city&group_adults=2&req_adults=2&no_rooms=1&group_children=0&req_children=0&hpos=11&hapos=309&sr_order=popularity&srpvid=a6ce56975cc70174&srepoch=1785759575&all_sr_blocks=1513648702_423156977_3_1_0&highlighted_blocks=1513648702_423156977_3_1_0&matching_block_id=1513648702_423156977_3_1_0&sr_pri_blocks=1513648702_423156977_3_1_0__1200000&from=searchresults,12000,,,Rawalpindi,12.7,Superior Family Room,1 large double bed,1,1,1,https://cf.bstatic.com/xdata/images/hotel/square240/766076405.webp?k=5fbc6dc97dc4e25ab052368308ffa9204e2284439de09e6a522dc2fbe8677ba5&o=,10,Rawalpindi
Luxury 2 bed apartment,https://www.booking.com/hotel/pk/luxury-2-bed-apartment-rawalpindi.en-gb.html?aid=304142&label=gen173nr-10CAQoggJCDWNpdHlfLTI3NzI1ODVICVgEaLUBiAEBmAEzuAEHyAEM2AED6AEB-AEBiAIBqAIBuAKujsLTBsACAdICJDM4ZDNiYzA1LTEwOWUtNDU1NS04YmFhLTE1MzQ4MGIxZTY3OdgCAeACAQ&ucfs=1&arphpl=1&checkin=2026-08-06&checkout=2026-08-07&dest_id=-2772585&dest_type=city&group_adults=2&req_adults=2&no_rooms=1&group_children=0&req_children=0&hpos=12&hapos=310&sr_order=popularity&srpvid=a6ce56975cc70174&srepoch=1785759575&all_sr_blocks=1355054701_407827186_2_0_0&highlighted_blocks=1355054701_407827186_2_0_0&matching_block_id=1355054701_407827186_2_0_0&sr_pri_blocks=1355054701_407827186_2_0_0__1232500&from=searchresults,12325,,,Rawalpindi,11.2,Two-Bedroom Apartment,"3 beds (2 doubles, 1 sofa bed)",0,1,1,https://cf.bstatic.com/xdata/images/hotel/square240/644511828.webp?k=24b2c5e694276aea885c57629d237d295c3e981435579651a817972a3eee0012&o=,4,Rawalpindi
HMH Gateway Eiffel tower View 1 bed Condo,https://www.booking.com/hotel/pk/hmh-gateway-eiffel-tower-view-1-bed-condo.en-gb.html?aid=304142&label=gen173nr-10CAQoggJCDWNpdHlfLTI3NzI1ODVICVgEaLUBiAEBmAEzuAEHyAEM2AED6AEB-AEBiAIBqAIBuAKujsLTBsACAdICJDM4ZDNiYzA1LTEwOWUtNDU1NS04YmFhLTE1MzQ4MGIxZTY3OdgCAeACAQ&ucfs=1&arphpl=1&checkin=2026-08-06&checkout=2026-08-07&dest_id=-2772585&dest_type=city&group_adults=2&req_adults=2&no_rooms=1&group_children=0&req_children=0&hpos=13&hapos=311&sr_order=popularity&srpvid=a6ce56975cc70174&srepoch=1785759575&all_sr_blocks=1309996301_403780146_2_0_0&highlighted_blocks=1309996301_403780146_2_0_0&matching_block_id=1309996301_403780146_2_0_0&sr_pri_blocks=1309996301_403780146_2_0_0__561000&from=searchresults,5610,,,Rawalpindi,9.3,One-Bedroom Apartment,1 double bed,0,0,1,https://cf.bstatic.com/xdata/images/hotel/square240/614156320.webp?k=1bfbe868ddb267ae2a9b69f3e2a34277b3fabf1ee642b4c5d59cad5b8cd36f57&o=,4,Rawalpindi
Luxury 1BR in Bahria IV Netflix Self Check-In,https://www.booking.com/hotel/pk/luxury-1br-in-bahria-iv-netflix-self-check-in.en-gb.html?aid=304142&label=gen173nr-10CAQoggJCDWNpdHlfLTI3NzI1ODVICVgEaLUBiAEBmAEzuAEHyAEM2AED6AEB-AEBiAIBqAIBuAKujsLTBsACAdICJDM4ZDNiYzA1LTEwOWUtNDU1NS04YmFhLTE1MzQ4MGIxZTY3OdgCAeACAQ&ucfs=1&arphpl=1&checkin=2026-08-06&checkout=2026-08-07&dest_id=-2772585&dest_type=city&group_adults=2&req_adults=2&no_rooms=1&group_children=0&req_children=0&hpos=14&hapos=312&sr_order=popularity&srpvid=a6ce56975cc70174&srepoch=1785759575&all_sr_blocks=1659534501_437858462_3_0_0&highlighted_blocks=1659534501_437858462_3_0_0&matching_block_id=1659534501_437858462_3_0_0&sr_pri_blocks=1659534501_437858462_3_0_0__823999&from=searchresults,8240,,,Rawalpindi,7.5,One-Bedroom Apartment,"3 beds (1 double, 1 sofa bed, 1 large double)",0,1,1,https://cf.bstatic.com/xdata/images/hotel/square240/878454396.webp?k=d8a701647bb00bbd63a58a0695c36ce7bd11ce6733e66501df56f643cb11bdba&o=,6,Rawalpindi
Silverscape Residence,https://www.booking.com/hotel/pk/silverscape-residence.en-gb.html?aid=304142&label=gen173nr-10CAQoggJCDWNpdHlfLTI3NzI1ODVICVgEaLUBiAEBmAEzuAEHyAEM2AED6AEB-AEBiAIBqAIBuAKujsLTBsACAdICJDM4ZDNiYzA1LTEwOWUtNDU1NS04YmFhLTE1MzQ4MGIxZTY3OdgCAeACAQ&ucfs=1&arphpl=1&checkin=2026-08-06&checkout=2026-08-07&dest_id=-2772585&dest_type=city&group_adults=2&req_adults=2&no_rooms=1&group_children=0&req_children=0&hpos=15&hapos=313&sr_order=popularity&srpvid=a6ce56975cc70174&srepoch=1785759575&all_sr_blocks=1463975501_417702918_4_0_0&highlighted_blocks=1463975501_417702918_4_0_0&matching_block_id=1463975501_417702918_4_0_0&sr_pri_blocks=1463975501_417702918_4_0_0__2520000&from=searchresults,25200,,,Rawalpindi,6.3,Villa,"2 beds (1 extra-large double, 1 large double)",0,1,1,https://cf.bstatic.com/xdata/images/hotel/square240/720634284.webp?k=b204e3e68d0e455c004ea541d78f1d3a00a9ff103fe041f4a7ddb23a26767c4b&o=,4,Rawalpindi
Marcopolos Home,https://www.booking.com/hotel/pk/marcopolos-home.en-gb.html?aid=304142&label=gen173nr-10CAQoggJCDWNpdHlfLTI3NzI1ODVICVgEaLUBiAEBmAEzuAEHyAEM2AED6AEB-AEBiAIBqAIBuAKujsLTBsACAdICJDM4ZDNiYzA1LTEwOWUtNDU1NS04YmFhLTE1MzQ4MGIxZTY3OdgCAeACAQ&ucfs=1&arphpl=1&checkin=2026-08-06&checkout=2026-08-07&dest_id=-2772585&dest_type=city&group_adults=2&req_adults=2&no_rooms=1&group_children=0&req_children=0&hpos=16&hapos=314&sr_order=popularity&srpvid=a6ce56975cc70174&srepoch=1785759575&all_sr_blocks=1655691901_437494104_5_0_0&highlighted_blocks=1655691901_437494104_5_0_0&matching_block_id=1655691901_437494104_5_0_0&sr_pri_blocks=1655691901_437494104_5_0_0__1440000&from=searchresults,14400,,,Rawalpindi,6.6,One-Bedroom Apartment,"5 beds (2 singles, 1 extra-large double, 2 sofa beds)",0,1,1,https://cf.bstatic.com/xdata/images/hotel/square240/875442031.webp?k=ceae542f43515c4cc98bc1853fe0584df2d05e44bad20fe2832c24885435b38e&o=,5,Rawalpindi
Royal Reside by StayMehman,https://www.booking.com/hotel/pk/royal-reside.en-gb.html?aid=304142&label=gen173nr-10CAQoggJCDWNpdHlfLTI3NzI1ODVICVgEaLUBiAEBmAEzuAEHyAEM2AED6AEB-AEBiAIBqAIBuAKujsLTBsACAdICJDM4ZDNiYzA1LTEwOWUtNDU1NS04YmFhLTE1MzQ4MGIxZTY3OdgCAeACAQ&ucfs=1&arphpl=1&checkin=2026-08-06&checkout=2026-08-07&dest_id=-2772585&dest_type=city&group_adults=2&req_adults=2&no_rooms=1&group_children=0&req_children=0&hpos=17&hapos=315&sr_order=popularity&srpvid=a6ce56975cc70174&srepoch=1785759575&all_sr_blocks=1145774001_387460297_4_0_0&highlighted_blocks=1145774001_387460297_4_0_0&matching_block_id=1145774001_387460297_4_0_0&sr_pri_blocks=1145774001_387460297_4_0_0__2970000&from=searchresults,29700,9.5,25.0,Rawalpindi,9.3,Apartment with Terrace,"4 beds (2 extra-large doubles, 2 sofa beds)",0,1,0,https://cf.bstatic.com/xdata/images/hotel/square240/601938919.webp?k=9f7f1295cf66a76f7610b8f66879dc0d165fc0f6209bb5f1362b8fe6d10ce9a9&o=,12,Rawalpindi
Luxury 2 Bedroom Home,https://www.booking.com/hotel/pk/luxury-2-bedroom-home.en-gb.html?aid=304142&label=gen173nr-10CAQoggJCDWNpdHlfLTI3NzI1ODVICVgEaLUBiAEBmAEzuAEHyAEM2AED6AEB-AEBiAIBqAIBuAKujsLTBsACAdICJDM4ZDNiYzA1LTEwOWUtNDU1NS04YmFhLTE1MzQ4MGIxZTY3OdgCAeACAQ&ucfs=1&arphpl=1&checkin=2026-08-06&checkout=2026-08-07&dest_id=-2772585&dest_type=city&group_adults=2&req_adults=2&no_rooms=1&group_children=0&req_children=0&hpos=18&hapos=316&sr_order=popularity&srpvid=a6ce56975cc70174&srepoch=1785759575&all_sr_blocks=1603371801_431286606_6_0_0&highlighted_blocks=1603371801_431286606_6_0_0&matching_block_id=1603371801_431286606_6_0_0&sr_pri_blocks=1603371801_431286606_6_0_0__1000000&from=searchresults,10000,,,Rawalpindi,13.5,Two-Bedroom Villa,"3 beds (1 sofa bed, 2 large doubles)",0,0,1,https://cf.bstatic.com/xdata/images/hotel/square240/846153400.webp?k=30038b8ebd927cf29cb11b35d9619af75693a99363a766f57562430501b3423e&o=,3,Rawalpindi
Downtown Serene - A Luxury Suite in B3 Heights with Gym,https://www.booking.com/hotel/pk/downtown-serene-a-luxury-suite-in-b3-heights-rwp.en-gb.html?aid=304142&label=gen173nr-10CAQoggJCDWNpdHlfLTI3NzI1ODVICVgEaLUBiAEBmAEzuAEHyAEM2AED6AEB-AEBiAIBqAIBuAKujsLTBsACAdICJDM4ZDNiYzA1LTEwOWUtNDU1NS04YmFhLTE1MzQ4MGIxZTY3OdgCAeACAQ&ucfs=1&arphpl=1&checkin=2026-08-06&checkout=2026-08-07&dest_id=-2772585&dest_type=city&group_adults=2&req_adults=2&no_rooms=1&group_children=0&req_children=0&hpos=19&hapos=317&sr_order=popularity&srpvid=a6ce56975cc70174&srepoch=1785759575&all_sr_blocks=1470249401_418364204_4_0_0&highlighted_blocks=1470249401_418364204_4_0_0&matching_block_id=1470249401_418364204_4_0_0&sr_pri_blocks=1470249401_418364204_4_0_0__1300000&from=searchresults,13000,,,Rawalpindi,11.4,Two-Bedroom Apartment,"3 beds (2 extra-large doubles, 1 sofa bed)",0,1,1,https://cf.bstatic.com/xdata/images/hotel/square240/726365097.webp?k=90e7e88945200dc687547e60b68850bd4e803a839c8903e156640cb8da281eea&o=,4,Rawalpindi
Bahria Heights 1,https://www.booking.com/hotel/pk/bahria-heights-1-rawalpindi13.en-gb.html?aid=304142&label=gen173nr-10CAQoggJCDWNpdHlfLTI3NzI1ODVICVgEaLUBiAEBmAEzuAEHyAEM2AED6AEB-AEBiAIBqAIBuAKujsLTBsACAdICJDM4ZDNiYzA1LTEwOWUtNDU1NS04YmFhLTE1MzQ4MGIxZTY3OdgCAeACAQ&ucfs=1&arphpl=1&checkin=2026-08-06&checkout=2026-08-07&dest_id=-2772585&dest_type=city&group_adults=2&req_adults=2&no_rooms=1&group_children=0&req_children=0&hpos=20&hapos=318&sr_order=popularity&srpvid=a6ce56975cc70174&srepoch=1785759575&all_sr_blocks=1624808101_433203693_3_0_0&highlighted_blocks=1624808101_433203693_3_0_0&matching_block_id=1624808101_433203693_3_0_0&sr_pri_blocks=1624808101_433203693_3_0_0__1000000&from=searchresults,10000,,,Rawalpindi,5.6,One-Bedroom Apartment,"2 beds (1 double, 1 sofa bed)",0,1,1,https://cf.bstatic.com/xdata/images/hotel/square240/858374759.webp?k=d924a8c6c835222f3a784de0cd1df2f6b5c88bcf214dc158ec8a780036de53a2&o=,4,Rawalpindi
Paklodge,https://www.booking.com/hotel/pk/paklodge.en-gb.html?aid=304142&label=gen173nr-10CAQoggJCDWNpdHlfLTI3NzI1ODVICVgEaLUBiAEBmAEzuAEHyAEM2AED6AEB-AEBiAIBqAIBuAKujsLTBsACAdICJDM4ZDNiYzA1LTEwOWUtNDU1NS04YmFhLTE1MzQ4MGIxZTY3OdgCAeACAQ&ucfs=1&arphpl=1&checkin=2026-08-06&checkout=2026-08-07&dest_id=-2772585&dest_type=city&group_adults=2&req_adults=2&no_rooms=1&group_children=0&req_children=0&hpos=21&hapos=319&sr_order=popularity&srpvid=a6ce56975cc70174&srepoch=1785759575&all_sr_blocks=1227842101_394808282_2_0_0&highlighted_blocks=1227842101_394808282_2_0_0&matching_block_id=1227842101_394808282_2_0_0&sr_pri_blocks=1227842101_394808282_2_0_0__850000&from=searchresults,8500,,,Rawalpindi,11.3,Two-Bedroom Apartment,"3 beds (2 singles, 1 double)",0,1,1,https://cf.bstatic.com/xdata/images/hotel/square240/569919043.webp?k=fe994547ef33375e08686e36038fe028ae80b695c26f8386115c4a3ea97ed915&o=,4,Rawalpindi
Amber Light - 1BHK Self-Checkin,https://www.booking.com/hotel/pk/amber-light-1bhk-self-checkin.en-gb.html?aid=304142&label=gen173nr-10CAQoggJCDWNpdHlfLTI3NzI1ODVICVgEaLUBiAEBmAEzuAEHyAEM2AED6AEB-AEBiAIBqAIBuAKujsLTBsACAdICJDM4ZDNiYzA1LTEwOWUtNDU1NS04YmFhLTE1MzQ4MGIxZTY3OdgCAeACAQ&ucfs=1&arphpl=1&checkin=2026-08-06&checkout=2026-08-07&dest_id=-2772585&dest_type=city&group_adults=2&req_adults=2&no_rooms=1&group_children=0&req_children=0&hpos=22&hapos=320&sr_order=popularity&srpvid=a6ce56975cc70174&srepoch=1785759575&all_sr_blocks=1597540001_430766436_2_0_0&highlighted_blocks=1597540001_430766436_2_0_0&matching_block_id=1597540001_430766436_2_0_0&sr_pri_blocks=1597540001_430766436_2_0_0__599000&from=searchresults,5990,,,Rawalpindi,11.2,One-Bedroom Apartment,"2 beds (1 double, 1 sofa bed)",0,1,1,https://cf.bstatic.com/xdata/images/hotel/square240/835827547.webp?k=e1059a10519c8f6befb4c9d39ff42429d0567f504cb289dc7aee7eb8fe42d5f7&o=,4,Rawalpindi
The Penthouse,https://www.booking.com/hotel/pk/the-penthouse-islamabad1.en-gb.html?aid=304142&label=gen173nr-10CAQoggJCDWNpdHlfLTI3NzI1ODVICVgEaLUBiAEBmAEzuAEHyAEM2AED6AEB-AEBiAIBqAIBuAKujsLTBsACAdICJDM4ZDNiYzA1LTEwOWUtNDU1NS04YmFhLTE1MzQ4MGIxZTY3OdgCAeACAQ&ucfs=1&arphpl=1&checkin=2026-08-06&checkout=2026-08-07&dest_id=-2772585&dest_type=city&group_adults=2&req_adults=2&no_rooms=1&group_children=0&req_children=0&hpos=23&hapos=321&sr_order=popularity&srpvid=a6ce56975cc70174&srepoch=1785759575&all_sr_blocks=1411917701_412932341_2_0_0&highlighted_blocks=1411917701_412932341_2_0_0&matching_block_id=1411917701_412932341_2_0_0&sr_pri_blocks=1411917701_412932341_2_0_0__1188000&from=searchresults,11880,,,Rawalpindi,9.6,Three-Bedroom Apartment,"2 beds (1 extra-large double, 1 sofa bed)",0,1,1,https://cf.bstatic.com/xdata/images/hotel/square240/681196331.webp?k=846638c8d545b055b94223a8036e635c696c82513ff95a4eda90b7478ccd521b&o=,4,Rawalpindi
Sapphire Loft by Wandernest Suite at B3 Heights with Gym,https://www.booking.com/hotel/pk/sapphire-loft-by-wandernest-suite-at-b3-heights-with-gym.en-gb.html?aid=304142&label=gen173nr-10CAQoggJCDWNpdHlfLTI3NzI1ODVICVgEaLUBiAEBmAEzuAEHyAEM2AED6AEB-AEBiAIBqAIBuAKujsLTBsACAdICJDM4ZDNiYzA1LTEwOWUtNDU1NS04YmFhLTE1MzQ4MGIxZTY3OdgCAeACAQ&ucfs=1&arphpl=1&checkin=2026-08-06&checkout=2026-08-07&dest_id=-2772585&dest_type=city&group_adults=2&req_adults=2&no_rooms=1&group_children=0&req_children=0&hpos=24&hapos=322&sr_order=popularity&srpvid=a6ce56975cc70174&srepoch=1785759575&all_sr_blocks=1464052801_417709050_2_0_0&highlighted_blocks=1464052801_417709050_2_0_0&matching_block_id=1464052801_417709050_2_0_0&sr_pri_blocks=1464052801_417709050_2_0_0__900000&from=searchresults,9000,,,Rawalpindi,11.4,One-Bedroom Apartment,1 double bed,0,1,1,https://cf.bstatic.com/xdata/images/hotel/square240/720702944.webp?k=b047a258ea18934e6e2bd6be9b99cc496cedcd2f56344607ac36d81ed1227ff6&o=,4,Rawalpindi
Luxury Retreat in Bahria Town,https://www.booking.com/hotel/pk/luxury-retreat-in-bahria-town.en-gb.html?aid=304142&label=gen173nr-10CAQoggJCDWNpdHlfLTI3NzI1ODVICVgEaLUBiAEBmAEzuAEHyAEM2AED6AEB-AEBiAIBqAIBuAKujsLTBsACAdICJDM4ZDNiYzA1LTEwOWUtNDU1NS04YmFhLTE1MzQ4MGIxZTY3OdgCAeACAQ&ucfs=1&arphpl=1&checkin=2026-08-06&checkout=2026-08-07&dest_id=-2772585&dest_type=city&group_adults=2&req_adults=2&no_rooms=1&group_children=0&req_children=0&hpos=25&hapos=323&sr_order=popularity&srpvid=a6ce56975cc70174&srepoch=1785759575&all_sr_blocks=1652824201_437252525_4_0_0&highlighted_blocks=1652824201_437252525_4_0_0&matching_block_id=1652824201_437252525_4_0_0&sr_pri_blocks=1652824201_437252525_4_0_0__1050000&from=searchresults,10500,,,Rawalpindi,11.3,Two-Bedroom Apartment,"2 beds (1 sofa bed, 1 large double)",0,1,1,https://cf.bstatic.com/xdata/images/hotel/square240/873383335.webp?k=bb47a44417c0f15bce74a4cdea34517a26db248bf3b2616e79dcbfbbbb692f4f&o=,5,Rawalpindi
Stayloom 1BHK,https://www.booking.com/hotel/pk/stayloom-1bhk.en-gb.html?aid=304142&label=gen173nr-10CAQoggJCDWNpdHlfLTI3NzI1ODVICVgEaLUBiAEBmAEzuAEHyAEM2AED6AEB-AEBiAIBqAIBuAKujsLTBsACAdICJDM4ZDNiYzA1LTEwOWUtNDU1NS04YmFhLTE1MzQ4MGIxZTY3OdgCAeACAQ&ucfs=1&arphpl=1&checkin=2026-08-06&checkout=2026-08-07&dest_id=-2772585&dest_type=city&group_adults=2&req_adults=2&no_rooms=1&group_children=0&req_children=0&hpos=1&hapos=324&sr_order=popularity&srpvid=a6ce56975cc70174&srepoch=1785759578&all_sr_blocks=1617960501_432638410_0_42_0&highlighted_blocks=1617960501_432638410_0_42_0&matching_block_id=1617960501_432638410_0_42_0&sr_pri_blocks=1617960501_432638410_0_42_0__1050000&from=searchresults,10500,,,Rawalpindi,6.0,One-Bedroom Apartment,1 double bed,0,1,1,https://cf.bstatic.com/xdata/images/hotel/square240/853944270.webp?k=b3531adad95766e3d73356d56e954951cb62314849da8d469da1ac6a621bfd10&o=,4,Rawalpindi
The Grande 1BHK Situated in Bahria Town Rawalpindi,https://www.booking.com/hotel/pk/the-grande-1bhk-situated-in-bahria-town-rawalpindi.en-gb.html?aid=304142&label=gen173nr-10CAQoggJCDWNpdHlfLTI3NzI1ODVICVgEaLUBiAEBmAEzuAEHyAEM2AED6AEB-AEBiAIBqAIBuAKujsLTBsACAdICJDM4ZDNiYzA1LTEwOWUtNDU1NS04YmFhLTE1MzQ4MGIxZTY3OdgCAeACAQ&ucfs=1&arphpl=1&checkin=2026-08-06&checkout=2026-08-07&dest_id=-2772585&dest_type=city&group_adults=2&req_adults=2&no_rooms=1&group_children=0&req_children=0&hpos=2&hapos=325&sr_order=popularity&srpvid=a6ce56975cc70174&srepoch=1785759578&all_sr_blocks=1618096601_432647637_0_0_0&highlighted_blocks=1618096601_432647637_0_0_0&matching_block_id=1618096601_432647637_0_0_0&sr_pri_blocks=1618096601_432647637_0_0_0__656000&from=searchresults,6560,,,Rawalpindi,7.9,One-Bedroom Premium Apartment,1 extra-large double bed,0,1,1,https://cf.bstatic.com/xdata/images/hotel/square240/860631142.webp?k=6d7d9819d0349d4d3c75478c38b2c9234de425bb22a5cf9417da5fd411a1c87e&o=,4,Rawalpindi
Behria town phase 8,https://www.booking.com/hotel/pk/behria-town-phase-8.en-gb.html?aid=304142&label=gen173nr-10CAQoggJCDWNpdHlfLTI3NzI1ODVICVgEaLUBiAEBmAEzuAEHyAEM2AED6AEB-AEBiAIBqAIBuAKujsLTBsACAdICJDM4ZDNiYzA1LTEwOWUtNDU1NS04YmFhLTE1MzQ4MGIxZTY3OdgCAeACAQ&ucfs=1&arphpl=1&checkin=2026-08-06&checkout=2026-08-07&dest_id=-2772585&dest_type=city&group_adults=2&req_adults=2&no_rooms=1&group_children=0&req_children=0&hpos=3&hapos=326&sr_order=popularity&srpvid=a6ce56975cc70174&srepoch=1785759578&all_sr_blocks=1677144201_439441197_8_0_0&highlighted_blocks=1677144201_439441197_8_0_0&matching_block_id=1677144201_439441197_8_0_0&sr_pri_blocks=1677144201_439441197_8_0_0__2380000&from=searchresults,23800,,,Rawalpindi,5.7,One-Bedroom House,1 double bed,0,1,1,https://cf.bstatic.com/xdata/images/hotel/square240/889210328.webp?k=90dff9b8c477a8b619ab98eda8b10eeaae98c9e3cda0117e474b689d45832ca7&o=,5,Rawalpindi
Home for stay,https://www.booking.com/hotel/pk/home-for-stay.en-gb.html?aid=304142&label=gen173nr-10CAQoggJCDWNpdHlfLTI3NzI1ODVICVgEaLUBiAEBmAEzuAEHyAEM2AED6AEB-AEBiAIBqAIBuAKujsLTBsACAdICJDM4ZDNiYzA1LTEwOWUtNDU1NS04YmFhLTE1MzQ4MGIxZTY3OdgCAeACAQ&ucfs=1&arphpl=1&checkin=2026-08-06&checkout=2026-08-07&dest_id=-2772585&dest_type=city&group_adults=2&req_adults=2&no_rooms=1&group_children=0&req_children=0&hpos=4&hapos=327&sr_order=popularity&srpvid=a6ce56975cc70174&srepoch=1785759578&all_sr_blocks=1632128101_433717949_4_0_0&highlighted_blocks=1632128101_433717949_4_0_0&matching_block_id=1632128101_433717949_4_0_0&sr_pri_blocks=1632128101_433717949_4_0_0__900000&from=searchresults,9000,,,Rawalpindi,7.5,Double Room,"2 beds (1 double, 1 extra-large double)",0,1,1,https://cf.bstatic.com/xdata/images/hotel/square240/862346719.webp?k=d20b86183ae7e2468026c7e8cd3e4f945ee90099af4031e0c867ebe8cb94961b&o=,4,Rawalpindi
2-Bedrooms Apartment,https://www.booking.com/hotel/pk/2-bedrooms-apartment.en-gb.html?aid=304142&label=gen173nr-10CAQoggJCDWNpdHlfLTI3NzI1ODVICVgEaLUBiAEBmAEzuAEHyAEM2AED6AEB-AEBiAIBqAIBuAKujsLTBsACAdICJDM4ZDNiYzA1LTEwOWUtNDU1NS04YmFhLTE1MzQ4MGIxZTY3OdgCAeACAQ&ucfs=1&arphpl=1&checkin=2026-08-06&checkout=2026-08-07&dest_id=-2772585&dest_type=city&group_adults=2&req_adults=2&no_rooms=1&group_children=0&req_children=0&hpos=5&hapos=328&sr_order=popularity&srpvid=a6ce56975cc70174&srepoch=1785759578&all_sr_blocks=1379599601_410080352_2_0_0&highlighted_blocks=1379599601_410080352_2_0_0&matching_block_id=1379599601_410080352_2_0_0&sr_pri_blocks=1379599601_410080352_2_0_0__1360000&from=searchresults,13600,,,Rawalpindi,9.3,One-Bedroom Apartment,"3 beds (2 doubles, 1 sofa bed)",0,1,1,https://cf.bstatic.com/xdata/images/hotel/square240/660110056.webp?k=1e11a1d85685b9eba02bdfe35c63311d340b0ee050d509ee1ba211de7fe7f227&o=,4,Rawalpindi
1 Bed Furnished Apartment Bahria Town Phase 8,https://www.booking.com/hotel/pk/1-bed-furnished-apartment-bahria-town-phase-8.en-gb.html?aid=304142&label=gen173nr-10CAQoggJCDWNpdHlfLTI3NzI1ODVICVgEaLUBiAEBmAEzuAEHyAEM2AED6AEB-AEBiAIBqAIBuAKujsLTBsACAdICJDM4ZDNiYzA1LTEwOWUtNDU1NS04YmFhLTE1MzQ4MGIxZTY3OdgCAeACAQ&ucfs=1&arphpl=1&checkin=2026-08-06&checkout=2026-08-07&dest_id=-2772585&dest_type=city&group_adults=2&req_adults=2&no_rooms=1&group_children=0&req_children=0&hpos=6&hapos=329&sr_order=popularity&srpvid=a6ce56975cc70174&srepoch=1785759578&all_sr_blocks=1542182101_425588220_2_0_0&highlighted_blocks=1542182101_425588220_2_0_0&matching_block_id=1542182101_425588220_2_0_0&sr_pri_blocks=1542182101_425588220_2_0_0__750000&from=searchresults,7500,,,Rawalpindi,11.3,One-Bedroom Apartment,"2 beds (1 double, 1 sofa bed)",0,1,1,https://cf.bstatic.com/xdata/images/hotel/square240/789516503.webp?k=e278fbb37ff34ee1c1d7f975c2a46c8a6c652ecd590f667fda3f9f40b636969e&o=,4,Rawalpindi
Flat in Rawalpindi,https://www.booking.com/hotel/pk/flat-in-rawalpindi-rawalpindi3.en-gb.html?aid=304142&label=gen173nr-10CAQoggJCDWNpdHlfLTI3NzI1ODVICVgEaLUBiAEBmAEzuAEHyAEM2AED6AEB-AEBiAIBqAIBuAKujsLTBsACAdICJDM4ZDNiYzA1LTEwOWUtNDU1NS04YmFhLTE1MzQ4MGIxZTY3OdgCAeACAQ&ucfs=1&arphpl=1&checkin=2026-08-06&checkout=2026-08-07&dest_id=-2772585&dest_type=city&group_adults=2&req_adults=2&no_rooms=1&group_children=0&req_children=0&hpos=7&hapos=330&sr_order=popularity&srpvid=a6ce56975cc70174&srepoch=1785759578&all_sr_blocks=1700155201_441662088_4_0_0&highlighted_blocks=1700155201_441662088_4_0_0&matching_block_id=1700155201_441662088_4_0_0&sr_pri_blocks=1700155201_441662088_4_0_0__1700000&from=searchresults,17000,,,Rawalpindi,7.3,Two-Bedroom Apartment,"12 beds (10 sofa beds, 1 large double, 1 futon)",0,1,1,https://cf.bstatic.com/xdata/images/hotel/square240/902568102.webp?k=023eedba5a63fa5933d10ea8e5744bb9b01fce950688e0ce97b636aa9cff5d10&o=,6,Rawalpindi
"Luxury 2 Bedroom Apt, Golf View, Parking",https://www.booking.com/hotel/pk/luxury-2-bedroom-apt-golf-view-parking.en-gb.html?aid=304142&label=gen173nr-10CAQoggJCDWNpdHlfLTI3NzI1ODVICVgEaLUBiAEBmAEzuAEHyAEM2AED6AEB-AEBiAIBqAIBuAKujsLTBsACAdICJDM4ZDNiYzA1LTEwOWUtNDU1NS04YmFhLTE1MzQ4MGIxZTY3OdgCAeACAQ&ucfs=1&arphpl=1&checkin=2026-08-06&checkout=2026-08-07&dest_id=-2772585&dest_type=city&group_adults=2&req_adults=2&no_rooms=1&group_children=0&req_children=0&hpos=8&hapos=331&sr_order=popularity&srpvid=a6ce56975cc70174&srepoch=1785759578&all_sr_blocks=1614947801_432379269_4_0_0&highlighted_blocks=1614947801_432379269_4_0_0&matching_block_id=1614947801_432379269_4_0_0&sr_pri_blocks=1614947801_432379269_4_0_0__1200000&from=searchresults,12000,,,Rawalpindi,10.9,Two-Bedroom Apartment,1 large double bed,0,1,1,https://cf.bstatic.com/xdata/images/hotel/square240/850004457.webp?k=9eb7b6d2aee5daa457f1a0a4a739744966e1afbdccc9c57d927670ad61de7a55&o=,5,Rawalpindi
Modern Luxury Apt Balcony View Bahria 7,https://www.booking.com/hotel/pk/luxury-1-bed-apartment-balcony-view-bahria-phase-7.en-gb.html?aid=304142&label=gen173nr-10CAQoggJCDWNpdHlfLTI3NzI1ODVICVgEaLUBiAEBmAEzuAEHyAEM2AED6AEB-AEBiAIBqAIBuAKujsLTBsACAdICJDM4ZDNiYzA1LTEwOWUtNDU1NS04YmFhLTE1MzQ4MGIxZTY3OdgCAeACAQ&ucfs=1&arphpl=1&checkin=2026-08-06&checkout=2026-08-07&dest_id=-2772585&dest_type=city&group_adults=2&req_adults=2&no_rooms=1&group_children=0&req_children=0&hpos=9&hapos=332&sr_order=popularity&srpvid=a6ce56975cc70174&srepoch=1785759578&all_sr_blocks=1537369101_425196642_2_0_0&highlighted_blocks=1537369101_425196642_2_0_0&matching_block_id=1537369101_425196642_2_0_0&sr_pri_blocks=1537369101_425196642_2_0_0__1305000&from=searchresults,13050,,,Rawalpindi,10.2,One-Bedroom Apartment,"2 beds (1 double, 1 sofa bed)",0,1,1,https://cf.bstatic.com/xdata/images/hotel/square240/789495263.webp?k=f233a1ef546c4b7d9bfc7d6184baeeba52b2272f30f2cc374d8381c811befa99&o=,4,Rawalpindi
RiverHills Apartment with Balcony,https://www.booking.com/hotel/pk/riverhills-apartment-with-balcony.en-gb.html?aid=304142&label=gen173nr-10CAQoggJCDWNpdHlfLTI3NzI1ODVICVgEaLUBiAEBmAEzuAEHyAEM2AED6AEB-AEBiAIBqAIBuAKujsLTBsACAdICJDM4ZDNiYzA1LTEwOWUtNDU1NS04YmFhLTE1MzQ4MGIxZTY3OdgCAeACAQ&ucfs=1&arphpl=1&checkin=2026-08-06&checkout=2026-08-07&dest_id=-2772585&dest_type=city&group_adults=2&req_adults=2&no_rooms=1&group_children=0&req_children=0&hpos=10&hapos=333&sr_order=popularity&srpvid=a6ce56975cc70174&srepoch=1785759578&all_sr_blocks=1405735401_412370526_2_0_0&highlighted_blocks=1405735401_412370526_2_0_0&matching_block_id=1405735401_412370526_2_0_0&sr_pri_blocks=1405735401_412370526_2_0_0__1499900&from=searchresults,14999,,,Rawalpindi,9.4,One-Bedroom Apartment,"4 beds (3 sofa beds, 1 large double)",0,1,1,https://cf.bstatic.com/xdata/images/hotel/square240/677639592.webp?k=638eb1255458f792e7296d3b878d7611340f9cad232f2e95ff1be48787ef8c04&o=,4,Rawalpindi
Modern 1BR Apartment,https://www.booking.com/hotel/pk/modern-1br-apartment.en-gb.html?aid=304142&label=gen173nr-10CAQoggJCDWNpdHlfLTI3NzI1ODVICVgEaLUBiAEBmAEzuAEHyAEM2AED6AEB-AEBiAIBqAIBuAKujsLTBsACAdICJDM4ZDNiYzA1LTEwOWUtNDU1NS04YmFhLTE1MzQ4MGIxZTY3OdgCAeACAQ&ucfs=1&arphpl=1&checkin=2026-08-06&checkout=2026-08-07&dest_id=-2772585&dest_type=city&group_adults=2&req_adults=2&no_rooms=1&group_children=0&req_children=0&hpos=11&hapos=334&sr_order=popularity&srpvid=a6ce56975cc70174&srepoch=1785759578&all_sr_blocks=1622536801_433033596_4_0_0&highlighted_blocks=1622536801_433033596_4_0_0&matching_block_id=1622536801_433033596_4_0_0&sr_pri_blocks=1622536801_433033596_4_0_0__800000&from=searchresults,8000,,,Rawalpindi,9.6,One-Bedroom Apartment,1 double bed,0,1,1,https://cf.bstatic.com/xdata/images/hotel/square240/856978791.webp?k=73ecac34118b8917f152bf20a816ee51f433a656fa987f3e5fa5ff9a23d43fb4&o=,4,Rawalpindi
Comfy Retreat 2BHK,https://www.booking.com/hotel/pk/comfy-retreat-2bhk.en-gb.html?aid=304142&label=gen173nr-10CAQoggJCDWNpdHlfLTI3NzI1ODVICVgEaLUBiAEBmAEzuAEHyAEM2AED6AEB-AEBiAIBqAIBuAKujsLTBsACAdICJDM4ZDNiYzA1LTEwOWUtNDU1NS04YmFhLTE1MzQ4MGIxZTY3OdgCAeACAQ&ucfs=1&arphpl=1&checkin=2026-08-06&checkout=2026-08-07&dest_id=-2772585&dest_type=city&group_adults=2&req_adults=2&no_rooms=1&group_children=0&req_children=0&hpos=12&hapos=335&sr_order=popularity&srpvid=a6ce56975cc70174&srepoch=1785759578&all_sr_blocks=1355113501_408122726_5_0_0&highlighted_blocks=1355113501_408122726_5_0_0&matching_block_id=1355113501_408122726_5_0_0&sr_pri_blocks=1355113501_408122726_5_0_0__1800000&from=searchresults,18000,8.0,1.0,Rawalpindi,6.0,Two-Bedroom Apartment with Balcony,"3 beds (2 extra-large doubles, 1 sofa bed)",0,1,1,https://cf.bstatic.com/xdata/images/hotel/square240/644541891.webp?k=9203680bf73c00d0355d4e55807de29fd668e03918a59bf2e3a769620e5fccac&o=,4,Rawalpindi
Shining Star Hotel,https://www.booking.com/hotel/pk/shining-star.en-gb.html?aid=304142&label=gen173nr-10CAQoggJCDWNpdHlfLTI3NzI1ODVICVgEaLUBiAEBmAEzuAEHyAEM2AED6AEB-AEBiAIBqAIBuAKujsLTBsACAdICJDM4ZDNiYzA1LTEwOWUtNDU1NS04YmFhLTE1MzQ4MGIxZTY3OdgCAeACAQ&ucfs=1&arphpl=1&checkin=2026-08-06&checkout=2026-08-07&dest_id=-2772585&dest_type=city&group_adults=2&req_adults=2&no_rooms=1&group_children=0&req_children=0&hpos=13&hapos=336&sr_order=popularity&srpvid=a6ce56975cc70174&srepoch=1785759578&all_sr_blocks=548911401_335389665_2_2_0&highlighted_blocks=548911401_335389665_2_2_0&matching_block_id=548911401_335389665_2_2_0&sr_pri_blocks=548911401_335389665_2_2_0__989900&from=searchresults,9899,,,Rawalpindi,1.2,Double Room,1 double bed,0,0,0,https://cf.bstatic.com/xdata/images/hotel/square240/214747767.webp?k=fe28bb6b4efdb8502a6ecf20fdedcd268d23031d9272c3f43d975e714fc9fbf5&o=,2,Rawalpindi
The Edge,https://www.booking.com/hotel/pk/the-edge.en-gb.html?aid=304142&label=gen173nr-10CAQoggJCDWNpdHlfLTI3NzI1ODVICVgEaLUBiAEBmAEzuAEHyAEM2AED6AEB-AEBiAIBqAIBuAKujsLTBsACAdICJDM4ZDNiYzA1LTEwOWUtNDU1NS04YmFhLTE1MzQ4MGIxZTY3OdgCAeACAQ&ucfs=1&arphpl=1&checkin=2026-08-06&checkout=2026-08-07&dest_id=-2772585&dest_type=city&group_adults=2&req_adults=2&no_rooms=1&group_children=0&req_children=0&hpos=14&hapos=337&sr_order=popularity&srpvid=a6ce56975cc70174&srepoch=1785759578&all_sr_blocks=1440951501_415547883_2_0_0&highlighted_blocks=1440951501_415547883_2_0_0&matching_block_id=1440951501_415547883_2_0_0&sr_pri_blocks=1440951501_415547883_2_0_0__900000&from=searchresults,9000,,,Rawalpindi,8.1,One-Bedroom Apartment,1 double bed,0,1,1,https://cf.bstatic.com/xdata/images/hotel/square240/700076690.webp?k=c44cac6ff9622735f1dba30a8c63a8aba2b46ed96b4b5a7e248eec6fd6d23a0b&o=,4,Rawalpindi
Apartment in Rawalpindi,https://www.booking.com/hotel/pk/apartment-in-rawalpindi-rawalpindi2.en-gb.html?aid=304142&label=gen173nr-10CAQoggJCDWNpdHlfLTI3NzI1ODVICVgEaLUBiAEBmAEzuAEHyAEM2AED6AEB-AEBiAIBqAIBuAKujsLTBsACAdICJDM4ZDNiYzA1LTEwOWUtNDU1NS04YmFhLTE1MzQ4MGIxZTY3OdgCAeACAQ&ucfs=1&arphpl=1&checkin=2026-08-06&checkout=2026-08-07&dest_id=-2772585&dest_type=city&group_adults=2&req_adults=2&no_rooms=1&group_children=0&req_children=0&hpos=15&hapos=338&sr_order=popularity&srpvid=a6ce56975cc70174&srepoch=1785759578&all_sr_blocks=1651400101_437143108_3_0_0&highlighted_blocks=1651400101_437143108_3_0_0&matching_block_id=1651400101_437143108_3_0_0&sr_pri_blocks=1651400101_437143108_3_0_0__560000&from=searchresults,5600,,,Rawalpindi,11.3,One-Bedroom Apartment,1 double bed,0,1,1,https://cf.bstatic.com/xdata/images/hotel/square240/872481083.webp?k=23ac1b06c25da0f8c85e6d24301987a8942fa30d77eb3f302c04d7c63d7eb352&o=,5,Rawalpindi
Daynight,https://www.booking.com/hotel/pk/daynight.en-gb.html?aid=304142&label=gen173nr-10CAQoggJCDWNpdHlfLTI3NzI1ODVICVgEaLUBiAEBmAEzuAEHyAEM2AED6AEB-AEBiAIBqAIBuAKujsLTBsACAdICJDM4ZDNiYzA1LTEwOWUtNDU1NS04YmFhLTE1MzQ4MGIxZTY3OdgCAeACAQ&ucfs=1&arphpl=1&checkin=2026-08-06&checkout=2026-08-07&dest_id=-2772585&dest_type=city&group_adults=2&req_adults=2&no_rooms=1&group_children=0&req_children=0&hpos=16&hapos=339&sr_order=popularity&srpvid=a6ce56975cc70174&srepoch=1785759578&all_sr_blocks=1375889101_409725250_2_0_0&highlighted_blocks=1375889101_409725250_2_0_0&matching_block_id=1375889101_409725250_2_0_0&sr_pri_blocks=1375889101_409725250_2_0_0__810000&from=searchresults,8100,,,Rawalpindi,4.9,One-Bedroom Apartment,1 double bed,0,1,1,https://cf.bstatic.com/xdata/images/hotel/square240/657402210.webp?k=05ea2610e399eec97590f0a36059fc790a00ac4e4926955a936bf2b2a7eec01a&o=,4,Rawalpindi
Crescent Moon Flat zeta mall,https://www.booking.com/hotel/pk/crescent-moon-flat-zeta-mall.en-gb.html?aid=304142&label=gen173nr-10CAQoggJCDWNpdHlfLTI3NzI1ODVICVgEaLUBiAEBmAEzuAEHyAEM2AED6AEB-AEBiAIBqAIBuAKujsLTBsACAdICJDM4ZDNiYzA1LTEwOWUtNDU1NS04YmFhLTE1MzQ4MGIxZTY3OdgCAeACAQ&ucfs=1&arphpl=1&checkin=2026-08-06&checkout=2026-08-07&dest_id=-2772585&dest_type=city&group_adults=2&req_adults=2&no_rooms=1&group_children=0&req_children=0&hpos=17&hapos=340&sr_order=popularity&srpvid=a6ce56975cc70174&srepoch=1785759578&all_sr_blocks=1481109801_419585455_5_0_0&highlighted_blocks=1481109801_419585455_5_0_0&matching_block_id=1481109801_419585455_5_0_0&sr_pri_blocks=1481109801_419585455_5_0_0__1350000&from=searchresults,13500,,,Rawalpindi,12.0,One-Bedroom Apartment,"5 beds (2 doubles, 2 extra-large doubles, 1 sofa bed)",0,1,1,https://cf.bstatic.com/xdata/images/hotel/square240/735780432.webp?k=96529900ad42f79f314cbe2c9d8c764db1f25df7cd0253236985ddb94877ce83&o=,4,Rawalpindi
"1 Bed Room Cozy, Peaceful, Aesthetic Stay in Bahria Phase 8",https://www.booking.com/hotel/pk/nuvana-nest-1br-cozy-peaceful-aesthetic-escape.en-gb.html?aid=304142&label=gen173nr-10CAQoggJCDWNpdHlfLTI3NzI1ODVICVgEaLUBiAEBmAEzuAEHyAEM2AED6AEB-AEBiAIBqAIBuAKujsLTBsACAdICJDM4ZDNiYzA1LTEwOWUtNDU1NS04YmFhLTE1MzQ4MGIxZTY3OdgCAeACAQ&ucfs=1&arphpl=1&checkin=2026-08-06&checkout=2026-08-07&dest_id=-2772585&dest_type=city&group_adults=2&req_adults=2&no_rooms=1&group_children=0&req_children=0&hpos=18&hapos=341&sr_order=popularity&srpvid=a6ce56975cc70174&srepoch=1785759578&all_sr_blocks=1568945101_427977929_3_0_0&highlighted_blocks=1568945101_427977929_3_0_0&matching_block_id=1568945101_427977929_3_0_0&sr_pri_blocks=1568945101_427977929_3_0_0__650000&from=searchresults,6500,,,Rawalpindi,11.1,One-Bedroom Apartment,1 double bed,0,1,1,https://cf.bstatic.com/xdata/images/hotel/square240/812096882.webp?k=a9cd183e93cf4eb29d68debc168321ca32c02f9f0103ad47447f3ce88d31a2f6&o=,4,Rawalpindi
zam geust house,https://www.booking.com/hotel/pk/zam-geust-house-rawalpindi2.en-gb.html?aid=304142&label=gen173nr-10CAQoggJCDWNpdHlfLTI3NzI1ODVICVgEaLUBiAEBmAEzuAEHyAEM2AED6AEB-AEBiAIBqAIBuAKujsLTBsACAdICJDM4ZDNiYzA1LTEwOWUtNDU1NS04YmFhLTE1MzQ4MGIxZTY3OdgCAeACAQ&ucfs=1&arphpl=1&checkin=2026-08-06&checkout=2026-08-07&dest_id=-2772585&dest_type=city&group_adults=2&req_adults=2&no_rooms=1&group_children=0&req_children=0&hpos=19&hapos=342&sr_order=popularity&srpvid=a6ce56975cc70174&srepoch=1785759578&all_sr_blocks=1633414101_433809213_2_0_0&highlighted_blocks=1633414101_433809213_2_0_0&matching_block_id=1633414101_433809213_2_0_0&sr_pri_blocks=1633414101_433809213_2_0_0__480000&from=searchresults,4800,,,Rawalpindi,12.3,Double Room,1 double bed,0,1,1,https://cf.bstatic.com/xdata/images/hotel/square240/863130819.webp?k=ae506aa5c1ad82474355c575aab307632cb5abfcc687705f76d801958065deb4&o=,5,Rawalpindi
Cozy One Bed apt Free Parking AC Netflix,https://www.booking.com/hotel/pk/cozy-one-bed-apt-free-parking-ac-netflix.en-gb.html?aid=304142&label=gen173nr-10CAQoggJCDWNpdHlfLTI3NzI1ODVICVgEaLUBiAEBmAEzuAEHyAEM2AED6AEB-AEBiAIBqAIBuAKujsLTBsACAdICJDM4ZDNiYzA1LTEwOWUtNDU1NS04YmFhLTE1MzQ4MGIxZTY3OdgCAeACAQ&ucfs=1&arphpl=1&checkin=2026-08-06&checkout=2026-08-07&dest_id=-2772585&dest_type=city&group_adults=2&req_adults=2&no_rooms=1&group_children=0&req_children=0&hpos=20&hapos=343&sr_order=popularity&srpvid=a6ce56975cc70174&srepoch=1785759578&all_sr_blocks=1557158501_426839023_2_0_0&highlighted_blocks=1557158501_426839023_2_0_0&matching_block_id=1557158501_426839023_2_0_0&sr_pri_blocks=1557158501_426839023_2_0_0__540000&from=searchresults,5400,,,Rawalpindi,7.5,One-Bedroom Apartment,"2 beds (1 sofa bed, 1 large double)",0,1,1,https://cf.bstatic.com/xdata/images/hotel/square240/803116777.webp?k=adeebaf492937a4fc014fa12bac7a7ad98b210b6bb35099ab8735783de58dfd6&o=,4,Rawalpindi
Two Bedroom Deluxe Apartment In Bahria Town,https://www.booking.com/hotel/pk/two-bedroom-deluxe-apartment-in-bahria-town.en-gb.html?aid=304142&label=gen173nr-10CAQoggJCDWNpdHlfLTI3NzI1ODVICVgEaLUBiAEBmAEzuAEHyAEM2AED6AEB-AEBiAIBqAIBuAKujsLTBsACAdICJDM4ZDNiYzA1LTEwOWUtNDU1NS04YmFhLTE1MzQ4MGIxZTY3OdgCAeACAQ&ucfs=1&arphpl=1&checkin=2026-08-06&checkout=2026-08-07&dest_id=-2772585&dest_type=city&group_adults=2&req_adults=2&no_rooms=1&group_children=0&req_children=0&hpos=21&hapos=344&sr_order=popularity&srpvid=a6ce56975cc70174&srepoch=1785759578&all_sr_blocks=681550401_278179187_0_0_0&highlighted_blocks=681550401_278179187_0_0_0&matching_block_id=681550401_278179187_0_0_0&sr_pri_blocks=681550401_278179187_0_0_0__2000000&from=searchresults,20000,7.9,9.0,Rawalpindi,7.5,Two-Bedroom Apartment,2 large double beds,0,1,0,https://cf.bstatic.com/xdata/images/hotel/square240/271670272.webp?k=6eef8891563b4a48f05fad73c65c981981cf15c8148182454001e4dbffb6aa5a&o=,12,Rawalpindi
Intellectual Inn - Spring North Ph7 Bahria Town,https://www.booking.com/hotel/pk/intellectual-inn-rawalpindi.en-gb.html?aid=304142&label=gen173nr-10CAQoggJCDWNpdHlfLTI3NzI1ODVICVgEaLUBiAEBmAEzuAEHyAEM2AED6AEB-AEBiAIBqAIBuAKujsLTBsACAdICJDM4ZDNiYzA1LTEwOWUtNDU1NS04YmFhLTE1MzQ4MGIxZTY3OdgCAeACAQ&ucfs=1&arphpl=1&checkin=2026-08-06&checkout=2026-08-07&dest_id=-2772585&dest_type=city&group_adults=2&req_adults=2&no_rooms=1&group_children=0&req_children=0&hpos=22&hapos=345&sr_order=popularity&srpvid=a6ce56975cc70174&srepoch=1785759578&all_sr_blocks=1144057302_387257215_0_0_0&highlighted_blocks=1144057302_387257215_0_0_0&matching_block_id=1144057302_387257215_0_0_0&sr_pri_blocks=1144057302_387257215_0_0_0__1079900&from=searchresults,10799,5.9,7.0,Rawalpindi,8.9,Deluxe King Room,1 large double bed,0,1,1,https://cf.bstatic.com/xdata/images/hotel/square240/598822246.webp?k=fc46e838e935cd9e99fc74e8513572dc7dc58140b971ee8d52fee95765420ead&o=,10,Rawalpindi
Grande Apartment luxury suite,https://www.booking.com/hotel/pk/grande-apartment-rawalpindi.en-gb.html?aid=304142&label=gen173nr-10CAQoggJCDWNpdHlfLTI3NzI1ODVICVgEaLUBiAEBmAEzuAEHyAEM2AED6AEB-AEBiAIBqAIBuAKujsLTBsACAdICJDM4ZDNiYzA1LTEwOWUtNDU1NS04YmFhLTE1MzQ4MGIxZTY3OdgCAeACAQ&ucfs=1&arphpl=1&checkin=2026-08-06&checkout=2026-08-07&dest_id=-2772585&dest_type=city&group_adults=2&req_adults=2&no_rooms=1&group_children=0&req_children=0&hpos=23&hapos=346&sr_order=popularity&srpvid=a6ce56975cc70174&srepoch=1785759578&all_sr_blocks=1472809301_418619140_4_0_0&highlighted_blocks=1472809301_418619140_4_0_0&matching_block_id=1472809301_418619140_4_0_0&sr_pri_blocks=1472809301_418619140_4_0_0__1200000&from=searchresults,12000,,,Rawalpindi,6.8,One-Bedroom Apartment,2 extra-large double beds,0,1,1,https://cf.bstatic.com/xdata/images/hotel/square240/728290126.webp?k=a0e4a66626708f5bb5ad574a5d9c5ad0f870c6b461bdb03b4e539d4ad49a2487&o=,4,Rawalpindi
Luxurious 1Bedroom Apartment with Terrace Perfect for a Relaxing Stay,https://www.booking.com/hotel/pk/luxurious-1bedroom-apartment-with-terrace-perfect-for-a-relaxing-stay-rawalpindi.en-gb.html?aid=304142&label=gen173nr-10CAQoggJCDWNpdHlfLTI3NzI1ODVICVgEaLUBiAEBmAEzuAEHyAEM2AED6AEB-AEBiAIBqAIBuAKujsLTBsACAdICJDM4ZDNiYzA1LTEwOWUtNDU1NS04YmFhLTE1MzQ4MGIxZTY3OdgCAeACAQ&ucfs=1&arphpl=1&checkin=2026-08-06&checkout=2026-08-07&dest_id=-2772585&dest_type=city&group_adults=2&req_adults=2&no_rooms=1&group_children=0&req_children=0&hpos=24&hapos=347&sr_order=popularity&srpvid=a6ce56975cc70174&srepoch=1785759578&all_sr_blocks=1372846901_409458365_2_0_0&highlighted_blocks=1372846901_409458365_2_0_0&matching_block_id=1372846901_409458365_2_0_0&sr_pri_blocks=1372846901_409458365_2_0_0__990000&from=searchresults,9900,,,Rawalpindi,6.0,One-Bedroom Apartment,"2 beds (1 double, 1 sofa bed)",0,0,1,https://cf.bstatic.com/xdata/images/hotel/square240/655398760.webp?k=3680aad58230bfb52b4dc0868cc6311a1c688854961006b4289747cac59bd35e&o=,3,Rawalpindi
1 Bedroom Apartment,https://www.booking.com/hotel/pk/1-bedroom-apartment-islamabad6.en-gb.html?aid=304142&label=gen173nr-10CAQoggJCDWNpdHlfLTI3NzI1ODVICVgEaLUBiAEBmAEzuAEHyAEM2AED6AEB-AEBiAIBqAIBuAKujsLTBsACAdICJDM4ZDNiYzA1LTEwOWUtNDU1NS04YmFhLTE1MzQ4MGIxZTY3OdgCAeACAQ&ucfs=1&arphpl=1&checkin=2026-08-06&checkout=2026-08-07&dest_id=-2772585&dest_type=city&group_adults=2&req_adults=2&no_rooms=1&group_children=0&req_children=0&hpos=25&hapos=348&sr_order=popularity&srpvid=a6ce56975cc70174&srepoch=1785759578&all_sr_blocks=1653640301_437319020_2_2_0&highlighted_blocks=1653640301_437319020_2_2_0&matching_block_id=1653640301_437319020_2_2_0&sr_pri_blocks=1653640301_437319020_2_2_0__960000&from=searchresults,9600,,,Rawalpindi,10.9,One-Bedroom Apartment,"3 beds (1 double, 2 sofa beds)",0,1,1,https://cf.bstatic.com/xdata/images/hotel/square240/874057863.webp?k=66753b9ab0402feb776cfb7478abb039a33cc87c1b1575ca4a39e53e7c281f41&o=,5,Rawalpindi
2 BR Appartment with Balcony - Smart Check In,https://www.booking.com/hotel/pk/2-br-appartment-with-balcony-smart-check-in.en-gb.html?aid=304142&label=gen173nr-10CAQoggJCDWNpdHlfLTI3NzI1ODVICVgEaLUBiAEBmAEzuAEHyAEM2AED6AEB-AEBiAIBqAIBuAKujsLTBsACAdICJDM4ZDNiYzA1LTEwOWUtNDU1NS04YmFhLTE1MzQ4MGIxZTY3OdgCAeACAQ&ucfs=1&arphpl=1&checkin=2026-08-06&checkout=2026-08-07&dest_id=-2772585&dest_type=city&group_adults=2&req_adults=2&no_rooms=1&group_children=0&req_children=0&hpos=1&hapos=349&sr_order=popularity&srpvid=a6ce56975cc70174&srepoch=1785759581&all_sr_blocks=1599432901_430928510_6_0_0&highlighted_blocks=1599432901_430928510_6_0_0&matching_block_id=1599432901_430928510_6_0_0&sr_pri_blocks=1599432901_430928510_6_0_0__1500000&from=searchresults,15000,,,Rawalpindi,11.3,One-Bedroom Apartment,"3 beds (1 sofa bed, 2 large doubles)",0,1,1,https://cf.bstatic.com/xdata/images/hotel/square240/837195843.webp?k=42c5a1b1e1cd3331c40277208b681ddb46d6c1a08c188883f3313d93b516879a&o=,4,Rawalpindi
The Sapphire 1 BHK Apartment,https://www.booking.com/hotel/pk/the-sapphire-1-bhk-apartment.en-gb.html?aid=304142&label=gen173nr-10CAQoggJCDWNpdHlfLTI3NzI1ODVICVgEaLUBiAEBmAEzuAEHyAEM2AED6AEB-AEBiAIBqAIBuAKujsLTBsACAdICJDM4ZDNiYzA1LTEwOWUtNDU1NS04YmFhLTE1MzQ4MGIxZTY3OdgCAeACAQ&ucfs=1&arphpl=1&checkin=2026-08-06&checkout=2026-08-07&dest_id=-2772585&dest_type=city&group_adults=2&req_adults=2&no_rooms=1&group_children=0&req_children=0&hpos=2&hapos=350&sr_order=popularity&srpvid=a6ce56975cc70174&srepoch=1785759581&all_sr_blocks=1692572601_440954886_4_0_0&highlighted_blocks=1692572601_440954886_4_0_0&matching_block_id=1692572601_440954886_4_0_0&sr_pri_blocks=1692572601_440954886_4_0_0__853332&from=searchresults,8533,,,Rawalpindi,6.0,One-Bedroom Apartment,1 double bed,0,0,1,https://cf.bstatic.com/xdata/images/hotel/square240/897825015.webp?k=f29c49a1520a428015764f02702f33b7430844928988f06f5342120869595c84&o=,5,Rawalpindi
Central Residence Bahria 7,https://www.booking.com/hotel/pk/central-residence-dha-7.en-gb.html?aid=304142&label=gen173nr-10CAQoggJCDWNpdHlfLTI3NzI1ODVICVgEaLUBiAEBmAEzuAEHyAEM2AED6AEB-AEBiAIBqAIBuAKujsLTBsACAdICJDM4ZDNiYzA1LTEwOWUtNDU1NS04YmFhLTE1MzQ4MGIxZTY3OdgCAeACAQ&ucfs=1&arphpl=1&checkin=2026-08-06&checkout=2026-08-07&dest_id=-2772585&dest_type=city&group_adults=2&req_adults=2&no_rooms=1&group_children=0&req_children=0&hpos=3&hapos=351&sr_order=popularity&srpvid=a6ce56975cc70174&srepoch=1785759581&all_sr_blocks=1586318101_429747288_0_0_0&highlighted_blocks=1586318101_429747288_0_0_0&matching_block_id=1586318101_429747288_0_0_0&sr_pri_blocks=1586318101_429747288_0_0_0__792000&from=searchresults,7920,,,Rawalpindi,9.0,One-Bedroom Apartment,1 double bed,0,1,1,https://cf.bstatic.com/xdata/images/hotel/square240/826970933.webp?k=21b0b0e65ba1666bb7f0d8815ba5e8374af4797bc3ceb100c1199f0d247cb2e3&o=,4,Rawalpindi
Daily & Weekly,https://www.booking.com/hotel/pk/daily-amp-weekly-islamabad.en-gb.html?aid=304142&label=gen173nr-10CAQoggJCDWNpdHlfLTI3NzI1ODVICVgEaLUBiAEBmAEzuAEHyAEM2AED6AEB-AEBiAIBqAIBuAKujsLTBsACAdICJDM4ZDNiYzA1LTEwOWUtNDU1NS04YmFhLTE1MzQ4MGIxZTY3OdgCAeACAQ&ucfs=1&arphpl=1&checkin=2026-08-06&checkout=2026-08-07&dest_id=-2772585&dest_type=city&group_adults=2&req_adults=2&no_rooms=1&group_children=0&req_children=0&hpos=4&hapos=352&sr_order=popularity&srpvid=a6ce56975cc70174&srepoch=1785759581&all_sr_blocks=1537802601_425233308_2_0_0&highlighted_blocks=1537802601_425233308_2_0_0&matching_block_id=1537802601_425233308_2_0_0&sr_pri_blocks=1537802601_425233308_2_0_0__600000&from=searchresults,6000,8.0,1.0,Rawalpindi,7.7,One-Bedroom Apartment,1 extra-large double bed,0,1,1,https://cf.bstatic.com/xdata/images/hotel/square240/786143931.webp?k=6f074c6115965dbc15752d1203b788a56a8deb4ec6a33e01835bb4d8d4d5f145&o=,4,Rawalpindi
Havana Suites 2BHK Luxurious Apartment with Pool Gym & FreeNetflix At Bahria Town,https://www.booking.com/hotel/pk/havana-suites.en-gb.html?aid=304142&label=gen173nr-10CAQoggJCDWNpdHlfLTI3NzI1ODVICVgEaLUBiAEBmAEzuAEHyAEM2AED6AEB-AEBiAIBqAIBuAKujsLTBsACAdICJDM4ZDNiYzA1LTEwOWUtNDU1NS04YmFhLTE1MzQ4MGIxZTY3OdgCAeACAQ&ucfs=1&arphpl=1&checkin=2026-08-06&checkout=2026-08-07&dest_id=-2772585&dest_type=city&group_adults=2&req_adults=2&no_rooms=1&group_children=0&req_children=0&hpos=5&hapos=353&sr_order=popularity&srpvid=a6ce56975cc70174&srepoch=1785759581&all_sr_blocks=1470176701_418359117_8_0_0&highlighted_blocks=1470176701_418359117_8_0_0&matching_block_id=1470176701_418359117_8_0_0&sr_pri_blocks=1470176701_418359117_8_0_0__1935000&from=searchresults,19350,,,Rawalpindi,6.0,Two-Bedroom Apartment,"3 beds (2 doubles, 1 sofa bed)",0,1,1,https://cf.bstatic.com/xdata/images/hotel/square240/726331236.webp?k=062e226a32563cf9d14bcbe60627c706f4aeac47d2d805759bd5b6631aee9e1b&o=,4,Rawalpindi
Abdullah Residencia Bahria phase 4,https://www.booking.com/hotel/pk/abdullah-residencia-bahria-phase-4.en-gb.html?aid=304142&label=gen173nr-10CAQoggJCDWNpdHlfLTI3NzI1ODVICVgEaLUBiAEBmAEzuAEHyAEM2AED6AEB-AEBiAIBqAIBuAKujsLTBsACAdICJDM4ZDNiYzA1LTEwOWUtNDU1NS04YmFhLTE1MzQ4MGIxZTY3OdgCAeACAQ&ucfs=1&arphpl=1&checkin=2026-08-06&checkout=2026-08-07&dest_id=-2772585&dest_type=city&group_adults=2&req_adults=2&no_rooms=1&group_children=0&req_children=0&hpos=6&hapos=354&sr_order=popularity&srpvid=a6ce56975cc70174&srepoch=1785759581&all_sr_blocks=1473573401_418683031_4_0_0&highlighted_blocks=1473573401_418683031_4_0_0&matching_block_id=1473573401_418683031_4_0_0&sr_pri_blocks=1473573401_418683031_4_0_0__1800000&from=searchresults,18000,,,Rawalpindi,7.9,Two-Bedroom Apartment,1 double bed,0,1,1,https://cf.bstatic.com/xdata/images/hotel/square240/728845483.webp?k=9549e3ae96b6e8f30116e5e43a5ae4a29e06704eb059f5cbc262208433a22152&o=,4,Rawalpindi
1Bed luxury furnished Apartment,https://www.booking.com/hotel/pk/1bed-luxury-furnished-apartment.en-gb.html?aid=304142&label=gen173nr-10CAQoggJCDWNpdHlfLTI3NzI1ODVICVgEaLUBiAEBmAEzuAEHyAEM2AED6AEB-AEBiAIBqAIBuAKujsLTBsACAdICJDM4ZDNiYzA1LTEwOWUtNDU1NS04YmFhLTE1MzQ4MGIxZTY3OdgCAeACAQ&ucfs=1&arphpl=1&checkin=2026-08-06&checkout=2026-08-07&dest_id=-2772585&dest_type=city&group_adults=2&req_adults=2&no_rooms=1&group_children=0&req_children=0&hpos=7&hapos=355&sr_order=popularity&srpvid=a6ce56975cc70174&srepoch=1785759581&all_sr_blocks=1461586101_417454938_2_0_0&highlighted_blocks=1461586101_417454938_2_0_0&matching_block_id=1461586101_417454938_2_0_0&sr_pri_blocks=1461586101_417454938_2_0_0__850000&from=searchresults,8500,,,Rawalpindi,11.0,One-Bedroom Apartment,"2 beds (1 double, 1 sofa bed)",0,1,1,https://cf.bstatic.com/xdata/images/hotel/square240/717844478.webp?k=521ea03dd79354d6eba0f19745ea3ab67c787e9558a332802ff3c59d1f243e74&o=,4,Rawalpindi
Omnia Heights,https://www.booking.com/hotel/pk/omnia-heights.en-gb.html?aid=304142&label=gen173nr-10CAQoggJCDWNpdHlfLTI3NzI1ODVICVgEaLUBiAEBmAEzuAEHyAEM2AED6AEB-AEBiAIBqAIBuAKujsLTBsACAdICJDM4ZDNiYzA1LTEwOWUtNDU1NS04YmFhLTE1MzQ4MGIxZTY3OdgCAeACAQ&ucfs=1&arphpl=1&checkin=2026-08-06&checkout=2026-08-07&dest_id=-2772585&dest_type=city&group_adults=2&req_adults=2&no_rooms=1&group_children=0&req_children=0&hpos=8&hapos=356&sr_order=popularity&srpvid=a6ce56975cc70174&srepoch=1785759581&all_sr_blocks=1518129001_423516476_3_0_0&highlighted_blocks=1518129001_423516476_3_0_0&matching_block_id=1518129001_423516476_3_0_0&sr_pri_blocks=1518129001_423516476_3_0_0__1100000&from=searchresults,11000,,,Rawalpindi,7.7,One-Bedroom Apartment,"2 beds (1 double, 1 sofa bed)",0,1,1,https://cf.bstatic.com/xdata/images/hotel/square240/769730127.webp?k=99a264bf2286190c1fe04f1cf9d3161b2ae71e2555c3d84ce76188265659ba66&o=,4,Rawalpindi
The grande luxury apartments,https://www.booking.com/hotel/pk/the-grande-luxury-apartments-rawalpindi5.en-gb.html?aid=304142&label=gen173nr-10CAQoggJCDWNpdHlfLTI3NzI1ODVICVgEaLUBiAEBmAEzuAEHyAEM2AED6AEB-AEBiAIBqAIBuAKujsLTBsACAdICJDM4ZDNiYzA1LTEwOWUtNDU1NS04YmFhLTE1MzQ4MGIxZTY3OdgCAeACAQ&ucfs=1&arphpl=1&checkin=2026-08-06&checkout=2026-08-07&dest_id=-2772585&dest_type=city&group_adults=2&req_adults=2&no_rooms=1&group_children=0&req_children=0&hpos=9&hapos=357&sr_order=popularity&srpvid=a6ce56975cc70174&srepoch=1785759581&all_sr_blocks=1463477601_417654650_2_0_0&highlighted_blocks=1463477601_417654650_2_0_0&matching_block_id=1463477601_417654650_2_0_0&sr_pri_blocks=1463477601_417654650_2_0_0__1020000&from=searchresults,10200,,,Rawalpindi,7.0,Two-Bedroom Apartment,2 large double beds,0,1,1,https://cf.bstatic.com/xdata/images/hotel/square240/719970173.webp?k=3eeb56d784959aaf1d9a931a532077963f4db94a7af340e4ce34619cb1ae9824&o=,4,Rawalpindi
Royal by 2ndHome,https://www.booking.com/hotel/pk/2nd-home-rawalpindi.en-gb.html?aid=304142&label=gen173nr-10CAQoggJCDWNpdHlfLTI3NzI1ODVICVgEaLUBiAEBmAEzuAEHyAEM2AED6AEB-AEBiAIBqAIBuAKujsLTBsACAdICJDM4ZDNiYzA1LTEwOWUtNDU1NS04YmFhLTE1MzQ4MGIxZTY3OdgCAeACAQ&ucfs=1&arphpl=1&checkin=2026-08-06&checkout=2026-08-07&dest_id=-2772585&dest_type=city&group_adults=2&req_adults=2&no_rooms=1&group_children=0&req_children=0&hpos=10&hapos=358&sr_order=popularity&srpvid=a6ce56975cc70174&srepoch=1785759581&all_sr_blocks=1265134301_399170310_3_0_0&highlighted_blocks=1265134301_399170310_3_0_0&matching_block_id=1265134301_399170310_3_0_0&sr_pri_blocks=1265134301_399170310_3_0_0__2000000&from=searchresults,20000,10,1.0,Rawalpindi,10.1,One-Bedroom Apartment,1 large double bed,0,1,1,https://cf.bstatic.com/xdata/images/hotel/square240/762797584.webp?k=160994c4c3f844f92596a2657a2ddd958dee0716e6679b5011052d475b588268&o=,4,Rawalpindi
Spanish Inspired Two Bedroom Apartment,https://www.booking.com/hotel/pk/spanish-inspired-two-bedroom-apartment.en-gb.html?aid=304142&label=gen173nr-10CAQoggJCDWNpdHlfLTI3NzI1ODVICVgEaLUBiAEBmAEzuAEHyAEM2AED6AEB-AEBiAIBqAIBuAKujsLTBsACAdICJDM4ZDNiYzA1LTEwOWUtNDU1NS04YmFhLTE1MzQ4MGIxZTY3OdgCAeACAQ&ucfs=1&arphpl=1&checkin=2026-08-06&checkout=2026-08-07&dest_id=-2772585&dest_type=city&group_adults=2&req_adults=2&no_rooms=1&group_children=0&req_children=0&hpos=11&hapos=359&sr_order=popularity&srpvid=a6ce56975cc70174&srepoch=1785759581&all_sr_blocks=1663456201_438216235_4_0_0&highlighted_blocks=1663456201_438216235_4_0_0&matching_block_id=1663456201_438216235_4_0_0&sr_pri_blocks=1663456201_438216235_4_0_0__1190723&from=searchresults,11907,,,Rawalpindi,9.5,Two-Bedroom Apartment,1 large double bed,0,1,1,https://cf.bstatic.com/xdata/images/hotel/square240/881044471.webp?k=70fb10537a52191ddb114dfbd65aedae48cff22e02622e8776d28a928709a325&o=,5,Rawalpindi
Travo,https://www.booking.com/hotel/pk/travo.en-gb.html?aid=304142&label=gen173nr-10CAQoggJCDWNpdHlfLTI3NzI1ODVICVgEaLUBiAEBmAEzuAEHyAEM2AED6AEB-AEBiAIBqAIBuAKujsLTBsACAdICJDM4ZDNiYzA1LTEwOWUtNDU1NS04YmFhLTE1MzQ4MGIxZTY3OdgCAeACAQ&ucfs=1&arphpl=1&checkin=2026-08-06&checkout=2026-08-07&dest_id=-2772585&dest_type=city&group_adults=2&req_adults=2&no_rooms=1&group_children=0&req_children=0&hpos=12&hapos=360&sr_order=popularity&srpvid=a6ce56975cc70174&srepoch=1785759581&all_sr_blocks=1403224301_412132203_2_0_0&highlighted_blocks=1403224301_412132203_2_0_0&matching_block_id=1403224301_412132203_2_0_0&sr_pri_blocks=1403224301_412132203_2_0_0__720000&from=searchresults,7200,,,Rawalpindi,9.4,One-Bedroom Apartment,,0,1,1,https://cf.bstatic.com/xdata/images/hotel/square240/676094038.webp?k=a3074f9c7788c4c3118529faec19dcd959dc7791d6cd631ca058c5ab9fdea5e8&o=,5,Rawalpindi
A Cozy 1BHK Suite In Bahria Town,https://www.booking.com/hotel/pk/a-cozy-1bhk-suite-in-bahria-town.en-gb.html?aid=304142&label=gen173nr-10CAQoggJCDWNpdHlfLTI3NzI1ODVICVgEaLUBiAEBmAEzuAEHyAEM2AED6AEB-AEBiAIBqAIBuAKujsLTBsACAdICJDM4ZDNiYzA1LTEwOWUtNDU1NS04YmFhLTE1MzQ4MGIxZTY3OdgCAeACAQ&ucfs=1&arphpl=1&checkin=2026-08-06&checkout=2026-08-07&dest_id=-2772585&dest_type=city&group_adults=2&req_adults=2&no_rooms=1&group_children=0&req_children=0&hpos=13&hapos=361&sr_order=popularity&srpvid=a6ce56975cc70174&srepoch=1785759581&all_sr_blocks=1476993601_419141766_3_0_0&highlighted_blocks=1476993601_419141766_3_0_0&matching_block_id=1476993601_419141766_3_0_0&sr_pri_blocks=1476993601_419141766_3_0_0__1100000&from=searchresults,11000,,,Rawalpindi,7.7,One-Bedroom Apartment,1 double bed,0,1,1,https://cf.bstatic.com/xdata/images/hotel/square240/732069866.webp?k=8eddb278a70f5990f2409e26119802ebc38d37032a3dfdbb307d8eb89d20177d&o=,4,Rawalpindi
Rani Full Furnished apartment in rawal pindi,https://www.booking.com/hotel/pk/rani-full-furnished-apartment-in-rawal-pindi.en-gb.html?aid=304142&label=gen173nr-10CAQoggJCDWNpdHlfLTI3NzI1ODVICVgEaLUBiAEBmAEzuAEHyAEM2AED6AEB-AEBiAIBqAIBuAKujsLTBsACAdICJDM4ZDNiYzA1LTEwOWUtNDU1NS04YmFhLTE1MzQ4MGIxZTY3OdgCAeACAQ&ucfs=1&arphpl=1&checkin=2026-08-06&checkout=2026-08-07&dest_id=-2772585&dest_type=city&group_adults=2&req_adults=2&no_rooms=1&group_children=0&req_children=0&hpos=14&hapos=362&sr_order=popularity&srpvid=a6ce56975cc70174&srepoch=1785759581&all_sr_blocks=1565453401_427658169_2_0_0&highlighted_blocks=1565453401_427658169_2_0_0&matching_block_id=1565453401_427658169_2_0_0&sr_pri_blocks=1565453401_427658169_2_0_0__760000&from=searchresults,7600,,,Rawalpindi,6.0,One-Bedroom Apartment,1 double bed,0,1,1,https://cf.bstatic.com/xdata/images/hotel/square240/809679190.webp?k=fdf5bf66f8ee8a6829cbb7e1f0ed4571c92f94dd321cbfbfcdc5a6644d8277a6&o=,5,Rawalpindi
Luxury Apartment 25 off,https://www.booking.com/hotel/pk/luxury-apartment-25-off.en-gb.html?aid=304142&label=gen173nr-10CAQoggJCDWNpdHlfLTI3NzI1ODVICVgEaLUBiAEBmAEzuAEHyAEM2AED6AEB-AEBiAIBqAIBuAKujsLTBsACAdICJDM4ZDNiYzA1LTEwOWUtNDU1NS04YmFhLTE1MzQ4MGIxZTY3OdgCAeACAQ&ucfs=1&arphpl=1&checkin=2026-08-06&checkout=2026-08-07&dest_id=-2772585&dest_type=city&group_adults=2&req_adults=2&no_rooms=1&group_children=0&req_children=0&hpos=15&hapos=363&sr_order=popularity&srpvid=a6ce56975cc70174&srepoch=1785759581&all_sr_blocks=1532612701_424781525_4_0_0&highlighted_blocks=1532612701_424781525_4_0_0&matching_block_id=1532612701_424781525_4_0_0&sr_pri_blocks=1532612701_424781525_4_0_0__699900&from=searchresults,6999,,,Rawalpindi,9.6,One-Bedroom Apartment,"3 beds (1 double, 2 sofa beds)",0,1,1,https://cf.bstatic.com/xdata/images/hotel/square240/781885783.webp?k=9f22d0c1c9f93e1be447ca9043e3ef2f8ecfeed0bf75d744574ac719810043c0&o=,4,Rawalpindi
ZEM heights,https://www.booking.com/hotel/pk/zem-heights.en-gb.html?aid=304142&label=gen173nr-10CAQoggJCDWNpdHlfLTI3NzI1ODVICVgEaLUBiAEBmAEzuAEHyAEM2AED6AEB-AEBiAIBqAIBuAKujsLTBsACAdICJDM4ZDNiYzA1LTEwOWUtNDU1NS04YmFhLTE1MzQ4MGIxZTY3OdgCAeACAQ&ucfs=1&arphpl=1&checkin=2026-08-06&checkout=2026-08-07&dest_id=-2772585&dest_type=city&group_adults=2&req_adults=2&no_rooms=1&group_children=0&req_children=0&hpos=16&hapos=364&sr_order=popularity&srpvid=a6ce56975cc70174&srepoch=1785759581&all_sr_blocks=1619728501_432800535_2_0_0&highlighted_blocks=1619728501_432800535_2_0_0&matching_block_id=1619728501_432800535_2_0_0&sr_pri_blocks=1619728501_432800535_2_0_0__900000&from=searchresults,9000,,,Rawalpindi,12.2,Two-Bedroom Apartment,"3 beds (2 extra-large doubles, 1 sofa bed)",0,1,1,https://cf.bstatic.com/xdata/images/hotel/square240/855087810.webp?k=97be1b151065f434aa02e8c085305ea0d82b354ed8d8ac46a4f1bfb1930f9b3b&o=,4,Rawalpindi
Elegant by 2ndHome Equipped with massage chair,https://www.booking.com/hotel/pk/elegant-by-2ndhome-equipped-with-massage-chair.en-gb.html?aid=304142&label=gen173nr-10CAQoggJCDWNpdHlfLTI3NzI1ODVICVgEaLUBiAEBmAEzuAEHyAEM2AED6AEB-AEBiAIBqAIBuAKujsLTBsACAdICJDM4ZDNiYzA1LTEwOWUtNDU1NS04YmFhLTE1MzQ4MGIxZTY3OdgCAeACAQ&ucfs=1&arphpl=1&checkin=2026-08-06&checkout=2026-08-07&dest_id=-2772585&dest_type=city&group_adults=2&req_adults=2&no_rooms=1&group_children=0&req_children=0&hpos=17&hapos=365&sr_order=popularity&srpvid=a6ce56975cc70174&srepoch=1785759581&all_sr_blocks=1505739601_422318256_4_0_0&highlighted_blocks=1505739601_422318256_4_0_0&matching_block_id=1505739601_422318256_4_0_0&sr_pri_blocks=1505739601_422318256_4_0_0__2000000&from=searchresults,20000,,,Rawalpindi,10.2,One-Bedroom Apartment,1 extra-large double bed,0,1,1,https://cf.bstatic.com/xdata/images/hotel/square240/759025366.webp?k=65cd4ba261051cbd51f7cc4de3948e3a3ede2eef74423fb3e475a389205dca43&o=,4,Rawalpindi
Apartment in Islamabad F-10,https://www.booking.com/hotel/pk/apartment-in-islamabad-f-10.en-gb.html?aid=304142&label=gen173nr-10CAQoggJCDWNpdHlfLTI3NzI1ODVICVgEaLUBiAEBmAEzuAEHyAEM2AED6AEB-AEBiAIBqAIBuAKujsLTBsACAdICJDM4ZDNiYzA1LTEwOWUtNDU1NS04YmFhLTE1MzQ4MGIxZTY3OdgCAeACAQ&ucfs=1&arphpl=1&checkin=2026-08-06&checkout=2026-08-07&dest_id=-2772585&dest_type=city&group_adults=2&req_adults=2&no_rooms=1&group_children=0&req_children=0&hpos=18&hapos=366&sr_order=popularity&srpvid=a6ce56975cc70174&srepoch=1785759581&all_sr_blocks=1073770201_379925307_8_0_0&highlighted_blocks=1073770201_379925307_8_0_0&matching_block_id=1073770201_379925307_8_0_0&sr_pri_blocks=1073770201_379925307_8_0_0__1350000&from=searchresults,13500,7.0,1.0,Rawalpindi,8.3,Studio Apartment,"4 beds (3 sofa beds, 1 large double)",0,0,0,https://cf.bstatic.com/xdata/images/hotel/square240/490854430.webp?k=b02cd43f3d655e29b1f05882a30cceff6f9d87ab18e630fe0d364dbf9449df1b&o=,2,Rawalpindi
3BR Villa in Bahria Town RWP For Overseas Pakistanis,https://www.booking.com/hotel/pk/3br-villa-in-bahria-town-rwp-for-overseas-pakistanis.en-gb.html?aid=304142&label=gen173nr-10CAQoggJCDWNpdHlfLTI3NzI1ODVICVgEaLUBiAEBmAEzuAEHyAEM2AED6AEB-AEBiAIBqAIBuAKujsLTBsACAdICJDM4ZDNiYzA1LTEwOWUtNDU1NS04YmFhLTE1MzQ4MGIxZTY3OdgCAeACAQ&ucfs=1&arphpl=1&checkin=2026-08-06&checkout=2026-08-07&dest_id=-2772585&dest_type=city&group_adults=2&req_adults=2&no_rooms=1&group_children=0&req_children=0&hpos=19&hapos=367&sr_order=popularity&srpvid=a6ce56975cc70174&srepoch=1785759581&all_sr_blocks=1592477201_430313678_6_0_0&highlighted_blocks=1592477201_430313678_6_0_0&matching_block_id=1592477201_430313678_6_0_0&sr_pri_blocks=1592477201_430313678_6_0_0__4700000&from=searchresults,47000,,,Rawalpindi,4.7,Villa,1 extra-large double bed,0,1,1,https://cf.bstatic.com/xdata/images/hotel/square240/831909024.webp?k=3b054a21e65a19aaa991b06377e88d4ea6bde89d928aa97fff63e897a23a355c&o=,4,Rawalpindi
The Suite Spot Residences,https://www.booking.com/hotel/pk/the-suite-spot-residences.en-gb.html?aid=304142&label=gen173nr-10CAQoggJCDWNpdHlfLTI3NzI1ODVICVgEaLUBiAEBmAEzuAEHyAEM2AED6AEB-AEBiAIBqAIBuAKujsLTBsACAdICJDM4ZDNiYzA1LTEwOWUtNDU1NS04YmFhLTE1MzQ4MGIxZTY3OdgCAeACAQ&ucfs=1&arphpl=1&checkin=2026-08-06&checkout=2026-08-07&dest_id=-2772585&dest_type=city&group_adults=2&req_adults=2&no_rooms=1&group_children=0&req_children=0&hpos=20&hapos=368&sr_order=popularity&srpvid=a6ce56975cc70174&srepoch=1785759581&all_sr_blocks=1398217301_411696346_5_0_0&highlighted_blocks=1398217301_411696346_5_0_0&matching_block_id=1398217301_411696346_5_0_0&sr_pri_blocks=1398217301_411696346_5_0_0__1417500&from=searchresults,14175,,,Rawalpindi,8.6,Two-Bedroom Loft Apartment,2 large double beds,0,1,1,https://cf.bstatic.com/xdata/images/hotel/square240/673057726.webp?k=e7765751f20e4b428d027a48462df9db8dd12f4f67df1650c7a3640770be4c1c&o=,4,Rawalpindi
Noctera Living,https://www.booking.com/hotel/pk/noctera-living.en-gb.html?aid=304142&label=gen173nr-10CAQoggJCDWNpdHlfLTI3NzI1ODVICVgEaLUBiAEBmAEzuAEHyAEM2AED6AEB-AEBiAIBqAIBuAKujsLTBsACAdICJDM4ZDNiYzA1LTEwOWUtNDU1NS04YmFhLTE1MzQ4MGIxZTY3OdgCAeACAQ&ucfs=1&arphpl=1&checkin=2026-08-06&checkout=2026-08-07&dest_id=-2772585&dest_type=city&group_adults=2&req_adults=2&no_rooms=1&group_children=0&req_children=0&hpos=21&hapos=369&sr_order=popularity&srpvid=a6ce56975cc70174&srepoch=1785759581&all_sr_blocks=1646367501_434627996_3_0_0&highlighted_blocks=1646367501_434627996_3_0_0&matching_block_id=1646367501_434627996_3_0_0&sr_pri_blocks=1646367501_434627996_3_0_0__720000&from=searchresults,7200,,,Rawalpindi,11.3,One-Bedroom Apartment,"2 beds (1 double, 1 sofa bed)",0,1,1,https://cf.bstatic.com/xdata/images/hotel/square240/869977707.webp?k=8ce8401a6b4241bc50c24eef51d43ee23ffaa8876d7a239ccdd6854b737914f3&o=,5,Rawalpindi
Sky View Lodges,https://www.booking.com/hotel/pk/sky-view-lodges-rawalpindi1.en-gb.html?aid=304142&label=gen173nr-10CAQoggJCDWNpdHlfLTI3NzI1ODVICVgEaLUBiAEBmAEzuAEHyAEM2AED6AEB-AEBiAIBqAIBuAKujsLTBsACAdICJDM4ZDNiYzA1LTEwOWUtNDU1NS04YmFhLTE1MzQ4MGIxZTY3OdgCAeACAQ&ucfs=1&arphpl=1&checkin=2026-08-06&checkout=2026-08-07&dest_id=-2772585&dest_type=city&group_adults=2&req_adults=2&no_rooms=1&group_children=0&req_children=0&hpos=22&hapos=370&sr_order=popularity&srpvid=a6ce56975cc70174&srepoch=1785759581&all_sr_blocks=1547668401_426005939_2_0_0&highlighted_blocks=1547668401_426005939_2_0_0&matching_block_id=1547668401_426005939_2_0_0&sr_pri_blocks=1547668401_426005939_2_0_0__600000&from=searchresults,6000,,,Rawalpindi,12.6,One-Bedroom Apartment,"2 beds (1 double, 1 sofa bed)",0,1,1,https://cf.bstatic.com/xdata/images/hotel/square240/793649046.webp?k=ce0d831ae6c7a3f813e73a77de4630defc638419770f363194ae98a8a2738267&o=,5,Rawalpindi
house with a view,https://www.booking.com/hotel/pk/house-with-a-view.en-gb.html?aid=304142&label=gen173nr-10CAQoggJCDWNpdHlfLTI3NzI1ODVICVgEaLUBiAEBmAEzuAEHyAEM2AED6AEB-AEBiAIBqAIBuAKujsLTBsACAdICJDM4ZDNiYzA1LTEwOWUtNDU1NS04YmFhLTE1MzQ4MGIxZTY3OdgCAeACAQ&ucfs=1&arphpl=1&checkin=2026-08-06&checkout=2026-08-07&dest_id=-2772585&dest_type=city&group_adults=2&req_adults=2&no_rooms=1&group_children=0&req_children=0&hpos=23&hapos=371&sr_order=popularity&srpvid=a6ce56975cc70174&srepoch=1785759581&all_sr_blocks=1499188001_421597409_3_0_0&highlighted_blocks=1499188001_421597409_3_0_0&matching_block_id=1499188001_421597409_3_0_0&sr_pri_blocks=1499188001_421597409_3_0_0__1500000&from=searchresults,15000,,,Rawalpindi,7.7,Two-Bedroom Apartment,"2 beds (1 single, 1 double)",0,1,1,https://cf.bstatic.com/xdata/images/hotel/square240/753103439.webp?k=57a68575f260c4c1fd30567f1ffc502110a3ffd21aae5dc86f31ffa952c330bf&o=,4,Rawalpindi
Alpha Tower Business District Phase 8 Rawalpindi,https://www.booking.com/hotel/pk/alpha-tower-business-district-phase-8-rawalpindi.en-gb.html?aid=304142&label=gen173nr-10CAQoggJCDWNpdHlfLTI3NzI1ODVICVgEaLUBiAEBmAEzuAEHyAEM2AED6AEB-AEBiAIBqAIBuAKujsLTBsACAdICJDM4ZDNiYzA1LTEwOWUtNDU1NS04YmFhLTE1MzQ4MGIxZTY3OdgCAeACAQ&ucfs=1&arphpl=1&checkin=2026-08-06&checkout=2026-08-07&dest_id=-2772585&dest_type=city&group_adults=2&req_adults=2&no_rooms=1&group_children=0&req_children=0&hpos=24&hapos=372&sr_order=popularity&srpvid=a6ce56975cc70174&srepoch=1785759581&all_sr_blocks=1628236201_433438487_6_0_0&highlighted_blocks=1628236201_433438487_6_0_0&matching_block_id=1628236201_433438487_6_0_0&sr_pri_blocks=1628236201_433438487_6_0_0__1600000&from=searchresults,16000,,,Rawalpindi,9.0,Two-Bedroom Apartment,"4 beds (2 singles, 1 extra-large double, 1 sofa bed)",0,1,1,https://cf.bstatic.com/xdata/images/hotel/square240/860588098.webp?k=68c25f36f025d8199bba3021ba59fdb0df60a1671e94e03e57b42721ccf1bfcf&o=,4,Rawalpindi
The Sapphire,https://www.booking.com/hotel/pk/the-sapphire-rawalpindi.en-gb.html?aid=304142&label=gen173nr-10CAQoggJCDWNpdHlfLTI3NzI1ODVICVgEaLUBiAEBmAEzuAEHyAEM2AED6AEB-AEBiAIBqAIBuAKujsLTBsACAdICJDM4ZDNiYzA1LTEwOWUtNDU1NS04YmFhLTE1MzQ4MGIxZTY3OdgCAeACAQ&ucfs=1&arphpl=1&checkin=2026-08-06&checkout=2026-08-07&dest_id=-2772585&dest_type=city&group_adults=2&req_adults=2&no_rooms=1&group_children=0&req_children=0&hpos=25&hapos=373&sr_order=popularity&srpvid=a6ce56975cc70174&srepoch=1785759581&all_sr_blocks=1413196201_413059808_2_0_0&highlighted_blocks=1413196201_413059808_2_0_0&matching_block_id=1413196201_413059808_2_0_0&sr_pri_blocks=1413196201_413059808_2_0_0__900000&from=searchresults,9000,,,Rawalpindi,6.0,One-Bedroom Apartment,"2 beds (1 extra-large double, 1 sofa bed)",0,1,1,https://cf.bstatic.com/xdata/images/hotel/square240/681940907.webp?k=fcec3f02f251c4db0c605a89b1eecd563479245619ae8bf41c4538c63702fad2&o=,4,Rawalpindi
"Luxury One Bed Apartment, Bahria Town Phase 3",https://www.booking.com/hotel/pk/luxury-one-bed-apartment-bahria-town-phase-3.en-gb.html?aid=304142&label=gen173nr-10CAQoggJCDWNpdHlfLTI3NzI1ODVICVgEaLUBiAEBmAEzuAEHyAEM2AED6AEB-AEBiAIBqAIBuAKujsLTBsACAdICJDM4ZDNiYzA1LTEwOWUtNDU1NS04YmFhLTE1MzQ4MGIxZTY3OdgCAeACAQ&ucfs=1&arphpl=1&checkin=2026-08-06&checkout=2026-08-07&dest_id=-2772585&dest_type=city&group_adults=2&req_adults=2&no_rooms=1&group_children=0&req_children=0&hpos=1&hapos=374&sr_order=popularity&srpvid=a6ce56975cc70174&srepoch=1785759584&all_sr_blocks=1548000101_426025140_4_0_0&highlighted_blocks=1548000101_426025140_4_0_0&matching_block_id=1548000101_426025140_4_0_0&sr_pri_blocks=1548000101_426025140_4_0_0__1450000&from=searchresults,14500,,,Rawalpindi,7.0,One-Bedroom Apartment,1 double bed,0,1,1,https://cf.bstatic.com/xdata/images/hotel/square240/793764959.webp?k=ede8cdecd46dbabd30af8148c0fbb8f2a841a3daf05ded575646e26df7d5f791&o=,4,Rawalpindi
Bahria town phase 4 civic center,https://www.booking.com/hotel/pk/bahria-town-phase-4-civic-center.en-gb.html?aid=304142&label=gen173nr-10CAQoggJCDWNpdHlfLTI3NzI1ODVICVgEaLUBiAEBmAEzuAEHyAEM2AED6AEB-AEBiAIBqAIBuAKujsLTBsACAdICJDM4ZDNiYzA1LTEwOWUtNDU1NS04YmFhLTE1MzQ4MGIxZTY3OdgCAeACAQ&ucfs=1&arphpl=1&checkin=2026-08-06&checkout=2026-08-07&dest_id=-2772585&dest_type=city&group_adults=2&req_adults=2&no_rooms=1&group_children=0&req_children=0&hpos=2&hapos=375&sr_order=popularity&srpvid=a6ce56975cc70174&srepoch=1785759584&all_sr_blocks=1490652701_420728356_2_0_0&highlighted_blocks=1490652701_420728356_2_0_0&matching_block_id=1490652701_420728356_2_0_0&sr_pri_blocks=1490652701_420728356_2_0_0__650000&from=searchresults,6500,,,Rawalpindi,8.3,One-Bedroom Apartment,1 large double bed,0,1,1,https://cf.bstatic.com/xdata/images/hotel/square240/744015858.webp?k=5aac7ef5e4143edefceab4a0d33756ef69f8bf4b18d4e2ac3686b33dad49f954&o=,4,Rawalpindi
A quite getaway Apartment,https://www.booking.com/hotel/pk/a-quite-getaway-apartment.en-gb.html?aid=304142&label=gen173nr-10CAQoggJCDWNpdHlfLTI3NzI1ODVICVgEaLUBiAEBmAEzuAEHyAEM2AED6AEB-AEBiAIBqAIBuAKujsLTBsACAdICJDM4ZDNiYzA1LTEwOWUtNDU1NS04YmFhLTE1MzQ4MGIxZTY3OdgCAeACAQ&ucfs=1&arphpl=1&checkin=2026-08-06&checkout=2026-08-07&dest_id=-2772585&dest_type=city&group_adults=2&req_adults=2&no_rooms=1&group_children=0&req_children=0&hpos=3&hapos=376&sr_order=popularity&srpvid=a6ce56975cc70174&srepoch=1785759584&all_sr_blocks=1653131001_437273733_2_2_0&highlighted_blocks=1653131001_437273733_2_2_0&matching_block_id=1653131001_437273733_2_2_0&sr_pri_blocks=1653131001_437273733_2_2_0__960000&from=searchresults,9600,,,Rawalpindi,10.9,One-Bedroom Apartment,1 double bed,0,1,1,https://cf.bstatic.com/xdata/images/hotel/square240/886730688.webp?k=d12a18f68c95e6bd71d83c3b383c48074e656f6d37fd7a110072b5a51f14334e&o=,5,Rawalpindi
Hadi Heights Service appartments,https://www.booking.com/hotel/pk/hadi-heights-service-appartments.en-gb.html?aid=304142&label=gen173nr-10CAQoggJCDWNpdHlfLTI3NzI1ODVICVgEaLUBiAEBmAEzuAEHyAEM2AED6AEB-AEBiAIBqAIBuAKujsLTBsACAdICJDM4ZDNiYzA1LTEwOWUtNDU1NS04YmFhLTE1MzQ4MGIxZTY3OdgCAeACAQ&ucfs=1&arphpl=1&checkin=2026-08-06&checkout=2026-08-07&dest_id=-2772585&dest_type=city&group_adults=2&req_adults=2&no_rooms=1&group_children=0&req_children=0&hpos=4&hapos=377&sr_order=popularity&srpvid=a6ce56975cc70174&srepoch=1785759584&all_sr_blocks=1399732301_411830100_2_0_0&highlighted_blocks=1399732301_411830100_2_0_0&matching_block_id=1399732301_411830100_2_0_0&sr_pri_blocks=1399732301_411830100_2_0_0__1700000&from=searchresults,17000,,,Rawalpindi,8.2,One-Bedroom Apartment,"6 beds (1 single, 2 doubles, 1 extra-large double, 1 sofa bed, 1 large double)",0,1,1,https://cf.bstatic.com/xdata/images/hotel/square240/673979973.webp?k=baff368ae29e71be4f029b6734616ecc13ae7360ef8b8133c92a87c120e6a10c&o=,4,Rawalpindi
One Bed Luxury Appartment,https://www.booking.com/hotel/pk/one-bed-luxury-appartment-rawalpindi.en-gb.html?aid=304142&label=gen173nr-10CAQoggJCDWNpdHlfLTI3NzI1ODVICVgEaLUBiAEBmAEzuAEHyAEM2AED6AEB-AEBiAIBqAIBuAKujsLTBsACAdICJDM4ZDNiYzA1LTEwOWUtNDU1NS04YmFhLTE1MzQ4MGIxZTY3OdgCAeACAQ&ucfs=1&arphpl=1&checkin=2026-08-06&checkout=2026-08-07&dest_id=-2772585&dest_type=city&group_adults=2&req_adults=2&no_rooms=1&group_children=0&req_children=0&hpos=5&hapos=378&sr_order=popularity&srpvid=a6ce56975cc70174&srepoch=1785759584&all_sr_blocks=1461632101_417459749_2_0_0&highlighted_blocks=1461632101_417459749_2_0_0&matching_block_id=1461632101_417459749_2_0_0&sr_pri_blocks=1461632101_417459749_2_0_0__850000&from=searchresults,8500,,,Rawalpindi,9.0,One-Bedroom Apartment,"2 beds (1 double, 1 sofa bed)",0,1,1,https://cf.bstatic.com/xdata/images/hotel/square240/717871215.webp?k=21eaec2dcc945d922eb7f8e81c24eaf68a80794fd2f7b44fdafb7471105d874e&o=,4,Rawalpindi
Pavilion 99 Serenity Appartment 2bhk,https://www.booking.com/hotel/pk/pavilion-99-serenity-appartment-2bhk.en-gb.html?aid=304142&label=gen173nr-10CAQoggJCDWNpdHlfLTI3NzI1ODVICVgEaLUBiAEBmAEzuAEHyAEM2AED6AEB-AEBiAIBqAIBuAKujsLTBsACAdICJDM4ZDNiYzA1LTEwOWUtNDU1NS04YmFhLTE1MzQ4MGIxZTY3OdgCAeACAQ&ucfs=1&arphpl=1&checkin=2026-08-06&checkout=2026-08-07&dest_id=-2772585&dest_type=city&group_adults=2&req_adults=2&no_rooms=1&group_children=0&req_children=0&hpos=6&hapos=379&sr_order=popularity&srpvid=a6ce56975cc70174&srepoch=1785759584&all_sr_blocks=1552619401_426439085_2_0_0&highlighted_blocks=1552619401_426439085_2_0_0&matching_block_id=1552619401_426439085_2_0_0&sr_pri_blocks=1552619401_426439085_2_0_0__1377000&from=searchresults,13770,,,Rawalpindi,8.2,Two-Bedroom Apartment,2 double beds,0,1,1,https://cf.bstatic.com/xdata/images/hotel/square240/798697430.webp?k=ccaab4f0b24e34f9101fc559a335eaf7362ce7610c4fa49c5f29a38b458cf172&o=,4,Rawalpindi
Abbas,https://www.booking.com/hotel/pk/abbas.en-gb.html?aid=304142&label=gen173nr-10CAQoggJCDWNpdHlfLTI3NzI1ODVICVgEaLUBiAEBmAEzuAEHyAEM2AED6AEB-AEBiAIBqAIBuAKujsLTBsACAdICJDM4ZDNiYzA1LTEwOWUtNDU1NS04YmFhLTE1MzQ4MGIxZTY3OdgCAeACAQ&ucfs=1&arphpl=1&checkin=2026-08-06&checkout=2026-08-07&dest_id=-2772585&dest_type=city&group_adults=2&req_adults=2&no_rooms=1&group_children=0&req_children=0&hpos=7&hapos=380&sr_order=popularity&srpvid=a6ce56975cc70174&srepoch=1785759584&all_sr_blocks=1432524001_414821319_2_0_0&highlighted_blocks=1432524001_414821319_2_0_0&matching_block_id=1432524001_414821319_2_0_0&sr_pri_blocks=1432524001_414821319_2_0_0__800000&from=searchresults,8000,,,Rawalpindi,11.4,One-Bedroom Apartment,"2 beds (1 double, 1 sofa bed)",0,1,1,https://cf.bstatic.com/xdata/images/hotel/square240/694512085.webp?k=f9666aad2ae4a27a1001244683ce366cbe3919e219c7cec49d9eca8cd4733eea&o=,4,Rawalpindi
Cozy Studio in Bahria Town with Self-Check-in Rawalpindi,https://www.booking.com/hotel/pk/cozy-studio-in-bahria-town-with-self-check-in-rawalpindi.en-gb.html?aid=304142&label=gen173nr-10CAQoggJCDWNpdHlfLTI3NzI1ODVICVgEaLUBiAEBmAEzuAEHyAEM2AED6AEB-AEBiAIBqAIBuAKujsLTBsACAdICJDM4ZDNiYzA1LTEwOWUtNDU1NS04YmFhLTE1MzQ4MGIxZTY3OdgCAeACAQ&ucfs=1&arphpl=1&checkin=2026-08-06&checkout=2026-08-07&dest_id=-2772585&dest_type=city&group_adults=2&req_adults=2&no_rooms=1&group_children=0&req_children=0&hpos=8&hapos=381&sr_order=popularity&srpvid=a6ce56975cc70174&srepoch=1785759584&all_sr_blocks=1618071601_432646458_2_0_0&highlighted_blocks=1618071601_432646458_2_0_0&matching_block_id=1618071601_432646458_2_0_0&sr_pri_blocks=1618071601_432646458_2_0_0__680000&from=searchresults,6800,,,Rawalpindi,7.7,Studio Apartment,1 extra-large double bed,0,1,1,https://cf.bstatic.com/xdata/images/hotel/square240/865605328.webp?k=8901f0c7b59e7f91693d8145b920bd63b5177af4b9e2ab20f4411d4fc2bdfb63&o=,4,Rawalpindi
Daily Weekly,https://www.booking.com/hotel/pk/daily-weekly.en-gb.html?aid=304142&label=gen173nr-10CAQoggJCDWNpdHlfLTI3NzI1ODVICVgEaLUBiAEBmAEzuAEHyAEM2AED6AEB-AEBiAIBqAIBuAKujsLTBsACAdICJDM4ZDNiYzA1LTEwOWUtNDU1NS04YmFhLTE1MzQ4MGIxZTY3OdgCAeACAQ&ucfs=1&arphpl=1&checkin=2026-08-06&checkout=2026-08-07&dest_id=-2772585&dest_type=city&group_adults=2&req_adults=2&no_rooms=1&group_children=0&req_children=0&hpos=9&hapos=382&sr_order=popularity&srpvid=a6ce56975cc70174&srepoch=1785759584&all_sr_blocks=1538460401_425286537_2_0_0&highlighted_blocks=1538460401_425286537_2_0_0&matching_block_id=1538460401_425286537_2_0_0&sr_pri_blocks=1538460401_425286537_2_0_0__625000&from=searchresults,6250,7.0,1.0,Rawalpindi,7.6,One-Bedroom Apartment,1 double bed,0,1,1,https://cf.bstatic.com/xdata/images/hotel/square240/786773058.webp?k=bbee9347c88903abba26a015975a88306f3d98280b29bf43d0163308c2a7972e&o=,4,Rawalpindi
Prime Executive Residency,https://www.booking.com/hotel/pk/prime-executive-residency.en-gb.html?aid=304142&label=gen173nr-10CAQoggJCDWNpdHlfLTI3NzI1ODVICVgEaLUBiAEBmAEzuAEHyAEM2AED6AEB-AEBiAIBqAIBuAKujsLTBsACAdICJDM4ZDNiYzA1LTEwOWUtNDU1NS04YmFhLTE1MzQ4MGIxZTY3OdgCAeACAQ&ucfs=1&arphpl=1&checkin=2026-08-06&checkout=2026-08-07&dest_id=-2772585&dest_type=city&group_adults=2&req_adults=2&no_rooms=1&group_children=0&req_children=0&hpos=10&hapos=383&sr_order=popularity&srpvid=a6ce56975cc70174&srepoch=1785759584&all_sr_blocks=1579808701_429079976_2_0_0&highlighted_blocks=1579808701_429079976_2_0_0&matching_block_id=1579808701_429079976_2_0_0&sr_pri_blocks=1579808701_429079976_2_0_0__1147500&from=searchresults,11475,,,Rawalpindi,4.6,Two-Bedroom Apartment,"8 beds (1 single, 1 double, 5 sofa beds, 1 futon)",0,1,1,https://cf.bstatic.com/xdata/images/hotel/square240/821897872.webp?k=a4cf90c22ac276f9a9dc54c4e407f843c984611c0a6e107edabc92dc23a41ddb&o=,4,Rawalpindi
Eagle Nest,https://www.booking.com/hotel/pk/eagle-nest-islamabad1.en-gb.html?aid=304142&label=gen173nr-10CAQoggJCDWNpdHlfLTI3NzI1ODVICVgEaLUBiAEBmAEzuAEHyAEM2AED6AEB-AEBiAIBqAIBuAKujsLTBsACAdICJDM4ZDNiYzA1LTEwOWUtNDU1NS04YmFhLTE1MzQ4MGIxZTY3OdgCAeACAQ&ucfs=1&arphpl=1&checkin=2026-08-06&checkout=2026-08-07&dest_id=-2772585&dest_type=city&group_adults=2&req_adults=2&no_rooms=1&group_children=0&req_children=0&hpos=11&hapos=384&sr_order=popularity&srpvid=a6ce56975cc70174&srepoch=1785759584&all_sr_blocks=1470517901_418401555_2_0_0&highlighted_blocks=1470517901_418401555_2_0_0&matching_block_id=1470517901_418401555_2_0_0&sr_pri_blocks=1470517901_418401555_2_0_0__1000000&from=searchresults,10000,,,Rawalpindi,9.3,Deluxe Double Room (2 Adults + 1 Child),1 double bed,0,1,1,https://cf.bstatic.com/xdata/images/hotel/square240/726798501.webp?k=1d71063ee8fad2b302ef3b6379ef38c8969912043fbb3662bfb5a9823dc68a3c&o=,4,Rawalpindi
WildWest by 2ndHome,https://www.booking.com/hotel/pk/wildwest-by-2ndhome.en-gb.html?aid=304142&label=gen173nr-10CAQoggJCDWNpdHlfLTI3NzI1ODVICVgEaLUBiAEBmAEzuAEHyAEM2AED6AEB-AEBiAIBqAIBuAKujsLTBsACAdICJDM4ZDNiYzA1LTEwOWUtNDU1NS04YmFhLTE1MzQ4MGIxZTY3OdgCAeACAQ&ucfs=1&arphpl=1&checkin=2026-08-06&checkout=2026-08-07&dest_id=-2772585&dest_type=city&group_adults=2&req_adults=2&no_rooms=1&group_children=0&req_children=0&hpos=12&hapos=385&sr_order=popularity&srpvid=a6ce56975cc70174&srepoch=1785759584&all_sr_blocks=1505726701_422317383_8_0_0&highlighted_blocks=1505726701_422317383_8_0_0&matching_block_id=1505726701_422317383_8_0_0&sr_pri_blocks=1505726701_422317383_8_0_0__5500000&from=searchresults,55000,8.5,2.0,Rawalpindi,10.2,Two-Bedroom Apartment,3 extra-large double beds,0,1,1,https://cf.bstatic.com/xdata/images/hotel/square240/759019400.webp?k=f9a8755f3cb5f47f3e1279b4324ba42e6492e9e920382ec1254795a465c61b4b&o=,4,Rawalpindi
Cozy Stay in Bahria phase 7 Islamabad,https://www.booking.com/hotel/pk/cozy-stay-in-bahria-phase-7-islamabad.en-gb.html?aid=304142&label=gen173nr-10CAQoggJCDWNpdHlfLTI3NzI1ODVICVgEaLUBiAEBmAEzuAEHyAEM2AED6AEB-AEBiAIBqAIBuAKujsLTBsACAdICJDM4ZDNiYzA1LTEwOWUtNDU1NS04YmFhLTE1MzQ4MGIxZTY3OdgCAeACAQ&ucfs=1&arphpl=1&checkin=2026-08-06&checkout=2026-08-07&dest_id=-2772585&dest_type=city&group_adults=2&req_adults=2&no_rooms=1&group_children=0&req_children=0&hpos=13&hapos=386&sr_order=popularity&srpvid=a6ce56975cc70174&srepoch=1785759584&all_sr_blocks=1491848701_421146090_0_0_0_1199843&highlighted_blocks=1491848701_421146090_0_0_0_1199843&matching_block_id=1491848701_421146090_0_0_0_1199843&sr_pri_blocks=1491848701_421146090_0_0_0_1199843_1350000&from=searchresults,13500,9.0,2.0,Rawalpindi,9.1,One-Bedroom Apartment,1 double bed,0,1,1,https://cf.bstatic.com/xdata/images/hotel/square240/746494300.webp?k=f4d82486e988bdb6454b16a7225b7e2b73ea299b29fd9ac6052d99c6fa6f46ca&o=,4,Rawalpindi
Town apartments,https://www.booking.com/hotel/pk/town-apartments.en-gb.html?aid=304142&label=gen173nr-10CAQoggJCDWNpdHlfLTI3NzI1ODVICVgEaLUBiAEBmAEzuAEHyAEM2AED6AEB-AEBiAIBqAIBuAKujsLTBsACAdICJDM4ZDNiYzA1LTEwOWUtNDU1NS04YmFhLTE1MzQ4MGIxZTY3OdgCAeACAQ&ucfs=1&arphpl=1&checkin=2026-08-06&checkout=2026-08-07&dest_id=-2772585&dest_type=city&group_adults=2&req_adults=2&no_rooms=1&group_children=0&req_children=0&hpos=14&hapos=387&sr_order=popularity&srpvid=a6ce56975cc70174&srepoch=1785759584&all_sr_blocks=1504496401_422198737_3_1_0&highlighted_blocks=1504496401_422198737_3_1_0&matching_block_id=1504496401_422198737_3_1_0&sr_pri_blocks=1504496401_422198737_3_1_0__1800000&from=searchresults,18000,,,Rawalpindi,4.5,One-Bedroom Apartment,"2 beds (1 sofa bed, 1 large double)",1,1,1,https://cf.bstatic.com/xdata/images/hotel/square240/757969504.webp?k=2696cee4773f3853316d765d23892c5baccfec189b95bf32e25ebd7ed1085bd6&o=,4,Rawalpindi
IMAR Services Apartment,https://www.booking.com/hotel/pk/imar-services-apartment-rawalpindi.en-gb.html?aid=304142&label=gen173nr-10CAQoggJCDWNpdHlfLTI3NzI1ODVICVgEaLUBiAEBmAEzuAEHyAEM2AED6AEB-AEBiAIBqAIBuAKujsLTBsACAdICJDM4ZDNiYzA1LTEwOWUtNDU1NS04YmFhLTE1MzQ4MGIxZTY3OdgCAeACAQ&ucfs=1&arphpl=1&checkin=2026-08-06&checkout=2026-08-07&dest_id=-2772585&dest_type=city&group_adults=2&req_adults=2&no_rooms=1&group_children=0&req_children=0&hpos=15&hapos=388&sr_order=popularity&srpvid=a6ce56975cc70174&srepoch=1785759584&all_sr_blocks=1501140001_421789737_3_0_0&highlighted_blocks=1501140001_421789737_3_0_0&matching_block_id=1501140001_421789737_3_0_0&sr_pri_blocks=1501140001_421789737_3_0_0__2210000&from=searchresults,22100,,,Rawalpindi,7.0,Three-Bedroom Apartment,"8 beds (1 extra-large double, 7 sofa beds)",0,1,1,https://cf.bstatic.com/xdata/images/hotel/square240/755294109.webp?k=7f7965decbf75d63f06f7ea961c44d2b995409ec5287808d6e491b4bea0d82c2&o=,4,Rawalpindi
Eye on luxury appartment,https://www.booking.com/hotel/pk/eye-on-luxury-appartment.en-gb.html?aid=304142&label=gen173nr-10CAQoggJCDWNpdHlfLTI3NzI1ODVICVgEaLUBiAEBmAEzuAEHyAEM2AED6AEB-AEBiAIBqAIBuAKujsLTBsACAdICJDM4ZDNiYzA1LTEwOWUtNDU1NS04YmFhLTE1MzQ4MGIxZTY3OdgCAeACAQ&ucfs=1&arphpl=1&checkin=2026-08-06&checkout=2026-08-07&dest_id=-2772585&dest_type=city&group_adults=2&req_adults=2&no_rooms=1&group_children=0&req_children=0&hpos=16&hapos=389&sr_order=popularity&srpvid=a6ce56975cc70174&srepoch=1785759584&all_sr_blocks=1582308301_429345489_2_0_0&highlighted_blocks=1582308301_429345489_2_0_0&matching_block_id=1582308301_429345489_2_0_0&sr_pri_blocks=1582308301_429345489_2_0_0__1000000&from=searchresults,10000,,,Rawalpindi,9.7,Two-Bedroom Apartment,1 extra-large double bed,0,1,1,https://cf.bstatic.com/xdata/images/hotel/square240/824973236.webp?k=d3f36bfe28ec239993f43c706d34b7713e4fae6c27fb8ea61eb9bce8ea6b313e&o=,4,Rawalpindi
Luxury one bed flat,https://www.booking.com/hotel/pk/luxury-one-bed-flat.en-gb.html?aid=304142&label=gen173nr-10CAQoggJCDWNpdHlfLTI3NzI1ODVICVgEaLUBiAEBmAEzuAEHyAEM2AED6AEB-AEBiAIBqAIBuAKujsLTBsACAdICJDM4ZDNiYzA1LTEwOWUtNDU1NS04YmFhLTE1MzQ4MGIxZTY3OdgCAeACAQ&ucfs=1&arphpl=1&checkin=2026-08-06&checkout=2026-08-07&dest_id=-2772585&dest_type=city&group_adults=2&req_adults=2&no_rooms=1&group_children=0&req_children=0&hpos=17&hapos=390&sr_order=popularity&srpvid=a6ce56975cc70174&srepoch=1785759584&all_sr_blocks=1542981901_425645945_3_0_0&highlighted_blocks=1542981901_425645945_3_0_0&matching_block_id=1542981901_425645945_3_0_0&sr_pri_blocks=1542981901_425645945_3_0_0__749900&from=searchresults,7499,,,Rawalpindi,9.6,One-Bedroom Apartment,1 double bed,0,1,1,https://cf.bstatic.com/xdata/images/hotel/square240/790194490.webp?k=564039dd5fe48027b5110aa3a4d40b1df1e61e9e3a18f8d508b45a371238b384&o=,4,Rawalpindi
Euor 1BHK,https://www.booking.com/hotel/pk/euor-1bhk.en-gb.html?aid=304142&label=gen173nr-10CAQoggJCDWNpdHlfLTI3NzI1ODVICVgEaLUBiAEBmAEzuAEHyAEM2AED6AEB-AEBiAIBqAIBuAKujsLTBsACAdICJDM4ZDNiYzA1LTEwOWUtNDU1NS04YmFhLTE1MzQ4MGIxZTY3OdgCAeACAQ&ucfs=1&arphpl=1&checkin=2026-08-06&checkout=2026-08-07&dest_id=-2772585&dest_type=city&group_adults=2&req_adults=2&no_rooms=1&group_children=0&req_children=0&hpos=18&hapos=391&sr_order=popularity&srpvid=a6ce56975cc70174&srepoch=1785759584&all_sr_blocks=1494711501_421140353_3_0_0&highlighted_blocks=1494711501_421140353_3_0_0&matching_block_id=1494711501_421140353_3_0_0&sr_pri_blocks=1494711501_421140353_3_0_0__700000&from=searchresults,7000,,,Rawalpindi,7.9,One-Bedroom Apartment,"2 beds (1 double, 1 sofa bed)",0,1,1,https://cf.bstatic.com/xdata/images/hotel/square240/748177849.webp?k=4c614e56eabc97d42e28d0183e17194254b2da914888b4f1e0fe7d8eb29c5128&o=,4,Rawalpindi
Sunset Heights,https://www.booking.com/hotel/pk/sunset-heights-rawalpindi.en-gb.html?aid=304142&label=gen173nr-10CAQoggJCDWNpdHlfLTI3NzI1ODVICVgEaLUBiAEBmAEzuAEHyAEM2AED6AEB-AEBiAIBqAIBuAKujsLTBsACAdICJDM4ZDNiYzA1LTEwOWUtNDU1NS04YmFhLTE1MzQ4MGIxZTY3OdgCAeACAQ&ucfs=1&arphpl=1&checkin=2026-08-06&checkout=2026-08-07&dest_id=-2772585&dest_type=city&group_adults=2&req_adults=2&no_rooms=1&group_children=0&req_children=0&hpos=19&hapos=392&sr_order=popularity&srpvid=a6ce56975cc70174&srepoch=1785759584&all_sr_blocks=1564833301_427583040_5_0_0&highlighted_blocks=1564833301_427583040_5_0_0&matching_block_id=1564833301_427583040_5_0_0&sr_pri_blocks=1564833301_427583040_5_0_0__850000&from=searchresults,8500,,,Rawalpindi,11.3,One-Bedroom Apartment,"3 beds (2 doubles, 1 sofa bed)",0,1,1,https://cf.bstatic.com/xdata/images/hotel/square240/809256644.webp?k=e4d7c2f88c3aac62197f151843e8afcf4d97b93f82aa554a08437c75a5b20615&o=,4,Rawalpindi
QB 2BD Bahria Furnished Ground Floor Gem,https://www.booking.com/hotel/pk/qb-2bd-bahria-furnished-ground-floor-gem.en-gb.html?aid=304142&label=gen173nr-10CAQoggJCDWNpdHlfLTI3NzI1ODVICVgEaLUBiAEBmAEzuAEHyAEM2AED6AEB-AEBiAIBqAIBuAKujsLTBsACAdICJDM4ZDNiYzA1LTEwOWUtNDU1NS04YmFhLTE1MzQ4MGIxZTY3OdgCAeACAQ&ucfs=1&arphpl=1&checkin=2026-08-06&checkout=2026-08-07&dest_id=-2772585&dest_type=city&group_adults=2&req_adults=2&no_rooms=1&group_children=0&req_children=0&hpos=20&hapos=393&sr_order=popularity&srpvid=a6ce56975cc70174&srepoch=1785759584&all_sr_blocks=1397361501_411628784_5_0_0&highlighted_blocks=1397361501_411628784_5_0_0&matching_block_id=1397361501_411628784_5_0_0&sr_pri_blocks=1397361501_411628784_5_0_0__1250000&from=searchresults,12500,,,Rawalpindi,12.0,Two-Bedroom House,2 large double beds,0,1,1,https://cf.bstatic.com/xdata/images/hotel/square240/672596202.webp?k=88aa15e4095580cb23d9c8ae3ecb7c8ea7b74b2e221e4525bf3f8f928105c96d&o=,10,Rawalpindi
Serene getaway,https://www.booking.com/hotel/pk/serene-getaway.en-gb.html?aid=304142&label=gen173nr-10CAQoggJCDWNpdHlfLTI3NzI1ODVICVgEaLUBiAEBmAEzuAEHyAEM2AED6AEB-AEBiAIBqAIBuAKujsLTBsACAdICJDM4ZDNiYzA1LTEwOWUtNDU1NS04YmFhLTE1MzQ4MGIxZTY3OdgCAeACAQ&ucfs=1&arphpl=1&checkin=2026-08-06&checkout=2026-08-07&dest_id=-2772585&dest_type=city&group_adults=2&req_adults=2&no_rooms=1&group_children=0&req_children=0&hpos=21&hapos=394&sr_order=popularity&srpvid=a6ce56975cc70174&srepoch=1785759584&all_sr_blocks=1338075901_406255460_2_0_0&highlighted_blocks=1338075901_406255460_2_0_0&matching_block_id=1338075901_406255460_2_0_0&sr_pri_blocks=1338075901_406255460_2_0_0__711000&from=searchresults,7110,,,Rawalpindi,8.8,One-Bedroom Apartment,"2 beds (1 double, 1 sofa bed)",0,0,1,https://cf.bstatic.com/xdata/images/hotel/square240/633882815.webp?k=92664123028b8b1be263dd0cd89256d55e31b88eed5603fc89d29e256aa42afa&o=,3,Rawalpindi
2 by 1 Bedroom Apartment OMNIA HEIGHTS,https://www.booking.com/hotel/pk/2-by-1-bedroom-apartment-omnia-heights.en-gb.html?aid=304142&label=gen173nr-10CAQoggJCDWNpdHlfLTI3NzI1ODVICVgEaLUBiAEBmAEzuAEHyAEM2AED6AEB-AEBiAIBqAIBuAKujsLTBsACAdICJDM4ZDNiYzA1LTEwOWUtNDU1NS04YmFhLTE1MzQ4MGIxZTY3OdgCAeACAQ&ucfs=1&arphpl=1&checkin=2026-08-06&checkout=2026-08-07&dest_id=-2772585&dest_type=city&group_adults=2&req_adults=2&no_rooms=1&group_children=0&req_children=0&hpos=22&hapos=395&sr_order=popularity&srpvid=a6ce56975cc70174&srepoch=1785759584&all_sr_blocks=1576017401_428718044_2_0_0&highlighted_blocks=1576017401_428718044_2_0_0&matching_block_id=1576017401_428718044_2_0_0&sr_pri_blocks=1576017401_428718044_2_0_0__1275000&from=searchresults,12750,,,Rawalpindi,7.7,One-Bedroom Apartment,"3 beds (2 doubles, 1 sofa bed)",0,1,1,https://cf.bstatic.com/xdata/images/hotel/square240/818418559.webp?k=d084dddab126aefa04dde21551f1a2eb5a0287d6023bbaf02fee9f63fccb0c50&o=,4,Rawalpindi
1BHK In Civic Centre Bahria Town Rawalpindi,https://www.booking.com/hotel/pk/1bhk-in-bahria-town-rawalpindi.en-gb.html?aid=304142&label=gen173nr-10CAQoggJCDWNpdHlfLTI3NzI1ODVICVgEaLUBiAEBmAEzuAEHyAEM2AED6AEB-AEBiAIBqAIBuAKujsLTBsACAdICJDM4ZDNiYzA1LTEwOWUtNDU1NS04YmFhLTE1MzQ4MGIxZTY3OdgCAeACAQ&ucfs=1&arphpl=1&checkin=2026-08-06&checkout=2026-08-07&dest_id=-2772585&dest_type=city&group_adults=2&req_adults=2&no_rooms=1&group_children=0&req_children=0&hpos=23&hapos=396&sr_order=popularity&srpvid=a6ce56975cc70174&srepoch=1785759584&all_sr_blocks=1470249001_418364186_0_0_0&highlighted_blocks=1470249001_418364186_0_0_0&matching_block_id=1470249001_418364186_0_0_0&sr_pri_blocks=1470249001_418364186_0_0_0__677000&from=searchresults,6770,,,Rawalpindi,7.7,One-Bedroom Apartment,1 double bed,0,1,1,https://cf.bstatic.com/xdata/images/hotel/square240/870849082.webp?k=da197a4be563b6bf84a92adf1175ba1d06fc79a4f69c9a5619e5f96b96812230&o=,5,Rawalpindi
Apartment in Rawalpindi,https://www.booking.com/hotel/pk/apartment-in-rawalpindi-rawalpindi.en-gb.html?aid=304142&label=gen173nr-10CAQoggJCDWNpdHlfLTI3NzI1ODVICVgEaLUBiAEBmAEzuAEHyAEM2AED6AEB-AEBiAIBqAIBuAKujsLTBsACAdICJDM4ZDNiYzA1LTEwOWUtNDU1NS04YmFhLTE1MzQ4MGIxZTY3OdgCAeACAQ&ucfs=1&arphpl=1&checkin=2026-08-06&checkout=2026-08-07&dest_id=-2772585&dest_type=city&group_adults=2&req_adults=2&no_rooms=1&group_children=0&req_children=0&hpos=24&hapos=397&sr_order=popularity&srpvid=a6ce56975cc70174&srepoch=1785759584&all_sr_blocks=1511141901_422868555_4_0_0&highlighted_blocks=1511141901_422868555_4_0_0&matching_block_id=1511141901_422868555_4_0_0&sr_pri_blocks=1511141901_422868555_4_0_0__2000000&from=searchresults,20000,,,Rawalpindi,8.0,Three-Bedroom Apartment,"2 beds (1 double, 1 sofa bed)",0,1,1,https://cf.bstatic.com/xdata/images/hotel/square240/764002944.webp?k=b20c983c201671e84eb8c915f94ad5d123d8f9c85a33142e0da8366abf11bc6c&o=,4,Rawalpindi
Red&Blue eleven heights 3,https://www.booking.com/hotel/pk/red-amp-blue-eleven-heights-3-rawalpindi.en-gb.html?aid=304142&label=gen173nr-10CAQoggJCDWNpdHlfLTI3NzI1ODVICVgEaLUBiAEBmAEzuAEHyAEM2AED6AEB-AEBiAIBqAIBuAKujsLTBsACAdICJDM4ZDNiYzA1LTEwOWUtNDU1NS04YmFhLTE1MzQ4MGIxZTY3OdgCAeACAQ&ucfs=1&arphpl=1&checkin=2026-08-06&checkout=2026-08-07&dest_id=-2772585&dest_type=city&group_adults=2&req_adults=2&no_rooms=1&group_children=0&req_children=0&hpos=1&hapos=398&sr_order=popularity&srpvid=a6ce56975cc70174&srepoch=1785759587&all_sr_blocks=1593867201_430426648_5_0_0&highlighted_blocks=1593867201_430426648_5_0_0&matching_block_id=1593867201_430426648_5_0_0&sr_pri_blocks=1593867201_430426648_5_0_0__1800000&from=searchresults,18000,,,Rawalpindi,11.3,One-Bedroom Apartment,"8 beds (2 extra-large doubles, 6 sofa beds)",0,1,1,https://cf.bstatic.com/xdata/images/hotel/square240/832418808.webp?k=2e6c3f8e9a9306a21f89dc2423110348c1d33db684f9ddb41bdd1622b436a9a6&o=,4,Rawalpindi
Raahi Guest House,https://www.booking.com/hotel/pk/raahi-guest-house-rawalpindi.en-gb.html?aid=304142&label=gen173nr-10CAQoggJCDWNpdHlfLTI3NzI1ODVICVgEaLUBiAEBmAEzuAEHyAEM2AED6AEB-AEBiAIBqAIBuAKujsLTBsACAdICJDM4ZDNiYzA1LTEwOWUtNDU1NS04YmFhLTE1MzQ4MGIxZTY3OdgCAeACAQ&ucfs=1&arphpl=1&checkin=2026-08-06&checkout=2026-08-07&dest_id=-2772585&dest_type=city&group_adults=2&req_adults=2&no_rooms=1&group_children=0&req_children=0&hpos=2&hapos=399&sr_order=popularity&srpvid=a6ce56975cc70174&srepoch=1785759587&all_sr_blocks=1572502701_428297911_6_0_0&highlighted_blocks=1572502701_428297911_6_0_0&matching_block_id=1572502701_428297911_6_0_0&sr_pri_blocks=1572502701_428297911_6_0_0__1200000&from=searchresults,12000,,,Rawalpindi,18.8,Apartment with Balcony,2 large double beds,0,1,1,https://cf.bstatic.com/xdata/images/hotel/square240/815366194.webp?k=2f3e7cd516d99d7e594c287da600b28529467bd16658e72d9472091efbc5c08f&o=,4,Rawalpindi
1 BKH Golden Nest Apartment in Bahria Heights 1,https://www.booking.com/hotel/pk/1-bkh-golden-nest-apartment-in-bahria-heights-1.en-gb.html?aid=304142&label=gen173nr-10CAQoggJCDWNpdHlfLTI3NzI1ODVICVgEaLUBiAEBmAEzuAEHyAEM2AED6AEB-AEBiAIBqAIBuAKujsLTBsACAdICJDM4ZDNiYzA1LTEwOWUtNDU1NS04YmFhLTE1MzQ4MGIxZTY3OdgCAeACAQ&ucfs=1&arphpl=1&checkin=2026-08-06&checkout=2026-08-07&dest_id=-2772585&dest_type=city&group_adults=2&req_adults=2&no_rooms=1&group_children=0&req_children=0&hpos=3&hapos=400&sr_order=popularity&srpvid=a6ce56975cc70174&srepoch=1785759587&all_sr_blocks=1405108201_412316922_3_0_0&highlighted_blocks=1405108201_412316922_3_0_0&matching_block_id=1405108201_412316922_3_0_0&sr_pri_blocks=1405108201_412316922_3_0_0__1350000&from=searchresults,13500,,,Rawalpindi,6.0,One-Bedroom Apartment,"2 beds (1 sofa bed, 1 large double)",0,1,1,https://cf.bstatic.com/xdata/images/hotel/square240/677264814.webp?k=183c16e4bd288e4586ec568faab0c36a2a3f3eb6d827ffb7f41096918fbc5cfc&o=,4,Rawalpindi
Zēn Luxe Haven,https://www.booking.com/hotel/pk/zen-luxe-haven.en-gb.html?aid=304142&label=gen173nr-10CAQoggJCDWNpdHlfLTI3NzI1ODVICVgEaLUBiAEBmAEzuAEHyAEM2AED6AEB-AEBiAIBqAIBuAKujsLTBsACAdICJDM4ZDNiYzA1LTEwOWUtNDU1NS04YmFhLTE1MzQ4MGIxZTY3OdgCAeACAQ&ucfs=1&arphpl=1&checkin=2026-08-06&checkout=2026-08-07&dest_id=-2772585&dest_type=city&group_adults=2&req_adults=2&no_rooms=1&group_children=0&req_children=0&hpos=4&hapos=401&sr_order=popularity&srpvid=a6ce56975cc70174&srepoch=1785759587&all_sr_blocks=1354392101_407768681_2_0_0&highlighted_blocks=1354392101_407768681_2_0_0&matching_block_id=1354392101_407768681_2_0_0&sr_pri_blocks=1354392101_407768681_2_0_0__850000&from=searchresults,8500,,,Rawalpindi,11.2,Deluxe King Suite,1 large double bed,0,0,1,https://cf.bstatic.com/xdata/images/hotel/square240/644129074.webp?k=137586da83be88999ea1c0ada7e183a298b15afee2bb21920e62f680c0d17e9d&o=,3,Rawalpindi
Hac -Bac,https://www.booking.com/hotel/pk/hac-bac.en-gb.html?aid=304142&label=gen173nr-10CAQoggJCDWNpdHlfLTI3NzI1ODVICVgEaLUBiAEBmAEzuAEHyAEM2AED6AEB-AEBiAIBqAIBuAKujsLTBsACAdICJDM4ZDNiYzA1LTEwOWUtNDU1NS04YmFhLTE1MzQ4MGIxZTY3OdgCAeACAQ&ucfs=1&arphpl=1&checkin=2026-08-06&checkout=2026-08-07&dest_id=-2772585&dest_type=city&group_adults=2&req_adults=2&no_rooms=1&group_children=0&req_children=0&hpos=5&hapos=402&sr_order=popularity&srpvid=a6ce56975cc70174&srepoch=1785759587&all_sr_blocks=1489095001_420562084_2_0_0&highlighted_blocks=1489095001_420562084_2_0_0&matching_block_id=1489095001_420562084_2_0_0&sr_pri_blocks=1489095001_420562084_2_0_0__1500000&from=searchresults,15000,,,Rawalpindi,5.2,One-Bedroom Apartment,1 double bed,0,1,1,https://cf.bstatic.com/xdata/images/hotel/square240/742384597.webp?k=aeffb587b125a0a3fae13f05010daeaf12ea8837124cdadcd33d4be6808dbea7&o=,4,Rawalpindi
"Luxury 2Bedroom House Lounge,Dinning, Kitchen",https://www.booking.com/hotel/pk/luxury-2bedroom-house-lounge-dinning-kitchen.en-gb.html?aid=304142&label=gen173nr-10CAQoggJCDWNpdHlfLTI3NzI1ODVICVgEaLUBiAEBmAEzuAEHyAEM2AED6AEB-AEBiAIBqAIBuAKujsLTBsACAdICJDM4ZDNiYzA1LTEwOWUtNDU1NS04YmFhLTE1MzQ4MGIxZTY3OdgCAeACAQ&ucfs=1&arphpl=1&checkin=2026-08-06&checkout=2026-08-07&dest_id=-2772585&dest_type=city&group_adults=2&req_adults=2&no_rooms=1&group_children=0&req_children=0&hpos=6&hapos=403&sr_order=popularity&srpvid=a6ce56975cc70174&srepoch=1785759587&all_sr_blocks=1602834301_431238981_6_0_0&highlighted_blocks=1602834301_431238981_6_0_0&matching_block_id=1602834301_431238981_6_0_0&sr_pri_blocks=1602834301_431238981_6_0_0__1000000&from=searchresults,10000,,,Rawalpindi,13.6,Two-Bedroom Apartment,"7 beds (2 singles, 4 doubles, 1 sofa bed)",0,1,1,https://cf.bstatic.com/xdata/images/hotel/square240/840228702.webp?k=b29c19e975a2d5b04ddcbf00ed33e75dfb58455cd02dcd684d577b7c2c295f00&o=,4,Rawalpindi
Al Moiz Residence,https://www.booking.com/hotel/pk/al-moiz-resident.en-gb.html?aid=304142&label=gen173nr-10CAQoggJCDWNpdHlfLTI3NzI1ODVICVgEaLUBiAEBmAEzuAEHyAEM2AED6AEB-AEBiAIBqAIBuAKujsLTBsACAdICJDM4ZDNiYzA1LTEwOWUtNDU1NS04YmFhLTE1MzQ4MGIxZTY3OdgCAeACAQ&ucfs=1&arphpl=1&checkin=2026-08-06&checkout=2026-08-07&dest_id=-2772585&dest_type=city&group_adults=2&req_adults=2&no_rooms=1&group_children=0&req_children=0&hpos=7&hapos=404&sr_order=popularity&srpvid=a6ce56975cc70174&srepoch=1785759587&all_sr_blocks=1638243101_434137207_5_0_0&highlighted_blocks=1638243101_434137207_5_0_0&matching_block_id=1638243101_434137207_5_0_0&sr_pri_blocks=1638243101_434137207_5_0_0__960000&from=searchresults,9600,,,Rawalpindi,7.6,One-Bedroom Apartment,"3 beds (1 double, 1 sofa bed, 1 large double)",0,1,1,https://cf.bstatic.com/xdata/images/hotel/square240/865852391.webp?k=2b9baa2dab9ec0ce3f350258da6b4200bf678f71af7c068ea68376ec9f46bcbc&o=,5,Rawalpindi
Fully Furnished 1-Bed Apartment,https://www.booking.com/hotel/pk/fully-furnished-1-bed-apartment-rawalpindi.en-gb.html?aid=304142&label=gen173nr-10CAQoggJCDWNpdHlfLTI3NzI1ODVICVgEaLUBiAEBmAEzuAEHyAEM2AED6AEB-AEBiAIBqAIBuAKujsLTBsACAdICJDM4ZDNiYzA1LTEwOWUtNDU1NS04YmFhLTE1MzQ4MGIxZTY3OdgCAeACAQ&ucfs=1&arphpl=1&checkin=2026-08-06&checkout=2026-08-07&dest_id=-2772585&dest_type=city&group_adults=2&req_adults=2&no_rooms=1&group_children=0&req_children=0&hpos=8&hapos=405&sr_order=popularity&srpvid=a6ce56975cc70174&srepoch=1785759587&all_sr_blocks=1493035201_420947015_2_0_0&highlighted_blocks=1493035201_420947015_2_0_0&matching_block_id=1493035201_420947015_2_0_0&sr_pri_blocks=1493035201_420947015_2_0_0__800000&from=searchresults,8000,,,Rawalpindi,9.8,One-Bedroom Apartment,1 double bed,0,1,1,https://cf.bstatic.com/xdata/images/hotel/square240/746270039.webp?k=32dec97de176008b8f4a4ce958608da795f45bc17e5d8b59fb0255cd06a43836&o=,4,Rawalpindi
Capt karnal shear khan plaza,https://www.booking.com/hotel/pk/capt-karnal-shear-khan-plaza.en-gb.html?aid=304142&label=gen173nr-10CAQoggJCDWNpdHlfLTI3NzI1ODVICVgEaLUBiAEBmAEzuAEHyAEM2AED6AEB-AEBiAIBqAIBuAKujsLTBsACAdICJDM4ZDNiYzA1LTEwOWUtNDU1NS04YmFhLTE1MzQ4MGIxZTY3OdgCAeACAQ&ucfs=1&arphpl=1&checkin=2026-08-06&checkout=2026-08-07&dest_id=-2772585&dest_type=city&group_adults=2&req_adults=2&no_rooms=1&group_children=0&req_children=0&hpos=9&hapos=406&sr_order=popularity&srpvid=a6ce56975cc70174&srepoch=1785759587&all_sr_blocks=1610179001_431922004_2_2_0&highlighted_blocks=1610179001_431922004_2_2_0&matching_block_id=1610179001_431922004_2_2_0&sr_pri_blocks=1610179001_431922004_2_2_0__1200000&from=searchresults,12000,,,Rawalpindi,6.0,Apartment with City View,"2 beds (1 double, 1 large double)",0,1,1,https://cf.bstatic.com/xdata/images/hotel/square240/846069616.webp?k=1ffbcb91e57b428b6130cc66d0f4feb55dc8cc15faf2698f70706f5295475e64&o=,4,Rawalpindi
Modern 1BR Apartment Bahria Heights 1,https://www.booking.com/hotel/pk/modern-1br-apartment-bahria-heights-1.en-gb.html?aid=304142&label=gen173nr-10CAQoggJCDWNpdHlfLTI3NzI1ODVICVgEaLUBiAEBmAEzuAEHyAEM2AED6AEB-AEBiAIBqAIBuAKujsLTBsACAdICJDM4ZDNiYzA1LTEwOWUtNDU1NS04YmFhLTE1MzQ4MGIxZTY3OdgCAeACAQ&ucfs=1&arphpl=1&checkin=2026-08-06&checkout=2026-08-07&dest_id=-2772585&dest_type=city&group_adults=2&req_adults=2&no_rooms=1&group_children=0&req_children=0&hpos=10&hapos=407&sr_order=popularity&srpvid=a6ce56975cc70174&srepoch=1785759587&all_sr_blocks=1480833701_419538875_4_0_0&highlighted_blocks=1480833701_419538875_4_0_0&matching_block_id=1480833701_419538875_4_0_0&sr_pri_blocks=1480833701_419538875_4_0_0__1500000&from=searchresults,15000,,,Rawalpindi,6.0,One-Bedroom Apartment,1 double bed,0,1,1,https://cf.bstatic.com/xdata/images/hotel/square240/735645999.webp?k=03bbd82207d6be419bdb319c24fd4f50d231abcc9fda82192c3190f35d123de9&o=,4,Rawalpindi
Apartment,https://www.booking.com/hotel/pk/apartment-rawalpindi12.en-gb.html?aid=304142&label=gen173nr-10CAQoggJCDWNpdHlfLTI3NzI1ODVICVgEaLUBiAEBmAEzuAEHyAEM2AED6AEB-AEBiAIBqAIBuAKujsLTBsACAdICJDM4ZDNiYzA1LTEwOWUtNDU1NS04YmFhLTE1MzQ4MGIxZTY3OdgCAeACAQ&ucfs=1&arphpl=1&checkin=2026-08-06&checkout=2026-08-07&dest_id=-2772585&dest_type=city&group_adults=2&req_adults=2&no_rooms=1&group_children=0&req_children=0&hpos=11&hapos=408&sr_order=popularity&srpvid=a6ce56975cc70174&srepoch=1785759587&all_sr_blocks=1618364601_432675301_2_0_0&highlighted_blocks=1618364601_432675301_2_0_0&matching_block_id=1618364601_432675301_2_0_0&sr_pri_blocks=1618364601_432675301_2_0_0__500000&from=searchresults,5000,,,Rawalpindi,19.0,One-Bedroom Apartment,1 double bed,0,1,1,https://cf.bstatic.com/xdata/images/hotel/square240/853797392.webp?k=e90f1b22bff2877ba2f235b0c0d8ba57027c965befcc97add3f9e86e98dc5af4&o=,4,Rawalpindi
Daily Weekly,https://www.booking.com/hotel/pk/daily-weekly-rawalpindi2.en-gb.html?aid=304142&label=gen173nr-10CAQoggJCDWNpdHlfLTI3NzI1ODVICVgEaLUBiAEBmAEzuAEHyAEM2AED6AEB-AEBiAIBqAIBuAKujsLTBsACAdICJDM4ZDNiYzA1LTEwOWUtNDU1NS04YmFhLTE1MzQ4MGIxZTY3OdgCAeACAQ&ucfs=1&arphpl=1&checkin=2026-08-06&checkout=2026-08-07&dest_id=-2772585&dest_type=city&group_adults=2&req_adults=2&no_rooms=1&group_children=0&req_children=0&hpos=12&hapos=409&sr_order=popularity&srpvid=a6ce56975cc70174&srepoch=1785759587&all_sr_blocks=1634941701_433916134_2_0_0&highlighted_blocks=1634941701_433916134_2_0_0&matching_block_id=1634941701_433916134_2_0_0&sr_pri_blocks=1634941701_433916134_2_0_0__500000&from=searchresults,5000,,,Rawalpindi,7.9,One-Bedroom Apartment,1 double bed,0,1,1,https://cf.bstatic.com/xdata/images/hotel/square240/864027435.webp?k=127e1b21deb11c2097d9bf6573f5b215745ce287c82ee573b00638b5ce19ead1&o=,5,Rawalpindi
Luxury Cozy Apartment in Bahria,https://www.booking.com/hotel/pk/luxury-cozy-apartment-in-bahria-islamabad.en-gb.html?aid=304142&label=gen173nr-10CAQoggJCDWNpdHlfLTI3NzI1ODVICVgEaLUBiAEBmAEzuAEHyAEM2AED6AEB-AEBiAIBqAIBuAKujsLTBsACAdICJDM4ZDNiYzA1LTEwOWUtNDU1NS04YmFhLTE1MzQ4MGIxZTY3OdgCAeACAQ&ucfs=1&arphpl=1&checkin=2026-08-06&checkout=2026-08-07&dest_id=-2772585&dest_type=city&group_adults=2&req_adults=2&no_rooms=1&group_children=0&req_children=0&hpos=13&hapos=410&sr_order=popularity&srpvid=a6ce56975cc70174&srepoch=1785759587&all_sr_blocks=1663107601_438171806_5_0_0&highlighted_blocks=1663107601_438171806_5_0_0&matching_block_id=1663107601_438171806_5_0_0&sr_pri_blocks=1663107601_438171806_5_0_0__912503&from=searchresults,9125,,,Rawalpindi,9.4,One-Bedroom Apartment,1 double bed,0,1,1,https://cf.bstatic.com/xdata/images/hotel/square240/880847170.webp?k=f5c4e64a1b92c22f902344812db1c55bf1cc74ef99775e06db093b137fd14b9b&o=,6,Rawalpindi
Premium 1Bedroom Apartment Signature Stay by Team Four Developer,https://www.booking.com/hotel/pk/premium-1bedroom-apartment-signature-stay-by-team-four-developer.en-gb.html?aid=304142&label=gen173nr-10CAQoggJCDWNpdHlfLTI3NzI1ODVICVgEaLUBiAEBmAEzuAEHyAEM2AED6AEB-AEBiAIBqAIBuAKujsLTBsACAdICJDM4ZDNiYzA1LTEwOWUtNDU1NS04YmFhLTE1MzQ4MGIxZTY3OdgCAeACAQ&ucfs=1&arphpl=1&checkin=2026-08-06&checkout=2026-08-07&dest_id=-2772585&dest_type=city&group_adults=2&req_adults=2&no_rooms=1&group_children=0&req_children=0&hpos=14&hapos=411&sr_order=popularity&srpvid=a6ce56975cc70174&srepoch=1785759587&all_sr_blocks=1619468801_432776090_2_0_0&highlighted_blocks=1619468801_432776090_2_0_0&matching_block_id=1619468801_432776090_2_0_0&sr_pri_blocks=1619468801_432776090_2_0_0__855000&from=searchresults,8550,,,Rawalpindi,11.3,One-Bedroom Apartment,"2 beds (1 extra-large double, 1 sofa bed)",0,1,1,https://cf.bstatic.com/xdata/images/hotel/square240/854964513.webp?k=82872abc534bc8a98bf5674e32a142f2b852a309c2821b7ed102cd8ffac3a399&o=,4,Rawalpindi
10 Marla upper portion for rent,https://www.booking.com/hotel/pk/10-marla-upper-portion-for-rent.en-gb.html?aid=304142&label=gen173nr-10CAQoggJCDWNpdHlfLTI3NzI1ODVICVgEaLUBiAEBmAEzuAEHyAEM2AED6AEB-AEBiAIBqAIBuAKujsLTBsACAdICJDM4ZDNiYzA1LTEwOWUtNDU1NS04YmFhLTE1MzQ4MGIxZTY3OdgCAeACAQ&ucfs=1&arphpl=1&checkin=2026-08-06&checkout=2026-08-07&dest_id=-2772585&dest_type=city&group_adults=2&req_adults=2&no_rooms=1&group_children=0&req_children=0&hpos=15&hapos=412&sr_order=popularity&srpvid=a6ce56975cc70174&srepoch=1785759587&all_sr_blocks=1468628201_418179270_4_0_0&highlighted_blocks=1468628201_418179270_4_0_0&matching_block_id=1468628201_418179270_4_0_0&sr_pri_blocks=1468628201_418179270_4_0_0__1600000&from=searchresults,16000,,,Rawalpindi,11.5,Two-Bedroom House,1 double bed,0,1,1,https://cf.bstatic.com/xdata/images/hotel/square240/725025475.webp?k=d36dc3adca843f7f3aa63340bacb5d2db4cebf5ca94d017d239b910ae1b0eae0&o=,4,Rawalpindi
Living lavish,https://www.booking.com/hotel/pk/living-lavish.en-gb.html?aid=304142&label=gen173nr-10CAQoggJCDWNpdHlfLTI3NzI1ODVICVgEaLUBiAEBmAEzuAEHyAEM2AED6AEB-AEBiAIBqAIBuAKujsLTBsACAdICJDM4ZDNiYzA1LTEwOWUtNDU1NS04YmFhLTE1MzQ4MGIxZTY3OdgCAeACAQ&ucfs=1&arphpl=1&checkin=2026-08-06&checkout=2026-08-07&dest_id=-2772585&dest_type=city&group_adults=2&req_adults=2&no_rooms=1&group_children=0&req_children=0&hpos=16&hapos=413&sr_order=popularity&srpvid=a6ce56975cc70174&srepoch=1785759587&all_sr_blocks=1627153901_433370800_5_0_0&highlighted_blocks=1627153901_433370800_5_0_0&matching_block_id=1627153901_433370800_5_0_0&sr_pri_blocks=1627153901_433370800_5_0_0__1500000&from=searchresults,15000,,,Rawalpindi,9.7,One-Bedroom Apartment,"4 beds (1 extra-large double, 3 sofa beds)",0,1,1,https://cf.bstatic.com/xdata/images/hotel/square240/859963787.webp?k=b717ebbbea15a70e47274873b0d28b813a1185b93f7f1cbd147a387ee7b87bb0&o=,4,Rawalpindi
Alpha suites,https://www.booking.com/hotel/pk/alpha-suites.en-gb.html?aid=304142&label=gen173nr-10CAQoggJCDWNpdHlfLTI3NzI1ODVICVgEaLUBiAEBmAEzuAEHyAEM2AED6AEB-AEBiAIBqAIBuAKujsLTBsACAdICJDM4ZDNiYzA1LTEwOWUtNDU1NS04YmFhLTE1MzQ4MGIxZTY3OdgCAeACAQ&ucfs=1&arphpl=1&checkin=2026-08-06&checkout=2026-08-07&dest_id=-2772585&dest_type=city&group_adults=2&req_adults=2&no_rooms=1&group_children=0&req_children=0&hpos=17&hapos=414&sr_order=popularity&srpvid=a6ce56975cc70174&srepoch=1785759587&all_sr_blocks=1553279701_426491734_2_0_0&highlighted_blocks=1553279701_426491734_2_0_0&matching_block_id=1553279701_426491734_2_0_0&sr_pri_blocks=1553279701_426491734_2_0_0__840000&from=searchresults,8400,,,Rawalpindi,11.2,Two-Bedroom Apartment,"2 beds (1 extra-large double, 1 sofa bed)",0,1,1,https://cf.bstatic.com/xdata/images/hotel/square240/799309261.webp?k=55d20d54dd950072005961b64a1f8bc57dd2b4a15b6b79efc24718a19f32dcc6&o=,4,Rawalpindi
1bed Luxury Apartments,https://www.booking.com/hotel/pk/1bed-luxury-apartments.en-gb.html?aid=304142&label=gen173nr-10CAQoggJCDWNpdHlfLTI3NzI1ODVICVgEaLUBiAEBmAEzuAEHyAEM2AED6AEB-AEBiAIBqAIBuAKujsLTBsACAdICJDM4ZDNiYzA1LTEwOWUtNDU1NS04YmFhLTE1MzQ4MGIxZTY3OdgCAeACAQ&ucfs=1&arphpl=1&checkin=2026-08-06&checkout=2026-08-07&dest_id=-2772585&dest_type=city&group_adults=2&req_adults=2&no_rooms=1&group_children=0&req_children=0&hpos=18&hapos=415&sr_order=popularity&srpvid=a6ce56975cc70174&srepoch=1785759587&all_sr_blocks=1542779401_425633736_3_0_0&highlighted_blocks=1542779401_425633736_3_0_0&matching_block_id=1542779401_425633736_3_0_0&sr_pri_blocks=1542779401_425633736_3_0_0__749900&from=searchresults,7499,,,Rawalpindi,9.6,One-Bedroom Apartment,1 double bed,0,1,1,https://cf.bstatic.com/xdata/images/hotel/square240/790101164.webp?k=812fa64095a1658bef953b3c35a271ee7cd6e17f6f6d6678d78e9015cdbde622&o=,4,Rawalpindi
The Cozy Corner single bedroom apartment,https://www.booking.com/hotel/pk/the-cozy-corner-single-bedroom-apartment.en-gb.html?aid=304142&label=gen173nr-10CAQoggJCDWNpdHlfLTI3NzI1ODVICVgEaLUBiAEBmAEzuAEHyAEM2AED6AEB-AEBiAIBqAIBuAKujsLTBsACAdICJDM4ZDNiYzA1LTEwOWUtNDU1NS04YmFhLTE1MzQ4MGIxZTY3OdgCAeACAQ&ucfs=1&arphpl=1&checkin=2026-08-06&checkout=2026-08-07&dest_id=-2772585&dest_type=city&group_adults=2&req_adults=2&no_rooms=1&group_children=0&req_children=0&hpos=19&hapos=416&sr_order=popularity&srpvid=a6ce56975cc70174&srepoch=1785759587&all_sr_blocks=1547685701_426007275_4_0_0&highlighted_blocks=1547685701_426007275_4_0_0&matching_block_id=1547685701_426007275_4_0_0&sr_pri_blocks=1547685701_426007275_4_0_0__1600000&from=searchresults,16000,,,Rawalpindi,10.2,One-Bedroom Apartment,"2 beds (1 extra-large double, 1 sofa bed)",0,1,1,https://cf.bstatic.com/xdata/images/hotel/square240/793655938.webp?k=2086c40cd7a32bc1261603a6c63e927994ad96bb1369ea6904dec06fd623f90a&o=,4,Rawalpindi
zam geust house,https://www.booking.com/hotel/pk/zam-geust-house-rawalpindi3.en-gb.html?aid=304142&label=gen173nr-10CAQoggJCDWNpdHlfLTI3NzI1ODVICVgEaLUBiAEBmAEzuAEHyAEM2AED6AEB-AEBiAIBqAIBuAKujsLTBsACAdICJDM4ZDNiYzA1LTEwOWUtNDU1NS04YmFhLTE1MzQ4MGIxZTY3OdgCAeACAQ&ucfs=1&arphpl=1&checkin=2026-08-06&checkout=2026-08-07&dest_id=-2772585&dest_type=city&group_adults=2&req_adults=2&no_rooms=1&group_children=0&req_children=0&hpos=20&hapos=417&sr_order=popularity&srpvid=a6ce56975cc70174&srepoch=1785759587&all_sr_blocks=1634931101_433915663_2_0_0&highlighted_blocks=1634931101_433915663_2_0_0&matching_block_id=1634931101_433915663_2_0_0&sr_pri_blocks=1634931101_433915663_2_0_0__432000&from=searchresults,4320,,,Rawalpindi,12.4,One-Bedroom Apartment,"4 beds (1 single, 3 doubles)",0,1,1,https://cf.bstatic.com/xdata/images/hotel/square240/864022537.webp?k=f7db89e5d6ee1606718374216fe727d7f6348a3539f79bf41e840bca9d0c896e&o=,5,Rawalpindi
1 Bed luxury apartment,https://www.booking.com/hotel/pk/1-bed-luxury-apartment-rawalpindi2.en-gb.html?aid=304142&label=gen173nr-10CAQoggJCDWNpdHlfLTI3NzI1ODVICVgEaLUBiAEBmAEzuAEHyAEM2AED6AEB-AEBiAIBqAIBuAKujsLTBsACAdICJDM4ZDNiYzA1LTEwOWUtNDU1NS04YmFhLTE1MzQ4MGIxZTY3OdgCAeACAQ&ucfs=1&arphpl=1&checkin=2026-08-06&checkout=2026-08-07&dest_id=-2772585&dest_type=city&group_adults=2&req_adults=2&no_rooms=1&group_children=0&req_children=0&hpos=21&hapos=418&sr_order=popularity&srpvid=a6ce56975cc70174&srepoch=1785759587&all_sr_blocks=1482795101_419777075_3_0_0&highlighted_blocks=1482795101_419777075_3_0_0&matching_block_id=1482795101_419777075_3_0_0&sr_pri_blocks=1482795101_419777075_3_0_0__1250000&from=searchresults,12500,,,Rawalpindi,11.3,One-Bedroom Apartment,"2 beds (1 double, 1 sofa bed)",0,1,1,https://cf.bstatic.com/xdata/images/hotel/square240/737473305.webp?k=dc27aafd2c5865999a97bb89267bceae6e7904e596eb471af63efa252aee82f2&o=,4,Rawalpindi
Sky One Penthouse,https://www.booking.com/hotel/pk/sky-one-penthouse.en-gb.html?aid=304142&label=gen173nr-10CAQoggJCDWNpdHlfLTI3NzI1ODVICVgEaLUBiAEBmAEzuAEHyAEM2AED6AEB-AEBiAIBqAIBuAKujsLTBsACAdICJDM4ZDNiYzA1LTEwOWUtNDU1NS04YmFhLTE1MzQ4MGIxZTY3OdgCAeACAQ&ucfs=1&arphpl=1&checkin=2026-08-06&checkout=2026-08-07&dest_id=-2772585&dest_type=city&group_adults=2&req_adults=2&no_rooms=1&group_children=0&req_children=0&hpos=22&hapos=419&sr_order=popularity&srpvid=a6ce56975cc70174&srepoch=1785759587&all_sr_blocks=1600270701_430990177_3_0_0&highlighted_blocks=1600270701_430990177_3_0_0&matching_block_id=1600270701_430990177_3_0_0&sr_pri_blocks=1600270701_430990177_3_0_0__1300000&from=searchresults,13000,,,Rawalpindi,9.5,One-Bedroom Apartment,"2 beds (1 double, 1 sofa bed)",0,1,1,https://cf.bstatic.com/xdata/images/hotel/square240/837700272.webp?k=eeba4a0e94d1ed7837994948ed61b788e391cfbf7afd94fd8b5708c94d5e801b&o=,4,Rawalpindi
Dream House,https://www.booking.com/hotel/pk/dream-house-rawalpindi1.en-gb.html?aid=304142&label=gen173nr-10CAQoggJCDWNpdHlfLTI3NzI1ODVICVgEaLUBiAEBmAEzuAEHyAEM2AED6AEB-AEBiAIBqAIBuAKujsLTBsACAdICJDM4ZDNiYzA1LTEwOWUtNDU1NS04YmFhLTE1MzQ4MGIxZTY3OdgCAeACAQ&ucfs=1&arphpl=1&checkin=2026-08-06&checkout=2026-08-07&dest_id=-2772585&dest_type=city&group_adults=2&req_adults=2&no_rooms=1&group_children=0&req_children=0&hpos=23&hapos=420&sr_order=popularity&srpvid=a6ce56975cc70174&srepoch=1785759587&all_sr_blocks=1535985401_425075892_3_0_0&highlighted_blocks=1535985401_425075892_3_0_0&matching_block_id=1535985401_425075892_3_0_0&sr_pri_blocks=1535985401_425075892_3_0_0__600000&from=searchresults,6000,8.0,1.0,Rawalpindi,11.4,One-Bedroom Apartment,"2 beds (1 double, 1 sofa bed)",0,1,1,https://cf.bstatic.com/xdata/images/hotel/square240/784486347.webp?k=a3fdbe26133b212ab6564692198c9e3da34ccb17068cdfd32db4733ff3063516&o=,4,Rawalpindi
Executive 2 bedrooms in Rawalpindi - Self Checkin,https://www.booking.com/hotel/pk/executive-2-bedrooms-in-rawalpindi-self-checkin.en-gb.html?aid=304142&label=gen173nr-10CAQoggJCDWNpdHlfLTI3NzI1ODVICVgEaLUBiAEBmAEzuAEHyAEM2AED6AEB-AEBiAIBqAIBuAKujsLTBsACAdICJDM4ZDNiYzA1LTEwOWUtNDU1NS04YmFhLTE1MzQ4MGIxZTY3OdgCAeACAQ&ucfs=1&arphpl=1&checkin=2026-08-06&checkout=2026-08-07&dest_id=-2772585&dest_type=city&group_adults=2&req_adults=2&no_rooms=1&group_children=0&req_children=0&hpos=24&hapos=421&sr_order=popularity&srpvid=a6ce56975cc70174&srepoch=1785759587&all_sr_blocks=1656778601_437589965_6_0_0&highlighted_blocks=1656778601_437589965_6_0_0&matching_block_id=1656778601_437589965_6_0_0&sr_pri_blocks=1656778601_437589965_6_0_0__1529373&from=searchresults,15294,,,Rawalpindi,6.0,Two-Bedroom Apartment,2 double beds,0,1,1,https://cf.bstatic.com/xdata/images/hotel/square240/876047261.webp?k=d0bdf3f1f55c914662acfc14cfcf5fb4fb8ae4c2be7b71720f4e46da2dce5aa7&o=,5,Rawalpindi
Elegant 3 Bed 4-Bath Villa,https://www.booking.com/hotel/pk/elegant-3-bed-4-bath-villa.en-gb.html?aid=304142&label=gen173nr-10CAQoggJCDWNpdHlfLTI3NzI1ODVICVgEaLUBiAEBmAEzuAEHyAEM2AED6AEB-AEBiAIBqAIBuAKujsLTBsACAdICJDM4ZDNiYzA1LTEwOWUtNDU1NS04YmFhLTE1MzQ4MGIxZTY3OdgCAeACAQ&ucfs=1&arphpl=1&checkin=2026-08-06&checkout=2026-08-07&dest_id=-2772585&dest_type=city&group_adults=2&req_adults=2&no_rooms=1&group_children=0&req_children=0&hpos=25&hapos=422&sr_order=popularity&srpvid=a6ce56975cc70174&srepoch=1785759587&all_sr_blocks=1556168701_426751537_8_0_0&highlighted_blocks=1556168701_426751537_8_0_0&matching_block_id=1556168701_426751537_8_0_0&sr_pri_blocks=1556168701_426751537_8_0_0__1500000&from=searchresults,15000,,,Rawalpindi,11.5,Three-Bedroom House,"3 beds (1 double, 2 sofa beds)",0,1,1,https://cf.bstatic.com/xdata/images/hotel/square240/802532662.webp?k=73a0f28942e324917b0437e86a8ab1f3409c1416afb93463e84ba7699cf61c71&o=,4,Rawalpindi
Tariq Appartment,https://www.booking.com/hotel/pk/tariq-appartment.en-gb.html?aid=304142&label=gen173nr-10CAQoggJCDWNpdHlfLTI3NzI1ODVICVgEaLUBiAEBmAEzuAEHyAEM2AED6AEB-AEBiAIBqAIBuAKujsLTBsACAdICJDM4ZDNiYzA1LTEwOWUtNDU1NS04YmFhLTE1MzQ4MGIxZTY3OdgCAeACAQ&ucfs=1&arphpl=1&checkin=2026-08-06&checkout=2026-08-07&dest_id=-2772585&dest_type=city&group_adults=2&req_adults=2&no_rooms=1&group_children=0&req_children=0&hpos=1&hapos=423&sr_order=popularity&srpvid=a6ce56975cc70174&srepoch=1785759590&all_sr_blocks=1573428001_428390042_6_0_0&highlighted_blocks=1573428001_428390042_6_0_0&matching_block_id=1573428001_428390042_6_0_0&sr_pri_blocks=1573428001_428390042_6_0_0__1000000&from=searchresults,10000,,,Rawalpindi,6.0,One-Bedroom Apartment,"2 beds (1 double, 1 sofa bed)",0,1,1,https://cf.bstatic.com/xdata/images/hotel/square240/816283673.webp?k=5a21560fc8d7a26b9211d365425a8adc6bf4fb470df7072276a4dbb29c76a324&o=,4,Rawalpindi
Ameer Hamza Guest House امير حمزه گیسٹ ھائوس,https://www.booking.com/hotel/pk/house-no-24-sector-e-iii-phase-8-bahria-town-rawalpindi-47-islamabad.en-gb.html?aid=304142&label=gen173nr-10CAQoggJCDWNpdHlfLTI3NzI1ODVICVgEaLUBiAEBmAEzuAEHyAEM2AED6AEB-AEBiAIBqAIBuAKujsLTBsACAdICJDM4ZDNiYzA1LTEwOWUtNDU1NS04YmFhLTE1MzQ4MGIxZTY3OdgCAeACAQ&ucfs=1&arphpl=1&checkin=2026-08-06&checkout=2026-08-07&dest_id=-2772585&dest_type=city&group_adults=2&req_adults=2&no_rooms=1&group_children=0&req_children=0&hpos=2&hapos=424&sr_order=popularity&srpvid=a6ce56975cc70174&srepoch=1785759590&all_sr_blocks=936401501_369021554_2_0_0&highlighted_blocks=936401501_369021554_2_0_0&matching_block_id=936401501_369021554_2_0_0&sr_pri_blocks=936401501_369021554_2_0_0__2133000&from=searchresults,21330,,,Rawalpindi,13.6,Villa,"5 beds (2 singles, 3 extra-large doubles)",0,1,0,https://cf.bstatic.com/xdata/images/hotel/square240/419176445.webp?k=fc793bf7b2f2594f90d03b522866940bb3f4f0de6a8a56cb05f86708e0315618&o=,11,Rawalpindi
Luxury Penthouse with Rooftop Gym & Restaurants Below Bahria Town Rawalpindi and Islamabad,https://www.booking.com/hotel/pk/luxury-penthouse-with-rooftop-gym-amp-restaurants-below-bahria-town-rawalpindi-a.en-gb.html?aid=304142&label=gen173nr-10CAQoggJCDWNpdHlfLTI3NzI1ODVICVgEaLUBiAEBmAEzuAEHyAEM2AED6AEB-AEBiAIBqAIBuAKujsLTBsACAdICJDM4ZDNiYzA1LTEwOWUtNDU1NS04YmFhLTE1MzQ4MGIxZTY3OdgCAeACAQ&ucfs=1&arphpl=1&checkin=2026-08-06&checkout=2026-08-07&dest_id=-2772585&dest_type=city&group_adults=2&req_adults=2&no_rooms=1&group_children=0&req_children=0&hpos=3&hapos=425&sr_order=popularity&srpvid=a6ce56975cc70174&srepoch=1785759590&all_sr_blocks=1618107501_432648115_3_0_0&highlighted_blocks=1618107501_432648115_3_0_0&matching_block_id=1618107501_432648115_3_0_0&sr_pri_blocks=1618107501_432648115_3_0_0__1500000&from=searchresults,15000,,,Rawalpindi,9.5,One-Bedroom Apartment,1 double bed,0,1,1,https://cf.bstatic.com/xdata/images/hotel/square240/852785054.webp?k=4918caa5356de666cbbfb2ac298dfad61a0611394f7bb052d81a529d373fd448&o=,4,Rawalpindi
Stay zen chill box,https://www.booking.com/hotel/pk/stay-zen-chill-box.en-gb.html?aid=304142&label=gen173nr-10CAQoggJCDWNpdHlfLTI3NzI1ODVICVgEaLUBiAEBmAEzuAEHyAEM2AED6AEB-AEBiAIBqAIBuAKujsLTBsACAdICJDM4ZDNiYzA1LTEwOWUtNDU1NS04YmFhLTE1MzQ4MGIxZTY3OdgCAeACAQ&ucfs=1&arphpl=1&checkin=2026-08-06&checkout=2026-08-07&dest_id=-2772585&dest_type=city&group_adults=2&req_adults=2&no_rooms=1&group_children=0&req_children=0&hpos=4&hapos=426&sr_order=popularity&srpvid=a6ce56975cc70174&srepoch=1785759590&all_sr_blocks=1543922201_425724006_3_0_0&highlighted_blocks=1543922201_425724006_3_0_0&matching_block_id=1543922201_425724006_3_0_0&sr_pri_blocks=1543922201_425724006_3_0_0__1000000&from=searchresults,10000,,,Rawalpindi,9.4,Two-Bedroom Apartment,"3 beds (1 double, 1 extra-large double, 1 sofa bed)",0,1,1,https://cf.bstatic.com/xdata/images/hotel/square240/790988324.webp?k=c7510111f7290a767b871119484c6863320331817e1b26f389d05771e9018feb&o=,4,Rawalpindi
Elysian Home,https://www.booking.com/hotel/pk/elysian-home-rawalpindi.en-gb.html?aid=304142&label=gen173nr-10CAQoggJCDWNpdHlfLTI3NzI1ODVICVgEaLUBiAEBmAEzuAEHyAEM2AED6AEB-AEBiAIBqAIBuAKujsLTBsACAdICJDM4ZDNiYzA1LTEwOWUtNDU1NS04YmFhLTE1MzQ4MGIxZTY3OdgCAeACAQ&ucfs=1&arphpl=1&checkin=2026-08-06&checkout=2026-08-07&dest_id=-2772585&dest_type=city&group_adults=2&req_adults=2&no_rooms=1&group_children=0&req_children=0&hpos=5&hapos=427&sr_order=popularity&srpvid=a6ce56975cc70174&srepoch=1785759590&all_sr_blocks=1652985101_437262269_6_0_0&highlighted_blocks=1652985101_437262269_6_0_0&matching_block_id=1652985101_437262269_6_0_0&sr_pri_blocks=1652985101_437262269_6_0_0__1280000&from=searchresults,12800,,,Rawalpindi,9.3,Two-Bedroom Apartment,"3 beds (1 double, 2 sofa beds)",0,1,1,https://cf.bstatic.com/xdata/images/hotel/square240/873635717.webp?k=285fe114b7a1b080fba783174e081fc831d005727083cdbe03f0b8524650f99c&o=,5,Rawalpindi
Urban Aura suites,https://www.booking.com/hotel/pk/urban-aura-suites.en-gb.html?aid=304142&label=gen173nr-10CAQoggJCDWNpdHlfLTI3NzI1ODVICVgEaLUBiAEBmAEzuAEHyAEM2AED6AEB-AEBiAIBqAIBuAKujsLTBsACAdICJDM4ZDNiYzA1LTEwOWUtNDU1NS04YmFhLTE1MzQ4MGIxZTY3OdgCAeACAQ&ucfs=1&arphpl=1&checkin=2026-08-06&checkout=2026-08-07&dest_id=-2772585&dest_type=city&group_adults=2&req_adults=2&no_rooms=1&group_children=0&req_children=0&hpos=6&hapos=428&sr_order=popularity&srpvid=a6ce56975cc70174&srepoch=1785759590&all_sr_blocks=1468502601_418168616_2_0_0&highlighted_blocks=1468502601_418168616_2_0_0&matching_block_id=1468502601_418168616_2_0_0&sr_pri_blocks=1468502601_418168616_2_0_0__800000&from=searchresults,8000,,,Rawalpindi,11.4,One-Bedroom Apartment,1 large double bed,0,1,1,https://cf.bstatic.com/xdata/images/hotel/square240/724963053.webp?k=1585891e0c327031963c4a340a1fa0c8c0a6cd71a8c97c857bad6d6680edeb1f&o=,4,Rawalpindi
Cozy JB Lodges Phase 8 Bahria Town 6 mins to Food St Free Wi-Fi,https://www.booking.com/hotel/pk/cozy-jb-lodges-phase-8-bahria-town-6-mins-to-food-st-free-wi-fi.en-gb.html?aid=304142&label=gen173nr-10CAQoggJCDWNpdHlfLTI3NzI1ODVICVgEaLUBiAEBmAEzuAEHyAEM2AED6AEB-AEBiAIBqAIBuAKujsLTBsACAdICJDM4ZDNiYzA1LTEwOWUtNDU1NS04YmFhLTE1MzQ4MGIxZTY3OdgCAeACAQ&ucfs=1&arphpl=1&checkin=2026-08-06&checkout=2026-08-07&dest_id=-2772585&dest_type=city&group_adults=2&req_adults=2&no_rooms=1&group_children=0&req_children=0&hpos=7&hapos=429&sr_order=popularity&srpvid=a6ce56975cc70174&srepoch=1785759590&all_sr_blocks=1621862401_432981250_3_0_0&highlighted_blocks=1621862401_432981250_3_0_0&matching_block_id=1621862401_432981250_3_0_0&sr_pri_blocks=1621862401_432981250_3_0_0__850000&from=searchresults,8500,,,Rawalpindi,11.4,One-Bedroom Apartment,"3 beds (1 double, 1 sofa bed, 1 futon)",0,1,1,https://cf.bstatic.com/xdata/images/hotel/square240/856614426.webp?k=7728c8686d1e2242cb31870da3d87daf638964c50fb528e7847408d920ac4534&o=,4,Rawalpindi
"Graphite Suite, Designer 2BHK, Riverhills",https://www.booking.com/hotel/pk/graphite-suite-designer-2bhk-riverhills.en-gb.html?aid=304142&label=gen173nr-10CAQoggJCDWNpdHlfLTI3NzI1ODVICVgEaLUBiAEBmAEzuAEHyAEM2AED6AEB-AEBiAIBqAIBuAKujsLTBsACAdICJDM4ZDNiYzA1LTEwOWUtNDU1NS04YmFhLTE1MzQ4MGIxZTY3OdgCAeACAQ&ucfs=1&arphpl=1&checkin=2026-08-06&checkout=2026-08-07&dest_id=-2772585&dest_type=city&group_adults=2&req_adults=2&no_rooms=1&group_children=0&req_children=0&hpos=8&hapos=430&sr_order=popularity&srpvid=a6ce56975cc70174&srepoch=1785759590&all_sr_blocks=1554196801_426574205_6_0_0&highlighted_blocks=1554196801_426574205_6_0_0&matching_block_id=1554196801_426574205_6_0_0&sr_pri_blocks=1554196801_426574205_6_0_0__2000000&from=searchresults,20000,,,Rawalpindi,9.3,One-Bedroom Apartment,1 double bed,0,1,1,https://cf.bstatic.com/xdata/images/hotel/square240/800416729.webp?k=63c5b2036442983a5194fc3a4f29fd7e5d8c514f1b7110420d2873d777242a94&o=,4,Rawalpindi
Zenith Cineplex Studio Self Check In,https://www.booking.com/hotel/pk/zenith-cineplex-studio-self-check-in.en-gb.html?aid=304142&label=gen173nr-10CAQoggJCDWNpdHlfLTI3NzI1ODVICVgEaLUBiAEBmAEzuAEHyAEM2AED6AEB-AEBiAIBqAIBuAKujsLTBsACAdICJDM4ZDNiYzA1LTEwOWUtNDU1NS04YmFhLTE1MzQ4MGIxZTY3OdgCAeACAQ&ucfs=1&arphpl=1&checkin=2026-08-06&checkout=2026-08-07&dest_id=-2772585&dest_type=city&group_adults=2&req_adults=2&no_rooms=1&group_children=0&req_children=0&hpos=9&hapos=431&sr_order=popularity&srpvid=a6ce56975cc70174&srepoch=1785759590&all_sr_blocks=1589177101_430023206_2_2_0&highlighted_blocks=1589177101_430023206_2_2_0&matching_block_id=1589177101_430023206_2_2_0&sr_pri_blocks=1589177101_430023206_2_2_0__1000000&from=searchresults,10000,,,Rawalpindi,9.4,One-Bedroom Apartment,"2 beds (1 sofa bed, 1 large double)",0,1,1,https://cf.bstatic.com/xdata/images/hotel/square240/829211924.webp?k=b3341266a8710802933b749eab68e0b193ee7ac41e23c4a9805d6aa5c52f95d7&o=,4,Rawalpindi
Falak house,https://www.booking.com/hotel/pk/falak-house-rawalpindi1.en-gb.html?aid=304142&label=gen173nr-10CAQoggJCDWNpdHlfLTI3NzI1ODVICVgEaLUBiAEBmAEzuAEHyAEM2AED6AEB-AEBiAIBqAIBuAKujsLTBsACAdICJDM4ZDNiYzA1LTEwOWUtNDU1NS04YmFhLTE1MzQ4MGIxZTY3OdgCAeACAQ&ucfs=1&arphpl=1&checkin=2026-08-06&checkout=2026-08-07&dest_id=-2772585&dest_type=city&group_adults=2&req_adults=2&no_rooms=1&group_children=0&req_children=0&hpos=10&hapos=432&sr_order=popularity&srpvid=a6ce56975cc70174&srepoch=1785759590&all_sr_blocks=1559874501_427089170_6_2_0&highlighted_blocks=1559874501_427089170_6_2_0&matching_block_id=1559874501_427089170_6_2_0&sr_pri_blocks=1559874501_427089170_6_2_0__1500000&from=searchresults,15000,,,Rawalpindi,11.3,One-Bedroom House,3 large double beds,0,1,1,https://cf.bstatic.com/xdata/images/hotel/square240/805261938.webp?k=40ebf2666586eea4c2f8a0f554e2aaec1bb940df807b5166ac4fb6070045afd1&o=,4,Rawalpindi
Guest house,https://www.booking.com/hotel/pk/guest-house-rawalpindi6.en-gb.html?aid=304142&label=gen173nr-10CAQoggJCDWNpdHlfLTI3NzI1ODVICVgEaLUBiAEBmAEzuAEHyAEM2AED6AEB-AEBiAIBqAIBuAKujsLTBsACAdICJDM4ZDNiYzA1LTEwOWUtNDU1NS04YmFhLTE1MzQ4MGIxZTY3OdgCAeACAQ&ucfs=1&arphpl=1&checkin=2026-08-06&checkout=2026-08-07&dest_id=-2772585&dest_type=city&group_adults=2&req_adults=2&no_rooms=1&group_children=0&req_children=0&hpos=11&hapos=433&sr_order=popularity&srpvid=a6ce56975cc70174&srepoch=1785759590&all_sr_blocks=1340628501_406733405_2_0_0&highlighted_blocks=1340628501_406733405_2_0_0&matching_block_id=1340628501_406733405_2_0_0&sr_pri_blocks=1340628501_406733405_2_0_0__720000&from=searchresults,7200,,,Rawalpindi,4.7,One-Bedroom Apartment,"2 beds (1 double, 1 sofa bed)",0,0,1,https://cf.bstatic.com/xdata/images/hotel/square240/635486319.webp?k=aea237527ddeebdb5c95b167b947e0f379ffa36a57ea7ca229327258b013aa79&o=,3,Rawalpindi
Lux rentals,https://www.booking.com/hotel/pk/lux-rentals.en-gb.html?aid=304142&label=gen173nr-10CAQoggJCDWNpdHlfLTI3NzI1ODVICVgEaLUBiAEBmAEzuAEHyAEM2AED6AEB-AEBiAIBqAIBuAKujsLTBsACAdICJDM4ZDNiYzA1LTEwOWUtNDU1NS04YmFhLTE1MzQ4MGIxZTY3OdgCAeACAQ&ucfs=1&arphpl=1&checkin=2026-08-06&checkout=2026-08-07&dest_id=-2772585&dest_type=city&group_adults=2&req_adults=2&no_rooms=1&group_children=0&req_children=0&hpos=12&hapos=434&sr_order=popularity&srpvid=a6ce56975cc70174&srepoch=1785759590&all_sr_blocks=1544819001_425784836_2_0_0&highlighted_blocks=1544819001_425784836_2_0_0&matching_block_id=1544819001_425784836_2_0_0&sr_pri_blocks=1544819001_425784836_2_0_0__799900&from=searchresults,7999,1.0,1.0,Rawalpindi,9.6,One-Bedroom Apartment,1 double bed,0,1,1,https://cf.bstatic.com/xdata/images/hotel/square240/791360254.webp?k=c56b858b7727920fc66f2247548061b00221eebaca1c3dbaa2440320c3902d27&o=,4,Rawalpindi
Hotel-Style 2-Bedroom Apartment in Bahria Town Phase 8,https://www.booking.com/hotel/pk/style-2-bedroom-apartment-in-bahria-town-phase-8.en-gb.html?aid=304142&label=gen173nr-10CAQoggJCDWNpdHlfLTI3NzI1ODVICVgEaLUBiAEBmAEzuAEHyAEM2AED6AEB-AEBiAIBqAIBuAKujsLTBsACAdICJDM4ZDNiYzA1LTEwOWUtNDU1NS04YmFhLTE1MzQ4MGIxZTY3OdgCAeACAQ&ucfs=1&arphpl=1&checkin=2026-08-06&checkout=2026-08-07&dest_id=-2772585&dest_type=city&group_adults=2&req_adults=2&no_rooms=1&group_children=0&req_children=0&hpos=13&hapos=435&sr_order=popularity&srpvid=a6ce56975cc70174&srepoch=1785759590&all_sr_blocks=1555846901_426717005_2_0_0&highlighted_blocks=1555846901_426717005_2_0_0&matching_block_id=1555846901_426717005_2_0_0&sr_pri_blocks=1555846901_426717005_2_0_0__1614905&from=searchresults,16149,,,Rawalpindi,11.3,Two-Bedroom Apartment with City View,"2 beds (1 double, 1 large double)",0,1,1,https://cf.bstatic.com/xdata/images/hotel/square240/802064943.webp?k=10ebbba2bb57962dfca003b88179a95fb61aeabd67481f6e29f40c757e90656c&o=,4,Rawalpindi
Luxury Residences Bharia,https://www.booking.com/hotel/pk/luxury-residences-bharia.en-gb.html?aid=304142&label=gen173nr-10CAQoggJCDWNpdHlfLTI3NzI1ODVICVgEaLUBiAEBmAEzuAEHyAEM2AED6AEB-AEBiAIBqAIBuAKujsLTBsACAdICJDM4ZDNiYzA1LTEwOWUtNDU1NS04YmFhLTE1MzQ4MGIxZTY3OdgCAeACAQ&ucfs=1&arphpl=1&checkin=2026-08-06&checkout=2026-08-07&dest_id=-2772585&dest_type=city&group_adults=2&req_adults=2&no_rooms=1&group_children=0&req_children=0&hpos=14&hapos=436&sr_order=popularity&srpvid=a6ce56975cc70174&srepoch=1785759590&all_sr_blocks=1677000303_439416431_4_0_0&highlighted_blocks=1677000303_439416431_4_0_0&matching_block_id=1677000303_439416431_4_0_0&sr_pri_blocks=1677000303_439416431_4_0_0__2000000&from=searchresults,20000,,,Rawalpindi,7.6,Two-Bedroom Deluxe Apartment with Garden View,2 large double beds,0,1,1,https://cf.bstatic.com/xdata/images/hotel/square240/889138384.webp?k=83c2d12ce92767c2d37b181169a488b1bd533e27c811d5fec9810ed74eed3b43&o=,5,Rawalpindi
Bin Chirag Heights Apartment Bahria Town Rawalpindi,https://www.booking.com/hotel/pk/bin-chirag-heights-apartment-bahria-town-rawalpindi.en-gb.html?aid=304142&label=gen173nr-10CAQoggJCDWNpdHlfLTI3NzI1ODVICVgEaLUBiAEBmAEzuAEHyAEM2AED6AEB-AEBiAIBqAIBuAKujsLTBsACAdICJDM4ZDNiYzA1LTEwOWUtNDU1NS04YmFhLTE1MzQ4MGIxZTY3OdgCAeACAQ&ucfs=1&arphpl=1&checkin=2026-08-06&checkout=2026-08-07&dest_id=-2772585&dest_type=city&group_adults=2&req_adults=2&no_rooms=1&group_children=0&req_children=0&hpos=15&hapos=437&sr_order=popularity&srpvid=a6ce56975cc70174&srepoch=1785759590&all_sr_blocks=1629275601_433511414_0_0_0&highlighted_blocks=1629275601_433511414_0_0_0&matching_block_id=1629275601_433511414_0_0_0&sr_pri_blocks=1629275601_433511414_0_0_0__650000&from=searchresults,6500,,,Rawalpindi,9.7,One-Bedroom Apartment,"2 beds (1 double, 1 sofa bed)",0,1,1,https://cf.bstatic.com/xdata/images/hotel/square240/861073565.webp?k=155c13dc3a7b97884c7e65b3766d17a8d6213658646d1bc33495110d93a191c3&o=,4,Rawalpindi
The Cozy City Home,https://www.booking.com/hotel/pk/the-cozy-city-home.en-gb.html?aid=304142&label=gen173nr-10CAQoggJCDWNpdHlfLTI3NzI1ODVICVgEaLUBiAEBmAEzuAEHyAEM2AED6AEB-AEBiAIBqAIBuAKujsLTBsACAdICJDM4ZDNiYzA1LTEwOWUtNDU1NS04YmFhLTE1MzQ4MGIxZTY3OdgCAeACAQ&ucfs=1&arphpl=1&checkin=2026-08-06&checkout=2026-08-07&dest_id=-2772585&dest_type=city&group_adults=2&req_adults=2&no_rooms=1&group_children=0&req_children=0&hpos=16&hapos=438&sr_order=popularity&srpvid=a6ce56975cc70174&srepoch=1785759590&all_sr_blocks=1592311901_430298936_2_0_0&highlighted_blocks=1592311901_430298936_2_0_0&matching_block_id=1592311901_430298936_2_0_0&sr_pri_blocks=1592311901_430298936_2_0_0__750000&from=searchresults,7500,,,Rawalpindi,11.4,Double Room with Private Bathroom,1 large double bed,0,1,1,https://cf.bstatic.com/xdata/images/hotel/square240/831833272.webp?k=4807d8ec805dfef36d1bb2e2c04fa5c03b8989bcbbfef425722d9bf4c5abb0d5&o=,4,Rawalpindi
Studio Apartment,https://www.booking.com/hotel/pk/studio-apartment-islamabad10.en-gb.html?aid=304142&label=gen173nr-10CAQoggJCDWNpdHlfLTI3NzI1ODVICVgEaLUBiAEBmAEzuAEHyAEM2AED6AEB-AEBiAIBqAIBuAKujsLTBsACAdICJDM4ZDNiYzA1LTEwOWUtNDU1NS04YmFhLTE1MzQ4MGIxZTY3OdgCAeACAQ&ucfs=1&arphpl=1&checkin=2026-08-06&checkout=2026-08-07&dest_id=-2772585&dest_type=city&group_adults=2&req_adults=2&no_rooms=1&group_children=0&req_children=0&hpos=17&hapos=439&sr_order=popularity&srpvid=a6ce56975cc70174&srepoch=1785759590&all_sr_blocks=1480289801_419488830_4_0_0&highlighted_blocks=1480289801_419488830_4_0_0&matching_block_id=1480289801_419488830_4_0_0&sr_pri_blocks=1480289801_419488830_4_0_0__700000&from=searchresults,7000,,,Rawalpindi,8.8,One-Bedroom Apartment,2 double beds,0,1,1,https://cf.bstatic.com/xdata/images/hotel/square240/735065946.webp?k=b464dd6877a02ef2a528ee2c48161e6443ad3a0304702eeab66f331439b107fb&o=,4,Rawalpindi
Family Comfort Suites,https://www.booking.com/hotel/pk/family-comfort-suites.en-gb.html?aid=304142&label=gen173nr-10CAQoggJCDWNpdHlfLTI3NzI1ODVICVgEaLUBiAEBmAEzuAEHyAEM2AED6AEB-AEBiAIBqAIBuAKujsLTBsACAdICJDM4ZDNiYzA1LTEwOWUtNDU1NS04YmFhLTE1MzQ4MGIxZTY3OdgCAeACAQ&ucfs=1&arphpl=1&checkin=2026-08-06&checkout=2026-08-07&dest_id=-2772585&dest_type=city&group_adults=2&req_adults=2&no_rooms=1&group_children=0&req_children=0&hpos=18&hapos=440&sr_order=popularity&srpvid=a6ce56975cc70174&srepoch=1785759590&all_sr_blocks=1338841601_406319720_2_0_0&highlighted_blocks=1338841601_406319720_2_0_0&matching_block_id=1338841601_406319720_2_0_0&sr_pri_blocks=1338841601_406319720_2_0_0__2000000&from=searchresults,20000,,,Rawalpindi,7.5,Two-Bedroom Apartment,"5 beds (3 sofa beds, 2 large doubles)",0,1,1,https://cf.bstatic.com/xdata/images/hotel/square240/634336255.webp?k=d067495a287535d1429453b41695ee5d20fd561e5884af44adcd4cb0e9669dda&o=,4,Rawalpindi
Cozy 1BR Apartment in Bahria Town Sleeps 3,https://www.booking.com/hotel/pk/orange-nest-appartments.en-gb.html?aid=304142&label=gen173nr-10CAQoggJCDWNpdHlfLTI3NzI1ODVICVgEaLUBiAEBmAEzuAEHyAEM2AED6AEB-AEBiAIBqAIBuAKujsLTBsACAdICJDM4ZDNiYzA1LTEwOWUtNDU1NS04YmFhLTE1MzQ4MGIxZTY3OdgCAeACAQ&ucfs=1&arphpl=1&checkin=2026-08-06&checkout=2026-08-07&dest_id=-2772585&dest_type=city&group_adults=2&req_adults=2&no_rooms=1&group_children=0&req_children=0&hpos=19&hapos=441&sr_order=popularity&srpvid=a6ce56975cc70174&srepoch=1785759590&all_sr_blocks=1574313001_428513691_0_0_0&highlighted_blocks=1574313001_428513691_0_0_0&matching_block_id=1574313001_428513691_0_0_0&sr_pri_blocks=1574313001_428513691_0_0_0__935000&from=searchresults,9350,,,Rawalpindi,6.0,One-Bedroom Apartment,1 double bed,0,1,1,https://cf.bstatic.com/xdata/images/hotel/square240/817190001.webp?k=068e31ebcc9d0a0361152f7842da2754480695c95c7507625023082003bc9835&o=,4,Rawalpindi
Jeff-inn,https://www.booking.com/hotel/pk/jeff-inn.en-gb.html?aid=304142&label=gen173nr-10CAQoggJCDWNpdHlfLTI3NzI1ODVICVgEaLUBiAEBmAEzuAEHyAEM2AED6AEB-AEBiAIBqAIBuAKujsLTBsACAdICJDM4ZDNiYzA1LTEwOWUtNDU1NS04YmFhLTE1MzQ4MGIxZTY3OdgCAeACAQ&ucfs=1&arphpl=1&checkin=2026-08-06&checkout=2026-08-07&dest_id=-2772585&dest_type=city&group_adults=2&req_adults=2&no_rooms=1&group_children=0&req_children=0&hpos=20&hapos=442&sr_order=popularity&srpvid=a6ce56975cc70174&srepoch=1785759590&all_sr_blocks=1605806601_431502496_4_0_0&highlighted_blocks=1605806601_431502496_4_0_0&matching_block_id=1605806601_431502496_4_0_0&sr_pri_blocks=1605806601_431502496_4_0_0__1500000&from=searchresults,15000,,,Rawalpindi,11.3,One-Bedroom Apartment,"3 beds (2 doubles, 1 sofa bed)",0,1,1,https://cf.bstatic.com/xdata/images/hotel/square240/842458175.webp?k=ac78771d5840117207eee983e4e1336d831c443dd46aeac044ddbc4fe1949de3&o=,4,Rawalpindi
Modern 1bhk,https://www.booking.com/hotel/pk/modern-1bhk.en-gb.html?aid=304142&label=gen173nr-10CAQoggJCDWNpdHlfLTI3NzI1ODVICVgEaLUBiAEBmAEzuAEHyAEM2AED6AEB-AEBiAIBqAIBuAKujsLTBsACAdICJDM4ZDNiYzA1LTEwOWUtNDU1NS04YmFhLTE1MzQ4MGIxZTY3OdgCAeACAQ&ucfs=1&arphpl=1&checkin=2026-08-06&checkout=2026-08-07&dest_id=-2772585&dest_type=city&group_adults=2&req_adults=2&no_rooms=1&group_children=0&req_children=0&hpos=21&hapos=443&sr_order=popularity&srpvid=a6ce56975cc70174&srepoch=1785759590&all_sr_blocks=1477179701_419163167_3_0_0&highlighted_blocks=1477179701_419163167_3_0_0&matching_block_id=1477179701_419163167_3_0_0&sr_pri_blocks=1477179701_419163167_3_0_0__1100000&from=searchresults,11000,,,Rawalpindi,13.4,One-Bedroom Apartment,1 double bed,0,1,1,https://cf.bstatic.com/xdata/images/hotel/square240/732167140.webp?k=87a7bbef8c78072c4df83b3d06a527c3a528a8e6d5fa1ef0a55eabf4275260e4&o=,4,Rawalpindi
The Great Indoors,https://www.booking.com/hotel/pk/the-great-indoors.en-gb.html?aid=304142&label=gen173nr-10CAQoggJCDWNpdHlfLTI3NzI1ODVICVgEaLUBiAEBmAEzuAEHyAEM2AED6AEB-AEBiAIBqAIBuAKujsLTBsACAdICJDM4ZDNiYzA1LTEwOWUtNDU1NS04YmFhLTE1MzQ4MGIxZTY3OdgCAeACAQ&ucfs=1&arphpl=1&checkin=2026-08-06&checkout=2026-08-07&dest_id=-2772585&dest_type=city&group_adults=2&req_adults=2&no_rooms=1&group_children=0&req_children=0&hpos=22&hapos=444&sr_order=popularity&srpvid=a6ce56975cc70174&srepoch=1785759590&all_sr_blocks=1539260501_425349904_2_0_0&highlighted_blocks=1539260501_425349904_2_0_0&matching_block_id=1539260501_425349904_2_0_0&sr_pri_blocks=1539260501_425349904_2_0_0__1100000&from=searchresults,11000,,,Rawalpindi,11.3,One-Bedroom Apartment,1 double bed,0,1,1,https://cf.bstatic.com/xdata/images/hotel/square240/787253892.webp?k=a89d842a472b9dd4d2bdc72f88ea92cd1d619cd2f276da82584b31bd171792d8&o=,4,Rawalpindi
BIN CHARAGH HEIGHTs,https://www.booking.com/hotel/pk/bin-charagh-heights-islamabad.en-gb.html?aid=304142&label=gen173nr-10CAQoggJCDWNpdHlfLTI3NzI1ODVICVgEaLUBiAEBmAEzuAEHyAEM2AED6AEB-AEBiAIBqAIBuAKujsLTBsACAdICJDM4ZDNiYzA1LTEwOWUtNDU1NS04YmFhLTE1MzQ4MGIxZTY3OdgCAeACAQ&ucfs=1&arphpl=1&checkin=2026-08-06&checkout=2026-08-07&dest_id=-2772585&dest_type=city&group_adults=2&req_adults=2&no_rooms=1&group_children=0&req_children=0&hpos=23&hapos=445&sr_order=popularity&srpvid=a6ce56975cc70174&srepoch=1785759590&all_sr_blocks=1663514601_438224411_3_0_0&highlighted_blocks=1663514601_438224411_3_0_0&matching_block_id=1663514601_438224411_3_0_0&sr_pri_blocks=1663514601_438224411_3_0_0__879920&from=searchresults,8799,1.0,1.0,Rawalpindi,9.7,One-Bedroom Apartment,1 large double bed,0,1,1,https://cf.bstatic.com/xdata/images/hotel/square240/881082977.webp?k=88362b871c74cf02154aa0c067ad5f5d7a65531dc0af367d0d49ef3115ef0d03&o=,5,Rawalpindi
Shaz Appartments,https://www.booking.com/hotel/pk/shaz-appartments.en-gb.html?aid=304142&label=gen173nr-10CAQoggJCDWNpdHlfLTI3NzI1ODVICVgEaLUBiAEBmAEzuAEHyAEM2AED6AEB-AEBiAIBqAIBuAKujsLTBsACAdICJDM4ZDNiYzA1LTEwOWUtNDU1NS04YmFhLTE1MzQ4MGIxZTY3OdgCAeACAQ&ucfs=1&arphpl=1&checkin=2026-08-06&checkout=2026-08-07&dest_id=-2772585&dest_type=city&group_adults=2&req_adults=2&no_rooms=1&group_children=0&req_children=0&hpos=24&hapos=446&sr_order=popularity&srpvid=a6ce56975cc70174&srepoch=1785759590&all_sr_blocks=1646219701_434622594_4_0_0&highlighted_blocks=1646219701_434622594_4_0_0&matching_block_id=1646219701_434622594_4_0_0&sr_pri_blocks=1646219701_434622594_4_0_0__1000000&from=searchresults,10000,,,Rawalpindi,6.6,One-Bedroom Apartment,"3 beds (1 single, 1 double, 1 sofa bed)",0,1,1,https://cf.bstatic.com/xdata/images/hotel/square240/869952305.webp?k=89c9b38e706fdf1f33e93435fc90d1de162b08db9f629c874090370440c6d498&o=,4,Rawalpindi
Selora HBK,https://www.booking.com/hotel/pk/selora-hbk.en-gb.html?aid=304142&label=gen173nr-10CAQoggJCDWNpdHlfLTI3NzI1ODVICVgEaLUBiAEBmAEzuAEHyAEM2AED6AEB-AEBiAIBqAIBuAKujsLTBsACAdICJDM4ZDNiYzA1LTEwOWUtNDU1NS04YmFhLTE1MzQ4MGIxZTY3OdgCAeACAQ&ucfs=1&arphpl=1&checkin=2026-08-06&checkout=2026-08-07&dest_id=-2772585&dest_type=city&group_adults=2&req_adults=2&no_rooms=1&group_children=0&req_children=0&hpos=1&hapos=447&sr_order=popularity&srpvid=a6ce56975cc70174&srepoch=1785759594&all_sr_blocks=1614705801_432349983_2_0_0&highlighted_blocks=1614705801_432349983_2_0_0&matching_block_id=1614705801_432349983_2_0_0&sr_pri_blocks=1614705801_432349983_2_0_0__1200000&from=searchresults,12000,,,Rawalpindi,3.7,One-Bedroom Apartment,1 double bed,0,1,1,https://cf.bstatic.com/xdata/images/hotel/square240/849771499.webp?k=9a6588bd135808654b64ff8375e15a828115f2ca08243fce810beb118f6032ff&o=,4,Rawalpindi
Luxury 2 bedroom house with lounge dinning area and kitchen,https://www.booking.com/hotel/pk/luxury-2-bedroom-house-with-lounge-dinning-area-and-kitchen.en-gb.html?aid=304142&label=gen173nr-10CAQoggJCDWNpdHlfLTI3NzI1ODVICVgEaLUBiAEBmAEzuAEHyAEM2AED6AEB-AEBiAIBqAIBuAKujsLTBsACAdICJDM4ZDNiYzA1LTEwOWUtNDU1NS04YmFhLTE1MzQ4MGIxZTY3OdgCAeACAQ&ucfs=1&arphpl=1&checkin=2026-08-06&checkout=2026-08-07&dest_id=-2772585&dest_type=city&group_adults=2&req_adults=2&no_rooms=1&group_children=0&req_children=0&hpos=2&hapos=448&sr_order=popularity&srpvid=a6ce56975cc70174&srepoch=1785759594&all_sr_blocks=1579418301_429042872_6_0_0&highlighted_blocks=1579418301_429042872_6_0_0&matching_block_id=1579418301_429042872_6_0_0&sr_pri_blocks=1579418301_429042872_6_0_0__1200000&from=searchresults,12000,,,Rawalpindi,13.5,Two-Bedroom Villa,"3 beds (2 doubles, 1 large double)",0,0,1,https://cf.bstatic.com/xdata/images/hotel/square240/821368620.webp?k=b8029506dba2535ee73e79714210e659042a685fda6c2d220897972bdc8fdfd9&o=,3,Rawalpindi
Eleven heights,https://www.booking.com/hotel/pk/eleven-heights.en-gb.html?aid=304142&label=gen173nr-10CAQoggJCDWNpdHlfLTI3NzI1ODVICVgEaLUBiAEBmAEzuAEHyAEM2AED6AEB-AEBiAIBqAIBuAKujsLTBsACAdICJDM4ZDNiYzA1LTEwOWUtNDU1NS04YmFhLTE1MzQ4MGIxZTY3OdgCAeACAQ&ucfs=1&arphpl=1&checkin=2026-08-06&checkout=2026-08-07&dest_id=-2772585&dest_type=city&group_adults=2&req_adults=2&no_rooms=1&group_children=0&req_children=0&hpos=3&hapos=449&sr_order=popularity&srpvid=a6ce56975cc70174&srepoch=1785759594&all_sr_blocks=1579838601_429082934_4_0_0&highlighted_blocks=1579838601_429082934_4_0_0&matching_block_id=1579838601_429082934_4_0_0&sr_pri_blocks=1579838601_429082934_4_0_0__1050000&from=searchresults,10500,,,Rawalpindi,11.3,One-Bedroom Apartment,"5 beds (2 singles, 1 double, 1 extra-large double, 1 sofa bed)",0,1,1,https://cf.bstatic.com/xdata/images/hotel/square240/821901035.webp?k=13e3bf24e5ac1b505bba1a05fb22d09b8e0393f7f3f910fed7d72ed74cbd3646&o=,5,Rawalpindi
Hunza Nest Luxury 2BR Apartment in Bahria Phase 4,https://www.booking.com/hotel/pk/hunza-nest-luxury-2br-apartment-in-bahria-phase-4.en-gb.html?aid=304142&label=gen173nr-10CAQoggJCDWNpdHlfLTI3NzI1ODVICVgEaLUBiAEBmAEzuAEHyAEM2AED6AEB-AEBiAIBqAIBuAKujsLTBsACAdICJDM4ZDNiYzA1LTEwOWUtNDU1NS04YmFhLTE1MzQ4MGIxZTY3OdgCAeACAQ&ucfs=1&arphpl=1&checkin=2026-08-06&checkout=2026-08-07&dest_id=-2772585&dest_type=city&group_adults=2&req_adults=2&no_rooms=1&group_children=0&req_children=0&hpos=4&hapos=450&sr_order=popularity&srpvid=a6ce56975cc70174&srepoch=1785759594&all_sr_blocks=1675758501_439309872_4_0_0&highlighted_blocks=1675758501_439309872_4_0_0&matching_block_id=1675758501_439309872_4_0_0&sr_pri_blocks=1675758501_439309872_4_0_0__1870000&from=searchresults,18700,,,Rawalpindi,7.6,One-Bedroom Apartment,"7 beds (5 sofa beds, 2 large doubles)",0,1,1,https://cf.bstatic.com/xdata/images/hotel/square240/888444834.webp?k=420ee171e6d447cdb33f858419ad1d56ef80457c5c79376aeb55502007d4641d&o=,5,Rawalpindi
Welcome to J's Suites 1,https://www.booking.com/hotel/pk/welcome-to-js-suites-1.en-gb.html?aid=304142&label=gen173nr-10CAQoggJCDWNpdHlfLTI3NzI1ODVICVgEaLUBiAEBmAEzuAEHyAEM2AED6AEB-AEBiAIBqAIBuAKujsLTBsACAdICJDM4ZDNiYzA1LTEwOWUtNDU1NS04YmFhLTE1MzQ4MGIxZTY3OdgCAeACAQ&ucfs=1&arphpl=1&checkin=2026-08-06&checkout=2026-08-07&dest_id=-2772585&dest_type=city&group_adults=2&req_adults=2&no_rooms=1&group_children=0&req_children=0&hpos=5&hapos=451&sr_order=popularity&srpvid=a6ce56975cc70174&srepoch=1785759594&all_sr_blocks=1520156201_423682826_5_0_0&highlighted_blocks=1520156201_423682826_5_0_0&matching_block_id=1520156201_423682826_5_0_0&sr_pri_blocks=1520156201_423682826_5_0_0__1299900&from=searchresults,12999,,,Rawalpindi,11.3,Two-Bedroom Apartment,"2 beds (1 double, 1 sofa bed)",0,1,1,https://cf.bstatic.com/xdata/images/hotel/square240/771121604.webp?k=e8a823101bde4233fdb28466e4e8e112732b48ece4546e11f99685e89ff4cb99&o=,4,Rawalpindi
Bahria stays in,https://www.booking.com/hotel/pk/falak-home.en-gb.html?aid=304142&label=gen173nr-10CAQoggJCDWNpdHlfLTI3NzI1ODVICVgEaLUBiAEBmAEzuAEHyAEM2AED6AEB-AEBiAIBqAIBuAKujsLTBsACAdICJDM4ZDNiYzA1LTEwOWUtNDU1NS04YmFhLTE1MzQ4MGIxZTY3OdgCAeACAQ&ucfs=1&arphpl=1&checkin=2026-08-06&checkout=2026-08-07&dest_id=-2772585&dest_type=city&group_adults=2&req_adults=2&no_rooms=1&group_children=0&req_children=0&hpos=6&hapos=452&sr_order=popularity&srpvid=a6ce56975cc70174&srepoch=1785759594&all_sr_blocks=1571007401_428179334_8_2_0&highlighted_blocks=1571007401_428179334_8_2_0&matching_block_id=1571007401_428179334_8_2_0&sr_pri_blocks=1571007401_428179334_8_2_0__1600000&from=searchresults,16000,,,Rawalpindi,11.2,One-Bedroom House,"5 beds (4 sofa beds, 1 large double)",0,1,1,https://cf.bstatic.com/xdata/images/hotel/square240/814322023.webp?k=53150cf48efffde13dd1b983992a28c114a673b7c87ccf11f3a92f091484cf09&o=,4,Rawalpindi
1 BHK by EUOR,https://www.booking.com/hotel/pk/1-bhk-by-euor.en-gb.html?aid=304142&label=gen173nr-10CAQoggJCDWNpdHlfLTI3NzI1ODVICVgEaLUBiAEBmAEzuAEHyAEM2AED6AEB-AEBiAIBqAIBuAKujsLTBsACAdICJDM4ZDNiYzA1LTEwOWUtNDU1NS04YmFhLTE1MzQ4MGIxZTY3OdgCAeACAQ&ucfs=1&arphpl=1&checkin=2026-08-06&checkout=2026-08-07&dest_id=-2772585&dest_type=city&group_adults=2&req_adults=2&no_rooms=1&group_children=0&req_children=0&hpos=7&hapos=453&sr_order=popularity&srpvid=a6ce56975cc70174&srepoch=1785759594&all_sr_blocks=1524616001_424110254_3_0_0&highlighted_blocks=1524616001_424110254_3_0_0&matching_block_id=1524616001_424110254_3_0_0&sr_pri_blocks=1524616001_424110254_3_0_0__750000&from=searchresults,7500,,,Rawalpindi,9.0,One-Bedroom Apartment,"2 beds (1 double, 1 sofa bed)",0,1,1,https://cf.bstatic.com/xdata/images/hotel/square240/774650424.webp?k=51791bf327e037ed2e856bfa97d6ca56ed8db886f562c595f930ecb0d16a63a1&o=,4,Rawalpindi
Sukoon e Maskan Private Home Cinema 110 screen,https://www.booking.com/hotel/pk/sukoon-e-maskan-private-home-cinema-110-screen.en-gb.html?aid=304142&label=gen173nr-10CAQoggJCDWNpdHlfLTI3NzI1ODVICVgEaLUBiAEBmAEzuAEHyAEM2AED6AEB-AEBiAIBqAIBuAKujsLTBsACAdICJDM4ZDNiYzA1LTEwOWUtNDU1NS04YmFhLTE1MzQ4MGIxZTY3OdgCAeACAQ&ucfs=1&arphpl=1&checkin=2026-08-06&checkout=2026-08-07&dest_id=-2772585&dest_type=city&group_adults=2&req_adults=2&no_rooms=1&group_children=0&req_children=0&hpos=8&hapos=454&sr_order=popularity&srpvid=a6ce56975cc70174&srepoch=1785759594&all_sr_blocks=1501038401_421775514_4_0_0&highlighted_blocks=1501038401_421775514_4_0_0&matching_block_id=1501038401_421775514_4_0_0&sr_pri_blocks=1501038401_421775514_4_0_0__1500000&from=searchresults,15000,,,Rawalpindi,11.3,One-Bedroom Apartment,1 extra-large double bed,0,1,1,https://cf.bstatic.com/xdata/images/hotel/square240/754925779.webp?k=dabe5abb340c74ba74ea1dcc3c4c8d3c4e141554fd3fd991af732906131a9611&o=,4,Rawalpindi
Beautiful 2 bedroom apartment,https://www.booking.com/hotel/pk/beautiful-2-bedroom-apartment.en-gb.html?aid=304142&label=gen173nr-10CAQoggJCDWNpdHlfLTI3NzI1ODVICVgEaLUBiAEBmAEzuAEHyAEM2AED6AEB-AEBiAIBqAIBuAKujsLTBsACAdICJDM4ZDNiYzA1LTEwOWUtNDU1NS04YmFhLTE1MzQ4MGIxZTY3OdgCAeACAQ&ucfs=1&arphpl=1&checkin=2026-08-06&checkout=2026-08-07&dest_id=-2772585&dest_type=city&group_adults=2&req_adults=2&no_rooms=1&group_children=0&req_children=0&hpos=9&hapos=455&sr_order=popularity&srpvid=a6ce56975cc70174&srepoch=1785759594&all_sr_blocks=1546480901_425918707_2_0_0&highlighted_blocks=1546480901_425918707_2_0_0&matching_block_id=1546480901_425918707_2_0_0&sr_pri_blocks=1546480901_425918707_2_0_0__1200000&from=searchresults,12000,,,Rawalpindi,9.8,One-Bedroom Apartment,1 double bed,0,1,1,https://cf.bstatic.com/xdata/images/hotel/square240/792932220.webp?k=9e72c7ce651f2ed7a3ec4da469630755051418ca95c92f90ae8ec2d765828960&o=,4,Rawalpindi
The Rustic Loft,https://www.booking.com/hotel/pk/the-rustic-loft.en-gb.html?aid=304142&label=gen173nr-10CAQoggJCDWNpdHlfLTI3NzI1ODVICVgEaLUBiAEBmAEzuAEHyAEM2AED6AEB-AEBiAIBqAIBuAKujsLTBsACAdICJDM4ZDNiYzA1LTEwOWUtNDU1NS04YmFhLTE1MzQ4MGIxZTY3OdgCAeACAQ&ucfs=1&arphpl=1&checkin=2026-08-06&checkout=2026-08-07&dest_id=-2772585&dest_type=city&group_adults=2&req_adults=2&no_rooms=1&group_children=0&req_children=0&hpos=10&hapos=456&sr_order=popularity&srpvid=a6ce56975cc70174&srepoch=1785759594&all_sr_blocks=1465252001_417825496_3_0_0&highlighted_blocks=1465252001_417825496_3_0_0&matching_block_id=1465252001_417825496_3_0_0&sr_pri_blocks=1465252001_417825496_3_0_0__1000000&from=searchresults,10000,,,Rawalpindi,10.2,One-Bedroom Apartment,"2 beds (1 double, 1 sofa bed)",0,1,1,https://cf.bstatic.com/xdata/images/hotel/square240/722296925.webp?k=e0efcb40b9378d7a8b9561ed90b371cbd71d4cc090fc5a8b41058411a94ca416&o=,5,Rawalpindi
Dream House,https://www.booking.com/hotel/pk/dream-house-rawalpindi2.en-gb.html?aid=304142&label=gen173nr-10CAQoggJCDWNpdHlfLTI3NzI1ODVICVgEaLUBiAEBmAEzuAEHyAEM2AED6AEB-AEBiAIBqAIBuAKujsLTBsACAdICJDM4ZDNiYzA1LTEwOWUtNDU1NS04YmFhLTE1MzQ4MGIxZTY3OdgCAeACAQ&ucfs=1&arphpl=1&checkin=2026-08-06&checkout=2026-08-07&dest_id=-2772585&dest_type=city&group_adults=2&req_adults=2&no_rooms=1&group_children=0&req_children=0&hpos=11&hapos=457&sr_order=popularity&srpvid=a6ce56975cc70174&srepoch=1785759594&all_sr_blocks=1540545601_425456870_6_0_0&highlighted_blocks=1540545601_425456870_6_0_0&matching_block_id=1540545601_425456870_6_0_0&sr_pri_blocks=1540545601_425456870_6_0_0__1500000&from=searchresults,15000,,,Rawalpindi,11.2,One-Bedroom Apartment,"7 beds (2 doubles, 5 sofa beds)",0,1,1,https://cf.bstatic.com/xdata/images/hotel/square240/788023948.webp?k=68143a5d3804b17ac28b4865360b58b4c427f935e3e61702cf87481ae0df2970&o=,4,Rawalpindi
AZ Apartments,https://www.booking.com/hotel/pk/az-apartments.en-gb.html?aid=304142&label=gen173nr-10CAQoggJCDWNpdHlfLTI3NzI1ODVICVgEaLUBiAEBmAEzuAEHyAEM2AED6AEB-AEBiAIBqAIBuAKujsLTBsACAdICJDM4ZDNiYzA1LTEwOWUtNDU1NS04YmFhLTE1MzQ4MGIxZTY3OdgCAeACAQ&ucfs=1&arphpl=1&checkin=2026-08-06&checkout=2026-08-07&dest_id=-2772585&dest_type=city&group_adults=2&req_adults=2&no_rooms=1&group_children=0&req_children=0&hpos=12&hapos=458&sr_order=popularity&srpvid=a6ce56975cc70174&srepoch=1785759594&all_sr_blocks=1570053101_428092453_4_0_0&highlighted_blocks=1570053101_428092453_4_0_0&matching_block_id=1570053101_428092453_4_0_0&sr_pri_blocks=1570053101_428092453_4_0_0__600000&from=searchresults,6000,,,Rawalpindi,7.7,Two-Bedroom Apartment,"3 beds (2 sofa beds, 1 large double)",0,1,1,https://cf.bstatic.com/xdata/images/hotel/square240/813425470.webp?k=4c18e06935097aa5e8d91b5f915e50b214eaeb47353a8cdeca4003e86e365260&o=,4,Rawalpindi
Apartments for rent,https://www.booking.com/hotel/pk/apartments-for-rent-rawalpindi.en-gb.html?aid=304142&label=gen173nr-10CAQoggJCDWNpdHlfLTI3NzI1ODVICVgEaLUBiAEBmAEzuAEHyAEM2AED6AEB-AEBiAIBqAIBuAKujsLTBsACAdICJDM4ZDNiYzA1LTEwOWUtNDU1NS04YmFhLTE1MzQ4MGIxZTY3OdgCAeACAQ&ucfs=1&arphpl=1&checkin=2026-08-06&checkout=2026-08-07&dest_id=-2772585&dest_type=city&group_adults=2&req_adults=2&no_rooms=1&group_children=0&req_children=0&hpos=13&hapos=459&sr_order=popularity&srpvid=a6ce56975cc70174&srepoch=1785759594&all_sr_blocks=1491863301_420835623_3_0_0&highlighted_blocks=1491863301_420835623_3_0_0&matching_block_id=1491863301_420835623_3_0_0&sr_pri_blocks=1491863301_420835623_3_0_0__800000&from=searchresults,8000,,,Rawalpindi,11.0,One-Bedroom Apartment,"2 beds (1 single, 1 double)",0,1,1,https://cf.bstatic.com/xdata/images/hotel/square240/745252556.webp?k=14f3ee9cd279748caabc6652cae156113379d0bdeef31829119053a2276a2ea6&o=,4,Rawalpindi
IRENIC APPARTMENTs,https://www.booking.com/hotel/pk/irenic-appartments.en-gb.html?aid=304142&label=gen173nr-10CAQoggJCDWNpdHlfLTI3NzI1ODVICVgEaLUBiAEBmAEzuAEHyAEM2AED6AEB-AEBiAIBqAIBuAKujsLTBsACAdICJDM4ZDNiYzA1LTEwOWUtNDU1NS04YmFhLTE1MzQ4MGIxZTY3OdgCAeACAQ&ucfs=1&arphpl=1&checkin=2026-08-06&checkout=2026-08-07&dest_id=-2772585&dest_type=city&group_adults=2&req_adults=2&no_rooms=1&group_children=0&req_children=0&hpos=14&hapos=460&sr_order=popularity&srpvid=a6ce56975cc70174&srepoch=1785759594&all_sr_blocks=1462808801_417582428_2_0_0&highlighted_blocks=1462808801_417582428_2_0_0&matching_block_id=1462808801_417582428_2_0_0&sr_pri_blocks=1462808801_417582428_2_0_0__850000&from=searchresults,8500,,,Rawalpindi,11.2,One-Bedroom Apartment,2 double beds,0,1,1,https://cf.bstatic.com/xdata/images/hotel/square240/719227235.webp?k=5197a27822477d1f92e7bf2fb7bfb997f64733c3791feaf6946de5f89721c312&o=,4,Rawalpindi
Kiani suits,https://www.booking.com/hotel/pk/kiani-suits.en-gb.html?aid=304142&label=gen173nr-10CAQoggJCDWNpdHlfLTI3NzI1ODVICVgEaLUBiAEBmAEzuAEHyAEM2AED6AEB-AEBiAIBqAIBuAKujsLTBsACAdICJDM4ZDNiYzA1LTEwOWUtNDU1NS04YmFhLTE1MzQ4MGIxZTY3OdgCAeACAQ&ucfs=1&arphpl=1&checkin=2026-08-06&checkout=2026-08-07&dest_id=-2772585&dest_type=city&group_adults=2&req_adults=2&no_rooms=1&group_children=0&req_children=0&hpos=15&hapos=461&sr_order=popularity&srpvid=a6ce56975cc70174&srepoch=1785759594&all_sr_blocks=1657839801_437668411_2_0_0&highlighted_blocks=1657839801_437668411_2_0_0&matching_block_id=1657839801_437668411_2_0_0&sr_pri_blocks=1657839801_437668411_2_0_0__640000&from=searchresults,6400,,,Rawalpindi,7.8,One-Bedroom Apartment,"2 beds (1 double, 1 sofa bed)",0,1,1,https://cf.bstatic.com/xdata/images/hotel/square240/876896481.webp?k=134957127ac30ee6dbc6f4dd5c10d88aa75128c36076b0d8a9ead9d521c3843b&o=,5,Rawalpindi
Luxurious Boutique One Bed Apartment In Bahria Town,https://www.booking.com/hotel/pk/luxurious-boutique-one-bed-apartment-in-bahria-town.en-gb.html?aid=304142&label=gen173nr-10CAQoggJCDWNpdHlfLTI3NzI1ODVICVgEaLUBiAEBmAEzuAEHyAEM2AED6AEB-AEBiAIBqAIBuAKujsLTBsACAdICJDM4ZDNiYzA1LTEwOWUtNDU1NS04YmFhLTE1MzQ4MGIxZTY3OdgCAeACAQ&ucfs=1&arphpl=1&checkin=2026-08-06&checkout=2026-08-07&dest_id=-2772585&dest_type=city&group_adults=2&req_adults=2&no_rooms=1&group_children=0&req_children=0&hpos=16&hapos=462&sr_order=popularity&srpvid=a6ce56975cc70174&srepoch=1785759594&all_sr_blocks=731384601_326144717_2_0_0&highlighted_blocks=731384601_326144717_2_0_0&matching_block_id=731384601_326144717_2_0_0&sr_pri_blocks=731384601_326144717_2_0_0__1800000&from=searchresults,18000,,,Rawalpindi,7.1,One-Bedroom Apartment,1 large double bed,0,1,1,https://cf.bstatic.com/xdata/images/hotel/square240/298807566.webp?k=09107058ddde39722c2a7b0195a0f9405155e8438dd418dfc8ca354c2e780104&o=,13,Rawalpindi
Home away from your home,https://www.booking.com/hotel/pk/home-away-from-your-home.en-gb.html?aid=304142&label=gen173nr-10CAQoggJCDWNpdHlfLTI3NzI1ODVICVgEaLUBiAEBmAEzuAEHyAEM2AED6AEB-AEBiAIBqAIBuAKujsLTBsACAdICJDM4ZDNiYzA1LTEwOWUtNDU1NS04YmFhLTE1MzQ4MGIxZTY3OdgCAeACAQ&ucfs=1&arphpl=1&checkin=2026-08-06&checkout=2026-08-07&dest_id=-2772585&dest_type=city&group_adults=2&req_adults=2&no_rooms=1&group_children=0&req_children=0&hpos=17&hapos=463&sr_order=popularity&srpvid=a6ce56975cc70174&srepoch=1785759594&all_sr_blocks=1496328201_421305990_3_0_0&highlighted_blocks=1496328201_421305990_3_0_0&matching_block_id=1496328201_421305990_3_0_0&sr_pri_blocks=1496328201_421305990_3_0_0__1050000&from=searchresults,10500,,,Rawalpindi,11.3,Two-Bedroom Apartment,"3 beds (1 double, 1 sofa bed, 1 large double)",0,1,1,https://cf.bstatic.com/xdata/images/hotel/square240/749841084.webp?k=a821c44ff916a2325d003f9396b053546e00e77b4d5e9fe575ef3dd228f34a72&o=,5,Rawalpindi
Bahria Town Holiday Home,https://www.booking.com/hotel/pk/bahria-town-holiday-home.en-gb.html?aid=304142&label=gen173nr-10CAQoggJCDWNpdHlfLTI3NzI1ODVICVgEaLUBiAEBmAEzuAEHyAEM2AED6AEB-AEBiAIBqAIBuAKujsLTBsACAdICJDM4ZDNiYzA1LTEwOWUtNDU1NS04YmFhLTE1MzQ4MGIxZTY3OdgCAeACAQ&ucfs=1&arphpl=1&checkin=2026-08-06&checkout=2026-08-07&dest_id=-2772585&dest_type=city&group_adults=2&req_adults=2&no_rooms=1&group_children=0&req_children=0&hpos=18&hapos=464&sr_order=popularity&srpvid=a6ce56975cc70174&srepoch=1785759594&all_sr_blocks=1437500801_415243531_2_0_0&highlighted_blocks=1437500801_415243531_2_0_0&matching_block_id=1437500801_415243531_2_0_0&sr_pri_blocks=1437500801_415243531_2_0_0__2000000&from=searchresults,20000,,,Rawalpindi,13.7,Three-Bedroom Holiday Home,"3 beds (2 extra-large doubles, 1 large double)",0,1,1,https://cf.bstatic.com/xdata/images/hotel/square240/700298437.webp?k=6888a9c4a594d4e3a7c82df2b62670aea4b93f6d981d141db6b4e85555e43a69&o=,4,Rawalpindi
Sky View Lodges,https://www.booking.com/hotel/pk/sky-view-lodges-rawalpindi2.en-gb.html?aid=304142&label=gen173nr-10CAQoggJCDWNpdHlfLTI3NzI1ODVICVgEaLUBiAEBmAEzuAEHyAEM2AED6AEB-AEBiAIBqAIBuAKujsLTBsACAdICJDM4ZDNiYzA1LTEwOWUtNDU1NS04YmFhLTE1MzQ4MGIxZTY3OdgCAeACAQ&ucfs=1&arphpl=1&checkin=2026-08-06&checkout=2026-08-07&dest_id=-2772585&dest_type=city&group_adults=2&req_adults=2&no_rooms=1&group_children=0&req_children=0&hpos=19&hapos=465&sr_order=popularity&srpvid=a6ce56975cc70174&srepoch=1785759594&all_sr_blocks=1547674501_426006372_2_0_0&highlighted_blocks=1547674501_426006372_2_0_0&matching_block_id=1547674501_426006372_2_0_0&sr_pri_blocks=1547674501_426006372_2_0_0__600000&from=searchresults,6000,,,Rawalpindi,12.6,One-Bedroom Apartment,1 double bed,0,1,1,https://cf.bstatic.com/xdata/images/hotel/square240/793651520.webp?k=9d24aa6969d124f2f18526768563852139bd846a390f8e175ad3a6bfe14e98ed&o=,4,Rawalpindi
rooftop studio apartment,https://www.booking.com/hotel/pk/rooftop-studio-apartment.en-gb.html?aid=304142&label=gen173nr-10CAQoggJCDWNpdHlfLTI3NzI1ODVICVgEaLUBiAEBmAEzuAEHyAEM2AED6AEB-AEBiAIBqAIBuAKujsLTBsACAdICJDM4ZDNiYzA1LTEwOWUtNDU1NS04YmFhLTE1MzQ4MGIxZTY3OdgCAeACAQ&ucfs=1&arphpl=1&checkin=2026-08-06&checkout=2026-08-07&dest_id=-2772585&dest_type=city&group_adults=2&req_adults=2&no_rooms=1&group_children=0&req_children=0&hpos=20&hapos=466&sr_order=popularity&srpvid=a6ce56975cc70174&srepoch=1785759594&all_sr_blocks=1486294801_420125499_2_0_0&highlighted_blocks=1486294801_420125499_2_0_0&matching_block_id=1486294801_420125499_2_0_0&sr_pri_blocks=1486294801_420125499_2_0_0__450000&from=searchresults,4500,,,Rawalpindi,12.1,One-Bedroom Apartment,1 double bed,0,1,1,https://cf.bstatic.com/xdata/images/hotel/square240/740333350.webp?k=9da52f4c715c3a44b6ec8a28d45ac087b17f7d8917257d9d8939f9f862e6aba1&o=,4,Rawalpindi
"Furnished Apt with stunning view,",https://www.booking.com/hotel/pk/furnished-apt-with-stunning-view.en-gb.html?aid=304142&label=gen173nr-10CAQoggJCDWNpdHlfLTI3NzI1ODVICVgEaLUBiAEBmAEzuAEHyAEM2AED6AEB-AEBiAIBqAIBuAKujsLTBsACAdICJDM4ZDNiYzA1LTEwOWUtNDU1NS04YmFhLTE1MzQ4MGIxZTY3OdgCAeACAQ&ucfs=1&arphpl=1&checkin=2026-08-06&checkout=2026-08-07&dest_id=-2772585&dest_type=city&group_adults=2&req_adults=2&no_rooms=1&group_children=0&req_children=0&hpos=21&hapos=467&sr_order=popularity&srpvid=a6ce56975cc70174&srepoch=1785759594&all_sr_blocks=1512685901_423019510_4_0_0&highlighted_blocks=1512685901_423019510_4_0_0&matching_block_id=1512685901_423019510_4_0_0&sr_pri_blocks=1512685901_423019510_4_0_0__1140000&from=searchresults,11400,,,Rawalpindi,13.6,Three-Bedroom Apartment,"3 beds (1 single, 1 double, 1 sofa bed)",0,1,1,https://cf.bstatic.com/xdata/images/hotel/square240/765256013.webp?k=693645426f21a9e2d2cadda4f6ed6b6c7159307803fd889e991be9b49db1db77&o=,4,Rawalpindi
Fully Furnished 2 Near Bahria Head Office,https://www.booking.com/hotel/pk/fully-furnished-2-near-bahria-head-office-rawalpindi.en-gb.html?aid=304142&label=gen173nr-10CAQoggJCDWNpdHlfLTI3NzI1ODVICVgEaLUBiAEBmAEzuAEHyAEM2AED6AEB-AEBiAIBqAIBuAKujsLTBsACAdICJDM4ZDNiYzA1LTEwOWUtNDU1NS04YmFhLTE1MzQ4MGIxZTY3OdgCAeACAQ&ucfs=1&arphpl=1&checkin=2026-08-06&checkout=2026-08-07&dest_id=-2772585&dest_type=city&group_adults=2&req_adults=2&no_rooms=1&group_children=0&req_children=0&hpos=22&hapos=468&sr_order=popularity&srpvid=a6ce56975cc70174&srepoch=1785759594&all_sr_blocks=1492953901_420939302_5_0_0&highlighted_blocks=1492953901_420939302_5_0_0&matching_block_id=1492953901_420939302_5_0_0&sr_pri_blocks=1492953901_420939302_5_0_0__2100000&from=searchresults,21000,,,Rawalpindi,13.1,One-Bedroom Apartment,"3 beds (2 doubles, 1 sofa bed)",0,1,1,https://cf.bstatic.com/xdata/images/hotel/square240/746229065.webp?k=1a57475de6cdff9bf5ffdb8314a15a49a08c204c560b7109d3f56981ea9ba2bc&o=,4,Rawalpindi
Khan g 1BHK Apartment,https://www.booking.com/hotel/pk/khan-g-1bhk-apartment.en-gb.html?aid=304142&label=gen173nr-10CAQoggJCDWNpdHlfLTI3NzI1ODVICVgEaLUBiAEBmAEzuAEHyAEM2AED6AEB-AEBiAIBqAIBuAKujsLTBsACAdICJDM4ZDNiYzA1LTEwOWUtNDU1NS04YmFhLTE1MzQ4MGIxZTY3OdgCAeACAQ&ucfs=1&arphpl=1&checkin=2026-08-06&checkout=2026-08-07&dest_id=-2772585&dest_type=city&group_adults=2&req_adults=2&no_rooms=1&group_children=0&req_children=0&hpos=23&hapos=469&sr_order=popularity&srpvid=a6ce56975cc70174&srepoch=1785759594&all_sr_blocks=1587715901_429883446_3_0_0&highlighted_blocks=1587715901_429883446_3_0_0&matching_block_id=1587715901_429883446_3_0_0&sr_pri_blocks=1587715901_429883446_3_0_0__1200000&from=searchresults,12000,,,Rawalpindi,6.0,One-Bedroom Apartment,"2 beds (1 double, 1 sofa bed)",0,1,1,https://cf.bstatic.com/xdata/images/hotel/square240/827739908.webp?k=0539b5db72a1c8b0f5e847719392b797f3a193b3cf2cbea85f6afca06c73fb13&o=,4,Rawalpindi
House available for guest stay,https://www.booking.com/hotel/pk/house-available-for-guest-stay.en-gb.html?aid=304142&label=gen173nr-10CAQoggJCDWNpdHlfLTI3NzI1ODVICVgEaLUBiAEBmAEzuAEHyAEM2AED6AEB-AEBiAIBqAIBuAKujsLTBsACAdICJDM4ZDNiYzA1LTEwOWUtNDU1NS04YmFhLTE1MzQ4MGIxZTY3OdgCAeACAQ&ucfs=1&arphpl=1&checkin=2026-08-06&checkout=2026-08-07&dest_id=-2772585&dest_type=city&group_adults=2&req_adults=2&no_rooms=1&group_children=0&req_children=0&hpos=24&hapos=470&sr_order=popularity&srpvid=a6ce56975cc70174&srepoch=1785759594&all_sr_blocks=1446961301_416076868_2_1_0&highlighted_blocks=1446961301_416076868_2_1_0&matching_block_id=1446961301_416076868_2_1_0&sr_pri_blocks=1446961301_416076868_2_1_0__720000&from=searchresults,7200,,,Rawalpindi,5.3,One-Bedroom House,"3 beds (1 double, 1 sofa bed, 1 large double)",1,1,1,https://cf.bstatic.com/xdata/images/hotel/square240/704483061.webp?k=9088bba0db0146c9ad33f739f390d5fe33017d86f82d8ccc5937c128d9b71f25&o=,4,Rawalpindi
Riverhills Comfort 2BHK,https://www.booking.com/hotel/pk/riverhills-comfort-2bhk.en-gb.html?aid=304142&label=gen173nr-10CAQoggJCDWNpdHlfLTI3NzI1ODVICVgEaLUBiAEBmAEzuAEHyAEM2AED6AEB-AEBiAIBqAIBuAKujsLTBsACAdICJDM4ZDNiYzA1LTEwOWUtNDU1NS04YmFhLTE1MzQ4MGIxZTY3OdgCAeACAQ&ucfs=1&arphpl=1&checkin=2026-08-06&checkout=2026-08-07&dest_id=-2772585&dest_type=city&group_adults=2&req_adults=2&no_rooms=1&group_children=0&req_children=0&hpos=25&hapos=471&sr_order=popularity&srpvid=a6ce56975cc70174&srepoch=1785759594&all_sr_blocks=1577261101_428827846_5_0_0&highlighted_blocks=1577261101_428827846_5_0_0&matching_block_id=1577261101_428827846_5_0_0&sr_pri_blocks=1577261101_428827846_5_0_0__1680000&from=searchresults,16800,,,Rawalpindi,9.3,Two-Bedroom Apartment,"2 beds (1 sofa bed, 1 large double)",0,1,1,https://cf.bstatic.com/xdata/images/hotel/square240/819443219.webp?k=29ab966605e9aa8c2672bffc4cf58ee274dfb298355ecf704ca06e7cd49296d9&o=,4,Rawalpindi
Call it a home,https://www.booking.com/hotel/pk/call-it-a-home.en-gb.html?aid=304142&label=gen173nr-10CAQoggJCDWNpdHlfLTI3NzI1ODVICVgEaLUBiAEBmAEzuAEHyAEM2AED6AEB-AEBiAIBqAIBuAKujsLTBsACAdICJDM4ZDNiYzA1LTEwOWUtNDU1NS04YmFhLTE1MzQ4MGIxZTY3OdgCAeACAQ&ucfs=1&arphpl=1&checkin=2026-08-06&checkout=2026-08-07&dest_id=-2772585&dest_type=city&group_adults=2&req_adults=2&no_rooms=1&group_children=0&req_children=0&hpos=1&hapos=472&sr_order=popularity&srpvid=a6ce56975cc70174&srepoch=1785759597&all_sr_blocks=1635592402_433964872_2_1_0&highlighted_blocks=1635592402_433964872_2_1_0&matching_block_id=1635592402_433964872_2_1_0&sr_pri_blocks=1635592402_433964872_2_1_0__1100000&from=searchresults,11000,,,Rawalpindi,12.2,Double Room,1 extra-large double bed,1,1,1,https://cf.bstatic.com/xdata/images/hotel/square240/864317003.webp?k=291340306d32cff008c90f0ea05dcea1901a2c77add236376510f99a036d1a56&o=,4,Rawalpindi
One bedroom appartment,https://www.booking.com/hotel/pk/one-bedroom-appartment.en-gb.html?aid=304142&label=gen173nr-10CAQoggJCDWNpdHlfLTI3NzI1ODVICVgEaLUBiAEBmAEzuAEHyAEM2AED6AEB-AEBiAIBqAIBuAKujsLTBsACAdICJDM4ZDNiYzA1LTEwOWUtNDU1NS04YmFhLTE1MzQ4MGIxZTY3OdgCAeACAQ&ucfs=1&arphpl=1&checkin=2026-08-06&checkout=2026-08-07&dest_id=-2772585&dest_type=city&group_adults=2&req_adults=2&no_rooms=1&group_children=0&req_children=0&hpos=2&hapos=473&sr_order=popularity&srpvid=a6ce56975cc70174&srepoch=1785759597&all_sr_blocks=1479541901_419417069_3_0_0&highlighted_blocks=1479541901_419417069_3_0_0&matching_block_id=1479541901_419417069_3_0_0&sr_pri_blocks=1479541901_419417069_3_0_0__1200000&from=searchresults,12000,,,Rawalpindi,7.7,Two-Bedroom Apartment,"7 beds (6 sofa beds, 1 large double)",0,1,1,https://cf.bstatic.com/xdata/images/hotel/square240/734372279.webp?k=4022e8025989cd482e88606dd3cf6d690338fdc903bfb6b71e6d4abdb9d8b171&o=,4,Rawalpindi
Falak house,https://www.booking.com/hotel/pk/falak-house-rawalpindi.en-gb.html?aid=304142&label=gen173nr-10CAQoggJCDWNpdHlfLTI3NzI1ODVICVgEaLUBiAEBmAEzuAEHyAEM2AED6AEB-AEBiAIBqAIBuAKujsLTBsACAdICJDM4ZDNiYzA1LTEwOWUtNDU1NS04YmFhLTE1MzQ4MGIxZTY3OdgCAeACAQ&ucfs=1&arphpl=1&checkin=2026-08-06&checkout=2026-08-07&dest_id=-2772585&dest_type=city&group_adults=2&req_adults=2&no_rooms=1&group_children=0&req_children=0&hpos=3&hapos=474&sr_order=popularity&srpvid=a6ce56975cc70174&srepoch=1785759597&all_sr_blocks=1559406001_427042059_7_2_0&highlighted_blocks=1559406001_427042059_7_2_0&matching_block_id=1559406001_427042059_7_2_0&sr_pri_blocks=1559406001_427042059_7_2_0__1800000&from=searchresults,18000,,,Rawalpindi,11.1,One-Bedroom House,"4 beds (1 sofa bed, 3 large doubles)",0,1,1,https://cf.bstatic.com/xdata/images/hotel/square240/804924057.webp?k=f08cedb3ff753af8c034d2c14975bd3846e18c240a8d4d3b27b825e88427d930&o=,4,Rawalpindi
The Royal Residence 2BHK with Free Netflix,https://www.booking.com/hotel/pk/the-royal-residence-2bhk-with-free-netflix.en-gb.html?aid=304142&label=gen173nr-10CAQoggJCDWNpdHlfLTI3NzI1ODVICVgEaLUBiAEBmAEzuAEHyAEM2AED6AEB-AEBiAIBqAIBuAKujsLTBsACAdICJDM4ZDNiYzA1LTEwOWUtNDU1NS04YmFhLTE1MzQ4MGIxZTY3OdgCAeACAQ&ucfs=1&arphpl=1&checkin=2026-08-06&checkout=2026-08-07&dest_id=-2772585&dest_type=city&group_adults=2&req_adults=2&no_rooms=1&group_children=0&req_children=0&hpos=4&hapos=475&sr_order=popularity&srpvid=a6ce56975cc70174&srepoch=1785759597&all_sr_blocks=1475192101_418938542_4_0_0&highlighted_blocks=1475192101_418938542_4_0_0&matching_block_id=1475192101_418938542_4_0_0&sr_pri_blocks=1475192101_418938542_4_0_0__1444000&from=searchresults,14440,3.0,2.0,Rawalpindi,9.6,Two-Bedroom Apartment,"3 beds (1 sofa bed, 2 large doubles)",0,0,0,https://cf.bstatic.com/xdata/images/hotel/square240/730601165.webp?k=da8518d00897e1735582d42dd5a8c26346088d570cacaa8037a99bc74a0cc8b7&o=,8,Rawalpindi
Fully Furnished 2 Near Bahria Head Office,https://www.booking.com/hotel/pk/fully-furnished-2-near-bahria-head-office.en-gb.html?aid=304142&label=gen173nr-10CAQoggJCDWNpdHlfLTI3NzI1ODVICVgEaLUBiAEBmAEzuAEHyAEM2AED6AEB-AEBiAIBqAIBuAKujsLTBsACAdICJDM4ZDNiYzA1LTEwOWUtNDU1NS04YmFhLTE1MzQ4MGIxZTY3OdgCAeACAQ&ucfs=1&arphpl=1&checkin=2026-08-06&checkout=2026-08-07&dest_id=-2772585&dest_type=city&group_adults=2&req_adults=2&no_rooms=1&group_children=0&req_children=0&hpos=5&hapos=476&sr_order=popularity&srpvid=a6ce56975cc70174&srepoch=1785759597&all_sr_blocks=1492905301_420935185_5_0_0&highlighted_blocks=1492905301_420935185_5_0_0&matching_block_id=1492905301_420935185_5_0_0&sr_pri_blocks=1492905301_420935185_5_0_0__2000000&from=searchresults,20000,,,Rawalpindi,13.1,One-Bedroom Apartment,"3 beds (2 doubles, 1 sofa bed)",0,1,1,https://cf.bstatic.com/xdata/images/hotel/square240/746207040.webp?k=4cf52b9140d999011f74a9be4e619ba3f963a51abd683053437f8584909a8f0e&o=,4,Rawalpindi
luxury 1 bed apartment,https://www.booking.com/hotel/pk/studio-apartment-rawalpindi2.en-gb.html?aid=304142&label=gen173nr-10CAQoggJCDWNpdHlfLTI3NzI1ODVICVgEaLUBiAEBmAEzuAEHyAEM2AED6AEB-AEBiAIBqAIBuAKujsLTBsACAdICJDM4ZDNiYzA1LTEwOWUtNDU1NS04YmFhLTE1MzQ4MGIxZTY3OdgCAeACAQ&ucfs=1&arphpl=1&checkin=2026-08-06&checkout=2026-08-07&dest_id=-2772585&dest_type=city&group_adults=2&req_adults=2&no_rooms=1&group_children=0&req_children=0&hpos=6&hapos=477&sr_order=popularity&srpvid=a6ce56975cc70174&srepoch=1785759597&all_sr_blocks=1482277701_419721814_2_0_0&highlighted_blocks=1482277701_419721814_2_0_0&matching_block_id=1482277701_419721814_2_0_0&sr_pri_blocks=1482277701_419721814_2_0_0__600000&from=searchresults,6000,,,Rawalpindi,11.3,One-Bedroom Apartment,1 double bed,0,1,1,https://cf.bstatic.com/xdata/images/hotel/square240/736948916.webp?k=f0c9fc37007c40be36ea4fb21481b09b6a798cadbb6b8c4bb2d5bc3fcb184d4a&o=,4,Rawalpindi
Daily&Weekly,https://www.booking.com/hotel/pk/daily-amp-weekly-rawalpindi2.en-gb.html?aid=304142&label=gen173nr-10CAQoggJCDWNpdHlfLTI3NzI1ODVICVgEaLUBiAEBmAEzuAEHyAEM2AED6AEB-AEBiAIBqAIBuAKujsLTBsACAdICJDM4ZDNiYzA1LTEwOWUtNDU1NS04YmFhLTE1MzQ4MGIxZTY3OdgCAeACAQ&ucfs=1&arphpl=1&checkin=2026-08-06&checkout=2026-08-07&dest_id=-2772585&dest_type=city&group_adults=2&req_adults=2&no_rooms=1&group_children=0&req_children=0&hpos=7&hapos=478&sr_order=popularity&srpvid=a6ce56975cc70174&srepoch=1785759597&all_sr_blocks=1562995901_427388036_2_0_0&highlighted_blocks=1562995901_427388036_2_0_0&matching_block_id=1562995901_427388036_2_0_0&sr_pri_blocks=1562995901_427388036_2_0_0__625000&from=searchresults,6250,,,Rawalpindi,7.7,One-Bedroom Apartment,1 extra-large double bed,0,1,1,https://cf.bstatic.com/xdata/images/hotel/square240/807676202.webp?k=165ee80f8e714fbb2df899656370f3ca9c09ea09c6c063cc13f2b5a5f828526e&o=,4,Rawalpindi
HHH Brothers House,https://www.booking.com/hotel/pk/hhh-brothers-house.en-gb.html?aid=304142&label=gen173nr-10CAQoggJCDWNpdHlfLTI3NzI1ODVICVgEaLUBiAEBmAEzuAEHyAEM2AED6AEB-AEBiAIBqAIBuAKujsLTBsACAdICJDM4ZDNiYzA1LTEwOWUtNDU1NS04YmFhLTE1MzQ4MGIxZTY3OdgCAeACAQ&ucfs=1&arphpl=1&checkin=2026-08-06&checkout=2026-08-07&dest_id=-2772585&dest_type=city&group_adults=2&req_adults=2&no_rooms=1&group_children=0&req_children=0&hpos=8&hapos=479&sr_order=popularity&srpvid=a6ce56975cc70174&srepoch=1785759597&all_sr_blocks=1160167901_388714916_2_0_0&highlighted_blocks=1160167901_388714916_2_0_0&matching_block_id=1160167901_388714916_2_0_0&sr_pri_blocks=1160167901_388714916_2_0_0__2591010&from=searchresults,25910,,,Rawalpindi,7.9,Deluxe Double Room with Bath,4 double beds,0,0,0,https://cf.bstatic.com/xdata/images/hotel/square240/531200895.webp?k=629b82dba61172d6600b82ac48667911de1ac5e0fcd27a1653bfccdcf4e9ef4e&o=,2,Rawalpindi
Heaven Stays,https://www.booking.com/hotel/pk/heaven-stays-rawalpindi.en-gb.html?aid=304142&label=gen173nr-10CAQoggJCDWNpdHlfLTI3NzI1ODVICVgEaLUBiAEBmAEzuAEHyAEM2AED6AEB-AEBiAIBqAIBuAKujsLTBsACAdICJDM4ZDNiYzA1LTEwOWUtNDU1NS04YmFhLTE1MzQ4MGIxZTY3OdgCAeACAQ&ucfs=1&arphpl=1&checkin=2026-08-06&checkout=2026-08-07&dest_id=-2772585&dest_type=city&group_adults=2&req_adults=2&no_rooms=1&group_children=0&req_children=0&hpos=9&hapos=480&sr_order=popularity&srpvid=a6ce56975cc70174&srepoch=1785759597&all_sr_blocks=1496392501_421310884_2_0_0&highlighted_blocks=1496392501_421310884_2_0_0&matching_block_id=1496392501_421310884_2_0_0&sr_pri_blocks=1496392501_421310884_2_0_0__800000&from=searchresults,8000,,,Rawalpindi,13.2,One-Bedroom Apartment,1 double bed,0,1,1,https://cf.bstatic.com/xdata/images/hotel/square240/749862844.webp?k=702c6e69098b7fdadcbd77672bedc64e8045f7b60ea467b6da99067e37a56bb6&o=,4,Rawalpindi
Modern 2 Bed Apartment at Bahria,https://www.booking.com/hotel/pk/modern-2-bed-apartment-at-bahria.en-gb.html?aid=304142&label=gen173nr-10CAQoggJCDWNpdHlfLTI3NzI1ODVICVgEaLUBiAEBmAEzuAEHyAEM2AED6AEB-AEBiAIBqAIBuAKujsLTBsACAdICJDM4ZDNiYzA1LTEwOWUtNDU1NS04YmFhLTE1MzQ4MGIxZTY3OdgCAeACAQ&ucfs=1&arphpl=1&checkin=2026-08-06&checkout=2026-08-07&dest_id=-2772585&dest_type=city&group_adults=2&req_adults=2&no_rooms=1&group_children=0&req_children=0&hpos=10&hapos=481&sr_order=popularity&srpvid=a6ce56975cc70174&srepoch=1785759597&all_sr_blocks=1549917001_426206465_4_0_0&highlighted_blocks=1549917001_426206465_4_0_0&matching_block_id=1549917001_426206465_4_0_0&sr_pri_blocks=1549917001_426206465_4_0_0__1200000&from=searchresults,12000,,,Rawalpindi,11.4,Two-Bedroom Apartment,1 large double bed,0,1,1,https://cf.bstatic.com/xdata/images/hotel/square240/795674029.webp?k=9ab3a1d5606392e294e711b484a21ee9f6357685057f0ae615694faf4508ed90&o=,4,Rawalpindi
sheen house,https://www.booking.com/hotel/pk/sheen-house.en-gb.html?aid=304142&label=gen173nr-10CAQoggJCDWNpdHlfLTI3NzI1ODVICVgEaLUBiAEBmAEzuAEHyAEM2AED6AEB-AEBiAIBqAIBuAKujsLTBsACAdICJDM4ZDNiYzA1LTEwOWUtNDU1NS04YmFhLTE1MzQ4MGIxZTY3OdgCAeACAQ&ucfs=1&arphpl=1&checkin=2026-08-06&checkout=2026-08-07&dest_id=-2772585&dest_type=city&group_adults=2&req_adults=2&no_rooms=1&group_children=0&req_children=0&hpos=11&hapos=482&sr_order=popularity&srpvid=a6ce56975cc70174&srepoch=1785759597&all_sr_blocks=1475854901_419004442_4_0_0&highlighted_blocks=1475854901_419004442_4_0_0&matching_block_id=1475854901_419004442_4_0_0&sr_pri_blocks=1475854901_419004442_4_0_0__3800000&from=searchresults,38000,,,Rawalpindi,8.7,Two-Bedroom House,"2 beds (1 sofa bed, 1 large double)",0,1,1,https://cf.bstatic.com/xdata/images/hotel/square240/731187157.webp?k=7d851a8743ebf341c2bee6187e1e85e37c264334dbdf3edffedd9e97b7088431&o=,4,Rawalpindi
Luxurious Urban Escape,https://www.booking.com/hotel/pk/luxurious-urban-escape.en-gb.html?aid=304142&label=gen173nr-10CAQoggJCDWNpdHlfLTI3NzI1ODVICVgEaLUBiAEBmAEzuAEHyAEM2AED6AEB-AEBiAIBqAIBuAKujsLTBsACAdICJDM4ZDNiYzA1LTEwOWUtNDU1NS04YmFhLTE1MzQ4MGIxZTY3OdgCAeACAQ&ucfs=1&arphpl=1&checkin=2026-08-06&checkout=2026-08-07&dest_id=-2772585&dest_type=city&group_adults=2&req_adults=2&no_rooms=1&group_children=0&req_children=0&hpos=12&hapos=483&sr_order=popularity&srpvid=a6ce56975cc70174&srepoch=1785759597&all_sr_blocks=1396520901_411561331_2_0_0&highlighted_blocks=1396520901_411561331_2_0_0&matching_block_id=1396520901_411561331_2_0_0&sr_pri_blocks=1396520901_411561331_2_0_0__1439910&from=searchresults,14399,,,Rawalpindi,6.0,One-Bedroom Apartment,"2 beds (1 double, 1 sofa bed)",0,1,1,https://cf.bstatic.com/xdata/images/hotel/square240/672145436.webp?k=7dbf9cfbcb1e3e1603429323a8a77f0d25a6f986bdc6ca2427c7ea5dcf56ce81&o=,4,Rawalpindi
The Serene Stay,https://www.booking.com/hotel/pk/the-serene-stay-rawalpindi.en-gb.html?aid=304142&label=gen173nr-10CAQoggJCDWNpdHlfLTI3NzI1ODVICVgEaLUBiAEBmAEzuAEHyAEM2AED6AEB-AEBiAIBqAIBuAKujsLTBsACAdICJDM4ZDNiYzA1LTEwOWUtNDU1NS04YmFhLTE1MzQ4MGIxZTY3OdgCAeACAQ&ucfs=1&arphpl=1&checkin=2026-08-06&checkout=2026-08-07&dest_id=-2772585&dest_type=city&group_adults=2&req_adults=2&no_rooms=1&group_children=0&req_children=0&hpos=13&hapos=484&sr_order=popularity&srpvid=a6ce56975cc70174&srepoch=1785759597&all_sr_blocks=1565180501_427618777_5_0_0&highlighted_blocks=1565180501_427618777_5_0_0&matching_block_id=1565180501_427618777_5_0_0&sr_pri_blocks=1565180501_427618777_5_0_0__1150000&from=searchresults,11500,,,Rawalpindi,12.2,Two-Bedroom Villa,1 extra-large double bed,0,1,1,https://cf.bstatic.com/xdata/images/hotel/square240/809436255.webp?k=bd30ab742445a9833e498e0341d6b23b16b0978a08c821b2d3f91d39e68ce649&o=,4,Rawalpindi
DHA Executive Apartment,https://www.booking.com/hotel/pk/dha-executive-apartment-rawalpindi.en-gb.html?aid=304142&label=gen173nr-10CAQoggJCDWNpdHlfLTI3NzI1ODVICVgEaLUBiAEBmAEzuAEHyAEM2AED6AEB-AEBiAIBqAIBuAKujsLTBsACAdICJDM4ZDNiYzA1LTEwOWUtNDU1NS04YmFhLTE1MzQ4MGIxZTY3OdgCAeACAQ&ucfs=1&arphpl=1&checkin=2026-08-06&checkout=2026-08-07&dest_id=-2772585&dest_type=city&group_adults=2&req_adults=2&no_rooms=1&group_children=0&req_children=0&hpos=14&hapos=485&sr_order=popularity&srpvid=a6ce56975cc70174&srepoch=1785759597&all_sr_blocks=1648051501_436921465_2_0_0&highlighted_blocks=1648051501_436921465_2_0_0&matching_block_id=1648051501_436921465_2_0_0&sr_pri_blocks=1648051501_436921465_2_0_0__1200000&from=searchresults,12000,,,Rawalpindi,9.1,One-Bedroom Apartment,1 double bed,0,1,1,https://cf.bstatic.com/xdata/images/hotel/square240/870758399.webp?k=2cdd2bd2eb3063c3b9675e6ff174e852b1dd1c1d30467e946f090bd67a421647&o=,4,Rawalpindi
"Cozy 1BHK with Balcony, Netflix & Starry Ceiling",https://www.booking.com/hotel/pk/cozy-1bhk-with-balcony-netflix-amp-starry-ceiling.en-gb.html?aid=304142&label=gen173nr-10CAQoggJCDWNpdHlfLTI3NzI1ODVICVgEaLUBiAEBmAEzuAEHyAEM2AED6AEB-AEBiAIBqAIBuAKujsLTBsACAdICJDM4ZDNiYzA1LTEwOWUtNDU1NS04YmFhLTE1MzQ4MGIxZTY3OdgCAeACAQ&ucfs=1&arphpl=1&checkin=2026-08-06&checkout=2026-08-07&dest_id=-2772585&dest_type=city&group_adults=2&req_adults=2&no_rooms=1&group_children=0&req_children=0&hpos=15&hapos=486&sr_order=popularity&srpvid=a6ce56975cc70174&srepoch=1785759597&all_sr_blocks=1488667801_420515786_3_0_0&highlighted_blocks=1488667801_420515786_3_0_0&matching_block_id=1488667801_420515786_3_0_0&sr_pri_blocks=1488667801_420515786_3_0_0__650000&from=searchresults,6500,,,Rawalpindi,9.7,One-Bedroom Apartment,1 double bed,0,1,1,https://cf.bstatic.com/xdata/images/hotel/square240/741945771.webp?k=23d9d49d39b187f4aea3277674cf1b8d36567cfefb14e2af70175f6cb2d9613d&o=,4,Rawalpindi
Family Comfort Suites,https://www.booking.com/hotel/pk/family-comfort-suites-rawalpindi.en-gb.html?aid=304142&label=gen173nr-10CAQoggJCDWNpdHlfLTI3NzI1ODVICVgEaLUBiAEBmAEzuAEHyAEM2AED6AEB-AEBiAIBqAIBuAKujsLTBsACAdICJDM4ZDNiYzA1LTEwOWUtNDU1NS04YmFhLTE1MzQ4MGIxZTY3OdgCAeACAQ&ucfs=1&arphpl=1&checkin=2026-08-06&checkout=2026-08-07&dest_id=-2772585&dest_type=city&group_adults=2&req_adults=2&no_rooms=1&group_children=0&req_children=0&hpos=16&hapos=487&sr_order=popularity&srpvid=a6ce56975cc70174&srepoch=1785759597&all_sr_blocks=1339494301_406372282_2_0_0&highlighted_blocks=1339494301_406372282_2_0_0&matching_block_id=1339494301_406372282_2_0_0&sr_pri_blocks=1339494301_406372282_2_0_0__1700000&from=searchresults,17000,1.0,1.0,Rawalpindi,5.2,Two-Bedroom Apartment,2 large double beds,0,0,1,https://cf.bstatic.com/xdata/images/hotel/square240/634751346.webp?k=3333030f04cd933112401865472bf655b1c17e42fb85de4e94903fa707cd6b4d&o=,3,Rawalpindi
1 BHK in Bahria town,https://www.booking.com/hotel/pk/1-bhk-in-bahria-town.en-gb.html?aid=304142&label=gen173nr-10CAQoggJCDWNpdHlfLTI3NzI1ODVICVgEaLUBiAEBmAEzuAEHyAEM2AED6AEB-AEBiAIBqAIBuAKujsLTBsACAdICJDM4ZDNiYzA1LTEwOWUtNDU1NS04YmFhLTE1MzQ4MGIxZTY3OdgCAeACAQ&ucfs=1&arphpl=1&checkin=2026-08-06&checkout=2026-08-07&dest_id=-2772585&dest_type=city&group_adults=2&req_adults=2&no_rooms=1&group_children=0&req_children=0&hpos=17&hapos=488&sr_order=popularity&srpvid=a6ce56975cc70174&srepoch=1785759597&all_sr_blocks=1480863001_419541668_2_0_0&highlighted_blocks=1480863001_419541668_2_0_0&matching_block_id=1480863001_419541668_2_0_0&sr_pri_blocks=1480863001_419541668_2_0_0__700000&from=searchresults,7000,,,Rawalpindi,7.5,One-Bedroom Apartment,1 double bed,0,1,1,https://cf.bstatic.com/xdata/images/hotel/square240/735660705.webp?k=685f53d7ad599326049f01f2a930d8291cbe082e584b58ea4abc6da4aef5dc03&o=,4,Rawalpindi
2BHK Eiffel Tower View Bahria Town Phase 7,https://www.booking.com/hotel/pk/2bhk-eiffel-tower-view-bahria-town-phase-7.en-gb.html?aid=304142&label=gen173nr-10CAQoggJCDWNpdHlfLTI3NzI1ODVICVgEaLUBiAEBmAEzuAEHyAEM2AED6AEB-AEBiAIBqAIBuAKujsLTBsACAdICJDM4ZDNiYzA1LTEwOWUtNDU1NS04YmFhLTE1MzQ4MGIxZTY3OdgCAeACAQ&ucfs=1&arphpl=1&checkin=2026-08-06&checkout=2026-08-07&dest_id=-2772585&dest_type=city&group_adults=2&req_adults=2&no_rooms=1&group_children=0&req_children=0&hpos=18&hapos=489&sr_order=popularity&srpvid=a6ce56975cc70174&srepoch=1785759597&all_sr_blocks=1521390801_423797575_5_0_0&highlighted_blocks=1521390801_423797575_5_0_0&matching_block_id=1521390801_423797575_5_0_0&sr_pri_blocks=1521390801_423797575_5_0_0__1380000&from=searchresults,13800,,,Rawalpindi,9.7,Three-Bedroom Apartment,"4 beds (1 sofa bed, 1 large double, 2 futons)",0,1,1,https://cf.bstatic.com/xdata/images/hotel/square240/775901321.webp?k=2d90b41f6695c4f109b0c5c8a09152e5dcb1c2e6e0a763c544458478f37b9822&o=,4,Rawalpindi
AZ Apartment,https://www.booking.com/hotel/pk/az-apartment.en-gb.html?aid=304142&label=gen173nr-10CAQoggJCDWNpdHlfLTI3NzI1ODVICVgEaLUBiAEBmAEzuAEHyAEM2AED6AEB-AEBiAIBqAIBuAKujsLTBsACAdICJDM4ZDNiYzA1LTEwOWUtNDU1NS04YmFhLTE1MzQ4MGIxZTY3OdgCAeACAQ&ucfs=1&arphpl=1&checkin=2026-08-06&checkout=2026-08-07&dest_id=-2772585&dest_type=city&group_adults=2&req_adults=2&no_rooms=1&group_children=0&req_children=0&hpos=19&hapos=490&sr_order=popularity&srpvid=a6ce56975cc70174&srepoch=1785759597&all_sr_blocks=1516435501_423371701_4_0_0&highlighted_blocks=1516435501_423371701_4_0_0&matching_block_id=1516435501_423371701_4_0_0&sr_pri_blocks=1516435501_423371701_4_0_0__700000&from=searchresults,7000,,,Rawalpindi,10.2,One-Bedroom Apartment,"2 beds (1 sofa bed, 1 large double)",0,1,1,https://cf.bstatic.com/xdata/images/hotel/square240/768328442.webp?k=3a840529813390ae0ddb77867e49c5be0b17d444629a99facce79d539e28ed61&o=,10,Rawalpindi
Grande house,https://www.booking.com/hotel/pk/grande-house.en-gb.html?aid=304142&label=gen173nr-10CAQoggJCDWNpdHlfLTI3NzI1ODVICVgEaLUBiAEBmAEzuAEHyAEM2AED6AEB-AEBiAIBqAIBuAKujsLTBsACAdICJDM4ZDNiYzA1LTEwOWUtNDU1NS04YmFhLTE1MzQ4MGIxZTY3OdgCAeACAQ&ucfs=1&arphpl=1&checkin=2026-08-06&checkout=2026-08-07&dest_id=-2772585&dest_type=city&group_adults=2&req_adults=2&no_rooms=1&group_children=0&req_children=0&hpos=20&hapos=491&sr_order=popularity&srpvid=a6ce56975cc70174&srepoch=1785759597&all_sr_blocks=1494980501_421163942_2_0_0&highlighted_blocks=1494980501_421163942_2_0_0&matching_block_id=1494980501_421163942_2_0_0&sr_pri_blocks=1494980501_421163942_2_0_0__1200000&from=searchresults,12000,,,Rawalpindi,7.6,One-Bedroom Apartment,"2 beds (1 single, 1 sofa bed)",0,1,1,https://cf.bstatic.com/xdata/images/hotel/square240/748511247.webp?k=99eb41fb4c4b4b68374411dcc967bb37718b0c2b682b199d6d0e9dccff654418&o=,4,Rawalpindi
THE GATE MALL APARTMENT FAISAl TOWN,https://www.booking.com/hotel/pk/the-gate-mall-apartment-faisal-town.en-gb.html?aid=304142&label=gen173nr-10CAQoggJCDWNpdHlfLTI3NzI1ODVICVgEaLUBiAEBmAEzuAEHyAEM2AED6AEB-AEBiAIBqAIBuAKujsLTBsACAdICJDM4ZDNiYzA1LTEwOWUtNDU1NS04YmFhLTE1MzQ4MGIxZTY3OdgCAeACAQ&ucfs=1&arphpl=1&checkin=2026-08-06&checkout=2026-08-07&dest_id=-2772585&dest_type=city&group_adults=2&req_adults=2&no_rooms=1&group_children=0&req_children=0&hpos=21&hapos=492&sr_order=popularity&srpvid=a6ce56975cc70174&srepoch=1785759597&all_sr_blocks=1554947001_426634190_2_0_0&highlighted_blocks=1554947001_426634190_2_0_0&matching_block_id=1554947001_426634190_2_0_0&sr_pri_blocks=1554947001_426634190_2_0_0__1200000&from=searchresults,12000,,,Rawalpindi,18.7,Two-Bedroom Apartment,2 extra-large double beds,0,1,1,https://cf.bstatic.com/xdata/images/hotel/square240/801206249.webp?k=8861001024511ce4a27a8ab03d53b9de3b4faa7cbfcec2050f8324bd7174599a&o=,4,Rawalpindi
Northern Suites bahria Town Rawalpindi,https://www.booking.com/hotel/pk/northern-suites-bahria-town-rawalpindi.en-gb.html?aid=304142&label=gen173nr-10CAQoggJCDWNpdHlfLTI3NzI1ODVICVgEaLUBiAEBmAEzuAEHyAEM2AED6AEB-AEBiAIBqAIBuAKujsLTBsACAdICJDM4ZDNiYzA1LTEwOWUtNDU1NS04YmFhLTE1MzQ4MGIxZTY3OdgCAeACAQ&ucfs=1&arphpl=1&checkin=2026-08-06&checkout=2026-08-07&dest_id=-2772585&dest_type=city&group_adults=2&req_adults=2&no_rooms=1&group_children=0&req_children=0&hpos=22&hapos=493&sr_order=popularity&srpvid=a6ce56975cc70174&srepoch=1785759597&all_sr_blocks=1450327201_416392654_3_0_0&highlighted_blocks=1450327201_416392654_3_0_0&matching_block_id=1450327201_416392654_3_0_0&sr_pri_blocks=1450327201_416392654_3_0_0__1350000&from=searchresults,13500,,,Rawalpindi,7.5,One-Bedroom Apartment,"2 beds (1 sofa bed, 1 large double)",0,1,1,https://cf.bstatic.com/xdata/images/hotel/square240/707388408.webp?k=3641c1299f551b9e71294f5923ca875f80e90726f17d89461660b4449bd13323&o=,4,Rawalpindi
One Bed Luxury Condo Eiffel tower phase 7,https://www.booking.com/hotel/pk/one-bed-luxury-condo-eiffel-tower-phase-7.en-gb.html?aid=304142&label=gen173nr-10CAQoggJCDWNpdHlfLTI3NzI1ODVICVgEaLUBiAEBmAEzuAEHyAEM2AED6AEB-AEBiAIBqAIBuAKujsLTBsACAdICJDM4ZDNiYzA1LTEwOWUtNDU1NS04YmFhLTE1MzQ4MGIxZTY3OdgCAeACAQ&ucfs=1&arphpl=1&checkin=2026-08-06&checkout=2026-08-07&dest_id=-2772585&dest_type=city&group_adults=2&req_adults=2&no_rooms=1&group_children=0&req_children=0&hpos=23&hapos=494&sr_order=popularity&srpvid=a6ce56975cc70174&srepoch=1785759597&all_sr_blocks=1357507501_408087975_0_0_0&highlighted_blocks=1357507501_408087975_0_0_0&matching_block_id=1357507501_408087975_0_0_0&sr_pri_blocks=1357507501_408087975_0_0_0__600000&from=searchresults,6000,9.0,1.0,Rawalpindi,9.6,One-Bedroom Apartment,"2 beds (1 sofa bed, 1 large double)",0,1,1,https://cf.bstatic.com/xdata/images/hotel/square240/645895572.webp?k=57fe9dd52a411be9f98da83dadbd621ef57f375b6992f07eb8d60afea6759b01&o=,4,Rawalpindi
Flat Appartment Rent Per Day Shot Time,https://www.booking.com/hotel/pk/flat-appartment-rent-per-day-shot-time.en-gb.html?aid=304142&label=gen173nr-10CAQoggJCDWNpdHlfLTI3NzI1ODVICVgEaLUBiAEBmAEzuAEHyAEM2AED6AEB-AEBiAIBqAIBuAKujsLTBsACAdICJDM4ZDNiYzA1LTEwOWUtNDU1NS04YmFhLTE1MzQ4MGIxZTY3OdgCAeACAQ&ucfs=1&arphpl=1&checkin=2026-08-06&checkout=2026-08-07&dest_id=-2772585&dest_type=city&group_adults=2&req_adults=2&no_rooms=1&group_children=0&req_children=0&hpos=24&hapos=495&sr_order=popularity&srpvid=a6ce56975cc70174&srepoch=1785759597&all_sr_blocks=1540162301_425422322_2_1_0&highlighted_blocks=1540162301_425422322_2_1_0&matching_block_id=1540162301_425422322_2_1_0&sr_pri_blocks=1540162301_425422322_2_1_0__1000000&from=searchresults,10000,,,Rawalpindi,7.6,One-Bedroom Apartment,1 double bed,1,1,1,https://cf.bstatic.com/xdata/images/hotel/square240/787792968.webp?k=ce43225c53dc4ee67ab6f02851999e7995fe71c5e1e22cd214db1c4a1f777d92&o=,4,Rawalpindi
Kiani suits,https://www.booking.com/hotel/pk/kiani-suits-rawalpindi.en-gb.html?aid=304142&label=gen173nr-10CAQoggJCDWNpdHlfLTI3NzI1ODVICVgEaLUBiAEBmAEzuAEHyAEM2AED6AEB-AEBiAIBqAIBuAKujsLTBsACAdICJDM4ZDNiYzA1LTEwOWUtNDU1NS04YmFhLTE1MzQ4MGIxZTY3OdgCAeACAQ&ucfs=1&arphpl=1&checkin=2026-08-06&checkout=2026-08-07&dest_id=-2772585&dest_type=city&group_adults=2&req_adults=2&no_rooms=1&group_children=0&req_children=0&hpos=25&hapos=496&sr_order=popularity&srpvid=a6ce56975cc70174&srepoch=1785759597&all_sr_blocks=1657851501_437669260_2_0_0&highlighted_blocks=1657851501_437669260_2_0_0&matching_block_id=1657851501_437669260_2_0_0&sr_pri_blocks=1657851501_437669260_2_0_0__720000&from=searchresults,7200,,,Rawalpindi,7.8,One-Bedroom Apartment,"2 beds (1 double, 1 sofa bed)",0,1,1,https://cf.bstatic.com/xdata/images/hotel/square240/876905817.webp?k=c8d1cec2b57f9f81c1d0284d4fe00ccb3068e9ea74e8719acbe09b31ac72faa2&o=,5,Rawalpindi
Opulent Oasis Premium 2BR Living in Bahria Town phase 7,https://www.booking.com/hotel/pk/opulent-oasis-premium-2br-living-in-bahria-town-phase-7.en-gb.html?aid=304142&label=gen173nr-10CAQoggJCDWNpdHlfLTI3NzI1ODVICVgEaLUBiAEBmAEzuAEHyAEM2AED6AEB-AEBiAIBqAIBuAKujsLTBsACAdICJDM4ZDNiYzA1LTEwOWUtNDU1NS04YmFhLTE1MzQ4MGIxZTY3OdgCAeACAQ&ucfs=1&arphpl=1&checkin=2026-08-06&checkout=2026-08-07&dest_id=-2772585&dest_type=city&group_adults=2&req_adults=2&no_rooms=1&group_children=0&req_children=0&hpos=1&hapos=497&sr_order=popularity&srpvid=a6ce56975cc70174&srepoch=1785759601&all_sr_blocks=1700674701_441712667_6_0_0&highlighted_blocks=1700674701_441712667_6_0_0&matching_block_id=1700674701_441712667_6_0_0&sr_pri_blocks=1700674701_441712667_6_0_0__1224000&from=searchresults,12240,,,Rawalpindi,8.9,Deluxe Family Suite,"2 beds (1 double, 1 large double)",0,1,1,https://cf.bstatic.com/xdata/images/hotel/square240/902834367.webp?k=7a1399b67d27483c0d09417e0ad460a25fe93614e7883ceaa9c9e45cc76a8c84&o=,5,Rawalpindi
The Easy Stay - Convenient 2BR Apartment in Bahria Phase 7,https://www.booking.com/hotel/pk/the-easy-stay-convenient-2br-apartment-in-bahria-phase-7.en-gb.html?aid=304142&label=gen173nr-10CAQoggJCDWNpdHlfLTI3NzI1ODVICVgEaLUBiAEBmAEzuAEHyAEM2AED6AEB-AEBiAIBqAIBuAKujsLTBsACAdICJDM4ZDNiYzA1LTEwOWUtNDU1NS04YmFhLTE1MzQ4MGIxZTY3OdgCAeACAQ&ucfs=1&arphpl=1&checkin=2026-08-06&checkout=2026-08-07&dest_id=-2772585&dest_type=city&group_adults=2&req_adults=2&no_rooms=1&group_children=0&req_children=0&hpos=2&hapos=498&sr_order=popularity&srpvid=a6ce56975cc70174&srepoch=1785759601&all_sr_blocks=1700370601_441691270_5_0_0&highlighted_blocks=1700370601_441691270_5_0_0&matching_block_id=1700370601_441691270_5_0_0&sr_pri_blocks=1700370601_441691270_5_0_0__960000&from=searchresults,9600,,,Rawalpindi,9.6,Three-Bedroom Apartment,"4 beds (2 singles, 1 large double, 1 futon)",0,1,1,https://cf.bstatic.com/xdata/images/hotel/square240/902691055.webp?k=b9520a48045445ec24f5bc80c77bccba6df5dd1396ab0e12a2514ab34873a88f&o=,5,Rawalpindi
Flat in Rawalpindi,https://www.booking.com/hotel/pk/flat-in-rawalpindi-rawalpindi2.en-gb.html?aid=304142&label=gen173nr-10CAQoggJCDWNpdHlfLTI3NzI1ODVICVgEaLUBiAEBmAEzuAEHyAEM2AED6AEB-AEBiAIBqAIBuAKujsLTBsACAdICJDM4ZDNiYzA1LTEwOWUtNDU1NS04YmFhLTE1MzQ4MGIxZTY3OdgCAeACAQ&ucfs=1&arphpl=1&checkin=2026-08-06&checkout=2026-08-07&dest_id=-2772585&dest_type=city&group_adults=2&req_adults=2&no_rooms=1&group_children=0&req_children=0&hpos=3&hapos=499&sr_order=popularity&srpvid=a6ce56975cc70174&srepoch=1785759601&all_sr_blocks=1700129101_441660932_5_0_0&highlighted_blocks=1700129101_441660932_5_0_0&matching_block_id=1700129101_441660932_5_0_0&sr_pri_blocks=1700129101_441660932_5_0_0__1700000&from=searchresults,17000,,,Rawalpindi,7.3,Two-Bedroom Apartment,"13 beds (1 extra-large double, 10 sofa beds, 1 large double, 1 futon)",0,1,1,https://cf.bstatic.com/xdata/images/hotel/square240/902558646.webp?k=f74c8b9d2a17150f24f2dda0b654876570a9632a04e122d0cf47888c09e9814f&o=,6,Rawalpindi
stayvation,https://www.booking.com/hotel/pk/stayvation.en-gb.html?aid=304142&label=gen173nr-10CAQoggJCDWNpdHlfLTI3NzI1ODVICVgEaLUBiAEBmAEzuAEHyAEM2AED6AEB-AEBiAIBqAIBuAKujsLTBsACAdICJDM4ZDNiYzA1LTEwOWUtNDU1NS04YmFhLTE1MzQ4MGIxZTY3OdgCAeACAQ&ucfs=1&arphpl=1&checkin=2026-08-06&checkout=2026-08-07&dest_id=-2772585&dest_type=city&group_adults=2&req_adults=2&no_rooms=1&group_children=0&req_children=0&hpos=4&hapos=500&sr_order=popularity&srpvid=a6ce56975cc70174&srepoch=1785759601&all_sr_blocks=1691427801_440792109_3_0_0&highlighted_blocks=1691427801_440792109_3_0_0&matching_block_id=1691427801_440792109_3_0_0&sr_pri_blocks=1691427801_440792109_3_0_0__638370&from=searchresults,6384,,,Rawalpindi,5.1,One-Bedroom Apartment,"3 beds (1 single, 1 double, 1 sofa bed)",0,1,1,https://cf.bstatic.com/xdata/images/hotel/square240/897088711.webp?k=20029b9073c50e569920180e89c430ca4491affdde3b75dbf9eada8eb75d7d0c&o=,4,Rawalpindi
2 Bed Apartment,https://www.booking.com/hotel/pk/2-bed-apartment-rawalpindi2.en-gb.html?aid=304142&label=gen173nr-10CAQoggJCDWNpdHlfLTI3NzI1ODVICVgEaLUBiAEBmAEzuAEHyAEM2AED6AEB-AEBiAIBqAIBuAKujsLTBsACAdICJDM4ZDNiYzA1LTEwOWUtNDU1NS04YmFhLTE1MzQ4MGIxZTY3OdgCAeACAQ&ucfs=1&arphpl=1&checkin=2026-08-06&checkout=2026-08-07&dest_id=-2772585&dest_type=city&group_adults=2&req_adults=2&no_rooms=1&group_children=0&req_children=0&hpos=5&hapos=501&sr_order=popularity&srpvid=a6ce56975cc70174&srepoch=1785759601&all_sr_blocks=1685044601_440145548_6_0_0&highlighted_blocks=1685044601_440145548_6_0_0&matching_block_id=1685044601_440145548_6_0_0&sr_pri_blocks=1685044601_440145548_6_0_0__884000&from=searchresults,8840,,,Rawalpindi,11.3,One-Bedroom Apartment,"3 beds (2 doubles, 1 sofa bed)",0,1,1,https://cf.bstatic.com/xdata/images/hotel/square240/892773894.webp?k=96c1b23d2c1797672ed8f419cb941e652dcf08c57a4a1d251e4caf4359c117af&o=,5,Rawalpindi
"Luxurious and modern style 2BR apartment in Rawalpindi, near food street ,self check in, free Netflix",https://www.booking.com/hotel/pk/flat-in-rawalpindi-2-bedroom-premium-apartment.en-gb.html?aid=304142&label=gen173nr-10CAQoggJCDWNpdHlfLTI3NzI1ODVICVgEaLUBiAEBmAEzuAEHyAEM2AED6AEB-AEBiAIBqAIBuAKujsLTBsACAdICJDM4ZDNiYzA1LTEwOWUtNDU1NS04YmFhLTE1MzQ4MGIxZTY3OdgCAeACAQ&ucfs=1&arphpl=1&checkin=2026-08-06&checkout=2026-08-07&dest_id=-2772585&dest_type=city&group_adults=2&req_adults=2&no_rooms=1&group_children=0&req_children=0&hpos=6&hapos=502&sr_order=popularity&srpvid=a6ce56975cc70174&srepoch=1785759601&all_sr_blocks=1622349101_433018882_7_0_0&highlighted_blocks=1622349101_433018882_7_0_0&matching_block_id=1622349101_433018882_7_0_0&sr_pri_blocks=1622349101_433018882_7_0_0__1053000&from=searchresults,10530,9.2,11.0,Rawalpindi,9.6,Two-Bedroom Apartment with Balcony,"3 beds (1 sofa bed, 2 large doubles)",0,1,1,https://cf.bstatic.com/xdata/images/hotel/square240/863598888.webp?k=f32ad3197d0b2981965ab8195aa2e9a841804199a6afcaee00af38bd05183e6b&o=,6,Rawalpindi
Urban Retreat,https://www.booking.com/hotel/pk/urban-retreat-rawalpindi.en-gb.html?aid=304142&label=gen173nr-10CAQoggJCDWNpdHlfLTI3NzI1ODVICVgEaLUBiAEBmAEzuAEHyAEM2AED6AEB-AEBiAIBqAIBuAKujsLTBsACAdICJDM4ZDNiYzA1LTEwOWUtNDU1NS04YmFhLTE1MzQ4MGIxZTY3OdgCAeACAQ&ucfs=1&arphpl=1&checkin=2026-08-06&checkout=2026-08-07&dest_id=-2772585&dest_type=city&group_adults=2&req_adults=2&no_rooms=1&group_children=0&req_children=0&hpos=7&hapos=503&sr_order=popularity&srpvid=a6ce56975cc70174&srepoch=1785759601&all_sr_blocks=1552471001_426426053_6_2_0&highlighted_blocks=1552471001_426426053_6_2_0&matching_block_id=1552471001_426426053_6_2_0&sr_pri_blocks=1552471001_426426053_6_2_0__1575000&from=searchresults,15750,10,3.0,Rawalpindi,10.3,Two-Bedroom House,"4 beds (2 extra-large doubles, 2 sofa beds)",0,1,1,https://cf.bstatic.com/xdata/images/hotel/square240/798638093.webp?k=ffd82782396cf315cb219315445bdc9197684cb689d722944a0164cc9bbf0c23&o=,5,Rawalpindi
Hotel Khursheed Palace,https://www.booking.com/hotel/pk/khursheed-palace-rawalpindi1.en-gb.html?aid=304142&label=gen173nr-10CAQoggJCDWNpdHlfLTI3NzI1ODVICVgEaLUBiAEBmAEzuAEHyAEM2AED6AEB-AEBiAIBqAIBuAKujsLTBsACAdICJDM4ZDNiYzA1LTEwOWUtNDU1NS04YmFhLTE1MzQ4MGIxZTY3OdgCAeACAQ&ucfs=1&arphpl=1&checkin=2026-08-06&checkout=2026-08-07&dest_id=-2772585&dest_type=city&group_adults=2&req_adults=2&no_rooms=1&group_children=0&req_children=0&hpos=8&hapos=504&sr_order=popularity&srpvid=a6ce56975cc70174&srepoch=1785759601&all_sr_blocks=823879707_346696673_2_0_0&highlighted_blocks=823879707_346696673_2_0_0&matching_block_id=823879707_346696673_2_0_0&sr_pri_blocks=823879707_346696673_2_0_0__300000&from=searchresults,3000,6.9,73.0,Rawalpindi,7.0,Double Room with Private Bathroom,1 double bed,0,1,1,https://cf.bstatic.com/xdata/images/hotel/square240/506243536.webp?k=91b35a232f3d588e596c0f49f38e3e045541ea9b2a281e3c409fd695e249b5ec&o=,10,Rawalpindi
Private Pod Hotel,https://www.booking.com/hotel/pk/private-pod.en-gb.html?aid=304142&label=gen173nr-10CAQoggJCDWNpdHlfLTI3NzI1ODVICVgEaLUBiAEBmAEzuAEHyAEM2AED6AEB-AEBiAIBqAIBuAKujsLTBsACAdICJDM4ZDNiYzA1LTEwOWUtNDU1NS04YmFhLTE1MzQ4MGIxZTY3OdgCAeACAQ&ucfs=1&arphpl=1&checkin=2026-08-06&checkout=2026-08-07&dest_id=-2772585&dest_type=city&group_adults=2&req_adults=2&no_rooms=1&group_children=0&req_children=0&hpos=9&hapos=505&sr_order=popularity&srpvid=a6ce56975cc70174&srepoch=1785759601&all_sr_blocks=1653398301_437294834_1_0_0%2C1653398301_437294834_1_0_0&highlighted_blocks=1653398301_437294834_1_0_0%2C1653398301_437294834_1_0_0&matching_block_id=1653398301_437294834_1_0_0&sr_pri_blocks=1653398301_437294834_1_0_0__100000%2C1653398301_437294834_1_0_0__100000&from=searchresults,2000,8.4,28.0,Rawalpindi,4.5,Single Bed in Dormitory Room,Single Bed in Dormitory Room,0,1,1,https://cf.bstatic.com/xdata/images/hotel/square240/884544366.webp?k=ecb97264d8774be160db079d753b2339a5a763a804576512d8ececbdff9c2703&o=,6,Rawalpindi
The Plywood Pod,https://www.booking.com/hotel/pk/the-plywood-pod.en-gb.html?aid=304142&label=gen173nr-10CAQoggJCDWNpdHlfLTI3NzI1ODVICVgEaLUBiAEBmAEzuAEHyAEM2AED6AEB-AEBiAIBqAIBuAKujsLTBsACAdICJDM4ZDNiYzA1LTEwOWUtNDU1NS04YmFhLTE1MzQ4MGIxZTY3OdgCAeACAQ&ucfs=1&arphpl=1&checkin=2026-08-06&checkout=2026-08-07&dest_id=-2772585&dest_type=city&group_adults=2&req_adults=2&no_rooms=1&group_children=0&req_children=0&hpos=10&hapos=506&sr_order=popularity&srpvid=a6ce56975cc70174&srepoch=1785759601&all_sr_blocks=1653104501_437271882_1_0_0%2C1653104501_437271882_1_0_0&highlighted_blocks=1653104501_437271882_1_0_0%2C1653104501_437271882_1_0_0&matching_block_id=1653104501_437271882_1_0_0&sr_pri_blocks=1653104501_437271882_1_0_0__100000%2C1653104501_437271882_1_0_0__100000&from=searchresults,2000,9.1,20.0,Rawalpindi,4.5,Budget Single Room,2 futon beds,0,1,1,https://cf.bstatic.com/xdata/images/hotel/square240/885928068.webp?k=7d3193615f46943579c6f7b275da95f01378627f6b0d7afd97b19e1d90f3205c&o=,6,Rawalpindi
Hostel Stay Khayaban,https://www.booking.com/hotel/pk/hostel-stay-khayaban.en-gb.html?aid=304142&label=gen173nr-10CAQoggJCDWNpdHlfLTI3NzI1ODVICVgEaLUBiAEBmAEzuAEHyAEM2AED6AEB-AEBiAIBqAIBuAKujsLTBsACAdICJDM4ZDNiYzA1LTEwOWUtNDU1NS04YmFhLTE1MzQ4MGIxZTY3OdgCAeACAQ&ucfs=1&arphpl=1&checkin=2026-08-06&checkout=2026-08-07&dest_id=-2772585&dest_type=city&group_adults=2&req_adults=2&no_rooms=1&group_children=0&req_children=0&hpos=11&hapos=507&sr_order=popularity&srpvid=a6ce56975cc70174&srepoch=1785759601&all_sr_blocks=1653085501_437270491_1_0_0%2C1653085501_437270491_1_0_0&highlighted_blocks=1653085501_437270491_1_0_0%2C1653085501_437270491_1_0_0&matching_block_id=1653085501_437270491_1_0_0&sr_pri_blocks=1653085501_437270491_1_0_0__150000%2C1653085501_437270491_1_0_0__150000&from=searchresults,3000,8.5,20.0,Rawalpindi,4.5,Bed in 4-Bed Male Dormitory Room,Bed in 4-Bed Male Dormitory Room,0,1,1,https://cf.bstatic.com/xdata/images/hotel/square240/885911314.webp?k=39a52f53ce87233e1e64fa6e23c298f5935a299e624d77597578125b1fa91db5&o=,6,Rawalpindi
The Woodbox Hostel,https://www.booking.com/hotel/pk/the-woodbox-hostel.en-gb.html?aid=304142&label=gen173nr-10CAQoggJCDWNpdHlfLTI3NzI1ODVICVgEaLUBiAEBmAEzuAEHyAEM2AED6AEB-AEBiAIBqAIBuAKujsLTBsACAdICJDM4ZDNiYzA1LTEwOWUtNDU1NS04YmFhLTE1MzQ4MGIxZTY3OdgCAeACAQ&ucfs=1&arphpl=1&checkin=2026-08-06&checkout=2026-08-07&dest_id=-2772585&dest_type=city&group_adults=2&req_adults=2&no_rooms=1&group_children=0&req_children=0&hpos=12&hapos=508&sr_order=popularity&srpvid=a6ce56975cc70174&srepoch=1785759601&all_sr_blocks=1653392401_437293245_1_0_0%2C1653392401_437293245_1_0_0&highlighted_blocks=1653392401_437293245_1_0_0%2C1653392401_437293245_1_0_0&matching_block_id=1653392401_437293245_1_0_0&sr_pri_blocks=1653392401_437293245_1_0_0__150000%2C1653392401_437293245_1_0_0__150000&from=searchresults,3000,10,9.0,Rawalpindi,4.5,Single Bed in Dormitory Room,Single Bed in Dormitory Room,0,1,1,https://cf.bstatic.com/xdata/images/hotel/square240/884579722.webp?k=b2bcc63acecf597a6d413e5dcdeafe56525c76e4c4826e9153dd3d49678dc01c&o=,5,Rawalpindi
The Plywood Pillow,https://www.booking.com/hotel/pk/the-plywood-pillow.en-gb.html?aid=304142&label=gen173nr-10CAQoggJCDWNpdHlfLTI3NzI1ODVICVgEaLUBiAEBmAEzuAEHyAEM2AED6AEB-AEBiAIBqAIBuAKujsLTBsACAdICJDM4ZDNiYzA1LTEwOWUtNDU1NS04YmFhLTE1MzQ4MGIxZTY3OdgCAeACAQ&ucfs=1&arphpl=1&checkin=2026-08-06&checkout=2026-08-07&dest_id=-2772585&dest_type=city&group_adults=2&req_adults=2&no_rooms=1&group_children=0&req_children=0&hpos=13&hapos=509&sr_order=popularity&srpvid=a6ce56975cc70174&srepoch=1785759601&all_sr_blocks=1653395401_437294030_1_0_0%2C1653395401_437294030_1_0_0&highlighted_blocks=1653395401_437294030_1_0_0%2C1653395401_437294030_1_0_0&matching_block_id=1653395401_437294030_1_0_0&sr_pri_blocks=1653395401_437294030_1_0_0__100000%2C1653395401_437294030_1_0_0__100000&from=searchresults,2000,10,8.0,Rawalpindi,4.5,Bed in 6-Bed Mixed Dormitory Room,Bed in 6-Bed Mixed Dormitory Room,0,1,1,https://cf.bstatic.com/xdata/images/hotel/square240/884551333.webp?k=363931826bc51c7443b2277f48cce7afc23616a99eecebfcc03735064fc5a233&o=,5,Rawalpindi
Private Box Hostel,https://www.booking.com/hotel/pk/private-box-hostel.en-gb.html?aid=304142&label=gen173nr-10CAQoggJCDWNpdHlfLTI3NzI1ODVICVgEaLUBiAEBmAEzuAEHyAEM2AED6AEB-AEBiAIBqAIBuAKujsLTBsACAdICJDM4ZDNiYzA1LTEwOWUtNDU1NS04YmFhLTE1MzQ4MGIxZTY3OdgCAeACAQ&ucfs=1&arphpl=1&checkin=2026-08-06&checkout=2026-08-07&dest_id=-2772585&dest_type=city&group_adults=2&req_adults=2&no_rooms=1&group_children=0&req_children=0&hpos=14&hapos=510&sr_order=popularity&srpvid=a6ce56975cc70174&srepoch=1785759601&all_sr_blocks=1625860401_433272150_1_0_0%2C1625860401_433272150_1_0_0&highlighted_blocks=1625860401_433272150_1_0_0%2C1625860401_433272150_1_0_0&matching_block_id=1625860401_433272150_1_0_0&sr_pri_blocks=1625860401_433272150_1_0_0__80000%2C1625860401_433272150_1_0_0__80000&from=searchresults,1600,5.3,12.0,Rawalpindi,4.5,Single Bed in Dormitory Room,Single Bed in Dormitory Room,0,1,1,https://cf.bstatic.com/xdata/images/hotel/square240/859010898.webp?k=759384a15b54c1a9dce439ffb15c7a15773bef22498a9ad823c947fc59b0594a&o=,5,Rawalpindi
01 AC Luxury Apartment By Bloom Vales Heights,https://www.booking.com/hotel/pk/bloom-vales-heights-islamabad.en-gb.html?aid=304142&label=gen173nr-10CAQoggJCDWNpdHlfLTI3NzI1ODVICVgEaLUBiAEBmAEzuAEHyAEM2AED6AEB-AEBiAIBqAIBuAKujsLTBsACAdICJDM4ZDNiYzA1LTEwOWUtNDU1NS04YmFhLTE1MzQ4MGIxZTY3OdgCAeACAQ&ucfs=1&arphpl=1&checkin=2026-08-06&checkout=2026-08-07&dest_id=-2772585&dest_type=city&group_adults=2&req_adults=2&no_rooms=1&group_children=0&req_children=0&hpos=15&hapos=511&sr_order=popularity&srpvid=a6ce56975cc70174&srepoch=1785759601&all_sr_blocks=1675077701_440185368_1_0_0%2C1675077701_440185368_1_0_0&highlighted_blocks=1675077701_440185368_1_0_0%2C1675077701_440185368_1_0_0&matching_block_id=1675077701_440185368_1_0_0&sr_pri_blocks=1675077701_440185368_1_0_0__850000%2C1675077701_440185368_1_0_0__850000&from=searchresults,17000,,,Rawalpindi,8.6,One-Bedroom Apartment with City View,"4 beds (2 doubles, 2 sofa beds)",0,0,1,https://cf.bstatic.com/xdata/images/hotel/square240/888137932.webp?k=d69823e93082ba80e33c8c482ea7b4d8ab8de2097a19e84a92d22204e43c155b&o=,3,Rawalpindi
THE GRANDE LUXUARY APARTMENTs,https://www.booking.com/hotel/pk/the-grande-luxuary-apartments.en-gb.html?aid=304142&label=gen173nr-10CAQoggJCDWNpdHlfLTI3NzI1ODVICVgEaLUBiAEBmAEzuAEHyAEM2AED6AEB-AEBiAIBqAIBuAKujsLTBsACAdICJDM4ZDNiYzA1LTEwOWUtNDU1NS04YmFhLTE1MzQ4MGIxZTY3OdgCAeACAQ&ucfs=1&arphpl=1&checkin=2026-08-06&checkout=2026-08-07&dest_id=-2772585&dest_type=city&group_adults=2&req_adults=2&no_rooms=1&group_children=0&req_children=0&hpos=16&hapos=512&sr_order=popularity&srpvid=a6ce56975cc70174&srepoch=1785759601&all_sr_blocks=1361230001_408431861_1_2_0%2C1361230001_408431861_1_2_0&highlighted_blocks=1361230001_408431861_1_2_0%2C1361230001_408431861_1_2_0&matching_block_id=1361230001_408431861_1_2_0&sr_pri_blocks=1361230001_408431861_1_2_0__1650000%2C1361230001_408431861_1_2_0__1650000&from=searchresults,33000,,,Rawalpindi,8.1,One-Bedroom Apartment,2 single beds,0,1,1,https://cf.bstatic.com/xdata/images/hotel/square240/648021840.webp?k=e67ef688fc0016cd2f25547b4f372dd2a8234cb5a5bcb9ba16caf2e3ae14f4b4&o=,4,Rawalpindi
Luxury 2-Bed Penthouse For Rent Move In Today,https://www.booking.com/hotel/pk/luxury-furnished-penthouse.en-gb.html?aid=304142&label=gen173nr-10CAQoggJCDWNpdHlfLTI3NzI1ODVICVgEaLUBiAEBmAEzuAEHyAEM2AED6AEB-AEBiAIBqAIBuAKujsLTBsACAdICJDM4ZDNiYzA1LTEwOWUtNDU1NS04YmFhLTE1MzQ4MGIxZTY3OdgCAeACAQ&ucfs=1&arphpl=1&checkin=2026-08-06&checkout=2026-08-07&dest_id=-2772585&dest_type=city&group_adults=2&req_adults=2&no_rooms=1&group_children=0&req_children=0&hpos=17&hapos=513&sr_order=popularity&srpvid=a6ce56975cc70174&srepoch=1785759601&all_sr_blocks=1483503301_419845073_1_0_0%2C1483503301_419845073_1_0_0&highlighted_blocks=1483503301_419845073_1_0_0%2C1483503301_419845073_1_0_0&matching_block_id=1483503301_419845073_1_0_0&sr_pri_blocks=1483503301_419845073_1_0_0__1600000%2C1483503301_419845073_1_0_0__1600000&from=searchresults,32000,,,Rawalpindi,9.2,Family Room,2 single beds,0,1,1,https://cf.bstatic.com/xdata/images/hotel/square240/738083483.webp?k=483ee170ca28cfad587050240b13b9c57c7475d9c46d32271d0da542f51825a9&o=,4,Rawalpindi
StayEase,https://www.booking.com/hotel/pk/stayease.en-gb.html?aid=304142&label=gen173nr-10CAQoggJCDWNpdHlfLTI3NzI1ODVICVgEaLUBiAEBmAEzuAEHyAEM2AED6AEB-AEBiAIBqAIBuAKujsLTBsACAdICJDM4ZDNiYzA1LTEwOWUtNDU1NS04YmFhLTE1MzQ4MGIxZTY3OdgCAeACAQ&ucfs=1&arphpl=1&checkin=2026-08-06&checkout=2026-08-07&dest_id=-2772585&dest_type=city&group_adults=2&req_adults=2&no_rooms=1&group_children=0&req_children=0&hpos=18&hapos=514&sr_order=popularity&srpvid=a6ce56975cc70174&srepoch=1785759601&all_sr_blocks=1537075402_425177557_1_0_0%2C1537075401_425177557_1_0_0&highlighted_blocks=1537075402_425177557_1_0_0%2C1537075401_425177557_1_0_0&matching_block_id=1537075402_425177557_1_0_0&sr_pri_blocks=1537075402_425177557_1_0_0__849900%2C1537075401_425177557_1_0_0__849900&from=searchresults,16998,,,Rawalpindi,7.7,One-Bedroom Apartment,1 single bed,0,1,1,https://cf.bstatic.com/xdata/images/hotel/square240/785614692.webp?k=f6b5d079c1a88295967895435674c1d7cc0274c4132f04ec0285b1d4d157f584&o=,6,Rawalpindi
