property_name,property_url,Price_pkr,review_score,review_count,address,distance_from_center_km,property_type,bed_type,breakfast_included,free_cancellation,reserve_without_payment,image,stars,city
Northlanders Guest House Skardu,https://www.booking.com/hotel/pk/northlander-guest-house.en-gb.html?aid=304142&label=gen173nr-10CAQoggJCDWNpdHlfLTI3NzQ5MTZICVgEaLUBiAEBmAEzuAEHyAEM2AED6AEB-AEBiAIBqAIBuAK4mcLTBsACAdICJGZiMDA1OWE3LWM4MDItNDViMy04NDUxLTZiNzEyZGFhOTdjMtgCAeACAQ&ucfs=1&arphpl=1&checkin=2026-08-06&checkout=2026-08-07&dest_id=-2774916&dest_type=city&group_adults=2&req_adults=2&no_rooms=1&group_children=0&req_children=0&hpos=1&hapos=1&sr_order=popularity&srpvid=6f6c595cd676049e&srepoch=1785760971&all_sr_blocks=1235782705_423403189_2_2_0&highlighted_blocks=1235782705_423403189_2_2_0&matching_block_id=1235782705_423403189_2_2_0&sr_pri_blocks=1235782705_423403189_2_2_0__665000&from=searchresults,6650,9.8,69.0,Skardu,2.1,Budget Double Room,1 large double bed,0,1,1,https://cf.bstatic.com/xdata/images/hotel/square240/732927115.webp?k=c15dec7dc249329e74255622322ed732cb2ade0601582ccba1999c9a59275262&o=,10,Skardu
Hotel Mashabrum Skardu Free Breakfast Mountain View Family Rooms & Free WiFi,https://www.booking.com/hotel/pk/mashabrum-skardu.en-gb.html?aid=304142&label=gen173nr-10CAQoggJCDWNpdHlfLTI3NzQ5MTZICVgEaLUBiAEBmAEzuAEHyAEM2AED6AEB-AEBiAIBqAIBuAK4mcLTBsACAdICJGZiMDA1OWE3LWM4MDItNDViMy04NDUxLTZiNzEyZGFhOTdjMtgCAeACAQ&ucfs=1&arphpl=1&checkin=2026-08-06&checkout=2026-08-07&dest_id=-2774916&dest_type=city&group_adults=2&req_adults=2&no_rooms=1&group_children=0&req_children=0&hpos=2&hapos=2&sr_order=popularity&srpvid=6f6c595cd676049e&srepoch=1785760971&all_sr_blocks=1681498601_439917601_2_1_0&highlighted_blocks=1681498601_439917601_2_1_0&matching_block_id=1681498601_439917601_2_1_0&sr_pri_blocks=1681498601_439917601_2_1_0__1239300&from=searchresults,12393,9.2,13.0,Skardu,0.7,Queen Room,1 double bed,1,1,1,https://cf.bstatic.com/xdata/images/hotel/square240/897022101.webp?k=ab4fb39c6bd3c94b21446449a0e1f7012c87ca93e605920e80b7523440786cbb&o=,11,Skardu
PC Legacy Skardu,https://www.booking.com/hotel/pk/pc-legacy-skardu.en-gb.html?aid=304142&label=gen173nr-10CAQoggJCDWNpdHlfLTI3NzQ5MTZICVgEaLUBiAEBmAEzuAEHyAEM2AED6AEB-AEBiAIBqAIBuAK4mcLTBsACAdICJGZiMDA1OWE3LWM4MDItNDViMy04NDUxLTZiNzEyZGFhOTdjMtgCAeACAQ&ucfs=1&arphpl=1&checkin=2026-08-06&checkout=2026-08-07&dest_id=-2774916&dest_type=city&group_adults=2&req_adults=2&no_rooms=1&group_children=0&req_children=0&hpos=3&hapos=3&sr_order=popularity&srpvid=6f6c595cd676049e&srepoch=1785760971&all_sr_blocks=1299274301_409155017_2_1_0&highlighted_blocks=1299274301_409155017_2_1_0&matching_block_id=1299274301_409155017_2_1_0&sr_pri_blocks=1299274301_409155017_2_1_0__12500&from=searchresults,34735,7.7,69.0,Skardu,8.5,Standard King Room,1 double bed,1,1,1,https://cf.bstatic.com/xdata/images/hotel/square240/607398286.webp?k=c3ed19595f4d8afa9df46b034b697080dc32ce106e177ec8c61a94b05230bd96&o=,12,Skardu
Himmel Skardu By Luxus,https://www.booking.com/hotel/pk/himmel-skardu-by-luxus.en-gb.html?aid=304142&label=gen173nr-10CAQoggJCDWNpdHlfLTI3NzQ5MTZICVgEaLUBiAEBmAEzuAEHyAEM2AED6AEB-AEBiAIBqAIBuAK4mcLTBsACAdICJGZiMDA1OWE3LWM4MDItNDViMy04NDUxLTZiNzEyZGFhOTdjMtgCAeACAQ&ucfs=1&arphpl=1&checkin=2026-08-06&checkout=2026-08-07&dest_id=-2774916&dest_type=city&group_adults=2&req_adults=2&no_rooms=1&group_children=0&req_children=0&hpos=4&hapos=4&sr_order=popularity&srpvid=6f6c595cd676049e&srepoch=1785760971&all_sr_blocks=1176125801_0_2_1_0&highlighted_blocks=1176125801_0_2_1_0&matching_block_id=1176125801_0_2_1_0&sr_pri_blocks=1176125801_0_2_1_0__4805653&from=searchresults,48057,9.3,145.0,Skardu,19.9,Deluxe King Room,1 double bed,1,0,0,https://cf.bstatic.com/xdata/images/hotel/square240/542161266.webp?k=cb6b12a8151139d9ea7c310acb1962f3516b3ffeab38d7fb8c505ae762b9100a&o=,12,Skardu
HIKK Inn Skardu,https://www.booking.com/hotel/pk/hikk-inn.en-gb.html?aid=304142&label=gen173nr-10CAQoggJCDWNpdHlfLTI3NzQ5MTZICVgEaLUBiAEBmAEzuAEHyAEM2AED6AEB-AEBiAIBqAIBuAK4mcLTBsACAdICJGZiMDA1OWE3LWM4MDItNDViMy04NDUxLTZiNzEyZGFhOTdjMtgCAeACAQ&ucfs=1&arphpl=1&checkin=2026-08-06&checkout=2026-08-07&dest_id=-2774916&dest_type=city&group_adults=2&req_adults=2&no_rooms=1&group_children=0&req_children=0&hpos=5&hapos=5&sr_order=popularity&srpvid=6f6c595cd676049e&srepoch=1785760971&all_sr_blocks=889515507_432103243_2_2_0_920315&highlighted_blocks=889515507_432103243_2_2_0_920315&matching_block_id=889515507_432103243_2_2_0_920315&sr_pri_blocks=889515507_432103243_2_2_0_920315_522500&from=searchresults,5225,9.8,94.0,Skardu,2.0,Standard Queen Room,2 single beds,0,0,1,https://cf.bstatic.com/xdata/images/hotel/square240/718345448.webp?k=f34378ad74c4c2624962b1f124dd691c53107b50e7b83ab138a8e933f3d19902&o=,12,Skardu
Tibet Hotel,https://www.booking.com/hotel/pk/tibet.en-gb.html?aid=304142&label=gen173nr-10CAQoggJCDWNpdHlfLTI3NzQ5MTZICVgEaLUBiAEBmAEzuAEHyAEM2AED6AEB-AEBiAIBqAIBuAK4mcLTBsACAdICJGZiMDA1OWE3LWM4MDItNDViMy04NDUxLTZiNzEyZGFhOTdjMtgCAeACAQ&ucfs=1&arphpl=1&checkin=2026-08-06&checkout=2026-08-07&dest_id=-2774916&dest_type=city&group_adults=2&req_adults=2&no_rooms=1&group_children=0&req_children=0&hpos=6&hapos=6&sr_order=popularity&srpvid=6f6c595cd676049e&srepoch=1785760971&all_sr_blocks=894277901_359830652_0_1_0&highlighted_blocks=894277901_359830652_0_1_0&matching_block_id=894277901_359830652_0_1_0&sr_pri_blocks=894277901_359830652_0_1_0__3500000&from=searchresults,35000,7.7,69.0,Skardu,6.6,Double Room with Lake View,"2 beds (1 double, 1 sofa bed)",1,0,1,https://cf.bstatic.com/xdata/images/hotel/square240/834276227.webp?k=bd9538d042ba71277ca7d283d3c203409ed53b08d3e853cba060db37b04addb2&o=,3,Skardu
Fialong Hotel Skardu,https://www.booking.com/hotel/pk/fialong.en-gb.html?aid=304142&label=gen173nr-10CAQoggJCDWNpdHlfLTI3NzQ5MTZICVgEaLUBiAEBmAEzuAEHyAEM2AED6AEB-AEBiAIBqAIBuAK4mcLTBsACAdICJGZiMDA1OWE3LWM4MDItNDViMy04NDUxLTZiNzEyZGFhOTdjMtgCAeACAQ&ucfs=1&arphpl=1&checkin=2026-08-06&checkout=2026-08-07&dest_id=-2774916&dest_type=city&group_adults=2&req_adults=2&no_rooms=1&group_children=0&req_children=0&hpos=7&hapos=7&sr_order=popularity&srpvid=6f6c595cd676049e&srepoch=1785760971&all_sr_blocks=1489427202_420595463_0_2_0&highlighted_blocks=1489427202_420595463_0_2_0&matching_block_id=1489427202_420595463_0_2_0&sr_pri_blocks=1489427202_420595463_0_2_0__445500&from=searchresults,4455,8.6,23.0,Skardu,3.1,Twin Room,"3 beds (2 singles, 1 futon)",0,0,0,https://cf.bstatic.com/xdata/images/hotel/square240/851158447.webp?k=dfb780315e71f04c1d72cc9cb58e525f5c97b9dffc459912c49f10cde1da3a39&o=,11,Skardu
Comfort Hotel & Huts,https://www.booking.com/hotel/pk/comfort-amp-huts.en-gb.html?aid=304142&label=gen173nr-10CAQoggJCDWNpdHlfLTI3NzQ5MTZICVgEaLUBiAEBmAEzuAEHyAEM2AED6AEB-AEBiAIBqAIBuAK4mcLTBsACAdICJGZiMDA1OWE3LWM4MDItNDViMy04NDUxLTZiNzEyZGFhOTdjMtgCAeACAQ&ucfs=1&arphpl=1&checkin=2026-08-06&checkout=2026-08-07&dest_id=-2774916&dest_type=city&group_adults=2&req_adults=2&no_rooms=1&group_children=0&req_children=0&hpos=8&hapos=8&sr_order=popularity&srpvid=6f6c595cd676049e&srepoch=1785760971&all_sr_blocks=1407631103_412659614_2_1_0&highlighted_blocks=1407631103_412659614_2_1_0&matching_block_id=1407631103_412659614_2_1_0&sr_pri_blocks=1407631103_412659614_2_1_0__850000&from=searchresults,8500,8.1,32.0,Skardu,0.6,Budget Double Room,1 double bed,1,1,1,https://cf.bstatic.com/xdata/images/hotel/square240/678823070.webp?k=44224281d6d55420ee1dcc2389d5fb248a95d20afd1115483f9e9e1f225ea2dc&o=,4,Skardu
FortuNorth,https://www.booking.com/hotel/pk/fortunorth.en-gb.html?aid=304142&label=gen173nr-10CAQoggJCDWNpdHlfLTI3NzQ5MTZICVgEaLUBiAEBmAEzuAEHyAEM2AED6AEB-AEBiAIBqAIBuAK4mcLTBsACAdICJGZiMDA1OWE3LWM4MDItNDViMy04NDUxLTZiNzEyZGFhOTdjMtgCAeACAQ&ucfs=1&arphpl=1&checkin=2026-08-06&checkout=2026-08-07&dest_id=-2774916&dest_type=city&group_adults=2&req_adults=2&no_rooms=1&group_children=0&req_children=0&hpos=9&hapos=9&sr_order=popularity&srpvid=6f6c595cd676049e&srepoch=1785760971&all_sr_blocks=1359546207_439804583_0_1_0&highlighted_blocks=1359546207_439804583_0_1_0&matching_block_id=1359546207_439804583_0_1_0&sr_pri_blocks=1359546207_439804583_0_1_0__5608726&from=searchresults,56087,8.4,34.0,Skardu,19.3,Villa,1 extra-large double bed,1,0,1,https://cf.bstatic.com/xdata/images/hotel/square240/707998824.webp?k=f1a35982e9f987c2a031291b621df213a34be96718aacb2d9944c095bf6d8481&o=,15,Skardu
Khar Hotel,https://www.booking.com/hotel/pk/khar.en-gb.html?aid=304142&label=gen173nr-10CAQoggJCDWNpdHlfLTI3NzQ5MTZICVgEaLUBiAEBmAEzuAEHyAEM2AED6AEB-AEBiAIBqAIBuAK4mcLTBsACAdICJGZiMDA1OWE3LWM4MDItNDViMy04NDUxLTZiNzEyZGFhOTdjMtgCAeACAQ&ucfs=1&arphpl=1&checkin=2026-08-06&checkout=2026-08-07&dest_id=-2774916&dest_type=city&group_adults=2&req_adults=2&no_rooms=1&group_children=0&req_children=0&hpos=10&hapos=10&sr_order=popularity&srpvid=6f6c595cd676049e&srepoch=1785760971&all_sr_blocks=1477719102_430897575_3_1_0&highlighted_blocks=1477719102_430897575_3_1_0&matching_block_id=1477719102_430897575_3_1_0&sr_pri_blocks=1477719102_430897575_3_1_0__3500000&from=searchresults,35000,9.5,35.0,Skardu,2.8,Double or Twin Room,"2 beds (1 single, 1 double)",1,0,1,https://cf.bstatic.com/xdata/images/hotel/square240/732806217.webp?k=8a5ca9911d9a58e10a77d1a38c54110da59980d5c577f30655bc86a48e36a890&o=,11,Skardu
Skardu Resort skardu,https://www.booking.com/hotel/pk/skardu-resort-skardu-skardu.en-gb.html?aid=304142&label=gen173nr-10CAQoggJCDWNpdHlfLTI3NzQ5MTZICVgEaLUBiAEBmAEzuAEHyAEM2AED6AEB-AEBiAIBqAIBuAK4mcLTBsACAdICJGZiMDA1OWE3LWM4MDItNDViMy04NDUxLTZiNzEyZGFhOTdjMtgCAeACAQ&ucfs=1&arphpl=1&checkin=2026-08-06&checkout=2026-08-07&dest_id=-2774916&dest_type=city&group_adults=2&req_adults=2&no_rooms=1&group_children=0&req_children=0&hpos=11&hapos=11&sr_order=popularity&srpvid=6f6c595cd676049e&srepoch=1785760971&all_sr_blocks=1288353701_401818540_2_0_0&highlighted_blocks=1288353701_401818540_2_0_0&matching_block_id=1288353701_401818540_2_0_0&sr_pri_blocks=1288353701_401818540_2_0_0__372045&from=searchresults,3720,9.9,15.0,Skardu,1.1,Double Room,1 double bed,0,1,1,https://cf.bstatic.com/xdata/images/hotel/square240/601612180.webp?k=0330b530f72044215903972bc05935ff41a41b24b65e1b8223d51b6ef1bffdf7&o=,4,Skardu
Baltistan Fort Skardu Resort,https://www.booking.com/hotel/pk/baltistan-fort.en-gb.html?aid=304142&label=gen173nr-10CAQoggJCDWNpdHlfLTI3NzQ5MTZICVgEaLUBiAEBmAEzuAEHyAEM2AED6AEB-AEBiAIBqAIBuAK4mcLTBsACAdICJGZiMDA1OWE3LWM4MDItNDViMy04NDUxLTZiNzEyZGFhOTdjMtgCAeACAQ&ucfs=1&arphpl=1&checkin=2026-08-06&checkout=2026-08-07&dest_id=-2774916&dest_type=city&group_adults=2&req_adults=2&no_rooms=1&group_children=0&req_children=0&hpos=12&hapos=12&sr_order=popularity&srpvid=6f6c595cd676049e&srepoch=1785760971&all_sr_blocks=917155702_401617352_2_1_0&highlighted_blocks=917155702_401617352_2_1_0&matching_block_id=917155702_401617352_2_1_0&sr_pri_blocks=917155702_401617352_2_1_0__1470000&from=searchresults,14700,8.2,128.0,Skardu,2.3,Deluxe Double Room,1 large double bed,1,1,0,https://cf.bstatic.com/xdata/images/hotel/square240/444044343.webp?k=127bbe4617b9faa95e5a70356d2f993b2613e7d58ee33b52388f254102501fa4&o=,3,Skardu
Gumaan Resort,https://www.booking.com/hotel/pk/gumaan-resort-skardu1.en-gb.html?aid=304142&label=gen173nr-10CAQoggJCDWNpdHlfLTI3NzQ5MTZICVgEaLUBiAEBmAEzuAEHyAEM2AED6AEB-AEBiAIBqAIBuAK4mcLTBsACAdICJGZiMDA1OWE3LWM4MDItNDViMy04NDUxLTZiNzEyZGFhOTdjMtgCAeACAQ&ucfs=1&arphpl=1&checkin=2026-08-06&checkout=2026-08-07&dest_id=-2774916&dest_type=city&group_adults=2&req_adults=2&no_rooms=1&group_children=0&req_children=0&hpos=13&hapos=13&sr_order=popularity&srpvid=6f6c595cd676049e&srepoch=1785760971&all_sr_blocks=1480117204_419465596_0_1_0_1179496&highlighted_blocks=1480117204_419465596_0_1_0_1179496&matching_block_id=1480117204_419465596_0_1_0_1179496&sr_pri_blocks=1480117204_419465596_0_1_0_1179496_3150000&from=searchresults,31500,8.2,36.0,Skardu,4.2,King Room,1 double bed,1,0,0,https://cf.bstatic.com/xdata/images/hotel/square240/735059122.webp?k=d55a31c2bb3a68ac471cfc0e6127fed659a7a5f50b2faee71b6f44e06508ad89&o=,3,Skardu
LOKAL Rooms x Skardu (Katpana Retreat),https://www.booking.com/hotel/pk/lokal-rooms-x-skardu-katpana-retreat.en-gb.html?aid=304142&label=gen173nr-10CAQoggJCDWNpdHlfLTI3NzQ5MTZICVgEaLUBiAEBmAEzuAEHyAEM2AED6AEB-AEBiAIBqAIBuAK4mcLTBsACAdICJGZiMDA1OWE3LWM4MDItNDViMy04NDUxLTZiNzEyZGFhOTdjMtgCAeACAQ&ucfs=1&arphpl=1&checkin=2026-08-06&checkout=2026-08-07&dest_id=-2774916&dest_type=city&group_adults=2&req_adults=2&no_rooms=1&group_children=0&req_children=0&hpos=14&hapos=14&sr_order=popularity&srpvid=6f6c595cd676049e&srepoch=1785760971&all_sr_blocks=1085489401_381408257_2_1_0&highlighted_blocks=1085489401_381408257_2_1_0&matching_block_id=1085489401_381408257_2_1_0&sr_pri_blocks=1085489401_381408257_2_1_0__2519937&from=searchresults,25199,9.0,82.0,Skardu,4.6,Deluxe Double Room,1 large double bed,1,0,0,https://cf.bstatic.com/xdata/images/hotel/square240/509451207.webp?k=7efc158ada0d334615be114c4c81f087e98f4c8dc60d3bee72e85d7201b9e7bf&o=,10,Skardu
Holiday Resort Skardu,https://www.booking.com/hotel/pk/holiday-resort-skardu-skardu1.en-gb.html?aid=304142&label=gen173nr-10CAQoggJCDWNpdHlfLTI3NzQ5MTZICVgEaLUBiAEBmAEzuAEHyAEM2AED6AEB-AEBiAIBqAIBuAK4mcLTBsACAdICJGZiMDA1OWE3LWM4MDItNDViMy04NDUxLTZiNzEyZGFhOTdjMtgCAeACAQ&ucfs=1&arphpl=1&checkin=2026-08-06&checkout=2026-08-07&dest_id=-2774916&dest_type=city&group_adults=2&req_adults=2&no_rooms=1&group_children=0&req_children=0&hpos=15&hapos=15&sr_order=popularity&srpvid=6f6c595cd676049e&srepoch=1785760971&all_sr_blocks=1633938802_433846276_2_1_0&highlighted_blocks=1633938802_433846276_2_1_0&matching_block_id=1633938802_433846276_2_1_0&sr_pri_blocks=1633938802_433846276_2_1_0__2000000&from=searchresults,20000,10,1.0,Skardu,4.4,Deluxe Queen Room,1 large double bed,1,1,1,https://cf.bstatic.com/xdata/images/hotel/square240/863530851.webp?k=d711215ef10e289c3554262c1903d302ed4696ce5e2793cac339d9e0ca81ace1&o=,12,Skardu
Skardu Saraye Hotel & Resort,https://www.booking.com/hotel/pk/skardu-saraye.en-gb.html?aid=304142&label=gen173nr-10CAQoggJCDWNpdHlfLTI3NzQ5MTZICVgEaLUBiAEBmAEzuAEHyAEM2AED6AEB-AEBiAIBqAIBuAK4mcLTBsACAdICJGZiMDA1OWE3LWM4MDItNDViMy04NDUxLTZiNzEyZGFhOTdjMtgCAeACAQ&ucfs=1&arphpl=1&checkin=2026-08-06&checkout=2026-08-07&dest_id=-2774916&dest_type=city&group_adults=2&req_adults=2&no_rooms=1&group_children=0&req_children=0&hpos=16&hapos=16&sr_order=popularity&srpvid=6f6c595cd676049e&srepoch=1785760971&all_sr_blocks=1007699704_0_2_1_0&highlighted_blocks=1007699704_0_2_1_0&matching_block_id=1007699704_0_2_1_0&sr_pri_blocks=1007699704_0_2_1_0__1150144&from=searchresults,11501,9.2,69.0,Skardu,6.6,Double Room with Mountain View,1 large double bed,1,1,0,https://cf.bstatic.com/xdata/images/hotel/square240/548753418.webp?k=cf7420e0b5d658836960621ed2aeb8f0650770337e8a7144607f96eb62354a69&o=,3,Skardu
Taaj Residence Skardu,https://www.booking.com/hotel/pk/taaj-residencia-skardu.en-gb.html?aid=304142&label=gen173nr-10CAQoggJCDWNpdHlfLTI3NzQ5MTZICVgEaLUBiAEBmAEzuAEHyAEM2AED6AEB-AEBiAIBqAIBuAK4mcLTBsACAdICJGZiMDA1OWE3LWM4MDItNDViMy04NDUxLTZiNzEyZGFhOTdjMtgCAeACAQ&ucfs=1&arphpl=1&checkin=2026-08-06&checkout=2026-08-07&dest_id=-2774916&dest_type=city&group_adults=2&req_adults=2&no_rooms=1&group_children=0&req_children=0&hpos=17&hapos=17&sr_order=popularity&srpvid=6f6c595cd676049e&srepoch=1785760971&all_sr_blocks=1045314103_376901947_3_0_0&highlighted_blocks=1045314103_376901947_3_0_0&matching_block_id=1045314103_376901947_3_0_0&sr_pri_blocks=1045314103_376901947_3_0_0__800000&from=searchresults,8000,9.6,139.0,Skardu,2.8,Deluxe Double Room,1 large double bed,0,1,1,https://cf.bstatic.com/xdata/images/hotel/square240/486379019.webp?k=baef1f1dae23856188742398b699da0e7cd2b5c78db618f5e93efc488e1d96f0&o=,11,Skardu
Hispar Hotel Skardu,https://www.booking.com/hotel/pk/hispar.en-gb.html?aid=304142&label=gen173nr-10CAQoggJCDWNpdHlfLTI3NzQ5MTZICVgEaLUBiAEBmAEzuAEHyAEM2AED6AEB-AEBiAIBqAIBuAK4mcLTBsACAdICJGZiMDA1OWE3LWM4MDItNDViMy04NDUxLTZiNzEyZGFhOTdjMtgCAeACAQ&ucfs=1&arphpl=1&checkin=2026-08-06&checkout=2026-08-07&dest_id=-2774916&dest_type=city&group_adults=2&req_adults=2&no_rooms=1&group_children=0&req_children=0&hpos=18&hapos=18&sr_order=popularity&srpvid=6f6c595cd676049e&srepoch=1785760971&all_sr_blocks=748971505_417215677_0_42_0&highlighted_blocks=748971505_417215677_0_42_0&matching_block_id=748971505_417215677_0_42_0&sr_pri_blocks=748971505_417215677_0_42_0__1134000&from=searchresults,11340,9.2,22.0,Skardu,4.1,Double Room,1 extra-large double bed,0,0,0,https://cf.bstatic.com/xdata/images/hotel/square240/865044886.webp?k=e509dd81c51c7862e7501b42a3714a4ebbde0b9b78d02cd3a27afe934f00603d&o=,4,Skardu
Stay in Skardu,https://www.booking.com/hotel/pk/stay-in-skardu-skardu1.en-gb.html?aid=304142&label=gen173nr-10CAQoggJCDWNpdHlfLTI3NzQ5MTZICVgEaLUBiAEBmAEzuAEHyAEM2AED6AEB-AEBiAIBqAIBuAK4mcLTBsACAdICJGZiMDA1OWE3LWM4MDItNDViMy04NDUxLTZiNzEyZGFhOTdjMtgCAeACAQ&ucfs=1&arphpl=1&checkin=2026-08-06&checkout=2026-08-07&dest_id=-2774916&dest_type=city&group_adults=2&req_adults=2&no_rooms=1&group_children=0&req_children=0&hpos=19&hapos=19&sr_order=popularity&srpvid=6f6c595cd676049e&srepoch=1785760971&all_sr_blocks=1372227801_409413022_2_0_0&highlighted_blocks=1372227801_409413022_2_0_0&matching_block_id=1372227801_409413022_2_0_0&sr_pri_blocks=1372227801_409413022_2_0_0__429151&from=searchresults,4292,9.3,47.0,Skardu,1.1,Double Room,1 double bed,0,0,0,https://cf.bstatic.com/xdata/images/hotel/square240/662579551.webp?k=40cc4f3ca03f5dba9357ef65548a0b3d1d45571ac36ae5fdd4e515d756288ac7&o=,8,Skardu
Hotel Saspolo skardu,https://www.booking.com/hotel/pk/saspolo-skardu-skardu1.en-gb.html?aid=304142&label=gen173nr-10CAQoggJCDWNpdHlfLTI3NzQ5MTZICVgEaLUBiAEBmAEzuAEHyAEM2AED6AEB-AEBiAIBqAIBuAK4mcLTBsACAdICJGZiMDA1OWE3LWM4MDItNDViMy04NDUxLTZiNzEyZGFhOTdjMtgCAeACAQ&ucfs=1&arphpl=1&checkin=2026-08-06&checkout=2026-08-07&dest_id=-2774916&dest_type=city&group_adults=2&req_adults=2&no_rooms=1&group_children=0&req_children=0&hpos=20&hapos=20&sr_order=popularity&srpvid=6f6c595cd676049e&srepoch=1785760971&all_sr_blocks=892792104_415313633_3_42_0_1106117&highlighted_blocks=892792104_415313633_3_42_0_1106117&matching_block_id=892792104_415313633_3_42_0_1106117&sr_pri_blocks=892792104_415313633_3_42_0_1106117_324450&from=searchresults,3245,8.7,80.0,Skardu,1.1,Basic Triple Room,3 single beds,0,1,0,https://cf.bstatic.com/xdata/images/hotel/square240/468777189.webp?k=da0751e997228039ecebba282b5fec3ff7a288826f34cec4949a69a4805bb709&o=,4,Skardu
Rus Olive Lodge Skardu,https://www.booking.com/hotel/pk/rus-olive-lodge.en-gb.html?aid=304142&label=gen173nr-10CAQoggJCDWNpdHlfLTI3NzQ5MTZICVgEaLUBiAEBmAEzuAEHyAEM2AED6AEB-AEBiAIBqAIBuAK4mcLTBsACAdICJGZiMDA1OWE3LWM4MDItNDViMy04NDUxLTZiNzEyZGFhOTdjMtgCAeACAQ&ucfs=1&arphpl=1&checkin=2026-08-06&checkout=2026-08-07&dest_id=-2774916&dest_type=city&group_adults=2&req_adults=2&no_rooms=1&group_children=0&req_children=0&hpos=21&hapos=21&sr_order=popularity&srpvid=6f6c595cd676049e&srepoch=1785760971&all_sr_blocks=1238685707_397870109_0_42_0&highlighted_blocks=1238685707_397870109_0_42_0&matching_block_id=1238685707_397870109_0_42_0&sr_pri_blocks=1238685707_397870109_0_42_0__555750&from=searchresults,5558,8.8,31.0,Skardu,1.5,King Room with Mountain View,"2 beds (1 extra-large double, 1 futon)",0,0,0,https://cf.bstatic.com/xdata/images/hotel/square240/846153988.webp?k=6f99f811f16e4510931f3de02c3ff2cc7ad66642f7a6228e250fcc0f8b6cfe28&o=,10,Skardu
North Fields Resorts,https://www.booking.com/hotel/pk/north-fields-resorts.en-gb.html?aid=304142&label=gen173nr-10CAQoggJCDWNpdHlfLTI3NzQ5MTZICVgEaLUBiAEBmAEzuAEHyAEM2AED6AEB-AEBiAIBqAIBuAK4mcLTBsACAdICJGZiMDA1OWE3LWM4MDItNDViMy04NDUxLTZiNzEyZGFhOTdjMtgCAeACAQ&ucfs=1&arphpl=1&checkin=2026-08-06&checkout=2026-08-07&dest_id=-2774916&dest_type=city&group_adults=2&req_adults=2&no_rooms=1&group_children=0&req_children=0&hpos=22&hapos=22&sr_order=popularity&srpvid=6f6c595cd676049e&srepoch=1785760971&all_sr_blocks=1404536301_414620971_2_2_0&highlighted_blocks=1404536301_414620971_2_2_0&matching_block_id=1404536301_414620971_2_2_0&sr_pri_blocks=1404536301_414620971_2_2_0__935000&from=searchresults,9350,9.6,34.0,Skardu,12.7,Standard Double Room,1 extra-large double bed,0,1,1,https://cf.bstatic.com/xdata/images/hotel/square240/690840427.webp?k=99b0862697cbfce192955115dfd1a325bc976cdf4aeefc167144d499e0816bd7&o=,5,Skardu
Sehrish Guest House Aliabad Skardu,https://www.booking.com/hotel/pk/sehrish-guest-house-aliabad-skardu.en-gb.html?aid=304142&label=gen173nr-10CAQoggJCDWNpdHlfLTI3NzQ5MTZICVgEaLUBiAEBmAEzuAEHyAEM2AED6AEB-AEBiAIBqAIBuAK4mcLTBsACAdICJGZiMDA1OWE3LWM4MDItNDViMy04NDUxLTZiNzEyZGFhOTdjMtgCAeACAQ&ucfs=1&arphpl=1&checkin=2026-08-06&checkout=2026-08-07&dest_id=-2774916&dest_type=city&group_adults=2&req_adults=2&no_rooms=1&group_children=0&req_children=0&hpos=23&hapos=23&sr_order=popularity&srpvid=6f6c595cd676049e&srepoch=1785760971&all_sr_blocks=1677643101_439497390_2_2_0&highlighted_blocks=1677643101_439497390_2_2_0&matching_block_id=1677643101_439497390_2_2_0&sr_pri_blocks=1677643101_439497390_2_2_0__1088000&from=searchresults,10880,10,3.0,Skardu,2.6,Double Room,1 double bed,0,1,1,https://cf.bstatic.com/xdata/images/hotel/square240/889601802.webp?k=b15a24956f48081e18079fc9254ab805a62520095d4a2b7e2df4ef4f11683fca&o=,5,Skardu
Pacific Guest House Skardu,https://www.booking.com/hotel/pk/pacific-guest-house.en-gb.html?aid=304142&label=gen173nr-10CAQoggJCDWNpdHlfLTI3NzQ5MTZICVgEaLUBiAEBmAEzuAEHyAEM2AED6AEB-AEBiAIBqAIBuAK4mcLTBsACAdICJGZiMDA1OWE3LWM4MDItNDViMy04NDUxLTZiNzEyZGFhOTdjMtgCAeACAQ&ucfs=1&arphpl=1&checkin=2026-08-06&checkout=2026-08-07&dest_id=-2774916&dest_type=city&group_adults=2&req_adults=2&no_rooms=1&group_children=0&req_children=0&hpos=24&hapos=24&sr_order=popularity&srpvid=6f6c595cd676049e&srepoch=1785760971&all_sr_blocks=904959111_411243002_2_2_0&highlighted_blocks=904959111_411243002_2_2_0&matching_block_id=904959111_411243002_2_2_0&sr_pri_blocks=904959111_411243002_2_2_0__512000&from=searchresults,5120,9.3,76.0,Skardu,2.7,Double Room with Garden View,"2 beds (1 extra-large double, 1 bunk bed)",0,1,1,https://cf.bstatic.com/xdata/images/hotel/square240/849360544.webp?k=e8fd386deda5db1ff1079fcc3e3d99fbe636d17c14076f3333a7feb4525de727&o=,10,Skardu
Arish Luxury Suites,https://www.booking.com/hotel/pk/arish-luxury-suites.en-gb.html?aid=304142&label=gen173nr-10CAQoggJCDWNpdHlfLTI3NzQ5MTZICVgEaLUBiAEBmAEzuAEHyAEM2AED6AEB-AEBiAIBqAIBuAK4mcLTBsACAdICJGZiMDA1OWE3LWM4MDItNDViMy04NDUxLTZiNzEyZGFhOTdjMtgCAeACAQ&ucfs=1&arphpl=1&checkin=2026-08-06&checkout=2026-08-07&dest_id=-2774916&dest_type=city&group_adults=2&req_adults=2&no_rooms=1&group_children=0&req_children=0&hpos=25&hapos=25&sr_order=popularity&srpvid=6f6c595cd676049e&srepoch=1785760971&all_sr_blocks=737219101_371850548_2_41_0&highlighted_blocks=737219101_371850548_2_41_0&matching_block_id=737219101_371850548_2_41_0&sr_pri_blocks=737219101_371850548_2_41_0__1870000&from=searchresults,18700,9.8,56.0,Skardu,3.2,Deluxe Room,1 extra-large double bed,1,0,0,https://cf.bstatic.com/xdata/images/hotel/square240/302756581.webp?k=4f3d105306b29b0b73b3802beacb40dc3c0374ae4fb9621debb22f15bf4506a8&o=,12,Skardu
Hotel Desert Bloom Skardu,https://www.booking.com/hotel/pk/desert-bloom-skardu.en-gb.html?aid=304142&label=gen173nr-10CAQoggJCDWNpdHlfLTI3NzQ5MTZICVgEaLUBiAEBmAEzuAEHyAEM2AED6AEB-AEBiAIBqAIBuAK4mcLTBsACAdICJGZiMDA1OWE3LWM4MDItNDViMy04NDUxLTZiNzEyZGFhOTdjMtgCAeACAQ&ucfs=1&arphpl=1&checkin=2026-08-06&checkout=2026-08-07&dest_id=-2774916&dest_type=city&group_adults=2&req_adults=2&no_rooms=1&group_children=0&req_children=0&hpos=1&hapos=26&sr_order=popularity&srpvid=6f6c595cd676049e&srepoch=1785760963&all_sr_blocks=1686577101_440327714_2_0_0&highlighted_blocks=1686577101_440327714_2_0_0&matching_block_id=1686577101_440327714_2_0_0&sr_pri_blocks=1686577101_440327714_2_0_0__1912500&from=searchresults,19125,10,2.0,Skardu,1.7,Deluxe Room,1 double bed,0,1,1,https://cf.bstatic.com/xdata/images/hotel/square240/893781478.webp?k=ba323a75e31fc957c0c682d81a534112a757b0c57ce3b606f4ea24af8c92e21b&o=,12,Skardu
Indus View Hotel Skardu,https://www.booking.com/hotel/pk/indus-view-amp-hostel.en-gb.html?aid=304142&label=gen173nr-10CAQoggJCDWNpdHlfLTI3NzQ5MTZICVgEaLUBiAEBmAEzuAEHyAEM2AED6AEB-AEBiAIBqAIBuAK4mcLTBsACAdICJGZiMDA1OWE3LWM4MDItNDViMy04NDUxLTZiNzEyZGFhOTdjMtgCAeACAQ&ucfs=1&arphpl=1&checkin=2026-08-06&checkout=2026-08-07&dest_id=-2774916&dest_type=city&group_adults=2&req_adults=2&no_rooms=1&group_children=0&req_children=0&hpos=2&hapos=27&sr_order=popularity&srpvid=6f6c595cd676049e&srepoch=1785760963&all_sr_blocks=673441102_370976698_0_42_0&highlighted_blocks=673441102_370976698_0_42_0&matching_block_id=673441102_370976698_0_42_0&sr_pri_blocks=673441102_370976698_0_42_0__600000&from=searchresults,6000,8.4,30.0,Skardu,12.6,Deluxe Twin Room,2 single beds,0,1,0,https://cf.bstatic.com/xdata/images/hotel/square240/297363648.webp?k=b8d7d14ab29f2e17142fdc0010627b4886ab0b9f0073bdfe7c3548a75f37a8ec&o=,3,Skardu
"Zhule by Roomy, Skardu",https://www.booking.com/hotel/pk/zhule-by-roomy-skardu.en-gb.html?aid=304142&label=gen173nr-10CAQoggJCDWNpdHlfLTI3NzQ5MTZICVgEaLUBiAEBmAEzuAEHyAEM2AED6AEB-AEBiAIBqAIBuAK4mcLTBsACAdICJGZiMDA1OWE3LWM4MDItNDViMy04NDUxLTZiNzEyZGFhOTdjMtgCAeACAQ&ucfs=1&arphpl=1&checkin=2026-08-06&checkout=2026-08-07&dest_id=-2774916&dest_type=city&group_adults=2&req_adults=2&no_rooms=1&group_children=0&req_children=0&hpos=3&hapos=28&sr_order=popularity&srpvid=6f6c595cd676049e&srepoch=1785760963&all_sr_blocks=1517306101_438339145_2_1_0&highlighted_blocks=1517306101_438339145_2_1_0&matching_block_id=1517306101_438339145_2_1_0&sr_pri_blocks=1517306101_438339145_2_1_0__3170000&from=searchresults,31700,8.8,24.0,Skardu,6.2,Deluxe Double Room with Balcony,1 extra-large double bed,1,0,1,https://cf.bstatic.com/xdata/images/hotel/square240/768881154.webp?k=183984171b5a77fa6f8cf34c98b84d526bafc27b68f3ec29063c199d087e51d5&o=,4,Skardu
Aba-SHAH GUEST HOUSE SKARDU,https://www.booking.com/hotel/pk/aba-shah-guest-house-skardu.en-gb.html?aid=304142&label=gen173nr-10CAQoggJCDWNpdHlfLTI3NzQ5MTZICVgEaLUBiAEBmAEzuAEHyAEM2AED6AEB-AEBiAIBqAIBuAK4mcLTBsACAdICJGZiMDA1OWE3LWM4MDItNDViMy04NDUxLTZiNzEyZGFhOTdjMtgCAeACAQ&ucfs=1&arphpl=1&checkin=2026-08-06&checkout=2026-08-07&dest_id=-2774916&dest_type=city&group_adults=2&req_adults=2&no_rooms=1&group_children=0&req_children=0&hpos=4&hapos=29&sr_order=popularity&srpvid=6f6c595cd676049e&srepoch=1785760963&all_sr_blocks=1423364301_413969720_3_0_0&highlighted_blocks=1423364301_413969720_3_0_0&matching_block_id=1423364301_413969720_3_0_0&sr_pri_blocks=1423364301_413969720_3_0_0__455000&from=searchresults,4550,7.6,19.0,Skardu,6.6,Double Room with Mountain View,2 single beds,0,1,1,https://cf.bstatic.com/xdata/images/hotel/square240/719058278.webp?k=8bd60ab85d691c7490c15c9a88da73297216306724c4e94e8a40bb7b67a56781&o=,6,Skardu
Avari Xpress Skardu,https://www.booking.com/hotel/pk/avari-xpress-skardu.en-gb.html?aid=304142&label=gen173nr-10CAQoggJCDWNpdHlfLTI3NzQ5MTZICVgEaLUBiAEBmAEzuAEHyAEM2AED6AEB-AEBiAIBqAIBuAK4mcLTBsACAdICJGZiMDA1OWE3LWM4MDItNDViMy04NDUxLTZiNzEyZGFhOTdjMtgCAeACAQ&ucfs=1&arphpl=1&checkin=2026-08-06&checkout=2026-08-07&dest_id=-2774916&dest_type=city&group_adults=2&req_adults=2&no_rooms=1&group_children=0&req_children=0&hpos=5&hapos=30&sr_order=popularity&srpvid=6f6c595cd676049e&srepoch=1785760963&all_sr_blocks=1231637901_395136230_2_1_0&highlighted_blocks=1231637901_395136230_2_1_0&matching_block_id=1231637901_395136230_2_1_0&sr_pri_blocks=1231637901_395136230_2_1_0__3513330&from=searchresults,35133,8.3,24.0,Skardu,0.6,Deluxe Double or Twin Room,2 single beds,1,0,0,https://cf.bstatic.com/xdata/images/hotel/square240/574985766.webp?k=8c5361daf54a027e3aa3d7bd79ac08357e2b5bf7fcd75a5651cb50d43a5b42c8&o=,11,Skardu
Rafsal A Countryside Cottage,https://www.booking.com/hotel/pk/rafsal-a-countryside-cottage.en-gb.html?aid=304142&label=gen173nr-10CAQoggJCDWNpdHlfLTI3NzQ5MTZICVgEaLUBiAEBmAEzuAEHyAEM2AED6AEB-AEBiAIBqAIBuAK4mcLTBsACAdICJGZiMDA1OWE3LWM4MDItNDViMy04NDUxLTZiNzEyZGFhOTdjMtgCAeACAQ&ucfs=1&arphpl=1&checkin=2026-08-06&checkout=2026-08-07&dest_id=-2774916&dest_type=city&group_adults=2&req_adults=2&no_rooms=1&group_children=0&req_children=0&hpos=6&hapos=31&sr_order=popularity&srpvid=6f6c595cd676049e&srepoch=1785760963&all_sr_blocks=998540901_437592088_2_1_0&highlighted_blocks=998540901_437592088_2_1_0&matching_block_id=998540901_437592088_2_1_0&sr_pri_blocks=998540901_437592088_2_1_0__660000&from=searchresults,6600,9.6,6.0,Skardu,6.6,Standard Double Room,1 double bed,1,1,1,https://cf.bstatic.com/xdata/images/hotel/square240/466244156.webp?k=85a8fabee80376212a517741da1bd99379688d4ef03006b149257273016a077d&o=,10,Skardu
Sehrish Guest House Skardu,https://www.booking.com/hotel/pk/sehrish-guest-house.en-gb.html?aid=304142&label=gen173nr-10CAQoggJCDWNpdHlfLTI3NzQ5MTZICVgEaLUBiAEBmAEzuAEHyAEM2AED6AEB-AEBiAIBqAIBuAK4mcLTBsACAdICJGZiMDA1OWE3LWM4MDItNDViMy04NDUxLTZiNzEyZGFhOTdjMtgCAeACAQ&ucfs=1&arphpl=1&checkin=2026-08-06&checkout=2026-08-07&dest_id=-2774916&dest_type=city&group_adults=2&req_adults=2&no_rooms=1&group_children=0&req_children=0&hpos=7&hapos=32&sr_order=popularity&srpvid=6f6c595cd676049e&srepoch=1785760963&all_sr_blocks=351223405_0_2_0_0&highlighted_blocks=351223405_0_2_0_0&matching_block_id=351223405_0_2_0_0&sr_pri_blocks=351223405_0_2_0_0__730546&from=searchresults,7305,9.4,63.0,Skardu,2.6,Deluxe Double Room,1 large double bed,0,0,0,https://cf.bstatic.com/xdata/images/hotel/square240/373732524.webp?k=29438d2e78166ee64a3cef18c0b157f6d712138de71f389e675dd93ba08ea2ab&o=,9,Skardu
Dream Nest Resorts,https://www.booking.com/hotel/pk/dream-nest-resort.en-gb.html?aid=304142&label=gen173nr-10CAQoggJCDWNpdHlfLTI3NzQ5MTZICVgEaLUBiAEBmAEzuAEHyAEM2AED6AEB-AEBiAIBqAIBuAK4mcLTBsACAdICJGZiMDA1OWE3LWM4MDItNDViMy04NDUxLTZiNzEyZGFhOTdjMtgCAeACAQ&ucfs=1&arphpl=1&checkin=2026-08-06&checkout=2026-08-07&dest_id=-2774916&dest_type=city&group_adults=2&req_adults=2&no_rooms=1&group_children=0&req_children=0&hpos=8&hapos=33&sr_order=popularity&srpvid=6f6c595cd676049e&srepoch=1785760963&all_sr_blocks=1021643606_412615160_2_41_0_317382&highlighted_blocks=1021643606_412615160_2_41_0_317382&matching_block_id=1021643606_412615160_2_41_0_317382&sr_pri_blocks=1021643606_412615160_2_41_0_317382_4750000&from=searchresults,47500,5.0,19.0,Skardu,6.6,Deluxe Double or Twin Room with Balcony,Multiple bed types,1,0,1,https://cf.bstatic.com/xdata/images/hotel/square240/694829004.webp?k=26b7d9386110a2a2a5b914413f05cef86af2ea58ebcd1e7a4c4a307d8fcfe1f7&o=,3,Skardu
Istanbul Guest House Skardu -Entire Guest House,https://www.booking.com/hotel/pk/istanbul-guest-house-skardu.en-gb.html?aid=304142&label=gen173nr-10CAQoggJCDWNpdHlfLTI3NzQ5MTZICVgEaLUBiAEBmAEzuAEHyAEM2AED6AEB-AEBiAIBqAIBuAK4mcLTBsACAdICJGZiMDA1OWE3LWM4MDItNDViMy04NDUxLTZiNzEyZGFhOTdjMtgCAeACAQ&ucfs=1&arphpl=1&checkin=2026-08-06&checkout=2026-08-07&dest_id=-2774916&dest_type=city&group_adults=2&req_adults=2&no_rooms=1&group_children=0&req_children=0&hpos=9&hapos=34&sr_order=popularity&srpvid=6f6c595cd676049e&srepoch=1785760963&all_sr_blocks=1441928405_438940036_2_2_0&highlighted_blocks=1441928405_438940036_2_2_0&matching_block_id=1441928405_438940036_2_2_0&sr_pri_blocks=1441928405_438940036_2_2_0__774400&from=searchresults,7744,10,2.0,Skardu,2.5,Four-Bedroom House,"4 beds (2 singles, 1 extra-large double, 1 large double)",0,0,1,https://cf.bstatic.com/xdata/images/hotel/square240/700704236.webp?k=36f735cbee4e71de9f33d331a2cf9af634538eac894be83082ed296803f87293&o=,4,Skardu
Apex Hotels and Resorts Skardu,https://www.booking.com/hotel/pk/le-yurt-skardu.en-gb.html?aid=304142&label=gen173nr-10CAQoggJCDWNpdHlfLTI3NzQ5MTZICVgEaLUBiAEBmAEzuAEHyAEM2AED6AEB-AEBiAIBqAIBuAK4mcLTBsACAdICJGZiMDA1OWE3LWM4MDItNDViMy04NDUxLTZiNzEyZGFhOTdjMtgCAeACAQ&ucfs=1&arphpl=1&checkin=2026-08-06&checkout=2026-08-07&dest_id=-2774916&dest_type=city&group_adults=2&req_adults=2&no_rooms=1&group_children=0&req_children=0&hpos=10&hapos=35&sr_order=popularity&srpvid=6f6c595cd676049e&srepoch=1785760963&all_sr_blocks=987091203_371082688_3_1_0&highlighted_blocks=987091203_371082688_3_1_0&matching_block_id=987091203_371082688_3_1_0&sr_pri_blocks=987091203_371082688_3_1_0__1600000&from=searchresults,16000,6.9,18.0,Skardu,4.1,Deluxe Triple Room,"2 beds (1 single, 1 double)",1,0,1,https://cf.bstatic.com/xdata/images/hotel/square240/617233386.webp?k=9d260836c2fbe7462b4db9ee28be68505e14c8dc41b51f7cae83a89d77210976&o=,3,Skardu
Heaven Hotel Skardu,https://www.booking.com/hotel/pk/the-heaven-amp-restaurant.en-gb.html?aid=304142&label=gen173nr-10CAQoggJCDWNpdHlfLTI3NzQ5MTZICVgEaLUBiAEBmAEzuAEHyAEM2AED6AEB-AEBiAIBqAIBuAK4mcLTBsACAdICJGZiMDA1OWE3LWM4MDItNDViMy04NDUxLTZiNzEyZGFhOTdjMtgCAeACAQ&ucfs=1&arphpl=1&checkin=2026-08-06&checkout=2026-08-07&dest_id=-2774916&dest_type=city&group_adults=2&req_adults=2&no_rooms=1&group_children=0&req_children=0&hpos=11&hapos=36&sr_order=popularity&srpvid=6f6c595cd676049e&srepoch=1785760963&all_sr_blocks=1182644301_390683863_2_41_0_395619&highlighted_blocks=1182644301_390683863_2_41_0_395619&matching_block_id=1182644301_390683863_2_41_0_395619&sr_pri_blocks=1182644301_390683863_2_41_0_395619_650000&from=searchresults,6500,8.8,25.0,Skardu,1.2,Family Room with Garden View,1 large double bed,1,1,1,https://cf.bstatic.com/xdata/images/hotel/square240/550586162.webp?k=922b66ce6c5cc329983ad24564a26093c5c2f93c694bfc3a5ccaae1bc2beb010&o=,12,Skardu
Yuligo Resort Skardu,https://www.booking.com/hotel/pk/yuligo-resort-skardu.en-gb.html?aid=304142&label=gen173nr-10CAQoggJCDWNpdHlfLTI3NzQ5MTZICVgEaLUBiAEBmAEzuAEHyAEM2AED6AEB-AEBiAIBqAIBuAK4mcLTBsACAdICJGZiMDA1OWE3LWM4MDItNDViMy04NDUxLTZiNzEyZGFhOTdjMtgCAeACAQ&ucfs=1&arphpl=1&checkin=2026-08-06&checkout=2026-08-07&dest_id=-2774916&dest_type=city&group_adults=2&req_adults=2&no_rooms=1&group_children=0&req_children=0&hpos=12&hapos=37&sr_order=popularity&srpvid=6f6c595cd676049e&srepoch=1785760963&all_sr_blocks=1482534101_440777870_2_2_0&highlighted_blocks=1482534101_440777870_2_2_0&matching_block_id=1482534101_440777870_2_2_0&sr_pri_blocks=1482534101_440777870_2_2_0__1665000&from=searchresults,16650,9.5,18.0,Skardu,4.3,Double Room with Mountain View,1 double bed,0,0,1,https://cf.bstatic.com/xdata/images/hotel/square240/737561548.webp?k=ec4ca6a6fe6b60fd2365819ad7e56239718f7759aecade75d7a1ac0e66df686e&o=,3,Skardu
Flora Inn Skardu,https://www.booking.com/hotel/pk/flora-g.en-gb.html?aid=304142&label=gen173nr-10CAQoggJCDWNpdHlfLTI3NzQ5MTZICVgEaLUBiAEBmAEzuAEHyAEM2AED6AEB-AEBiAIBqAIBuAK4mcLTBsACAdICJGZiMDA1OWE3LWM4MDItNDViMy04NDUxLTZiNzEyZGFhOTdjMtgCAeACAQ&ucfs=1&arphpl=1&checkin=2026-08-06&checkout=2026-08-07&dest_id=-2774916&dest_type=city&group_adults=2&req_adults=2&no_rooms=1&group_children=0&req_children=0&hpos=13&hapos=38&sr_order=popularity&srpvid=6f6c595cd676049e&srepoch=1785760963&all_sr_blocks=1404014909_432427881_2_2_0&highlighted_blocks=1404014909_432427881_2_2_0&matching_block_id=1404014909_432427881_2_2_0&sr_pri_blocks=1404014909_432427881_2_2_0__360000&from=searchresults,3600,8.2,25.0,Skardu,2.7,Standard Double Room,1 double bed,0,1,1,https://cf.bstatic.com/xdata/images/hotel/square240/853353029.webp?k=4950203b5b967483478368111b09c3eb169bafb08bd040f611ca0ef076dfa9d6&o=,11,Skardu
Hotel Hargisa Inn Skardu Family Hotel Near Airport & Main Bazaar,https://www.booking.com/hotel/pk/hargisa-inn-skardu-family-near-katpana-cold-desert-and-skardu-fort.en-gb.html?aid=304142&label=gen173nr-10CAQoggJCDWNpdHlfLTI3NzQ5MTZICVgEaLUBiAEBmAEzuAEHyAEM2AED6AEB-AEBiAIBqAIBuAK4mcLTBsACAdICJGZiMDA1OWE3LWM4MDItNDViMy04NDUxLTZiNzEyZGFhOTdjMtgCAeACAQ&ucfs=1&arphpl=1&checkin=2026-08-06&checkout=2026-08-07&dest_id=-2774916&dest_type=city&group_adults=2&req_adults=2&no_rooms=1&group_children=0&req_children=0&hpos=14&hapos=39&sr_order=popularity&srpvid=6f6c595cd676049e&srepoch=1785760963&all_sr_blocks=1680963801_439858799_2_0_0&highlighted_blocks=1680963801_439858799_2_0_0&matching_block_id=1680963801_439858799_2_0_0&sr_pri_blocks=1680963801_439858799_2_0_0__1377000&from=searchresults,13770,10,1.0,Skardu,1.8,Double Room,1 double bed,0,1,1,https://cf.bstatic.com/xdata/images/hotel/square240/892968425.webp?k=c8cb376a49f3d9e37cc44285faeda85960ebf54ed34dfb83426f5dd3a3daecbe&o=,8,Skardu
Highlander inn Skardu,https://www.booking.com/hotel/pk/highlander-inn-skardu.en-gb.html?aid=304142&label=gen173nr-10CAQoggJCDWNpdHlfLTI3NzQ5MTZICVgEaLUBiAEBmAEzuAEHyAEM2AED6AEB-AEBiAIBqAIBuAK4mcLTBsACAdICJGZiMDA1OWE3LWM4MDItNDViMy04NDUxLTZiNzEyZGFhOTdjMtgCAeACAQ&ucfs=1&arphpl=1&checkin=2026-08-06&checkout=2026-08-07&dest_id=-2774916&dest_type=city&group_adults=2&req_adults=2&no_rooms=1&group_children=0&req_children=0&hpos=15&hapos=40&sr_order=popularity&srpvid=6f6c595cd676049e&srepoch=1785760963&all_sr_blocks=852821805_352690023_2_0_0&highlighted_blocks=852821805_352690023_2_0_0&matching_block_id=852821805_352690023_2_0_0&sr_pri_blocks=852821805_352690023_2_0_0__342000&from=searchresults,3420,8.9,28.0,Skardu,2.3,Double Room with Extra Bed,Double Room with Extra Bed,0,1,1,https://cf.bstatic.com/xdata/images/hotel/square240/724179293.webp?k=ccd176171203cceda169a17c628036cd12cb79baf99413950f57587615da012d&o=,11,Skardu
Skardu Lodge,https://www.booking.com/hotel/pk/skardu-lodge-skardu12.en-gb.html?aid=304142&label=gen173nr-10CAQoggJCDWNpdHlfLTI3NzQ5MTZICVgEaLUBiAEBmAEzuAEHyAEM2AED6AEB-AEBiAIBqAIBuAK4mcLTBsACAdICJGZiMDA1OWE3LWM4MDItNDViMy04NDUxLTZiNzEyZGFhOTdjMtgCAeACAQ&ucfs=1&arphpl=1&checkin=2026-08-06&checkout=2026-08-07&dest_id=-2774916&dest_type=city&group_adults=2&req_adults=2&no_rooms=1&group_children=0&req_children=0&hpos=16&hapos=41&sr_order=popularity&srpvid=6f6c595cd676049e&srepoch=1785760963&all_sr_blocks=739651303_349385418_2_2_0_1075383&highlighted_blocks=739651303_349385418_2_2_0_1075383&matching_block_id=739651303_349385418_2_2_0_1075383&sr_pri_blocks=739651303_349385418_2_2_0_1075383_300000&from=searchresults,3000,9.2,73.0,Skardu,2.6,Triple Room with Private Bathroom,3 double beds,0,0,0,https://cf.bstatic.com/xdata/images/hotel/square240/886859127.webp?k=35bff023ef42d64d92d1aac3fff1dcc11464910020f75ef15fc103ed7ebc7b04&o=,3,Skardu
Desert One Hotel Skardu,https://www.booking.com/hotel/pk/desert-one-skardu.en-gb.html?aid=304142&label=gen173nr-10CAQoggJCDWNpdHlfLTI3NzQ5MTZICVgEaLUBiAEBmAEzuAEHyAEM2AED6AEB-AEBiAIBqAIBuAK4mcLTBsACAdICJGZiMDA1OWE3LWM4MDItNDViMy04NDUxLTZiNzEyZGFhOTdjMtgCAeACAQ&ucfs=1&arphpl=1&checkin=2026-08-06&checkout=2026-08-07&dest_id=-2774916&dest_type=city&group_adults=2&req_adults=2&no_rooms=1&group_children=0&req_children=0&hpos=17&hapos=42&sr_order=popularity&srpvid=6f6c595cd676049e&srepoch=1785760963&all_sr_blocks=1018061501_391713653_2_42_0_395598&highlighted_blocks=1018061501_391713653_2_42_0_395598&matching_block_id=1018061501_391713653_2_42_0_395598&sr_pri_blocks=1018061501_391713653_2_42_0_395598_641250&from=searchresults,6413,9.7,3.0,Skardu,1.1,Standard Triple Room,"2 beds (1 single, 1 extra-large double)",0,0,0,https://cf.bstatic.com/xdata/images/hotel/square240/467024576.webp?k=3a4c40cf7f01426fe9022af52a47360c50d53444684811511b4cf68238179555&o=,6,Skardu
BroadPeak Resort SKARDU,https://www.booking.com/hotel/pk/broadpeak-resort-skardu-skardu.en-gb.html?aid=304142&label=gen173nr-10CAQoggJCDWNpdHlfLTI3NzQ5MTZICVgEaLUBiAEBmAEzuAEHyAEM2AED6AEB-AEBiAIBqAIBuAK4mcLTBsACAdICJGZiMDA1OWE3LWM4MDItNDViMy04NDUxLTZiNzEyZGFhOTdjMtgCAeACAQ&ucfs=1&arphpl=1&checkin=2026-08-06&checkout=2026-08-07&dest_id=-2774916&dest_type=city&group_adults=2&req_adults=2&no_rooms=1&group_children=0&req_children=0&hpos=18&hapos=43&sr_order=popularity&srpvid=6f6c595cd676049e&srepoch=1785760963&all_sr_blocks=1371983101_409393899_2_34_0&highlighted_blocks=1371983101_409393899_2_34_0&matching_block_id=1371983101_409393899_2_34_0&sr_pri_blocks=1371983101_409393899_2_34_0__595000&from=searchresults,5950,10,1.0,Skardu,2.8,Deluxe Family Suite,"3 beds (1 single, 2 large doubles)",0,1,1,https://cf.bstatic.com/xdata/images/hotel/square240/726831742.webp?k=eaae5f549a814a9c38877365c429ffbfb716d6f07df772bb8a54b47d0901f336&o=,4,Skardu
The Yak Motel,https://www.booking.com/hotel/pk/the-yak-residency.en-gb.html?aid=304142&label=gen173nr-10CAQoggJCDWNpdHlfLTI3NzQ5MTZICVgEaLUBiAEBmAEzuAEHyAEM2AED6AEB-AEBiAIBqAIBuAK4mcLTBsACAdICJGZiMDA1OWE3LWM4MDItNDViMy04NDUxLTZiNzEyZGFhOTdjMtgCAeACAQ&ucfs=1&arphpl=1&checkin=2026-08-06&checkout=2026-08-07&dest_id=-2774916&dest_type=city&group_adults=2&req_adults=2&no_rooms=1&group_children=0&req_children=0&hpos=19&hapos=44&sr_order=popularity&srpvid=6f6c595cd676049e&srepoch=1785760963&all_sr_blocks=981161001_434048601_2_0_0&highlighted_blocks=981161001_434048601_2_0_0&matching_block_id=981161001_434048601_2_0_0&sr_pri_blocks=981161001_434048601_2_0_0__350000&from=searchresults,3500,8.0,3.0,Skardu,2.8,Economy Twin Room,2 single beds,0,1,1,https://cf.bstatic.com/xdata/images/hotel/square240/864956668.webp?k=7f9c104b3763d164ba56aa061c99bef2e0b96acd8fe3a8510e763a396239ab8c&o=,8,Skardu
Hotel Reego,https://www.booking.com/hotel/pk/reego.en-gb.html?aid=304142&label=gen173nr-10CAQoggJCDWNpdHlfLTI3NzQ5MTZICVgEaLUBiAEBmAEzuAEHyAEM2AED6AEB-AEBiAIBqAIBuAK4mcLTBsACAdICJGZiMDA1OWE3LWM4MDItNDViMy04NDUxLTZiNzEyZGFhOTdjMtgCAeACAQ&ucfs=1&arphpl=1&checkin=2026-08-06&checkout=2026-08-07&dest_id=-2774916&dest_type=city&group_adults=2&req_adults=2&no_rooms=1&group_children=0&req_children=0&hpos=20&hapos=45&sr_order=popularity&srpvid=6f6c595cd676049e&srepoch=1785760963&all_sr_blocks=393153904_355373118_2_1_0&highlighted_blocks=393153904_355373118_2_1_0&matching_block_id=393153904_355373118_2_1_0&sr_pri_blocks=393153904_355373118_2_1_0__2700000&from=searchresults,27000,9.3,23.0,Skardu,2.5,Family Suite,"3 beds (2 singles, 1 extra-large double)",1,0,0,https://cf.bstatic.com/xdata/images/hotel/square240/464369581.webp?k=4ef382e833414f3f70de668fffd1536ddd6e4f3e36e7a183cb631dbaed51339d&o=,3,Skardu
"MONTAGNA PODS,Best resort in skardu , Best Guest house In skardu",https://www.booking.com/hotel/pk/montagna-pods.en-gb.html?aid=304142&label=gen173nr-10CAQoggJCDWNpdHlfLTI3NzQ5MTZICVgEaLUBiAEBmAEzuAEHyAEM2AED6AEB-AEBiAIBqAIBuAK4mcLTBsACAdICJGZiMDA1OWE3LWM4MDItNDViMy04NDUxLTZiNzEyZGFhOTdjMtgCAeACAQ&ucfs=1&arphpl=1&checkin=2026-08-06&checkout=2026-08-07&dest_id=-2774916&dest_type=city&group_adults=2&req_adults=2&no_rooms=1&group_children=0&req_children=0&hpos=21&hapos=46&sr_order=popularity&srpvid=6f6c595cd676049e&srepoch=1785760963&all_sr_blocks=1035026601_409327952_0_1_0_362808&highlighted_blocks=1035026601_409327952_0_1_0_362808&matching_block_id=1035026601_409327952_0_1_0_362808&sr_pri_blocks=1035026601_409327952_0_1_0_362808_1066500&from=searchresults,10665,8.5,32.0,Skardu,4.0,Double Room with Lake View,1 large double bed,1,0,0,https://cf.bstatic.com/xdata/images/hotel/square240/859478935.webp?k=95d4664762fac54a581da1b0574debc968ee61c04c2b73714337ab765a75a8cd&o=,3,Skardu
HOTEL HIGHLANDER INN SKARDu,https://www.booking.com/hotel/pk/highlander-inn-skardu-skardu.en-gb.html?aid=304142&label=gen173nr-10CAQoggJCDWNpdHlfLTI3NzQ5MTZICVgEaLUBiAEBmAEzuAEHyAEM2AED6AEB-AEBiAIBqAIBuAK4mcLTBsACAdICJGZiMDA1OWE3LWM4MDItNDViMy04NDUxLTZiNzEyZGFhOTdjMtgCAeACAQ&ucfs=1&arphpl=1&checkin=2026-08-06&checkout=2026-08-07&dest_id=-2774916&dest_type=city&group_adults=2&req_adults=2&no_rooms=1&group_children=0&req_children=0&hpos=22&hapos=47&sr_order=popularity&srpvid=6f6c595cd676049e&srepoch=1785760963&all_sr_blocks=1242611101_396177930_2_1_0&highlighted_blocks=1242611101_396177930_2_1_0&matching_block_id=1242611101_396177930_2_1_0&sr_pri_blocks=1242611101_396177930_2_1_0__370000&from=searchresults,3700,8.3,15.0,Skardu,2.3,Double Room with Private Bathroom,"2 beds (1 double, 1 large double)",1,1,1,https://cf.bstatic.com/xdata/images/hotel/square240/578070931.webp?k=cac6dc716c988eb8b2acc478dcc0b6f9441f5b4a2895ae6858f96fde1d2e8e7d&o=,9,Skardu
"Hotel Bloom Hills, Skardu",https://www.booking.com/hotel/pk/bloom-hills-skardu-skardu.en-gb.html?aid=304142&label=gen173nr-10CAQoggJCDWNpdHlfLTI3NzQ5MTZICVgEaLUBiAEBmAEzuAEHyAEM2AED6AEB-AEBiAIBqAIBuAK4mcLTBsACAdICJGZiMDA1OWE3LWM4MDItNDViMy04NDUxLTZiNzEyZGFhOTdjMtgCAeACAQ&ucfs=1&arphpl=1&checkin=2026-08-06&checkout=2026-08-07&dest_id=-2774916&dest_type=city&group_adults=2&req_adults=2&no_rooms=1&group_children=0&req_children=0&hpos=23&hapos=48&sr_order=popularity&srpvid=6f6c595cd676049e&srepoch=1785760963&all_sr_blocks=1645939808_437925110_4_41_0&highlighted_blocks=1645939808_437925110_4_41_0&matching_block_id=1645939808_437925110_4_41_0&sr_pri_blocks=1645939808_437925110_4_41_0__900000&from=searchresults,9000,8.0,1.0,Skardu,0.9,Standard Quadruple Room,4 single beds,1,0,1,https://cf.bstatic.com/xdata/images/hotel/square240/874019798.webp?k=be44e99c62ff86efd099e0f1fe69438d4564f211ed05400c25772c346a1d9c37&o=,13,Skardu
LOKAL Rooms x Skardu Katpana Retreat Near Cold Desert Mountain Views Free Breakfast And Parking,https://www.booking.com/hotel/pk/lokal-rooms-x-skardu-katpana-retreat-near-cold-desert-mountain-views-free-breakf.en-gb.html?aid=304142&label=gen173nr-10CAQoggJCDWNpdHlfLTI3NzQ5MTZICVgEaLUBiAEBmAEzuAEHyAEM2AED6AEB-AEBiAIBqAIBuAK4mcLTBsACAdICJGZiMDA1OWE3LWM4MDItNDViMy04NDUxLTZiNzEyZGFhOTdjMtgCAeACAQ&ucfs=1&arphpl=1&checkin=2026-08-06&checkout=2026-08-07&dest_id=-2774916&dest_type=city&group_adults=2&req_adults=2&no_rooms=1&group_children=0&req_children=0&hpos=24&hapos=49&sr_order=popularity&srpvid=6f6c595cd676049e&srepoch=1785760963&all_sr_blocks=1699635301_441608237_2_1_0&highlighted_blocks=1699635301_441608237_2_1_0&matching_block_id=1699635301_441608237_2_1_0&sr_pri_blocks=1699635301_441608237_2_1_0__2975000&from=searchresults,29750,,,Skardu,2.3,Double Room,1 double bed,1,1,1,https://cf.bstatic.com/xdata/images/hotel/square240/902208607.webp?k=e7f66ad46c36bb5e29097554be51aff692f6bca231ce5b357d2ca063bb409d71&o=,10,Skardu
Eat and Read Hotel,https://www.booking.com/hotel/pk/eat-and-read.en-gb.html?aid=304142&label=gen173nr-10CAQoggJCDWNpdHlfLTI3NzQ5MTZICVgEaLUBiAEBmAEzuAEHyAEM2AED6AEB-AEBiAIBqAIBuAK4mcLTBsACAdICJGZiMDA1OWE3LWM4MDItNDViMy04NDUxLTZiNzEyZGFhOTdjMtgCAeACAQ&ucfs=1&arphpl=1&checkin=2026-08-06&checkout=2026-08-07&dest_id=-2774916&dest_type=city&group_adults=2&req_adults=2&no_rooms=1&group_children=0&req_children=0&hpos=25&hapos=50&sr_order=popularity&srpvid=6f6c595cd676049e&srepoch=1785760963&all_sr_blocks=741830008_438916759_0_1_0&highlighted_blocks=741830008_438916759_0_1_0&matching_block_id=741830008_438916759_0_1_0&sr_pri_blocks=741830008_438916759_0_1_0__1400000&from=searchresults,14000,7.6,14.0,Skardu,12.6,Two-Bedroom Chalet,2 extra-large double beds,1,1,1,https://cf.bstatic.com/xdata/images/hotel/square240/452686724.webp?k=255f406f6339c419aa4bb69783547559ac03032eb9aadce3874ce54a5630b6bf&o=,9,Skardu
Summit Hotel Skardu,https://www.booking.com/hotel/pk/summit-and-restaurant-skardu.en-gb.html?aid=304142&label=gen173nr-10CAQoggJCDWNpdHlfLTI3NzQ5MTZICVgEaLUBiAEBmAEzuAEHyAEM2AED6AEB-AEBiAIBqAIBuAK4mcLTBsACAdICJGZiMDA1OWE3LWM4MDItNDViMy04NDUxLTZiNzEyZGFhOTdjMtgCAeACAQ&ucfs=1&arphpl=1&checkin=2026-08-06&checkout=2026-08-07&dest_id=-2774916&dest_type=city&group_adults=2&req_adults=2&no_rooms=1&group_children=0&req_children=0&hpos=1&hapos=51&sr_order=popularity&srpvid=6f6c595cd676049e&srepoch=1785760965&all_sr_blocks=1385723706_410595330_3_41_0&highlighted_blocks=1385723706_410595330_3_41_0&matching_block_id=1385723706_410595330_3_41_0&sr_pri_blocks=1385723706_410595330_3_41_0__1500000&from=searchresults,15000,7.7,7.0,Skardu,0.8,Triple Room,"2 beds (1 single, 1 double)",1,1,1,https://cf.bstatic.com/xdata/images/hotel/square240/665403713.webp?k=275645103a98389b2f31c3d23a236eef36f96aded2e9a010d5bc01df4c6cdee4&o=,12,Skardu
cloudrestskardu,https://www.booking.com/hotel/pk/cloudrestskardu.en-gb.html?aid=304142&label=gen173nr-10CAQoggJCDWNpdHlfLTI3NzQ5MTZICVgEaLUBiAEBmAEzuAEHyAEM2AED6AEB-AEBiAIBqAIBuAK4mcLTBsACAdICJGZiMDA1OWE3LWM4MDItNDViMy04NDUxLTZiNzEyZGFhOTdjMtgCAeACAQ&ucfs=1&arphpl=1&checkin=2026-08-06&checkout=2026-08-07&dest_id=-2774916&dest_type=city&group_adults=2&req_adults=2&no_rooms=1&group_children=0&req_children=0&hpos=2&hapos=52&sr_order=popularity&srpvid=6f6c595cd676049e&srepoch=1785760965&all_sr_blocks=1641946104_434380236_2_1_0&highlighted_blocks=1641946104_434380236_2_1_0&matching_block_id=1641946104_434380236_2_1_0&sr_pri_blocks=1641946104_434380236_2_1_0__850000&from=searchresults,8500,9.7,3.0,Skardu,2.5,Deluxe Double Room,1 single bed,1,0,1,https://cf.bstatic.com/xdata/images/hotel/square240/880028768.webp?k=b204abcce9cc9a8b8bd0fc1b5635417e83fe04c65567f74e006da148e1ac181e&o=,3,Skardu
Hotel Dewanekhas Skardu,https://www.booking.com/hotel/pk/dewanekhass.en-gb.html?aid=304142&label=gen173nr-10CAQoggJCDWNpdHlfLTI3NzQ5MTZICVgEaLUBiAEBmAEzuAEHyAEM2AED6AEB-AEBiAIBqAIBuAK4mcLTBsACAdICJGZiMDA1OWE3LWM4MDItNDViMy04NDUxLTZiNzEyZGFhOTdjMtgCAeACAQ&ucfs=1&arphpl=1&checkin=2026-08-06&checkout=2026-08-07&dest_id=-2774916&dest_type=city&group_adults=2&req_adults=2&no_rooms=1&group_children=0&req_children=0&hpos=3&hapos=53&sr_order=popularity&srpvid=6f6c595cd676049e&srepoch=1785760965&all_sr_blocks=586520701_0_2_1_0&highlighted_blocks=586520701_0_2_1_0&matching_block_id=586520701_0_2_1_0&sr_pri_blocks=586520701_0_2_1_0__295942&from=searchresults,2959,8.9,33.0,Skardu,1.8,Deluxe Double or Twin Room,2 single beds,1,1,0,https://cf.bstatic.com/xdata/images/hotel/square240/692811245.webp?k=d7ff923ca7196740d4528143b09424070f8da909fda1ae0d783ef131df863d88&o=,12,Skardu
Areena Hotel,https://www.booking.com/hotel/pk/areena.en-gb.html?aid=304142&label=gen173nr-10CAQoggJCDWNpdHlfLTI3NzQ5MTZICVgEaLUBiAEBmAEzuAEHyAEM2AED6AEB-AEBiAIBqAIBuAK4mcLTBsACAdICJGZiMDA1OWE3LWM4MDItNDViMy04NDUxLTZiNzEyZGFhOTdjMtgCAeACAQ&ucfs=1&arphpl=1&checkin=2026-08-06&checkout=2026-08-07&dest_id=-2774916&dest_type=city&group_adults=2&req_adults=2&no_rooms=1&group_children=0&req_children=0&hpos=4&hapos=54&sr_order=popularity&srpvid=6f6c595cd676049e&srepoch=1785760965&all_sr_blocks=1353421912_414721811_2_0_0&highlighted_blocks=1353421912_414721811_2_0_0&matching_block_id=1353421912_414721811_2_0_0&sr_pri_blocks=1353421912_414721811_2_0_0__700000&from=searchresults,7000,9.3,18.0,Skardu,3.9,Standard Twin Room,2 single beds,0,1,1,https://cf.bstatic.com/xdata/images/hotel/square240/643536048.webp?k=e39557b46ec2b5695f8a27b5b97c4a3847a30fa2ba09108cd5c438d81e62e0f8&o=,11,Skardu
Oasis Resort,https://www.booking.com/hotel/pk/oasis-resort-skardu.en-gb.html?aid=304142&label=gen173nr-10CAQoggJCDWNpdHlfLTI3NzQ5MTZICVgEaLUBiAEBmAEzuAEHyAEM2AED6AEB-AEBiAIBqAIBuAK4mcLTBsACAdICJGZiMDA1OWE3LWM4MDItNDViMy04NDUxLTZiNzEyZGFhOTdjMtgCAeACAQ&ucfs=1&arphpl=1&checkin=2026-08-06&checkout=2026-08-07&dest_id=-2774916&dest_type=city&group_adults=2&req_adults=2&no_rooms=1&group_children=0&req_children=0&hpos=5&hapos=55&sr_order=popularity&srpvid=6f6c595cd676049e&srepoch=1785760965&all_sr_blocks=1033415701_375956792_0_1_0_1131688&highlighted_blocks=1033415701_375956792_0_1_0_1131688&matching_block_id=1033415701_375956792_0_1_0_1131688&sr_pri_blocks=1033415701_375956792_0_1_0_1131688_1700000&from=searchresults,17000,8.1,35.0,Skardu,2.3,King Room with Balcony,1 extra-large double bed,1,0,0,https://cf.bstatic.com/xdata/images/hotel/square240/536858666.webp?k=70be4b7978b0102dc2fbb5a5f75aa64993cdd7586d8b09390cd1a07579458e2a&o=,3,Skardu
Lamhay Private lodges,https://www.booking.com/hotel/pk/lamhay-private-lodges.en-gb.html?aid=304142&label=gen173nr-10CAQoggJCDWNpdHlfLTI3NzQ5MTZICVgEaLUBiAEBmAEzuAEHyAEM2AED6AEB-AEBiAIBqAIBuAK4mcLTBsACAdICJGZiMDA1OWE3LWM4MDItNDViMy04NDUxLTZiNzEyZGFhOTdjMtgCAeACAQ&ucfs=1&arphpl=1&checkin=2026-08-06&checkout=2026-08-07&dest_id=-2774916&dest_type=city&group_adults=2&req_adults=2&no_rooms=1&group_children=0&req_children=0&hpos=6&hapos=56&sr_order=popularity&srpvid=6f6c595cd676049e&srepoch=1785760965&all_sr_blocks=1677693502_439499872_2_1_0&highlighted_blocks=1677693502_439499872_2_1_0&matching_block_id=1677693502_439499872_2_1_0&sr_pri_blocks=1677693502_439499872_2_1_0__2180250&from=searchresults,21803,9.0,1.0,Skardu,20.9,Studio with Mountain View,1 double bed,1,1,1,https://cf.bstatic.com/xdata/images/hotel/square240/899096302.webp?k=0ec7b0d7af5086c88dcfd406d6dc33e6069965d497e5ecd020562e35ef583ba7&o=,15,Skardu
Blangsa Indus View Hotel,https://www.booking.com/hotel/pk/blangsa-indus-view-skardu.en-gb.html?aid=304142&label=gen173nr-10CAQoggJCDWNpdHlfLTI3NzQ5MTZICVgEaLUBiAEBmAEzuAEHyAEM2AED6AEB-AEBiAIBqAIBuAK4mcLTBsACAdICJGZiMDA1OWE3LWM4MDItNDViMy04NDUxLTZiNzEyZGFhOTdjMtgCAeACAQ&ucfs=1&arphpl=1&checkin=2026-08-06&checkout=2026-08-07&dest_id=-2774916&dest_type=city&group_adults=2&req_adults=2&no_rooms=1&group_children=0&req_children=0&hpos=7&hapos=57&sr_order=popularity&srpvid=6f6c595cd676049e&srepoch=1785760965&all_sr_blocks=1258373602_398405689_0_41_0&highlighted_blocks=1258373602_398405689_0_41_0&matching_block_id=1258373602_398405689_0_41_0&sr_pri_blocks=1258373602_398405689_0_41_0__1800000&from=searchresults,18000,7.3,4.0,Skardu,12.6,Double Room with Lake View,"2 beds (1 single, 1 large double)",1,1,1,https://cf.bstatic.com/xdata/images/hotel/square240/586146025.webp?k=16f47466adc2f15266ff32ec1f5f5ed73943640abb94556ad2d8a24c903b723c&o=,4,Skardu
Mindok guest house skardu,https://www.booking.com/hotel/pk/mindok-guest-house-skardu-skardu.en-gb.html?aid=304142&label=gen173nr-10CAQoggJCDWNpdHlfLTI3NzQ5MTZICVgEaLUBiAEBmAEzuAEHyAEM2AED6AEB-AEBiAIBqAIBuAK4mcLTBsACAdICJGZiMDA1OWE3LWM4MDItNDViMy04NDUxLTZiNzEyZGFhOTdjMtgCAeACAQ&ucfs=1&arphpl=1&checkin=2026-08-06&checkout=2026-08-07&dest_id=-2774916&dest_type=city&group_adults=2&req_adults=2&no_rooms=1&group_children=0&req_children=0&hpos=8&hapos=58&sr_order=popularity&srpvid=6f6c595cd676049e&srepoch=1785760965&all_sr_blocks=1691027701_440819849_2_2_0&highlighted_blocks=1691027701_440819849_2_2_0&matching_block_id=1691027701_440819849_2_2_0&sr_pri_blocks=1691027701_440819849_2_2_0__637500&from=searchresults,6375,9.0,1.0,Skardu,2.6,Double Room with Private Bathroom,1 double bed,0,0,1,https://cf.bstatic.com/xdata/images/hotel/square240/896695964.webp?k=ed0ef0f4cf2a7393766f33c9a74a39f0d246b3eb05d4e3ad69a837f66d2bc652&o=,3,Skardu
Saspolo chain of G house,https://www.booking.com/hotel/pk/saspolored-apple.en-gb.html?aid=304142&label=gen173nr-10CAQoggJCDWNpdHlfLTI3NzQ5MTZICVgEaLUBiAEBmAEzuAEHyAEM2AED6AEB-AEBiAIBqAIBuAK4mcLTBsACAdICJGZiMDA1OWE3LWM4MDItNDViMy04NDUxLTZiNzEyZGFhOTdjMtgCAeACAQ&ucfs=1&arphpl=1&checkin=2026-08-06&checkout=2026-08-07&dest_id=-2774916&dest_type=city&group_adults=2&req_adults=2&no_rooms=1&group_children=0&req_children=0&hpos=9&hapos=59&sr_order=popularity&srpvid=6f6c595cd676049e&srepoch=1785760965&all_sr_blocks=820829101_415312055_2_42_0_1106118&highlighted_blocks=820829101_415312055_2_42_0_1106118&matching_block_id=820829101_415312055_2_42_0_1106118&sr_pri_blocks=820829101_415312055_2_42_0_1106118_270000&from=searchresults,2700,5.9,17.0,Skardu,1.1,Budget Double Room,1 large double bed,0,1,0,https://cf.bstatic.com/xdata/images/hotel/square240/461425775.webp?k=564decad3193bdd4c3378b6522bdf499fdda10a4f81a6e8173dcbb01f7e812ef&o=,11,Skardu
GOLDEN IBEX SKARDUu,https://www.booking.com/hotel/pk/golden-ibex-guest-house-skardu.en-gb.html?aid=304142&label=gen173nr-10CAQoggJCDWNpdHlfLTI3NzQ5MTZICVgEaLUBiAEBmAEzuAEHyAEM2AED6AEB-AEBiAIBqAIBuAK4mcLTBsACAdICJGZiMDA1OWE3LWM4MDItNDViMy04NDUxLTZiNzEyZGFhOTdjMtgCAeACAQ&ucfs=1&arphpl=1&checkin=2026-08-06&checkout=2026-08-07&dest_id=-2774916&dest_type=city&group_adults=2&req_adults=2&no_rooms=1&group_children=0&req_children=0&hpos=10&hapos=60&sr_order=popularity&srpvid=6f6c595cd676049e&srepoch=1785760965&all_sr_blocks=880148403_399530874_0_42_0&highlighted_blocks=880148403_399530874_0_42_0&matching_block_id=880148403_399530874_0_42_0&sr_pri_blocks=880148403_399530874_0_42_0__470250&from=searchresults,4703,8.7,33.0,Skardu,2.4,Deluxe Double Room (2 Adults + 1 Child),1 double bed,0,1,1,https://cf.bstatic.com/xdata/images/hotel/square240/891373653.webp?k=61c2a09761a63e8a68644be470e0479f4c40c3dad79574a4ed64136bff4edd77&o=,13,Skardu
Qasr-e-Ashraf,https://www.booking.com/hotel/pk/qasr-e-ashraf.en-gb.html?aid=304142&label=gen173nr-10CAQoggJCDWNpdHlfLTI3NzQ5MTZICVgEaLUBiAEBmAEzuAEHyAEM2AED6AEB-AEBiAIBqAIBuAK4mcLTBsACAdICJGZiMDA1OWE3LWM4MDItNDViMy04NDUxLTZiNzEyZGFhOTdjMtgCAeACAQ&ucfs=1&arphpl=1&checkin=2026-08-06&checkout=2026-08-07&dest_id=-2774916&dest_type=city&group_adults=2&req_adults=2&no_rooms=1&group_children=0&req_children=0&hpos=11&hapos=61&sr_order=popularity&srpvid=6f6c595cd676049e&srepoch=1785760965&all_sr_blocks=1401673508_412233768_2_0_0&highlighted_blocks=1401673508_412233768_2_0_0&matching_block_id=1401673508_412233768_2_0_0&sr_pri_blocks=1401673508_412233768_2_0_0__380000&from=searchresults,3800,9.7,4.0,Skardu,3.1,Twin Room with Mountain View,2 single beds,0,1,1,https://cf.bstatic.com/xdata/images/hotel/square240/716365752.webp?k=75414d77481c23b5f2a31d6d43ffb21e1425729da2a6de655560edb19c4dff22&o=,4,Skardu
Dream Land Guest House Skardu,https://www.booking.com/hotel/pk/dream-land-guest-house-skardu-skardu.en-gb.html?aid=304142&label=gen173nr-10CAQoggJCDWNpdHlfLTI3NzQ5MTZICVgEaLUBiAEBmAEzuAEHyAEM2AED6AEB-AEBiAIBqAIBuAK4mcLTBsACAdICJGZiMDA1OWE3LWM4MDItNDViMy04NDUxLTZiNzEyZGFhOTdjMtgCAeACAQ&ucfs=1&arphpl=1&checkin=2026-08-06&checkout=2026-08-07&dest_id=-2774916&dest_type=city&group_adults=2&req_adults=2&no_rooms=1&group_children=0&req_children=0&hpos=12&hapos=62&sr_order=popularity&srpvid=6f6c595cd676049e&srepoch=1785760965&all_sr_blocks=1410087802_412770609_2_1_0&highlighted_blocks=1410087802_412770609_2_1_0&matching_block_id=1410087802_412770609_2_1_0&sr_pri_blocks=1410087802_412770609_2_1_0__550000&from=searchresults,5500,,,Skardu,3.1,Twin Room,2 single beds,1,1,1,https://cf.bstatic.com/xdata/images/hotel/square240/680169281.webp?k=575cd7234ce22ec53d78f92f6080f5444b843a38a41e03d796a79c4baafc9351&o=,4,Skardu
Yak Sarai Hotel & Restaurant,https://www.booking.com/hotel/pk/yak-sarai-amp-restaurant-skardu.en-gb.html?aid=304142&label=gen173nr-10CAQoggJCDWNpdHlfLTI3NzQ5MTZICVgEaLUBiAEBmAEzuAEHyAEM2AED6AEB-AEBiAIBqAIBuAK4mcLTBsACAdICJGZiMDA1OWE3LWM4MDItNDViMy04NDUxLTZiNzEyZGFhOTdjMtgCAeACAQ&ucfs=1&arphpl=1&checkin=2026-08-06&checkout=2026-08-07&dest_id=-2774916&dest_type=city&group_adults=2&req_adults=2&no_rooms=1&group_children=0&req_children=0&hpos=13&hapos=63&sr_order=popularity&srpvid=6f6c595cd676049e&srepoch=1785760965&all_sr_blocks=1229100003_441710179_2_2_0&highlighted_blocks=1229100003_441710179_2_2_0&matching_block_id=1229100003_441710179_2_2_0&sr_pri_blocks=1229100003_441710179_2_2_0__255000&from=searchresults,2550,9.0,2.0,Skardu,0.7,Double or Twin Room,"3 beds (2 singles, 1 futon)",0,0,1,https://cf.bstatic.com/xdata/images/hotel/square240/570779319.webp?k=ec3344f8a0e3371c0dbd744857a8a69e1e2084f69db245b91d738d343ca1880c&o=,4,Skardu
Sarfaranga Residency Skardu,https://www.booking.com/hotel/pk/sarfaranga-residency-skardu-skardu.en-gb.html?aid=304142&label=gen173nr-10CAQoggJCDWNpdHlfLTI3NzQ5MTZICVgEaLUBiAEBmAEzuAEHyAEM2AED6AEB-AEBiAIBqAIBuAK4mcLTBsACAdICJGZiMDA1OWE3LWM4MDItNDViMy04NDUxLTZiNzEyZGFhOTdjMtgCAeACAQ&ucfs=1&arphpl=1&checkin=2026-08-06&checkout=2026-08-07&dest_id=-2774916&dest_type=city&group_adults=2&req_adults=2&no_rooms=1&group_children=0&req_children=0&hpos=14&hapos=64&sr_order=popularity&srpvid=6f6c595cd676049e&srepoch=1785760965&all_sr_blocks=1648161902_441383288_0_42_0&highlighted_blocks=1648161902_441383288_0_42_0&matching_block_id=1648161902_441383288_0_42_0&sr_pri_blocks=1648161902_441383288_0_42_0__720000&from=searchresults,7200,10,1.0,Skardu,2.3,Double Room,1 double bed,0,1,1,https://cf.bstatic.com/xdata/images/hotel/square240/874488628.webp?k=87baef1f104a7c8838e1a8edb8f00347c4e79d4c68a05ccaa7845e7f569a68fc&o=,5,Skardu
Prestige by Alnoor,https://www.booking.com/hotel/pk/prestige-by-alnoor.en-gb.html?aid=304142&label=gen173nr-10CAQoggJCDWNpdHlfLTI3NzQ5MTZICVgEaLUBiAEBmAEzuAEHyAEM2AED6AEB-AEBiAIBqAIBuAK4mcLTBsACAdICJGZiMDA1OWE3LWM4MDItNDViMy04NDUxLTZiNzEyZGFhOTdjMtgCAeACAQ&ucfs=1&arphpl=1&checkin=2026-08-06&checkout=2026-08-07&dest_id=-2774916&dest_type=city&group_adults=2&req_adults=2&no_rooms=1&group_children=0&req_children=0&hpos=15&hapos=65&sr_order=popularity&srpvid=6f6c595cd676049e&srepoch=1785760965&all_sr_blocks=1654640102_437395586_4_1_0&highlighted_blocks=1654640102_437395586_4_1_0&matching_block_id=1654640102_437395586_4_1_0&sr_pri_blocks=1654640102_437395586_4_1_0__2660000&from=searchresults,26600,,,Skardu,2.3,Deluxe Junior Suite,"3 beds (2 singles, 1 double)",1,1,1,https://cf.bstatic.com/xdata/images/hotel/square240/881918874.webp?k=eaf86f2c8b2468303c4ac9e819f05afbacb08a98126ccb8b0ecc5061bd455532&o=,10,Skardu
Kentish Lodge Skardu,https://www.booking.com/hotel/pk/kentish-lodge-skardu-skardu1.en-gb.html?aid=304142&label=gen173nr-10CAQoggJCDWNpdHlfLTI3NzQ5MTZICVgEaLUBiAEBmAEzuAEHyAEM2AED6AEB-AEBiAIBqAIBuAK4mcLTBsACAdICJGZiMDA1OWE3LWM4MDItNDViMy04NDUxLTZiNzEyZGFhOTdjMtgCAeACAQ&ucfs=1&arphpl=1&checkin=2026-08-06&checkout=2026-08-07&dest_id=-2774916&dest_type=city&group_adults=2&req_adults=2&no_rooms=1&group_children=0&req_children=0&hpos=16&hapos=66&sr_order=popularity&srpvid=6f6c595cd676049e&srepoch=1785760965&all_sr_blocks=1606895503_431628772_2_1_0&highlighted_blocks=1606895503_431628772_2_1_0&matching_block_id=1606895503_431628772_2_1_0&sr_pri_blocks=1606895503_431628772_2_1_0__450000&from=searchresults,4500,,,Skardu,2.0,Twin Room,2 single beds,1,1,1,https://cf.bstatic.com/xdata/images/hotel/square240/843479814.webp?k=7fd900618552fbb6a447dc7e60116abde40c1179a2c20262332e93cb32f80ab0&o=,4,Skardu
MOON Guest House Skardu,https://www.booking.com/hotel/pk/moon-guest-house-skardu.en-gb.html?aid=304142&label=gen173nr-10CAQoggJCDWNpdHlfLTI3NzQ5MTZICVgEaLUBiAEBmAEzuAEHyAEM2AED6AEB-AEBiAIBqAIBuAK4mcLTBsACAdICJGZiMDA1OWE3LWM4MDItNDViMy04NDUxLTZiNzEyZGFhOTdjMtgCAeACAQ&ucfs=1&arphpl=1&checkin=2026-08-06&checkout=2026-08-07&dest_id=-2774916&dest_type=city&group_adults=2&req_adults=2&no_rooms=1&group_children=0&req_children=0&hpos=17&hapos=67&sr_order=popularity&srpvid=6f6c595cd676049e&srepoch=1785760965&all_sr_blocks=1026477901_402144156_2_0_0&highlighted_blocks=1026477901_402144156_2_0_0&matching_block_id=1026477901_402144156_2_0_0&sr_pri_blocks=1026477901_402144156_2_0_0__270000&from=searchresults,2700,9.0,1.0,Skardu,1.8,Deluxe Room,1 single bed,0,1,1,https://cf.bstatic.com/xdata/images/hotel/square240/469309377.webp?k=1099e1ff4c04895e1ec025a7f1bd8f7e907edb7d3fbc660f3a9353fc2a308ce5&o=,4,Skardu
Deodar Lodge & Restaurant,https://www.booking.com/hotel/pk/deodar-lodge-amp-restaurant-skardu.en-gb.html?aid=304142&label=gen173nr-10CAQoggJCDWNpdHlfLTI3NzQ5MTZICVgEaLUBiAEBmAEzuAEHyAEM2AED6AEB-AEBiAIBqAIBuAK4mcLTBsACAdICJGZiMDA1OWE3LWM4MDItNDViMy04NDUxLTZiNzEyZGFhOTdjMtgCAeACAQ&ucfs=1&arphpl=1&checkin=2026-08-06&checkout=2026-08-07&dest_id=-2774916&dest_type=city&group_adults=2&req_adults=2&no_rooms=1&group_children=0&req_children=0&hpos=18&hapos=68&sr_order=popularity&srpvid=6f6c595cd676049e&srepoch=1785760965&all_sr_blocks=1654715201_437398771_2_41_0&highlighted_blocks=1654715201_437398771_2_41_0&matching_block_id=1654715201_437398771_2_41_0&sr_pri_blocks=1654715201_437398771_2_41_0__1601280&from=searchresults,16013,10,1.0,Skardu,12.0,Double Room,1 double bed,1,0,1,https://cf.bstatic.com/xdata/images/hotel/square240/874487811.webp?k=a42e8430cf5422f10713a8fa184fb34e7b3cc455b93aedde1b79cae0c61d9e53&o=,3,Skardu
Zimsa Resort Skardu,https://www.booking.com/hotel/pk/zimsa-resort-skardu.en-gb.html?aid=304142&label=gen173nr-10CAQoggJCDWNpdHlfLTI3NzQ5MTZICVgEaLUBiAEBmAEzuAEHyAEM2AED6AEB-AEBiAIBqAIBuAK4mcLTBsACAdICJGZiMDA1OWE3LWM4MDItNDViMy04NDUxLTZiNzEyZGFhOTdjMtgCAeACAQ&ucfs=1&arphpl=1&checkin=2026-08-06&checkout=2026-08-07&dest_id=-2774916&dest_type=city&group_adults=2&req_adults=2&no_rooms=1&group_children=0&req_children=0&hpos=19&hapos=69&sr_order=popularity&srpvid=6f6c595cd676049e&srepoch=1785760965&all_sr_blocks=1467802101_429285192_3_1_0&highlighted_blocks=1467802101_429285192_3_1_0&matching_block_id=1467802101_429285192_3_1_0&sr_pri_blocks=1467802101_429285192_3_1_0__1200000&from=searchresults,12000,10,1.0,Skardu,3.0,Standard Twin Room with Mountain View,"3 beds (2 singles, 1 sofa bed)",1,0,1,https://cf.bstatic.com/xdata/images/hotel/square240/825995828.webp?k=1199e18ccc621c40c179f817413e335b1245295d9c6da3aee130068611b0da55&o=,11,Skardu
Skardu eat and stay,https://www.booking.com/hotel/pk/skardu-eat-and-stay.en-gb.html?aid=304142&label=gen173nr-10CAQoggJCDWNpdHlfLTI3NzQ5MTZICVgEaLUBiAEBmAEzuAEHyAEM2AED6AEB-AEBiAIBqAIBuAK4mcLTBsACAdICJGZiMDA1OWE3LWM4MDItNDViMy04NDUxLTZiNzEyZGFhOTdjMtgCAeACAQ&ucfs=1&arphpl=1&checkin=2026-08-06&checkout=2026-08-07&dest_id=-2774916&dest_type=city&group_adults=2&req_adults=2&no_rooms=1&group_children=0&req_children=0&hpos=20&hapos=70&sr_order=popularity&srpvid=6f6c595cd676049e&srepoch=1785760965&all_sr_blocks=1060062707_415377606_2_42_0_1106116&highlighted_blocks=1060062707_415377606_2_42_0_1106116&matching_block_id=1060062707_415377606_2_42_0_1106116&sr_pri_blocks=1060062707_415377606_2_42_0_1106116_270000&from=searchresults,2700,9.0,2.0,Skardu,1.1,Deluxe Double Room,1 double bed,0,1,0,https://cf.bstatic.com/xdata/images/hotel/square240/484186864.webp?k=8a596ad3c3acb598033ed0379d1ec1e99e61dfac98dc318518a01e7fe1640fc7&o=,9,Skardu
Hotel Travellodge Skardu,https://www.booking.com/hotel/pk/skardu-travellodge-skardu.en-gb.html?aid=304142&label=gen173nr-10CAQoggJCDWNpdHlfLTI3NzQ5MTZICVgEaLUBiAEBmAEzuAEHyAEM2AED6AEB-AEBiAIBqAIBuAK4mcLTBsACAdICJGZiMDA1OWE3LWM4MDItNDViMy04NDUxLTZiNzEyZGFhOTdjMtgCAeACAQ&ucfs=1&arphpl=1&checkin=2026-08-06&checkout=2026-08-07&dest_id=-2774916&dest_type=city&group_adults=2&req_adults=2&no_rooms=1&group_children=0&req_children=0&hpos=21&hapos=71&sr_order=popularity&srpvid=6f6c595cd676049e&srepoch=1785760965&all_sr_blocks=823923430_431960215_0_1_0&highlighted_blocks=823923430_431960215_0_1_0&matching_block_id=823923430_431960215_0_1_0&sr_pri_blocks=823923430_431960215_0_1_0__900000&from=searchresults,9000,7.0,5.0,Skardu,1.9,Standard Double Room,Beds: 1 double or 2 singles,1,1,1,https://cf.bstatic.com/xdata/images/hotel/square240/866465412.webp?k=13cfeb7c58b0d7e71536e7f26a1b80ecacbeab0731acb418f9ba6ac7fb29ff2f&o=,5,Skardu
Legend Hotel Skardu,https://www.booking.com/hotel/pk/legend-skardu.en-gb.html?aid=304142&label=gen173nr-10CAQoggJCDWNpdHlfLTI3NzQ5MTZICVgEaLUBiAEBmAEzuAEHyAEM2AED6AEB-AEBiAIBqAIBuAK4mcLTBsACAdICJGZiMDA1OWE3LWM4MDItNDViMy04NDUxLTZiNzEyZGFhOTdjMtgCAeACAQ&ucfs=1&arphpl=1&checkin=2026-08-06&checkout=2026-08-07&dest_id=-2774916&dest_type=city&group_adults=2&req_adults=2&no_rooms=1&group_children=0&req_children=0&hpos=22&hapos=72&sr_order=popularity&srpvid=6f6c595cd676049e&srepoch=1785760965&all_sr_blocks=829077401_347508824_2_1_0&highlighted_blocks=829077401_347508824_2_1_0&matching_block_id=829077401_347508824_2_1_0&sr_pri_blocks=829077401_347508824_2_1_0__1600000&from=searchresults,16000,7.5,8.0,Skardu,2.5,Deluxe King Room,1 double bed,1,1,1,https://cf.bstatic.com/xdata/images/hotel/square240/679200146.webp?k=7ae9dd3d0901ce38ea002d7e3e975bf831dfa52e42a508cade77135f06a6b533&o=,10,Skardu
Jasminskardu,https://www.booking.com/hotel/pk/jasminskardu.en-gb.html?aid=304142&label=gen173nr-10CAQoggJCDWNpdHlfLTI3NzQ5MTZICVgEaLUBiAEBmAEzuAEHyAEM2AED6AEB-AEBiAIBqAIBuAK4mcLTBsACAdICJGZiMDA1OWE3LWM4MDItNDViMy04NDUxLTZiNzEyZGFhOTdjMtgCAeACAQ&ucfs=1&arphpl=1&checkin=2026-08-06&checkout=2026-08-07&dest_id=-2774916&dest_type=city&group_adults=2&req_adults=2&no_rooms=1&group_children=0&req_children=0&hpos=23&hapos=73&sr_order=popularity&srpvid=6f6c595cd676049e&srepoch=1785760965&all_sr_blocks=1496591401_421335755_2_2_0&highlighted_blocks=1496591401_421335755_2_2_0&matching_block_id=1496591401_421335755_2_2_0&sr_pri_blocks=1496591401_421335755_2_2_0__780000&from=searchresults,7800,9.2,5.0,Skardu,2.2,Four-Bedroom House,"6 beds (3 extra-large doubles, 1 sofa bed, 2 futons)",0,1,1,https://cf.bstatic.com/xdata/images/hotel/square240/751904244.webp?k=1c5b616562b0094decaeb89bbea919eb820ee866b044b8582b1ba20514420c23&o=,4,Skardu
Mariner Lodge Skardu,https://www.booking.com/hotel/pk/mariner-lodge-skardu.en-gb.html?aid=304142&label=gen173nr-10CAQoggJCDWNpdHlfLTI3NzQ5MTZICVgEaLUBiAEBmAEzuAEHyAEM2AED6AEB-AEBiAIBqAIBuAK4mcLTBsACAdICJGZiMDA1OWE3LWM4MDItNDViMy04NDUxLTZiNzEyZGFhOTdjMtgCAeACAQ&ucfs=1&arphpl=1&checkin=2026-08-06&checkout=2026-08-07&dest_id=-2774916&dest_type=city&group_adults=2&req_adults=2&no_rooms=1&group_children=0&req_children=0&hpos=24&hapos=74&sr_order=popularity&srpvid=6f6c595cd676049e&srepoch=1785760965&all_sr_blocks=1617482102_440822984_0_1_0&highlighted_blocks=1617482102_440822984_0_1_0&matching_block_id=1617482102_440822984_0_1_0&sr_pri_blocks=1617482102_440822984_0_1_0__999900&from=searchresults,9999,,,Skardu,4.3,Suite with Mountain View,1 large double bed,1,1,1,https://cf.bstatic.com/xdata/images/hotel/square240/888517154.webp?k=40c471da646bd07e7d835e00aa5d5dc0f8340b51db9e4aeb436d49d6e9110c2c&o=,4,Skardu
Marhaba Guest House Skardu,https://www.booking.com/hotel/pk/marhaba-guesthouse-skardu.en-gb.html?aid=304142&label=gen173nr-10CAQoggJCDWNpdHlfLTI3NzQ5MTZICVgEaLUBiAEBmAEzuAEHyAEM2AED6AEB-AEBiAIBqAIBuAK4mcLTBsACAdICJGZiMDA1OWE3LWM4MDItNDViMy04NDUxLTZiNzEyZGFhOTdjMtgCAeACAQ&ucfs=1&arphpl=1&checkin=2026-08-06&checkout=2026-08-07&dest_id=-2774916&dest_type=city&group_adults=2&req_adults=2&no_rooms=1&group_children=0&req_children=0&hpos=25&hapos=75&sr_order=popularity&srpvid=6f6c595cd676049e&srepoch=1785760965&all_sr_blocks=1444406601_438532241_0_0_0&highlighted_blocks=1444406601_438532241_0_0_0&matching_block_id=1444406601_438532241_0_0_0&sr_pri_blocks=1444406601_438532241_0_0_0__660000&from=searchresults,6600,,,Skardu,3.3,Twin Room,2 single beds,0,0,1,https://cf.bstatic.com/xdata/images/hotel/square240/702573900.webp?k=03740e56b11e50e820cff2d4ddb442a66c1e4620cefa49dcfd6c1fd1ea51b633&o=,3,Skardu
One Stop Gb,https://www.booking.com/hotel/pk/one-stop-gb-skardu1.en-gb.html?aid=304142&label=gen173nr-10CAQoggJCDWNpdHlfLTI3NzQ5MTZICVgEaLUBiAEBmAEzuAEHyAEM2AED6AEB-AEBiAIBqAIBuAK4mcLTBsACAdICJGZiMDA1OWE3LWM4MDItNDViMy04NDUxLTZiNzEyZGFhOTdjMtgCAeACAQ&ucfs=1&arphpl=1&checkin=2026-08-06&checkout=2026-08-07&dest_id=-2774916&dest_type=city&group_adults=2&req_adults=2&no_rooms=1&group_children=0&req_children=0&hpos=1&hapos=76&sr_order=popularity&srpvid=6f6c595cd676049e&srepoch=1785760967&all_sr_blocks=1216983304_393859446_2_0_0&highlighted_blocks=1216983304_393859446_2_0_0&matching_block_id=1216983304_393859446_2_0_0&sr_pri_blocks=1216983304_393859446_2_0_0__468000&from=searchresults,4680,9.8,13.0,Skardu,1.9,Luxury Triple Room,"2 beds (1 single, 1 extra-large double)",0,1,1,https://cf.bstatic.com/xdata/images/hotel/square240/575876594.webp?k=7cbdcfe1cc2d8e70222270a3937751d62b946e0dbb7fc72286cc848a48fc43a2&o=,4,Skardu
Harporesort,https://www.booking.com/hotel/pk/harporesort-skardu1.en-gb.html?aid=304142&label=gen173nr-10CAQoggJCDWNpdHlfLTI3NzQ5MTZICVgEaLUBiAEBmAEzuAEHyAEM2AED6AEB-AEBiAIBqAIBuAK4mcLTBsACAdICJGZiMDA1OWE3LWM4MDItNDViMy04NDUxLTZiNzEyZGFhOTdjMtgCAeACAQ&ucfs=1&arphpl=1&checkin=2026-08-06&checkout=2026-08-07&dest_id=-2774916&dest_type=city&group_adults=2&req_adults=2&no_rooms=1&group_children=0&req_children=0&hpos=2&hapos=77&sr_order=popularity&srpvid=6f6c595cd676049e&srepoch=1785760967&all_sr_blocks=1610719501_431983860_2_2_0&highlighted_blocks=1610719501_431983860_2_2_0&matching_block_id=1610719501_431983860_2_2_0&sr_pri_blocks=1610719501_431983860_2_2_0__800000&from=searchresults,8000,5.5,2.0,Skardu,2.4,Double Room,8 double beds,0,0,1,https://cf.bstatic.com/xdata/images/hotel/square240/864919841.webp?k=acd06936a49a7867335c2b6ba6c77e997240c85d323ccf771fe83b5f67fb5651&o=,3,Skardu
Epoch Inn Skardu,https://www.booking.com/hotel/pk/epoch-inn-skardu.en-gb.html?aid=304142&label=gen173nr-10CAQoggJCDWNpdHlfLTI3NzQ5MTZICVgEaLUBiAEBmAEzuAEHyAEM2AED6AEB-AEBiAIBqAIBuAK4mcLTBsACAdICJGZiMDA1OWE3LWM4MDItNDViMy04NDUxLTZiNzEyZGFhOTdjMtgCAeACAQ&ucfs=1&arphpl=1&checkin=2026-08-06&checkout=2026-08-07&dest_id=-2774916&dest_type=city&group_adults=2&req_adults=2&no_rooms=1&group_children=0&req_children=0&hpos=3&hapos=78&sr_order=popularity&srpvid=6f6c595cd676049e&srepoch=1785760967&all_sr_blocks=1050226701_377266910_14_0_0&highlighted_blocks=1050226701_377266910_14_0_0&matching_block_id=1050226701_377266910_14_0_0&sr_pri_blocks=1050226701_377266910_14_0_0__900000&from=searchresults,9000,,,Skardu,6.6,Apartment,"8 beds (2 singles, 3 doubles, 3 sofa beds)",0,0,0,https://cf.bstatic.com/xdata/images/hotel/square240/480162432.webp?k=1da27c104ebc672bd5dc2c6a90689b3cb710cebf29720d7dd7baf71685ac6848&o=,2,Skardu
Arcadian Resort Skardu,https://www.booking.com/hotel/pk/arcadian-resort-skardu-skardu6.en-gb.html?aid=304142&label=gen173nr-10CAQoggJCDWNpdHlfLTI3NzQ5MTZICVgEaLUBiAEBmAEzuAEHyAEM2AED6AEB-AEBiAIBqAIBuAK4mcLTBsACAdICJGZiMDA1OWE3LWM4MDItNDViMy04NDUxLTZiNzEyZGFhOTdjMtgCAeACAQ&ucfs=1&arphpl=1&checkin=2026-08-06&checkout=2026-08-07&dest_id=-2774916&dest_type=city&group_adults=2&req_adults=2&no_rooms=1&group_children=0&req_children=0&hpos=4&hapos=79&sr_order=popularity&srpvid=6f6c595cd676049e&srepoch=1785760967&all_sr_blocks=1681317601_439883389_2_1_0&highlighted_blocks=1681317601_439883389_2_1_0&matching_block_id=1681317601_439883389_2_1_0&sr_pri_blocks=1681317601_439883389_2_1_0__892500&from=searchresults,8925,,,Skardu,2.3,Double Room with Lake View,"9 beds (6 singles, 2 doubles, 1 large double)",1,1,1,https://cf.bstatic.com/xdata/images/hotel/square240/891543421.webp?k=f3ec84012d7198ed59bd78131cb22ad2584b1e1851ec014cce810f60d1da5119&o=,11,Skardu
Buddha Rock Guest House Skardu,https://www.booking.com/hotel/pk/buddha-rock-guest-house-skardu-skardu.en-gb.html?aid=304142&label=gen173nr-10CAQoggJCDWNpdHlfLTI3NzQ5MTZICVgEaLUBiAEBmAEzuAEHyAEM2AED6AEB-AEBiAIBqAIBuAK4mcLTBsACAdICJGZiMDA1OWE3LWM4MDItNDViMy04NDUxLTZiNzEyZGFhOTdjMtgCAeACAQ&ucfs=1&arphpl=1&checkin=2026-08-06&checkout=2026-08-07&dest_id=-2774916&dest_type=city&group_adults=2&req_adults=2&no_rooms=1&group_children=0&req_children=0&hpos=5&hapos=80&sr_order=popularity&srpvid=6f6c595cd676049e&srepoch=1785760967&all_sr_blocks=1442998602_415738825_2_2_0&highlighted_blocks=1442998602_415738825_2_2_0&matching_block_id=1442998602_415738825_2_2_0&sr_pri_blocks=1442998602_415738825_2_2_0__500000&from=searchresults,5000,,,Skardu,3.4,Budget Twin Room,2 single beds,0,1,1,https://cf.bstatic.com/xdata/images/hotel/square240/701523613.webp?k=1d3b2590a14caafc79d9715f6be882b85ee4962abbbfe32fc963804dda965d4b&o=,4,Skardu
Alpen Hotel Skardu,https://www.booking.com/hotel/pk/xhansa-skardu-skardu.en-gb.html?aid=304142&label=gen173nr-10CAQoggJCDWNpdHlfLTI3NzQ5MTZICVgEaLUBiAEBmAEzuAEHyAEM2AED6AEB-AEBiAIBqAIBuAK4mcLTBsACAdICJGZiMDA1OWE3LWM4MDItNDViMy04NDUxLTZiNzEyZGFhOTdjMtgCAeACAQ&ucfs=1&arphpl=1&checkin=2026-08-06&checkout=2026-08-07&dest_id=-2774916&dest_type=city&group_adults=2&req_adults=2&no_rooms=1&group_children=0&req_children=0&hpos=6&hapos=81&sr_order=popularity&srpvid=6f6c595cd676049e&srepoch=1785760967&all_sr_blocks=858008401_423606046_0_2_0&highlighted_blocks=858008401_423606046_0_2_0&matching_block_id=858008401_423606046_0_2_0&sr_pri_blocks=858008401_423606046_0_2_0__405000&from=searchresults,4050,9.4,19.0,Skardu,2.9,Deluxe Room,1 extra-large double bed,0,1,0,https://cf.bstatic.com/xdata/images/hotel/square240/563826167.webp?k=f7bfb9289b02b7c21952fd6f5974fe5532d33343b527394dbc59cf49955acdeb&o=,3,Skardu
Ridakh inn hotel,https://www.booking.com/hotel/pk/ridakh-inn.en-gb.html?aid=304142&label=gen173nr-10CAQoggJCDWNpdHlfLTI3NzQ5MTZICVgEaLUBiAEBmAEzuAEHyAEM2AED6AEB-AEBiAIBqAIBuAK4mcLTBsACAdICJGZiMDA1OWE3LWM4MDItNDViMy04NDUxLTZiNzEyZGFhOTdjMtgCAeACAQ&ucfs=1&arphpl=1&checkin=2026-08-06&checkout=2026-08-07&dest_id=-2774916&dest_type=city&group_adults=2&req_adults=2&no_rooms=1&group_children=0&req_children=0&hpos=7&hapos=82&sr_order=popularity&srpvid=6f6c595cd676049e&srepoch=1785760967&all_sr_blocks=1666121503_438446803_4_42_0&highlighted_blocks=1666121503_438446803_4_42_0&matching_block_id=1666121503_438446803_4_42_0&sr_pri_blocks=1666121503_438446803_4_42_0__552500&from=searchresults,5525,,,Skardu,1.5,Double or Twin Room with Private Bathroom,"4 beds (2 doubles, 2 futons)",0,1,1,https://cf.bstatic.com/xdata/images/hotel/square240/882506364.webp?k=44f8b0b13145300ac22130b778b52d27130d036dbccf23ae317d696ce684d0cd&o=,8,Skardu
Himalayan Cheff Hotel And Restaurant,https://www.booking.com/hotel/pk/himalayan-cheff-and-restaurant.en-gb.html?aid=304142&label=gen173nr-10CAQoggJCDWNpdHlfLTI3NzQ5MTZICVgEaLUBiAEBmAEzuAEHyAEM2AED6AEB-AEBiAIBqAIBuAK4mcLTBsACAdICJGZiMDA1OWE3LWM4MDItNDViMy04NDUxLTZiNzEyZGFhOTdjMtgCAeACAQ&ucfs=1&arphpl=1&checkin=2026-08-06&checkout=2026-08-07&dest_id=-2774916&dest_type=city&group_adults=2&req_adults=2&no_rooms=1&group_children=0&req_children=0&hpos=8&hapos=83&sr_order=popularity&srpvid=6f6c595cd676049e&srepoch=1785760967&all_sr_blocks=1404242501_412230928_2_2_0&highlighted_blocks=1404242501_412230928_2_2_0&matching_block_id=1404242501_412230928_2_2_0&sr_pri_blocks=1404242501_412230928_2_2_0__1200000&from=searchresults,12000,,,Skardu,43.2,Double Room,1 extra-large double bed,0,1,1,https://cf.bstatic.com/xdata/images/hotel/square240/676728963.webp?k=bb3e2c8cfcb445a91ce2c92593945345a0d82e964dffdc18e30d77b196a84487&o=,4,Skardu
Decent Luxury Hotel Skardu,https://www.booking.com/hotel/pk/family-decent-lodge.en-gb.html?aid=304142&label=gen173nr-10CAQoggJCDWNpdHlfLTI3NzQ5MTZICVgEaLUBiAEBmAEzuAEHyAEM2AED6AEB-AEBiAIBqAIBuAK4mcLTBsACAdICJGZiMDA1OWE3LWM4MDItNDViMy04NDUxLTZiNzEyZGFhOTdjMtgCAeACAQ&ucfs=1&arphpl=1&checkin=2026-08-06&checkout=2026-08-07&dest_id=-2774916&dest_type=city&group_adults=2&req_adults=2&no_rooms=1&group_children=0&req_children=0&hpos=9&hapos=84&sr_order=popularity&srpvid=6f6c595cd676049e&srepoch=1785760967&all_sr_blocks=1456030111_417358382_0_42_0&highlighted_blocks=1456030111_417358382_0_42_0&matching_block_id=1456030111_417358382_0_42_0&sr_pri_blocks=1456030111_417358382_0_42_0__511200&from=searchresults,5112,8.4,10.0,Skardu,13.2,Large Double Room,1 double bed,0,0,1,https://cf.bstatic.com/xdata/images/hotel/square240/716746707.webp?k=460a4c137d2d626fa875629d9c88dcf413711590edef5b255001299f40a9256a&o=,9,Skardu
Anchan Guest House Skardu,https://www.booking.com/hotel/pk/anchan-guest-house-skardu.en-gb.html?aid=304142&label=gen173nr-10CAQoggJCDWNpdHlfLTI3NzQ5MTZICVgEaLUBiAEBmAEzuAEHyAEM2AED6AEB-AEBiAIBqAIBuAK4mcLTBsACAdICJGZiMDA1OWE3LWM4MDItNDViMy04NDUxLTZiNzEyZGFhOTdjMtgCAeACAQ&ucfs=1&arphpl=1&checkin=2026-08-06&checkout=2026-08-07&dest_id=-2774916&dest_type=city&group_adults=2&req_adults=2&no_rooms=1&group_children=0&req_children=0&hpos=10&hapos=85&sr_order=popularity&srpvid=6f6c595cd676049e&srepoch=1785760967&all_sr_blocks=1423345701_413968799_2_2_0&highlighted_blocks=1423345701_413968799_2_2_0&matching_block_id=1423345701_413968799_2_2_0&sr_pri_blocks=1423345701_413968799_2_2_0__550000&from=searchresults,5500,,,Skardu,1.8,Double Room,1 double bed,0,0,1,https://cf.bstatic.com/xdata/images/hotel/square240/688809996.webp?k=e54443dbb5e3389237ebbe6cc4d52ce3316478461b748a446c32e93c0dc0e7d6&o=,3,Skardu
The Crescent Resort,https://www.booking.com/hotel/pk/the-crescent-valley.en-gb.html?aid=304142&label=gen173nr-10CAQoggJCDWNpdHlfLTI3NzQ5MTZICVgEaLUBiAEBmAEzuAEHyAEM2AED6AEB-AEBiAIBqAIBuAK4mcLTBsACAdICJGZiMDA1OWE3LWM4MDItNDViMy04NDUxLTZiNzEyZGFhOTdjMtgCAeACAQ&ucfs=1&arphpl=1&checkin=2026-08-06&checkout=2026-08-07&dest_id=-2774916&dest_type=city&group_adults=2&req_adults=2&no_rooms=1&group_children=0&req_children=0&hpos=11&hapos=86&sr_order=popularity&srpvid=6f6c595cd676049e&srepoch=1785760967&all_sr_blocks=1406549101_412437403_2_1_0&highlighted_blocks=1406549101_412437403_2_1_0&matching_block_id=1406549101_412437403_2_1_0&sr_pri_blocks=1406549101_412437403_2_1_0__907200&from=searchresults,9072,8.9,10.0,Skardu,3.9,Double Room with Lake View,1 large double bed,1,1,1,https://cf.bstatic.com/xdata/images/hotel/square240/696077894.webp?k=382a9c0213162ec01ca30f760139107edde2797a7c95949da6959761da46f0e2&o=,4,Skardu
Singay Homestay Skardu Cozy Family Stay with Mountain Views,https://www.booking.com/hotel/pk/singay-homestay-skardu.en-gb.html?aid=304142&label=gen173nr-10CAQoggJCDWNpdHlfLTI3NzQ5MTZICVgEaLUBiAEBmAEzuAEHyAEM2AED6AEB-AEBiAIBqAIBuAK4mcLTBsACAdICJGZiMDA1OWE3LWM4MDItNDViMy04NDUxLTZiNzEyZGFhOTdjMtgCAeACAQ&ucfs=1&arphpl=1&checkin=2026-08-06&checkout=2026-08-07&dest_id=-2774916&dest_type=city&group_adults=2&req_adults=2&no_rooms=1&group_children=0&req_children=0&hpos=12&hapos=87&sr_order=popularity&srpvid=6f6c595cd676049e&srepoch=1785760967&all_sr_blocks=1189581702_413530118_2_0_0&highlighted_blocks=1189581702_413530118_2_0_0&matching_block_id=1189581702_413530118_2_0_0&sr_pri_blocks=1189581702_413530118_2_0_0__550000&from=searchresults,5500,9.7,4.0,Skardu,3.3,Double Room,"3 beds (2 sofa beds, 1 large double)",0,1,0,https://cf.bstatic.com/xdata/images/hotel/square240/564142158.webp?k=e12688d1cdf546734bfb31d6cf58628f3a50b19b37e5e2177b0463e8efc8dcf2&o=,4,Skardu
Stay O'clock Hotel Skardu,https://www.booking.com/hotel/pk/stay-o-clock-skardu.en-gb.html?aid=304142&label=gen173nr-10CAQoggJCDWNpdHlfLTI3NzQ5MTZICVgEaLUBiAEBmAEzuAEHyAEM2AED6AEB-AEBiAIBqAIBuAK4mcLTBsACAdICJGZiMDA1OWE3LWM4MDItNDViMy04NDUxLTZiNzEyZGFhOTdjMtgCAeACAQ&ucfs=1&arphpl=1&checkin=2026-08-06&checkout=2026-08-07&dest_id=-2774916&dest_type=city&group_adults=2&req_adults=2&no_rooms=1&group_children=0&req_children=0&hpos=13&hapos=88&sr_order=popularity&srpvid=6f6c595cd676049e&srepoch=1785760967&all_sr_blocks=1620528403_432874548_2_2_0&highlighted_blocks=1620528403_432874548_2_2_0&matching_block_id=1620528403_432874548_2_2_0&sr_pri_blocks=1620528403_432874548_2_2_0__590000&from=searchresults,5900,,,Skardu,1.3,Twin Room,2 single beds,0,1,1,https://cf.bstatic.com/xdata/images/hotel/square240/855762174.webp?k=ff5c92243bf9fbeda95f48ad69b7e953635fafdf468b9866d6a5792816ee0a9d&o=,12,Skardu
Railsa Skardu,https://www.booking.com/hotel/pk/railsa-skardu.en-gb.html?aid=304142&label=gen173nr-10CAQoggJCDWNpdHlfLTI3NzQ5MTZICVgEaLUBiAEBmAEzuAEHyAEM2AED6AEB-AEBiAIBqAIBuAK4mcLTBsACAdICJGZiMDA1OWE3LWM4MDItNDViMy04NDUxLTZiNzEyZGFhOTdjMtgCAeACAQ&ucfs=1&arphpl=1&checkin=2026-08-06&checkout=2026-08-07&dest_id=-2774916&dest_type=city&group_adults=2&req_adults=2&no_rooms=1&group_children=0&req_children=0&hpos=14&hapos=89&sr_order=popularity&srpvid=6f6c595cd676049e&srepoch=1785760967&all_sr_blocks=1457921003_417119570_2_0_0&highlighted_blocks=1457921003_417119570_2_0_0&matching_block_id=1457921003_417119570_2_0_0&sr_pri_blocks=1457921003_417119570_2_0_0__972000&from=searchresults,9720,,,Skardu,1.6,Twin Room,3 single beds,0,1,1,https://cf.bstatic.com/xdata/images/hotel/square240/723870607.webp?k=a175fb268e1816231bdb1da587f5aec8c03b2b3d0774fa832128dadaf8a903d1&o=,4,Skardu
Chinar Residency,https://www.booking.com/hotel/pk/chinar-residency.en-gb.html?aid=304142&label=gen173nr-10CAQoggJCDWNpdHlfLTI3NzQ5MTZICVgEaLUBiAEBmAEzuAEHyAEM2AED6AEB-AEBiAIBqAIBuAK4mcLTBsACAdICJGZiMDA1OWE3LWM4MDItNDViMy04NDUxLTZiNzEyZGFhOTdjMtgCAeACAQ&ucfs=1&arphpl=1&checkin=2026-08-06&checkout=2026-08-07&dest_id=-2774916&dest_type=city&group_adults=2&req_adults=2&no_rooms=1&group_children=0&req_children=0&hpos=15&hapos=90&sr_order=popularity&srpvid=6f6c595cd676049e&srepoch=1785760967&all_sr_blocks=855125009_353027958_3_0_0&highlighted_blocks=855125009_353027958_3_0_0&matching_block_id=855125009_353027958_3_0_0&sr_pri_blocks=855125009_353027958_3_0_0__665000&from=searchresults,6650,,,Skardu,3.4,Deluxe Triple Room,"2 beds (1 bunk bed, 1 large double)",0,1,1,https://cf.bstatic.com/xdata/images/hotel/square240/360812286.webp?k=a5da38d47181e64065783abaefe5c12e65eaf0f268c0d23d13d19eec64abac21&o=,11,Skardu
Hill Town Resort,https://www.booking.com/hotel/pk/hill-town-resort-skardu.en-gb.html?aid=304142&label=gen173nr-10CAQoggJCDWNpdHlfLTI3NzQ5MTZICVgEaLUBiAEBmAEzuAEHyAEM2AED6AEB-AEBiAIBqAIBuAK4mcLTBsACAdICJGZiMDA1OWE3LWM4MDItNDViMy04NDUxLTZiNzEyZGFhOTdjMtgCAeACAQ&ucfs=1&arphpl=1&checkin=2026-08-06&checkout=2026-08-07&dest_id=-2774916&dest_type=city&group_adults=2&req_adults=2&no_rooms=1&group_children=0&req_children=0&hpos=16&hapos=91&sr_order=popularity&srpvid=6f6c595cd676049e&srepoch=1785760967&all_sr_blocks=1406241601_412408888_2_42_0&highlighted_blocks=1406241601_412408888_2_42_0&matching_block_id=1406241601_412408888_2_42_0&sr_pri_blocks=1406241601_412408888_2_42_0__549900&from=searchresults,5499,,,Skardu,3.1,Deluxe Double Room,"3 beds (1 double, 2 futons)",0,1,1,https://cf.bstatic.com/xdata/images/hotel/square240/677932768.webp?k=69aca34301a2bcc833713409325d9fbcb20b2699e02760deb32656bd5931e23f&o=,4,Skardu
Gold Star Hotel Skardu,https://www.booking.com/hotel/pk/gold-star-skardu.en-gb.html?aid=304142&label=gen173nr-10CAQoggJCDWNpdHlfLTI3NzQ5MTZICVgEaLUBiAEBmAEzuAEHyAEM2AED6AEB-AEBiAIBqAIBuAK4mcLTBsACAdICJGZiMDA1OWE3LWM4MDItNDViMy04NDUxLTZiNzEyZGFhOTdjMtgCAeACAQ&ucfs=1&arphpl=1&checkin=2026-08-06&checkout=2026-08-07&dest_id=-2774916&dest_type=city&group_adults=2&req_adults=2&no_rooms=1&group_children=0&req_children=0&hpos=17&hapos=92&sr_order=popularity&srpvid=6f6c595cd676049e&srepoch=1785760967&all_sr_blocks=1056632801_411812134_2_1_0&highlighted_blocks=1056632801_411812134_2_1_0&matching_block_id=1056632801_411812134_2_1_0&sr_pri_blocks=1056632801_411812134_2_1_0__621000&from=searchresults,6210,8.0,1.0,Skardu,13.4,Budget Double Room,1 double bed,1,0,1,https://cf.bstatic.com/xdata/images/hotel/square240/558713414.webp?k=6a74822507419cfc7d1ab61cff0141995312e7a51e816e59f860da74913e1544&o=,13,Skardu
The Flora,https://www.booking.com/hotel/pk/the-flora.en-gb.html?aid=304142&label=gen173nr-10CAQoggJCDWNpdHlfLTI3NzQ5MTZICVgEaLUBiAEBmAEzuAEHyAEM2AED6AEB-AEBiAIBqAIBuAK4mcLTBsACAdICJGZiMDA1OWE3LWM4MDItNDViMy04NDUxLTZiNzEyZGFhOTdjMtgCAeACAQ&ucfs=1&arphpl=1&checkin=2026-08-06&checkout=2026-08-07&dest_id=-2774916&dest_type=city&group_adults=2&req_adults=2&no_rooms=1&group_children=0&req_children=0&hpos=18&hapos=93&sr_order=popularity&srpvid=6f6c595cd676049e&srepoch=1785760967&all_sr_blocks=1403601501_412167735_0_0_0_907821&highlighted_blocks=1403601501_412167735_0_0_0_907821&matching_block_id=1403601501_412167735_0_0_0_907821&sr_pri_blocks=1403601501_412167735_0_0_0_907821_715000&from=searchresults,7150,,,Skardu,2.9,One-Bedroom House,1 double bed,0,1,1,https://cf.bstatic.com/xdata/images/hotel/square240/900497956.webp?k=db69fe791e33f7e2e1282add86bdde543450092effa84f35432da5567540580e&o=,4,Skardu
"Affordable House for Daily Rent in Skardu, Perfect for Families Tourists",https://www.booking.com/hotel/pk/affordable-house-for-daily-rent-in-skardu-perfect-for-families-tourists.en-gb.html?aid=304142&label=gen173nr-10CAQoggJCDWNpdHlfLTI3NzQ5MTZICVgEaLUBiAEBmAEzuAEHyAEM2AED6AEB-AEBiAIBqAIBuAK4mcLTBsACAdICJGZiMDA1OWE3LWM4MDItNDViMy04NDUxLTZiNzEyZGFhOTdjMtgCAeACAQ&ucfs=1&arphpl=1&checkin=2026-08-06&checkout=2026-08-07&dest_id=-2774916&dest_type=city&group_adults=2&req_adults=2&no_rooms=1&group_children=0&req_children=0&hpos=19&hapos=94&sr_order=popularity&srpvid=6f6c595cd676049e&srepoch=1785760967&all_sr_blocks=1699656101_441609196_2_0_0&highlighted_blocks=1699656101_441609196_2_0_0&matching_block_id=1699656101_441609196_2_0_0&sr_pri_blocks=1699656101_441609196_2_0_0__459000&from=searchresults,4590,,,Skardu,2.7,Three-Bedroom House,1 double bed,0,1,1,https://cf.bstatic.com/xdata/images/hotel/square240/902553527.webp?k=161ecd1f07ea1b3c68645149638162f3cedfc06fd9fce457099cecf2b6f84e19&o=,5,Skardu
Gangchen Guest House,https://www.booking.com/hotel/pk/gangchen-guest-house-skardu.en-gb.html?aid=304142&label=gen173nr-10CAQoggJCDWNpdHlfLTI3NzQ5MTZICVgEaLUBiAEBmAEzuAEHyAEM2AED6AEB-AEBiAIBqAIBuAK4mcLTBsACAdICJGZiMDA1OWE3LWM4MDItNDViMy04NDUxLTZiNzEyZGFhOTdjMtgCAeACAQ&ucfs=1&arphpl=1&checkin=2026-08-06&checkout=2026-08-07&dest_id=-2774916&dest_type=city&group_adults=2&req_adults=2&no_rooms=1&group_children=0&req_children=0&hpos=20&hapos=95&sr_order=popularity&srpvid=6f6c595cd676049e&srepoch=1785760967&all_sr_blocks=1383998202_410457436_2_1_0&highlighted_blocks=1383998202_410457436_2_1_0&matching_block_id=1383998202_410457436_2_1_0&sr_pri_blocks=1383998202_410457436_2_1_0__1200000&from=searchresults,12000,10,2.0,Skardu,2.6,Twin Room with Mountain View,2 single beds,1,1,1,https://cf.bstatic.com/xdata/images/hotel/square240/668469677.webp?k=b317e37bdf855544e9f410f62e0ddb8e2ab1c3642bc44c50bd517b382df6b95f&o=,4,Skardu
Relax Inn Skardu,https://www.booking.com/hotel/pk/relax-inn-skardu.en-gb.html?aid=304142&label=gen173nr-10CAQoggJCDWNpdHlfLTI3NzQ5MTZICVgEaLUBiAEBmAEzuAEHyAEM2AED6AEB-AEBiAIBqAIBuAK4mcLTBsACAdICJGZiMDA1OWE3LWM4MDItNDViMy04NDUxLTZiNzEyZGFhOTdjMtgCAeACAQ&ucfs=1&arphpl=1&checkin=2026-08-06&checkout=2026-08-07&dest_id=-2774916&dest_type=city&group_adults=2&req_adults=2&no_rooms=1&group_children=0&req_children=0&hpos=21&hapos=96&sr_order=popularity&srpvid=6f6c595cd676049e&srepoch=1785760967&all_sr_blocks=1403632702_412169550_2_41_0&highlighted_blocks=1403632702_412169550_2_41_0&matching_block_id=1403632702_412169550_2_41_0&sr_pri_blocks=1403632702_412169550_2_41_0__1400000&from=searchresults,14000,,,Skardu,4.0,Twin Room,2 single beds,1,0,1,https://cf.bstatic.com/xdata/images/hotel/square240/676364339.webp?k=f2716b98900cd48947ed2794a17bd5a50fe4183ab06f1f1bae392a180cdab8a8&o=,3,Skardu
Kunlun Peak Inn - Skardu,https://www.booking.com/hotel/pk/kunlunpeakinnskardu.en-gb.html?aid=304142&label=gen173nr-10CAQoggJCDWNpdHlfLTI3NzQ5MTZICVgEaLUBiAEBmAEzuAEHyAEM2AED6AEB-AEBiAIBqAIBuAK4mcLTBsACAdICJGZiMDA1OWE3LWM4MDItNDViMy04NDUxLTZiNzEyZGFhOTdjMtgCAeACAQ&ucfs=1&arphpl=1&checkin=2026-08-06&checkout=2026-08-07&dest_id=-2774916&dest_type=city&group_adults=2&req_adults=2&no_rooms=1&group_children=0&req_children=0&hpos=22&hapos=97&sr_order=popularity&srpvid=6f6c595cd676049e&srepoch=1785760967&all_sr_blocks=1669819103_438784666_3_42_0&highlighted_blocks=1669819103_438784666_3_42_0&matching_block_id=1669819103_438784666_3_42_0&sr_pri_blocks=1669819103_438784666_3_42_0__480000&from=searchresults,4800,,,Skardu,2.6,Triple Room with Private Bathroom,3 single beds,0,1,1,https://cf.bstatic.com/xdata/images/hotel/square240/885300752.webp?k=a5cfd1240fbe4cc77b73dbd70fdf63848ef2861bf95f9c5e37943d4201c74ff6&o=,5,Skardu
EYE VIEW GUEST HOUSE skardu,https://www.booking.com/hotel/pk/eye-view-guest-house-skardu.en-gb.html?aid=304142&label=gen173nr-10CAQoggJCDWNpdHlfLTI3NzQ5MTZICVgEaLUBiAEBmAEzuAEHyAEM2AED6AEB-AEBiAIBqAIBuAK4mcLTBsACAdICJGZiMDA1OWE3LWM4MDItNDViMy04NDUxLTZiNzEyZGFhOTdjMtgCAeACAQ&ucfs=1&arphpl=1&checkin=2026-08-06&checkout=2026-08-07&dest_id=-2774916&dest_type=city&group_adults=2&req_adults=2&no_rooms=1&group_children=0&req_children=0&hpos=23&hapos=98&sr_order=popularity&srpvid=6f6c595cd676049e&srepoch=1785760967&all_sr_blocks=1410258202_412785135_2_2_0&highlighted_blocks=1410258202_412785135_2_2_0&matching_block_id=1410258202_412785135_2_2_0&sr_pri_blocks=1410258202_412785135_2_2_0__1438200&from=searchresults,14382,,,Skardu,2.9,Triple Room,3 single beds,0,1,1,https://cf.bstatic.com/xdata/images/hotel/square240/680253494.webp?k=cc1e20ee52fee445da1406b0091d347007724f085c3963b43731668014820796&o=,4,Skardu
Urban Stay,https://www.booking.com/hotel/pk/urban-stay.en-gb.html?aid=304142&label=gen173nr-10CAQoggJCDWNpdHlfLTI3NzQ5MTZICVgEaLUBiAEBmAEzuAEHyAEM2AED6AEB-AEBiAIBqAIBuAK4mcLTBsACAdICJGZiMDA1OWE3LWM4MDItNDViMy04NDUxLTZiNzEyZGFhOTdjMtgCAeACAQ&ucfs=1&arphpl=1&checkin=2026-08-06&checkout=2026-08-07&dest_id=-2774916&dest_type=city&group_adults=2&req_adults=2&no_rooms=1&group_children=0&req_children=0&hpos=24&hapos=99&sr_order=popularity&srpvid=6f6c595cd676049e&srepoch=1785760967&all_sr_blocks=1392342702_411189032_2_2_0&highlighted_blocks=1392342702_411189032_2_2_0&matching_block_id=1392342702_411189032_2_2_0&sr_pri_blocks=1392342702_411189032_2_2_0__580000&from=searchresults,5800,,,Skardu,2.3,Double Room,1 double bed,0,1,1,https://cf.bstatic.com/xdata/images/hotel/square240/669672993.webp?k=fcb946054d4bada6fe944b5bf1a637f3fd84ddc13a2d18cb9b770175a8782d50&o=,4,Skardu
The Northleaf Cottage,https://www.booking.com/hotel/pk/the-northleaf-cottage.en-gb.html?aid=304142&label=gen173nr-10CAQoggJCDWNpdHlfLTI3NzQ5MTZICVgEaLUBiAEBmAEzuAEHyAEM2AED6AEB-AEBiAIBqAIBuAK4mcLTBsACAdICJGZiMDA1OWE3LWM4MDItNDViMy04NDUxLTZiNzEyZGFhOTdjMtgCAeACAQ&ucfs=1&arphpl=1&checkin=2026-08-06&checkout=2026-08-07&dest_id=-2774916&dest_type=city&group_adults=2&req_adults=2&no_rooms=1&group_children=0&req_children=0&hpos=25&hapos=100&sr_order=popularity&srpvid=6f6c595cd676049e&srepoch=1785760967&all_sr_blocks=1644295201_434546494_4_0_0&highlighted_blocks=1644295201_434546494_4_0_0&matching_block_id=1644295201_434546494_4_0_0&sr_pri_blocks=1644295201_434546494_4_0_0__1600000&from=searchresults,16000,,,Skardu,2.9,One-Bedroom Villa,"3 beds (1 double, 2 sofa beds)",0,1,1,https://cf.bstatic.com/xdata/images/hotel/square240/869361603.webp?k=0756646cef615777683e6291329dcf882696d5971a304e7b722d0a95873a848d&o=,4,Skardu
Adventure Sarai Skardu,https://www.booking.com/hotel/pk/adventure-sarai-hunza.en-gb.html?aid=304142&label=gen173nr-10CAQoggJCDWNpdHlfLTI3NzQ5MTZICVgEaLUBiAEBmAEzuAEHyAEM2AED6AEB-AEBiAIBqAIBuAK4mcLTBsACAdICJGZiMDA1OWE3LWM4MDItNDViMy04NDUxLTZiNzEyZGFhOTdjMtgCAeACAQ&ucfs=1&arphpl=1&checkin=2026-08-06&checkout=2026-08-07&dest_id=-2774916&dest_type=city&group_adults=2&req_adults=2&no_rooms=1&group_children=0&req_children=0&hpos=1&hapos=101&sr_order=popularity&srpvid=6f6c595cd676049e&srepoch=1785760969&all_sr_blocks=1239231001_396098159_0_0_0&highlighted_blocks=1239231001_396098159_0_0_0&matching_block_id=1239231001_396098159_0_0_0&sr_pri_blocks=1239231001_396098159_0_0_0__950000&from=searchresults,9500,,,Skardu,2.5,Double or Twin Room,1 double bed,0,0,1,https://cf.bstatic.com/xdata/images/hotel/square240/707946826.webp?k=b3978affb09c63e7b0048197da914f7c1dc9f6d2304c22eb1a3750dd0b47e875&o=,7,Skardu
Mountain Majesty Inn - Skardu - Guest House,https://www.booking.com/hotel/pk/mountain-majesty-inn-skardu-guest-house.en-gb.html?aid=304142&label=gen173nr-10CAQoggJCDWNpdHlfLTI3NzQ5MTZICVgEaLUBiAEBmAEzuAEHyAEM2AED6AEB-AEBiAIBqAIBuAK4mcLTBsACAdICJGZiMDA1OWE3LWM4MDItNDViMy04NDUxLTZiNzEyZGFhOTdjMtgCAeACAQ&ucfs=1&arphpl=1&checkin=2026-08-06&checkout=2026-08-07&dest_id=-2774916&dest_type=city&group_adults=2&req_adults=2&no_rooms=1&group_children=0&req_children=0&hpos=2&hapos=102&sr_order=popularity&srpvid=6f6c595cd676049e&srepoch=1785760969&all_sr_blocks=1673191601_439088337_2_2_0&highlighted_blocks=1673191601_439088337_2_2_0&matching_block_id=1673191601_439088337_2_2_0&sr_pri_blocks=1673191601_439088337_2_2_0__278460&from=searchresults,2785,,,Skardu,3.2,Standard Double Room,1 double bed,0,1,1,https://cf.bstatic.com/xdata/images/hotel/square240/887127366.webp?k=74e996c8b325ac94f7255cfdc29dbb29b3e3243d2bc57c16d07cf209abed6c36&o=,5,Skardu
Indus Motel,https://www.booking.com/hotel/pk/indus-motel.en-gb.html?aid=304142&label=gen173nr-10CAQoggJCDWNpdHlfLTI3NzQ5MTZICVgEaLUBiAEBmAEzuAEHyAEM2AED6AEB-AEBiAIBqAIBuAK4mcLTBsACAdICJGZiMDA1OWE3LWM4MDItNDViMy04NDUxLTZiNzEyZGFhOTdjMtgCAeACAQ&ucfs=1&arphpl=1&checkin=2026-08-06&checkout=2026-08-07&dest_id=-2774916&dest_type=city&group_adults=2&req_adults=2&no_rooms=1&group_children=0&req_children=0&hpos=3&hapos=103&sr_order=popularity&srpvid=6f6c595cd676049e&srepoch=1785760969&all_sr_blocks=1620475604_432869073_2_2_0&highlighted_blocks=1620475604_432869073_2_2_0&matching_block_id=1620475604_432869073_2_2_0&sr_pri_blocks=1620475604_432869073_2_2_0__540000&from=searchresults,5400,,,Skardu,0.8,Family Room,1 large double bed,0,1,1,https://cf.bstatic.com/xdata/images/hotel/square240/855662074.webp?k=1773ec3899ccf04defa60b3c33dafc8b3e10128104766145a755453ba3b0d3a7&o=,4,Skardu
Reelum Residency,https://www.booking.com/hotel/pk/reelum-residency.en-gb.html?aid=304142&label=gen173nr-10CAQoggJCDWNpdHlfLTI3NzQ5MTZICVgEaLUBiAEBmAEzuAEHyAEM2AED6AEB-AEBiAIBqAIBuAK4mcLTBsACAdICJGZiMDA1OWE3LWM4MDItNDViMy04NDUxLTZiNzEyZGFhOTdjMtgCAeACAQ&ucfs=1&arphpl=1&checkin=2026-08-06&checkout=2026-08-07&dest_id=-2774916&dest_type=city&group_adults=2&req_adults=2&no_rooms=1&group_children=0&req_children=0&hpos=4&hapos=104&sr_order=popularity&srpvid=6f6c595cd676049e&srepoch=1785760969&all_sr_blocks=1105715001_401872999_2_1_0&highlighted_blocks=1105715001_401872999_2_1_0&matching_block_id=1105715001_401872999_2_1_0&sr_pri_blocks=1105715001_401872999_2_1_0__1449900&from=searchresults,14499,,,Skardu,2.0,Deluxe Room,1 double bed,1,0,0,https://cf.bstatic.com/xdata/images/hotel/square240/505467027.webp?k=a543a2121747844a09a669badba5a4d3d0a8a05edf499576ad6d164227d9bc38&o=,2,Skardu
Rosho Skardu,https://www.booking.com/hotel/pk/rosho-an-organic-retreat.en-gb.html?aid=304142&label=gen173nr-10CAQoggJCDWNpdHlfLTI3NzQ5MTZICVgEaLUBiAEBmAEzuAEHyAEM2AED6AEB-AEBiAIBqAIBuAK4mcLTBsACAdICJGZiMDA1OWE3LWM4MDItNDViMy04NDUxLTZiNzEyZGFhOTdjMtgCAeACAQ&ucfs=1&arphpl=1&checkin=2026-08-06&checkout=2026-08-07&dest_id=-2774916&dest_type=city&group_adults=2&req_adults=2&no_rooms=1&group_children=0&req_children=0&hpos=5&hapos=105&sr_order=popularity&srpvid=6f6c595cd676049e&srepoch=1785760969&all_sr_blocks=1446566301_416537746_2_2_0&highlighted_blocks=1446566301_416537746_2_2_0&matching_block_id=1446566301_416537746_2_2_0&sr_pri_blocks=1446566301_416537746_2_2_0__1150000&from=searchresults,11500,10,2.0,Skardu,1.7,Double Room,1 large double bed,0,0,1,https://cf.bstatic.com/xdata/images/hotel/square240/705484333.webp?k=a1b7fa98ad8e8e230b24ad7132b14bd6bb6fc6c87a2737f85825bf5b9279b14e&o=,3,Skardu
Legend Residency,https://www.booking.com/hotel/pk/legend-residency.en-gb.html?aid=304142&label=gen173nr-10CAQoggJCDWNpdHlfLTI3NzQ5MTZICVgEaLUBiAEBmAEzuAEHyAEM2AED6AEB-AEBiAIBqAIBuAK4mcLTBsACAdICJGZiMDA1OWE3LWM4MDItNDViMy04NDUxLTZiNzEyZGFhOTdjMtgCAeACAQ&ucfs=1&arphpl=1&checkin=2026-08-06&checkout=2026-08-07&dest_id=-2774916&dest_type=city&group_adults=2&req_adults=2&no_rooms=1&group_children=0&req_children=0&hpos=6&hapos=106&sr_order=popularity&srpvid=6f6c595cd676049e&srepoch=1785760969&all_sr_blocks=1408303306_412607176_3_0_0&highlighted_blocks=1408303306_412607176_3_0_0&matching_block_id=1408303306_412607176_3_0_0&sr_pri_blocks=1408303306_412607176_3_0_0__1000000&from=searchresults,10000,,,Skardu,3.2,King Room with Mountain View,1 single bed,0,1,1,https://cf.bstatic.com/xdata/images/hotel/square240/679232156.webp?k=e770b86590068748d6fd246ade16ba8c6a5418ec92a585637100ea7c3d6c3b8a&o=,4,Skardu
Valhalla Guest House Skardu,https://www.booking.com/hotel/pk/valhalla-guest-house-skardu.en-gb.html?aid=304142&label=gen173nr-10CAQoggJCDWNpdHlfLTI3NzQ5MTZICVgEaLUBiAEBmAEzuAEHyAEM2AED6AEB-AEBiAIBqAIBuAK4mcLTBsACAdICJGZiMDA1OWE3LWM4MDItNDViMy04NDUxLTZiNzEyZGFhOTdjMtgCAeACAQ&ucfs=1&arphpl=1&checkin=2026-08-06&checkout=2026-08-07&dest_id=-2774916&dest_type=city&group_adults=2&req_adults=2&no_rooms=1&group_children=0&req_children=0&hpos=7&hapos=107&sr_order=popularity&srpvid=6f6c595cd676049e&srepoch=1785760969&all_sr_blocks=1398056402_411686119_2_2_0&highlighted_blocks=1398056402_411686119_2_2_0&matching_block_id=1398056402_411686119_2_2_0&sr_pri_blocks=1398056402_411686119_2_2_0__600000&from=searchresults,6000,,,Skardu,2.7,Small Double Room,2 double beds,0,1,1,https://cf.bstatic.com/xdata/images/hotel/square240/672986069.webp?k=5c30e4e4b42fbcfbdf1665398520661be29cdf77c8a1b1405a57c575940015ef&o=,4,Skardu
Shah Hujra Guest House Skardu,https://www.booking.com/hotel/pk/shahhujra-guest-house.en-gb.html?aid=304142&label=gen173nr-10CAQoggJCDWNpdHlfLTI3NzQ5MTZICVgEaLUBiAEBmAEzuAEHyAEM2AED6AEB-AEBiAIBqAIBuAK4mcLTBsACAdICJGZiMDA1OWE3LWM4MDItNDViMy04NDUxLTZiNzEyZGFhOTdjMtgCAeACAQ&ucfs=1&arphpl=1&checkin=2026-08-06&checkout=2026-08-07&dest_id=-2774916&dest_type=city&group_adults=2&req_adults=2&no_rooms=1&group_children=0&req_children=0&hpos=8&hapos=108&sr_order=popularity&srpvid=6f6c595cd676049e&srepoch=1785760969&all_sr_blocks=1440576902_415512363_2_0_0&highlighted_blocks=1440576902_415512363_2_0_0&matching_block_id=1440576902_415512363_2_0_0&sr_pri_blocks=1440576902_415512363_2_0_0__900000&from=searchresults,9000,,,Skardu,2.2,Double Room,1 extra-large double bed,0,1,1,https://cf.bstatic.com/xdata/images/hotel/square240/893166028.webp?k=72b1084017d8d628fa712d06758848db6c33363378277439f4572ab647283452&o=,4,Skardu
Green orchard skardu,https://www.booking.com/hotel/pk/green-orchard-skardu.en-gb.html?aid=304142&label=gen173nr-10CAQoggJCDWNpdHlfLTI3NzQ5MTZICVgEaLUBiAEBmAEzuAEHyAEM2AED6AEB-AEBiAIBqAIBuAK4mcLTBsACAdICJGZiMDA1OWE3LWM4MDItNDViMy04NDUxLTZiNzEyZGFhOTdjMtgCAeACAQ&ucfs=1&arphpl=1&checkin=2026-08-06&checkout=2026-08-07&dest_id=-2774916&dest_type=city&group_adults=2&req_adults=2&no_rooms=1&group_children=0&req_children=0&hpos=9&hapos=109&sr_order=popularity&srpvid=6f6c595cd676049e&srepoch=1785760969&all_sr_blocks=1057636404_378000801_2_41_0&highlighted_blocks=1057636404_378000801_2_41_0&matching_block_id=1057636404_378000801_2_41_0&sr_pri_blocks=1057636404_378000801_2_41_0__900000&from=searchresults,9000,5.5,2.0,Skardu,6.6,Deluxe Double Room,1 large double bed,1,0,1,https://cf.bstatic.com/xdata/images/hotel/square240/721262601.webp?k=5883b6fc88281ddc6a0a6f202ce6dc325ee168676867626e9dd507ad548bff94&o=,3,Skardu
Nature's House Skardu,https://www.booking.com/hotel/pk/natures-house-skardu.en-gb.html?aid=304142&label=gen173nr-10CAQoggJCDWNpdHlfLTI3NzQ5MTZICVgEaLUBiAEBmAEzuAEHyAEM2AED6AEB-AEBiAIBqAIBuAK4mcLTBsACAdICJGZiMDA1OWE3LWM4MDItNDViMy04NDUxLTZiNzEyZGFhOTdjMtgCAeACAQ&ucfs=1&arphpl=1&checkin=2026-08-06&checkout=2026-08-07&dest_id=-2774916&dest_type=city&group_adults=2&req_adults=2&no_rooms=1&group_children=0&req_children=0&hpos=10&hapos=110&sr_order=popularity&srpvid=6f6c595cd676049e&srepoch=1785760969&all_sr_blocks=1693550001_441002020_2_1_0&highlighted_blocks=1693550001_441002020_2_1_0&matching_block_id=1693550001_441002020_2_1_0&sr_pri_blocks=1693550001_441002020_2_1_0__816000&from=searchresults,8160,,,Skardu,3.0,Deluxe Queen Room,1 large double bed,1,1,1,https://cf.bstatic.com/xdata/images/hotel/square240/898478559.webp?k=e1b94aa4cad8300bf07b364951bab1c4e8a296af3d8e04d151014c79668f1c00&o=,5,Skardu
Mountaindale Guest House Skardu,https://www.booking.com/hotel/pk/mountaindale-guest-house-skardu.en-gb.html?aid=304142&label=gen173nr-10CAQoggJCDWNpdHlfLTI3NzQ5MTZICVgEaLUBiAEBmAEzuAEHyAEM2AED6AEB-AEBiAIBqAIBuAK4mcLTBsACAdICJGZiMDA1OWE3LWM4MDItNDViMy04NDUxLTZiNzEyZGFhOTdjMtgCAeACAQ&ucfs=1&arphpl=1&checkin=2026-08-06&checkout=2026-08-07&dest_id=-2774916&dest_type=city&group_adults=2&req_adults=2&no_rooms=1&group_children=0&req_children=0&hpos=11&hapos=111&sr_order=popularity&srpvid=6f6c595cd676049e&srepoch=1785760969&all_sr_blocks=1463017601_417609083_4_2_0&highlighted_blocks=1463017601_417609083_4_2_0&matching_block_id=1463017601_417609083_4_2_0&sr_pri_blocks=1463017601_417609083_4_2_0__1049930&from=searchresults,10499,,,Skardu,3.2,Deluxe Room,"3 beds (2 doubles, 1 large double)",0,1,1,https://cf.bstatic.com/xdata/images/hotel/square240/719684553.webp?k=aad9c7c236486ac03205170448f667b28646c9414ee5a1dbbfa5fc4e426b9d6b&o=,4,Skardu
Sultan's Guest House Skardu,https://www.booking.com/hotel/pk/sultan-39-s-guest-house.en-gb.html?aid=304142&label=gen173nr-10CAQoggJCDWNpdHlfLTI3NzQ5MTZICVgEaLUBiAEBmAEzuAEHyAEM2AED6AEB-AEBiAIBqAIBuAK4mcLTBsACAdICJGZiMDA1OWE3LWM4MDItNDViMy04NDUxLTZiNzEyZGFhOTdjMtgCAeACAQ&ucfs=1&arphpl=1&checkin=2026-08-06&checkout=2026-08-07&dest_id=-2774916&dest_type=city&group_adults=2&req_adults=2&no_rooms=1&group_children=0&req_children=0&hpos=12&hapos=112&sr_order=popularity&srpvid=6f6c595cd676049e&srepoch=1785760969&all_sr_blocks=1013615401_413464756_3_0_0&highlighted_blocks=1013615401_413464756_3_0_0&matching_block_id=1013615401_413464756_3_0_0&sr_pri_blocks=1013615401_413464756_3_0_0__495000&from=searchresults,4950,,,Skardu,2.8,Double Room with Private Bathroom,1 extra-large double bed,0,1,1,https://cf.bstatic.com/xdata/images/hotel/square240/684808717.webp?k=20d52ff5c50d26c99a0d42327dedf18d7a798b308b8602c8d22994e4258f10a5&o=,4,Skardu
Royal fort resort skardu,https://www.booking.com/hotel/pk/royal-fort-resort-skardu.en-gb.html?aid=304142&label=gen173nr-10CAQoggJCDWNpdHlfLTI3NzQ5MTZICVgEaLUBiAEBmAEzuAEHyAEM2AED6AEB-AEBiAIBqAIBuAK4mcLTBsACAdICJGZiMDA1OWE3LWM4MDItNDViMy04NDUxLTZiNzEyZGFhOTdjMtgCAeACAQ&ucfs=1&arphpl=1&checkin=2026-08-06&checkout=2026-08-07&dest_id=-2774916&dest_type=city&group_adults=2&req_adults=2&no_rooms=1&group_children=0&req_children=0&hpos=13&hapos=113&sr_order=popularity&srpvid=6f6c595cd676049e&srepoch=1785760969&all_sr_blocks=1438303501_415331326_2_0_0&highlighted_blocks=1438303501_415331326_2_0_0&matching_block_id=1438303501_415331326_2_0_0&sr_pri_blocks=1438303501_415331326_2_0_0__1600000&from=searchresults,16000,,,Skardu,3.3,Double Room,1 large double bed,0,1,1,https://cf.bstatic.com/xdata/images/hotel/square240/698305168.webp?k=a27dd713e70751ea54b2a250a1f7e55a7dbe317f70f663fc939aec8149b244ba&o=,4,Skardu
"Dream Guest House, Skardu",https://www.booking.com/hotel/pk/dream-guest-house-skardu-skardu.en-gb.html?aid=304142&label=gen173nr-10CAQoggJCDWNpdHlfLTI3NzQ5MTZICVgEaLUBiAEBmAEzuAEHyAEM2AED6AEB-AEBiAIBqAIBuAK4mcLTBsACAdICJGZiMDA1OWE3LWM4MDItNDViMy04NDUxLTZiNzEyZGFhOTdjMtgCAeACAQ&ucfs=1&arphpl=1&checkin=2026-08-06&checkout=2026-08-07&dest_id=-2774916&dest_type=city&group_adults=2&req_adults=2&no_rooms=1&group_children=0&req_children=0&hpos=14&hapos=114&sr_order=popularity&srpvid=6f6c595cd676049e&srepoch=1785760969&all_sr_blocks=1407386301_412512808_3_0_0&highlighted_blocks=1407386301_412512808_3_0_0&matching_block_id=1407386301_412512808_3_0_0&sr_pri_blocks=1407386301_412512808_3_0_0__500000&from=searchresults,5000,,,Skardu,2.6,Double Room with Extra Bed,Double Room with Extra Bed,0,0,1,https://cf.bstatic.com/xdata/images/hotel/square240/679025694.webp?k=c2ca8121ad622fe7beed6d5c8b03a8dfd1fbe2ad9c88a75badbe82cc0f98726a&o=,3,Skardu
YIMA family guest house,https://www.booking.com/hotel/pk/yima-family-guest-house.en-gb.html?aid=304142&label=gen173nr-10CAQoggJCDWNpdHlfLTI3NzQ5MTZICVgEaLUBiAEBmAEzuAEHyAEM2AED6AEB-AEBiAIBqAIBuAK4mcLTBsACAdICJGZiMDA1OWE3LWM4MDItNDViMy04NDUxLTZiNzEyZGFhOTdjMtgCAeACAQ&ucfs=1&arphpl=1&checkin=2026-08-06&checkout=2026-08-07&dest_id=-2774916&dest_type=city&group_adults=2&req_adults=2&no_rooms=1&group_children=0&req_children=0&hpos=15&hapos=115&sr_order=popularity&srpvid=6f6c595cd676049e&srepoch=1785760969&all_sr_blocks=1577898701_428899403_8_0_0&highlighted_blocks=1577898701_428899403_8_0_0&matching_block_id=1577898701_428899403_8_0_0&sr_pri_blocks=1577898701_428899403_8_0_0__1000000&from=searchresults,10000,,,Skardu,2.0,Two-Bedroom Apartment,"5 beds (2 doubles, 1 extra-large double, 2 sofa beds)",0,1,1,https://cf.bstatic.com/xdata/images/hotel/square240/820189887.webp?k=7b7be2ff55d2976016a98eecc13bd9b9e82291627f65c1a7990092c0f521c423&o=,4,Skardu
Noor e Seher Residency,https://www.booking.com/hotel/pk/noor-e-seher-residency.en-gb.html?aid=304142&label=gen173nr-10CAQoggJCDWNpdHlfLTI3NzQ5MTZICVgEaLUBiAEBmAEzuAEHyAEM2AED6AEB-AEBiAIBqAIBuAK4mcLTBsACAdICJGZiMDA1OWE3LWM4MDItNDViMy04NDUxLTZiNzEyZGFhOTdjMtgCAeACAQ&ucfs=1&arphpl=1&checkin=2026-08-06&checkout=2026-08-07&dest_id=-2774916&dest_type=city&group_adults=2&req_adults=2&no_rooms=1&group_children=0&req_children=0&hpos=16&hapos=116&sr_order=popularity&srpvid=6f6c595cd676049e&srepoch=1785760969&all_sr_blocks=1450228001_417691570_3_0_0&highlighted_blocks=1450228001_417691570_3_0_0&matching_block_id=1450228001_417691570_3_0_0&sr_pri_blocks=1450228001_417691570_3_0_0__450000&from=searchresults,4500,,,Skardu,4.3,Deluxe Room,1 double bed,0,1,1,https://cf.bstatic.com/xdata/images/hotel/square240/707333936.webp?k=fc93f98b8309cc8cb1595cbe4f20e60faf74dafdce68cd9aad45055a1587e58f&o=,4,Skardu
Heaven stay guest house,https://www.booking.com/hotel/pk/heaven-stay-guest-house.en-gb.html?aid=304142&label=gen173nr-10CAQoggJCDWNpdHlfLTI3NzQ5MTZICVgEaLUBiAEBmAEzuAEHyAEM2AED6AEB-AEBiAIBqAIBuAK4mcLTBsACAdICJGZiMDA1OWE3LWM4MDItNDViMy04NDUxLTZiNzEyZGFhOTdjMtgCAeACAQ&ucfs=1&arphpl=1&checkin=2026-08-06&checkout=2026-08-07&dest_id=-2774916&dest_type=city&group_adults=2&req_adults=2&no_rooms=1&group_children=0&req_children=0&hpos=17&hapos=117&sr_order=popularity&srpvid=6f6c595cd676049e&srepoch=1785760969&all_sr_blocks=1451759501_416523852_2_0_0&highlighted_blocks=1451759501_416523852_2_0_0&matching_block_id=1451759501_416523852_2_0_0&sr_pri_blocks=1451759501_416523852_2_0_0__700000&from=searchresults,7000,,,Skardu,2.5,Double Room with Private Bathroom,2 single beds,0,1,1,https://cf.bstatic.com/xdata/images/hotel/square240/708943099.webp?k=59ec148c8ad4b1bb0f17e2bea4fbf97ecbd3e1dc59d9d369ef586abdf493526e&o=,4,Skardu
Hargisa In Hotel Skardu,https://www.booking.com/hotel/pk/hargisa-in-skardu.en-gb.html?aid=304142&label=gen173nr-10CAQoggJCDWNpdHlfLTI3NzQ5MTZICVgEaLUBiAEBmAEzuAEHyAEM2AED6AEB-AEBiAIBqAIBuAK4mcLTBsACAdICJGZiMDA1OWE3LWM4MDItNDViMy04NDUxLTZiNzEyZGFhOTdjMtgCAeACAQ&ucfs=1&arphpl=1&checkin=2026-08-06&checkout=2026-08-07&dest_id=-2774916&dest_type=city&group_adults=2&req_adults=2&no_rooms=1&group_children=0&req_children=0&hpos=18&hapos=118&sr_order=popularity&srpvid=6f6c595cd676049e&srepoch=1785760969&all_sr_blocks=1396020201_411513286_3_0_0&highlighted_blocks=1396020201_411513286_3_0_0&matching_block_id=1396020201_411513286_3_0_0&sr_pri_blocks=1396020201_411513286_3_0_0__950000&from=searchresults,9500,,,Skardu,1.8,Triple Room,1 double bed,0,1,1,https://cf.bstatic.com/xdata/images/hotel/square240/671852609.webp?k=fc7d009b78dfd49f2b39900bc0dc130e380690cf5d19122769bb443cfc44dded&o=,4,Skardu
The North Retreat,https://www.booking.com/hotel/pk/the-north-retreat.en-gb.html?aid=304142&label=gen173nr-10CAQoggJCDWNpdHlfLTI3NzQ5MTZICVgEaLUBiAEBmAEzuAEHyAEM2AED6AEB-AEBiAIBqAIBuAK4mcLTBsACAdICJGZiMDA1OWE3LWM4MDItNDViMy04NDUxLTZiNzEyZGFhOTdjMtgCAeACAQ&ucfs=1&arphpl=1&checkin=2026-08-06&checkout=2026-08-07&dest_id=-2774916&dest_type=city&group_adults=2&req_adults=2&no_rooms=1&group_children=0&req_children=0&hpos=19&hapos=119&sr_order=popularity&srpvid=6f6c595cd676049e&srepoch=1785760969&all_sr_blocks=1465900501_417980290_2_0_0&highlighted_blocks=1465900501_417980290_2_0_0&matching_block_id=1465900501_417980290_2_0_0&sr_pri_blocks=1465900501_417980290_2_0_0__2100000&from=searchresults,21000,,,Skardu,2.6,Villa,"5 beds (3 doubles, 2 sofa beds)",0,1,1,https://cf.bstatic.com/xdata/images/hotel/square240/723329122.webp?k=7dade4b025bd23cfce9b7d2775f7240e117390d88ba8eff82a46d6f866d6077a&o=,4,Skardu
Hotel Golden Eyes & Restaurant,https://www.booking.com/hotel/pk/sermik-inn-guest-house-skardu1.en-gb.html?aid=304142&label=gen173nr-10CAQoggJCDWNpdHlfLTI3NzQ5MTZICVgEaLUBiAEBmAEzuAEHyAEM2AED6AEB-AEBiAIBqAIBuAK4mcLTBsACAdICJGZiMDA1OWE3LWM4MDItNDViMy04NDUxLTZiNzEyZGFhOTdjMtgCAeACAQ&ucfs=1&arphpl=1&checkin=2026-08-06&checkout=2026-08-07&dest_id=-2774916&dest_type=city&group_adults=2&req_adults=2&no_rooms=1&group_children=0&req_children=0&hpos=20&hapos=120&sr_order=popularity&srpvid=6f6c595cd676049e&srepoch=1785760969&all_sr_blocks=827795501_392321059_3_1_0&highlighted_blocks=827795501_392321059_3_1_0&matching_block_id=827795501_392321059_3_1_0&sr_pri_blocks=827795501_392321059_3_1_0__600000&from=searchresults,6000,2.0,1.0,Skardu,29.7,Deluxe Double or Twin Room with Garden View,2 extra-large double beds,1,0,0,https://cf.bstatic.com/xdata/images/hotel/square240/552823865.webp?k=f44eda55bb2084698e800f7e9367f85e7639a8149577db66597ef9caa48c0e78&o=,2,Skardu
Buddha Rock Guest House,https://www.booking.com/hotel/pk/buddha-rock-guest-house-skardu1.en-gb.html?aid=304142&label=gen173nr-10CAQoggJCDWNpdHlfLTI3NzQ5MTZICVgEaLUBiAEBmAEzuAEHyAEM2AED6AEB-AEBiAIBqAIBuAK4mcLTBsACAdICJGZiMDA1OWE3LWM4MDItNDViMy04NDUxLTZiNzEyZGFhOTdjMtgCAeACAQ&ucfs=1&arphpl=1&checkin=2026-08-06&checkout=2026-08-07&dest_id=-2774916&dest_type=city&group_adults=2&req_adults=2&no_rooms=1&group_children=0&req_children=0&hpos=21&hapos=121&sr_order=popularity&srpvid=6f6c595cd676049e&srepoch=1785760969&all_sr_blocks=1461894301_417495297_2_1_0&highlighted_blocks=1461894301_417495297_2_1_0&matching_block_id=1461894301_417495297_2_1_0&sr_pri_blocks=1461894301_417495297_2_1_0__630000&from=searchresults,6300,,,Skardu,3.8,Double Room,"12 beds (4 singles, 6 doubles, 2 large doubles)",1,0,1,https://cf.bstatic.com/xdata/images/hotel/square240/718339877.webp?k=8fa993746a30953928b94836c61c9c455bf0fa0f80abc0b0bf03b0de3ad763f3&o=,3,Skardu
Hotelgreenland,https://www.booking.com/hotel/pk/hotelgreenland.en-gb.html?aid=304142&label=gen173nr-10CAQoggJCDWNpdHlfLTI3NzQ5MTZICVgEaLUBiAEBmAEzuAEHyAEM2AED6AEB-AEBiAIBqAIBuAK4mcLTBsACAdICJGZiMDA1OWE3LWM4MDItNDViMy04NDUxLTZiNzEyZGFhOTdjMtgCAeACAQ&ucfs=1&arphpl=1&checkin=2026-08-06&checkout=2026-08-07&dest_id=-2774916&dest_type=city&group_adults=2&req_adults=2&no_rooms=1&group_children=0&req_children=0&hpos=22&hapos=122&sr_order=popularity&srpvid=6f6c595cd676049e&srepoch=1785760969&all_sr_blocks=1461355302_417434027_2_2_0&highlighted_blocks=1461355302_417434027_2_2_0&matching_block_id=1461355302_417434027_2_2_0&sr_pri_blocks=1461355302_417434027_2_2_0__600000&from=searchresults,6000,,,Skardu,42.4,Double Room,1 double bed,0,1,1,https://cf.bstatic.com/xdata/images/hotel/square240/717725078.webp?k=b1b6e6e65afce4c8b9033e35acaf8851984af00a37440fbbbcdf9ca2ac4269a9&o=,4,Skardu
Shama Resort Hotel,https://www.booking.com/hotel/pk/shama-resort.en-gb.html?aid=304142&label=gen173nr-10CAQoggJCDWNpdHlfLTI3NzQ5MTZICVgEaLUBiAEBmAEzuAEHyAEM2AED6AEB-AEBiAIBqAIBuAK4mcLTBsACAdICJGZiMDA1OWE3LWM4MDItNDViMy04NDUxLTZiNzEyZGFhOTdjMtgCAeACAQ&ucfs=1&arphpl=1&checkin=2026-08-06&checkout=2026-08-07&dest_id=-2774916&dest_type=city&group_adults=2&req_adults=2&no_rooms=1&group_children=0&req_children=0&hpos=23&hapos=123&sr_order=popularity&srpvid=6f6c595cd676049e&srepoch=1785760969&all_sr_blocks=1105719901_401872942_2_2_0&highlighted_blocks=1105719901_401872942_2_2_0&matching_block_id=1105719901_401872942_2_2_0&sr_pri_blocks=1105719901_401872942_2_2_0__1079900&from=searchresults,10799,,,Skardu,6.6,Deluxe Room,1 double bed,0,0,0,https://cf.bstatic.com/xdata/images/hotel/square240/505468664.webp?k=4e65cceb0e11f0a448f201f1162fe6c8c7cb27ecf2b6dd67151ac943690c0dad&o=,2,Skardu
Naqcho Paradise Inn Hotel,https://www.booking.com/hotel/pk/naqcho-paradise-inn-skardu.en-gb.html?aid=304142&label=gen173nr-10CAQoggJCDWNpdHlfLTI3NzQ5MTZICVgEaLUBiAEBmAEzuAEHyAEM2AED6AEB-AEBiAIBqAIBuAK4mcLTBsACAdICJGZiMDA1OWE3LWM4MDItNDViMy04NDUxLTZiNzEyZGFhOTdjMtgCAeACAQ&ucfs=1&arphpl=1&checkin=2026-08-06&checkout=2026-08-07&dest_id=-2774916&dest_type=city&group_adults=2&req_adults=2&no_rooms=1&group_children=0&req_children=0&hpos=24&hapos=124&sr_order=popularity&srpvid=6f6c595cd676049e&srepoch=1785760969&all_sr_blocks=1097504101_401873080_2_2_0&highlighted_blocks=1097504101_401873080_2_2_0&matching_block_id=1097504101_401873080_2_2_0&sr_pri_blocks=1097504101_401873080_2_2_0__2149900&from=searchresults,21499,,,Skardu,3.4,Deluxe Room,1 double bed,0,0,0,https://cf.bstatic.com/xdata/images/hotel/square240/501786098.webp?k=8b1b9faf9cc48b91adf012d6e5e27f5782f5924a3f710b5e8957e7b2fa14e486&o=,2,Skardu
Skd tour rentel services GB,https://www.booking.com/hotel/pk/skd-tour-rentel-services-gb.en-gb.html?aid=304142&label=gen173nr-10CAQoggJCDWNpdHlfLTI3NzQ5MTZICVgEaLUBiAEBmAEzuAEHyAEM2AED6AEB-AEBiAIBqAIBuAK4mcLTBsACAdICJGZiMDA1OWE3LWM4MDItNDViMy04NDUxLTZiNzEyZGFhOTdjMtgCAeACAQ&ucfs=1&arphpl=1&checkin=2026-08-06&checkout=2026-08-07&dest_id=-2774916&dest_type=city&group_adults=2&req_adults=2&no_rooms=1&group_children=0&req_children=0&hpos=25&hapos=125&sr_order=popularity&srpvid=6f6c595cd676049e&srepoch=1785760969&all_sr_blocks=1396008301_411511982_2_0_0&highlighted_blocks=1396008301_411511982_2_0_0&matching_block_id=1396008301_411511982_2_0_0&sr_pri_blocks=1396008301_411511982_2_0_0__1050000&from=searchresults,10500,,,Skardu,450.0,Mobile Home,1 double bed,0,1,1,https://cf.bstatic.com/xdata/images/hotel/square240/671848382.webp?k=553694b3936a3b2b05ec2cfdb7f1191ab6977db08503a4b8422ecf7ff56240f2&o=,4,Skardu
IFQ Premier Skardu,https://www.booking.com/hotel/pk/ifq-garden.en-gb.html?aid=304142&label=gen173nr-10CAQoggJCDWNpdHlfLTI3NzQ5MTZICVgEaLUBiAEBmAEzuAEHyAEM2AED6AEB-AEBiAIBqAIBuAK4mcLTBsACAdICJGZiMDA1OWE3LWM4MDItNDViMy04NDUxLTZiNzEyZGFhOTdjMtgCAeACAQ&ucfs=1&arphpl=1&checkin=2026-08-06&checkout=2026-08-07&dest_id=-2774916&dest_type=city&group_adults=2&req_adults=2&no_rooms=1&group_children=0&req_children=0&hpos=1&hapos=126&sr_order=popularity&srpvid=6f6c595cd676049e&srepoch=1785760971&all_sr_blocks=0_0_2_1_0&highlighted_blocks=0_0_2_1_0&matching_block_id=0_0_2_1_0&sr_pri_blocks=0_0_2_1_0__1949882&from=searchresults,19499,9.1,7.0,Skardu,2.9,Standard,1 single bed,1,1,0,https://cf.bstatic.com/xdata/images/hotel/square240/851662198.webp?k=65f784f85ff6cebca576329e91d57a341d907c9bb98145e449389c527ed72070&o=,3,Skardu
Back to Home Lodging,https://www.booking.com/hotel/pk/royal-house-aliabad-skardu.en-gb.html?aid=304142&label=gen173nr-10CAQoggJCDWNpdHlfLTI3NzQ5MTZICVgEaLUBiAEBmAEzuAEHyAEM2AED6AEB-AEBiAIBqAIBuAK4mcLTBsACAdICJGZiMDA1OWE3LWM4MDItNDViMy04NDUxLTZiNzEyZGFhOTdjMtgCAeACAQ&ucfs=1&arphpl=1&checkin=2026-08-06&checkout=2026-08-07&dest_id=-2774916&dest_type=city&group_adults=2&req_adults=2&no_rooms=1&group_children=0&req_children=0&hpos=2&hapos=127&sr_order=popularity&srpvid=6f6c595cd676049e&srepoch=1785760971&all_sr_blocks=1398589901_411725519_0_0_0&highlighted_blocks=1398589901_411725519_0_0_0&matching_block_id=1398589901_411725519_0_0_0&sr_pri_blocks=1398589901_411725519_0_0_0__800000&from=searchresults,8000,10,3.0,Skardu,2.8,King Room with Garden View,1 double bed,0,1,1,https://cf.bstatic.com/xdata/images/hotel/square240/688235941.webp?k=f5dc427f10e08897d64f3476f41648814c827b42ca559f5ab743a5b65e688633&o=,4,Skardu
Biafo Resort Skardu,https://www.booking.com/hotel/pk/biafo-house.en-gb.html?aid=304142&label=gen173nr-10CAQoggJCDWNpdHlfLTI3NzQ5MTZICVgEaLUBiAEBmAEzuAEHyAEM2AED6AEB-AEBiAIBqAIBuAK4mcLTBsACAdICJGZiMDA1OWE3LWM4MDItNDViMy04NDUxLTZiNzEyZGFhOTdjMtgCAeACAQ&ucfs=1&arphpl=1&checkin=2026-08-06&checkout=2026-08-07&dest_id=-2774916&dest_type=city&group_adults=2&req_adults=2&no_rooms=1&group_children=0&req_children=0&hpos=3&hapos=128&sr_order=popularity&srpvid=6f6c595cd676049e&srepoch=1785760971&all_sr_blocks=1164907202_432371469_2_42_0&highlighted_blocks=1164907202_432371469_2_42_0&matching_block_id=1164907202_432371469_2_42_0&sr_pri_blocks=1164907202_432371469_2_42_0__750000&from=searchresults,7500,8.9,30.0,Skardu,3.2,Double Room with Garden View,"2 beds (1 large double, 1 futon)",0,0,1,https://cf.bstatic.com/xdata/images/hotel/square240/560824270.webp?k=119cbe245bb42e31b7fc6f9e9cdc7a6f5af755d115baf36bef5756543cf4033b&o=,10,Skardu
BROQ,https://www.booking.com/hotel/pk/broq.en-gb.html?aid=304142&label=gen173nr-10CAQoggJCDWNpdHlfLTI3NzQ5MTZICVgEaLUBiAEBmAEzuAEHyAEM2AED6AEB-AEBiAIBqAIBuAK4mcLTBsACAdICJGZiMDA1OWE3LWM4MDItNDViMy04NDUxLTZiNzEyZGFhOTdjMtgCAeACAQ&ucfs=1&arphpl=1&checkin=2026-08-06&checkout=2026-08-07&dest_id=-2774916&dest_type=city&group_adults=2&req_adults=2&no_rooms=1&group_children=0&req_children=0&hpos=4&hapos=129&sr_order=popularity&srpvid=6f6c595cd676049e&srepoch=1785760971&all_sr_blocks=1066350904_379039402_2_1_0&highlighted_blocks=1066350904_379039402_2_1_0&matching_block_id=1066350904_379039402_2_1_0&sr_pri_blocks=1066350904_379039402_2_1_0__3000000&from=searchresults,30000,9.4,49.0,Skardu,8.4,Standard Double Room,1 large double bed,1,0,0,https://cf.bstatic.com/xdata/images/hotel/square240/781267789.webp?k=eedf0db4cfe9231ed208738309faa48471ef5a269bd51517547314305a3acec4&o=,3,Skardu
Bismillah Continental Hotel & Restaurant Skardu Near Katpana Cold Desert,https://www.booking.com/hotel/pk/bismillah-continental-amp-restaurant-skardu-near-katpana-cold-desert.en-gb.html?aid=304142&label=gen173nr-10CAQoggJCDWNpdHlfLTI3NzQ5MTZICVgEaLUBiAEBmAEzuAEHyAEM2AED6AEB-AEBiAIBqAIBuAK4mcLTBsACAdICJGZiMDA1OWE3LWM4MDItNDViMy04NDUxLTZiNzEyZGFhOTdjMtgCAeACAQ&ucfs=1&arphpl=1&checkin=2026-08-06&checkout=2026-08-07&dest_id=-2774916&dest_type=city&group_adults=2&req_adults=2&no_rooms=1&group_children=0&req_children=0&hpos=5&hapos=130&sr_order=popularity&srpvid=6f6c595cd676049e&srepoch=1785760971&all_sr_blocks=1686210101_440259949_1_0_0%2C1686210101_440259949_1_0_0&highlighted_blocks=1686210101_440259949_1_0_0%2C1686210101_440259949_1_0_0&matching_block_id=1686210101_440259949_1_0_0&sr_pri_blocks=1686210101_440259949_1_0_0__1377000%2C1686210101_440259949_1_0_0__1377000&from=searchresults,27540,,,Skardu,2.3,Deluxe Room,2 double beds,0,1,1,https://cf.bstatic.com/xdata/images/hotel/square240/893575777.webp?k=69a3cca157ef2b30112c75a28dafb13361d34ab5a30c4c985e34131b7ee0736f&o=,10,Skardu
Hotel Mountain Lodge Skardu,https://www.booking.com/hotel/pk/mountain-lodge-skardu-skardu.en-gb.html?aid=304142&label=gen173nr-10CAQoggJCDWNpdHlfLTI3NzQ5MTZICVgEaLUBiAEBmAEzuAEHyAEM2AED6AEB-AEBiAIBqAIBuAK4mcLTBsACAdICJGZiMDA1OWE3LWM4MDItNDViMy04NDUxLTZiNzEyZGFhOTdjMtgCAeACAQ&ucfs=1&arphpl=1&checkin=2026-08-06&checkout=2026-08-07&dest_id=-2774916&dest_type=city&group_adults=2&req_adults=2&no_rooms=1&group_children=0&req_children=0&hpos=6&hapos=131&sr_order=popularity&srpvid=6f6c595cd676049e&srepoch=1785760971&all_sr_blocks=588660901_377700650_1_1_0%2C588660901_377700650_1_1_0&highlighted_blocks=588660901_377700650_1_1_0%2C588660901_377700650_1_1_0&matching_block_id=588660901_377700650_1_1_0&sr_pri_blocks=588660901_377700650_1_1_0__1250000%2C588660901_377700650_1_1_0__1250000&from=searchresults,25000,9.0,36.0,Skardu,4.3,Deluxe Single Room,2 single beds,0,1,0,https://cf.bstatic.com/xdata/images/hotel/square240/230780290.webp?k=bc67114ab9562c1cb86d70d7d6171bacf45b361bc3559ff0de1f7515913e35d2&o=,13,Skardu
