property_name,property_url,Price_pkr,review_score,review_count,address,distance_from_center_km,property_type,bed_type,breakfast_included,free_cancellation,reserve_without_payment,image,stars,city
Islamabad Serena Hotel,https://www.booking.com/hotel/pk/islamabad-serena-islamabad.en-gb.html?aid=304142&label=gen173nr-10CAQoggJCDWNpdHlfLTI3NjI4MTJICVgEaLUBiAEBmAEzuAEHyAEM2AED6AEB-AEBiAIBqAIBuAKqisLTBsACAdICJGIyYWUwNDZiLWE5YmEtNGI1Yi05MjRjLWFkYWU5NDcwN2MxM9gCAeACAQ&ucfs=1&arphpl=1&checkin=2026-08-06&checkout=2026-08-07&dest_id=-2762812&dest_type=city&group_adults=2&req_adults=2&no_rooms=1&group_children=0&req_children=0&hpos=1&hapos=1&sr_order=popularity&srpvid=ed21559515340104&srepoch=1785759214&all_sr_blocks=106810201_439615904_0_41_0&highlighted_blocks=106810201_439615904_0_41_0&matching_block_id=106810201_439615904_0_41_0&sr_pri_blocks=106810201_439615904_0_41_0__17000&from=searchresults,47240,8.7,976.0,Islamabad,1.8,Deluxe Double Room,1 extra-large double bed,1,1,1,https://cf.bstatic.com/xdata/images/hotel/square240/183065428.webp?k=db6648f26ee40e1ab7caf3d12cb386f06ac30355668e16bbd391da5853f39154&o=,14,Islamabad
Movenpick Hotel Centaurus Islamabad,https://www.booking.com/hotel/pk/movenpick-centaurus-islamabad.en-gb.html?aid=304142&label=gen173nr-10CAQoggJCDWNpdHlfLTI3NjI4MTJICVgEaLUBiAEBmAEzuAEHyAEM2AED6AEB-AEBiAIBqAIBuAKqisLTBsACAdICJGIyYWUwNDZiLWE5YmEtNGI1Yi05MjRjLWFkYWU5NDcwN2MxM9gCAeACAQ&ucfs=1&arphpl=1&checkin=2026-08-06&checkout=2026-08-07&dest_id=-2762812&dest_type=city&group_adults=2&req_adults=2&no_rooms=1&group_children=0&req_children=0&hpos=2&hapos=2&sr_order=popularity&srpvid=ed21559515340104&srepoch=1785759214&all_sr_blocks=1350489203_407397611_2_42_0&highlighted_blocks=1350489203_407397611_2_42_0&matching_block_id=1350489203_407397611_2_42_0&sr_pri_blocks=1350489203_407397611_2_42_0__11600&from_sustainable_property_sr=1&from=searchresults,32234,8.7,670.0,"Blue Area, Islamabad",4.5,Classic King Room,1 extra-large double bed,0,0,0,https://cf.bstatic.com/xdata/images/hotel/square240/881620682.webp?k=ed665373fbf1cc335088979bffaf7a045e3b9c7d3052b27c2692f003d850460a&o=,14,Islamabad
Islamabad Marriott Hotel,https://www.booking.com/hotel/pk/islamabad-marriott.en-gb.html?aid=304142&label=gen173nr-10CAQoggJCDWNpdHlfLTI3NjI4MTJICVgEaLUBiAEBmAEzuAEHyAEM2AED6AEB-AEBiAIBqAIBuAKqisLTBsACAdICJGIyYWUwNDZiLWE5YmEtNGI1Yi05MjRjLWFkYWU5NDcwN2MxM9gCAeACAQ&ucfs=1&arphpl=1&checkin=2026-08-06&checkout=2026-08-07&dest_id=-2762812&dest_type=city&group_adults=2&req_adults=2&no_rooms=1&group_children=0&req_children=0&hpos=3&hapos=3&sr_order=popularity&srpvid=ed21559515340104&srepoch=1785759214&all_sr_blocks=39924401_118440414_2_1_0&highlighted_blocks=39924401_118440414_2_1_0&matching_block_id=39924401_118440414_2_1_0&sr_pri_blocks=39924401_118440414_2_1_0__4200000&from_sustainable_property_sr=1&from=searchresults,42000,8.5,554.0,Islamabad,0.7,"Deluxe, Guest room, 1 King",1 extra-large double bed,1,1,1,https://cf.bstatic.com/xdata/images/hotel/square240/825456805.webp?k=95ed7c919b95e65d9bd151906296f408876c33f80a354e0adc2dbc13f02e0b82&o=,16,Islamabad
Alpine Lodges,https://www.booking.com/hotel/pk/stay-well-guest-house.en-gb.html?aid=304142&label=gen173nr-10CAQoggJCDWNpdHlfLTI3NjI4MTJICVgEaLUBiAEBmAEzuAEHyAEM2AED6AEB-AEBiAIBqAIBuAKqisLTBsACAdICJGIyYWUwNDZiLWE5YmEtNGI1Yi05MjRjLWFkYWU5NDcwN2MxM9gCAeACAQ&ucfs=1&arphpl=1&checkin=2026-08-06&checkout=2026-08-07&dest_id=-2762812&dest_type=city&group_adults=2&req_adults=2&no_rooms=1&group_children=0&req_children=0&hpos=4&hapos=4&sr_order=popularity&srpvid=ed21559515340104&srepoch=1785759214&all_sr_blocks=1411633502_412909112_0_2_0&highlighted_blocks=1411633502_412909112_0_2_0&matching_block_id=1411633502_412909112_0_2_0&sr_pri_blocks=1411633502_412909112_0_2_0__693000&from=searchresults,6930,7.4,98.0,"E-11 Sector, Islamabad",12.1,Deluxe Double Room (2 Adults + 1 Child),"2 beds (1 extra-large double, 1 futon)",0,1,1,https://cf.bstatic.com/xdata/images/hotel/square240/874128153.webp?k=809b56501bc6a710a3253253de095a896404b820fceb873a532d948984aaabb3&o=,11,Islamabad
Premium category Apartments,https://www.booking.com/hotel/pk/sky-line-2-in-qurtuba-heights.en-gb.html?aid=304142&label=gen173nr-10CAQoggJCDWNpdHlfLTI3NjI4MTJICVgEaLUBiAEBmAEzuAEHyAEM2AED6AEB-AEBiAIBqAIBuAKqisLTBsACAdICJGIyYWUwNDZiLWE5YmEtNGI1Yi05MjRjLWFkYWU5NDcwN2MxM9gCAeACAQ&ucfs=1&arphpl=1&checkin=2026-08-06&checkout=2026-08-07&dest_id=-2762812&dest_type=city&group_adults=2&req_adults=2&no_rooms=1&group_children=0&req_children=0&hpos=5&hapos=5&sr_order=popularity&srpvid=ed21559515340104&srepoch=1785759214&all_sr_blocks=1683978001_440110815_8_0_0&highlighted_blocks=1683978001_440110815_8_0_0&matching_block_id=1683978001_440110815_8_0_0&sr_pri_blocks=1683978001_440110815_8_0_0__1360000&from=searchresults,13600,6.4,22.0,"E-11 Sector, Islamabad",10.8,Two-Bedroom Apartment,2 double beds,0,1,1,https://cf.bstatic.com/xdata/images/hotel/square240/898079966.webp?k=4e9924bbf0b54592a7ebb1def8bc832e0774afa5d8e268a1ba8d433fb1cfc096&o=,15,Islamabad
Taj Signature Hotel Islamabad,https://www.booking.com/hotel/pk/taj-signature-islamabad.en-gb.html?aid=304142&label=gen173nr-10CAQoggJCDWNpdHlfLTI3NjI4MTJICVgEaLUBiAEBmAEzuAEHyAEM2AED6AEB-AEBiAIBqAIBuAKqisLTBsACAdICJGIyYWUwNDZiLWE5YmEtNGI1Yi05MjRjLWFkYWU5NDcwN2MxM9gCAeACAQ&ucfs=1&arphpl=1&checkin=2026-08-06&checkout=2026-08-07&dest_id=-2762812&dest_type=city&group_adults=2&req_adults=2&no_rooms=1&group_children=0&req_children=0&hpos=6&hapos=6&sr_order=popularity&srpvid=ed21559515340104&srepoch=1785759214&all_sr_blocks=1594091103_430446484_2_1_0&highlighted_blocks=1594091103_430446484_2_1_0&matching_block_id=1594091103_430446484_2_1_0&sr_pri_blocks=1594091103_430446484_2_1_0__2160000&from=searchresults,21600,8.4,155.0,"F-7 Sector, Islamabad",3.7,Standard King Room,1 extra-large double bed,1,0,0,https://cf.bstatic.com/xdata/images/hotel/square240/833698027.webp?k=3a980596ad5bb12646421bc300d9bf8c97f55c9f56097e0760d1c822c22e4aaa&o=,14,Islamabad
Oriental Hotel Islamabad,https://www.booking.com/hotel/pk/dong-fang-jiu-dian.en-gb.html?aid=304142&label=gen173nr-10CAQoggJCDWNpdHlfLTI3NjI4MTJICVgEaLUBiAEBmAEzuAEHyAEM2AED6AEB-AEBiAIBqAIBuAKqisLTBsACAdICJGIyYWUwNDZiLWE5YmEtNGI1Yi05MjRjLWFkYWU5NDcwN2MxM9gCAeACAQ&ucfs=1&arphpl=1&checkin=2026-08-06&checkout=2026-08-07&dest_id=-2762812&dest_type=city&group_adults=2&req_adults=2&no_rooms=1&group_children=0&req_children=0&hpos=7&hapos=7&sr_order=popularity&srpvid=ed21559515340104&srepoch=1785759214&all_sr_blocks=1579286608_429340263_2_42_0&highlighted_blocks=1579286608_429340263_2_42_0&matching_block_id=1579286608_429340263_2_42_0&sr_pri_blocks=1579286608_429340263_2_42_0__692550&from=searchresults,6926,7.3,76.0,"F-8 Sector, Islamabad",5.1,Standard Queen Room,1 double bed,0,1,1,https://cf.bstatic.com/xdata/images/hotel/square240/881769324.webp?k=15543138f06883a57134fd45839ce20324f5d5565374b67dcc9cda6d7cd6ca4a&o=,6,Islamabad
The Life Style Lodges opp Centaurus Mall,https://www.booking.com/hotel/pk/life-style-guest-house-islamabad.en-gb.html?aid=304142&label=gen173nr-10CAQoggJCDWNpdHlfLTI3NjI4MTJICVgEaLUBiAEBmAEzuAEHyAEM2AED6AEB-AEBiAIBqAIBuAKqisLTBsACAdICJGIyYWUwNDZiLWE5YmEtNGI1Yi05MjRjLWFkYWU5NDcwN2MxM9gCAeACAQ&ucfs=1&arphpl=1&checkin=2026-08-06&checkout=2026-08-07&dest_id=-2762812&dest_type=city&group_adults=2&req_adults=2&no_rooms=1&group_children=0&req_children=0&hpos=8&hapos=8&sr_order=popularity&srpvid=ed21559515340104&srepoch=1785759214&all_sr_blocks=887646522_358381650_2_2_0&highlighted_blocks=887646522_358381650_2_2_0&matching_block_id=887646522_358381650_2_2_0&sr_pri_blocks=887646522_358381650_2_2_0__700000&from=searchresults,7000,6.7,360.0,"F-7 Sector, Islamabad",4.1,Queen Room,1 double bed,0,1,1,https://cf.bstatic.com/xdata/images/hotel/square240/758313760.webp?k=b9bc34248288e6cf6502e8f5758bbab16fd8b9cd0301209f9eab06bff4a4c3f6&o=,8,Islamabad
"Roomy Signature Hotel, Islamabad",https://www.booking.com/hotel/pk/roomy-signature-islamabad.en-gb.html?aid=304142&label=gen173nr-10CAQoggJCDWNpdHlfLTI3NjI4MTJICVgEaLUBiAEBmAEzuAEHyAEM2AED6AEB-AEBiAIBqAIBuAKqisLTBsACAdICJGIyYWUwNDZiLWE5YmEtNGI1Yi05MjRjLWFkYWU5NDcwN2MxM9gCAeACAQ&ucfs=1&arphpl=1&checkin=2026-08-06&checkout=2026-08-07&dest_id=-2762812&dest_type=city&group_adults=2&req_adults=2&no_rooms=1&group_children=0&req_children=0&hpos=9&hapos=9&sr_order=popularity&srpvid=ed21559515340104&srepoch=1785759214&all_sr_blocks=1011554305_440995518_2_1_0_1177557&highlighted_blocks=1011554305_440995518_2_1_0_1177557&matching_block_id=1011554305_440995518_2_1_0_1177557&sr_pri_blocks=1011554305_440995518_2_1_0_1177557_3272500&from=searchresults,32725,8.3,734.0,"F-6 Sector, Islamabad",1.4,King Room with Garden View,1 double bed,1,1,0,https://cf.bstatic.com/xdata/images/hotel/square240/463295676.webp?k=7875d270d9a806b06fd226248ec0dfee733d24db8c27b99a530e0880f844301f&o=,11,Islamabad
The 108 Hotel,https://www.booking.com/hotel/pk/the-108.en-gb.html?aid=304142&label=gen173nr-10CAQoggJCDWNpdHlfLTI3NjI4MTJICVgEaLUBiAEBmAEzuAEHyAEM2AED6AEB-AEBiAIBqAIBuAKqisLTBsACAdICJGIyYWUwNDZiLWE5YmEtNGI1Yi05MjRjLWFkYWU5NDcwN2MxM9gCAeACAQ&ucfs=1&arphpl=1&checkin=2026-08-06&checkout=2026-08-07&dest_id=-2762812&dest_type=city&group_adults=2&req_adults=2&no_rooms=1&group_children=0&req_children=0&hpos=10&hapos=10&sr_order=popularity&srpvid=ed21559515340104&srepoch=1785759214&all_sr_blocks=721651803_395129618_2_1_0&highlighted_blocks=721651803_395129618_2_1_0&matching_block_id=721651803_395129618_2_1_0&sr_pri_blocks=721651803_395129618_2_1_0__2755200&from=searchresults,27552,8.9,324.0,"Blue Area, Islamabad",3.7,Deluxe King Room,1 extra-large double bed,1,1,0,https://cf.bstatic.com/xdata/images/hotel/square240/762295272.webp?k=aa6248fe2778785dce6056f305e36b42a97382e66bc37a12f2b19af6692f5f76&o=,3,Islamabad
Regal Horizon G-13,https://www.booking.com/hotel/pk/regal-horizon-g-13-islamabad1.en-gb.html?aid=304142&label=gen173nr-10CAQoggJCDWNpdHlfLTI3NjI4MTJICVgEaLUBiAEBmAEzuAEHyAEM2AED6AEB-AEBiAIBqAIBuAKqisLTBsACAdICJGIyYWUwNDZiLWE5YmEtNGI1Yi05MjRjLWFkYWU5NDcwN2MxM9gCAeACAQ&ucfs=1&arphpl=1&checkin=2026-08-06&checkout=2026-08-07&dest_id=-2762812&dest_type=city&group_adults=2&req_adults=2&no_rooms=1&group_children=0&req_children=0&hpos=11&hapos=11&sr_order=popularity&srpvid=ed21559515340104&srepoch=1785759214&all_sr_blocks=1690595802_440707493_5_0_0&highlighted_blocks=1690595802_440707493_5_0_0&matching_block_id=1690595802_440707493_5_0_0&sr_pri_blocks=1690595802_440707493_5_0_0__1400000&from=searchresults,14000,9.5,22.0,Islamabad,14.0,Deluxe Double or Twin Room with City View,"4 beds (1 single, 1 extra-large double, 2 futons)",0,1,1,https://cf.bstatic.com/xdata/images/hotel/square240/896805473.webp?k=7d1a5397f5bc11cb6be078a36580f566158963ed4816ecf16006770cc8ea49a3&o=,13,Islamabad
LMY Boutique Hotel Serviced Apartments Blue Area Islamabad,https://www.booking.com/hotel/pk/hdjisns.en-gb.html?aid=304142&label=gen173nr-10CAQoggJCDWNpdHlfLTI3NjI4MTJICVgEaLUBiAEBmAEzuAEHyAEM2AED6AEB-AEBiAIBqAIBuAKqisLTBsACAdICJGIyYWUwNDZiLWE5YmEtNGI1Yi05MjRjLWFkYWU5NDcwN2MxM9gCAeACAQ&ucfs=1&arphpl=1&checkin=2026-08-06&checkout=2026-08-07&dest_id=-2762812&dest_type=city&group_adults=2&req_adults=2&no_rooms=1&group_children=0&req_children=0&hpos=12&hapos=12&sr_order=popularity&srpvid=ed21559515340104&srepoch=1785759214&all_sr_blocks=1687377201_440521423_2_1_0&highlighted_blocks=1687377201_440521423_2_1_0&matching_block_id=1687377201_440521423_2_1_0&sr_pri_blocks=1687377201_440521423_2_1_0__2040000&from=searchresults,20400,10,2.0,"Blue Area, Islamabad",4.6,Deluxe King Studio,1 double bed,1,1,1,https://cf.bstatic.com/xdata/images/hotel/square240/896562374.webp?k=bc26033d53eb3ddd80103a5991810eb4c7d732d72ab4e0013e1db2f4752fc3f4&o=,15,Islamabad
Durrani Lodges - Islamabad G11,https://www.booking.com/hotel/pk/durrani-islamabad.en-gb.html?aid=304142&label=gen173nr-10CAQoggJCDWNpdHlfLTI3NjI4MTJICVgEaLUBiAEBmAEzuAEHyAEM2AED6AEB-AEBiAIBqAIBuAKqisLTBsACAdICJGIyYWUwNDZiLWE5YmEtNGI1Yi05MjRjLWFkYWU5NDcwN2MxM9gCAeACAQ&ucfs=1&arphpl=1&checkin=2026-08-06&checkout=2026-08-07&dest_id=-2762812&dest_type=city&group_adults=2&req_adults=2&no_rooms=1&group_children=0&req_children=0&hpos=13&hapos=13&sr_order=popularity&srpvid=ed21559515340104&srepoch=1785759214&all_sr_blocks=1591179102_430352164_3_2_0&highlighted_blocks=1591179102_430352164_3_2_0&matching_block_id=1591179102_430352164_3_2_0&sr_pri_blocks=1591179102_430352164_3_2_0__293250&from=searchresults,2933,7.2,66.0,Islamabad,10.1,King Room with Balcony,"2 beds (1 double, 1 futon)",0,1,1,https://cf.bstatic.com/xdata/images/hotel/square240/832101060.webp?k=b75fa60a08df6a029efb5676a902928875204f305138507a7a099cce1e02fe44&o=,11,Islamabad
New Islamabad Hotel,https://www.booking.com/hotel/pk/nih.en-gb.html?aid=304142&label=gen173nr-10CAQoggJCDWNpdHlfLTI3NjI4MTJICVgEaLUBiAEBmAEzuAEHyAEM2AED6AEB-AEBiAIBqAIBuAKqisLTBsACAdICJGIyYWUwNDZiLWE5YmEtNGI1Yi05MjRjLWFkYWU5NDcwN2MxM9gCAeACAQ&ucfs=1&arphpl=1&checkin=2026-08-06&checkout=2026-08-07&dest_id=-2762812&dest_type=city&group_adults=2&req_adults=2&no_rooms=1&group_children=0&req_children=0&hpos=14&hapos=14&sr_order=popularity&srpvid=ed21559515340104&srepoch=1785759214&all_sr_blocks=1078032103_407015816_2_2_0&highlighted_blocks=1078032103_407015816_2_2_0&matching_block_id=1078032103_407015816_2_2_0&sr_pri_blocks=1078032103_407015816_2_2_0__519368&from=searchresults,5194,6.4,129.0,"G-7 Sector, Islamabad",3.5,Standard Double Room,1 double bed,0,1,1,https://cf.bstatic.com/xdata/images/hotel/square240/879448064.webp?k=9f930ba2c47b7119946e5bf5f5990733d5e5dd94b243cadf37ea96d757309524&o=,14,Islamabad
Every lodge guesthouse,https://www.booking.com/hotel/pk/every-lodge-guesthouse-islamabad3.en-gb.html?aid=304142&label=gen173nr-10CAQoggJCDWNpdHlfLTI3NjI4MTJICVgEaLUBiAEBmAEzuAEHyAEM2AED6AEB-AEBiAIBqAIBuAKqisLTBsACAdICJGIyYWUwNDZiLWE5YmEtNGI1Yi05MjRjLWFkYWU5NDcwN2MxM9gCAeACAQ&ucfs=1&arphpl=1&checkin=2026-08-06&checkout=2026-08-07&dest_id=-2762812&dest_type=city&group_adults=2&req_adults=2&no_rooms=1&group_children=0&req_children=0&hpos=15&hapos=15&sr_order=popularity&srpvid=ed21559515340104&srepoch=1785759214&all_sr_blocks=1201997401_392467776_2_2_0&highlighted_blocks=1201997401_392467776_2_2_0&matching_block_id=1201997401_392467776_2_2_0&sr_pri_blocks=1201997401_392467776_2_2_0__252000&from=searchresults,2520,4.9,60.0,"G-9 Sector, Islamabad",7.7,Double Room with Mountain View,1 double bed,0,0,0,https://cf.bstatic.com/xdata/images/hotel/square240/632823904.webp?k=1a3d7b8c17810968e0d172d911a9837f646ae6364b6244fdaaf45c7fe4365bc7&o=,2,Islamabad
Adams Lodge F-7,https://www.booking.com/hotel/pk/adams-lodge.en-gb.html?aid=304142&label=gen173nr-10CAQoggJCDWNpdHlfLTI3NjI4MTJICVgEaLUBiAEBmAEzuAEHyAEM2AED6AEB-AEBiAIBqAIBuAKqisLTBsACAdICJGIyYWUwNDZiLWE5YmEtNGI1Yi05MjRjLWFkYWU5NDcwN2MxM9gCAeACAQ&ucfs=1&arphpl=1&checkin=2026-08-06&checkout=2026-08-07&dest_id=-2762812&dest_type=city&group_adults=2&req_adults=2&no_rooms=1&group_children=0&req_children=0&hpos=16&hapos=16&sr_order=popularity&srpvid=ed21559515340104&srepoch=1785759214&all_sr_blocks=1638627804_434160641_2_42_0&highlighted_blocks=1638627804_434160641_2_42_0&matching_block_id=1638627804_434160641_2_42_0&sr_pri_blocks=1638627804_434160641_2_42_0__427500&from=searchresults,4275,4.4,11.0,"F-7 Sector, Islamabad",3.5,Budget Double Room,1 double bed,0,1,1,https://cf.bstatic.com/xdata/images/hotel/square240/866229655.webp?k=03f1effa59193a03fc5ba0401110c6711f94a8a4b05273f5f7d890e2cdf76793&o=,8,Islamabad
Ramada by Wyndham Islamabad,https://www.booking.com/hotel/pk/ramada-islamabad.en-gb.html?aid=304142&label=gen173nr-10CAQoggJCDWNpdHlfLTI3NjI4MTJICVgEaLUBiAEBmAEzuAEHyAEM2AED6AEB-AEBiAIBqAIBuAKqisLTBsACAdICJGIyYWUwNDZiLWE5YmEtNGI1Yi05MjRjLWFkYWU5NDcwN2MxM9gCAeACAQ&ucfs=1&arphpl=1&checkin=2026-08-06&checkout=2026-08-07&dest_id=-2762812&dest_type=city&group_adults=2&req_adults=2&no_rooms=1&group_children=0&req_children=0&hpos=17&hapos=17&sr_order=popularity&srpvid=ed21559515340104&srepoch=1785759214&all_sr_blocks=281208302_247146802_2_1_0&highlighted_blocks=281208302_247146802_2_1_0&matching_block_id=281208302_247146802_2_1_0&sr_pri_blocks=281208302_247146802_2_1_0__3800000&from=searchresults,38000,7.8,365.0,Islamabad,2.5,King Room - Smoking,,1,1,1,https://cf.bstatic.com/xdata/images/hotel/square240/851066316.webp?k=4f8007a7b5295ff608e56c67096470508d7c7d47025b3909b4f54f9273648bcd&o=,13,Islamabad
Elysium Serviced Apartment,https://www.booking.com/hotel/pk/elysium-serviced-apartment.en-gb.html?aid=304142&label=gen173nr-10CAQoggJCDWNpdHlfLTI3NjI4MTJICVgEaLUBiAEBmAEzuAEHyAEM2AED6AEB-AEBiAIBqAIBuAKqisLTBsACAdICJGIyYWUwNDZiLWE5YmEtNGI1Yi05MjRjLWFkYWU5NDcwN2MxM9gCAeACAQ&ucfs=1&arphpl=1&checkin=2026-08-06&checkout=2026-08-07&dest_id=-2762812&dest_type=city&group_adults=2&req_adults=2&no_rooms=1&group_children=0&req_children=0&hpos=18&hapos=18&sr_order=popularity&srpvid=ed21559515340104&srepoch=1785759214&all_sr_blocks=1094740301_432963143_2_0_0&highlighted_blocks=1094740301_432963143_2_0_0&matching_block_id=1094740301_432963143_2_0_0&sr_pri_blocks=1094740301_432963143_2_0_0__2140000&from=searchresults,21400,8.6,16.0,"Blue Area, Islamabad",4.6,Studio Apartment with Balcony,"2 beds (1 extra-large double, 1 sofa bed)",0,1,1,https://cf.bstatic.com/xdata/images/hotel/square240/856458124.webp?k=d68c9ed66ea265aaa61673f4d9f69b6acee0debad38e69ec7dcbb230e57f5d5c&o=,12,Islamabad
Legacy Dreams,https://www.booking.com/hotel/pk/legacy-suites-by-shelton.en-gb.html?aid=304142&label=gen173nr-10CAQoggJCDWNpdHlfLTI3NjI4MTJICVgEaLUBiAEBmAEzuAEHyAEM2AED6AEB-AEBiAIBqAIBuAKqisLTBsACAdICJGIyYWUwNDZiLWE5YmEtNGI1Yi05MjRjLWFkYWU5NDcwN2MxM9gCAeACAQ&ucfs=1&arphpl=1&checkin=2026-08-06&checkout=2026-08-07&dest_id=-2762812&dest_type=city&group_adults=2&req_adults=2&no_rooms=1&group_children=0&req_children=0&hpos=19&hapos=19&sr_order=popularity&srpvid=ed21559515340104&srepoch=1785759214&all_sr_blocks=1440566102_415511471_0_1_0&highlighted_blocks=1440566102_415511471_0_1_0&matching_block_id=1440566102_415511471_0_1_0&sr_pri_blocks=1440566102_415511471_0_1_0__1550000&from=searchresults,15500,9.6,323.0,"F-7 Sector, Islamabad",3.9,Twin Room,2 single beds,1,1,1,https://cf.bstatic.com/xdata/images/hotel/square240/725677400.webp?k=ab717b42d96db865c0da31d3bfe8b043c9c5ec83f1ff1125a01a817aa0632cef&o=,12,Islamabad
Doolv Guest House,https://www.booking.com/hotel/pk/doolv-guest-house-islamabad2.en-gb.html?aid=304142&label=gen173nr-10CAQoggJCDWNpdHlfLTI3NjI4MTJICVgEaLUBiAEBmAEzuAEHyAEM2AED6AEB-AEBiAIBqAIBuAKqisLTBsACAdICJGIyYWUwNDZiLWE5YmEtNGI1Yi05MjRjLWFkYWU5NDcwN2MxM9gCAeACAQ&ucfs=1&arphpl=1&checkin=2026-08-06&checkout=2026-08-07&dest_id=-2762812&dest_type=city&group_adults=2&req_adults=2&no_rooms=1&group_children=0&req_children=0&hpos=20&hapos=20&sr_order=popularity&srpvid=ed21559515340104&srepoch=1785759214&all_sr_blocks=1622327302_433017257_4_2_0&highlighted_blocks=1622327302_433017257_4_2_0&matching_block_id=1622327302_433017257_4_2_0&sr_pri_blocks=1622327302_433017257_4_2_0__500000&from=searchresults,5000,8.5,80.0,"Blue Area, Islamabad",4.2,Large Twin Room,"3 beds (1 extra-large double, 1 sofa bed, 1 futon)",0,1,1,https://cf.bstatic.com/xdata/images/hotel/square240/857061372.webp?k=e9b073f9cb4f4a99c923ab6af03f05b8513eadf7399d90a514ceda69567b4e75&o=,13,Islamabad
Emerald Inn,https://www.booking.com/hotel/pk/emerald-inn-islamabad4.en-gb.html?aid=304142&label=gen173nr-10CAQoggJCDWNpdHlfLTI3NjI4MTJICVgEaLUBiAEBmAEzuAEHyAEM2AED6AEB-AEBiAIBqAIBuAKqisLTBsACAdICJGIyYWUwNDZiLWE5YmEtNGI1Yi05MjRjLWFkYWU5NDcwN2MxM9gCAeACAQ&ucfs=1&arphpl=1&checkin=2026-08-06&checkout=2026-08-07&dest_id=-2762812&dest_type=city&group_adults=2&req_adults=2&no_rooms=1&group_children=0&req_children=0&hpos=21&hapos=21&sr_order=popularity&srpvid=ed21559515340104&srepoch=1785759214&all_sr_blocks=1668156002_438640246_2_1_0&highlighted_blocks=1668156002_438640246_2_1_0&matching_block_id=1668156002_438640246_2_1_0&sr_pri_blocks=1668156002_438640246_2_1_0__612000&from=searchresults,6120,7.4,5.0,"G-6 Sector, Islamabad",2.6,Deluxe Double Room (2 Adults + 1 Child),1 double bed,1,1,1,https://cf.bstatic.com/xdata/images/hotel/square240/883832040.webp?k=bcd6dd562f5abf550aac155615908afa55f2e6486b844d3845caa4328ec2986e&o=,10,Islamabad
Delano Guest House,https://www.booking.com/hotel/pk/delano-guest-house.en-gb.html?aid=304142&label=gen173nr-10CAQoggJCDWNpdHlfLTI3NjI4MTJICVgEaLUBiAEBmAEzuAEHyAEM2AED6AEB-AEBiAIBqAIBuAKqisLTBsACAdICJGIyYWUwNDZiLWE5YmEtNGI1Yi05MjRjLWFkYWU5NDcwN2MxM9gCAeACAQ&ucfs=1&arphpl=1&checkin=2026-08-06&checkout=2026-08-07&dest_id=-2762812&dest_type=city&group_adults=2&req_adults=2&no_rooms=1&group_children=0&req_children=0&hpos=22&hapos=22&sr_order=popularity&srpvid=ed21559515340104&srepoch=1785759214&all_sr_blocks=135245112_335428280_3_0_0&highlighted_blocks=135245112_335428280_3_0_0&matching_block_id=135245112_335428280_3_0_0&sr_pri_blocks=135245112_335428280_3_0_0__500000&from=searchresults,5000,6.5,26.0,Islamabad,8.4,Deluxe Double Room (2 Adults + 1 Child),1 extra-large double bed,0,1,1,https://cf.bstatic.com/xdata/images/hotel/square240/881028390.webp?k=214859f814f551dfdb139a19553984ac9f835598cf8a1cedd8b02ee7d6450c5c&o=,10,Islamabad
Royal Palace Boutique Hotel,https://www.booking.com/hotel/pk/royal-palace-boutique-islamabad1.en-gb.html?aid=304142&label=gen173nr-10CAQoggJCDWNpdHlfLTI3NjI4MTJICVgEaLUBiAEBmAEzuAEHyAEM2AED6AEB-AEBiAIBqAIBuAKqisLTBsACAdICJGIyYWUwNDZiLWE5YmEtNGI1Yi05MjRjLWFkYWU5NDcwN2MxM9gCAeACAQ&ucfs=1&arphpl=1&checkin=2026-08-06&checkout=2026-08-07&dest_id=-2762812&dest_type=city&group_adults=2&req_adults=2&no_rooms=1&group_children=0&req_children=0&hpos=23&hapos=23&sr_order=popularity&srpvid=ed21559515340104&srepoch=1785759214&all_sr_blocks=1512098802_422955577_2_1_0&highlighted_blocks=1512098802_422955577_2_1_0&matching_block_id=1512098802_422955577_2_1_0&sr_pri_blocks=1512098802_422955577_2_1_0__1363230&from=searchresults,13632,8.5,109.0,"F-6 Sector, Islamabad",1.2,Superior Family Room,2 double beds,1,0,0,https://cf.bstatic.com/xdata/images/hotel/square240/891185030.webp?k=24349a5207be17028ada35ea1f7692c1116c3b595a981c7e1ee25e347c3187ed&o=,8,Islamabad
Hermes Urban Stay,https://www.booking.com/hotel/pk/hermes-urban-stay.en-gb.html?aid=304142&label=gen173nr-10CAQoggJCDWNpdHlfLTI3NjI4MTJICVgEaLUBiAEBmAEzuAEHyAEM2AED6AEB-AEBiAIBqAIBuAKqisLTBsACAdICJGIyYWUwNDZiLWE5YmEtNGI1Yi05MjRjLWFkYWU5NDcwN2MxM9gCAeACAQ&ucfs=1&arphpl=1&checkin=2026-08-06&checkout=2026-08-07&dest_id=-2762812&dest_type=city&group_adults=2&req_adults=2&no_rooms=1&group_children=0&req_children=0&hpos=24&hapos=24&sr_order=popularity&srpvid=ed21559515340104&srepoch=1785759214&all_sr_blocks=1567603002_427860673_2_0_0&highlighted_blocks=1567603002_427860673_2_0_0&matching_block_id=1567603002_427860673_2_0_0&sr_pri_blocks=1567603002_427860673_2_0_0__450000&from=searchresults,4500,8.2,7.0,"E-11 Sector, Islamabad",11.4,Double Room,1 large double bed,0,0,0,https://cf.bstatic.com/xdata/images/hotel/square240/811430458.webp?k=2958e3f5b36f2de8e056ce92a97a6133d267035bfb661e8016f705626fc962f9&o=,2,Islamabad
The 430 Executive Stay,https://www.booking.com/hotel/pk/the-430-executive-stay.en-gb.html?aid=304142&label=gen173nr-10CAQoggJCDWNpdHlfLTI3NjI4MTJICVgEaLUBiAEBmAEzuAEHyAEM2AED6AEB-AEBiAIBqAIBuAKqisLTBsACAdICJGIyYWUwNDZiLWE5YmEtNGI1Yi05MjRjLWFkYWU5NDcwN2MxM9gCAeACAQ&ucfs=1&arphpl=1&checkin=2026-08-06&checkout=2026-08-07&dest_id=-2762812&dest_type=city&group_adults=2&req_adults=2&no_rooms=1&group_children=0&req_children=0&hpos=25&hapos=25&sr_order=popularity&srpvid=ed21559515340104&srepoch=1785759214&all_sr_blocks=1631621203_433684166_4_0_0&highlighted_blocks=1631621203_433684166_4_0_0&matching_block_id=1631621203_433684166_4_0_0&sr_pri_blocks=1631621203_433684166_4_0_0__700000&from=searchresults,7000,8.3,7.0,Islamabad,19.4,Superior Double or Twin Room,"3 beds (1 extra-large double, 1 sofa bed, 1 futon)",0,1,1,https://cf.bstatic.com/xdata/images/hotel/square240/862027396.webp?k=0f7912d1d3c262d81c99d12b01a9ba0e34c248305adebf3b80ab59a5db3b16d0&o=,14,Islamabad
Vision 2 Islamabad,https://www.booking.com/hotel/pk/vision-2-islamabad-islamabad2.en-gb.html?aid=304142&label=gen173nr-10CAQoggJCDWNpdHlfLTI3NjI4MTJICVgEaLUBiAEBmAEzuAEHyAEM2AED6AEB-AEBiAIBqAIBuAKqisLTBsACAdICJGIyYWUwNDZiLWE5YmEtNGI1Yi05MjRjLWFkYWU5NDcwN2MxM9gCAeACAQ&ucfs=1&arphpl=1&checkin=2026-08-06&checkout=2026-08-07&dest_id=-2762812&dest_type=city&group_adults=2&req_adults=2&no_rooms=1&group_children=0&req_children=0&hpos=1&hapos=26&sr_order=popularity&srpvid=ed21559515340104&srepoch=1785759028&all_sr_blocks=1596607602_430680544_4_2_0&highlighted_blocks=1596607602_430680544_4_2_0&matching_block_id=1596607602_430680544_4_2_0&sr_pri_blocks=1596607602_430680544_4_2_0__550000&from=searchresults,5500,8.6,21.0,Islamabad,19.4,Economy Twin Room,"3 beds (1 extra-large double, 1 sofa bed, 1 futon)",0,1,1,https://cf.bstatic.com/xdata/images/hotel/square240/865996060.webp?k=30676aa105523a87f671c368450e47f6ccc1947be9cf429f5e1c8a5d7490c6e8&o=,14,Islamabad
Walk-Inn Centaurus Hotel Apartments Islamabad,https://www.booking.com/hotel/pk/walk-in-residence.en-gb.html?aid=304142&label=gen173nr-10CAQoggJCDWNpdHlfLTI3NjI4MTJICVgEaLUBiAEBmAEzuAEHyAEM2AED6AEB-AEBiAIBqAIBuAKqisLTBsACAdICJGIyYWUwNDZiLWE5YmEtNGI1Yi05MjRjLWFkYWU5NDcwN2MxM9gCAeACAQ&ucfs=1&arphpl=1&checkin=2026-08-06&checkout=2026-08-07&dest_id=-2762812&dest_type=city&group_adults=2&req_adults=2&no_rooms=1&group_children=0&req_children=0&hpos=2&hapos=27&sr_order=popularity&srpvid=ed21559515340104&srepoch=1785759028&all_sr_blocks=626639515_245157112_2_2_0_1389042&highlighted_blocks=626639515_245157112_2_2_0_1389042&matching_block_id=626639515_245157112_2_2_0_1389042&sr_pri_blocks=626639515_245157112_2_2_0_1389042_14661&from=searchresults,40740,8.7,117.0,"Blue Area, Islamabad",4.6,Family Two-Bedroom Apartment with View,"2 beds (1 extra-large double, 1 large double)",0,1,1,https://cf.bstatic.com/xdata/images/hotel/square240/854352756.webp?k=acae7e85b95be6577d845a6ed78f1b3bcf38c6b2192e23a6eb36e29c9512c336&o=,16,Islamabad
Sweet Residence,https://www.booking.com/hotel/pk/coral-family-lodges.en-gb.html?aid=304142&label=gen173nr-10CAQoggJCDWNpdHlfLTI3NjI4MTJICVgEaLUBiAEBmAEzuAEHyAEM2AED6AEB-AEBiAIBqAIBuAKqisLTBsACAdICJGIyYWUwNDZiLWE5YmEtNGI1Yi05MjRjLWFkYWU5NDcwN2MxM9gCAeACAQ&ucfs=1&arphpl=1&checkin=2026-08-06&checkout=2026-08-07&dest_id=-2762812&dest_type=city&group_adults=2&req_adults=2&no_rooms=1&group_children=0&req_children=0&hpos=3&hapos=28&sr_order=popularity&srpvid=ed21559515340104&srepoch=1785759028&all_sr_blocks=1256791501_398220883_3_2_0&highlighted_blocks=1256791501_398220883_3_2_0&matching_block_id=1256791501_398220883_3_2_0&sr_pri_blocks=1256791501_398220883_3_2_0__621000&from=searchresults,6210,5.4,31.0,"E-11 Sector, Islamabad",10.7,Deluxe Double Room (2 Adults + 1 Child),"2 beds (1 double, 1 futon)",0,1,1,https://cf.bstatic.com/xdata/images/hotel/square240/820340980.webp?k=9c18a5fa29feac64eb338009676ba1c30ab728ff84e0db67801ad80dc07274c9&o=,11,Islamabad
The 430 Nexus,https://www.booking.com/hotel/pk/the-430-nexus.en-gb.html?aid=304142&label=gen173nr-10CAQoggJCDWNpdHlfLTI3NjI4MTJICVgEaLUBiAEBmAEzuAEHyAEM2AED6AEB-AEBiAIBqAIBuAKqisLTBsACAdICJGIyYWUwNDZiLWE5YmEtNGI1Yi05MjRjLWFkYWU5NDcwN2MxM9gCAeACAQ&ucfs=1&arphpl=1&checkin=2026-08-06&checkout=2026-08-07&dest_id=-2762812&dest_type=city&group_adults=2&req_adults=2&no_rooms=1&group_children=0&req_children=0&hpos=4&hapos=29&sr_order=popularity&srpvid=ed21559515340104&srepoch=1785759028&all_sr_blocks=1631667602_433686734_4_0_0&highlighted_blocks=1631667602_433686734_4_0_0&matching_block_id=1631667602_433686734_4_0_0&sr_pri_blocks=1631667602_433686734_4_0_0__500000&from=searchresults,5000,9.6,11.0,Islamabad,19.4,Deluxe Double or Twin Room,"3 beds (1 extra-large double, 1 sofa bed, 1 futon)",0,1,1,https://cf.bstatic.com/xdata/images/hotel/square240/883512367.webp?k=463e4e49d933c7c65b61e7d140c0c8de8f5af1ebcfaeed8378986a88c15ccdce&o=,14,Islamabad
The HOST DELUXE,https://www.booking.com/hotel/pk/the-host-deluxe.en-gb.html?aid=304142&label=gen173nr-10CAQoggJCDWNpdHlfLTI3NjI4MTJICVgEaLUBiAEBmAEzuAEHyAEM2AED6AEB-AEBiAIBqAIBuAKqisLTBsACAdICJGIyYWUwNDZiLWE5YmEtNGI1Yi05MjRjLWFkYWU5NDcwN2MxM9gCAeACAQ&ucfs=1&arphpl=1&checkin=2026-08-06&checkout=2026-08-07&dest_id=-2762812&dest_type=city&group_adults=2&req_adults=2&no_rooms=1&group_children=0&req_children=0&hpos=5&hapos=30&sr_order=popularity&srpvid=ed21559515340104&srepoch=1785759028&all_sr_blocks=1572404901_428291621_2_2_0&highlighted_blocks=1572404901_428291621_2_2_0&matching_block_id=1572404901_428291621_2_2_0&sr_pri_blocks=1572404901_428291621_2_2_0__397440&from=searchresults,3974,7.0,33.0,"G-9 Sector, Islamabad",6.7,Deluxe Double Room,1 extra-large double bed,0,0,0,https://cf.bstatic.com/xdata/images/hotel/square240/864858678.webp?k=29f385310a924ee9c77dce9311c0c9ee0fcee942dc2adaedf4a004911cec8f0c&o=,9,Islamabad
Pinewood Guest House,https://www.booking.com/hotel/pk/pinewood-international-guest-house.en-gb.html?aid=304142&label=gen173nr-10CAQoggJCDWNpdHlfLTI3NjI4MTJICVgEaLUBiAEBmAEzuAEHyAEM2AED6AEB-AEBiAIBqAIBuAKqisLTBsACAdICJGIyYWUwNDZiLWE5YmEtNGI1Yi05MjRjLWFkYWU5NDcwN2MxM9gCAeACAQ&ucfs=1&arphpl=1&checkin=2026-08-06&checkout=2026-08-07&dest_id=-2762812&dest_type=city&group_adults=2&req_adults=2&no_rooms=1&group_children=0&req_children=0&hpos=6&hapos=31&sr_order=popularity&srpvid=ed21559515340104&srepoch=1785759028&all_sr_blocks=1633894301_433842663_4_0_0&highlighted_blocks=1633894301_433842663_4_0_0&matching_block_id=1633894301_433842663_4_0_0&sr_pri_blocks=1633894301_433842663_4_0_0__500000&from=searchresults,5000,6.7,37.0,Islamabad,19.4,Superior King Room,"3 beds (1 sofa bed, 1 large double, 1 futon)",0,1,1,https://cf.bstatic.com/xdata/images/hotel/square240/877494952.webp?k=42e0dc704538ccc80eb7cc16e6841eb77c1bc2b88821254facdfd5d2c6dcc9a5&o=,12,Islamabad
Taj Boutique Hotel 3 Trees Islamabad,https://www.booking.com/hotel/pk/fuyuvu.en-gb.html?aid=304142&label=gen173nr-10CAQoggJCDWNpdHlfLTI3NjI4MTJICVgEaLUBiAEBmAEzuAEHyAEM2AED6AEB-AEBiAIBqAIBuAKqisLTBsACAdICJGIyYWUwNDZiLWE5YmEtNGI1Yi05MjRjLWFkYWU5NDcwN2MxM9gCAeACAQ&ucfs=1&arphpl=1&checkin=2026-08-06&checkout=2026-08-07&dest_id=-2762812&dest_type=city&group_adults=2&req_adults=2&no_rooms=1&group_children=0&req_children=0&hpos=7&hapos=32&sr_order=popularity&srpvid=ed21559515340104&srepoch=1785759028&all_sr_blocks=1684854102_440139487_3_1_0&highlighted_blocks=1684854102_440139487_3_1_0&matching_block_id=1684854102_440139487_3_1_0&sr_pri_blocks=1684854102_440139487_3_1_0__1200000&from=searchresults,12000,,,"G-7 Sector, Islamabad",3.3,Standard Family Room,1 double bed,1,1,1,https://cf.bstatic.com/xdata/images/hotel/square240/896572802.webp?k=0b0a2695acf7bc81c75ffa0958b6d21d08982cd8c211165732f8a3c57cbc7289&o=,15,Islamabad
Studio Apartment only for families in E-11 Islamabad,https://www.booking.com/hotel/pk/1-bedroom-apartment-islamabad5.en-gb.html?aid=304142&label=gen173nr-10CAQoggJCDWNpdHlfLTI3NjI4MTJICVgEaLUBiAEBmAEzuAEHyAEM2AED6AEB-AEBiAIBqAIBuAKqisLTBsACAdICJGIyYWUwNDZiLWE5YmEtNGI1Yi05MjRjLWFkYWU5NDcwN2MxM9gCAeACAQ&ucfs=1&arphpl=1&checkin=2026-08-06&checkout=2026-08-07&dest_id=-2762812&dest_type=city&group_adults=2&req_adults=2&no_rooms=1&group_children=0&req_children=0&hpos=8&hapos=33&sr_order=popularity&srpvid=ed21559515340104&srepoch=1785759028&all_sr_blocks=1623697801_433119395_2_0_0&highlighted_blocks=1623697801_433119395_2_0_0&matching_block_id=1623697801_433119395_2_0_0&sr_pri_blocks=1623697801_433119395_2_0_0__520000&from=searchresults,5200,10,3.0,"Blue Area, Islamabad",2.0,One-Bedroom Apartment,1 large double bed,0,1,1,https://cf.bstatic.com/xdata/images/hotel/square240/857707224.webp?k=0f23987e8d42c49200fd856377111530c5f59d8d10e9285977d8f07944b0883a&o=,5,Islamabad
Getaway lodge Guesthouse,https://www.booking.com/hotel/pk/ali-guest-house-100.en-gb.html?aid=304142&label=gen173nr-10CAQoggJCDWNpdHlfLTI3NjI4MTJICVgEaLUBiAEBmAEzuAEHyAEM2AED6AEB-AEBiAIBqAIBuAKqisLTBsACAdICJGIyYWUwNDZiLWE5YmEtNGI1Yi05MjRjLWFkYWU5NDcwN2MxM9gCAeACAQ&ucfs=1&arphpl=1&checkin=2026-08-06&checkout=2026-08-07&dest_id=-2762812&dest_type=city&group_adults=2&req_adults=2&no_rooms=1&group_children=0&req_children=0&hpos=9&hapos=34&sr_order=popularity&srpvid=ed21559515340104&srepoch=1785759028&all_sr_blocks=1551575901_426343698_2_0_0&highlighted_blocks=1551575901_426343698_2_0_0&matching_block_id=1551575901_426343698_2_0_0&sr_pri_blocks=1551575901_426343698_2_0_0__180000&from=searchresults,1800,5.1,44.0,"G-9 Sector, Islamabad",6.7,Double Room,1 double bed,0,0,0,https://cf.bstatic.com/xdata/images/hotel/square240/824365725.webp?k=9e5210f2ad9f06ae5997866fa90d7b1c453207f69bf759cba0321ae607d57754&o=,9,Islamabad
Divon B&B,https://www.booking.com/hotel/pk/legacy-dreams.en-gb.html?aid=304142&label=gen173nr-10CAQoggJCDWNpdHlfLTI3NjI4MTJICVgEaLUBiAEBmAEzuAEHyAEM2AED6AEB-AEBiAIBqAIBuAKqisLTBsACAdICJGIyYWUwNDZiLWE5YmEtNGI1Yi05MjRjLWFkYWU5NDcwN2MxM9gCAeACAQ&ucfs=1&arphpl=1&checkin=2026-08-06&checkout=2026-08-07&dest_id=-2762812&dest_type=city&group_adults=2&req_adults=2&no_rooms=1&group_children=0&req_children=0&hpos=10&hapos=35&sr_order=popularity&srpvid=ed21559515340104&srepoch=1785759028&all_sr_blocks=1636238302_434011233_4_0_0&highlighted_blocks=1636238302_434011233_4_0_0&matching_block_id=1636238302_434011233_4_0_0&sr_pri_blocks=1636238302_434011233_4_0_0__500000&from=searchresults,5000,8.6,30.0,Islamabad,19.4,Double or Twin Room with City View,"3 beds (1 sofa bed, 1 large double, 1 futon)",0,1,1,https://cf.bstatic.com/xdata/images/hotel/square240/882426039.webp?k=b13d9adf8fedcf9a7df5428ced95a0b074e3da15d60cdbdc99ca37779502ae7c&o=,14,Islamabad
Gateway Stay Fast Airport And City Access,https://www.booking.com/hotel/pk/gateway-stay-fast-airport-and-city-access.en-gb.html?aid=304142&label=gen173nr-10CAQoggJCDWNpdHlfLTI3NjI4MTJICVgEaLUBiAEBmAEzuAEHyAEM2AED6AEB-AEBiAIBqAIBuAKqisLTBsACAdICJGIyYWUwNDZiLWE5YmEtNGI1Yi05MjRjLWFkYWU5NDcwN2MxM9gCAeACAQ&ucfs=1&arphpl=1&checkin=2026-08-06&checkout=2026-08-07&dest_id=-2762812&dest_type=city&group_adults=2&req_adults=2&no_rooms=1&group_children=0&req_children=0&hpos=11&hapos=36&sr_order=popularity&srpvid=ed21559515340104&srepoch=1785759028&all_sr_blocks=1699128801_441558680_4_0_0&highlighted_blocks=1699128801_441558680_4_0_0&matching_block_id=1699128801_441558680_4_0_0&sr_pri_blocks=1699128801_441558680_4_0_0__952000&from=searchresults,9520,,,Islamabad,27.3,One-Bedroom Apartment,2 large double beds,0,1,1,https://cf.bstatic.com/xdata/images/hotel/square240/901871047.webp?k=1fceb62a8d71c2084e0b62024f1927fa0896228220b549ec02cb9c07a600a5df&o=,5,Islamabad
URBAN NEST Studio Apartment - WIFI - Netflix - AC,https://www.booking.com/hotel/pk/urban-nest-studio-apartment.en-gb.html?aid=304142&label=gen173nr-10CAQoggJCDWNpdHlfLTI3NjI4MTJICVgEaLUBiAEBmAEzuAEHyAEM2AED6AEB-AEBiAIBqAIBuAKqisLTBsACAdICJGIyYWUwNDZiLWE5YmEtNGI1Yi05MjRjLWFkYWU5NDcwN2MxM9gCAeACAQ&ucfs=1&arphpl=1&checkin=2026-08-06&checkout=2026-08-07&dest_id=-2762812&dest_type=city&group_adults=2&req_adults=2&no_rooms=1&group_children=0&req_children=0&hpos=12&hapos=37&sr_order=popularity&srpvid=ed21559515340104&srepoch=1785759028&all_sr_blocks=1667673401_438585692_2_0_0&highlighted_blocks=1667673401_438585692_2_0_0&matching_block_id=1667673401_438585692_2_0_0&sr_pri_blocks=1667673401_438585692_2_0_0__605200&from=searchresults,6052,9.0,9.0,"E-11 Sector, Islamabad",11.9,One-Bedroom Apartment,1 double bed,0,1,1,https://cf.bstatic.com/xdata/images/hotel/square240/884948891.webp?k=156b2a943a97a8f8642aa4c8e7d3e0193d70ca27b229e4eb9c7ff2f0892fdb88&o=,4,Islamabad
The 430 District,https://www.booking.com/hotel/pk/the-430-district.en-gb.html?aid=304142&label=gen173nr-10CAQoggJCDWNpdHlfLTI3NjI4MTJICVgEaLUBiAEBmAEzuAEHyAEM2AED6AEB-AEBiAIBqAIBuAKqisLTBsACAdICJGIyYWUwNDZiLWE5YmEtNGI1Yi05MjRjLWFkYWU5NDcwN2MxM9gCAeACAQ&ucfs=1&arphpl=1&checkin=2026-08-06&checkout=2026-08-07&dest_id=-2762812&dest_type=city&group_adults=2&req_adults=2&no_rooms=1&group_children=0&req_children=0&hpos=13&hapos=38&sr_order=popularity&srpvid=ed21559515340104&srepoch=1785759028&all_sr_blocks=1631715701_433689671_2_0_0&highlighted_blocks=1631715701_433689671_2_0_0&matching_block_id=1631715701_433689671_2_0_0&sr_pri_blocks=1631715701_433689671_2_0_0__540000&from=searchresults,5400,10,2.0,Islamabad,19.4,Double Room,1 double bed,0,0,0,https://cf.bstatic.com/xdata/images/hotel/square240/862026882.webp?k=2d70540681eec687c48add84643b8d70a3676439747f5602cbf8d5bef0882871&o=,2,Islamabad
Moven Inn Hotel Islamabad,https://www.booking.com/hotel/pk/moven-inn-islamabad.en-gb.html?aid=304142&label=gen173nr-10CAQoggJCDWNpdHlfLTI3NjI4MTJICVgEaLUBiAEBmAEzuAEHyAEM2AED6AEB-AEBiAIBqAIBuAKqisLTBsACAdICJGIyYWUwNDZiLWE5YmEtNGI1Yi05MjRjLWFkYWU5NDcwN2MxM9gCAeACAQ&ucfs=1&arphpl=1&checkin=2026-08-06&checkout=2026-08-07&dest_id=-2762812&dest_type=city&group_adults=2&req_adults=2&no_rooms=1&group_children=0&req_children=0&hpos=14&hapos=39&sr_order=popularity&srpvid=ed21559515340104&srepoch=1785759028&all_sr_blocks=1192528901_391559374_2_0_0&highlighted_blocks=1192528901_391559374_2_0_0&matching_block_id=1192528901_391559374_2_0_0&sr_pri_blocks=1192528901_391559374_2_0_0__492278&from=searchresults,4923,7.5,194.0,"G-9 Sector, Islamabad",6.5,Superior Double Room,1 single bed,0,1,1,https://cf.bstatic.com/xdata/images/hotel/square240/548330234.webp?k=9d94a819bd99556328c35887341da6c92373b9f8386e056146b014edd6192775&o=,15,Islamabad
Hotel AL-Habib Islamabad,https://www.booking.com/hotel/pk/al-habib-islamabad1.en-gb.html?aid=304142&label=gen173nr-10CAQoggJCDWNpdHlfLTI3NjI4MTJICVgEaLUBiAEBmAEzuAEHyAEM2AED6AEB-AEBiAIBqAIBuAKqisLTBsACAdICJGIyYWUwNDZiLWE5YmEtNGI1Yi05MjRjLWFkYWU5NDcwN2MxM9gCAeACAQ&ucfs=1&arphpl=1&checkin=2026-08-06&checkout=2026-08-07&dest_id=-2762812&dest_type=city&group_adults=2&req_adults=2&no_rooms=1&group_children=0&req_children=0&hpos=15&hapos=40&sr_order=popularity&srpvid=ed21559515340104&srepoch=1785759028&all_sr_blocks=1225724002_401292676_2_2_0&highlighted_blocks=1225724002_401292676_2_2_0&matching_block_id=1225724002_401292676_2_2_0&sr_pri_blocks=1225724002_401292676_2_2_0__350000&from=searchresults,3500,6.8,156.0,"G-7 Sector, Islamabad",3.4,Double Room,"3 beds (2 singles, 1 extra-large double)",0,1,1,https://cf.bstatic.com/xdata/images/hotel/square240/570013833.webp?k=75e0c0c2936994ad267bc8464a6814241b1ac7b383c69a9d77df52c631acf8ba&o=,8,Islamabad
Family Lodge Islamabad,https://www.booking.com/hotel/pk/family-lodge-islamabad-islamabad4.en-gb.html?aid=304142&label=gen173nr-10CAQoggJCDWNpdHlfLTI3NjI4MTJICVgEaLUBiAEBmAEzuAEHyAEM2AED6AEB-AEBiAIBqAIBuAKqisLTBsACAdICJGIyYWUwNDZiLWE5YmEtNGI1Yi05MjRjLWFkYWU5NDcwN2MxM9gCAeACAQ&ucfs=1&arphpl=1&checkin=2026-08-06&checkout=2026-08-07&dest_id=-2762812&dest_type=city&group_adults=2&req_adults=2&no_rooms=1&group_children=0&req_children=0&hpos=16&hapos=41&sr_order=popularity&srpvid=ed21559515340104&srepoch=1785759028&all_sr_blocks=1636986801_434063011_2_0_0&highlighted_blocks=1636986801_434063011_2_0_0&matching_block_id=1636986801_434063011_2_0_0&sr_pri_blocks=1636986801_434063011_2_0_0__567000&from=searchresults,5670,7.1,8.0,"E-11 Sector, Islamabad",12.1,Double Room,1 double bed,0,0,0,https://cf.bstatic.com/xdata/images/hotel/square240/872998562.webp?k=3cbd1f4e43e084508de8e72cc4b896d1709e9ada5e4a14fe18ab617adc98d4ae&o=,2,Islamabad
GB Guest House,https://www.booking.com/hotel/pk/common-house.en-gb.html?aid=304142&label=gen173nr-10CAQoggJCDWNpdHlfLTI3NjI4MTJICVgEaLUBiAEBmAEzuAEHyAEM2AED6AEB-AEBiAIBqAIBuAKqisLTBsACAdICJGIyYWUwNDZiLWE5YmEtNGI1Yi05MjRjLWFkYWU5NDcwN2MxM9gCAeACAQ&ucfs=1&arphpl=1&checkin=2026-08-06&checkout=2026-08-07&dest_id=-2762812&dest_type=city&group_adults=2&req_adults=2&no_rooms=1&group_children=0&req_children=0&hpos=17&hapos=42&sr_order=popularity&srpvid=ed21559515340104&srepoch=1785759028&all_sr_blocks=1554556204_426595907_0_0_0&highlighted_blocks=1554556204_426595907_0_0_0&matching_block_id=1554556204_426595907_0_0_0&sr_pri_blocks=1554556204_426595907_0_0_0__405000&from=searchresults,4050,9.2,8.0,Islamabad,15.5,Standard Twin Room,2 single beds,0,1,1,https://cf.bstatic.com/xdata/images/hotel/square240/807056444.webp?k=b03443c8389501acfa80ce8f2a9a0cf32ad53399065c01a493443fc3f036d066&o=,4,Islamabad
AL AQSA SUiTES Guest House Islamabad,https://www.booking.com/hotel/pk/alexe-guest-house.en-gb.html?aid=304142&label=gen173nr-10CAQoggJCDWNpdHlfLTI3NjI4MTJICVgEaLUBiAEBmAEzuAEHyAEM2AED6AEB-AEBiAIBqAIBuAKqisLTBsACAdICJGIyYWUwNDZiLWE5YmEtNGI1Yi05MjRjLWFkYWU5NDcwN2MxM9gCAeACAQ&ucfs=1&arphpl=1&checkin=2026-08-06&checkout=2026-08-07&dest_id=-2762812&dest_type=city&group_adults=2&req_adults=2&no_rooms=1&group_children=0&req_children=0&hpos=18&hapos=43&sr_order=popularity&srpvid=ed21559515340104&srepoch=1785759028&all_sr_blocks=1437387702_415233468_0_0_0&highlighted_blocks=1437387702_415233468_0_0_0&matching_block_id=1437387702_415233468_0_0_0&sr_pri_blocks=1437387702_415233468_0_0_0__199530&from=searchresults,1995,6.6,74.0,"G-9 Sector, Islamabad",6.9,Twin Room,2 single beds,0,1,1,https://cf.bstatic.com/xdata/images/hotel/square240/793204972.webp?k=a14f099dc16b63d62a5d606a65d861059311d6b0b368b17719d4e8e76b0ee3eb&o=,10,Islamabad
Hotel Crown Palace,https://www.booking.com/hotel/pk/crown-palace-islamabad1.en-gb.html?aid=304142&label=gen173nr-10CAQoggJCDWNpdHlfLTI3NjI4MTJICVgEaLUBiAEBmAEzuAEHyAEM2AED6AEB-AEBiAIBqAIBuAKqisLTBsACAdICJGIyYWUwNDZiLWE5YmEtNGI1Yi05MjRjLWFkYWU5NDcwN2MxM9gCAeACAQ&ucfs=1&arphpl=1&checkin=2026-08-06&checkout=2026-08-07&dest_id=-2762812&dest_type=city&group_adults=2&req_adults=2&no_rooms=1&group_children=0&req_children=0&hpos=19&hapos=44&sr_order=popularity&srpvid=ed21559515340104&srepoch=1785759028&all_sr_blocks=1213615302_401112923_0_0_0&highlighted_blocks=1213615302_401112923_0_0_0&matching_block_id=1213615302_401112923_0_0_0&sr_pri_blocks=1213615302_401112923_0_0_0__461250&from=searchresults,4613,5.6,35.0,Islamabad,12.1,Deluxe Double Room,1 extra-large double bed,0,1,1,https://cf.bstatic.com/xdata/images/hotel/square240/683548745.webp?k=3e230a6d7115ba25297c2d8f8d9aa2526b29a0ab85fb43771dfd812962656cc4&o=,10,Islamabad
Mentmore Inn,https://www.booking.com/hotel/pk/mentmore-inn-islamabad.en-gb.html?aid=304142&label=gen173nr-10CAQoggJCDWNpdHlfLTI3NjI4MTJICVgEaLUBiAEBmAEzuAEHyAEM2AED6AEB-AEBiAIBqAIBuAKqisLTBsACAdICJGIyYWUwNDZiLWE5YmEtNGI1Yi05MjRjLWFkYWU5NDcwN2MxM9gCAeACAQ&ucfs=1&arphpl=1&checkin=2026-08-06&checkout=2026-08-07&dest_id=-2762812&dest_type=city&group_adults=2&req_adults=2&no_rooms=1&group_children=0&req_children=0&hpos=20&hapos=45&sr_order=popularity&srpvid=ed21559515340104&srepoch=1785759028&all_sr_blocks=1351782702_412427060_2_2_0&highlighted_blocks=1351782702_412427060_2_2_0&matching_block_id=1351782702_412427060_2_2_0&sr_pri_blocks=1351782702_412427060_2_2_0__700000&from=searchresults,7000,9.1,40.0,Islamabad,26.8,Deluxe Studio,1 double bed,0,1,1,https://cf.bstatic.com/xdata/images/hotel/square240/652200482.webp?k=e1cba107b1b68ed2b435264c302700dcbdb426dd03f331d94fb11679f9899515&o=,12,Islamabad
Perfect Lodge Guest House,https://www.booking.com/hotel/pk/perfect-lodge-guest-house-islamabad.en-gb.html?aid=304142&label=gen173nr-10CAQoggJCDWNpdHlfLTI3NjI4MTJICVgEaLUBiAEBmAEzuAEHyAEM2AED6AEB-AEBiAIBqAIBuAKqisLTBsACAdICJGIyYWUwNDZiLWE5YmEtNGI1Yi05MjRjLWFkYWU5NDcwN2MxM9gCAeACAQ&ucfs=1&arphpl=1&checkin=2026-08-06&checkout=2026-08-07&dest_id=-2762812&dest_type=city&group_adults=2&req_adults=2&no_rooms=1&group_children=0&req_children=0&hpos=21&hapos=46&sr_order=popularity&srpvid=ed21559515340104&srepoch=1785759028&all_sr_blocks=1517025702_423420625_2_1_0&highlighted_blocks=1517025702_423420625_2_1_0&matching_block_id=1517025702_423420625_2_1_0&sr_pri_blocks=1517025702_423420625_2_1_0__360000&from=searchresults,3600,8.4,23.0,"G-9 Sector, Islamabad",7.5,Twin Room,1 double bed,1,0,0,https://cf.bstatic.com/xdata/images/hotel/square240/768667978.webp?k=e81bc7ffc9467df37832955c6b42d588dd535d52a146f213ba2eece162475809&o=,10,Islamabad
Sukhera Group of Hotels & Guest Houses,https://www.booking.com/hotel/pk/sukhera-palace-family-guest-house.en-gb.html?aid=304142&label=gen173nr-10CAQoggJCDWNpdHlfLTI3NjI4MTJICVgEaLUBiAEBmAEzuAEHyAEM2AED6AEB-AEBiAIBqAIBuAKqisLTBsACAdICJGIyYWUwNDZiLWE5YmEtNGI1Yi05MjRjLWFkYWU5NDcwN2MxM9gCAeACAQ&ucfs=1&arphpl=1&checkin=2026-08-06&checkout=2026-08-07&dest_id=-2762812&dest_type=city&group_adults=2&req_adults=2&no_rooms=1&group_children=0&req_children=0&hpos=22&hapos=47&sr_order=popularity&srpvid=ed21559515340104&srepoch=1785759028&all_sr_blocks=1521406102_424886352_2_42_0&highlighted_blocks=1521406102_424886352_2_42_0&matching_block_id=1521406102_424886352_2_42_0&sr_pri_blocks=1521406102_424886352_2_42_0__350000&from=searchresults,3500,6.9,8.0,Islamabad,15.6,Budget Double Room,1 single bed,0,1,1,https://cf.bstatic.com/xdata/images/hotel/square240/772267757.webp?k=ff6e874e0f5ac3a4464b1987c4994d271bc67450ad34a045c9a2f0aabedf7172&o=,4,Islamabad
Three Trees Hotel Islamabad,https://www.booking.com/hotel/pk/three-trees-islamabad.en-gb.html?aid=304142&label=gen173nr-10CAQoggJCDWNpdHlfLTI3NjI4MTJICVgEaLUBiAEBmAEzuAEHyAEM2AED6AEB-AEBiAIBqAIBuAKqisLTBsACAdICJGIyYWUwNDZiLWE5YmEtNGI1Yi05MjRjLWFkYWU5NDcwN2MxM9gCAeACAQ&ucfs=1&arphpl=1&checkin=2026-08-06&checkout=2026-08-07&dest_id=-2762812&dest_type=city&group_adults=2&req_adults=2&no_rooms=1&group_children=0&req_children=0&hpos=23&hapos=48&sr_order=popularity&srpvid=ed21559515340104&srepoch=1785759028&all_sr_blocks=1672602601_439027337_2_1_0&highlighted_blocks=1672602601_439027337_2_1_0&matching_block_id=1672602601_439027337_2_1_0&sr_pri_blocks=1672602601_439027337_2_1_0__1453500&from=searchresults,14535,10,4.0,"G-7 Sector, Islamabad",3.3,Double Room with Mountain View,1 large double bed,1,1,1,https://cf.bstatic.com/xdata/images/hotel/square240/886857346.webp?k=d16821d82e6190805f1f7b65a3ada910d056b283f99501399a289408d14a4554&o=,14,Islamabad
Rawalpindi City Hotel,https://www.booking.com/hotel/pk/rawalpindi-city.en-gb.html?aid=304142&label=gen173nr-10CAQoggJCDWNpdHlfLTI3NjI4MTJICVgEaLUBiAEBmAEzuAEHyAEM2AED6AEB-AEBiAIBqAIBuAKqisLTBsACAdICJGIyYWUwNDZiLWE5YmEtNGI1Yi05MjRjLWFkYWU5NDcwN2MxM9gCAeACAQ&ucfs=1&arphpl=1&checkin=2026-08-06&checkout=2026-08-07&dest_id=-2762812&dest_type=city&group_adults=2&req_adults=2&no_rooms=1&group_children=0&req_children=0&hpos=24&hapos=49&sr_order=popularity&srpvid=ed21559515340104&srepoch=1785759028&all_sr_blocks=1697772501_441448343_2_2_0&highlighted_blocks=1697772501_441448343_2_2_0&matching_block_id=1697772501_441448343_2_2_0&sr_pri_blocks=1697772501_441448343_2_2_0__424902&from=searchresults,4249,,,Islamabad,8.6,Deluxe Room,1 double bed,0,1,1,https://cf.bstatic.com/xdata/images/hotel/square240/901163218.webp?k=94e7aaa85256920fd696515a04cdf15e0939f76bfc2fd7eb961e9e4c9926045f&o=,5,Islamabad
"F-7 Guest House, Islamabad",https://www.booking.com/hotel/pk/guest-house-islamabad37.en-gb.html?aid=304142&label=gen173nr-10CAQoggJCDWNpdHlfLTI3NjI4MTJICVgEaLUBiAEBmAEzuAEHyAEM2AED6AEB-AEBiAIBqAIBuAKqisLTBsACAdICJGIyYWUwNDZiLWE5YmEtNGI1Yi05MjRjLWFkYWU5NDcwN2MxM9gCAeACAQ&ucfs=1&arphpl=1&checkin=2026-08-06&checkout=2026-08-07&dest_id=-2762812&dest_type=city&group_adults=2&req_adults=2&no_rooms=1&group_children=0&req_children=0&hpos=25&hapos=50&sr_order=popularity&srpvid=ed21559515340104&srepoch=1785759028&all_sr_blocks=1630408201_433599339_2_1_0&highlighted_blocks=1630408201_433599339_2_1_0&matching_block_id=1630408201_433599339_2_1_0&sr_pri_blocks=1630408201_433599339_2_1_0__499500&from=searchresults,4995,6.3,12.0,"F-7 Sector, Islamabad",3.9,Double Room,1 double bed,1,1,1,https://cf.bstatic.com/xdata/images/hotel/square240/886861048.webp?k=8d75e95e259c44b54713c8a4ff0d0b2c71434274379f0fcf82c9ab64c73d0154&o=,10,Islamabad
Durrani Executive - Islamabad F10,https://www.booking.com/hotel/pk/durrani-executive.en-gb.html?aid=304142&label=gen173nr-10CAQoggJCDWNpdHlfLTI3NjI4MTJICVgEaLUBiAEBmAEzuAEHyAEM2AED6AEB-AEBiAIBqAIBuAKqisLTBsACAdICJGIyYWUwNDZiLWE5YmEtNGI1Yi05MjRjLWFkYWU5NDcwN2MxM9gCAeACAQ&ucfs=1&arphpl=1&checkin=2026-08-06&checkout=2026-08-07&dest_id=-2762812&dest_type=city&group_adults=2&req_adults=2&no_rooms=1&group_children=0&req_children=0&hpos=1&hapos=51&sr_order=popularity&srpvid=ed21559515340104&srepoch=1785759029&all_sr_blocks=1340005210_408487933_2_42_0&highlighted_blocks=1340005210_408487933_2_42_0&matching_block_id=1340005210_408487933_2_42_0&sr_pri_blocks=1340005210_408487933_2_42_0__300000&from=searchresults,3000,6.9,267.0,Islamabad,9.0,Standard Double Room,2 single beds,0,1,1,https://cf.bstatic.com/xdata/images/hotel/square240/635460943.webp?k=493a989ec4c8d0804bb8846e8a319f09974214a035f7d586d83dd88b3daec3f2&o=,13,Islamabad
Lavish Guest Line,https://www.booking.com/hotel/pk/lavish-guest-line-islamabad.en-gb.html?aid=304142&label=gen173nr-10CAQoggJCDWNpdHlfLTI3NjI4MTJICVgEaLUBiAEBmAEzuAEHyAEM2AED6AEB-AEBiAIBqAIBuAKqisLTBsACAdICJGIyYWUwNDZiLWE5YmEtNGI1Yi05MjRjLWFkYWU5NDcwN2MxM9gCAeACAQ&ucfs=1&arphpl=1&checkin=2026-08-06&checkout=2026-08-07&dest_id=-2762812&dest_type=city&group_adults=2&req_adults=2&no_rooms=1&group_children=0&req_children=0&hpos=2&hapos=52&sr_order=popularity&srpvid=ed21559515340104&srepoch=1785759029&all_sr_blocks=1317270105_404717393_2_0_0&highlighted_blocks=1317270105_404717393_2_0_0&matching_block_id=1317270105_404717393_2_0_0&sr_pri_blocks=1317270105_404717393_2_0_0__400000&from=searchresults,4000,9.8,5.0,Islamabad,24.8,Family Room,1 extra-large double bed,0,1,1,https://cf.bstatic.com/xdata/images/hotel/square240/619702846.webp?k=610b89ad3700f57c54365421adb987d7aedf536670dcb9dd23074b415ebb0ca5&o=,4,Islamabad
Hotel Crown Plaza Islamabad,https://www.booking.com/hotel/pk/crown-plaza-islamabad.en-gb.html?aid=304142&label=gen173nr-10CAQoggJCDWNpdHlfLTI3NjI4MTJICVgEaLUBiAEBmAEzuAEHyAEM2AED6AEB-AEBiAIBqAIBuAKqisLTBsACAdICJGIyYWUwNDZiLWE5YmEtNGI1Yi05MjRjLWFkYWU5NDcwN2MxM9gCAeACAQ&ucfs=1&arphpl=1&checkin=2026-08-06&checkout=2026-08-07&dest_id=-2762812&dest_type=city&group_adults=2&req_adults=2&no_rooms=1&group_children=0&req_children=0&hpos=3&hapos=53&sr_order=popularity&srpvid=ed21559515340104&srepoch=1785759029&all_sr_blocks=160033701_372976507_2_2_0_601524&highlighted_blocks=160033701_372976507_2_2_0_601524&matching_block_id=160033701_372976507_2_2_0_601524&sr_pri_blocks=160033701_372976507_2_2_0_601524_2300000&from=searchresults,23000,7.8,279.0,"Blue Area, Islamabad",4.1,Standard Double or Twin Room,1 double bed,0,1,1,https://cf.bstatic.com/xdata/images/hotel/square240/554687205.webp?k=a15f7db06384c874fe99cb8e15a07114a5f97ede21f7243ce0bbbaa7704989e2&o=,12,Islamabad
Decent Lodge Guest House,https://www.booking.com/hotel/pk/decent-lodge-guest-house-islamabad2.en-gb.html?aid=304142&label=gen173nr-10CAQoggJCDWNpdHlfLTI3NjI4MTJICVgEaLUBiAEBmAEzuAEHyAEM2AED6AEB-AEBiAIBqAIBuAKqisLTBsACAdICJGIyYWUwNDZiLWE5YmEtNGI1Yi05MjRjLWFkYWU5NDcwN2MxM9gCAeACAQ&ucfs=1&arphpl=1&checkin=2026-08-06&checkout=2026-08-07&dest_id=-2762812&dest_type=city&group_adults=2&req_adults=2&no_rooms=1&group_children=0&req_children=0&hpos=4&hapos=54&sr_order=popularity&srpvid=ed21559515340104&srepoch=1785759029&all_sr_blocks=0_0_2_0_0&highlighted_blocks=0_0_2_0_0&matching_block_id=0_0_2_0_0&sr_pri_blocks=0_0_2_0_0__164227&from=searchresults,1642,7.5,4.0,"G-9 Sector, Islamabad",6.6,Triple Room,3 single beds,0,0,0,https://cf.bstatic.com/xdata/images/hotel/square240/901232599.webp?k=56b85d00d9e78761fbb83f5157651b09a3e066b170856555eea94907236671e6&o=,8,Islamabad
"Hotel One Jinnah, Islamabad",https://www.booking.com/hotel/pk/one-jinnah.en-gb.html?aid=304142&label=gen173nr-10CAQoggJCDWNpdHlfLTI3NjI4MTJICVgEaLUBiAEBmAEzuAEHyAEM2AED6AEB-AEBiAIBqAIBuAKqisLTBsACAdICJGIyYWUwNDZiLWE5YmEtNGI1Yi05MjRjLWFkYWU5NDcwN2MxM9gCAeACAQ&ucfs=1&arphpl=1&checkin=2026-08-06&checkout=2026-08-07&dest_id=-2762812&dest_type=city&group_adults=2&req_adults=2&no_rooms=1&group_children=0&req_children=0&hpos=5&hapos=55&sr_order=popularity&srpvid=ed21559515340104&srepoch=1785759029&all_sr_blocks=265112901_0_2_1_0&highlighted_blocks=265112901_0_2_1_0&matching_block_id=265112901_0_2_1_0&sr_pri_blocks=265112901_0_2_1_0__1693955&from=searchresults,16940,7.2,54.0,"I-9 Sector, Islamabad",8.7,Deluxe Double Room,1 single bed,1,1,0,https://cf.bstatic.com/xdata/images/hotel/square240/596327159.webp?k=673cbe1a9aec78e4353af0c4f6fcdf557c8b29acc31d70752ec469531bf7b236&o=,9,Islamabad
New Crown Palace Hotel,https://www.booking.com/hotel/pk/new-crown-palace.en-gb.html?aid=304142&label=gen173nr-10CAQoggJCDWNpdHlfLTI3NjI4MTJICVgEaLUBiAEBmAEzuAEHyAEM2AED6AEB-AEBiAIBqAIBuAKqisLTBsACAdICJGIyYWUwNDZiLWE5YmEtNGI1Yi05MjRjLWFkYWU5NDcwN2MxM9gCAeACAQ&ucfs=1&arphpl=1&checkin=2026-08-06&checkout=2026-08-07&dest_id=-2762812&dest_type=city&group_adults=2&req_adults=2&no_rooms=1&group_children=0&req_children=0&hpos=6&hapos=56&sr_order=popularity&srpvid=ed21559515340104&srepoch=1785759029&all_sr_blocks=1437320303_415283189_0_2_0&highlighted_blocks=1437320303_415283189_0_2_0&matching_block_id=1437320303_415283189_0_2_0&sr_pri_blocks=1437320303_415283189_0_2_0__516588&from=searchresults,5166,5.2,38.0,"F-7 Sector, Islamabad",3.7,Standard Twin Room,2 single beds,0,1,1,https://cf.bstatic.com/xdata/images/hotel/square240/697987842.webp?k=8fa998adc831246cc8c86d0ea716d0a3b36ace52dbae7e43c583385a216f10d1&o=,8,Islamabad
Concept Guest House,https://www.booking.com/hotel/pk/concept-guest-house-islamabad3.en-gb.html?aid=304142&label=gen173nr-10CAQoggJCDWNpdHlfLTI3NjI4MTJICVgEaLUBiAEBmAEzuAEHyAEM2AED6AEB-AEBiAIBqAIBuAKqisLTBsACAdICJGIyYWUwNDZiLWE5YmEtNGI1Yi05MjRjLWFkYWU5NDcwN2MxM9gCAeACAQ&ucfs=1&arphpl=1&checkin=2026-08-06&checkout=2026-08-07&dest_id=-2762812&dest_type=city&group_adults=2&req_adults=2&no_rooms=1&group_children=0&req_children=0&hpos=7&hapos=57&sr_order=popularity&srpvid=ed21559515340104&srepoch=1785759029&all_sr_blocks=1596599102_430680083_4_2_0&highlighted_blocks=1596599102_430680083_4_2_0&matching_block_id=1596599102_430680083_4_2_0&sr_pri_blocks=1596599102_430680083_4_2_0__550000&from=searchresults,5500,8.3,10.0,Islamabad,19.4,Economy Twin Room,"3 beds (1 extra-large double, 1 sofa bed, 1 futon)",0,1,1,https://cf.bstatic.com/xdata/images/hotel/square240/866392570.webp?k=5be25e208fd0081e490418afd03e38ca882382f9f99ae9217b52ec7db0bcfeac&o=,14,Islamabad
Rose Family Lodges,https://www.booking.com/hotel/pk/rose-family-lodges.en-gb.html?aid=304142&label=gen173nr-10CAQoggJCDWNpdHlfLTI3NjI4MTJICVgEaLUBiAEBmAEzuAEHyAEM2AED6AEB-AEBiAIBqAIBuAKqisLTBsACAdICJGIyYWUwNDZiLWE5YmEtNGI1Yi05MjRjLWFkYWU5NDcwN2MxM9gCAeACAQ&ucfs=1&arphpl=1&checkin=2026-08-06&checkout=2026-08-07&dest_id=-2762812&dest_type=city&group_adults=2&req_adults=2&no_rooms=1&group_children=0&req_children=0&hpos=8&hapos=58&sr_order=popularity&srpvid=ed21559515340104&srepoch=1785759029&all_sr_blocks=1615460001_432432335_3_0_0&highlighted_blocks=1615460001_432432335_3_0_0&matching_block_id=1615460001_432432335_3_0_0&sr_pri_blocks=1615460001_432432335_3_0_0__472500&from=searchresults,4725,8.3,35.0,"G-9 Sector, Islamabad",7.1,Double Room,1 double bed,0,0,0,https://cf.bstatic.com/xdata/images/hotel/square240/851310677.webp?k=203aa05dec21a06c8d608f816e5af5fd4e416ff57a7d68ef221b5ee5b040502a&o=,10,Islamabad
The Guest House Islamabad G-13,https://www.booking.com/hotel/pk/kensmere-house.en-gb.html?aid=304142&label=gen173nr-10CAQoggJCDWNpdHlfLTI3NjI4MTJICVgEaLUBiAEBmAEzuAEHyAEM2AED6AEB-AEBiAIBqAIBuAKqisLTBsACAdICJGIyYWUwNDZiLWE5YmEtNGI1Yi05MjRjLWFkYWU5NDcwN2MxM9gCAeACAQ&ucfs=1&arphpl=1&checkin=2026-08-06&checkout=2026-08-07&dest_id=-2762812&dest_type=city&group_adults=2&req_adults=2&no_rooms=1&group_children=0&req_children=0&hpos=9&hapos=59&sr_order=popularity&srpvid=ed21559515340104&srepoch=1785759029&all_sr_blocks=1609517002_431857336_3_2_0&highlighted_blocks=1609517002_431857336_3_2_0&matching_block_id=1609517002_431857336_3_2_0&sr_pri_blocks=1609517002_431857336_3_2_0__600000&from=searchresults,6000,9.3,21.0,Islamabad,14.0,Twin Room,"3 beds (2 singles, 1 futon)",0,1,1,https://cf.bstatic.com/xdata/images/hotel/square240/897974069.webp?k=3a9d983758907bf28b46ea754a95266c7ee7cb32f6a25cb5a1ba1f95f7d51e12&o=,14,Islamabad
Royal Inn,https://www.booking.com/hotel/pk/royal-inn-islamabad.en-gb.html?aid=304142&label=gen173nr-10CAQoggJCDWNpdHlfLTI3NjI4MTJICVgEaLUBiAEBmAEzuAEHyAEM2AED6AEB-AEBiAIBqAIBuAKqisLTBsACAdICJGIyYWUwNDZiLWE5YmEtNGI1Yi05MjRjLWFkYWU5NDcwN2MxM9gCAeACAQ&ucfs=1&arphpl=1&checkin=2026-08-06&checkout=2026-08-07&dest_id=-2762812&dest_type=city&group_adults=2&req_adults=2&no_rooms=1&group_children=0&req_children=0&hpos=10&hapos=60&sr_order=popularity&srpvid=ed21559515340104&srepoch=1785759029&all_sr_blocks=1123190301_385057854_2_2_0&highlighted_blocks=1123190301_385057854_2_2_0&matching_block_id=1123190301_385057854_2_2_0&sr_pri_blocks=1123190301_385057854_2_2_0__251100&from=searchresults,2511,7.0,32.0,Islamabad,15.5,Budget Double Room,1 double bed,0,0,0,https://cf.bstatic.com/xdata/images/hotel/square240/513529420.webp?k=7c3c1770a14524b998ddc03c63589d97cc0707f92de8c654fe05863e2c754902&o=,8,Islamabad
SP International Guest House,https://www.booking.com/hotel/pk/margalla-luxe-residences.en-gb.html?aid=304142&label=gen173nr-10CAQoggJCDWNpdHlfLTI3NjI4MTJICVgEaLUBiAEBmAEzuAEHyAEM2AED6AEB-AEBiAIBqAIBuAKqisLTBsACAdICJGIyYWUwNDZiLWE5YmEtNGI1Yi05MjRjLWFkYWU5NDcwN2MxM9gCAeACAQ&ucfs=1&arphpl=1&checkin=2026-08-06&checkout=2026-08-07&dest_id=-2762812&dest_type=city&group_adults=2&req_adults=2&no_rooms=1&group_children=0&req_children=0&hpos=11&hapos=61&sr_order=popularity&srpvid=ed21559515340104&srepoch=1785759029&all_sr_blocks=1651087407_437120204_2_0_0&highlighted_blocks=1651087407_437120204_2_0_0&matching_block_id=1651087407_437120204_2_0_0&sr_pri_blocks=1651087407_437120204_2_0_0__680000&from=searchresults,6800,10,3.0,Islamabad,10.4,Deluxe Double Room,1 double bed,0,1,1,https://cf.bstatic.com/xdata/images/hotel/square240/872724535.webp?k=0732947cc50c23e6fdbe25f718e5492ee64c83cff267a8319f96b64a875b9edf&o=,13,Islamabad
Lux Lodges Guest House,https://www.booking.com/hotel/pk/3-star-guest-house.en-gb.html?aid=304142&label=gen173nr-10CAQoggJCDWNpdHlfLTI3NjI4MTJICVgEaLUBiAEBmAEzuAEHyAEM2AED6AEB-AEBiAIBqAIBuAKqisLTBsACAdICJGIyYWUwNDZiLWE5YmEtNGI1Yi05MjRjLWFkYWU5NDcwN2MxM9gCAeACAQ&ucfs=1&arphpl=1&checkin=2026-08-06&checkout=2026-08-07&dest_id=-2762812&dest_type=city&group_adults=2&req_adults=2&no_rooms=1&group_children=0&req_children=0&hpos=12&hapos=62&sr_order=popularity&srpvid=ed21559515340104&srepoch=1785759029&all_sr_blocks=1503052002_421995401_0_0_0&highlighted_blocks=1503052002_421995401_0_0_0&matching_block_id=1503052002_421995401_0_0_0&sr_pri_blocks=1503052002_421995401_0_0_0__230000&from=searchresults,2300,5.3,49.0,"G-9 Sector, Islamabad",6.6,Family Room,3 double beds,0,1,1,https://cf.bstatic.com/xdata/images/hotel/square240/757321537.webp?k=8e0d49dea20dfb12c6ecd515ea48abb9bafbf510ebc2b4c7c37eee8f25894a99&o=,4,Islamabad
"Hotel One Super, Islamabad",https://www.booking.com/hotel/pk/one-super.en-gb.html?aid=304142&label=gen173nr-10CAQoggJCDWNpdHlfLTI3NjI4MTJICVgEaLUBiAEBmAEzuAEHyAEM2AED6AEB-AEBiAIBqAIBuAKqisLTBsACAdICJGIyYWUwNDZiLWE5YmEtNGI1Yi05MjRjLWFkYWU5NDcwN2MxM9gCAeACAQ&ucfs=1&arphpl=1&checkin=2026-08-06&checkout=2026-08-07&dest_id=-2762812&dest_type=city&group_adults=2&req_adults=2&no_rooms=1&group_children=0&req_children=0&hpos=13&hapos=63&sr_order=popularity&srpvid=ed21559515340104&srepoch=1785759029&all_sr_blocks=176229601_237100559_0_1_0&highlighted_blocks=176229601_237100559_0_1_0&matching_block_id=176229601_237100559_0_1_0&sr_pri_blocks=176229601_237100559_0_1_0__1900000&from=searchresults,19000,8.4,113.0,"F-6 Sector, Islamabad",1.2,Deluxe King Room,1 large double bed,1,0,0,https://cf.bstatic.com/xdata/images/hotel/square240/67488513.webp?k=14ef9f2ea02f08805b4ea89f17fc487f4555c5d1ce202823803d628c8851a286&o=,10,Islamabad
Noor's BnB,https://www.booking.com/hotel/pk/noor-sky-islamabad.en-gb.html?aid=304142&label=gen173nr-10CAQoggJCDWNpdHlfLTI3NjI4MTJICVgEaLUBiAEBmAEzuAEHyAEM2AED6AEB-AEBiAIBqAIBuAKqisLTBsACAdICJGIyYWUwNDZiLWE5YmEtNGI1Yi05MjRjLWFkYWU5NDcwN2MxM9gCAeACAQ&ucfs=1&arphpl=1&checkin=2026-08-06&checkout=2026-08-07&dest_id=-2762812&dest_type=city&group_adults=2&req_adults=2&no_rooms=1&group_children=0&req_children=0&hpos=14&hapos=64&sr_order=popularity&srpvid=ed21559515340104&srepoch=1785759029&all_sr_blocks=1563467801_427438084_0_0_0&highlighted_blocks=1563467801_427438084_0_0_0&matching_block_id=1563467801_427438084_0_0_0&sr_pri_blocks=1563467801_427438084_0_0_0__337238&from=searchresults,3372,6.8,9.0,Islamabad,13.9,Double Room,1 extra-large double bed,0,1,1,https://cf.bstatic.com/xdata/images/hotel/square240/808091477.webp?k=a5e98aa0fe7111cc51a5c8534515af29f51b50b8a47610db7a11ca291fe4de63&o=,5,Islamabad
Galaxy Lodge,https://www.booking.com/hotel/pk/neelum-guest-house-islamabad.en-gb.html?aid=304142&label=gen173nr-10CAQoggJCDWNpdHlfLTI3NjI4MTJICVgEaLUBiAEBmAEzuAEHyAEM2AED6AEB-AEBiAIBqAIBuAKqisLTBsACAdICJGIyYWUwNDZiLWE5YmEtNGI1Yi05MjRjLWFkYWU5NDcwN2MxM9gCAeACAQ&ucfs=1&arphpl=1&checkin=2026-08-06&checkout=2026-08-07&dest_id=-2762812&dest_type=city&group_adults=2&req_adults=2&no_rooms=1&group_children=0&req_children=0&hpos=15&hapos=65&sr_order=popularity&srpvid=ed21559515340104&srepoch=1785759029&all_sr_blocks=895349501_360080174_2_42_0&highlighted_blocks=895349501_360080174_2_42_0&matching_block_id=895349501_360080174_2_42_0&sr_pri_blocks=895349501_360080174_2_42_0__468000&from=searchresults,4680,7.4,111.0,"G-9 Sector, Islamabad",6.6,Economy Double Room,1 extra-large double bed,0,0,0,https://cf.bstatic.com/xdata/images/hotel/square240/399212714.webp?k=fe7cf2179b6e1ee4333cb692f9cc97eba7de701923f9e5c1a433623270bc2c37&o=,2,Islamabad
Uk Family Lodge,https://www.booking.com/hotel/pk/uk-family-lodge.en-gb.html?aid=304142&label=gen173nr-10CAQoggJCDWNpdHlfLTI3NjI4MTJICVgEaLUBiAEBmAEzuAEHyAEM2AED6AEB-AEBiAIBqAIBuAKqisLTBsACAdICJGIyYWUwNDZiLWE5YmEtNGI1Yi05MjRjLWFkYWU5NDcwN2MxM9gCAeACAQ&ucfs=1&arphpl=1&checkin=2026-08-06&checkout=2026-08-07&dest_id=-2762812&dest_type=city&group_adults=2&req_adults=2&no_rooms=1&group_children=0&req_children=0&hpos=16&hapos=66&sr_order=popularity&srpvid=ed21559515340104&srepoch=1785759029&all_sr_blocks=504601103_0_2_0_0&highlighted_blocks=504601103_0_2_0_0&matching_block_id=504601103_0_2_0_0&sr_pri_blocks=504601103_0_2_0_0__380140&from=searchresults,3801,8.1,140.0,"G-9 Sector, Islamabad",6.4,,,0,0,0,https://cf.bstatic.com/xdata/images/hotel/square240/647350262.webp?k=7de02bb86662b4ff037ab520a5df203b38372125f7e7ac0833d11f96cd7d21ca&o=,3,Islamabad
The Grand Winchester Apartments E-11 - Modern Luxury with Fully Equipped Kitchen - Netflix - Balcony - AC - Free Parking - Sector E-11,https://www.booking.com/hotel/pk/the-grand-winchester-premium-two-bedroom-apartment.en-gb.html?aid=304142&label=gen173nr-10CAQoggJCDWNpdHlfLTI3NjI4MTJICVgEaLUBiAEBmAEzuAEHyAEM2AED6AEB-AEBiAIBqAIBuAKqisLTBsACAdICJGIyYWUwNDZiLWE5YmEtNGI1Yi05MjRjLWFkYWU5NDcwN2MxM9gCAeACAQ&ucfs=1&arphpl=1&checkin=2026-08-06&checkout=2026-08-07&dest_id=-2762812&dest_type=city&group_adults=2&req_adults=2&no_rooms=1&group_children=0&req_children=0&hpos=17&hapos=67&sr_order=popularity&srpvid=ed21559515340104&srepoch=1785759029&all_sr_blocks=1617329802_439914229_2_0_0&highlighted_blocks=1617329802_439914229_2_0_0&matching_block_id=1617329802_439914229_2_0_0&sr_pri_blocks=1617329802_439914229_2_0_0__860000&from=searchresults,8600,8.5,36.0,"Blue Area, Islamabad",2.3,Superior Studio,1 extra-large double bed,0,1,1,https://cf.bstatic.com/xdata/images/hotel/square240/856199278.webp?k=59ee0df085abc15b66e36ca8964a394b3fd776892165b1b64252fe4d03f5e50f&o=,14,Islamabad
Luxury Guest House,https://www.booking.com/hotel/pk/luxury-guest-house-islamabad9.en-gb.html?aid=304142&label=gen173nr-10CAQoggJCDWNpdHlfLTI3NjI4MTJICVgEaLUBiAEBmAEzuAEHyAEM2AED6AEB-AEBiAIBqAIBuAKqisLTBsACAdICJGIyYWUwNDZiLWE5YmEtNGI1Yi05MjRjLWFkYWU5NDcwN2MxM9gCAeACAQ&ucfs=1&arphpl=1&checkin=2026-08-06&checkout=2026-08-07&dest_id=-2762812&dest_type=city&group_adults=2&req_adults=2&no_rooms=1&group_children=0&req_children=0&hpos=18&hapos=68&sr_order=popularity&srpvid=ed21559515340104&srepoch=1785759029&all_sr_blocks=1484357402_419905497_0_2_0&highlighted_blocks=1484357402_419905497_0_2_0&matching_block_id=1484357402_419905497_0_2_0&sr_pri_blocks=1484357402_419905497_0_2_0__624150&from=searchresults,6242,6.4,14.0,"E-11 Sector, Islamabad",12.0,Deluxe Double Room (2 Adults + 1 Child),"2 beds (1 extra-large double, 1 futon)",0,0,0,https://cf.bstatic.com/xdata/images/hotel/square240/738707090.webp?k=7908f5ca41d383205e42b3aa7e2f6e3faabec45c20363aaf938542066f138c0f&o=,8,Islamabad
Luxury premium Apartments,https://www.booking.com/hotel/pk/luxury-premium-apartments.en-gb.html?aid=304142&label=gen173nr-10CAQoggJCDWNpdHlfLTI3NjI4MTJICVgEaLUBiAEBmAEzuAEHyAEM2AED6AEB-AEBiAIBqAIBuAKqisLTBsACAdICJGIyYWUwNDZiLWE5YmEtNGI1Yi05MjRjLWFkYWU5NDcwN2MxM9gCAeACAQ&ucfs=1&arphpl=1&checkin=2026-08-06&checkout=2026-08-07&dest_id=-2762812&dest_type=city&group_adults=2&req_adults=2&no_rooms=1&group_children=0&req_children=0&hpos=19&hapos=69&sr_order=popularity&srpvid=ed21559515340104&srepoch=1785759029&all_sr_blocks=1572181201_428266540_6_0_0&highlighted_blocks=1572181201_428266540_6_0_0&matching_block_id=1572181201_428266540_6_0_0&sr_pri_blocks=1572181201_428266540_6_0_0__1170000&from=searchresults,11700,8.2,30.0,"E-11 Sector, Islamabad",10.9,Two-Bedroom Apartment,"2 beds (1 single, 1 extra-large double)",0,0,0,https://cf.bstatic.com/xdata/images/hotel/square240/821322065.webp?k=74a95dc5b88cfc326f3963dbbb4d282fc7991eff7ae48239b1f2a646226870f4&o=,10,Islamabad
Opal Orchid House,https://www.booking.com/hotel/pk/opal-orchid-house.en-gb.html?aid=304142&label=gen173nr-10CAQoggJCDWNpdHlfLTI3NjI4MTJICVgEaLUBiAEBmAEzuAEHyAEM2AED6AEB-AEBiAIBqAIBuAKqisLTBsACAdICJGIyYWUwNDZiLWE5YmEtNGI1Yi05MjRjLWFkYWU5NDcwN2MxM9gCAeACAQ&ucfs=1&arphpl=1&checkin=2026-08-06&checkout=2026-08-07&dest_id=-2762812&dest_type=city&group_adults=2&req_adults=2&no_rooms=1&group_children=0&req_children=0&hpos=20&hapos=70&sr_order=popularity&srpvid=ed21559515340104&srepoch=1785759029&all_sr_blocks=1636251303_434012351_4_0_0&highlighted_blocks=1636251303_434012351_4_0_0&matching_block_id=1636251303_434012351_4_0_0&sr_pri_blocks=1636251303_434012351_4_0_0__550000&from=searchresults,5500,8.5,13.0,Islamabad,19.4,Deluxe Double or Twin Room with City View,"3 beds (1 extra-large double, 1 sofa bed, 1 futon)",0,1,1,https://cf.bstatic.com/xdata/images/hotel/square240/881987008.webp?k=fd3086b2cd82fa4beb37ba814986f056bbe30983e45bfd00c10237acdf7cba87&o=,14,Islamabad
Peace Continental Hotel,https://www.booking.com/hotel/pk/peace-continental-islamabad2.en-gb.html?aid=304142&label=gen173nr-10CAQoggJCDWNpdHlfLTI3NjI4MTJICVgEaLUBiAEBmAEzuAEHyAEM2AED6AEB-AEBiAIBqAIBuAKqisLTBsACAdICJGIyYWUwNDZiLWE5YmEtNGI1Yi05MjRjLWFkYWU5NDcwN2MxM9gCAeACAQ&ucfs=1&arphpl=1&checkin=2026-08-06&checkout=2026-08-07&dest_id=-2762812&dest_type=city&group_adults=2&req_adults=2&no_rooms=1&group_children=0&req_children=0&hpos=21&hapos=71&sr_order=popularity&srpvid=ed21559515340104&srepoch=1785759029&all_sr_blocks=1591426601_437999385_2_2_0&highlighted_blocks=1591426601_437999385_2_2_0&matching_block_id=1591426601_437999385_2_2_0&sr_pri_blocks=1591426601_437999385_2_2_0__453750&from=searchresults,4538,5.6,16.0,Islamabad,9.1,Standard Double Room,1 extra-large double bed,0,1,0,https://cf.bstatic.com/xdata/images/hotel/square240/831053259.webp?k=3e5618e4a036e5954a3e99123e18e7647dee06cb5120b40daad2f7b429ca375d&o=,12,Islamabad
430 Urban Lodge,https://www.booking.com/hotel/pk/430-urban-lodge.en-gb.html?aid=304142&label=gen173nr-10CAQoggJCDWNpdHlfLTI3NjI4MTJICVgEaLUBiAEBmAEzuAEHyAEM2AED6AEB-AEBiAIBqAIBuAKqisLTBsACAdICJGIyYWUwNDZiLWE5YmEtNGI1Yi05MjRjLWFkYWU5NDcwN2MxM9gCAeACAQ&ucfs=1&arphpl=1&checkin=2026-08-06&checkout=2026-08-07&dest_id=-2762812&dest_type=city&group_adults=2&req_adults=2&no_rooms=1&group_children=0&req_children=0&hpos=22&hapos=72&sr_order=popularity&srpvid=ed21559515340104&srepoch=1785759029&all_sr_blocks=1631623602_433684357_4_2_0&highlighted_blocks=1631623602_433684357_4_2_0&matching_block_id=1631623602_433684357_4_2_0&sr_pri_blocks=1631623602_433684357_4_2_0__800000&from=searchresults,8000,9.1,11.0,Islamabad,19.4,Double or Twin Room,"3 beds (1 extra-large double, 1 sofa bed, 1 futon)",0,1,1,https://cf.bstatic.com/xdata/images/hotel/square240/867202056.webp?k=344946af007baddddcfd04ddea4326326c794d72cea99778a8d8b1f7b731e34e&o=,12,Islamabad
Sunway Residence,https://www.booking.com/hotel/pk/sunway-residence.en-gb.html?aid=304142&label=gen173nr-10CAQoggJCDWNpdHlfLTI3NjI4MTJICVgEaLUBiAEBmAEzuAEHyAEM2AED6AEB-AEBiAIBqAIBuAKqisLTBsACAdICJGIyYWUwNDZiLWE5YmEtNGI1Yi05MjRjLWFkYWU5NDcwN2MxM9gCAeACAQ&ucfs=1&arphpl=1&checkin=2026-08-06&checkout=2026-08-07&dest_id=-2762812&dest_type=city&group_adults=2&req_adults=2&no_rooms=1&group_children=0&req_children=0&hpos=23&hapos=73&sr_order=popularity&srpvid=ed21559515340104&srepoch=1785759029&all_sr_blocks=1505196801_422278085_4_0_0&highlighted_blocks=1505196801_422278085_4_0_0&matching_block_id=1505196801_422278085_4_0_0&sr_pri_blocks=1505196801_422278085_4_0_0__1600000&from=searchresults,16000,,,Islamabad,11.0,Two-Bedroom Apartment,"3 beds (1 double, 1 sofa bed, 1 large double)",0,1,1,https://cf.bstatic.com/xdata/images/hotel/square240/758555365.webp?k=a2a2aff33af65c1186d47e8d8a234245667812411a1da549abba9a20f7bf7045&o=,4,Islamabad
Rural Retreat,https://www.booking.com/hotel/pk/rural-retreat.en-gb.html?aid=304142&label=gen173nr-10CAQoggJCDWNpdHlfLTI3NjI4MTJICVgEaLUBiAEBmAEzuAEHyAEM2AED6AEB-AEBiAIBqAIBuAKqisLTBsACAdICJGIyYWUwNDZiLWE5YmEtNGI1Yi05MjRjLWFkYWU5NDcwN2MxM9gCAeACAQ&ucfs=1&arphpl=1&checkin=2026-08-06&checkout=2026-08-07&dest_id=-2762812&dest_type=city&group_adults=2&req_adults=2&no_rooms=1&group_children=0&req_children=0&hpos=24&hapos=74&sr_order=popularity&srpvid=ed21559515340104&srepoch=1785759029&all_sr_blocks=1472455802_418590198_4_1_0&highlighted_blocks=1472455802_418590198_4_1_0&matching_block_id=1472455802_418590198_4_1_0&sr_pri_blocks=1472455802_418590198_4_1_0__900000&from=searchresults,9000,8.7,37.0,Islamabad,19.4,Budget Double Room,"3 beds (1 sofa bed, 1 large double, 1 futon)",1,1,1,https://cf.bstatic.com/xdata/images/hotel/square240/865833495.webp?k=f8edc2a9442028fe67596bddb9f2b64eb75cb41de3a0e3bd1b8a0ef62495e305&o=,14,Islamabad
Designer 2 Bedroom Apartment WiFi AC Netflix Iron E-11 Islamabad,https://www.booking.com/hotel/pk/2-bedroom-apartment-islamabad16.en-gb.html?aid=304142&label=gen173nr-10CAQoggJCDWNpdHlfLTI3NjI4MTJICVgEaLUBiAEBmAEzuAEHyAEM2AED6AEB-AEBiAIBqAIBuAKqisLTBsACAdICJGIyYWUwNDZiLWE5YmEtNGI1Yi05MjRjLWFkYWU5NDcwN2MxM9gCAeACAQ&ucfs=1&arphpl=1&checkin=2026-08-06&checkout=2026-08-07&dest_id=-2762812&dest_type=city&group_adults=2&req_adults=2&no_rooms=1&group_children=0&req_children=0&hpos=1&hapos=75&sr_order=popularity&srpvid=ed21559515340104&srepoch=1785759032&all_sr_blocks=1638470601_434151187_5_0_0&highlighted_blocks=1638470601_434151187_5_0_0&matching_block_id=1638470601_434151187_5_0_0&sr_pri_blocks=1638470601_434151187_5_0_0__1200000&from=searchresults,12000,7.0,15.0,"E-11 Sector, Islamabad",11.8,Two-Bedroom Apartment,2 large double beds,0,1,1,https://cf.bstatic.com/xdata/images/hotel/square240/869539153.webp?k=1136904a08d1b90c6cadf74231b193979482f75fe5e2a58a886ef4dda4273512&o=,6,Islamabad
430 Elite Reside,https://www.booking.com/hotel/pk/430-elite-reside.en-gb.html?aid=304142&label=gen173nr-10CAQoggJCDWNpdHlfLTI3NjI4MTJICVgEaLUBiAEBmAEzuAEHyAEM2AED6AEB-AEBiAIBqAIBuAKqisLTBsACAdICJGIyYWUwNDZiLWE5YmEtNGI1Yi05MjRjLWFkYWU5NDcwN2MxM9gCAeACAQ&ucfs=1&arphpl=1&checkin=2026-08-06&checkout=2026-08-07&dest_id=-2762812&dest_type=city&group_adults=2&req_adults=2&no_rooms=1&group_children=0&req_children=0&hpos=2&hapos=76&sr_order=popularity&srpvid=ed21559515340104&srepoch=1785759032&all_sr_blocks=1631723701_433690178_2_0_0&highlighted_blocks=1631723701_433690178_2_0_0&matching_block_id=1631723701_433690178_2_0_0&sr_pri_blocks=1631723701_433690178_2_0_0__540000&from=searchresults,5400,10,8.0,Islamabad,19.4,Double Room,1 double bed,0,0,0,https://cf.bstatic.com/xdata/images/hotel/square240/864560348.webp?k=b941a3813a6762fcb977b6d1c5a805391605f9c28c22b26e8e7caeaa835fce67&o=,3,Islamabad
Elysium Two Bedroom Luxury Apartment Islamabad,https://www.booking.com/hotel/pk/downtown-apartments-islamabad.en-gb.html?aid=304142&label=gen173nr-10CAQoggJCDWNpdHlfLTI3NjI4MTJICVgEaLUBiAEBmAEzuAEHyAEM2AED6AEB-AEBiAIBqAIBuAKqisLTBsACAdICJGIyYWUwNDZiLWE5YmEtNGI1Yi05MjRjLWFkYWU5NDcwN2MxM9gCAeACAQ&ucfs=1&arphpl=1&checkin=2026-08-06&checkout=2026-08-07&dest_id=-2762812&dest_type=city&group_adults=2&req_adults=2&no_rooms=1&group_children=0&req_children=0&hpos=3&hapos=77&sr_order=popularity&srpvid=ed21559515340104&srepoch=1785759032&all_sr_blocks=1449888802_428777458_2_0_0&highlighted_blocks=1449888802_428777458_2_0_0&matching_block_id=1449888802_428777458_2_0_0&sr_pri_blocks=1449888802_428777458_2_0_0__3000000&from=searchresults,30000,9.6,20.0,"Blue Area, Islamabad",4.6,King Studio with Sofa Bed,King Studio with Sofa Bed,0,1,1,https://cf.bstatic.com/xdata/images/hotel/square240/707392500.webp?k=e827f94119ce4025876a9e82569851021a232e3acaade10259def0b2395710f0&o=,12,Islamabad
The Premier Centauras,https://www.booking.com/hotel/pk/the-panoramic-centauras-islamabad.en-gb.html?aid=304142&label=gen173nr-10CAQoggJCDWNpdHlfLTI3NjI4MTJICVgEaLUBiAEBmAEzuAEHyAEM2AED6AEB-AEBiAIBqAIBuAKqisLTBsACAdICJGIyYWUwNDZiLWE5YmEtNGI1Yi05MjRjLWFkYWU5NDcwN2MxM9gCAeACAQ&ucfs=1&arphpl=1&checkin=2026-08-06&checkout=2026-08-07&dest_id=-2762812&dest_type=city&group_adults=2&req_adults=2&no_rooms=1&group_children=0&req_children=0&hpos=4&hapos=78&sr_order=popularity&srpvid=ed21559515340104&srepoch=1785759032&all_sr_blocks=1547558201_425997089_2_0_0_1391661&highlighted_blocks=1547558201_425997089_2_0_0_1391661&matching_block_id=1547558201_425997089_2_0_0_1391661&sr_pri_blocks=1547558201_425997089_2_0_0_1391661_3780000&from=searchresults,37800,8.3,8.0,"Blue Area, Islamabad",4.6,Two-Bedroom Apartment,"3 beds (1 double, 1 extra-large double, 1 sofa bed)",0,1,1,https://cf.bstatic.com/xdata/images/hotel/square240/806277970.webp?k=5315c1a073579272f79c6ca13f39f4358b5a762ae5218c487f8f063299ac79c9&o=,4,Islamabad
Alzahir GUESTHOUSE & HOTEL near Islamabad Embassy,https://www.booking.com/hotel/pk/alzahir-bharakahu-islamabad1.en-gb.html?aid=304142&label=gen173nr-10CAQoggJCDWNpdHlfLTI3NjI4MTJICVgEaLUBiAEBmAEzuAEHyAEM2AED6AEB-AEBiAIBqAIBuAKqisLTBsACAdICJGIyYWUwNDZiLWE5YmEtNGI1Yi05MjRjLWFkYWU5NDcwN2MxM9gCAeACAQ&ucfs=1&arphpl=1&checkin=2026-08-06&checkout=2026-08-07&dest_id=-2762812&dest_type=city&group_adults=2&req_adults=2&no_rooms=1&group_children=0&req_children=0&hpos=5&hapos=79&sr_order=popularity&srpvid=ed21559515340104&srepoch=1785759032&all_sr_blocks=1571421602_428210510_2_0_0&highlighted_blocks=1571421602_428210510_2_0_0&matching_block_id=1571421602_428210510_2_0_0&sr_pri_blocks=1571421602_428210510_2_0_0__220000&from=searchresults,2200,5.5,8.0,Islamabad,7.1,Double Room with Private Bathroom,2 single beds,0,1,1,https://cf.bstatic.com/xdata/images/hotel/square240/814515573.webp?k=33c7c5093d144fa89045e5ef3d3a4d1a69231b5a1e34005ae51292a61306ae97&o=,4,Islamabad
Cozy Family guest house,https://www.booking.com/hotel/pk/cozy-family-guest-house-islamabad.en-gb.html?aid=304142&label=gen173nr-10CAQoggJCDWNpdHlfLTI3NjI4MTJICVgEaLUBiAEBmAEzuAEHyAEM2AED6AEB-AEBiAIBqAIBuAKqisLTBsACAdICJGIyYWUwNDZiLWE5YmEtNGI1Yi05MjRjLWFkYWU5NDcwN2MxM9gCAeACAQ&ucfs=1&arphpl=1&checkin=2026-08-06&checkout=2026-08-07&dest_id=-2762812&dest_type=city&group_adults=2&req_adults=2&no_rooms=1&group_children=0&req_children=0&hpos=6&hapos=80&sr_order=popularity&srpvid=ed21559515340104&srepoch=1785759032&all_sr_blocks=1642732102_434445950_2_0_0&highlighted_blocks=1642732102_434445950_2_0_0&matching_block_id=1642732102_434445950_2_0_0&sr_pri_blocks=1642732102_434445950_2_0_0__416000&from=searchresults,4160,6.6,6.0,"G-9 Sector, Islamabad",6.5,Triple Room,1 double bed,0,1,1,https://cf.bstatic.com/xdata/images/hotel/square240/890094389.webp?k=3a4bdb9b57ec9766fa436e1d11d5d1c4a072d2b331bcd06d2b9836a7cd644857&o=,4,Islamabad
Citynest hostel,https://www.booking.com/hotel/pk/citynest-hostel.en-gb.html?aid=304142&label=gen173nr-10CAQoggJCDWNpdHlfLTI3NjI4MTJICVgEaLUBiAEBmAEzuAEHyAEM2AED6AEB-AEBiAIBqAIBuAKqisLTBsACAdICJGIyYWUwNDZiLWE5YmEtNGI1Yi05MjRjLWFkYWU5NDcwN2MxM9gCAeACAQ&ucfs=1&arphpl=1&checkin=2026-08-06&checkout=2026-08-07&dest_id=-2762812&dest_type=city&group_adults=2&req_adults=2&no_rooms=1&group_children=0&req_children=0&hpos=7&hapos=81&sr_order=popularity&srpvid=ed21559515340104&srepoch=1785759032&all_sr_blocks=1606381403_431576104_2_0_0&highlighted_blocks=1606381403_431576104_2_0_0&matching_block_id=1606381403_431576104_2_0_0&sr_pri_blocks=1606381403_431576104_2_0_0__400000&from=searchresults,4000,6.6,15.0,"F-8 Sector, Islamabad",6.0,Twin Room,"3 beds (2 singles, 1 double)",0,1,1,https://cf.bstatic.com/xdata/images/hotel/square240/842921786.webp?k=4b6c9faa71c9b7c3814a05fe4abcf5487ce6f4a3c5499dac2c1d00dceafaa12d&o=,5,Islamabad
Sintra Hotel,https://www.booking.com/hotel/pk/sintra.en-gb.html?aid=304142&label=gen173nr-10CAQoggJCDWNpdHlfLTI3NjI4MTJICVgEaLUBiAEBmAEzuAEHyAEM2AED6AEB-AEBiAIBqAIBuAKqisLTBsACAdICJGIyYWUwNDZiLWE5YmEtNGI1Yi05MjRjLWFkYWU5NDcwN2MxM9gCAeACAQ&ucfs=1&arphpl=1&checkin=2026-08-06&checkout=2026-08-07&dest_id=-2762812&dest_type=city&group_adults=2&req_adults=2&no_rooms=1&group_children=0&req_children=0&hpos=8&hapos=82&sr_order=popularity&srpvid=ed21559515340104&srepoch=1785759032&all_sr_blocks=881539002_388846123_2_1_0&highlighted_blocks=881539002_388846123_2_1_0&matching_block_id=881539002_388846123_2_1_0&sr_pri_blocks=881539002_388846123_2_1_0__1800000&from=searchresults,18000,8.4,261.0,"G-6 Sector, Islamabad",1.6,King Room,1 extra-large double bed,1,1,0,https://cf.bstatic.com/xdata/images/hotel/square240/375529855.webp?k=bfd47ec9e3a1a36d16e7bfbe05788c0ffe464e45c2145001a178287917426e6b&o=,4,Islamabad
Hotel Red Line,https://www.booking.com/hotel/pk/nadir-international.en-gb.html?aid=304142&label=gen173nr-10CAQoggJCDWNpdHlfLTI3NjI4MTJICVgEaLUBiAEBmAEzuAEHyAEM2AED6AEB-AEBiAIBqAIBuAKqisLTBsACAdICJGIyYWUwNDZiLWE5YmEtNGI1Yi05MjRjLWFkYWU5NDcwN2MxM9gCAeACAQ&ucfs=1&arphpl=1&checkin=2026-08-06&checkout=2026-08-07&dest_id=-2762812&dest_type=city&group_adults=2&req_adults=2&no_rooms=1&group_children=0&req_children=0&hpos=9&hapos=83&sr_order=popularity&srpvid=ed21559515340104&srepoch=1785759032&all_sr_blocks=409130206_393192260_2_2_0&highlighted_blocks=409130206_393192260_2_2_0&matching_block_id=409130206_393192260_2_2_0&sr_pri_blocks=409130206_393192260_2_2_0__600000&from=searchresults,6000,7.8,68.0,Islamabad,16.1,Double or Twin Room,2 single beds,0,1,1,https://cf.bstatic.com/xdata/images/hotel/square240/398281613.webp?k=1224e343f41f35431a0b432a007203d11128601628016e3a690222cc8e41bd65&o=,4,Islamabad
Legend Hotel Islamabad,https://www.booking.com/hotel/pk/legend-islamabad.en-gb.html?aid=304142&label=gen173nr-10CAQoggJCDWNpdHlfLTI3NjI4MTJICVgEaLUBiAEBmAEzuAEHyAEM2AED6AEB-AEBiAIBqAIBuAKqisLTBsACAdICJGIyYWUwNDZiLWE5YmEtNGI1Yi05MjRjLWFkYWU5NDcwN2MxM9gCAeACAQ&ucfs=1&arphpl=1&checkin=2026-08-06&checkout=2026-08-07&dest_id=-2762812&dest_type=city&group_adults=2&req_adults=2&no_rooms=1&group_children=0&req_children=0&hpos=10&hapos=84&sr_order=popularity&srpvid=ed21559515340104&srepoch=1785759032&all_sr_blocks=678019303_416487237_2_41_0&highlighted_blocks=678019303_416487237_2_41_0&matching_block_id=678019303_416487237_2_41_0&sr_pri_blocks=678019303_416487237_2_41_0__2200000&from=searchresults,22000,8.6,141.0,Islamabad,0.7,Deluxe King Room,1 double bed,1,1,1,https://cf.bstatic.com/xdata/images/hotel/square240/684810226.webp?k=9b26cd8cd2ecc38fcd3fe611fb46800c927b4eec5ab885c268f39b95bb024c24&o=,12,Islamabad
The loft Single studio room,https://www.booking.com/hotel/pk/the-loft-single-1.en-gb.html?aid=304142&label=gen173nr-10CAQoggJCDWNpdHlfLTI3NjI4MTJICVgEaLUBiAEBmAEzuAEHyAEM2AED6AEB-AEBiAIBqAIBuAKqisLTBsACAdICJGIyYWUwNDZiLWE5YmEtNGI1Yi05MjRjLWFkYWU5NDcwN2MxM9gCAeACAQ&ucfs=1&arphpl=1&checkin=2026-08-06&checkout=2026-08-07&dest_id=-2762812&dest_type=city&group_adults=2&req_adults=2&no_rooms=1&group_children=0&req_children=0&hpos=11&hapos=85&sr_order=popularity&srpvid=ed21559515340104&srepoch=1785759032&all_sr_blocks=1423736701_414005383_2_0_0&highlighted_blocks=1423736701_414005383_2_0_0&matching_block_id=1423736701_414005383_2_0_0&sr_pri_blocks=1423736701_414005383_2_0_0__400000&from=searchresults,4000,9.2,5.0,Islamabad,11.6,One-Bedroom Apartment,1 double bed,0,1,1,https://cf.bstatic.com/xdata/images/hotel/square240/688485647.webp?k=1e497573f463367749be36ffc4768ba340eea7305b2af324d1951c085c498626&o=,4,Islamabad
Guest House 99,https://www.booking.com/hotel/pk/guest-house-99.en-gb.html?aid=304142&label=gen173nr-10CAQoggJCDWNpdHlfLTI3NjI4MTJICVgEaLUBiAEBmAEzuAEHyAEM2AED6AEB-AEBiAIBqAIBuAKqisLTBsACAdICJGIyYWUwNDZiLWE5YmEtNGI1Yi05MjRjLWFkYWU5NDcwN2MxM9gCAeACAQ&ucfs=1&arphpl=1&checkin=2026-08-06&checkout=2026-08-07&dest_id=-2762812&dest_type=city&group_adults=2&req_adults=2&no_rooms=1&group_children=0&req_children=0&hpos=12&hapos=86&sr_order=popularity&srpvid=ed21559515340104&srepoch=1785759032&all_sr_blocks=1604405702_431380964_4_0_0&highlighted_blocks=1604405702_431380964_4_0_0&matching_block_id=1604405702_431380964_4_0_0&sr_pri_blocks=1604405702_431380964_4_0_0__449900&from=searchresults,4499,7.4,11.0,"G-9 Sector, Islamabad",6.6,Family Room with Bathroom,"2 beds (1 single, 1 large double)",0,1,1,https://cf.bstatic.com/xdata/images/hotel/square240/841403180.webp?k=620a92ca23c776c4af150721b3596453b5272ab1a15f4da50596e765e60dfc26&o=,4,Islamabad
Luxurious 5 Bedroom Mansion Upper Portion Near Gerry Visa Park Road Islamabad,https://www.booking.com/hotel/pk/luxurious-4-bedroom-mansion-upper-portion-park-road-islamabad.en-gb.html?aid=304142&label=gen173nr-10CAQoggJCDWNpdHlfLTI3NjI4MTJICVgEaLUBiAEBmAEzuAEHyAEM2AED6AEB-AEBiAIBqAIBuAKqisLTBsACAdICJGIyYWUwNDZiLWE5YmEtNGI1Yi05MjRjLWFkYWU5NDcwN2MxM9gCAeACAQ&ucfs=1&arphpl=1&checkin=2026-08-06&checkout=2026-08-07&dest_id=-2762812&dest_type=city&group_adults=2&req_adults=2&no_rooms=1&group_children=0&req_children=0&hpos=13&hapos=87&sr_order=popularity&srpvid=ed21559515340104&srepoch=1785759032&all_sr_blocks=1457560306_417099498_2_0_0&highlighted_blocks=1457560306_417099498_2_0_0&matching_block_id=1457560306_417099498_2_0_0&sr_pri_blocks=1457560306_417099498_2_0_0__522500&from=searchresults,5225,9.3,33.0,Islamabad,9.5,One-Bedroom House,2 single beds,0,1,1,https://cf.bstatic.com/xdata/images/hotel/square240/744479293.webp?k=f8f50d06976c210f2607a75bb6f3c0d5b5b06c19ee9548b98a4cf707826b1b55&o=,12,Islamabad
Neat Retreat 1BHK - Sector E-11 - Fully Equipped - Everything You Need,https://www.booking.com/hotel/pk/neat-amp-fresh-1bhk-full-apartment.en-gb.html?aid=304142&label=gen173nr-10CAQoggJCDWNpdHlfLTI3NjI4MTJICVgEaLUBiAEBmAEzuAEHyAEM2AED6AEB-AEBiAIBqAIBuAKqisLTBsACAdICJGIyYWUwNDZiLWE5YmEtNGI1Yi05MjRjLWFkYWU5NDcwN2MxM9gCAeACAQ&ucfs=1&arphpl=1&checkin=2026-08-06&checkout=2026-08-07&dest_id=-2762812&dest_type=city&group_adults=2&req_adults=2&no_rooms=1&group_children=0&req_children=0&hpos=14&hapos=88&sr_order=popularity&srpvid=ed21559515340104&srepoch=1785759032&all_sr_blocks=1457696001_439915292_3_0_0_1177863&highlighted_blocks=1457696001_439915292_3_0_0_1177863&matching_block_id=1457696001_439915292_3_0_0_1177863&sr_pri_blocks=1457696001_439915292_3_0_0_1177863_950000&from=searchresults,9500,8.9,33.0,Islamabad,450.0,One-Bedroom Apartment,1 extra-large double bed,0,1,1,https://cf.bstatic.com/xdata/images/hotel/square240/717870296.webp?k=60b3880faf3f7d19d2dd4e9d75acf42092f96b89253e85b2c2c0115c23c9a6fb&o=,5,Islamabad
The Soho by Aram Stays,https://www.booking.com/hotel/pk/the-soho-by-aramstays.en-gb.html?aid=304142&label=gen173nr-10CAQoggJCDWNpdHlfLTI3NjI4MTJICVgEaLUBiAEBmAEzuAEHyAEM2AED6AEB-AEBiAIBqAIBuAKqisLTBsACAdICJGIyYWUwNDZiLWE5YmEtNGI1Yi05MjRjLWFkYWU5NDcwN2MxM9gCAeACAQ&ucfs=1&arphpl=1&checkin=2026-08-06&checkout=2026-08-07&dest_id=-2762812&dest_type=city&group_adults=2&req_adults=2&no_rooms=1&group_children=0&req_children=0&hpos=15&hapos=89&sr_order=popularity&srpvid=ed21559515340104&srepoch=1785759032&all_sr_blocks=1517809901_426568420_4_0_0&highlighted_blocks=1517809901_426568420_4_0_0&matching_block_id=1517809901_426568420_4_0_0&sr_pri_blocks=1517809901_426568420_4_0_0__1350000&from=searchresults,13500,9.2,9.0,"E-11 Sector, Islamabad",11.9,One-Bedroom Suite,"3 beds (1 extra-large double, 2 sofa beds)",0,1,1,https://cf.bstatic.com/xdata/images/hotel/square240/787924488.webp?k=57c163cc071cd39ca9bc049df45db3157aed85f8c31ce46fc54b5c338ee57b2a&o=,14,Islamabad
Neat Retreat 2BHK - Sector E11 Islamabad - Fully Equipped Everything You Need,https://www.booking.com/hotel/pk/neat-retreat-2-bedroom-apt-wifi-netflix-ac-geyser.en-gb.html?aid=304142&label=gen173nr-10CAQoggJCDWNpdHlfLTI3NjI4MTJICVgEaLUBiAEBmAEzuAEHyAEM2AED6AEB-AEBiAIBqAIBuAKqisLTBsACAdICJGIyYWUwNDZiLWE5YmEtNGI1Yi05MjRjLWFkYWU5NDcwN2MxM9gCAeACAQ&ucfs=1&arphpl=1&checkin=2026-08-06&checkout=2026-08-07&dest_id=-2762812&dest_type=city&group_adults=2&req_adults=2&no_rooms=1&group_children=0&req_children=0&hpos=16&hapos=90&sr_order=popularity&srpvid=ed21559515340104&srepoch=1785759032&all_sr_blocks=1541157901_439915188_6_0_0_1458250&highlighted_blocks=1541157901_439915188_6_0_0_1458250&matching_block_id=1541157901_439915188_6_0_0_1458250&sr_pri_blocks=1541157901_439915188_6_0_0_1458250_1144000&from=searchresults,11440,9.1,12.0,"Blue Area, Islamabad",2.3,Two-Bedroom Apartment,"5 beds (4 extra-large doubles, 1 sofa bed)",0,1,1,https://cf.bstatic.com/xdata/images/hotel/square240/886738341.webp?k=a10cfa62b840cb9eff7e18235ffbcb65f93cb04908041b515ca1581dd8cd6c4f&o=,6,Islamabad
Jay Apartment - One bedroom apartment WiFi Netflix -Ac In E11 Islamabad,https://www.booking.com/hotel/pk/casa-bella-plaza.en-gb.html?aid=304142&label=gen173nr-10CAQoggJCDWNpdHlfLTI3NjI4MTJICVgEaLUBiAEBmAEzuAEHyAEM2AED6AEB-AEBiAIBqAIBuAKqisLTBsACAdICJGIyYWUwNDZiLWE5YmEtNGI1Yi05MjRjLWFkYWU5NDcwN2MxM9gCAeACAQ&ucfs=1&arphpl=1&checkin=2026-08-06&checkout=2026-08-07&dest_id=-2762812&dest_type=city&group_adults=2&req_adults=2&no_rooms=1&group_children=0&req_children=0&hpos=17&hapos=91&sr_order=popularity&srpvid=ed21559515340104&srepoch=1785759032&all_sr_blocks=1563602001_427448265_3_0_0&highlighted_blocks=1563602001_427448265_3_0_0&matching_block_id=1563602001_427448265_3_0_0&sr_pri_blocks=1563602001_427448265_3_0_0__820000&from=searchresults,8200,8.7,15.0,Islamabad,10.4,One-Bedroom Apartment,"2 beds (1 extra-large double, 1 sofa bed)",0,1,1,https://cf.bstatic.com/xdata/images/hotel/square240/866012307.webp?k=ffe46702af20f9d2f305bbbe8dd899b318ff34f2691de14840f070d2555d818b&o=,4,Islamabad
Comfort Lodge G-13 Islamabad,https://www.booking.com/hotel/pk/comfort-lodge-g-13-islamabad.en-gb.html?aid=304142&label=gen173nr-10CAQoggJCDWNpdHlfLTI3NjI4MTJICVgEaLUBiAEBmAEzuAEHyAEM2AED6AEB-AEBiAIBqAIBuAKqisLTBsACAdICJGIyYWUwNDZiLWE5YmEtNGI1Yi05MjRjLWFkYWU5NDcwN2MxM9gCAeACAQ&ucfs=1&arphpl=1&checkin=2026-08-06&checkout=2026-08-07&dest_id=-2762812&dest_type=city&group_adults=2&req_adults=2&no_rooms=1&group_children=0&req_children=0&hpos=18&hapos=92&sr_order=popularity&srpvid=ed21559515340104&srepoch=1785759032&all_sr_blocks=1689854601_440620670_2_42_0&highlighted_blocks=1689854601_440620670_2_42_0&matching_block_id=1689854601_440620670_2_42_0&sr_pri_blocks=1689854601_440620670_2_42_0__467500&from=searchresults,4675,,,Islamabad,14.0,Deluxe Double Room,1 double bed,0,1,1,https://cf.bstatic.com/xdata/images/hotel/square240/895630158.webp?k=f1a183d21aa7883399e8ed8337bed73b2aa71eb3678a2776f304585d4b942916&o=,4,Islamabad
Royal Executive,https://www.booking.com/hotel/pk/royal-executive.en-gb.html?aid=304142&label=gen173nr-10CAQoggJCDWNpdHlfLTI3NjI4MTJICVgEaLUBiAEBmAEzuAEHyAEM2AED6AEB-AEBiAIBqAIBuAKqisLTBsACAdICJGIyYWUwNDZiLWE5YmEtNGI1Yi05MjRjLWFkYWU5NDcwN2MxM9gCAeACAQ&ucfs=1&arphpl=1&checkin=2026-08-06&checkout=2026-08-07&dest_id=-2762812&dest_type=city&group_adults=2&req_adults=2&no_rooms=1&group_children=0&req_children=0&hpos=19&hapos=93&sr_order=popularity&srpvid=ed21559515340104&srepoch=1785759032&all_sr_blocks=1137366405_386354157_2_1_0&highlighted_blocks=1137366405_386354157_2_1_0&matching_block_id=1137366405_386354157_2_1_0&sr_pri_blocks=1137366405_386354157_2_1_0__650000&from=searchresults,6500,8.9,63.0,"F-8 Sector, Islamabad",5.7,Deluxe Double Room,1 double bed,1,1,1,https://cf.bstatic.com/xdata/images/hotel/square240/520088246.webp?k=1b8210234127234201073a8a21fef131f5747ed5b9a5ed44d01052c8fe714223&o=,12,Islamabad
Ambassador Inn,https://www.booking.com/hotel/pk/ambassador-inn-islambad.en-gb.html?aid=304142&label=gen173nr-10CAQoggJCDWNpdHlfLTI3NjI4MTJICVgEaLUBiAEBmAEzuAEHyAEM2AED6AEB-AEBiAIBqAIBuAKqisLTBsACAdICJGIyYWUwNDZiLWE5YmEtNGI1Yi05MjRjLWFkYWU5NDcwN2MxM9gCAeACAQ&ucfs=1&arphpl=1&checkin=2026-08-06&checkout=2026-08-07&dest_id=-2762812&dest_type=city&group_adults=2&req_adults=2&no_rooms=1&group_children=0&req_children=0&hpos=20&hapos=94&sr_order=popularity&srpvid=ed21559515340104&srepoch=1785759032&all_sr_blocks=1333818502_417166351_2_41_0&highlighted_blocks=1333818502_417166351_2_41_0&matching_block_id=1333818502_417166351_2_41_0&sr_pri_blocks=1333818502_417166351_2_41_0__750000&from=searchresults,7500,6.8,31.0,"G-6 Sector, Islamabad",2.8,Standard Twin Room,2 single beds,1,1,1,https://cf.bstatic.com/xdata/images/hotel/square240/815294828.webp?k=b18e5d99c2b98b4f962ed17263a3de6b23008e6916ba7e4b89a3266a5ba3ff29&o=,10,Islamabad
Decent Lodge Guest House,https://www.booking.com/hotel/pk/decent-lodge-guest-house-islamabad.en-gb.html?aid=304142&label=gen173nr-10CAQoggJCDWNpdHlfLTI3NjI4MTJICVgEaLUBiAEBmAEzuAEHyAEM2AED6AEB-AEBiAIBqAIBuAKqisLTBsACAdICJGIyYWUwNDZiLWE5YmEtNGI1Yi05MjRjLWFkYWU5NDcwN2MxM9gCAeACAQ&ucfs=1&arphpl=1&checkin=2026-08-06&checkout=2026-08-07&dest_id=-2762812&dest_type=city&group_adults=2&req_adults=2&no_rooms=1&group_children=0&req_children=0&hpos=21&hapos=95&sr_order=popularity&srpvid=ed21559515340104&srepoch=1785759032&all_sr_blocks=1122538201_385013327_2_0_0&highlighted_blocks=1122538201_385013327_2_0_0&matching_block_id=1122538201_385013327_2_0_0&sr_pri_blocks=1122538201_385013327_2_0_0__562500&from=searchresults,5625,6.1,175.0,Islamabad,9.7,Deluxe Double Room,1 double bed,0,0,0,https://cf.bstatic.com/xdata/images/hotel/square240/595036993.webp?k=f953dec1cc6dc6c7d2e304364e58410cb3f60ae58e417a4c8c960cafc08922eb&o=,8,Islamabad
Hotel Islamabad Premiere Inn,https://www.booking.com/hotel/pk/islamabad-premier-inn.en-gb.html?aid=304142&label=gen173nr-10CAQoggJCDWNpdHlfLTI3NjI4MTJICVgEaLUBiAEBmAEzuAEHyAEM2AED6AEB-AEBiAIBqAIBuAKqisLTBsACAdICJGIyYWUwNDZiLWE5YmEtNGI1Yi05MjRjLWFkYWU5NDcwN2MxM9gCAeACAQ&ucfs=1&arphpl=1&checkin=2026-08-06&checkout=2026-08-07&dest_id=-2762812&dest_type=city&group_adults=2&req_adults=2&no_rooms=1&group_children=0&req_children=0&hpos=22&hapos=96&sr_order=popularity&srpvid=ed21559515340104&srepoch=1785759032&all_sr_blocks=333197517_115857998_2_1_0&highlighted_blocks=333197517_115857998_2_1_0&matching_block_id=333197517_115857998_2_1_0&sr_pri_blocks=333197517_115857998_2_1_0__795000&from=searchresults,7950,7.2,74.0,"G-7 Sector, Islamabad",3.4,King Room,1 extra-large double bed,1,1,1,https://cf.bstatic.com/xdata/images/hotel/square240/598345143.webp?k=6876bb569ee383cce1d4f92819486f09badb343be77948027359e9f580615668&o=,5,Islamabad
Taj Hotel Premium Residency F-7 Islamabad,https://www.booking.com/hotel/pk/taj-islamabad-by-lmy.en-gb.html?aid=304142&label=gen173nr-10CAQoggJCDWNpdHlfLTI3NjI4MTJICVgEaLUBiAEBmAEzuAEHyAEM2AED6AEB-AEBiAIBqAIBuAKqisLTBsACAdICJGIyYWUwNDZiLWE5YmEtNGI1Yi05MjRjLWFkYWU5NDcwN2MxM9gCAeACAQ&ucfs=1&arphpl=1&checkin=2026-08-06&checkout=2026-08-07&dest_id=-2762812&dest_type=city&group_adults=2&req_adults=2&no_rooms=1&group_children=0&req_children=0&hpos=23&hapos=97&sr_order=popularity&srpvid=ed21559515340104&srepoch=1785759032&all_sr_blocks=1490038501_420666657_2_1_0_1193560&highlighted_blocks=1490038501_420666657_2_1_0_1193560&matching_block_id=1490038501_420666657_2_1_0_1193560&sr_pri_blocks=1490038501_420666657_2_1_0_1193560_2520000&from=searchresults,25200,8.3,146.0,"F-7 Sector, Islamabad",3.3,Superior King Room,1 double bed,1,0,0,https://cf.bstatic.com/xdata/images/hotel/square240/753870502.webp?k=9d84bbd70ec62a3ce49acdbae8d1db24d135618b49a409e8041bd3d2895f6625&o=,14,Islamabad
The loft life mg5,https://www.booking.com/hotel/pk/the-loft-life-mg5.en-gb.html?aid=304142&label=gen173nr-10CAQoggJCDWNpdHlfLTI3NjI4MTJICVgEaLUBiAEBmAEzuAEHyAEM2AED6AEB-AEBiAIBqAIBuAKqisLTBsACAdICJGIyYWUwNDZiLWE5YmEtNGI1Yi05MjRjLWFkYWU5NDcwN2MxM9gCAeACAQ&ucfs=1&arphpl=1&checkin=2026-08-06&checkout=2026-08-07&dest_id=-2762812&dest_type=city&group_adults=2&req_adults=2&no_rooms=1&group_children=0&req_children=0&hpos=24&hapos=98&sr_order=popularity&srpvid=ed21559515340104&srepoch=1785759032&all_sr_blocks=1419270701_413592812_2_0_0&highlighted_blocks=1419270701_413592812_2_0_0&matching_block_id=1419270701_413592812_2_0_0&sr_pri_blocks=1419270701_413592812_2_0_0__495000&from=searchresults,4950,9.0,6.0,Islamabad,11.6,One-Bedroom Apartment,"2 beds (1 double, 1 sofa bed)",0,1,1,https://cf.bstatic.com/xdata/images/hotel/square240/685698978.webp?k=7466bdd315e5112cbc3562cf5acb661355d768721fdad33f5152e3d8e5289c43&o=,4,Islamabad
"Brand New Family Apartment, Hygienic and Comfortable Stay, Balcony, Free Parking, Kitchen and Fast WiFi, E11 Islamabad",https://www.booking.com/hotel/pk/comfort-nest-residency.en-gb.html?aid=304142&label=gen173nr-10CAQoggJCDWNpdHlfLTI3NjI4MTJICVgEaLUBiAEBmAEzuAEHyAEM2AED6AEB-AEBiAIBqAIBuAKqisLTBsACAdICJGIyYWUwNDZiLWE5YmEtNGI1Yi05MjRjLWFkYWU5NDcwN2MxM9gCAeACAQ&ucfs=1&arphpl=1&checkin=2026-08-06&checkout=2026-08-07&dest_id=-2762812&dest_type=city&group_adults=2&req_adults=2&no_rooms=1&group_children=0&req_children=0&hpos=1&hapos=99&sr_order=popularity&srpvid=ed21559515340104&srepoch=1785759034&all_sr_blocks=1646463202_434631594_3_0_0&highlighted_blocks=1646463202_434631594_3_0_0&matching_block_id=1646463202_434631594_3_0_0&sr_pri_blocks=1646463202_434631594_3_0_0__900000&from=searchresults,9000,8.5,49.0,Islamabad,8.3,Superior Studio,1 extra-large double bed,0,1,1,https://cf.bstatic.com/xdata/images/hotel/square240/872978028.webp?k=03c431cc26d54d40d47b8d4c3fab013215cace13b9b1831581702c15602fde14&o=,14,Islamabad
Private and Cozy 2Bedroom Sector E-11 Islamabad- Fully Equipped Kitchen - AC - Netflix - Reserve free Parking - E-11,https://www.booking.com/hotel/pk/decent-2-br-apartment-in-islamabad.en-gb.html?aid=304142&label=gen173nr-10CAQoggJCDWNpdHlfLTI3NjI4MTJICVgEaLUBiAEBmAEzuAEHyAEM2AED6AEB-AEBiAIBqAIBuAKqisLTBsACAdICJGIyYWUwNDZiLWE5YmEtNGI1Yi05MjRjLWFkYWU5NDcwN2MxM9gCAeACAQ&ucfs=1&arphpl=1&checkin=2026-08-06&checkout=2026-08-07&dest_id=-2762812&dest_type=city&group_adults=2&req_adults=2&no_rooms=1&group_children=0&req_children=0&hpos=2&hapos=100&sr_order=popularity&srpvid=ed21559515340104&srepoch=1785759034&all_sr_blocks=1635534501_433956946_6_0_0&highlighted_blocks=1635534501_433956946_6_0_0&matching_block_id=1635534501_433956946_6_0_0&sr_pri_blocks=1635534501_433956946_6_0_0__1140000&from=searchresults,11400,9.2,9.0,"Blue Area, Islamabad",2.3,Two-Bedroom Apartment,4 extra-large double beds,0,1,1,https://cf.bstatic.com/xdata/images/hotel/square240/867619840.webp?k=d3f4d2a7fc81c5e5036b4743a16f6c44f632ecb205a76d4221eae334b6296ff5&o=,4,Islamabad
Best Western Premier Islamabad,https://www.booking.com/hotel/pk/best-western-premier-islamabad-islamabad.en-gb.html?aid=304142&label=gen173nr-10CAQoggJCDWNpdHlfLTI3NjI4MTJICVgEaLUBiAEBmAEzuAEHyAEM2AED6AEB-AEBiAIBqAIBuAKqisLTBsACAdICJGIyYWUwNDZiLWE5YmEtNGI1Yi05MjRjLWFkYWU5NDcwN2MxM9gCAeACAQ&ucfs=1&arphpl=1&checkin=2026-08-06&checkout=2026-08-07&dest_id=-2762812&dest_type=city&group_adults=2&req_adults=2&no_rooms=1&group_children=0&req_children=0&hpos=3&hapos=101&sr_order=popularity&srpvid=ed21559515340104&srepoch=1785759034&all_sr_blocks=806328116_0_2_1_0&highlighted_blocks=806328116_0_2_1_0&matching_block_id=806328116_0_2_1_0&sr_pri_blocks=806328116_0_2_1_0__3180334&from=searchresults,31803,8.4,314.0,Islamabad,1.9,Deluxe Queen Room,1 large double bed,1,1,0,https://cf.bstatic.com/xdata/images/hotel/square240/770599804.webp?k=ea9aec0e5ba46b285afef0616610242f3da9a871d46624d8304c586e15062dfd&o=,14,Islamabad
Studio 13,https://www.booking.com/hotel/pk/the-aristocrat-palace.en-gb.html?aid=304142&label=gen173nr-10CAQoggJCDWNpdHlfLTI3NjI4MTJICVgEaLUBiAEBmAEzuAEHyAEM2AED6AEB-AEBiAIBqAIBuAKqisLTBsACAdICJGIyYWUwNDZiLWE5YmEtNGI1Yi05MjRjLWFkYWU5NDcwN2MxM9gCAeACAQ&ucfs=1&arphpl=1&checkin=2026-08-06&checkout=2026-08-07&dest_id=-2762812&dest_type=city&group_adults=2&req_adults=2&no_rooms=1&group_children=0&req_children=0&hpos=4&hapos=102&sr_order=popularity&srpvid=ed21559515340104&srepoch=1785759034&all_sr_blocks=1593850303_430424413_3_0_0&highlighted_blocks=1593850303_430424413_3_0_0&matching_block_id=1593850303_430424413_3_0_0&sr_pri_blocks=1593850303_430424413_3_0_0__800000&from=searchresults,8000,8.2,32.0,Islamabad,15.2,Deluxe King Room,"2 beds (1 single, 1 extra-large double)",0,1,1,https://cf.bstatic.com/xdata/images/hotel/square240/897903133.webp?k=6518407a37fe090487776be705d486a5b2f41bc63516c03bdfc7265cbcc52021&o=,14,Islamabad
Go Glam Hotel IJP Road,https://www.booking.com/hotel/pk/go-glam-ijp-road.en-gb.html?aid=304142&label=gen173nr-10CAQoggJCDWNpdHlfLTI3NjI4MTJICVgEaLUBiAEBmAEzuAEHyAEM2AED6AEB-AEBiAIBqAIBuAKqisLTBsACAdICJGIyYWUwNDZiLWE5YmEtNGI1Yi05MjRjLWFkYWU5NDcwN2MxM9gCAeACAQ&ucfs=1&arphpl=1&checkin=2026-08-06&checkout=2026-08-07&dest_id=-2762812&dest_type=city&group_adults=2&req_adults=2&no_rooms=1&group_children=0&req_children=0&hpos=5&hapos=103&sr_order=popularity&srpvid=ed21559515340104&srepoch=1785759034&all_sr_blocks=1696540604_441341640_3_0_0&highlighted_blocks=1696540604_441341640_3_0_0&matching_block_id=1696540604_441341640_3_0_0&sr_pri_blocks=1696540604_441341640_3_0_0__510000&from=searchresults,5100,10,1.0,Islamabad,9.1,Twin Room with Balcony,2 single beds,0,1,1,https://cf.bstatic.com/xdata/images/hotel/square240/900542951.webp?k=412aa1ce15499bbcae02e60ebc02a06591fda308bbcd997c36fb9d4826177fb1&o=,4,Islamabad
Executive Royal Garden,https://www.booking.com/hotel/pk/executive-royal-garden-islamabad.en-gb.html?aid=304142&label=gen173nr-10CAQoggJCDWNpdHlfLTI3NjI4MTJICVgEaLUBiAEBmAEzuAEHyAEM2AED6AEB-AEBiAIBqAIBuAKqisLTBsACAdICJGIyYWUwNDZiLWE5YmEtNGI1Yi05MjRjLWFkYWU5NDcwN2MxM9gCAeACAQ&ucfs=1&arphpl=1&checkin=2026-08-06&checkout=2026-08-07&dest_id=-2762812&dest_type=city&group_adults=2&req_adults=2&no_rooms=1&group_children=0&req_children=0&hpos=6&hapos=104&sr_order=popularity&srpvid=ed21559515340104&srepoch=1785759034&all_sr_blocks=997857601_372641645_2_2_0&highlighted_blocks=997857601_372641645_2_2_0&matching_block_id=997857601_372641645_2_2_0&sr_pri_blocks=997857601_372641645_2_2_0__756000&from=searchresults,7560,8.7,29.0,"F-7 Sector, Islamabad",3.7,Deluxe Double Room,1 large double bed,0,0,0,https://cf.bstatic.com/xdata/images/hotel/square240/816354063.webp?k=3f9cdfab20bdcc2b8f4910220fd12e610fe61d434753da6b37d2995a32f268fc&o=,3,Islamabad
Tranquil Transit,https://www.booking.com/hotel/pk/tranquil-transit.en-gb.html?aid=304142&label=gen173nr-10CAQoggJCDWNpdHlfLTI3NjI4MTJICVgEaLUBiAEBmAEzuAEHyAEM2AED6AEB-AEBiAIBqAIBuAKqisLTBsACAdICJGIyYWUwNDZiLWE5YmEtNGI1Yi05MjRjLWFkYWU5NDcwN2MxM9gCAeACAQ&ucfs=1&arphpl=1&checkin=2026-08-06&checkout=2026-08-07&dest_id=-2762812&dest_type=city&group_adults=2&req_adults=2&no_rooms=1&group_children=0&req_children=0&hpos=7&hapos=105&sr_order=popularity&srpvid=ed21559515340104&srepoch=1785759034&all_sr_blocks=1636260002_434013153_4_0_0&highlighted_blocks=1636260002_434013153_4_0_0&matching_block_id=1636260002_434013153_4_0_0&sr_pri_blocks=1636260002_434013153_4_0_0__550000&from=searchresults,5500,7.5,13.0,Islamabad,19.4,Deluxe Double or Twin Room with City View,"3 beds (1 extra-large double, 1 sofa bed, 1 futon)",0,1,1,https://cf.bstatic.com/xdata/images/hotel/square240/881989712.webp?k=fbe58d68c755acb5ce3c4a6ee3a6c89821c2710ff8a8bbebbf9b079028982f4f&o=,6,Islamabad
Sunrise Rest House,https://www.booking.com/hotel/pk/sunrise-rest-house.en-gb.html?aid=304142&label=gen173nr-10CAQoggJCDWNpdHlfLTI3NjI4MTJICVgEaLUBiAEBmAEzuAEHyAEM2AED6AEB-AEBiAIBqAIBuAKqisLTBsACAdICJGIyYWUwNDZiLWE5YmEtNGI1Yi05MjRjLWFkYWU5NDcwN2MxM9gCAeACAQ&ucfs=1&arphpl=1&checkin=2026-08-06&checkout=2026-08-07&dest_id=-2762812&dest_type=city&group_adults=2&req_adults=2&no_rooms=1&group_children=0&req_children=0&hpos=8&hapos=106&sr_order=popularity&srpvid=ed21559515340104&srepoch=1785759034&all_sr_blocks=832219001_361677231_2_1_0&highlighted_blocks=832219001_361677231_2_1_0&matching_block_id=832219001_361677231_2_1_0&sr_pri_blocks=832219001_361677231_2_1_0__520000&from=searchresults,5200,8.0,247.0,Islamabad,9.2,Double or Twin Room,2 single beds,1,1,0,https://cf.bstatic.com/xdata/images/hotel/square240/533448292.webp?k=040b809480c76e050eab38873fea92d31575618317502be084163d00350ff2a3&o=,13,Islamabad
bahria enclave apartments,https://www.booking.com/hotel/pk/be-avacation.en-gb.html?aid=304142&label=gen173nr-10CAQoggJCDWNpdHlfLTI3NjI4MTJICVgEaLUBiAEBmAEzuAEHyAEM2AED6AEB-AEBiAIBqAIBuAKqisLTBsACAdICJGIyYWUwNDZiLWE5YmEtNGI1Yi05MjRjLWFkYWU5NDcwN2MxM9gCAeACAQ&ucfs=1&arphpl=1&checkin=2026-08-06&checkout=2026-08-07&dest_id=-2762812&dest_type=city&group_adults=2&req_adults=2&no_rooms=1&group_children=0&req_children=0&hpos=9&hapos=107&sr_order=popularity&srpvid=ed21559515340104&srepoch=1785759034&all_sr_blocks=1353937301_407727028_2_0_0&highlighted_blocks=1353937301_407727028_2_0_0&matching_block_id=1353937301_407727028_2_0_0&sr_pri_blocks=1353937301_407727028_2_0_0__738000&from=searchresults,7380,9.7,12.0,Islamabad,12.0,Apartment with Balcony,1 double bed,0,1,1,https://cf.bstatic.com/xdata/images/hotel/square240/643860598.webp?k=08b150ec0d6896de0221a12c94dda5aa065b929cb04e08abbb50ea99714e1bee&o=,4,Islamabad
Whispers above the city 2Bhk Centaurus Mall pool Gym City view,https://www.booking.com/hotel/pk/whispers-above-the-city.en-gb.html?aid=304142&label=gen173nr-10CAQoggJCDWNpdHlfLTI3NjI4MTJICVgEaLUBiAEBmAEzuAEHyAEM2AED6AEB-AEBiAIBqAIBuAKqisLTBsACAdICJGIyYWUwNDZiLWE5YmEtNGI1Yi05MjRjLWFkYWU5NDcwN2MxM9gCAeACAQ&ucfs=1&arphpl=1&checkin=2026-08-06&checkout=2026-08-07&dest_id=-2762812&dest_type=city&group_adults=2&req_adults=2&no_rooms=1&group_children=0&req_children=0&hpos=10&hapos=108&sr_order=popularity&srpvid=ed21559515340104&srepoch=1785759034&all_sr_blocks=1686235601_440268663_5_0_0&highlighted_blocks=1686235601_440268663_5_0_0&matching_block_id=1686235601_440268663_5_0_0&sr_pri_blocks=1686235601_440268663_5_0_0__3400000&from=searchresults,34000,10,1.0,"Blue Area, Islamabad",4.6,Apartment with City View,1 double bed,0,1,1,https://cf.bstatic.com/xdata/images/hotel/square240/893601363.webp?k=3a842fa458e06afbf8a4d4cb33073f31967894016db753094525e2e4b8cb1159&o=,14,Islamabad
KHYBER INN,https://www.booking.com/hotel/pk/khyber-inn.en-gb.html?aid=304142&label=gen173nr-10CAQoggJCDWNpdHlfLTI3NjI4MTJICVgEaLUBiAEBmAEzuAEHyAEM2AED6AEB-AEBiAIBqAIBuAKqisLTBsACAdICJGIyYWUwNDZiLWE5YmEtNGI1Yi05MjRjLWFkYWU5NDcwN2MxM9gCAeACAQ&ucfs=1&arphpl=1&checkin=2026-08-06&checkout=2026-08-07&dest_id=-2762812&dest_type=city&group_adults=2&req_adults=2&no_rooms=1&group_children=0&req_children=0&hpos=11&hapos=109&sr_order=popularity&srpvid=ed21559515340104&srepoch=1785759034&all_sr_blocks=635680401_248473465_2_0_0&highlighted_blocks=635680401_248473465_2_0_0&matching_block_id=635680401_248473465_2_0_0&sr_pri_blocks=635680401_248473465_2_0_0__259800&from=searchresults,2598,4.8,64.0,"G-9 Sector, Islamabad",6.5,Double Room,1 extra-large double bed,0,1,1,https://cf.bstatic.com/xdata/images/hotel/square240/511730128.webp?k=10a18c30e4a5bdc7be54f1123fe29325799332e23c7148aa65cf46bd54588337&o=,4,Islamabad
Hotel 26,https://www.booking.com/hotel/pk/26.en-gb.html?aid=304142&label=gen173nr-10CAQoggJCDWNpdHlfLTI3NjI4MTJICVgEaLUBiAEBmAEzuAEHyAEM2AED6AEB-AEBiAIBqAIBuAKqisLTBsACAdICJGIyYWUwNDZiLWE5YmEtNGI1Yi05MjRjLWFkYWU5NDcwN2MxM9gCAeACAQ&ucfs=1&arphpl=1&checkin=2026-08-06&checkout=2026-08-07&dest_id=-2762812&dest_type=city&group_adults=2&req_adults=2&no_rooms=1&group_children=0&req_children=0&hpos=12&hapos=110&sr_order=popularity&srpvid=ed21559515340104&srepoch=1785759034&all_sr_blocks=1574474101_428537608_3_2_0&highlighted_blocks=1574474101_428537608_3_2_0&matching_block_id=1574474101_428537608_3_2_0&sr_pri_blocks=1574474101_428537608_3_2_0__580000&from=searchresults,5800,5.7,3.0,Islamabad,18.4,Deluxe Double Room,1 extra-large double bed,0,1,1,https://cf.bstatic.com/xdata/images/hotel/square240/816983172.webp?k=9bb04fe00da83ddda3d7c6bcfafa49de94d44efc5831f9ba71583f262c305f9a&o=,10,Islamabad
Ravi Guest House,https://www.booking.com/hotel/pk/ravi-guest-house-islamabad2.en-gb.html?aid=304142&label=gen173nr-10CAQoggJCDWNpdHlfLTI3NjI4MTJICVgEaLUBiAEBmAEzuAEHyAEM2AED6AEB-AEBiAIBqAIBuAKqisLTBsACAdICJGIyYWUwNDZiLWE5YmEtNGI1Yi05MjRjLWFkYWU5NDcwN2MxM9gCAeACAQ&ucfs=1&arphpl=1&checkin=2026-08-06&checkout=2026-08-07&dest_id=-2762812&dest_type=city&group_adults=2&req_adults=2&no_rooms=1&group_children=0&req_children=0&hpos=13&hapos=111&sr_order=popularity&srpvid=ed21559515340104&srepoch=1785759034&all_sr_blocks=1628358702_433451488_0_2_0&highlighted_blocks=1628358702_433451488_0_2_0&matching_block_id=1628358702_433451488_0_2_0&sr_pri_blocks=1628358702_433451488_0_2_0__486000&from=searchresults,4860,6.4,5.0,"E-11 Sector, Islamabad",11.0,Deluxe Double Room,"2 beds (1 large double, 1 futon)",0,1,1,https://cf.bstatic.com/xdata/images/hotel/square240/860821881.webp?k=d635340a53a292717b46bfbc8192cb0a12e8aa92334dd213b6691f9fb9f30dae&o=,4,Islamabad
Sleek Modern 1-BHK Apt Steps from Giga Mall DHA2,https://www.booking.com/hotel/pk/sleek-modern-1-bhk-apt-steps-from-giga-mall-dha2.en-gb.html?aid=304142&label=gen173nr-10CAQoggJCDWNpdHlfLTI3NjI4MTJICVgEaLUBiAEBmAEzuAEHyAEM2AED6AEB-AEBiAIBqAIBuAKqisLTBsACAdICJGIyYWUwNDZiLWE5YmEtNGI1Yi05MjRjLWFkYWU5NDcwN2MxM9gCAeACAQ&ucfs=1&arphpl=1&checkin=2026-08-06&checkout=2026-08-07&dest_id=-2762812&dest_type=city&group_adults=2&req_adults=2&no_rooms=1&group_children=0&req_children=0&hpos=14&hapos=112&sr_order=popularity&srpvid=ed21559515340104&srepoch=1785759034&all_sr_blocks=1653610601_437317269_2_0_0&highlighted_blocks=1653610601_437317269_2_0_0&matching_block_id=1653610601_437317269_2_0_0&sr_pri_blocks=1653610601_437317269_2_0_0__586500&from=searchresults,5865,9.9,7.0,Islamabad,23.4,One-Bedroom Apartment,1 double bed,0,1,1,https://cf.bstatic.com/xdata/images/hotel/square240/874047021.webp?k=c7ea73352822a0fd76631715f69de0b88f609fa759c2d30fc2b8c378e08bd545&o=,5,Islamabad
Comfort Lodge Executive,https://www.booking.com/hotel/pk/luxury-door-lodge.en-gb.html?aid=304142&label=gen173nr-10CAQoggJCDWNpdHlfLTI3NjI4MTJICVgEaLUBiAEBmAEzuAEHyAEM2AED6AEB-AEBiAIBqAIBuAKqisLTBsACAdICJGIyYWUwNDZiLWE5YmEtNGI1Yi05MjRjLWFkYWU5NDcwN2MxM9gCAeACAQ&ucfs=1&arphpl=1&checkin=2026-08-06&checkout=2026-08-07&dest_id=-2762812&dest_type=city&group_adults=2&req_adults=2&no_rooms=1&group_children=0&req_children=0&hpos=15&hapos=113&sr_order=popularity&srpvid=ed21559515340104&srepoch=1785759034&all_sr_blocks=1552985405_426469722_2_2_0&highlighted_blocks=1552985405_426469722_2_2_0&matching_block_id=1552985405_426469722_2_2_0&sr_pri_blocks=1552985405_426469722_2_2_0__757350&from=searchresults,7574,8.8,70.0,"F-7 Sector, Islamabad",3.6,Deluxe Queen Room,1 double bed,0,0,0,https://cf.bstatic.com/xdata/images/hotel/square240/803701309.webp?k=23b8ed2e532051f5ee98b6c8e2230189372f1c9f3f1cd22d8667496e3c005174&o=,14,Islamabad
New Palace Guest House,https://www.booking.com/hotel/pk/new-palace-guest-house.en-gb.html?aid=304142&label=gen173nr-10CAQoggJCDWNpdHlfLTI3NjI4MTJICVgEaLUBiAEBmAEzuAEHyAEM2AED6AEB-AEBiAIBqAIBuAKqisLTBsACAdICJGIyYWUwNDZiLWE5YmEtNGI1Yi05MjRjLWFkYWU5NDcwN2MxM9gCAeACAQ&ucfs=1&arphpl=1&checkin=2026-08-06&checkout=2026-08-07&dest_id=-2762812&dest_type=city&group_adults=2&req_adults=2&no_rooms=1&group_children=0&req_children=0&hpos=16&hapos=114&sr_order=popularity&srpvid=ed21559515340104&srepoch=1785759034&all_sr_blocks=948071701_393029142_0_0_0&highlighted_blocks=948071701_393029142_0_0_0&matching_block_id=948071701_393029142_0_0_0&sr_pri_blocks=948071701_393029142_0_0_0__413910&from=searchresults,4139,8.7,34.0,"G-9 Sector, Islamabad",6.8,Double Room,1 double bed,0,0,1,https://cf.bstatic.com/xdata/images/hotel/square240/626912765.webp?k=53f155b9b4ba620a4cb468425f35e1e20a82b3f594ac8b5327ad6d97d734502b&o=,11,Islamabad
Elite Palace Guest House,https://www.booking.com/hotel/pk/elite-palace-guest-house.en-gb.html?aid=304142&label=gen173nr-10CAQoggJCDWNpdHlfLTI3NjI4MTJICVgEaLUBiAEBmAEzuAEHyAEM2AED6AEB-AEBiAIBqAIBuAKqisLTBsACAdICJGIyYWUwNDZiLWE5YmEtNGI1Yi05MjRjLWFkYWU5NDcwN2MxM9gCAeACAQ&ucfs=1&arphpl=1&checkin=2026-08-06&checkout=2026-08-07&dest_id=-2762812&dest_type=city&group_adults=2&req_adults=2&no_rooms=1&group_children=0&req_children=0&hpos=17&hapos=115&sr_order=popularity&srpvid=ed21559515340104&srepoch=1785759034&all_sr_blocks=1661765103_438062378_2_0_0&highlighted_blocks=1661765103_438062378_2_0_0&matching_block_id=1661765103_438062378_2_0_0&sr_pri_blocks=1661765103_438062378_2_0_0__441450&from=searchresults,4415,6.8,13.0,"G-9 Sector, Islamabad",6.9,Double Room,1 double bed,0,1,1,https://cf.bstatic.com/xdata/images/hotel/square240/885711465.webp?k=6757647f75bdb645f7dbba7e83cd6d0fff4827dfe1447a2ec2c886464c94966f&o=,6,Islamabad
Said's Suites Elysium Tower Opposite to Centaurus Mall,https://www.booking.com/hotel/pk/saids-suites.en-gb.html?aid=304142&label=gen173nr-10CAQoggJCDWNpdHlfLTI3NjI4MTJICVgEaLUBiAEBmAEzuAEHyAEM2AED6AEB-AEBiAIBqAIBuAKqisLTBsACAdICJGIyYWUwNDZiLWE5YmEtNGI1Yi05MjRjLWFkYWU5NDcwN2MxM9gCAeACAQ&ucfs=1&arphpl=1&checkin=2026-08-06&checkout=2026-08-07&dest_id=-2762812&dest_type=city&group_adults=2&req_adults=2&no_rooms=1&group_children=0&req_children=0&hpos=18&hapos=116&sr_order=popularity&srpvid=ed21559515340104&srepoch=1785759034&all_sr_blocks=1268973003_409007012_0_0_0&highlighted_blocks=1268973003_409007012_0_0_0&matching_block_id=1268973003_409007012_0_0_0&sr_pri_blocks=1268973003_409007012_0_0_0__2300000&from=searchresults,23000,8.1,87.0,"Blue Area, Islamabad",4.6,Studio,1 extra-large double bed,0,1,0,https://cf.bstatic.com/xdata/images/hotel/square240/896138870.webp?k=3690b04aea7318d9aa69e607d584c3171882882175108e3eb173e5411430c310&o=,12,Islamabad
Stay Premium,https://www.booking.com/hotel/pk/stay-premium.en-gb.html?aid=304142&label=gen173nr-10CAQoggJCDWNpdHlfLTI3NjI4MTJICVgEaLUBiAEBmAEzuAEHyAEM2AED6AEB-AEBiAIBqAIBuAKqisLTBsACAdICJGIyYWUwNDZiLWE5YmEtNGI1Yi05MjRjLWFkYWU5NDcwN2MxM9gCAeACAQ&ucfs=1&arphpl=1&checkin=2026-08-06&checkout=2026-08-07&dest_id=-2762812&dest_type=city&group_adults=2&req_adults=2&no_rooms=1&group_children=0&req_children=0&hpos=19&hapos=117&sr_order=popularity&srpvid=ed21559515340104&srepoch=1785759034&all_sr_blocks=1590935801_430188045_3_0_0&highlighted_blocks=1590935801_430188045_3_0_0&matching_block_id=1590935801_430188045_3_0_0&sr_pri_blocks=1590935801_430188045_3_0_0__550000&from=searchresults,5500,7.5,9.0,Islamabad,30.7,One-Bedroom Apartment,"2 beds (1 extra-large double, 1 sofa bed)",0,1,1,https://cf.bstatic.com/xdata/images/hotel/square240/830745188.webp?k=4d16297fe8a0c5cd8ed38b53a820b8454ff26106880b81684cbd4704515469dc&o=,4,Islamabad
THREE TREE Signature Hotel-G7 Markaz Islamabad,https://www.booking.com/hotel/pk/three-tree-islamabad-islamabad.en-gb.html?aid=304142&label=gen173nr-10CAQoggJCDWNpdHlfLTI3NjI4MTJICVgEaLUBiAEBmAEzuAEHyAEM2AED6AEB-AEBiAIBqAIBuAKqisLTBsACAdICJGIyYWUwNDZiLWE5YmEtNGI1Yi05MjRjLWFkYWU5NDcwN2MxM9gCAeACAQ&ucfs=1&arphpl=1&checkin=2026-08-06&checkout=2026-08-07&dest_id=-2762812&dest_type=city&group_adults=2&req_adults=2&no_rooms=1&group_children=0&req_children=0&hpos=20&hapos=118&sr_order=popularity&srpvid=ed21559515340104&srepoch=1785759034&all_sr_blocks=1680524406_439810760_3_2_0&highlighted_blocks=1680524406_439810760_3_2_0&matching_block_id=1680524406_439810760_3_2_0&sr_pri_blocks=1680524406_439810760_3_2_0__1512000&from=searchresults,15120,8.4,5.0,"G-8 Sector, Islamabad",5.2,Superior Double Room,1 extra-large double bed,0,0,0,https://cf.bstatic.com/xdata/images/hotel/square240/891211355.webp?k=a6f74c1bb27c8aefb533c95c6f3edcb14a14f572cfa59f1854f0b0f56a9ab63e&o=,14,Islamabad
Hotel 11,https://www.booking.com/hotel/pk/double1.en-gb.html?aid=304142&label=gen173nr-10CAQoggJCDWNpdHlfLTI3NjI4MTJICVgEaLUBiAEBmAEzuAEHyAEM2AED6AEB-AEBiAIBqAIBuAKqisLTBsACAdICJGIyYWUwNDZiLWE5YmEtNGI1Yi05MjRjLWFkYWU5NDcwN2MxM9gCAeACAQ&ucfs=1&arphpl=1&checkin=2026-08-06&checkout=2026-08-07&dest_id=-2762812&dest_type=city&group_adults=2&req_adults=2&no_rooms=1&group_children=0&req_children=0&hpos=21&hapos=119&sr_order=popularity&srpvid=ed21559515340104&srepoch=1785759034&all_sr_blocks=889807301_438819723_2_2_0&highlighted_blocks=889807301_438819723_2_2_0&matching_block_id=889807301_438819723_2_2_0&sr_pri_blocks=889807301_438819723_2_2_0__423360&from=searchresults,4234,5.6,35.0,Islamabad,9.3,Large Double or Twin Room,1 large double bed,0,1,0,https://cf.bstatic.com/xdata/images/hotel/square240/380514517.webp?k=e37a50e1838790e5aa133bbbfdad4a4cd31c9de2d4c3d4ed2a258e8323a067f0&o=,12,Islamabad
Shelton's Ambassador,https://www.booking.com/hotel/pk/shelton-39-s-ambassador.en-gb.html?aid=304142&label=gen173nr-10CAQoggJCDWNpdHlfLTI3NjI4MTJICVgEaLUBiAEBmAEzuAEHyAEM2AED6AEB-AEBiAIBqAIBuAKqisLTBsACAdICJGIyYWUwNDZiLWE5YmEtNGI1Yi05MjRjLWFkYWU5NDcwN2MxM9gCAeACAQ&ucfs=1&arphpl=1&checkin=2026-08-06&checkout=2026-08-07&dest_id=-2762812&dest_type=city&group_adults=2&req_adults=2&no_rooms=1&group_children=0&req_children=0&hpos=22&hapos=120&sr_order=popularity&srpvid=ed21559515340104&srepoch=1785759034&all_sr_blocks=663958401_272295001_2_1_0_665498&highlighted_blocks=663958401_272295001_2_1_0_665498&matching_block_id=663958401_272295001_2_1_0_665498&sr_pri_blocks=663958401_272295001_2_1_0_665498_1840000&from=searchresults,18400,8.3,828.0,"Blue Area, Islamabad",3.7,Queen Room,1 large double bed,1,1,1,https://cf.bstatic.com/xdata/images/hotel/square240/263823251.webp?k=33d4e521257884585d729cba1165f21e1d0e0c66e993eea58b46b9edd2059c1a&o=,14,Islamabad
Centaurus Premiums Apartment,https://www.booking.com/hotel/pk/centaurus-luxury-apt-with-pool-gym-amp-skyline-views.en-gb.html?aid=304142&label=gen173nr-10CAQoggJCDWNpdHlfLTI3NjI4MTJICVgEaLUBiAEBmAEzuAEHyAEM2AED6AEB-AEBiAIBqAIBuAKqisLTBsACAdICJGIyYWUwNDZiLWE5YmEtNGI1Yi05MjRjLWFkYWU5NDcwN2MxM9gCAeACAQ&ucfs=1&arphpl=1&checkin=2026-08-06&checkout=2026-08-07&dest_id=-2762812&dest_type=city&group_adults=2&req_adults=2&no_rooms=1&group_children=0&req_children=0&hpos=23&hapos=121&sr_order=popularity&srpvid=ed21559515340104&srepoch=1785759034&all_sr_blocks=1615472205_432433500_3_0_0&highlighted_blocks=1615472205_432433500_3_0_0&matching_block_id=1615472205_432433500_3_0_0&sr_pri_blocks=1615472205_432433500_3_0_0__2800000&from=searchresults,28000,6.3,17.0,"Blue Area, Islamabad",4.7,One-Bedroom Deluxe Apartment,"3 beds (2 sofa beds, 1 large double)",0,1,1,https://cf.bstatic.com/xdata/images/hotel/square240/864274398.webp?k=efdf8863238f69a389ada539d505d12a351660735d57092f849a825a040cf523&o=,6,Islamabad
Skypark One Islamabad,https://www.booking.com/hotel/pk/2-bhk-designer-suite-sapphire-suite.en-gb.html?aid=304142&label=gen173nr-10CAQoggJCDWNpdHlfLTI3NjI4MTJICVgEaLUBiAEBmAEzuAEHyAEM2AED6AEB-AEBiAIBqAIBuAKqisLTBsACAdICJGIyYWUwNDZiLWE5YmEtNGI1Yi05MjRjLWFkYWU5NDcwN2MxM9gCAeACAQ&ucfs=1&arphpl=1&checkin=2026-08-06&checkout=2026-08-07&dest_id=-2762812&dest_type=city&group_adults=2&req_adults=2&no_rooms=1&group_children=0&req_children=0&hpos=24&hapos=122&sr_order=popularity&srpvid=ed21559515340104&srepoch=1785759034&all_sr_blocks=1501647101_421844271_6_0_0&highlighted_blocks=1501647101_421844271_6_0_0&matching_block_id=1501647101_421844271_6_0_0&sr_pri_blocks=1501647101_421844271_6_0_0__2236500&from=searchresults,22365,9.7,16.0,Islamabad,15.4,Two-Bedroom Family Apartment,"9 beds (7 sofa beds, 2 large doubles)",0,1,1,https://cf.bstatic.com/xdata/images/hotel/square240/755747803.webp?k=1d4e8361f6df35f0a121b8a3f6822afa8c3ad7fedbee33dadfe1128f211894d8&o=,4,Islamabad
Burj Ul Zaki,https://www.booking.com/hotel/pk/burj-ul-zaki-islamabad.en-gb.html?aid=304142&label=gen173nr-10CAQoggJCDWNpdHlfLTI3NjI4MTJICVgEaLUBiAEBmAEzuAEHyAEM2AED6AEB-AEBiAIBqAIBuAKqisLTBsACAdICJGIyYWUwNDZiLWE5YmEtNGI1Yi05MjRjLWFkYWU5NDcwN2MxM9gCAeACAQ&ucfs=1&arphpl=1&checkin=2026-08-06&checkout=2026-08-07&dest_id=-2762812&dest_type=city&group_adults=2&req_adults=2&no_rooms=1&group_children=0&req_children=0&hpos=1&hapos=123&sr_order=popularity&srpvid=ed21559515340104&srepoch=1785759036&all_sr_blocks=1148406901_392636215_2_41_0&highlighted_blocks=1148406901_392636215_2_41_0&matching_block_id=1148406901_392636215_2_41_0&sr_pri_blocks=1148406901_392636215_2_41_0__1552500&from=searchresults,15525,8.7,106.0,"F-8 Sector, Islamabad",5.3,Deluxe Room,1 large double bed,1,1,0,https://cf.bstatic.com/xdata/images/hotel/square240/680230418.webp?k=a4bd208a4b2f88560ec71320d1fe25989e41271f0bc43c54557ace3570afb37b&o=,4,Islamabad
Walnut Hotel Islamabad,https://www.booking.com/hotel/pk/walnut-international-hospitality-services.en-gb.html?aid=304142&label=gen173nr-10CAQoggJCDWNpdHlfLTI3NjI4MTJICVgEaLUBiAEBmAEzuAEHyAEM2AED6AEB-AEBiAIBqAIBuAKqisLTBsACAdICJGIyYWUwNDZiLWE5YmEtNGI1Yi05MjRjLWFkYWU5NDcwN2MxM9gCAeACAQ&ucfs=1&arphpl=1&checkin=2026-08-06&checkout=2026-08-07&dest_id=-2762812&dest_type=city&group_adults=2&req_adults=2&no_rooms=1&group_children=0&req_children=0&hpos=2&hapos=124&sr_order=popularity&srpvid=ed21559515340104&srepoch=1785759036&all_sr_blocks=1478301302_423044127_0_1_0_1278414&highlighted_blocks=1478301302_423044127_0_1_0_1278414&matching_block_id=1478301302_423044127_0_1_0_1278414&sr_pri_blocks=1478301302_423044127_0_1_0_1278414_1049750&from=searchresults,10498,6.8,49.0,Islamabad,8.2,Deluxe Double Room,1 double bed,1,1,1,https://cf.bstatic.com/xdata/images/hotel/square240/764269493.webp?k=83aad14f02e60de5564a9497b5d0667fd58f5606ba098d692e78d9cbd6f64166&o=,11,Islamabad
Private 2Bed Apartment Netflix-Ac-Wifi in E11 Islamabad,https://www.booking.com/hotel/pk/private-2bed-apartment-with-balcony-ac-wifi.en-gb.html?aid=304142&label=gen173nr-10CAQoggJCDWNpdHlfLTI3NjI4MTJICVgEaLUBiAEBmAEzuAEHyAEM2AED6AEB-AEBiAIBqAIBuAKqisLTBsACAdICJGIyYWUwNDZiLWE5YmEtNGI1Yi05MjRjLWFkYWU5NDcwN2MxM9gCAeACAQ&ucfs=1&arphpl=1&checkin=2026-08-06&checkout=2026-08-07&dest_id=-2762812&dest_type=city&group_adults=2&req_adults=2&no_rooms=1&group_children=0&req_children=0&hpos=3&hapos=125&sr_order=popularity&srpvid=ed21559515340104&srepoch=1785759036&all_sr_blocks=1690492301_440683168_7_0_0&highlighted_blocks=1690492301_440683168_7_0_0&matching_block_id=1690492301_440683168_7_0_0&sr_pri_blocks=1690492301_440683168_7_0_0__1300500&from=searchresults,13005,10,3.0,Islamabad,10.4,Two-Bedroom Apartment,"3 beds (2 extra-large doubles, 1 sofa bed)",0,1,1,https://cf.bstatic.com/xdata/images/hotel/square240/896198389.webp?k=e83562082b7c12441f8788dd5b6674b36b84db55bc218e2c8b17e07dd63d14ae&o=,4,Islamabad
HOTEL 11 SWEET ROOMS,https://www.booking.com/hotel/pk/11-sweet-rooms.en-gb.html?aid=304142&label=gen173nr-10CAQoggJCDWNpdHlfLTI3NjI4MTJICVgEaLUBiAEBmAEzuAEHyAEM2AED6AEB-AEBiAIBqAIBuAKqisLTBsACAdICJGIyYWUwNDZiLWE5YmEtNGI1Yi05MjRjLWFkYWU5NDcwN2MxM9gCAeACAQ&ucfs=1&arphpl=1&checkin=2026-08-06&checkout=2026-08-07&dest_id=-2762812&dest_type=city&group_adults=2&req_adults=2&no_rooms=1&group_children=0&req_children=0&hpos=4&hapos=126&sr_order=popularity&srpvid=ed21559515340104&srepoch=1785759036&all_sr_blocks=967748502_369218609_2_2_0&highlighted_blocks=967748502_369218609_2_2_0&matching_block_id=967748502_369218609_2_2_0&sr_pri_blocks=967748502_369218609_2_2_0__560000&from=searchresults,5600,4.7,28.0,Islamabad,9.3,Deluxe Family Suite,2 double beds,0,1,1,https://cf.bstatic.com/xdata/images/hotel/square240/432903735.webp?k=3a6e6218bb0e020080e8d7faa9a641304dfd85f67ef4137097a7ec83903be78d&o=,12,Islamabad
Dreamers Paradise,https://www.booking.com/hotel/pk/islamabad-transit-guest-house-islamabad1.en-gb.html?aid=304142&label=gen173nr-10CAQoggJCDWNpdHlfLTI3NjI4MTJICVgEaLUBiAEBmAEzuAEHyAEM2AED6AEB-AEBiAIBqAIBuAKqisLTBsACAdICJGIyYWUwNDZiLWE5YmEtNGI1Yi05MjRjLWFkYWU5NDcwN2MxM9gCAeACAQ&ucfs=1&arphpl=1&checkin=2026-08-06&checkout=2026-08-07&dest_id=-2762812&dest_type=city&group_adults=2&req_adults=2&no_rooms=1&group_children=0&req_children=0&hpos=5&hapos=127&sr_order=popularity&srpvid=ed21559515340104&srepoch=1785759036&all_sr_blocks=1579404703_429041838_4_2_0&highlighted_blocks=1579404703_429041838_4_2_0&matching_block_id=1579404703_429041838_4_2_0&sr_pri_blocks=1579404703_429041838_4_2_0__700000&from=searchresults,7000,9.6,12.0,Islamabad,14.0,Superior King or Twin Room,"3 beds (1 single, 1 extra-large double, 1 futon)",0,1,1,https://cf.bstatic.com/xdata/images/hotel/square240/856641707.webp?k=13b1d474b68bdcf186df123def383088aa4938d8904382e354f3ce451a33c802&o=,14,Islamabad
Nuva Hotel-DHA 2,https://www.booking.com/hotel/pk/nuvahotel.en-gb.html?aid=304142&label=gen173nr-10CAQoggJCDWNpdHlfLTI3NjI4MTJICVgEaLUBiAEBmAEzuAEHyAEM2AED6AEB-AEBiAIBqAIBuAKqisLTBsACAdICJGIyYWUwNDZiLWE5YmEtNGI1Yi05MjRjLWFkYWU5NDcwN2MxM9gCAeACAQ&ucfs=1&arphpl=1&checkin=2026-08-06&checkout=2026-08-07&dest_id=-2762812&dest_type=city&group_adults=2&req_adults=2&no_rooms=1&group_children=0&req_children=0&hpos=6&hapos=128&sr_order=popularity&srpvid=ed21559515340104&srepoch=1785759036&all_sr_blocks=871810909_372390494_2_42_0_1104742&highlighted_blocks=871810909_372390494_2_42_0_1104742&matching_block_id=871810909_372390494_2_42_0_1104742&sr_pri_blocks=871810909_372390494_2_42_0_1104742_639920&from=searchresults,6399,6.6,31.0,Islamabad,24.8,Standard King Room,1 large double bed,0,0,1,https://cf.bstatic.com/xdata/images/hotel/square240/476758883.webp?k=e50e4283c0b74747ddd362d6ad4b36445aeb8e75b042391d6124deb0766cf7cd&o=,12,Islamabad
Frank-inn Guest House Islamabad,https://www.booking.com/hotel/pk/frank-in-guest-house-islamabad.en-gb.html?aid=304142&label=gen173nr-10CAQoggJCDWNpdHlfLTI3NjI4MTJICVgEaLUBiAEBmAEzuAEHyAEM2AED6AEB-AEBiAIBqAIBuAKqisLTBsACAdICJGIyYWUwNDZiLWE5YmEtNGI1Yi05MjRjLWFkYWU5NDcwN2MxM9gCAeACAQ&ucfs=1&arphpl=1&checkin=2026-08-06&checkout=2026-08-07&dest_id=-2762812&dest_type=city&group_adults=2&req_adults=2&no_rooms=1&group_children=0&req_children=0&hpos=7&hapos=129&sr_order=popularity&srpvid=ed21559515340104&srepoch=1785759036&all_sr_blocks=1010102501_432476259_2_2_0&highlighted_blocks=1010102501_432476259_2_2_0&matching_block_id=1010102501_432476259_2_2_0&sr_pri_blocks=1010102501_432476259_2_2_0__283419&from=searchresults,2834,5.4,20.0,"G-9 Sector, Islamabad",6.4,Eight-Bedroom House,"14 beds (6 singles, 2 sofa beds, 6 large doubles)",0,1,1,https://cf.bstatic.com/xdata/images/hotel/square240/642369661.webp?k=cc62bef0e83fc3e94841a340aa623c4400da16f95e5f0d296a7438736d0807a1&o=,8,Islamabad
Jojos Vip Family Studio Aapartment,https://www.booking.com/hotel/pk/jojos-vip-family-studio-aapartment.en-gb.html?aid=304142&label=gen173nr-10CAQoggJCDWNpdHlfLTI3NjI4MTJICVgEaLUBiAEBmAEzuAEHyAEM2AED6AEB-AEBiAIBqAIBuAKqisLTBsACAdICJGIyYWUwNDZiLWE5YmEtNGI1Yi05MjRjLWFkYWU5NDcwN2MxM9gCAeACAQ&ucfs=1&arphpl=1&checkin=2026-08-06&checkout=2026-08-07&dest_id=-2762812&dest_type=city&group_adults=2&req_adults=2&no_rooms=1&group_children=0&req_children=0&hpos=8&hapos=130&sr_order=popularity&srpvid=ed21559515340104&srepoch=1785759036&all_sr_blocks=1664049901_438268626_3_0_0&highlighted_blocks=1664049901_438268626_3_0_0&matching_block_id=1664049901_438268626_3_0_0&sr_pri_blocks=1664049901_438268626_3_0_0__626250&from=searchresults,6263,10,5.0,Islamabad,6.3,One-Bedroom Apartment,"2 beds (1 extra-large double, 1 sofa bed)",0,1,1,https://cf.bstatic.com/xdata/images/hotel/square240/887188901.webp?k=afff28d507db4d2b0391d68079d9d17cfa96727ab4deadaf86c8e12edb011a0a&o=,5,Islamabad
Comfort Family Villa Islamabad,https://www.booking.com/hotel/pk/family-oasis.en-gb.html?aid=304142&label=gen173nr-10CAQoggJCDWNpdHlfLTI3NjI4MTJICVgEaLUBiAEBmAEzuAEHyAEM2AED6AEB-AEBiAIBqAIBuAKqisLTBsACAdICJGIyYWUwNDZiLWE5YmEtNGI1Yi05MjRjLWFkYWU5NDcwN2MxM9gCAeACAQ&ucfs=1&arphpl=1&checkin=2026-08-06&checkout=2026-08-07&dest_id=-2762812&dest_type=city&group_adults=2&req_adults=2&no_rooms=1&group_children=0&req_children=0&hpos=9&hapos=131&sr_order=popularity&srpvid=ed21559515340104&srepoch=1785759036&all_sr_blocks=1517471602_423464979_0_2_0&highlighted_blocks=1517471602_423464979_0_2_0&matching_block_id=1517471602_423464979_0_2_0&sr_pri_blocks=1517471602_423464979_0_2_0__761400&from=searchresults,7614,8.6,24.0,"E-11 Sector, Islamabad",10.9,Deluxe Double Room,"2 beds (1 double, 1 futon)",0,0,0,https://cf.bstatic.com/xdata/images/hotel/square240/770786354.webp?k=e09d831f056f433312fa6b78d4bcc68674debdf59eff2a0611e80915aaf5dc90&o=,13,Islamabad
Canvas 430,https://www.booking.com/hotel/pk/canvas-430.en-gb.html?aid=304142&label=gen173nr-10CAQoggJCDWNpdHlfLTI3NjI4MTJICVgEaLUBiAEBmAEzuAEHyAEM2AED6AEB-AEBiAIBqAIBuAKqisLTBsACAdICJGIyYWUwNDZiLWE5YmEtNGI1Yi05MjRjLWFkYWU5NDcwN2MxM9gCAeACAQ&ucfs=1&arphpl=1&checkin=2026-08-06&checkout=2026-08-07&dest_id=-2762812&dest_type=city&group_adults=2&req_adults=2&no_rooms=1&group_children=0&req_children=0&hpos=10&hapos=132&sr_order=popularity&srpvid=ed21559515340104&srepoch=1785759036&all_sr_blocks=1636137802_434003426_4_0_0&highlighted_blocks=1636137802_434003426_4_0_0&matching_block_id=1636137802_434003426_4_0_0&sr_pri_blocks=1636137802_434003426_4_0_0__550000&from=searchresults,5500,9.3,11.0,Islamabad,19.4,Deluxe Double or Twin Room with City View,"3 beds (1 extra-large double, 1 sofa bed, 1 futon)",0,1,1,https://cf.bstatic.com/xdata/images/hotel/square240/883066229.webp?k=d8908932ec28b85fbe0ebcf56a1712cc218e657d71387047b4e84ec2dc74de98&o=,6,Islamabad
Divine Hotel1,https://www.booking.com/hotel/pk/divine-hotel1.en-gb.html?aid=304142&label=gen173nr-10CAQoggJCDWNpdHlfLTI3NjI4MTJICVgEaLUBiAEBmAEzuAEHyAEM2AED6AEB-AEBiAIBqAIBuAKqisLTBsACAdICJGIyYWUwNDZiLWE5YmEtNGI1Yi05MjRjLWFkYWU5NDcwN2MxM9gCAeACAQ&ucfs=1&arphpl=1&checkin=2026-08-06&checkout=2026-08-07&dest_id=-2762812&dest_type=city&group_adults=2&req_adults=2&no_rooms=1&group_children=0&req_children=0&hpos=11&hapos=133&sr_order=popularity&srpvid=ed21559515340104&srepoch=1785759036&all_sr_blocks=1291917701_402148307_2_1_0&highlighted_blocks=1291917701_402148307_2_1_0&matching_block_id=1291917701_402148307_2_1_0&sr_pri_blocks=1291917701_402148307_2_1_0__650000&from=searchresults,6500,7.5,10.0,Islamabad,22.4,Deluxe Double Room,1 double bed,1,1,1,https://cf.bstatic.com/xdata/images/hotel/square240/603617843.webp?k=8abfcee1f5e7b9d26808c91ac1daf6466ff697624d2cf2364258106cc74f2a6c&o=,12,Islamabad
Alvo House,https://www.booking.com/hotel/pk/alvo-house.en-gb.html?aid=304142&label=gen173nr-10CAQoggJCDWNpdHlfLTI3NjI4MTJICVgEaLUBiAEBmAEzuAEHyAEM2AED6AEB-AEBiAIBqAIBuAKqisLTBsACAdICJGIyYWUwNDZiLWE5YmEtNGI1Yi05MjRjLWFkYWU5NDcwN2MxM9gCAeACAQ&ucfs=1&arphpl=1&checkin=2026-08-06&checkout=2026-08-07&dest_id=-2762812&dest_type=city&group_adults=2&req_adults=2&no_rooms=1&group_children=0&req_children=0&hpos=12&hapos=134&sr_order=popularity&srpvid=ed21559515340104&srepoch=1785759036&all_sr_blocks=1609318503_431835816_4_2_0&highlighted_blocks=1609318503_431835816_4_2_0&matching_block_id=1609318503_431835816_4_2_0&sr_pri_blocks=1609318503_431835816_4_2_0__650000&from=searchresults,6500,8.4,11.0,Islamabad,13.9,Superior King Room,"3 beds (1 extra-large double, 2 futons)",0,1,1,https://cf.bstatic.com/xdata/images/hotel/square240/858334751.webp?k=843089f356a6cf40c5bc517c30d90f62c7b2666f9f8f4bb96a46a4aecd6fbe30&o=,6,Islamabad
Islamabad Guest House,https://www.booking.com/hotel/pk/islamabad-guest-house-islamabad62.en-gb.html?aid=304142&label=gen173nr-10CAQoggJCDWNpdHlfLTI3NjI4MTJICVgEaLUBiAEBmAEzuAEHyAEM2AED6AEB-AEBiAIBqAIBuAKqisLTBsACAdICJGIyYWUwNDZiLWE5YmEtNGI1Yi05MjRjLWFkYWU5NDcwN2MxM9gCAeACAQ&ucfs=1&arphpl=1&checkin=2026-08-06&checkout=2026-08-07&dest_id=-2762812&dest_type=city&group_adults=2&req_adults=2&no_rooms=1&group_children=0&req_children=0&hpos=13&hapos=135&sr_order=popularity&srpvid=ed21559515340104&srepoch=1785759036&all_sr_blocks=1509096204_422672853_0_0_0&highlighted_blocks=1509096204_422672853_0_0_0&matching_block_id=1509096204_422672853_0_0_0&sr_pri_blocks=1509096204_422672853_0_0_0__450000&from=searchresults,4500,6.6,7.0,"G-9 Sector, Islamabad",6.5,Double Room with Extra Bed,Double Room with Extra Bed,0,1,1,https://cf.bstatic.com/xdata/images/hotel/square240/886118293.webp?k=32b99cbc15d4b7989afbe50060785c9d7208d4bb6feb88e40f2ffa7bf0b4979b&o=,4,Islamabad
Studio Apartment with All Comforts,https://www.booking.com/hotel/pk/modern-studio-apartment-with-all-comforts.en-gb.html?aid=304142&label=gen173nr-10CAQoggJCDWNpdHlfLTI3NjI4MTJICVgEaLUBiAEBmAEzuAEHyAEM2AED6AEB-AEBiAIBqAIBuAKqisLTBsACAdICJGIyYWUwNDZiLWE5YmEtNGI1Yi05MjRjLWFkYWU5NDcwN2MxM9gCAeACAQ&ucfs=1&arphpl=1&checkin=2026-08-06&checkout=2026-08-07&dest_id=-2762812&dest_type=city&group_adults=2&req_adults=2&no_rooms=1&group_children=0&req_children=0&hpos=14&hapos=136&sr_order=popularity&srpvid=ed21559515340104&srepoch=1785759036&all_sr_blocks=1549436601_427717849_2_0_0&highlighted_blocks=1549436601_427717849_2_0_0&matching_block_id=1549436601_427717849_2_0_0&sr_pri_blocks=1549436601_427717849_2_0_0__330000&from=searchresults,3300,5.5,2.0,Islamabad,26.2,Studio with Garden View,1 extra-large double bed,0,1,1,https://cf.bstatic.com/xdata/images/hotel/square240/795197836.webp?k=bc016c2c50fc7eb4387455437f3a47c836d5a94e453c251c186ea022123cb76d&o=,4,Islamabad
Comfort Family Lodges Islamabad,https://www.booking.com/hotel/pk/godown-palace-guest-house.en-gb.html?aid=304142&label=gen173nr-10CAQoggJCDWNpdHlfLTI3NjI4MTJICVgEaLUBiAEBmAEzuAEHyAEM2AED6AEB-AEBiAIBqAIBuAKqisLTBsACAdICJGIyYWUwNDZiLWE5YmEtNGI1Yi05MjRjLWFkYWU5NDcwN2MxM9gCAeACAQ&ucfs=1&arphpl=1&checkin=2026-08-06&checkout=2026-08-07&dest_id=-2762812&dest_type=city&group_adults=2&req_adults=2&no_rooms=1&group_children=0&req_children=0&hpos=15&hapos=137&sr_order=popularity&srpvid=ed21559515340104&srepoch=1785759036&all_sr_blocks=1520340202_423701787_2_2_0&highlighted_blocks=1520340202_423701787_2_2_0&matching_block_id=1520340202_423701787_2_2_0&sr_pri_blocks=1520340202_423701787_2_2_0__830000&from=searchresults,8300,9.0,30.0,"E-11 Sector, Islamabad",10.7,Deluxe Double Room,1 double bed,0,1,1,https://cf.bstatic.com/xdata/images/hotel/square240/861313321.webp?k=3dd5158c5c9bc1b3437b88baa03cdc049323aa12ab40c1985eedac7c99870076&o=,14,Islamabad
Arizona Heaven Guesthouse,https://www.booking.com/hotel/pk/arizona-heaven-guesthouse.en-gb.html?aid=304142&label=gen173nr-10CAQoggJCDWNpdHlfLTI3NjI4MTJICVgEaLUBiAEBmAEzuAEHyAEM2AED6AEB-AEBiAIBqAIBuAKqisLTBsACAdICJGIyYWUwNDZiLWE5YmEtNGI1Yi05MjRjLWFkYWU5NDcwN2MxM9gCAeACAQ&ucfs=1&arphpl=1&checkin=2026-08-06&checkout=2026-08-07&dest_id=-2762812&dest_type=city&group_adults=2&req_adults=2&no_rooms=1&group_children=0&req_children=0&hpos=16&hapos=138&sr_order=popularity&srpvid=ed21559515340104&srepoch=1785759036&all_sr_blocks=1605930402_431524442_2_42_0&highlighted_blocks=1605930402_431524442_2_42_0&matching_block_id=1605930402_431524442_2_42_0&sr_pri_blocks=1605930402_431524442_2_42_0__864000&from=searchresults,8640,7.3,33.0,"F-8 Sector, Islamabad",5.5,Deluxe Double Room,"2 beds (1 extra-large double, 1 futon)",0,1,1,https://cf.bstatic.com/xdata/images/hotel/square240/842622475.webp?k=833008e4d840c65ec650a02f2323cf07e6d96e2965e2af71dd336d216c7ab4ca&o=,12,Islamabad
Motorway Majesty Suites Islamabad - Near Islamabad International Airport and Motorway,https://www.booking.com/hotel/pk/motorway-majesty-suites.en-gb.html?aid=304142&label=gen173nr-10CAQoggJCDWNpdHlfLTI3NjI4MTJICVgEaLUBiAEBmAEzuAEHyAEM2AED6AEB-AEBiAIBqAIBuAKqisLTBsACAdICJGIyYWUwNDZiLWE5YmEtNGI1Yi05MjRjLWFkYWU5NDcwN2MxM9gCAeACAQ&ucfs=1&arphpl=1&checkin=2026-08-06&checkout=2026-08-07&dest_id=-2762812&dest_type=city&group_adults=2&req_adults=2&no_rooms=1&group_children=0&req_children=0&hpos=17&hapos=139&sr_order=popularity&srpvid=ed21559515340104&srepoch=1785759036&all_sr_blocks=1039943802_406726548_2_0_0&highlighted_blocks=1039943802_406726548_2_0_0&matching_block_id=1039943802_406726548_2_0_0&sr_pri_blocks=1039943802_406726548_2_0_0__684900&from=searchresults,6849,7.7,296.0,Islamabad,24.9,Executive Suite,1 extra-large double bed,0,1,1,https://cf.bstatic.com/xdata/images/hotel/square240/475516758.webp?k=8bdb465f3c35812e7c2b89697cc789e434c5387463a533ed0705064a2ef9c477&o=,13,Islamabad
Ambiance Boutique Art Hotel Islamabad,https://www.booking.com/hotel/pk/ambiance-boutique-art-islamabad-islamabad.en-gb.html?aid=304142&label=gen173nr-10CAQoggJCDWNpdHlfLTI3NjI4MTJICVgEaLUBiAEBmAEzuAEHyAEM2AED6AEB-AEBiAIBqAIBuAKqisLTBsACAdICJGIyYWUwNDZiLWE5YmEtNGI1Yi05MjRjLWFkYWU5NDcwN2MxM9gCAeACAQ&ucfs=1&arphpl=1&checkin=2026-08-06&checkout=2026-08-07&dest_id=-2762812&dest_type=city&group_adults=2&req_adults=2&no_rooms=1&group_children=0&req_children=0&hpos=18&hapos=140&sr_order=popularity&srpvid=ed21559515340104&srepoch=1785759036&all_sr_blocks=1409544502_427009901_0_2_0&highlighted_blocks=1409544502_427009901_0_2_0&matching_block_id=1409544502_427009901_0_2_0&sr_pri_blocks=1409544502_427009901_0_2_0__3240000&from=searchresults,32400,8.9,73.0,Islamabad,7.5,Premier Twin Room,2 single beds,0,1,0,https://cf.bstatic.com/xdata/images/hotel/square240/679844643.webp?k=66f053a37181c8dda8a253062278cc299ca75f5852dd1d1d833b397ae30d4079&o=,14,Islamabad
Feliciti Express Islamabad,https://www.booking.com/hotel/pk/falettis-express-islamabad-islamabad.en-gb.html?aid=304142&label=gen173nr-10CAQoggJCDWNpdHlfLTI3NjI4MTJICVgEaLUBiAEBmAEzuAEHyAEM2AED6AEB-AEBiAIBqAIBuAKqisLTBsACAdICJGIyYWUwNDZiLWE5YmEtNGI1Yi05MjRjLWFkYWU5NDcwN2MxM9gCAeACAQ&ucfs=1&arphpl=1&checkin=2026-08-06&checkout=2026-08-07&dest_id=-2762812&dest_type=city&group_adults=2&req_adults=2&no_rooms=1&group_children=0&req_children=0&hpos=19&hapos=141&sr_order=popularity&srpvid=ed21559515340104&srepoch=1785759036&all_sr_blocks=1371281001_409333551_0_1_0_829864&highlighted_blocks=1371281001_409333551_0_1_0_829864&matching_block_id=1371281001_409333551_0_1_0_829864&sr_pri_blocks=1371281001_409333551_0_1_0_829864_1330000&from=searchresults,13300,7.7,69.0,"E-11 Sector, Islamabad",11.8,King Room,1 large double bed,1,1,1,https://cf.bstatic.com/xdata/images/hotel/square240/808078508.webp?k=4281b014613161d4ef6401e15b2715e6b45f3e1070a0c0c9546c4e7c481e7ede&o=,11,Islamabad
Executive Rooms - F10 Islamabad,https://www.booking.com/hotel/pk/executive-rooms-f10-islamabad.en-gb.html?aid=304142&label=gen173nr-10CAQoggJCDWNpdHlfLTI3NjI4MTJICVgEaLUBiAEBmAEzuAEHyAEM2AED6AEB-AEBiAIBqAIBuAKqisLTBsACAdICJGIyYWUwNDZiLWE5YmEtNGI1Yi05MjRjLWFkYWU5NDcwN2MxM9gCAeACAQ&ucfs=1&arphpl=1&checkin=2026-08-06&checkout=2026-08-07&dest_id=-2762812&dest_type=city&group_adults=2&req_adults=2&no_rooms=1&group_children=0&req_children=0&hpos=20&hapos=142&sr_order=popularity&srpvid=ed21559515340104&srepoch=1785759036&all_sr_blocks=1593226305_430377863_2_34_0&highlighted_blocks=1593226305_430377863_2_34_0&matching_block_id=1593226305_430377863_2_34_0&sr_pri_blocks=1593226305_430377863_2_34_0__382500&from=searchresults,3825,7.7,27.0,Islamabad,8.3,Standard Double Room,1 extra-large double bed,0,1,1,https://cf.bstatic.com/xdata/images/hotel/square240/832205707.webp?k=d25c79a6d1ffa32e9bffb6ceb2271c59002347739847ebda7b5756940b89e0b7&o=,11,Islamabad
Arizona Lodges,https://www.booking.com/hotel/pk/arizona-lodges.en-gb.html?aid=304142&label=gen173nr-10CAQoggJCDWNpdHlfLTI3NjI4MTJICVgEaLUBiAEBmAEzuAEHyAEM2AED6AEB-AEBiAIBqAIBuAKqisLTBsACAdICJGIyYWUwNDZiLWE5YmEtNGI1Yi05MjRjLWFkYWU5NDcwN2MxM9gCAeACAQ&ucfs=1&arphpl=1&checkin=2026-08-06&checkout=2026-08-07&dest_id=-2762812&dest_type=city&group_adults=2&req_adults=2&no_rooms=1&group_children=0&req_children=0&hpos=21&hapos=143&sr_order=popularity&srpvid=ed21559515340104&srepoch=1785759036&all_sr_blocks=1606203305_431554926_2_42_0&highlighted_blocks=1606203305_431554926_2_42_0&matching_block_id=1606203305_431554926_2_42_0&sr_pri_blocks=1606203305_431554926_2_42_0__880000&from=searchresults,8800,6.6,22.0,"F-7 Sector, Islamabad",4.1,Deluxe Double Room,"2 beds (1 extra-large double, 1 futon)",0,1,1,https://cf.bstatic.com/xdata/images/hotel/square240/842666890.webp?k=ec243b2f5b208638ab275de706e835ee2daf233b4de2e3895bdb2a2328c746d6&o=,12,Islamabad
Pioneer 1BHK Islamabad 35A,https://www.booking.com/hotel/pk/pioneer-1bhk-islamabad-35a.en-gb.html?aid=304142&label=gen173nr-10CAQoggJCDWNpdHlfLTI3NjI4MTJICVgEaLUBiAEBmAEzuAEHyAEM2AED6AEB-AEBiAIBqAIBuAKqisLTBsACAdICJGIyYWUwNDZiLWE5YmEtNGI1Yi05MjRjLWFkYWU5NDcwN2MxM9gCAeACAQ&ucfs=1&arphpl=1&checkin=2026-08-06&checkout=2026-08-07&dest_id=-2762812&dest_type=city&group_adults=2&req_adults=2&no_rooms=1&group_children=0&req_children=0&hpos=22&hapos=144&sr_order=popularity&srpvid=ed21559515340104&srepoch=1785759036&all_sr_blocks=1327986001_405387517_4_0_0&highlighted_blocks=1327986001_405387517_4_0_0&matching_block_id=1327986001_405387517_4_0_0&sr_pri_blocks=1327986001_405387517_4_0_0__882000&from=searchresults,8820,9.0,3.0,Islamabad,11.0,One-Bedroom Apartment,"2 beds (1 double, 1 sofa bed)",0,1,1,https://cf.bstatic.com/xdata/images/hotel/square240/626870373.webp?k=b8f9f8830810c2f0590acd72fd8065c403c3f3f582377fdc45b8edbbd640e730&o=,4,Islamabad
Regal Horizon G-13,https://www.booking.com/hotel/pk/velro-house.en-gb.html?aid=304142&label=gen173nr-10CAQoggJCDWNpdHlfLTI3NjI4MTJICVgEaLUBiAEBmAEzuAEHyAEM2AED6AEB-AEBiAIBqAIBuAKqisLTBsACAdICJGIyYWUwNDZiLWE5YmEtNGI1Yi05MjRjLWFkYWU5NDcwN2MxM9gCAeACAQ&ucfs=1&arphpl=1&checkin=2026-08-06&checkout=2026-08-07&dest_id=-2762812&dest_type=city&group_adults=2&req_adults=2&no_rooms=1&group_children=0&req_children=0&hpos=1&hapos=145&sr_order=popularity&srpvid=ed21559515340104&srepoch=1785759039&all_sr_blocks=1609313802_431835237_4_2_0&highlighted_blocks=1609313802_431835237_4_2_0&matching_block_id=1609313802_431835237_4_2_0&sr_pri_blocks=1609313802_431835237_4_2_0__900000&from=searchresults,9000,8.5,12.0,"Blue Area, Islamabad",4.2,Deluxe King Room,"3 beds (1 extra-large double, 2 futons)",0,1,1,https://cf.bstatic.com/xdata/images/hotel/square240/897592176.webp?k=38bd750acb85ab217d8b88cd2d67daa8da9999f1adfa3094f199adff2ebbe554&o=,14,Islamabad
Dream IIN Hotel,https://www.booking.com/hotel/pk/dream-iin.en-gb.html?aid=304142&label=gen173nr-10CAQoggJCDWNpdHlfLTI3NjI4MTJICVgEaLUBiAEBmAEzuAEHyAEM2AED6AEB-AEBiAIBqAIBuAKqisLTBsACAdICJGIyYWUwNDZiLWE5YmEtNGI1Yi05MjRjLWFkYWU5NDcwN2MxM9gCAeACAQ&ucfs=1&arphpl=1&checkin=2026-08-06&checkout=2026-08-07&dest_id=-2762812&dest_type=city&group_adults=2&req_adults=2&no_rooms=1&group_children=0&req_children=0&hpos=2&hapos=146&sr_order=popularity&srpvid=ed21559515340104&srepoch=1785759039&all_sr_blocks=1582220001_429337869_2_2_0&highlighted_blocks=1582220001_429337869_2_2_0&matching_block_id=1582220001_429337869_2_2_0&sr_pri_blocks=1582220001_429337869_2_2_0__255000&from=searchresults,2550,,,"G-9 Sector, Islamabad",7.0,Double Room,1 large double bed,0,0,1,https://cf.bstatic.com/xdata/images/hotel/square240/824621798.webp?k=d9905f30d5c502041c6511480a03542870c15938e198d9dc608f94e42dbfe182&o=,7,Islamabad
Luxury Centaurus Apartments - BookMyStay,https://www.booking.com/hotel/pk/serene-1bhk-in-centaurus-mall-luxeliving-isb.en-gb.html?aid=304142&label=gen173nr-10CAQoggJCDWNpdHlfLTI3NjI4MTJICVgEaLUBiAEBmAEzuAEHyAEM2AED6AEB-AEBiAIBqAIBuAKqisLTBsACAdICJGIyYWUwNDZiLWE5YmEtNGI1Yi05MjRjLWFkYWU5NDcwN2MxM9gCAeACAQ&ucfs=1&arphpl=1&checkin=2026-08-06&checkout=2026-08-07&dest_id=-2762812&dest_type=city&group_adults=2&req_adults=2&no_rooms=1&group_children=0&req_children=0&hpos=3&hapos=147&sr_order=popularity&srpvid=ed21559515340104&srepoch=1785759039&all_sr_blocks=1608048001_431726182_2_1_0_1416313&highlighted_blocks=1608048001_431726182_2_1_0_1416313&matching_block_id=1608048001_431726182_2_1_0_1416313&sr_pri_blocks=1608048001_431726182_2_1_0_1416313_2380000&from=searchresults,23800,8.1,9.0,"Blue Area, Islamabad",4.5,Studio Apartment with King Bed,Studio Apartment with King Bed,1,1,1,https://cf.bstatic.com/xdata/images/hotel/square240/844228269.webp?k=a9698ab2590d2b256d0a9389bfafcd7d97c14ec84a6f822e79a71bf8ac745d2f&o=,6,Islamabad
DECENT 2 BEDROOM FAMiLY APARTMENT ISLAMABAD,https://www.booking.com/hotel/pk/decent-classi-vip-2-bedroom-family-apartment.en-gb.html?aid=304142&label=gen173nr-10CAQoggJCDWNpdHlfLTI3NjI4MTJICVgEaLUBiAEBmAEzuAEHyAEM2AED6AEB-AEBiAIBqAIBuAKqisLTBsACAdICJGIyYWUwNDZiLWE5YmEtNGI1Yi05MjRjLWFkYWU5NDcwN2MxM9gCAeACAQ&ucfs=1&arphpl=1&checkin=2026-08-06&checkout=2026-08-07&dest_id=-2762812&dest_type=city&group_adults=2&req_adults=2&no_rooms=1&group_children=0&req_children=0&hpos=4&hapos=148&sr_order=popularity&srpvid=ed21559515340104&srepoch=1785759039&all_sr_blocks=1665155502_438365467_5_0_0&highlighted_blocks=1665155502_438365467_5_0_0&matching_block_id=1665155502_438365467_5_0_0&sr_pri_blocks=1665155502_438365467_5_0_0__936000&from=searchresults,9360,10,3.0,Islamabad,6.5,Family Double Room,"3 beds (1 extra-large double, 1 sofa bed, 1 large double)",0,1,1,https://cf.bstatic.com/xdata/images/hotel/square240/890462574.webp?k=7b8457013c48d492a7bae884e5671bf0c6dbbb2d7ef6618f5e19937e5245bfad&o=,5,Islamabad
Paradise Guest House,https://www.booking.com/hotel/pk/paradise-guest-house-islamabad5.en-gb.html?aid=304142&label=gen173nr-10CAQoggJCDWNpdHlfLTI3NjI4MTJICVgEaLUBiAEBmAEzuAEHyAEM2AED6AEB-AEBiAIBqAIBuAKqisLTBsACAdICJGIyYWUwNDZiLWE5YmEtNGI1Yi05MjRjLWFkYWU5NDcwN2MxM9gCAeACAQ&ucfs=1&arphpl=1&checkin=2026-08-06&checkout=2026-08-07&dest_id=-2762812&dest_type=city&group_adults=2&req_adults=2&no_rooms=1&group_children=0&req_children=0&hpos=5&hapos=149&sr_order=popularity&srpvid=ed21559515340104&srepoch=1785759039&all_sr_blocks=1609068801_431816757_0_0_0&highlighted_blocks=1609068801_431816757_0_0_0&matching_block_id=1609068801_431816757_0_0_0&sr_pri_blocks=1609068801_431816757_0_0_0__660000&from=searchresults,6600,10,1.0,"G-9 Sector, Islamabad",7.6,Large Double or Twin Room,2 double beds,0,1,1,https://cf.bstatic.com/xdata/images/hotel/square240/852054999.webp?k=2a130dce4f642b40ff7cab95f598134136d2bdf18b3b4adfdc81ea9467f65b35&o=,5,Islamabad
"Cozy 1-Bed Apartment in Islamabad - Self Check-In, Kitchen & Balcony",https://www.booking.com/hotel/pk/cozy-1-bed-apartment-in-islamabad-self-check-in-kitchen-amp-balcony.en-gb.html?aid=304142&label=gen173nr-10CAQoggJCDWNpdHlfLTI3NjI4MTJICVgEaLUBiAEBmAEzuAEHyAEM2AED6AEB-AEBiAIBqAIBuAKqisLTBsACAdICJGIyYWUwNDZiLWE5YmEtNGI1Yi05MjRjLWFkYWU5NDcwN2MxM9gCAeACAQ&ucfs=1&arphpl=1&checkin=2026-08-06&checkout=2026-08-07&dest_id=-2762812&dest_type=city&group_adults=2&req_adults=2&no_rooms=1&group_children=0&req_children=0&hpos=6&hapos=150&sr_order=popularity&srpvid=ed21559515340104&srepoch=1785759039&all_sr_blocks=1494651801_421127466_2_0_0&highlighted_blocks=1494651801_421127466_2_0_0&matching_block_id=1494651801_421127466_2_0_0&sr_pri_blocks=1494651801_421127466_2_0_0__619900&from=searchresults,6199,8.2,18.0,"E-11 Sector, Islamabad",10.9,One-Bedroom Apartment,"2 beds (1 double, 1 sofa bed)",0,1,1,https://cf.bstatic.com/xdata/images/hotel/square240/749870460.webp?k=b54dedfbf64047c0813f7abcca14acfcbe302b28007d274fceae8e1154707bd7&o=,4,Islamabad
Smart Residency Guest House,https://www.booking.com/hotel/pk/luxury-royal-guest-house.en-gb.html?aid=304142&label=gen173nr-10CAQoggJCDWNpdHlfLTI3NjI4MTJICVgEaLUBiAEBmAEzuAEHyAEM2AED6AEB-AEBiAIBqAIBuAKqisLTBsACAdICJGIyYWUwNDZiLWE5YmEtNGI1Yi05MjRjLWFkYWU5NDcwN2MxM9gCAeACAQ&ucfs=1&arphpl=1&checkin=2026-08-06&checkout=2026-08-07&dest_id=-2762812&dest_type=city&group_adults=2&req_adults=2&no_rooms=1&group_children=0&req_children=0&hpos=7&hapos=151&sr_order=popularity&srpvid=ed21559515340104&srepoch=1785759039&all_sr_blocks=1456180403_416912321_0_2_0&highlighted_blocks=1456180403_416912321_0_2_0&matching_block_id=1456180403_416912321_0_2_0&sr_pri_blocks=1456180403_416912321_0_2_0__546750&from=searchresults,5468,8.9,67.0,"G-9 Sector, Islamabad",6.3,Deluxe Family Suite,2 double beds,0,1,1,https://cf.bstatic.com/xdata/images/hotel/square240/713130050.webp?k=8e5935290d2d7469c38a55afb275ee3bf0302324619bf622dbb9152f133ca306&o=,13,Islamabad
SkyHouse by Ace Luxe,https://www.booking.com/hotel/pk/sky-house-by-ace-luxe.en-gb.html?aid=304142&label=gen173nr-10CAQoggJCDWNpdHlfLTI3NjI4MTJICVgEaLUBiAEBmAEzuAEHyAEM2AED6AEB-AEBiAIBqAIBuAKqisLTBsACAdICJGIyYWUwNDZiLWE5YmEtNGI1Yi05MjRjLWFkYWU5NDcwN2MxM9gCAeACAQ&ucfs=1&arphpl=1&checkin=2026-08-06&checkout=2026-08-07&dest_id=-2762812&dest_type=city&group_adults=2&req_adults=2&no_rooms=1&group_children=0&req_children=0&hpos=8&hapos=152&sr_order=popularity&srpvid=ed21559515340104&srepoch=1785759039&all_sr_blocks=1426004301_441405623_2_2_0&highlighted_blocks=1426004301_441405623_2_2_0&matching_block_id=1426004301_441405623_2_2_0&sr_pri_blocks=1426004301_441405623_2_2_0__654500&from=searchresults,6545,9.5,87.0,Islamabad,21.6,Budget Double Room,1 double bed,0,1,1,https://cf.bstatic.com/xdata/images/hotel/square240/899513831.webp?k=fe8edc09358c50d2bebf5abf803fc2367daf110d4c03ef9b0e6905f8b01cd463&o=,13,Islamabad
Casa Blanca Suites,https://www.booking.com/hotel/pk/casa-blanca-suites.en-gb.html?aid=304142&label=gen173nr-10CAQoggJCDWNpdHlfLTI3NjI4MTJICVgEaLUBiAEBmAEzuAEHyAEM2AED6AEB-AEBiAIBqAIBuAKqisLTBsACAdICJGIyYWUwNDZiLWE5YmEtNGI1Yi05MjRjLWFkYWU5NDcwN2MxM9gCAeACAQ&ucfs=1&arphpl=1&checkin=2026-08-06&checkout=2026-08-07&dest_id=-2762812&dest_type=city&group_adults=2&req_adults=2&no_rooms=1&group_children=0&req_children=0&hpos=9&hapos=153&sr_order=popularity&srpvid=ed21559515340104&srepoch=1785759039&all_sr_blocks=1606523102_431588402_2_42_0&highlighted_blocks=1606523102_431588402_2_42_0&matching_block_id=1606523102_431588402_2_42_0&sr_pri_blocks=1606523102_431588402_2_42_0__935000&from=searchresults,9350,7.5,23.0,"F-7 Sector, Islamabad",4.1,Budget Double Room,"2 beds (1 extra-large double, 1 futon)",0,1,1,https://cf.bstatic.com/xdata/images/hotel/square240/843109041.webp?k=75ecf37616f5c24fa77710948e827518aed30106df8f63c62fbd19737dac58b3&o=,14,Islamabad
Airway lodges,https://www.booking.com/hotel/pk/airway-lodges.en-gb.html?aid=304142&label=gen173nr-10CAQoggJCDWNpdHlfLTI3NjI4MTJICVgEaLUBiAEBmAEzuAEHyAEM2AED6AEB-AEBiAIBqAIBuAKqisLTBsACAdICJGIyYWUwNDZiLWE5YmEtNGI1Yi05MjRjLWFkYWU5NDcwN2MxM9gCAeACAQ&ucfs=1&arphpl=1&checkin=2026-08-06&checkout=2026-08-07&dest_id=-2762812&dest_type=city&group_adults=2&req_adults=2&no_rooms=1&group_children=0&req_children=0&hpos=10&hapos=154&sr_order=popularity&srpvid=ed21559515340104&srepoch=1785759039&all_sr_blocks=1233504204_395316044_2_0_0&highlighted_blocks=1233504204_395316044_2_0_0&matching_block_id=1233504204_395316044_2_0_0&sr_pri_blocks=1233504204_395316044_2_0_0__300000&from=searchresults,3000,6.4,13.0,Islamabad,24.7,Standard Family Room,1 extra-large double bed,0,1,1,https://cf.bstatic.com/xdata/images/hotel/square240/577922304.webp?k=c1ef21a5092d78cb8a5f92bd73b92dd0622c8e1308733fb78b9994a7e9b5d5c5&o=,4,Islamabad
Winter Lodge,https://www.booking.com/hotel/pk/winter-lodge.en-gb.html?aid=304142&label=gen173nr-10CAQoggJCDWNpdHlfLTI3NjI4MTJICVgEaLUBiAEBmAEzuAEHyAEM2AED6AEB-AEBiAIBqAIBuAKqisLTBsACAdICJGIyYWUwNDZiLWE5YmEtNGI1Yi05MjRjLWFkYWU5NDcwN2MxM9gCAeACAQ&ucfs=1&arphpl=1&checkin=2026-08-06&checkout=2026-08-07&dest_id=-2762812&dest_type=city&group_adults=2&req_adults=2&no_rooms=1&group_children=0&req_children=0&hpos=11&hapos=155&sr_order=popularity&srpvid=ed21559515340104&srepoch=1785759039&all_sr_blocks=1580711302_429165843_2_2_0&highlighted_blocks=1580711302_429165843_2_2_0&matching_block_id=1580711302_429165843_2_2_0&sr_pri_blocks=1580711302_429165843_2_2_0__1040000&from=searchresults,10400,7.6,32.0,"F-8 Sector, Islamabad",5.4,Deluxe Double Room,"2 beds (1 extra-large double, 1 futon)",0,1,1,https://cf.bstatic.com/xdata/images/hotel/square240/846377179.webp?k=f6f5ba43c44189fc10781858ad86da0f58c281eeb0e558a426aa73bf077e7615&o=,12,Islamabad
Holiday Inn islamabad,https://www.booking.com/hotel/pk/ravi-guest-house-two.en-gb.html?aid=304142&label=gen173nr-10CAQoggJCDWNpdHlfLTI3NjI4MTJICVgEaLUBiAEBmAEzuAEHyAEM2AED6AEB-AEBiAIBqAIBuAKqisLTBsACAdICJGIyYWUwNDZiLWE5YmEtNGI1Yi05MjRjLWFkYWU5NDcwN2MxM9gCAeACAQ&ucfs=1&arphpl=1&checkin=2026-08-06&checkout=2026-08-07&dest_id=-2762812&dest_type=city&group_adults=2&req_adults=2&no_rooms=1&group_children=0&req_children=0&hpos=12&hapos=156&sr_order=popularity&srpvid=ed21559515340104&srepoch=1785759039&all_sr_blocks=1483832701_419864858_2_2_0&highlighted_blocks=1483832701_419864858_2_2_0&matching_block_id=1483832701_419864858_2_2_0&sr_pri_blocks=1483832701_419864858_2_2_0__630000&from=searchresults,6300,8.2,66.0,"E-11 Sector, Islamabad",11.7,Deluxe Room (2 Adults + 1 Child),"2 beds (1 double, 1 futon)",0,0,0,https://cf.bstatic.com/xdata/images/hotel/square240/771194118.webp?k=6e4d5905042e5888d00f5d3762b09b84ca6516f2870243b9baec909e64a6f6f7&o=,12,Islamabad
Decent Luxury Guest House F-10,https://www.booking.com/hotel/pk/moon-light-star.en-gb.html?aid=304142&label=gen173nr-10CAQoggJCDWNpdHlfLTI3NjI4MTJICVgEaLUBiAEBmAEzuAEHyAEM2AED6AEB-AEBiAIBqAIBuAKqisLTBsACAdICJGIyYWUwNDZiLWE5YmEtNGI1Yi05MjRjLWFkYWU5NDcwN2MxM9gCAeACAQ&ucfs=1&arphpl=1&checkin=2026-08-06&checkout=2026-08-07&dest_id=-2762812&dest_type=city&group_adults=2&req_adults=2&no_rooms=1&group_children=0&req_children=0&hpos=13&hapos=157&sr_order=popularity&srpvid=ed21559515340104&srepoch=1785759039&all_sr_blocks=1230956105_419410155_0_2_0&highlighted_blocks=1230956105_419410155_0_2_0&matching_block_id=1230956105_419410155_0_2_0&sr_pri_blocks=1230956105_419410155_0_2_0__542700&from=searchresults,5427,7.1,29.0,Islamabad,9.8,Deluxe Twin Room,2 single beds,0,0,0,https://cf.bstatic.com/xdata/images/hotel/square240/734185850.webp?k=d49a170ce0569aaf40e9fe6341f562715068a67fa476169d13ad7ecab8a88e12&o=,3,Islamabad
Cozy 1-Bedroom Apartment in Islamabad,https://www.booking.com/hotel/pk/cozy-1-bedroom-apartment-in-islamabad.en-gb.html?aid=304142&label=gen173nr-10CAQoggJCDWNpdHlfLTI3NjI4MTJICVgEaLUBiAEBmAEzuAEHyAEM2AED6AEB-AEBiAIBqAIBuAKqisLTBsACAdICJGIyYWUwNDZiLWE5YmEtNGI1Yi05MjRjLWFkYWU5NDcwN2MxM9gCAeACAQ&ucfs=1&arphpl=1&checkin=2026-08-06&checkout=2026-08-07&dest_id=-2762812&dest_type=city&group_adults=2&req_adults=2&no_rooms=1&group_children=0&req_children=0&hpos=14&hapos=158&sr_order=popularity&srpvid=ed21559515340104&srepoch=1785759039&all_sr_blocks=1329056601_405466878_3_0_0&highlighted_blocks=1329056601_405466878_3_0_0&matching_block_id=1329056601_405466878_3_0_0&sr_pri_blocks=1329056601_405466878_3_0_0__357000&from=searchresults,3570,4.5,4.0,Islamabad,26.9,One-Bedroom Apartment,1 double bed,0,0,1,https://cf.bstatic.com/xdata/images/hotel/square240/795675274.webp?k=fb1618ed830d3b9057fdf515cfe9a399547a567c11a50660c0558a754b27ac75&o=,4,Islamabad
The loft life f2,https://www.booking.com/hotel/pk/the-loft-life-f2.en-gb.html?aid=304142&label=gen173nr-10CAQoggJCDWNpdHlfLTI3NjI4MTJICVgEaLUBiAEBmAEzuAEHyAEM2AED6AEB-AEBiAIBqAIBuAKqisLTBsACAdICJGIyYWUwNDZiLWE5YmEtNGI1Yi05MjRjLWFkYWU5NDcwN2MxM9gCAeACAQ&ucfs=1&arphpl=1&checkin=2026-08-06&checkout=2026-08-07&dest_id=-2762812&dest_type=city&group_adults=2&req_adults=2&no_rooms=1&group_children=0&req_children=0&hpos=15&hapos=159&sr_order=popularity&srpvid=ed21559515340104&srepoch=1785759039&all_sr_blocks=1433517701_414900411_3_0_0&highlighted_blocks=1433517701_414900411_3_0_0&matching_block_id=1433517701_414900411_3_0_0&sr_pri_blocks=1433517701_414900411_3_0_0__693000&from=searchresults,6930,8.8,24.0,Islamabad,11.6,Two-Bedroom Apartment,"3 beds (2 doubles, 1 sofa bed)",0,1,1,https://cf.bstatic.com/xdata/images/hotel/square240/694988882.webp?k=8c8bd90bf4f9384e49b5a42a6c84d3d8fa5752a3c903a31a8236e87fe0e1f261&o=,4,Islamabad
Islamabad Regalia Hotel,https://www.booking.com/hotel/pk/islamabad-regalia.en-gb.html?aid=304142&label=gen173nr-10CAQoggJCDWNpdHlfLTI3NjI4MTJICVgEaLUBiAEBmAEzuAEHyAEM2AED6AEB-AEBiAIBqAIBuAKqisLTBsACAdICJGIyYWUwNDZiLWE5YmEtNGI1Yi05MjRjLWFkYWU5NDcwN2MxM9gCAeACAQ&ucfs=1&arphpl=1&checkin=2026-08-06&checkout=2026-08-07&dest_id=-2762812&dest_type=city&group_adults=2&req_adults=2&no_rooms=1&group_children=0&req_children=0&hpos=16&hapos=160&sr_order=popularity&srpvid=ed21559515340104&srepoch=1785759039&all_sr_blocks=548690505_423707847_2_1_0_683557&highlighted_blocks=548690505_423707847_2_1_0_683557&matching_block_id=548690505_423707847_2_1_0_683557&sr_pri_blocks=548690505_423707847_2_1_0_683557_2737500&from=searchresults,27375,9.1,426.0,"G-6 Sector, Islamabad",2.4,Deluxe Double or Twin Room,2 single beds,1,0,0,https://cf.bstatic.com/xdata/images/hotel/square240/214667617.webp?k=4b8157544d3310bae7201b80c17e1044511a1b138a8417664d2c5540b022701f&o=,10,Islamabad
Avenue-3 Guest House,https://www.booking.com/hotel/pk/avenue-3-guest-house.en-gb.html?aid=304142&label=gen173nr-10CAQoggJCDWNpdHlfLTI3NjI4MTJICVgEaLUBiAEBmAEzuAEHyAEM2AED6AEB-AEBiAIBqAIBuAKqisLTBsACAdICJGIyYWUwNDZiLWE5YmEtNGI1Yi05MjRjLWFkYWU5NDcwN2MxM9gCAeACAQ&ucfs=1&arphpl=1&checkin=2026-08-06&checkout=2026-08-07&dest_id=-2762812&dest_type=city&group_adults=2&req_adults=2&no_rooms=1&group_children=0&req_children=0&hpos=17&hapos=161&sr_order=popularity&srpvid=ed21559515340104&srepoch=1785759039&all_sr_blocks=1322320705_404902364_2_0_0_791805&highlighted_blocks=1322320705_404902364_2_0_0_791805&matching_block_id=1322320705_404902364_2_0_0_791805&sr_pri_blocks=1322320705_404902364_2_0_0_791805_1170000&from=searchresults,11700,8.7,50.0,Islamabad,8.9,Family Room,1 large double bed,0,1,1,https://cf.bstatic.com/xdata/images/hotel/square240/623233832.webp?k=fd543f7e2ef36818ea1d2214973639bf3a3b13b825199fc568d964d6cbe437ba&o=,13,Islamabad
Stay Comfort,https://www.booking.com/hotel/pk/stay-comfort-islamabad.en-gb.html?aid=304142&label=gen173nr-10CAQoggJCDWNpdHlfLTI3NjI4MTJICVgEaLUBiAEBmAEzuAEHyAEM2AED6AEB-AEBiAIBqAIBuAKqisLTBsACAdICJGIyYWUwNDZiLWE5YmEtNGI1Yi05MjRjLWFkYWU5NDcwN2MxM9gCAeACAQ&ucfs=1&arphpl=1&checkin=2026-08-06&checkout=2026-08-07&dest_id=-2762812&dest_type=city&group_adults=2&req_adults=2&no_rooms=1&group_children=0&req_children=0&hpos=18&hapos=162&sr_order=popularity&srpvid=ed21559515340104&srepoch=1785759039&all_sr_blocks=1587735501_429884413_3_0_0&highlighted_blocks=1587735501_429884413_3_0_0&matching_block_id=1587735501_429884413_3_0_0&sr_pri_blocks=1587735501_429884413_3_0_0__420000&from=searchresults,4200,5.6,8.0,Islamabad,30.7,One-Bedroom Apartment,"2 beds (1 extra-large double, 1 sofa bed)",0,1,1,https://cf.bstatic.com/xdata/images/hotel/square240/827748939.webp?k=fb6decdde957e9a710cebffb2e37b2cf8a63f8e0fb8823600e5e531ae4ccf66e&o=,4,Islamabad
Bread And Bed,https://www.booking.com/hotel/pk/bread-and-bed-islamabad1.en-gb.html?aid=304142&label=gen173nr-10CAQoggJCDWNpdHlfLTI3NjI4MTJICVgEaLUBiAEBmAEzuAEHyAEM2AED6AEB-AEBiAIBqAIBuAKqisLTBsACAdICJGIyYWUwNDZiLWE5YmEtNGI1Yi05MjRjLWFkYWU5NDcwN2MxM9gCAeACAQ&ucfs=1&arphpl=1&checkin=2026-08-06&checkout=2026-08-07&dest_id=-2762812&dest_type=city&group_adults=2&req_adults=2&no_rooms=1&group_children=0&req_children=0&hpos=19&hapos=163&sr_order=popularity&srpvid=ed21559515340104&srepoch=1785759039&all_sr_blocks=1670764101_438857602_2_0_0&highlighted_blocks=1670764101_438857602_2_0_0&matching_block_id=1670764101_438857602_2_0_0&sr_pri_blocks=1670764101_438857602_2_0_0__382500&from=searchresults,3825,10,1.0,Islamabad,10.0,Twin Room,2 single beds,0,1,1,https://cf.bstatic.com/xdata/images/hotel/square240/885763927.webp?k=9bc1f6ba768681b4205b864e47e995a230237986184c1b405bff3b47ca719dfd&o=,4,Islamabad
ZEROSA Guesthouse,https://www.booking.com/hotel/pk/islamabad-travlodge-guesthouse.en-gb.html?aid=304142&label=gen173nr-10CAQoggJCDWNpdHlfLTI3NjI4MTJICVgEaLUBiAEBmAEzuAEHyAEM2AED6AEB-AEBiAIBqAIBuAKqisLTBsACAdICJGIyYWUwNDZiLWE5YmEtNGI1Yi05MjRjLWFkYWU5NDcwN2MxM9gCAeACAQ&ucfs=1&arphpl=1&checkin=2026-08-06&checkout=2026-08-07&dest_id=-2762812&dest_type=city&group_adults=2&req_adults=2&no_rooms=1&group_children=0&req_children=0&hpos=20&hapos=164&sr_order=popularity&srpvid=ed21559515340104&srepoch=1785759039&all_sr_blocks=1539286904_425352126_2_2_0&highlighted_blocks=1539286904_425352126_2_2_0&matching_block_id=1539286904_425352126_2_2_0&sr_pri_blocks=1539286904_425352126_2_2_0__494820&from=searchresults,4948,8.0,4.0,Islamabad,11.6,Standard Twin Room,2 single beds,0,0,0,https://cf.bstatic.com/xdata/images/hotel/square240/791301445.webp?k=01238150aa8cfff4325ec39b5b8a129b4ffcb367d91814c6d6635b336c16243a&o=,10,Islamabad
The Warmer House Islamabad Airport,https://www.booking.com/hotel/pk/the-warmer-house.en-gb.html?aid=304142&label=gen173nr-10CAQoggJCDWNpdHlfLTI3NjI4MTJICVgEaLUBiAEBmAEzuAEHyAEM2AED6AEB-AEBiAIBqAIBuAKqisLTBsACAdICJGIyYWUwNDZiLWE5YmEtNGI1Yi05MjRjLWFkYWU5NDcwN2MxM9gCAeACAQ&ucfs=1&arphpl=1&checkin=2026-08-06&checkout=2026-08-07&dest_id=-2762812&dest_type=city&group_adults=2&req_adults=2&no_rooms=1&group_children=0&req_children=0&hpos=21&hapos=165&sr_order=popularity&srpvid=ed21559515340104&srepoch=1785759039&all_sr_blocks=1336985802_419148498_2_2_0&highlighted_blocks=1336985802_419148498_2_2_0&matching_block_id=1336985802_419148498_2_2_0&sr_pri_blocks=1336985802_419148498_2_2_0__413600&from=searchresults,4136,9.2,120.0,Islamabad,27.7,Deluxe Room,1 extra-large double bed,0,1,1,https://cf.bstatic.com/xdata/images/hotel/square240/792837468.webp?k=7033f930ff7e50d78637c1687a7437126b43dd7fd241cf4a8254251e409adc4c&o=,13,Islamabad
Premium stay,https://www.booking.com/hotel/pk/premium-stay.en-gb.html?aid=304142&label=gen173nr-10CAQoggJCDWNpdHlfLTI3NjI4MTJICVgEaLUBiAEBmAEzuAEHyAEM2AED6AEB-AEBiAIBqAIBuAKqisLTBsACAdICJGIyYWUwNDZiLWE5YmEtNGI1Yi05MjRjLWFkYWU5NDcwN2MxM9gCAeACAQ&ucfs=1&arphpl=1&checkin=2026-08-06&checkout=2026-08-07&dest_id=-2762812&dest_type=city&group_adults=2&req_adults=2&no_rooms=1&group_children=0&req_children=0&hpos=22&hapos=166&sr_order=popularity&srpvid=ed21559515340104&srepoch=1785759039&all_sr_blocks=1586892501_429808765_2_0_0&highlighted_blocks=1586892501_429808765_2_0_0&matching_block_id=1586892501_429808765_2_0_0&sr_pri_blocks=1586892501_429808765_2_0_0__637500&from=searchresults,6375,6.5,2.0,Islamabad,26.1,One-Bedroom Apartment,"2 beds (1 sofa bed, 1 large double)",0,1,1,https://cf.bstatic.com/xdata/images/hotel/square240/827289554.webp?k=c2bda2d0a7a3b82cb60c77b839b050a21301d46f5313957351d0644bf0f531f9&o=,4,Islamabad
Sp homes islamabad,https://www.booking.com/hotel/pk/sp-homes-islamabad-islamabad.en-gb.html?aid=304142&label=gen173nr-10CAQoggJCDWNpdHlfLTI3NjI4MTJICVgEaLUBiAEBmAEzuAEHyAEM2AED6AEB-AEBiAIBqAIBuAKqisLTBsACAdICJGIyYWUwNDZiLWE5YmEtNGI1Yi05MjRjLWFkYWU5NDcwN2MxM9gCAeACAQ&ucfs=1&arphpl=1&checkin=2026-08-06&checkout=2026-08-07&dest_id=-2762812&dest_type=city&group_adults=2&req_adults=2&no_rooms=1&group_children=0&req_children=0&hpos=23&hapos=167&sr_order=popularity&srpvid=ed21559515340104&srepoch=1785759039&all_sr_blocks=1662428608_438115575_3_2_0&highlighted_blocks=1662428608_438115575_3_2_0&matching_block_id=1662428608_438115575_3_2_0&sr_pri_blocks=1662428608_438115575_3_2_0__450000&from=searchresults,4500,,,Islamabad,24.3,Standard Double Room with Shared Bathroom,1 extra-large double bed,0,1,1,https://cf.bstatic.com/xdata/images/hotel/square240/880899760.webp?k=e026a0710ff029d74e7df8716e02caf5345ec1a306048667ba59c00a9aa272b0&o=,12,Islamabad
one click guest House,https://www.booking.com/hotel/pk/one-click-guest-house-islamabad.en-gb.html?aid=304142&label=gen173nr-10CAQoggJCDWNpdHlfLTI3NjI4MTJICVgEaLUBiAEBmAEzuAEHyAEM2AED6AEB-AEBiAIBqAIBuAKqisLTBsACAdICJGIyYWUwNDZiLWE5YmEtNGI1Yi05MjRjLWFkYWU5NDcwN2MxM9gCAeACAQ&ucfs=1&arphpl=1&checkin=2026-08-06&checkout=2026-08-07&dest_id=-2762812&dest_type=city&group_adults=2&req_adults=2&no_rooms=1&group_children=0&req_children=0&hpos=24&hapos=168&sr_order=popularity&srpvid=ed21559515340104&srepoch=1785759039&all_sr_blocks=1624280401_433165915_10_1_0&highlighted_blocks=1624280401_433165915_10_1_0&matching_block_id=1624280401_433165915_10_1_0&sr_pri_blocks=1624280401_433165915_10_1_0__450000&from=searchresults,4500,,,Islamabad,15.0,Double Room,"5 beds (1 double, 4 extra-large doubles)",1,1,1,https://cf.bstatic.com/xdata/images/hotel/square240/858093450.webp?k=b001e7da9ee4f0499f2ecfe9ed23d816f48548aff15ac39086e277db773e914f&o=,4,Islamabad
"Luxury, Modern & Central Apartment Islamabad, with Gym, Near Motorway & Airport",https://www.booking.com/hotel/pk/tropicana-homes.en-gb.html?aid=304142&label=gen173nr-10CAQoggJCDWNpdHlfLTI3NjI4MTJICVgEaLUBiAEBmAEzuAEHyAEM2AED6AEB-AEBiAIBqAIBuAKqisLTBsACAdICJGIyYWUwNDZiLWE5YmEtNGI1Yi05MjRjLWFkYWU5NDcwN2MxM9gCAeACAQ&ucfs=1&arphpl=1&checkin=2026-08-06&checkout=2026-08-07&dest_id=-2762812&dest_type=city&group_adults=2&req_adults=2&no_rooms=1&group_children=0&req_children=0&hpos=1&hapos=169&sr_order=popularity&srpvid=ed21559515340104&srepoch=1785759041&all_sr_blocks=1516267001_423357822_3_0_0&highlighted_blocks=1516267001_423357822_3_0_0&matching_block_id=1516267001_423357822_3_0_0&sr_pri_blocks=1516267001_423357822_3_0_0__750000&from=searchresults,7500,9.6,5.0,Islamabad,26.2,One-Bedroom Apartment with Balcony and City View,"3 beds (1 extra-large double, 2 sofa beds)",0,1,1,https://cf.bstatic.com/xdata/images/hotel/square240/768241522.webp?k=74de280ecf324740d848db2aa2040901b0ff401d814d63fb71cc6ca06bb1c30a&o=,4,Islamabad
Hotel Noor Sky,https://www.booking.com/hotel/pk/noor-sky.en-gb.html?aid=304142&label=gen173nr-10CAQoggJCDWNpdHlfLTI3NjI4MTJICVgEaLUBiAEBmAEzuAEHyAEM2AED6AEB-AEBiAIBqAIBuAKqisLTBsACAdICJGIyYWUwNDZiLWE5YmEtNGI1Yi05MjRjLWFkYWU5NDcwN2MxM9gCAeACAQ&ucfs=1&arphpl=1&checkin=2026-08-06&checkout=2026-08-07&dest_id=-2762812&dest_type=city&group_adults=2&req_adults=2&no_rooms=1&group_children=0&req_children=0&hpos=2&hapos=170&sr_order=popularity&srpvid=ed21559515340104&srepoch=1785759041&all_sr_blocks=1557470801_426862653_3_0_0&highlighted_blocks=1557470801_426862653_3_0_0&matching_block_id=1557470801_426862653_3_0_0&sr_pri_blocks=1557470801_426862653_3_0_0__491625&from=searchresults,4916,6.1,24.0,Islamabad,13.9,Double Room with Private Bathroom,1 large double bed,0,0,0,https://cf.bstatic.com/xdata/images/hotel/square240/819836417.webp?k=fcc34830a7cfdd0532c3c290f39a344b9cf31039f21c896376e26f0bd129e06a&o=,3,Islamabad
Star Light Guest House,https://www.booking.com/hotel/pk/star-light.en-gb.html?aid=304142&label=gen173nr-10CAQoggJCDWNpdHlfLTI3NjI4MTJICVgEaLUBiAEBmAEzuAEHyAEM2AED6AEB-AEBiAIBqAIBuAKqisLTBsACAdICJGIyYWUwNDZiLWE5YmEtNGI1Yi05MjRjLWFkYWU5NDcwN2MxM9gCAeACAQ&ucfs=1&arphpl=1&checkin=2026-08-06&checkout=2026-08-07&dest_id=-2762812&dest_type=city&group_adults=2&req_adults=2&no_rooms=1&group_children=0&req_children=0&hpos=3&hapos=171&sr_order=popularity&srpvid=ed21559515340104&srepoch=1785759041&all_sr_blocks=758369206_431858376_2_34_0&highlighted_blocks=758369206_431858376_2_34_0&matching_block_id=758369206_431858376_2_34_0&sr_pri_blocks=758369206_431858376_2_34_0__351500&from=searchresults,3515,7.5,16.0,"G-9 Sector, Islamabad",6.5,Deluxe Double Room,1 extra-large double bed,0,1,0,https://cf.bstatic.com/xdata/images/hotel/square240/842091518.webp?k=9a5d1954f8af241e3a93851d90ae9bb5b6f240643a202b784f43d54e6ae593b1&o=,9,Islamabad
Fusion Lodge,https://www.booking.com/hotel/pk/fusion-lodge-islamabad.en-gb.html?aid=304142&label=gen173nr-10CAQoggJCDWNpdHlfLTI3NjI4MTJICVgEaLUBiAEBmAEzuAEHyAEM2AED6AEB-AEBiAIBqAIBuAKqisLTBsACAdICJGIyYWUwNDZiLWE5YmEtNGI1Yi05MjRjLWFkYWU5NDcwN2MxM9gCAeACAQ&ucfs=1&arphpl=1&checkin=2026-08-06&checkout=2026-08-07&dest_id=-2762812&dest_type=city&group_adults=2&req_adults=2&no_rooms=1&group_children=0&req_children=0&hpos=4&hapos=172&sr_order=popularity&srpvid=ed21559515340104&srepoch=1785759041&all_sr_blocks=1141808001_409623581_3_41_0&highlighted_blocks=1141808001_409623581_3_41_0&matching_block_id=1141808001_409623581_3_41_0&sr_pri_blocks=1141808001_409623581_3_41_0__897750&from=searchresults,8978,8.1,87.0,"F-7 Sector, Islamabad",3.9,Deluxe Triple Room,"2 beds (1 single, 1 double)",1,1,1,https://cf.bstatic.com/xdata/images/hotel/square240/880898733.webp?k=1e5f6162872e2fbb5c960b36d45f371c16421a14b261ac2de9b5f362e9511b3b&o=,13,Islamabad
Arizona 2,https://www.booking.com/hotel/pk/arizona-2.en-gb.html?aid=304142&label=gen173nr-10CAQoggJCDWNpdHlfLTI3NjI4MTJICVgEaLUBiAEBmAEzuAEHyAEM2AED6AEB-AEBiAIBqAIBuAKqisLTBsACAdICJGIyYWUwNDZiLWE5YmEtNGI1Yi05MjRjLWFkYWU5NDcwN2MxM9gCAeACAQ&ucfs=1&arphpl=1&checkin=2026-08-06&checkout=2026-08-07&dest_id=-2762812&dest_type=city&group_adults=2&req_adults=2&no_rooms=1&group_children=0&req_children=0&hpos=5&hapos=173&sr_order=popularity&srpvid=ed21559515340104&srepoch=1785759041&all_sr_blocks=1612304104_432137703_3_42_0&highlighted_blocks=1612304104_432137703_3_42_0&matching_block_id=1612304104_432137703_3_42_0&sr_pri_blocks=1612304104_432137703_3_42_0__800000&from=searchresults,8000,9.1,16.0,"F-8 Sector, Islamabad",6.1,Deluxe Double or Twin Room,"2 beds (1 extra-large double, 1 futon)",0,1,1,https://cf.bstatic.com/xdata/images/hotel/square240/848499991.webp?k=9d1f5ad1d1cfbad864a718b1036cfd041190fb212e47c9c1df65d26811c3c429&o=,14,Islamabad
Pyramid International Guest House,https://www.booking.com/hotel/pk/new-pyramid-guest-house.en-gb.html?aid=304142&label=gen173nr-10CAQoggJCDWNpdHlfLTI3NjI4MTJICVgEaLUBiAEBmAEzuAEHyAEM2AED6AEB-AEBiAIBqAIBuAKqisLTBsACAdICJGIyYWUwNDZiLWE5YmEtNGI1Yi05MjRjLWFkYWU5NDcwN2MxM9gCAeACAQ&ucfs=1&arphpl=1&checkin=2026-08-06&checkout=2026-08-07&dest_id=-2762812&dest_type=city&group_adults=2&req_adults=2&no_rooms=1&group_children=0&req_children=0&hpos=6&hapos=174&sr_order=popularity&srpvid=ed21559515340104&srepoch=1785759041&all_sr_blocks=234677704_206364407_2_42_0&highlighted_blocks=234677704_206364407_2_42_0&matching_block_id=234677704_206364407_2_42_0&sr_pri_blocks=234677704_206364407_2_42_0__650000&from=searchresults,6500,4.7,27.0,"F-6 Sector, Islamabad",1.8,Budget Double Room,Multiple bed types,0,1,1,https://cf.bstatic.com/xdata/images/hotel/square240/156760296.webp?k=9265f189f74df9db039497212b8427ed219917cecea8fa0540ca10a94a5fcf3f&o=,4,Islamabad
The Aristocrat Residency,https://www.booking.com/hotel/pk/the-aristocrat-residency.en-gb.html?aid=304142&label=gen173nr-10CAQoggJCDWNpdHlfLTI3NjI4MTJICVgEaLUBiAEBmAEzuAEHyAEM2AED6AEB-AEBiAIBqAIBuAKqisLTBsACAdICJGIyYWUwNDZiLWE5YmEtNGI1Yi05MjRjLWFkYWU5NDcwN2MxM9gCAeACAQ&ucfs=1&arphpl=1&checkin=2026-08-06&checkout=2026-08-07&dest_id=-2762812&dest_type=city&group_adults=2&req_adults=2&no_rooms=1&group_children=0&req_children=0&hpos=7&hapos=175&sr_order=popularity&srpvid=ed21559515340104&srepoch=1785759041&all_sr_blocks=1593847301_430424262_4_2_0&highlighted_blocks=1593847301_430424262_4_2_0&matching_block_id=1593847301_430424262_4_2_0&sr_pri_blocks=1593847301_430424262_4_2_0__800000&from=searchresults,8000,9.4,16.0,"Blue Area, Islamabad",4.2,Double Room,"3 beds (1 extra-large double, 2 futons)",0,1,1,https://cf.bstatic.com/xdata/images/hotel/square240/832410348.webp?k=2b198933de6659979ae69783f86251df53e3459529ee896fd5ccb398cbfdb43c&o=,14,Islamabad
Islamabad Guesthouse 1128,https://www.booking.com/hotel/pk/islamabad-guest-house-islamabad-capital.en-gb.html?aid=304142&label=gen173nr-10CAQoggJCDWNpdHlfLTI3NjI4MTJICVgEaLUBiAEBmAEzuAEHyAEM2AED6AEB-AEBiAIBqAIBuAKqisLTBsACAdICJGIyYWUwNDZiLWE5YmEtNGI1Yi05MjRjLWFkYWU5NDcwN2MxM9gCAeACAQ&ucfs=1&arphpl=1&checkin=2026-08-06&checkout=2026-08-07&dest_id=-2762812&dest_type=city&group_adults=2&req_adults=2&no_rooms=1&group_children=0&req_children=0&hpos=8&hapos=176&sr_order=popularity&srpvid=ed21559515340104&srepoch=1785759041&all_sr_blocks=892592702_388724847_2_42_0&highlighted_blocks=892592702_388724847_2_42_0&matching_block_id=892592702_388724847_2_42_0&sr_pri_blocks=892592702_388724847_2_42_0__576000&from=searchresults,5760,8.2,57.0,"G-9 Sector, Islamabad",6.5,Deluxe Double Room (2 Adults + 1 Child),1 extra-large double bed,0,1,0,https://cf.bstatic.com/xdata/images/hotel/square240/896504115.webp?k=19730abe0b92f9d701c2163352bd170f53312d10bd606aa0f5fd59c7175e666b&o=,10,Islamabad
2 Bed Villa Swimming Pool Free Islamabad,https://www.booking.com/hotel/pk/2-bed-villa-swimming-pool-free-islamabad.en-gb.html?aid=304142&label=gen173nr-10CAQoggJCDWNpdHlfLTI3NjI4MTJICVgEaLUBiAEBmAEzuAEHyAEM2AED6AEB-AEBiAIBqAIBuAKqisLTBsACAdICJGIyYWUwNDZiLWE5YmEtNGI1Yi05MjRjLWFkYWU5NDcwN2MxM9gCAeACAQ&ucfs=1&arphpl=1&checkin=2026-08-06&checkout=2026-08-07&dest_id=-2762812&dest_type=city&group_adults=2&req_adults=2&no_rooms=1&group_children=0&req_children=0&hpos=9&hapos=177&sr_order=popularity&srpvid=ed21559515340104&srepoch=1785759041&all_sr_blocks=1659500101_437856072_14_0_0&highlighted_blocks=1659500101_437856072_14_0_0&matching_block_id=1659500101_437856072_14_0_0&sr_pri_blocks=1659500101_437856072_14_0_0__6500000&from=searchresults,65000,8.7,3.0,"F-7 Sector, Islamabad",2.7,Two-Bedroom Villa,"4 beds (3 doubles, 1 sofa bed)",0,1,1,https://cf.bstatic.com/xdata/images/hotel/square240/878436572.webp?k=5a2311af736a45480f7e4068df029e822ceab3db26c2a962bc134dd60b5fc172&o=,4,Islamabad
Oriole luxury hotel,https://www.booking.com/hotel/pk/oriole-luxury-islamabad.en-gb.html?aid=304142&label=gen173nr-10CAQoggJCDWNpdHlfLTI3NjI4MTJICVgEaLUBiAEBmAEzuAEHyAEM2AED6AEB-AEBiAIBqAIBuAKqisLTBsACAdICJGIyYWUwNDZiLWE5YmEtNGI1Yi05MjRjLWFkYWU5NDcwN2MxM9gCAeACAQ&ucfs=1&arphpl=1&checkin=2026-08-06&checkout=2026-08-07&dest_id=-2762812&dest_type=city&group_adults=2&req_adults=2&no_rooms=1&group_children=0&req_children=0&hpos=10&hapos=178&sr_order=popularity&srpvid=ed21559515340104&srepoch=1785759041&all_sr_blocks=1618766104_432705278_0_0_0&highlighted_blocks=1618766104_432705278_0_0_0&matching_block_id=1618766104_432705278_0_0_0&sr_pri_blocks=1618766104_432705278_0_0_0__308000&from=searchresults,3080,5.4,13.0,"G-9 Sector, Islamabad",6.6,Standard Double Room,1 single bed,0,1,1,https://cf.bstatic.com/xdata/images/hotel/square240/854056261.webp?k=78a24e339f16883291581c661e08e8375d654d9271a9f684e9f3e2ed2252dccd&o=,5,Islamabad
"Luxurious SkyLounge Islamabad, Near Airport & Motorway, self check-in",https://www.booking.com/hotel/pk/the-skylounge-modern-apt-near-airport-amp-motorway-with-self-checkin.en-gb.html?aid=304142&label=gen173nr-10CAQoggJCDWNpdHlfLTI3NjI4MTJICVgEaLUBiAEBmAEzuAEHyAEM2AED6AEB-AEBiAIBqAIBuAKqisLTBsACAdICJGIyYWUwNDZiLWE5YmEtNGI1Yi05MjRjLWFkYWU5NDcwN2MxM9gCAeACAQ&ucfs=1&arphpl=1&checkin=2026-08-06&checkout=2026-08-07&dest_id=-2762812&dest_type=city&group_adults=2&req_adults=2&no_rooms=1&group_children=0&req_children=0&hpos=11&hapos=179&sr_order=popularity&srpvid=ed21559515340104&srepoch=1785759041&all_sr_blocks=1575068701_428596285_3_0_0&highlighted_blocks=1575068701_428596285_3_0_0&matching_block_id=1575068701_428596285_3_0_0&sr_pri_blocks=1575068701_428596285_3_0_0__550000&from=searchresults,5500,10,4.0,Islamabad,26.3,One-Bedroom Apartment,1 extra-large double bed,0,1,1,https://cf.bstatic.com/xdata/images/hotel/square240/817400683.webp?k=9fd04ada28ccda12657d5d763b47829a1eee7d67e5b4ad35d71341d6c7aac531&o=,4,Islamabad
Arya Hotel Islamabad,https://www.booking.com/hotel/pk/arya-islamabad.en-gb.html?aid=304142&label=gen173nr-10CAQoggJCDWNpdHlfLTI3NjI4MTJICVgEaLUBiAEBmAEzuAEHyAEM2AED6AEB-AEBiAIBqAIBuAKqisLTBsACAdICJGIyYWUwNDZiLWE5YmEtNGI1Yi05MjRjLWFkYWU5NDcwN2MxM9gCAeACAQ&ucfs=1&arphpl=1&checkin=2026-08-06&checkout=2026-08-07&dest_id=-2762812&dest_type=city&group_adults=2&req_adults=2&no_rooms=1&group_children=0&req_children=0&hpos=12&hapos=180&sr_order=popularity&srpvid=ed21559515340104&srepoch=1785759041&all_sr_blocks=950122511_367659794_2_0_0&highlighted_blocks=950122511_367659794_2_0_0&matching_block_id=950122511_367659794_2_0_0&sr_pri_blocks=950122511_367659794_2_0_0__702000&from=searchresults,7020,6.5,13.0,"G-8 Sector, Islamabad",5.3,Deluxe Queen Room,1 extra-large double bed,0,1,1,https://cf.bstatic.com/xdata/images/hotel/square240/422480852.webp?k=537649c1ee5bf8a3ede5e94356f10854a0360619a791128f4eb42d953d0b439c&o=,10,Islamabad
Executive 2 Bedroom Apartment,https://www.booking.com/hotel/pk/executive-2-bedroom-apartment.en-gb.html?aid=304142&label=gen173nr-10CAQoggJCDWNpdHlfLTI3NjI4MTJICVgEaLUBiAEBmAEzuAEHyAEM2AED6AEB-AEBiAIBqAIBuAKqisLTBsACAdICJGIyYWUwNDZiLWE5YmEtNGI1Yi05MjRjLWFkYWU5NDcwN2MxM9gCAeACAQ&ucfs=1&arphpl=1&checkin=2026-08-06&checkout=2026-08-07&dest_id=-2762812&dest_type=city&group_adults=2&req_adults=2&no_rooms=1&group_children=0&req_children=0&hpos=13&hapos=181&sr_order=popularity&srpvid=ed21559515340104&srepoch=1785759041&all_sr_blocks=1550611101_426258267_2_0_0&highlighted_blocks=1550611101_426258267_2_0_0&matching_block_id=1550611101_426258267_2_0_0&sr_pri_blocks=1550611101_426258267_2_0_0__497250&from=searchresults,4973,4.3,3.0,Islamabad,23.3,Two-Bedroom Apartment with Balcony and Terrace,2 extra-large double beds,0,0,0,https://cf.bstatic.com/xdata/images/hotel/square240/796299664.webp?k=0c5054ac5a3405cf0cc71aebb020a985a5ffdb154c37e8c80ef6d1aa0e0c345a&o=,6,Islamabad
430 Metro Inn,https://www.booking.com/hotel/pk/430-metro-inn.en-gb.html?aid=304142&label=gen173nr-10CAQoggJCDWNpdHlfLTI3NjI4MTJICVgEaLUBiAEBmAEzuAEHyAEM2AED6AEB-AEBiAIBqAIBuAKqisLTBsACAdICJGIyYWUwNDZiLWE5YmEtNGI1Yi05MjRjLWFkYWU5NDcwN2MxM9gCAeACAQ&ucfs=1&arphpl=1&checkin=2026-08-06&checkout=2026-08-07&dest_id=-2762812&dest_type=city&group_adults=2&req_adults=2&no_rooms=1&group_children=0&req_children=0&hpos=14&hapos=182&sr_order=popularity&srpvid=ed21559515340104&srepoch=1785759041&all_sr_blocks=1631639602_433685412_4_0_0&highlighted_blocks=1631639602_433685412_4_0_0&matching_block_id=1631639602_433685412_4_0_0&sr_pri_blocks=1631639602_433685412_4_0_0__600000&from=searchresults,6000,8.3,18.0,Islamabad,19.4,Double or Twin Room,"3 beds (1 extra-large double, 1 sofa bed, 1 futon)",0,1,1,https://cf.bstatic.com/xdata/images/hotel/square240/873063685.webp?k=35f6b1b816d7f7e4f8c9ef9ccd12571911280c312e722cbde3e1c7ee20da0706&o=,14,Islamabad
Family Luxury House,https://www.booking.com/hotel/pk/family-luxury-house-islamabad.en-gb.html?aid=304142&label=gen173nr-10CAQoggJCDWNpdHlfLTI3NjI4MTJICVgEaLUBiAEBmAEzuAEHyAEM2AED6AEB-AEBiAIBqAIBuAKqisLTBsACAdICJGIyYWUwNDZiLWE5YmEtNGI1Yi05MjRjLWFkYWU5NDcwN2MxM9gCAeACAQ&ucfs=1&arphpl=1&checkin=2026-08-06&checkout=2026-08-07&dest_id=-2762812&dest_type=city&group_adults=2&req_adults=2&no_rooms=1&group_children=0&req_children=0&hpos=15&hapos=183&sr_order=popularity&srpvid=ed21559515340104&srepoch=1785759041&all_sr_blocks=1645870301_434609050_2_0_0&highlighted_blocks=1645870301_434609050_2_0_0&matching_block_id=1645870301_434609050_2_0_0&sr_pri_blocks=1645870301_434609050_2_0_0__675000&from=searchresults,6750,10,2.0,"E-11 Sector, Islamabad",10.7,Double Room,1 double bed,0,1,1,https://cf.bstatic.com/xdata/images/hotel/square240/870370145.webp?k=545496c6912762a06940aaca4a99ba55c5807be8666ede5fa38f89eba4a1b4f2&o=,4,Islamabad
Studio in Islamabad,https://www.booking.com/hotel/pk/apex-suites-1bhk-in-e11-islamabad.en-gb.html?aid=304142&label=gen173nr-10CAQoggJCDWNpdHlfLTI3NjI4MTJICVgEaLUBiAEBmAEzuAEHyAEM2AED6AEB-AEBiAIBqAIBuAKqisLTBsACAdICJGIyYWUwNDZiLWE5YmEtNGI1Yi05MjRjLWFkYWU5NDcwN2MxM9gCAeACAQ&ucfs=1&arphpl=1&checkin=2026-08-06&checkout=2026-08-07&dest_id=-2762812&dest_type=city&group_adults=2&req_adults=2&no_rooms=1&group_children=0&req_children=0&hpos=16&hapos=184&sr_order=popularity&srpvid=ed21559515340104&srepoch=1785759041&all_sr_blocks=1333477001_405851392_2_0_0&highlighted_blocks=1333477001_405851392_2_0_0&matching_block_id=1333477001_405851392_2_0_0&sr_pri_blocks=1333477001_405851392_2_0_0__357000&from=searchresults,3570,4.9,10.0,Islamabad,26.7,One-Bedroom Apartment,"2 beds (1 sofa bed, 1 large double)",0,0,1,https://cf.bstatic.com/xdata/images/hotel/square240/630868827.webp?k=2a6c5be51e93355afb9f48774d265f605a34232cdf6da6a9a840b08b38375d27&o=,4,Islamabad
The Urban Crest,https://www.booking.com/hotel/pk/the-urban-crest.en-gb.html?aid=304142&label=gen173nr-10CAQoggJCDWNpdHlfLTI3NjI4MTJICVgEaLUBiAEBmAEzuAEHyAEM2AED6AEB-AEBiAIBqAIBuAKqisLTBsACAdICJGIyYWUwNDZiLWE5YmEtNGI1Yi05MjRjLWFkYWU5NDcwN2MxM9gCAeACAQ&ucfs=1&arphpl=1&checkin=2026-08-06&checkout=2026-08-07&dest_id=-2762812&dest_type=city&group_adults=2&req_adults=2&no_rooms=1&group_children=0&req_children=0&hpos=17&hapos=185&sr_order=popularity&srpvid=ed21559515340104&srepoch=1785759041&all_sr_blocks=1681413501_439900594_2_0_0&highlighted_blocks=1681413501_439900594_2_0_0&matching_block_id=1681413501_439900594_2_0_0&sr_pri_blocks=1681413501_439900594_2_0_0__565250&from=searchresults,5653,,,Islamabad,30.7,One-Bedroom Apartment,1 extra-large double bed,0,1,1,https://cf.bstatic.com/xdata/images/hotel/square240/891580092.webp?k=d05fd867fdf1173fef538a95c0756f2a1d233f42348714940fa2df8588569037&o=,4,Islamabad
Decent Luxury Continental,https://www.booking.com/hotel/pk/peral-inn-continental.en-gb.html?aid=304142&label=gen173nr-10CAQoggJCDWNpdHlfLTI3NjI4MTJICVgEaLUBiAEBmAEzuAEHyAEM2AED6AEB-AEBiAIBqAIBuAKqisLTBsACAdICJGIyYWUwNDZiLWE5YmEtNGI1Yi05MjRjLWFkYWU5NDcwN2MxM9gCAeACAQ&ucfs=1&arphpl=1&checkin=2026-08-06&checkout=2026-08-07&dest_id=-2762812&dest_type=city&group_adults=2&req_adults=2&no_rooms=1&group_children=0&req_children=0&hpos=18&hapos=186&sr_order=popularity&srpvid=ed21559515340104&srepoch=1785759041&all_sr_blocks=1497701901_421468386_0_2_0&highlighted_blocks=1497701901_421468386_0_2_0&matching_block_id=1497701901_421468386_0_2_0&sr_pri_blocks=1497701901_421468386_0_2_0__571500&from=searchresults,5715,8.6,22.0,Islamabad,9.7,Deluxe Double Room,1 double bed,0,0,0,https://cf.bstatic.com/xdata/images/hotel/square240/752883673.webp?k=21b44dc362f3f1ecde478475317cc3e5203092cab0138a2dc55ce10ffc3cab6f&o=,10,Islamabad
The Alverix,https://www.booking.com/hotel/pk/the-alverix.en-gb.html?aid=304142&label=gen173nr-10CAQoggJCDWNpdHlfLTI3NjI4MTJICVgEaLUBiAEBmAEzuAEHyAEM2AED6AEB-AEBiAIBqAIBuAKqisLTBsACAdICJGIyYWUwNDZiLWE5YmEtNGI1Yi05MjRjLWFkYWU5NDcwN2MxM9gCAeACAQ&ucfs=1&arphpl=1&checkin=2026-08-06&checkout=2026-08-07&dest_id=-2762812&dest_type=city&group_adults=2&req_adults=2&no_rooms=1&group_children=0&req_children=0&hpos=19&hapos=187&sr_order=popularity&srpvid=ed21559515340104&srepoch=1785759041&all_sr_blocks=1609311003_431834997_4_0_0&highlighted_blocks=1609311003_431834997_4_0_0&matching_block_id=1609311003_431834997_4_0_0&sr_pri_blocks=1609311003_431834997_4_0_0__600000&from=searchresults,6000,8.2,8.0,Islamabad,13.9,Superior King Room,"3 beds (1 extra-large double, 2 futons)",0,1,1,https://cf.bstatic.com/xdata/images/hotel/square240/860898861.webp?k=6464644240abeb531f15ee45e5aad3f7141c29222313d404521a4e6e69e3afaf&o=,14,Islamabad
The Aristocrat Retreat,https://www.booking.com/hotel/pk/the-aristocrat-retreat.en-gb.html?aid=304142&label=gen173nr-10CAQoggJCDWNpdHlfLTI3NjI4MTJICVgEaLUBiAEBmAEzuAEHyAEM2AED6AEB-AEBiAIBqAIBuAKqisLTBsACAdICJGIyYWUwNDZiLWE5YmEtNGI1Yi05MjRjLWFkYWU5NDcwN2MxM9gCAeACAQ&ucfs=1&arphpl=1&checkin=2026-08-06&checkout=2026-08-07&dest_id=-2762812&dest_type=city&group_adults=2&req_adults=2&no_rooms=1&group_children=0&req_children=0&hpos=20&hapos=188&sr_order=popularity&srpvid=ed21559515340104&srepoch=1785759041&all_sr_blocks=1593836201_430423670_2_0_0&highlighted_blocks=1593836201_430423670_2_0_0&matching_block_id=1593836201_430423670_2_0_0&sr_pri_blocks=1593836201_430423670_2_0_0__800000&from=searchresults,8000,8.1,9.0,"Blue Area, Islamabad",4.2,Deluxe Double or Twin Room with City View,"3 beds (1 single, 1 extra-large double, 1 futon)",0,1,1,https://cf.bstatic.com/xdata/images/hotel/square240/832406154.webp?k=2dbfb9b91543aab423f6cfe7de8a00bfc492f6d80f9fbeb6f1cc7a3a7efe981d&o=,6,Islamabad
Centaurus Hotel Suites,https://www.booking.com/hotel/pk/the-centaurus-serviced-apartments.en-gb.html?aid=304142&label=gen173nr-10CAQoggJCDWNpdHlfLTI3NjI4MTJICVgEaLUBiAEBmAEzuAEHyAEM2AED6AEB-AEBiAIBqAIBuAKqisLTBsACAdICJGIyYWUwNDZiLWE5YmEtNGI1Yi05MjRjLWFkYWU5NDcwN2MxM9gCAeACAQ&ucfs=1&arphpl=1&checkin=2026-08-06&checkout=2026-08-07&dest_id=-2762812&dest_type=city&group_adults=2&req_adults=2&no_rooms=1&group_children=0&req_children=0&hpos=21&hapos=189&sr_order=popularity&srpvid=ed21559515340104&srepoch=1785759041&all_sr_blocks=335182901_380345115_2_1_0_548887&highlighted_blocks=335182901_380345115_2_1_0_548887&matching_block_id=335182901_380345115_2_1_0_548887&sr_pri_blocks=335182901_380345115_2_1_0_548887_4750000&from=searchresults,47500,7.6,640.0,"Blue Area, Islamabad",4.6,One-Bedroom Apartment,1 extra-large double bed,1,0,1,https://cf.bstatic.com/xdata/images/hotel/square240/138311481.webp?k=baa4754907d0e496150cf877f89d797e8c97d0b0088f8421e06e20ff5e2a88ef&o=,12,Islamabad
Motorway Majesty Lodges - Near Islamabad International Airport & Motorway,https://www.booking.com/hotel/pk/motorway-majesty-lodges.en-gb.html?aid=304142&label=gen173nr-10CAQoggJCDWNpdHlfLTI3NjI4MTJICVgEaLUBiAEBmAEzuAEHyAEM2AED6AEB-AEBiAIBqAIBuAKqisLTBsACAdICJGIyYWUwNDZiLWE5YmEtNGI1Yi05MjRjLWFkYWU5NDcwN2MxM9gCAeACAQ&ucfs=1&arphpl=1&checkin=2026-08-06&checkout=2026-08-07&dest_id=-2762812&dest_type=city&group_adults=2&req_adults=2&no_rooms=1&group_children=0&req_children=0&hpos=22&hapos=190&sr_order=popularity&srpvid=ed21559515340104&srepoch=1785759041&all_sr_blocks=1152765704_406802669_0_0_0&highlighted_blocks=1152765704_406802669_0_0_0&matching_block_id=1152765704_406802669_0_0_0&sr_pri_blocks=1152765704_406802669_0_0_0__584900&from=searchresults,5849,7.9,49.0,Islamabad,24.5,Standard King Room,1 large double bed,0,1,1,https://cf.bstatic.com/xdata/images/hotel/square240/597237300.webp?k=8aad996656f380e91fe51e0bd53bb8b03c0edf8a6e5e82786a67fd78d52a8eb4&o=,12,Islamabad
Villa Islamabad Central Hill View Park View,https://www.booking.com/hotel/pk/aas-hosts.en-gb.html?aid=304142&label=gen173nr-10CAQoggJCDWNpdHlfLTI3NjI4MTJICVgEaLUBiAEBmAEzuAEHyAEM2AED6AEB-AEBiAIBqAIBuAKqisLTBsACAdICJGIyYWUwNDZiLWE5YmEtNGI1Yi05MjRjLWFkYWU5NDcwN2MxM9gCAeACAQ&ucfs=1&arphpl=1&checkin=2026-08-06&checkout=2026-08-07&dest_id=-2762812&dest_type=city&group_adults=2&req_adults=2&no_rooms=1&group_children=0&req_children=0&hpos=23&hapos=191&sr_order=popularity&srpvid=ed21559515340104&srepoch=1785759041&all_sr_blocks=1160557001_390212311_10_1_0&highlighted_blocks=1160557001_390212311_10_1_0&matching_block_id=1160557001_390212311_10_1_0&sr_pri_blocks=1160557001_390212311_10_1_0__2835000&from=searchresults,28350,9.3,33.0,Islamabad,15.9,Deluxe Villa,"9 beds (1 extra-large double, 5 sofa beds, 3 large doubles)",1,0,0,https://cf.bstatic.com/xdata/images/hotel/square240/537810372.webp?k=51910a0413089754b7fac2f793088087c5006b5b58469fbde2afd134c9d3d453&o=,13,Islamabad
Riviera Courtyard Guest House Islamabad,https://www.booking.com/hotel/pk/riviera-courtyard-islamabad1.en-gb.html?aid=304142&label=gen173nr-10CAQoggJCDWNpdHlfLTI3NjI4MTJICVgEaLUBiAEBmAEzuAEHyAEM2AED6AEB-AEBiAIBqAIBuAKqisLTBsACAdICJGIyYWUwNDZiLWE5YmEtNGI1Yi05MjRjLWFkYWU5NDcwN2MxM9gCAeACAQ&ucfs=1&arphpl=1&checkin=2026-08-06&checkout=2026-08-07&dest_id=-2762812&dest_type=city&group_adults=2&req_adults=2&no_rooms=1&group_children=0&req_children=0&hpos=24&hapos=192&sr_order=popularity&srpvid=ed21559515340104&srepoch=1785759041&all_sr_blocks=962805301_368897632_3_1_0_404400&highlighted_blocks=962805301_368897632_3_1_0_404400&matching_block_id=962805301_368897632_3_1_0_404400&sr_pri_blocks=962805301_368897632_3_1_0_404400_1200000&from=searchresults,12000,9.2,276.0,"F-8 Sector, Islamabad",5.5,Double Room with Extra Bed,Double Room with Extra Bed,1,1,1,https://cf.bstatic.com/xdata/images/hotel/square240/467177651.webp?k=6714877670c88f4f19c7a4e800f641aa7310905ce7794a564bf65967b083801b&o=,13,Islamabad
White Star Guest House,https://www.booking.com/hotel/pk/white-star-guest-house.en-gb.html?aid=304142&label=gen173nr-10CAQoggJCDWNpdHlfLTI3NjI4MTJICVgEaLUBiAEBmAEzuAEHyAEM2AED6AEB-AEBiAIBqAIBuAKqisLTBsACAdICJGIyYWUwNDZiLWE5YmEtNGI1Yi05MjRjLWFkYWU5NDcwN2MxM9gCAeACAQ&ucfs=1&arphpl=1&checkin=2026-08-06&checkout=2026-08-07&dest_id=-2762812&dest_type=city&group_adults=2&req_adults=2&no_rooms=1&group_children=0&req_children=0&hpos=1&hapos=193&sr_order=popularity&srpvid=ed21559515340104&srepoch=1785759044&all_sr_blocks=1635197402_433935770_2_0_0&highlighted_blocks=1635197402_433935770_2_0_0&matching_block_id=1635197402_433935770_2_0_0&sr_pri_blocks=1635197402_433935770_2_0_0__380000&from=searchresults,3800,10,1.0,"G-9 Sector, Islamabad",6.9,Double Room,1 double bed,0,1,1,https://cf.bstatic.com/xdata/images/hotel/square240/864145304.webp?k=fdbc5a39062fe962d40d9f44ffdcb864f79a88bf623b5b30d96d27ea8ef271c5&o=,4,Islamabad
Two Bed Appartment,https://www.booking.com/hotel/pk/two-bed-appartment.en-gb.html?aid=304142&label=gen173nr-10CAQoggJCDWNpdHlfLTI3NjI4MTJICVgEaLUBiAEBmAEzuAEHyAEM2AED6AEB-AEBiAIBqAIBuAKqisLTBsACAdICJGIyYWUwNDZiLWE5YmEtNGI1Yi05MjRjLWFkYWU5NDcwN2MxM9gCAeACAQ&ucfs=1&arphpl=1&checkin=2026-08-06&checkout=2026-08-07&dest_id=-2762812&dest_type=city&group_adults=2&req_adults=2&no_rooms=1&group_children=0&req_children=0&hpos=2&hapos=194&sr_order=popularity&srpvid=ed21559515340104&srepoch=1785759044&all_sr_blocks=1601070202_431064311_2_0_0&highlighted_blocks=1601070202_431064311_2_0_0&matching_block_id=1601070202_431064311_2_0_0&sr_pri_blocks=1601070202_431064311_2_0_0__450000&from=searchresults,4500,9.0,4.0,Islamabad,24.6,One-Bedroom Apartment,1 double bed,0,1,1,https://cf.bstatic.com/xdata/images/hotel/square240/838577903.webp?k=f2b5a16edfdb920b2e26e8e7b4138e323b656523c78bf9fb644eba46df7093b1&o=,4,Islamabad
Ziarkash Guest House,https://www.booking.com/hotel/pk/ziarkash-guest-house-islamabad1.en-gb.html?aid=304142&label=gen173nr-10CAQoggJCDWNpdHlfLTI3NjI4MTJICVgEaLUBiAEBmAEzuAEHyAEM2AED6AEB-AEBiAIBqAIBuAKqisLTBsACAdICJGIyYWUwNDZiLWE5YmEtNGI1Yi05MjRjLWFkYWU5NDcwN2MxM9gCAeACAQ&ucfs=1&arphpl=1&checkin=2026-08-06&checkout=2026-08-07&dest_id=-2762812&dest_type=city&group_adults=2&req_adults=2&no_rooms=1&group_children=0&req_children=0&hpos=3&hapos=195&sr_order=popularity&srpvid=ed21559515340104&srepoch=1785759044&all_sr_blocks=1586912610_437368170_2_0_0&highlighted_blocks=1586912610_437368170_2_0_0&matching_block_id=1586912610_437368170_2_0_0&sr_pri_blocks=1586912610_437368170_2_0_0__348600&from=searchresults,3486,8.9,19.0,Islamabad,15.6,Budget Twin Room,2 single beds,0,0,1,https://cf.bstatic.com/xdata/images/hotel/square240/833003032.webp?k=e3e7191fa6be9f05362478c07b54225f57b0e01e310bc7ec38d5899c278951e1&o=,12,Islamabad
Shelton Hotel Blue Area,https://www.booking.com/hotel/pk/shelton-blue-area-islamabad.en-gb.html?aid=304142&label=gen173nr-10CAQoggJCDWNpdHlfLTI3NjI4MTJICVgEaLUBiAEBmAEzuAEHyAEM2AED6AEB-AEBiAIBqAIBuAKqisLTBsACAdICJGIyYWUwNDZiLWE5YmEtNGI1Yi05MjRjLWFkYWU5NDcwN2MxM9gCAeACAQ&ucfs=1&arphpl=1&checkin=2026-08-06&checkout=2026-08-07&dest_id=-2762812&dest_type=city&group_adults=2&req_adults=2&no_rooms=1&group_children=0&req_children=0&hpos=4&hapos=196&sr_order=popularity&srpvid=ed21559515340104&srepoch=1785759044&all_sr_blocks=1575167003_428660118_2_1_0&highlighted_blocks=1575167003_428660118_2_1_0&matching_block_id=1575167003_428660118_2_1_0&sr_pri_blocks=1575167003_428660118_2_1_0__1890000&from=searchresults,18900,8.6,46.0,"Blue Area, Islamabad",3.7,Family Room,2 double beds,1,1,1,https://cf.bstatic.com/xdata/images/hotel/square240/818341967.webp?k=d0152c6561ea749a67780cb6b15fc801c3a1ae15786e41ecf2ffdf408a0edd15&o=,12,Islamabad
Dream Lodge House,https://www.booking.com/hotel/pk/dream-lodge-house.en-gb.html?aid=304142&label=gen173nr-10CAQoggJCDWNpdHlfLTI3NjI4MTJICVgEaLUBiAEBmAEzuAEHyAEM2AED6AEB-AEBiAIBqAIBuAKqisLTBsACAdICJGIyYWUwNDZiLWE5YmEtNGI1Yi05MjRjLWFkYWU5NDcwN2MxM9gCAeACAQ&ucfs=1&arphpl=1&checkin=2026-08-06&checkout=2026-08-07&dest_id=-2762812&dest_type=city&group_adults=2&req_adults=2&no_rooms=1&group_children=0&req_children=0&hpos=5&hapos=197&sr_order=popularity&srpvid=ed21559515340104&srepoch=1785759044&all_sr_blocks=1458541201_417177030_3_2_0&highlighted_blocks=1458541201_417177030_3_2_0&matching_block_id=1458541201_417177030_3_2_0&sr_pri_blocks=1458541201_417177030_3_2_0__637500&from=searchresults,6375,8.4,6.0,"E-11 Sector, Islamabad",11.8,Deluxe Double Room,1 double bed,0,1,1,https://cf.bstatic.com/xdata/images/hotel/square240/715325566.webp?k=2a4857db9c9ed226ab7328bcb41a5c0d9c392e38087d2d00fca5b356104c9879&o=,5,Islamabad
Executive Grand Royal,https://www.booking.com/hotel/pk/executive-grand-royal.en-gb.html?aid=304142&label=gen173nr-10CAQoggJCDWNpdHlfLTI3NjI4MTJICVgEaLUBiAEBmAEzuAEHyAEM2AED6AEB-AEBiAIBqAIBuAKqisLTBsACAdICJGIyYWUwNDZiLWE5YmEtNGI1Yi05MjRjLWFkYWU5NDcwN2MxM9gCAeACAQ&ucfs=1&arphpl=1&checkin=2026-08-06&checkout=2026-08-07&dest_id=-2762812&dest_type=city&group_adults=2&req_adults=2&no_rooms=1&group_children=0&req_children=0&hpos=6&hapos=198&sr_order=popularity&srpvid=ed21559515340104&srepoch=1785759044&all_sr_blocks=1342919101_0_2_1_0&highlighted_blocks=1342919101_0_2_1_0&matching_block_id=1342919101_0_2_1_0&sr_pri_blocks=1342919101_0_2_1_0__707760&from=searchresults,7078,7.3,4.0,"F-8 Sector, Islamabad",4.7,Deluxe Double Room,1 double bed,1,0,0,https://cf.bstatic.com/xdata/images/hotel/square240/877420825.webp?k=24425d3665c8bce2ac5ab32d1db3eddbca2111aa3fa2b90d57670571978d6b20&o=,10,Islamabad
1 Bed Room Apartment Top City Near Islamabad Airport,https://www.booking.com/hotel/pk/1-bed-room-apartment-top-city-near-islamabad-airport.en-gb.html?aid=304142&label=gen173nr-10CAQoggJCDWNpdHlfLTI3NjI4MTJICVgEaLUBiAEBmAEzuAEHyAEM2AED6AEB-AEBiAIBqAIBuAKqisLTBsACAdICJGIyYWUwNDZiLWE5YmEtNGI1Yi05MjRjLWFkYWU5NDcwN2MxM9gCAeACAQ&ucfs=1&arphpl=1&checkin=2026-08-06&checkout=2026-08-07&dest_id=-2762812&dest_type=city&group_adults=2&req_adults=2&no_rooms=1&group_children=0&req_children=0&hpos=7&hapos=199&sr_order=popularity&srpvid=ed21559515340104&srepoch=1785759044&all_sr_blocks=1672602801_439027355_2_2_0&highlighted_blocks=1672602801_439027355_2_2_0&matching_block_id=1672602801_439027355_2_2_0&sr_pri_blocks=1672602801_439027355_2_2_0__702360&from=searchresults,7024,8.5,4.0,Islamabad,26.8,One-Bedroom Apartment,"2 beds (1 double, 1 extra-large double)",0,0,0,https://cf.bstatic.com/xdata/images/hotel/square240/889139242.webp?k=a56b396078517e595476d9e80c75326e5fec73122dbfb2654bbd30a001a4c6eb&o=,10,Islamabad
THE BLACK ROCK 2BR APARTMENTS IN E-11 Islamabad,https://www.booking.com/hotel/pk/2-bedroom-apartment-islamabad12.en-gb.html?aid=304142&label=gen173nr-10CAQoggJCDWNpdHlfLTI3NjI4MTJICVgEaLUBiAEBmAEzuAEHyAEM2AED6AEB-AEBiAIBqAIBuAKqisLTBsACAdICJGIyYWUwNDZiLWE5YmEtNGI1Yi05MjRjLWFkYWU5NDcwN2MxM9gCAeACAQ&ucfs=1&arphpl=1&checkin=2026-08-06&checkout=2026-08-07&dest_id=-2762812&dest_type=city&group_adults=2&req_adults=2&no_rooms=1&group_children=0&req_children=0&hpos=8&hapos=200&sr_order=popularity&srpvid=ed21559515340104&srepoch=1785759044&all_sr_blocks=1612213601_432127954_5_0_0&highlighted_blocks=1612213601_432127954_5_0_0&matching_block_id=1612213601_432127954_5_0_0&sr_pri_blocks=1612213601_432127954_5_0_0__960000&from=searchresults,9600,6.7,16.0,"Blue Area, Islamabad",2.0,Two-Bedroom Apartment,2 extra-large double beds,0,1,1,https://cf.bstatic.com/xdata/images/hotel/square240/847846381.webp?k=cbc832c70f8cee520078e9989b0c7b7dfa75598bd4f3bb3f4434dd6ce515abdb&o=,5,Islamabad
Moon Light Guest House Islamabad,https://www.booking.com/hotel/pk/moon-light-guest-house-islamabad.en-gb.html?aid=304142&label=gen173nr-10CAQoggJCDWNpdHlfLTI3NjI4MTJICVgEaLUBiAEBmAEzuAEHyAEM2AED6AEB-AEBiAIBqAIBuAKqisLTBsACAdICJGIyYWUwNDZiLWE5YmEtNGI1Yi05MjRjLWFkYWU5NDcwN2MxM9gCAeACAQ&ucfs=1&arphpl=1&checkin=2026-08-06&checkout=2026-08-07&dest_id=-2762812&dest_type=city&group_adults=2&req_adults=2&no_rooms=1&group_children=0&req_children=0&hpos=9&hapos=201&sr_order=popularity&srpvid=ed21559515340104&srepoch=1785759044&all_sr_blocks=1472116618_433813734_2_0_0&highlighted_blocks=1472116618_433813734_2_0_0&matching_block_id=1472116618_433813734_2_0_0&sr_pri_blocks=1472116618_433813734_2_0_0__179900&from=searchresults,1799,4.6,27.0,Islamabad,14.4,Standard Family Room,2 single beds,0,1,1,https://cf.bstatic.com/xdata/images/hotel/square240/802054068.webp?k=c62fd102a73d7ecba2f326ec3a9824184f51007da046a23c3d247c56b959525d&o=,4,Islamabad
Elysium Tower Apartments Opposite Centaurus Islamabad,https://www.booking.com/hotel/pk/dwt-apartments.en-gb.html?aid=304142&label=gen173nr-10CAQoggJCDWNpdHlfLTI3NjI4MTJICVgEaLUBiAEBmAEzuAEHyAEM2AED6AEB-AEBiAIBqAIBuAKqisLTBsACAdICJGIyYWUwNDZiLWE5YmEtNGI1Yi05MjRjLWFkYWU5NDcwN2MxM9gCAeACAQ&ucfs=1&arphpl=1&checkin=2026-08-06&checkout=2026-08-07&dest_id=-2762812&dest_type=city&group_adults=2&req_adults=2&no_rooms=1&group_children=0&req_children=0&hpos=10&hapos=202&sr_order=popularity&srpvid=ed21559515340104&srepoch=1785759044&all_sr_blocks=1559132104_427018723_3_0_0&highlighted_blocks=1559132104_427018723_3_0_0&matching_block_id=1559132104_427018723_3_0_0&sr_pri_blocks=1559132104_427018723_3_0_0__2095875&from=searchresults,20959,9.0,4.0,"Blue Area, Islamabad",4.6,Studio Apartment,"2 beds (1 double, 1 sofa bed)",0,0,0,https://cf.bstatic.com/xdata/images/hotel/square240/856379765.webp?k=84fc8fee90bceb06d01b7b0d818cec2b39d30b29c18b2f07ac53c69a85d10d4f&o=,13,Islamabad
THREE TREE Signature Hotel - G7 Markaz Islamabad,https://www.booking.com/hotel/pk/three-trees.en-gb.html?aid=304142&label=gen173nr-10CAQoggJCDWNpdHlfLTI3NjI4MTJICVgEaLUBiAEBmAEzuAEHyAEM2AED6AEB-AEBiAIBqAIBuAKqisLTBsACAdICJGIyYWUwNDZiLWE5YmEtNGI1Yi05MjRjLWFkYWU5NDcwN2MxM9gCAeACAQ&ucfs=1&arphpl=1&checkin=2026-08-06&checkout=2026-08-07&dest_id=-2762812&dest_type=city&group_adults=2&req_adults=2&no_rooms=1&group_children=0&req_children=0&hpos=11&hapos=203&sr_order=popularity&srpvid=ed21559515340104&srepoch=1785759044&all_sr_blocks=1167185705_389328698_2_10_0&highlighted_blocks=1167185705_389328698_2_10_0&matching_block_id=1167185705_389328698_2_10_0&sr_pri_blocks=1167185705_389328698_2_10_0__1512000&from=searchresults,15120,7.9,279.0,"G-7 Sector, Islamabad",3.3,Standard Twin Room,2 single beds,0,0,0,https://cf.bstatic.com/xdata/images/hotel/square240/635181541.webp?k=b98b94a3d6a0cff704ec1151be321ee04e8e463804765ff15f5c474b37811a2c&o=,10,Islamabad
City Elite Hotel,https://www.booking.com/hotel/pk/city-elite.en-gb.html?aid=304142&label=gen173nr-10CAQoggJCDWNpdHlfLTI3NjI4MTJICVgEaLUBiAEBmAEzuAEHyAEM2AED6AEB-AEBiAIBqAIBuAKqisLTBsACAdICJGIyYWUwNDZiLWE5YmEtNGI1Yi05MjRjLWFkYWU5NDcwN2MxM9gCAeACAQ&ucfs=1&arphpl=1&checkin=2026-08-06&checkout=2026-08-07&dest_id=-2762812&dest_type=city&group_adults=2&req_adults=2&no_rooms=1&group_children=0&req_children=0&hpos=12&hapos=204&sr_order=popularity&srpvid=ed21559515340104&srepoch=1785759044&all_sr_blocks=1609291703_431833804_0_0_0&highlighted_blocks=1609291703_431833804_0_0_0&matching_block_id=1609291703_431833804_0_0_0&sr_pri_blocks=1609291703_431833804_0_0_0__509915&from=searchresults,5099,7.7,10.0,"E-11 Sector, Islamabad",11.5,Deluxe Double Room,1 large double bed,0,1,1,https://cf.bstatic.com/xdata/images/hotel/square240/848758736.webp?k=0539c703c17feea5a60495c566514acdf26d9a8d6e866fffc07fef635c035133&o=,5,Islamabad
Omega Hights Islamabad,https://www.booking.com/hotel/pk/omega-hights-islamabad-islamabad.en-gb.html?aid=304142&label=gen173nr-10CAQoggJCDWNpdHlfLTI3NjI4MTJICVgEaLUBiAEBmAEzuAEHyAEM2AED6AEB-AEBiAIBqAIBuAKqisLTBsACAdICJGIyYWUwNDZiLWE5YmEtNGI1Yi05MjRjLWFkYWU5NDcwN2MxM9gCAeACAQ&ucfs=1&arphpl=1&checkin=2026-08-06&checkout=2026-08-07&dest_id=-2762812&dest_type=city&group_adults=2&req_adults=2&no_rooms=1&group_children=0&req_children=0&hpos=13&hapos=205&sr_order=popularity&srpvid=ed21559515340104&srepoch=1785759044&all_sr_blocks=1619182901_432748064_5_0_0&highlighted_blocks=1619182901_432748064_5_0_0&matching_block_id=1619182901_432748064_5_0_0&sr_pri_blocks=1619182901_432748064_5_0_0__970000&from=searchresults,9700,8.2,6.0,"E-11 Sector, Islamabad",11.8,Two-Bedroom Apartment,"4 beds (2 doubles, 2 sofa beds)",0,1,1,https://cf.bstatic.com/xdata/images/hotel/square240/854513385.webp?k=67bba688c7858da038ea00da45a63ea233748b994d62f347932a3d125364220b&o=,4,Islamabad
Junaid Khan 2bhk luxury apartment comfort style Islamabad,https://www.booking.com/hotel/pk/junaid-khan-2bhk-luxury-apartment-comfort-style-islamabad.en-gb.html?aid=304142&label=gen173nr-10CAQoggJCDWNpdHlfLTI3NjI4MTJICVgEaLUBiAEBmAEzuAEHyAEM2AED6AEB-AEBiAIBqAIBuAKqisLTBsACAdICJGIyYWUwNDZiLWE5YmEtNGI1Yi05MjRjLWFkYWU5NDcwN2MxM9gCAeACAQ&ucfs=1&arphpl=1&checkin=2026-08-06&checkout=2026-08-07&dest_id=-2762812&dest_type=city&group_adults=2&req_adults=2&no_rooms=1&group_children=0&req_children=0&hpos=14&hapos=206&sr_order=popularity&srpvid=ed21559515340104&srepoch=1785759044&all_sr_blocks=1697830401_441451567_6_0_0&highlighted_blocks=1697830401_441451567_6_0_0&matching_block_id=1697830401_441451567_6_0_0&sr_pri_blocks=1697830401_441451567_6_0_0__1275000&from=searchresults,12750,,,Islamabad,10.1,Two-Bedroom Apartment,2 extra-large double beds,0,1,1,https://cf.bstatic.com/xdata/images/hotel/square240/901202469.webp?k=2b70e5e3f5e2b95710695c54c36d43638c517c7a49b20629353215f45cbed5e2&o=,4,Islamabad
"Premium 2-bed Apartment in Islamabad self check-in, Netflix, Ac, Free Parking-E11",https://www.booking.com/hotel/pk/premium-2-bed-apartment-in-islamabad-self-check-in-netflix-ac-free-parking.en-gb.html?aid=304142&label=gen173nr-10CAQoggJCDWNpdHlfLTI3NjI4MTJICVgEaLUBiAEBmAEzuAEHyAEM2AED6AEB-AEBiAIBqAIBuAKqisLTBsACAdICJGIyYWUwNDZiLWE5YmEtNGI1Yi05MjRjLWFkYWU5NDcwN2MxM9gCAeACAQ&ucfs=1&arphpl=1&checkin=2026-08-06&checkout=2026-08-07&dest_id=-2762812&dest_type=city&group_adults=2&req_adults=2&no_rooms=1&group_children=0&req_children=0&hpos=15&hapos=207&sr_order=popularity&srpvid=ed21559515340104&srepoch=1785759044&all_sr_blocks=1635973901_433994353_6_0_0&highlighted_blocks=1635973901_433994353_6_0_0&matching_block_id=1635973901_433994353_6_0_0&sr_pri_blocks=1635973901_433994353_6_0_0__1200000&from=searchresults,12000,9.0,13.0,Islamabad,7.2,Two-Bedroom Apartment,2 extra-large double beds,0,1,1,https://cf.bstatic.com/xdata/images/hotel/square240/865970794.webp?k=c76ef14d27018d0f839d0f2aa525797a94d484f12fabfb3f8fc7018ac070def2&o=,5,Islamabad
Hotel de Papae,https://www.booking.com/hotel/pk/de-papae-islamabad.en-gb.html?aid=304142&label=gen173nr-10CAQoggJCDWNpdHlfLTI3NjI4MTJICVgEaLUBiAEBmAEzuAEHyAEM2AED6AEB-AEBiAIBqAIBuAKqisLTBsACAdICJGIyYWUwNDZiLWE5YmEtNGI1Yi05MjRjLWFkYWU5NDcwN2MxM9gCAeACAQ&ucfs=1&arphpl=1&checkin=2026-08-06&checkout=2026-08-07&dest_id=-2762812&dest_type=city&group_adults=2&req_adults=2&no_rooms=1&group_children=0&req_children=0&hpos=16&hapos=208&sr_order=popularity&srpvid=ed21559515340104&srepoch=1785759044&all_sr_blocks=0_0_2_1_0&highlighted_blocks=0_0_2_1_0&matching_block_id=0_0_2_1_0&sr_pri_blocks=0_0_2_1_0__1434415&from=searchresults,14344,8.0,197.0,"Blue Area, Islamabad",1.5,Executive Room,1 double bed,1,0,0,https://cf.bstatic.com/xdata/images/hotel/square240/592131354.webp?k=8b797fb00aec5c745182f5c0e99c9d627dd3ed174f3b48675fb5df3401b37d71&o=,9,Islamabad
The Mark,https://www.booking.com/hotel/pk/the-mark.en-gb.html?aid=304142&label=gen173nr-10CAQoggJCDWNpdHlfLTI3NjI4MTJICVgEaLUBiAEBmAEzuAEHyAEM2AED6AEB-AEBiAIBqAIBuAKqisLTBsACAdICJGIyYWUwNDZiLWE5YmEtNGI1Yi05MjRjLWFkYWU5NDcwN2MxM9gCAeACAQ&ucfs=1&arphpl=1&checkin=2026-08-06&checkout=2026-08-07&dest_id=-2762812&dest_type=city&group_adults=2&req_adults=2&no_rooms=1&group_children=0&req_children=0&hpos=17&hapos=209&sr_order=popularity&srpvid=ed21559515340104&srepoch=1785759044&all_sr_blocks=795037207_341430201_2_1_0&highlighted_blocks=795037207_341430201_2_1_0&matching_block_id=795037207_341430201_2_1_0&sr_pri_blocks=795037207_341430201_2_1_0__1305000&from=searchresults,13050,8.6,63.0,Islamabad,5.1,Deluxe Room (1 adult + 2 children),1 large double bed,1,0,1,https://cf.bstatic.com/xdata/images/hotel/square240/505509185.webp?k=7c9ee50411ccb74fb9146081df564fddc2af262d539ab5a060b4ccd6cf1ce835&o=,14,Islamabad
Heavenly Homesc1BHK Pool Gym,https://www.booking.com/hotel/pk/heavenly-homesc1bhk-pool-gym.en-gb.html?aid=304142&label=gen173nr-10CAQoggJCDWNpdHlfLTI3NjI4MTJICVgEaLUBiAEBmAEzuAEHyAEM2AED6AEB-AEBiAIBqAIBuAKqisLTBsACAdICJGIyYWUwNDZiLWE5YmEtNGI1Yi05MjRjLWFkYWU5NDcwN2MxM9gCAeACAQ&ucfs=1&arphpl=1&checkin=2026-08-06&checkout=2026-08-07&dest_id=-2762812&dest_type=city&group_adults=2&req_adults=2&no_rooms=1&group_children=0&req_children=0&hpos=18&hapos=210&sr_order=popularity&srpvid=ed21559515340104&srepoch=1785759044&all_sr_blocks=1657866001_437670545_4_0_0&highlighted_blocks=1657866001_437670545_4_0_0&matching_block_id=1657866001_437670545_4_0_0&sr_pri_blocks=1657866001_437670545_4_0_0__850000&from=searchresults,8500,7.3,4.0,Islamabad,20.5,One-Bedroom Apartment,"3 beds (1 extra-large double, 1 sofa bed, 1 futon)",0,1,1,https://cf.bstatic.com/xdata/images/hotel/square240/876915081.webp?k=017152228b7a0aca270c0db9eb83b27895643d713ae3d1c25ddb85e5b88ae677&o=,4,Islamabad
Alzahir Guesthouse & Hostel Rooms near Quaideazam University,https://www.booking.com/hotel/pk/alzahir-guesthouse-amp-hostel-rooms.en-gb.html?aid=304142&label=gen173nr-10CAQoggJCDWNpdHlfLTI3NjI4MTJICVgEaLUBiAEBmAEzuAEHyAEM2AED6AEB-AEBiAIBqAIBuAKqisLTBsACAdICJGIyYWUwNDZiLWE5YmEtNGI1Yi05MjRjLWFkYWU5NDcwN2MxM9gCAeACAQ&ucfs=1&arphpl=1&checkin=2026-08-06&checkout=2026-08-07&dest_id=-2762812&dest_type=city&group_adults=2&req_adults=2&no_rooms=1&group_children=0&req_children=0&hpos=19&hapos=211&sr_order=popularity&srpvid=ed21559515340104&srepoch=1785759044&all_sr_blocks=1578258803_428930203_2_0_0&highlighted_blocks=1578258803_428930203_2_0_0&matching_block_id=1578258803_428930203_2_0_0&sr_pri_blocks=1578258803_428930203_2_0_0__184000&from=searchresults,1840,,,Islamabad,7.1,Budget Double Room,2 single beds,0,1,1,https://cf.bstatic.com/xdata/images/hotel/square240/824277769.webp?k=4697068428a92c1d4950db7e2de33173a9849b47bfbdd509fd79efaddcaa1254&o=,5,Islamabad
Travis Executive Guest House Islamabad,https://www.booking.com/hotel/pk/rose-cottage-islamabad.en-gb.html?aid=304142&label=gen173nr-10CAQoggJCDWNpdHlfLTI3NjI4MTJICVgEaLUBiAEBmAEzuAEHyAEM2AED6AEB-AEBiAIBqAIBuAKqisLTBsACAdICJGIyYWUwNDZiLWE5YmEtNGI1Yi05MjRjLWFkYWU5NDcwN2MxM9gCAeACAQ&ucfs=1&arphpl=1&checkin=2026-08-06&checkout=2026-08-07&dest_id=-2762812&dest_type=city&group_adults=2&req_adults=2&no_rooms=1&group_children=0&req_children=0&hpos=20&hapos=212&sr_order=popularity&srpvid=ed21559515340104&srepoch=1785759044&all_sr_blocks=1611537305_432060237_2_0_0&highlighted_blocks=1611537305_432060237_2_0_0&matching_block_id=1611537305_432060237_2_0_0&sr_pri_blocks=1611537305_432060237_2_0_0__800000&from=searchresults,8000,7.8,4.0,Islamabad,8.5,Deluxe Double Room,1 double bed,0,1,1,https://cf.bstatic.com/xdata/images/hotel/square240/851597232.webp?k=30e87d270644bb7fb2b223f9e4ebcfb5af54e8d771444b673101842ed6c7163e&o=,5,Islamabad
Elysium HEIGHTS Premium Residency Serviced Apartments Facing Centaurus Mall Islamabad,https://www.booking.com/hotel/pk/hsjhxjs.en-gb.html?aid=304142&label=gen173nr-10CAQoggJCDWNpdHlfLTI3NjI4MTJICVgEaLUBiAEBmAEzuAEHyAEM2AED6AEB-AEBiAIBqAIBuAKqisLTBsACAdICJGIyYWUwNDZiLWE5YmEtNGI1Yi05MjRjLWFkYWU5NDcwN2MxM9gCAeACAQ&ucfs=1&arphpl=1&checkin=2026-08-06&checkout=2026-08-07&dest_id=-2762812&dest_type=city&group_adults=2&req_adults=2&no_rooms=1&group_children=0&req_children=0&hpos=21&hapos=213&sr_order=popularity&srpvid=ed21559515340104&srepoch=1785759044&all_sr_blocks=1673776501_439140551_2_1_0_1446572&highlighted_blocks=1673776501_439140551_2_1_0_1446572&matching_block_id=1673776501_439140551_2_1_0_1446572&sr_pri_blocks=1673776501_439140551_2_1_0_1446572_2584000&from=searchresults,25840,10,2.0,"Blue Area, Islamabad",4.6,One-Bedroom Apartment with Balcony and Mountain View,"2 beds (1 double, 1 sofa bed)",1,1,1,https://cf.bstatic.com/xdata/images/hotel/square240/889143994.webp?k=4a34bbbf1ec1aa9495174164090698629ac0000276e5d1697df8e6fa0cbcb65d&o=,15,Islamabad
Premium 1BHK Zeta Retreat with Pool Access,https://www.booking.com/hotel/pk/premium-1bhk-zeta-retreat-with-pool-access.en-gb.html?aid=304142&label=gen173nr-10CAQoggJCDWNpdHlfLTI3NjI4MTJICVgEaLUBiAEBmAEzuAEHyAEM2AED6AEB-AEBiAIBqAIBuAKqisLTBsACAdICJGIyYWUwNDZiLWE5YmEtNGI1Yi05MjRjLWFkYWU5NDcwN2MxM9gCAeACAQ&ucfs=1&arphpl=1&checkin=2026-08-06&checkout=2026-08-07&dest_id=-2762812&dest_type=city&group_adults=2&req_adults=2&no_rooms=1&group_children=0&req_children=0&hpos=22&hapos=214&sr_order=popularity&srpvid=ed21559515340104&srepoch=1785759044&all_sr_blocks=1581036601_429203053_2_0_0&highlighted_blocks=1581036601_429203053_2_0_0&matching_block_id=1581036601_429203053_2_0_0&sr_pri_blocks=1581036601_429203053_2_0_0__1190000&from=searchresults,11900,9.4,5.0,Islamabad,24.0,One-Bedroom Apartment,"2 beds (1 double, 1 sofa bed)",0,1,1,https://cf.bstatic.com/xdata/images/hotel/square240/823031099.webp?k=77a1165e1003b4295295a8a1898cfb524a7834d85cda8b166ab84d1984f8b369&o=,13,Islamabad
Shelton's Ambassador Hotel Blue Area,https://www.booking.com/hotel/pk/shelton-blue-area.en-gb.html?aid=304142&label=gen173nr-10CAQoggJCDWNpdHlfLTI3NjI4MTJICVgEaLUBiAEBmAEzuAEHyAEM2AED6AEB-AEBiAIBqAIBuAKqisLTBsACAdICJGIyYWUwNDZiLWE5YmEtNGI1Yi05MjRjLWFkYWU5NDcwN2MxM9gCAeACAQ&ucfs=1&arphpl=1&checkin=2026-08-06&checkout=2026-08-07&dest_id=-2762812&dest_type=city&group_adults=2&req_adults=2&no_rooms=1&group_children=0&req_children=0&hpos=23&hapos=215&sr_order=popularity&srpvid=ed21559515340104&srepoch=1785759044&all_sr_blocks=1337364701_406188744_0_1_0&highlighted_blocks=1337364701_406188744_0_1_0&matching_block_id=1337364701_406188744_0_1_0&sr_pri_blocks=1337364701_406188744_0_1_0__1800000&from=searchresults,18000,8.5,273.0,"Blue Area, Islamabad",3.7,Queen Room,1 double bed,1,1,0,https://cf.bstatic.com/xdata/images/hotel/square240/681815171.webp?k=9ee33d390a558956aa97fa2606b4ef35b25d960b733373701a79bbb4630ffc18&o=,4,Islamabad
Savul Inn Guest House - Faisal Town near Islamabad International Airport and Motorway,https://www.booking.com/hotel/pk/independant-studio-flat-in-faisal-town-islamabad.en-gb.html?aid=304142&label=gen173nr-10CAQoggJCDWNpdHlfLTI3NjI4MTJICVgEaLUBiAEBmAEzuAEHyAEM2AED6AEB-AEBiAIBqAIBuAKqisLTBsACAdICJGIyYWUwNDZiLWE5YmEtNGI1Yi05MjRjLWFkYWU5NDcwN2MxM9gCAeACAQ&ucfs=1&arphpl=1&checkin=2026-08-06&checkout=2026-08-07&dest_id=-2762812&dest_type=city&group_adults=2&req_adults=2&no_rooms=1&group_children=0&req_children=0&hpos=24&hapos=216&sr_order=popularity&srpvid=ed21559515340104&srepoch=1785759044&all_sr_blocks=1188557202_404296155_2_0_0&highlighted_blocks=1188557202_404296155_2_0_0&matching_block_id=1188557202_404296155_2_0_0&sr_pri_blocks=1188557202_404296155_2_0_0__332500&from=searchresults,3325,7.7,49.0,Islamabad,24.9,Standard Studio,2 single beds,0,1,1,https://cf.bstatic.com/xdata/images/hotel/square240/545907825.webp?k=a12b60c1e4442a076d462cec88365145555835b0891ace59e1a2ce8a503203a4&o=,10,Islamabad
Luxury apartment 2 bed fully furnished 2 bed-tv lounge-Netflix-WiFi-free parking-child park,https://www.booking.com/hotel/pk/luxury-apartment-2-bed-fully-furnished-2-bed-tv-lounge-netflix-wifi-free-parking.en-gb.html?aid=304142&label=gen173nr-10CAQoggJCDWNpdHlfLTI3NjI4MTJICVgEaLUBiAEBmAEzuAEHyAEM2AED6AEB-AEBiAIBqAIBuAKqisLTBsACAdICJGIyYWUwNDZiLWE5YmEtNGI1Yi05MjRjLWFkYWU5NDcwN2MxM9gCAeACAQ&ucfs=1&arphpl=1&checkin=2026-08-06&checkout=2026-08-07&dest_id=-2762812&dest_type=city&group_adults=2&req_adults=2&no_rooms=1&group_children=0&req_children=0&hpos=25&hapos=217&sr_order=popularity&srpvid=ed21559515340104&srepoch=1785759044&all_sr_blocks=1686109201_440224433_6_1_0&highlighted_blocks=1686109201_440224433_6_1_0&matching_block_id=1686109201_440224433_6_1_0&sr_pri_blocks=1686109201_440224433_6_1_0__935000&from=searchresults,9350,10,1.0,"E-11 Sector, Islamabad",10.8,Double Room,2 large double beds,1,1,1,https://cf.bstatic.com/xdata/images/hotel/square240/893495171.webp?k=8edc2e8e4f72452882104b3e4e57793e74f0365703051b15bff92adc08370992&o=,12,Islamabad
"Golden Haven 2 Bedroom Apartment ac,wifi, Netflix,with the perfect view -E11- ISLAMABAD",https://www.booking.com/hotel/pk/golden-haven-2-bedroom-apartment-ac-wifi-netflix-with-the-perfect-view.en-gb.html?aid=304142&label=gen173nr-10CAQoggJCDWNpdHlfLTI3NjI4MTJICVgEaLUBiAEBmAEzuAEHyAEM2AED6AEB-AEBiAIBqAIBuAKqisLTBsACAdICJGIyYWUwNDZiLWE5YmEtNGI1Yi05MjRjLWFkYWU5NDcwN2MxM9gCAeACAQ&ucfs=1&arphpl=1&checkin=2026-08-06&checkout=2026-08-07&dest_id=-2762812&dest_type=city&group_adults=2&req_adults=2&no_rooms=1&group_children=0&req_children=0&hpos=1&hapos=218&sr_order=popularity&srpvid=ed21559515340104&srepoch=1785759047&all_sr_blocks=1636793001_434048502_7_0_0&highlighted_blocks=1636793001_434048502_7_0_0&matching_block_id=1636793001_434048502_7_0_0&sr_pri_blocks=1636793001_434048502_7_0_0__1550000&from=searchresults,15500,9.2,11.0,Islamabad,8.3,Two-Bedroom Apartment,2 extra-large double beds,0,1,1,https://cf.bstatic.com/xdata/images/hotel/square240/864992259.webp?k=1bf5232eb7a705cbb3105e6c2d3e73d0ef8a3991e43f3e1404a9b80d4367ca3f&o=,4,Islamabad
Hotel Islamabad Metro Inn,https://www.booking.com/hotel/pk/islamabad-premier-inn-islamabad1.en-gb.html?aid=304142&label=gen173nr-10CAQoggJCDWNpdHlfLTI3NjI4MTJICVgEaLUBiAEBmAEzuAEHyAEM2AED6AEB-AEBiAIBqAIBuAKqisLTBsACAdICJGIyYWUwNDZiLWE5YmEtNGI1Yi05MjRjLWFkYWU5NDcwN2MxM9gCAeACAQ&ucfs=1&arphpl=1&checkin=2026-08-06&checkout=2026-08-07&dest_id=-2762812&dest_type=city&group_adults=2&req_adults=2&no_rooms=1&group_children=0&req_children=0&hpos=2&hapos=219&sr_order=popularity&srpvid=ed21559515340104&srepoch=1785759047&all_sr_blocks=1339926701_406405956_0_0_0&highlighted_blocks=1339926701_406405956_0_0_0&matching_block_id=1339926701_406405956_0_0_0&sr_pri_blocks=1339926701_406405956_0_0_0__497097&from=searchresults,4971,9.0,2.0,"G-7 Sector, Islamabad",3.4,Deluxe Room (2 Adults + 1 Child),2 single beds,0,1,1,https://cf.bstatic.com/xdata/images/hotel/square240/872329701.webp?k=c74670e72505c2ceb5daab243b3542421a6be7261319511b08e33a42868450f3&o=,4,Islamabad
The Eastern Lodge,https://www.booking.com/hotel/pk/the-eastern-lodge.en-gb.html?aid=304142&label=gen173nr-10CAQoggJCDWNpdHlfLTI3NjI4MTJICVgEaLUBiAEBmAEzuAEHyAEM2AED6AEB-AEBiAIBqAIBuAKqisLTBsACAdICJGIyYWUwNDZiLWE5YmEtNGI1Yi05MjRjLWFkYWU5NDcwN2MxM9gCAeACAQ&ucfs=1&arphpl=1&checkin=2026-08-06&checkout=2026-08-07&dest_id=-2762812&dest_type=city&group_adults=2&req_adults=2&no_rooms=1&group_children=0&req_children=0&hpos=3&hapos=220&sr_order=popularity&srpvid=ed21559515340104&srepoch=1785759047&all_sr_blocks=1607285706_432062935_2_1_0&highlighted_blocks=1607285706_432062935_2_1_0&matching_block_id=1607285706_432062935_2_1_0&sr_pri_blocks=1607285706_432062935_2_1_0__1090000&from=searchresults,10900,8.8,58.0,"F-6 Sector, Islamabad",1.6,Budget Double or Twin Room,1 double bed,1,0,0,https://cf.bstatic.com/xdata/images/hotel/square240/843772133.webp?k=346e486c289252f2318d5fb540bc3c149028f2275238e1f9bf68ec37ae56207e&o=,11,Islamabad
"One Constitution Avenue by Goldfinch, Luxury apartments near Diplomatic Enclave and Serena",https://www.booking.com/hotel/pk/neon-islamabad.en-gb.html?aid=304142&label=gen173nr-10CAQoggJCDWNpdHlfLTI3NjI4MTJICVgEaLUBiAEBmAEzuAEHyAEM2AED6AEB-AEBiAIBqAIBuAKqisLTBsACAdICJGIyYWUwNDZiLWE5YmEtNGI1Yi05MjRjLWFkYWU5NDcwN2MxM9gCAeACAQ&ucfs=1&arphpl=1&checkin=2026-08-06&checkout=2026-08-07&dest_id=-2762812&dest_type=city&group_adults=2&req_adults=2&no_rooms=1&group_children=0&req_children=0&hpos=4&hapos=221&sr_order=popularity&srpvid=ed21559515340104&srepoch=1785759047&all_sr_blocks=912782924_383071291_0_0_0&highlighted_blocks=912782924_383071291_0_0_0&matching_block_id=912782924_383071291_0_0_0&sr_pri_blocks=912782924_383071291_0_0_0__2000000&from=searchresults,20000,7.6,278.0,Islamabad,2.3,One-Bedroom Apartment with View,1 extra-large double bed,0,1,0,https://cf.bstatic.com/xdata/images/hotel/square240/408183553.webp?k=bbddf5b338756723d558373601ea489ffd12976fb987125c0e3e59338dc1be04&o=,12,Islamabad
Oriole Guest House Standard Living,https://www.booking.com/hotel/pk/oriole-guest-house-islamabad.en-gb.html?aid=304142&label=gen173nr-10CAQoggJCDWNpdHlfLTI3NjI4MTJICVgEaLUBiAEBmAEzuAEHyAEM2AED6AEB-AEBiAIBqAIBuAKqisLTBsACAdICJGIyYWUwNDZiLWE5YmEtNGI1Yi05MjRjLWFkYWU5NDcwN2MxM9gCAeACAQ&ucfs=1&arphpl=1&checkin=2026-08-06&checkout=2026-08-07&dest_id=-2762812&dest_type=city&group_adults=2&req_adults=2&no_rooms=1&group_children=0&req_children=0&hpos=5&hapos=222&sr_order=popularity&srpvid=ed21559515340104&srepoch=1785759047&all_sr_blocks=756304901_336019709_2_2_0&highlighted_blocks=756304901_336019709_2_2_0&matching_block_id=756304901_336019709_2_2_0&sr_pri_blocks=756304901_336019709_2_2_0__261225&from=searchresults,2612,4.5,30.0,"G-9 Sector, Islamabad",6.5,Two-Bedroom Apartment,2 single beds,0,1,1,https://cf.bstatic.com/xdata/images/hotel/square240/320689982.webp?k=6543e88045488673e2812a3e55c0a3ca05af61fe5ff1600f3a7c913abc98200f&o=,4,Islamabad
Casablanca Motel House,https://www.booking.com/hotel/pk/casablanca-motel-house.en-gb.html?aid=304142&label=gen173nr-10CAQoggJCDWNpdHlfLTI3NjI4MTJICVgEaLUBiAEBmAEzuAEHyAEM2AED6AEB-AEBiAIBqAIBuAKqisLTBsACAdICJGIyYWUwNDZiLWE5YmEtNGI1Yi05MjRjLWFkYWU5NDcwN2MxM9gCAeACAQ&ucfs=1&arphpl=1&checkin=2026-08-06&checkout=2026-08-07&dest_id=-2762812&dest_type=city&group_adults=2&req_adults=2&no_rooms=1&group_children=0&req_children=0&hpos=6&hapos=223&sr_order=popularity&srpvid=ed21559515340104&srepoch=1785759047&all_sr_blocks=862041403_354122995_3_2_0&highlighted_blocks=862041403_354122995_3_2_0&matching_block_id=862041403_354122995_3_2_0&sr_pri_blocks=862041403_354122995_3_2_0__765000&from=searchresults,7650,7.0,3.0,"F-7 Sector, Islamabad",3.8,Deluxe Double Room (2 Adults + 1 Child),"2 beds (1 extra-large double, 1 futon)",0,1,1,https://cf.bstatic.com/xdata/images/hotel/square240/881149362.webp?k=63cc3ff596779acd8dd991e10fc57703d452f4991b6c65600cbfbdcc1c387119&o=,13,Islamabad
Warwick Grove House,https://www.booking.com/hotel/pk/warwick-grove-house.en-gb.html?aid=304142&label=gen173nr-10CAQoggJCDWNpdHlfLTI3NjI4MTJICVgEaLUBiAEBmAEzuAEHyAEM2AED6AEB-AEBiAIBqAIBuAKqisLTBsACAdICJGIyYWUwNDZiLWE5YmEtNGI1Yi05MjRjLWFkYWU5NDcwN2MxM9gCAeACAQ&ucfs=1&arphpl=1&checkin=2026-08-06&checkout=2026-08-07&dest_id=-2762812&dest_type=city&group_adults=2&req_adults=2&no_rooms=1&group_children=0&req_children=0&hpos=7&hapos=224&sr_order=popularity&srpvid=ed21559515340104&srepoch=1785759047&all_sr_blocks=1609513303_431857086_4_2_0&highlighted_blocks=1609513303_431857086_4_2_0&matching_block_id=1609513303_431857086_4_2_0&sr_pri_blocks=1609513303_431857086_4_2_0__1290000&from=searchresults,12900,8.9,14.0,Islamabad,13.9,Superior King Room,"3 beds (1 extra-large double, 2 futons)",0,1,1,https://cf.bstatic.com/xdata/images/hotel/square240/854530182.webp?k=cdac4f7ed941b765d62963199b25b1869cd35c0d30a62184eb2eed4cbcc487b9&o=,13,Islamabad
Islamabad Hotel,https://www.booking.com/hotel/pk/islamabad.en-gb.html?aid=304142&label=gen173nr-10CAQoggJCDWNpdHlfLTI3NjI4MTJICVgEaLUBiAEBmAEzuAEHyAEM2AED6AEB-AEBiAIBqAIBuAKqisLTBsACAdICJGIyYWUwNDZiLWE5YmEtNGI1Yi05MjRjLWFkYWU5NDcwN2MxM9gCAeACAQ&ucfs=1&arphpl=1&checkin=2026-08-06&checkout=2026-08-07&dest_id=-2762812&dest_type=city&group_adults=2&req_adults=2&no_rooms=1&group_children=0&req_children=0&hpos=8&hapos=225&sr_order=popularity&srpvid=ed21559515340104&srepoch=1785759047&all_sr_blocks=0_0_2_1_0&highlighted_blocks=0_0_2_1_0&matching_block_id=0_0_2_1_0&sr_pri_blocks=0_0_2_1_0__2216369&from=searchresults,22164,8.3,130.0,"G-6 Sector, Islamabad",1.6,Standard Room,1 double bed,1,0,0,https://cf.bstatic.com/xdata/images/hotel/square240/115151286.webp?k=02136f3019b5569242c8a5addf0d1439ad8c7b8e10dfc9457d984bbe5406aa09&o=,10,Islamabad
DREAM IIN 2 Family Guest House,https://www.booking.com/hotel/pk/dream-family-guest-house-islamabad2.en-gb.html?aid=304142&label=gen173nr-10CAQoggJCDWNpdHlfLTI3NjI4MTJICVgEaLUBiAEBmAEzuAEHyAEM2AED6AEB-AEBiAIBqAIBuAKqisLTBsACAdICJGIyYWUwNDZiLWE5YmEtNGI1Yi05MjRjLWFkYWU5NDcwN2MxM9gCAeACAQ&ucfs=1&arphpl=1&checkin=2026-08-06&checkout=2026-08-07&dest_id=-2762812&dest_type=city&group_adults=2&req_adults=2&no_rooms=1&group_children=0&req_children=0&hpos=9&hapos=226&sr_order=popularity&srpvid=ed21559515340104&srepoch=1785759047&all_sr_blocks=1546251402_425900931_2_0_0&highlighted_blocks=1546251402_425900931_2_0_0&matching_block_id=1546251402_425900931_2_0_0&sr_pri_blocks=1546251402_425900931_2_0_0__449910&from=searchresults,4499,7.3,6.0,"G-9 Sector, Islamabad",6.6,Double Room with Private Bathroom,"3 beds (1 single, 1 double, 1 extra-large double)",0,1,1,https://cf.bstatic.com/xdata/images/hotel/square240/804175476.webp?k=836637e2c850150f605ca74c639bd15647bd3541620861f24e504975e2990760&o=,4,Islamabad
Legacy Guest House,https://www.booking.com/hotel/pk/legacy-guest-house.en-gb.html?aid=304142&label=gen173nr-10CAQoggJCDWNpdHlfLTI3NjI4MTJICVgEaLUBiAEBmAEzuAEHyAEM2AED6AEB-AEBiAIBqAIBuAKqisLTBsACAdICJGIyYWUwNDZiLWE5YmEtNGI1Yi05MjRjLWFkYWU5NDcwN2MxM9gCAeACAQ&ucfs=1&arphpl=1&checkin=2026-08-06&checkout=2026-08-07&dest_id=-2762812&dest_type=city&group_adults=2&req_adults=2&no_rooms=1&group_children=0&req_children=0&hpos=10&hapos=227&sr_order=popularity&srpvid=ed21559515340104&srepoch=1785759047&all_sr_blocks=1549007202_426130098_2_0_0&highlighted_blocks=1549007202_426130098_2_0_0&matching_block_id=1549007202_426130098_2_0_0&sr_pri_blocks=1549007202_426130098_2_0_0__600000&from=searchresults,6000,8.1,16.0,Islamabad,14.0,King Room with Balcony,1 extra-large double bed,0,1,1,https://cf.bstatic.com/xdata/images/hotel/square240/794779141.webp?k=9fb5b2fe1f0c357304e3b1367e1ac917385f5601c68385b92a021ab49233962a&o=,14,Islamabad
Motorway Majesty Heights - Near Islamabad International Airport and Motorway,https://www.booking.com/hotel/pk/motorway-majesty-heights.en-gb.html?aid=304142&label=gen173nr-10CAQoggJCDWNpdHlfLTI3NjI4MTJICVgEaLUBiAEBmAEzuAEHyAEM2AED6AEB-AEBiAIBqAIBuAKqisLTBsACAdICJGIyYWUwNDZiLWE5YmEtNGI1Yi05MjRjLWFkYWU5NDcwN2MxM9gCAeACAQ&ucfs=1&arphpl=1&checkin=2026-08-06&checkout=2026-08-07&dest_id=-2762812&dest_type=city&group_adults=2&req_adults=2&no_rooms=1&group_children=0&req_children=0&hpos=11&hapos=228&sr_order=popularity&srpvid=ed21559515340104&srepoch=1785759047&all_sr_blocks=1652256503_440943577_0_0_0&highlighted_blocks=1652256503_440943577_0_0_0&matching_block_id=1652256503_440943577_0_0_0&sr_pri_blocks=1652256503_440943577_0_0_0__500000&from=searchresults,5000,,,Islamabad,23.8,Standard Suite,1 large double bed,0,1,1,https://cf.bstatic.com/xdata/images/hotel/square240/873069407.webp?k=154cf1bc53157fa33f90eec81d53e09f4aad6fbcc5c4105d050a82a9f4fd7d38&o=,4,Islamabad
Family Apartment 1 BHK ISB F-11,https://www.booking.com/hotel/pk/family-apartment-isb-f-11.en-gb.html?aid=304142&label=gen173nr-10CAQoggJCDWNpdHlfLTI3NjI4MTJICVgEaLUBiAEBmAEzuAEHyAEM2AED6AEB-AEBiAIBqAIBuAKqisLTBsACAdICJGIyYWUwNDZiLWE5YmEtNGI1Yi05MjRjLWFkYWU5NDcwN2MxM9gCAeACAQ&ucfs=1&arphpl=1&checkin=2026-08-06&checkout=2026-08-07&dest_id=-2762812&dest_type=city&group_adults=2&req_adults=2&no_rooms=1&group_children=0&req_children=0&hpos=12&hapos=229&sr_order=popularity&srpvid=ed21559515340104&srepoch=1785759047&all_sr_blocks=1096166001_382961447_3_0_0&highlighted_blocks=1096166001_382961447_3_0_0&matching_block_id=1096166001_382961447_3_0_0&sr_pri_blocks=1096166001_382961447_3_0_0__800000&from=searchresults,8000,8.6,33.0,Islamabad,10.8,One-Bedroom Apartment,"2 beds (1 extra-large double, 1 sofa bed)",0,1,1,https://cf.bstatic.com/xdata/images/hotel/square240/727002772.webp?k=c1c64a3e474ea4158d632aa8d60a90a2aa6cc91e8d515a5ec647f3c764fb4714&o=,12,Islamabad
Divine Lodges F-7,https://www.booking.com/hotel/pk/divine-lodges-f-7.en-gb.html?aid=304142&label=gen173nr-10CAQoggJCDWNpdHlfLTI3NjI4MTJICVgEaLUBiAEBmAEzuAEHyAEM2AED6AEB-AEBiAIBqAIBuAKqisLTBsACAdICJGIyYWUwNDZiLWE5YmEtNGI1Yi05MjRjLWFkYWU5NDcwN2MxM9gCAeACAQ&ucfs=1&arphpl=1&checkin=2026-08-06&checkout=2026-08-07&dest_id=-2762812&dest_type=city&group_adults=2&req_adults=2&no_rooms=1&group_children=0&req_children=0&hpos=13&hapos=230&sr_order=popularity&srpvid=ed21559515340104&srepoch=1785759047&all_sr_blocks=1580721704_429166698_2_42_0&highlighted_blocks=1580721704_429166698_2_42_0&matching_block_id=1580721704_429166698_2_42_0&sr_pri_blocks=1580721704_429166698_2_42_0__800000&from=searchresults,8000,7.6,38.0,"F-7 Sector, Islamabad",3.9,Deluxe Double Room (2 Adults + 1 Child),"2 beds (1 extra-large double, 1 futon)",0,1,1,https://cf.bstatic.com/xdata/images/hotel/square240/843100317.webp?k=33a5ea34d66b96f4066c7516ba1661b4715af51f7939b8896d33dec555752608&o=,12,Islamabad
AGH Guesthouse & Rooms,https://www.booking.com/hotel/pk/agh-guesthouse-amp-rooms.en-gb.html?aid=304142&label=gen173nr-10CAQoggJCDWNpdHlfLTI3NjI4MTJICVgEaLUBiAEBmAEzuAEHyAEM2AED6AEB-AEBiAIBqAIBuAKqisLTBsACAdICJGIyYWUwNDZiLWE5YmEtNGI1Yi05MjRjLWFkYWU5NDcwN2MxM9gCAeACAQ&ucfs=1&arphpl=1&checkin=2026-08-06&checkout=2026-08-07&dest_id=-2762812&dest_type=city&group_adults=2&req_adults=2&no_rooms=1&group_children=0&req_children=0&hpos=14&hapos=231&sr_order=popularity&srpvid=ed21559515340104&srepoch=1785759047&all_sr_blocks=1671444401_438915699_2_0_0&highlighted_blocks=1671444401_438915699_2_0_0&matching_block_id=1671444401_438915699_2_0_0&sr_pri_blocks=1671444401_438915699_2_0_0__200000&from=searchresults,2000,5.5,2.0,Islamabad,7.1,Budget Double Room,2 single beds,0,1,1,https://cf.bstatic.com/xdata/images/hotel/square240/886101335.webp?k=1d742d6f52a16854cfcc5b1ee6ea051b7a8acb02d1f89f1ed7f9957a9d5ef4dc&o=,11,Islamabad
ELYSIUM TOWER Skyline Views Signature Apartments Facing Centaurus Mall Islamabad,https://www.booking.com/hotel/pk/elysium-tower-islamabad-islamabad10.en-gb.html?aid=304142&label=gen173nr-10CAQoggJCDWNpdHlfLTI3NjI4MTJICVgEaLUBiAEBmAEzuAEHyAEM2AED6AEB-AEBiAIBqAIBuAKqisLTBsACAdICJGIyYWUwNDZiLWE5YmEtNGI1Yi05MjRjLWFkYWU5NDcwN2MxM9gCAeACAQ&ucfs=1&arphpl=1&checkin=2026-08-06&checkout=2026-08-07&dest_id=-2762812&dest_type=city&group_adults=2&req_adults=2&no_rooms=1&group_children=0&req_children=0&hpos=15&hapos=232&sr_order=popularity&srpvid=ed21559515340104&srepoch=1785759047&all_sr_blocks=1692874509_440942752_3_2_0&highlighted_blocks=1692874509_440942752_3_2_0&matching_block_id=1692874509_440942752_3_2_0&sr_pri_blocks=1692874509_440942752_3_2_0__2520000&from=searchresults,25200,,,"Blue Area, Islamabad",4.6,Family Studio,1 extra-large double bed,0,0,0,https://cf.bstatic.com/xdata/images/hotel/square240/898589200.webp?k=5a3313451e6cca1c68435e277ae2fb56fb679c06c090e10ba2b7e57f85179d78&o=,12,Islamabad
Taj Signature Boutique Hotel Islamabad by LMY Hospitality,https://www.booking.com/hotel/pk/hdishsi.en-gb.html?aid=304142&label=gen173nr-10CAQoggJCDWNpdHlfLTI3NjI4MTJICVgEaLUBiAEBmAEzuAEHyAEM2AED6AEB-AEBiAIBqAIBuAKqisLTBsACAdICJGIyYWUwNDZiLWE5YmEtNGI1Yi05MjRjLWFkYWU5NDcwN2MxM9gCAeACAQ&ucfs=1&arphpl=1&checkin=2026-08-06&checkout=2026-08-07&dest_id=-2762812&dest_type=city&group_adults=2&req_adults=2&no_rooms=1&group_children=0&req_children=0&hpos=16&hapos=233&sr_order=popularity&srpvid=ed21559515340104&srepoch=1785759047&all_sr_blocks=1677562601_439507046_2_1_0&highlighted_blocks=1677562601_439507046_2_1_0&matching_block_id=1677562601_439507046_2_1_0&sr_pri_blocks=1677562601_439507046_2_1_0__1700000&from=searchresults,17000,9.3,7.0,"G-7 Sector, Islamabad",3.3,Deluxe Double or Twin Room with City View,Beds: 1 double or 2 singles,1,1,1,https://cf.bstatic.com/xdata/images/hotel/square240/889521461.webp?k=5f5629bb0b0fab4b65ce8b6aae6ed8a3f5b0d80b8351619680683232b8638fbd&o=,15,Islamabad
Hotel de Palazzo,https://www.booking.com/hotel/pk/de-palazzo.en-gb.html?aid=304142&label=gen173nr-10CAQoggJCDWNpdHlfLTI3NjI4MTJICVgEaLUBiAEBmAEzuAEHyAEM2AED6AEB-AEBiAIBqAIBuAKqisLTBsACAdICJGIyYWUwNDZiLWE5YmEtNGI1Yi05MjRjLWFkYWU5NDcwN2MxM9gCAeACAQ&ucfs=1&arphpl=1&checkin=2026-08-06&checkout=2026-08-07&dest_id=-2762812&dest_type=city&group_adults=2&req_adults=2&no_rooms=1&group_children=0&req_children=0&hpos=17&hapos=234&sr_order=popularity&srpvid=ed21559515340104&srepoch=1785759047&all_sr_blocks=126918101_424615910_0_41_0&highlighted_blocks=126918101_424615910_0_41_0&matching_block_id=126918101_424615910_0_41_0&sr_pri_blocks=126918101_424615910_0_41_0__600000&from=searchresults,6000,6.6,13.0,"E-11 Sector, Islamabad",10.8,Double or Twin Room,2 single beds,1,1,1,https://cf.bstatic.com/xdata/images/hotel/square240/40127557.webp?k=57898468637bad6d889313370c7622a317932c9892dc61e20da54dbb985761be&o=,6,Islamabad
Arizona Haven Guesthouse,https://www.booking.com/hotel/pk/arizona-haven-guesthouse.en-gb.html?aid=304142&label=gen173nr-10CAQoggJCDWNpdHlfLTI3NjI4MTJICVgEaLUBiAEBmAEzuAEHyAEM2AED6AEB-AEBiAIBqAIBuAKqisLTBsACAdICJGIyYWUwNDZiLWE5YmEtNGI1Yi05MjRjLWFkYWU5NDcwN2MxM9gCAeACAQ&ucfs=1&arphpl=1&checkin=2026-08-06&checkout=2026-08-07&dest_id=-2762812&dest_type=city&group_adults=2&req_adults=2&no_rooms=1&group_children=0&req_children=0&hpos=18&hapos=235&sr_order=popularity&srpvid=ed21559515340104&srepoch=1785759047&all_sr_blocks=1468587702_418175802_2_42_0&highlighted_blocks=1468587702_418175802_2_42_0&matching_block_id=1468587702_418175802_2_42_0&sr_pri_blocks=1468587702_418175802_2_42_0__826200&from=searchresults,8262,7.8,29.0,"F-8 Sector, Islamabad",6.1,Duplex Quadruple Room,"3 beds (2 singles, 1 double)",0,0,0,https://cf.bstatic.com/xdata/images/hotel/square240/725006593.webp?k=c265c710f1bec4a9c09a8b7be4440e16635cdbd4edb6c738eb24676865fcc7aa&o=,12,Islamabad
Super Lodge by HFI,https://www.booking.com/hotel/pk/super-lodge-by-hfi.en-gb.html?aid=304142&label=gen173nr-10CAQoggJCDWNpdHlfLTI3NjI4MTJICVgEaLUBiAEBmAEzuAEHyAEM2AED6AEB-AEBiAIBqAIBuAKqisLTBsACAdICJGIyYWUwNDZiLWE5YmEtNGI1Yi05MjRjLWFkYWU5NDcwN2MxM9gCAeACAQ&ucfs=1&arphpl=1&checkin=2026-08-06&checkout=2026-08-07&dest_id=-2762812&dest_type=city&group_adults=2&req_adults=2&no_rooms=1&group_children=0&req_children=0&hpos=19&hapos=236&sr_order=popularity&srpvid=ed21559515340104&srepoch=1785759047&all_sr_blocks=0_0_2_0_0&highlighted_blocks=0_0_2_0_0&matching_block_id=0_0_2_0_0&sr_pri_blocks=0_0_2_0_0__793902&from=searchresults,7939,9.9,21.0,"F-6 Sector, Islamabad",1.6,Double Executive,1 extra-large double bed,0,1,0,https://cf.bstatic.com/xdata/images/hotel/square240/869097898.webp?k=dbfd161dfebb8e1825b281c6b9131ba0213d1b5de565b36fd2951a4bb813bf8a&o=,11,Islamabad
Taj Signature Hotel - F7 Markaz Islamabad,https://www.booking.com/hotel/pk/taj-f7-markaz.en-gb.html?aid=304142&label=gen173nr-10CAQoggJCDWNpdHlfLTI3NjI4MTJICVgEaLUBiAEBmAEzuAEHyAEM2AED6AEB-AEBiAIBqAIBuAKqisLTBsACAdICJGIyYWUwNDZiLWE5YmEtNGI1Yi05MjRjLWFkYWU5NDcwN2MxM9gCAeACAQ&ucfs=1&arphpl=1&checkin=2026-08-06&checkout=2026-08-07&dest_id=-2762812&dest_type=city&group_adults=2&req_adults=2&no_rooms=1&group_children=0&req_children=0&hpos=20&hapos=237&sr_order=popularity&srpvid=ed21559515340104&srepoch=1785759047&all_sr_blocks=1558436101_426958377_2_1_0&highlighted_blocks=1558436101_426958377_2_1_0&matching_block_id=1558436101_426958377_2_1_0&sr_pri_blocks=1558436101_426958377_2_1_0__1728000&from=searchresults,17280,7.8,37.0,"F-7 Sector, Islamabad",3.3,Superior Family Room,1 double bed,1,0,0,https://cf.bstatic.com/xdata/images/hotel/square240/804072516.webp?k=b22292198881e83866ef5bf97392d36496474dc40405b15ca73f6af1d3dc960d&o=,14,Islamabad
Bless-Inn & Restaurant,https://www.booking.com/hotel/pk/bless-inn-amp-restaurant.en-gb.html?aid=304142&label=gen173nr-10CAQoggJCDWNpdHlfLTI3NjI4MTJICVgEaLUBiAEBmAEzuAEHyAEM2AED6AEB-AEBiAIBqAIBuAKqisLTBsACAdICJGIyYWUwNDZiLWE5YmEtNGI1Yi05MjRjLWFkYWU5NDcwN2MxM9gCAeACAQ&ucfs=1&arphpl=1&checkin=2026-08-06&checkout=2026-08-07&dest_id=-2762812&dest_type=city&group_adults=2&req_adults=2&no_rooms=1&group_children=0&req_children=0&hpos=21&hapos=238&sr_order=popularity&srpvid=ed21559515340104&srepoch=1785759047&all_sr_blocks=1216827005_393847899_2_0_0_774618&highlighted_blocks=1216827005_393847899_2_0_0_774618&matching_block_id=1216827005_393847899_2_0_0_774618&sr_pri_blocks=1216827005_393847899_2_0_0_774618_617500&from=searchresults,6175,4.9,46.0,Islamabad,8.2,Double Room,1 double bed,0,1,1,https://cf.bstatic.com/xdata/images/hotel/square240/602826145.webp?k=f9fa777c371f7ad1be7abf0721f6bbc30eca27ba33218505b7ceaace0c3d2fc8&o=,10,Islamabad
Clifton Royal Family Guest House,https://www.booking.com/hotel/pk/islamabad-lodge-islamabad2.en-gb.html?aid=304142&label=gen173nr-10CAQoggJCDWNpdHlfLTI3NjI4MTJICVgEaLUBiAEBmAEzuAEHyAEM2AED6AEB-AEBiAIBqAIBuAKqisLTBsACAdICJGIyYWUwNDZiLWE5YmEtNGI1Yi05MjRjLWFkYWU5NDcwN2MxM9gCAeACAQ&ucfs=1&arphpl=1&checkin=2026-08-06&checkout=2026-08-07&dest_id=-2762812&dest_type=city&group_adults=2&req_adults=2&no_rooms=1&group_children=0&req_children=0&hpos=22&hapos=239&sr_order=popularity&srpvid=ed21559515340104&srepoch=1785759047&all_sr_blocks=1426429509_414223650_0_2_0&highlighted_blocks=1426429509_414223650_0_2_0&matching_block_id=1426429509_414223650_0_2_0&sr_pri_blocks=1426429509_414223650_0_2_0__828000&from=searchresults,8280,7.4,15.0,"E-11 Sector, Islamabad",11.1,Deluxe Double Room,"2 beds (1 double, 1 sofa bed)",0,0,0,https://cf.bstatic.com/xdata/images/hotel/square240/740072828.webp?k=7e6421a4db209d7c9f3d20e514399d521a405211bebf254b4d5355500f398f9c&o=,11,Islamabad
Modern 1BR Apartment in Zeta Mall Islamabad Rooftop Pool & Mall Access,https://www.booking.com/hotel/pk/modern-1br-apartment-in-zeta-mall-islamabad-rooftop-pool-amp-mall-access.en-gb.html?aid=304142&label=gen173nr-10CAQoggJCDWNpdHlfLTI3NjI4MTJICVgEaLUBiAEBmAEzuAEHyAEM2AED6AEB-AEBiAIBqAIBuAKqisLTBsACAdICJGIyYWUwNDZiLWE5YmEtNGI1Yi05MjRjLWFkYWU5NDcwN2MxM9gCAeACAQ&ucfs=1&arphpl=1&checkin=2026-08-06&checkout=2026-08-07&dest_id=-2762812&dest_type=city&group_adults=2&req_adults=2&no_rooms=1&group_children=0&req_children=0&hpos=1&hapos=240&sr_order=popularity&srpvid=ed21559515340104&srepoch=1785759049&all_sr_blocks=1634463001_433881109_4_0_0&highlighted_blocks=1634463001_433881109_4_0_0&matching_block_id=1634463001_433881109_4_0_0&sr_pri_blocks=1634463001_433881109_4_0_0__1377000&from=searchresults,13770,10,10.0,Islamabad,24.0,One-Bedroom Apartment,1 double bed,0,0,0,https://cf.bstatic.com/xdata/images/hotel/square240/863753600.webp?k=284d0648081019f00be703887ad2239ea070008bc4ad7ba8f746210dc7e56d4f&o=,13,Islamabad
Morbex Inn Hotel Islamabad,https://www.booking.com/hotel/pk/capital-heights.en-gb.html?aid=304142&label=gen173nr-10CAQoggJCDWNpdHlfLTI3NjI4MTJICVgEaLUBiAEBmAEzuAEHyAEM2AED6AEB-AEBiAIBqAIBuAKqisLTBsACAdICJGIyYWUwNDZiLWE5YmEtNGI1Yi05MjRjLWFkYWU5NDcwN2MxM9gCAeACAQ&ucfs=1&arphpl=1&checkin=2026-08-06&checkout=2026-08-07&dest_id=-2762812&dest_type=city&group_adults=2&req_adults=2&no_rooms=1&group_children=0&req_children=0&hpos=2&hapos=241&sr_order=popularity&srpvid=ed21559515340104&srepoch=1785759049&all_sr_blocks=1379856003_410102764_2_2_0_1378423&highlighted_blocks=1379856003_410102764_2_2_0_1378423&matching_block_id=1379856003_410102764_2_2_0_1378423&sr_pri_blocks=1379856003_410102764_2_2_0_1378423_765000&from=searchresults,7650,8.3,21.0,"E-11 Sector, Islamabad",11.2,Deluxe King Room,1 extra-large double bed,0,1,1,https://cf.bstatic.com/xdata/images/hotel/square240/850838116.webp?k=485decb3922a0a6b6082c765b3201182e8a64c7472c09a827249d51caf69016a&o=,12,Islamabad
Alpirious Hotel,https://www.booking.com/hotel/pk/alpirious.en-gb.html?aid=304142&label=gen173nr-10CAQoggJCDWNpdHlfLTI3NjI4MTJICVgEaLUBiAEBmAEzuAEHyAEM2AED6AEB-AEBiAIBqAIBuAKqisLTBsACAdICJGIyYWUwNDZiLWE5YmEtNGI1Yi05MjRjLWFkYWU5NDcwN2MxM9gCAeACAQ&ucfs=1&arphpl=1&checkin=2026-08-06&checkout=2026-08-07&dest_id=-2762812&dest_type=city&group_adults=2&req_adults=2&no_rooms=1&group_children=0&req_children=0&hpos=3&hapos=242&sr_order=popularity&srpvid=ed21559515340104&srepoch=1785759049&all_sr_blocks=1546852505_437759708_2_1_0_1388039&highlighted_blocks=1546852505_437759708_2_1_0_1388039&matching_block_id=1546852505_437759708_2_1_0_1388039&sr_pri_blocks=1546852505_437759708_2_1_0_1388039_2360720&from=searchresults,23607,9.4,48.0,Islamabad,26.7,One-Bedroom Suite,2 single beds,1,0,0,https://cf.bstatic.com/xdata/images/hotel/square240/860052581.webp?k=9cd99995bc2f4a4d853f34aec4cd8bd281f0dfb9b96331945aad6eed35989fe9&o=,14,Islamabad
Tulip Capital Hotel,https://www.booking.com/hotel/pk/croydon-int.en-gb.html?aid=304142&label=gen173nr-10CAQoggJCDWNpdHlfLTI3NjI4MTJICVgEaLUBiAEBmAEzuAEHyAEM2AED6AEB-AEBiAIBqAIBuAKqisLTBsACAdICJGIyYWUwNDZiLWE5YmEtNGI1Yi05MjRjLWFkYWU5NDcwN2MxM9gCAeACAQ&ucfs=1&arphpl=1&checkin=2026-08-06&checkout=2026-08-07&dest_id=-2762812&dest_type=city&group_adults=2&req_adults=2&no_rooms=1&group_children=0&req_children=0&hpos=4&hapos=243&sr_order=popularity&srpvid=ed21559515340104&srepoch=1785759049&all_sr_blocks=1232704901_395227012_2_41_0_584007&highlighted_blocks=1232704901_395227012_2_41_0_584007&matching_block_id=1232704901_395227012_2_41_0_584007&sr_pri_blocks=1232704901_395227012_2_41_0_584007_956250&from=searchresults,9563,8.5,90.0,Islamabad,27.0,Superior Double or Twin Room with City View,1 large double bed,1,0,0,https://cf.bstatic.com/xdata/images/hotel/square240/572902161.webp?k=ccba0ab95fd7c6fac7db52b945f8092900bb9959717c21376a6160ce3627d552&o=,9,Islamabad
Cozy Family Guest House,https://www.booking.com/hotel/pk/cozy-family-guest-house.en-gb.html?aid=304142&label=gen173nr-10CAQoggJCDWNpdHlfLTI3NjI4MTJICVgEaLUBiAEBmAEzuAEHyAEM2AED6AEB-AEBiAIBqAIBuAKqisLTBsACAdICJGIyYWUwNDZiLWE5YmEtNGI1Yi05MjRjLWFkYWU5NDcwN2MxM9gCAeACAQ&ucfs=1&arphpl=1&checkin=2026-08-06&checkout=2026-08-07&dest_id=-2762812&dest_type=city&group_adults=2&req_adults=2&no_rooms=1&group_children=0&req_children=0&hpos=5&hapos=244&sr_order=popularity&srpvid=ed21559515340104&srepoch=1785759049&all_sr_blocks=1625186801_433229449_2_0_0&highlighted_blocks=1625186801_433229449_2_0_0&matching_block_id=1625186801_433229449_2_0_0&sr_pri_blocks=1625186801_433229449_2_0_0__441000&from=searchresults,4410,4.5,4.0,"G-9 Sector, Islamabad",7.0,Deluxe Room,"2 beds (1 single, 1 double)",0,1,1,https://cf.bstatic.com/xdata/images/hotel/square240/858605032.webp?k=6ce2003a99b160f1d72323323d79f40613be6b0448ad9b4d63ba90343bbf07e9&o=,4,Islamabad
"Aspire Lodge, G11 Islamabad - A Family Guest House & Hotel",https://www.booking.com/hotel/pk/aspire-lodge.en-gb.html?aid=304142&label=gen173nr-10CAQoggJCDWNpdHlfLTI3NjI4MTJICVgEaLUBiAEBmAEzuAEHyAEM2AED6AEB-AEBiAIBqAIBuAKqisLTBsACAdICJGIyYWUwNDZiLWE5YmEtNGI1Yi05MjRjLWFkYWU5NDcwN2MxM9gCAeACAQ&ucfs=1&arphpl=1&checkin=2026-08-06&checkout=2026-08-07&dest_id=-2762812&dest_type=city&group_adults=2&req_adults=2&no_rooms=1&group_children=0&req_children=0&hpos=6&hapos=245&sr_order=popularity&srpvid=ed21559515340104&srepoch=1785759049&all_sr_blocks=1474590404_420892733_2_1_0_1179696&highlighted_blocks=1474590404_420892733_2_1_0_1179696&matching_block_id=1474590404_420892733_2_1_0_1179696&sr_pri_blocks=1474590404_420892733_2_1_0_1179696_747600&from=searchresults,7476,9.3,82.0,Islamabad,11.3,Standard Twin Room,2 single beds,1,1,1,https://cf.bstatic.com/xdata/images/hotel/square240/735611462.webp?k=b5259526ee13cf124d063dce3a896496a4235edc5cd6da7061661e233f199139&o=,13,Islamabad
430 Premier Suites,https://www.booking.com/hotel/pk/430-premier-suites.en-gb.html?aid=304142&label=gen173nr-10CAQoggJCDWNpdHlfLTI3NjI4MTJICVgEaLUBiAEBmAEzuAEHyAEM2AED6AEB-AEBiAIBqAIBuAKqisLTBsACAdICJGIyYWUwNDZiLWE5YmEtNGI1Yi05MjRjLWFkYWU5NDcwN2MxM9gCAeACAQ&ucfs=1&arphpl=1&checkin=2026-08-06&checkout=2026-08-07&dest_id=-2762812&dest_type=city&group_adults=2&req_adults=2&no_rooms=1&group_children=0&req_children=0&hpos=7&hapos=246&sr_order=popularity&srpvid=ed21559515340104&srepoch=1785759049&all_sr_blocks=1631618403_433683887_4_0_0&highlighted_blocks=1631618403_433683887_4_0_0&matching_block_id=1631618403_433683887_4_0_0&sr_pri_blocks=1631618403_433683887_4_0_0__1000000&from=searchresults,10000,8.9,16.0,Islamabad,19.4,Large Twin Room,"3 beds (1 extra-large double, 1 sofa bed, 1 futon)",0,1,1,https://cf.bstatic.com/xdata/images/hotel/square240/861955354.webp?k=331c86aef16e6eec80b054511bac5eb2737f6f932957b4873847575bef84670a&o=,13,Islamabad
Rahat Villa Guest House,https://www.booking.com/hotel/pk/rahat-villa-guest-house.en-gb.html?aid=304142&label=gen173nr-10CAQoggJCDWNpdHlfLTI3NjI4MTJICVgEaLUBiAEBmAEzuAEHyAEM2AED6AEB-AEBiAIBqAIBuAKqisLTBsACAdICJGIyYWUwNDZiLWE5YmEtNGI1Yi05MjRjLWFkYWU5NDcwN2MxM9gCAeACAQ&ucfs=1&arphpl=1&checkin=2026-08-06&checkout=2026-08-07&dest_id=-2762812&dest_type=city&group_adults=2&req_adults=2&no_rooms=1&group_children=0&req_children=0&hpos=8&hapos=247&sr_order=popularity&srpvid=ed21559515340104&srepoch=1785759049&all_sr_blocks=1462907802_417599467_2_0_0&highlighted_blocks=1462907802_417599467_2_0_0&matching_block_id=1462907802_417599467_2_0_0&sr_pri_blocks=1462907802_417599467_2_0_0__550000&from=searchresults,5500,,,"G-9 Sector, Islamabad",6.6,Twin Room,2 single beds,0,0,1,https://cf.bstatic.com/xdata/images/hotel/square240/719506785.webp?k=980e4334c1ad6a1ce80da8d57d9ef3e8246ffcb772b4df73a8148ca82deba0b6&o=,11,Islamabad
Frank-inn Guest House Islamabad,https://www.booking.com/hotel/pk/frank-in-guest-house.en-gb.html?aid=304142&label=gen173nr-10CAQoggJCDWNpdHlfLTI3NjI4MTJICVgEaLUBiAEBmAEzuAEHyAEM2AED6AEB-AEBiAIBqAIBuAKqisLTBsACAdICJGIyYWUwNDZiLWE5YmEtNGI1Yi05MjRjLWFkYWU5NDcwN2MxM9gCAeACAQ&ucfs=1&arphpl=1&checkin=2026-08-06&checkout=2026-08-07&dest_id=-2762812&dest_type=city&group_adults=2&req_adults=2&no_rooms=1&group_children=0&req_children=0&hpos=9&hapos=248&sr_order=popularity&srpvid=ed21559515340104&srepoch=1785759049&all_sr_blocks=990234105_371772173_2_2_0&highlighted_blocks=990234105_371772173_2_2_0&matching_block_id=990234105_371772173_2_2_0&sr_pri_blocks=990234105_371772173_2_2_0__275324&from=searchresults,2753,5.2,32.0,"G-9 Sector, Islamabad",6.4,Deluxe Twin Room,2 single beds,0,0,0,https://cf.bstatic.com/xdata/images/hotel/square240/726918003.webp?k=6ad13f5ac36875fb0303ed284532df352e3e8a02f307556abf7bce1aa071b1cd&o=,7,Islamabad
Greek House Mykonos By Aram Stays,https://www.booking.com/hotel/pk/greek-house-mykonos-by-aram-stays.en-gb.html?aid=304142&label=gen173nr-10CAQoggJCDWNpdHlfLTI3NjI4MTJICVgEaLUBiAEBmAEzuAEHyAEM2AED6AEB-AEBiAIBqAIBuAKqisLTBsACAdICJGIyYWUwNDZiLWE5YmEtNGI1Yi05MjRjLWFkYWU5NDcwN2MxM9gCAeACAQ&ucfs=1&arphpl=1&checkin=2026-08-06&checkout=2026-08-07&dest_id=-2762812&dest_type=city&group_adults=2&req_adults=2&no_rooms=1&group_children=0&req_children=0&hpos=10&hapos=249&sr_order=popularity&srpvid=ed21559515340104&srepoch=1785759049&all_sr_blocks=1584560301_437799487_4_0_0&highlighted_blocks=1584560301_437799487_4_0_0&matching_block_id=1584560301_437799487_4_0_0&sr_pri_blocks=1584560301_437799487_4_0_0__1800000&from=searchresults,18000,,,Islamabad,10.3,One-Bedroom Suite,"3 beds (1 extra-large double, 2 sofa beds)",0,1,1,https://cf.bstatic.com/xdata/images/hotel/square240/826109858.webp?k=16d678819d8b33a07c9cbfd223026a9e48701535ccf46fb0646be5d4ef3e1982&o=,15,Islamabad
ELYSIUM TOWER Luxury Hotel Apartments Facing Centaurus Mall Islamabad,https://www.booking.com/hotel/pk/hsjdjsi.en-gb.html?aid=304142&label=gen173nr-10CAQoggJCDWNpdHlfLTI3NjI4MTJICVgEaLUBiAEBmAEzuAEHyAEM2AED6AEB-AEBiAIBqAIBuAKqisLTBsACAdICJGIyYWUwNDZiLWE5YmEtNGI1Yi05MjRjLWFkYWU5NDcwN2MxM9gCAeACAQ&ucfs=1&arphpl=1&checkin=2026-08-06&checkout=2026-08-07&dest_id=-2762812&dest_type=city&group_adults=2&req_adults=2&no_rooms=1&group_children=0&req_children=0&hpos=11&hapos=250&sr_order=popularity&srpvid=ed21559515340104&srepoch=1785759049&all_sr_blocks=1679784101_439744707_3_2_0&highlighted_blocks=1679784101_439744707_3_2_0&matching_block_id=1679784101_439744707_3_2_0&sr_pri_blocks=1679784101_439744707_3_2_0__2304000&from=searchresults,23040,10,6.0,"Blue Area, Islamabad",4.6,Studio with Mountain View,1 extra-large double bed,0,0,0,https://cf.bstatic.com/xdata/images/hotel/square240/893222597.webp?k=9f8fa29f8bf8b1e695e8c747fedbeac6fba5259ca81d5e2c40174f54b66f5559&o=,12,Islamabad
Centaurus Heaven Apartments,https://www.booking.com/hotel/pk/heaven-stay-islamabad-islamabad4.en-gb.html?aid=304142&label=gen173nr-10CAQoggJCDWNpdHlfLTI3NjI4MTJICVgEaLUBiAEBmAEzuAEHyAEM2AED6AEB-AEBiAIBqAIBuAKqisLTBsACAdICJGIyYWUwNDZiLWE5YmEtNGI1Yi05MjRjLWFkYWU5NDcwN2MxM9gCAeACAQ&ucfs=1&arphpl=1&checkin=2026-08-06&checkout=2026-08-07&dest_id=-2762812&dest_type=city&group_adults=2&req_adults=2&no_rooms=1&group_children=0&req_children=0&hpos=12&hapos=251&sr_order=popularity&srpvid=ed21559515340104&srepoch=1785759049&all_sr_blocks=1653878308_437332108_3_0_0&highlighted_blocks=1653878308_437332108_3_0_0&matching_block_id=1653878308_437332108_3_0_0&sr_pri_blocks=1653878308_437332108_3_0_0__2800000&from=searchresults,28000,9.7,4.0,"F-6 Sector, Islamabad",2.2,One-Bedroom Apartment,"2 beds (1 extra-large double, 1 sofa bed)",0,1,1,https://cf.bstatic.com/xdata/images/hotel/square240/880909855.webp?k=5a2e828a4d02961d03b388eddc88a0fed616b6bb094920acbae0d5926da18584&o=,6,Islamabad
ReD Lagoon,https://www.booking.com/hotel/pk/red-lagoon.en-gb.html?aid=304142&label=gen173nr-10CAQoggJCDWNpdHlfLTI3NjI4MTJICVgEaLUBiAEBmAEzuAEHyAEM2AED6AEB-AEBiAIBqAIBuAKqisLTBsACAdICJGIyYWUwNDZiLWE5YmEtNGI1Yi05MjRjLWFkYWU5NDcwN2MxM9gCAeACAQ&ucfs=1&arphpl=1&checkin=2026-08-06&checkout=2026-08-07&dest_id=-2762812&dest_type=city&group_adults=2&req_adults=2&no_rooms=1&group_children=0&req_children=0&hpos=13&hapos=252&sr_order=popularity&srpvid=ed21559515340104&srepoch=1785759049&all_sr_blocks=1085251201_381395635_2_2_0&highlighted_blocks=1085251201_381395635_2_2_0&matching_block_id=1085251201_381395635_2_2_0&sr_pri_blocks=1085251201_381395635_2_2_0__500000&from=searchresults,5000,8.7,16.0,Islamabad,15.2,Deluxe Room (2 Adults + 1 Child),1 extra-large double bed,0,1,1,https://cf.bstatic.com/xdata/images/hotel/square240/496181510.webp?k=363e175ab1f3e337fb6691a4c8c7e70204779ee6e210e16d0170b129b8d43ff5&o=,13,Islamabad
Islamabad Tinny Happy Family Home,https://www.booking.com/hotel/pk/islamabad-tinny-happy-family-home.en-gb.html?aid=304142&label=gen173nr-10CAQoggJCDWNpdHlfLTI3NjI4MTJICVgEaLUBiAEBmAEzuAEHyAEM2AED6AEB-AEBiAIBqAIBuAKqisLTBsACAdICJGIyYWUwNDZiLWE5YmEtNGI1Yi05MjRjLWFkYWU5NDcwN2MxM9gCAeACAQ&ucfs=1&arphpl=1&checkin=2026-08-06&checkout=2026-08-07&dest_id=-2762812&dest_type=city&group_adults=2&req_adults=2&no_rooms=1&group_children=0&req_children=0&hpos=14&hapos=253&sr_order=popularity&srpvid=ed21559515340104&srepoch=1785759049&all_sr_blocks=1494014102_433814568_2_0_0&highlighted_blocks=1494014102_433814568_2_0_0&matching_block_id=1494014102_433814568_2_0_0&sr_pri_blocks=1494014102_433814568_2_0_0__198900&from=searchresults,1989,4.4,22.0,Islamabad,14.4,Standard Double Room,2 single beds,0,1,1,https://cf.bstatic.com/xdata/images/hotel/square240/747382148.webp?k=7c17cf8a75f75d07571c45322132a8675e627b19dcb70af03db54b103de988e6&o=,4,Islamabad
INTOWN Hotel,https://www.booking.com/hotel/pk/intown.en-gb.html?aid=304142&label=gen173nr-10CAQoggJCDWNpdHlfLTI3NjI4MTJICVgEaLUBiAEBmAEzuAEHyAEM2AED6AEB-AEBiAIBqAIBuAKqisLTBsACAdICJGIyYWUwNDZiLWE5YmEtNGI1Yi05MjRjLWFkYWU5NDcwN2MxM9gCAeACAQ&ucfs=1&arphpl=1&checkin=2026-08-06&checkout=2026-08-07&dest_id=-2762812&dest_type=city&group_adults=2&req_adults=2&no_rooms=1&group_children=0&req_children=0&hpos=15&hapos=254&sr_order=popularity&srpvid=ed21559515340104&srepoch=1785759049&all_sr_blocks=1673673401_439130949_2_2_0&highlighted_blocks=1673673401_439130949_2_2_0&matching_block_id=1673673401_439130949_2_2_0&sr_pri_blocks=1673673401_439130949_2_2_0__424830&from=searchresults,4248,,,Islamabad,15.5,Standard Double Room,1 extra-large double bed,0,1,1,https://cf.bstatic.com/xdata/images/hotel/square240/887390558.webp?k=e5b41da2a8bc8840856def6a03016ba28796bae3b56bc04d614fa4a649f8325e&o=,10,Islamabad
The Norvane G-13,https://www.booking.com/hotel/pk/the-norvane-g-13.en-gb.html?aid=304142&label=gen173nr-10CAQoggJCDWNpdHlfLTI3NjI4MTJICVgEaLUBiAEBmAEzuAEHyAEM2AED6AEB-AEBiAIBqAIBuAKqisLTBsACAdICJGIyYWUwNDZiLWE5YmEtNGI1Yi05MjRjLWFkYWU5NDcwN2MxM9gCAeACAQ&ucfs=1&arphpl=1&checkin=2026-08-06&checkout=2026-08-07&dest_id=-2762812&dest_type=city&group_adults=2&req_adults=2&no_rooms=1&group_children=0&req_children=0&hpos=16&hapos=255&sr_order=popularity&srpvid=ed21559515340104&srepoch=1785759049&all_sr_blocks=1609299101_431834277_2_0_0&highlighted_blocks=1609299101_431834277_2_0_0&matching_block_id=1609299101_431834277_2_0_0&sr_pri_blocks=1609299101_431834277_2_0_0__540000&from=searchresults,5400,9.5,19.0,Islamabad,14.0,Double Room,1 double bed,0,0,0,https://cf.bstatic.com/xdata/images/hotel/square240/845167298.webp?k=a364f4bc3129b832dc4ffe06282fd61cb10aa96113b98edcaf08e90afdc3da2a&o=,3,Islamabad
Ambrina Hotel,https://www.booking.com/hotel/pk/ambrina-redefining-luxury-islamabad.en-gb.html?aid=304142&label=gen173nr-10CAQoggJCDWNpdHlfLTI3NjI4MTJICVgEaLUBiAEBmAEzuAEHyAEM2AED6AEB-AEBiAIBqAIBuAKqisLTBsACAdICJGIyYWUwNDZiLWE5YmEtNGI1Yi05MjRjLWFkYWU5NDcwN2MxM9gCAeACAQ&ucfs=1&arphpl=1&checkin=2026-08-06&checkout=2026-08-07&dest_id=-2762812&dest_type=city&group_adults=2&req_adults=2&no_rooms=1&group_children=0&req_children=0&hpos=17&hapos=256&sr_order=popularity&srpvid=ed21559515340104&srepoch=1785759049&all_sr_blocks=1328506301_405429932_0_1_0&highlighted_blocks=1328506301_405429932_0_1_0&matching_block_id=1328506301_405429932_0_1_0&sr_pri_blocks=1328506301_405429932_0_1_0__1140000&from=searchresults,11400,8.4,208.0,Islamabad,26.9,Double Room,Multiple bed types,1,1,1,https://cf.bstatic.com/xdata/images/hotel/square240/887419723.webp?k=15f8b629c662d3798e48df0989e0d2b9c7af3ae2a68a2fdc08142a2d4514616d&o=,11,Islamabad
The Vista 1BR by Winchester in Mall of Islamabad F-7 Margalla & City Views,https://www.booking.com/hotel/pk/the-apex-apartment.en-gb.html?aid=304142&label=gen173nr-10CAQoggJCDWNpdHlfLTI3NjI4MTJICVgEaLUBiAEBmAEzuAEHyAEM2AED6AEB-AEBiAIBqAIBuAKqisLTBsACAdICJGIyYWUwNDZiLWE5YmEtNGI1Yi05MjRjLWFkYWU5NDcwN2MxM9gCAeACAQ&ucfs=1&arphpl=1&checkin=2026-08-06&checkout=2026-08-07&dest_id=-2762812&dest_type=city&group_adults=2&req_adults=2&no_rooms=1&group_children=0&req_children=0&hpos=18&hapos=257&sr_order=popularity&srpvid=ed21559515340104&srepoch=1785759049&all_sr_blocks=1635483601_433954251_2_0_0&highlighted_blocks=1635483601_433954251_2_0_0&matching_block_id=1635483601_433954251_2_0_0&sr_pri_blocks=1635483601_433954251_2_0_0__2380000&from=searchresults,23800,10,5.0,"Blue Area, Islamabad",3.4,One-bedroom Loft Apartment,"2 beds (1 extra-large double, 1 sofa bed)",0,1,1,https://cf.bstatic.com/xdata/images/hotel/square240/901223452.webp?k=5d53c5da9c622bc68859fab91ea9ea89f71be81fd0ff360db4471a05b75df29f&o=,5,Islamabad
SkyNest Studio Near Airport & Islamabad Motorway,https://www.booking.com/hotel/pk/skynest-studio-near-airport-amp-islamabad-motorway.en-gb.html?aid=304142&label=gen173nr-10CAQoggJCDWNpdHlfLTI3NjI4MTJICVgEaLUBiAEBmAEzuAEHyAEM2AED6AEB-AEBiAIBqAIBuAKqisLTBsACAdICJGIyYWUwNDZiLWE5YmEtNGI1Yi05MjRjLWFkYWU5NDcwN2MxM9gCAeACAQ&ucfs=1&arphpl=1&checkin=2026-08-06&checkout=2026-08-07&dest_id=-2762812&dest_type=city&group_adults=2&req_adults=2&no_rooms=1&group_children=0&req_children=0&hpos=19&hapos=258&sr_order=popularity&srpvid=ed21559515340104&srepoch=1785759049&all_sr_blocks=1690884301_440769831_2_0_0&highlighted_blocks=1690884301_440769831_2_0_0&matching_block_id=1690884301_440769831_2_0_0&sr_pri_blocks=1690884301_440769831_2_0_0__616250&from=searchresults,6163,,,Islamabad,26.3,One-Bedroom Apartment,"2 beds (1 double, 1 sofa bed)",0,1,1,https://cf.bstatic.com/xdata/images/hotel/square240/901788540.webp?k=50d8f09905595c85871035d50867cc5ad0db7a20244db234e57a4537ed928913&o=,4,Islamabad
Hayat Grand Guest House,https://www.booking.com/hotel/pk/hayat-grand-guest-house-islamabad.en-gb.html?aid=304142&label=gen173nr-10CAQoggJCDWNpdHlfLTI3NjI4MTJICVgEaLUBiAEBmAEzuAEHyAEM2AED6AEB-AEBiAIBqAIBuAKqisLTBsACAdICJGIyYWUwNDZiLWE5YmEtNGI1Yi05MjRjLWFkYWU5NDcwN2MxM9gCAeACAQ&ucfs=1&arphpl=1&checkin=2026-08-06&checkout=2026-08-07&dest_id=-2762812&dest_type=city&group_adults=2&req_adults=2&no_rooms=1&group_children=0&req_children=0&hpos=20&hapos=259&sr_order=popularity&srpvid=ed21559515340104&srepoch=1785759049&all_sr_blocks=1364732801_410894184_0_2_0_1101999&highlighted_blocks=1364732801_410894184_0_2_0_1101999&matching_block_id=1364732801_410894184_0_2_0_1101999&sr_pri_blocks=1364732801_410894184_0_2_0_1101999_1165500&from=searchresults,11655,7.8,73.0,"F-7 Sector, Islamabad",4.2,Standard Double Room,1 double bed,0,0,0,https://cf.bstatic.com/xdata/images/hotel/square240/773162183.webp?k=1e0192d5d474e5f7d228af8789da5f9f362987f1062aee7d292a58856dc414e0&o=,11,Islamabad
Modern 2 Bedroom Apartment Islamabad,https://www.booking.com/hotel/pk/2-bedroom-apartment-islamabad18.en-gb.html?aid=304142&label=gen173nr-10CAQoggJCDWNpdHlfLTI3NjI4MTJICVgEaLUBiAEBmAEzuAEHyAEM2AED6AEB-AEBiAIBqAIBuAKqisLTBsACAdICJGIyYWUwNDZiLWE5YmEtNGI1Yi05MjRjLWFkYWU5NDcwN2MxM9gCAeACAQ&ucfs=1&arphpl=1&checkin=2026-08-06&checkout=2026-08-07&dest_id=-2762812&dest_type=city&group_adults=2&req_adults=2&no_rooms=1&group_children=0&req_children=0&hpos=21&hapos=260&sr_order=popularity&srpvid=ed21559515340104&srepoch=1785759049&all_sr_blocks=1664061401_438269457_5_0_0&highlighted_blocks=1664061401_438269457_5_0_0&matching_block_id=1664061401_438269457_5_0_0&sr_pri_blocks=1664061401_438269457_5_0_0__1200000&from=searchresults,12000,10,5.0,"E-11 Sector, Islamabad",11.8,Two-Bedroom Apartment,1 large double bed,0,1,1,https://cf.bstatic.com/xdata/images/hotel/square240/902757167.webp?k=27394cadbba73304902c508bc1c745a2939c103f70fb8487d8a26d897bfb538c&o=,4,Islamabad
1BR Luxury Apartments With Balcony & Mountains View In Elysium Tower OPP Centaurus Mall Islamabad,https://www.booking.com/hotel/pk/elysium-apartmenta.en-gb.html?aid=304142&label=gen173nr-10CAQoggJCDWNpdHlfLTI3NjI4MTJICVgEaLUBiAEBmAEzuAEHyAEM2AED6AEB-AEBiAIBqAIBuAKqisLTBsACAdICJGIyYWUwNDZiLWE5YmEtNGI1Yi05MjRjLWFkYWU5NDcwN2MxM9gCAeACAQ&ucfs=1&arphpl=1&checkin=2026-08-06&checkout=2026-08-07&dest_id=-2762812&dest_type=city&group_adults=2&req_adults=2&no_rooms=1&group_children=0&req_children=0&hpos=22&hapos=261&sr_order=popularity&srpvid=ed21559515340104&srepoch=1785759049&all_sr_blocks=1686989401_440349638_3_2_0&highlighted_blocks=1686989401_440349638_3_2_0&matching_block_id=1686989401_440349638_3_2_0&sr_pri_blocks=1686989401_440349638_3_2_0__2520000&from=searchresults,25200,10,1.0,"Blue Area, Islamabad",4.6,One-Bedroom Apartment with Balcony and Mountain View,"2 beds (1 extra-large double, 1 sofa bed)",0,0,0,https://cf.bstatic.com/xdata/images/hotel/square240/894003905.webp?k=0d6725501c7a0d8ecd58eddb91fb7a49fb6281a7fb6ac5b055ae1ccd41689d7d&o=,12,Islamabad
Cyrus One By Trivelles,https://www.booking.com/hotel/pk/cyrus-one-by-trivelles.en-gb.html?aid=304142&label=gen173nr-10CAQoggJCDWNpdHlfLTI3NjI4MTJICVgEaLUBiAEBmAEzuAEHyAEM2AED6AEB-AEBiAIBqAIBuAKqisLTBsACAdICJGIyYWUwNDZiLWE5YmEtNGI1Yi05MjRjLWFkYWU5NDcwN2MxM9gCAeACAQ&ucfs=1&arphpl=1&checkin=2026-08-06&checkout=2026-08-07&dest_id=-2762812&dest_type=city&group_adults=2&req_adults=2&no_rooms=1&group_children=0&req_children=0&hpos=23&hapos=262&sr_order=popularity&srpvid=ed21559515340104&srepoch=1785759049&all_sr_blocks=1609534203_432093753_2_1_0&highlighted_blocks=1609534203_432093753_2_1_0&matching_block_id=1609534203_432093753_2_1_0&sr_pri_blocks=1609534203_432093753_2_1_0__1679040&from=searchresults,16790,9.2,47.0,Islamabad,26.7,Deluxe Twin Room,2 single beds,1,1,0,https://cf.bstatic.com/xdata/images/hotel/square240/873824370.webp?k=ef4f4fcd21163f72ab8d5ff299dc03c4e638b173ed19740a099f745bfb7781bb&o=,13,Islamabad
The Cubee Nest- Luxury 1BHK in Central Bahria Enclave,https://www.booking.com/hotel/pk/the-cube-nest-islamabad.en-gb.html?aid=304142&label=gen173nr-10CAQoggJCDWNpdHlfLTI3NjI4MTJICVgEaLUBiAEBmAEzuAEHyAEM2AED6AEB-AEBiAIBqAIBuAKqisLTBsACAdICJGIyYWUwNDZiLWE5YmEtNGI1Yi05MjRjLWFkYWU5NDcwN2MxM9gCAeACAQ&ucfs=1&arphpl=1&checkin=2026-08-06&checkout=2026-08-07&dest_id=-2762812&dest_type=city&group_adults=2&req_adults=2&no_rooms=1&group_children=0&req_children=0&hpos=24&hapos=263&sr_order=popularity&srpvid=ed21559515340104&srepoch=1785759049&all_sr_blocks=1413342901_413082994_2_0_0&highlighted_blocks=1413342901_413082994_2_0_0&matching_block_id=1413342901_413082994_2_0_0&sr_pri_blocks=1413342901_413082994_2_0_0__945000&from=searchresults,9450,9.0,18.0,Islamabad,11.9,One-Bedroom Apartment,1 extra-large double bed,0,1,1,https://cf.bstatic.com/xdata/images/hotel/square240/814424650.webp?k=5ee3deb71302e0722d15516268c2636ff42ab56fcb6359cca8494a459dcc8e11&o=,4,Islamabad
Hotel Milton islamabad,https://www.booking.com/hotel/pk/milton-islamabad5.en-gb.html?aid=304142&label=gen173nr-10CAQoggJCDWNpdHlfLTI3NjI4MTJICVgEaLUBiAEBmAEzuAEHyAEM2AED6AEB-AEBiAIBqAIBuAKqisLTBsACAdICJGIyYWUwNDZiLWE5YmEtNGI1Yi05MjRjLWFkYWU5NDcwN2MxM9gCAeACAQ&ucfs=1&arphpl=1&checkin=2026-08-06&checkout=2026-08-07&dest_id=-2762812&dest_type=city&group_adults=2&req_adults=2&no_rooms=1&group_children=0&req_children=0&hpos=1&hapos=264&sr_order=popularity&srpvid=ed21559515340104&srepoch=1785759053&all_sr_blocks=1452915802_416636411_2_2_0&highlighted_blocks=1452915802_416636411_2_2_0&matching_block_id=1452915802_416636411_2_2_0&sr_pri_blocks=1452915802_416636411_2_2_0__712500&from=searchresults,7125,7.1,14.0,Islamabad,7.9,Budget Double Room,"2 beds (1 double, 1 sofa bed)",0,1,1,https://cf.bstatic.com/xdata/images/hotel/square240/710380145.webp?k=a040710ec07891e0849ea7fc9aea7bef2068fa55452711b456f6d7568524bbd0&o=,11,Islamabad
Zeta Luxury Suites I One Bedroom Apartment City View,https://www.booking.com/hotel/pk/zeta-luxury-suites-i-one-bedroom-apartment-city-view-islamabad.en-gb.html?aid=304142&label=gen173nr-10CAQoggJCDWNpdHlfLTI3NjI4MTJICVgEaLUBiAEBmAEzuAEHyAEM2AED6AEB-AEBiAIBqAIBuAKqisLTBsACAdICJGIyYWUwNDZiLWE5YmEtNGI1Yi05MjRjLWFkYWU5NDcwN2MxM9gCAeACAQ&ucfs=1&arphpl=1&checkin=2026-08-06&checkout=2026-08-07&dest_id=-2762812&dest_type=city&group_adults=2&req_adults=2&no_rooms=1&group_children=0&req_children=0&hpos=2&hapos=265&sr_order=popularity&srpvid=ed21559515340104&srepoch=1785759053&all_sr_blocks=1672060201_438975130_2_0_0&highlighted_blocks=1672060201_438975130_2_0_0&matching_block_id=1672060201_438975130_2_0_0&sr_pri_blocks=1672060201_438975130_2_0_0__1020000&from=searchresults,10200,7.8,5.0,Islamabad,24.0,One-Bedroom Apartment,1 large double bed,0,1,1,https://cf.bstatic.com/xdata/images/hotel/square240/888356949.webp?k=b69629ad89f718b098706d73257f2ad9ba69db0232e6b3648436822cb8af2592&o=,4,Islamabad
Airport Transit Lodge,https://www.booking.com/hotel/pk/airport-transit-lodge.en-gb.html?aid=304142&label=gen173nr-10CAQoggJCDWNpdHlfLTI3NjI4MTJICVgEaLUBiAEBmAEzuAEHyAEM2AED6AEB-AEBiAIBqAIBuAKqisLTBsACAdICJGIyYWUwNDZiLWE5YmEtNGI1Yi05MjRjLWFkYWU5NDcwN2MxM9gCAeACAQ&ucfs=1&arphpl=1&checkin=2026-08-06&checkout=2026-08-07&dest_id=-2762812&dest_type=city&group_adults=2&req_adults=2&no_rooms=1&group_children=0&req_children=0&hpos=3&hapos=266&sr_order=popularity&srpvid=ed21559515340104&srepoch=1785759053&all_sr_blocks=1381983504_410271017_2_0_0&highlighted_blocks=1381983504_410271017_2_0_0&matching_block_id=1381983504_410271017_2_0_0&sr_pri_blocks=1381983504_410271017_2_0_0__874000&from=searchresults,8740,8.9,45.0,Islamabad,27.1,Deluxe King Suite,"2 beds (1 extra-large double, 1 sofa bed)",0,1,1,https://cf.bstatic.com/xdata/images/hotel/square240/699084459.webp?k=1b47dbfed679db50bde103f3ecaf17cbb22192149ea276700412072bdaff25a4&o=,13,Islamabad
Tashreefaat Guest house,https://www.booking.com/hotel/pk/the-islamabad-guest-house-islamabad2.en-gb.html?aid=304142&label=gen173nr-10CAQoggJCDWNpdHlfLTI3NjI4MTJICVgEaLUBiAEBmAEzuAEHyAEM2AED6AEB-AEBiAIBqAIBuAKqisLTBsACAdICJGIyYWUwNDZiLWE5YmEtNGI1Yi05MjRjLWFkYWU5NDcwN2MxM9gCAeACAQ&ucfs=1&arphpl=1&checkin=2026-08-06&checkout=2026-08-07&dest_id=-2762812&dest_type=city&group_adults=2&req_adults=2&no_rooms=1&group_children=0&req_children=0&hpos=4&hapos=267&sr_order=popularity&srpvid=ed21559515340104&srepoch=1785759053&all_sr_blocks=1606173402_431552583_3_0_0&highlighted_blocks=1606173402_431552583_3_0_0&matching_block_id=1606173402_431552583_3_0_0&sr_pri_blocks=1606173402_431552583_3_0_0__850000&from=searchresults,8500,1.0,1.0,"F-7 Sector, Islamabad",3.6,Deluxe Double Room,"3 beds (1 double, 2 futons)",0,1,1,https://cf.bstatic.com/xdata/images/hotel/square240/842658157.webp?k=1947d37e9b42ba9f85547b7419aa08ebbcc5eadae7eb23cd247b765a1afcb3c3&o=,4,Islamabad
New Comfort Residency,https://www.booking.com/hotel/pk/new-comfort-residency-islamabad1.en-gb.html?aid=304142&label=gen173nr-10CAQoggJCDWNpdHlfLTI3NjI4MTJICVgEaLUBiAEBmAEzuAEHyAEM2AED6AEB-AEBiAIBqAIBuAKqisLTBsACAdICJGIyYWUwNDZiLWE5YmEtNGI1Yi05MjRjLWFkYWU5NDcwN2MxM9gCAeACAQ&ucfs=1&arphpl=1&checkin=2026-08-06&checkout=2026-08-07&dest_id=-2762812&dest_type=city&group_adults=2&req_adults=2&no_rooms=1&group_children=0&req_children=0&hpos=5&hapos=268&sr_order=popularity&srpvid=ed21559515340104&srepoch=1785759053&all_sr_blocks=1583021801_429416818_2_1_0&highlighted_blocks=1583021801_429416818_2_1_0&matching_block_id=1583021801_429416818_2_1_0&sr_pri_blocks=1583021801_429416818_2_1_0__1183000&from=searchresults,11830,7.4,64.0,"F-7 Sector, Islamabad",3.3,Budget Double Room,1 double bed,1,1,1,https://cf.bstatic.com/xdata/images/hotel/square240/825402965.webp?k=e352259bfb25af3f8e315446ab7115d68546d4aa57eece6f3a6a06334f661a38&o=,13,Islamabad
Bridge Residency-1 F6 Islamabad,https://www.booking.com/hotel/pk/br3-sector-f6.en-gb.html?aid=304142&label=gen173nr-10CAQoggJCDWNpdHlfLTI3NjI4MTJICVgEaLUBiAEBmAEzuAEHyAEM2AED6AEB-AEBiAIBqAIBuAKqisLTBsACAdICJGIyYWUwNDZiLWE5YmEtNGI1Yi05MjRjLWFkYWU5NDcwN2MxM9gCAeACAQ&ucfs=1&arphpl=1&checkin=2026-08-06&checkout=2026-08-07&dest_id=-2762812&dest_type=city&group_adults=2&req_adults=2&no_rooms=1&group_children=0&req_children=0&hpos=6&hapos=269&sr_order=popularity&srpvid=ed21559515340104&srepoch=1785759053&all_sr_blocks=1374033301_409555140_2_1_0&highlighted_blocks=1374033301_409555140_2_1_0&matching_block_id=1374033301_409555140_2_1_0&sr_pri_blocks=1374033301_409555140_2_1_0__850500&from=searchresults,8505,7.9,15.0,"F-6 Sector, Islamabad",2.2,Deluxe Room,"2 beds (1 double, 1 futon)",1,0,0,https://cf.bstatic.com/xdata/images/hotel/square240/859421136.webp?k=c554a25e192147f3a7039feac1c8e3bd41101e3954ecd6a8a9393552173c8a09&o=,3,Islamabad
Hill view apartment-2bhk-E11-3,https://www.booking.com/hotel/pk/2bhkapt-hillview-e11-3.en-gb.html?aid=304142&label=gen173nr-10CAQoggJCDWNpdHlfLTI3NjI4MTJICVgEaLUBiAEBmAEzuAEHyAEM2AED6AEB-AEBiAIBqAIBuAKqisLTBsACAdICJGIyYWUwNDZiLWE5YmEtNGI1Yi05MjRjLWFkYWU5NDcwN2MxM9gCAeACAQ&ucfs=1&arphpl=1&checkin=2026-08-06&checkout=2026-08-07&dest_id=-2762812&dest_type=city&group_adults=2&req_adults=2&no_rooms=1&group_children=0&req_children=0&hpos=7&hapos=270&sr_order=popularity&srpvid=ed21559515340104&srepoch=1785759053&all_sr_blocks=1641451801_434355788_4_0_0&highlighted_blocks=1641451801_434355788_4_0_0&matching_block_id=1641451801_434355788_4_0_0&sr_pri_blocks=1641451801_434355788_4_0_0__890000&from=searchresults,8900,10,2.0,"E-11 Sector, Islamabad",10.7,Two-Bedroom Apartment,2 double beds,0,1,1,https://cf.bstatic.com/xdata/images/hotel/square240/871238533.webp?k=01e035da56b49dae084d6d00ff8f7051e68e6714194d367174c45596e13a67b5&o=,4,Islamabad
Emerald Villa Islamabad,https://www.booking.com/hotel/pk/emerald-suite-islamabad.en-gb.html?aid=304142&label=gen173nr-10CAQoggJCDWNpdHlfLTI3NjI4MTJICVgEaLUBiAEBmAEzuAEHyAEM2AED6AEB-AEBiAIBqAIBuAKqisLTBsACAdICJGIyYWUwNDZiLWE5YmEtNGI1Yi05MjRjLWFkYWU5NDcwN2MxM9gCAeACAQ&ucfs=1&arphpl=1&checkin=2026-08-06&checkout=2026-08-07&dest_id=-2762812&dest_type=city&group_adults=2&req_adults=2&no_rooms=1&group_children=0&req_children=0&hpos=8&hapos=271&sr_order=popularity&srpvid=ed21559515340104&srepoch=1785759053&all_sr_blocks=1655019202_437429878_7_0_0&highlighted_blocks=1655019202_437429878_7_0_0&matching_block_id=1655019202_437429878_7_0_0&sr_pri_blocks=1655019202_437429878_7_0_0__2480000&from=searchresults,24800,7.7,4.0,Islamabad,8.2,Three-Bedroom Villa,"5 beds (2 singles, 1 sofa bed, 2 large doubles)",0,1,1,https://cf.bstatic.com/xdata/images/hotel/square240/874835188.webp?k=443ae7cfd7edf6704f051dce0a67297debfe242c5881b0d09c02ffc395c50d9e&o=,5,Islamabad
Hotel Hillview Islamabad,https://www.booking.com/hotel/pk/hillview-islamabad.en-gb.html?aid=304142&label=gen173nr-10CAQoggJCDWNpdHlfLTI3NjI4MTJICVgEaLUBiAEBmAEzuAEHyAEM2AED6AEB-AEBiAIBqAIBuAKqisLTBsACAdICJGIyYWUwNDZiLWE5YmEtNGI1Yi05MjRjLWFkYWU5NDcwN2MxM9gCAeACAQ&ucfs=1&arphpl=1&checkin=2026-08-06&checkout=2026-08-07&dest_id=-2762812&dest_type=city&group_adults=2&req_adults=2&no_rooms=1&group_children=0&req_children=0&hpos=9&hapos=272&sr_order=popularity&srpvid=ed21559515340104&srepoch=1785759053&all_sr_blocks=935552902_433837061_2_1_0&highlighted_blocks=935552902_433837061_2_1_0&matching_block_id=935552902_433837061_2_1_0&sr_pri_blocks=935552902_433837061_2_1_0__2299900&from=searchresults,22999,7.8,88.0,"F-7 Sector, Islamabad",3.4,Standard Double Room,"3 beds (1 single, 2 doubles)",1,0,0,https://cf.bstatic.com/xdata/images/hotel/square240/412677596.webp?k=5f8ffa7589361e37c9e21dd0c664bb6bca1f2bd3ff44434869344c221bd5b51e&o=,9,Islamabad
Dream Night Guest House,https://www.booking.com/hotel/pk/pakistan-guest-house-islamabad.en-gb.html?aid=304142&label=gen173nr-10CAQoggJCDWNpdHlfLTI3NjI4MTJICVgEaLUBiAEBmAEzuAEHyAEM2AED6AEB-AEBiAIBqAIBuAKqisLTBsACAdICJGIyYWUwNDZiLWE5YmEtNGI1Yi05MjRjLWFkYWU5NDcwN2MxM9gCAeACAQ&ucfs=1&arphpl=1&checkin=2026-08-06&checkout=2026-08-07&dest_id=-2762812&dest_type=city&group_adults=2&req_adults=2&no_rooms=1&group_children=0&req_children=0&hpos=10&hapos=273&sr_order=popularity&srpvid=ed21559515340104&srepoch=1785759053&all_sr_blocks=1530712501_424598356_2_0_0&highlighted_blocks=1530712501_424598356_2_0_0&matching_block_id=1530712501_424598356_2_0_0&sr_pri_blocks=1530712501_424598356_2_0_0__390979&from=searchresults,3910,7.0,3.0,Islamabad,8.7,Standard Double Room,1 extra-large double bed,0,1,1,https://cf.bstatic.com/xdata/images/hotel/square240/874247810.webp?k=cbb19f94a590d671a09f967cd201dc80b9cc403a603cd23a20dec200100fe772&o=,5,Islamabad
The Mall Luxury Guest House,https://www.booking.com/hotel/pk/the-mall-luxury-guest-house-islamabad.en-gb.html?aid=304142&label=gen173nr-10CAQoggJCDWNpdHlfLTI3NjI4MTJICVgEaLUBiAEBmAEzuAEHyAEM2AED6AEB-AEBiAIBqAIBuAKqisLTBsACAdICJGIyYWUwNDZiLWE5YmEtNGI1Yi05MjRjLWFkYWU5NDcwN2MxM9gCAeACAQ&ucfs=1&arphpl=1&checkin=2026-08-06&checkout=2026-08-07&dest_id=-2762812&dest_type=city&group_adults=2&req_adults=2&no_rooms=1&group_children=0&req_children=0&hpos=11&hapos=274&sr_order=popularity&srpvid=ed21559515340104&srepoch=1785759053&all_sr_blocks=1526167207_439671926_2_0_0&highlighted_blocks=1526167207_439671926_2_0_0&matching_block_id=1526167207_439671926_2_0_0&sr_pri_blocks=1526167207_439671926_2_0_0__552500&from=searchresults,5525,8.5,48.0,"G-9 Sector, Islamabad",6.7,Twin Room with Bathroom,2 single beds,0,1,1,https://cf.bstatic.com/xdata/images/hotel/square240/783846962.webp?k=a57fec206ceb8de3e5b202489bf924c920b447189138e1a73957f9721cbcdce7&o=,14,Islamabad
Canadian inn G13 Islamabad,https://www.booking.com/hotel/pk/canadian-inn-g13-islamabad.en-gb.html?aid=304142&label=gen173nr-10CAQoggJCDWNpdHlfLTI3NjI4MTJICVgEaLUBiAEBmAEzuAEHyAEM2AED6AEB-AEBiAIBqAIBuAKqisLTBsACAdICJGIyYWUwNDZiLWE5YmEtNGI1Yi05MjRjLWFkYWU5NDcwN2MxM9gCAeACAQ&ucfs=1&arphpl=1&checkin=2026-08-06&checkout=2026-08-07&dest_id=-2762812&dest_type=city&group_adults=2&req_adults=2&no_rooms=1&group_children=0&req_children=0&hpos=12&hapos=275&sr_order=popularity&srpvid=ed21559515340104&srepoch=1785759053&all_sr_blocks=1016329503_374120276_2_33_0_738678&highlighted_blocks=1016329503_374120276_2_33_0_738678&matching_block_id=1016329503_374120276_2_33_0_738678&sr_pri_blocks=1016329503_374120276_2_33_0_738678_624799&from=searchresults,6248,8.0,48.0,Islamabad,13.9,Superior Twin Room,2 single beds,1,1,1,https://cf.bstatic.com/xdata/images/hotel/square240/464644615.webp?k=f45721b139dab3a8ab6306143f67e4c8b681db971998167dfc8d03f256409a81&o=,13,Islamabad
Margalla View Motel,https://www.booking.com/hotel/pk/margalla-view-motel.en-gb.html?aid=304142&label=gen173nr-10CAQoggJCDWNpdHlfLTI3NjI4MTJICVgEaLUBiAEBmAEzuAEHyAEM2AED6AEB-AEBiAIBqAIBuAKqisLTBsACAdICJGIyYWUwNDZiLWE5YmEtNGI1Yi05MjRjLWFkYWU5NDcwN2MxM9gCAeACAQ&ucfs=1&arphpl=1&checkin=2026-08-06&checkout=2026-08-07&dest_id=-2762812&dest_type=city&group_adults=2&req_adults=2&no_rooms=1&group_children=0&req_children=0&hpos=13&hapos=276&sr_order=popularity&srpvid=ed21559515340104&srepoch=1785759053&all_sr_blocks=947351203_367858460_4_41_0&highlighted_blocks=947351203_367858460_4_41_0&matching_block_id=947351203_367858460_4_41_0&sr_pri_blocks=947351203_367858460_4_41_0__1125000&from=searchresults,11250,7.6,20.0,"F-6 Sector, Islamabad",1.9,Family Suite,3 single beds,1,1,0,https://cf.bstatic.com/xdata/images/hotel/square240/419883061.webp?k=88f7bee63ff2259478c819a1184066887ab31ceda9e7d598a3ad91a72823cef7&o=,4,Islamabad
Willow House,https://www.booking.com/hotel/pk/willow-house.en-gb.html?aid=304142&label=gen173nr-10CAQoggJCDWNpdHlfLTI3NjI4MTJICVgEaLUBiAEBmAEzuAEHyAEM2AED6AEB-AEBiAIBqAIBuAKqisLTBsACAdICJGIyYWUwNDZiLWE5YmEtNGI1Yi05MjRjLWFkYWU5NDcwN2MxM9gCAeACAQ&ucfs=1&arphpl=1&checkin=2026-08-06&checkout=2026-08-07&dest_id=-2762812&dest_type=city&group_adults=2&req_adults=2&no_rooms=1&group_children=0&req_children=0&hpos=14&hapos=277&sr_order=popularity&srpvid=ed21559515340104&srepoch=1785759053&all_sr_blocks=1636218502_434009656_4_0_0&highlighted_blocks=1636218502_434009656_4_0_0&matching_block_id=1636218502_434009656_4_0_0&sr_pri_blocks=1636218502_434009656_4_0_0__550000&from=searchresults,5500,9.5,6.0,Islamabad,19.4,Deluxe Double or Twin Room with City View,"3 beds (1 extra-large double, 1 sofa bed, 1 futon)",0,1,1,https://cf.bstatic.com/xdata/images/hotel/square240/882449983.webp?k=526c22effda0538c873c54c488fa9e107e4063e16d67cbda45617d619f5f5f60&o=,6,Islamabad
Decent Lavish Luxury,https://www.booking.com/hotel/pk/d-mark-house.en-gb.html?aid=304142&label=gen173nr-10CAQoggJCDWNpdHlfLTI3NjI4MTJICVgEaLUBiAEBmAEzuAEHyAEM2AED6AEB-AEBiAIBqAIBuAKqisLTBsACAdICJGIyYWUwNDZiLWE5YmEtNGI1Yi05MjRjLWFkYWU5NDcwN2MxM9gCAeACAQ&ucfs=1&arphpl=1&checkin=2026-08-06&checkout=2026-08-07&dest_id=-2762812&dest_type=city&group_adults=2&req_adults=2&no_rooms=1&group_children=0&req_children=0&hpos=15&hapos=278&sr_order=popularity&srpvid=ed21559515340104&srepoch=1785759053&all_sr_blocks=1548792805_428400646_0_0_0&highlighted_blocks=1548792805_428400646_0_0_0&matching_block_id=1548792805_428400646_0_0_0&sr_pri_blocks=1548792805_428400646_0_0_0__619650&from=searchresults,6197,9.1,19.0,Islamabad,9.3,Deluxe Family Room,"2 beds (1 single, 1 double)",0,0,0,https://cf.bstatic.com/xdata/images/hotel/square240/809693882.webp?k=ac2e405959f8072361f4f5948717183663c45d4e7c81969fe1252960cfdf3ebe&o=,11,Islamabad
Emerald Inn Islamabad,https://www.booking.com/hotel/pk/emerald-inn-islamabad.en-gb.html?aid=304142&label=gen173nr-10CAQoggJCDWNpdHlfLTI3NjI4MTJICVgEaLUBiAEBmAEzuAEHyAEM2AED6AEB-AEBiAIBqAIBuAKqisLTBsACAdICJGIyYWUwNDZiLWE5YmEtNGI1Yi05MjRjLWFkYWU5NDcwN2MxM9gCAeACAQ&ucfs=1&arphpl=1&checkin=2026-08-06&checkout=2026-08-07&dest_id=-2762812&dest_type=city&group_adults=2&req_adults=2&no_rooms=1&group_children=0&req_children=0&hpos=16&hapos=279&sr_order=popularity&srpvid=ed21559515340104&srepoch=1785759053&all_sr_blocks=1205427501_392759680_7_0_0&highlighted_blocks=1205427501_392759680_7_0_0&matching_block_id=1205427501_392759680_7_0_0&sr_pri_blocks=1205427501_392759680_7_0_0__2500000&from=searchresults,25000,9.0,3.0,"G-9 Sector, Islamabad",7.3,Three-Bedroom Villa,"5 beds (2 singles, 2 extra-large doubles, 1 sofa bed)",0,1,1,https://cf.bstatic.com/xdata/images/hotel/square240/869539629.webp?k=9cb8610831b66bc241659732bde3d84f77a51db4e6bbd02b74407117b0a2a442&o=,4,Islamabad
Studio 201,https://www.booking.com/hotel/pk/studio-201.en-gb.html?aid=304142&label=gen173nr-10CAQoggJCDWNpdHlfLTI3NjI4MTJICVgEaLUBiAEBmAEzuAEHyAEM2AED6AEB-AEBiAIBqAIBuAKqisLTBsACAdICJGIyYWUwNDZiLWE5YmEtNGI1Yi05MjRjLWFkYWU5NDcwN2MxM9gCAeACAQ&ucfs=1&arphpl=1&checkin=2026-08-06&checkout=2026-08-07&dest_id=-2762812&dest_type=city&group_adults=2&req_adults=2&no_rooms=1&group_children=0&req_children=0&hpos=17&hapos=280&sr_order=popularity&srpvid=ed21559515340104&srepoch=1785759053&all_sr_blocks=1404021501_412207478_2_0_0&highlighted_blocks=1404021501_412207478_2_0_0&matching_block_id=1404021501_412207478_2_0_0&sr_pri_blocks=1404021501_412207478_2_0_0__365500&from=searchresults,3655,6.8,9.0,Islamabad,26.8,One-Bedroom Apartment,1 double bed,0,1,1,https://cf.bstatic.com/xdata/images/hotel/square240/795676555.webp?k=e87099163642c8ac648749bfe1cb5b0ad58f868a5874bbc7ba50c01d3d6bc197&o=,5,Islamabad
Hotel Islamabad f7,https://www.booking.com/hotel/pk/khan-baig-guest-house.en-gb.html?aid=304142&label=gen173nr-10CAQoggJCDWNpdHlfLTI3NjI4MTJICVgEaLUBiAEBmAEzuAEHyAEM2AED6AEB-AEBiAIBqAIBuAKqisLTBsACAdICJGIyYWUwNDZiLWE5YmEtNGI1Yi05MjRjLWFkYWU5NDcwN2MxM9gCAeACAQ&ucfs=1&arphpl=1&checkin=2026-08-06&checkout=2026-08-07&dest_id=-2762812&dest_type=city&group_adults=2&req_adults=2&no_rooms=1&group_children=0&req_children=0&hpos=18&hapos=281&sr_order=popularity&srpvid=ed21559515340104&srepoch=1785759053&all_sr_blocks=1591015505_430195666_2_0_0&highlighted_blocks=1591015505_430195666_2_0_0&matching_block_id=1591015505_430195666_2_0_0&sr_pri_blocks=1591015505_430195666_2_0_0__350000&from=searchresults,3500,2.0,1.0,"F-7 Sector, Islamabad",3.7,Tent,2 futon beds,0,1,1,https://cf.bstatic.com/xdata/images/hotel/square240/830791728.webp?k=3684fc40a6ae4f460bd17b44d8ab58233045b5f42bbb796ff6c753b0b47f74d6&o=,4,Islamabad
Royal Executive Inn Guest House Islamabad,https://www.booking.com/hotel/pk/royalexecutiveinn-guest-house.en-gb.html?aid=304142&label=gen173nr-10CAQoggJCDWNpdHlfLTI3NjI4MTJICVgEaLUBiAEBmAEzuAEHyAEM2AED6AEB-AEBiAIBqAIBuAKqisLTBsACAdICJGIyYWUwNDZiLWE5YmEtNGI1Yi05MjRjLWFkYWU5NDcwN2MxM9gCAeACAQ&ucfs=1&arphpl=1&checkin=2026-08-06&checkout=2026-08-07&dest_id=-2762812&dest_type=city&group_adults=2&req_adults=2&no_rooms=1&group_children=0&req_children=0&hpos=19&hapos=282&sr_order=popularity&srpvid=ed21559515340104&srepoch=1785759053&all_sr_blocks=1192512702_391550686_0_42_0&highlighted_blocks=1192512702_391550686_0_42_0&matching_block_id=1192512702_391550686_0_42_0&sr_pri_blocks=1192512702_391550686_0_42_0__1080000&from=searchresults,10800,8.6,61.0,Islamabad,8.5,Deluxe Double Room,1 double bed,0,1,1,https://cf.bstatic.com/xdata/images/hotel/square240/549305004.webp?k=34039742463cfd523fb4a682e86da44ed573b1ac8790d2f29a5d984c390f7d14&o=,13,Islamabad
"Prestige 2BR Apartment Islamabad,luxury,comfort & style with a perfect view",https://www.booking.com/hotel/pk/prestige-2br-apartment-islamabad-luxury-comfort-amp-style-with-a-perfe-islamabad.en-gb.html?aid=304142&label=gen173nr-10CAQoggJCDWNpdHlfLTI3NjI4MTJICVgEaLUBiAEBmAEzuAEHyAEM2AED6AEB-AEBiAIBqAIBuAKqisLTBsACAdICJGIyYWUwNDZiLWE5YmEtNGI1Yi05MjRjLWFkYWU5NDcwN2MxM9gCAeACAQ&ucfs=1&arphpl=1&checkin=2026-08-06&checkout=2026-08-07&dest_id=-2762812&dest_type=city&group_adults=2&req_adults=2&no_rooms=1&group_children=0&req_children=0&hpos=20&hapos=283&sr_order=popularity&srpvid=ed21559515340104&srepoch=1785759053&all_sr_blocks=1632874001_433771846_6_0_0&highlighted_blocks=1632874001_433771846_6_0_0&matching_block_id=1632874001_433771846_6_0_0&sr_pri_blocks=1632874001_433771846_6_0_0__1350000&from=searchresults,13500,6.7,19.0,Islamabad,6.2,Two-Bedroom Apartment,"4 beds (2 sofa beds, 2 large doubles)",0,1,1,https://cf.bstatic.com/xdata/images/hotel/square240/862870188.webp?k=247da91281aedae982c404b15d2cbce42af8dc6275773148ad4783d61fbc57a3&o=,4,Islamabad
The Guest House Islamabad G-13,https://www.booking.com/hotel/pk/the-guest-house-islamabad-g-13-islamabad2.en-gb.html?aid=304142&label=gen173nr-10CAQoggJCDWNpdHlfLTI3NjI4MTJICVgEaLUBiAEBmAEzuAEHyAEM2AED6AEB-AEBiAIBqAIBuAKqisLTBsACAdICJGIyYWUwNDZiLWE5YmEtNGI1Yi05MjRjLWFkYWU5NDcwN2MxM9gCAeACAQ&ucfs=1&arphpl=1&checkin=2026-08-06&checkout=2026-08-07&dest_id=-2762812&dest_type=city&group_adults=2&req_adults=2&no_rooms=1&group_children=0&req_children=0&hpos=21&hapos=284&sr_order=popularity&srpvid=ed21559515340104&srepoch=1785759053&all_sr_blocks=1691198501_440770530_2_0_0&highlighted_blocks=1691198501_440770530_2_0_0&matching_block_id=1691198501_440770530_2_0_0&sr_pri_blocks=1691198501_440770530_2_0_0__2828664&from=searchresults,28287,,,Islamabad,14.0,Double Room,1 double bed,0,1,1,https://cf.bstatic.com/xdata/images/hotel/square240/896832761.webp?k=46596c08321c60f990d9d54a8c941e8bbeb7d78df610c64f51db0fafb603e8ba&o=,5,Islamabad
Bridge Residency-2 Top City-1 Islamabad,https://www.booking.com/hotel/pk/bridge-residency-2-top-city1-islamabad.en-gb.html?aid=304142&label=gen173nr-10CAQoggJCDWNpdHlfLTI3NjI4MTJICVgEaLUBiAEBmAEzuAEHyAEM2AED6AEB-AEBiAIBqAIBuAKqisLTBsACAdICJGIyYWUwNDZiLWE5YmEtNGI1Yi05MjRjLWFkYWU5NDcwN2MxM9gCAeACAQ&ucfs=1&arphpl=1&checkin=2026-08-06&checkout=2026-08-07&dest_id=-2762812&dest_type=city&group_adults=2&req_adults=2&no_rooms=1&group_children=0&req_children=0&hpos=22&hapos=285&sr_order=popularity&srpvid=ed21559515340104&srepoch=1785759053&all_sr_blocks=1326319801_414130517_2_1_0&highlighted_blocks=1326319801_414130517_2_1_0&matching_block_id=1326319801_414130517_2_1_0&sr_pri_blocks=1326319801_414130517_2_1_0__567450&from=searchresults,5675,8.3,96.0,Islamabad,27.0,Deluxe Room,1 large double bed,1,0,0,https://cf.bstatic.com/xdata/images/hotel/square240/877320449.webp?k=586f2942ef167c706e9d42a9a42e9e9d9a642276e9a779617ff94756e94c569d&o=,3,Islamabad
Luxvill Hotel,https://www.booking.com/hotel/pk/luxvill.en-gb.html?aid=304142&label=gen173nr-10CAQoggJCDWNpdHlfLTI3NjI4MTJICVgEaLUBiAEBmAEzuAEHyAEM2AED6AEB-AEBiAIBqAIBuAKqisLTBsACAdICJGIyYWUwNDZiLWE5YmEtNGI1Yi05MjRjLWFkYWU5NDcwN2MxM9gCAeACAQ&ucfs=1&arphpl=1&checkin=2026-08-06&checkout=2026-08-07&dest_id=-2762812&dest_type=city&group_adults=2&req_adults=2&no_rooms=1&group_children=0&req_children=0&hpos=23&hapos=286&sr_order=popularity&srpvid=ed21559515340104&srepoch=1785759053&all_sr_blocks=1312458703_404016443_2_0_0&highlighted_blocks=1312458703_404016443_2_0_0&matching_block_id=1312458703_404016443_2_0_0&sr_pri_blocks=1312458703_404016443_2_0_0__954000&from=searchresults,9540,8.5,128.0,"G-9 Sector, Islamabad",7.5,Queen Room,1 double bed,0,0,0,https://cf.bstatic.com/xdata/images/hotel/square240/643199752.webp?k=85a931fde722723a539326b83aad950e5eb03fb944695ed07227183af2e623fd&o=,3,Islamabad
The loft single 2,https://www.booking.com/hotel/pk/the-loft-single-2.en-gb.html?aid=304142&label=gen173nr-10CAQoggJCDWNpdHlfLTI3NjI4MTJICVgEaLUBiAEBmAEzuAEHyAEM2AED6AEB-AEBiAIBqAIBuAKqisLTBsACAdICJGIyYWUwNDZiLWE5YmEtNGI1Yi05MjRjLWFkYWU5NDcwN2MxM9gCAeACAQ&ucfs=1&arphpl=1&checkin=2026-08-06&checkout=2026-08-07&dest_id=-2762812&dest_type=city&group_adults=2&req_adults=2&no_rooms=1&group_children=0&req_children=0&hpos=1&hapos=287&sr_order=popularity&srpvid=ed21559515340104&srepoch=1785759056&all_sr_blocks=1423746001_414005836_2_0_0&highlighted_blocks=1423746001_414005836_2_0_0&matching_block_id=1423746001_414005836_2_0_0&sr_pri_blocks=1423746001_414005836_2_0_0__400000&from=searchresults,4000,5.2,9.0,Islamabad,11.6,One-Bedroom Apartment,1 double bed,0,1,1,https://cf.bstatic.com/xdata/images/hotel/square240/688490353.webp?k=f937ca1fe9099b5f9dbda76fe4f3bd27dd22f877596ae5c8a17a50906d96d9fc&o=,4,Islamabad
Centaurus Apartments - BookMyStay,https://www.booking.com/hotel/pk/2-bed-apartment-for-short-stay.en-gb.html?aid=304142&label=gen173nr-10CAQoggJCDWNpdHlfLTI3NjI4MTJICVgEaLUBiAEBmAEzuAEHyAEM2AED6AEB-AEBiAIBqAIBuAKqisLTBsACAdICJGIyYWUwNDZiLWE5YmEtNGI1Yi05MjRjLWFkYWU5NDcwN2MxM9gCAeACAQ&ucfs=1&arphpl=1&checkin=2026-08-06&checkout=2026-08-07&dest_id=-2762812&dest_type=city&group_adults=2&req_adults=2&no_rooms=1&group_children=0&req_children=0&hpos=2&hapos=288&sr_order=popularity&srpvid=ed21559515340104&srepoch=1785759056&all_sr_blocks=1175230002_431851623_2_1_0_1416137&highlighted_blocks=1175230002_431851623_2_1_0_1416137&matching_block_id=1175230002_431851623_2_1_0_1416137&sr_pri_blocks=1175230002_431851623_2_1_0_1416137_2772000&from=searchresults,27720,8.0,44.0,"Blue Area, Islamabad",4.6,Studio Apartment with King Bed,Studio Apartment with King Bed,1,1,1,https://cf.bstatic.com/xdata/images/hotel/square240/871641658.webp?k=9df465610974ccd9df42e933a65813e26c0dbffeb5a3a00c402f9ec61f683c0b&o=,16,Islamabad
Islamabad Family Lodges Guest House,https://www.booking.com/hotel/pk/dream-home-family-guest-house.en-gb.html?aid=304142&label=gen173nr-10CAQoggJCDWNpdHlfLTI3NjI4MTJICVgEaLUBiAEBmAEzuAEHyAEM2AED6AEB-AEBiAIBqAIBuAKqisLTBsACAdICJGIyYWUwNDZiLWE5YmEtNGI1Yi05MjRjLWFkYWU5NDcwN2MxM9gCAeACAQ&ucfs=1&arphpl=1&checkin=2026-08-06&checkout=2026-08-07&dest_id=-2762812&dest_type=city&group_adults=2&req_adults=2&no_rooms=1&group_children=0&req_children=0&hpos=3&hapos=289&sr_order=popularity&srpvid=ed21559515340104&srepoch=1785759056&all_sr_blocks=1209906805_419814599_0_2_0&highlighted_blocks=1209906805_419814599_0_2_0&matching_block_id=1209906805_419814599_0_2_0&sr_pri_blocks=1209906805_419814599_0_2_0__855000&from=searchresults,8550,8.0,42.0,"E-11 Sector, Islamabad",11.1,Deluxe Double Room,"2 beds (1 double, 1 futon)",0,0,0,https://cf.bstatic.com/xdata/images/hotel/square240/696168439.webp?k=fcbb91a0782a49509576f2130eb88383456fa52a8a26cffa0f29a895f9ca8440&o=,13,Islamabad
ELYSIUM TOWER Premium Serviced Apartments Facing Centaurus Mall Islamabad,https://www.booking.com/hotel/pk/daycsh.en-gb.html?aid=304142&label=gen173nr-10CAQoggJCDWNpdHlfLTI3NjI4MTJICVgEaLUBiAEBmAEzuAEHyAEM2AED6AEB-AEBiAIBqAIBuAKqisLTBsACAdICJGIyYWUwNDZiLWE5YmEtNGI1Yi05MjRjLWFkYWU5NDcwN2MxM9gCAeACAQ&ucfs=1&arphpl=1&checkin=2026-08-06&checkout=2026-08-07&dest_id=-2762812&dest_type=city&group_adults=2&req_adults=2&no_rooms=1&group_children=0&req_children=0&hpos=4&hapos=290&sr_order=popularity&srpvid=ed21559515340104&srepoch=1785759056&all_sr_blocks=1628182702_433438559_0_2_0&highlighted_blocks=1628182702_433438559_0_2_0&matching_block_id=1628182702_433438559_0_2_0&sr_pri_blocks=1628182702_433438559_0_2_0__2200000&from=searchresults,22000,6.6,11.0,"Blue Area, Islamabad",4.6,Deluxe King Studio,1 double bed,0,1,0,https://cf.bstatic.com/xdata/images/hotel/square240/860617453.webp?k=b4aaa245e4b82e4230c94d778ba5332115a3916aaee4b3b0fff3ffaaca2b6cc2&o=,9,Islamabad
The Luxury Islamabad Guest House,https://www.booking.com/hotel/pk/the-luxury-islamabad-guest-house.en-gb.html?aid=304142&label=gen173nr-10CAQoggJCDWNpdHlfLTI3NjI4MTJICVgEaLUBiAEBmAEzuAEHyAEM2AED6AEB-AEBiAIBqAIBuAKqisLTBsACAdICJGIyYWUwNDZiLWE5YmEtNGI1Yi05MjRjLWFkYWU5NDcwN2MxM9gCAeACAQ&ucfs=1&arphpl=1&checkin=2026-08-06&checkout=2026-08-07&dest_id=-2762812&dest_type=city&group_adults=2&req_adults=2&no_rooms=1&group_children=0&req_children=0&hpos=5&hapos=291&sr_order=popularity&srpvid=ed21559515340104&srepoch=1785759056&all_sr_blocks=1518504801_423547333_2_2_0&highlighted_blocks=1518504801_423547333_2_2_0&matching_block_id=1518504801_423547333_2_2_0&sr_pri_blocks=1518504801_423547333_2_2_0__676875&from=searchresults,6769,6.8,6.0,"F-7 Sector, Islamabad",4.2,Standard Double Room,"2 beds (1 double, 1 futon)",0,1,1,https://cf.bstatic.com/xdata/images/hotel/square240/852943387.webp?k=f2245edb9c33b6ffdc05e40e54e93a3a69c174a22cbcb6441b69bcfc5f9633af&o=,11,Islamabad
Islamabad Roova Guest House,https://www.booking.com/hotel/pk/guest-house-in-f7-islamabad.en-gb.html?aid=304142&label=gen173nr-10CAQoggJCDWNpdHlfLTI3NjI4MTJICVgEaLUBiAEBmAEzuAEHyAEM2AED6AEB-AEBiAIBqAIBuAKqisLTBsACAdICJGIyYWUwNDZiLWE5YmEtNGI1Yi05MjRjLWFkYWU5NDcwN2MxM9gCAeACAQ&ucfs=1&arphpl=1&checkin=2026-08-06&checkout=2026-08-07&dest_id=-2762812&dest_type=city&group_adults=2&req_adults=2&no_rooms=1&group_children=0&req_children=0&hpos=6&hapos=292&sr_order=popularity&srpvid=ed21559515340104&srepoch=1785759056&all_sr_blocks=1195834504_391858013_2_0_0&highlighted_blocks=1195834504_391858013_2_0_0&matching_block_id=1195834504_391858013_2_0_0&sr_pri_blocks=1195834504_391858013_2_0_0__400000&from=searchresults,4000,4.4,5.0,"F-8 Sector, Islamabad",5.1,Tent,2 futon beds,0,1,1,https://cf.bstatic.com/xdata/images/hotel/square240/799778257.webp?k=26b9fe73ba9ca78bdf4367bfe84860d61523aa13c3d3c093ffef570204e5e3b0&o=,4,Islamabad
ZOYO Rooms F17 Markaz Islamabad,https://www.booking.com/hotel/pk/zoyo-rooms-f17-markaz-islamabad.en-gb.html?aid=304142&label=gen173nr-10CAQoggJCDWNpdHlfLTI3NjI4MTJICVgEaLUBiAEBmAEzuAEHyAEM2AED6AEB-AEBiAIBqAIBuAKqisLTBsACAdICJGIyYWUwNDZiLWE5YmEtNGI1Yi05MjRjLWFkYWU5NDcwN2MxM9gCAeACAQ&ucfs=1&arphpl=1&checkin=2026-08-06&checkout=2026-08-07&dest_id=-2762812&dest_type=city&group_adults=2&req_adults=2&no_rooms=1&group_children=0&req_children=0&hpos=7&hapos=293&sr_order=popularity&srpvid=ed21559515340104&srepoch=1785759056&all_sr_blocks=1694129301_441062254_3_0_0&highlighted_blocks=1694129301_441062254_3_0_0&matching_block_id=1694129301_441062254_3_0_0&sr_pri_blocks=1694129301_441062254_3_0_0__127500&from=searchresults,1275,,,Islamabad,22.4,One-Bedroom Apartment,1 double bed,0,1,1,https://cf.bstatic.com/xdata/images/hotel/square240/898864279.webp?k=959f3673aad005caa6d7207873969e5f3c2fdceddc505119fcce026e2223540f&o=,4,Islamabad
Hotel AL MARKAZ,https://www.booking.com/hotel/pk/al-markaz.en-gb.html?aid=304142&label=gen173nr-10CAQoggJCDWNpdHlfLTI3NjI4MTJICVgEaLUBiAEBmAEzuAEHyAEM2AED6AEB-AEBiAIBqAIBuAKqisLTBsACAdICJGIyYWUwNDZiLWE5YmEtNGI1Yi05MjRjLWFkYWU5NDcwN2MxM9gCAeACAQ&ucfs=1&arphpl=1&checkin=2026-08-06&checkout=2026-08-07&dest_id=-2762812&dest_type=city&group_adults=2&req_adults=2&no_rooms=1&group_children=0&req_children=0&hpos=8&hapos=294&sr_order=popularity&srpvid=ed21559515340104&srepoch=1785759056&all_sr_blocks=553193503_204318344_2_1_0&highlighted_blocks=553193503_204318344_2_1_0&matching_block_id=553193503_204318344_2_1_0&sr_pri_blocks=553193503_204318344_2_1_0__540000&from=searchresults,5400,7.0,51.0,"G-7 Sector, Islamabad",3.5,Budget Twin Room,Multiple bed types,1,1,0,https://cf.bstatic.com/xdata/images/hotel/square240/366751083.webp?k=76526cc4ff16a18eccaf1198f509974507678f64f0e23e814cb0c55b1c96de95&o=,7,Islamabad
ALZAHIR HOTEL & Guesthouse,https://www.booking.com/hotel/pk/alzahir-amp-guesthouse-islamabad.en-gb.html?aid=304142&label=gen173nr-10CAQoggJCDWNpdHlfLTI3NjI4MTJICVgEaLUBiAEBmAEzuAEHyAEM2AED6AEB-AEBiAIBqAIBuAKqisLTBsACAdICJGIyYWUwNDZiLWE5YmEtNGI1Yi05MjRjLWFkYWU5NDcwN2MxM9gCAeACAQ&ucfs=1&arphpl=1&checkin=2026-08-06&checkout=2026-08-07&dest_id=-2762812&dest_type=city&group_adults=2&req_adults=2&no_rooms=1&group_children=0&req_children=0&hpos=9&hapos=295&sr_order=popularity&srpvid=ed21559515340104&srepoch=1785759056&all_sr_blocks=1543025704_429326593_2_2_0&highlighted_blocks=1543025704_429326593_2_2_0&matching_block_id=1543025704_429326593_2_2_0&sr_pri_blocks=1543025704_429326593_2_2_0__166400&from=searchresults,1664,5.1,10.0,Islamabad,7.1,Budget Double Room,2 single beds,0,1,1,https://cf.bstatic.com/xdata/images/hotel/square240/790211449.webp?k=64b22a955d39ac4bb34efda4b50394f5498f45cb2ee87d91b897d0c58067739e&o=,5,Islamabad
Stylish Luxury Apartments In Islamabad,https://www.booking.com/hotel/pk/luxury-one-bedroom-apartment-in-islamabad.en-gb.html?aid=304142&label=gen173nr-10CAQoggJCDWNpdHlfLTI3NjI4MTJICVgEaLUBiAEBmAEzuAEHyAEM2AED6AEB-AEBiAIBqAIBuAKqisLTBsACAdICJGIyYWUwNDZiLWE5YmEtNGI1Yi05MjRjLWFkYWU5NDcwN2MxM9gCAeACAQ&ucfs=1&arphpl=1&checkin=2026-08-06&checkout=2026-08-07&dest_id=-2762812&dest_type=city&group_adults=2&req_adults=2&no_rooms=1&group_children=0&req_children=0&hpos=10&hapos=296&sr_order=popularity&srpvid=ed21559515340104&srepoch=1785759056&all_sr_blocks=1610869801_432002703_4_0_0&highlighted_blocks=1610869801_432002703_4_0_0&matching_block_id=1610869801_432002703_4_0_0&sr_pri_blocks=1610869801_432002703_4_0_0__650000&from=searchresults,6500,,,"E-11 Sector, Islamabad",10.8,One-Bedroom Apartment,1 double bed,0,1,1,https://cf.bstatic.com/xdata/images/hotel/square240/848348275.webp?k=cb337ece0115097f191a92cb5fec6a2590c9c62e0d8fdf93d6d7b9b6c911f602&o=,4,Islamabad
Alzahir GUESTHOUSE & HOTEL,https://www.booking.com/hotel/pk/alzahir.en-gb.html?aid=304142&label=gen173nr-10CAQoggJCDWNpdHlfLTI3NjI4MTJICVgEaLUBiAEBmAEzuAEHyAEM2AED6AEB-AEBiAIBqAIBuAKqisLTBsACAdICJGIyYWUwNDZiLWE5YmEtNGI1Yi05MjRjLWFkYWU5NDcwN2MxM9gCAeACAQ&ucfs=1&arphpl=1&checkin=2026-08-06&checkout=2026-08-07&dest_id=-2762812&dest_type=city&group_adults=2&req_adults=2&no_rooms=1&group_children=0&req_children=0&hpos=11&hapos=297&sr_order=popularity&srpvid=ed21559515340104&srepoch=1785759056&all_sr_blocks=1565797302_427856662_2_0_0&highlighted_blocks=1565797302_427856662_2_0_0&matching_block_id=1565797302_427856662_2_0_0&sr_pri_blocks=1565797302_427856662_2_0_0__225000&from=searchresults,2250,3.3,3.0,Islamabad,7.1,Budget Double Room,2 single beds,0,1,1,https://cf.bstatic.com/xdata/images/hotel/square240/809844842.webp?k=5af6cc29310875f2f0617172681578478db71f3d056e4f2e8190a009897780a7&o=,4,Islamabad
Budget In Guest House,https://www.booking.com/hotel/pk/budget-in-guest-house-islamabad.en-gb.html?aid=304142&label=gen173nr-10CAQoggJCDWNpdHlfLTI3NjI4MTJICVgEaLUBiAEBmAEzuAEHyAEM2AED6AEB-AEBiAIBqAIBuAKqisLTBsACAdICJGIyYWUwNDZiLWE5YmEtNGI1Yi05MjRjLWFkYWU5NDcwN2MxM9gCAeACAQ&ucfs=1&arphpl=1&checkin=2026-08-06&checkout=2026-08-07&dest_id=-2762812&dest_type=city&group_adults=2&req_adults=2&no_rooms=1&group_children=0&req_children=0&hpos=12&hapos=298&sr_order=popularity&srpvid=ed21559515340104&srepoch=1785759056&all_sr_blocks=1560111003_427115368_7_1_0&highlighted_blocks=1560111003_427115368_7_1_0&matching_block_id=1560111003_427115368_7_1_0&sr_pri_blocks=1560111003_427115368_7_1_0__550000&from=searchresults,5500,4.0,3.0,"G-9 Sector, Islamabad",6.5,Deluxe Family Room,"5 beds (2 singles, 2 doubles, 1 sofa bed)",1,1,1,https://cf.bstatic.com/xdata/images/hotel/square240/881346296.webp?k=cf83f3e6d3e317e97268e1bf07e85c9fd2a2cb3682b3de0cf4b0e9dc2413a75b&o=,4,Islamabad
430 Guest House Islamabad,https://www.booking.com/hotel/pk/430-guest-house-islamabad.en-gb.html?aid=304142&label=gen173nr-10CAQoggJCDWNpdHlfLTI3NjI4MTJICVgEaLUBiAEBmAEzuAEHyAEM2AED6AEB-AEBiAIBqAIBuAKqisLTBsACAdICJGIyYWUwNDZiLWE5YmEtNGI1Yi05MjRjLWFkYWU5NDcwN2MxM9gCAeACAQ&ucfs=1&arphpl=1&checkin=2026-08-06&checkout=2026-08-07&dest_id=-2762812&dest_type=city&group_adults=2&req_adults=2&no_rooms=1&group_children=0&req_children=0&hpos=13&hapos=299&sr_order=popularity&srpvid=ed21559515340104&srepoch=1785759056&all_sr_blocks=1577156401_428819097_2_0_0&highlighted_blocks=1577156401_428819097_2_0_0&matching_block_id=1577156401_428819097_2_0_0&sr_pri_blocks=1577156401_428819097_2_0_0__500000&from=searchresults,5000,9.5,4.0,Islamabad,19.4,Double Room,1 double bed,0,1,1,https://cf.bstatic.com/xdata/images/hotel/square240/819398567.webp?k=8c74b975f944efebd521cadd3fd24406ff541f8881c04410e229f85be947a956&o=,6,Islamabad
Mountain Villa Family Guest House,https://www.booking.com/hotel/pk/mountain-villa-guest-house.en-gb.html?aid=304142&label=gen173nr-10CAQoggJCDWNpdHlfLTI3NjI4MTJICVgEaLUBiAEBmAEzuAEHyAEM2AED6AEB-AEBiAIBqAIBuAKqisLTBsACAdICJGIyYWUwNDZiLWE5YmEtNGI1Yi05MjRjLWFkYWU5NDcwN2MxM9gCAeACAQ&ucfs=1&arphpl=1&checkin=2026-08-06&checkout=2026-08-07&dest_id=-2762812&dest_type=city&group_adults=2&req_adults=2&no_rooms=1&group_children=0&req_children=0&hpos=14&hapos=300&sr_order=popularity&srpvid=ed21559515340104&srepoch=1785759056&all_sr_blocks=1209801506_393142608_2_32_0&highlighted_blocks=1209801506_393142608_2_32_0&matching_block_id=1209801506_393142608_2_32_0&sr_pri_blocks=1209801506_393142608_2_32_0__700000&from=searchresults,7000,8.6,26.0,"E-11 Sector, Islamabad",10.6,Deluxe Double Room,1 large double bed,0,1,1,https://cf.bstatic.com/xdata/images/hotel/square240/828637563.webp?k=5eacc2211bd41ccedbefb436f9211fe4b6050cbdeb07b96385a1fd9d09ba739c&o=,15,Islamabad
Luxury 1BHK Free WiFi H-13 Islamabad,https://www.booking.com/hotel/pk/luxury-1bhk-free-wifi-h-13-islamabad.en-gb.html?aid=304142&label=gen173nr-10CAQoggJCDWNpdHlfLTI3NjI4MTJICVgEaLUBiAEBmAEzuAEHyAEM2AED6AEB-AEBiAIBqAIBuAKqisLTBsACAdICJGIyYWUwNDZiLWE5YmEtNGI1Yi05MjRjLWFkYWU5NDcwN2MxM9gCAeACAQ&ucfs=1&arphpl=1&checkin=2026-08-06&checkout=2026-08-07&dest_id=-2762812&dest_type=city&group_adults=2&req_adults=2&no_rooms=1&group_children=0&req_children=0&hpos=15&hapos=301&sr_order=popularity&srpvid=ed21559515340104&srepoch=1785759056&all_sr_blocks=1673225301_439091926_3_0_0&highlighted_blocks=1673225301_439091926_3_0_0&matching_block_id=1673225301_439091926_3_0_0&sr_pri_blocks=1673225301_439091926_3_0_0__637500&from=searchresults,6375,,,Islamabad,14.1,One-Bedroom Apartment,"2 beds (1 double, 1 sofa bed)",0,1,1,https://cf.bstatic.com/xdata/images/hotel/square240/887144746.webp?k=ab170bbef185121a2e8ab46afdeaadce5ff87d8fd1d4f3bbea923751b410b1ea&o=,4,Islamabad
Western Lodge Guest House Islamabad,https://www.booking.com/hotel/pk/western-lodge.en-gb.html?aid=304142&label=gen173nr-10CAQoggJCDWNpdHlfLTI3NjI4MTJICVgEaLUBiAEBmAEzuAEHyAEM2AED6AEB-AEBiAIBqAIBuAKqisLTBsACAdICJGIyYWUwNDZiLWE5YmEtNGI1Yi05MjRjLWFkYWU5NDcwN2MxM9gCAeACAQ&ucfs=1&arphpl=1&checkin=2026-08-06&checkout=2026-08-07&dest_id=-2762812&dest_type=city&group_adults=2&req_adults=2&no_rooms=1&group_children=0&req_children=0&hpos=16&hapos=302&sr_order=popularity&srpvid=ed21559515340104&srepoch=1785759056&all_sr_blocks=1209284906_400740961_0_2_0&highlighted_blocks=1209284906_400740961_0_2_0&matching_block_id=1209284906_400740961_0_2_0&sr_pri_blocks=1209284906_400740961_0_2_0__745200&from=searchresults,7452,8.0,95.0,"E-11 Sector, Islamabad",11.3,Deluxe Double Room,"3 beds (1 large double, 2 futons)",0,0,0,https://cf.bstatic.com/xdata/images/hotel/square240/596467282.webp?k=efee6f6ac7eded79f68bffc7a9f11402e19cf8dc3ffffbdd7361c14b747d7bfb&o=,11,Islamabad
Centaurus Luxe 1BR Apartment with Pool and Gym,https://www.booking.com/hotel/pk/centaurus-luxe-1br-apartment-with-pool-and-gym.en-gb.html?aid=304142&label=gen173nr-10CAQoggJCDWNpdHlfLTI3NjI4MTJICVgEaLUBiAEBmAEzuAEHyAEM2AED6AEB-AEBiAIBqAIBuAKqisLTBsACAdICJGIyYWUwNDZiLWE5YmEtNGI1Yi05MjRjLWFkYWU5NDcwN2MxM9gCAeACAQ&ucfs=1&arphpl=1&checkin=2026-08-06&checkout=2026-08-07&dest_id=-2762812&dest_type=city&group_adults=2&req_adults=2&no_rooms=1&group_children=0&req_children=0&hpos=17&hapos=303&sr_order=popularity&srpvid=ed21559515340104&srepoch=1785759056&all_sr_blocks=1618354801_432674896_3_0_0&highlighted_blocks=1618354801_432674896_3_0_0&matching_block_id=1618354801_432674896_3_0_0&sr_pri_blocks=1618354801_432674896_3_0_0__2700000&from=searchresults,27000,10,1.0,"Blue Area, Islamabad",4.6,One-Bedroom Apartment,"2 beds (1 double, 1 futon)",0,0,0,https://cf.bstatic.com/xdata/images/hotel/square240/853774178.webp?k=f80ab0845814273406392f80e8478b03bb1fef3d506bfee911828ef98b582474&o=,10,Islamabad
Modern 2 BHK Apartment Near Islamabad Airport,https://www.booking.com/hotel/pk/modern-2-bhk-apartment-near-islamabad-airport.en-gb.html?aid=304142&label=gen173nr-10CAQoggJCDWNpdHlfLTI3NjI4MTJICVgEaLUBiAEBmAEzuAEHyAEM2AED6AEB-AEBiAIBqAIBuAKqisLTBsACAdICJGIyYWUwNDZiLWE5YmEtNGI1Yi05MjRjLWFkYWU5NDcwN2MxM9gCAeACAQ&ucfs=1&arphpl=1&checkin=2026-08-06&checkout=2026-08-07&dest_id=-2762812&dest_type=city&group_adults=2&req_adults=2&no_rooms=1&group_children=0&req_children=0&hpos=18&hapos=304&sr_order=popularity&srpvid=ed21559515340104&srepoch=1785759056&all_sr_blocks=1582822701_429396355_5_0_0&highlighted_blocks=1582822701_429396355_5_0_0&matching_block_id=1582822701_429396355_5_0_0&sr_pri_blocks=1582822701_429396355_5_0_0__690000&from=searchresults,6900,8.0,1.0,Islamabad,25.8,Two-Bedroom Apartment,"3 beds (2 doubles, 1 sofa bed)",0,1,1,https://cf.bstatic.com/xdata/images/hotel/square240/825221816.webp?k=bb29457d831671a1065460dd52ecfd13eb3934741270612f1edf8b64370dc5d3&o=,4,Islamabad
My New Heaven Guest House Islamabad,https://www.booking.com/hotel/pk/my-new-heaven-guest-house-islamabad.en-gb.html?aid=304142&label=gen173nr-10CAQoggJCDWNpdHlfLTI3NjI4MTJICVgEaLUBiAEBmAEzuAEHyAEM2AED6AEB-AEBiAIBqAIBuAKqisLTBsACAdICJGIyYWUwNDZiLWE5YmEtNGI1Yi05MjRjLWFkYWU5NDcwN2MxM9gCAeACAQ&ucfs=1&arphpl=1&checkin=2026-08-06&checkout=2026-08-07&dest_id=-2762812&dest_type=city&group_adults=2&req_adults=2&no_rooms=1&group_children=0&req_children=0&hpos=19&hapos=305&sr_order=popularity&srpvid=ed21559515340104&srepoch=1785759056&all_sr_blocks=1537177801_425183777_3_2_0&highlighted_blocks=1537177801_425183777_3_2_0&matching_block_id=1537177801_425183777_3_2_0&sr_pri_blocks=1537177801_425183777_3_2_0__699900&from=searchresults,6999,7.9,8.0,"G-9 Sector, Islamabad",7.2,Double Room,1 double bed,0,1,1,https://cf.bstatic.com/xdata/images/hotel/square240/785661331.webp?k=a2ccf55722423d9335abfd5ec34b3fdf735b84029a2d08d3716ab959b430782e&o=,4,Islamabad
Private and Charm 1Bed Apartment- AC- WiFi- Self-CheckIN - E11 - ISLAMABAD,https://www.booking.com/hotel/pk/private-and-charm-1bed-apartment-ac-wifi-self-checkin.en-gb.html?aid=304142&label=gen173nr-10CAQoggJCDWNpdHlfLTI3NjI4MTJICVgEaLUBiAEBmAEzuAEHyAEM2AED6AEB-AEBiAIBqAIBuAKqisLTBsACAdICJGIyYWUwNDZiLWE5YmEtNGI1Yi05MjRjLWFkYWU5NDcwN2MxM9gCAeACAQ&ucfs=1&arphpl=1&checkin=2026-08-06&checkout=2026-08-07&dest_id=-2762812&dest_type=city&group_adults=2&req_adults=2&no_rooms=1&group_children=0&req_children=0&hpos=20&hapos=306&sr_order=popularity&srpvid=ed21559515340104&srepoch=1785759056&all_sr_blocks=1398336801_418673558_3_0_0&highlighted_blocks=1398336801_418673558_3_0_0&matching_block_id=1398336801_418673558_3_0_0&sr_pri_blocks=1398336801_418673558_3_0_0__760000&from=searchresults,7600,7.8,43.0,"F-7 Sector, Islamabad",3.4,Two-Bedroom Apartment,"2 beds (1 single, 1 double)",0,0,1,https://cf.bstatic.com/xdata/images/hotel/square240/861449860.webp?k=2486b203bcb678bf4f081adc65e807aba93256e639c545b2ef6a1a7fbc152259&o=,5,Islamabad
AZH Hotel & Rooms,https://www.booking.com/hotel/pk/azh-amp-rooms.en-gb.html?aid=304142&label=gen173nr-10CAQoggJCDWNpdHlfLTI3NjI4MTJICVgEaLUBiAEBmAEzuAEHyAEM2AED6AEB-AEBiAIBqAIBuAKqisLTBsACAdICJGIyYWUwNDZiLWE5YmEtNGI1Yi05MjRjLWFkYWU5NDcwN2MxM9gCAeACAQ&ucfs=1&arphpl=1&checkin=2026-08-06&checkout=2026-08-07&dest_id=-2762812&dest_type=city&group_adults=2&req_adults=2&no_rooms=1&group_children=0&req_children=0&hpos=21&hapos=307&sr_order=popularity&srpvid=ed21559515340104&srepoch=1785759056&all_sr_blocks=1691978902_440845661_2_0_0&highlighted_blocks=1691978902_440845661_2_0_0&matching_block_id=1691978902_440845661_2_0_0&sr_pri_blocks=1691978902_440845661_2_0_0__300000&from=searchresults,3000,,,Islamabad,7.1,Double or Twin Room with Bathroom,2 single beds,0,1,1,https://cf.bstatic.com/xdata/images/hotel/square240/897356805.webp?k=2f10f069b17a6c09489cc57e096cf1a78dd02144bd956e213bc3ed24098a5708&o=,4,Islamabad
F11 Executive 2Bhk Apartment Cozy Style and Comfort stay,https://www.booking.com/hotel/pk/abdul-mateen-2bhk-luxury-apartment-for-family.en-gb.html?aid=304142&label=gen173nr-10CAQoggJCDWNpdHlfLTI3NjI4MTJICVgEaLUBiAEBmAEzuAEHyAEM2AED6AEB-AEBiAIBqAIBuAKqisLTBsACAdICJGIyYWUwNDZiLWE5YmEtNGI1Yi05MjRjLWFkYWU5NDcwN2MxM9gCAeACAQ&ucfs=1&arphpl=1&checkin=2026-08-06&checkout=2026-08-07&dest_id=-2762812&dest_type=city&group_adults=2&req_adults=2&no_rooms=1&group_children=0&req_children=0&hpos=22&hapos=308&sr_order=popularity&srpvid=ed21559515340104&srepoch=1785759056&all_sr_blocks=1695830001_441265791_6_0_0&highlighted_blocks=1695830001_441265791_6_0_0&matching_block_id=1695830001_441265791_6_0_0&sr_pri_blocks=1695830001_441265791_6_0_0__1453500&from=searchresults,14535,10,3.0,Islamabad,10.9,Two-Bedroom Apartment,"3 beds (2 extra-large doubles, 1 sofa bed)",0,1,1,https://cf.bstatic.com/xdata/images/hotel/square240/900074426.webp?k=72db8d812a4ca1cc596d8ccaf8e2223a4430f8bef12ef69178656afd616a5fdf&o=,4,Islamabad
The Emrald Villa G-10 Islamabad,https://www.booking.com/hotel/pk/khudadad-suites.en-gb.html?aid=304142&label=gen173nr-10CAQoggJCDWNpdHlfLTI3NjI4MTJICVgEaLUBiAEBmAEzuAEHyAEM2AED6AEB-AEBiAIBqAIBuAKqisLTBsACAdICJGIyYWUwNDZiLWE5YmEtNGI1Yi05MjRjLWFkYWU5NDcwN2MxM9gCAeACAQ&ucfs=1&arphpl=1&checkin=2026-08-06&checkout=2026-08-07&dest_id=-2762812&dest_type=city&group_adults=2&req_adults=2&no_rooms=1&group_children=0&req_children=0&hpos=23&hapos=309&sr_order=popularity&srpvid=ed21559515340104&srepoch=1785759056&all_sr_blocks=1066025901_379001140_9_0_0&highlighted_blocks=1066025901_379001140_9_0_0&matching_block_id=1066025901_379001140_9_0_0&sr_pri_blocks=1066025901_379001140_9_0_0__2080000&from=searchresults,20800,8.0,8.0,"E-11 Sector, Islamabad",11.3,Three-Bedroom Villa,"8 beds (2 singles, 1 extra-large double, 4 sofa beds, 1 large double)",0,1,1,https://cf.bstatic.com/xdata/images/hotel/square240/868907991.webp?k=080d386e3abd1d4ad073f1c51040df351459c3ec76b944e46ce5ca756fc2bab2&o=,5,Islamabad
Hotel Star Islamabad,https://www.booking.com/hotel/pk/star-islamabad.en-gb.html?aid=304142&label=gen173nr-10CAQoggJCDWNpdHlfLTI3NjI4MTJICVgEaLUBiAEBmAEzuAEHyAEM2AED6AEB-AEBiAIBqAIBuAKqisLTBsACAdICJGIyYWUwNDZiLWE5YmEtNGI1Yi05MjRjLWFkYWU5NDcwN2MxM9gCAeACAQ&ucfs=1&arphpl=1&checkin=2026-08-06&checkout=2026-08-07&dest_id=-2762812&dest_type=city&group_adults=2&req_adults=2&no_rooms=1&group_children=0&req_children=0&hpos=1&hapos=310&sr_order=popularity&srpvid=ed21559515340104&srepoch=1785759059&all_sr_blocks=1233975405_395365889_2_0_0&highlighted_blocks=1233975405_395365889_2_0_0&matching_block_id=1233975405_395365889_2_0_0&sr_pri_blocks=1233975405_395365889_2_0_0__1125000&from=searchresults,11250,9.0,35.0,"G-7 Sector, Islamabad",3.4,Standard Double Room,1 large double bed,0,0,1,https://cf.bstatic.com/xdata/images/hotel/square240/857022677.webp?k=359a7e3f1953b4d7a25ac418dececbc07912e5788f3e4527fdaa94d1ee4ed703&o=,11,Islamabad
The City Lodge,https://www.booking.com/hotel/pk/the-city-lodge.en-gb.html?aid=304142&label=gen173nr-10CAQoggJCDWNpdHlfLTI3NjI4MTJICVgEaLUBiAEBmAEzuAEHyAEM2AED6AEB-AEBiAIBqAIBuAKqisLTBsACAdICJGIyYWUwNDZiLWE5YmEtNGI1Yi05MjRjLWFkYWU5NDcwN2MxM9gCAeACAQ&ucfs=1&arphpl=1&checkin=2026-08-06&checkout=2026-08-07&dest_id=-2762812&dest_type=city&group_adults=2&req_adults=2&no_rooms=1&group_children=0&req_children=0&hpos=2&hapos=311&sr_order=popularity&srpvid=ed21559515340104&srepoch=1785759059&all_sr_blocks=545935404_397788706_2_1_0&highlighted_blocks=545935404_397788706_2_1_0&matching_block_id=545935404_397788706_2_1_0&sr_pri_blocks=545935404_397788706_2_1_0__685000&from=searchresults,6850,7.3,196.0,"G-6 Sector, Islamabad",2.0,Standard Double Room,1 extra-large double bed,1,0,1,https://cf.bstatic.com/xdata/images/hotel/square240/889666965.webp?k=c59b7bbbb834912053990ed25f19e008c1f7caafae61fbbb25fe925663286806&o=,10,Islamabad
Kulsoom hotel,https://www.booking.com/hotel/pk/kulsoom-islamabad1.en-gb.html?aid=304142&label=gen173nr-10CAQoggJCDWNpdHlfLTI3NjI4MTJICVgEaLUBiAEBmAEzuAEHyAEM2AED6AEB-AEBiAIBqAIBuAKqisLTBsACAdICJGIyYWUwNDZiLWE5YmEtNGI1Yi05MjRjLWFkYWU5NDcwN2MxM9gCAeACAQ&ucfs=1&arphpl=1&checkin=2026-08-06&checkout=2026-08-07&dest_id=-2762812&dest_type=city&group_adults=2&req_adults=2&no_rooms=1&group_children=0&req_children=0&hpos=3&hapos=312&sr_order=popularity&srpvid=ed21559515340104&srepoch=1785759059&all_sr_blocks=1619506201_432780459_2_0_0&highlighted_blocks=1619506201_432780459_2_0_0&matching_block_id=1619506201_432780459_2_0_0&sr_pri_blocks=1619506201_432780459_2_0_0__400000&from=searchresults,4000,5.0,1.0,"G-9 Sector, Islamabad",6.8,Double Room,"8 beds (4 singles, 4 doubles)",0,1,1,https://cf.bstatic.com/xdata/images/hotel/square240/854985756.webp?k=c1275b95c7485d138c42168646938de994074bcb92dce99f6fbfbb8115bc7749&o=,8,Islamabad
Midways Guest House and Hotels,https://www.booking.com/hotel/pk/midways-guest-house-and-hotels.en-gb.html?aid=304142&label=gen173nr-10CAQoggJCDWNpdHlfLTI3NjI4MTJICVgEaLUBiAEBmAEzuAEHyAEM2AED6AEB-AEBiAIBqAIBuAKqisLTBsACAdICJGIyYWUwNDZiLWE5YmEtNGI1Yi05MjRjLWFkYWU5NDcwN2MxM9gCAeACAQ&ucfs=1&arphpl=1&checkin=2026-08-06&checkout=2026-08-07&dest_id=-2762812&dest_type=city&group_adults=2&req_adults=2&no_rooms=1&group_children=0&req_children=0&hpos=4&hapos=313&sr_order=popularity&srpvid=ed21559515340104&srepoch=1785759059&all_sr_blocks=1020509501_410357356_0_42_0&highlighted_blocks=1020509501_410357356_0_42_0&matching_block_id=1020509501_410357356_0_42_0&sr_pri_blocks=1020509501_410357356_0_42_0__700000&from=searchresults,7000,8.6,237.0,Islamabad,19.3,Budget Double Room,2 single beds,0,1,0,https://cf.bstatic.com/xdata/images/hotel/square240/694626330.webp?k=12980b46c04e19afc8793ef304e034b66f0c1be40ea2fb083891eaffab1c2093&o=,4,Islamabad
COZY & STYLISH 2 BEDROOM APARTMENT in ISLAMABAD E-11,https://www.booking.com/hotel/pk/2-bedroom-apartment-islamabad9.en-gb.html?aid=304142&label=gen173nr-10CAQoggJCDWNpdHlfLTI3NjI4MTJICVgEaLUBiAEBmAEzuAEHyAEM2AED6AEB-AEBiAIBqAIBuAKqisLTBsACAdICJGIyYWUwNDZiLWE5YmEtNGI1Yi05MjRjLWFkYWU5NDcwN2MxM9gCAeACAQ&ucfs=1&arphpl=1&checkin=2026-08-06&checkout=2026-08-07&dest_id=-2762812&dest_type=city&group_adults=2&req_adults=2&no_rooms=1&group_children=0&req_children=0&hpos=5&hapos=314&sr_order=popularity&srpvid=ed21559515340104&srepoch=1785759059&all_sr_blocks=1595792801_430607492_5_0_0&highlighted_blocks=1595792801_430607492_5_0_0&matching_block_id=1595792801_430607492_5_0_0&sr_pri_blocks=1595792801_430607492_5_0_0__960000&from=searchresults,9600,7.1,8.0,"E-11 Sector, Islamabad",12.0,Two-Bedroom Apartment,2 extra-large double beds,0,1,1,https://cf.bstatic.com/xdata/images/hotel/square240/841774031.webp?k=d95bb262382a01a6a92ee4186339625475a0101b5a1a32b09a9aff210627c68b&o=,6,Islamabad
Brand New Luxury Apartment in the Heart of Islamabad Scenic Mountain View Fully Equipped Kitchen Smart TV Netflix ETC,https://www.booking.com/hotel/pk/brand-new-luxury-apartment-in-the-heart-of-islamabad-scenic-mountain-view-fully.en-gb.html?aid=304142&label=gen173nr-10CAQoggJCDWNpdHlfLTI3NjI4MTJICVgEaLUBiAEBmAEzuAEHyAEM2AED6AEB-AEBiAIBqAIBuAKqisLTBsACAdICJGIyYWUwNDZiLWE5YmEtNGI1Yi05MjRjLWFkYWU5NDcwN2MxM9gCAeACAQ&ucfs=1&arphpl=1&checkin=2026-08-06&checkout=2026-08-07&dest_id=-2762812&dest_type=city&group_adults=2&req_adults=2&no_rooms=1&group_children=0&req_children=0&hpos=6&hapos=315&sr_order=popularity&srpvid=ed21559515340104&srepoch=1785759059&all_sr_blocks=1683459801_440088433_2_0_0&highlighted_blocks=1683459801_440088433_2_0_0&matching_block_id=1683459801_440088433_2_0_0&sr_pri_blocks=1683459801_440088433_2_0_0__2000000&from=searchresults,20000,10,3.0,"Blue Area, Islamabad",3.4,One-Bedroom Apartment with City View,"2 beds (1 extra-large double, 1 sofa bed)",0,1,1,https://cf.bstatic.com/xdata/images/hotel/square240/901205349.webp?k=69366ddcdd56eb2df3c16f2211a97b3effd8af8e3998e8150532c5a88a3b22bd&o=,4,Islamabad
Luxury 2 Bedroom Family Apartment E11 Islamabad Free WiFi & Parking,https://www.booking.com/hotel/pk/luxury-2-bedroom-family-apartment-e11-islamabad-free-wifi-amp-parking.en-gb.html?aid=304142&label=gen173nr-10CAQoggJCDWNpdHlfLTI3NjI4MTJICVgEaLUBiAEBmAEzuAEHyAEM2AED6AEB-AEBiAIBqAIBuAKqisLTBsACAdICJGIyYWUwNDZiLWE5YmEtNGI1Yi05MjRjLWFkYWU5NDcwN2MxM9gCAeACAQ&ucfs=1&arphpl=1&checkin=2026-08-06&checkout=2026-08-07&dest_id=-2762812&dest_type=city&group_adults=2&req_adults=2&no_rooms=1&group_children=0&req_children=0&hpos=7&hapos=316&sr_order=popularity&srpvid=ed21559515340104&srepoch=1785759059&all_sr_blocks=1690120201_440651071_3_0_0&highlighted_blocks=1690120201_440651071_3_0_0&matching_block_id=1690120201_440651071_3_0_0&sr_pri_blocks=1690120201_440651071_3_0_0__1360000&from=searchresults,13600,10,1.0,"E-11 Sector, Islamabad",10.8,One-Bedroom Apartment,"2 beds (1 double, 1 sofa bed)",0,1,1,https://cf.bstatic.com/xdata/images/hotel/square240/895925807.webp?k=b83c8eb923e78b8805fcd788833b0500e2464caebed201cbb5e6a79ee8ad8d6c&o=,4,Islamabad
New White Rose Guest House,https://www.booking.com/hotel/pk/new-white-rose-guest-house-islamabad.en-gb.html?aid=304142&label=gen173nr-10CAQoggJCDWNpdHlfLTI3NjI4MTJICVgEaLUBiAEBmAEzuAEHyAEM2AED6AEB-AEBiAIBqAIBuAKqisLTBsACAdICJGIyYWUwNDZiLWE5YmEtNGI1Yi05MjRjLWFkYWU5NDcwN2MxM9gCAeACAQ&ucfs=1&arphpl=1&checkin=2026-08-06&checkout=2026-08-07&dest_id=-2762812&dest_type=city&group_adults=2&req_adults=2&no_rooms=1&group_children=0&req_children=0&hpos=8&hapos=317&sr_order=popularity&srpvid=ed21559515340104&srepoch=1785759059&all_sr_blocks=1304956403_403350572_3_0_0&highlighted_blocks=1304956403_403350572_3_0_0&matching_block_id=1304956403_403350572_3_0_0&sr_pri_blocks=1304956403_403350572_3_0_0__250000&from=searchresults,2500,6.8,23.0,"G-9 Sector, Islamabad",6.5,Triple Room,"2 beds (1 single, 1 double)",0,0,1,https://cf.bstatic.com/xdata/images/hotel/square240/711010028.webp?k=c56c4ed5be3d994ebc4b3609447d8b48a3c5efa6c6178b4d16b7441aaedef6b2&o=,3,Islamabad
La Maison Islamabad,https://www.booking.com/hotel/pk/la-maison.en-gb.html?aid=304142&label=gen173nr-10CAQoggJCDWNpdHlfLTI3NjI4MTJICVgEaLUBiAEBmAEzuAEHyAEM2AED6AEB-AEBiAIBqAIBuAKqisLTBsACAdICJGIyYWUwNDZiLWE5YmEtNGI1Yi05MjRjLWFkYWU5NDcwN2MxM9gCAeACAQ&ucfs=1&arphpl=1&checkin=2026-08-06&checkout=2026-08-07&dest_id=-2762812&dest_type=city&group_adults=2&req_adults=2&no_rooms=1&group_children=0&req_children=0&hpos=9&hapos=318&sr_order=popularity&srpvid=ed21559515340104&srepoch=1785759059&all_sr_blocks=943495002_413453661_2_41_0&highlighted_blocks=943495002_413453661_2_41_0&matching_block_id=943495002_413453661_2_41_0&sr_pri_blocks=943495002_413453661_2_41_0__1085000&from=searchresults,10850,8.5,313.0,Islamabad,10.1,Deluxe Double Room,1 extra-large double bed,1,1,1,https://cf.bstatic.com/xdata/images/hotel/square240/700160555.webp?k=72f4c65b67d44898b06e2fe3f4be0c04d1eb5aae60a23ad2205d4fcb917201c2&o=,14,Islamabad
Gulberg Serenity Apartment,https://www.booking.com/hotel/pk/gulberg-serenity-apartment.en-gb.html?aid=304142&label=gen173nr-10CAQoggJCDWNpdHlfLTI3NjI4MTJICVgEaLUBiAEBmAEzuAEHyAEM2AED6AEB-AEBiAIBqAIBuAKqisLTBsACAdICJGIyYWUwNDZiLWE5YmEtNGI1Yi05MjRjLWFkYWU5NDcwN2MxM9gCAeACAQ&ucfs=1&arphpl=1&checkin=2026-08-06&checkout=2026-08-07&dest_id=-2762812&dest_type=city&group_adults=2&req_adults=2&no_rooms=1&group_children=0&req_children=0&hpos=10&hapos=319&sr_order=popularity&srpvid=ed21559515340104&srepoch=1785759059&all_sr_blocks=1699940501_441643682_3_0_0&highlighted_blocks=1699940501_441643682_3_0_0&matching_block_id=1699940501_441643682_3_0_0&sr_pri_blocks=1699940501_441643682_3_0_0__679932&from=searchresults,6799,,,Islamabad,15.5,One-Bedroom Apartment,"3 beds (1 double, 1 sofa bed, 1 large double)",0,1,1,https://cf.bstatic.com/xdata/images/hotel/square240/902465220.webp?k=bd6223ea73a9c47364601927aa4b0cd3af0f58b11d9041ee92c605760192be2d&o=,5,Islamabad
Private 2Bhk Apartment With balcony -Ac-Wifi,https://www.booking.com/hotel/pk/private-3bed-apartment-with-balcony-ac-wifi.en-gb.html?aid=304142&label=gen173nr-10CAQoggJCDWNpdHlfLTI3NjI4MTJICVgEaLUBiAEBmAEzuAEHyAEM2AED6AEB-AEBiAIBqAIBuAKqisLTBsACAdICJGIyYWUwNDZiLWE5YmEtNGI1Yi05MjRjLWFkYWU5NDcwN2MxM9gCAeACAQ&ucfs=1&arphpl=1&checkin=2026-08-06&checkout=2026-08-07&dest_id=-2762812&dest_type=city&group_adults=2&req_adults=2&no_rooms=1&group_children=0&req_children=0&hpos=11&hapos=320&sr_order=popularity&srpvid=ed21559515340104&srepoch=1785759059&all_sr_blocks=1690677901_440712523_7_0_0&highlighted_blocks=1690677901_440712523_7_0_0&matching_block_id=1690677901_440712523_7_0_0&sr_pri_blocks=1690677901_440712523_7_0_0__1317500&from=searchresults,13175,7.7,4.0,Islamabad,10.4,Two-Bedroom Apartment,"3 beds (2 extra-large doubles, 1 sofa bed)",0,1,1,https://cf.bstatic.com/xdata/images/hotel/square240/896421499.webp?k=dc06e49486be66542c68747ba3e3e30b589602a4d56a5a07a085a8407d663010&o=,4,Islamabad
Guest House near islamabad airport,https://www.booking.com/hotel/pk/guest-house-near-islamabad-airport.en-gb.html?aid=304142&label=gen173nr-10CAQoggJCDWNpdHlfLTI3NjI4MTJICVgEaLUBiAEBmAEzuAEHyAEM2AED6AEB-AEBiAIBqAIBuAKqisLTBsACAdICJGIyYWUwNDZiLWE5YmEtNGI1Yi05MjRjLWFkYWU5NDcwN2MxM9gCAeACAQ&ucfs=1&arphpl=1&checkin=2026-08-06&checkout=2026-08-07&dest_id=-2762812&dest_type=city&group_adults=2&req_adults=2&no_rooms=1&group_children=0&req_children=0&hpos=12&hapos=321&sr_order=popularity&srpvid=ed21559515340104&srepoch=1785759059&all_sr_blocks=1253133201_397825552_2_0_0&highlighted_blocks=1253133201_397825552_2_0_0&matching_block_id=1253133201_397825552_2_0_0&sr_pri_blocks=1253133201_397825552_2_0_0__500000&from=searchresults,5000,4.4,9.0,Islamabad,25.1,Double Room,1 extra-large double bed,0,1,1,https://cf.bstatic.com/xdata/images/hotel/square240/851628465.webp?k=dafba8f0cc3b69a629227f77c4ce4f8d36ec319238ef63cb9d6359d5fd55f433&o=,4,Islamabad
Canadian Inn Islamabad,https://www.booking.com/hotel/pk/canadianinn.en-gb.html?aid=304142&label=gen173nr-10CAQoggJCDWNpdHlfLTI3NjI4MTJICVgEaLUBiAEBmAEzuAEHyAEM2AED6AEB-AEBiAIBqAIBuAKqisLTBsACAdICJGIyYWUwNDZiLWE5YmEtNGI1Yi05MjRjLWFkYWU5NDcwN2MxM9gCAeACAQ&ucfs=1&arphpl=1&checkin=2026-08-06&checkout=2026-08-07&dest_id=-2762812&dest_type=city&group_adults=2&req_adults=2&no_rooms=1&group_children=0&req_children=0&hpos=13&hapos=322&sr_order=popularity&srpvid=ed21559515340104&srepoch=1785759059&all_sr_blocks=574019703_221325741_2_42_0&highlighted_blocks=574019703_221325741_2_42_0&matching_block_id=574019703_221325741_2_42_0&sr_pri_blocks=574019703_221325741_2_42_0__593836&from=searchresults,5938,6.9,76.0,"E-11 Sector, Islamabad",11.9,Deluxe Twin Room,2 single beds,0,0,0,https://cf.bstatic.com/xdata/images/hotel/square240/230038160.webp?k=88ab25bbf3c369c35862f7659e4e4f36af732a15f66fde5ac1f32bcfe104f06b&o=,9,Islamabad
Capital Family Guest House Islamabad,https://www.booking.com/hotel/pk/capital-lodges-islamabad.en-gb.html?aid=304142&label=gen173nr-10CAQoggJCDWNpdHlfLTI3NjI4MTJICVgEaLUBiAEBmAEzuAEHyAEM2AED6AEB-AEBiAIBqAIBuAKqisLTBsACAdICJGIyYWUwNDZiLWE5YmEtNGI1Yi05MjRjLWFkYWU5NDcwN2MxM9gCAeACAQ&ucfs=1&arphpl=1&checkin=2026-08-06&checkout=2026-08-07&dest_id=-2762812&dest_type=city&group_adults=2&req_adults=2&no_rooms=1&group_children=0&req_children=0&hpos=14&hapos=323&sr_order=popularity&srpvid=ed21559515340104&srepoch=1785759059&all_sr_blocks=1111806911_440163908_2_2_0&highlighted_blocks=1111806911_440163908_2_2_0&matching_block_id=1111806911_440163908_2_2_0&sr_pri_blocks=1111806911_440163908_2_2_0__550000&from=searchresults,5500,5.7,3.0,"E-11 Sector, Islamabad",10.7,Deluxe Double Room (2 Adults + 1 Child),"2 beds (1 double, 1 futon)",0,1,1,https://cf.bstatic.com/xdata/images/hotel/square240/887743058.webp?k=397295a114d7736ab9aa855581f6a0107696e9c545adeabe5e0c48c2db685909&o=,4,Islamabad
Arizona Haven,https://www.booking.com/hotel/pk/arizona-haven.en-gb.html?aid=304142&label=gen173nr-10CAQoggJCDWNpdHlfLTI3NjI4MTJICVgEaLUBiAEBmAEzuAEHyAEM2AED6AEB-AEBiAIBqAIBuAKqisLTBsACAdICJGIyYWUwNDZiLWE5YmEtNGI1Yi05MjRjLWFkYWU5NDcwN2MxM9gCAeACAQ&ucfs=1&arphpl=1&checkin=2026-08-06&checkout=2026-08-07&dest_id=-2762812&dest_type=city&group_adults=2&req_adults=2&no_rooms=1&group_children=0&req_children=0&hpos=15&hapos=324&sr_order=popularity&srpvid=ed21559515340104&srepoch=1785759059&all_sr_blocks=1612309304_432137994_3_42_0&highlighted_blocks=1612309304_432137994_3_42_0&matching_block_id=1612309304_432137994_3_42_0&sr_pri_blocks=1612309304_432137994_3_42_0__880000&from=searchresults,8800,8.1,23.0,"F-8 Sector, Islamabad",6.1,Deluxe Double Room,"2 beds (1 extra-large double, 1 futon)",0,1,1,https://cf.bstatic.com/xdata/images/hotel/square240/864218732.webp?k=ebc2d1ba4d35984560b84e62c6c62930b8553ecff9e7e1cd4431f04e72b23fa8&o=,12,Islamabad
Casa Residences,https://www.booking.com/hotel/pk/casa-residences.en-gb.html?aid=304142&label=gen173nr-10CAQoggJCDWNpdHlfLTI3NjI4MTJICVgEaLUBiAEBmAEzuAEHyAEM2AED6AEB-AEBiAIBqAIBuAKqisLTBsACAdICJGIyYWUwNDZiLWE5YmEtNGI1Yi05MjRjLWFkYWU5NDcwN2MxM9gCAeACAQ&ucfs=1&arphpl=1&checkin=2026-08-06&checkout=2026-08-07&dest_id=-2762812&dest_type=city&group_adults=2&req_adults=2&no_rooms=1&group_children=0&req_children=0&hpos=16&hapos=325&sr_order=popularity&srpvid=ed21559515340104&srepoch=1785759059&all_sr_blocks=1605527903_431473763_2_42_0&highlighted_blocks=1605527903_431473763_2_42_0&matching_block_id=1605527903_431473763_2_42_0&sr_pri_blocks=1605527903_431473763_2_42_0__1000000&from=searchresults,10000,7.7,16.0,"F-7 Sector, Islamabad",4.0,Deluxe Double Room,"2 beds (1 extra-large double, 1 futon)",0,1,1,https://cf.bstatic.com/xdata/images/hotel/square240/842500123.webp?k=cec8f7ddb1fdfd54a8bf528c26e65e5c023a5c1726f030eb4c91d7f8f8fc1832&o=,11,Islamabad
Bridge Residency-2 Near New Islamabad Airport,https://www.booking.com/hotel/pk/bridge-residency-2-near-new-islamabad-airport.en-gb.html?aid=304142&label=gen173nr-10CAQoggJCDWNpdHlfLTI3NjI4MTJICVgEaLUBiAEBmAEzuAEHyAEM2AED6AEB-AEBiAIBqAIBuAKqisLTBsACAdICJGIyYWUwNDZiLWE5YmEtNGI1Yi05MjRjLWFkYWU5NDcwN2MxM9gCAeACAQ&ucfs=1&arphpl=1&checkin=2026-08-06&checkout=2026-08-07&dest_id=-2762812&dest_type=city&group_adults=2&req_adults=2&no_rooms=1&group_children=0&req_children=0&hpos=17&hapos=326&sr_order=popularity&srpvid=ed21559515340104&srepoch=1785759059&all_sr_blocks=1615711701_432447118_2_1_0&highlighted_blocks=1615711701_432447118_2_1_0&matching_block_id=1615711701_432447118_2_1_0&sr_pri_blocks=1615711701_432447118_2_1_0__612000&from=searchresults,6120,5.5,4.0,Islamabad,27.0,Deluxe Room,"2 beds (1 single, 1 extra-large double)",1,1,1,https://cf.bstatic.com/xdata/images/hotel/square240/850715916.webp?k=803409db88f29499cbecb95368f1450180ba224624baf0eefefd77edc91b8e5e&o=,4,Islamabad
HK Retreat Designer Luxury Apartment Near Airport In Faisal Town Islamabad,https://www.booking.com/hotel/pk/hk-retreat-spacious-and-designer-luxury-appartment.en-gb.html?aid=304142&label=gen173nr-10CAQoggJCDWNpdHlfLTI3NjI4MTJICVgEaLUBiAEBmAEzuAEHyAEM2AED6AEB-AEBiAIBqAIBuAKqisLTBsACAdICJGIyYWUwNDZiLWE5YmEtNGI1Yi05MjRjLWFkYWU5NDcwN2MxM9gCAeACAQ&ucfs=1&arphpl=1&checkin=2026-08-06&checkout=2026-08-07&dest_id=-2762812&dest_type=city&group_adults=2&req_adults=2&no_rooms=1&group_children=0&req_children=0&hpos=18&hapos=327&sr_order=popularity&srpvid=ed21559515340104&srepoch=1785759059&all_sr_blocks=1489167001_420568628_0_0_0&highlighted_blocks=1489167001_420568628_0_0_0&matching_block_id=1489167001_420568628_0_0_0&sr_pri_blocks=1489167001_420568628_0_0_0__510000&from=searchresults,5100,9.0,2.0,Islamabad,25.0,One-Bedroom Apartment,1 double bed,0,1,1,https://cf.bstatic.com/xdata/images/hotel/square240/742766268.webp?k=90caba805cc21a2e33b827aba92f40e15c1af6430319283ccc6fd8eed04751c4&o=,4,Islamabad
Jannat's Inn & Suites,https://www.booking.com/hotel/pk/jannats-inn-amp-suites.en-gb.html?aid=304142&label=gen173nr-10CAQoggJCDWNpdHlfLTI3NjI4MTJICVgEaLUBiAEBmAEzuAEHyAEM2AED6AEB-AEBiAIBqAIBuAKqisLTBsACAdICJGIyYWUwNDZiLWE5YmEtNGI1Yi05MjRjLWFkYWU5NDcwN2MxM9gCAeACAQ&ucfs=1&arphpl=1&checkin=2026-08-06&checkout=2026-08-07&dest_id=-2762812&dest_type=city&group_adults=2&req_adults=2&no_rooms=1&group_children=0&req_children=0&hpos=19&hapos=328&sr_order=popularity&srpvid=ed21559515340104&srepoch=1785759059&all_sr_blocks=1584580403_432912144_2_0_0&highlighted_blocks=1584580403_432912144_2_0_0&matching_block_id=1584580403_432912144_2_0_0&sr_pri_blocks=1584580403_432912144_2_0_0__520650&from=searchresults,5207,7.6,6.0,Islamabad,27.0,Studio Apartment,"2 beds (1 single, 1 large double)",0,1,1,https://cf.bstatic.com/xdata/images/hotel/square240/826119434.webp?k=58d92b034d87e5c1fa2c5a2a129844d448a98aa88e2e32272f7a8fad0946e478&o=,5,Islamabad
The Townhouse Hotel - Small Luxury Hotels of the World,https://www.booking.com/hotel/pk/the-townhouse.en-gb.html?aid=304142&label=gen173nr-10CAQoggJCDWNpdHlfLTI3NjI4MTJICVgEaLUBiAEBmAEzuAEHyAEM2AED6AEB-AEBiAIBqAIBuAKqisLTBsACAdICJGIyYWUwNDZiLWE5YmEtNGI1Yi05MjRjLWFkYWU5NDcwN2MxM9gCAeACAQ&ucfs=1&arphpl=1&checkin=2026-08-06&checkout=2026-08-07&dest_id=-2762812&dest_type=city&group_adults=2&req_adults=2&no_rooms=1&group_children=0&req_children=0&hpos=20&hapos=329&sr_order=popularity&srpvid=ed21559515340104&srepoch=1785759059&all_sr_blocks=1244029401_425236148_2_1_0&highlighted_blocks=1244029401_425236148_2_1_0&matching_block_id=1244029401_425236148_2_1_0&sr_pri_blocks=1244029401_425236148_2_1_0__7500000&from=searchresults,75000,9.6,69.0,"F-7 Sector, Islamabad",3.7,King Room,1 extra-large double bed,1,0,0,https://cf.bstatic.com/xdata/images/hotel/square240/631820153.webp?k=c5661ef5e25828853a496d1773a84be9ad99d5cbb0f8c8c5a9be3d86e1212c1d&o=,13,Islamabad
TAJ Signature Hotel - Jinnah Super F7 Islamabad,https://www.booking.com/hotel/pk/taj-signature-islamabad2.en-gb.html?aid=304142&label=gen173nr-10CAQoggJCDWNpdHlfLTI3NjI4MTJICVgEaLUBiAEBmAEzuAEHyAEM2AED6AEB-AEBiAIBqAIBuAKqisLTBsACAdICJGIyYWUwNDZiLWE5YmEtNGI1Yi05MjRjLWFkYWU5NDcwN2MxM9gCAeACAQ&ucfs=1&arphpl=1&checkin=2026-08-06&checkout=2026-08-07&dest_id=-2762812&dest_type=city&group_adults=2&req_adults=2&no_rooms=1&group_children=0&req_children=0&hpos=21&hapos=330&sr_order=popularity&srpvid=ed21559515340104&srepoch=1785759059&all_sr_blocks=1685716508_440200784_3_2_0&highlighted_blocks=1685716508_440200784_3_2_0&matching_block_id=1685716508_440200784_3_2_0&sr_pri_blocks=1685716508_440200784_3_2_0__2016000&from=searchresults,20160,10,1.0,"F-7 Sector, Islamabad",3.7,Deluxe King Room,1 extra-large double bed,0,0,0,https://cf.bstatic.com/xdata/images/hotel/square240/894015262.webp?k=43f744db214b02877f2300f0ab6637448220311f86b5c626fc5ba49821eed4fe&o=,13,Islamabad
Crosswinds Guest House,https://www.booking.com/hotel/pk/cross-wind-boutique.en-gb.html?aid=304142&label=gen173nr-10CAQoggJCDWNpdHlfLTI3NjI4MTJICVgEaLUBiAEBmAEzuAEHyAEM2AED6AEB-AEBiAIBqAIBuAKqisLTBsACAdICJGIyYWUwNDZiLWE5YmEtNGI1Yi05MjRjLWFkYWU5NDcwN2MxM9gCAeACAQ&ucfs=1&arphpl=1&checkin=2026-08-06&checkout=2026-08-07&dest_id=-2762812&dest_type=city&group_adults=2&req_adults=2&no_rooms=1&group_children=0&req_children=0&hpos=22&hapos=331&sr_order=popularity&srpvid=ed21559515340104&srepoch=1785759059&all_sr_blocks=670848902_279649978_3_41_0&highlighted_blocks=670848902_279649978_3_41_0&matching_block_id=670848902_279649978_3_41_0&sr_pri_blocks=670848902_279649978_3_41_0__810000&from=searchresults,8100,7.0,39.0,"F-6 Sector, Islamabad",2.3,Deluxe King Room,"2 beds (1 single, 1 extra-large double)",1,1,1,https://cf.bstatic.com/xdata/images/hotel/square240/298313795.webp?k=073cbf04b02fab0f078f90bb9f1b600e44e3a5a6b3f3a574b8b3076c3c54c4bf&o=,4,Islamabad
The Rajput Guest House,https://www.booking.com/hotel/pk/the-rajput-guest-house-islamabad.en-gb.html?aid=304142&label=gen173nr-10CAQoggJCDWNpdHlfLTI3NjI4MTJICVgEaLUBiAEBmAEzuAEHyAEM2AED6AEB-AEBiAIBqAIBuAKqisLTBsACAdICJGIyYWUwNDZiLWE5YmEtNGI1Yi05MjRjLWFkYWU5NDcwN2MxM9gCAeACAQ&ucfs=1&arphpl=1&checkin=2026-08-06&checkout=2026-08-07&dest_id=-2762812&dest_type=city&group_adults=2&req_adults=2&no_rooms=1&group_children=0&req_children=0&hpos=23&hapos=332&sr_order=popularity&srpvid=ed21559515340104&srepoch=1785759059&all_sr_blocks=1205415301_392759058_0_34_0_442181&highlighted_blocks=1205415301_392759058_0_34_0_442181&matching_block_id=1205415301_392759058_0_34_0_442181&sr_pri_blocks=1205415301_392759058_0_34_0_442181_513000&from=searchresults,5130,7.4,12.0,"F-8 Sector, Islamabad",4.8,Double Room with Balcony (3 Adults),1 double bed,0,1,1,https://cf.bstatic.com/xdata/images/hotel/square240/556299758.webp?k=3ff2d8ac8e2d6025599dd9956a0bde33a886a7385292ebd9408f7f477d9d624b&o=,12,Islamabad
The Centaurus Modern Apartments,https://www.booking.com/hotel/pk/centaurus-prime-apartment-islamabad.en-gb.html?aid=304142&label=gen173nr-10CAQoggJCDWNpdHlfLTI3NjI4MTJICVgEaLUBiAEBmAEzuAEHyAEM2AED6AEB-AEBiAIBqAIBuAKqisLTBsACAdICJGIyYWUwNDZiLWE5YmEtNGI1Yi05MjRjLWFkYWU5NDcwN2MxM9gCAeACAQ&ucfs=1&arphpl=1&checkin=2026-08-06&checkout=2026-08-07&dest_id=-2762812&dest_type=city&group_adults=2&req_adults=2&no_rooms=1&group_children=0&req_children=0&hpos=24&hapos=333&sr_order=popularity&srpvid=ed21559515340104&srepoch=1785759059&all_sr_blocks=1670325005_438827212_3_0_0&highlighted_blocks=1670325005_438827212_3_0_0&matching_block_id=1670325005_438827212_3_0_0&sr_pri_blocks=1670325005_438827212_3_0_0__2720000&from=searchresults,27200,4.4,5.0,"Blue Area, Islamabad",4.6,One-Bedroom Apartment,"2 beds (1 extra-large double, 1 sofa bed)",0,1,1,https://cf.bstatic.com/xdata/images/hotel/square240/887709540.webp?k=d9cd8aa9201ac186a18c83f98d908fbbfb0bd57303aac7b0b8a23a66b062d2c0&o=,5,Islamabad
We Hotels,https://www.booking.com/hotel/pk/we-hotels-islamabad4.en-gb.html?aid=304142&label=gen173nr-10CAQoggJCDWNpdHlfLTI3NjI4MTJICVgEaLUBiAEBmAEzuAEHyAEM2AED6AEB-AEBiAIBqAIBuAKqisLTBsACAdICJGIyYWUwNDZiLWE5YmEtNGI1Yi05MjRjLWFkYWU5NDcwN2MxM9gCAeACAQ&ucfs=1&arphpl=1&checkin=2026-08-06&checkout=2026-08-07&dest_id=-2762812&dest_type=city&group_adults=2&req_adults=2&no_rooms=1&group_children=0&req_children=0&hpos=25&hapos=334&sr_order=popularity&srpvid=ed21559515340104&srepoch=1785759059&all_sr_blocks=1663115202_438172312_2_1_0&highlighted_blocks=1663115202_438172312_2_1_0&matching_block_id=1663115202_438172312_2_1_0&sr_pri_blocks=1663115202_438172312_2_1_0__810000&from=searchresults,8100,,,Islamabad,26.9,Standard Twin Room,2 single beds,1,1,1,https://cf.bstatic.com/xdata/images/hotel/square240/880851553.webp?k=a391913f6d271a575d90ac71ba6a5700a3dfcdf6d89f33f3d95840a6e20c574a&o=,10,Islamabad
Ziel Guest House Banigala Islamabad Near Gerrys & NIH Hospital,https://www.booking.com/hotel/pk/ziel-suites.en-gb.html?aid=304142&label=gen173nr-10CAQoggJCDWNpdHlfLTI3NjI4MTJICVgEaLUBiAEBmAEzuAEHyAEM2AED6AEB-AEBiAIBqAIBuAKqisLTBsACAdICJGIyYWUwNDZiLWE5YmEtNGI1Yi05MjRjLWFkYWU5NDcwN2MxM9gCAeACAQ&ucfs=1&arphpl=1&checkin=2026-08-06&checkout=2026-08-07&dest_id=-2762812&dest_type=city&group_adults=2&req_adults=2&no_rooms=1&group_children=0&req_children=0&hpos=1&hapos=335&sr_order=popularity&srpvid=ed21559515340104&srepoch=1785759062&all_sr_blocks=1017492601_374226593_3_42_0&highlighted_blocks=1017492601_374226593_3_42_0&matching_block_id=1017492601_374226593_3_42_0&sr_pri_blocks=1017492601_374226593_3_42_0__721710&from=searchresults,7217,9.4,5.0,Islamabad,7.0,Deluxe Double Room,1 extra-large double bed,0,0,0,https://cf.bstatic.com/xdata/images/hotel/square240/735765054.webp?k=f5014a94c7aa865977b374202d1ad1b8d0fa63625bb55ceff30f41909fd3ef3f&o=,3,Islamabad
Sense luxury 1 Bed Apartment,https://www.booking.com/hotel/pk/sense-luxury-1-bed-apartment.en-gb.html?aid=304142&label=gen173nr-10CAQoggJCDWNpdHlfLTI3NjI4MTJICVgEaLUBiAEBmAEzuAEHyAEM2AED6AEB-AEBiAIBqAIBuAKqisLTBsACAdICJGIyYWUwNDZiLWE5YmEtNGI1Yi05MjRjLWFkYWU5NDcwN2MxM9gCAeACAQ&ucfs=1&arphpl=1&checkin=2026-08-06&checkout=2026-08-07&dest_id=-2762812&dest_type=city&group_adults=2&req_adults=2&no_rooms=1&group_children=0&req_children=0&hpos=2&hapos=336&sr_order=popularity&srpvid=ed21559515340104&srepoch=1785759062&all_sr_blocks=1330909601_405624597_2_0_0&highlighted_blocks=1330909601_405624597_2_0_0&matching_block_id=1330909601_405624597_2_0_0&sr_pri_blocks=1330909601_405624597_2_0_0__1080000&from=searchresults,10800,9.0,1.0,Islamabad,23.0,One-Bedroom Apartment,1 extra-large double bed,0,0,1,https://cf.bstatic.com/xdata/images/hotel/square240/628830502.webp?k=9b97f9ab35e48c2e70db81f786330e82041a6523a9ef6d7ac503ba8c6411b84e&o=,3,Islamabad
The Celestial 1Bed Sky Suite Elysium Tower Islamabad,https://www.booking.com/hotel/pk/the-celestial-1bed-sky-suite-elysium-tower-islamabad.en-gb.html?aid=304142&label=gen173nr-10CAQoggJCDWNpdHlfLTI3NjI4MTJICVgEaLUBiAEBmAEzuAEHyAEM2AED6AEB-AEBiAIBqAIBuAKqisLTBsACAdICJGIyYWUwNDZiLWE5YmEtNGI1Yi05MjRjLWFkYWU5NDcwN2MxM9gCAeACAQ&ucfs=1&arphpl=1&checkin=2026-08-06&checkout=2026-08-07&dest_id=-2762812&dest_type=city&group_adults=2&req_adults=2&no_rooms=1&group_children=0&req_children=0&hpos=3&hapos=337&sr_order=popularity&srpvid=ed21559515340104&srepoch=1785759062&all_sr_blocks=1696892201_441374822_3_0_0&highlighted_blocks=1696892201_441374822_3_0_0&matching_block_id=1696892201_441374822_3_0_0&sr_pri_blocks=1696892201_441374822_3_0_0__1955000&from=searchresults,19550,,,"Blue Area, Islamabad",4.6,One-Bedroom Apartment,"2 beds (1 sofa bed, 1 large double)",0,1,1,https://cf.bstatic.com/xdata/images/hotel/square240/900689732.webp?k=f2772cf90a3745e2333b311e156570acc7566dce233229e9d01e7e5e570e877a&o=,4,Islamabad
Apartment in Rawalpindi,https://www.booking.com/hotel/pk/apartment-in-rawalpindi-islamabad1.en-gb.html?aid=304142&label=gen173nr-10CAQoggJCDWNpdHlfLTI3NjI4MTJICVgEaLUBiAEBmAEzuAEHyAEM2AED6AEB-AEBiAIBqAIBuAKqisLTBsACAdICJGIyYWUwNDZiLWE5YmEtNGI1Yi05MjRjLWFkYWU5NDcwN2MxM9gCAeACAQ&ucfs=1&arphpl=1&checkin=2026-08-06&checkout=2026-08-07&dest_id=-2762812&dest_type=city&group_adults=2&req_adults=2&no_rooms=1&group_children=0&req_children=0&hpos=4&hapos=338&sr_order=popularity&srpvid=ed21559515340104&srepoch=1785759062&all_sr_blocks=1696151701_441289836_5_0_0&highlighted_blocks=1696151701_441289836_5_0_0&matching_block_id=1696151701_441289836_5_0_0&sr_pri_blocks=1696151701_441289836_5_0_0__1020000&from=searchresults,10200,10,1.0,Islamabad,22.1,One-Bedroom Apartment,"2 beds (1 double, 1 sofa bed)",0,1,1,https://cf.bstatic.com/xdata/images/hotel/square240/900253634.webp?k=6713e7f9ecfc83f15210ba63a354cba8b3761fc7fa71c14a181a945a84e16471&o=,4,Islamabad
Oriole Guest House Economy Living,https://www.booking.com/hotel/pk/oriole-guest-house-economy-living.en-gb.html?aid=304142&label=gen173nr-10CAQoggJCDWNpdHlfLTI3NjI4MTJICVgEaLUBiAEBmAEzuAEHyAEM2AED6AEB-AEBiAIBqAIBuAKqisLTBsACAdICJGIyYWUwNDZiLWE5YmEtNGI1Yi05MjRjLWFkYWU5NDcwN2MxM9gCAeACAQ&ucfs=1&arphpl=1&checkin=2026-08-06&checkout=2026-08-07&dest_id=-2762812&dest_type=city&group_adults=2&req_adults=2&no_rooms=1&group_children=0&req_children=0&hpos=5&hapos=339&sr_order=popularity&srpvid=ed21559515340104&srepoch=1785759062&all_sr_blocks=777350702_336043950_0_2_0&highlighted_blocks=777350702_336043950_0_2_0&matching_block_id=777350702_336043950_0_2_0&sr_pri_blocks=777350702_336043950_0_2_0__370350&from=searchresults,3704,6.4,90.0,"G-9 Sector, Islamabad",6.5,Triple Room with Private Bathroom,1 double bed,0,1,1,https://cf.bstatic.com/xdata/images/hotel/square240/886578133.webp?k=3dc0a6c91aaac0b301dcfc74c2d87a7f8962b7fc72a346b43718d92a39bdd159&o=,8,Islamabad
Comfort retreat,https://www.booking.com/hotel/pk/comfort-retreat.en-gb.html?aid=304142&label=gen173nr-10CAQoggJCDWNpdHlfLTI3NjI4MTJICVgEaLUBiAEBmAEzuAEHyAEM2AED6AEB-AEBiAIBqAIBuAKqisLTBsACAdICJGIyYWUwNDZiLWE5YmEtNGI1Yi05MjRjLWFkYWU5NDcwN2MxM9gCAeACAQ&ucfs=1&arphpl=1&checkin=2026-08-06&checkout=2026-08-07&dest_id=-2762812&dest_type=city&group_adults=2&req_adults=2&no_rooms=1&group_children=0&req_children=0&hpos=6&hapos=340&sr_order=popularity&srpvid=ed21559515340104&srepoch=1785759062&all_sr_blocks=1538014501_425247280_2_0_0&highlighted_blocks=1538014501_425247280_2_0_0&matching_block_id=1538014501_425247280_2_0_0&sr_pri_blocks=1538014501_425247280_2_0_0__665000&from=searchresults,6650,6.1,12.0,Islamabad,26.9,One-Bedroom Apartment,"2 beds (1 sofa bed, 1 large double)",0,1,1,https://cf.bstatic.com/xdata/images/hotel/square240/786247753.webp?k=2d7ca32cc314b6d13a8a8c4d1008ebae7b1c1efc094a0f6f2dd1e776a7995bd2&o=,4,Islamabad
Two bedroom fully furnished apartment kazani height,https://www.booking.com/hotel/pk/kazani-heights-islamabad7.en-gb.html?aid=304142&label=gen173nr-10CAQoggJCDWNpdHlfLTI3NjI4MTJICVgEaLUBiAEBmAEzuAEHyAEM2AED6AEB-AEBiAIBqAIBuAKqisLTBsACAdICJGIyYWUwNDZiLWE5YmEtNGI1Yi05MjRjLWFkYWU5NDcwN2MxM9gCAeACAQ&ucfs=1&arphpl=1&checkin=2026-08-06&checkout=2026-08-07&dest_id=-2762812&dest_type=city&group_adults=2&req_adults=2&no_rooms=1&group_children=0&req_children=0&hpos=7&hapos=341&sr_order=popularity&srpvid=ed21559515340104&srepoch=1785759062&all_sr_blocks=1663490401_438221396_10_0_0&highlighted_blocks=1663490401_438221396_10_0_0&matching_block_id=1663490401_438221396_10_0_0&sr_pri_blocks=1663490401_438221396_10_0_0__1499900&from=searchresults,14999,,,Islamabad,15.1,Two-Bedroom Apartment,"4 beds (1 single, 2 doubles, 1 sofa bed)",0,1,1,https://cf.bstatic.com/xdata/images/hotel/square240/881066914.webp?k=49d3b62f8abd6c1557b8950847a87b88f76c9cb62504a2aa88dd9994d95e428c&o=,4,Islamabad
Executive suites 1BHK for family,https://www.booking.com/hotel/pk/executive-suites-1bhk-for-family.en-gb.html?aid=304142&label=gen173nr-10CAQoggJCDWNpdHlfLTI3NjI4MTJICVgEaLUBiAEBmAEzuAEHyAEM2AED6AEB-AEBiAIBqAIBuAKqisLTBsACAdICJGIyYWUwNDZiLWE5YmEtNGI1Yi05MjRjLWFkYWU5NDcwN2MxM9gCAeACAQ&ucfs=1&arphpl=1&checkin=2026-08-06&checkout=2026-08-07&dest_id=-2762812&dest_type=city&group_adults=2&req_adults=2&no_rooms=1&group_children=0&req_children=0&hpos=8&hapos=342&sr_order=popularity&srpvid=ed21559515340104&srepoch=1785759062&all_sr_blocks=1475413601_418958462_4_0_0&highlighted_blocks=1475413601_418958462_4_0_0&matching_block_id=1475413601_418958462_4_0_0&sr_pri_blocks=1475413601_418958462_4_0_0__1000000&from=searchresults,10000,10,2.0,Islamabad,10.7,One-Bedroom Superior Apartment,"2 beds (1 double, 1 sofa bed)",0,1,1,https://cf.bstatic.com/xdata/images/hotel/square240/733115860.webp?k=ddfc64ebbcaf37158bd1b2f40e50333b844dbe44d5317af9702790e9b43e96f3&o=,4,Islamabad
Stylish & Serene 2BHK Apt,https://www.booking.com/hotel/pk/stylish-amp-serene-2bhk-apt.en-gb.html?aid=304142&label=gen173nr-10CAQoggJCDWNpdHlfLTI3NjI4MTJICVgEaLUBiAEBmAEzuAEHyAEM2AED6AEB-AEBiAIBqAIBuAKqisLTBsACAdICJGIyYWUwNDZiLWE5YmEtNGI1Yi05MjRjLWFkYWU5NDcwN2MxM9gCAeACAQ&ucfs=1&arphpl=1&checkin=2026-08-06&checkout=2026-08-07&dest_id=-2762812&dest_type=city&group_adults=2&req_adults=2&no_rooms=1&group_children=0&req_children=0&hpos=9&hapos=343&sr_order=popularity&srpvid=ed21559515340104&srepoch=1785759062&all_sr_blocks=1144636201_387307449_5_0_0&highlighted_blocks=1144636201_387307449_5_0_0&matching_block_id=1144636201_387307449_5_0_0&sr_pri_blocks=1144636201_387307449_5_0_0__810000&from=searchresults,8100,9.0,5.0,"E-11 Sector, Islamabad",10.9,Apartment with Balcony,"3 beds (2 singles, 1 sofa bed)",0,0,0,https://cf.bstatic.com/xdata/images/hotel/square240/523649123.webp?k=25301d2833e25e912a8f55296532d51a8d81eab61deed370b6341dc476675b21&o=,12,Islamabad
Royal Family Suite,https://www.booking.com/hotel/pk/royal-family-suite.en-gb.html?aid=304142&label=gen173nr-10CAQoggJCDWNpdHlfLTI3NjI4MTJICVgEaLUBiAEBmAEzuAEHyAEM2AED6AEB-AEBiAIBqAIBuAKqisLTBsACAdICJGIyYWUwNDZiLWE5YmEtNGI1Yi05MjRjLWFkYWU5NDcwN2MxM9gCAeACAQ&ucfs=1&arphpl=1&checkin=2026-08-06&checkout=2026-08-07&dest_id=-2762812&dest_type=city&group_adults=2&req_adults=2&no_rooms=1&group_children=0&req_children=0&hpos=10&hapos=344&sr_order=popularity&srpvid=ed21559515340104&srepoch=1785759062&all_sr_blocks=1323975201_405047461_3_0_0&highlighted_blocks=1323975201_405047461_3_0_0&matching_block_id=1323975201_405047461_3_0_0&sr_pri_blocks=1323975201_405047461_3_0_0__800000&from=searchresults,8000,8.4,5.0,Islamabad,10.8,One-Bedroom Apartment,"2 beds (1 extra-large double, 1 futon)",0,0,1,https://cf.bstatic.com/xdata/images/hotel/square240/624208955.webp?k=9b4b08625411a94a5d5804c8c6506bcb061354753d364ffefd8f683ec47026b5&o=,3,Islamabad
The Skyluxe Designer Suite with Rooftop Pool,https://www.booking.com/hotel/pk/the-skyluxe-designer-suite-with-free-rooftop-pool.en-gb.html?aid=304142&label=gen173nr-10CAQoggJCDWNpdHlfLTI3NjI4MTJICVgEaLUBiAEBmAEzuAEHyAEM2AED6AEB-AEBiAIBqAIBuAKqisLTBsACAdICJGIyYWUwNDZiLWE5YmEtNGI1Yi05MjRjLWFkYWU5NDcwN2MxM9gCAeACAQ&ucfs=1&arphpl=1&checkin=2026-08-06&checkout=2026-08-07&dest_id=-2762812&dest_type=city&group_adults=2&req_adults=2&no_rooms=1&group_children=0&req_children=0&hpos=11&hapos=345&sr_order=popularity&srpvid=ed21559515340104&srepoch=1785759062&all_sr_blocks=1305753303_403412271_2_0_0_722502&highlighted_blocks=1305753303_403412271_2_0_0_722502&matching_block_id=1305753303_403412271_2_0_0_722502&sr_pri_blocks=1305753303_403412271_2_0_0_722502_1016000&from=searchresults,10160,8.0,28.0,Islamabad,20.5,Deluxe One-Bedroom Apartment with City View,1 double bed,0,1,1,https://cf.bstatic.com/xdata/images/hotel/square240/766152008.webp?k=d9b9442c7d16c01f384ec5daa7f86df58b53a7f2ff03ab8745f96699db1b4792&o=,14,Islamabad
Hotel City Inn Rawalpindi Near Saddar CMH,https://www.booking.com/hotel/pk/city-inn-rawalpindi-near-saddar-cmh.en-gb.html?aid=304142&label=gen173nr-10CAQoggJCDWNpdHlfLTI3NjI4MTJICVgEaLUBiAEBmAEzuAEHyAEM2AED6AEB-AEBiAIBqAIBuAKqisLTBsACAdICJGIyYWUwNDZiLWE5YmEtNGI1Yi05MjRjLWFkYWU5NDcwN2MxM9gCAeACAQ&ucfs=1&arphpl=1&checkin=2026-08-06&checkout=2026-08-07&dest_id=-2762812&dest_type=city&group_adults=2&req_adults=2&no_rooms=1&group_children=0&req_children=0&hpos=12&hapos=346&sr_order=popularity&srpvid=ed21559515340104&srepoch=1785759062&all_sr_blocks=1681218601_439880448_2_2_0&highlighted_blocks=1681218601_439880448_2_2_0&matching_block_id=1681218601_439880448_2_2_0&sr_pri_blocks=1681218601_439880448_2_2_0__509932&from=searchresults,5099,1.0,1.0,Islamabad,8.6,Deluxe Room,1 double bed,0,1,1,https://cf.bstatic.com/xdata/images/hotel/square240/891502625.webp?k=a518ab448824c877d29c4c8f114c3592da0d1e3b9bd1c932c269830b5bb4bef9&o=,5,Islamabad
Holidazzle Lodge Islamabad,https://www.booking.com/hotel/pk/holidazzle-lodge-islamabad.en-gb.html?aid=304142&label=gen173nr-10CAQoggJCDWNpdHlfLTI3NjI4MTJICVgEaLUBiAEBmAEzuAEHyAEM2AED6AEB-AEBiAIBqAIBuAKqisLTBsACAdICJGIyYWUwNDZiLWE5YmEtNGI1Yi05MjRjLWFkYWU5NDcwN2MxM9gCAeACAQ&ucfs=1&arphpl=1&checkin=2026-08-06&checkout=2026-08-07&dest_id=-2762812&dest_type=city&group_adults=2&req_adults=2&no_rooms=1&group_children=0&req_children=0&hpos=13&hapos=347&sr_order=popularity&srpvid=ed21559515340104&srepoch=1785759062&all_sr_blocks=1071344301_379651461_2_41_0_331910&highlighted_blocks=1071344301_379651461_2_41_0_331910&matching_block_id=1071344301_379651461_2_41_0_331910&sr_pri_blocks=1071344301_379651461_2_41_0_331910_750000&from=searchresults,7500,7.7,223.0,"G-6 Sector, Islamabad",1.6,Deluxe Double Room,Multiple bed types,1,1,1,https://cf.bstatic.com/xdata/images/hotel/square240/512463967.webp?k=638387ad9322dd11346db06065f9c9145bd989df53cd5d7ebb47fbac092cbc25&o=,14,Islamabad
Hotel Al Ikram Inn Islamabad,https://www.booking.com/hotel/pk/al-ikram-inn-islamabad-islamabad.en-gb.html?aid=304142&label=gen173nr-10CAQoggJCDWNpdHlfLTI3NjI4MTJICVgEaLUBiAEBmAEzuAEHyAEM2AED6AEB-AEBiAIBqAIBuAKqisLTBsACAdICJGIyYWUwNDZiLWE5YmEtNGI1Yi05MjRjLWFkYWU5NDcwN2MxM9gCAeACAQ&ucfs=1&arphpl=1&checkin=2026-08-06&checkout=2026-08-07&dest_id=-2762812&dest_type=city&group_adults=2&req_adults=2&no_rooms=1&group_children=0&req_children=0&hpos=14&hapos=348&sr_order=popularity&srpvid=ed21559515340104&srepoch=1785759062&all_sr_blocks=1399968210_414224764_2_2_0&highlighted_blocks=1399968210_414224764_2_2_0&matching_block_id=1399968210_414224764_2_2_0&sr_pri_blocks=1399968210_414224764_2_2_0__396819&from=searchresults,3968,6.2,38.0,"G-7 Sector, Islamabad",3.4,Standard Twin Room,2 single beds,0,0,0,https://cf.bstatic.com/xdata/images/hotel/square240/768253656.webp?k=ef693b386b18c23786d867f5ce397275856fe17e2ec6a46d0091343acf587722&o=,8,Islamabad
Komal Stay islamabad,https://www.booking.com/hotel/pk/komal-stay.en-gb.html?aid=304142&label=gen173nr-10CAQoggJCDWNpdHlfLTI3NjI4MTJICVgEaLUBiAEBmAEzuAEHyAEM2AED6AEB-AEBiAIBqAIBuAKqisLTBsACAdICJGIyYWUwNDZiLWE5YmEtNGI1Yi05MjRjLWFkYWU5NDcwN2MxM9gCAeACAQ&ucfs=1&arphpl=1&checkin=2026-08-06&checkout=2026-08-07&dest_id=-2762812&dest_type=city&group_adults=2&req_adults=2&no_rooms=1&group_children=0&req_children=0&hpos=15&hapos=349&sr_order=popularity&srpvid=ed21559515340104&srepoch=1785759062&all_sr_blocks=1406263201_412411460_2_2_0&highlighted_blocks=1406263201_412411460_2_2_0&matching_block_id=1406263201_412411460_2_2_0&sr_pri_blocks=1406263201_412411460_2_2_0__800800&from=searchresults,8008,10,1.0,Islamabad,14.6,Double Room,"2 beds (1 single, 1 extra-large double)",0,1,1,https://cf.bstatic.com/xdata/images/hotel/square240/892402385.webp?k=6ad4bb90c3b2c4a77b81c03450995b5af5f3ad6c47c2a50607aa4a5a3e8c639f&o=,4,Islamabad
Ariston Suites,https://www.booking.com/hotel/pk/ariston-suites.en-gb.html?aid=304142&label=gen173nr-10CAQoggJCDWNpdHlfLTI3NjI4MTJICVgEaLUBiAEBmAEzuAEHyAEM2AED6AEB-AEBiAIBqAIBuAKqisLTBsACAdICJGIyYWUwNDZiLWE5YmEtNGI1Yi05MjRjLWFkYWU5NDcwN2MxM9gCAeACAQ&ucfs=1&arphpl=1&checkin=2026-08-06&checkout=2026-08-07&dest_id=-2762812&dest_type=city&group_adults=2&req_adults=2&no_rooms=1&group_children=0&req_children=0&hpos=16&hapos=350&sr_order=popularity&srpvid=ed21559515340104&srepoch=1785759062&all_sr_blocks=1419505701_422426664_2_1_0&highlighted_blocks=1419505701_422426664_2_1_0&matching_block_id=1419505701_422426664_2_1_0&sr_pri_blocks=1419505701_422426664_2_1_0__1035000&from=searchresults,10350,9.6,17.0,Islamabad,8.5,Standard King Room,1 large double bed,1,1,1,https://cf.bstatic.com/xdata/images/hotel/square240/685829880.webp?k=a8fa32ed89ffdcfc7f2f85dea289566da28095e7850d6c1ebe36a1b25270520d&o=,14,Islamabad
Stylish 2BR Apartment with Balcony and Margalla View E-11,https://www.booking.com/hotel/pk/stylish-2br-apartment-with-balcony-and-margalla-view-e-11.en-gb.html?aid=304142&label=gen173nr-10CAQoggJCDWNpdHlfLTI3NjI4MTJICVgEaLUBiAEBmAEzuAEHyAEM2AED6AEB-AEBiAIBqAIBuAKqisLTBsACAdICJGIyYWUwNDZiLWE5YmEtNGI1Yi05MjRjLWFkYWU5NDcwN2MxM9gCAeACAQ&ucfs=1&arphpl=1&checkin=2026-08-06&checkout=2026-08-07&dest_id=-2762812&dest_type=city&group_adults=2&req_adults=2&no_rooms=1&group_children=0&req_children=0&hpos=17&hapos=351&sr_order=popularity&srpvid=ed21559515340104&srepoch=1785759062&all_sr_blocks=1637476801_434090383_0_0_0&highlighted_blocks=1637476801_434090383_0_0_0&matching_block_id=1637476801_434090383_0_0_0&sr_pri_blocks=1637476801_434090383_0_0_0__882000&from=searchresults,8820,6.2,4.0,"E-11 Sector, Islamabad",10.8,Two-Bedroom Apartment,"2 beds (1 extra-large double, 1 large double)",0,1,1,https://cf.bstatic.com/xdata/images/hotel/square240/865524597.webp?k=66824f9cc58c4489af7cca92c4f48a5ac2d2250405bc0715bf803c988a57d36b&o=,4,Islamabad
Villa Vista,https://www.booking.com/hotel/pk/villa-vista.en-gb.html?aid=304142&label=gen173nr-10CAQoggJCDWNpdHlfLTI3NjI4MTJICVgEaLUBiAEBmAEzuAEHyAEM2AED6AEB-AEBiAIBqAIBuAKqisLTBsACAdICJGIyYWUwNDZiLWE5YmEtNGI1Yi05MjRjLWFkYWU5NDcwN2MxM9gCAeACAQ&ucfs=1&arphpl=1&checkin=2026-08-06&checkout=2026-08-07&dest_id=-2762812&dest_type=city&group_adults=2&req_adults=2&no_rooms=1&group_children=0&req_children=0&hpos=18&hapos=352&sr_order=popularity&srpvid=ed21559515340104&srepoch=1785759062&all_sr_blocks=1085097601_381865606_2_1_0&highlighted_blocks=1085097601_381865606_2_1_0&matching_block_id=1085097601_381865606_2_1_0&sr_pri_blocks=1085097601_381865606_2_1_0__2511000&from=searchresults,25110,9.1,557.0,"F-6 Sector, Islamabad",1.6,Standard Double Room,1 extra-large double bed,1,1,1,https://cf.bstatic.com/xdata/images/hotel/square240/720321933.webp?k=e8f410238a4eb85997eecf139bc5699d59fd462f2c225b857032b71c84031e1b&o=,13,Islamabad
Luxury Guest House G10,https://www.booking.com/hotel/pk/diamond-inn-guest-house.en-gb.html?aid=304142&label=gen173nr-10CAQoggJCDWNpdHlfLTI3NjI4MTJICVgEaLUBiAEBmAEzuAEHyAEM2AED6AEB-AEBiAIBqAIBuAKqisLTBsACAdICJGIyYWUwNDZiLWE5YmEtNGI1Yi05MjRjLWFkYWU5NDcwN2MxM9gCAeACAQ&ucfs=1&arphpl=1&checkin=2026-08-06&checkout=2026-08-07&dest_id=-2762812&dest_type=city&group_adults=2&req_adults=2&no_rooms=1&group_children=0&req_children=0&hpos=19&hapos=353&sr_order=popularity&srpvid=ed21559515340104&srepoch=1785759062&all_sr_blocks=1282621216_401175297_0_1_0&highlighted_blocks=1282621216_401175297_0_1_0&matching_block_id=1282621216_401175297_0_1_0&sr_pri_blocks=1282621216_401175297_0_1_0__585000&from=searchresults,5850,6.7,27.0,Islamabad,9.7,Standard Double Room with Fan,1 double bed,1,0,0,https://cf.bstatic.com/xdata/images/hotel/square240/886124314.webp?k=8b44c34b3b306476cf7380d685101f0cbe5cb0acd3de18e286552cfa4c6c71e0&o=,8,Islamabad
Magnolia Boutique House,https://www.booking.com/hotel/pk/magnolia-boutique-house.en-gb.html?aid=304142&label=gen173nr-10CAQoggJCDWNpdHlfLTI3NjI4MTJICVgEaLUBiAEBmAEzuAEHyAEM2AED6AEB-AEBiAIBqAIBuAKqisLTBsACAdICJGIyYWUwNDZiLWE5YmEtNGI1Yi05MjRjLWFkYWU5NDcwN2MxM9gCAeACAQ&ucfs=1&arphpl=1&checkin=2026-08-06&checkout=2026-08-07&dest_id=-2762812&dest_type=city&group_adults=2&req_adults=2&no_rooms=1&group_children=0&req_children=0&hpos=20&hapos=354&sr_order=popularity&srpvid=ed21559515340104&srepoch=1785759062&all_sr_blocks=139048901_347630028_0_41_0&highlighted_blocks=139048901_347630028_0_41_0&matching_block_id=139048901_347630028_0_41_0&sr_pri_blocks=139048901_347630028_0_41_0__1023000&from=searchresults,10230,7.7,34.0,"G-6 Sector, Islamabad",1.2,Deluxe Double Room,1 extra-large double bed,1,1,0,https://cf.bstatic.com/xdata/images/hotel/square240/284042477.webp?k=80b89cc77c8b68f8f08432e9a5091304986d367780cd9fc915d893d0f127bcb8&o=,11,Islamabad
The Penthouse,https://www.booking.com/hotel/pk/the-penthouse-islamabad.en-gb.html?aid=304142&label=gen173nr-10CAQoggJCDWNpdHlfLTI3NjI4MTJICVgEaLUBiAEBmAEzuAEHyAEM2AED6AEB-AEBiAIBqAIBuAKqisLTBsACAdICJGIyYWUwNDZiLWE5YmEtNGI1Yi05MjRjLWFkYWU5NDcwN2MxM9gCAeACAQ&ucfs=1&arphpl=1&checkin=2026-08-06&checkout=2026-08-07&dest_id=-2762812&dest_type=city&group_adults=2&req_adults=2&no_rooms=1&group_children=0&req_children=0&hpos=21&hapos=355&sr_order=popularity&srpvid=ed21559515340104&srepoch=1785759062&all_sr_blocks=1255117801_398031059_2_0_0&highlighted_blocks=1255117801_398031059_2_0_0&matching_block_id=1255117801_398031059_2_0_0&sr_pri_blocks=1255117801_398031059_2_0_0__1406380&from=searchresults,14064,8.2,22.0,"E-11 Sector, Islamabad",11.9,One-Bedroom Apartment,1 double bed,0,0,0,https://cf.bstatic.com/xdata/images/hotel/square240/584593912.webp?k=35e44c921814ffb70262db34b98f0c4d9f4810f73bd79f5b1a892da536b45a35&o=,11,Islamabad
"Luxury Family 2bhk mountain view near park, mall, restaurants",https://www.booking.com/hotel/pk/park-towers-1-bed-classic.en-gb.html?aid=304142&label=gen173nr-10CAQoggJCDWNpdHlfLTI3NjI4MTJICVgEaLUBiAEBmAEzuAEHyAEM2AED6AEB-AEBiAIBqAIBuAKqisLTBsACAdICJGIyYWUwNDZiLWE5YmEtNGI1Yi05MjRjLWFkYWU5NDcwN2MxM9gCAeACAQ&ucfs=1&arphpl=1&checkin=2026-08-06&checkout=2026-08-07&dest_id=-2762812&dest_type=city&group_adults=2&req_adults=2&no_rooms=1&group_children=0&req_children=0&hpos=22&hapos=356&sr_order=popularity&srpvid=ed21559515340104&srepoch=1785759062&all_sr_blocks=1475332401_418957314_4_0_0&highlighted_blocks=1475332401_418957314_4_0_0&matching_block_id=1475332401_418957314_4_0_0&sr_pri_blocks=1475332401_418957314_4_0_0__1300000&from=searchresults,13000,7.0,3.0,Islamabad,8.3,Two-Bedroom Apartment with Mountain View,"3 beds (2 doubles, 1 sofa bed)",0,1,1,https://cf.bstatic.com/xdata/images/hotel/square240/749696744.webp?k=84abbac592c9530079d68d2233fe6b135f488f703e0e37b542ec7dfc8958b988&o=,4,Islamabad
Luxurious 2 BEDROOM APARTMENT -Wifi - NETFLIX - SECTOR E-11,https://www.booking.com/hotel/pk/2-bedroom-apartment-islamabad6.en-gb.html?aid=304142&label=gen173nr-10CAQoggJCDWNpdHlfLTI3NjI4MTJICVgEaLUBiAEBmAEzuAEHyAEM2AED6AEB-AEBiAIBqAIBuAKqisLTBsACAdICJGIyYWUwNDZiLWE5YmEtNGI1Yi05MjRjLWFkYWU5NDcwN2MxM9gCAeACAQ&ucfs=1&arphpl=1&checkin=2026-08-06&checkout=2026-08-07&dest_id=-2762812&dest_type=city&group_adults=2&req_adults=2&no_rooms=1&group_children=0&req_children=0&hpos=23&hapos=357&sr_order=popularity&srpvid=ed21559515340104&srepoch=1785759062&all_sr_blocks=1585324001_429657881_5_0_0&highlighted_blocks=1585324001_429657881_5_0_0&matching_block_id=1585324001_429657881_5_0_0&sr_pri_blocks=1585324001_429657881_5_0_0__1200000&from=searchresults,12000,6.7,22.0,"E-11 Sector, Islamabad",11.2,Two-Bedroom Apartment,2 large double beds,0,1,1,https://cf.bstatic.com/xdata/images/hotel/square240/869111689.webp?k=04599153e5b554a45133047c39df2c1fb437f98f9d80aa74cfa89292fce8d2d6&o=,6,Islamabad
The Quiet Cube,https://www.booking.com/hotel/pk/the-quiet-cube.en-gb.html?aid=304142&label=gen173nr-10CAQoggJCDWNpdHlfLTI3NjI4MTJICVgEaLUBiAEBmAEzuAEHyAEM2AED6AEB-AEBiAIBqAIBuAKqisLTBsACAdICJGIyYWUwNDZiLWE5YmEtNGI1Yi05MjRjLWFkYWU5NDcwN2MxM9gCAeACAQ&ucfs=1&arphpl=1&checkin=2026-08-06&checkout=2026-08-07&dest_id=-2762812&dest_type=city&group_adults=2&req_adults=2&no_rooms=1&group_children=0&req_children=0&hpos=24&hapos=358&sr_order=popularity&srpvid=ed21559515340104&srepoch=1785759062&all_sr_blocks=1401311801_411978814_2_0_0&highlighted_blocks=1401311801_411978814_2_0_0&matching_block_id=1401311801_411978814_2_0_0&sr_pri_blocks=1401311801_411978814_2_0_0__900000&from=searchresults,9000,10,2.0,Islamabad,11.9,One-Bedroom Apartment,"2 beds (1 sofa bed, 1 large double)",0,1,1,https://cf.bstatic.com/xdata/images/hotel/square240/771867801.webp?k=69d00e997e61ec2bcea2b5c3e177be348152b9b91016a91475ec98099dd4bff2&o=,4,Islamabad
Elysium Premium Centaurus View,https://www.booking.com/hotel/pk/margalla-vista.en-gb.html?aid=304142&label=gen173nr-10CAQoggJCDWNpdHlfLTI3NjI4MTJICVgEaLUBiAEBmAEzuAEHyAEM2AED6AEB-AEBiAIBqAIBuAKqisLTBsACAdICJGIyYWUwNDZiLWE5YmEtNGI1Yi05MjRjLWFkYWU5NDcwN2MxM9gCAeACAQ&ucfs=1&arphpl=1&checkin=2026-08-06&checkout=2026-08-07&dest_id=-2762812&dest_type=city&group_adults=2&req_adults=2&no_rooms=1&group_children=0&req_children=0&hpos=25&hapos=359&sr_order=popularity&srpvid=ed21559515340104&srepoch=1785759062&all_sr_blocks=1491396503_420794699_0_0_0&highlighted_blocks=1491396503_420794699_0_0_0&matching_block_id=1491396503_420794699_0_0_0&sr_pri_blocks=1491396503_420794699_0_0_0__2950000&from=searchresults,29500,9.5,6.0,"Blue Area, Islamabad",4.6,Apartment with View and Balcony,"3 beds (2 extra-large doubles, 1 sofa bed)",0,1,1,https://cf.bstatic.com/xdata/images/hotel/square240/843829050.webp?k=905917a95852e9f040b1ec7c780a6e6a35e5a23792995b01211a2df33ee2474d&o=,4,Islamabad
Jungle Retreat Pir Sohawa,https://www.booking.com/hotel/pk/jungle-retreat-pir-sohawa-islamabad.en-gb.html?aid=304142&label=gen173nr-10CAQoggJCDWNpdHlfLTI3NjI4MTJICVgEaLUBiAEBmAEzuAEHyAEM2AED6AEB-AEBiAIBqAIBuAKqisLTBsACAdICJGIyYWUwNDZiLWE5YmEtNGI1Yi05MjRjLWFkYWU5NDcwN2MxM9gCAeACAQ&ucfs=1&arphpl=1&checkin=2026-08-06&checkout=2026-08-07&dest_id=-2762812&dest_type=city&group_adults=2&req_adults=2&no_rooms=1&group_children=0&req_children=0&hpos=1&hapos=360&sr_order=popularity&srpvid=ed21559515340104&srepoch=1785759066&all_sr_blocks=1380089701_410123022_2_2_0&highlighted_blocks=1380089701_410123022_2_2_0&matching_block_id=1380089701_410123022_2_2_0&sr_pri_blocks=1380089701_410123022_2_2_0__720000&from=searchresults,7200,9.1,11.0,Islamabad,9.3,Double Room with Mountain View,1 double bed,0,0,0,https://cf.bstatic.com/xdata/images/hotel/square240/661066130.webp?k=27a0909d1c608864d6f7a5b3c01593912444fcf707af68e9f620b01e76aa98be&o=,12,Islamabad
Smooth stay Guest House G9 Islamabad,https://www.booking.com/hotel/pk/smooth-stay-guest-house-g9-islamabad.en-gb.html?aid=304142&label=gen173nr-10CAQoggJCDWNpdHlfLTI3NjI4MTJICVgEaLUBiAEBmAEzuAEHyAEM2AED6AEB-AEBiAIBqAIBuAKqisLTBsACAdICJGIyYWUwNDZiLWE5YmEtNGI1Yi05MjRjLWFkYWU5NDcwN2MxM9gCAeACAQ&ucfs=1&arphpl=1&checkin=2026-08-06&checkout=2026-08-07&dest_id=-2762812&dest_type=city&group_adults=2&req_adults=2&no_rooms=1&group_children=0&req_children=0&hpos=2&hapos=361&sr_order=popularity&srpvid=ed21559515340104&srepoch=1785759066&all_sr_blocks=1580411301_429140582_2_2_0&highlighted_blocks=1580411301_429140582_2_2_0&matching_block_id=1580411301_429140582_2_2_0&sr_pri_blocks=1580411301_429140582_2_2_0__499950&from=searchresults,5000,6.6,23.0,"G-9 Sector, Islamabad",6.7,Double Room,1 double bed,0,0,0,https://cf.bstatic.com/xdata/images/hotel/square240/822337465.webp?k=361716ac66a2038f101c678974972833b2176219115c108dd02f559856167171&o=,8,Islamabad
Royal Paradise Guest House,https://www.booking.com/hotel/pk/royal-paradise-guest-house.en-gb.html?aid=304142&label=gen173nr-10CAQoggJCDWNpdHlfLTI3NjI4MTJICVgEaLUBiAEBmAEzuAEHyAEM2AED6AEB-AEBiAIBqAIBuAKqisLTBsACAdICJGIyYWUwNDZiLWE5YmEtNGI1Yi05MjRjLWFkYWU5NDcwN2MxM9gCAeACAQ&ucfs=1&arphpl=1&checkin=2026-08-06&checkout=2026-08-07&dest_id=-2762812&dest_type=city&group_adults=2&req_adults=2&no_rooms=1&group_children=0&req_children=0&hpos=3&hapos=362&sr_order=popularity&srpvid=ed21559515340104&srepoch=1785759066&all_sr_blocks=1634983501_433919179_2_0_0&highlighted_blocks=1634983501_433919179_2_0_0&matching_block_id=1634983501_433919179_2_0_0&sr_pri_blocks=1634983501_433919179_2_0_0__504000&from=searchresults,5040,10,1.0,"E-11 Sector, Islamabad",11.8,Deluxe King Room,1 extra-large double bed,0,1,1,https://cf.bstatic.com/xdata/images/hotel/square240/866526418.webp?k=030ba90fcd3a6568fef1ca226ede17ce6204b8b4aa2e801c576593b9ba355e89&o=,4,Islamabad
1 Bed Room Apartment gulberg greens,https://www.booking.com/hotel/pk/1-bed-room-apartment-gulberg-greens.en-gb.html?aid=304142&label=gen173nr-10CAQoggJCDWNpdHlfLTI3NjI4MTJICVgEaLUBiAEBmAEzuAEHyAEM2AED6AEB-AEBiAIBqAIBuAKqisLTBsACAdICJGIyYWUwNDZiLWE5YmEtNGI1Yi05MjRjLWFkYWU5NDcwN2MxM9gCAeACAQ&ucfs=1&arphpl=1&checkin=2026-08-06&checkout=2026-08-07&dest_id=-2762812&dest_type=city&group_adults=2&req_adults=2&no_rooms=1&group_children=0&req_children=0&hpos=4&hapos=363&sr_order=popularity&srpvid=ed21559515340104&srepoch=1785759066&all_sr_blocks=1506838301_422444748_3_0_0&highlighted_blocks=1506838301_422444748_3_0_0&matching_block_id=1506838301_422444748_3_0_0&sr_pri_blocks=1506838301_422444748_3_0_0__712500&from=searchresults,7125,8.8,18.0,Islamabad,15.2,Two-Bedroom Apartment,"3 beds (1 double, 1 sofa bed, 1 large double)",0,1,1,https://cf.bstatic.com/xdata/images/hotel/square240/759984337.webp?k=6180aa0ee39cd7bb4be71f58e22f4aa0adbb0269b31e13dfabe579ebe65e2782&o=,5,Islamabad
Capital Stays - Luxury Apartments,https://www.booking.com/hotel/pk/capital-stays.en-gb.html?aid=304142&label=gen173nr-10CAQoggJCDWNpdHlfLTI3NjI4MTJICVgEaLUBiAEBmAEzuAEHyAEM2AED6AEB-AEBiAIBqAIBuAKqisLTBsACAdICJGIyYWUwNDZiLWE5YmEtNGI1Yi05MjRjLWFkYWU5NDcwN2MxM9gCAeACAQ&ucfs=1&arphpl=1&checkin=2026-08-06&checkout=2026-08-07&dest_id=-2762812&dest_type=city&group_adults=2&req_adults=2&no_rooms=1&group_children=0&req_children=0&hpos=5&hapos=364&sr_order=popularity&srpvid=ed21559515340104&srepoch=1785759066&all_sr_blocks=1304990604_422650856_5_0_0&highlighted_blocks=1304990604_422650856_5_0_0&matching_block_id=1304990604_422650856_5_0_0&sr_pri_blocks=1304990604_422650856_5_0_0__1440000&from=searchresults,14400,8.7,27.0,"E-11 Sector, Islamabad",10.7,Two-Bedroom Apartment with City View,"3 beds (1 sofa bed, 2 large doubles)",0,0,0,https://cf.bstatic.com/xdata/images/hotel/square240/716242639.webp?k=27f1283fc639475db1e5e62b45321b917e05c9f44c146ca258660dda9c3a923e&o=,14,Islamabad
Multiple Apartments in F-10 Islamabad,https://www.booking.com/hotel/pk/multiple-apartments-in-f-10-islamabad.en-gb.html?aid=304142&label=gen173nr-10CAQoggJCDWNpdHlfLTI3NjI4MTJICVgEaLUBiAEBmAEzuAEHyAEM2AED6AEB-AEBiAIBqAIBuAKqisLTBsACAdICJGIyYWUwNDZiLWE5YmEtNGI1Yi05MjRjLWFkYWU5NDcwN2MxM9gCAeACAQ&ucfs=1&arphpl=1&checkin=2026-08-06&checkout=2026-08-07&dest_id=-2762812&dest_type=city&group_adults=2&req_adults=2&no_rooms=1&group_children=0&req_children=0&hpos=6&hapos=365&sr_order=popularity&srpvid=ed21559515340104&srepoch=1785759066&all_sr_blocks=1697281101_441406571_3_0_0&highlighted_blocks=1697281101_441406571_3_0_0&matching_block_id=1697281101_441406571_3_0_0&sr_pri_blocks=1697281101_441406571_3_0_0__1427065&from=searchresults,14271,10,1.0,Islamabad,8.3,One-Bedroom Apartment,1 double bed,0,1,1,https://cf.bstatic.com/xdata/images/hotel/square240/900905761.webp?k=d23452759702487ed4f0aa4d8919c43ce8769db005a2a3216c11bdf066cf7177&o=,4,Islamabad
"Luxury family near centaurus, blue area, park, mall, restaurants",https://www.booking.com/hotel/pk/park-towers-1-bed.en-gb.html?aid=304142&label=gen173nr-10CAQoggJCDWNpdHlfLTI3NjI4MTJICVgEaLUBiAEBmAEzuAEHyAEM2AED6AEB-AEBiAIBqAIBuAKqisLTBsACAdICJGIyYWUwNDZiLWE5YmEtNGI1Yi05MjRjLWFkYWU5NDcwN2MxM9gCAeACAQ&ucfs=1&arphpl=1&checkin=2026-08-06&checkout=2026-08-07&dest_id=-2762812&dest_type=city&group_adults=2&req_adults=2&no_rooms=1&group_children=0&req_children=0&hpos=7&hapos=366&sr_order=popularity&srpvid=ed21559515340104&srepoch=1785759066&all_sr_blocks=1473622601_418956670_2_0_0&highlighted_blocks=1473622601_418956670_2_0_0&matching_block_id=1473622601_418956670_2_0_0&sr_pri_blocks=1473622601_418956670_2_0_0__1000000&from=searchresults,10000,6.8,4.0,Islamabad,8.3,One-Bedroom Family Apartment,"2 beds (1 double, 1 sofa bed)",0,1,1,https://cf.bstatic.com/xdata/images/hotel/square240/733119718.webp?k=2a9852ba5666b13b3848a2c345dc701e3ff9810d57df5b66f302d6ef1d3908f3&o=,4,Islamabad
Hello Centaurus Apartments,https://www.booking.com/hotel/pk/luxury-new-guest-house-f6-islamabad.en-gb.html?aid=304142&label=gen173nr-10CAQoggJCDWNpdHlfLTI3NjI4MTJICVgEaLUBiAEBmAEzuAEHyAEM2AED6AEB-AEBiAIBqAIBuAKqisLTBsACAdICJGIyYWUwNDZiLWE5YmEtNGI1Yi05MjRjLWFkYWU5NDcwN2MxM9gCAeACAQ&ucfs=1&arphpl=1&checkin=2026-08-06&checkout=2026-08-07&dest_id=-2762812&dest_type=city&group_adults=2&req_adults=2&no_rooms=1&group_children=0&req_children=0&hpos=8&hapos=367&sr_order=popularity&srpvid=ed21559515340104&srepoch=1785759066&all_sr_blocks=1652709508_437235099_3_0_0&highlighted_blocks=1652709508_437235099_3_0_0&matching_block_id=1652709508_437235099_3_0_0&sr_pri_blocks=1652709508_437235099_3_0_0__2720000&from=searchresults,27200,8.0,4.0,"F-6 Sector, Islamabad",1.6,One-Bedroom Apartment,"2 beds (1 extra-large double, 1 sofa bed)",0,1,1,https://cf.bstatic.com/xdata/images/hotel/square240/900231455.webp?k=dfa521c09bb5a18fb3ac10c8364adf8f9b9b4cdd815c83fdc8a33460dfdbdb8c&o=,5,Islamabad
Taj Signature Premium Residency Islamabad,https://www.booking.com/hotel/pk/tuvubj.en-gb.html?aid=304142&label=gen173nr-10CAQoggJCDWNpdHlfLTI3NjI4MTJICVgEaLUBiAEBmAEzuAEHyAEM2AED6AEB-AEBiAIBqAIBuAKqisLTBsACAdICJGIyYWUwNDZiLWE5YmEtNGI1Yi05MjRjLWFkYWU5NDcwN2MxM9gCAeACAQ&ucfs=1&arphpl=1&checkin=2026-08-06&checkout=2026-08-07&dest_id=-2762812&dest_type=city&group_adults=2&req_adults=2&no_rooms=1&group_children=0&req_children=0&hpos=9&hapos=368&sr_order=popularity&srpvid=ed21559515340104&srepoch=1785759066&all_sr_blocks=1678845401_439738920_2_1_0&highlighted_blocks=1678845401_439738920_2_1_0&matching_block_id=1678845401_439738920_2_1_0&sr_pri_blocks=1678845401_439738920_2_1_0__1683000&from=searchresults,16830,6.0,4.0,"G-7 Sector, Islamabad",3.3,Standard King Room,1 double bed,1,1,1,https://cf.bstatic.com/xdata/images/hotel/square240/892061307.webp?k=418863deacc3f66c1d427b1660d32be6870b19c7290ecf69f1f9b115fa485db1&o=,14,Islamabad
The best apartment for a family,https://www.booking.com/hotel/pk/the-best-apartment-for-a-family.en-gb.html?aid=304142&label=gen173nr-10CAQoggJCDWNpdHlfLTI3NjI4MTJICVgEaLUBiAEBmAEzuAEHyAEM2AED6AEB-AEBiAIBqAIBuAKqisLTBsACAdICJGIyYWUwNDZiLWE5YmEtNGI1Yi05MjRjLWFkYWU5NDcwN2MxM9gCAeACAQ&ucfs=1&arphpl=1&checkin=2026-08-06&checkout=2026-08-07&dest_id=-2762812&dest_type=city&group_adults=2&req_adults=2&no_rooms=1&group_children=0&req_children=0&hpos=10&hapos=369&sr_order=popularity&srpvid=ed21559515340104&srepoch=1785759066&all_sr_blocks=1443815901_415812455_2_0_0&highlighted_blocks=1443815901_415812455_2_0_0&matching_block_id=1443815901_415812455_2_0_0&sr_pri_blocks=1443815901_415812455_2_0_0__765000&from=searchresults,7650,10,1.0,"E-11 Sector, Islamabad",10.9,One-Bedroom Apartment,1 double bed,0,1,1,https://cf.bstatic.com/xdata/images/hotel/square240/702034174.webp?k=a5f4c8247689ac8ab23f0a4567ad248b509dcbb2951cf8935681ec2c6b0dada7&o=,4,Islamabad
Dream Inn Guest House Islamabad,https://www.booking.com/hotel/pk/western-lodges-family-guest-house.en-gb.html?aid=304142&label=gen173nr-10CAQoggJCDWNpdHlfLTI3NjI4MTJICVgEaLUBiAEBmAEzuAEHyAEM2AED6AEB-AEBiAIBqAIBuAKqisLTBsACAdICJGIyYWUwNDZiLWE5YmEtNGI1Yi05MjRjLWFkYWU5NDcwN2MxM9gCAeACAQ&ucfs=1&arphpl=1&checkin=2026-08-06&checkout=2026-08-07&dest_id=-2762812&dest_type=city&group_adults=2&req_adults=2&no_rooms=1&group_children=0&req_children=0&hpos=11&hapos=370&sr_order=popularity&srpvid=ed21559515340104&srepoch=1785759066&all_sr_blocks=1279948206_425452737_0_2_0&highlighted_blocks=1279948206_425452737_0_2_0&matching_block_id=1279948206_425452737_0_2_0&sr_pri_blocks=1279948206_425452737_0_2_0__761400&from=searchresults,7614,9.1,62.0,"E-11 Sector, Islamabad",11.1,Deluxe Double Room,"2 beds (1 large double, 1 futon)",0,0,0,https://cf.bstatic.com/xdata/images/hotel/square240/740130026.webp?k=3c799292c44b2857656aace1fb05560ea17c8a2051fd507576fcc227035221b9&o=,11,Islamabad
Guest Room Within Home,https://www.booking.com/hotel/pk/guest-room-within-home.en-gb.html?aid=304142&label=gen173nr-10CAQoggJCDWNpdHlfLTI3NjI4MTJICVgEaLUBiAEBmAEzuAEHyAEM2AED6AEB-AEBiAIBqAIBuAKqisLTBsACAdICJGIyYWUwNDZiLWE5YmEtNGI1Yi05MjRjLWFkYWU5NDcwN2MxM9gCAeACAQ&ucfs=1&arphpl=1&checkin=2026-08-06&checkout=2026-08-07&dest_id=-2762812&dest_type=city&group_adults=2&req_adults=2&no_rooms=1&group_children=0&req_children=0&hpos=12&hapos=371&sr_order=popularity&srpvid=ed21559515340104&srepoch=1785759066&all_sr_blocks=1668326001_438655523_2_0_0&highlighted_blocks=1668326001_438655523_2_0_0&matching_block_id=1668326001_438655523_2_0_0&sr_pri_blocks=1668326001_438655523_2_0_0__595000&from=searchresults,5950,,,"E-11 Sector, Islamabad",12.0,Double Room with Private Bathroom,1 large double bed,0,1,1,https://cf.bstatic.com/xdata/images/hotel/square240/883921755.webp?k=77f9dfeb587a1cdf4299b7343a193249b261a5a3253f86b9f91510b5f3cd25d6&o=,4,Islamabad
OWN IT - 2 bedroom apartment ORANGE,https://www.booking.com/hotel/pk/own-it-apartment-ii.en-gb.html?aid=304142&label=gen173nr-10CAQoggJCDWNpdHlfLTI3NjI4MTJICVgEaLUBiAEBmAEzuAEHyAEM2AED6AEB-AEBiAIBqAIBuAKqisLTBsACAdICJGIyYWUwNDZiLWE5YmEtNGI1Yi05MjRjLWFkYWU5NDcwN2MxM9gCAeACAQ&ucfs=1&arphpl=1&checkin=2026-08-06&checkout=2026-08-07&dest_id=-2762812&dest_type=city&group_adults=2&req_adults=2&no_rooms=1&group_children=0&req_children=0&hpos=13&hapos=372&sr_order=popularity&srpvid=ed21559515340104&srepoch=1785759066&all_sr_blocks=1103058301_383072942_4_0_0&highlighted_blocks=1103058301_383072942_4_0_0&matching_block_id=1103058301_383072942_4_0_0&sr_pri_blocks=1103058301_383072942_4_0_0__631800&from=searchresults,6318,6.0,79.0,Islamabad,22.5,Two-Bedroom Apartment,2 large double beds,0,0,0,https://cf.bstatic.com/xdata/images/hotel/square240/656931993.webp?k=ac912a3b8cccfd748d159bf6daee68256fbfbcca29365dc9f977d6f221d72d17&o=,7,Islamabad
The Islamabad Guest House,https://www.booking.com/hotel/pk/the-islamabad-family-guest-house.en-gb.html?aid=304142&label=gen173nr-10CAQoggJCDWNpdHlfLTI3NjI4MTJICVgEaLUBiAEBmAEzuAEHyAEM2AED6AEB-AEBiAIBqAIBuAKqisLTBsACAdICJGIyYWUwNDZiLWE5YmEtNGI1Yi05MjRjLWFkYWU5NDcwN2MxM9gCAeACAQ&ucfs=1&arphpl=1&checkin=2026-08-06&checkout=2026-08-07&dest_id=-2762812&dest_type=city&group_adults=2&req_adults=2&no_rooms=1&group_children=0&req_children=0&hpos=14&hapos=373&sr_order=popularity&srpvid=ed21559515340104&srepoch=1785759066&all_sr_blocks=1639069603_434194010_2_0_0&highlighted_blocks=1639069603_434194010_2_0_0&matching_block_id=1639069603_434194010_2_0_0&sr_pri_blocks=1639069603_434194010_2_0_0__350000&from=searchresults,3500,4.5,2.0,"F-8 Sector, Islamabad",5.2,Tent,2 futon beds,0,1,1,https://cf.bstatic.com/xdata/images/hotel/square240/880100792.webp?k=cc84909562bf45611bf808ef342bf0a0b9e51fefdaa315e07accf5eeefbc91da&o=,4,Islamabad
Islamabad 430 B&B Hotel,https://www.booking.com/hotel/pk/faisal-movers-26-number-bus-stop-guest-house.en-gb.html?aid=304142&label=gen173nr-10CAQoggJCDWNpdHlfLTI3NjI4MTJICVgEaLUBiAEBmAEzuAEHyAEM2AED6AEB-AEBiAIBqAIBuAKqisLTBsACAdICJGIyYWUwNDZiLWE5YmEtNGI1Yi05MjRjLWFkYWU5NDcwN2MxM9gCAeACAQ&ucfs=1&arphpl=1&checkin=2026-08-06&checkout=2026-08-07&dest_id=-2762812&dest_type=city&group_adults=2&req_adults=2&no_rooms=1&group_children=0&req_children=0&hpos=15&hapos=374&sr_order=popularity&srpvid=ed21559515340104&srepoch=1785759066&all_sr_blocks=1078468204_385401388_4_0_0&highlighted_blocks=1078468204_385401388_4_0_0&matching_block_id=1078468204_385401388_4_0_0&sr_pri_blocks=1078468204_385401388_4_0_0__600000&from=searchresults,6000,7.3,10.0,Islamabad,19.4,Deluxe Room,"2 beds (1 sofa bed, 1 large double)",0,1,0,https://cf.bstatic.com/xdata/images/hotel/square240/493087264.webp?k=d535612ac52c00c606b44c5b1a2e655c6fbdac7e480e833d64ef66011b1ac8e2&o=,13,Islamabad
Sunset BnB Ramna Islamabad,https://www.booking.com/hotel/pk/sunset-bnb-ramna.en-gb.html?aid=304142&label=gen173nr-10CAQoggJCDWNpdHlfLTI3NjI4MTJICVgEaLUBiAEBmAEzuAEHyAEM2AED6AEB-AEBiAIBqAIBuAKqisLTBsACAdICJGIyYWUwNDZiLWE5YmEtNGI1Yi05MjRjLWFkYWU5NDcwN2MxM9gCAeACAQ&ucfs=1&arphpl=1&checkin=2026-08-06&checkout=2026-08-07&dest_id=-2762812&dest_type=city&group_adults=2&req_adults=2&no_rooms=1&group_children=0&req_children=0&hpos=16&hapos=375&sr_order=popularity&srpvid=ed21559515340104&srepoch=1785759066&all_sr_blocks=1463187701_0_2_1_0&highlighted_blocks=1463187701_0_2_1_0&matching_block_id=1463187701_0_2_1_0&sr_pri_blocks=1463187701_0_2_1_0__853925&from=searchresults,8539,9.6,42.0,Islamabad,11.8,Deluxe Double Room,1 extra-large double bed,1,1,0,https://cf.bstatic.com/xdata/images/hotel/square240/857941245.webp?k=41c51b8bfeea995aa086dc4de3951cd46340f4eac3f32b049365dbcb9853c83f&o=,12,Islamabad
Elysium Tower Cozy 2Bhk with Netflix & City Views,https://www.booking.com/hotel/pk/elysium-2-bedroom-luxury-apartment.en-gb.html?aid=304142&label=gen173nr-10CAQoggJCDWNpdHlfLTI3NjI4MTJICVgEaLUBiAEBmAEzuAEHyAEM2AED6AEB-AEBiAIBqAIBuAKqisLTBsACAdICJGIyYWUwNDZiLWE5YmEtNGI1Yi05MjRjLWFkYWU5NDcwN2MxM9gCAeACAQ&ucfs=1&arphpl=1&checkin=2026-08-06&checkout=2026-08-07&dest_id=-2762812&dest_type=city&group_adults=2&req_adults=2&no_rooms=1&group_children=0&req_children=0&hpos=17&hapos=376&sr_order=popularity&srpvid=ed21559515340104&srepoch=1785759066&all_sr_blocks=1300749501_402964766_2_0_0&highlighted_blocks=1300749501_402964766_2_0_0&matching_block_id=1300749501_402964766_2_0_0&sr_pri_blocks=1300749501_402964766_2_0_0__3351600&from=searchresults,33516,9.1,18.0,"Blue Area, Islamabad",4.6,Two-Bedroom Apartment with Balcony,"3 beds (1 extra-large double, 1 sofa bed, 1 large double)",0,0,0,https://cf.bstatic.com/xdata/images/hotel/square240/647753529.webp?k=b2cc68a1ee350d58c187975161a0318140cdd898b027e96104a24e533f4a112a&o=,10,Islamabad
The Corvane Residence,https://www.booking.com/hotel/pk/the-corvane-residence.en-gb.html?aid=304142&label=gen173nr-10CAQoggJCDWNpdHlfLTI3NjI4MTJICVgEaLUBiAEBmAEzuAEHyAEM2AED6AEB-AEBiAIBqAIBuAKqisLTBsACAdICJGIyYWUwNDZiLWE5YmEtNGI1Yi05MjRjLWFkYWU5NDcwN2MxM9gCAeACAQ&ucfs=1&arphpl=1&checkin=2026-08-06&checkout=2026-08-07&dest_id=-2762812&dest_type=city&group_adults=2&req_adults=2&no_rooms=1&group_children=0&req_children=0&hpos=18&hapos=377&sr_order=popularity&srpvid=ed21559515340104&srepoch=1785759066&all_sr_blocks=1609307102_431834713_4_0_0&highlighted_blocks=1609307102_431834713_4_0_0&matching_block_id=1609307102_431834713_4_0_0&sr_pri_blocks=1609307102_431834713_4_0_0__800000&from=searchresults,8000,9.7,9.0,Islamabad,13.9,Deluxe Double or Twin Room with City View,"3 beds (1 single, 1 extra-large double, 1 futon)",0,1,1,https://cf.bstatic.com/xdata/images/hotel/square240/887045176.webp?k=8cb26b77617dd1bac92d3f4170f94215bdf5468044de237bc20c7ca009f0e056&o=,14,Islamabad
Solace Inn,https://www.booking.com/hotel/pk/solace-inn-islamabad.en-gb.html?aid=304142&label=gen173nr-10CAQoggJCDWNpdHlfLTI3NjI4MTJICVgEaLUBiAEBmAEzuAEHyAEM2AED6AEB-AEBiAIBqAIBuAKqisLTBsACAdICJGIyYWUwNDZiLWE5YmEtNGI1Yi05MjRjLWFkYWU5NDcwN2MxM9gCAeACAQ&ucfs=1&arphpl=1&checkin=2026-08-06&checkout=2026-08-07&dest_id=-2762812&dest_type=city&group_adults=2&req_adults=2&no_rooms=1&group_children=0&req_children=0&hpos=19&hapos=378&sr_order=popularity&srpvid=ed21559515340104&srepoch=1785759066&all_sr_blocks=1343595001_441394072_2_1_0&highlighted_blocks=1343595001_441394072_2_1_0&matching_block_id=1343595001_441394072_2_1_0&sr_pri_blocks=1343595001_441394072_2_1_0__891000&from=searchresults,8910,9.3,3.0,"F-7 Sector, Islamabad",4.3,Deluxe Double Room,1 extra-large double bed,1,0,1,https://cf.bstatic.com/xdata/images/hotel/square240/637421621.webp?k=b225020cca4b4bcd732831831f740c3bdf6522b755d92f49fab9ad5429aab27c&o=,3,Islamabad
Bright & Beautiful 2 BHK Modern Amenities,https://www.booking.com/hotel/pk/bright-amp-beautiful-2-bhk-modern-amenities.en-gb.html?aid=304142&label=gen173nr-10CAQoggJCDWNpdHlfLTI3NjI4MTJICVgEaLUBiAEBmAEzuAEHyAEM2AED6AEB-AEBiAIBqAIBuAKqisLTBsACAdICJGIyYWUwNDZiLWE5YmEtNGI1Yi05MjRjLWFkYWU5NDcwN2MxM9gCAeACAQ&ucfs=1&arphpl=1&checkin=2026-08-06&checkout=2026-08-07&dest_id=-2762812&dest_type=city&group_adults=2&req_adults=2&no_rooms=1&group_children=0&req_children=0&hpos=20&hapos=379&sr_order=popularity&srpvid=ed21559515340104&srepoch=1785759066&all_sr_blocks=1520885901_423754654_6_0_0&highlighted_blocks=1520885901_423754654_6_0_0&matching_block_id=1520885901_423754654_6_0_0&sr_pri_blocks=1520885901_423754654_6_0_0__1200000&from=searchresults,12000,9.7,3.0,Islamabad,11.0,Two-Bedroom Apartment,"2 beds (1 extra-large double, 1 futon)",0,1,1,https://cf.bstatic.com/xdata/images/hotel/square240/771818491.webp?k=5af74bcd97d60cca7f801380d14ef4fdfa6a8443a8cdfe150ec9237c22e26e9d&o=,4,Islamabad
Mountainview Guesthouse,https://www.booking.com/hotel/pk/mountainview-guesthouse.en-gb.html?aid=304142&label=gen173nr-10CAQoggJCDWNpdHlfLTI3NjI4MTJICVgEaLUBiAEBmAEzuAEHyAEM2AED6AEB-AEBiAIBqAIBuAKqisLTBsACAdICJGIyYWUwNDZiLWE5YmEtNGI1Yi05MjRjLWFkYWU5NDcwN2MxM9gCAeACAQ&ucfs=1&arphpl=1&checkin=2026-08-06&checkout=2026-08-07&dest_id=-2762812&dest_type=city&group_adults=2&req_adults=2&no_rooms=1&group_children=0&req_children=0&hpos=21&hapos=380&sr_order=popularity&srpvid=ed21559515340104&srepoch=1785759066&all_sr_blocks=1473060503_418650973_4_2_0&highlighted_blocks=1473060503_418650973_4_2_0&matching_block_id=1473060503_418650973_4_2_0&sr_pri_blocks=1473060503_418650973_4_2_0__600000&from=searchresults,6000,9.0,26.0,Islamabad,19.4,Deluxe King Room,"3 beds (1 extra-large double, 1 sofa bed, 1 futon)",0,1,1,https://cf.bstatic.com/xdata/images/hotel/square240/728441880.webp?k=4934fd5505f2f35e6049d1f055ec37b85a2760e08ff4a95c278c25095f1bef9d&o=,6,Islamabad
Living Lodge Guest House,https://www.booking.com/hotel/pk/living-lodges-guest-house.en-gb.html?aid=304142&label=gen173nr-10CAQoggJCDWNpdHlfLTI3NjI4MTJICVgEaLUBiAEBmAEzuAEHyAEM2AED6AEB-AEBiAIBqAIBuAKqisLTBsACAdICJGIyYWUwNDZiLWE5YmEtNGI1Yi05MjRjLWFkYWU5NDcwN2MxM9gCAeACAQ&ucfs=1&arphpl=1&checkin=2026-08-06&checkout=2026-08-07&dest_id=-2762812&dest_type=city&group_adults=2&req_adults=2&no_rooms=1&group_children=0&req_children=0&hpos=22&hapos=381&sr_order=popularity&srpvid=ed21559515340104&srepoch=1785759066&all_sr_blocks=1494998510_421165619_4_2_0&highlighted_blocks=1494998510_421165619_4_2_0&matching_block_id=1494998510_421165619_4_2_0&sr_pri_blocks=1494998510_421165619_4_2_0__600000&from=searchresults,6000,8.2,10.0,Islamabad,9.5,Deluxe Family Room,"3 beds (1 single, 1 double, 1 futon)",0,1,1,https://cf.bstatic.com/xdata/images/hotel/square240/800405130.webp?k=fc2299110e0721a62645a1a958e5333f3a02f476773dabd33881fa926a8a230b&o=,6,Islamabad
Skyline Capital Retreat Premium Serviced Apartments - Elysium Tower Islamabad,https://www.booking.com/hotel/pk/hdisjis.en-gb.html?aid=304142&label=gen173nr-10CAQoggJCDWNpdHlfLTI3NjI4MTJICVgEaLUBiAEBmAEzuAEHyAEM2AED6AEB-AEBiAIBqAIBuAKqisLTBsACAdICJGIyYWUwNDZiLWE5YmEtNGI1Yi05MjRjLWFkYWU5NDcwN2MxM9gCAeACAQ&ucfs=1&arphpl=1&checkin=2026-08-06&checkout=2026-08-07&dest_id=-2762812&dest_type=city&group_adults=2&req_adults=2&no_rooms=1&group_children=0&req_children=0&hpos=23&hapos=382&sr_order=popularity&srpvid=ed21559515340104&srepoch=1785759066&all_sr_blocks=1673130603_439089841_5_1_0_1445990&highlighted_blocks=1673130603_439089841_5_1_0_1445990&matching_block_id=1673130603_439089841_5_1_0_1445990&sr_pri_blocks=1673130603_439089841_5_1_0_1445990_4400000&from=searchresults,44000,9.5,4.0,"Blue Area, Islamabad",4.6,Two-Bedroom Apartment with Balcony,"3 beds (2 doubles, 1 sofa bed)",1,1,1,https://cf.bstatic.com/xdata/images/hotel/square240/887510205.webp?k=0b397d1a17c58a82584f25cf9a77e5206d9964ec7142105beaa80032b5b59b45&o=,15,Islamabad
One Bed Corner Fully Furnished Apartment B17,https://www.booking.com/hotel/pk/one-bed-corner-fully-furnished-apartment-b17.en-gb.html?aid=304142&label=gen173nr-10CAQoggJCDWNpdHlfLTI3NjI4MTJICVgEaLUBiAEBmAEzuAEHyAEM2AED6AEB-AEBiAIBqAIBuAKqisLTBsACAdICJGIyYWUwNDZiLWE5YmEtNGI1Yi05MjRjLWFkYWU5NDcwN2MxM9gCAeACAQ&ucfs=1&arphpl=1&checkin=2026-08-06&checkout=2026-08-07&dest_id=-2762812&dest_type=city&group_adults=2&req_adults=2&no_rooms=1&group_children=0&req_children=0&hpos=24&hapos=383&sr_order=popularity&srpvid=ed21559515340104&srepoch=1785759066&all_sr_blocks=1610183401_431922474_3_0_0&highlighted_blocks=1610183401_431922474_3_0_0&matching_block_id=1610183401_431922474_3_0_0&sr_pri_blocks=1610183401_431922474_3_0_0__570000&from=searchresults,5700,8.0,1.0,Islamabad,24.7,One-Bedroom Apartment,"2 beds (1 double, 1 sofa bed)",0,1,1,https://cf.bstatic.com/xdata/images/hotel/square240/846073564.webp?k=0e429ce9baf664eebe55cc6c1f8a60fa3238195bac686339d1230be39d6b4526&o=,4,Islamabad
430 Boutique Stay,https://www.booking.com/hotel/pk/430-boutique-stay.en-gb.html?aid=304142&label=gen173nr-10CAQoggJCDWNpdHlfLTI3NjI4MTJICVgEaLUBiAEBmAEzuAEHyAEM2AED6AEB-AEBiAIBqAIBuAKqisLTBsACAdICJGIyYWUwNDZiLWE5YmEtNGI1Yi05MjRjLWFkYWU5NDcwN2MxM9gCAeACAQ&ucfs=1&arphpl=1&checkin=2026-08-06&checkout=2026-08-07&dest_id=-2762812&dest_type=city&group_adults=2&req_adults=2&no_rooms=1&group_children=0&req_children=0&hpos=1&hapos=384&sr_order=popularity&srpvid=ed21559515340104&srepoch=1785759070&all_sr_blocks=1631645901_433685691_2_0_0&highlighted_blocks=1631645901_433685691_2_0_0&matching_block_id=1631645901_433685691_2_0_0&sr_pri_blocks=1631645901_433685691_2_0_0__540000&from=searchresults,5400,9.6,10.0,Islamabad,19.4,Double Room,1 double bed,0,0,0,https://cf.bstatic.com/xdata/images/hotel/square240/861944119.webp?k=9c7b146e3fb796b7cdbe4e676a256e0f3898ea1c16890cb452493d59cf48381d&o=,3,Islamabad
Faletti's Residences Apartments,https://www.booking.com/hotel/pk/falettis-residences-apartments.en-gb.html?aid=304142&label=gen173nr-10CAQoggJCDWNpdHlfLTI3NjI4MTJICVgEaLUBiAEBmAEzuAEHyAEM2AED6AEB-AEBiAIBqAIBuAKqisLTBsACAdICJGIyYWUwNDZiLWE5YmEtNGI1Yi05MjRjLWFkYWU5NDcwN2MxM9gCAeACAQ&ucfs=1&arphpl=1&checkin=2026-08-06&checkout=2026-08-07&dest_id=-2762812&dest_type=city&group_adults=2&req_adults=2&no_rooms=1&group_children=0&req_children=0&hpos=2&hapos=385&sr_order=popularity&srpvid=ed21559515340104&srepoch=1785759070&all_sr_blocks=1551963601_426379312_2_1_0&highlighted_blocks=1551963601_426379312_2_1_0&matching_block_id=1551963601_426379312_2_1_0&sr_pri_blocks=1551963601_426379312_2_1_0__1841400&from=searchresults,18414,9.1,9.0,Islamabad,26.1,One-Bedroom Apartment,"2 beds (1 single, 1 sofa bed)",1,1,1,https://cf.bstatic.com/xdata/images/hotel/square240/878028347.webp?k=344eddf712a763369035162bf787d1e50305964949bfce9629e2b6f77f16a076&o=,5,Islamabad
"Envoy Continental Hotel, Blue Area, Islamabad",https://www.booking.com/hotel/pk/envoy-continental.en-gb.html?aid=304142&label=gen173nr-10CAQoggJCDWNpdHlfLTI3NjI4MTJICVgEaLUBiAEBmAEzuAEHyAEM2AED6AEB-AEBiAIBqAIBuAKqisLTBsACAdICJGIyYWUwNDZiLWE5YmEtNGI1Yi05MjRjLWFkYWU5NDcwN2MxM9gCAeACAQ&ucfs=1&arphpl=1&checkin=2026-08-06&checkout=2026-08-07&dest_id=-2762812&dest_type=city&group_adults=2&req_adults=2&no_rooms=1&group_children=0&req_children=0&hpos=3&hapos=386&sr_order=popularity&srpvid=ed21559515340104&srepoch=1785759070&all_sr_blocks=112469023_410467142_2_1_0&highlighted_blocks=112469023_410467142_2_1_0&matching_block_id=112469023_410467142_2_1_0&sr_pri_blocks=112469023_410467142_2_1_0__1836000&from=searchresults,18360,8.6,768.0,"Blue Area, Islamabad",3.7,Deluxe Twin Room,2 single beds,1,1,0,https://cf.bstatic.com/xdata/images/hotel/square240/872303707.webp?k=870566d52cb5a0504fffb9fc67a87e54bce5cb359104f0194ca1539901c34d2f&o=,13,Islamabad
"Luxury Family near blue area, park, mall, restaurants",https://www.booking.com/hotel/pk/park-1bhk-superior-for-families.en-gb.html?aid=304142&label=gen173nr-10CAQoggJCDWNpdHlfLTI3NjI4MTJICVgEaLUBiAEBmAEzuAEHyAEM2AED6AEB-AEBiAIBqAIBuAKqisLTBsACAdICJGIyYWUwNDZiLWE5YmEtNGI1Yi05MjRjLWFkYWU5NDcwN2MxM9gCAeACAQ&ucfs=1&arphpl=1&checkin=2026-08-06&checkout=2026-08-07&dest_id=-2762812&dest_type=city&group_adults=2&req_adults=2&no_rooms=1&group_children=0&req_children=0&hpos=4&hapos=387&sr_order=popularity&srpvid=ed21559515340104&srepoch=1785759070&all_sr_blocks=1475428601_418960117_4_0_0&highlighted_blocks=1475428601_418960117_4_0_0&matching_block_id=1475428601_418960117_4_0_0&sr_pri_blocks=1475428601_418960117_4_0_0__1000000&from=searchresults,10000,5.5,2.0,Islamabad,8.3,One-Bedroom Premium Apartment,"2 beds (1 double, 1 sofa bed)",0,1,1,https://cf.bstatic.com/xdata/images/hotel/square240/749699950.webp?k=ebd08ee22b230558f3206cd10046828fd579c78e9822560d328a042cc63d77a9&o=,4,Islamabad
"Elegant Designer Studio, Hotel-Style Comfort in Zeta Mall",https://www.booking.com/hotel/pk/elegant-designer-studio-style-comfort-in-zeta-mall.en-gb.html?aid=304142&label=gen173nr-10CAQoggJCDWNpdHlfLTI3NjI4MTJICVgEaLUBiAEBmAEzuAEHyAEM2AED6AEB-AEBiAIBqAIBuAKqisLTBsACAdICJGIyYWUwNDZiLWE5YmEtNGI1Yi05MjRjLWFkYWU5NDcwN2MxM9gCAeACAQ&ucfs=1&arphpl=1&checkin=2026-08-06&checkout=2026-08-07&dest_id=-2762812&dest_type=city&group_adults=2&req_adults=2&no_rooms=1&group_children=0&req_children=0&hpos=5&hapos=388&sr_order=popularity&srpvid=ed21559515340104&srepoch=1785759070&all_sr_blocks=1694327401_441087225_3_0_0&highlighted_blocks=1694327401_441087225_3_0_0&matching_block_id=1694327401_441087225_3_0_0&sr_pri_blocks=1694327401_441087225_3_0_0__1062500&from=searchresults,10625,,,Islamabad,24.0,One-Bedroom Apartment,"2 beds (1 large double, 1 futon)",0,1,1,https://cf.bstatic.com/xdata/images/hotel/square240/899080662.webp?k=3b725fa3c1857d07b4a7e6faf45597324d3e036e5a46a63c8cd50767b82fff0e&o=,12,Islamabad
Stay BelaVista,https://www.booking.com/hotel/pk/stay-belavista.en-gb.html?aid=304142&label=gen173nr-10CAQoggJCDWNpdHlfLTI3NjI4MTJICVgEaLUBiAEBmAEzuAEHyAEM2AED6AEB-AEBiAIBqAIBuAKqisLTBsACAdICJGIyYWUwNDZiLWE5YmEtNGI1Yi05MjRjLWFkYWU5NDcwN2MxM9gCAeACAQ&ucfs=1&arphpl=1&checkin=2026-08-06&checkout=2026-08-07&dest_id=-2762812&dest_type=city&group_adults=2&req_adults=2&no_rooms=1&group_children=0&req_children=0&hpos=6&hapos=389&sr_order=popularity&srpvid=ed21559515340104&srepoch=1785759070&all_sr_blocks=1583291601_429437934_3_0_0&highlighted_blocks=1583291601_429437934_3_0_0&matching_block_id=1583291601_429437934_3_0_0&sr_pri_blocks=1583291601_429437934_3_0_0__482400&from=searchresults,4824,5.5,2.0,Islamabad,26.0,One-Bedroom Apartment,"2 beds (1 sofa bed, 1 large double)",0,1,1,https://cf.bstatic.com/xdata/images/hotel/square240/825634169.webp?k=8ff902bdaadce93f9ddf09fe73e64e16ce4174e41d0c9ea7f9f9d1541d17e160&o=,5,Islamabad
430 Vision Inn,https://www.booking.com/hotel/pk/430-vision-inn.en-gb.html?aid=304142&label=gen173nr-10CAQoggJCDWNpdHlfLTI3NjI4MTJICVgEaLUBiAEBmAEzuAEHyAEM2AED6AEB-AEBiAIBqAIBuAKqisLTBsACAdICJGIyYWUwNDZiLWE5YmEtNGI1Yi05MjRjLWFkYWU5NDcwN2MxM9gCAeACAQ&ucfs=1&arphpl=1&checkin=2026-08-06&checkout=2026-08-07&dest_id=-2762812&dest_type=city&group_adults=2&req_adults=2&no_rooms=1&group_children=0&req_children=0&hpos=7&hapos=390&sr_order=popularity&srpvid=ed21559515340104&srepoch=1785759070&all_sr_blocks=1631792202_433694322_4_0_0&highlighted_blocks=1631792202_433694322_4_0_0&matching_block_id=1631792202_433694322_4_0_0&sr_pri_blocks=1631792202_433694322_4_0_0__350000&from=searchresults,3500,,,Islamabad,19.4,Double or Twin Room,"3 beds (1 extra-large double, 1 sofa bed, 1 futon)",0,1,1,https://cf.bstatic.com/xdata/images/hotel/square240/864553368.webp?k=d350094ee7d45158bf753311cf35d0d9be66794fc5a84799d8409e570010014e&o=,5,Islamabad
OJ Stays brings Couples & Family Retreat,https://www.booking.com/hotel/pk/oj-stays-brings-couples-amp-family-retreat.en-gb.html?aid=304142&label=gen173nr-10CAQoggJCDWNpdHlfLTI3NjI4MTJICVgEaLUBiAEBmAEzuAEHyAEM2AED6AEB-AEBiAIBqAIBuAKqisLTBsACAdICJGIyYWUwNDZiLWE5YmEtNGI1Yi05MjRjLWFkYWU5NDcwN2MxM9gCAeACAQ&ucfs=1&arphpl=1&checkin=2026-08-06&checkout=2026-08-07&dest_id=-2762812&dest_type=city&group_adults=2&req_adults=2&no_rooms=1&group_children=0&req_children=0&hpos=8&hapos=391&sr_order=popularity&srpvid=ed21559515340104&srepoch=1785759070&all_sr_blocks=1619946501_432822842_3_0_0&highlighted_blocks=1619946501_432822842_3_0_0&matching_block_id=1619946501_432822842_3_0_0&sr_pri_blocks=1619946501_432822842_3_0_0__620000&from=searchresults,6200,1.0,2.0,Islamabad,15.2,One-Bedroom Apartment,1 double bed,0,1,1,https://cf.bstatic.com/xdata/images/hotel/square240/863883300.webp?k=ec566d151d7154ba1888b895725b24aab04df4d93d0368e2725ef87b9c21f008&o=,4,Islamabad
Place wid amazing vibe to stay wid ur special one,https://www.booking.com/hotel/pk/place-wid-amazing-vibe-to-stay-wid-ur-special-one-islamabad.en-gb.html?aid=304142&label=gen173nr-10CAQoggJCDWNpdHlfLTI3NjI4MTJICVgEaLUBiAEBmAEzuAEHyAEM2AED6AEB-AEBiAIBqAIBuAKqisLTBsACAdICJGIyYWUwNDZiLWE5YmEtNGI1Yi05MjRjLWFkYWU5NDcwN2MxM9gCAeACAQ&ucfs=1&arphpl=1&checkin=2026-08-06&checkout=2026-08-07&dest_id=-2762812&dest_type=city&group_adults=2&req_adults=2&no_rooms=1&group_children=0&req_children=0&hpos=9&hapos=392&sr_order=popularity&srpvid=ed21559515340104&srepoch=1785759070&all_sr_blocks=1688665701_440518761_2_0_0&highlighted_blocks=1688665701_440518761_2_0_0&matching_block_id=1688665701_440518761_2_0_0&sr_pri_blocks=1688665701_440518761_2_0_0__935000&from=searchresults,9350,,,Islamabad,14.1,One-Bedroom Apartment,1 extra-large double bed,0,1,1,https://cf.bstatic.com/xdata/images/hotel/square240/894904776.webp?k=5862b62f03db58b2de016e4038fa75baa9686bc613054c84d13667dd2b254fcc&o=,5,Islamabad
Family Apartment ISB F-11,https://www.booking.com/hotel/pk/family-apartment-isb-f-11-islamabad.en-gb.html?aid=304142&label=gen173nr-10CAQoggJCDWNpdHlfLTI3NjI4MTJICVgEaLUBiAEBmAEzuAEHyAEM2AED6AEB-AEBiAIBqAIBuAKqisLTBsACAdICJGIyYWUwNDZiLWE5YmEtNGI1Yi05MjRjLWFkYWU5NDcwN2MxM9gCAeACAQ&ucfs=1&arphpl=1&checkin=2026-08-06&checkout=2026-08-07&dest_id=-2762812&dest_type=city&group_adults=2&req_adults=2&no_rooms=1&group_children=0&req_children=0&hpos=10&hapos=393&sr_order=popularity&srpvid=ed21559515340104&srepoch=1785759070&all_sr_blocks=1107409701_383526797_3_0_0&highlighted_blocks=1107409701_383526797_3_0_0&matching_block_id=1107409701_383526797_3_0_0&sr_pri_blocks=1107409701_383526797_3_0_0__800000&from=searchresults,8000,7.7,11.0,Islamabad,10.8,One-Bedroom Apartment,"2 beds (1 sofa bed, 1 large double)",0,1,1,https://cf.bstatic.com/xdata/images/hotel/square240/645095572.webp?k=4d767a3e959a4efa088ae9f8c037ea0805b4b2dd15f1d3e34a3a4436078ded08&o=,4,Islamabad
Islamabad guest house f7,https://www.booking.com/hotel/pk/best-islamabad-guest-house.en-gb.html?aid=304142&label=gen173nr-10CAQoggJCDWNpdHlfLTI3NjI4MTJICVgEaLUBiAEBmAEzuAEHyAEM2AED6AEB-AEBiAIBqAIBuAKqisLTBsACAdICJGIyYWUwNDZiLWE5YmEtNGI1Yi05MjRjLWFkYWU5NDcwN2MxM9gCAeACAQ&ucfs=1&arphpl=1&checkin=2026-08-06&checkout=2026-08-07&dest_id=-2762812&dest_type=city&group_adults=2&req_adults=2&no_rooms=1&group_children=0&req_children=0&hpos=11&hapos=394&sr_order=popularity&srpvid=ed21559515340104&srepoch=1785759070&all_sr_blocks=1584573702_429586368_3_0_0&highlighted_blocks=1584573702_429586368_3_0_0&matching_block_id=1584573702_429586368_3_0_0&sr_pri_blocks=1584573702_429586368_3_0_0__1080000&from=searchresults,10800,4.8,5.0,"F-7 Sector, Islamabad",3.5,Deluxe Double Room (2 Adults + 1 Child),"2 beds (1 double, 1 futon)",0,1,1,https://cf.bstatic.com/xdata/images/hotel/square240/894311598.webp?k=6715223b2be81293b90ad950226eb65a6790188d2a08eb66ae2dca0e3df005b5&o=,5,Islamabad
430 Capital Suites,https://www.booking.com/hotel/pk/430-capital-suites.en-gb.html?aid=304142&label=gen173nr-10CAQoggJCDWNpdHlfLTI3NjI4MTJICVgEaLUBiAEBmAEzuAEHyAEM2AED6AEB-AEBiAIBqAIBuAKqisLTBsACAdICJGIyYWUwNDZiLWE5YmEtNGI1Yi05MjRjLWFkYWU5NDcwN2MxM9gCAeACAQ&ucfs=1&arphpl=1&checkin=2026-08-06&checkout=2026-08-07&dest_id=-2762812&dest_type=city&group_adults=2&req_adults=2&no_rooms=1&group_children=0&req_children=0&hpos=12&hapos=395&sr_order=popularity&srpvid=ed21559515340104&srepoch=1785759070&all_sr_blocks=1631648301_433685775_2_0_0&highlighted_blocks=1631648301_433685775_2_0_0&matching_block_id=1631648301_433685775_2_0_0&sr_pri_blocks=1631648301_433685775_2_0_0__540000&from=searchresults,5400,9.7,6.0,Islamabad,19.4,Double Room,1 double bed,0,0,0,https://cf.bstatic.com/xdata/images/hotel/square240/861945870.webp?k=e6dae99a6cb6fcf58c9548aa08e038dc6e12692d7e1d4d8463832cd1f247fde5&o=,3,Islamabad
Dream Stay,https://www.booking.com/hotel/pk/dream-stay-islamabad1.en-gb.html?aid=304142&label=gen173nr-10CAQoggJCDWNpdHlfLTI3NjI4MTJICVgEaLUBiAEBmAEzuAEHyAEM2AED6AEB-AEBiAIBqAIBuAKqisLTBsACAdICJGIyYWUwNDZiLWE5YmEtNGI1Yi05MjRjLWFkYWU5NDcwN2MxM9gCAeACAQ&ucfs=1&arphpl=1&checkin=2026-08-06&checkout=2026-08-07&dest_id=-2762812&dest_type=city&group_adults=2&req_adults=2&no_rooms=1&group_children=0&req_children=0&hpos=13&hapos=396&sr_order=popularity&srpvid=ed21559515340104&srepoch=1785759070&all_sr_blocks=1688881301_440537704_3_1_0&highlighted_blocks=1688881301_440537704_3_1_0&matching_block_id=1688881301_440537704_3_1_0&sr_pri_blocks=1688881301_440537704_3_1_0__510000&from=searchresults,5100,,,"E-11 Sector, Islamabad",12.2,Double Room with Mountain View,1 extra-large double bed,1,1,1,https://cf.bstatic.com/xdata/images/hotel/square240/895055273.webp?k=82093fd14603e08987a5c117dce2a167c41f12a8c751157ae7373789a2f9c3ae&o=,5,Islamabad
Pioneer 1BHK Islamabad 41,https://www.booking.com/hotel/pk/pioneer-1bhk-islamabad-41.en-gb.html?aid=304142&label=gen173nr-10CAQoggJCDWNpdHlfLTI3NjI4MTJICVgEaLUBiAEBmAEzuAEHyAEM2AED6AEB-AEBiAIBqAIBuAKqisLTBsACAdICJGIyYWUwNDZiLWE5YmEtNGI1Yi05MjRjLWFkYWU5NDcwN2MxM9gCAeACAQ&ucfs=1&arphpl=1&checkin=2026-08-06&checkout=2026-08-07&dest_id=-2762812&dest_type=city&group_adults=2&req_adults=2&no_rooms=1&group_children=0&req_children=0&hpos=14&hapos=397&sr_order=popularity&srpvid=ed21559515340104&srepoch=1785759070&all_sr_blocks=1328763001_405448525_4_0_0&highlighted_blocks=1328763001_405448525_4_0_0&matching_block_id=1328763001_405448525_4_0_0&sr_pri_blocks=1328763001_405448525_4_0_0__1000000&from=searchresults,10000,10,1.0,Islamabad,11.0,One-Bedroom Apartment,"2 beds (1 double, 1 sofa bed)",0,1,1,https://cf.bstatic.com/xdata/images/hotel/square240/627364998.webp?k=932945712eb7237883ee8eb5d7c72945aa9b76dd94585119c6d2c57b1c8752a1&o=,4,Islamabad
"Comfort Hub Modern 2BR Apartments, prime location,Netflix WiFi",https://www.booking.com/hotel/pk/upscale-peaceful-penthouse-2king-47-br-isb-view-e11.en-gb.html?aid=304142&label=gen173nr-10CAQoggJCDWNpdHlfLTI3NjI4MTJICVgEaLUBiAEBmAEzuAEHyAEM2AED6AEB-AEBiAIBqAIBuAKqisLTBsACAdICJGIyYWUwNDZiLWE5YmEtNGI1Yi05MjRjLWFkYWU5NDcwN2MxM9gCAeACAQ&ucfs=1&arphpl=1&checkin=2026-08-06&checkout=2026-08-07&dest_id=-2762812&dest_type=city&group_adults=2&req_adults=2&no_rooms=1&group_children=0&req_children=0&hpos=15&hapos=398&sr_order=popularity&srpvid=ed21559515340104&srepoch=1785759070&all_sr_blocks=704688801_295282789_6_0_0&highlighted_blocks=704688801_295282789_6_0_0&matching_block_id=704688801_295282789_6_0_0&sr_pri_blocks=704688801_295282789_6_0_0__1070924&from=searchresults,10709,7.9,38.0,"E-11 Sector, Islamabad",11.4,Penthouse Apartment,"3 beds (1 sofa bed, 2 large doubles)",0,0,0,https://cf.bstatic.com/xdata/images/hotel/square240/630908344.webp?k=01292f4677ca52cc947125a2f5a6d0b87932eb847c8bde6cd929e7799404f3c4&o=,9,Islamabad
Your home,https://www.booking.com/hotel/pk/your-home.en-gb.html?aid=304142&label=gen173nr-10CAQoggJCDWNpdHlfLTI3NjI4MTJICVgEaLUBiAEBmAEzuAEHyAEM2AED6AEB-AEBiAIBqAIBuAKqisLTBsACAdICJGIyYWUwNDZiLWE5YmEtNGI1Yi05MjRjLWFkYWU5NDcwN2MxM9gCAeACAQ&ucfs=1&arphpl=1&checkin=2026-08-06&checkout=2026-08-07&dest_id=-2762812&dest_type=city&group_adults=2&req_adults=2&no_rooms=1&group_children=0&req_children=0&hpos=16&hapos=399&sr_order=popularity&srpvid=ed21559515340104&srepoch=1785759070&all_sr_blocks=1691824201_440842505_4_0_0&highlighted_blocks=1691824201_440842505_4_0_0&matching_block_id=1691824201_440842505_4_0_0&sr_pri_blocks=1691824201_440842505_4_0_0__1081614&from=searchresults,10816,10,1.0,"E-11 Sector, Islamabad",10.7,Five-Bedroom House,2 large double beds,0,1,1,https://cf.bstatic.com/xdata/images/hotel/square240/897294714.webp?k=e52936dc4fb8889452dcc6f800aa23af797f27d6c6084b73b3df58221cb8eea9&o=,5,Islamabad
luxury apartment 2 BED E11 Islamabad AC-NETFLIX-FREE PARKING-CHILDREN PLAY GROUND-SEPARATE KITCHEN,https://www.booking.com/hotel/pk/malik-heights-2-islamabad.en-gb.html?aid=304142&label=gen173nr-10CAQoggJCDWNpdHlfLTI3NjI4MTJICVgEaLUBiAEBmAEzuAEHyAEM2AED6AEB-AEBiAIBqAIBuAKqisLTBsACAdICJGIyYWUwNDZiLWE5YmEtNGI1Yi05MjRjLWFkYWU5NDcwN2MxM9gCAeACAQ&ucfs=1&arphpl=1&checkin=2026-08-06&checkout=2026-08-07&dest_id=-2762812&dest_type=city&group_adults=2&req_adults=2&no_rooms=1&group_children=0&req_children=0&hpos=17&hapos=400&sr_order=popularity&srpvid=ed21559515340104&srepoch=1785759070&all_sr_blocks=1682957701_440046973_6_0_0&highlighted_blocks=1682957701_440046973_6_0_0&matching_block_id=1682957701_440046973_6_0_0&sr_pri_blocks=1682957701_440046973_6_0_0__935000&from=searchresults,9350,9.8,4.0,"E-11 Sector, Islamabad",11.9,Double Room,2 large double beds,0,1,1,https://cf.bstatic.com/xdata/images/hotel/square240/899257933.webp?k=57f77d9ccc56bef6b60adcc94d719fbd0a18478208c124de22ea07ffeb8a7249&o=,4,Islamabad
The little nest,https://www.booking.com/hotel/pk/the-little-nest.en-gb.html?aid=304142&label=gen173nr-10CAQoggJCDWNpdHlfLTI3NjI4MTJICVgEaLUBiAEBmAEzuAEHyAEM2AED6AEB-AEBiAIBqAIBuAKqisLTBsACAdICJGIyYWUwNDZiLWE5YmEtNGI1Yi05MjRjLWFkYWU5NDcwN2MxM9gCAeACAQ&ucfs=1&arphpl=1&checkin=2026-08-06&checkout=2026-08-07&dest_id=-2762812&dest_type=city&group_adults=2&req_adults=2&no_rooms=1&group_children=0&req_children=0&hpos=18&hapos=401&sr_order=popularity&srpvid=ed21559515340104&srepoch=1785759070&all_sr_blocks=1508453401_440952362_2_34_0&highlighted_blocks=1508453401_440952362_2_34_0&matching_block_id=1508453401_440952362_2_34_0&sr_pri_blocks=1508453401_440952362_2_34_0__382500&from=searchresults,3825,7.8,5.0,Islamabad,26.4,One-Bedroom Apartment,1 double bed,0,0,1,https://cf.bstatic.com/xdata/images/hotel/square240/784820151.webp?k=8d70e3087fe71367d878445642d3e1cd2bd5d6285c1660376be1e4ba6fd59e0e&o=,4,Islamabad
Comfortable 1BHK Appartment in Islamabad Land Mark 3 with Free Gym And Gaming Room opposite to NUST Uni Kashmir Highway Islamabad,https://www.booking.com/hotel/pk/comfortable-1bhk-appartment-in-islamabad-land-mark-3-with-free-gym-and-gaming-ro.en-gb.html?aid=304142&label=gen173nr-10CAQoggJCDWNpdHlfLTI3NjI4MTJICVgEaLUBiAEBmAEzuAEHyAEM2AED6AEB-AEBiAIBqAIBuAKqisLTBsACAdICJGIyYWUwNDZiLWE5YmEtNGI1Yi05MjRjLWFkYWU5NDcwN2MxM9gCAeACAQ&ucfs=1&arphpl=1&checkin=2026-08-06&checkout=2026-08-07&dest_id=-2762812&dest_type=city&group_adults=2&req_adults=2&no_rooms=1&group_children=0&req_children=0&hpos=19&hapos=402&sr_order=popularity&srpvid=ed21559515340104&srepoch=1785759070&all_sr_blocks=1673318601_439125308_3_0_0&highlighted_blocks=1673318601_439125308_3_0_0&matching_block_id=1673318601_439125308_3_0_0&sr_pri_blocks=1673318601_439125308_3_0_0__716890&from=searchresults,7169,,,Islamabad,14.1,One-Bedroom Apartment,"2 beds (1 double, 1 sofa bed)",0,0,1,https://cf.bstatic.com/xdata/images/hotel/square240/887187676.webp?k=7f3bb9e38384a73457136bdef9fee080a170895c7972494d7793b8eb4db243da&o=,4,Islamabad
Redbury Guesthouse,https://www.booking.com/hotel/pk/redbury-guesthouse.en-gb.html?aid=304142&label=gen173nr-10CAQoggJCDWNpdHlfLTI3NjI4MTJICVgEaLUBiAEBmAEzuAEHyAEM2AED6AEB-AEBiAIBqAIBuAKqisLTBsACAdICJGIyYWUwNDZiLWE5YmEtNGI1Yi05MjRjLWFkYWU5NDcwN2MxM9gCAeACAQ&ucfs=1&arphpl=1&checkin=2026-08-06&checkout=2026-08-07&dest_id=-2762812&dest_type=city&group_adults=2&req_adults=2&no_rooms=1&group_children=0&req_children=0&hpos=20&hapos=403&sr_order=popularity&srpvid=ed21559515340104&srepoch=1785759070&all_sr_blocks=897073804_360350997_2_2_0&highlighted_blocks=897073804_360350997_2_2_0&matching_block_id=897073804_360350997_2_2_0&sr_pri_blocks=897073804_360350997_2_2_0__455905&from=searchresults,4559,7.1,55.0,Islamabad,15.2,Large Twin Room,2 single beds,0,1,1,https://cf.bstatic.com/xdata/images/hotel/square240/394130424.webp?k=c88ab5be5982d94f8b43aaeac7d8206f1cd6699f808e9bee55ac4bf9e650996e&o=,11,Islamabad
Family Apartment F-11 # 3,https://www.booking.com/hotel/pk/family-apartment-f-11-3.en-gb.html?aid=304142&label=gen173nr-10CAQoggJCDWNpdHlfLTI3NjI4MTJICVgEaLUBiAEBmAEzuAEHyAEM2AED6AEB-AEBiAIBqAIBuAKqisLTBsACAdICJGIyYWUwNDZiLWE5YmEtNGI1Yi05MjRjLWFkYWU5NDcwN2MxM9gCAeACAQ&ucfs=1&arphpl=1&checkin=2026-08-06&checkout=2026-08-07&dest_id=-2762812&dest_type=city&group_adults=2&req_adults=2&no_rooms=1&group_children=0&req_children=0&hpos=21&hapos=404&sr_order=popularity&srpvid=ed21559515340104&srepoch=1785759070&all_sr_blocks=1127871001_385425610_3_0_0&highlighted_blocks=1127871001_385425610_3_0_0&matching_block_id=1127871001_385425610_3_0_0&sr_pri_blocks=1127871001_385425610_3_0_0__900000&from=searchresults,9000,7.9,11.0,Islamabad,10.9,Superior Apartment,"2 beds (1 extra-large double, 1 futon)",0,1,1,https://cf.bstatic.com/xdata/images/hotel/square240/595322902.webp?k=ef0636ff78d749ee4326ecdc5544e98e16c2f169f845e829187a3ffcf7b4b3f4&o=,4,Islamabad
The Guest House Islamabad,https://www.booking.com/hotel/pk/islamabad-oasis-islamabad.en-gb.html?aid=304142&label=gen173nr-10CAQoggJCDWNpdHlfLTI3NjI4MTJICVgEaLUBiAEBmAEzuAEHyAEM2AED6AEB-AEBiAIBqAIBuAKqisLTBsACAdICJGIyYWUwNDZiLWE5YmEtNGI1Yi05MjRjLWFkYWU5NDcwN2MxM9gCAeACAQ&ucfs=1&arphpl=1&checkin=2026-08-06&checkout=2026-08-07&dest_id=-2762812&dest_type=city&group_adults=2&req_adults=2&no_rooms=1&group_children=0&req_children=0&hpos=22&hapos=405&sr_order=popularity&srpvid=ed21559515340104&srepoch=1785759070&all_sr_blocks=1473051002_418649624_4_2_0&highlighted_blocks=1473051002_418649624_4_2_0&matching_block_id=1473051002_418649624_4_2_0&sr_pri_blocks=1473051002_418649624_4_2_0__700000&from=searchresults,7000,8.1,24.0,Islamabad,29.0,Deluxe Double Room,"3 beds (1 extra-large double, 1 sofa bed, 1 futon)",0,1,1,https://cf.bstatic.com/xdata/images/hotel/square240/728412888.webp?k=4a2eaa0b4f7e9da2976bd1738ae6a8bdcaaa002611c3667f5a271e1f7c6685fe&o=,14,Islamabad
Alzahir GUESTHOUSE & HOTEL Bharakahu,https://www.booking.com/hotel/pk/alzahir-hostel-amp-rooms.en-gb.html?aid=304142&label=gen173nr-10CAQoggJCDWNpdHlfLTI3NjI4MTJICVgEaLUBiAEBmAEzuAEHyAEM2AED6AEB-AEBiAIBqAIBuAKqisLTBsACAdICJGIyYWUwNDZiLWE5YmEtNGI1Yi05MjRjLWFkYWU5NDcwN2MxM9gCAeACAQ&ucfs=1&arphpl=1&checkin=2026-08-06&checkout=2026-08-07&dest_id=-2762812&dest_type=city&group_adults=2&req_adults=2&no_rooms=1&group_children=0&req_children=0&hpos=23&hapos=406&sr_order=popularity&srpvid=ed21559515340104&srepoch=1785759070&all_sr_blocks=1578255503_428930042_2_0_0&highlighted_blocks=1578255503_428930042_2_0_0&matching_block_id=1578255503_428930042_2_0_0&sr_pri_blocks=1578255503_428930042_2_0_0__184000&from=searchresults,1840,1.0,1.0,Islamabad,7.1,Budget Double Room,2 single beds,0,1,1,https://cf.bstatic.com/xdata/images/hotel/square240/820368331.webp?k=281b03ce91c86c10273118dea7ee62b590535cf092345c3695269256392a9218&o=,5,Islamabad
1 bedroom comfortable apartment in gulberg greens,https://www.booking.com/hotel/pk/1-bedroom-comfortable-apartment-in-gulberg-greens.en-gb.html?aid=304142&label=gen173nr-10CAQoggJCDWNpdHlfLTI3NjI4MTJICVgEaLUBiAEBmAEzuAEHyAEM2AED6AEB-AEBiAIBqAIBuAKqisLTBsACAdICJGIyYWUwNDZiLWE5YmEtNGI1Yi05MjRjLWFkYWU5NDcwN2MxM9gCAeACAQ&ucfs=1&arphpl=1&checkin=2026-08-06&checkout=2026-08-07&dest_id=-2762812&dest_type=city&group_adults=2&req_adults=2&no_rooms=1&group_children=0&req_children=0&hpos=1&hapos=407&sr_order=popularity&srpvid=ed21559515340104&srepoch=1785759074&all_sr_blocks=1658154601_437714232_3_0_0&highlighted_blocks=1658154601_437714232_3_0_0&matching_block_id=1658154601_437714232_3_0_0&sr_pri_blocks=1658154601_437714232_3_0_0__600000&from=searchresults,6000,10,1.0,Islamabad,15.3,One-Bedroom Apartment,1 double bed,0,1,1,https://cf.bstatic.com/xdata/images/hotel/square240/877327511.webp?k=1b93e27702cf0afc11b697e689c684dd27ca6e908534bd5b150e2ae164f52796&o=,4,Islamabad
Bridge Residency,https://www.booking.com/hotel/pk/bridge-residency-islamabad1.en-gb.html?aid=304142&label=gen173nr-10CAQoggJCDWNpdHlfLTI3NjI4MTJICVgEaLUBiAEBmAEzuAEHyAEM2AED6AEB-AEBiAIBqAIBuAKqisLTBsACAdICJGIyYWUwNDZiLWE5YmEtNGI1Yi05MjRjLWFkYWU5NDcwN2MxM9gCAeACAQ&ucfs=1&arphpl=1&checkin=2026-08-06&checkout=2026-08-07&dest_id=-2762812&dest_type=city&group_adults=2&req_adults=2&no_rooms=1&group_children=0&req_children=0&hpos=2&hapos=408&sr_order=popularity&srpvid=ed21559515340104&srepoch=1785759074&all_sr_blocks=1615075404_432390046_2_1_0&highlighted_blocks=1615075404_432390046_2_1_0&matching_block_id=1615075404_432390046_2_1_0&sr_pri_blocks=1615075404_432390046_2_1_0__972000&from=searchresults,9720,9.0,1.0,"F-6 Sector, Islamabad",2.2,Economy Double Room,"2 beds (1 single, 1 large double)",1,1,1,https://cf.bstatic.com/xdata/images/hotel/square240/850226368.webp?k=1a2752e3b9b3071a52d5dcff868c25ad017fd6f77917d01d7b5026e52eec6fc6&o=,5,Islamabad
Luxury Continental F-11,https://www.booking.com/hotel/pk/shelton-villa.en-gb.html?aid=304142&label=gen173nr-10CAQoggJCDWNpdHlfLTI3NjI4MTJICVgEaLUBiAEBmAEzuAEHyAEM2AED6AEB-AEBiAIBqAIBuAKqisLTBsACAdICJGIyYWUwNDZiLWE5YmEtNGI1Yi05MjRjLWFkYWU5NDcwN2MxM9gCAeACAQ&ucfs=1&arphpl=1&checkin=2026-08-06&checkout=2026-08-07&dest_id=-2762812&dest_type=city&group_adults=2&req_adults=2&no_rooms=1&group_children=0&req_children=0&hpos=3&hapos=409&sr_order=popularity&srpvid=ed21559515340104&srepoch=1785759074&all_sr_blocks=1501474501_421826464_0_2_0&highlighted_blocks=1501474501_421826464_0_2_0&matching_block_id=1501474501_421826464_0_2_0&sr_pri_blocks=1501474501_421826464_0_2_0__707940&from=searchresults,7079,7.7,20.0,Islamabad,11.5,Deluxe King Room,1 double bed,0,0,1,https://cf.bstatic.com/xdata/images/hotel/square240/867934702.webp?k=94f3b603ce75c146d7e6fa71c0100e9d1ed71d02e9c12aa8d8769feefe76963a&o=,4,Islamabad
Luxury 2BHK Penthouse with Private Terrace & Views,https://www.booking.com/hotel/pk/luxury-2bhk-penthouse-with-private-terrace-amp-views.en-gb.html?aid=304142&label=gen173nr-10CAQoggJCDWNpdHlfLTI3NjI4MTJICVgEaLUBiAEBmAEzuAEHyAEM2AED6AEB-AEBiAIBqAIBuAKqisLTBsACAdICJGIyYWUwNDZiLWE5YmEtNGI1Yi05MjRjLWFkYWU5NDcwN2MxM9gCAeACAQ&ucfs=1&arphpl=1&checkin=2026-08-06&checkout=2026-08-07&dest_id=-2762812&dest_type=city&group_adults=2&req_adults=2&no_rooms=1&group_children=0&req_children=0&hpos=4&hapos=410&sr_order=popularity&srpvid=ed21559515340104&srepoch=1785759074&all_sr_blocks=1662104301_438084556_4_0_0&highlighted_blocks=1662104301_438084556_4_0_0&matching_block_id=1662104301_438084556_4_0_0&sr_pri_blocks=1662104301_438084556_4_0_0__1558121&from=searchresults,15581,,,Islamabad,12.1,Two-Bedroom Apartment,1 double bed,0,1,1,https://cf.bstatic.com/xdata/images/hotel/square240/880243223.webp?k=3cb113c72784e89f4944a473f9f82d78741d5b1d24931cf3d073ef974231cf9d&o=,5,Islamabad
Studio 13,https://www.booking.com/hotel/pk/studio-13-islamabad1.en-gb.html?aid=304142&label=gen173nr-10CAQoggJCDWNpdHlfLTI3NjI4MTJICVgEaLUBiAEBmAEzuAEHyAEM2AED6AEB-AEBiAIBqAIBuAKqisLTBsACAdICJGIyYWUwNDZiLWE5YmEtNGI1Yi05MjRjLWFkYWU5NDcwN2MxM9gCAeACAQ&ucfs=1&arphpl=1&checkin=2026-08-06&checkout=2026-08-07&dest_id=-2762812&dest_type=city&group_adults=2&req_adults=2&no_rooms=1&group_children=0&req_children=0&hpos=5&hapos=411&sr_order=popularity&srpvid=ed21559515340104&srepoch=1785759074&all_sr_blocks=1690600602_440708098_7_0_0&highlighted_blocks=1690600602_440708098_7_0_0&matching_block_id=1690600602_440708098_7_0_0&sr_pri_blocks=1690600602_440708098_7_0_0__2400000&from=searchresults,24000,,,Islamabad,14.0,Family Suite,"5 beds (1 single, 2 extra-large doubles, 2 futons)",0,1,1,https://cf.bstatic.com/xdata/images/hotel/square240/896342397.webp?k=6b8a9730a6e86d33c6830d6e1175f7c777bcdd28c073a19c009d8e04cb323c8c&o=,12,Islamabad
AMH residence,https://www.booking.com/hotel/pk/amh-residence-islamabad.en-gb.html?aid=304142&label=gen173nr-10CAQoggJCDWNpdHlfLTI3NjI4MTJICVgEaLUBiAEBmAEzuAEHyAEM2AED6AEB-AEBiAIBqAIBuAKqisLTBsACAdICJGIyYWUwNDZiLWE5YmEtNGI1Yi05MjRjLWFkYWU5NDcwN2MxM9gCAeACAQ&ucfs=1&arphpl=1&checkin=2026-08-06&checkout=2026-08-07&dest_id=-2762812&dest_type=city&group_adults=2&req_adults=2&no_rooms=1&group_children=0&req_children=0&hpos=6&hapos=412&sr_order=popularity&srpvid=ed21559515340104&srepoch=1785759074&all_sr_blocks=1691987201_440846515_6_1_0&highlighted_blocks=1691987201_440846515_6_1_0&matching_block_id=1691987201_440846515_6_1_0&sr_pri_blocks=1691987201_440846515_6_1_0__1056000&from=searchresults,10560,,,Islamabad,24.5,Two-Bedroom Apartment,"16 beds (2 singles, 1 sofa bed, 1 large double, 12 futons)",1,1,1,https://cf.bstatic.com/xdata/images/hotel/square240/897360792.webp?k=69df89bc9b8045df4d69a8972b7a9b657e4769f5c79f9b2064491f9ad3b8c442&o=,4,Islamabad
Elite Horizon 2BR -Apartment The Mall Islamabad,https://www.booking.com/hotel/pk/sahil-2bhk-luxury-family-apartment-in-f-7-islamabad.en-gb.html?aid=304142&label=gen173nr-10CAQoggJCDWNpdHlfLTI3NjI4MTJICVgEaLUBiAEBmAEzuAEHyAEM2AED6AEB-AEBiAIBqAIBuAKqisLTBsACAdICJGIyYWUwNDZiLWE5YmEtNGI1Yi05MjRjLWFkYWU5NDcwN2MxM9gCAeACAQ&ucfs=1&arphpl=1&checkin=2026-08-06&checkout=2026-08-07&dest_id=-2762812&dest_type=city&group_adults=2&req_adults=2&no_rooms=1&group_children=0&req_children=0&hpos=7&hapos=413&sr_order=popularity&srpvid=ed21559515340104&srepoch=1785759074&all_sr_blocks=1695692801_441239924_4_0_0&highlighted_blocks=1695692801_441239924_4_0_0&matching_block_id=1695692801_441239924_4_0_0&sr_pri_blocks=1695692801_441239924_4_0_0__3400000&from=searchresults,34000,10,2.0,"Blue Area, Islamabad",3.4,Two-Bedroom Apartment,2 double beds,0,1,1,https://cf.bstatic.com/xdata/images/hotel/square240/902587787.webp?k=0b17ab0457194360db2ae09d7f14f1a7bb7f24168fe6b484332e07deb29e9607&o=,4,Islamabad
Hotel mid city,https://www.booking.com/hotel/pk/mid-city-rawalpindi2.en-gb.html?aid=304142&label=gen173nr-10CAQoggJCDWNpdHlfLTI3NjI4MTJICVgEaLUBiAEBmAEzuAEHyAEM2AED6AEB-AEBiAIBqAIBuAKqisLTBsACAdICJGIyYWUwNDZiLWE5YmEtNGI1Yi05MjRjLWFkYWU5NDcwN2MxM9gCAeACAQ&ucfs=1&arphpl=1&checkin=2026-08-06&checkout=2026-08-07&dest_id=-2762812&dest_type=city&group_adults=2&req_adults=2&no_rooms=1&group_children=0&req_children=0&hpos=8&hapos=414&sr_order=popularity&srpvid=ed21559515340104&srepoch=1785759074&all_sr_blocks=1670244401_438822634_2_2_0&highlighted_blocks=1670244401_438822634_2_2_0&matching_block_id=1670244401_438822634_2_2_0&sr_pri_blocks=1670244401_438822634_2_2_0__510000&from=searchresults,5100,,,Islamabad,8.8,Double Room,1 double bed,0,1,1,https://cf.bstatic.com/xdata/images/hotel/square240/885525955.webp?k=d0611d595f926ea4cae6e95cc8680428852b447a2f434b7d013428477024fc8f&o=,12,Islamabad
"Luxurious & Comfy 1BHK Apartment, Wifi & SmartTV.",https://www.booking.com/hotel/pk/luxurious-amp-comfy-1bhk-apartment-wifi-amp-smarttv.en-gb.html?aid=304142&label=gen173nr-10CAQoggJCDWNpdHlfLTI3NjI4MTJICVgEaLUBiAEBmAEzuAEHyAEM2AED6AEB-AEBiAIBqAIBuAKqisLTBsACAdICJGIyYWUwNDZiLWE5YmEtNGI1Yi05MjRjLWFkYWU5NDcwN2MxM9gCAeACAQ&ucfs=1&arphpl=1&checkin=2026-08-06&checkout=2026-08-07&dest_id=-2762812&dest_type=city&group_adults=2&req_adults=2&no_rooms=1&group_children=0&req_children=0&hpos=9&hapos=415&sr_order=popularity&srpvid=ed21559515340104&srepoch=1785759074&all_sr_blocks=796207401_339762274_2_0_0&highlighted_blocks=796207401_339762274_2_0_0&matching_block_id=796207401_339762274_2_0_0&sr_pri_blocks=796207401_339762274_2_0_0__585000&from=searchresults,5850,8.0,21.0,"E-11 Sector, Islamabad",11.1,Apartment with Balcony,"2 beds (1 extra-large double, 1 sofa bed)",0,0,0,https://cf.bstatic.com/xdata/images/hotel/square240/360920090.webp?k=5ea352cdc345f825e1d2704eded6f654a36101b738c2537d8446adf55686558c&o=,2,Islamabad
The Royal Residence,https://www.booking.com/hotel/pk/the-royal-residence.en-gb.html?aid=304142&label=gen173nr-10CAQoggJCDWNpdHlfLTI3NjI4MTJICVgEaLUBiAEBmAEzuAEHyAEM2AED6AEB-AEBiAIBqAIBuAKqisLTBsACAdICJGIyYWUwNDZiLWE5YmEtNGI1Yi05MjRjLWFkYWU5NDcwN2MxM9gCAeACAQ&ucfs=1&arphpl=1&checkin=2026-08-06&checkout=2026-08-07&dest_id=-2762812&dest_type=city&group_adults=2&req_adults=2&no_rooms=1&group_children=0&req_children=0&hpos=10&hapos=416&sr_order=popularity&srpvid=ed21559515340104&srepoch=1785759074&all_sr_blocks=1640655501_434307588_3_0_0&highlighted_blocks=1640655501_434307588_3_0_0&matching_block_id=1640655501_434307588_3_0_0&sr_pri_blocks=1640655501_434307588_3_0_0__580000&from=searchresults,5800,10,1.0,Islamabad,23.2,One-Bedroom Apartment,"2 beds (1 sofa bed, 1 large double)",0,1,1,https://cf.bstatic.com/xdata/images/hotel/square240/867151077.webp?k=40c3777a5ffc93d92a67ab676235efc1a32bc6534967ff04195e6a571aa92d16&o=,4,Islamabad
Step Inn Guest House Islamabad,https://www.booking.com/hotel/pk/step-inn-guest-house-islamabad-islamabad1.en-gb.html?aid=304142&label=gen173nr-10CAQoggJCDWNpdHlfLTI3NjI4MTJICVgEaLUBiAEBmAEzuAEHyAEM2AED6AEB-AEBiAIBqAIBuAKqisLTBsACAdICJGIyYWUwNDZiLWE5YmEtNGI1Yi05MjRjLWFkYWU5NDcwN2MxM9gCAeACAQ&ucfs=1&arphpl=1&checkin=2026-08-06&checkout=2026-08-07&dest_id=-2762812&dest_type=city&group_adults=2&req_adults=2&no_rooms=1&group_children=0&req_children=0&hpos=11&hapos=417&sr_order=popularity&srpvid=ed21559515340104&srepoch=1785759074&all_sr_blocks=840742201_350748234_0_1_0_618457&highlighted_blocks=840742201_350748234_0_1_0_618457&matching_block_id=840742201_350748234_0_1_0_618457&sr_pri_blocks=840742201_350748234_0_1_0_618457_479750&from=searchresults,4798,8.1,42.0,"E-11 Sector, Islamabad",10.7,Deluxe King Room,1 double bed,1,1,1,https://cf.bstatic.com/xdata/images/hotel/square240/884536267.webp?k=164c08bb3400858baaeeef85e7f8c31206f5db798802f3cec750657f3e2bc6a9&o=,11,Islamabad
Paradise Guest House Islamabad,https://www.booking.com/hotel/pk/paradise-guest-house-islamabad-islamabad.en-gb.html?aid=304142&label=gen173nr-10CAQoggJCDWNpdHlfLTI3NjI4MTJICVgEaLUBiAEBmAEzuAEHyAEM2AED6AEB-AEBiAIBqAIBuAKqisLTBsACAdICJGIyYWUwNDZiLWE5YmEtNGI1Yi05MjRjLWFkYWU5NDcwN2MxM9gCAeACAQ&ucfs=1&arphpl=1&checkin=2026-08-06&checkout=2026-08-07&dest_id=-2762812&dest_type=city&group_adults=2&req_adults=2&no_rooms=1&group_children=0&req_children=0&hpos=12&hapos=418&sr_order=popularity&srpvid=ed21559515340104&srepoch=1785759074&all_sr_blocks=1529025504_432088216_2_0_0&highlighted_blocks=1529025504_432088216_2_0_0&matching_block_id=1529025504_432088216_2_0_0&sr_pri_blocks=1529025504_432088216_2_0_0__450000&from=searchresults,4500,9.4,9.0,"E-11 Sector, Islamabad",12.1,Deluxe Double Room,1 large double bed,0,1,1,https://cf.bstatic.com/xdata/images/hotel/square240/778709165.webp?k=8005592b38619999fec19be4e556e8c3250f6f651814380e2be0b8fc49c18b50&o=,4,Islamabad
ELYSIUM TOWER- One Bedroom Luxury Apartment With Balcony & City View OPP Centaurus Mall Islamabad,https://www.booking.com/hotel/pk/executive-one-bedroom-apartment.en-gb.html?aid=304142&label=gen173nr-10CAQoggJCDWNpdHlfLTI3NjI4MTJICVgEaLUBiAEBmAEzuAEHyAEM2AED6AEB-AEBiAIBqAIBuAKqisLTBsACAdICJGIyYWUwNDZiLWE5YmEtNGI1Yi05MjRjLWFkYWU5NDcwN2MxM9gCAeACAQ&ucfs=1&arphpl=1&checkin=2026-08-06&checkout=2026-08-07&dest_id=-2762812&dest_type=city&group_adults=2&req_adults=2&no_rooms=1&group_children=0&req_children=0&hpos=13&hapos=419&sr_order=popularity&srpvid=ed21559515340104&srepoch=1785759074&all_sr_blocks=1685734101_440203457_3_2_0&highlighted_blocks=1685734101_440203457_3_2_0&matching_block_id=1685734101_440203457_3_2_0&sr_pri_blocks=1685734101_440203457_3_2_0__2520000&from=searchresults,25200,9.5,2.0,"Blue Area, Islamabad",4.6,One-Bedroom Apartment with Balcony and City View,"2 beds (1 extra-large double, 1 sofa bed)",0,0,0,https://cf.bstatic.com/xdata/images/hotel/square240/897098169.webp?k=4304fb9cb86ab0226999746439d27709757a2e4719b6ba532abe10eabaa4cf0d&o=,13,Islamabad
Casa Grande,https://www.booking.com/hotel/pk/casa-grande-islamabad.en-gb.html?aid=304142&label=gen173nr-10CAQoggJCDWNpdHlfLTI3NjI4MTJICVgEaLUBiAEBmAEzuAEHyAEM2AED6AEB-AEBiAIBqAIBuAKqisLTBsACAdICJGIyYWUwNDZiLWE5YmEtNGI1Yi05MjRjLWFkYWU5NDcwN2MxM9gCAeACAQ&ucfs=1&arphpl=1&checkin=2026-08-06&checkout=2026-08-07&dest_id=-2762812&dest_type=city&group_adults=2&req_adults=2&no_rooms=1&group_children=0&req_children=0&hpos=14&hapos=420&sr_order=popularity&srpvid=ed21559515340104&srepoch=1785759074&all_sr_blocks=354553001_206488929_0_1_0&highlighted_blocks=354553001_206488929_0_1_0&matching_block_id=354553001_206488929_0_1_0&sr_pri_blocks=354553001_206488929_0_1_0__800000&from=searchresults,8000,4.5,16.0,"F-7 Sector, Islamabad",3.5,Deluxe Double Room,"2 beds (1 single, 1 extra-large double)",1,1,1,https://cf.bstatic.com/xdata/images/hotel/square240/269096224.webp?k=940f49964b867d6d0191b44c228e3a735e3ca64062294b1440895b9a09b9d3cc&o=,4,Islamabad
Modern 2BR Executive Stay -Self Check-In -E-11,https://www.booking.com/hotel/pk/pyramid-stays.en-gb.html?aid=304142&label=gen173nr-10CAQoggJCDWNpdHlfLTI3NjI4MTJICVgEaLUBiAEBmAEzuAEHyAEM2AED6AEB-AEBiAIBqAIBuAKqisLTBsACAdICJGIyYWUwNDZiLWE5YmEtNGI1Yi05MjRjLWFkYWU5NDcwN2MxM9gCAeACAQ&ucfs=1&arphpl=1&checkin=2026-08-06&checkout=2026-08-07&dest_id=-2762812&dest_type=city&group_adults=2&req_adults=2&no_rooms=1&group_children=0&req_children=0&hpos=15&hapos=421&sr_order=popularity&srpvid=ed21559515340104&srepoch=1785759074&all_sr_blocks=1679114301_439693920_2_0_0&highlighted_blocks=1679114301_439693920_2_0_0&matching_block_id=1679114301_439693920_2_0_0&sr_pri_blocks=1679114301_439693920_2_0_0__731025&from=searchresults,7310,5.0,1.0,"E-11 Sector, Islamabad",12.1,Two-Bedroom Apartment,"4 beds (2 extra-large doubles, 2 sofa beds)",0,1,1,https://cf.bstatic.com/xdata/images/hotel/square240/897319026.webp?k=59bfe2a2efe5bc7f4bac01221003ba3249e4b61e221337601d5f2fc4359f4ea7&o=,4,Islamabad
Luxury Family Apartment near centaurus park blue area,https://www.booking.com/hotel/pk/luxury-cottage-2-amp-3-bedroom-full-portion.en-gb.html?aid=304142&label=gen173nr-10CAQoggJCDWNpdHlfLTI3NjI4MTJICVgEaLUBiAEBmAEzuAEHyAEM2AED6AEB-AEBiAIBqAIBuAKqisLTBsACAdICJGIyYWUwNDZiLWE5YmEtNGI1Yi05MjRjLWFkYWU5NDcwN2MxM9gCAeACAQ&ucfs=1&arphpl=1&checkin=2026-08-06&checkout=2026-08-07&dest_id=-2762812&dest_type=city&group_adults=2&req_adults=2&no_rooms=1&group_children=0&req_children=0&hpos=16&hapos=422&sr_order=popularity&srpvid=ed21559515340104&srepoch=1785759074&all_sr_blocks=1070479909_387221026_3_0_0_600281&highlighted_blocks=1070479909_387221026_3_0_0_600281&matching_block_id=1070479909_387221026_3_0_0_600281&sr_pri_blocks=1070479909_387221026_3_0_0_600281_855000&from=searchresults,8550,7.3,10.0,Islamabad,8.2,One-Bedroom Apartment,"2 beds (1 extra-large double, 1 sofa bed)",0,1,1,https://cf.bstatic.com/xdata/images/hotel/square240/656369098.webp?k=4c9e05a19091deee08f02776a289de6db299ddff74880602467b38e6120a8599&o=,11,Islamabad
Stay Prime,https://www.booking.com/hotel/pk/stay-prime-islamabad1.en-gb.html?aid=304142&label=gen173nr-10CAQoggJCDWNpdHlfLTI3NjI4MTJICVgEaLUBiAEBmAEzuAEHyAEM2AED6AEB-AEBiAIBqAIBuAKqisLTBsACAdICJGIyYWUwNDZiLWE5YmEtNGI1Yi05MjRjLWFkYWU5NDcwN2MxM9gCAeACAQ&ucfs=1&arphpl=1&checkin=2026-08-06&checkout=2026-08-07&dest_id=-2762812&dest_type=city&group_adults=2&req_adults=2&no_rooms=1&group_children=0&req_children=0&hpos=17&hapos=423&sr_order=popularity&srpvid=ed21559515340104&srepoch=1785759074&all_sr_blocks=1532356901_425481837_2_0_0&highlighted_blocks=1532356901_425481837_2_0_0&matching_block_id=1532356901_425481837_2_0_0&sr_pri_blocks=1532356901_425481837_2_0_0__607104&from=searchresults,6071,8.2,7.0,Islamabad,26.8,Classic One-Bedroom Apartment with King Bed,Classic One-Bedroom Apartment with King Bed,0,1,1,https://cf.bstatic.com/xdata/images/hotel/square240/787747487.webp?k=3c6230d647074f614e2e520bca41b8a20b9533e092bc1d07a3c69a6fbccb22f9&o=,4,Islamabad
Zabz Residencies 24 Executive 1 BHK in Islamabad,https://www.booking.com/hotel/pk/zabz-residencies-24-executive-1bhk-apartment-with-balcony-in-e-11-islamabad.en-gb.html?aid=304142&label=gen173nr-10CAQoggJCDWNpdHlfLTI3NjI4MTJICVgEaLUBiAEBmAEzuAEHyAEM2AED6AEB-AEBiAIBqAIBuAKqisLTBsACAdICJGIyYWUwNDZiLWE5YmEtNGI1Yi05MjRjLWFkYWU5NDcwN2MxM9gCAeACAQ&ucfs=1&arphpl=1&checkin=2026-08-06&checkout=2026-08-07&dest_id=-2762812&dest_type=city&group_adults=2&req_adults=2&no_rooms=1&group_children=0&req_children=0&hpos=18&hapos=424&sr_order=popularity&srpvid=ed21559515340104&srepoch=1785759074&all_sr_blocks=1506160501_422373060_3_0_0&highlighted_blocks=1506160501_422373060_3_0_0&matching_block_id=1506160501_422373060_3_0_0&sr_pri_blocks=1506160501_422373060_3_0_0__990000&from=searchresults,9900,7.4,7.0,"E-11 Sector, Islamabad",11.9,One-Bedroom Apartment,"2 beds (1 double, 1 sofa bed)",0,1,1,https://cf.bstatic.com/xdata/images/hotel/square240/759515057.webp?k=60b212ffbf5ef0b7df870b6c4661cfc50e6d3f43b0d085cd6391d2904fb6c17c&o=,5,Islamabad
The Aristocrat Manor,https://www.booking.com/hotel/pk/the-aristocrat-manor.en-gb.html?aid=304142&label=gen173nr-10CAQoggJCDWNpdHlfLTI3NjI4MTJICVgEaLUBiAEBmAEzuAEHyAEM2AED6AEB-AEBiAIBqAIBuAKqisLTBsACAdICJGIyYWUwNDZiLWE5YmEtNGI1Yi05MjRjLWFkYWU5NDcwN2MxM9gCAeACAQ&ucfs=1&arphpl=1&checkin=2026-08-06&checkout=2026-08-07&dest_id=-2762812&dest_type=city&group_adults=2&req_adults=2&no_rooms=1&group_children=0&req_children=0&hpos=19&hapos=425&sr_order=popularity&srpvid=ed21559515340104&srepoch=1785759074&all_sr_blocks=1593831203_430423451_4_0_0&highlighted_blocks=1593831203_430423451_4_0_0&matching_block_id=1593831203_430423451_4_0_0&sr_pri_blocks=1593831203_430423451_4_0_0__700000&from=searchresults,7000,9.6,14.0,Islamabad,7.3,Superior Twin Room,"4 beds (2 singles, 2 futons)",0,1,1,https://cf.bstatic.com/xdata/images/hotel/square240/832404540.webp?k=3b6a7129b6de1daf0937edad92e32c00770e740026515b510867e6d12d45b3dc&o=,6,Islamabad
1BHK 2 BHK 3BHK & PentHouse Entire Apartments Flats Islamabad,https://www.booking.com/hotel/pk/lux-1-bhk-apartment-islamabad.en-gb.html?aid=304142&label=gen173nr-10CAQoggJCDWNpdHlfLTI3NjI4MTJICVgEaLUBiAEBmAEzuAEHyAEM2AED6AEB-AEBiAIBqAIBuAKqisLTBsACAdICJGIyYWUwNDZiLWE5YmEtNGI1Yi05MjRjLWFkYWU5NDcwN2MxM9gCAeACAQ&ucfs=1&arphpl=1&checkin=2026-08-06&checkout=2026-08-07&dest_id=-2762812&dest_type=city&group_adults=2&req_adults=2&no_rooms=1&group_children=0&req_children=0&hpos=20&hapos=426&sr_order=popularity&srpvid=ed21559515340104&srepoch=1785759074&all_sr_blocks=1540637801_431946275_3_0_0&highlighted_blocks=1540637801_431946275_3_0_0&matching_block_id=1540637801_431946275_3_0_0&sr_pri_blocks=1540637801_431946275_3_0_0__1000000&from=searchresults,10000,10,3.0,"E-11 Sector, Islamabad",11.5,One-Bedroom Apartment,"2 beds (1 double, 1 sofa bed)",0,1,1,https://cf.bstatic.com/xdata/images/hotel/square240/846211925.webp?k=67b9895c3f14c8e1b5fea3b81fd5788fd87f9a826348398fb68362b23c51918d&o=,14,Islamabad
pearl residence 1,https://www.booking.com/hotel/pk/pearl-residence-1.en-gb.html?aid=304142&label=gen173nr-10CAQoggJCDWNpdHlfLTI3NjI4MTJICVgEaLUBiAEBmAEzuAEHyAEM2AED6AEB-AEBiAIBqAIBuAKqisLTBsACAdICJGIyYWUwNDZiLWE5YmEtNGI1Yi05MjRjLWFkYWU5NDcwN2MxM9gCAeACAQ&ucfs=1&arphpl=1&checkin=2026-08-06&checkout=2026-08-07&dest_id=-2762812&dest_type=city&group_adults=2&req_adults=2&no_rooms=1&group_children=0&req_children=0&hpos=21&hapos=427&sr_order=popularity&srpvid=ed21559515340104&srepoch=1785759074&all_sr_blocks=1549385801_426163799_2_0_0&highlighted_blocks=1549385801_426163799_2_0_0&matching_block_id=1549385801_426163799_2_0_0&sr_pri_blocks=1549385801_426163799_2_0_0__493000&from=searchresults,4930,5.3,3.0,Islamabad,26.3,One-Bedroom Apartment,1 double bed,0,1,1,https://cf.bstatic.com/xdata/images/hotel/square240/804664137.webp?k=7942ad14c57f00467aad26672f200939787e8c48c4e9c050e395c8b4161229a5&o=,5,Islamabad
THE GRANDVIEW 2 BEDROOM APARTMENTs !,https://www.booking.com/hotel/pk/2-bedroom-apartment-islamabad10.en-gb.html?aid=304142&label=gen173nr-10CAQoggJCDWNpdHlfLTI3NjI4MTJICVgEaLUBiAEBmAEzuAEHyAEM2AED6AEB-AEBiAIBqAIBuAKqisLTBsACAdICJGIyYWUwNDZiLWE5YmEtNGI1Yi05MjRjLWFkYWU5NDcwN2MxM9gCAeACAQ&ucfs=1&arphpl=1&checkin=2026-08-06&checkout=2026-08-07&dest_id=-2762812&dest_type=city&group_adults=2&req_adults=2&no_rooms=1&group_children=0&req_children=0&hpos=22&hapos=428&sr_order=popularity&srpvid=ed21559515340104&srepoch=1785759074&all_sr_blocks=1609136901_431822447_5_0_0&highlighted_blocks=1609136901_431822447_5_0_0&matching_block_id=1609136901_431822447_5_0_0&sr_pri_blocks=1609136901_431822447_5_0_0__1200000&from=searchresults,12000,8.2,10.0,"E-11 Sector, Islamabad",12.0,Two-Bedroom Apartment,2 extra-large double beds,0,1,1,https://cf.bstatic.com/xdata/images/hotel/square240/874144236.webp?k=8a03f9fda4608343acaf826b9532b2053ccabbd98a70268f8cf743b98648c22f&o=,6,Islamabad
Elysium Luxe Stay - Central Islamabad Comfort,https://www.booking.com/hotel/pk/elysium-luxe-stay-central-islamabad-comfort.en-gb.html?aid=304142&label=gen173nr-10CAQoggJCDWNpdHlfLTI3NjI4MTJICVgEaLUBiAEBmAEzuAEHyAEM2AED6AEB-AEBiAIBqAIBuAKqisLTBsACAdICJGIyYWUwNDZiLWE5YmEtNGI1Yi05MjRjLWFkYWU5NDcwN2MxM9gCAeACAQ&ucfs=1&arphpl=1&checkin=2026-08-06&checkout=2026-08-07&dest_id=-2762812&dest_type=city&group_adults=2&req_adults=2&no_rooms=1&group_children=0&req_children=0&hpos=23&hapos=429&sr_order=popularity&srpvid=ed21559515340104&srepoch=1785759074&all_sr_blocks=1317901503_428777459_3_0_0_806665&highlighted_blocks=1317901503_428777459_3_0_0_806665&matching_block_id=1317901503_428777459_3_0_0_806665&sr_pri_blocks=1317901503_428777459_3_0_0_806665_3000000&from=searchresults,30000,8.8,78.0,"Blue Area, Islamabad",4.6,Apartment with City View,"2 beds (1 large double, 1 futon)",0,1,1,https://cf.bstatic.com/xdata/images/hotel/square240/856339232.webp?k=f6deed9bdbb782dadba912cf3630fb1407d9a27468ef1c10e77e94567ef98a7a&o=,13,Islamabad
Centaurus Suites - BookMyStay,https://www.booking.com/hotel/pk/luxury-apt-ib-islamabad-islamabad.en-gb.html?aid=304142&label=gen173nr-10CAQoggJCDWNpdHlfLTI3NjI4MTJICVgEaLUBiAEBmAEzuAEHyAEM2AED6AEB-AEBiAIBqAIBuAKqisLTBsACAdICJGIyYWUwNDZiLWE5YmEtNGI1Yi05MjRjLWFkYWU5NDcwN2MxM9gCAeACAQ&ucfs=1&arphpl=1&checkin=2026-08-06&checkout=2026-08-07&dest_id=-2762812&dest_type=city&group_adults=2&req_adults=2&no_rooms=1&group_children=0&req_children=0&hpos=24&hapos=430&sr_order=popularity&srpvid=ed21559515340104&srepoch=1785759074&all_sr_blocks=1588406501_429939184_3_1_0&highlighted_blocks=1588406501_429939184_3_1_0&matching_block_id=1588406501_429939184_3_1_0&sr_pri_blocks=1588406501_429939184_3_1_0__2700000&from=searchresults,27000,8.4,9.0,"F-8 Sector, Islamabad",4.7,Studio Apartment with King Bed,Studio Apartment with King Bed,1,1,1,https://cf.bstatic.com/xdata/images/hotel/square240/880420315.webp?k=68a4bb7dd1e1a831b7da5150acfc76f99a31ff10ab8b6548672221030978e80e&o=,5,Islamabad
Noor Residence Private Villa Islamabad,https://www.booking.com/hotel/pk/noor-residence.en-gb.html?aid=304142&label=gen173nr-10CAQoggJCDWNpdHlfLTI3NjI4MTJICVgEaLUBiAEBmAEzuAEHyAEM2AED6AEB-AEBiAIBqAIBuAKqisLTBsACAdICJGIyYWUwNDZiLWE5YmEtNGI1Yi05MjRjLWFkYWU5NDcwN2MxM9gCAeACAQ&ucfs=1&arphpl=1&checkin=2026-08-06&checkout=2026-08-07&dest_id=-2762812&dest_type=city&group_adults=2&req_adults=2&no_rooms=1&group_children=0&req_children=0&hpos=25&hapos=431&sr_order=popularity&srpvid=ed21559515340104&srepoch=1785759074&all_sr_blocks=1506917206_422451885_4_2_0&highlighted_blocks=1506917206_422451885_4_2_0&matching_block_id=1506917206_422451885_4_2_0&sr_pri_blocks=1506917206_422451885_4_2_0__702000&from=searchresults,7020,9.8,15.0,Islamabad,19.5,Deluxe Family Room,2 extra-large double beds,0,1,1,https://cf.bstatic.com/xdata/images/hotel/square240/848039608.webp?k=ad78a030b63eb19d2a24e6303d4224c2e6b9c280538ae4144b77b71f23723378&o=,4,Islamabad
LMY High Rise Executive Hotel Apartments Islamabad Opposite Centaurus Mall,https://www.booking.com/hotel/pk/hsishsj.en-gb.html?aid=304142&label=gen173nr-10CAQoggJCDWNpdHlfLTI3NjI4MTJICVgEaLUBiAEBmAEzuAEHyAEM2AED6AEB-AEBiAIBqAIBuAKqisLTBsACAdICJGIyYWUwNDZiLWE5YmEtNGI1Yi05MjRjLWFkYWU5NDcwN2MxM9gCAeACAQ&ucfs=1&arphpl=1&checkin=2026-08-06&checkout=2026-08-07&dest_id=-2762812&dest_type=city&group_adults=2&req_adults=2&no_rooms=1&group_children=0&req_children=0&hpos=1&hapos=432&sr_order=popularity&srpvid=ed21559515340104&srepoch=1785759078&all_sr_blocks=1683286101_440076148_2_1_0&highlighted_blocks=1683286101_440076148_2_1_0&matching_block_id=1683286101_440076148_2_1_0&sr_pri_blocks=1683286101_440076148_2_1_0__2380000&from=searchresults,23800,10,2.0,"Blue Area, Islamabad",4.6,One-Bedroom Apartment,"2 beds (1 double, 1 sofa bed)",1,1,1,https://cf.bstatic.com/xdata/images/hotel/square240/892470565.webp?k=4193e6c3ecd35cb3600461f45e94f04d2e7e6e141f04a496ca5d514296237b86&o=,13,Islamabad
SJ Rezidor Guest House,https://www.booking.com/hotel/pk/js-rezidor.en-gb.html?aid=304142&label=gen173nr-10CAQoggJCDWNpdHlfLTI3NjI4MTJICVgEaLUBiAEBmAEzuAEHyAEM2AED6AEB-AEBiAIBqAIBuAKqisLTBsACAdICJGIyYWUwNDZiLWE5YmEtNGI1Yi05MjRjLWFkYWU5NDcwN2MxM9gCAeACAQ&ucfs=1&arphpl=1&checkin=2026-08-06&checkout=2026-08-07&dest_id=-2762812&dest_type=city&group_adults=2&req_adults=2&no_rooms=1&group_children=0&req_children=0&hpos=2&hapos=433&sr_order=popularity&srpvid=ed21559515340104&srepoch=1785759078&all_sr_blocks=1322187201_405277695_0_41_0&highlighted_blocks=1322187201_405277695_0_41_0&matching_block_id=1322187201_405277695_0_41_0&sr_pri_blocks=1322187201_405277695_0_41_0__480000&from=searchresults,4800,5.2,10.0,Islamabad,15.1,Deluxe Double Room,1 double bed,1,1,1,https://cf.bstatic.com/xdata/images/hotel/square240/739585107.webp?k=bac68dc8b1448f4459ce4b784d832089e4038aad4222bc6fb0d9191fc1193ec4&o=,5,Islamabad
Al Hamid Guest House,https://www.booking.com/hotel/pk/al-hamid-guest-house.en-gb.html?aid=304142&label=gen173nr-10CAQoggJCDWNpdHlfLTI3NjI4MTJICVgEaLUBiAEBmAEzuAEHyAEM2AED6AEB-AEBiAIBqAIBuAKqisLTBsACAdICJGIyYWUwNDZiLWE5YmEtNGI1Yi05MjRjLWFkYWU5NDcwN2MxM9gCAeACAQ&ucfs=1&arphpl=1&checkin=2026-08-06&checkout=2026-08-07&dest_id=-2762812&dest_type=city&group_adults=2&req_adults=2&no_rooms=1&group_children=0&req_children=0&hpos=3&hapos=434&sr_order=popularity&srpvid=ed21559515340104&srepoch=1785759078&all_sr_blocks=1681494001_439910025_2_2_0&highlighted_blocks=1681494001_439910025_2_2_0&matching_block_id=1681494001_439910025_2_2_0&sr_pri_blocks=1681494001_439910025_2_2_0__230000&from=searchresults,2300,3.0,1.0,"G-9 Sector, Islamabad",6.6,Double Room,1 double bed,0,0,1,https://cf.bstatic.com/xdata/images/hotel/square240/891624782.webp?k=ee0a7b3ec12130f6f8118c59c99ee050c81e8e1b078a681f2a78614b2ae33c4c&o=,11,Islamabad
Venus Guest House,https://www.booking.com/hotel/pk/venus-guest-house-islamabad3.en-gb.html?aid=304142&label=gen173nr-10CAQoggJCDWNpdHlfLTI3NjI4MTJICVgEaLUBiAEBmAEzuAEHyAEM2AED6AEB-AEBiAIBqAIBuAKqisLTBsACAdICJGIyYWUwNDZiLWE5YmEtNGI1Yi05MjRjLWFkYWU5NDcwN2MxM9gCAeACAQ&ucfs=1&arphpl=1&checkin=2026-08-06&checkout=2026-08-07&dest_id=-2762812&dest_type=city&group_adults=2&req_adults=2&no_rooms=1&group_children=0&req_children=0&hpos=4&hapos=435&sr_order=popularity&srpvid=ed21559515340104&srepoch=1785759078&all_sr_blocks=1679316401_439705842_6_0_0&highlighted_blocks=1679316401_439705842_6_0_0&matching_block_id=1679316401_439705842_6_0_0&sr_pri_blocks=1679316401_439705842_6_0_0__595000&from=searchresults,5950,,,"F-6 Sector, Islamabad",1.9,Deluxe Double Room with Extra Bed,Deluxe Double Room with Extra Bed,0,1,1,https://cf.bstatic.com/xdata/images/hotel/square240/890608561.webp?k=a63b857aa1b87dd01fa3b01ade33ae6a17af8355de31069b16eb6b31011457e3&o=,4,Islamabad
Margalla view Islamabad,https://www.booking.com/hotel/pk/deluxe-islamabad-islamabad.en-gb.html?aid=304142&label=gen173nr-10CAQoggJCDWNpdHlfLTI3NjI4MTJICVgEaLUBiAEBmAEzuAEHyAEM2AED6AEB-AEBiAIBqAIBuAKqisLTBsACAdICJGIyYWUwNDZiLWE5YmEtNGI1Yi05MjRjLWFkYWU5NDcwN2MxM9gCAeACAQ&ucfs=1&arphpl=1&checkin=2026-08-06&checkout=2026-08-07&dest_id=-2762812&dest_type=city&group_adults=2&req_adults=2&no_rooms=1&group_children=0&req_children=0&hpos=5&hapos=436&sr_order=popularity&srpvid=ed21559515340104&srepoch=1785759078&all_sr_blocks=1525064601_424136847_2_2_0&highlighted_blocks=1525064601_424136847_2_2_0&matching_block_id=1525064601_424136847_2_2_0&sr_pri_blocks=1525064601_424136847_2_2_0__604350&from=searchresults,6044,8.1,85.0,"E-11 Sector, Islamabad",11.3,Standard Double Room,1 double bed,0,0,0,https://cf.bstatic.com/xdata/images/hotel/square240/788035067.webp?k=8ae35cd486d1faae79e9c7c679394a282676415107fc9d488fe7a4437f34b030&o=,11,Islamabad
"Skyluxe Designer Suits with heating Fast Wifi, Rooftop pool, Gym, Sauna and Self checkin",https://www.booking.com/hotel/pk/designer-suites-skyluxe.en-gb.html?aid=304142&label=gen173nr-10CAQoggJCDWNpdHlfLTI3NjI4MTJICVgEaLUBiAEBmAEzuAEHyAEM2AED6AEB-AEBiAIBqAIBuAKqisLTBsACAdICJGIyYWUwNDZiLWE5YmEtNGI1Yi05MjRjLWFkYWU5NDcwN2MxM9gCAeACAQ&ucfs=1&arphpl=1&checkin=2026-08-06&checkout=2026-08-07&dest_id=-2762812&dest_type=city&group_adults=2&req_adults=2&no_rooms=1&group_children=0&req_children=0&hpos=6&hapos=437&sr_order=popularity&srpvid=ed21559515340104&srepoch=1785759078&all_sr_blocks=1581317601_429238105_3_0_0&highlighted_blocks=1581317601_429238105_3_0_0&matching_block_id=1581317601_429238105_3_0_0&sr_pri_blocks=1581317601_429238105_3_0_0__936000&from=searchresults,9360,9.5,2.0,Islamabad,20.5,One-Bedroom Apartment,1 double bed,0,0,0,https://cf.bstatic.com/xdata/images/hotel/square240/823561791.webp?k=38bba6467e8369d4f408dbd1eb096b3711e76f3b3960cff34f30c5077c2db3b0&o=,11,Islamabad
The Palms of Islamabad,https://www.booking.com/hotel/pk/the-palms-of-islamabad-islamabad.en-gb.html?aid=304142&label=gen173nr-10CAQoggJCDWNpdHlfLTI3NjI4MTJICVgEaLUBiAEBmAEzuAEHyAEM2AED6AEB-AEBiAIBqAIBuAKqisLTBsACAdICJGIyYWUwNDZiLWE5YmEtNGI1Yi05MjRjLWFkYWU5NDcwN2MxM9gCAeACAQ&ucfs=1&arphpl=1&checkin=2026-08-06&checkout=2026-08-07&dest_id=-2762812&dest_type=city&group_adults=2&req_adults=2&no_rooms=1&group_children=0&req_children=0&hpos=7&hapos=438&sr_order=popularity&srpvid=ed21559515340104&srepoch=1785759078&all_sr_blocks=1540357602_425440632_3_0_0&highlighted_blocks=1540357602_425440632_3_0_0&matching_block_id=1540357602_425440632_3_0_0&sr_pri_blocks=1540357602_425440632_3_0_0__700000&from=searchresults,7000,9.5,11.0,Islamabad,14.0,Superior Twin Room,"2 beds (1 double, 1 extra-large double)",0,1,1,https://cf.bstatic.com/xdata/images/hotel/square240/787936074.webp?k=b621d146d603589800260290c5d89b06519d8a6450cae2657e26545e840d46ee&o=,13,Islamabad
Islamabad Royal Inn,https://www.booking.com/hotel/pk/islamabad-royal-inn.en-gb.html?aid=304142&label=gen173nr-10CAQoggJCDWNpdHlfLTI3NjI4MTJICVgEaLUBiAEBmAEzuAEHyAEM2AED6AEB-AEBiAIBqAIBuAKqisLTBsACAdICJGIyYWUwNDZiLWE5YmEtNGI1Yi05MjRjLWFkYWU5NDcwN2MxM9gCAeACAQ&ucfs=1&arphpl=1&checkin=2026-08-06&checkout=2026-08-07&dest_id=-2762812&dest_type=city&group_adults=2&req_adults=2&no_rooms=1&group_children=0&req_children=0&hpos=8&hapos=439&sr_order=popularity&srpvid=ed21559515340104&srepoch=1785759078&all_sr_blocks=371931902_207789456_0_42_0&highlighted_blocks=371931902_207789456_0_42_0&matching_block_id=371931902_207789456_0_42_0&sr_pri_blocks=371931902_207789456_0_42_0__688500&from=searchresults,6885,7.4,11.0,Islamabad,11.7,Deluxe Double Room (2 Adults + 1 Child),"2 beds (1 double, 1 futon)",0,0,0,https://cf.bstatic.com/xdata/images/hotel/square240/150270145.webp?k=32223ec1eaa8b74b8475b67dba1ebac0fee543620b0c1de8fc24832c7c436c2a&o=,11,Islamabad
Residency Guest House,https://www.booking.com/hotel/pk/residency-guest-house.en-gb.html?aid=304142&label=gen173nr-10CAQoggJCDWNpdHlfLTI3NjI4MTJICVgEaLUBiAEBmAEzuAEHyAEM2AED6AEB-AEBiAIBqAIBuAKqisLTBsACAdICJGIyYWUwNDZiLWE5YmEtNGI1Yi05MjRjLWFkYWU5NDcwN2MxM9gCAeACAQ&ucfs=1&arphpl=1&checkin=2026-08-06&checkout=2026-08-07&dest_id=-2762812&dest_type=city&group_adults=2&req_adults=2&no_rooms=1&group_children=0&req_children=0&hpos=9&hapos=440&sr_order=popularity&srpvid=ed21559515340104&srepoch=1785759078&all_sr_blocks=1233304101_395287665_2_2_0&highlighted_blocks=1233304101_395287665_2_2_0&matching_block_id=1233304101_395287665_2_2_0&sr_pri_blocks=1233304101_395287665_2_2_0__450000&from=searchresults,4500,,,"F-7 Sector, Islamabad",3.8,King Room with Garden View,1 double bed,0,1,1,https://cf.bstatic.com/xdata/images/hotel/square240/573322414.webp?k=c8644cc1b7d2e68626a9c6fdc3420308efe0b4b22a3d32f51b3ee1b9aa398ea2&o=,4,Islamabad
Indus Caravan Residency,https://www.booking.com/hotel/pk/indus-caravan-residency.en-gb.html?aid=304142&label=gen173nr-10CAQoggJCDWNpdHlfLTI3NjI4MTJICVgEaLUBiAEBmAEzuAEHyAEM2AED6AEB-AEBiAIBqAIBuAKqisLTBsACAdICJGIyYWUwNDZiLWE5YmEtNGI1Yi05MjRjLWFkYWU5NDcwN2MxM9gCAeACAQ&ucfs=1&arphpl=1&checkin=2026-08-06&checkout=2026-08-07&dest_id=-2762812&dest_type=city&group_adults=2&req_adults=2&no_rooms=1&group_children=0&req_children=0&hpos=10&hapos=441&sr_order=popularity&srpvid=ed21559515340104&srepoch=1785759078&all_sr_blocks=1579738201_429142101_2_1_0&highlighted_blocks=1579738201_429142101_2_1_0&matching_block_id=1579738201_429142101_2_1_0&sr_pri_blocks=1579738201_429142101_2_1_0__1170000&from=searchresults,11700,10,1.0,Islamabad,8.7,Deluxe Double Room,1 large double bed,1,1,1,https://cf.bstatic.com/xdata/images/hotel/square240/821687741.webp?k=5eff5ca50620d50a3d1b1b2c7411c3ee8fe1d1aa12051557112264816c614886&o=,4,Islamabad
Executive Furnished 1-Bedroom Apartment Near Giga Mall ! City View Zeta Mall,https://www.booking.com/hotel/pk/executive-1-bed-furnished-apartment-zeta-mall.en-gb.html?aid=304142&label=gen173nr-10CAQoggJCDWNpdHlfLTI3NjI4MTJICVgEaLUBiAEBmAEzuAEHyAEM2AED6AEB-AEBiAIBqAIBuAKqisLTBsACAdICJGIyYWUwNDZiLWE5YmEtNGI1Yi05MjRjLWFkYWU5NDcwN2MxM9gCAeACAQ&ucfs=1&arphpl=1&checkin=2026-08-06&checkout=2026-08-07&dest_id=-2762812&dest_type=city&group_adults=2&req_adults=2&no_rooms=1&group_children=0&req_children=0&hpos=11&hapos=442&sr_order=popularity&srpvid=ed21559515340104&srepoch=1785759078&all_sr_blocks=1534781801_424973771_2_0_0&highlighted_blocks=1534781801_424973771_2_0_0&matching_block_id=1534781801_424973771_2_0_0&sr_pri_blocks=1534781801_424973771_2_0_0__1375000&from=searchresults,13750,9.7,12.0,Islamabad,24.0,One-Bedroom Apartment,"2 beds (1 sofa bed, 1 large double)",0,1,1,https://cf.bstatic.com/xdata/images/hotel/square240/783551494.webp?k=b529c0bf11db7770972bb234470b5b5690366b5d41fad47bec13f1bb8445b3df&o=,14,Islamabad
Luxury 1BR Retreat with Balcony,https://www.booking.com/hotel/pk/luxury-1br-retreat-with-balcony.en-gb.html?aid=304142&label=gen173nr-10CAQoggJCDWNpdHlfLTI3NjI4MTJICVgEaLUBiAEBmAEzuAEHyAEM2AED6AEB-AEBiAIBqAIBuAKqisLTBsACAdICJGIyYWUwNDZiLWE5YmEtNGI1Yi05MjRjLWFkYWU5NDcwN2MxM9gCAeACAQ&ucfs=1&arphpl=1&checkin=2026-08-06&checkout=2026-08-07&dest_id=-2762812&dest_type=city&group_adults=2&req_adults=2&no_rooms=1&group_children=0&req_children=0&hpos=12&hapos=443&sr_order=popularity&srpvid=ed21559515340104&srepoch=1785759078&all_sr_blocks=1675175601_439265286_3_0_0&highlighted_blocks=1675175601_439265286_3_0_0&matching_block_id=1675175601_439265286_3_0_0&sr_pri_blocks=1675175601_439265286_3_0_0__510000&from=searchresults,5100,,,Islamabad,14.2,One-Bedroom Apartment,"2 beds (1 extra-large double, 1 sofa bed)",0,1,1,https://cf.bstatic.com/xdata/images/hotel/square240/888183684.webp?k=16014eb9cc2ecabe01d318a03b749a52b775d48ea6fd7b18b59504de1ab49f82&o=,5,Islamabad
Staymex studio,https://www.booking.com/hotel/pk/staymex-studio-islamabad1.en-gb.html?aid=304142&label=gen173nr-10CAQoggJCDWNpdHlfLTI3NjI4MTJICVgEaLUBiAEBmAEzuAEHyAEM2AED6AEB-AEBiAIBqAIBuAKqisLTBsACAdICJGIyYWUwNDZiLWE5YmEtNGI1Yi05MjRjLWFkYWU5NDcwN2MxM9gCAeACAQ&ucfs=1&arphpl=1&checkin=2026-08-06&checkout=2026-08-07&dest_id=-2762812&dest_type=city&group_adults=2&req_adults=2&no_rooms=1&group_children=0&req_children=0&hpos=13&hapos=444&sr_order=popularity&srpvid=ed21559515340104&srepoch=1785759078&all_sr_blocks=1556091401_426745072_2_0_0&highlighted_blocks=1556091401_426745072_2_0_0&matching_block_id=1556091401_426745072_2_0_0&sr_pri_blocks=1556091401_426745072_2_0_0__450000&from=searchresults,4500,8.0,2.0,Islamabad,20.4,One-Bedroom Apartment,1 large double bed,0,1,1,https://cf.bstatic.com/xdata/images/hotel/square240/802502504.webp?k=ab43c0b7d8cf7d56c6bbfb3855010f940867f08d1603edd51a11aad5ba8b9cc9&o=,4,Islamabad
Peace And Comfort Family Stay Islamabad Apartments,https://www.booking.com/hotel/pk/peace-and-comfort-family-stay-islamabad-apartments.en-gb.html?aid=304142&label=gen173nr-10CAQoggJCDWNpdHlfLTI3NjI4MTJICVgEaLUBiAEBmAEzuAEHyAEM2AED6AEB-AEBiAIBqAIBuAKqisLTBsACAdICJGIyYWUwNDZiLWE5YmEtNGI1Yi05MjRjLWFkYWU5NDcwN2MxM9gCAeACAQ&ucfs=1&arphpl=1&checkin=2026-08-06&checkout=2026-08-07&dest_id=-2762812&dest_type=city&group_adults=2&req_adults=2&no_rooms=1&group_children=0&req_children=0&hpos=14&hapos=445&sr_order=popularity&srpvid=ed21559515340104&srepoch=1785759078&all_sr_blocks=1618244601_432666958_2_0_0&highlighted_blocks=1618244601_432666958_2_0_0&matching_block_id=1618244601_432666958_2_0_0&sr_pri_blocks=1618244601_432666958_2_0_0__700000&from=searchresults,7000,,,"E-11 Sector, Islamabad",11.5,One-Bedroom Apartment,"3 beds (1 double, 1 extra-large double, 1 sofa bed)",0,1,1,https://cf.bstatic.com/xdata/images/hotel/square240/855992927.webp?k=fa58f6dc0689e79d6cffe1c003f307a349258d29104270b366350c8385295a14&o=,5,Islamabad
"Stunning and Peaceful 1BHK,Free Parking + WIFI",https://www.booking.com/hotel/pk/stunning-and-peaceful-1bhk-free-parking-wifi.en-gb.html?aid=304142&label=gen173nr-10CAQoggJCDWNpdHlfLTI3NjI4MTJICVgEaLUBiAEBmAEzuAEHyAEM2AED6AEB-AEBiAIBqAIBuAKqisLTBsACAdICJGIyYWUwNDZiLWE5YmEtNGI1Yi05MjRjLWFkYWU5NDcwN2MxM9gCAeACAQ&ucfs=1&arphpl=1&checkin=2026-08-06&checkout=2026-08-07&dest_id=-2762812&dest_type=city&group_adults=2&req_adults=2&no_rooms=1&group_children=0&req_children=0&hpos=15&hapos=446&sr_order=popularity&srpvid=ed21559515340104&srepoch=1785759078&all_sr_blocks=889257001_358937264_3_0_0&highlighted_blocks=889257001_358937264_3_0_0&matching_block_id=889257001_358937264_3_0_0&sr_pri_blocks=889257001_358937264_3_0_0__630000&from=searchresults,6300,8.0,42.0,"E-11 Sector, Islamabad",10.4,Apartment,"2 beds (1 sofa bed, 1 large double)",0,1,1,https://cf.bstatic.com/xdata/images/hotel/square240/755304628.webp?k=00c99dd24a33bcc9e848b19d0849092a16ce2e2414f115e706df859eee577d0c&o=,10,Islamabad
Executive Apartment - 2 Bedroom Apartment in Executive Heights F-11,https://www.booking.com/hotel/pk/executive-apartment-islamabad1.en-gb.html?aid=304142&label=gen173nr-10CAQoggJCDWNpdHlfLTI3NjI4MTJICVgEaLUBiAEBmAEzuAEHyAEM2AED6AEB-AEBiAIBqAIBuAKqisLTBsACAdICJGIyYWUwNDZiLWE5YmEtNGI1Yi05MjRjLWFkYWU5NDcwN2MxM9gCAeACAQ&ucfs=1&arphpl=1&checkin=2026-08-06&checkout=2026-08-07&dest_id=-2762812&dest_type=city&group_adults=2&req_adults=2&no_rooms=1&group_children=0&req_children=0&hpos=16&hapos=447&sr_order=popularity&srpvid=ed21559515340104&srepoch=1785759078&all_sr_blocks=1010617901_414940069_4_0_0&highlighted_blocks=1010617901_414940069_4_0_0&matching_block_id=1010617901_414940069_4_0_0&sr_pri_blocks=1010617901_414940069_4_0_0__1500000&from=searchresults,15000,10,4.0,Islamabad,10.7,Two-Bedroom Apartment,2 large double beds,0,1,0,https://cf.bstatic.com/xdata/images/hotel/square240/839120158.webp?k=6345d34a327f70abf7930a75632e7183876979b5a903f429016e5fe0c00338cb&o=,11,Islamabad
Elysium Tower Luxury Apartments Islamabad Opposite Centaurus Mall,https://www.booking.com/hotel/pk/luxury-1-bed-apt-ideal-for-couples.en-gb.html?aid=304142&label=gen173nr-10CAQoggJCDWNpdHlfLTI3NjI4MTJICVgEaLUBiAEBmAEzuAEHyAEM2AED6AEB-AEBiAIBqAIBuAKqisLTBsACAdICJGIyYWUwNDZiLWE5YmEtNGI1Yi05MjRjLWFkYWU5NDcwN2MxM9gCAeACAQ&ucfs=1&arphpl=1&checkin=2026-08-06&checkout=2026-08-07&dest_id=-2762812&dest_type=city&group_adults=2&req_adults=2&no_rooms=1&group_children=0&req_children=0&hpos=17&hapos=448&sr_order=popularity&srpvid=ed21559515340104&srepoch=1785759078&all_sr_blocks=1193168202_438392101_0_2_0&highlighted_blocks=1193168202_438392101_0_2_0&matching_block_id=1193168202_438392101_0_2_0&sr_pri_blocks=1193168202_438392101_0_2_0__1920000&from=searchresults,19200,9.3,96.0,"Blue Area, Islamabad",4.5,One-Bedroom Apartment with Balcony and Mountain View,"2 beds (1 sofa bed, 1 large double)",0,0,1,https://cf.bstatic.com/xdata/images/hotel/square240/901009579.webp?k=151be27771d5176d6cf18cbd01d21f3d88ce27d76a222aee8bf874f54cbf8346&o=,13,Islamabad
Luxury 2 Bed Centaurus Apartment Margalla View,https://www.booking.com/hotel/pk/stylish-1-bedroom-suite-with-balcony-f-11-markaz-park-view.en-gb.html?aid=304142&label=gen173nr-10CAQoggJCDWNpdHlfLTI3NjI4MTJICVgEaLUBiAEBmAEzuAEHyAEM2AED6AEB-AEBiAIBqAIBuAKqisLTBsACAdICJGIyYWUwNDZiLWE5YmEtNGI1Yi05MjRjLWFkYWU5NDcwN2MxM9gCAeACAQ&ucfs=1&arphpl=1&checkin=2026-08-06&checkout=2026-08-07&dest_id=-2762812&dest_type=city&group_adults=2&req_adults=2&no_rooms=1&group_children=0&req_children=0&hpos=18&hapos=449&sr_order=popularity&srpvid=ed21559515340104&srepoch=1785759078&all_sr_blocks=1539276602_432725486_3_2_0&highlighted_blocks=1539276602_432725486_3_2_0&matching_block_id=1539276602_432725486_3_2_0&sr_pri_blocks=1539276602_432725486_3_2_0__3500000&from=searchresults,35000,9.7,4.0,"Blue Area, Islamabad",4.6,Deluxe One-Bedroom Apartment with City View,"2 beds (1 extra-large double, 1 sofa bed)",0,1,1,https://cf.bstatic.com/xdata/images/hotel/square240/856024738.webp?k=fd2edee92504e6577553f055e0a9e6fe06665608996b53e658ed2c2a497ea93b&o=,4,Islamabad
Skynook apartments Islamabad,https://www.booking.com/hotel/pk/skynook-apartments-islamabad-islamabad1.en-gb.html?aid=304142&label=gen173nr-10CAQoggJCDWNpdHlfLTI3NjI4MTJICVgEaLUBiAEBmAEzuAEHyAEM2AED6AEB-AEBiAIBqAIBuAKqisLTBsACAdICJGIyYWUwNDZiLWE5YmEtNGI1Yi05MjRjLWFkYWU5NDcwN2MxM9gCAeACAQ&ucfs=1&arphpl=1&checkin=2026-08-06&checkout=2026-08-07&dest_id=-2762812&dest_type=city&group_adults=2&req_adults=2&no_rooms=1&group_children=0&req_children=0&hpos=19&hapos=450&sr_order=popularity&srpvid=ed21559515340104&srepoch=1785759078&all_sr_blocks=1582455601_429360544_5_0_0&highlighted_blocks=1582455601_429360544_5_0_0&matching_block_id=1582455601_429360544_5_0_0&sr_pri_blocks=1582455601_429360544_5_0_0__1150000&from=searchresults,11500,,,"E-11 Sector, Islamabad",11.9,One-Bedroom Apartment,"3 beds (1 sofa bed, 2 large doubles)",0,1,1,https://cf.bstatic.com/xdata/images/hotel/square240/825047710.webp?k=950be9c9db63c0458111e80491e295f3b2d88730eac234d9b79dd01ac6e1d6fa&o=,4,Islamabad
Hotel Foresta,https://www.booking.com/hotel/pk/foresta-islamabad.en-gb.html?aid=304142&label=gen173nr-10CAQoggJCDWNpdHlfLTI3NjI4MTJICVgEaLUBiAEBmAEzuAEHyAEM2AED6AEB-AEBiAIBqAIBuAKqisLTBsACAdICJGIyYWUwNDZiLWE5YmEtNGI1Yi05MjRjLWFkYWU5NDcwN2MxM9gCAeACAQ&ucfs=1&arphpl=1&checkin=2026-08-06&checkout=2026-08-07&dest_id=-2762812&dest_type=city&group_adults=2&req_adults=2&no_rooms=1&group_children=0&req_children=0&hpos=20&hapos=451&sr_order=popularity&srpvid=ed21559515340104&srepoch=1785759078&all_sr_blocks=0_0_2_1_0&highlighted_blocks=0_0_2_1_0&matching_block_id=0_0_2_1_0&sr_pri_blocks=0_0_2_1_0__1375783&from=searchresults,13758,,,Islamabad,8.3,Deluxe City View,1 large double bed,1,0,0,https://cf.bstatic.com/xdata/images/hotel/square240/728171412.webp?k=08207a81d40522c970a3f95a4b21affe1ed79c3c8ecfcaf65d6c1e93b22b20e1&o=,6,Islamabad
Luxury Moon Guest House,https://www.booking.com/hotel/pk/luxury-moon-guest-house-islamabad.en-gb.html?aid=304142&label=gen173nr-10CAQoggJCDWNpdHlfLTI3NjI4MTJICVgEaLUBiAEBmAEzuAEHyAEM2AED6AEB-AEBiAIBqAIBuAKqisLTBsACAdICJGIyYWUwNDZiLWE5YmEtNGI1Yi05MjRjLWFkYWU5NDcwN2MxM9gCAeACAQ&ucfs=1&arphpl=1&checkin=2026-08-06&checkout=2026-08-07&dest_id=-2762812&dest_type=city&group_adults=2&req_adults=2&no_rooms=1&group_children=0&req_children=0&hpos=21&hapos=452&sr_order=popularity&srpvid=ed21559515340104&srepoch=1785759078&all_sr_blocks=1149930704_405501350_2_40_0&highlighted_blocks=1149930704_405501350_2_40_0&matching_block_id=1149930704_405501350_2_40_0&sr_pri_blocks=1149930704_405501350_2_40_0__578000&from=searchresults,5780,2.0,1.0,"F-7 Sector, Islamabad",3.9,Deluxe Room,1 double bed,0,0,0,https://cf.bstatic.com/xdata/images/hotel/square240/542206541.webp?k=3a2d3e37db835eb1beb64118e4a4a969e661e5171c96b39f8307a1222a0b38f2&o=,3,Islamabad
The Centaurus Apartments - BookMyStay,https://www.booking.com/hotel/pk/penthouse-in-centaurus-mall.en-gb.html?aid=304142&label=gen173nr-10CAQoggJCDWNpdHlfLTI3NjI4MTJICVgEaLUBiAEBmAEzuAEHyAEM2AED6AEB-AEBiAIBqAIBuAKqisLTBsACAdICJGIyYWUwNDZiLWE5YmEtNGI1Yi05MjRjLWFkYWU5NDcwN2MxM9gCAeACAQ&ucfs=1&arphpl=1&checkin=2026-08-06&checkout=2026-08-07&dest_id=-2762812&dest_type=city&group_adults=2&req_adults=2&no_rooms=1&group_children=0&req_children=0&hpos=22&hapos=453&sr_order=popularity&srpvid=ed21559515340104&srepoch=1785759078&all_sr_blocks=1615546302_432438611_2_0_0&highlighted_blocks=1615546302_432438611_2_0_0&matching_block_id=1615546302_432438611_2_0_0&sr_pri_blocks=1615546302_432438611_2_0_0__3850000&from=searchresults,38500,10,4.0,Islamabad,10.7,One-Bedroom Premium Apartment,1 large double bed,0,1,1,https://cf.bstatic.com/xdata/images/hotel/square240/896587716.webp?k=009975f7bbcde3857875449d4a14fa5f98f7120c1b0fec614f54385e65d9a0eb&o=,5,Islamabad
Ahmadzaistay,https://www.booking.com/hotel/pk/ahmadzaistay.en-gb.html?aid=304142&label=gen173nr-10CAQoggJCDWNpdHlfLTI3NjI4MTJICVgEaLUBiAEBmAEzuAEHyAEM2AED6AEB-AEBiAIBqAIBuAKqisLTBsACAdICJGIyYWUwNDZiLWE5YmEtNGI1Yi05MjRjLWFkYWU5NDcwN2MxM9gCAeACAQ&ucfs=1&arphpl=1&checkin=2026-08-06&checkout=2026-08-07&dest_id=-2762812&dest_type=city&group_adults=2&req_adults=2&no_rooms=1&group_children=0&req_children=0&hpos=1&hapos=454&sr_order=popularity&srpvid=ed21559515340104&srepoch=1785759082&all_sr_blocks=1684641401_440132657_0_0_0&highlighted_blocks=1684641401_440132657_0_0_0&matching_block_id=1684641401_440132657_0_0_0&sr_pri_blocks=1684641401_440132657_0_0_0__510000&from=searchresults,5100,,,Islamabad,25.6,Two-Bedroom Apartment,"2 beds (1 extra-large double, 1 sofa bed)",0,1,1,https://cf.bstatic.com/xdata/images/hotel/square240/892756259.webp?k=3880f35c47016c6f738b754660784725ccb3877dee4cacb5bfa0c1d271874a8a&o=,5,Islamabad
Airport Layover Family Lodge,https://www.booking.com/hotel/pk/ffa-furnished-family-apartment-breakfast-optional.en-gb.html?aid=304142&label=gen173nr-10CAQoggJCDWNpdHlfLTI3NjI4MTJICVgEaLUBiAEBmAEzuAEHyAEM2AED6AEB-AEBiAIBqAIBuAKqisLTBsACAdICJGIyYWUwNDZiLWE5YmEtNGI1Yi05MjRjLWFkYWU5NDcwN2MxM9gCAeACAQ&ucfs=1&arphpl=1&checkin=2026-08-06&checkout=2026-08-07&dest_id=-2762812&dest_type=city&group_adults=2&req_adults=2&no_rooms=1&group_children=0&req_children=0&hpos=2&hapos=455&sr_order=popularity&srpvid=ed21559515340104&srepoch=1785759082&all_sr_blocks=1479130703_426730959_2_1_0_1187135&highlighted_blocks=1479130703_426730959_2_1_0_1187135&matching_block_id=1479130703_426730959_2_1_0_1187135&sr_pri_blocks=1479130703_426730959_2_1_0_1187135_1300000&from=searchresults,13000,10,3.0,Islamabad,27.1,Standard King Room,2 single beds,1,0,1,https://cf.bstatic.com/xdata/images/hotel/square240/740348365.webp?k=6dcb39626b97a360888338ad3044c8c3649b39b31b9821ec04747786d7fff026&o=,3,Islamabad
Newly furnished 3 Bed Apartment warda Hamna,https://www.booking.com/hotel/pk/newly-furnished-3-bed-apartment-warda-hamna.en-gb.html?aid=304142&label=gen173nr-10CAQoggJCDWNpdHlfLTI3NjI4MTJICVgEaLUBiAEBmAEzuAEHyAEM2AED6AEB-AEBiAIBqAIBuAKqisLTBsACAdICJGIyYWUwNDZiLWE5YmEtNGI1Yi05MjRjLWFkYWU5NDcwN2MxM9gCAeACAQ&ucfs=1&arphpl=1&checkin=2026-08-06&checkout=2026-08-07&dest_id=-2762812&dest_type=city&group_adults=2&req_adults=2&no_rooms=1&group_children=0&req_children=0&hpos=3&hapos=456&sr_order=popularity&srpvid=ed21559515340104&srepoch=1785759082&all_sr_blocks=1405825101_412376753_10_0_0&highlighted_blocks=1405825101_412376753_10_0_0&matching_block_id=1405825101_412376753_10_0_0&sr_pri_blocks=1405825101_412376753_10_0_0__2160000&from=searchresults,21600,10,5.0,Islamabad,10.6,Three-Bedroom Apartment with Balcony,"11 beds (2 singles, 2 doubles, 2 extra-large doubles, 5 sofa beds)",0,1,1,https://cf.bstatic.com/xdata/images/hotel/square240/691239661.webp?k=4749224ad8fa6354b3c48fe29511bf41aa818fbf24ad97157bbfdbdb5c9cc3b1&o=,4,Islamabad
Castle Guest House,https://www.booking.com/hotel/pk/noor-khan-g13-house.en-gb.html?aid=304142&label=gen173nr-10CAQoggJCDWNpdHlfLTI3NjI4MTJICVgEaLUBiAEBmAEzuAEHyAEM2AED6AEB-AEBiAIBqAIBuAKqisLTBsACAdICJGIyYWUwNDZiLWE5YmEtNGI1Yi05MjRjLWFkYWU5NDcwN2MxM9gCAeACAQ&ucfs=1&arphpl=1&checkin=2026-08-06&checkout=2026-08-07&dest_id=-2762812&dest_type=city&group_adults=2&req_adults=2&no_rooms=1&group_children=0&req_children=0&hpos=4&hapos=457&sr_order=popularity&srpvid=ed21559515340104&srepoch=1785759082&all_sr_blocks=1615427408_432429657_2_0_0&highlighted_blocks=1615427408_432429657_2_0_0&matching_block_id=1615427408_432429657_2_0_0&sr_pri_blocks=1615427408_432429657_2_0_0__450000&from=searchresults,4500,,,Islamabad,15.1,Standard Double Room,1 double bed,0,1,1,https://cf.bstatic.com/xdata/images/hotel/square240/851548841.webp?k=29579e2fc5a5751e70a30d8772cad94e406c12d83bf6721196b6ea0f7f5e4d9c&o=,4,Islamabad
4Bdr Spacious Hill View Central E 11 TV Netflix,https://www.booking.com/hotel/pk/aas-hosts-islamabad.en-gb.html?aid=304142&label=gen173nr-10CAQoggJCDWNpdHlfLTI3NjI4MTJICVgEaLUBiAEBmAEzuAEHyAEM2AED6AEB-AEBiAIBqAIBuAKqisLTBsACAdICJGIyYWUwNDZiLWE5YmEtNGI1Yi05MjRjLWFkYWU5NDcwN2MxM9gCAeACAQ&ucfs=1&arphpl=1&checkin=2026-08-06&checkout=2026-08-07&dest_id=-2762812&dest_type=city&group_adults=2&req_adults=2&no_rooms=1&group_children=0&req_children=0&hpos=5&hapos=458&sr_order=popularity&srpvid=ed21559515340104&srepoch=1785759082&all_sr_blocks=1213415801_414930961_14_0_0&highlighted_blocks=1213415801_414930961_14_0_0&matching_block_id=1213415801_414930961_14_0_0&sr_pri_blocks=1213415801_414930961_14_0_0__1800000&from=searchresults,18000,9.2,15.0,"E-11 Sector, Islamabad",10.6,Four-Bedroom House,"10 beds (1 extra-large double, 5 sofa beds, 3 large doubles, 1 futon)",0,0,1,https://cf.bstatic.com/xdata/images/hotel/square240/561295760.webp?k=69c312f468a904168d52a22d7dc98b7971fb49ca75e2928c1e577ef50dc8fd1b&o=,4,Islamabad
Own It 2 Bed Apartment White,https://www.booking.com/hotel/pk/own-it-apartment-white-islamabad.en-gb.html?aid=304142&label=gen173nr-10CAQoggJCDWNpdHlfLTI3NjI4MTJICVgEaLUBiAEBmAEzuAEHyAEM2AED6AEB-AEBiAIBqAIBuAKqisLTBsACAdICJGIyYWUwNDZiLWE5YmEtNGI1Yi05MjRjLWFkYWU5NDcwN2MxM9gCAeACAQ&ucfs=1&arphpl=1&checkin=2026-08-06&checkout=2026-08-07&dest_id=-2762812&dest_type=city&group_adults=2&req_adults=2&no_rooms=1&group_children=0&req_children=0&hpos=6&hapos=459&sr_order=popularity&srpvid=ed21559515340104&srepoch=1785759082&all_sr_blocks=1220436702_394197116_0_0_0&highlighted_blocks=1220436702_394197116_0_0_0&matching_block_id=1220436702_394197116_0_0_0&sr_pri_blocks=1220436702_394197116_0_0_0__631800&from=searchresults,6318,7.7,9.0,Islamabad,23.5,Two-Bedroom Apartment,2 large double beds,0,0,0,https://cf.bstatic.com/xdata/images/hotel/square240/757674944.webp?k=b2550698d1cf2d592d22392e8497b941736201ae07be3101ff620b20235597be&o=,11,Islamabad
Cherry On Top-Luxe Living in Islamabad's Skyline Elysium,https://www.booking.com/hotel/pk/cherry-on-top.en-gb.html?aid=304142&label=gen173nr-10CAQoggJCDWNpdHlfLTI3NjI4MTJICVgEaLUBiAEBmAEzuAEHyAEM2AED6AEB-AEBiAIBqAIBuAKqisLTBsACAdICJGIyYWUwNDZiLWE5YmEtNGI1Yi05MjRjLWFkYWU5NDcwN2MxM9gCAeACAQ&ucfs=1&arphpl=1&checkin=2026-08-06&checkout=2026-08-07&dest_id=-2762812&dest_type=city&group_adults=2&req_adults=2&no_rooms=1&group_children=0&req_children=0&hpos=7&hapos=460&sr_order=popularity&srpvid=ed21559515340104&srepoch=1785759082&all_sr_blocks=1075889602_400726455_2_2_0&highlighted_blocks=1075889602_400726455_2_2_0&matching_block_id=1075889602_400726455_2_2_0&sr_pri_blocks=1075889602_400726455_2_2_0__2541500&from=searchresults,25415,7.0,81.0,"Blue Area, Islamabad",4.6,Junior Suite with Mountain View,"2 beds (1 extra-large double, 1 sofa bed)",0,1,1,https://cf.bstatic.com/xdata/images/hotel/square240/859660413.webp?k=0e06662a657ddac13de80577b723dc688b2107e62bcacc884e80a73ead937665&o=,14,Islamabad
Luxury Centaurus Apartment with View,https://www.booking.com/hotel/pk/luxury-centaurus-apartment-with-view.en-gb.html?aid=304142&label=gen173nr-10CAQoggJCDWNpdHlfLTI3NjI4MTJICVgEaLUBiAEBmAEzuAEHyAEM2AED6AEB-AEBiAIBqAIBuAKqisLTBsACAdICJGIyYWUwNDZiLWE5YmEtNGI1Yi05MjRjLWFkYWU5NDcwN2MxM9gCAeACAQ&ucfs=1&arphpl=1&checkin=2026-08-06&checkout=2026-08-07&dest_id=-2762812&dest_type=city&group_adults=2&req_adults=2&no_rooms=1&group_children=0&req_children=0&hpos=8&hapos=461&sr_order=popularity&srpvid=ed21559515340104&srepoch=1785759082&all_sr_blocks=1676056004_439337425_2_2_0&highlighted_blocks=1676056004_439337425_2_2_0&matching_block_id=1676056004_439337425_2_2_0&sr_pri_blocks=1676056004_439337425_2_2_0__3150000&from=searchresults,31500,7.7,7.0,"F-8 Sector, Islamabad",4.7,Deluxe Studio,1 extra-large double bed,0,1,1,https://cf.bstatic.com/xdata/images/hotel/square240/889829899.webp?k=5e08af95895f99b5f8384a1bd45893ae1b0e803bb5d12a11ef667bc56461156e&o=,5,Islamabad
Hazelton,https://www.booking.com/hotel/pk/hazelton-islamabad11.en-gb.html?aid=304142&label=gen173nr-10CAQoggJCDWNpdHlfLTI3NjI4MTJICVgEaLUBiAEBmAEzuAEHyAEM2AED6AEB-AEBiAIBqAIBuAKqisLTBsACAdICJGIyYWUwNDZiLWE5YmEtNGI1Yi05MjRjLWFkYWU5NDcwN2MxM9gCAeACAQ&ucfs=1&arphpl=1&checkin=2026-08-06&checkout=2026-08-07&dest_id=-2762812&dest_type=city&group_adults=2&req_adults=2&no_rooms=1&group_children=0&req_children=0&hpos=9&hapos=462&sr_order=popularity&srpvid=ed21559515340104&srepoch=1785759082&all_sr_blocks=1565193003_427874579_2_1_0&highlighted_blocks=1565193003_427874579_2_1_0&matching_block_id=1565193003_427874579_2_1_0&sr_pri_blocks=1565193003_427874579_2_1_0__1485000&from=searchresults,14850,9.2,28.0,"F-7 Sector, Islamabad",4.2,Deluxe Double Room,1 large double bed,1,1,1,https://cf.bstatic.com/xdata/images/hotel/square240/809442049.webp?k=d66ed3e494b67e37839d6eb9e5de1fd7cd7ab357d7b956d7632696d8900e863c&o=,4,Islamabad
Dreamers Paradise,https://www.booking.com/hotel/pk/dreamers-paradise.en-gb.html?aid=304142&label=gen173nr-10CAQoggJCDWNpdHlfLTI3NjI4MTJICVgEaLUBiAEBmAEzuAEHyAEM2AED6AEB-AEBiAIBqAIBuAKqisLTBsACAdICJGIyYWUwNDZiLWE5YmEtNGI1Yi05MjRjLWFkYWU5NDcwN2MxM9gCAeACAQ&ucfs=1&arphpl=1&checkin=2026-08-06&checkout=2026-08-07&dest_id=-2762812&dest_type=city&group_adults=2&req_adults=2&no_rooms=1&group_children=0&req_children=0&hpos=10&hapos=463&sr_order=popularity&srpvid=ed21559515340104&srepoch=1785759082&all_sr_blocks=1465201603_417820705_4_0_0&highlighted_blocks=1465201603_417820705_4_0_0&matching_block_id=1465201603_417820705_4_0_0&sr_pri_blocks=1465201603_417820705_4_0_0__700000&from=searchresults,7000,10,1.0,Islamabad,19.4,Deluxe Room,"3 beds (1 sofa bed, 1 large double, 1 futon)",0,1,1,https://cf.bstatic.com/xdata/images/hotel/square240/860256549.webp?k=60e5df1ff45d2e545b35f000891f2dc0a95c1567da1d48e7aaec14270228b275&o=,5,Islamabad
StayNova - Transit Apartment near Motorways & Airport,https://www.booking.com/hotel/pk/homely-2-bed-apt-fully-furnished-for-paying-guests-islamabad.en-gb.html?aid=304142&label=gen173nr-10CAQoggJCDWNpdHlfLTI3NjI4MTJICVgEaLUBiAEBmAEzuAEHyAEM2AED6AEB-AEBiAIBqAIBuAKqisLTBsACAdICJGIyYWUwNDZiLWE5YmEtNGI1Yi05MjRjLWFkYWU5NDcwN2MxM9gCAeACAQ&ucfs=1&arphpl=1&checkin=2026-08-06&checkout=2026-08-07&dest_id=-2762812&dest_type=city&group_adults=2&req_adults=2&no_rooms=1&group_children=0&req_children=0&hpos=11&hapos=464&sr_order=popularity&srpvid=ed21559515340104&srepoch=1785759082&all_sr_blocks=1433298901_416644277_2_0_0&highlighted_blocks=1433298901_416644277_2_0_0&matching_block_id=1433298901_416644277_2_0_0&sr_pri_blocks=1433298901_416644277_2_0_0__800000&from=searchresults,8000,9.4,18.0,Islamabad,25.0,Two-Bedroom Apartment,"4 beds (1 extra-large double, 1 sofa bed, 2 futons)",0,1,1,https://cf.bstatic.com/xdata/images/hotel/square240/694888786.webp?k=c32f3d4edc9e065e732d03f476a18b2ed7185176103ecd5cc142b7d98199d910&o=,14,Islamabad
Lavish In Guest House Faisal Town,https://www.booking.com/hotel/pk/lavish-in-guest-house-faisal-town.en-gb.html?aid=304142&label=gen173nr-10CAQoggJCDWNpdHlfLTI3NjI4MTJICVgEaLUBiAEBmAEzuAEHyAEM2AED6AEB-AEBiAIBqAIBuAKqisLTBsACAdICJGIyYWUwNDZiLWE5YmEtNGI1Yi05MjRjLWFkYWU5NDcwN2MxM9gCAeACAQ&ucfs=1&arphpl=1&checkin=2026-08-06&checkout=2026-08-07&dest_id=-2762812&dest_type=city&group_adults=2&req_adults=2&no_rooms=1&group_children=0&req_children=0&hpos=12&hapos=465&sr_order=popularity&srpvid=ed21559515340104&srepoch=1785759082&all_sr_blocks=1670597601_438844578_34_0_0&highlighted_blocks=1670597601_438844578_34_0_0&matching_block_id=1670597601_438844578_34_0_0&sr_pri_blocks=1670597601_438844578_34_0_0__371875&from=searchresults,3719,7.0,1.0,Islamabad,24.0,Double Room,"20 beds (6 singles, 8 doubles, 3 extra-large doubles, 3 large doubles)",0,1,1,https://cf.bstatic.com/xdata/images/hotel/square240/885688213.webp?k=012e525c17a19e714a476329e2864cead263f49dd9ec1ecdbbaea9984ecef902&o=,4,Islamabad
Heston Villa Topcity-1 near Islamabad International Airport,https://www.booking.com/hotel/pk/luxurious-double-room-in-top-city-islamabad.en-gb.html?aid=304142&label=gen173nr-10CAQoggJCDWNpdHlfLTI3NjI4MTJICVgEaLUBiAEBmAEzuAEHyAEM2AED6AEB-AEBiAIBqAIBuAKqisLTBsACAdICJGIyYWUwNDZiLWE5YmEtNGI1Yi05MjRjLWFkYWU5NDcwN2MxM9gCAeACAQ&ucfs=1&arphpl=1&checkin=2026-08-06&checkout=2026-08-07&dest_id=-2762812&dest_type=city&group_adults=2&req_adults=2&no_rooms=1&group_children=0&req_children=0&hpos=13&hapos=466&sr_order=popularity&srpvid=ed21559515340104&srepoch=1785759082&all_sr_blocks=1311991003_404851100_0_0_0&highlighted_blocks=1311991003_404851100_0_0_0&matching_block_id=1311991003_404851100_0_0_0&sr_pri_blocks=1311991003_404851100_0_0_0__825000&from=searchresults,8250,9.6,21.0,Islamabad,26.6,Deluxe Double Room,1 double bed,0,1,0,https://cf.bstatic.com/xdata/images/hotel/square240/615532696.webp?k=97a78fdf430e36f9338d7ce61713618e40ca21a2f56c25092f701d5d01b5de08&o=,11,Islamabad
Islamabad Comfort Inn,https://www.booking.com/hotel/pk/islamabad-comfort-inn.en-gb.html?aid=304142&label=gen173nr-10CAQoggJCDWNpdHlfLTI3NjI4MTJICVgEaLUBiAEBmAEzuAEHyAEM2AED6AEB-AEBiAIBqAIBuAKqisLTBsACAdICJGIyYWUwNDZiLWE5YmEtNGI1Yi05MjRjLWFkYWU5NDcwN2MxM9gCAeACAQ&ucfs=1&arphpl=1&checkin=2026-08-06&checkout=2026-08-07&dest_id=-2762812&dest_type=city&group_adults=2&req_adults=2&no_rooms=1&group_children=0&req_children=0&hpos=14&hapos=467&sr_order=popularity&srpvid=ed21559515340104&srepoch=1785759082&all_sr_blocks=1443367203_415777393_2_2_0&highlighted_blocks=1443367203_415777393_2_2_0&matching_block_id=1443367203_415777393_2_2_0&sr_pri_blocks=1443367203_415777393_2_2_0__593500&from=searchresults,5935,9.5,16.0,Islamabad,13.9,King Room with Balcony,1 large double bed,0,1,1,https://cf.bstatic.com/xdata/images/hotel/square240/701824057.webp?k=f0fe3899cff2394b1b2cdc3d429b25df8d0c85dfecc4ba838071edcfc63f2d36&o=,6,Islamabad
The Shining apartments,https://www.booking.com/hotel/pk/the-hanger-apartment.en-gb.html?aid=304142&label=gen173nr-10CAQoggJCDWNpdHlfLTI3NjI4MTJICVgEaLUBiAEBmAEzuAEHyAEM2AED6AEB-AEBiAIBqAIBuAKqisLTBsACAdICJGIyYWUwNDZiLWE5YmEtNGI1Yi05MjRjLWFkYWU5NDcwN2MxM9gCAeACAQ&ucfs=1&arphpl=1&checkin=2026-08-06&checkout=2026-08-07&dest_id=-2762812&dest_type=city&group_adults=2&req_adults=2&no_rooms=1&group_children=0&req_children=0&hpos=15&hapos=468&sr_order=popularity&srpvid=ed21559515340104&srepoch=1785759082&all_sr_blocks=1664815201_438341920_5_0_0&highlighted_blocks=1664815201_438341920_5_0_0&matching_block_id=1664815201_438341920_5_0_0&sr_pri_blocks=1664815201_438341920_5_0_0__4999900&from=searchresults,49999,,,"Blue Area, Islamabad",4.9,Two-Bedroom Apartment,"2 beds (1 sofa bed, 1 large double)",0,1,1,https://cf.bstatic.com/xdata/images/hotel/square240/888250570.webp?k=d5df91e48afc23a488135635b2f2e04cfd48b4ff99461d2336408b5796916325&o=,4,Islamabad
Homies Ivory 1 BHK Rooftop Pool,https://www.booking.com/hotel/pk/homies-ivory-1-bhk-rooftop-pool.en-gb.html?aid=304142&label=gen173nr-10CAQoggJCDWNpdHlfLTI3NjI4MTJICVgEaLUBiAEBmAEzuAEHyAEM2AED6AEB-AEBiAIBqAIBuAKqisLTBsACAdICJGIyYWUwNDZiLWE5YmEtNGI1Yi05MjRjLWFkYWU5NDcwN2MxM9gCAeACAQ&ucfs=1&arphpl=1&checkin=2026-08-06&checkout=2026-08-07&dest_id=-2762812&dest_type=city&group_adults=2&req_adults=2&no_rooms=1&group_children=0&req_children=0&hpos=16&hapos=469&sr_order=popularity&srpvid=ed21559515340104&srepoch=1785759082&all_sr_blocks=1648591901_436953680_4_0_0&highlighted_blocks=1648591901_436953680_4_0_0&matching_block_id=1648591901_436953680_4_0_0&sr_pri_blocks=1648591901_436953680_4_0_0__900000&from=searchresults,9000,,,Islamabad,20.5,One-Bedroom Apartment,1 double bed,0,1,1,https://cf.bstatic.com/xdata/images/hotel/square240/877477012.webp?k=17299a57b8b6a26d6c26a96fc75ef9a99ae9eecd9ce83ffa678501f669277e8a&o=,5,Islamabad
The Aristocrat Haven,https://www.booking.com/hotel/pk/the-aristocrat-haven.en-gb.html?aid=304142&label=gen173nr-10CAQoggJCDWNpdHlfLTI3NjI4MTJICVgEaLUBiAEBmAEzuAEHyAEM2AED6AEB-AEBiAIBqAIBuAKqisLTBsACAdICJGIyYWUwNDZiLWE5YmEtNGI1Yi05MjRjLWFkYWU5NDcwN2MxM9gCAeACAQ&ucfs=1&arphpl=1&checkin=2026-08-06&checkout=2026-08-07&dest_id=-2762812&dest_type=city&group_adults=2&req_adults=2&no_rooms=1&group_children=0&req_children=0&hpos=17&hapos=470&sr_order=popularity&srpvid=ed21559515340104&srepoch=1785759082&all_sr_blocks=1593844101_430424098_4_0_0&highlighted_blocks=1593844101_430424098_4_0_0&matching_block_id=1593844101_430424098_4_0_0&sr_pri_blocks=1593844101_430424098_4_0_0__800000&from=searchresults,8000,9.7,4.0,Islamabad,13.9,Twin Room,"4 beds (2 singles, 2 futons)",0,1,1,https://cf.bstatic.com/xdata/images/hotel/square240/832408904.webp?k=f28ab2227ad508fe22240b21cee74d3f3c3a66793dc26c97a0405676089d2221&o=,14,Islamabad
Luxury Family Apartment Across Giga Mall And DHA,https://www.booking.com/hotel/pk/luxury-family-apartment-in-islamabad.en-gb.html?aid=304142&label=gen173nr-10CAQoggJCDWNpdHlfLTI3NjI4MTJICVgEaLUBiAEBmAEzuAEHyAEM2AED6AEB-AEBiAIBqAIBuAKqisLTBsACAdICJGIyYWUwNDZiLWE5YmEtNGI1Yi05MjRjLWFkYWU5NDcwN2MxM9gCAeACAQ&ucfs=1&arphpl=1&checkin=2026-08-06&checkout=2026-08-07&dest_id=-2762812&dest_type=city&group_adults=2&req_adults=2&no_rooms=1&group_children=0&req_children=0&hpos=18&hapos=471&sr_order=popularity&srpvid=ed21559515340104&srepoch=1785759082&all_sr_blocks=1461708101_417470087_2_0_0&highlighted_blocks=1461708101_417470087_2_0_0&matching_block_id=1461708101_417470087_2_0_0&sr_pri_blocks=1461708101_417470087_2_0_0__1347250&from=searchresults,13473,9.3,4.0,Islamabad,24.5,Two-Bedroom Apartment,"3 beds (2 singles, 1 extra-large double)",0,1,1,https://cf.bstatic.com/xdata/images/hotel/square240/717917952.webp?k=86f12598243c6aba89e90c8ef5ab6108983319861d4d6ecc798868b3e02335bd&o=,4,Islamabad
TOP CITY Luxe Studio Apartment,https://www.booking.com/hotel/pk/top-city-luxe-studio-apartment.en-gb.html?aid=304142&label=gen173nr-10CAQoggJCDWNpdHlfLTI3NjI4MTJICVgEaLUBiAEBmAEzuAEHyAEM2AED6AEB-AEBiAIBqAIBuAKqisLTBsACAdICJGIyYWUwNDZiLWE5YmEtNGI1Yi05MjRjLWFkYWU5NDcwN2MxM9gCAeACAQ&ucfs=1&arphpl=1&checkin=2026-08-06&checkout=2026-08-07&dest_id=-2762812&dest_type=city&group_adults=2&req_adults=2&no_rooms=1&group_children=0&req_children=0&hpos=19&hapos=472&sr_order=popularity&srpvid=ed21559515340104&srepoch=1785759082&all_sr_blocks=1621323101_432942094_2_2_0&highlighted_blocks=1621323101_432942094_2_2_0&matching_block_id=1621323101_432942094_2_2_0&sr_pri_blocks=1621323101_432942094_2_2_0__570000&from=searchresults,5700,10,1.0,Islamabad,26.3,One-Bedroom Apartment,1 extra-large double bed,0,1,1,https://cf.bstatic.com/xdata/images/hotel/square240/856318042.webp?k=9325bfb68febcaebd4015f7366c16af005e52605de76532884b406f0b3e40af0&o=,4,Islamabad
Centaurus Apartment City View One Bed Studio,https://www.booking.com/hotel/pk/centaurus-apartment-city-view-one-beds.en-gb.html?aid=304142&label=gen173nr-10CAQoggJCDWNpdHlfLTI3NjI4MTJICVgEaLUBiAEBmAEzuAEHyAEM2AED6AEB-AEBiAIBqAIBuAKqisLTBsACAdICJGIyYWUwNDZiLWE5YmEtNGI1Yi05MjRjLWFkYWU5NDcwN2MxM9gCAeACAQ&ucfs=1&arphpl=1&checkin=2026-08-06&checkout=2026-08-07&dest_id=-2762812&dest_type=city&group_adults=2&req_adults=2&no_rooms=1&group_children=0&req_children=0&hpos=20&hapos=473&sr_order=popularity&srpvid=ed21559515340104&srepoch=1785759082&all_sr_blocks=1066670301_415021562_2_0_0_1277845&highlighted_blocks=1066670301_415021562_2_0_0_1277845&matching_block_id=1066670301_415021562_2_0_0_1277845&sr_pri_blocks=1066670301_415021562_2_0_0_1277845_2821500&from=searchresults,28215,8.1,49.0,"Blue Area, Islamabad",4.6,One-Bedroom Apartment,"2 beds (1 extra-large double, 1 sofa bed)",0,1,1,https://cf.bstatic.com/xdata/images/hotel/square240/569101060.webp?k=ca52aa3015640d38a99d6273bf5c66f93e16cb702dd636dffa6a0409e34d2b83&o=,11,Islamabad
Ziel Guest House near Akbar Niazi Teaching Hospital ANTH Barakahu,https://www.booking.com/hotel/pk/ziel-suites-guest-house-islamabad1.en-gb.html?aid=304142&label=gen173nr-10CAQoggJCDWNpdHlfLTI3NjI4MTJICVgEaLUBiAEBmAEzuAEHyAEM2AED6AEB-AEBiAIBqAIBuAKqisLTBsACAdICJGIyYWUwNDZiLWE5YmEtNGI1Yi05MjRjLWFkYWU5NDcwN2MxM9gCAeACAQ&ucfs=1&arphpl=1&checkin=2026-08-06&checkout=2026-08-07&dest_id=-2762812&dest_type=city&group_adults=2&req_adults=2&no_rooms=1&group_children=0&req_children=0&hpos=21&hapos=474&sr_order=popularity&srpvid=ed21559515340104&srepoch=1785759082&all_sr_blocks=842993301_351056625_14_0_0&highlighted_blocks=842993301_351056625_14_0_0&matching_block_id=842993301_351056625_14_0_0&sr_pri_blocks=842993301_351056625_14_0_0__810000&from=searchresults,8100,9.0,1.0,Islamabad,7.3,Budget Double Room,7 double beds,0,0,1,https://cf.bstatic.com/xdata/images/hotel/square240/353034211.webp?k=7c775e6b54b5adb69a5bcb11008cc5564279113272abd9a018174369b884eb2a&o=,3,Islamabad
LMY Designer Boutique Hotel Apartments Opposite Centaurus Mall- Islamabad,https://www.booking.com/hotel/pk/ishsjsnq.en-gb.html?aid=304142&label=gen173nr-10CAQoggJCDWNpdHlfLTI3NjI4MTJICVgEaLUBiAEBmAEzuAEHyAEM2AED6AEB-AEBiAIBqAIBuAKqisLTBsACAdICJGIyYWUwNDZiLWE5YmEtNGI1Yi05MjRjLWFkYWU5NDcwN2MxM9gCAeACAQ&ucfs=1&arphpl=1&checkin=2026-08-06&checkout=2026-08-07&dest_id=-2762812&dest_type=city&group_adults=2&req_adults=2&no_rooms=1&group_children=0&req_children=0&hpos=22&hapos=475&sr_order=popularity&srpvid=ed21559515340104&srepoch=1785759082&all_sr_blocks=1692826502_440938603_2_1_0&highlighted_blocks=1692826502_440938603_2_1_0&matching_block_id=1692826502_440938603_2_1_0&sr_pri_blocks=1692826502_440938603_2_1_0__2000000&from=searchresults,20000,10,1.0,"Blue Area, Islamabad",4.6,Studio with Mountain View,1 double bed,1,1,1,https://cf.bstatic.com/xdata/images/hotel/square240/899517457.webp?k=bdd1cd8d55c40531accf3e37044e4d6cef064f4cceec784880b66c91580533d5&o=,13,Islamabad
Casa Bliss 2BR,https://www.booking.com/hotel/pk/casa-bliss-2br.en-gb.html?aid=304142&label=gen173nr-10CAQoggJCDWNpdHlfLTI3NjI4MTJICVgEaLUBiAEBmAEzuAEHyAEM2AED6AEB-AEBiAIBqAIBuAKqisLTBsACAdICJGIyYWUwNDZiLWE5YmEtNGI1Yi05MjRjLWFkYWU5NDcwN2MxM9gCAeACAQ&ucfs=1&arphpl=1&checkin=2026-08-06&checkout=2026-08-07&dest_id=-2762812&dest_type=city&group_adults=2&req_adults=2&no_rooms=1&group_children=0&req_children=0&hpos=23&hapos=476&sr_order=popularity&srpvid=ed21559515340104&srepoch=1785759082&all_sr_blocks=1614059401_432290533_5_0_0&highlighted_blocks=1614059401_432290533_5_0_0&matching_block_id=1614059401_432290533_5_0_0&sr_pri_blocks=1614059401_432290533_5_0_0__800000&from=searchresults,8000,6.0,2.0,Islamabad,14.2,Two-Bedroom Apartment,"4 beds (2 singles, 1 sofa bed, 1 large double)",0,1,1,https://cf.bstatic.com/xdata/images/hotel/square240/849283348.webp?k=cda7bb1b359ed272966a82e28330cf21df8dc5294a5c29f4b45dea8eb52ba5d1&o=,4,Islamabad
Luxurious Upscale 2Br with backup UPS Acs and wifi,https://www.booking.com/hotel/pk/luxurious-upscale-2br-with-backup-ups-acs-and-wifi.en-gb.html?aid=304142&label=gen173nr-10CAQoggJCDWNpdHlfLTI3NjI4MTJICVgEaLUBiAEBmAEzuAEHyAEM2AED6AEB-AEBiAIBqAIBuAKqisLTBsACAdICJGIyYWUwNDZiLWE5YmEtNGI1Yi05MjRjLWFkYWU5NDcwN2MxM9gCAeACAQ&ucfs=1&arphpl=1&checkin=2026-08-06&checkout=2026-08-07&dest_id=-2762812&dest_type=city&group_adults=2&req_adults=2&no_rooms=1&group_children=0&req_children=0&hpos=24&hapos=477&sr_order=popularity&srpvid=ed21559515340104&srepoch=1785759082&all_sr_blocks=866609701_354900368_6_0_0&highlighted_blocks=866609701_354900368_6_0_0&matching_block_id=866609701_354900368_6_0_0&sr_pri_blocks=866609701_354900368_6_0_0__945000&from=searchresults,9450,7.0,48.0,"E-11 Sector, Islamabad",11.5,Apartment,"4 beds (2 singles, 2 sofa beds)",0,0,0,https://cf.bstatic.com/xdata/images/hotel/square240/375220258.webp?k=de244744d602be909e7955ea2ed68f46ee6e15299efb9fc230f9ab483a0c2b6e&o=,8,Islamabad
Meridian Stays - Premium Accommodation,https://www.booking.com/hotel/pk/meridian-stays-premium-accommodation.en-gb.html?aid=304142&label=gen173nr-10CAQoggJCDWNpdHlfLTI3NjI4MTJICVgEaLUBiAEBmAEzuAEHyAEM2AED6AEB-AEBiAIBqAIBuAKqisLTBsACAdICJGIyYWUwNDZiLWE5YmEtNGI1Yi05MjRjLWFkYWU5NDcwN2MxM9gCAeACAQ&ucfs=1&arphpl=1&checkin=2026-08-06&checkout=2026-08-07&dest_id=-2762812&dest_type=city&group_adults=2&req_adults=2&no_rooms=1&group_children=0&req_children=0&hpos=25&hapos=478&sr_order=popularity&srpvid=ed21559515340104&srepoch=1785759082&all_sr_blocks=1676407701_439362712_3_0_0&highlighted_blocks=1676407701_439362712_3_0_0&matching_block_id=1676407701_439362712_3_0_0&sr_pri_blocks=1676407701_439362712_3_0_0__569798&from=searchresults,5698,,,Islamabad,26.0,Two-Bedroom Apartment,"3 beds (1 single, 2 doubles)",0,1,1,https://cf.bstatic.com/xdata/images/hotel/square240/888794890.webp?k=1414330a83b55f67c884fb02d5e6054e1db7ac51e301d4dfe4e254ed2be78728&o=,4,Islamabad
Zeta Luxury Suites I One Bedroom Apartment City View,https://www.booking.com/hotel/pk/zeta-luxury-suites-i-one-bedroom-apartment-city-view.en-gb.html?aid=304142&label=gen173nr-10CAQoggJCDWNpdHlfLTI3NjI4MTJICVgEaLUBiAEBmAEzuAEHyAEM2AED6AEB-AEBiAIBqAIBuAKqisLTBsACAdICJGIyYWUwNDZiLWE5YmEtNGI1Yi05MjRjLWFkYWU5NDcwN2MxM9gCAeACAQ&ucfs=1&arphpl=1&checkin=2026-08-06&checkout=2026-08-07&dest_id=-2762812&dest_type=city&group_adults=2&req_adults=2&no_rooms=1&group_children=0&req_children=0&hpos=1&hapos=479&sr_order=popularity&srpvid=ed21559515340104&srepoch=1785759086&all_sr_blocks=1560489201_427154641_3_0_0&highlighted_blocks=1560489201_427154641_3_0_0&matching_block_id=1560489201_427154641_3_0_0&sr_pri_blocks=1560489201_427154641_3_0_0__1200000&from=searchresults,12000,10,1.0,Islamabad,24.0,One-Bedroom Superior Apartment,"2 beds (1 double, 1 sofa bed)",0,1,1,https://cf.bstatic.com/xdata/images/hotel/square240/805775134.webp?k=23ea22d1c8ba0ab5f7dc741d3235863467317ddb740427fc987cb7859939458a&o=,4,Islamabad
Luxury 2BR Apartment at Qurtaba Heights With Free Parking,https://www.booking.com/hotel/pk/luxury-2br-apartment-at-qurtaba-heights-with-free-parking.en-gb.html?aid=304142&label=gen173nr-10CAQoggJCDWNpdHlfLTI3NjI4MTJICVgEaLUBiAEBmAEzuAEHyAEM2AED6AEB-AEBiAIBqAIBuAKqisLTBsACAdICJGIyYWUwNDZiLWE5YmEtNGI1Yi05MjRjLWFkYWU5NDcwN2MxM9gCAeACAQ&ucfs=1&arphpl=1&checkin=2026-08-06&checkout=2026-08-07&dest_id=-2762812&dest_type=city&group_adults=2&req_adults=2&no_rooms=1&group_children=0&req_children=0&hpos=2&hapos=480&sr_order=popularity&srpvid=ed21559515340104&srepoch=1785759086&all_sr_blocks=1699205401_441576534_5_0_0&highlighted_blocks=1699205401_441576534_5_0_0&matching_block_id=1699205401_441576534_5_0_0&sr_pri_blocks=1699205401_441576534_5_0_0__782000&from=searchresults,7820,,,"E-11 Sector, Islamabad",10.8,One-Bedroom Apartment,"3 beds (1 sofa bed, 2 large doubles)",0,1,1,https://cf.bstatic.com/xdata/images/hotel/square240/901935419.webp?k=fa8eba757fe10aaa7cb18ce75a68a92320232786adf2975b435dbb2f33ed0296&o=,5,Islamabad
Modern Zeta Mall 1 Bedroom Apartment,https://www.booking.com/hotel/pk/modern-1bhk-zeta-isl-pool-mall-views.en-gb.html?aid=304142&label=gen173nr-10CAQoggJCDWNpdHlfLTI3NjI4MTJICVgEaLUBiAEBmAEzuAEHyAEM2AED6AEB-AEBiAIBqAIBuAKqisLTBsACAdICJGIyYWUwNDZiLWE5YmEtNGI1Yi05MjRjLWFkYWU5NDcwN2MxM9gCAeACAQ&ucfs=1&arphpl=1&checkin=2026-08-06&checkout=2026-08-07&dest_id=-2762812&dest_type=city&group_adults=2&req_adults=2&no_rooms=1&group_children=0&req_children=0&hpos=3&hapos=481&sr_order=popularity&srpvid=ed21559515340104&srepoch=1785759086&all_sr_blocks=1610973301_432010766_4_0_0&highlighted_blocks=1610973301_432010766_4_0_0&matching_block_id=1610973301_432010766_4_0_0&sr_pri_blocks=1610973301_432010766_4_0_0__1275000&from=searchresults,12750,10,3.0,Islamabad,24.0,One-Bedroom Apartment,"2 beds (1 extra-large double, 1 sofa bed)",0,1,1,https://cf.bstatic.com/xdata/images/hotel/square240/874357252.webp?k=89de20210855b3f89b21ec14e96afbefd8ff96bf97f079aa6bad756272d1b638&o=,4,Islamabad
Studio 430,https://www.booking.com/hotel/pk/studio-430.en-gb.html?aid=304142&label=gen173nr-10CAQoggJCDWNpdHlfLTI3NjI4MTJICVgEaLUBiAEBmAEzuAEHyAEM2AED6AEB-AEBiAIBqAIBuAKqisLTBsACAdICJGIyYWUwNDZiLWE5YmEtNGI1Yi05MjRjLWFkYWU5NDcwN2MxM9gCAeACAQ&ucfs=1&arphpl=1&checkin=2026-08-06&checkout=2026-08-07&dest_id=-2762812&dest_type=city&group_adults=2&req_adults=2&no_rooms=1&group_children=0&req_children=0&hpos=4&hapos=482&sr_order=popularity&srpvid=ed21559515340104&srepoch=1785759086&all_sr_blocks=1636130501_434002995_2_0_0&highlighted_blocks=1636130501_434002995_2_0_0&matching_block_id=1636130501_434002995_2_0_0&sr_pri_blocks=1636130501_434002995_2_0_0__540000&from=searchresults,5400,9.6,5.0,Islamabad,19.4,Double Room,1 double bed,0,0,0,https://cf.bstatic.com/xdata/images/hotel/square240/864751466.webp?k=86fc374d5ef2ce5c624f35ce706ba2d4c70ed2416736986598e4c790d9db1cd4&o=,3,Islamabad
Executive 2BHK in Zeta Mall,https://www.booking.com/hotel/pk/executive-2bhk-in-zeta-mall.en-gb.html?aid=304142&label=gen173nr-10CAQoggJCDWNpdHlfLTI3NjI4MTJICVgEaLUBiAEBmAEzuAEHyAEM2AED6AEB-AEBiAIBqAIBuAKqisLTBsACAdICJGIyYWUwNDZiLWE5YmEtNGI1Yi05MjRjLWFkYWU5NDcwN2MxM9gCAeACAQ&ucfs=1&arphpl=1&checkin=2026-08-06&checkout=2026-08-07&dest_id=-2762812&dest_type=city&group_adults=2&req_adults=2&no_rooms=1&group_children=0&req_children=0&hpos=5&hapos=483&sr_order=popularity&srpvid=ed21559515340104&srepoch=1785759086&all_sr_blocks=1540404201_425445127_5_0_0&highlighted_blocks=1540404201_425445127_5_0_0&matching_block_id=1540404201_425445127_5_0_0&sr_pri_blocks=1540404201_425445127_5_0_0__2385000&from=searchresults,23850,9.2,20.0,Islamabad,24.0,Two-Bedroom Apartment,"3 beds (1 sofa bed, 2 large doubles)",0,0,0,https://cf.bstatic.com/xdata/images/hotel/square240/807588288.webp?k=54e6e8bfb0ba17b893096c58bea6001cd18568d6e2a30c4780babb89bf4622fd&o=,10,Islamabad
Capital Lagoon One Bed Apartment in B-17,https://www.booking.com/hotel/pk/capital-lagoon-one-bed-apartment-in-b-17.en-gb.html?aid=304142&label=gen173nr-10CAQoggJCDWNpdHlfLTI3NjI4MTJICVgEaLUBiAEBmAEzuAEHyAEM2AED6AEB-AEBiAIBqAIBuAKqisLTBsACAdICJGIyYWUwNDZiLWE5YmEtNGI1Yi05MjRjLWFkYWU5NDcwN2MxM9gCAeACAQ&ucfs=1&arphpl=1&checkin=2026-08-06&checkout=2026-08-07&dest_id=-2762812&dest_type=city&group_adults=2&req_adults=2&no_rooms=1&group_children=0&req_children=0&hpos=6&hapos=484&sr_order=popularity&srpvid=ed21559515340104&srepoch=1785759086&all_sr_blocks=1666728601_438490750_2_0_0&highlighted_blocks=1666728601_438490750_2_0_0&matching_block_id=1666728601_438490750_2_0_0&sr_pri_blocks=1666728601_438490750_2_0_0__765000&from=searchresults,7650,,,Islamabad,25.1,One-Bedroom Apartment,1 double bed,0,1,1,https://cf.bstatic.com/xdata/images/hotel/square240/882841730.webp?k=19d3dde6be64765a74fa8cfe3e1fdb214ada1836c172ffd47b075c3be24653fb&o=,4,Islamabad
The Grand Vista,https://www.booking.com/hotel/pk/the-grand-vista.en-gb.html?aid=304142&label=gen173nr-10CAQoggJCDWNpdHlfLTI3NjI4MTJICVgEaLUBiAEBmAEzuAEHyAEM2AED6AEB-AEBiAIBqAIBuAKqisLTBsACAdICJGIyYWUwNDZiLWE5YmEtNGI1Yi05MjRjLWFkYWU5NDcwN2MxM9gCAeACAQ&ucfs=1&arphpl=1&checkin=2026-08-06&checkout=2026-08-07&dest_id=-2762812&dest_type=city&group_adults=2&req_adults=2&no_rooms=1&group_children=0&req_children=0&hpos=7&hapos=485&sr_order=popularity&srpvid=ed21559515340104&srepoch=1785759086&all_sr_blocks=1472526902_418596497_7_2_0&highlighted_blocks=1472526902_418596497_7_2_0&matching_block_id=1472526902_418596497_7_2_0&sr_pri_blocks=1472526902_418596497_7_2_0__700000&from=searchresults,7000,9.0,9.0,Islamabad,19.4,Family Suite,"6 beds (4 singles, 1 extra-large double, 1 futon)",0,1,1,https://cf.bstatic.com/xdata/images/hotel/square240/728152704.webp?k=020d600e6fefcaf4ccf8257a1df1d78d526f1a254ace5b71fd686b34e7c1792e&o=,14,Islamabad
2 Bed Room Suite-Elysium Tower Opp Centaurus Mall Islamabad,https://www.booking.com/hotel/pk/2-bed-room-suite-elysium-tower-opp-centaurus-mall-islamabad.en-gb.html?aid=304142&label=gen173nr-10CAQoggJCDWNpdHlfLTI3NjI4MTJICVgEaLUBiAEBmAEzuAEHyAEM2AED6AEB-AEBiAIBqAIBuAKqisLTBsACAdICJGIyYWUwNDZiLWE5YmEtNGI1Yi05MjRjLWFkYWU5NDcwN2MxM9gCAeACAQ&ucfs=1&arphpl=1&checkin=2026-08-06&checkout=2026-08-07&dest_id=-2762812&dest_type=city&group_adults=2&req_adults=2&no_rooms=1&group_children=0&req_children=0&hpos=8&hapos=486&sr_order=popularity&srpvid=ed21559515340104&srepoch=1785759086&all_sr_blocks=1277451401_400643839_3_0_0&highlighted_blocks=1277451401_400643839_3_0_0&matching_block_id=1277451401_400643839_3_0_0&sr_pri_blocks=1277451401_400643839_3_0_0__3368336&from=searchresults,33683,8.1,46.0,"Blue Area, Islamabad",0.7,Two-Bedroom Apartment,2 large double beds,0,0,0,https://cf.bstatic.com/xdata/images/hotel/square240/595670098.webp?k=110f080e23665e90bd76b48cf4e7cf53c21b03861b78c10d9fb96c2ee2cee9ce&o=,11,Islamabad
The Canvas Stay,https://www.booking.com/hotel/pk/the-canvas-stay.en-gb.html?aid=304142&label=gen173nr-10CAQoggJCDWNpdHlfLTI3NjI4MTJICVgEaLUBiAEBmAEzuAEHyAEM2AED6AEB-AEBiAIBqAIBuAKqisLTBsACAdICJGIyYWUwNDZiLWE5YmEtNGI1Yi05MjRjLWFkYWU5NDcwN2MxM9gCAeACAQ&ucfs=1&arphpl=1&checkin=2026-08-06&checkout=2026-08-07&dest_id=-2762812&dest_type=city&group_adults=2&req_adults=2&no_rooms=1&group_children=0&req_children=0&hpos=9&hapos=487&sr_order=popularity&srpvid=ed21559515340104&srepoch=1785759086&all_sr_blocks=1548882603_426117911_4_0_0&highlighted_blocks=1548882603_426117911_4_0_0&matching_block_id=1548882603_426117911_4_0_0&sr_pri_blocks=1548882603_426117911_4_0_0__800000&from=searchresults,8000,8.3,14.0,Islamabad,16.9,Deluxe King Room,"3 beds (1 single, 1 extra-large double, 1 futon)",0,1,1,https://cf.bstatic.com/xdata/images/hotel/square240/794714983.webp?k=7ceb4549d4d0d6fca57bf6e2e219e1b90a8c6ede624ae23db219d96994894a90&o=,14,Islamabad
Nexus Prime,https://www.booking.com/hotel/pk/the-elegance-inn.en-gb.html?aid=304142&label=gen173nr-10CAQoggJCDWNpdHlfLTI3NjI4MTJICVgEaLUBiAEBmAEzuAEHyAEM2AED6AEB-AEBiAIBqAIBuAKqisLTBsACAdICJGIyYWUwNDZiLWE5YmEtNGI1Yi05MjRjLWFkYWU5NDcwN2MxM9gCAeACAQ&ucfs=1&arphpl=1&checkin=2026-08-06&checkout=2026-08-07&dest_id=-2762812&dest_type=city&group_adults=2&req_adults=2&no_rooms=1&group_children=0&req_children=0&hpos=10&hapos=488&sr_order=popularity&srpvid=ed21559515340104&srepoch=1785759086&all_sr_blocks=1532605502_424780947_2_0_0&highlighted_blocks=1532605502_424780947_2_0_0&matching_block_id=1532605502_424780947_2_0_0&sr_pri_blocks=1532605502_424780947_2_0_0__583633&from=searchresults,5836,7.4,7.0,"G-9 Sector, Islamabad",6.7,Superior Triple Room,"2 beds (1 single, 1 large double)",0,1,1,https://cf.bstatic.com/xdata/images/hotel/square240/781882357.webp?k=37788c2c3d99077802f0588f4f2ed04aff237ff8662412cabe42b47f886a40ef&o=,6,Islamabad
We Hotels Islamabad Airport,https://www.booking.com/hotel/pk/we-hotels-islamabads.en-gb.html?aid=304142&label=gen173nr-10CAQoggJCDWNpdHlfLTI3NjI4MTJICVgEaLUBiAEBmAEzuAEHyAEM2AED6AEB-AEBiAIBqAIBuAKqisLTBsACAdICJGIyYWUwNDZiLWE5YmEtNGI1Yi05MjRjLWFkYWU5NDcwN2MxM9gCAeACAQ&ucfs=1&arphpl=1&checkin=2026-08-06&checkout=2026-08-07&dest_id=-2762812&dest_type=city&group_adults=2&req_adults=2&no_rooms=1&group_children=0&req_children=0&hpos=11&hapos=489&sr_order=popularity&srpvid=ed21559515340104&srepoch=1785759086&all_sr_blocks=1693986701_441045009_2_2_0&highlighted_blocks=1693986701_441045009_2_2_0&matching_block_id=1693986701_441045009_2_2_0&sr_pri_blocks=1693986701_441045009_2_2_0__607464&from=searchresults,6075,,,Islamabad,26.9,Deluxe Double or Twin Room with City View,1 double bed,0,1,1,https://cf.bstatic.com/xdata/images/hotel/square240/898750703.webp?k=47c559c563ffe5ecad825c94dcb99ada40fc66fa02b1d9a2dbd2a87fdc1389d6&o=,15,Islamabad
Designer Studio with heating rooftop Pool restaurant & Self Check In,https://www.booking.com/hotel/pk/skyluxe-studio-2-with-rooftop-pool-amp-self-check-in.en-gb.html?aid=304142&label=gen173nr-10CAQoggJCDWNpdHlfLTI3NjI4MTJICVgEaLUBiAEBmAEzuAEHyAEM2AED6AEB-AEBiAIBqAIBuAKqisLTBsACAdICJGIyYWUwNDZiLWE5YmEtNGI1Yi05MjRjLWFkYWU5NDcwN2MxM9gCAeACAQ&ucfs=1&arphpl=1&checkin=2026-08-06&checkout=2026-08-07&dest_id=-2762812&dest_type=city&group_adults=2&req_adults=2&no_rooms=1&group_children=0&req_children=0&hpos=12&hapos=490&sr_order=popularity&srpvid=ed21559515340104&srepoch=1785759086&all_sr_blocks=1383170501_410385448_3_0_0&highlighted_blocks=1383170501_410385448_3_0_0&matching_block_id=1383170501_410385448_3_0_0&sr_pri_blocks=1383170501_410385448_3_0_0__835313&from=searchresults,8353,9.0,2.0,Islamabad,20.5,One-Bedroom Apartment,1 large double bed,0,0,0,https://cf.bstatic.com/xdata/images/hotel/square240/663518332.webp?k=01e0ff5f8f708c25ca4113a7db72b4179b521a6517d2f315dfa99327cbd143fc&o=,13,Islamabad
Serene 2 bedroom apartment,https://www.booking.com/hotel/pk/luxury-2-bedroom-apartment-islamabad1.en-gb.html?aid=304142&label=gen173nr-10CAQoggJCDWNpdHlfLTI3NjI4MTJICVgEaLUBiAEBmAEzuAEHyAEM2AED6AEB-AEBiAIBqAIBuAKqisLTBsACAdICJGIyYWUwNDZiLWE5YmEtNGI1Yi05MjRjLWFkYWU5NDcwN2MxM9gCAeACAQ&ucfs=1&arphpl=1&checkin=2026-08-06&checkout=2026-08-07&dest_id=-2762812&dest_type=city&group_adults=2&req_adults=2&no_rooms=1&group_children=0&req_children=0&hpos=13&hapos=491&sr_order=popularity&srpvid=ed21559515340104&srepoch=1785759086&all_sr_blocks=1625350501_433238304_5_0_0&highlighted_blocks=1625350501_433238304_5_0_0&matching_block_id=1625350501_433238304_5_0_0&sr_pri_blocks=1625350501_433238304_5_0_0__1200000&from=searchresults,12000,10,1.0,"E-11 Sector, Islamabad",12.0,Two-Bedroom Apartment,2 large double beds,0,1,1,https://cf.bstatic.com/xdata/images/hotel/square240/858775057.webp?k=1281941b79a6e5b0f6a104a23a63bdd36b728a88a807272f9c71ef2b8d674d90&o=,4,Islamabad
Luxury 2Bed-SkyPark One Gulberg Green Islamabad,https://www.booking.com/hotel/pk/eirevo-at-skypark-one.en-gb.html?aid=304142&label=gen173nr-10CAQoggJCDWNpdHlfLTI3NjI4MTJICVgEaLUBiAEBmAEzuAEHyAEM2AED6AEB-AEBiAIBqAIBuAKqisLTBsACAdICJGIyYWUwNDZiLWE5YmEtNGI1Yi05MjRjLWFkYWU5NDcwN2MxM9gCAeACAQ&ucfs=1&arphpl=1&checkin=2026-08-06&checkout=2026-08-07&dest_id=-2762812&dest_type=city&group_adults=2&req_adults=2&no_rooms=1&group_children=0&req_children=0&hpos=14&hapos=492&sr_order=popularity&srpvid=ed21559515340104&srepoch=1785759086&all_sr_blocks=1407336001_412508429_5_0_0&highlighted_blocks=1407336001_412508429_5_0_0&matching_block_id=1407336001_412508429_5_0_0&sr_pri_blocks=1407336001_412508429_5_0_0__1955000&from=searchresults,19550,8.6,5.0,Islamabad,15.4,Two-Bedroom Apartment,"3 beds (1 sofa bed, 2 large doubles)",0,1,1,https://cf.bstatic.com/xdata/images/hotel/square240/678623053.webp?k=710e58690f518b28dfa861bdc23898b21f48bd328872d97dbf73549026e1291a&o=,16,Islamabad
Islamabad Stays,https://www.booking.com/hotel/pk/cielo-islamabad.en-gb.html?aid=304142&label=gen173nr-10CAQoggJCDWNpdHlfLTI3NjI4MTJICVgEaLUBiAEBmAEzuAEHyAEM2AED6AEB-AEBiAIBqAIBuAKqisLTBsACAdICJGIyYWUwNDZiLWE5YmEtNGI1Yi05MjRjLWFkYWU5NDcwN2MxM9gCAeACAQ&ucfs=1&arphpl=1&checkin=2026-08-06&checkout=2026-08-07&dest_id=-2762812&dest_type=city&group_adults=2&req_adults=2&no_rooms=1&group_children=0&req_children=0&hpos=15&hapos=493&sr_order=popularity&srpvid=ed21559515340104&srepoch=1785759086&all_sr_blocks=1088183002_381739495_0_0_0&highlighted_blocks=1088183002_381739495_0_0_0&matching_block_id=1088183002_381739495_0_0_0&sr_pri_blocks=1088183002_381739495_0_0_0__1620000&from=searchresults,16200,5.6,42.0,"E-11 Sector, Islamabad",10.7,Four-Bedroom House,"5 beds (2 singles, 2 doubles, 1 large double)",0,0,0,https://cf.bstatic.com/xdata/images/hotel/square240/535780889.webp?k=56bc68f60bdf726e646a922594ae2282acaec8e1b4001c14f831b1f45645395a&o=,10,Islamabad
Luxury Guest House Near Islamabad Airport - AH Royal Resort,https://www.booking.com/hotel/pk/a-h-royal-resorts.en-gb.html?aid=304142&label=gen173nr-10CAQoggJCDWNpdHlfLTI3NjI4MTJICVgEaLUBiAEBmAEzuAEHyAEM2AED6AEB-AEBiAIBqAIBuAKqisLTBsACAdICJGIyYWUwNDZiLWE5YmEtNGI1Yi05MjRjLWFkYWU5NDcwN2MxM9gCAeACAQ&ucfs=1&arphpl=1&checkin=2026-08-06&checkout=2026-08-07&dest_id=-2762812&dest_type=city&group_adults=2&req_adults=2&no_rooms=1&group_children=0&req_children=0&hpos=16&hapos=494&sr_order=popularity&srpvid=ed21559515340104&srepoch=1785759086&all_sr_blocks=1464280411_424920218_2_0_0&highlighted_blocks=1464280411_424920218_2_0_0&matching_block_id=1464280411_424920218_2_0_0&sr_pri_blocks=1464280411_424920218_2_0_0__1200000&from=searchresults,12000,10,3.0,Islamabad,35.0,Budget Double Room,"2 beds (1 extra-large double, 1 futon)",0,1,1,https://cf.bstatic.com/xdata/images/hotel/square240/721217597.webp?k=63ffebb75983cb3962750a9c03f94b71415856622c4ffbb05f322d657967dc2e&o=,4,Islamabad
Zaib Guest House,https://www.booking.com/hotel/pk/zaib-guest-house.en-gb.html?aid=304142&label=gen173nr-10CAQoggJCDWNpdHlfLTI3NjI4MTJICVgEaLUBiAEBmAEzuAEHyAEM2AED6AEB-AEBiAIBqAIBuAKqisLTBsACAdICJGIyYWUwNDZiLWE5YmEtNGI1Yi05MjRjLWFkYWU5NDcwN2MxM9gCAeACAQ&ucfs=1&arphpl=1&checkin=2026-08-06&checkout=2026-08-07&dest_id=-2762812&dest_type=city&group_adults=2&req_adults=2&no_rooms=1&group_children=0&req_children=0&hpos=17&hapos=495&sr_order=popularity&srpvid=ed21559515340104&srepoch=1785759086&all_sr_blocks=1487692901_420240613_4_0_0&highlighted_blocks=1487692901_420240613_4_0_0&matching_block_id=1487692901_420240613_4_0_0&sr_pri_blocks=1487692901_420240613_4_0_0__440000&from=searchresults,4400,8.0,2.0,Islamabad,4.9,Family Room,2 double beds,0,1,1,https://cf.bstatic.com/xdata/images/hotel/square240/741195504.webp?k=55fe33029589d443e57abd26371afa30d9990a90be5440f437b1bfe1a3806882&o=,4,Islamabad
Modern Luxury Studio Apartment in F-10 Islamabad,https://www.booking.com/hotel/pk/modern-luxury-studio-apartment-in-f-10-islamabad.en-gb.html?aid=304142&label=gen173nr-10CAQoggJCDWNpdHlfLTI3NjI4MTJICVgEaLUBiAEBmAEzuAEHyAEM2AED6AEB-AEBiAIBqAIBuAKqisLTBsACAdICJGIyYWUwNDZiLWE5YmEtNGI1Yi05MjRjLWFkYWU5NDcwN2MxM9gCAeACAQ&ucfs=1&arphpl=1&checkin=2026-08-06&checkout=2026-08-07&dest_id=-2762812&dest_type=city&group_adults=2&req_adults=2&no_rooms=1&group_children=0&req_children=0&hpos=18&hapos=496&sr_order=popularity&srpvid=ed21559515340104&srepoch=1785759086&all_sr_blocks=1612972801_432193488_3_0_0&highlighted_blocks=1612972801_432193488_3_0_0&matching_block_id=1612972801_432193488_3_0_0&sr_pri_blocks=1612972801_432193488_3_0_0__1035000&from=searchresults,10350,7.0,1.0,Islamabad,8.8,One-Bedroom Apartment,"2 beds (1 double, 1 futon)",0,1,1,https://cf.bstatic.com/xdata/images/hotel/square240/848513411.webp?k=449af8214bbe447bfd47eac3257cb7a2ad0fcd1d92f3350688f8f0c9e9298f7f&o=,4,Islamabad
Luxury Apartment Rentals,https://www.booking.com/hotel/pk/luxury-apartment-islamabad-pakistan-islamabad.en-gb.html?aid=304142&label=gen173nr-10CAQoggJCDWNpdHlfLTI3NjI4MTJICVgEaLUBiAEBmAEzuAEHyAEM2AED6AEB-AEBiAIBqAIBuAKqisLTBsACAdICJGIyYWUwNDZiLWE5YmEtNGI1Yi05MjRjLWFkYWU5NDcwN2MxM9gCAeACAQ&ucfs=1&arphpl=1&checkin=2026-08-06&checkout=2026-08-07&dest_id=-2762812&dest_type=city&group_adults=2&req_adults=2&no_rooms=1&group_children=0&req_children=0&hpos=19&hapos=497&sr_order=popularity&srpvid=ed21559515340104&srepoch=1785759086&all_sr_blocks=1559032801_427009783_3_0_0&highlighted_blocks=1559032801_427009783_3_0_0&matching_block_id=1559032801_427009783_3_0_0&sr_pri_blocks=1559032801_427009783_3_0_0__684000&from=searchresults,6840,7.0,1.0,"E-11 Sector, Islamabad",11.5,Family Room with Balcony,"2 beds (1 single, 1 extra-large double)",0,0,0,https://cf.bstatic.com/xdata/images/hotel/square240/804419895.webp?k=da4923daf36765d58641b01580dccd8540cb30e7478e860154653c3492ef0fac&o=,2,Islamabad
Elite Apartment with Prime Location,https://www.booking.com/hotel/pk/elite-apartment-with-prime-location.en-gb.html?aid=304142&label=gen173nr-10CAQoggJCDWNpdHlfLTI3NjI4MTJICVgEaLUBiAEBmAEzuAEHyAEM2AED6AEB-AEBiAIBqAIBuAKqisLTBsACAdICJGIyYWUwNDZiLWE5YmEtNGI1Yi05MjRjLWFkYWU5NDcwN2MxM9gCAeACAQ&ucfs=1&arphpl=1&checkin=2026-08-06&checkout=2026-08-07&dest_id=-2762812&dest_type=city&group_adults=2&req_adults=2&no_rooms=1&group_children=0&req_children=0&hpos=20&hapos=498&sr_order=popularity&srpvid=ed21559515340104&srepoch=1785759086&all_sr_blocks=1584359501_429557479_2_0_0&highlighted_blocks=1584359501_429557479_2_0_0&matching_block_id=1584359501_429557479_2_0_0&sr_pri_blocks=1584359501_429557479_2_0_0__504000&from=searchresults,5040,,,Islamabad,30.6,One-Bedroom Apartment,"2 beds (1 double, 1 sofa bed)",0,1,1,https://cf.bstatic.com/xdata/images/hotel/square240/826008620.webp?k=fac3e52199fb74c1e3359ddc5832056bc66b87069dfc91a1af350aa10fca1b43&o=,5,Islamabad
STUDIO APARTMENTS With Mountains View In Elysium Tower Opposite Centaurus Mall Islamabad,https://www.booking.com/hotel/pk/elysium-tower-islamabad-islamabad11.en-gb.html?aid=304142&label=gen173nr-10CAQoggJCDWNpdHlfLTI3NjI4MTJICVgEaLUBiAEBmAEzuAEHyAEM2AED6AEB-AEBiAIBqAIBuAKqisLTBsACAdICJGIyYWUwNDZiLWE5YmEtNGI1Yi05MjRjLWFkYWU5NDcwN2MxM9gCAeACAQ&ucfs=1&arphpl=1&checkin=2026-08-06&checkout=2026-08-07&dest_id=-2762812&dest_type=city&group_adults=2&req_adults=2&no_rooms=1&group_children=0&req_children=0&hpos=21&hapos=499&sr_order=popularity&srpvid=ed21559515340104&srepoch=1785759086&all_sr_blocks=1694914301_441152191_3_2_0&highlighted_blocks=1694914301_441152191_3_2_0&matching_block_id=1694914301_441152191_3_2_0&sr_pri_blocks=1694914301_441152191_3_2_0__2520000&from=searchresults,25200,,,"Blue Area, Islamabad",4.6,Studio with Mountain View,1 large double bed,0,0,0,https://cf.bstatic.com/xdata/images/hotel/square240/899514833.webp?k=07c9328ce21cf7edd0c6347f1346659e96bd6bc503688dd0f7c583fbdaa36d5d&o=,13,Islamabad
Comfort inn apartment,https://www.booking.com/hotel/pk/comfort-inn-apartment-islamabad1.en-gb.html?aid=304142&label=gen173nr-10CAQoggJCDWNpdHlfLTI3NjI4MTJICVgEaLUBiAEBmAEzuAEHyAEM2AED6AEB-AEBiAIBqAIBuAKqisLTBsACAdICJGIyYWUwNDZiLWE5YmEtNGI1Yi05MjRjLWFkYWU5NDcwN2MxM9gCAeACAQ&ucfs=1&arphpl=1&checkin=2026-08-06&checkout=2026-08-07&dest_id=-2762812&dest_type=city&group_adults=2&req_adults=2&no_rooms=1&group_children=0&req_children=0&hpos=22&hapos=500&sr_order=popularity&srpvid=ed21559515340104&srepoch=1785759086&all_sr_blocks=1398512001_411715415_0_0_0_918778&highlighted_blocks=1398512001_411715415_0_0_0_918778&matching_block_id=1398512001_411715415_0_0_0_918778&sr_pri_blocks=1398512001_411715415_0_0_0_918778_594000&from=searchresults,5940,6.8,4.0,Islamabad,10.9,Two-Bedroom Apartment,"3 beds (1 double, 1 extra-large double, 1 sofa bed)",0,1,1,https://cf.bstatic.com/xdata/images/hotel/square240/879638035.webp?k=9bec4d423873111b3083e165c1ee15904fbf79a00b8aebcdb6e8f7ec1fa88dac&o=,4,Islamabad
1 Bedroom Studio Apartment With Separate Kitchen Islamabad-HS Apartments,https://www.booking.com/hotel/pk/2-bedrooms-apt-islamabad.en-gb.html?aid=304142&label=gen173nr-10CAQoggJCDWNpdHlfLTI3NjI4MTJICVgEaLUBiAEBmAEzuAEHyAEM2AED6AEB-AEBiAIBqAIBuAKqisLTBsACAdICJGIyYWUwNDZiLWE5YmEtNGI1Yi05MjRjLWFkYWU5NDcwN2MxM9gCAeACAQ&ucfs=1&arphpl=1&checkin=2026-08-06&checkout=2026-08-07&dest_id=-2762812&dest_type=city&group_adults=2&req_adults=2&no_rooms=1&group_children=0&req_children=0&hpos=1&hapos=501&sr_order=popularity&srpvid=ed21559515340104&srepoch=1785759090&all_sr_blocks=1086144702_382524190_0_0_0_137360&highlighted_blocks=1086144702_382524190_0_0_0_137360&matching_block_id=1086144702_382524190_0_0_0_137360&sr_pri_blocks=1086144702_382524190_0_0_0_137360_769500&from=searchresults,7695,9.6,17.0,Islamabad,6.4,One-Bedroom Superior Apartment,"2 beds (1 large double, 1 futon)",0,1,1,https://cf.bstatic.com/xdata/images/hotel/square240/673515926.webp?k=a115661b58a42fcdef37e0e4e666b1dc34da6e163f892e0bf42eb0b83d469e5b&o=,4,Islamabad
F-10 Central Apartment,https://www.booking.com/hotel/pk/central-apartment.en-gb.html?aid=304142&label=gen173nr-10CAQoggJCDWNpdHlfLTI3NjI4MTJICVgEaLUBiAEBmAEzuAEHyAEM2AED6AEB-AEBiAIBqAIBuAKqisLTBsACAdICJGIyYWUwNDZiLWE5YmEtNGI1Yi05MjRjLWFkYWU5NDcwN2MxM9gCAeACAQ&ucfs=1&arphpl=1&checkin=2026-08-06&checkout=2026-08-07&dest_id=-2762812&dest_type=city&group_adults=2&req_adults=2&no_rooms=1&group_children=0&req_children=0&hpos=2&hapos=502&sr_order=popularity&srpvid=ed21559515340104&srepoch=1785759090&all_sr_blocks=1623898201_433132774_6_0_0&highlighted_blocks=1623898201_433132774_6_0_0&matching_block_id=1623898201_433132774_6_0_0&sr_pri_blocks=1623898201_433132774_6_0_0__1000000&from=searchresults,10000,,,Islamabad,8.3,Two-Bedroom Apartment,"4 beds (1 single, 2 extra-large doubles, 1 sofa bed)",0,1,1,https://cf.bstatic.com/xdata/images/hotel/square240/857942168.webp?k=bb7f79c1ffb995da6648c7784a03254e2a5c3c2a5e63211e0819eeb6144b49e9&o=,4,Islamabad
Maskan,https://www.booking.com/hotel/pk/ihram-malam-jabba-by-lmc.en-gb.html?aid=304142&label=gen173nr-10CAQoggJCDWNpdHlfLTI3NjI4MTJICVgEaLUBiAEBmAEzuAEHyAEM2AED6AEB-AEBiAIBqAIBuAKqisLTBsACAdICJGIyYWUwNDZiLWE5YmEtNGI1Yi05MjRjLWFkYWU5NDcwN2MxM9gCAeACAQ&ucfs=1&arphpl=1&checkin=2026-08-06&checkout=2026-08-07&dest_id=-2762812&dest_type=city&group_adults=2&req_adults=2&no_rooms=1&group_children=0&req_children=0&hpos=3&hapos=503&sr_order=popularity&srpvid=ed21559515340104&srepoch=1785759090&all_sr_blocks=1047343110_396018986_3_2_0&highlighted_blocks=1047343110_396018986_3_2_0&matching_block_id=1047343110_396018986_3_2_0&sr_pri_blocks=1047343110_396018986_3_2_0__719900&from=searchresults,7199,5.5,2.0,Islamabad,23.2,Deluxe Double Room,"2 beds (1 extra-large double, 1 futon)",0,0,0,https://cf.bstatic.com/xdata/images/hotel/square240/565520580.webp?k=f3b7a4fb0f1eec3718adceee53a3d02ee9033f6379b4f94949b9ba6bf23aef53&o=,7,Islamabad
Mulberry Residence luxury Rooms,https://www.booking.com/hotel/pk/mulberry-residence.en-gb.html?aid=304142&label=gen173nr-10CAQoggJCDWNpdHlfLTI3NjI4MTJICVgEaLUBiAEBmAEzuAEHyAEM2AED6AEB-AEBiAIBqAIBuAKqisLTBsACAdICJGIyYWUwNDZiLWE5YmEtNGI1Yi05MjRjLWFkYWU5NDcwN2MxM9gCAeACAQ&ucfs=1&arphpl=1&checkin=2026-08-06&checkout=2026-08-07&dest_id=-2762812&dest_type=city&group_adults=2&req_adults=2&no_rooms=1&group_children=0&req_children=0&hpos=4&hapos=504&sr_order=popularity&srpvid=ed21559515340104&srepoch=1785759090&all_sr_blocks=431918109_156367672_2_2_0&highlighted_blocks=431918109_156367672_2_2_0&matching_block_id=431918109_156367672_2_2_0&sr_pri_blocks=431918109_156367672_2_2_0__700000&from=searchresults,7000,7.3,23.0,"E-11 Sector, Islamabad",11.8,Family Room,1 large double bed,0,1,1,https://cf.bstatic.com/xdata/images/hotel/square240/187933106.webp?k=59d3e908ca84cf00fdc5fa94f1b482501fb8fc01d712cca561dbcb0d69394853&o=,11,Islamabad
Elysium Capital Retreat 2BHK Opposite Centaurus Mall,https://www.booking.com/hotel/pk/capital-retreat-2br-apartment.en-gb.html?aid=304142&label=gen173nr-10CAQoggJCDWNpdHlfLTI3NjI4MTJICVgEaLUBiAEBmAEzuAEHyAEM2AED6AEB-AEBiAIBqAIBuAKqisLTBsACAdICJGIyYWUwNDZiLWE5YmEtNGI1Yi05MjRjLWFkYWU5NDcwN2MxM9gCAeACAQ&ucfs=1&arphpl=1&checkin=2026-08-06&checkout=2026-08-07&dest_id=-2762812&dest_type=city&group_adults=2&req_adults=2&no_rooms=1&group_children=0&req_children=0&hpos=5&hapos=505&sr_order=popularity&srpvid=ed21559515340104&srepoch=1785759090&all_sr_blocks=1393062501_411245505_4_0_0&highlighted_blocks=1393062501_411245505_4_0_0&matching_block_id=1393062501_411245505_4_0_0&sr_pri_blocks=1393062501_411245505_4_0_0__2499000&from=searchresults,24990,8.3,14.0,"Blue Area, Islamabad",4.6,Two-Bedroom Apartment,"3 beds (1 sofa bed, 2 large doubles)",0,1,1,https://cf.bstatic.com/xdata/images/hotel/square240/670338667.webp?k=a2083892049dbf4fba68eac67a2ea349b7efb0ad045e524b083f774234b05e3b&o=,16,Islamabad
The Crown Guest House,https://www.booking.com/hotel/pk/the-guest-house-islamabad-rawalpindi1.en-gb.html?aid=304142&label=gen173nr-10CAQoggJCDWNpdHlfLTI3NjI4MTJICVgEaLUBiAEBmAEzuAEHyAEM2AED6AEB-AEBiAIBqAIBuAKqisLTBsACAdICJGIyYWUwNDZiLWE5YmEtNGI1Yi05MjRjLWFkYWU5NDcwN2MxM9gCAeACAQ&ucfs=1&arphpl=1&checkin=2026-08-06&checkout=2026-08-07&dest_id=-2762812&dest_type=city&group_adults=2&req_adults=2&no_rooms=1&group_children=0&req_children=0&hpos=6&hapos=506&sr_order=popularity&srpvid=ed21559515340104&srepoch=1785759090&all_sr_blocks=866544403_432535087_0_42_0&highlighted_blocks=866544403_432535087_0_42_0&matching_block_id=866544403_432535087_0_42_0&sr_pri_blocks=866544403_432535087_0_42_0__630000&from=searchresults,6300,6.8,41.0,Islamabad,25.1,Deluxe Twin Room,2 single beds,0,0,0,https://cf.bstatic.com/xdata/images/hotel/square240/825389677.webp?k=58a1731e5db4ad42853e5d816603aa0639199e74bfc8b62de07e8ed45415c8e6&o=,2,Islamabad
Marvel Villa Margalla View Cozy Escape,https://www.booking.com/hotel/pk/marvel-villa-margalla-view-cozy-escape.en-gb.html?aid=304142&label=gen173nr-10CAQoggJCDWNpdHlfLTI3NjI4MTJICVgEaLUBiAEBmAEzuAEHyAEM2AED6AEB-AEBiAIBqAIBuAKqisLTBsACAdICJGIyYWUwNDZiLWE5YmEtNGI1Yi05MjRjLWFkYWU5NDcwN2MxM9gCAeACAQ&ucfs=1&arphpl=1&checkin=2026-08-06&checkout=2026-08-07&dest_id=-2762812&dest_type=city&group_adults=2&req_adults=2&no_rooms=1&group_children=0&req_children=0&hpos=7&hapos=507&sr_order=popularity&srpvid=ed21559515340104&srepoch=1785759090&all_sr_blocks=1431996701_414759721_2_0_0&highlighted_blocks=1431996701_414759721_2_0_0&matching_block_id=1431996701_414759721_2_0_0&sr_pri_blocks=1431996701_414759721_2_0_0__1494000&from=searchresults,14940,9.0,1.0,Islamabad,13.5,Villa,"5 beds (1 single, 2 extra-large doubles, 2 sofa beds)",0,1,1,https://cf.bstatic.com/xdata/images/hotel/square240/694110112.webp?k=46c04aa4598e97842d093bf3655b543a5435b45780bd592b31c3515ad5b23706&o=,15,Islamabad
Waqar Guest House,https://www.booking.com/hotel/pk/waqar-guest-house.en-gb.html?aid=304142&label=gen173nr-10CAQoggJCDWNpdHlfLTI3NjI4MTJICVgEaLUBiAEBmAEzuAEHyAEM2AED6AEB-AEBiAIBqAIBuAKqisLTBsACAdICJGIyYWUwNDZiLWE5YmEtNGI1Yi05MjRjLWFkYWU5NDcwN2MxM9gCAeACAQ&ucfs=1&arphpl=1&checkin=2026-08-06&checkout=2026-08-07&dest_id=-2762812&dest_type=city&group_adults=2&req_adults=2&no_rooms=1&group_children=0&req_children=0&hpos=8&hapos=508&sr_order=popularity&srpvid=ed21559515340104&srepoch=1785759090&all_sr_blocks=1604918802_431418342_2_2_0&highlighted_blocks=1604918802_431418342_2_2_0&matching_block_id=1604918802_431418342_2_2_0&sr_pri_blocks=1604918802_431418342_2_2_0__612000&from=searchresults,6120,10,1.0,"G-9 Sector, Islamabad",6.6,Double Room,1 double bed,0,1,1,https://cf.bstatic.com/xdata/images/hotel/square240/841751259.webp?k=3938f1fe7c78ec339642fcaee5837d0c77addaa197866eb580b030ae01cefb26&o=,5,Islamabad
Vorano Boutique Hotel Islamabad,https://www.booking.com/hotel/pk/vorano-boutique-islamabad.en-gb.html?aid=304142&label=gen173nr-10CAQoggJCDWNpdHlfLTI3NjI4MTJICVgEaLUBiAEBmAEzuAEHyAEM2AED6AEB-AEBiAIBqAIBuAKqisLTBsACAdICJGIyYWUwNDZiLWE5YmEtNGI1Yi05MjRjLWFkYWU5NDcwN2MxM9gCAeACAQ&ucfs=1&arphpl=1&checkin=2026-08-06&checkout=2026-08-07&dest_id=-2762812&dest_type=city&group_adults=2&req_adults=2&no_rooms=1&group_children=0&req_children=0&hpos=9&hapos=509&sr_order=popularity&srpvid=ed21559515340104&srepoch=1785759090&all_sr_blocks=1368091501_409053377_4_0_0_828253&highlighted_blocks=1368091501_409053377_4_0_0_828253&matching_block_id=1368091501_409053377_4_0_0_828253&sr_pri_blocks=1368091501_409053377_4_0_0_828253_1900000&from=searchresults,19000,6.5,2.0,"F-6 Sector, Islamabad",2.1,Twin Room with Private Bathroom,2 double beds,0,1,1,https://cf.bstatic.com/xdata/images/hotel/square240/652043340.webp?k=db8b17ca948bab70168c17d168dd90de86ca51254964c407575f8fa5ed9579ea&o=,12,Islamabad
Maskan Guest House,https://www.booking.com/hotel/pk/maskan-guest-house-islamabad.en-gb.html?aid=304142&label=gen173nr-10CAQoggJCDWNpdHlfLTI3NjI4MTJICVgEaLUBiAEBmAEzuAEHyAEM2AED6AEB-AEBiAIBqAIBuAKqisLTBsACAdICJGIyYWUwNDZiLWE5YmEtNGI1Yi05MjRjLWFkYWU5NDcwN2MxM9gCAeACAQ&ucfs=1&arphpl=1&checkin=2026-08-06&checkout=2026-08-07&dest_id=-2762812&dest_type=city&group_adults=2&req_adults=2&no_rooms=1&group_children=0&req_children=0&hpos=10&hapos=510&sr_order=popularity&srpvid=ed21559515340104&srepoch=1785759090&all_sr_blocks=1446929502_416073247_3_41_0&highlighted_blocks=1446929502_416073247_3_41_0&matching_block_id=1446929502_416073247_3_41_0&sr_pri_blocks=1446929502_416073247_3_41_0__700000&from=searchresults,7000,10,2.0,"E-11 Sector, Islamabad",11.4,Standard Double Room,1 double bed,1,1,1,https://cf.bstatic.com/xdata/images/hotel/square240/704465728.webp?k=2cf05cf5b3c55ecaf415145450f65f0f30e815fd81c5a8c3ad233396a6cca1ff&o=,4,Islamabad
Furnished studio apartment,https://www.booking.com/hotel/pk/furnished-studio-apartment-islamabad11.en-gb.html?aid=304142&label=gen173nr-10CAQoggJCDWNpdHlfLTI3NjI4MTJICVgEaLUBiAEBmAEzuAEHyAEM2AED6AEB-AEBiAIBqAIBuAKqisLTBsACAdICJGIyYWUwNDZiLWE5YmEtNGI1Yi05MjRjLWFkYWU5NDcwN2MxM9gCAeACAQ&ucfs=1&arphpl=1&checkin=2026-08-06&checkout=2026-08-07&dest_id=-2762812&dest_type=city&group_adults=2&req_adults=2&no_rooms=1&group_children=0&req_children=0&hpos=11&hapos=511&sr_order=popularity&srpvid=ed21559515340104&srepoch=1785759090&all_sr_blocks=1414907101_426561192_0_0_0&highlighted_blocks=1414907101_426561192_0_0_0&matching_block_id=1414907101_426561192_0_0_0&sr_pri_blocks=1414907101_426561192_0_0_0__1045000&from=searchresults,10450,,,Islamabad,8.3,One-Bedroom Apartment,1 single bed,0,1,1,https://cf.bstatic.com/xdata/images/hotel/square240/843667265.webp?k=d3cf3771c65b0f5a869bc7a86126f6c304fdb385bf1fc140792f13b370b4a3f1&o=,5,Islamabad
Fully Furnished 2 Bed Luxury Apartment in E-11 Markaz Islamabad,https://www.booking.com/hotel/pk/fully-furnished-2-bed-luxury-apartment-in-e-11-markaz-islamabad.en-gb.html?aid=304142&label=gen173nr-10CAQoggJCDWNpdHlfLTI3NjI4MTJICVgEaLUBiAEBmAEzuAEHyAEM2AED6AEB-AEBiAIBqAIBuAKqisLTBsACAdICJGIyYWUwNDZiLWE5YmEtNGI1Yi05MjRjLWFkYWU5NDcwN2MxM9gCAeACAQ&ucfs=1&arphpl=1&checkin=2026-08-06&checkout=2026-08-07&dest_id=-2762812&dest_type=city&group_adults=2&req_adults=2&no_rooms=1&group_children=0&req_children=0&hpos=12&hapos=512&sr_order=popularity&srpvid=ed21559515340104&srepoch=1785759090&all_sr_blocks=1657575201_437644608_0_2_0&highlighted_blocks=1657575201_437644608_0_2_0&matching_block_id=1657575201_437644608_0_2_0&sr_pri_blocks=1657575201_437644608_0_2_0__1050000&from=searchresults,10500,,,"E-11 Sector, Islamabad",10.7,Two-Bedroom Apartment,2 large double beds,0,1,1,https://cf.bstatic.com/xdata/images/hotel/square240/876727460.webp?k=a731c544d6265c773b341504ef81a5174b66188a553aa1e9ee807cd3ab09c2de&o=,4,Islamabad
Bright Modern Home Peaceful Family Friendly,https://www.booking.com/hotel/pk/bright-modern-home-peaceful-family-friendly.en-gb.html?aid=304142&label=gen173nr-10CAQoggJCDWNpdHlfLTI3NjI4MTJICVgEaLUBiAEBmAEzuAEHyAEM2AED6AEB-AEBiAIBqAIBuAKqisLTBsACAdICJGIyYWUwNDZiLWE5YmEtNGI1Yi05MjRjLWFkYWU5NDcwN2MxM9gCAeACAQ&ucfs=1&arphpl=1&checkin=2026-08-06&checkout=2026-08-07&dest_id=-2762812&dest_type=city&group_adults=2&req_adults=2&no_rooms=1&group_children=0&req_children=0&hpos=13&hapos=513&sr_order=popularity&srpvid=ed21559515340104&srepoch=1785759090&all_sr_blocks=1677321501_439458363_2_2_0&highlighted_blocks=1677321501_439458363_2_2_0&matching_block_id=1677321501_439458363_2_2_0&sr_pri_blocks=1677321501_439458363_2_2_0__612000&from=searchresults,6120,10,1.0,Islamabad,23.0,Double Room with Private Bathroom,1 double bed,0,1,1,https://cf.bstatic.com/xdata/images/hotel/square240/889307457.webp?k=3756a484463610298643ccfa126d6a3d672d5937ec80592b7eec4d8b1e29aa71&o=,5,Islamabad
Pioneer 1BHK Islamabad 45,https://www.booking.com/hotel/pk/pioneer-1bhk-islamabad-45.en-gb.html?aid=304142&label=gen173nr-10CAQoggJCDWNpdHlfLTI3NjI4MTJICVgEaLUBiAEBmAEzuAEHyAEM2AED6AEB-AEBiAIBqAIBuAKqisLTBsACAdICJGIyYWUwNDZiLWE5YmEtNGI1Yi05MjRjLWFkYWU5NDcwN2MxM9gCAeACAQ&ucfs=1&arphpl=1&checkin=2026-08-06&checkout=2026-08-07&dest_id=-2762812&dest_type=city&group_adults=2&req_adults=2&no_rooms=1&group_children=0&req_children=0&hpos=14&hapos=514&sr_order=popularity&srpvid=ed21559515340104&srepoch=1785759090&all_sr_blocks=1328910101_405459040_4_0_0&highlighted_blocks=1328910101_405459040_4_0_0&matching_block_id=1328910101_405459040_4_0_0&sr_pri_blocks=1328910101_405459040_4_0_0__900000&from=searchresults,9000,4.0,3.0,Islamabad,11.0,One-Bedroom Apartment,"2 beds (1 double, 1 sofa bed)",0,0,1,https://cf.bstatic.com/xdata/images/hotel/square240/627434734.webp?k=355f5760a439701f530b836545b91845c57835b235d3b526247e0418cbcebc79&o=,3,Islamabad
Luxury 1BHK APT - Netflix - Self check-in - Parking,https://www.booking.com/hotel/pk/luxury-1bhk-apt-netflix-self-check-in-parking.en-gb.html?aid=304142&label=gen173nr-10CAQoggJCDWNpdHlfLTI3NjI4MTJICVgEaLUBiAEBmAEzuAEHyAEM2AED6AEB-AEBiAIBqAIBuAKqisLTBsACAdICJGIyYWUwNDZiLWE5YmEtNGI1Yi05MjRjLWFkYWU5NDcwN2MxM9gCAeACAQ&ucfs=1&arphpl=1&checkin=2026-08-06&checkout=2026-08-07&dest_id=-2762812&dest_type=city&group_adults=2&req_adults=2&no_rooms=1&group_children=0&req_children=0&hpos=15&hapos=515&sr_order=popularity&srpvid=ed21559515340104&srepoch=1785759090&all_sr_blocks=1699406901_441589329_2_0_0&highlighted_blocks=1699406901_441589329_2_0_0&matching_block_id=1699406901_441589329_2_0_0&sr_pri_blocks=1699406901_441589329_2_0_0__680000&from=searchresults,6800,,,Islamabad,11.9,One-Bedroom Apartment,1 extra-large double bed,0,1,1,https://cf.bstatic.com/xdata/images/hotel/square240/902090022.webp?k=9cbd5f5ebcbf9ba508595e529209e72e2406c515428d6345476adb9f34998178&o=,4,Islamabad
Homely Horizon,https://www.booking.com/hotel/pk/homely-horizon-islamabad.en-gb.html?aid=304142&label=gen173nr-10CAQoggJCDWNpdHlfLTI3NjI4MTJICVgEaLUBiAEBmAEzuAEHyAEM2AED6AEB-AEBiAIBqAIBuAKqisLTBsACAdICJGIyYWUwNDZiLWE5YmEtNGI1Yi05MjRjLWFkYWU5NDcwN2MxM9gCAeACAQ&ucfs=1&arphpl=1&checkin=2026-08-06&checkout=2026-08-07&dest_id=-2762812&dest_type=city&group_adults=2&req_adults=2&no_rooms=1&group_children=0&req_children=0&hpos=16&hapos=516&sr_order=popularity&srpvid=ed21559515340104&srepoch=1785759090&all_sr_blocks=1317815502_404508366_2_0_0&highlighted_blocks=1317815502_404508366_2_0_0&matching_block_id=1317815502_404508366_2_0_0&sr_pri_blocks=1317815502_404508366_2_0_0__740000&from=searchresults,7400,9.5,2.0,"E-11 Sector, Islamabad",10.7,One-Bedroom Apartment with Balcony and Mountain View,1 extra-large double bed,0,1,1,https://cf.bstatic.com/xdata/images/hotel/square240/620134784.webp?k=55c2065c482440412f2f227d0114020a2a62074a255e24d12225581f0f64cef5&o=,4,Islamabad
Premium Pavilion,https://www.booking.com/hotel/pk/premium-pavilion-islamabad.en-gb.html?aid=304142&label=gen173nr-10CAQoggJCDWNpdHlfLTI3NjI4MTJICVgEaLUBiAEBmAEzuAEHyAEM2AED6AEB-AEBiAIBqAIBuAKqisLTBsACAdICJGIyYWUwNDZiLWE5YmEtNGI1Yi05MjRjLWFkYWU5NDcwN2MxM9gCAeACAQ&ucfs=1&arphpl=1&checkin=2026-08-06&checkout=2026-08-07&dest_id=-2762812&dest_type=city&group_adults=2&req_adults=2&no_rooms=1&group_children=0&req_children=0&hpos=17&hapos=517&sr_order=popularity&srpvid=ed21559515340104&srepoch=1785759090&all_sr_blocks=1382845904_410356703_2_0_0&highlighted_blocks=1382845904_410356703_2_0_0&matching_block_id=1382845904_410356703_2_0_0&sr_pri_blocks=1382845904_410356703_2_0_0__860000&from=searchresults,8600,10,2.0,Islamabad,11.9,Deluxe One-Bedroom Apartment,"6 beds (1 extra-large double, 5 sofa beds)",0,1,1,https://cf.bstatic.com/xdata/images/hotel/square240/893388464.webp?k=d6ed0ba485bc00174c226cb5d3c2fceecf39b7827cfa995e2130aea2d9454ae5&o=,4,Islamabad
430 Signature Stay,https://www.booking.com/hotel/pk/430-signature-stay.en-gb.html?aid=304142&label=gen173nr-10CAQoggJCDWNpdHlfLTI3NjI4MTJICVgEaLUBiAEBmAEzuAEHyAEM2AED6AEB-AEBiAIBqAIBuAKqisLTBsACAdICJGIyYWUwNDZiLWE5YmEtNGI1Yi05MjRjLWFkYWU5NDcwN2MxM9gCAeACAQ&ucfs=1&arphpl=1&checkin=2026-08-06&checkout=2026-08-07&dest_id=-2762812&dest_type=city&group_adults=2&req_adults=2&no_rooms=1&group_children=0&req_children=0&hpos=18&hapos=518&sr_order=popularity&srpvid=ed21559515340104&srepoch=1785759090&all_sr_blocks=1631697301_433688308_2_0_0&highlighted_blocks=1631697301_433688308_2_0_0&matching_block_id=1631697301_433688308_2_0_0&sr_pri_blocks=1631697301_433688308_2_0_0__540000&from=searchresults,5400,9.2,12.0,Islamabad,19.4,Double Room,1 double bed,0,0,0,https://cf.bstatic.com/xdata/images/hotel/square240/861983277.webp?k=27e6e72fccec07e9b2260b313ec2bce4e7da2acfa9493c00721ecb01c9d5c72b&o=,3,Islamabad
ELYSIUM TOWER- Executive Two Bedrooms Apartment Facing Centaurus Mall Islamabad,https://www.booking.com/hotel/pk/lhclhclh.en-gb.html?aid=304142&label=gen173nr-10CAQoggJCDWNpdHlfLTI3NjI4MTJICVgEaLUBiAEBmAEzuAEHyAEM2AED6AEB-AEBiAIBqAIBuAKqisLTBsACAdICJGIyYWUwNDZiLWE5YmEtNGI1Yi05MjRjLWFkYWU5NDcwN2MxM9gCAeACAQ&ucfs=1&arphpl=1&checkin=2026-08-06&checkout=2026-08-07&dest_id=-2762812&dest_type=city&group_adults=2&req_adults=2&no_rooms=1&group_children=0&req_children=0&hpos=19&hapos=519&sr_order=popularity&srpvid=ed21559515340104&srepoch=1785759090&all_sr_blocks=1679907301_439756810_5_2_0&highlighted_blocks=1679907301_439756810_5_2_0&matching_block_id=1679907301_439756810_5_2_0&sr_pri_blocks=1679907301_439756810_5_2_0__3960000&from=searchresults,39600,,,"Blue Area, Islamabad",4.6,Two-Bedroom Apartment with Mountain View,"3 beds (1 sofa bed, 2 large doubles)",0,0,0,https://cf.bstatic.com/xdata/images/hotel/square240/891744472.webp?k=3acdc5b3f25314a5472e3b308833b0009934627267e5ec246cbbf1766197eecd&o=,13,Islamabad
Central City Holiday 2BHK E11 family,https://www.booking.com/hotel/pk/holiday-2bhk-e11-family.en-gb.html?aid=304142&label=gen173nr-10CAQoggJCDWNpdHlfLTI3NjI4MTJICVgEaLUBiAEBmAEzuAEHyAEM2AED6AEB-AEBiAIBqAIBuAKqisLTBsACAdICJGIyYWUwNDZiLWE5YmEtNGI1Yi05MjRjLWFkYWU5NDcwN2MxM9gCAeACAQ&ucfs=1&arphpl=1&checkin=2026-08-06&checkout=2026-08-07&dest_id=-2762812&dest_type=city&group_adults=2&req_adults=2&no_rooms=1&group_children=0&req_children=0&hpos=20&hapos=520&sr_order=popularity&srpvid=ed21559515340104&srepoch=1785759090&all_sr_blocks=1074967301_380062720_5_0_0&highlighted_blocks=1074967301_380062720_5_0_0&matching_block_id=1074967301_380062720_5_0_0&sr_pri_blocks=1074967301_380062720_5_0_0__855000&from=searchresults,8550,9.0,3.0,"E-11 Sector, Islamabad",11.5,Two-Bedroom Apartment,2 sofa beds,0,0,0,https://cf.bstatic.com/xdata/images/hotel/square240/729324486.webp?k=fadbd1ebef7b95e1d60496bd9484224fef5e6e33642d59e5e4a6aeb088192ca2&o=,2,Islamabad
Restivo Suites G-15 Islamabad,https://www.booking.com/hotel/pk/restivo-suites-g-15-islamabad.en-gb.html?aid=304142&label=gen173nr-10CAQoggJCDWNpdHlfLTI3NjI4MTJICVgEaLUBiAEBmAEzuAEHyAEM2AED6AEB-AEBiAIBqAIBuAKqisLTBsACAdICJGIyYWUwNDZiLWE5YmEtNGI1Yi05MjRjLWFkYWU5NDcwN2MxM9gCAeACAQ&ucfs=1&arphpl=1&checkin=2026-08-06&checkout=2026-08-07&dest_id=-2762812&dest_type=city&group_adults=2&req_adults=2&no_rooms=1&group_children=0&req_children=0&hpos=21&hapos=521&sr_order=popularity&srpvid=ed21559515340104&srepoch=1785759090&all_sr_blocks=1664618101_438324756_6_1_0&highlighted_blocks=1664618101_438324756_6_1_0&matching_block_id=1664618101_438324756_6_1_0&sr_pri_blocks=1664618101_438324756_6_1_0__1147500&from=searchresults,11475,,,Islamabad,4.9,Deluxe King Room,3 single beds,1,1,1,https://cf.bstatic.com/xdata/images/hotel/square240/881700248.webp?k=16f9414a17d539b563c1c0f99b3f495299244583238374f325c0ba02297ea282&o=,4,Islamabad
2 BHK Apartment in E-11,https://www.booking.com/hotel/pk/2-bedroom-apartment-islamabad11.en-gb.html?aid=304142&label=gen173nr-10CAQoggJCDWNpdHlfLTI3NjI4MTJICVgEaLUBiAEBmAEzuAEHyAEM2AED6AEB-AEBiAIBqAIBuAKqisLTBsACAdICJGIyYWUwNDZiLWE5YmEtNGI1Yi05MjRjLWFkYWU5NDcwN2MxM9gCAeACAQ&ucfs=1&arphpl=1&checkin=2026-08-06&checkout=2026-08-07&dest_id=-2762812&dest_type=city&group_adults=2&req_adults=2&no_rooms=1&group_children=0&req_children=0&hpos=22&hapos=522&sr_order=popularity&srpvid=ed21559515340104&srepoch=1785759090&all_sr_blocks=1610262501_431931264_5_0_0&highlighted_blocks=1610262501_431931264_5_0_0&matching_block_id=1610262501_431931264_5_0_0&sr_pri_blocks=1610262501_431931264_5_0_0__1200000&from=searchresults,12000,10,4.0,"E-11 Sector, Islamabad",12.0,Two-Bedroom Apartment,2 extra-large double beds,0,1,1,https://cf.bstatic.com/xdata/images/hotel/square240/902838418.webp?k=d430eca977d75b2571c47154ec3427b3ffcad9884bc7d0cb45b566d4ffa55e52&o=,4,Islamabad
Rosewood Residence,https://www.booking.com/hotel/pk/rosewood-residence.en-gb.html?aid=304142&label=gen173nr-10CAQoggJCDWNpdHlfLTI3NjI4MTJICVgEaLUBiAEBmAEzuAEHyAEM2AED6AEB-AEBiAIBqAIBuAKqisLTBsACAdICJGIyYWUwNDZiLWE5YmEtNGI1Yi05MjRjLWFkYWU5NDcwN2MxM9gCAeACAQ&ucfs=1&arphpl=1&checkin=2026-08-06&checkout=2026-08-07&dest_id=-2762812&dest_type=city&group_adults=2&req_adults=2&no_rooms=1&group_children=0&req_children=0&hpos=1&hapos=523&sr_order=popularity&srpvid=ed21559515340104&srepoch=1785759095&all_sr_blocks=1368392501_409073725_2_1_0&highlighted_blocks=1368392501_409073725_2_1_0&matching_block_id=1368392501_409073725_2_1_0&sr_pri_blocks=1368392501_409073725_2_1_0__2600000&from=searchresults,26000,,,Islamabad,10.0,Double Room,1 double bed,1,1,1,https://cf.bstatic.com/xdata/images/hotel/square240/652201016.webp?k=470c7eeb02db3cc420bf352f8bd7f41e06fb35958badbe2a9f94301c6611fb35&o=,4,Islamabad
Royal Apartments,https://www.booking.com/hotel/pk/royal-apartments-islamabad7.en-gb.html?aid=304142&label=gen173nr-10CAQoggJCDWNpdHlfLTI3NjI4MTJICVgEaLUBiAEBmAEzuAEHyAEM2AED6AEB-AEBiAIBqAIBuAKqisLTBsACAdICJGIyYWUwNDZiLWE5YmEtNGI1Yi05MjRjLWFkYWU5NDcwN2MxM9gCAeACAQ&ucfs=1&arphpl=1&checkin=2026-08-06&checkout=2026-08-07&dest_id=-2762812&dest_type=city&group_adults=2&req_adults=2&no_rooms=1&group_children=0&req_children=0&hpos=2&hapos=524&sr_order=popularity&srpvid=ed21559515340104&srepoch=1785759095&all_sr_blocks=1634951701_433916802_7_0_0&highlighted_blocks=1634951701_433916802_7_0_0&matching_block_id=1634951701_433916802_7_0_0&sr_pri_blocks=1634951701_433916802_7_0_0__650000&from=searchresults,6500,,,Islamabad,23.8,Two-Bedroom Apartment,"3 beds (1 single, 1 double, 1 sofa bed)",0,1,1,https://cf.bstatic.com/xdata/images/hotel/square240/864032678.webp?k=11141b409fa59e383118283bd50ee22d134d87fe4c9365715f411e23fcb9b463&o=,4,Islamabad
Shelton Guest House,https://www.booking.com/hotel/pk/shelton-guest-house-islamabad12.en-gb.html?aid=304142&label=gen173nr-10CAQoggJCDWNpdHlfLTI3NjI4MTJICVgEaLUBiAEBmAEzuAEHyAEM2AED6AEB-AEBiAIBqAIBuAKqisLTBsACAdICJGIyYWUwNDZiLWE5YmEtNGI1Yi05MjRjLWFkYWU5NDcwN2MxM9gCAeACAQ&ucfs=1&arphpl=1&checkin=2026-08-06&checkout=2026-08-07&dest_id=-2762812&dest_type=city&group_adults=2&req_adults=2&no_rooms=1&group_children=0&req_children=0&hpos=3&hapos=525&sr_order=popularity&srpvid=ed21559515340104&srepoch=1785759095&all_sr_blocks=723226501_309819865_2_1_0&highlighted_blocks=723226501_309819865_2_1_0&matching_block_id=723226501_309819865_2_1_0&sr_pri_blocks=723226501_309819865_2_1_0__1450000&from=searchresults,14500,8.5,317.0,"F-8 Sector, Islamabad",4.6,Deluxe Double Room,1 extra-large double bed,1,1,1,https://cf.bstatic.com/xdata/images/hotel/square240/407742620.webp?k=17389c82192d9dee9ccbfc63662a122c2cced14f97eb04f51a099e3585671256&o=,13,Islamabad
Grand Family House E11,https://www.booking.com/hotel/pk/grand-family-house-e11-islamabad.en-gb.html?aid=304142&label=gen173nr-10CAQoggJCDWNpdHlfLTI3NjI4MTJICVgEaLUBiAEBmAEzuAEHyAEM2AED6AEB-AEBiAIBqAIBuAKqisLTBsACAdICJGIyYWUwNDZiLWE5YmEtNGI1Yi05MjRjLWFkYWU5NDcwN2MxM9gCAeACAQ&ucfs=1&arphpl=1&checkin=2026-08-06&checkout=2026-08-07&dest_id=-2762812&dest_type=city&group_adults=2&req_adults=2&no_rooms=1&group_children=0&req_children=0&hpos=4&hapos=526&sr_order=popularity&srpvid=ed21559515340104&srepoch=1785759095&all_sr_blocks=1594566001_430483627_5_0_0&highlighted_blocks=1594566001_430483627_5_0_0&matching_block_id=1594566001_430483627_5_0_0&sr_pri_blocks=1594566001_430483627_5_0_0__3150000&from=searchresults,31500,,,"E-11 Sector, Islamabad",10.6,Villa,"8 beds (1 double, 7 sofa beds)",0,1,1,https://cf.bstatic.com/xdata/images/hotel/square240/832719565.webp?k=5357d103f2fef77b464416683dfd0b3750eb98db9f01c8577fc909aa78d2043d&o=,4,Islamabad
Velmora Residences 1BHK Apartments F-10,https://www.booking.com/hotel/pk/1-bhk-modern-luxury-suite-in-central-islamabad.en-gb.html?aid=304142&label=gen173nr-10CAQoggJCDWNpdHlfLTI3NjI4MTJICVgEaLUBiAEBmAEzuAEHyAEM2AED6AEB-AEBiAIBqAIBuAKqisLTBsACAdICJGIyYWUwNDZiLWE5YmEtNGI1Yi05MjRjLWFkYWU5NDcwN2MxM9gCAeACAQ&ucfs=1&arphpl=1&checkin=2026-08-06&checkout=2026-08-07&dest_id=-2762812&dest_type=city&group_adults=2&req_adults=2&no_rooms=1&group_children=0&req_children=0&hpos=5&hapos=527&sr_order=popularity&srpvid=ed21559515340104&srepoch=1785759095&all_sr_blocks=1607685103_431692355_3_0_0&highlighted_blocks=1607685103_431692355_3_0_0&matching_block_id=1607685103_431692355_3_0_0&sr_pri_blocks=1607685103_431692355_3_0_0__1200000&from=searchresults,12000,,,Islamabad,8.3,One-Bedroom Apartment,1 double bed,0,1,1,https://cf.bstatic.com/xdata/images/hotel/square240/843947820.webp?k=ceeeaa092b396394cdfc3708b9178b9dd98904409958eba3806a9428b92890c6&o=,4,Islamabad
Luxury Apartments - Elysium Opposite to Centaurus Mall,https://www.booking.com/hotel/pk/luxurious-living-2-bedroom-apartment-in-elysium-islamabad.en-gb.html?aid=304142&label=gen173nr-10CAQoggJCDWNpdHlfLTI3NjI4MTJICVgEaLUBiAEBmAEzuAEHyAEM2AED6AEB-AEBiAIBqAIBuAKqisLTBsACAdICJGIyYWUwNDZiLWE5YmEtNGI1Yi05MjRjLWFkYWU5NDcwN2MxM9gCAeACAQ&ucfs=1&arphpl=1&checkin=2026-08-06&checkout=2026-08-07&dest_id=-2762812&dest_type=city&group_adults=2&req_adults=2&no_rooms=1&group_children=0&req_children=0&hpos=6&hapos=528&sr_order=popularity&srpvid=ed21559515340104&srepoch=1785759095&all_sr_blocks=1272870502_400078081_2_0_0&highlighted_blocks=1272870502_400078081_2_0_0&matching_block_id=1272870502_400078081_2_0_0&sr_pri_blocks=1272870502_400078081_2_0_0__1955000&from=searchresults,19550,8.6,56.0,"Blue Area, Islamabad",4.6,One-Bedroom Apartment with Balcony and Mountain View,"2 beds (1 extra-large double, 1 sofa bed)",0,1,1,https://cf.bstatic.com/xdata/images/hotel/square240/593412750.webp?k=08a16fa974292fe27dc99ce8cdce4711c9f64e2d522eb4f0e8deb9e0447eebf6&o=,16,Islamabad
The Avenue Hotel,https://www.booking.com/hotel/pk/the-avenue.en-gb.html?aid=304142&label=gen173nr-10CAQoggJCDWNpdHlfLTI3NjI4MTJICVgEaLUBiAEBmAEzuAEHyAEM2AED6AEB-AEBiAIBqAIBuAKqisLTBsACAdICJGIyYWUwNDZiLWE5YmEtNGI1Yi05MjRjLWFkYWU5NDcwN2MxM9gCAeACAQ&ucfs=1&arphpl=1&checkin=2026-08-06&checkout=2026-08-07&dest_id=-2762812&dest_type=city&group_adults=2&req_adults=2&no_rooms=1&group_children=0&req_children=0&hpos=7&hapos=529&sr_order=popularity&srpvid=ed21559515340104&srepoch=1785759095&all_sr_blocks=1189418301_0_2_1_0&highlighted_blocks=1189418301_0_2_1_0&matching_block_id=1189418301_0_2_1_0&sr_pri_blocks=1189418301_0_2_1_0__1763147&from=searchresults,17631,8.9,174.0,"Blue Area, Islamabad",0.6,Superior King Room,1 extra-large double bed,1,0,0,https://cf.bstatic.com/xdata/images/hotel/square240/606197018.webp?k=b4601684bc7aa91af216648b2945eff42dfe74a7c74be84e1ca9025cb1abdedb&o=,9,Islamabad
Peace Guest House,https://www.booking.com/hotel/pk/peace-guest-house-islamabad.en-gb.html?aid=304142&label=gen173nr-10CAQoggJCDWNpdHlfLTI3NjI4MTJICVgEaLUBiAEBmAEzuAEHyAEM2AED6AEB-AEBiAIBqAIBuAKqisLTBsACAdICJGIyYWUwNDZiLWE5YmEtNGI1Yi05MjRjLWFkYWU5NDcwN2MxM9gCAeACAQ&ucfs=1&arphpl=1&checkin=2026-08-06&checkout=2026-08-07&dest_id=-2762812&dest_type=city&group_adults=2&req_adults=2&no_rooms=1&group_children=0&req_children=0&hpos=8&hapos=530&sr_order=popularity&srpvid=ed21559515340104&srepoch=1785759095&all_sr_blocks=928528805_368970295_2_1_0&highlighted_blocks=928528805_368970295_2_1_0&matching_block_id=928528805_368970295_2_1_0&sr_pri_blocks=928528805_368970295_2_1_0__900000&from=searchresults,9000,9.4,18.0,"F-8 Sector, Islamabad",4.7,Deluxe Double Room,"2 beds (1 single, 1 extra-large double)",1,1,1,https://cf.bstatic.com/xdata/images/hotel/square240/799842374.webp?k=fac74265700a67fd82f78a152284ac02fc4aa7cbc4b0a904d876305c02b751e5&o=,5,Islamabad
Islamabad Guesthouse G13,https://www.booking.com/hotel/pk/islamabad-guesthouse-g13.en-gb.html?aid=304142&label=gen173nr-10CAQoggJCDWNpdHlfLTI3NjI4MTJICVgEaLUBiAEBmAEzuAEHyAEM2AED6AEB-AEBiAIBqAIBuAKqisLTBsACAdICJGIyYWUwNDZiLWE5YmEtNGI1Yi05MjRjLWFkYWU5NDcwN2MxM9gCAeACAQ&ucfs=1&arphpl=1&checkin=2026-08-06&checkout=2026-08-07&dest_id=-2762812&dest_type=city&group_adults=2&req_adults=2&no_rooms=1&group_children=0&req_children=0&hpos=9&hapos=531&sr_order=popularity&srpvid=ed21559515340104&srepoch=1785759095&all_sr_blocks=1578003301_428909486_2_0_0&highlighted_blocks=1578003301_428909486_2_0_0&matching_block_id=1578003301_428909486_2_0_0&sr_pri_blocks=1578003301_428909486_2_0_0__500000&from=searchresults,5000,,,Islamabad,15.4,Double Room,1 double bed,0,1,1,https://cf.bstatic.com/xdata/images/hotel/square240/820327899.webp?k=46b37ae645c62b64791783e67a70c31d6b33a265d9081ebc093b36edcc83ba05&o=,4,Islamabad
Spacious 2-BHK SkyPark One,https://www.booking.com/hotel/pk/spacious-2-bhk-skypark-one.en-gb.html?aid=304142&label=gen173nr-10CAQoggJCDWNpdHlfLTI3NjI4MTJICVgEaLUBiAEBmAEzuAEHyAEM2AED6AEB-AEBiAIBqAIBuAKqisLTBsACAdICJGIyYWUwNDZiLWE5YmEtNGI1Yi05MjRjLWFkYWU5NDcwN2MxM9gCAeACAQ&ucfs=1&arphpl=1&checkin=2026-08-06&checkout=2026-08-07&dest_id=-2762812&dest_type=city&group_adults=2&req_adults=2&no_rooms=1&group_children=0&req_children=0&hpos=10&hapos=532&sr_order=popularity&srpvid=ed21559515340104&srepoch=1785759095&all_sr_blocks=1338647601_406302564_4_0_0&highlighted_blocks=1338647601_406302564_4_0_0&matching_block_id=1338647601_406302564_4_0_0&sr_pri_blocks=1338647601_406302564_4_0_0__2160000&from=searchresults,21600,8.7,34.0,Islamabad,15.4,Two-Bedroom Apartment,"5 beds (1 double, 1 sofa bed, 1 large double, 2 futons)",0,0,0,https://cf.bstatic.com/xdata/images/hotel/square240/700781700.webp?k=a33637dfe7911e7e61eebd3176e6b58cdee5ea90be74fe86990dd04c5d9861d9&o=,14,Islamabad
Daily Weekly Monthly Flats Apartment Rental Islamabad,https://www.booking.com/hotel/pk/executive-class-2-bedroom-apartment-islamabad.en-gb.html?aid=304142&label=gen173nr-10CAQoggJCDWNpdHlfLTI3NjI4MTJICVgEaLUBiAEBmAEzuAEHyAEM2AED6AEB-AEBiAIBqAIBuAKqisLTBsACAdICJGIyYWUwNDZiLWE5YmEtNGI1Yi05MjRjLWFkYWU5NDcwN2MxM9gCAeACAQ&ucfs=1&arphpl=1&checkin=2026-08-06&checkout=2026-08-07&dest_id=-2762812&dest_type=city&group_adults=2&req_adults=2&no_rooms=1&group_children=0&req_children=0&hpos=11&hapos=533&sr_order=popularity&srpvid=ed21559515340104&srepoch=1785759095&all_sr_blocks=1544870701_425787110_2_0_0&highlighted_blocks=1544870701_425787110_2_0_0&matching_block_id=1544870701_425787110_2_0_0&sr_pri_blocks=1544870701_425787110_2_0_0__1000000&from=searchresults,10000,,,"E-11 Sector, Islamabad",11.5,One-Bedroom Apartment,"3 beds (1 single, 1 extra-large double, 1 sofa bed)",0,1,1,https://cf.bstatic.com/xdata/images/hotel/square240/828152328.webp?k=aa3362907f24ca060b239bd51031714f42d439d513a2c7aa407e8b020f7e78c6&o=,4,Islamabad
"Comfortable Holiday Home, Sector H Islamabad",https://www.booking.com/hotel/pk/comfortable-holiday-home-sector-h-islamabad.en-gb.html?aid=304142&label=gen173nr-10CAQoggJCDWNpdHlfLTI3NjI4MTJICVgEaLUBiAEBmAEzuAEHyAEM2AED6AEB-AEBiAIBqAIBuAKqisLTBsACAdICJGIyYWUwNDZiLWE5YmEtNGI1Yi05MjRjLWFkYWU5NDcwN2MxM9gCAeACAQ&ucfs=1&arphpl=1&checkin=2026-08-06&checkout=2026-08-07&dest_id=-2762812&dest_type=city&group_adults=2&req_adults=2&no_rooms=1&group_children=0&req_children=0&hpos=12&hapos=534&sr_order=popularity&srpvid=ed21559515340104&srepoch=1785759095&all_sr_blocks=1540900102_425491419_2_0_0&highlighted_blocks=1540900102_425491419_2_0_0&matching_block_id=1540900102_425491419_2_0_0&sr_pri_blocks=1540900102_425491419_2_0_0__560000&from=searchresults,5600,9.3,3.0,Islamabad,25.5,Deluxe Double or Twin Room,1 extra-large double bed,0,1,1,https://cf.bstatic.com/xdata/images/hotel/square240/788378572.webp?k=7caa9c42c629bad46741a80ae8ad4859c671d71bc6e3a496d3f0d86db820b56a&o=,5,Islamabad
Capri Executive,https://www.booking.com/hotel/pk/capri-executive.en-gb.html?aid=304142&label=gen173nr-10CAQoggJCDWNpdHlfLTI3NjI4MTJICVgEaLUBiAEBmAEzuAEHyAEM2AED6AEB-AEBiAIBqAIBuAKqisLTBsACAdICJGIyYWUwNDZiLWE5YmEtNGI1Yi05MjRjLWFkYWU5NDcwN2MxM9gCAeACAQ&ucfs=1&arphpl=1&checkin=2026-08-06&checkout=2026-08-07&dest_id=-2762812&dest_type=city&group_adults=2&req_adults=2&no_rooms=1&group_children=0&req_children=0&hpos=13&hapos=535&sr_order=popularity&srpvid=ed21559515340104&srepoch=1785759095&all_sr_blocks=190040602_195379180_2_1_0&highlighted_blocks=190040602_195379180_2_1_0&matching_block_id=190040602_195379180_2_1_0&sr_pri_blocks=190040602_195379180_2_1_0__1125000&from=searchresults,11250,9.0,3.0,"F-7 Sector, Islamabad",3.7,Deluxe Double Room,1 large double bed,1,1,1,https://cf.bstatic.com/xdata/images/hotel/square240/525066337.webp?k=dc00da4f15b3bf0cf4a30193ca5b660f73b1ae987e652af36d1f1a55a94cb20a&o=,4,Islamabad
Shalman guest house,https://www.booking.com/hotel/pk/shalman-guest-house.en-gb.html?aid=304142&label=gen173nr-10CAQoggJCDWNpdHlfLTI3NjI4MTJICVgEaLUBiAEBmAEzuAEHyAEM2AED6AEB-AEBiAIBqAIBuAKqisLTBsACAdICJGIyYWUwNDZiLWE5YmEtNGI1Yi05MjRjLWFkYWU5NDcwN2MxM9gCAeACAQ&ucfs=1&arphpl=1&checkin=2026-08-06&checkout=2026-08-07&dest_id=-2762812&dest_type=city&group_adults=2&req_adults=2&no_rooms=1&group_children=0&req_children=0&hpos=14&hapos=536&sr_order=popularity&srpvid=ed21559515340104&srepoch=1785759095&all_sr_blocks=1493312709_420986395_0_2_0&highlighted_blocks=1493312709_420986395_0_2_0&matching_block_id=1493312709_420986395_0_2_0&sr_pri_blocks=1493312709_420986395_0_2_0__3600000&from=searchresults,36000,7.4,17.0,"F-6 Sector, Islamabad",2.2,Six-Bedroom House,"11 beds (2 singles, 4 sofa beds, 5 large doubles)",0,1,1,https://cf.bstatic.com/xdata/images/hotel/square240/756267497.webp?k=9da31e4ecd2128a62c56eb3c889fb0d8555f9f2c810cbf21577b65ac1a4845d3&o=,5,Islamabad
The Onyx by 7 Valleys,https://www.booking.com/hotel/pk/the-onyx-by-7-valleys.en-gb.html?aid=304142&label=gen173nr-10CAQoggJCDWNpdHlfLTI3NjI4MTJICVgEaLUBiAEBmAEzuAEHyAEM2AED6AEB-AEBiAIBqAIBuAKqisLTBsACAdICJGIyYWUwNDZiLWE5YmEtNGI1Yi05MjRjLWFkYWU5NDcwN2MxM9gCAeACAQ&ucfs=1&arphpl=1&checkin=2026-08-06&checkout=2026-08-07&dest_id=-2762812&dest_type=city&group_adults=2&req_adults=2&no_rooms=1&group_children=0&req_children=0&hpos=15&hapos=537&sr_order=popularity&srpvid=ed21559515340104&srepoch=1785759095&all_sr_blocks=1643778001_434524929_2_1_0_1422388&highlighted_blocks=1643778001_434524929_2_1_0_1422388&matching_block_id=1643778001_434524929_2_1_0_1422388&sr_pri_blocks=1643778001_434524929_2_1_0_1422388_1280000&from=searchresults,12800,10,1.0,Islamabad,15.7,Chalet,1 extra-large double bed,1,1,1,https://cf.bstatic.com/xdata/images/hotel/square240/868879519.webp?k=e6e673c963cf4b44dc2ffd5eedd165d4b809bc138166e1268fc112e159163f79&o=,5,Islamabad
2BHK Serenity Suite By SkyPark One,https://www.booking.com/hotel/pk/2bhk-serenity-suite-by-skypark-one.en-gb.html?aid=304142&label=gen173nr-10CAQoggJCDWNpdHlfLTI3NjI4MTJICVgEaLUBiAEBmAEzuAEHyAEM2AED6AEB-AEBiAIBqAIBuAKqisLTBsACAdICJGIyYWUwNDZiLWE5YmEtNGI1Yi05MjRjLWFkYWU5NDcwN2MxM9gCAeACAQ&ucfs=1&arphpl=1&checkin=2026-08-06&checkout=2026-08-07&dest_id=-2762812&dest_type=city&group_adults=2&req_adults=2&no_rooms=1&group_children=0&req_children=0&hpos=16&hapos=538&sr_order=popularity&srpvid=ed21559515340104&srepoch=1785759095&all_sr_blocks=1430319801_432851012_0_0_0&highlighted_blocks=1430319801_432851012_0_0_0&matching_block_id=1430319801_432851012_0_0_0&sr_pri_blocks=1430319801_432851012_0_0_0__1989000&from=searchresults,19890,8.8,18.0,Islamabad,15.3,Two-Bedroom Apartment,"2 beds (1 double, 1 large double)",0,0,0,https://cf.bstatic.com/xdata/images/hotel/square240/692853226.webp?k=f8c2c9e20e7f76abd7752964c7f3d7f9bda945c7b1bfaea6a673332720b1ac22&o=,12,Islamabad
Luxury Elysium Apartments by una service,https://www.booking.com/hotel/pk/elysium-tower-opposite-to-centaurus-mall.en-gb.html?aid=304142&label=gen173nr-10CAQoggJCDWNpdHlfLTI3NjI4MTJICVgEaLUBiAEBmAEzuAEHyAEM2AED6AEB-AEBiAIBqAIBuAKqisLTBsACAdICJGIyYWUwNDZiLWE5YmEtNGI1Yi05MjRjLWFkYWU5NDcwN2MxM9gCAeACAQ&ucfs=1&arphpl=1&checkin=2026-08-06&checkout=2026-08-07&dest_id=-2762812&dest_type=city&group_adults=2&req_adults=2&no_rooms=1&group_children=0&req_children=0&hpos=17&hapos=539&sr_order=popularity&srpvid=ed21559515340104&srepoch=1785759095&all_sr_blocks=833796401_440528105_2_0_0&highlighted_blocks=833796401_440528105_2_0_0&matching_block_id=833796401_440528105_2_0_0&sr_pri_blocks=833796401_440528105_2_0_0__2080000&from=searchresults,20800,10,5.0,"Blue Area, Islamabad",4.6,Apartment with Balcony,"2 beds (1 extra-large double, 1 sofa bed)",0,1,1,https://cf.bstatic.com/xdata/images/hotel/square240/898095103.webp?k=db8ddd66bac2de1c768e0a94b250d972c0e43f06dec996a4fcbac26a30a5122c&o=,15,Islamabad
Presidential penthouse infront of Centaurus,https://www.booking.com/hotel/pk/sunset-presidential-suite.en-gb.html?aid=304142&label=gen173nr-10CAQoggJCDWNpdHlfLTI3NjI4MTJICVgEaLUBiAEBmAEzuAEHyAEM2AED6AEB-AEBiAIBqAIBuAKqisLTBsACAdICJGIyYWUwNDZiLWE5YmEtNGI1Yi05MjRjLWFkYWU5NDcwN2MxM9gCAeACAQ&ucfs=1&arphpl=1&checkin=2026-08-06&checkout=2026-08-07&dest_id=-2762812&dest_type=city&group_adults=2&req_adults=2&no_rooms=1&group_children=0&req_children=0&hpos=18&hapos=540&sr_order=popularity&srpvid=ed21559515340104&srepoch=1785759095&all_sr_blocks=1267816503_399502758_2_0_0&highlighted_blocks=1267816503_399502758_2_0_0&matching_block_id=1267816503_399502758_2_0_0&sr_pri_blocks=1267816503_399502758_2_0_0__2200000&from=searchresults,22000,9.2,4.0,"Blue Area, Islamabad",4.8,Deluxe Double Room with Balcony,1 double bed,0,1,1,https://cf.bstatic.com/xdata/images/hotel/square240/856420890.webp?k=9fdb25f2492cb7f0fe3a9d6b6fe7662b5eff0e89adf46ac1e130917ae75fe416&o=,5,Islamabad
Luxury 1BR Apartment at Zeta Mall Rooftop Pool Giga Mall,https://www.booking.com/hotel/pk/luxury-1br-apartment-at-zeta-mall-rooftop-pool-giga-mall.en-gb.html?aid=304142&label=gen173nr-10CAQoggJCDWNpdHlfLTI3NjI4MTJICVgEaLUBiAEBmAEzuAEHyAEM2AED6AEB-AEBiAIBqAIBuAKqisLTBsACAdICJGIyYWUwNDZiLWE5YmEtNGI1Yi05MjRjLWFkYWU5NDcwN2MxM9gCAeACAQ&ucfs=1&arphpl=1&checkin=2026-08-06&checkout=2026-08-07&dest_id=-2762812&dest_type=city&group_adults=2&req_adults=2&no_rooms=1&group_children=0&req_children=0&hpos=19&hapos=541&sr_order=popularity&srpvid=ed21559515340104&srepoch=1785759095&all_sr_blocks=1689839201_440619877_4_0_0&highlighted_blocks=1689839201_440619877_4_0_0&matching_block_id=1689839201_440619877_4_0_0&sr_pri_blocks=1689839201_440619877_4_0_0__1224000&from=searchresults,12240,10,2.0,Islamabad,24.0,One-Bedroom Apartment,1 double bed,0,1,1,https://cf.bstatic.com/xdata/images/hotel/square240/895622326.webp?k=aaf2ddf7885a9046873f691869fae31b2ca79b8132e2533577326972d39075e2&o=,5,Islamabad
Hotel The Oriel Islamabad,https://www.booking.com/hotel/pk/the-oriel-islamabad-islamabad123.en-gb.html?aid=304142&label=gen173nr-10CAQoggJCDWNpdHlfLTI3NjI4MTJICVgEaLUBiAEBmAEzuAEHyAEM2AED6AEB-AEBiAIBqAIBuAKqisLTBsACAdICJGIyYWUwNDZiLWE5YmEtNGI1Yi05MjRjLWFkYWU5NDcwN2MxM9gCAeACAQ&ucfs=1&arphpl=1&checkin=2026-08-06&checkout=2026-08-07&dest_id=-2762812&dest_type=city&group_adults=2&req_adults=2&no_rooms=1&group_children=0&req_children=0&hpos=20&hapos=542&sr_order=popularity&srpvid=ed21559515340104&srepoch=1785759095&all_sr_blocks=673884401_0_2_0_0&highlighted_blocks=673884401_0_2_0_0&matching_block_id=673884401_0_2_0_0&sr_pri_blocks=673884401_0_2_0_0__361244&from=searchresults,3612,7.8,7.0,"G-7 Sector, Islamabad",4.2,Budget Double Room,1 extra-large double bed,0,0,0,https://cf.bstatic.com/xdata/images/hotel/square240/294643986.webp?k=0f2df2a9697b20d666c24d568905013eb79f626f9e352616a82389d23b14b24e&o=,2,Islamabad
2 Bedrooms Standard Apartment Islamabad-HS Apartments,https://www.booking.com/hotel/pk/2-bedrooms-apartment-islamabad-hs-apartments.en-gb.html?aid=304142&label=gen173nr-10CAQoggJCDWNpdHlfLTI3NjI4MTJICVgEaLUBiAEBmAEzuAEHyAEM2AED6AEB-AEBiAIBqAIBuAKqisLTBsACAdICJGIyYWUwNDZiLWE5YmEtNGI1Yi05MjRjLWFkYWU5NDcwN2MxM9gCAeACAQ&ucfs=1&arphpl=1&checkin=2026-08-06&checkout=2026-08-07&dest_id=-2762812&dest_type=city&group_adults=2&req_adults=2&no_rooms=1&group_children=0&req_children=0&hpos=21&hapos=543&sr_order=popularity&srpvid=ed21559515340104&srepoch=1785759095&all_sr_blocks=1106987001_383526747_0_0_0_155128&highlighted_blocks=1106987001_383526747_0_0_0_155128&matching_block_id=1106987001_383526747_0_0_0_155128&sr_pri_blocks=1106987001_383526747_0_0_0_155128_1239750&from=searchresults,12398,9.4,30.0,"E-11 Sector, Islamabad",10.9,Family Two-Bedroom Apartment with View,"4 beds (2 large doubles, 2 futons)",0,1,1,https://cf.bstatic.com/xdata/images/hotel/square240/693202757.webp?k=5a46fbc6b999b7e33a4ce8cb25f80c925eb7170b9982a6cc4e9724efc1cdd9be&o=,12,Islamabad
The Guest House Islamabad,https://www.booking.com/hotel/pk/the-guest-house-islamabad-islamabad6.en-gb.html?aid=304142&label=gen173nr-10CAQoggJCDWNpdHlfLTI3NjI4MTJICVgEaLUBiAEBmAEzuAEHyAEM2AED6AEB-AEBiAIBqAIBuAKqisLTBsACAdICJGIyYWUwNDZiLWE5YmEtNGI1Yi05MjRjLWFkYWU5NDcwN2MxM9gCAeACAQ&ucfs=1&arphpl=1&checkin=2026-08-06&checkout=2026-08-07&dest_id=-2762812&dest_type=city&group_adults=2&req_adults=2&no_rooms=1&group_children=0&req_children=0&hpos=22&hapos=544&sr_order=popularity&srpvid=ed21559515340104&srepoch=1785759095&all_sr_blocks=1596542203_434210000_7_2_0&highlighted_blocks=1596542203_434210000_7_2_0&matching_block_id=1596542203_434210000_7_2_0&sr_pri_blocks=1596542203_434210000_7_2_0__700000&from=searchresults,7000,5.0,1.0,Islamabad,19.4,Family Suite,"5 beds (2 singles, 2 extra-large doubles, 1 sofa bed)",0,1,0,https://cf.bstatic.com/xdata/images/hotel/square240/866620462.webp?k=750b094531613b2e419875305b6d969186e0762c32e9011aaa5dcc1cfa0f352c&o=,12,Islamabad
Luxury 1bed F-11,https://www.booking.com/hotel/pk/luxury-1bed-f-11.en-gb.html?aid=304142&label=gen173nr-10CAQoggJCDWNpdHlfLTI3NjI4MTJICVgEaLUBiAEBmAEzuAEHyAEM2AED6AEB-AEBiAIBqAIBuAKqisLTBsACAdICJGIyYWUwNDZiLWE5YmEtNGI1Yi05MjRjLWFkYWU5NDcwN2MxM9gCAeACAQ&ucfs=1&arphpl=1&checkin=2026-08-06&checkout=2026-08-07&dest_id=-2762812&dest_type=city&group_adults=2&req_adults=2&no_rooms=1&group_children=0&req_children=0&hpos=23&hapos=545&sr_order=popularity&srpvid=ed21559515340104&srepoch=1785759095&all_sr_blocks=1497222701_421405222_4_0_0&highlighted_blocks=1497222701_421405222_4_0_0&matching_block_id=1497222701_421405222_4_0_0&sr_pri_blocks=1497222701_421405222_4_0_0__850000&from=searchresults,8500,7.0,1.0,Islamabad,10.8,One-Bedroom Apartment,1 double bed,0,1,1,https://cf.bstatic.com/xdata/images/hotel/square240/751079101.webp?k=1ae1ec04812d2657670dcb5f95612eb3307a678e98496a9c1b324031a9a08956&o=,4,Islamabad
Luxury Corner 2BHK Apartment By Dwt Apartments Elysium Tower,https://www.booking.com/hotel/pk/luxury-corner-2bhk-apartment-by-dwt-apartments-elysium-tower.en-gb.html?aid=304142&label=gen173nr-10CAQoggJCDWNpdHlfLTI3NjI4MTJICVgEaLUBiAEBmAEzuAEHyAEM2AED6AEB-AEBiAIBqAIBuAKqisLTBsACAdICJGIyYWUwNDZiLWE5YmEtNGI1Yi05MjRjLWFkYWU5NDcwN2MxM9gCAeACAQ&ucfs=1&arphpl=1&checkin=2026-08-06&checkout=2026-08-07&dest_id=-2762812&dest_type=city&group_adults=2&req_adults=2&no_rooms=1&group_children=0&req_children=0&hpos=24&hapos=546&sr_order=popularity&srpvid=ed21559515340104&srepoch=1785759095&all_sr_blocks=1582051201_434377996_4_0_0&highlighted_blocks=1582051201_434377996_4_0_0&matching_block_id=1582051201_434377996_4_0_0&sr_pri_blocks=1582051201_434377996_4_0_0__4000000&from=searchresults,40000,10,9.0,"Blue Area, Islamabad",4.6,Two-Bedroom Apartment,"3 beds (1 double, 1 extra-large double, 1 futon)",0,1,1,https://cf.bstatic.com/xdata/images/hotel/square240/824396423.webp?k=c40720b5db6b71146047057ff0c32c4cab98e05541e00dca2cd5f21313e1c43d&o=,14,Islamabad
ButtLodges - 1,https://www.booking.com/hotel/pk/al-feroz-islamabad.en-gb.html?aid=304142&label=gen173nr-10CAQoggJCDWNpdHlfLTI3NjI4MTJICVgEaLUBiAEBmAEzuAEHyAEM2AED6AEB-AEBiAIBqAIBuAKqisLTBsACAdICJGIyYWUwNDZiLWE5YmEtNGI1Yi05MjRjLWFkYWU5NDcwN2MxM9gCAeACAQ&ucfs=1&arphpl=1&checkin=2026-08-06&checkout=2026-08-07&dest_id=-2762812&dest_type=city&group_adults=2&req_adults=2&no_rooms=1&group_children=0&req_children=0&hpos=25&hapos=547&sr_order=popularity&srpvid=ed21559515340104&srepoch=1785759095&all_sr_blocks=722073706_351405696_2_0_0&highlighted_blocks=722073706_351405696_2_0_0&matching_block_id=722073706_351405696_2_0_0&sr_pri_blocks=722073706_351405696_2_0_0__550000&from=searchresults,5500,9.3,3.0,"G-9 Sector, Islamabad",7.3,Deluxe Double Room,1 double bed,0,0,1,https://cf.bstatic.com/xdata/images/hotel/square240/820126958.webp?k=b10843d68da49035d1524cca49d868d523d0769454ac92c8bcb8df1028a0acd3&o=,3,Islamabad
AR-ONE APPARTMENTs,https://www.booking.com/hotel/pk/ar-one-appartments.en-gb.html?aid=304142&label=gen173nr-10CAQoggJCDWNpdHlfLTI3NjI4MTJICVgEaLUBiAEBmAEzuAEHyAEM2AED6AEB-AEBiAIBqAIBuAKqisLTBsACAdICJGIyYWUwNDZiLWE5YmEtNGI1Yi05MjRjLWFkYWU5NDcwN2MxM9gCAeACAQ&ucfs=1&arphpl=1&checkin=2026-08-06&checkout=2026-08-07&dest_id=-2762812&dest_type=city&group_adults=2&req_adults=2&no_rooms=1&group_children=0&req_children=0&hpos=1&hapos=548&sr_order=popularity&srpvid=ed21559515340104&srepoch=1785759100&all_sr_blocks=1560105501_427115104_2_0_0&highlighted_blocks=1560105501_427115104_2_0_0&matching_block_id=1560105501_427115104_2_0_0&sr_pri_blocks=1560105501_427115104_2_0_0__800000&from=searchresults,8000,9.5,2.0,Islamabad,24.7,One-Bedroom Apartment,1 large double bed,0,0,1,https://cf.bstatic.com/xdata/images/hotel/square240/805559152.webp?k=7666303a4be9ae24edfb885e96d03730f60d665f7cd2bc5801be37fd7d572910&o=,3,Islamabad
Luxury Apartment,https://www.booking.com/hotel/pk/luxury-apartments-islamabad-islamabad1.en-gb.html?aid=304142&label=gen173nr-10CAQoggJCDWNpdHlfLTI3NjI4MTJICVgEaLUBiAEBmAEzuAEHyAEM2AED6AEB-AEBiAIBqAIBuAKqisLTBsACAdICJGIyYWUwNDZiLWE5YmEtNGI1Yi05MjRjLWFkYWU5NDcwN2MxM9gCAeACAQ&ucfs=1&arphpl=1&checkin=2026-08-06&checkout=2026-08-07&dest_id=-2762812&dest_type=city&group_adults=2&req_adults=2&no_rooms=1&group_children=0&req_children=0&hpos=2&hapos=549&sr_order=popularity&srpvid=ed21559515340104&srepoch=1785759100&all_sr_blocks=1451408602_422268332_6_0_0&highlighted_blocks=1451408602_422268332_6_0_0&matching_block_id=1451408602_422268332_6_0_0&sr_pri_blocks=1451408602_422268332_6_0_0__1900000&from=searchresults,19000,7.9,7.0,"E-11 Sector, Islamabad",11.5,Two-Bedroom Apartment,"5 beds (2 singles, 2 extra-large doubles, 1 sofa bed)",0,1,1,https://cf.bstatic.com/xdata/images/hotel/square240/708771704.webp?k=f0c18acf0c0db02e920b61a4d466fd53b148be46b7f554936983e6c626f6a143&o=,15,Islamabad
Park-facing 2BR Entire Ground portion,https://www.booking.com/hotel/pk/park-facing-oasis.en-gb.html?aid=304142&label=gen173nr-10CAQoggJCDWNpdHlfLTI3NjI4MTJICVgEaLUBiAEBmAEzuAEHyAEM2AED6AEB-AEBiAIBqAIBuAKqisLTBsACAdICJGIyYWUwNDZiLWE5YmEtNGI1Yi05MjRjLWFkYWU5NDcwN2MxM9gCAeACAQ&ucfs=1&arphpl=1&checkin=2026-08-06&checkout=2026-08-07&dest_id=-2762812&dest_type=city&group_adults=2&req_adults=2&no_rooms=1&group_children=0&req_children=0&hpos=3&hapos=550&sr_order=popularity&srpvid=ed21559515340104&srepoch=1785759100&all_sr_blocks=1627155301_433370927_6_0_0&highlighted_blocks=1627155301_433370927_6_0_0&matching_block_id=1627155301_433370927_6_0_0&sr_pri_blocks=1627155301_433370927_6_0_0__1100000&from=searchresults,11000,,,Islamabad,15.1,Two-Bedroom House,1 double bed,0,1,1,https://cf.bstatic.com/xdata/images/hotel/square240/859967056.webp?k=c41daf18c299bc7dbae86e5de5f8069fe573f0c9d52e616580ec4c643a5eb7be&o=,4,Islamabad
The panaromic suite in centaurs,https://www.booking.com/hotel/pk/luxury-two-bed-in-centurus.en-gb.html?aid=304142&label=gen173nr-10CAQoggJCDWNpdHlfLTI3NjI4MTJICVgEaLUBiAEBmAEzuAEHyAEM2AED6AEB-AEBiAIBqAIBuAKqisLTBsACAdICJGIyYWUwNDZiLWE5YmEtNGI1Yi05MjRjLWFkYWU5NDcwN2MxM9gCAeACAQ&ucfs=1&arphpl=1&checkin=2026-08-06&checkout=2026-08-07&dest_id=-2762812&dest_type=city&group_adults=2&req_adults=2&no_rooms=1&group_children=0&req_children=0&hpos=4&hapos=551&sr_order=popularity&srpvid=ed21559515340104&srepoch=1785759100&all_sr_blocks=1653087601_437270707_2_0_0&highlighted_blocks=1653087601_437270707_2_0_0&matching_block_id=1653087601_437270707_2_0_0&sr_pri_blocks=1653087601_437270707_2_0_0__2975000&from=searchresults,29750,4.0,3.0,"Blue Area, Islamabad",4.7,Two-Bedroom Apartment,"2 beds (1 extra-large double, 1 sofa bed)",0,1,1,https://cf.bstatic.com/xdata/images/hotel/square240/875014540.webp?k=dc606d3a6b74aee1ad7933cac4d0a214407d6e2a4140374fd526383fdcf4d463&o=,4,Islamabad
"Comfort Hub Luxury 2BR Family Apartments, Fast WiFi , Smart TV",https://www.booking.com/hotel/pk/elegant-2br-family-apartment.en-gb.html?aid=304142&label=gen173nr-10CAQoggJCDWNpdHlfLTI3NjI4MTJICVgEaLUBiAEBmAEzuAEHyAEM2AED6AEB-AEBiAIBqAIBuAKqisLTBsACAdICJGIyYWUwNDZiLWE5YmEtNGI1Yi05MjRjLWFkYWU5NDcwN2MxM9gCAeACAQ&ucfs=1&arphpl=1&checkin=2026-08-06&checkout=2026-08-07&dest_id=-2762812&dest_type=city&group_adults=2&req_adults=2&no_rooms=1&group_children=0&req_children=0&hpos=5&hapos=552&sr_order=popularity&srpvid=ed21559515340104&srepoch=1785759100&all_sr_blocks=1242200001_418046913_5_0_0&highlighted_blocks=1242200001_418046913_5_0_0&matching_block_id=1242200001_418046913_5_0_0&sr_pri_blocks=1242200001_418046913_5_0_0__1062500&from=searchresults,10625,9.4,6.0,"E-11 Sector, Islamabad",11.4,Apartment with Mountain View,"3 beds (1 sofa bed, 2 large doubles)",0,1,0,https://cf.bstatic.com/xdata/images/hotel/square240/650581304.webp?k=e43580826a1c615d731064711262191c6332bc0894f1d658ad0cc45701408e1a&o=,12,Islamabad
The Oasis,https://www.booking.com/hotel/pk/the-oasis.en-gb.html?aid=304142&label=gen173nr-10CAQoggJCDWNpdHlfLTI3NjI4MTJICVgEaLUBiAEBmAEzuAEHyAEM2AED6AEB-AEBiAIBqAIBuAKqisLTBsACAdICJGIyYWUwNDZiLWE5YmEtNGI1Yi05MjRjLWFkYWU5NDcwN2MxM9gCAeACAQ&ucfs=1&arphpl=1&checkin=2026-08-06&checkout=2026-08-07&dest_id=-2762812&dest_type=city&group_adults=2&req_adults=2&no_rooms=1&group_children=0&req_children=0&hpos=6&hapos=553&sr_order=popularity&srpvid=ed21559515340104&srepoch=1785759100&all_sr_blocks=1360925101_408397034_2_0_0&highlighted_blocks=1360925101_408397034_2_0_0&matching_block_id=1360925101_408397034_2_0_0&sr_pri_blocks=1360925101_408397034_2_0_0__1232500&from=searchresults,12325,8.0,6.0,Islamabad,10.4,Two-Bedroom Apartment with Garden View,"3 beds (2 doubles, 1 sofa bed)",0,0,1,https://cf.bstatic.com/xdata/images/hotel/square240/680215880.webp?k=8aaf1fd8588dba1b3a4222a6efa139489f1a50312f90619d6eb9961afdf07f28&o=,3,Islamabad
Heaven Serviced Apartments,https://www.booking.com/hotel/pk/heaven-service-apartments.en-gb.html?aid=304142&label=gen173nr-10CAQoggJCDWNpdHlfLTI3NjI4MTJICVgEaLUBiAEBmAEzuAEHyAEM2AED6AEB-AEBiAIBqAIBuAKqisLTBsACAdICJGIyYWUwNDZiLWE5YmEtNGI1Yi05MjRjLWFkYWU5NDcwN2MxM9gCAeACAQ&ucfs=1&arphpl=1&checkin=2026-08-06&checkout=2026-08-07&dest_id=-2762812&dest_type=city&group_adults=2&req_adults=2&no_rooms=1&group_children=0&req_children=0&hpos=7&hapos=554&sr_order=popularity&srpvid=ed21559515340104&srepoch=1785759100&all_sr_blocks=1288835008_401831579_0_0_0&highlighted_blocks=1288835008_401831579_0_0_0&matching_block_id=1288835008_401831579_0_0_0&sr_pri_blocks=1288835008_401831579_0_0_0__900000&from=searchresults,9000,9.3,33.0,Islamabad,21.1,Queen Suite,1 double bed,0,1,1,https://cf.bstatic.com/xdata/images/hotel/square240/601937469.webp?k=ab1bbfe16cd4649fda1fce49a79ef7ed48545709e3376bbe03b0692d0a20c9f4&o=,13,Islamabad
Freddy's Royal Family Apartments,https://www.booking.com/hotel/pk/ayaz.en-gb.html?aid=304142&label=gen173nr-10CAQoggJCDWNpdHlfLTI3NjI4MTJICVgEaLUBiAEBmAEzuAEHyAEM2AED6AEB-AEBiAIBqAIBuAKqisLTBsACAdICJGIyYWUwNDZiLWE5YmEtNGI1Yi05MjRjLWFkYWU5NDcwN2MxM9gCAeACAQ&ucfs=1&arphpl=1&checkin=2026-08-06&checkout=2026-08-07&dest_id=-2762812&dest_type=city&group_adults=2&req_adults=2&no_rooms=1&group_children=0&req_children=0&hpos=8&hapos=555&sr_order=popularity&srpvid=ed21559515340104&srepoch=1785759100&all_sr_blocks=892834204_377759704_2_0_0&highlighted_blocks=892834204_377759704_2_0_0&matching_block_id=892834204_377759704_2_0_0&sr_pri_blocks=892834204_377759704_2_0_0__950000&from=searchresults,9500,4.8,21.0,"E-11 Sector, Islamabad",10.6,One-Bedroom Apartment,1 extra-large double bed,0,1,0,https://cf.bstatic.com/xdata/images/hotel/square240/433606031.webp?k=a1294670a547ccb97556e9f2b01fb316516f1ea622e304679644d52640a24f9a&o=,3,Islamabad
SkyPark One Luxury 2BR PS4 with Massage chair by TRIBE OF HOST,https://www.booking.com/hotel/pk/skypark-one-luxury-2br-ps4-with-massage-chair-by-tribe-of-host.en-gb.html?aid=304142&label=gen173nr-10CAQoggJCDWNpdHlfLTI3NjI4MTJICVgEaLUBiAEBmAEzuAEHyAEM2AED6AEB-AEBiAIBqAIBuAKqisLTBsACAdICJGIyYWUwNDZiLWE5YmEtNGI1Yi05MjRjLWFkYWU5NDcwN2MxM9gCAeACAQ&ucfs=1&arphpl=1&checkin=2026-08-06&checkout=2026-08-07&dest_id=-2762812&dest_type=city&group_adults=2&req_adults=2&no_rooms=1&group_children=0&req_children=0&hpos=9&hapos=556&sr_order=popularity&srpvid=ed21559515340104&srepoch=1785759100&all_sr_blocks=1618459701_432682264_0_0_0&highlighted_blocks=1618459701_432682264_0_0_0&matching_block_id=1618459701_432682264_0_0_0&sr_pri_blocks=1618459701_432682264_0_0_0__1875000&from=searchresults,18750,7.0,3.0,Islamabad,15.4,Two-Bedroom Apartment,"3 beds (2 extra-large doubles, 1 sofa bed)",0,1,1,https://cf.bstatic.com/xdata/images/hotel/square240/853905273.webp?k=c6cc420a23990e1d4b759d7641fcf6e983779d751a8324d35cd683e282169d69&o=,5,Islamabad
BM Recidency,https://www.booking.com/hotel/pk/bm-recidency.en-gb.html?aid=304142&label=gen173nr-10CAQoggJCDWNpdHlfLTI3NjI4MTJICVgEaLUBiAEBmAEzuAEHyAEM2AED6AEB-AEBiAIBqAIBuAKqisLTBsACAdICJGIyYWUwNDZiLWE5YmEtNGI1Yi05MjRjLWFkYWU5NDcwN2MxM9gCAeACAQ&ucfs=1&arphpl=1&checkin=2026-08-06&checkout=2026-08-07&dest_id=-2762812&dest_type=city&group_adults=2&req_adults=2&no_rooms=1&group_children=0&req_children=0&hpos=10&hapos=557&sr_order=popularity&srpvid=ed21559515340104&srepoch=1785759100&all_sr_blocks=1696506901_441338219_3_0_0&highlighted_blocks=1696506901_441338219_3_0_0&matching_block_id=1696506901_441338219_3_0_0&sr_pri_blocks=1696506901_441338219_3_0_0__467500&from=searchresults,4675,,,"G-9 Sector, Islamabad",6.6,Double Room,1 double bed,0,1,1,https://cf.bstatic.com/xdata/images/hotel/square240/900524920.webp?k=ea19922460f11d8c8c0f720301233a51efdf223ac83458cf023bfd5154e6eb30&o=,4,Islamabad
MUDAN Residency,https://www.booking.com/hotel/pk/mudan-residency-islamabad.en-gb.html?aid=304142&label=gen173nr-10CAQoggJCDWNpdHlfLTI3NjI4MTJICVgEaLUBiAEBmAEzuAEHyAEM2AED6AEB-AEBiAIBqAIBuAKqisLTBsACAdICJGIyYWUwNDZiLWE5YmEtNGI1Yi05MjRjLWFkYWU5NDcwN2MxM9gCAeACAQ&ucfs=1&arphpl=1&checkin=2026-08-06&checkout=2026-08-07&dest_id=-2762812&dest_type=city&group_adults=2&req_adults=2&no_rooms=1&group_children=0&req_children=0&hpos=11&hapos=558&sr_order=popularity&srpvid=ed21559515340104&srepoch=1785759100&all_sr_blocks=947353602_367331633_2_2_0&highlighted_blocks=947353602_367331633_2_2_0&matching_block_id=947353602_367331633_2_2_0&sr_pri_blocks=947353602_367331633_2_2_0__602000&from=searchresults,6020,7.5,100.0,"E-11 Sector, Islamabad",10.9,Standard Double Room,1 large double bed,0,1,1,https://cf.bstatic.com/xdata/images/hotel/square240/420022930.webp?k=c05a13f820ea0d5d3c7dbe1e17006f3f563e0004f8eb9f4f1bf43ddc8f287562&o=,12,Islamabad
Private garden view Balcony Suite,https://www.booking.com/hotel/pk/private-garden-view-balcony-suite.en-gb.html?aid=304142&label=gen173nr-10CAQoggJCDWNpdHlfLTI3NjI4MTJICVgEaLUBiAEBmAEzuAEHyAEM2AED6AEB-AEBiAIBqAIBuAKqisLTBsACAdICJGIyYWUwNDZiLWE5YmEtNGI1Yi05MjRjLWFkYWU5NDcwN2MxM9gCAeACAQ&ucfs=1&arphpl=1&checkin=2026-08-06&checkout=2026-08-07&dest_id=-2762812&dest_type=city&group_adults=2&req_adults=2&no_rooms=1&group_children=0&req_children=0&hpos=12&hapos=559&sr_order=popularity&srpvid=ed21559515340104&srepoch=1785759100&all_sr_blocks=1639173501_434198951_3_0_0&highlighted_blocks=1639173501_434198951_3_0_0&matching_block_id=1639173501_434198951_3_0_0&sr_pri_blocks=1639173501_434198951_3_0_0__810000&from=searchresults,8100,7.7,3.0,Islamabad,5.6,One-Bedroom Apartment,"2 beds (1 double, 1 sofa bed)",0,1,1,https://cf.bstatic.com/xdata/images/hotel/square240/891832192.webp?k=b61035da4bf7e4a779b605defb4adfc5de5b3c88b4b8a2e15adb84d830df82f2&o=,5,Islamabad
Executive Family Couple Friendly 1Bedroom Apartment Free wifi E11 Islamabad,https://www.booking.com/hotel/pk/executive-family-couple-friendly-1bedroom-apartment-free-wifi-e11-islamabad.en-gb.html?aid=304142&label=gen173nr-10CAQoggJCDWNpdHlfLTI3NjI4MTJICVgEaLUBiAEBmAEzuAEHyAEM2AED6AEB-AEBiAIBqAIBuAKqisLTBsACAdICJGIyYWUwNDZiLWE5YmEtNGI1Yi05MjRjLWFkYWU5NDcwN2MxM9gCAeACAQ&ucfs=1&arphpl=1&checkin=2026-08-06&checkout=2026-08-07&dest_id=-2762812&dest_type=city&group_adults=2&req_adults=2&no_rooms=1&group_children=0&req_children=0&hpos=13&hapos=560&sr_order=popularity&srpvid=ed21559515340104&srepoch=1785759100&all_sr_blocks=1571638701_428231803_3_0_0&highlighted_blocks=1571638701_428231803_3_0_0&matching_block_id=1571638701_428231803_3_0_0&sr_pri_blocks=1571638701_428231803_3_0_0__630000&from=searchresults,6300,,,"E-11 Sector, Islamabad",12.0,One-Bedroom Apartment,"2 beds (1 double, 1 sofa bed)",0,1,1,https://cf.bstatic.com/xdata/images/hotel/square240/814887989.webp?k=29277d7de44c6283b661d23f3d290a5c64736ff0ef699f5cd82623960c9ae4ba&o=,4,Islamabad
Pak Hospitality,https://www.booking.com/hotel/pk/pak-hospitality.en-gb.html?aid=304142&label=gen173nr-10CAQoggJCDWNpdHlfLTI3NjI4MTJICVgEaLUBiAEBmAEzuAEHyAEM2AED6AEB-AEBiAIBqAIBuAKqisLTBsACAdICJGIyYWUwNDZiLWE5YmEtNGI1Yi05MjRjLWFkYWU5NDcwN2MxM9gCAeACAQ&ucfs=1&arphpl=1&checkin=2026-08-06&checkout=2026-08-07&dest_id=-2762812&dest_type=city&group_adults=2&req_adults=2&no_rooms=1&group_children=0&req_children=0&hpos=14&hapos=561&sr_order=popularity&srpvid=ed21559515340104&srepoch=1785759100&all_sr_blocks=1667809501_438602068_2_1_0&highlighted_blocks=1667809501_438602068_2_1_0&matching_block_id=1667809501_438602068_2_1_0&sr_pri_blocks=1667809501_438602068_2_1_0__3570000&from=searchresults,35700,,,"G-6 Sector, Islamabad",1.3,Family Studio,1 double bed,1,1,1,https://cf.bstatic.com/xdata/images/hotel/square240/883433325.webp?k=227875b9fc598a3291b8bcceeeb36da341a443ad242a15cd5581eed9a014810b&o=,12,Islamabad
Islamabad Guest House,https://www.booking.com/hotel/pk/islamabad-guest-house-islamabad81.en-gb.html?aid=304142&label=gen173nr-10CAQoggJCDWNpdHlfLTI3NjI4MTJICVgEaLUBiAEBmAEzuAEHyAEM2AED6AEB-AEBiAIBqAIBuAKqisLTBsACAdICJGIyYWUwNDZiLWE5YmEtNGI1Yi05MjRjLWFkYWU5NDcwN2MxM9gCAeACAQ&ucfs=1&arphpl=1&checkin=2026-08-06&checkout=2026-08-07&dest_id=-2762812&dest_type=city&group_adults=2&req_adults=2&no_rooms=1&group_children=0&req_children=0&hpos=15&hapos=562&sr_order=popularity&srpvid=ed21559515340104&srepoch=1785759100&all_sr_blocks=1636060701_433998569_4_1_0&highlighted_blocks=1636060701_433998569_4_1_0&matching_block_id=1636060701_433998569_4_1_0&sr_pri_blocks=1636060701_433998569_4_1_0__800000&from=searchresults,8000,7.0,1.0,"G-9 Sector, Islamabad",6.5,Double Room with Balcony,"25 beds (9 doubles, 9 extra-large doubles, 7 large doubles)",1,1,1,https://cf.bstatic.com/xdata/images/hotel/square240/864716405.webp?k=d8179541c3cb9111b4ac16497767304db1c64844a98c2c0e719978999ff0a025&o=,4,Islamabad
"Room near airport ,The Gate Mall",https://www.booking.com/hotel/pk/room-near-airport-the-gate-mall.en-gb.html?aid=304142&label=gen173nr-10CAQoggJCDWNpdHlfLTI3NjI4MTJICVgEaLUBiAEBmAEzuAEHyAEM2AED6AEB-AEBiAIBqAIBuAKqisLTBsACAdICJGIyYWUwNDZiLWE5YmEtNGI1Yi05MjRjLWFkYWU5NDcwN2MxM9gCAeACAQ&ucfs=1&arphpl=1&checkin=2026-08-06&checkout=2026-08-07&dest_id=-2762812&dest_type=city&group_adults=2&req_adults=2&no_rooms=1&group_children=0&req_children=0&hpos=16&hapos=563&sr_order=popularity&srpvid=ed21559515340104&srepoch=1785759100&all_sr_blocks=1548641601_426094758_2_0_0&highlighted_blocks=1548641601_426094758_2_0_0&matching_block_id=1548641601_426094758_2_0_0&sr_pri_blocks=1548641601_426094758_2_0_0__510000&from=searchresults,5100,7.0,1.0,Islamabad,24.6,One-Bedroom Apartment,1 double bed,0,1,1,https://cf.bstatic.com/xdata/images/hotel/square240/794322488.webp?k=10bffcf2536ff7d35714491bf9b022f84652ebc0fa6a723a6284236347249cc1&o=,4,Islamabad
Stay Inn,https://www.booking.com/hotel/pk/stay-prime-islamabad.en-gb.html?aid=304142&label=gen173nr-10CAQoggJCDWNpdHlfLTI3NjI4MTJICVgEaLUBiAEBmAEzuAEHyAEM2AED6AEB-AEBiAIBqAIBuAKqisLTBsACAdICJGIyYWUwNDZiLWE5YmEtNGI1Yi05MjRjLWFkYWU5NDcwN2MxM9gCAeACAQ&ucfs=1&arphpl=1&checkin=2026-08-06&checkout=2026-08-07&dest_id=-2762812&dest_type=city&group_adults=2&req_adults=2&no_rooms=1&group_children=0&req_children=0&hpos=17&hapos=564&sr_order=popularity&srpvid=ed21559515340104&srepoch=1785759100&all_sr_blocks=1531795501_425481863_4_0_0&highlighted_blocks=1531795501_425481863_4_0_0&matching_block_id=1531795501_425481863_4_0_0&sr_pri_blocks=1531795501_425481863_4_0_0__630000&from=searchresults,6300,8.3,6.0,Islamabad,28.5,One-Bedroom Apartment,"4 beds (2 singles, 1 extra-large double, 1 sofa bed)",0,1,1,https://cf.bstatic.com/xdata/images/hotel/square240/787167933.webp?k=609a4759c2bee6d42d4f7fba56d51f19182f401eee0cf0205246968e427e32ba&o=,4,Islamabad
Centaurus Mall Prime Luxury Apartments Islamabad,https://www.booking.com/hotel/pk/centaurus-luxury-apartments-islamabad-islamabad.en-gb.html?aid=304142&label=gen173nr-10CAQoggJCDWNpdHlfLTI3NjI4MTJICVgEaLUBiAEBmAEzuAEHyAEM2AED6AEB-AEBiAIBqAIBuAKqisLTBsACAdICJGIyYWUwNDZiLWE5YmEtNGI1Yi05MjRjLWFkYWU5NDcwN2MxM9gCAeACAQ&ucfs=1&arphpl=1&checkin=2026-08-06&checkout=2026-08-07&dest_id=-2762812&dest_type=city&group_adults=2&req_adults=2&no_rooms=1&group_children=0&req_children=0&hpos=18&hapos=565&sr_order=popularity&srpvid=ed21559515340104&srepoch=1785759100&all_sr_blocks=1447919601_418607483_2_0_0&highlighted_blocks=1447919601_418607483_2_0_0&matching_block_id=1447919601_418607483_2_0_0&sr_pri_blocks=1447919601_418607483_2_0_0__4920000&from=searchresults,49200,7.2,8.0,"Blue Area, Islamabad",4.6,One-Bedroom Apartment,"2 beds (1 double, 1 sofa bed)",0,1,1,https://cf.bstatic.com/xdata/images/hotel/square240/883221120.webp?k=0bbb6c809427ba0d477395df748711357be6c083d14986760aaed990a4b7082d&o=,6,Islamabad
Prime-Nest,https://www.booking.com/hotel/pk/prime-nest-islamabad.en-gb.html?aid=304142&label=gen173nr-10CAQoggJCDWNpdHlfLTI3NjI4MTJICVgEaLUBiAEBmAEzuAEHyAEM2AED6AEB-AEBiAIBqAIBuAKqisLTBsACAdICJGIyYWUwNDZiLWE5YmEtNGI1Yi05MjRjLWFkYWU5NDcwN2MxM9gCAeACAQ&ucfs=1&arphpl=1&checkin=2026-08-06&checkout=2026-08-07&dest_id=-2762812&dest_type=city&group_adults=2&req_adults=2&no_rooms=1&group_children=0&req_children=0&hpos=19&hapos=566&sr_order=popularity&srpvid=ed21559515340104&srepoch=1785759100&all_sr_blocks=1691108101_440743584_3_0_0&highlighted_blocks=1691108101_440743584_3_0_0&matching_block_id=1691108101_440743584_3_0_0&sr_pri_blocks=1691108101_440743584_3_0_0__765000&from=searchresults,7650,,,Islamabad,20.5,One-Bedroom Apartment,"3 beds (1 extra-large double, 1 sofa bed, 1 futon)",0,1,1,https://cf.bstatic.com/xdata/images/hotel/square240/896735920.webp?k=68445283659ee937a04423bb496e0f8486e66ec43b918074775fe235493c29c3&o=,4,Islamabad
Luxury 2BR with Centaurus View & Balcony Elysium Tower,https://www.booking.com/hotel/pk/luxury-2br-with-centaurus-view-amp-balcony-elysium-tower.en-gb.html?aid=304142&label=gen173nr-10CAQoggJCDWNpdHlfLTI3NjI4MTJICVgEaLUBiAEBmAEzuAEHyAEM2AED6AEB-AEBiAIBqAIBuAKqisLTBsACAdICJGIyYWUwNDZiLWE5YmEtNGI1Yi05MjRjLWFkYWU5NDcwN2MxM9gCAeACAQ&ucfs=1&arphpl=1&checkin=2026-08-06&checkout=2026-08-07&dest_id=-2762812&dest_type=city&group_adults=2&req_adults=2&no_rooms=1&group_children=0&req_children=0&hpos=20&hapos=567&sr_order=popularity&srpvid=ed21559515340104&srepoch=1785759100&all_sr_blocks=1629797401_434377993_5_0_0&highlighted_blocks=1629797401_434377993_5_0_0&matching_block_id=1629797401_434377993_5_0_0&sr_pri_blocks=1629797401_434377993_5_0_0__3610000&from=searchresults,36100,8.0,1.0,"Blue Area, Islamabad",4.6,Two-Bedroom Apartment,"3 beds (1 double, 1 large double, 1 futon)",0,1,1,https://cf.bstatic.com/xdata/images/hotel/square240/873212971.webp?k=b6e51909e569adb2d09c78e4f9fd604e332ad36989249414ef9378dbf9400024&o=,15,Islamabad
Sky Rose Guest House,https://www.booking.com/hotel/pk/hospitality-hub-islamabad.en-gb.html?aid=304142&label=gen173nr-10CAQoggJCDWNpdHlfLTI3NjI4MTJICVgEaLUBiAEBmAEzuAEHyAEM2AED6AEB-AEBiAIBqAIBuAKqisLTBsACAdICJGIyYWUwNDZiLWE5YmEtNGI1Yi05MjRjLWFkYWU5NDcwN2MxM9gCAeACAQ&ucfs=1&arphpl=1&checkin=2026-08-06&checkout=2026-08-07&dest_id=-2762812&dest_type=city&group_adults=2&req_adults=2&no_rooms=1&group_children=0&req_children=0&hpos=21&hapos=568&sr_order=popularity&srpvid=ed21559515340104&srepoch=1785759100&all_sr_blocks=1452906502_416635401_0_2_0&highlighted_blocks=1452906502_416635401_0_2_0&matching_block_id=1452906502_416635401_0_2_0&sr_pri_blocks=1452906502_416635401_0_2_0__440411&from=searchresults,4404,8.2,13.0,"E-11 Sector, Islamabad",11.0,Deluxe Double Room,1 extra-large double bed,0,1,1,https://cf.bstatic.com/xdata/images/hotel/square240/710679133.webp?k=cd3b228d227aeb1ec43eddd682b7e038ee2a0f9ac8d7ea31116b603500f50ded&o=,4,Islamabad
Metrozen Heights 2 Bed Apartment in Heart of Islamabad,https://www.booking.com/hotel/pk/theonegocairbnb.en-gb.html?aid=304142&label=gen173nr-10CAQoggJCDWNpdHlfLTI3NjI4MTJICVgEaLUBiAEBmAEzuAEHyAEM2AED6AEB-AEBiAIBqAIBuAKqisLTBsACAdICJGIyYWUwNDZiLWE5YmEtNGI1Yi05MjRjLWFkYWU5NDcwN2MxM9gCAeACAQ&ucfs=1&arphpl=1&checkin=2026-08-06&checkout=2026-08-07&dest_id=-2762812&dest_type=city&group_adults=2&req_adults=2&no_rooms=1&group_children=0&req_children=0&hpos=22&hapos=569&sr_order=popularity&srpvid=ed21559515340104&srepoch=1785759100&all_sr_blocks=1500932001_421763702_2_0_0&highlighted_blocks=1500932001_421763702_2_0_0&matching_block_id=1500932001_421763702_2_0_0&sr_pri_blocks=1500932001_421763702_2_0_0__1344000&from=searchresults,13440,9.5,4.0,"E-11 Sector, Islamabad",11.9,Two-Bedroom Deluxe Apartment with Balcony,"5 beds (1 double, 2 sofa beds, 2 large doubles)",0,1,1,https://cf.bstatic.com/xdata/images/hotel/square240/777702673.webp?k=137d185cc29e4298bf86863ff1ad403a1f575cb742096a47e4b697afa16a0269&o=,6,Islamabad
20 Min From Downtown Luxe 02 Bhk Penthouse with Balcony Sky Park One,https://www.booking.com/hotel/pk/20-min-from-downtown-luxe-penthouse-with-balcony-sky-park-one.en-gb.html?aid=304142&label=gen173nr-10CAQoggJCDWNpdHlfLTI3NjI4MTJICVgEaLUBiAEBmAEzuAEHyAEM2AED6AEB-AEBiAIBqAIBuAKqisLTBsACAdICJGIyYWUwNDZiLWE5YmEtNGI1Yi05MjRjLWFkYWU5NDcwN2MxM9gCAeACAQ&ucfs=1&arphpl=1&checkin=2026-08-06&checkout=2026-08-07&dest_id=-2762812&dest_type=city&group_adults=2&req_adults=2&no_rooms=1&group_children=0&req_children=0&hpos=1&hapos=570&sr_order=popularity&srpvid=ed21559515340104&srepoch=1785759105&all_sr_blocks=1321663901_404842791_2_2_0_742242&highlighted_blocks=1321663901_404842791_2_2_0_742242&matching_block_id=1321663901_404842791_2_2_0_742242&sr_pri_blocks=1321663901_404842791_2_2_0_742242_1555200&from=searchresults,15552,10,3.0,Islamabad,15.4,One-Bedroom Apartment,"2 beds (1 double, 1 sofa bed)",0,0,0,https://cf.bstatic.com/xdata/images/hotel/square240/622843577.webp?k=507d354c4b1afc76e3a3b27a291d295bd7eea75fb17dbc711b307c614a7627df&o=,13,Islamabad
1 Bedroom Apartment in Top City 1 Islamabad,https://www.booking.com/hotel/pk/1-bedroom-apartment-in-top-city-1-islamabad.en-gb.html?aid=304142&label=gen173nr-10CAQoggJCDWNpdHlfLTI3NjI4MTJICVgEaLUBiAEBmAEzuAEHyAEM2AED6AEB-AEBiAIBqAIBuAKqisLTBsACAdICJGIyYWUwNDZiLWE5YmEtNGI1Yi05MjRjLWFkYWU5NDcwN2MxM9gCAeACAQ&ucfs=1&arphpl=1&checkin=2026-08-06&checkout=2026-08-07&dest_id=-2762812&dest_type=city&group_adults=2&req_adults=2&no_rooms=1&group_children=0&req_children=0&hpos=2&hapos=571&sr_order=popularity&srpvid=ed21559515340104&srepoch=1785759105&all_sr_blocks=1579501501_429048348_2_0_0&highlighted_blocks=1579501501_429048348_2_0_0&matching_block_id=1579501501_429048348_2_0_0&sr_pri_blocks=1579501501_429048348_2_0_0__750000&from=searchresults,7500,,,Islamabad,26.8,One-Bedroom Apartment,1 double bed,0,1,1,https://cf.bstatic.com/xdata/images/hotel/square240/821410690.webp?k=a61811f00a2fc87d97c5463cc4dfa21df4fdf3e4b603ad688f5c0cb8794d0e0d&o=,4,Islamabad
Zeta Luxe Residences by DWT Apartments,https://www.booking.com/hotel/pk/zeta-luxe-residences-by-dwt-apartments.en-gb.html?aid=304142&label=gen173nr-10CAQoggJCDWNpdHlfLTI3NjI4MTJICVgEaLUBiAEBmAEzuAEHyAEM2AED6AEB-AEBiAIBqAIBuAKqisLTBsACAdICJGIyYWUwNDZiLWE5YmEtNGI1Yi05MjRjLWFkYWU5NDcwN2MxM9gCAeACAQ&ucfs=1&arphpl=1&checkin=2026-08-06&checkout=2026-08-07&dest_id=-2762812&dest_type=city&group_adults=2&req_adults=2&no_rooms=1&group_children=0&req_children=0&hpos=3&hapos=572&sr_order=popularity&srpvid=ed21559515340104&srepoch=1785759105&all_sr_blocks=1562850101_427376058_2_0_0&highlighted_blocks=1562850101_427376058_2_0_0&matching_block_id=1562850101_427376058_2_0_0&sr_pri_blocks=1562850101_427376058_2_0_0__1710000&from=searchresults,17100,10,1.0,Islamabad,24.0,One-Bedroom Apartment,"2 beds (1 double, 1 sofa bed)",0,0,0,https://cf.bstatic.com/xdata/images/hotel/square240/807604806.webp?k=ee285d04cc46518431d27722883122344f13cf04ca85b5465d795f72e9adf415&o=,10,Islamabad
"DHA 2 Villa, Islamabad",https://www.booking.com/hotel/pk/prime-dha-villa-near-giga-mall.en-gb.html?aid=304142&label=gen173nr-10CAQoggJCDWNpdHlfLTI3NjI4MTJICVgEaLUBiAEBmAEzuAEHyAEM2AED6AEB-AEBiAIBqAIBuAKqisLTBsACAdICJGIyYWUwNDZiLWE5YmEtNGI1Yi05MjRjLWFkYWU5NDcwN2MxM9gCAeACAQ&ucfs=1&arphpl=1&checkin=2026-08-06&checkout=2026-08-07&dest_id=-2762812&dest_type=city&group_adults=2&req_adults=2&no_rooms=1&group_children=0&req_children=0&hpos=4&hapos=573&sr_order=popularity&srpvid=ed21559515340104&srepoch=1785759105&all_sr_blocks=1108514001_393086969_2_0_0&highlighted_blocks=1108514001_393086969_2_0_0&matching_block_id=1108514001_393086969_2_0_0&sr_pri_blocks=1108514001_393086969_2_0_0__1912000&from=searchresults,19120,10,3.0,Islamabad,23.0,Three-Bedroom Villa,"4 beds (1 extra-large double, 1 sofa bed, 2 large doubles)",0,0,1,https://cf.bstatic.com/xdata/images/hotel/square240/507955115.webp?k=8ca06e2dd424445665553e9e9a299f4c9a0a948e2c5368e7684723eadfba80d4&o=,3,Islamabad
Capresso Homes 4,https://www.booking.com/hotel/pk/capresso-homes-4-islamabad.en-gb.html?aid=304142&label=gen173nr-10CAQoggJCDWNpdHlfLTI3NjI4MTJICVgEaLUBiAEBmAEzuAEHyAEM2AED6AEB-AEBiAIBqAIBuAKqisLTBsACAdICJGIyYWUwNDZiLWE5YmEtNGI1Yi05MjRjLWFkYWU5NDcwN2MxM9gCAeACAQ&ucfs=1&arphpl=1&checkin=2026-08-06&checkout=2026-08-07&dest_id=-2762812&dest_type=city&group_adults=2&req_adults=2&no_rooms=1&group_children=0&req_children=0&hpos=5&hapos=574&sr_order=popularity&srpvid=ed21559515340104&srepoch=1785759105&all_sr_blocks=1646767101_434643315_2_0_0&highlighted_blocks=1646767101_434643315_2_0_0&matching_block_id=1646767101_434643315_2_0_0&sr_pri_blocks=1646767101_434643315_2_0_0__2432000&from=searchresults,24320,,,Islamabad,23.7,Three-Bedroom Apartment,1 double bed,0,1,1,https://cf.bstatic.com/xdata/images/hotel/square240/870138213.webp?k=6f712c3facad5522c86c8d2b60db089b72591dcc6c985642539f137fde6ef645&o=,4,Islamabad
The Margallia,https://www.booking.com/hotel/pk/the-margallia.en-gb.html?aid=304142&label=gen173nr-10CAQoggJCDWNpdHlfLTI3NjI4MTJICVgEaLUBiAEBmAEzuAEHyAEM2AED6AEB-AEBiAIBqAIBuAKqisLTBsACAdICJGIyYWUwNDZiLWE5YmEtNGI1Yi05MjRjLWFkYWU5NDcwN2MxM9gCAeACAQ&ucfs=1&arphpl=1&checkin=2026-08-06&checkout=2026-08-07&dest_id=-2762812&dest_type=city&group_adults=2&req_adults=2&no_rooms=1&group_children=0&req_children=0&hpos=6&hapos=575&sr_order=popularity&srpvid=ed21559515340104&srepoch=1785759105&all_sr_blocks=1677471402_439470350_3_0_0&highlighted_blocks=1677471402_439470350_3_0_0&matching_block_id=1677471402_439470350_3_0_0&sr_pri_blocks=1677471402_439470350_3_0_0__2125000&from=searchresults,21250,,,Islamabad,11.7,One-Bedroom Chalet,"2 beds (1 double, 1 sofa bed)",0,1,1,https://cf.bstatic.com/xdata/images/hotel/square240/889383430.webp?k=94dfaf0f7bb3611fdee4143d434d8ed124ba1dc73794f946f48c91ec5586896c&o=,4,Islamabad
Luxury villa in Islamabad Margala Hills,https://www.booking.com/hotel/pk/luxury-3bedrooms-portion-in-islamabad-islamabad2.en-gb.html?aid=304142&label=gen173nr-10CAQoggJCDWNpdHlfLTI3NjI4MTJICVgEaLUBiAEBmAEzuAEHyAEM2AED6AEB-AEBiAIBqAIBuAKqisLTBsACAdICJGIyYWUwNDZiLWE5YmEtNGI1Yi05MjRjLWFkYWU5NDcwN2MxM9gCAeACAQ&ucfs=1&arphpl=1&checkin=2026-08-06&checkout=2026-08-07&dest_id=-2762812&dest_type=city&group_adults=2&req_adults=2&no_rooms=1&group_children=0&req_children=0&hpos=7&hapos=576&sr_order=popularity&srpvid=ed21559515340104&srepoch=1785759105&all_sr_blocks=1549689503_426188905_5_2_0&highlighted_blocks=1549689503_426188905_5_2_0&matching_block_id=1549689503_426188905_5_2_0&sr_pri_blocks=1549689503_426188905_5_2_0__1360000&from=searchresults,13600,10,1.0,Islamabad,13.0,Two-Bedroom Villa,"3 beds (2 extra-large doubles, 1 sofa bed)",0,1,1,https://cf.bstatic.com/xdata/images/hotel/square240/803188378.webp?k=6d5635f7f22c550e9897939a49c20ae09483d9383832588b0732c7fb43bfa31e&o=,5,Islamabad
Margalla View Greens Islamabad,https://www.booking.com/hotel/pk/margalla-view-greens-islamabad.en-gb.html?aid=304142&label=gen173nr-10CAQoggJCDWNpdHlfLTI3NjI4MTJICVgEaLUBiAEBmAEzuAEHyAEM2AED6AEB-AEBiAIBqAIBuAKqisLTBsACAdICJGIyYWUwNDZiLWE5YmEtNGI1Yi05MjRjLWFkYWU5NDcwN2MxM9gCAeACAQ&ucfs=1&arphpl=1&checkin=2026-08-06&checkout=2026-08-07&dest_id=-2762812&dest_type=city&group_adults=2&req_adults=2&no_rooms=1&group_children=0&req_children=0&hpos=8&hapos=577&sr_order=popularity&srpvid=ed21559515340104&srepoch=1785759105&all_sr_blocks=1354024303_410724127_2_42_0_804115&highlighted_blocks=1354024303_410724127_2_42_0_804115&matching_block_id=1354024303_410724127_2_42_0_804115&sr_pri_blocks=1354024303_410724127_2_42_0_804115_540000&from=searchresults,5400,7.5,2.0,"E-11 Sector, Islamabad",10.9,Deluxe King Room,1 extra-large double bed,0,1,1,https://cf.bstatic.com/xdata/images/hotel/square240/643904901.webp?k=cde7dbeee9b802fe6b521fbb5fedc08f8ca977f4bbab090a64136aceaf66e792&o=,4,Islamabad
"Luxury 1- Bed Apartment - Elysium Tower, Blue Area, ISB",https://www.booking.com/hotel/pk/luxury-1-bed-apartment-elysium-tower-blue-area-isb.en-gb.html?aid=304142&label=gen173nr-10CAQoggJCDWNpdHlfLTI3NjI4MTJICVgEaLUBiAEBmAEzuAEHyAEM2AED6AEB-AEBiAIBqAIBuAKqisLTBsACAdICJGIyYWUwNDZiLWE5YmEtNGI1Yi05MjRjLWFkYWU5NDcwN2MxM9gCAeACAQ&ucfs=1&arphpl=1&checkin=2026-08-06&checkout=2026-08-07&dest_id=-2762812&dest_type=city&group_adults=2&req_adults=2&no_rooms=1&group_children=0&req_children=0&hpos=9&hapos=578&sr_order=popularity&srpvid=ed21559515340104&srepoch=1785759105&all_sr_blocks=1571287901_428201806_4_2_0&highlighted_blocks=1571287901_428201806_4_2_0&matching_block_id=1571287901_428201806_4_2_0&sr_pri_blocks=1571287901_428201806_4_2_0__1800000&from=searchresults,18000,9.3,3.0,"Blue Area, Islamabad",4.6,One-Bedroom Apartment,"2 beds (1 double, 1 sofa bed)",0,1,1,https://cf.bstatic.com/xdata/images/hotel/square240/814453436.webp?k=413fa6bc5df87341b2baa3b97f8d095afaf82528aad016be5ea03d52ec0f6bec&o=,4,Islamabad
Venus Guest House,https://www.booking.com/hotel/pk/venus-guest-house-islamabad2.en-gb.html?aid=304142&label=gen173nr-10CAQoggJCDWNpdHlfLTI3NjI4MTJICVgEaLUBiAEBmAEzuAEHyAEM2AED6AEB-AEBiAIBqAIBuAKqisLTBsACAdICJGIyYWUwNDZiLWE5YmEtNGI1Yi05MjRjLWFkYWU5NDcwN2MxM9gCAeACAQ&ucfs=1&arphpl=1&checkin=2026-08-06&checkout=2026-08-07&dest_id=-2762812&dest_type=city&group_adults=2&req_adults=2&no_rooms=1&group_children=0&req_children=0&hpos=10&hapos=579&sr_order=popularity&srpvid=ed21559515340104&srepoch=1785759105&all_sr_blocks=1679307601_439705463_2_0_0&highlighted_blocks=1679307601_439705463_2_0_0&matching_block_id=1679307601_439705463_2_0_0&sr_pri_blocks=1679307601_439705463_2_0_0__382500&from=searchresults,3825,2.0,1.0,"G-9 Sector, Islamabad",8.1,Double Room with Private Bathroom,"2 beds (1 double, 1 extra-large double)",0,1,1,https://cf.bstatic.com/xdata/images/hotel/square240/890604868.webp?k=cddb4e668c5f694fd60d4548e7d0ebe0a7479bb281435249a1ba683be25abcde&o=,4,Islamabad
Private Balcony Suite Separate Entrance Garden,https://www.booking.com/hotel/pk/private-balcony-suite-separate-entrance-garden.en-gb.html?aid=304142&label=gen173nr-10CAQoggJCDWNpdHlfLTI3NjI4MTJICVgEaLUBiAEBmAEzuAEHyAEM2AED6AEB-AEBiAIBqAIBuAKqisLTBsACAdICJGIyYWUwNDZiLWE5YmEtNGI1Yi05MjRjLWFkYWU5NDcwN2MxM9gCAeACAQ&ucfs=1&arphpl=1&checkin=2026-08-06&checkout=2026-08-07&dest_id=-2762812&dest_type=city&group_adults=2&req_adults=2&no_rooms=1&group_children=0&req_children=0&hpos=11&hapos=580&sr_order=popularity&srpvid=ed21559515340104&srepoch=1785759105&all_sr_blocks=1679769601_439743938_3_0_0&highlighted_blocks=1679769601_439743938_3_0_0&matching_block_id=1679769601_439743938_3_0_0&sr_pri_blocks=1679769601_439743938_3_0_0__765000&from=searchresults,7650,,,Islamabad,5.6,One-Bedroom Apartment,1 double bed,0,1,1,https://cf.bstatic.com/xdata/images/hotel/square240/891832840.webp?k=2a2ca5a09bfe3e23bf707c442cb2e59f5bb2f477885eaa402761373c3220f41e&o=,4,Islamabad
Luxury Apartment at Zeta Mall Islamabad Rooftop Pool Direct Mall Access,https://www.booking.com/hotel/pk/luxury-apartment-at-zeta-mall-islamabad-rooftop-pool-direct-mall-access.en-gb.html?aid=304142&label=gen173nr-10CAQoggJCDWNpdHlfLTI3NjI4MTJICVgEaLUBiAEBmAEzuAEHyAEM2AED6AEB-AEBiAIBqAIBuAKqisLTBsACAdICJGIyYWUwNDZiLWE5YmEtNGI1Yi05MjRjLWFkYWU5NDcwN2MxM9gCAeACAQ&ucfs=1&arphpl=1&checkin=2026-08-06&checkout=2026-08-07&dest_id=-2762812&dest_type=city&group_adults=2&req_adults=2&no_rooms=1&group_children=0&req_children=0&hpos=12&hapos=581&sr_order=popularity&srpvid=ed21559515340104&srepoch=1785759105&all_sr_blocks=1679247401_439703010_4_0_0&highlighted_blocks=1679247401_439703010_4_0_0&matching_block_id=1679247401_439703010_4_0_0&sr_pri_blocks=1679247401_439703010_4_0_0__1530000&from=searchresults,15300,10,1.0,Islamabad,24.0,One-Bedroom Apartment,1 double bed,0,1,1,https://cf.bstatic.com/xdata/images/hotel/square240/890586797.webp?k=4853719e648e5d7dd76b00e6e3d388950a8c557d1dd390838cc62647171254bc&o=,12,Islamabad
Paramid II,https://www.booking.com/hotel/pk/paramid-ii.en-gb.html?aid=304142&label=gen173nr-10CAQoggJCDWNpdHlfLTI3NjI4MTJICVgEaLUBiAEBmAEzuAEHyAEM2AED6AEB-AEBiAIBqAIBuAKqisLTBsACAdICJGIyYWUwNDZiLWE5YmEtNGI1Yi05MjRjLWFkYWU5NDcwN2MxM9gCAeACAQ&ucfs=1&arphpl=1&checkin=2026-08-06&checkout=2026-08-07&dest_id=-2762812&dest_type=city&group_adults=2&req_adults=2&no_rooms=1&group_children=0&req_children=0&hpos=13&hapos=582&sr_order=popularity&srpvid=ed21559515340104&srepoch=1785759105&all_sr_blocks=504103306_185991319_2_0_0&highlighted_blocks=504103306_185991319_2_0_0&matching_block_id=504103306_185991319_2_0_0&sr_pri_blocks=504103306_185991319_2_0_0__700000&from=searchresults,7000,,,"G-8 Sector, Islamabad",5.6,Triple Room,1 double bed,0,1,1,https://cf.bstatic.com/xdata/images/hotel/square240/197634513.webp?k=aa3f9b32439edc0af842b5af09f4630e8414f1b7662621394b750f5fb6d7027b&o=,4,Islamabad
"Green Residency, Eco-Friendly Guestrooms available for Families near Islamabad and Murree",https://www.booking.com/hotel/pk/green-residency-eco-friendly-guestrooms-available-for-families-near-islamabad-an.en-gb.html?aid=304142&label=gen173nr-10CAQoggJCDWNpdHlfLTI3NjI4MTJICVgEaLUBiAEBmAEzuAEHyAEM2AED6AEB-AEBiAIBqAIBuAKqisLTBsACAdICJGIyYWUwNDZiLWE5YmEtNGI1Yi05MjRjLWFkYWU5NDcwN2MxM9gCAeACAQ&ucfs=1&arphpl=1&checkin=2026-08-06&checkout=2026-08-07&dest_id=-2762812&dest_type=city&group_adults=2&req_adults=2&no_rooms=1&group_children=0&req_children=0&hpos=14&hapos=583&sr_order=popularity&srpvid=ed21559515340104&srepoch=1785759105&all_sr_blocks=1281834101_401150909_3_0_0&highlighted_blocks=1281834101_401150909_3_0_0&matching_block_id=1281834101_401150909_3_0_0&sr_pri_blocks=1281834101_401150909_3_0_0__750000&from=searchresults,7500,10,5.0,Islamabad,15.6,Deluxe Double Room with Bath,"2 beds (1 extra-large double, 1 sofa bed)",0,0,1,https://cf.bstatic.com/xdata/images/hotel/square240/598781689.webp?k=7a5cfecc2230c0179d99f86024f0950cf1d78e5ac87c1765792c43dc546343e2&o=,3,Islamabad
Modern 2BHK Basement Unit in Bahria Enclave Islamabad,https://www.booking.com/hotel/pk/modern-2bhk-basement-unit-in-bahria-enclave-islamabad.en-gb.html?aid=304142&label=gen173nr-10CAQoggJCDWNpdHlfLTI3NjI4MTJICVgEaLUBiAEBmAEzuAEHyAEM2AED6AEB-AEBiAIBqAIBuAKqisLTBsACAdICJGIyYWUwNDZiLWE5YmEtNGI1Yi05MjRjLWFkYWU5NDcwN2MxM9gCAeACAQ&ucfs=1&arphpl=1&checkin=2026-08-06&checkout=2026-08-07&dest_id=-2762812&dest_type=city&group_adults=2&req_adults=2&no_rooms=1&group_children=0&req_children=0&hpos=15&hapos=584&sr_order=popularity&srpvid=ed21559515340104&srepoch=1785759105&all_sr_blocks=1584469101_429567494_2_0_0&highlighted_blocks=1584469101_429567494_2_0_0&matching_block_id=1584469101_429567494_2_0_0&sr_pri_blocks=1584469101_429567494_2_0_0__1185750&from=searchresults,11858,,,Islamabad,12.2,Two-Bedroom Family Apartment,"3 beds (2 extra-large doubles, 1 sofa bed)",0,1,1,https://cf.bstatic.com/xdata/images/hotel/square240/826058298.webp?k=e19ac24c6213cb25b6a8c5d5a2d4d6de206789c9e219e23e6650a7e4eee02292&o=,4,Islamabad
Executive lodges Islamabad,https://www.booking.com/hotel/pk/executive-lodges-islamabad-islamabad.en-gb.html?aid=304142&label=gen173nr-10CAQoggJCDWNpdHlfLTI3NjI4MTJICVgEaLUBiAEBmAEzuAEHyAEM2AED6AEB-AEBiAIBqAIBuAKqisLTBsACAdICJGIyYWUwNDZiLWE5YmEtNGI1Yi05MjRjLWFkYWU5NDcwN2MxM9gCAeACAQ&ucfs=1&arphpl=1&checkin=2026-08-06&checkout=2026-08-07&dest_id=-2762812&dest_type=city&group_adults=2&req_adults=2&no_rooms=1&group_children=0&req_children=0&hpos=16&hapos=585&sr_order=popularity&srpvid=ed21559515340104&srepoch=1785759105&all_sr_blocks=1614207701_432304032_2_0_0&highlighted_blocks=1614207701_432304032_2_0_0&matching_block_id=1614207701_432304032_2_0_0&sr_pri_blocks=1614207701_432304032_2_0_0__500000&from=searchresults,5000,9.0,1.0,Islamabad,10.1,One-Bedroom Apartment,1 double bed,0,1,1,https://cf.bstatic.com/xdata/images/hotel/square240/849355970.webp?k=0578a487d64aeb1753886d30e0fee69cd4a247888aee18ea40942ba0b9b6d96c&o=,4,Islamabad
Cozy One Bed fully furnished Apartment B17,https://www.booking.com/hotel/pk/cozy-one-bed-apartment-islamabad1.en-gb.html?aid=304142&label=gen173nr-10CAQoggJCDWNpdHlfLTI3NjI4MTJICVgEaLUBiAEBmAEzuAEHyAEM2AED6AEB-AEBiAIBqAIBuAKqisLTBsACAdICJGIyYWUwNDZiLWE5YmEtNGI1Yi05MjRjLWFkYWU5NDcwN2MxM9gCAeACAQ&ucfs=1&arphpl=1&checkin=2026-08-06&checkout=2026-08-07&dest_id=-2762812&dest_type=city&group_adults=2&req_adults=2&no_rooms=1&group_children=0&req_children=0&hpos=17&hapos=586&sr_order=popularity&srpvid=ed21559515340104&srepoch=1785759105&all_sr_blocks=1588911401_429991097_2_0_0&highlighted_blocks=1588911401_429991097_2_0_0&matching_block_id=1588911401_429991097_2_0_0&sr_pri_blocks=1588911401_429991097_2_0_0__500000&from=searchresults,5000,,,Islamabad,27.2,One-Bedroom Apartment,1 double bed,0,1,1,https://cf.bstatic.com/xdata/images/hotel/square240/828661280.webp?k=529fd18f410aa31fa18c6a0c09a19d0aeefc6161f0d867cf3cee1ba2b25210ae&o=,4,Islamabad
Cozy 2 bed apartment,https://www.booking.com/hotel/pk/cozy-1-bed-apartment.en-gb.html?aid=304142&label=gen173nr-10CAQoggJCDWNpdHlfLTI3NjI4MTJICVgEaLUBiAEBmAEzuAEHyAEM2AED6AEB-AEBiAIBqAIBuAKqisLTBsACAdICJGIyYWUwNDZiLWE5YmEtNGI1Yi05MjRjLWFkYWU5NDcwN2MxM9gCAeACAQ&ucfs=1&arphpl=1&checkin=2026-08-06&checkout=2026-08-07&dest_id=-2762812&dest_type=city&group_adults=2&req_adults=2&no_rooms=1&group_children=0&req_children=0&hpos=18&hapos=587&sr_order=popularity&srpvid=ed21559515340104&srepoch=1785759105&all_sr_blocks=1405755401_412371521_4_0_0_924232&highlighted_blocks=1405755401_412371521_4_0_0_924232&matching_block_id=1405755401_412371521_4_0_0_924232&sr_pri_blocks=1405755401_412371521_4_0_0_924232_500000&from=searchresults,5000,,,Islamabad,14.9,Two-Bedroom Apartment with Balcony,"2 beds (1 single, 1 double)",0,1,1,https://cf.bstatic.com/xdata/images/hotel/square240/677648505.webp?k=aea8e241da7d8d2e24e42b9f3fb354ab59c6af550ab1b7764c96abb84dc1de8f&o=,4,Islamabad
Luxury Elysium 1BHK Opposite Centaurus Mall,https://www.booking.com/hotel/pk/serene-stay-apartment-islamabad.en-gb.html?aid=304142&label=gen173nr-10CAQoggJCDWNpdHlfLTI3NjI4MTJICVgEaLUBiAEBmAEzuAEHyAEM2AED6AEB-AEBiAIBqAIBuAKqisLTBsACAdICJGIyYWUwNDZiLWE5YmEtNGI1Yi05MjRjLWFkYWU5NDcwN2MxM9gCAeACAQ&ucfs=1&arphpl=1&checkin=2026-08-06&checkout=2026-08-07&dest_id=-2762812&dest_type=city&group_adults=2&req_adults=2&no_rooms=1&group_children=0&req_children=0&hpos=19&hapos=588&sr_order=popularity&srpvid=ed21559515340104&srepoch=1785759105&all_sr_blocks=1569572701_428047151_3_0_0&highlighted_blocks=1569572701_428047151_3_0_0&matching_block_id=1569572701_428047151_3_0_0&sr_pri_blocks=1569572701_428047151_3_0_0__2040000&from=searchresults,20400,8.7,7.0,"Blue Area, Islamabad",2.8,One-Bedroom Apartment,1 double bed,0,1,1,https://cf.bstatic.com/xdata/images/hotel/square240/812848854.webp?k=cc1fb0446309346bf75d5ef16635b6d60478e0d70f03747369553f9f3545e94c&o=,14,Islamabad
Travellers Arc Apartment F-11,https://www.booking.com/hotel/pk/paramount-guest-house-f-6.en-gb.html?aid=304142&label=gen173nr-10CAQoggJCDWNpdHlfLTI3NjI4MTJICVgEaLUBiAEBmAEzuAEHyAEM2AED6AEB-AEBiAIBqAIBuAKqisLTBsACAdICJGIyYWUwNDZiLWE5YmEtNGI1Yi05MjRjLWFkYWU5NDcwN2MxM9gCAeACAQ&ucfs=1&arphpl=1&checkin=2026-08-06&checkout=2026-08-07&dest_id=-2762812&dest_type=city&group_adults=2&req_adults=2&no_rooms=1&group_children=0&req_children=0&hpos=20&hapos=589&sr_order=popularity&srpvid=ed21559515340104&srepoch=1785759105&all_sr_blocks=1276838905_401097430_0_0_0&highlighted_blocks=1276838905_401097430_0_0_0&matching_block_id=1276838905_401097430_0_0_0&sr_pri_blocks=1276838905_401097430_0_0_0__486000&from=searchresults,4860,7.9,34.0,Islamabad,11.1,Deluxe King Room,1 double bed,0,1,0,https://cf.bstatic.com/xdata/images/hotel/square240/898426939.webp?k=66438bf403f64aea197697cd0370287865ef9c3b8e228fd5d5fdd1a169d5e988&o=,11,Islamabad
Taj Signature Boutique Hotel Islamabad,https://www.booking.com/hotel/pk/sguwbsk.en-gb.html?aid=304142&label=gen173nr-10CAQoggJCDWNpdHlfLTI3NjI4MTJICVgEaLUBiAEBmAEzuAEHyAEM2AED6AEB-AEBiAIBqAIBuAKqisLTBsACAdICJGIyYWUwNDZiLWE5YmEtNGI1Yi05MjRjLWFkYWU5NDcwN2MxM9gCAeACAQ&ucfs=1&arphpl=1&checkin=2026-08-06&checkout=2026-08-07&dest_id=-2762812&dest_type=city&group_adults=2&req_adults=2&no_rooms=1&group_children=0&req_children=0&hpos=21&hapos=590&sr_order=popularity&srpvid=ed21559515340104&srepoch=1785759105&all_sr_blocks=1676392202_439361827_2_1_0&highlighted_blocks=1676392202_439361827_2_1_0&matching_block_id=1676392202_439361827_2_1_0&sr_pri_blocks=1676392202_439361827_2_1_0__2000000&from=searchresults,20000,7.0,3.0,"G-7 Sector, Islamabad",3.4,Standard Suite,1 double bed,1,1,1,https://cf.bstatic.com/xdata/images/hotel/square240/888790355.webp?k=0453e2fee12592b45d15778b86a503aca3aa3e3155b2f2af60fd4c6f68bc5b34&o=,14,Islamabad
Nomora Hotel-Style Luxury Studio with Panoramic Views,https://www.booking.com/hotel/pk/nomora-studio-bahria-enclave-islamabad.en-gb.html?aid=304142&label=gen173nr-10CAQoggJCDWNpdHlfLTI3NjI4MTJICVgEaLUBiAEBmAEzuAEHyAEM2AED6AEB-AEBiAIBqAIBuAKqisLTBsACAdICJGIyYWUwNDZiLWE5YmEtNGI1Yi05MjRjLWFkYWU5NDcwN2MxM9gCAeACAQ&ucfs=1&arphpl=1&checkin=2026-08-06&checkout=2026-08-07&dest_id=-2762812&dest_type=city&group_adults=2&req_adults=2&no_rooms=1&group_children=0&req_children=0&hpos=22&hapos=591&sr_order=popularity&srpvid=ed21559515340104&srepoch=1785759105&all_sr_blocks=1573634401_429202521_2_0_0&highlighted_blocks=1573634401_429202521_2_0_0&matching_block_id=1573634401_429202521_2_0_0&sr_pri_blocks=1573634401_429202521_2_0_0__1190000&from=searchresults,11900,10,1.0,Islamabad,11.9,King Studio,1 extra-large double bed,0,0,1,https://cf.bstatic.com/xdata/images/hotel/square240/874989680.webp?k=beec7e8227252c28b5d084897c3b043734e84fedae3cf9a3707527a433c6ace6&o=,3,Islamabad
1Bedroom Hall and Kitchen Entire Flat Main ISB,https://www.booking.com/hotel/pk/20-bedrooms-halls-and-kitchens-luxury-apartment-e11-2-markaz-schs-islamabad.en-gb.html?aid=304142&label=gen173nr-10CAQoggJCDWNpdHlfLTI3NjI4MTJICVgEaLUBiAEBmAEzuAEHyAEM2AED6AEB-AEBiAIBqAIBuAKqisLTBsACAdICJGIyYWUwNDZiLWE5YmEtNGI1Yi05MjRjLWFkYWU5NDcwN2MxM9gCAeACAQ&ucfs=1&arphpl=1&checkin=2026-08-06&checkout=2026-08-07&dest_id=-2762812&dest_type=city&group_adults=2&req_adults=2&no_rooms=1&group_children=0&req_children=0&hpos=23&hapos=592&sr_order=popularity&srpvid=ed21559515340104&srepoch=1785759105&all_sr_blocks=1637528901_434177730_3_0_0&highlighted_blocks=1637528901_434177730_3_0_0&matching_block_id=1637528901_434177730_3_0_0&sr_pri_blocks=1637528901_434177730_3_0_0__1000000&from=searchresults,10000,,,"E-11 Sector, Islamabad",11.9,One-Bedroom Apartment,"3 beds (1 double, 1 extra-large double, 1 sofa bed)",0,1,1,https://cf.bstatic.com/xdata/images/hotel/square240/866038275.webp?k=1761693de8ce75824c51b9b26e5794fdab258dc8f1f7f8233fd68b8186f1c041&o=,14,Islamabad
"Comfort Hub Compact Luxury 2BR Family Apt,Wi-Fi,Balcony",https://www.booking.com/hotel/pk/luxury-2br-family-apt-47-wi-fi-47-netflix.en-gb.html?aid=304142&label=gen173nr-10CAQoggJCDWNpdHlfLTI3NjI4MTJICVgEaLUBiAEBmAEzuAEHyAEM2AED6AEB-AEBiAIBqAIBuAKqisLTBsACAdICJGIyYWUwNDZiLWE5YmEtNGI1Yi05MjRjLWFkYWU5NDcwN2MxM9gCAeACAQ&ucfs=1&arphpl=1&checkin=2026-08-06&checkout=2026-08-07&dest_id=-2762812&dest_type=city&group_adults=2&req_adults=2&no_rooms=1&group_children=0&req_children=0&hpos=24&hapos=593&sr_order=popularity&srpvid=ed21559515340104&srepoch=1785759105&all_sr_blocks=898809501_413041792_0_0_0&highlighted_blocks=898809501_413041792_0_0_0&matching_block_id=898809501_413041792_0_0_0&sr_pri_blocks=898809501_413041792_0_0_0__977500&from=searchresults,9775,9.1,18.0,"E-11 Sector, Islamabad",11.4,Apartment,"3 beds (2 extra-large doubles, 1 sofa bed)",0,0,0,https://cf.bstatic.com/xdata/images/hotel/square240/630904630.webp?k=49af793619c8700dc3597985a175ac11cd60a95fe3f282cda083258f94738804&o=,3,Islamabad
Designer One Bedroom Apartment With Balcony & Mountain Views Opposite Centaurus Mall ISB,https://www.booking.com/hotel/pk/bsnsnnss.en-gb.html?aid=304142&label=gen173nr-10CAQoggJCDWNpdHlfLTI3NjI4MTJICVgEaLUBiAEBmAEzuAEHyAEM2AED6AEB-AEBiAIBqAIBuAKqisLTBsACAdICJGIyYWUwNDZiLWE5YmEtNGI1Yi05MjRjLWFkYWU5NDcwN2MxM9gCAeACAQ&ucfs=1&arphpl=1&checkin=2026-08-06&checkout=2026-08-07&dest_id=-2762812&dest_type=city&group_adults=2&req_adults=2&no_rooms=1&group_children=0&req_children=0&hpos=25&hapos=594&sr_order=popularity&srpvid=ed21559515340104&srepoch=1785759105&all_sr_blocks=1680224001_439774074_3_2_0&highlighted_blocks=1680224001_439774074_3_2_0&matching_block_id=1680224001_439774074_3_2_0&sr_pri_blocks=1680224001_439774074_3_2_0__2304000&from=searchresults,23040,10,2.0,"Blue Area, Islamabad",4.6,One-Bedroom Apartment with Balcony and Mountain View,"2 beds (1 extra-large double, 1 sofa bed)",0,0,0,https://cf.bstatic.com/xdata/images/hotel/square240/891481604.webp?k=4f46dce5a32627747cfdf80c031a1b391ad724c58744bbe997807536f294e2fd&o=,13,Islamabad
Peaceful Low cost 2BR,https://www.booking.com/hotel/pk/peaceful-low-cost-2br.en-gb.html?aid=304142&label=gen173nr-10CAQoggJCDWNpdHlfLTI3NjI4MTJICVgEaLUBiAEBmAEzuAEHyAEM2AED6AEB-AEBiAIBqAIBuAKqisLTBsACAdICJGIyYWUwNDZiLWE5YmEtNGI1Yi05MjRjLWFkYWU5NDcwN2MxM9gCAeACAQ&ucfs=1&arphpl=1&checkin=2026-08-06&checkout=2026-08-07&dest_id=-2762812&dest_type=city&group_adults=2&req_adults=2&no_rooms=1&group_children=0&req_children=0&hpos=1&hapos=595&sr_order=popularity&srpvid=ed21559515340104&srepoch=1785759110&all_sr_blocks=1006325601_373376214_5_0_0&highlighted_blocks=1006325601_373376214_5_0_0&matching_block_id=1006325601_373376214_5_0_0&sr_pri_blocks=1006325601_373376214_5_0_0__855000&from=searchresults,8550,7.3,26.0,"E-11 Sector, Islamabad",12.0,Apartment,"3 beds (1 sofa bed, 2 large doubles)",0,0,0,https://cf.bstatic.com/xdata/images/hotel/square240/683210957.webp?k=2fb0c7462562716f8b8f3d0f109a778b9165596ebb702e777acefd7b4f5f5626&o=,8,Islamabad
SkyPark One Penthouse - Islamabad,https://www.booking.com/hotel/pk/skypark-2bedroom-apartment.en-gb.html?aid=304142&label=gen173nr-10CAQoggJCDWNpdHlfLTI3NjI4MTJICVgEaLUBiAEBmAEzuAEHyAEM2AED6AEB-AEBiAIBqAIBuAKqisLTBsACAdICJGIyYWUwNDZiLWE5YmEtNGI1Yi05MjRjLWFkYWU5NDcwN2MxM9gCAeACAQ&ucfs=1&arphpl=1&checkin=2026-08-06&checkout=2026-08-07&dest_id=-2762812&dest_type=city&group_adults=2&req_adults=2&no_rooms=1&group_children=0&req_children=0&hpos=2&hapos=596&sr_order=popularity&srpvid=ed21559515340104&srepoch=1785759110&all_sr_blocks=1275644501_401965247_3_0_0&highlighted_blocks=1275644501_401965247_3_0_0&matching_block_id=1275644501_401965247_3_0_0&sr_pri_blocks=1275644501_401965247_3_0_0__2075750&from=searchresults,20758,9.0,18.0,Islamabad,15.4,Two-Bedroom Apartment,"3 beds (1 sofa bed, 2 large doubles)",0,1,1,https://cf.bstatic.com/xdata/images/hotel/square240/617283908.webp?k=338b489355a54fc97806c364c527d8b2dd8925aec412195485989e8da25eccbc&o=,15,Islamabad
Furnished apartments in islamabad,https://www.booking.com/hotel/pk/furnished-apartments-in-islamabad.en-gb.html?aid=304142&label=gen173nr-10CAQoggJCDWNpdHlfLTI3NjI4MTJICVgEaLUBiAEBmAEzuAEHyAEM2AED6AEB-AEBiAIBqAIBuAKqisLTBsACAdICJGIyYWUwNDZiLWE5YmEtNGI1Yi05MjRjLWFkYWU5NDcwN2MxM9gCAeACAQ&ucfs=1&arphpl=1&checkin=2026-08-06&checkout=2026-08-07&dest_id=-2762812&dest_type=city&group_adults=2&req_adults=2&no_rooms=1&group_children=0&req_children=0&hpos=3&hapos=597&sr_order=popularity&srpvid=ed21559515340104&srepoch=1785759111&all_sr_blocks=1674333201_439196307_4_0_0&highlighted_blocks=1674333201_439196307_4_0_0&matching_block_id=1674333201_439196307_4_0_0&sr_pri_blocks=1674333201_439196307_4_0_0__595000&from=searchresults,5950,1.0,1.0,"G-6 Sector, Islamabad",1.3,One-Bedroom Apartment,"2 beds (1 double, 1 sofa bed)",0,1,1,https://cf.bstatic.com/xdata/images/hotel/square240/887755512.webp?k=61d7b25e6a950820405ad03d8dd2bc575695ca158c4c0db2b89ed3dbea3f587e&o=,4,Islamabad
Executive Galaxy Guest House Islamabad,https://www.booking.com/hotel/pk/galaxy-house.en-gb.html?aid=304142&label=gen173nr-10CAQoggJCDWNpdHlfLTI3NjI4MTJICVgEaLUBiAEBmAEzuAEHyAEM2AED6AEB-AEBiAIBqAIBuAKqisLTBsACAdICJGIyYWUwNDZiLWE5YmEtNGI1Yi05MjRjLWFkYWU5NDcwN2MxM9gCAeACAQ&ucfs=1&arphpl=1&checkin=2026-08-06&checkout=2026-08-07&dest_id=-2762812&dest_type=city&group_adults=2&req_adults=2&no_rooms=1&group_children=0&req_children=0&hpos=4&hapos=598&sr_order=popularity&srpvid=ed21559515340104&srepoch=1785759111&all_sr_blocks=271556903_266394552_0_41_0&highlighted_blocks=271556903_266394552_0_41_0&matching_block_id=271556903_266394552_0_41_0&sr_pri_blocks=271556903_266394552_0_41_0__800000&from=searchresults,8000,8.5,161.0,"F-8 Sector, Islamabad",4.9,Budget Double Room,Multiple bed types,1,1,1,https://cf.bstatic.com/xdata/images/hotel/square240/840682566.webp?k=e3e3c7c07af36ceb6823adb45fc5cf48b7e4afb7af82560c923b2abbf7ef2f68&o=,13,Islamabad
Step into comfort and simplicity with this stylish 1-bedroom apartment,https://www.booking.com/hotel/pk/step-into-comfort-and-simplicity-with-this-stylish-1-bedroom-apartment.en-gb.html?aid=304142&label=gen173nr-10CAQoggJCDWNpdHlfLTI3NjI4MTJICVgEaLUBiAEBmAEzuAEHyAEM2AED6AEB-AEBiAIBqAIBuAKqisLTBsACAdICJGIyYWUwNDZiLWE5YmEtNGI1Yi05MjRjLWFkYWU5NDcwN2MxM9gCAeACAQ&ucfs=1&arphpl=1&checkin=2026-08-06&checkout=2026-08-07&dest_id=-2762812&dest_type=city&group_adults=2&req_adults=2&no_rooms=1&group_children=0&req_children=0&hpos=5&hapos=599&sr_order=popularity&srpvid=ed21559515340104&srepoch=1785759111&all_sr_blocks=1639397601_434213908_4_0_0&highlighted_blocks=1639397601_434213908_4_0_0&matching_block_id=1639397601_434213908_4_0_0&sr_pri_blocks=1639397601_434213908_4_0_0__800000&from=searchresults,8000,,,Islamabad,11.4,Two-Bedroom Apartment,"2 beds (1 sofa bed, 1 large double)",0,1,1,https://cf.bstatic.com/xdata/images/hotel/square240/866455998.webp?k=474d61a3103a4f017fda6b6a83dec3a45d5ef0c26a338f67dff715cb05a7ad57&o=,4,Islamabad
Skyluxe 2 Chic 1Bedroom w Rooftop Club N Pool Access,https://www.booking.com/hotel/pk/skyluxe-2-chic-1bedroom-w-rooftop-club-n-pool-access.en-gb.html?aid=304142&label=gen173nr-10CAQoggJCDWNpdHlfLTI3NjI4MTJICVgEaLUBiAEBmAEzuAEHyAEM2AED6AEB-AEBiAIBqAIBuAKqisLTBsACAdICJGIyYWUwNDZiLWE5YmEtNGI1Yi05MjRjLWFkYWU5NDcwN2MxM9gCAeACAQ&ucfs=1&arphpl=1&checkin=2026-08-06&checkout=2026-08-07&dest_id=-2762812&dest_type=city&group_adults=2&req_adults=2&no_rooms=1&group_children=0&req_children=0&hpos=6&hapos=600&sr_order=popularity&srpvid=ed21559515340104&srepoch=1785759111&all_sr_blocks=1339757301_406388959_3_2_0&highlighted_blocks=1339757301_406388959_3_2_0&matching_block_id=1339757301_406388959_3_2_0&sr_pri_blocks=1339757301_406388959_3_2_0__880000&from=searchresults,8800,6.5,2.0,Islamabad,20.5,One-Bedroom Apartment,1 double bed,0,1,1,https://cf.bstatic.com/xdata/images/hotel/square240/826025344.webp?k=b9f3ed9c2a69cba29f25adb25ee624719d550f906f7641495ff862564c857fd9&o=,13,Islamabad
Hs Retreat Luxurious Penthouse Self Check In,https://www.booking.com/hotel/pk/hs-retreat-1-bhk-luxurious-penthouse-self-check-in.en-gb.html?aid=304142&label=gen173nr-10CAQoggJCDWNpdHlfLTI3NjI4MTJICVgEaLUBiAEBmAEzuAEHyAEM2AED6AEB-AEBiAIBqAIBuAKqisLTBsACAdICJGIyYWUwNDZiLWE5YmEtNGI1Yi05MjRjLWFkYWU5NDcwN2MxM9gCAeACAQ&ucfs=1&arphpl=1&checkin=2026-08-06&checkout=2026-08-07&dest_id=-2762812&dest_type=city&group_adults=2&req_adults=2&no_rooms=1&group_children=0&req_children=0&hpos=7&hapos=601&sr_order=popularity&srpvid=ed21559515340104&srepoch=1785759111&all_sr_blocks=1548879001_426117687_3_0_0&highlighted_blocks=1548879001_426117687_3_0_0&matching_block_id=1548879001_426117687_3_0_0&sr_pri_blocks=1548879001_426117687_3_0_0__909900&from=searchresults,9099,9.0,1.0,"E-11 Sector, Islamabad",12.0,One-Bedroom Apartment,1 double bed,0,1,1,https://cf.bstatic.com/xdata/images/hotel/square240/794712777.webp?k=8ea7e1b48646cbf6eb63e13549c7a4e85accd63bef833870310b8ec98e4bbb46&o=,4,Islamabad
LUXURY service APARTMENT,https://www.booking.com/hotel/pk/luxury-centauraus-views-elysium-blue-area-islamabad.en-gb.html?aid=304142&label=gen173nr-10CAQoggJCDWNpdHlfLTI3NjI4MTJICVgEaLUBiAEBmAEzuAEHyAEM2AED6AEB-AEBiAIBqAIBuAKqisLTBsACAdICJGIyYWUwNDZiLWE5YmEtNGI1Yi05MjRjLWFkYWU5NDcwN2MxM9gCAeACAQ&ucfs=1&arphpl=1&checkin=2026-08-06&checkout=2026-08-07&dest_id=-2762812&dest_type=city&group_adults=2&req_adults=2&no_rooms=1&group_children=0&req_children=0&hpos=8&hapos=602&sr_order=popularity&srpvid=ed21559515340104&srepoch=1785759111&all_sr_blocks=1068624510_384849158_4_0_0&highlighted_blocks=1068624510_384849158_4_0_0&matching_block_id=1068624510_384849158_4_0_0&sr_pri_blocks=1068624510_384849158_4_0_0__855000&from=searchresults,8550,6.2,16.0,Islamabad,8.1,One-Bedroom Apartment,"2 beds (1 sofa bed, 1 large double)",0,1,1,https://cf.bstatic.com/xdata/images/hotel/square240/699576490.webp?k=ba237801b48f4680862bbbd431b76134ac9a67e56e4998cb8531190c170c0348&o=,11,Islamabad
3 bed apartments,https://www.booking.com/hotel/pk/3-bed-apartments.en-gb.html?aid=304142&label=gen173nr-10CAQoggJCDWNpdHlfLTI3NjI4MTJICVgEaLUBiAEBmAEzuAEHyAEM2AED6AEB-AEBiAIBqAIBuAKqisLTBsACAdICJGIyYWUwNDZiLWE5YmEtNGI1Yi05MjRjLWFkYWU5NDcwN2MxM9gCAeACAQ&ucfs=1&arphpl=1&checkin=2026-08-06&checkout=2026-08-07&dest_id=-2762812&dest_type=city&group_adults=2&req_adults=2&no_rooms=1&group_children=0&req_children=0&hpos=9&hapos=603&sr_order=popularity&srpvid=ed21559515340104&srepoch=1785759111&all_sr_blocks=1678886501_439670269_2_0_0&highlighted_blocks=1678886501_439670269_2_0_0&matching_block_id=1678886501_439670269_2_0_0&sr_pri_blocks=1678886501_439670269_2_0_0__1496000&from=searchresults,14960,10,1.0,Islamabad,10.9,One-Bedroom Apartment,"4 beds (3 doubles, 1 sofa bed)",0,1,1,https://cf.bstatic.com/xdata/images/hotel/square240/890426589.webp?k=c39588c03fe17adf2a250d928d1ebbd88bc73f0f8a1aab6159dbfffaf01707cc&o=,4,Islamabad
Elite Enclave inn,https://www.booking.com/hotel/pk/elite-enclave-inn.en-gb.html?aid=304142&label=gen173nr-10CAQoggJCDWNpdHlfLTI3NjI4MTJICVgEaLUBiAEBmAEzuAEHyAEM2AED6AEB-AEBiAIBqAIBuAKqisLTBsACAdICJGIyYWUwNDZiLWE5YmEtNGI1Yi05MjRjLWFkYWU5NDcwN2MxM9gCAeACAQ&ucfs=1&arphpl=1&checkin=2026-08-06&checkout=2026-08-07&dest_id=-2762812&dest_type=city&group_adults=2&req_adults=2&no_rooms=1&group_children=0&req_children=0&hpos=10&hapos=604&sr_order=popularity&srpvid=ed21559515340104&srepoch=1785759111&all_sr_blocks=1673938001_439154157_2_2_0&highlighted_blocks=1673938001_439154157_2_2_0&matching_block_id=1673938001_439154157_2_2_0&sr_pri_blocks=1673938001_439154157_2_2_0__810000&from=searchresults,8100,,,Islamabad,15.7,Deluxe Room,1 extra-large double bed,0,0,0,https://cf.bstatic.com/xdata/images/hotel/square240/887536014.webp?k=da7b8405ea48727ba4dde4cc17e39e06ad0116ef472af5283e1b5c7274dbd79e&o=,8,Islamabad
Peace House II,https://www.booking.com/hotel/pk/peace-residence.en-gb.html?aid=304142&label=gen173nr-10CAQoggJCDWNpdHlfLTI3NjI4MTJICVgEaLUBiAEBmAEzuAEHyAEM2AED6AEB-AEBiAIBqAIBuAKqisLTBsACAdICJGIyYWUwNDZiLWE5YmEtNGI1Yi05MjRjLWFkYWU5NDcwN2MxM9gCAeACAQ&ucfs=1&arphpl=1&checkin=2026-08-06&checkout=2026-08-07&dest_id=-2762812&dest_type=city&group_adults=2&req_adults=2&no_rooms=1&group_children=0&req_children=0&hpos=11&hapos=605&sr_order=popularity&srpvid=ed21559515340104&srepoch=1785759111&all_sr_blocks=1489978205_0_2_1_0&highlighted_blocks=1489978205_0_2_1_0&matching_block_id=1489978205_0_2_1_0&sr_pri_blocks=1489978205_0_2_1_0__702202&from=searchresults,7022,9.1,13.0,"F-8 Sector, Islamabad",4.7,Deluxe Double Room,1 extra-large double bed,1,1,0,https://cf.bstatic.com/xdata/images/hotel/square240/790407754.webp?k=31a134dfa9156219c1802a8f805898d4857f1594c9edf88b6e8ea54e5f78c333&o=,3,Islamabad
Luxury Appartment,https://www.booking.com/hotel/pk/luxury-appartment-islamabad2.en-gb.html?aid=304142&label=gen173nr-10CAQoggJCDWNpdHlfLTI3NjI4MTJICVgEaLUBiAEBmAEzuAEHyAEM2AED6AEB-AEBiAIBqAIBuAKqisLTBsACAdICJGIyYWUwNDZiLWE5YmEtNGI1Yi05MjRjLWFkYWU5NDcwN2MxM9gCAeACAQ&ucfs=1&arphpl=1&checkin=2026-08-06&checkout=2026-08-07&dest_id=-2762812&dest_type=city&group_adults=2&req_adults=2&no_rooms=1&group_children=0&req_children=0&hpos=12&hapos=606&sr_order=popularity&srpvid=ed21559515340104&srepoch=1785759111&all_sr_blocks=1699503801_441600407_3_0_0&highlighted_blocks=1699503801_441600407_3_0_0&matching_block_id=1699503801_441600407_3_0_0&sr_pri_blocks=1699503801_441600407_3_0_0__476000&from=searchresults,4760,,,Islamabad,14.5,Two-Bedroom Apartment,"4 beds (2 singles, 1 double, 1 sofa bed)",0,1,1,https://cf.bstatic.com/xdata/images/hotel/square240/902138836.webp?k=2e1aee0fa754f28a57582062d949139f6851a77fa8ea58df3218043b760cf15a&o=,5,Islamabad
430 Central Guest House,https://www.booking.com/hotel/pk/430-central-guest-house.en-gb.html?aid=304142&label=gen173nr-10CAQoggJCDWNpdHlfLTI3NjI4MTJICVgEaLUBiAEBmAEzuAEHyAEM2AED6AEB-AEBiAIBqAIBuAKqisLTBsACAdICJGIyYWUwNDZiLWE5YmEtNGI1Yi05MjRjLWFkYWU5NDcwN2MxM9gCAeACAQ&ucfs=1&arphpl=1&checkin=2026-08-06&checkout=2026-08-07&dest_id=-2762812&dest_type=city&group_adults=2&req_adults=2&no_rooms=1&group_children=0&req_children=0&hpos=13&hapos=607&sr_order=popularity&srpvid=ed21559515340104&srepoch=1785759111&all_sr_blocks=1631706201_433688921_2_0_0&highlighted_blocks=1631706201_433688921_2_0_0&matching_block_id=1631706201_433688921_2_0_0&sr_pri_blocks=1631706201_433688921_2_0_0__540000&from=searchresults,5400,10,2.0,Islamabad,19.4,Double Room,1 double bed,0,0,0,https://cf.bstatic.com/xdata/images/hotel/square240/862001403.webp?k=c928f92e1c82a5939021cb12885012bc88b8ba99555bada0fa0a25e38f77f4e1&o=,2,Islamabad
The Farms Club,https://www.booking.com/hotel/pk/the-farms-club.en-gb.html?aid=304142&label=gen173nr-10CAQoggJCDWNpdHlfLTI3NjI4MTJICVgEaLUBiAEBmAEzuAEHyAEM2AED6AEB-AEBiAIBqAIBuAKqisLTBsACAdICJGIyYWUwNDZiLWE5YmEtNGI1Yi05MjRjLWFkYWU5NDcwN2MxM9gCAeACAQ&ucfs=1&arphpl=1&checkin=2026-08-06&checkout=2026-08-07&dest_id=-2762812&dest_type=city&group_adults=2&req_adults=2&no_rooms=1&group_children=0&req_children=0&hpos=14&hapos=608&sr_order=popularity&srpvid=ed21559515340104&srepoch=1785759111&all_sr_blocks=1333255001_405833603_2_1_0&highlighted_blocks=1333255001_405833603_2_1_0&matching_block_id=1333255001_405833603_2_1_0&sr_pri_blocks=1333255001_405833603_2_1_0__1350000&from=searchresults,13500,10,2.0,Islamabad,13.8,Deluxe Room,10 single beds,1,0,1,https://cf.bstatic.com/xdata/images/hotel/square240/630761069.webp?k=34b8a7643f827190dd22d1b76c2207ee6c960c80ce742474bfb183d93ee07643&o=,3,Islamabad
1 bedroom apartment,https://www.booking.com/hotel/pk/1-bedroom-apartment-islamabad4.en-gb.html?aid=304142&label=gen173nr-10CAQoggJCDWNpdHlfLTI3NjI4MTJICVgEaLUBiAEBmAEzuAEHyAEM2AED6AEB-AEBiAIBqAIBuAKqisLTBsACAdICJGIyYWUwNDZiLWE5YmEtNGI1Yi05MjRjLWFkYWU5NDcwN2MxM9gCAeACAQ&ucfs=1&arphpl=1&checkin=2026-08-06&checkout=2026-08-07&dest_id=-2762812&dest_type=city&group_adults=2&req_adults=2&no_rooms=1&group_children=0&req_children=0&hpos=15&hapos=609&sr_order=popularity&srpvid=ed21559515340104&srepoch=1785759111&all_sr_blocks=1612231301_432129901_2_0_0&highlighted_blocks=1612231301_432129901_2_0_0&matching_block_id=1612231301_432129901_2_0_0&sr_pri_blocks=1612231301_432129901_2_0_0__800000&from=searchresults,8000,10,1.0,Islamabad,15.2,One-Bedroom Apartment,1 extra-large double bed,0,1,1,https://cf.bstatic.com/xdata/images/hotel/square240/847855890.webp?k=4a1dba4e2172adc1c3b31b29ec9539ededd0057d0b8facd8a9d308646d8b140b&o=,4,Islamabad
Diplomatic Enclave Islamabad,https://www.booking.com/hotel/pk/private-room-in-serviced-apartment-in-islamabad-pakistan-islamabad.en-gb.html?aid=304142&label=gen173nr-10CAQoggJCDWNpdHlfLTI3NjI4MTJICVgEaLUBiAEBmAEzuAEHyAEM2AED6AEB-AEBiAIBqAIBuAKqisLTBsACAdICJGIyYWUwNDZiLWE5YmEtNGI1Yi05MjRjLWFkYWU5NDcwN2MxM9gCAeACAQ&ucfs=1&arphpl=1&checkin=2026-08-06&checkout=2026-08-07&dest_id=-2762812&dest_type=city&group_adults=2&req_adults=2&no_rooms=1&group_children=0&req_children=0&hpos=16&hapos=610&sr_order=popularity&srpvid=ed21559515340104&srepoch=1785759111&all_sr_blocks=1478399001_419306747_2_0_0&highlighted_blocks=1478399001_419306747_2_0_0&matching_block_id=1478399001_419306747_2_0_0&sr_pri_blocks=1478399001_419306747_2_0_0__1349910&from=searchresults,13499,,,Islamabad,6.1,One-Bedroom Apartment,1 double bed,0,1,1,https://cf.bstatic.com/xdata/images/hotel/square240/739716577.webp?k=60ea727f64c56a6317a5d81cd2288fd5eb4f770cf073fe25ef37c79cd0233f99&o=,4,Islamabad
Landmark Guest House,https://www.booking.com/hotel/pk/landmark-guest-house-islamabad2.en-gb.html?aid=304142&label=gen173nr-10CAQoggJCDWNpdHlfLTI3NjI4MTJICVgEaLUBiAEBmAEzuAEHyAEM2AED6AEB-AEBiAIBqAIBuAKqisLTBsACAdICJGIyYWUwNDZiLWE5YmEtNGI1Yi05MjRjLWFkYWU5NDcwN2MxM9gCAeACAQ&ucfs=1&arphpl=1&checkin=2026-08-06&checkout=2026-08-07&dest_id=-2762812&dest_type=city&group_adults=2&req_adults=2&no_rooms=1&group_children=0&req_children=0&hpos=17&hapos=611&sr_order=popularity&srpvid=ed21559515340104&srepoch=1785759111&all_sr_blocks=1422912901_413921407_0_2_0&highlighted_blocks=1422912901_413921407_0_2_0&matching_block_id=1422912901_413921407_0_2_0&sr_pri_blocks=1422912901_413921407_0_2_0__972000&from=searchresults,9720,8.6,39.0,"F-8 Sector, Islamabad",4.8,Deluxe Double Room (2 Adults + 1 Child),1 double bed,0,0,0,https://cf.bstatic.com/xdata/images/hotel/square240/688016703.webp?k=cd294c1c3ea5fcdac83363eba85347dab70dc5a9385bae749cea3a5752fb3b85&o=,13,Islamabad
Executive Suites! Luxurious Family 1 BHK,https://www.booking.com/hotel/pk/executive-suites-luxurious-family-1-bhk.en-gb.html?aid=304142&label=gen173nr-10CAQoggJCDWNpdHlfLTI3NjI4MTJICVgEaLUBiAEBmAEzuAEHyAEM2AED6AEB-AEBiAIBqAIBuAKqisLTBsACAdICJGIyYWUwNDZiLWE5YmEtNGI1Yi05MjRjLWFkYWU5NDcwN2MxM9gCAeACAQ&ucfs=1&arphpl=1&checkin=2026-08-06&checkout=2026-08-07&dest_id=-2762812&dest_type=city&group_adults=2&req_adults=2&no_rooms=1&group_children=0&req_children=0&hpos=18&hapos=612&sr_order=popularity&srpvid=ed21559515340104&srepoch=1785759111&all_sr_blocks=1400476601_411904069_4_0_0&highlighted_blocks=1400476601_411904069_4_0_0&matching_block_id=1400476601_411904069_4_0_0&sr_pri_blocks=1400476601_411904069_4_0_0__900000&from=searchresults,9000,,,Islamabad,10.7,One-Bedroom Premium Apartment,"4 beds (1 extra-large double, 1 sofa bed, 2 futons)",0,1,1,https://cf.bstatic.com/xdata/images/hotel/square240/674546497.webp?k=571f1e92499f5917330449e1837518aae48b16e9f90e01c7b2affd2dcca92bef&o=,4,Islamabad
Taj Hotel Suites F-7 Islamabad,https://www.booking.com/hotel/pk/taj-suites-f-7-islamabad.en-gb.html?aid=304142&label=gen173nr-10CAQoggJCDWNpdHlfLTI3NjI4MTJICVgEaLUBiAEBmAEzuAEHyAEM2AED6AEB-AEBiAIBqAIBuAKqisLTBsACAdICJGIyYWUwNDZiLWE5YmEtNGI1Yi05MjRjLWFkYWU5NDcwN2MxM9gCAeACAQ&ucfs=1&arphpl=1&checkin=2026-08-06&checkout=2026-08-07&dest_id=-2762812&dest_type=city&group_adults=2&req_adults=2&no_rooms=1&group_children=0&req_children=0&hpos=19&hapos=613&sr_order=popularity&srpvid=ed21559515340104&srepoch=1785759111&all_sr_blocks=1500142603_421683105_2_1_0&highlighted_blocks=1500142603_421683105_2_1_0&matching_block_id=1500142603_421683105_2_1_0&sr_pri_blocks=1500142603_421683105_2_1_0__3040000&from=searchresults,30400,8.5,46.0,"F-7 Sector, Islamabad",3.7,Deluxe Twin Room,2 single beds,1,1,1,https://cf.bstatic.com/xdata/images/hotel/square240/753880423.webp?k=ece2bbc14c60deb4b5e348cd5cd6cecb7ab501240782a9aa1928859218e10b2b&o=,16,Islamabad
AK Rezidor Guest House,https://www.booking.com/hotel/pk/mountain-lodge-guest-house-islamabad.en-gb.html?aid=304142&label=gen173nr-10CAQoggJCDWNpdHlfLTI3NjI4MTJICVgEaLUBiAEBmAEzuAEHyAEM2AED6AEB-AEBiAIBqAIBuAKqisLTBsACAdICJGIyYWUwNDZiLWE5YmEtNGI1Yi05MjRjLWFkYWU5NDcwN2MxM9gCAeACAQ&ucfs=1&arphpl=1&checkin=2026-08-06&checkout=2026-08-07&dest_id=-2762812&dest_type=city&group_adults=2&req_adults=2&no_rooms=1&group_children=0&req_children=0&hpos=20&hapos=614&sr_order=popularity&srpvid=ed21559515340104&srepoch=1785759111&all_sr_blocks=1521188604_432192591_2_41_0_1394368&highlighted_blocks=1521188604_432192591_2_41_0_1394368&matching_block_id=1521188604_432192591_2_41_0_1394368&sr_pri_blocks=1521188604_432192591_2_41_0_1394368_1017450&from=searchresults,10175,7.3,6.0,Islamabad,15.3,Deluxe Family Suite,"3 beds (2 singles, 1 double)",1,1,1,https://cf.bstatic.com/xdata/images/hotel/square240/778731087.webp?k=0fe9d0629ba1b1b9a35b7843b3afd049993749b1d7aea4667251b30892329814&o=,6,Islamabad
"Standard 1BHK with UPS, across Giga Mall, Pool included",https://www.booking.com/hotel/pk/standard-1bhk-with-ups-across-giga-mall-pool-included.en-gb.html?aid=304142&label=gen173nr-10CAQoggJCDWNpdHlfLTI3NjI4MTJICVgEaLUBiAEBmAEzuAEHyAEM2AED6AEB-AEBiAIBqAIBuAKqisLTBsACAdICJGIyYWUwNDZiLWE5YmEtNGI1Yi05MjRjLWFkYWU5NDcwN2MxM9gCAeACAQ&ucfs=1&arphpl=1&checkin=2026-08-06&checkout=2026-08-07&dest_id=-2762812&dest_type=city&group_adults=2&req_adults=2&no_rooms=1&group_children=0&req_children=0&hpos=21&hapos=615&sr_order=popularity&srpvid=ed21559515340104&srepoch=1785759111&all_sr_blocks=1627140301_433369630_2_0_0&highlighted_blocks=1627140301_433369630_2_0_0&matching_block_id=1627140301_433369630_2_0_0&sr_pri_blocks=1627140301_433369630_2_0_0__956250&from=searchresults,9563,8.0,1.0,Islamabad,24.0,One-Bedroom Apartment,1 double bed,0,0,0,https://cf.bstatic.com/xdata/images/hotel/square240/859936847.webp?k=e68ab07af37394374fcd91d15c932f872ba8a5c76c5b41833d096bf8e9b5c2be&o=,11,Islamabad
2 Bedroom Luxury Apartment in Centaurus City View,https://www.booking.com/hotel/pk/2-bedroom-luxury-apartment-in-centaurus-city-view.en-gb.html?aid=304142&label=gen173nr-10CAQoggJCDWNpdHlfLTI3NjI4MTJICVgEaLUBiAEBmAEzuAEHyAEM2AED6AEB-AEBiAIBqAIBuAKqisLTBsACAdICJGIyYWUwNDZiLWE5YmEtNGI1Yi05MjRjLWFkYWU5NDcwN2MxM9gCAeACAQ&ucfs=1&arphpl=1&checkin=2026-08-06&checkout=2026-08-07&dest_id=-2762812&dest_type=city&group_adults=2&req_adults=2&no_rooms=1&group_children=0&req_children=0&hpos=22&hapos=616&sr_order=popularity&srpvid=ed21559515340104&srepoch=1785759111&all_sr_blocks=1557923301_426901715_6_0_0&highlighted_blocks=1557923301_426901715_6_0_0&matching_block_id=1557923301_426901715_6_0_0&sr_pri_blocks=1557923301_426901715_6_0_0__5250000&from=searchresults,52500,,,"Blue Area, Islamabad",4.5,Two-Bedroom Apartment,"2 beds (1 double, 1 large double)",0,1,1,https://cf.bstatic.com/xdata/images/hotel/square240/804325253.webp?k=4ce268b5b160fad65dd4c40140e4499372746ce35331af263c3de0dd6e492790&o=,5,Islamabad
Freddy's Family Apartments,https://www.booking.com/hotel/pk/comfy-decent-studio-apartment.en-gb.html?aid=304142&label=gen173nr-10CAQoggJCDWNpdHlfLTI3NjI4MTJICVgEaLUBiAEBmAEzuAEHyAEM2AED6AEB-AEBiAIBqAIBuAKqisLTBsACAdICJGIyYWUwNDZiLWE5YmEtNGI1Yi05MjRjLWFkYWU5NDcwN2MxM9gCAeACAQ&ucfs=1&arphpl=1&checkin=2026-08-06&checkout=2026-08-07&dest_id=-2762812&dest_type=city&group_adults=2&req_adults=2&no_rooms=1&group_children=0&req_children=0&hpos=23&hapos=617&sr_order=popularity&srpvid=ed21559515340104&srepoch=1785759111&all_sr_blocks=723056102_376719225_2_0_0&highlighted_blocks=723056102_376719225_2_0_0&matching_block_id=723056102_376719225_2_0_0&sr_pri_blocks=723056102_376719225_2_0_0__950000&from=searchresults,9500,6.4,28.0,"E-11 Sector, Islamabad",10.7,One-Bedroom Apartment,"2 beds (1 extra-large double, 1 sofa bed)",0,1,0,https://cf.bstatic.com/xdata/images/hotel/square240/476693220.webp?k=b5256c4e5dd5036f118f0e9554ce6076ddd057d195859356e1adc2a21a89f202&o=,10,Islamabad
Capresso homes 4,https://www.booking.com/hotel/pk/capresso-homes-4-islamabad1.en-gb.html?aid=304142&label=gen173nr-10CAQoggJCDWNpdHlfLTI3NjI4MTJICVgEaLUBiAEBmAEzuAEHyAEM2AED6AEB-AEBiAIBqAIBuAKqisLTBsACAdICJGIyYWUwNDZiLWE5YmEtNGI1Yi05MjRjLWFkYWU5NDcwN2MxM9gCAeACAQ&ucfs=1&arphpl=1&checkin=2026-08-06&checkout=2026-08-07&dest_id=-2762812&dest_type=city&group_adults=2&req_adults=2&no_rooms=1&group_children=0&req_children=0&hpos=24&hapos=618&sr_order=popularity&srpvid=ed21559515340104&srepoch=1785759111&all_sr_blocks=1649693701_437035154_2_0_0&highlighted_blocks=1649693701_437035154_2_0_0&matching_block_id=1649693701_437035154_2_0_0&sr_pri_blocks=1649693701_437035154_2_0_0__1100000&from=searchresults,11000,,,Islamabad,23.7,One-Bedroom Apartment,1 double bed,0,1,1,https://cf.bstatic.com/xdata/images/hotel/square240/871568149.webp?k=d7ddc696069d3098c74255b7f1c9533b72caa5ebf14e9895c64052661f193f31&o=,4,Islamabad
LUXURY family VILLA,https://www.booking.com/hotel/pk/luxury-family-villa.en-gb.html?aid=304142&label=gen173nr-10CAQoggJCDWNpdHlfLTI3NjI4MTJICVgEaLUBiAEBmAEzuAEHyAEM2AED6AEB-AEBiAIBqAIBuAKqisLTBsACAdICJGIyYWUwNDZiLWE5YmEtNGI1Yi05MjRjLWFkYWU5NDcwN2MxM9gCAeACAQ&ucfs=1&arphpl=1&checkin=2026-08-06&checkout=2026-08-07&dest_id=-2762812&dest_type=city&group_adults=2&req_adults=2&no_rooms=1&group_children=0&req_children=0&hpos=25&hapos=619&sr_order=popularity&srpvid=ed21559515340104&srepoch=1785759111&all_sr_blocks=1631148601_433652156_2_0_0&highlighted_blocks=1631148601_433652156_2_0_0&matching_block_id=1631148601_433652156_2_0_0&sr_pri_blocks=1631148601_433652156_2_0_0__1360000&from=searchresults,13600,,,Islamabad,9.7,Two-Bedroom Apartment,2 double beds,0,1,1,https://cf.bstatic.com/xdata/images/hotel/square240/862784354.webp?k=087affc0e2710b73fe3c0281e7c6c4334a51bf5ea6f8a3ccbdf4d1788445bdd2&o=,12,Islamabad
Islamabad new view hotel,https://www.booking.com/hotel/pk/islamabad-new-view.en-gb.html?aid=304142&label=gen173nr-10CAQoggJCDWNpdHlfLTI3NjI4MTJICVgEaLUBiAEBmAEzuAEHyAEM2AED6AEB-AEBiAIBqAIBuAKqisLTBsACAdICJGIyYWUwNDZiLWE5YmEtNGI1Yi05MjRjLWFkYWU5NDcwN2MxM9gCAeACAQ&ucfs=1&arphpl=1&checkin=2026-08-06&checkout=2026-08-07&dest_id=-2762812&dest_type=city&group_adults=2&req_adults=2&no_rooms=1&group_children=0&req_children=0&hpos=1&hapos=620&sr_order=popularity&srpvid=ed21559515340104&srepoch=1785759116&all_sr_blocks=1636492101_434030195_2_0_0&highlighted_blocks=1636492101_434030195_2_0_0&matching_block_id=1636492101_434030195_2_0_0&sr_pri_blocks=1636492101_434030195_2_0_0__400000&from=searchresults,4000,,,Islamabad,8.2,Double Room,1 double bed,0,1,1,https://cf.bstatic.com/xdata/images/hotel/square240/864873306.webp?k=dee607bcacf87c29a270e0be702dccc95af562f9817773ea4e5964b42e7f2580&o=,4,Islamabad
Peace Palace Islamabad,https://www.booking.com/hotel/pk/peace-palace-islamabad-islamabad3.en-gb.html?aid=304142&label=gen173nr-10CAQoggJCDWNpdHlfLTI3NjI4MTJICVgEaLUBiAEBmAEzuAEHyAEM2AED6AEB-AEBiAIBqAIBuAKqisLTBsACAdICJGIyYWUwNDZiLWE5YmEtNGI1Yi05MjRjLWFkYWU5NDcwN2MxM9gCAeACAQ&ucfs=1&arphpl=1&checkin=2026-08-06&checkout=2026-08-07&dest_id=-2762812&dest_type=city&group_adults=2&req_adults=2&no_rooms=1&group_children=0&req_children=0&hpos=2&hapos=621&sr_order=popularity&srpvid=ed21559515340104&srepoch=1785759116&all_sr_blocks=1443484206_415786907_0_10_0&highlighted_blocks=1443484206_415786907_0_10_0&matching_block_id=1443484206_415786907_0_10_0&sr_pri_blocks=1443484206_415786907_0_10_0__1188000&from=searchresults,11880,9.5,4.0,"F-6 Sector, Islamabad",1.0,Standard Family Room,1 double bed,0,1,1,https://cf.bstatic.com/xdata/images/hotel/square240/777698092.webp?k=540f5a7ef714d6cf37004abb3fc7bf8e51c58942eb8cf909a07aa0a2bcdcb81c&o=,4,Islamabad
Nexus Residences,https://www.booking.com/hotel/pk/crown-lodge.en-gb.html?aid=304142&label=gen173nr-10CAQoggJCDWNpdHlfLTI3NjI4MTJICVgEaLUBiAEBmAEzuAEHyAEM2AED6AEB-AEBiAIBqAIBuAKqisLTBsACAdICJGIyYWUwNDZiLWE5YmEtNGI1Yi05MjRjLWFkYWU5NDcwN2MxM9gCAeACAQ&ucfs=1&arphpl=1&checkin=2026-08-06&checkout=2026-08-07&dest_id=-2762812&dest_type=city&group_adults=2&req_adults=2&no_rooms=1&group_children=0&req_children=0&hpos=3&hapos=622&sr_order=popularity&srpvid=ed21559515340104&srepoch=1785759116&all_sr_blocks=1562814201_427372799_2_0_0&highlighted_blocks=1562814201_427372799_2_0_0&matching_block_id=1562814201_427372799_2_0_0&sr_pri_blocks=1562814201_427372799_2_0_0__670395&from=searchresults,6704,6.2,7.0,"G-9 Sector, Islamabad",6.7,Economy Double Room,1 large double bed,0,1,1,https://cf.bstatic.com/xdata/images/hotel/square240/809617853.webp?k=c584b2faea57d7f03dcc7132a91c2d1cea3826c14851d3b171e2b582ab8488b9&o=,6,Islamabad
Elysium Capital Oasis! Opposite to Centaurus Mall,https://www.booking.com/hotel/pk/urban-oasis-retreat-1-bed-apartment.en-gb.html?aid=304142&label=gen173nr-10CAQoggJCDWNpdHlfLTI3NjI4MTJICVgEaLUBiAEBmAEzuAEHyAEM2AED6AEB-AEBiAIBqAIBuAKqisLTBsACAdICJGIyYWUwNDZiLWE5YmEtNGI1Yi05MjRjLWFkYWU5NDcwN2MxM9gCAeACAQ&ucfs=1&arphpl=1&checkin=2026-08-06&checkout=2026-08-07&dest_id=-2762812&dest_type=city&group_adults=2&req_adults=2&no_rooms=1&group_children=0&req_children=0&hpos=4&hapos=623&sr_order=popularity&srpvid=ed21559515340104&srepoch=1785759116&all_sr_blocks=1142106201_403853627_2_0_0&highlighted_blocks=1142106201_403853627_2_0_0&matching_block_id=1142106201_403853627_2_0_0&sr_pri_blocks=1142106201_403853627_2_0_0__2040000&from=searchresults,20400,9.3,47.0,Islamabad,6.4,One-Bedroom Apartment,"2 beds (1 sofa bed, 1 large double)",0,1,1,https://cf.bstatic.com/xdata/images/hotel/square240/640738705.webp?k=2db45c6b7255d336ca76f1e5a92ac072a75b889248722b20e91f5713f0731acc&o=,16,Islamabad
"Luxurious Studio with Top Amenities, Family Apartment with Self checkin",https://www.booking.com/hotel/pk/luxurious-studio-with-top-amenities-family-apartment-with-self-checkin.en-gb.html?aid=304142&label=gen173nr-10CAQoggJCDWNpdHlfLTI3NjI4MTJICVgEaLUBiAEBmAEzuAEHyAEM2AED6AEB-AEBiAIBqAIBuAKqisLTBsACAdICJGIyYWUwNDZiLWE5YmEtNGI1Yi05MjRjLWFkYWU5NDcwN2MxM9gCAeACAQ&ucfs=1&arphpl=1&checkin=2026-08-06&checkout=2026-08-07&dest_id=-2762812&dest_type=city&group_adults=2&req_adults=2&no_rooms=1&group_children=0&req_children=0&hpos=5&hapos=624&sr_order=popularity&srpvid=ed21559515340104&srepoch=1785759116&all_sr_blocks=1656023401_437522269_3_0_0&highlighted_blocks=1656023401_437522269_3_0_0&matching_block_id=1656023401_437522269_3_0_0&sr_pri_blocks=1656023401_437522269_3_0_0__750000&from=searchresults,7500,6.0,2.0,Islamabad,27.0,One-Bedroom Apartment,1 large double bed,0,1,1,https://cf.bstatic.com/xdata/images/hotel/square240/889708547.webp?k=b9b5424b3a2cac1ab9fd41ea783672ee10a1f10e43db016d09ab631038d5fcf9&o=,4,Islamabad
Luxury apartment in islamabad,https://www.booking.com/hotel/pk/luxury-apartment-in-islamabad-islamabad2.en-gb.html?aid=304142&label=gen173nr-10CAQoggJCDWNpdHlfLTI3NjI4MTJICVgEaLUBiAEBmAEzuAEHyAEM2AED6AEB-AEBiAIBqAIBuAKqisLTBsACAdICJGIyYWUwNDZiLWE5YmEtNGI1Yi05MjRjLWFkYWU5NDcwN2MxM9gCAeACAQ&ucfs=1&arphpl=1&checkin=2026-08-06&checkout=2026-08-07&dest_id=-2762812&dest_type=city&group_adults=2&req_adults=2&no_rooms=1&group_children=0&req_children=0&hpos=6&hapos=625&sr_order=popularity&srpvid=ed21559515340104&srepoch=1785759116&all_sr_blocks=1639734501_434236535_4_0_0&highlighted_blocks=1639734501_434236535_4_0_0&matching_block_id=1639734501_434236535_4_0_0&sr_pri_blocks=1639734501_434236535_4_0_0__1260000&from=searchresults,12600,,,Islamabad,24.0,One-Bedroom Apartment,1 double bed,0,0,0,https://cf.bstatic.com/xdata/images/hotel/square240/866606965.webp?k=2655b0ac5ff548fa134b9d324394b0dc9f7e365eecf7f2391253b0901c5c836c&o=,11,Islamabad
Luxury Private 2BHK Retreat with Netflix WiFi Ac & self check-in,https://www.booking.com/hotel/pk/luxury-private-2bhk-retreat-with-netflix-wifi-ac-amp-self-check-in.en-gb.html?aid=304142&label=gen173nr-10CAQoggJCDWNpdHlfLTI3NjI4MTJICVgEaLUBiAEBmAEzuAEHyAEM2AED6AEB-AEBiAIBqAIBuAKqisLTBsACAdICJGIyYWUwNDZiLWE5YmEtNGI1Yi05MjRjLWFkYWU5NDcwN2MxM9gCAeACAQ&ucfs=1&arphpl=1&checkin=2026-08-06&checkout=2026-08-07&dest_id=-2762812&dest_type=city&group_adults=2&req_adults=2&no_rooms=1&group_children=0&req_children=0&hpos=7&hapos=626&sr_order=popularity&srpvid=ed21559515340104&srepoch=1785759116&all_sr_blocks=1647205601_434666981_6_0_0&highlighted_blocks=1647205601_434666981_6_0_0&matching_block_id=1647205601_434666981_6_0_0&sr_pri_blocks=1647205601_434666981_6_0_0__1000000&from=searchresults,10000,10,1.0,Islamabad,14.1,Two-Bedroom Apartment,"3 beds (2 doubles, 1 sofa bed)",0,1,1,https://cf.bstatic.com/xdata/images/hotel/square240/880113328.webp?k=56ea05b386bee2423d32d79fddafd000a9667b21f6d594605b14bcb5a634661d&o=,4,Islamabad
Capital Villa Islamabad,https://www.booking.com/hotel/pk/casa-flainza-guest-house.en-gb.html?aid=304142&label=gen173nr-10CAQoggJCDWNpdHlfLTI3NjI4MTJICVgEaLUBiAEBmAEzuAEHyAEM2AED6AEB-AEBiAIBqAIBuAKqisLTBsACAdICJGIyYWUwNDZiLWE5YmEtNGI1Yi05MjRjLWFkYWU5NDcwN2MxM9gCAeACAQ&ucfs=1&arphpl=1&checkin=2026-08-06&checkout=2026-08-07&dest_id=-2762812&dest_type=city&group_adults=2&req_adults=2&no_rooms=1&group_children=0&req_children=0&hpos=8&hapos=627&sr_order=popularity&srpvid=ed21559515340104&srepoch=1785759116&all_sr_blocks=1629483203_433525362_2_0_0&highlighted_blocks=1629483203_433525362_2_0_0&matching_block_id=1629483203_433525362_2_0_0&sr_pri_blocks=1629483203_433525362_2_0_0__450000&from=searchresults,4500,10,3.0,"E-11 Sector, Islamabad",11.1,Deluxe Double Room,1 double bed,0,1,1,https://cf.bstatic.com/xdata/images/hotel/square240/886557993.webp?k=1a70daa5455889e83a4ca9a8202c6ae644d267f7efdb04be713624ae0b7cb191&o=,4,Islamabad
Grand Royal Hotel & Suites,https://www.booking.com/hotel/pk/sigma-lounge-islamabad1.en-gb.html?aid=304142&label=gen173nr-10CAQoggJCDWNpdHlfLTI3NjI4MTJICVgEaLUBiAEBmAEzuAEHyAEM2AED6AEB-AEBiAIBqAIBuAKqisLTBsACAdICJGIyYWUwNDZiLWE5YmEtNGI1Yi05MjRjLWFkYWU5NDcwN2MxM9gCAeACAQ&ucfs=1&arphpl=1&checkin=2026-08-06&checkout=2026-08-07&dest_id=-2762812&dest_type=city&group_adults=2&req_adults=2&no_rooms=1&group_children=0&req_children=0&hpos=9&hapos=628&sr_order=popularity&srpvid=ed21559515340104&srepoch=1785759116&all_sr_blocks=1211012304_393271463_3_41_0&highlighted_blocks=1211012304_393271463_3_41_0&matching_block_id=1211012304_393271463_3_41_0&sr_pri_blocks=1211012304_393271463_3_41_0__950000&from=searchresults,9500,6.1,11.0,"F-8 Sector, Islamabad",4.7,Superior King Room,"2 beds (1 single, 1 extra-large double)",1,0,1,https://cf.bstatic.com/xdata/images/hotel/square240/766960695.webp?k=72b63ae77ab7749c922b01882cf743974464d20320f823a103c8766a7e999ae5&o=,3,Islamabad
Islamabad Airport Transit Lodge,https://www.booking.com/hotel/pk/islamabad-airport-transit-lodge.en-gb.html?aid=304142&label=gen173nr-10CAQoggJCDWNpdHlfLTI3NjI4MTJICVgEaLUBiAEBmAEzuAEHyAEM2AED6AEB-AEBiAIBqAIBuAKqisLTBsACAdICJGIyYWUwNDZiLWE5YmEtNGI1Yi05MjRjLWFkYWU5NDcwN2MxM9gCAeACAQ&ucfs=1&arphpl=1&checkin=2026-08-06&checkout=2026-08-07&dest_id=-2762812&dest_type=city&group_adults=2&req_adults=2&no_rooms=1&group_children=0&req_children=0&hpos=10&hapos=629&sr_order=popularity&srpvid=ed21559515340104&srepoch=1785759116&all_sr_blocks=1621287401_432939982_2_2_0&highlighted_blocks=1621287401_432939982_2_2_0&matching_block_id=1621287401_432939982_2_2_0&sr_pri_blocks=1621287401_432939982_2_2_0__666400&from=searchresults,6664,10,1.0,Islamabad,26.4,One-Bedroom Apartment,"2 beds (1 extra-large double, 1 sofa bed)",0,1,1,https://cf.bstatic.com/xdata/images/hotel/square240/856271759.webp?k=acc5edf1a6aec75fa9beaf1b96770ecdbb1a83f50758fbc69a2a10b920b7033b&o=,4,Islamabad
Bella Hotel,https://www.booking.com/hotel/pk/bella-view-lounge.en-gb.html?aid=304142&label=gen173nr-10CAQoggJCDWNpdHlfLTI3NjI4MTJICVgEaLUBiAEBmAEzuAEHyAEM2AED6AEB-AEBiAIBqAIBuAKqisLTBsACAdICJGIyYWUwNDZiLWE5YmEtNGI1Yi05MjRjLWFkYWU5NDcwN2MxM9gCAeACAQ&ucfs=1&arphpl=1&checkin=2026-08-06&checkout=2026-08-07&dest_id=-2762812&dest_type=city&group_adults=2&req_adults=2&no_rooms=1&group_children=0&req_children=0&hpos=11&hapos=630&sr_order=popularity&srpvid=ed21559515340104&srepoch=1785759116&all_sr_blocks=126616104_415507273_2_1_0&highlighted_blocks=126616104_415507273_2_1_0&matching_block_id=126616104_415507273_2_1_0&sr_pri_blocks=126616104_415507273_2_1_0__2380000&from=searchresults,23800,7.9,12.0,"F-8 Sector, Islamabad",4.4,Deluxe Twin Room,2 double beds,1,0,1,https://cf.bstatic.com/xdata/images/hotel/square240/63984890.webp?k=2b3222a350f223e0877ee3505493cc940e35d8e90cefaae89d7fd9d0daccb088&o=,13,Islamabad
Centaurus Two Bed Mountain View,https://www.booking.com/hotel/pk/centaurus-three-bed-mountain-view-islamabad.en-gb.html?aid=304142&label=gen173nr-10CAQoggJCDWNpdHlfLTI3NjI4MTJICVgEaLUBiAEBmAEzuAEHyAEM2AED6AEB-AEBiAIBqAIBuAKqisLTBsACAdICJGIyYWUwNDZiLWE5YmEtNGI1Yi05MjRjLWFkYWU5NDcwN2MxM9gCAeACAQ&ucfs=1&arphpl=1&checkin=2026-08-06&checkout=2026-08-07&dest_id=-2762812&dest_type=city&group_adults=2&req_adults=2&no_rooms=1&group_children=0&req_children=0&hpos=12&hapos=631&sr_order=popularity&srpvid=ed21559515340104&srepoch=1785759116&all_sr_blocks=1521525901_423814027_6_0_0_1277841&highlighted_blocks=1521525901_423814027_6_0_0_1277841&matching_block_id=1521525901_423814027_6_0_0_1277841&sr_pri_blocks=1521525901_423814027_6_0_0_1277841_4702500&from=searchresults,47025,9.5,2.0,"Blue Area, Islamabad",4.6,Two-Bedroom Apartment,"3 beds (1 sofa bed, 2 large doubles)",0,0,0,https://cf.bstatic.com/xdata/images/hotel/square240/772334491.webp?k=aac1dba5dbee4eab858972530048a06dfd193df6fe99dbcec74febae1147de13&o=,12,Islamabad
Luxury Guest House,https://www.booking.com/hotel/pk/luxury-guest-house-islamabad6.en-gb.html?aid=304142&label=gen173nr-10CAQoggJCDWNpdHlfLTI3NjI4MTJICVgEaLUBiAEBmAEzuAEHyAEM2AED6AEB-AEBiAIBqAIBuAKqisLTBsACAdICJGIyYWUwNDZiLWE5YmEtNGI1Yi05MjRjLWFkYWU5NDcwN2MxM9gCAeACAQ&ucfs=1&arphpl=1&checkin=2026-08-06&checkout=2026-08-07&dest_id=-2762812&dest_type=city&group_adults=2&req_adults=2&no_rooms=1&group_children=0&req_children=0&hpos=13&hapos=632&sr_order=popularity&srpvid=ed21559515340104&srepoch=1785759116&all_sr_blocks=1405141001_0_2_0_0&highlighted_blocks=1405141001_0_2_0_0&matching_block_id=1405141001_0_2_0_0&sr_pri_blocks=1405141001_0_2_0_0__223693&from=searchresults,2237,5.0,3.0,"G-9 Sector, Islamabad",6.8,Double Room,1 large double bed,0,0,0,https://cf.bstatic.com/xdata/images/hotel/square240/677281637.webp?k=9118c422fdaafd8d8739fa127cae1aaceb799602a17d6f2616ac690655678e4c&o=,6,Islamabad
Furnished Apartment for Short term Stay,https://www.booking.com/hotel/pk/furnished-appartment-for-rent-daily-weekly-monthly.en-gb.html?aid=304142&label=gen173nr-10CAQoggJCDWNpdHlfLTI3NjI4MTJICVgEaLUBiAEBmAEzuAEHyAEM2AED6AEB-AEBiAIBqAIBuAKqisLTBsACAdICJGIyYWUwNDZiLWE5YmEtNGI1Yi05MjRjLWFkYWU5NDcwN2MxM9gCAeACAQ&ucfs=1&arphpl=1&checkin=2026-08-06&checkout=2026-08-07&dest_id=-2762812&dest_type=city&group_adults=2&req_adults=2&no_rooms=1&group_children=0&req_children=0&hpos=14&hapos=633&sr_order=popularity&srpvid=ed21559515340104&srepoch=1785759116&all_sr_blocks=1526008701_424218731_2_0_0&highlighted_blocks=1526008701_424218731_2_0_0&matching_block_id=1526008701_424218731_2_0_0&sr_pri_blocks=1526008701_424218731_2_0_0__700000&from=searchresults,7000,1.0,1.0,Islamabad,15.2,Classic One-Bedroom Apartment with King Bed,Classic One-Bedroom Apartment with King Bed,0,1,1,https://cf.bstatic.com/xdata/images/hotel/square240/788319043.webp?k=d7b866d4086ae63f6aaf3e1c14455cbb65a4b5f42c7ae0f4b72d739fdec41ba8&o=,4,Islamabad
Staymex Studio,https://www.booking.com/hotel/pk/staymex-studio.en-gb.html?aid=304142&label=gen173nr-10CAQoggJCDWNpdHlfLTI3NjI4MTJICVgEaLUBiAEBmAEzuAEHyAEM2AED6AEB-AEBiAIBqAIBuAKqisLTBsACAdICJGIyYWUwNDZiLWE5YmEtNGI1Yi05MjRjLWFkYWU5NDcwN2MxM9gCAeACAQ&ucfs=1&arphpl=1&checkin=2026-08-06&checkout=2026-08-07&dest_id=-2762812&dest_type=city&group_adults=2&req_adults=2&no_rooms=1&group_children=0&req_children=0&hpos=15&hapos=634&sr_order=popularity&srpvid=ed21559515340104&srepoch=1785759116&all_sr_blocks=1552867001_426460751_2_0_0&highlighted_blocks=1552867001_426460751_2_0_0&matching_block_id=1552867001_426460751_2_0_0&sr_pri_blocks=1552867001_426460751_2_0_0__400000&from=searchresults,4000,1.0,1.0,Islamabad,20.3,One-Bedroom Apartment,1 extra-large double bed,0,1,1,https://cf.bstatic.com/xdata/images/hotel/square240/798984578.webp?k=6fbba395a883770d47213d5f6810cd2bf7c0e8746d0152d455b1609e861c50a3&o=,4,Islamabad
Guest House Near Gerry's Visa Centre & NIH Islamabad,https://www.booking.com/hotel/pk/breadandbed-guesthouses-islamabad.en-gb.html?aid=304142&label=gen173nr-10CAQoggJCDWNpdHlfLTI3NjI4MTJICVgEaLUBiAEBmAEzuAEHyAEM2AED6AEB-AEBiAIBqAIBuAKqisLTBsACAdICJGIyYWUwNDZiLWE5YmEtNGI1Yi05MjRjLWFkYWU5NDcwN2MxM9gCAeACAQ&ucfs=1&arphpl=1&checkin=2026-08-06&checkout=2026-08-07&dest_id=-2762812&dest_type=city&group_adults=2&req_adults=2&no_rooms=1&group_children=0&req_children=0&hpos=16&hapos=635&sr_order=popularity&srpvid=ed21559515340104&srepoch=1785759116&all_sr_blocks=1684693301_440134439_2_2_0&highlighted_blocks=1684693301_440134439_2_2_0&matching_block_id=1684693301_440134439_2_2_0&sr_pri_blocks=1684693301_440134439_2_2_0__541875&from=searchresults,5419,,,Islamabad,9.9,Deluxe Room,1 large double bed,0,1,1,https://cf.bstatic.com/xdata/images/hotel/square240/898955371.webp?k=08221e9ddad5ebab15c09ab59367ae36f01be096963f54ba52e309a7665bf38a&o=,5,Islamabad
Elysium Tower Elegant Luxury Stay In Islamabad,https://www.booking.com/hotel/pk/elysium-tower-elegant-luxury-stay-in-islamabad.en-gb.html?aid=304142&label=gen173nr-10CAQoggJCDWNpdHlfLTI3NjI4MTJICVgEaLUBiAEBmAEzuAEHyAEM2AED6AEB-AEBiAIBqAIBuAKqisLTBsACAdICJGIyYWUwNDZiLWE5YmEtNGI1Yi05MjRjLWFkYWU5NDcwN2MxM9gCAeACAQ&ucfs=1&arphpl=1&checkin=2026-08-06&checkout=2026-08-07&dest_id=-2762812&dest_type=city&group_adults=2&req_adults=2&no_rooms=1&group_children=0&req_children=0&hpos=17&hapos=636&sr_order=popularity&srpvid=ed21559515340104&srepoch=1785759116&all_sr_blocks=1668898401_438700920_4_0_0&highlighted_blocks=1668898401_438700920_4_0_0&matching_block_id=1668898401_438700920_4_0_0&sr_pri_blocks=1668898401_438700920_4_0_0__2960000&from=searchresults,29600,,,"Blue Area, Islamabad",4.6,Two-Bedroom Apartment,2 large double beds,0,1,1,https://cf.bstatic.com/xdata/images/hotel/square240/884313450.webp?k=a3ad197c7060da0f99119f4d62d46ad12620deb0c5c704a9ad8e01fda0484235&o=,5,Islamabad
"Comfort Hub Elegant 1BR Apt,Perfect for couples,tourists,4k Netflix,wifi",https://www.booking.com/hotel/pk/best-place-of-couple-and-families.en-gb.html?aid=304142&label=gen173nr-10CAQoggJCDWNpdHlfLTI3NjI4MTJICVgEaLUBiAEBmAEzuAEHyAEM2AED6AEB-AEBiAIBqAIBuAKqisLTBsACAdICJGIyYWUwNDZiLWE5YmEtNGI1Yi05MjRjLWFkYWU5NDcwN2MxM9gCAeACAQ&ucfs=1&arphpl=1&checkin=2026-08-06&checkout=2026-08-07&dest_id=-2762812&dest_type=city&group_adults=2&req_adults=2&no_rooms=1&group_children=0&req_children=0&hpos=18&hapos=637&sr_order=popularity&srpvid=ed21559515340104&srepoch=1785759116&all_sr_blocks=657823101_269846989_3_0_0&highlighted_blocks=657823101_269846989_3_0_0&matching_block_id=657823101_269846989_3_0_0&sr_pri_blocks=657823101_269846989_3_0_0__719920&from=searchresults,7199,7.6,9.0,"E-11 Sector, Islamabad",11.4,Apartment,"3 beds (1 extra-large double, 2 sofa beds)",0,1,1,https://cf.bstatic.com/xdata/images/hotel/square240/490532596.webp?k=c1c76e67fa86b7439e605f14712f845565bbcc54a91cec92aeb36f733d757bc2&o=,13,Islamabad
"Golf Rest House, Faisal Town",https://www.booking.com/hotel/pk/lmc-accommodations-faisal-town.en-gb.html?aid=304142&label=gen173nr-10CAQoggJCDWNpdHlfLTI3NjI4MTJICVgEaLUBiAEBmAEzuAEHyAEM2AED6AEB-AEBiAIBqAIBuAKqisLTBsACAdICJGIyYWUwNDZiLWE5YmEtNGI1Yi05MjRjLWFkYWU5NDcwN2MxM9gCAeACAQ&ucfs=1&arphpl=1&checkin=2026-08-06&checkout=2026-08-07&dest_id=-2762812&dest_type=city&group_adults=2&req_adults=2&no_rooms=1&group_children=0&req_children=0&hpos=19&hapos=638&sr_order=popularity&srpvid=ed21559515340104&srepoch=1785759116&all_sr_blocks=1274149303_400229874_5_0_0&highlighted_blocks=1274149303_400229874_5_0_0&matching_block_id=1274149303_400229874_5_0_0&sr_pri_blocks=1274149303_400229874_5_0_0__635000&from=searchresults,6350,,,Islamabad,24.8,Deluxe Family Room,"4 beds (1 extra-large double, 3 futons)",0,1,1,https://cf.bstatic.com/xdata/images/hotel/square240/594024175.webp?k=480daee72c25b7b305cad9c278eb50de94dcae525bd8d8b78ed7231cce91139c&o=,4,Islamabad
S Chalet Islamabad,https://www.booking.com/hotel/pk/chalet-islamabad.en-gb.html?aid=304142&label=gen173nr-10CAQoggJCDWNpdHlfLTI3NjI4MTJICVgEaLUBiAEBmAEzuAEHyAEM2AED6AEB-AEBiAIBqAIBuAKqisLTBsACAdICJGIyYWUwNDZiLWE5YmEtNGI1Yi05MjRjLWFkYWU5NDcwN2MxM9gCAeACAQ&ucfs=1&arphpl=1&checkin=2026-08-06&checkout=2026-08-07&dest_id=-2762812&dest_type=city&group_adults=2&req_adults=2&no_rooms=1&group_children=0&req_children=0&hpos=20&hapos=639&sr_order=popularity&srpvid=ed21559515340104&srepoch=1785759116&all_sr_blocks=149200809_379312387_3_41_0_1311193&highlighted_blocks=149200809_379312387_3_41_0_1311193&matching_block_id=149200809_379312387_3_41_0_1311193&sr_pri_blocks=149200809_379312387_3_41_0_1311193_2565000&from=searchresults,25650,8.4,80.0,"F-6 Sector, Islamabad",0.9,Double or Twin Room,Beds: 1 double or 2 singles,1,1,0,https://cf.bstatic.com/xdata/images/hotel/square240/53984384.webp?k=cb2ebf0581e651a24de2b1eb525b098ba422aff21a7f4b9de3a1ca315959a6e3&o=,12,Islamabad
Islamabad Guest house,https://www.booking.com/hotel/pk/islamabad-guest-house-islamabad77.en-gb.html?aid=304142&label=gen173nr-10CAQoggJCDWNpdHlfLTI3NjI4MTJICVgEaLUBiAEBmAEzuAEHyAEM2AED6AEB-AEBiAIBqAIBuAKqisLTBsACAdICJGIyYWUwNDZiLWE5YmEtNGI1Yi05MjRjLWFkYWU5NDcwN2MxM9gCAeACAQ&ucfs=1&arphpl=1&checkin=2026-08-06&checkout=2026-08-07&dest_id=-2762812&dest_type=city&group_adults=2&req_adults=2&no_rooms=1&group_children=0&req_children=0&hpos=21&hapos=640&sr_order=popularity&srpvid=ed21559515340104&srepoch=1785759116&all_sr_blocks=1603452003_431293804_3_0_0&highlighted_blocks=1603452003_431293804_3_0_0&matching_block_id=1603452003_431293804_3_0_0&sr_pri_blocks=1603452003_431293804_3_0_0__850000&from=searchresults,8500,1.0,1.0,"F-7 Sector, Islamabad",4.1,Deluxe Double Room,"2 beds (1 double, 1 futon)",0,1,1,https://cf.bstatic.com/xdata/images/hotel/square240/841461655.webp?k=667b4c3d89e85488dadcc668f59bf0ab4d16750a3eac6355c7f7fd34768491a8&o=,4,Islamabad
Family Apart ISB F-11 #5,https://www.booking.com/hotel/pk/family-apart-isb-f-11-5.en-gb.html?aid=304142&label=gen173nr-10CAQoggJCDWNpdHlfLTI3NjI4MTJICVgEaLUBiAEBmAEzuAEHyAEM2AED6AEB-AEBiAIBqAIBuAKqisLTBsACAdICJGIyYWUwNDZiLWE5YmEtNGI1Yi05MjRjLWFkYWU5NDcwN2MxM9gCAeACAQ&ucfs=1&arphpl=1&checkin=2026-08-06&checkout=2026-08-07&dest_id=-2762812&dest_type=city&group_adults=2&req_adults=2&no_rooms=1&group_children=0&req_children=0&hpos=22&hapos=641&sr_order=popularity&srpvid=ed21559515340104&srepoch=1785759116&all_sr_blocks=1182357203_390660243_2_0_0&highlighted_blocks=1182357203_390660243_2_0_0&matching_block_id=1182357203_390660243_2_0_0&sr_pri_blocks=1182357203_390660243_2_0_0__900000&from=searchresults,9000,6.0,7.0,Islamabad,11.0,One-Bedroom Premium Apartment,1 large double bed,0,1,1,https://cf.bstatic.com/xdata/images/hotel/square240/652699686.webp?k=e07918a87da5535fbdeddeeae123244d34aad6381facc8f647e00d3ca44dc1d6&o=,4,Islamabad
Luxury 2-Bedroom Apartment with Balcony Skypark One Gulberg Greens Islamabad,https://www.booking.com/hotel/pk/luxury-2-bedroom-apartment-with-balcony-skypark-one-gulberg-greens-islamabad.en-gb.html?aid=304142&label=gen173nr-10CAQoggJCDWNpdHlfLTI3NjI4MTJICVgEaLUBiAEBmAEzuAEHyAEM2AED6AEB-AEBiAIBqAIBuAKqisLTBsACAdICJGIyYWUwNDZiLWE5YmEtNGI1Yi05MjRjLWFkYWU5NDcwN2MxM9gCAeACAQ&ucfs=1&arphpl=1&checkin=2026-08-06&checkout=2026-08-07&dest_id=-2762812&dest_type=city&group_adults=2&req_adults=2&no_rooms=1&group_children=0&req_children=0&hpos=23&hapos=642&sr_order=popularity&srpvid=ed21559515340104&srepoch=1785759116&all_sr_blocks=1525155201_424140859_6_0_0&highlighted_blocks=1525155201_424140859_6_0_0&matching_block_id=1525155201_424140859_6_0_0&sr_pri_blocks=1525155201_424140859_6_0_0__2065500&from=searchresults,20655,7.5,10.0,Islamabad,15.3,Apartment,2 large double beds,0,0,0,https://cf.bstatic.com/xdata/images/hotel/square240/882351781.webp?k=a3fa2fe68d8976d73283f00c6403ea9bfb263fad2acd06e2675c9a593928a71f&o=,12,Islamabad
Modern 3-Bed Retreat E11 PEACEFUL,https://www.booking.com/hotel/pk/e11-hill-view-home.en-gb.html?aid=304142&label=gen173nr-10CAQoggJCDWNpdHlfLTI3NjI4MTJICVgEaLUBiAEBmAEzuAEHyAEM2AED6AEB-AEBiAIBqAIBuAKqisLTBsACAdICJGIyYWUwNDZiLWE5YmEtNGI1Yi05MjRjLWFkYWU5NDcwN2MxM9gCAeACAQ&ucfs=1&arphpl=1&checkin=2026-08-06&checkout=2026-08-07&dest_id=-2762812&dest_type=city&group_adults=2&req_adults=2&no_rooms=1&group_children=0&req_children=0&hpos=24&hapos=643&sr_order=popularity&srpvid=ed21559515340104&srepoch=1785759116&all_sr_blocks=1390471901_414930960_2_0_0&highlighted_blocks=1390471901_414930960_2_0_0&matching_block_id=1390471901_414930960_2_0_0&sr_pri_blocks=1390471901_414930960_2_0_0__1260000&from=searchresults,12600,9.7,3.0,"E-11 Sector, Islamabad",10.5,Three-Bedroom House,"6 beds (2 extra-large doubles, 4 sofa beds)",0,0,1,https://cf.bstatic.com/xdata/images/hotel/square240/722262139.webp?k=b595d4316c0be4db89e56b666d6c7cd132a0aa2695bba46c3f4be6feb433ddea&o=,3,Islamabad
Gofas Lodge,https://www.booking.com/hotel/pk/gofas-lodge.en-gb.html?aid=304142&label=gen173nr-10CAQoggJCDWNpdHlfLTI3NjI4MTJICVgEaLUBiAEBmAEzuAEHyAEM2AED6AEB-AEBiAIBqAIBuAKqisLTBsACAdICJGIyYWUwNDZiLWE5YmEtNGI1Yi05MjRjLWFkYWU5NDcwN2MxM9gCAeACAQ&ucfs=1&arphpl=1&checkin=2026-08-06&checkout=2026-08-07&dest_id=-2762812&dest_type=city&group_adults=2&req_adults=2&no_rooms=1&group_children=0&req_children=0&hpos=1&hapos=644&sr_order=popularity&srpvid=ed21559515340104&srepoch=1785759122&all_sr_blocks=0_0_2_1_0&highlighted_blocks=0_0_2_1_0&matching_block_id=0_0_2_1_0&sr_pri_blocks=0_0_2_1_0__991475&from=searchresults,9915,7.6,52.0,"F-7 Sector, Islamabad",4.2,Design Double Room,1 double bed,1,0,0,https://cf.bstatic.com/xdata/images/hotel/square240/211099223.webp?k=b4512e32b748abcdf37d8cbacf9c8a1b45f075ea3eaaf279aff12ca24c6f95c8&o=,11,Islamabad
The onyx tower 2 bed Apartment,https://www.booking.com/hotel/pk/the-onyx-tower-2-bed-apartment.en-gb.html?aid=304142&label=gen173nr-10CAQoggJCDWNpdHlfLTI3NjI4MTJICVgEaLUBiAEBmAEzuAEHyAEM2AED6AEB-AEBiAIBqAIBuAKqisLTBsACAdICJGIyYWUwNDZiLWE5YmEtNGI1Yi05MjRjLWFkYWU5NDcwN2MxM9gCAeACAQ&ucfs=1&arphpl=1&checkin=2026-08-06&checkout=2026-08-07&dest_id=-2762812&dest_type=city&group_adults=2&req_adults=2&no_rooms=1&group_children=0&req_children=0&hpos=2&hapos=645&sr_order=popularity&srpvid=ed21559515340104&srepoch=1785759122&all_sr_blocks=1572445101_428294261_4_0_0&highlighted_blocks=1572445101_428294261_4_0_0&matching_block_id=1572445101_428294261_4_0_0&sr_pri_blocks=1572445101_428294261_4_0_0__800000&from=searchresults,8000,,,"E-11 Sector, Islamabad",11.9,One-Bedroom Apartment,2 double beds,0,1,1,https://cf.bstatic.com/xdata/images/hotel/square240/815339365.webp?k=de55a5317bf5cd68018fdfd16ec1e4fc4438d95b2415122e6b40a6c757fbcfe0&o=,4,Islamabad
Stay In Heart of Islamabad,https://www.booking.com/hotel/pk/the-eastern-lodge-guest-house-islamabad.en-gb.html?aid=304142&label=gen173nr-10CAQoggJCDWNpdHlfLTI3NjI4MTJICVgEaLUBiAEBmAEzuAEHyAEM2AED6AEB-AEBiAIBqAIBuAKqisLTBsACAdICJGIyYWUwNDZiLWE5YmEtNGI1Yi05MjRjLWFkYWU5NDcwN2MxM9gCAeACAQ&ucfs=1&arphpl=1&checkin=2026-08-06&checkout=2026-08-07&dest_id=-2762812&dest_type=city&group_adults=2&req_adults=2&no_rooms=1&group_children=0&req_children=0&hpos=3&hapos=646&sr_order=popularity&srpvid=ed21559515340104&srepoch=1785759122&all_sr_blocks=1696768001_441355243_2_0_0&highlighted_blocks=1696768001_441355243_2_0_0&matching_block_id=1696768001_441355243_2_0_0&sr_pri_blocks=1696768001_441355243_2_0_0__852000&from=searchresults,8520,,,"F-6 Sector, Islamabad",1.6,Budget Double or Twin Room,1 double bed,0,1,1,https://cf.bstatic.com/xdata/images/hotel/square240/901405108.webp?k=90ba239607239af8e9ecd7dfbb6a8e3ff8fec815f24603b1aeb2258154fa9786&o=,5,Islamabad
High-Rise Presidential Suites In Elysium Downtown Islamabad,https://www.booking.com/hotel/pk/presidential-suite-by-wall-street-inc.en-gb.html?aid=304142&label=gen173nr-10CAQoggJCDWNpdHlfLTI3NjI4MTJICVgEaLUBiAEBmAEzuAEHyAEM2AED6AEB-AEBiAIBqAIBuAKqisLTBsACAdICJGIyYWUwNDZiLWE5YmEtNGI1Yi05MjRjLWFkYWU5NDcwN2MxM9gCAeACAQ&ucfs=1&arphpl=1&checkin=2026-08-06&checkout=2026-08-07&dest_id=-2762812&dest_type=city&group_adults=2&req_adults=2&no_rooms=1&group_children=0&req_children=0&hpos=4&hapos=647&sr_order=popularity&srpvid=ed21559515340104&srepoch=1785759122&all_sr_blocks=1054220601_384108516_2_0_0&highlighted_blocks=1054220601_384108516_2_0_0&matching_block_id=1054220601_384108516_2_0_0&sr_pri_blocks=1054220601_384108516_2_0_0__2975000&from=searchresults,29750,10,2.0,"Blue Area, Islamabad",4.6,Apartment with Mountain View,"3 beds (1 extra-large double, 1 sofa bed, 1 large double)",0,1,0,https://cf.bstatic.com/xdata/images/hotel/square240/897796973.webp?k=bbc9187537490571e20a2aca62673c903047a4a175719f4cf04f9be722cf84fc&o=,11,Islamabad
Prestige Palace,https://www.booking.com/hotel/pk/grace-view-guesthouse-islamabad.en-gb.html?aid=304142&label=gen173nr-10CAQoggJCDWNpdHlfLTI3NjI4MTJICVgEaLUBiAEBmAEzuAEHyAEM2AED6AEB-AEBiAIBqAIBuAKqisLTBsACAdICJGIyYWUwNDZiLWE5YmEtNGI1Yi05MjRjLWFkYWU5NDcwN2MxM9gCAeACAQ&ucfs=1&arphpl=1&checkin=2026-08-06&checkout=2026-08-07&dest_id=-2762812&dest_type=city&group_adults=2&req_adults=2&no_rooms=1&group_children=0&req_children=0&hpos=5&hapos=648&sr_order=popularity&srpvid=ed21559515340104&srepoch=1785759122&all_sr_blocks=1493539402_421008965_2_2_0&highlighted_blocks=1493539402_421008965_2_2_0&matching_block_id=1493539402_421008965_2_2_0&sr_pri_blocks=1493539402_421008965_2_2_0__720000&from=searchresults,7200,1.0,1.0,"E-11 Sector, Islamabad",11.5,Two-Bedroom Apartment,2 extra-large double beds,0,0,0,https://cf.bstatic.com/xdata/images/hotel/square240/899194097.webp?k=2e7f424296cc2291fab9b6468051724f3f7c313277dca3c077e8c06994366d44&o=,11,Islamabad
Royal 1,https://www.booking.com/hotel/pk/royal-1-islamabad1.en-gb.html?aid=304142&label=gen173nr-10CAQoggJCDWNpdHlfLTI3NjI4MTJICVgEaLUBiAEBmAEzuAEHyAEM2AED6AEB-AEBiAIBqAIBuAKqisLTBsACAdICJGIyYWUwNDZiLWE5YmEtNGI1Yi05MjRjLWFkYWU5NDcwN2MxM9gCAeACAQ&ucfs=1&arphpl=1&checkin=2026-08-06&checkout=2026-08-07&dest_id=-2762812&dest_type=city&group_adults=2&req_adults=2&no_rooms=1&group_children=0&req_children=0&hpos=6&hapos=649&sr_order=popularity&srpvid=ed21559515340104&srepoch=1785759122&all_sr_blocks=1461894801_417495324_3_2_0&highlighted_blocks=1461894801_417495324_3_2_0&matching_block_id=1461894801_417495324_3_2_0&sr_pri_blocks=1461894801_417495324_3_2_0__700000&from=searchresults,7000,1.0,1.0,Islamabad,9.3,Family Studio,2 large double beds,0,1,1,https://cf.bstatic.com/xdata/images/hotel/square240/718340209.webp?k=419c482471bb49a163178e9acb1046834489019dd62201286ac7a338cbbcbf76&o=,4,Islamabad
Prime Luxury Elysium Suites Islamabad,https://www.booking.com/hotel/pk/elysium-service-apartment-blue-area-islamabad-by-lmy.en-gb.html?aid=304142&label=gen173nr-10CAQoggJCDWNpdHlfLTI3NjI4MTJICVgEaLUBiAEBmAEzuAEHyAEM2AED6AEB-AEBiAIBqAIBuAKqisLTBsACAdICJGIyYWUwNDZiLWE5YmEtNGI1Yi05MjRjLWFkYWU5NDcwN2MxM9gCAeACAQ&ucfs=1&arphpl=1&checkin=2026-08-06&checkout=2026-08-07&dest_id=-2762812&dest_type=city&group_adults=2&req_adults=2&no_rooms=1&group_children=0&req_children=0&hpos=7&hapos=650&sr_order=popularity&srpvid=ed21559515340104&srepoch=1785759122&all_sr_blocks=1592491003_430314625_0_0_0&highlighted_blocks=1592491003_430314625_0_0_0&matching_block_id=1592491003_430314625_0_0_0&sr_pri_blocks=1592491003_430314625_0_0_0__2412000&from=searchresults,24120,7.9,8.0,"Blue Area, Islamabad",4.6,Studio Apartment,1 double bed,0,0,0,https://cf.bstatic.com/xdata/images/hotel/square240/885353013.webp?k=089825aa1c1a399443dd8753e0574ec7211416c1507d5fd0ec562c0d4c11c901&o=,10,Islamabad
Ginza Tower,https://www.booking.com/hotel/pk/ginza-tower-islamabad.en-gb.html?aid=304142&label=gen173nr-10CAQoggJCDWNpdHlfLTI3NjI4MTJICVgEaLUBiAEBmAEzuAEHyAEM2AED6AEB-AEBiAIBqAIBuAKqisLTBsACAdICJGIyYWUwNDZiLWE5YmEtNGI1Yi05MjRjLWFkYWU5NDcwN2MxM9gCAeACAQ&ucfs=1&arphpl=1&checkin=2026-08-06&checkout=2026-08-07&dest_id=-2762812&dest_type=city&group_adults=2&req_adults=2&no_rooms=1&group_children=0&req_children=0&hpos=8&hapos=651&sr_order=popularity&srpvid=ed21559515340104&srepoch=1785759122&all_sr_blocks=1620700201_432891567_5_0_0&highlighted_blocks=1620700201_432891567_5_0_0&matching_block_id=1620700201_432891567_5_0_0&sr_pri_blocks=1620700201_432891567_5_0_0__650000&from=searchresults,6500,,,Islamabad,23.8,Two-Bedroom Apartment,"5 beds (2 singles, 1 double, 1 sofa bed, 1 large double)",0,1,1,https://cf.bstatic.com/xdata/images/hotel/square240/855864064.webp?k=49d544ffd1986fdd353f3452e6e95bba38ace463d15a1f744c7aafd727dea685&o=,4,Islamabad
"Raza Khan, Two bedrooms Apartment, Millennium Heights",https://www.booking.com/hotel/pk/raza-khan-two-bedrooms-apartment-millennium-heights.en-gb.html?aid=304142&label=gen173nr-10CAQoggJCDWNpdHlfLTI3NjI4MTJICVgEaLUBiAEBmAEzuAEHyAEM2AED6AEB-AEBiAIBqAIBuAKqisLTBsACAdICJGIyYWUwNDZiLWE5YmEtNGI1Yi05MjRjLWFkYWU5NDcwN2MxM9gCAeACAQ&ucfs=1&arphpl=1&checkin=2026-08-06&checkout=2026-08-07&dest_id=-2762812&dest_type=city&group_adults=2&req_adults=2&no_rooms=1&group_children=0&req_children=0&hpos=9&hapos=652&sr_order=popularity&srpvid=ed21559515340104&srepoch=1785759122&all_sr_blocks=1659812601_437873059_5_0_0&highlighted_blocks=1659812601_437873059_5_0_0&matching_block_id=1659812601_437873059_5_0_0&sr_pri_blocks=1659812601_437873059_5_0_0__1400000&from=searchresults,14000,10,1.0,Islamabad,10.8,Two-Bedroom Apartment,"4 beds (2 singles, 1 sofa bed, 1 large double)",0,1,1,https://cf.bstatic.com/xdata/images/hotel/square240/878584608.webp?k=d70d32d6f26a8e319b4c4d3be220ad63d6d1909b2b2b7e3982493a5d9371c2c7&o=,4,Islamabad
2 BHK Starry Night Penthouse,https://www.booking.com/hotel/pk/stary-night-pent-house.en-gb.html?aid=304142&label=gen173nr-10CAQoggJCDWNpdHlfLTI3NjI4MTJICVgEaLUBiAEBmAEzuAEHyAEM2AED6AEB-AEBiAIBqAIBuAKqisLTBsACAdICJGIyYWUwNDZiLWE5YmEtNGI1Yi05MjRjLWFkYWU5NDcwN2MxM9gCAeACAQ&ucfs=1&arphpl=1&checkin=2026-08-06&checkout=2026-08-07&dest_id=-2762812&dest_type=city&group_adults=2&req_adults=2&no_rooms=1&group_children=0&req_children=0&hpos=10&hapos=653&sr_order=popularity&srpvid=ed21559515340104&srepoch=1785759122&all_sr_blocks=1610749101_431985214_3_2_0&highlighted_blocks=1610749101_431985214_3_2_0&matching_block_id=1610749101_431985214_3_2_0&sr_pri_blocks=1610749101_431985214_3_2_0__1440000&from=searchresults,14400,10,2.0,Islamabad,12.8,Two-Bedroom Apartment,"5 beds (2 singles, 1 double, 2 sofa beds)",0,1,1,https://cf.bstatic.com/xdata/images/hotel/square240/865825972.webp?k=e6e6458b0c379b0ab5fb98002987490bf0e3896242a223bea287dac28f69308c&o=,4,Islamabad
LMY Hospitality - Elysium Hotel Seviced Apartments Opp Centaurus Mall islamabad,https://www.booking.com/hotel/pk/dbsibwuwh.en-gb.html?aid=304142&label=gen173nr-10CAQoggJCDWNpdHlfLTI3NjI4MTJICVgEaLUBiAEBmAEzuAEHyAEM2AED6AEB-AEBiAIBqAIBuAKqisLTBsACAdICJGIyYWUwNDZiLWE5YmEtNGI1Yi05MjRjLWFkYWU5NDcwN2MxM9gCAeACAQ&ucfs=1&arphpl=1&checkin=2026-08-06&checkout=2026-08-07&dest_id=-2762812&dest_type=city&group_adults=2&req_adults=2&no_rooms=1&group_children=0&req_children=0&hpos=11&hapos=654&sr_order=popularity&srpvid=ed21559515340104&srepoch=1785759122&all_sr_blocks=1697990301_441469470_2_1_0&highlighted_blocks=1697990301_441469470_2_1_0&matching_block_id=1697990301_441469470_2_1_0&sr_pri_blocks=1697990301_441469470_2_1_0__2142000&from=searchresults,21420,10,1.0,"Blue Area, Islamabad",4.6,One-Bedroom Apartment,1 double bed,1,1,1,https://cf.bstatic.com/xdata/images/hotel/square240/901281499.webp?k=6d8c4373371b236c6c0052c315581bb2e93e84b45bdca018c2fb4e270bcfaf6d&o=,13,Islamabad
Serenity Suites - Luxury 2BR Apartment F-11 Islamabad,https://www.booking.com/hotel/pk/serenity-suite-2bhk-prime-location-f-11.en-gb.html?aid=304142&label=gen173nr-10CAQoggJCDWNpdHlfLTI3NjI4MTJICVgEaLUBiAEBmAEzuAEHyAEM2AED6AEB-AEBiAIBqAIBuAKqisLTBsACAdICJGIyYWUwNDZiLWE5YmEtNGI1Yi05MjRjLWFkYWU5NDcwN2MxM9gCAeACAQ&ucfs=1&arphpl=1&checkin=2026-08-06&checkout=2026-08-07&dest_id=-2762812&dest_type=city&group_adults=2&req_adults=2&no_rooms=1&group_children=0&req_children=0&hpos=12&hapos=655&sr_order=popularity&srpvid=ed21559515340104&srepoch=1785759122&all_sr_blocks=1391744103_426520435_4_0_0&highlighted_blocks=1391744103_426520435_4_0_0&matching_block_id=1391744103_426520435_4_0_0&sr_pri_blocks=1391744103_426520435_4_0_0__2295000&from=searchresults,22950,7.7,20.0,Islamabad,10.9,Two-Bedroom Apartment,"2 beds (1 extra-large double, 1 large double)",0,1,0,https://cf.bstatic.com/xdata/images/hotel/square240/669365423.webp?k=54a0900034afb5ebbcdf7f43896e2061bdf822be43d2f12d9aed49b9c2b97276&o=,13,Islamabad
Grenvey Designer Apartment with Rooftop Pool & Self Check In,https://www.booking.com/hotel/pk/grenvey-designer-apartment-with-rooftop-pool-amp-self-check-in.en-gb.html?aid=304142&label=gen173nr-10CAQoggJCDWNpdHlfLTI3NjI4MTJICVgEaLUBiAEBmAEzuAEHyAEM2AED6AEB-AEBiAIBqAIBuAKqisLTBsACAdICJGIyYWUwNDZiLWE5YmEtNGI1Yi05MjRjLWFkYWU5NDcwN2MxM9gCAeACAQ&ucfs=1&arphpl=1&checkin=2026-08-06&checkout=2026-08-07&dest_id=-2762812&dest_type=city&group_adults=2&req_adults=2&no_rooms=1&group_children=0&req_children=0&hpos=13&hapos=656&sr_order=popularity&srpvid=ed21559515340104&srepoch=1785759122&all_sr_blocks=1476778101_419104480_4_0_0&highlighted_blocks=1476778101_419104480_4_0_0&matching_block_id=1476778101_419104480_4_0_0&sr_pri_blocks=1476778101_419104480_4_0_0__1120000&from=searchresults,11200,7.6,5.0,Islamabad,20.5,One-Bedroom Apartment,1 double bed,0,1,1,https://cf.bstatic.com/xdata/images/hotel/square240/731945213.webp?k=6e998035c9ac4c1e0e05dfd3dff45b27db9f97296baf02a5d9151422264891ab&o=,15,Islamabad
Executive Suites! Luxurious 2BHK,https://www.booking.com/hotel/pk/executive-suites-luxurious-2bhk.en-gb.html?aid=304142&label=gen173nr-10CAQoggJCDWNpdHlfLTI3NjI4MTJICVgEaLUBiAEBmAEzuAEHyAEM2AED6AEB-AEBiAIBqAIBuAKqisLTBsACAdICJGIyYWUwNDZiLWE5YmEtNGI1Yi05MjRjLWFkYWU5NDcwN2MxM9gCAeACAQ&ucfs=1&arphpl=1&checkin=2026-08-06&checkout=2026-08-07&dest_id=-2762812&dest_type=city&group_adults=2&req_adults=2&no_rooms=1&group_children=0&req_children=0&hpos=14&hapos=657&sr_order=popularity&srpvid=ed21559515340104&srepoch=1785759122&all_sr_blocks=1366424201_408923018_5_0_0&highlighted_blocks=1366424201_408923018_5_0_0&matching_block_id=1366424201_408923018_5_0_0&sr_pri_blocks=1366424201_408923018_5_0_0__1300000&from=searchresults,13000,7.0,6.0,Islamabad,10.7,Two-Bedroom Apartment with Balcony,"4 beds (2 extra-large doubles, 2 sofa beds)",0,1,1,https://cf.bstatic.com/xdata/images/hotel/square240/656937633.webp?k=c5141c1d13d2415d03ac60dac5015c4ac96137457beace212097db6177bf459b&o=,4,Islamabad
Centaurus Luxury Apartments,https://www.booking.com/hotel/pk/centaurus-luxury-apartments-islamabad3.en-gb.html?aid=304142&label=gen173nr-10CAQoggJCDWNpdHlfLTI3NjI4MTJICVgEaLUBiAEBmAEzuAEHyAEM2AED6AEB-AEBiAIBqAIBuAKqisLTBsACAdICJGIyYWUwNDZiLWE5YmEtNGI1Yi05MjRjLWFkYWU5NDcwN2MxM9gCAeACAQ&ucfs=1&arphpl=1&checkin=2026-08-06&checkout=2026-08-07&dest_id=-2762812&dest_type=city&group_adults=2&req_adults=2&no_rooms=1&group_children=0&req_children=0&hpos=15&hapos=658&sr_order=popularity&srpvid=ed21559515340104&srepoch=1785759122&all_sr_blocks=1698213501_441483011_4_0_0&highlighted_blocks=1698213501_441483011_4_0_0&matching_block_id=1698213501_441483011_4_0_0&sr_pri_blocks=1698213501_441483011_4_0_0__2788000&from=searchresults,27880,,,"Blue Area, Islamabad",4.6,Two-Bedroom Apartment,2 extra-large double beds,0,1,1,https://cf.bstatic.com/xdata/images/hotel/square240/901382535.webp?k=713883246d823f364645ba2fc823f3b40319027dae1f357f597708b6ebae2bb0&o=,5,Islamabad
MV Space,https://www.booking.com/hotel/pk/mv-space.en-gb.html?aid=304142&label=gen173nr-10CAQoggJCDWNpdHlfLTI3NjI4MTJICVgEaLUBiAEBmAEzuAEHyAEM2AED6AEB-AEBiAIBqAIBuAKqisLTBsACAdICJGIyYWUwNDZiLWE5YmEtNGI1Yi05MjRjLWFkYWU5NDcwN2MxM9gCAeACAQ&ucfs=1&arphpl=1&checkin=2026-08-06&checkout=2026-08-07&dest_id=-2762812&dest_type=city&group_adults=2&req_adults=2&no_rooms=1&group_children=0&req_children=0&hpos=16&hapos=659&sr_order=popularity&srpvid=ed21559515340104&srepoch=1785759122&all_sr_blocks=1509257501_439286203_2_0_0&highlighted_blocks=1509257501_439286203_2_0_0&matching_block_id=1509257501_439286203_2_0_0&sr_pri_blocks=1509257501_439286203_2_0_0__760000&from=searchresults,7600,9.0,1.0,Islamabad,14.9,Studio Apartment with One Double Bed,Studio Apartment with One Double Bed,0,0,1,https://cf.bstatic.com/xdata/images/hotel/square240/777211351.webp?k=214847b8e25d63da5dae5f8e82afe38a3d00ad81d9c9be1b934e1bfb663f5957&o=,4,Islamabad
Elysium Luxury 1Bed Apartment! Opposite to Centaurus Mall,https://www.booking.com/hotel/pk/premier-living-suites-by-marvel.en-gb.html?aid=304142&label=gen173nr-10CAQoggJCDWNpdHlfLTI3NjI4MTJICVgEaLUBiAEBmAEzuAEHyAEM2AED6AEB-AEBiAIBqAIBuAKqisLTBsACAdICJGIyYWUwNDZiLWE5YmEtNGI1Yi05MjRjLWFkYWU5NDcwN2MxM9gCAeACAQ&ucfs=1&arphpl=1&checkin=2026-08-06&checkout=2026-08-07&dest_id=-2762812&dest_type=city&group_adults=2&req_adults=2&no_rooms=1&group_children=0&req_children=0&hpos=17&hapos=660&sr_order=popularity&srpvid=ed21559515340104&srepoch=1785759122&all_sr_blocks=1275309402_400389636_0_0_0&highlighted_blocks=1275309402_400389636_0_0_0&matching_block_id=1275309402_400389636_0_0_0&sr_pri_blocks=1275309402_400389636_0_0_0__2210000&from=searchresults,22100,8.7,28.0,"G-8 Sector, Islamabad",5.2,One-Bedroom Apartment,"2 beds (1 extra-large double, 1 sofa bed)",0,1,1,https://cf.bstatic.com/xdata/images/hotel/square240/595211103.webp?k=51cfbc24fdda46ebfd294f52aedf88a4db261d039de2b86328d4434214dda20b&o=,16,Islamabad
818 GUEST House HOUSE 818 STREET 11 I-8,https://www.booking.com/hotel/pk/avenue-818-guest-house.en-gb.html?aid=304142&label=gen173nr-10CAQoggJCDWNpdHlfLTI3NjI4MTJICVgEaLUBiAEBmAEzuAEHyAEM2AED6AEB-AEBiAIBqAIBuAKqisLTBsACAdICJGIyYWUwNDZiLWE5YmEtNGI1Yi05MjRjLWFkYWU5NDcwN2MxM9gCAeACAQ&ucfs=1&arphpl=1&checkin=2026-08-06&checkout=2026-08-07&dest_id=-2762812&dest_type=city&group_adults=2&req_adults=2&no_rooms=1&group_children=0&req_children=0&hpos=18&hapos=661&sr_order=popularity&srpvid=ed21559515340104&srepoch=1785759122&all_sr_blocks=1343862901_406747935_2_0_0&highlighted_blocks=1343862901_406747935_2_0_0&matching_block_id=1343862901_406747935_2_0_0&sr_pri_blocks=1343862901_406747935_2_0_0__900000&from=searchresults,9000,8.5,33.0,"I-8 Sector, Islamabad",7.6,Deluxe Room,5 large double beds,0,0,1,https://cf.bstatic.com/xdata/images/hotel/square240/684936873.webp?k=53ea5448022380ecbb4bb216e34d5acbfc6262b8584cc483f973244fa7b3270b&o=,12,Islamabad
Luxurious 1BHK In Elysium Opposite Centaurus,https://www.booking.com/hotel/pk/luxurious-1bhk-in-elysium-opposite-centaurus.en-gb.html?aid=304142&label=gen173nr-10CAQoggJCDWNpdHlfLTI3NjI4MTJICVgEaLUBiAEBmAEzuAEHyAEM2AED6AEB-AEBiAIBqAIBuAKqisLTBsACAdICJGIyYWUwNDZiLWE5YmEtNGI1Yi05MjRjLWFkYWU5NDcwN2MxM9gCAeACAQ&ucfs=1&arphpl=1&checkin=2026-08-06&checkout=2026-08-07&dest_id=-2762812&dest_type=city&group_adults=2&req_adults=2&no_rooms=1&group_children=0&req_children=0&hpos=19&hapos=662&sr_order=popularity&srpvid=ed21559515340104&srepoch=1785759122&all_sr_blocks=961568401_368773315_3_2_0&highlighted_blocks=961568401_368773315_3_2_0&matching_block_id=961568401_368773315_3_2_0&sr_pri_blocks=961568401_368773315_3_2_0__2070000&from=searchresults,20700,8.1,27.0,"Blue Area, Islamabad",4.6,Apartment with Balcony,"2 beds (1 sofa bed, 1 large double)",0,0,0,https://cf.bstatic.com/xdata/images/hotel/square240/817792918.webp?k=d3e9fde78c6ba36fdd010e7f960b2e1b3b1b2125516199cb26ccbf807141c78f&o=,9,Islamabad
Modern 1-Bed Apartment Prime Location Warm look,https://www.booking.com/hotel/pk/modern-1-bed-apartment-prime-location-warm-look.en-gb.html?aid=304142&label=gen173nr-10CAQoggJCDWNpdHlfLTI3NjI4MTJICVgEaLUBiAEBmAEzuAEHyAEM2AED6AEB-AEBiAIBqAIBuAKqisLTBsACAdICJGIyYWUwNDZiLWE5YmEtNGI1Yi05MjRjLWFkYWU5NDcwN2MxM9gCAeACAQ&ucfs=1&arphpl=1&checkin=2026-08-06&checkout=2026-08-07&dest_id=-2762812&dest_type=city&group_adults=2&req_adults=2&no_rooms=1&group_children=0&req_children=0&hpos=20&hapos=663&sr_order=popularity&srpvid=ed21559515340104&srepoch=1785759122&all_sr_blocks=1559498601_427049427_4_0_0&highlighted_blocks=1559498601_427049427_4_0_0&matching_block_id=1559498601_427049427_4_0_0&sr_pri_blocks=1559498601_427049427_4_0_0__580000&from=searchresults,5800,,,Islamabad,24.3,One-Bedroom Apartment,1 double bed,0,1,1,https://cf.bstatic.com/xdata/images/hotel/square240/804987262.webp?k=ddfe46e9be8d7ddbae3dfd7df67dfdc63f235e62f272b51c950fdaaffd4d5dd5&o=,4,Islamabad
2 Bedrooms Presidential Apartment-HS Apartment,https://www.booking.com/hotel/pk/2-bedrooms-deluxe-hs-apartment.en-gb.html?aid=304142&label=gen173nr-10CAQoggJCDWNpdHlfLTI3NjI4MTJICVgEaLUBiAEBmAEzuAEHyAEM2AED6AEB-AEBiAIBqAIBuAKqisLTBsACAdICJGIyYWUwNDZiLWE5YmEtNGI1Yi05MjRjLWFkYWU5NDcwN2MxM9gCAeACAQ&ucfs=1&arphpl=1&checkin=2026-08-06&checkout=2026-08-07&dest_id=-2762812&dest_type=city&group_adults=2&req_adults=2&no_rooms=1&group_children=0&req_children=0&hpos=21&hapos=664&sr_order=popularity&srpvid=ed21559515340104&srepoch=1785759122&all_sr_blocks=1171992401_389786976_0_0_0_305600&highlighted_blocks=1171992401_389786976_0_0_0_305600&matching_block_id=1171992401_389786976_0_0_0_305600&sr_pri_blocks=1171992401_389786976_0_0_0_305600_1255500&from=searchresults,12555,8.9,40.0,"E-11 Sector, Islamabad",11.9,Superior Apartment,"4 beds (2 doubles, 2 futons)",0,1,1,https://cf.bstatic.com/xdata/images/hotel/square240/536941936.webp?k=af31ae270f42f1739ec42582917d15658d1cf06f809005cf02e1f2765e9088d4&o=,13,Islamabad
Bin Zahid Associates,https://www.booking.com/hotel/pk/bin-zahid-associates.en-gb.html?aid=304142&label=gen173nr-10CAQoggJCDWNpdHlfLTI3NjI4MTJICVgEaLUBiAEBmAEzuAEHyAEM2AED6AEB-AEBiAIBqAIBuAKqisLTBsACAdICJGIyYWUwNDZiLWE5YmEtNGI1Yi05MjRjLWFkYWU5NDcwN2MxM9gCAeACAQ&ucfs=1&arphpl=1&checkin=2026-08-06&checkout=2026-08-07&dest_id=-2762812&dest_type=city&group_adults=2&req_adults=2&no_rooms=1&group_children=0&req_children=0&hpos=22&hapos=665&sr_order=popularity&srpvid=ed21559515340104&srepoch=1785759122&all_sr_blocks=1687007401_440352042_4_0_0&highlighted_blocks=1687007401_440352042_4_0_0&matching_block_id=1687007401_440352042_4_0_0&sr_pri_blocks=1687007401_440352042_4_0_0__576000&from=searchresults,5760,1.0,1.0,Islamabad,13.6,Two-Bedroom Apartment,"5 beds (2 doubles, 1 sofa bed, 2 large doubles)",0,1,1,https://cf.bstatic.com/xdata/images/hotel/square240/894011326.webp?k=ade45d243b323bfbeb0a114c571d80724b2352788eef9db34e678f583b2c143e&o=,5,Islamabad
The Grand Palace,https://www.booking.com/hotel/pk/the-grand-palace-islamabad1.en-gb.html?aid=304142&label=gen173nr-10CAQoggJCDWNpdHlfLTI3NjI4MTJICVgEaLUBiAEBmAEzuAEHyAEM2AED6AEB-AEBiAIBqAIBuAKqisLTBsACAdICJGIyYWUwNDZiLWE5YmEtNGI1Yi05MjRjLWFkYWU5NDcwN2MxM9gCAeACAQ&ucfs=1&arphpl=1&checkin=2026-08-06&checkout=2026-08-07&dest_id=-2762812&dest_type=city&group_adults=2&req_adults=2&no_rooms=1&group_children=0&req_children=0&hpos=23&hapos=666&sr_order=popularity&srpvid=ed21559515340104&srepoch=1785759122&all_sr_blocks=1192761801_391569161_2_1_0&highlighted_blocks=1192761801_391569161_2_1_0&matching_block_id=1192761801_391569161_2_1_0&sr_pri_blocks=1192761801_391569161_2_1_0__683910&from=searchresults,6839,7.9,10.0,"E-11 Sector, Islamabad",10.7,Double Room,"2 beds (1 large double, 1 futon)",1,1,1,https://cf.bstatic.com/xdata/images/hotel/square240/894691021.webp?k=7df52002be78725259a0fd92a92a13693713a57d7505c62dc2353b3f7694beb7&o=,4,Islamabad
Faisal Iqbal,https://www.booking.com/hotel/pk/faisal-iqbal.en-gb.html?aid=304142&label=gen173nr-10CAQoggJCDWNpdHlfLTI3NjI4MTJICVgEaLUBiAEBmAEzuAEHyAEM2AED6AEB-AEBiAIBqAIBuAKqisLTBsACAdICJGIyYWUwNDZiLWE5YmEtNGI1Yi05MjRjLWFkYWU5NDcwN2MxM9gCAeACAQ&ucfs=1&arphpl=1&checkin=2026-08-06&checkout=2026-08-07&dest_id=-2762812&dest_type=city&group_adults=2&req_adults=2&no_rooms=1&group_children=0&req_children=0&hpos=24&hapos=667&sr_order=popularity&srpvid=ed21559515340104&srepoch=1785759122&all_sr_blocks=1632189801_433722632_2_0_0&highlighted_blocks=1632189801_433722632_2_0_0&matching_block_id=1632189801_433722632_2_0_0&sr_pri_blocks=1632189801_433722632_2_0_0__1000000&from=searchresults,10000,,,Islamabad,24.5,One-Bedroom Apartment,1 double bed,0,1,1,https://cf.bstatic.com/xdata/images/hotel/square240/862375458.webp?k=08514dece311ae0a50b80cd9cea21b501d00fc92ace49f8466089bca0057767c&o=,4,Islamabad
Centaurus Ultra Luxury Apartments,https://www.booking.com/hotel/pk/centaurus-ultra-luxury-apartments.en-gb.html?aid=304142&label=gen173nr-10CAQoggJCDWNpdHlfLTI3NjI4MTJICVgEaLUBiAEBmAEzuAEHyAEM2AED6AEB-AEBiAIBqAIBuAKqisLTBsACAdICJGIyYWUwNDZiLWE5YmEtNGI1Yi05MjRjLWFkYWU5NDcwN2MxM9gCAeACAQ&ucfs=1&arphpl=1&checkin=2026-08-06&checkout=2026-08-07&dest_id=-2762812&dest_type=city&group_adults=2&req_adults=2&no_rooms=1&group_children=0&req_children=0&hpos=1&hapos=668&sr_order=popularity&srpvid=ed21559515340104&srepoch=1785759129&all_sr_blocks=1617723501_432616789_2_0_0&highlighted_blocks=1617723501_432616789_2_0_0&matching_block_id=1617723501_432616789_2_0_0&sr_pri_blocks=1617723501_432616789_2_0_0__3259900&from=searchresults,32599,,,"Blue Area, Islamabad",4.6,One-Bedroom Deluxe Apartment,1 large double bed,0,0,1,https://cf.bstatic.com/xdata/images/hotel/square240/852096892.webp?k=c72a5cbb8f2f54a6a198d5e07e91874d8100de2d7c8536c2eb2312b63bef4b44&o=,12,Islamabad
"Palm 301 - Cool Summers Studio Apartment, E11",https://www.booking.com/hotel/pk/palm-301-cool-summers-studio-apartment-e11.en-gb.html?aid=304142&label=gen173nr-10CAQoggJCDWNpdHlfLTI3NjI4MTJICVgEaLUBiAEBmAEzuAEHyAEM2AED6AEB-AEBiAIBqAIBuAKqisLTBsACAdICJGIyYWUwNDZiLWE5YmEtNGI1Yi05MjRjLWFkYWU5NDcwN2MxM9gCAeACAQ&ucfs=1&arphpl=1&checkin=2026-08-06&checkout=2026-08-07&dest_id=-2762812&dest_type=city&group_adults=2&req_adults=2&no_rooms=1&group_children=0&req_children=0&hpos=2&hapos=669&sr_order=popularity&srpvid=ed21559515340104&srepoch=1785759129&all_sr_blocks=1663129001_438173021_2_0_0&highlighted_blocks=1663129001_438173021_2_0_0&matching_block_id=1663129001_438173021_2_0_0&sr_pri_blocks=1663129001_438173021_2_0_0__700000&from=searchresults,7000,,,"E-11 Sector, Islamabad",12.0,One-Bedroom Apartment,1 double bed,0,1,1,https://cf.bstatic.com/xdata/images/hotel/square240/880857138.webp?k=9c37e0eb34f851d6718692e268bf9e8b117e4ccda255d65bd5c8b9918d13ee39&o=,5,Islamabad
The 430 Collective,https://www.booking.com/hotel/pk/the-430-collective.en-gb.html?aid=304142&label=gen173nr-10CAQoggJCDWNpdHlfLTI3NjI4MTJICVgEaLUBiAEBmAEzuAEHyAEM2AED6AEB-AEBiAIBqAIBuAKqisLTBsACAdICJGIyYWUwNDZiLWE5YmEtNGI1Yi05MjRjLWFkYWU5NDcwN2MxM9gCAeACAQ&ucfs=1&arphpl=1&checkin=2026-08-06&checkout=2026-08-07&dest_id=-2762812&dest_type=city&group_adults=2&req_adults=2&no_rooms=1&group_children=0&req_children=0&hpos=3&hapos=670&sr_order=popularity&srpvid=ed21559515340104&srepoch=1785759129&all_sr_blocks=1631642901_433685520_2_0_0&highlighted_blocks=1631642901_433685520_2_0_0&matching_block_id=1631642901_433685520_2_0_0&sr_pri_blocks=1631642901_433685520_2_0_0__540000&from=searchresults,5400,9.0,5.0,Islamabad,19.4,Double Room,1 double bed,0,0,0,https://cf.bstatic.com/xdata/images/hotel/square240/861935386.webp?k=62a0fb7fce59c19df2b29f67b43b7463ccacdc10a15204076d9a66f6de9cef19&o=,3,Islamabad
Amanah Hotel,https://www.booking.com/hotel/pk/amanah-islamabad.en-gb.html?aid=304142&label=gen173nr-10CAQoggJCDWNpdHlfLTI3NjI4MTJICVgEaLUBiAEBmAEzuAEHyAEM2AED6AEB-AEBiAIBqAIBuAKqisLTBsACAdICJGIyYWUwNDZiLWE5YmEtNGI1Yi05MjRjLWFkYWU5NDcwN2MxM9gCAeACAQ&ucfs=1&arphpl=1&checkin=2026-08-06&checkout=2026-08-07&dest_id=-2762812&dest_type=city&group_adults=2&req_adults=2&no_rooms=1&group_children=0&req_children=0&hpos=4&hapos=671&sr_order=popularity&srpvid=ed21559515340104&srepoch=1785759129&all_sr_blocks=1604417401_431382940_2_2_0&highlighted_blocks=1604417401_431382940_2_2_0&matching_block_id=1604417401_431382940_2_2_0&sr_pri_blocks=1604417401_431382940_2_2_0__637500&from=searchresults,6375,,,"E-11 Sector, Islamabad",11.9,Double Room,1 double bed,0,1,1,https://cf.bstatic.com/xdata/images/hotel/square240/841429090.webp?k=455bdcfdd26641ba507efa2334e350c964009103d3d68737518fc202b64eb4fa&o=,11,Islamabad
"The Centaurus One, Two & Studio Apartments EasyStay",https://www.booking.com/hotel/pk/citylights-2bhk-in-centaurus-mall.en-gb.html?aid=304142&label=gen173nr-10CAQoggJCDWNpdHlfLTI3NjI4MTJICVgEaLUBiAEBmAEzuAEHyAEM2AED6AEB-AEBiAIBqAIBuAKqisLTBsACAdICJGIyYWUwNDZiLWE5YmEtNGI1Yi05MjRjLWFkYWU5NDcwN2MxM9gCAeACAQ&ucfs=1&arphpl=1&checkin=2026-08-06&checkout=2026-08-07&dest_id=-2762812&dest_type=city&group_adults=2&req_adults=2&no_rooms=1&group_children=0&req_children=0&hpos=5&hapos=672&sr_order=popularity&srpvid=ed21559515340104&srepoch=1785759129&all_sr_blocks=1405975003_412386402_2_2_0&highlighted_blocks=1405975003_412386402_2_2_0&matching_block_id=1405975003_412386402_2_2_0&sr_pri_blocks=1405975003_412386402_2_2_0__2700000&from=searchresults,27000,7.2,15.0,"Blue Area, Islamabad",4.6,One-Bedroom Apartment,1 double bed,0,1,1,https://cf.bstatic.com/xdata/images/hotel/square240/677750208.webp?k=02480d24f8b8f108377a932de4f75ed6a9f2b38300082c6a371e0d71af0c8ee3&o=,4,Islamabad
Skypark One Gulberg Greens Luxury 2 Bedroom Family Apartment,https://www.booking.com/hotel/pk/skypark-one-gulberg-greens-luxury-2-bedroom-family-apartment.en-gb.html?aid=304142&label=gen173nr-10CAQoggJCDWNpdHlfLTI3NjI4MTJICVgEaLUBiAEBmAEzuAEHyAEM2AED6AEB-AEBiAIBqAIBuAKqisLTBsACAdICJGIyYWUwNDZiLWE5YmEtNGI1Yi05MjRjLWFkYWU5NDcwN2MxM9gCAeACAQ&ucfs=1&arphpl=1&checkin=2026-08-06&checkout=2026-08-07&dest_id=-2762812&dest_type=city&group_adults=2&req_adults=2&no_rooms=1&group_children=0&req_children=0&hpos=6&hapos=673&sr_order=popularity&srpvid=ed21559515340104&srepoch=1785759129&all_sr_blocks=1620285901_432851912_5_0_0&highlighted_blocks=1620285901_432851912_5_0_0&matching_block_id=1620285901_432851912_5_0_0&sr_pri_blocks=1620285901_432851912_5_0_0__1822500&from=searchresults,18225,8.0,1.0,Islamabad,15.4,Two-Bedroom Apartment,"3 beds (1 sofa bed, 2 large doubles)",0,0,0,https://cf.bstatic.com/xdata/images/hotel/square240/855523237.webp?k=780ec39b2d7318b8cc2dd0c0d0a701420de80d29014606ad7ba938798357d407&o=,11,Islamabad
Elysium Tower Studio by DWT Apartments Kitchen & City View,https://www.booking.com/hotel/pk/elysium-tower-studio-by-dwt-apartments-kitchen-amp-city-view.en-gb.html?aid=304142&label=gen173nr-10CAQoggJCDWNpdHlfLTI3NjI4MTJICVgEaLUBiAEBmAEzuAEHyAEM2AED6AEB-AEBiAIBqAIBuAKqisLTBsACAdICJGIyYWUwNDZiLWE5YmEtNGI1Yi05MjRjLWFkYWU5NDcwN2MxM9gCAeACAQ&ucfs=1&arphpl=1&checkin=2026-08-06&checkout=2026-08-07&dest_id=-2762812&dest_type=city&group_adults=2&req_adults=2&no_rooms=1&group_children=0&req_children=0&hpos=7&hapos=674&sr_order=popularity&srpvid=ed21559515340104&srepoch=1785759129&all_sr_blocks=1537140101_425181573_2_0_0&highlighted_blocks=1537140101_425181573_2_0_0&matching_block_id=1537140101_425181573_2_0_0&sr_pri_blocks=1537140101_425181573_2_0_0__2700000&from=searchresults,27000,10,2.0,"Blue Area, Islamabad",4.5,Studio Apartment with Balcony,1 large double bed,0,0,0,https://cf.bstatic.com/xdata/images/hotel/square240/785644883.webp?k=71a56307febde37873a7a9c84a68875b027f52963ca0a6204126f442bcdad602&o=,10,Islamabad
Panorama 2 Bed Sky Residence Elysium Tower Islamabad,https://www.booking.com/hotel/pk/panorama-2-bed-sky-residence-elysium-tower-islamabad.en-gb.html?aid=304142&label=gen173nr-10CAQoggJCDWNpdHlfLTI3NjI4MTJICVgEaLUBiAEBmAEzuAEHyAEM2AED6AEB-AEBiAIBqAIBuAKqisLTBsACAdICJGIyYWUwNDZiLWE5YmEtNGI1Yi05MjRjLWFkYWU5NDcwN2MxM9gCAeACAQ&ucfs=1&arphpl=1&checkin=2026-08-06&checkout=2026-08-07&dest_id=-2762812&dest_type=city&group_adults=2&req_adults=2&no_rooms=1&group_children=0&req_children=0&hpos=8&hapos=675&sr_order=popularity&srpvid=ed21559515340104&srepoch=1785759129&all_sr_blocks=1696905201_441378201_5_0_0&highlighted_blocks=1696905201_441378201_5_0_0&matching_block_id=1696905201_441378201_5_0_0&sr_pri_blocks=1696905201_441378201_5_0_0__2550000&from=searchresults,25500,,,"Blue Area, Islamabad",4.6,One-Bedroom Apartment,"3 beds (1 sofa bed, 2 large doubles)",0,1,1,https://cf.bstatic.com/xdata/images/hotel/square240/900694964.webp?k=c5cf8c3d6734cebd98a59cdf9dc46f123a06230a9e5594d0a7a22fed2e7ca92a&o=,4,Islamabad
2-BHK Stay Minutes from the Airport & Motorway,https://www.booking.com/hotel/pk/2-bhk-stay-minutes-from-the-airport-amp-motorway.en-gb.html?aid=304142&label=gen173nr-10CAQoggJCDWNpdHlfLTI3NjI4MTJICVgEaLUBiAEBmAEzuAEHyAEM2AED6AEB-AEBiAIBqAIBuAKqisLTBsACAdICJGIyYWUwNDZiLWE5YmEtNGI1Yi05MjRjLWFkYWU5NDcwN2MxM9gCAeACAQ&ucfs=1&arphpl=1&checkin=2026-08-06&checkout=2026-08-07&dest_id=-2762812&dest_type=city&group_adults=2&req_adults=2&no_rooms=1&group_children=0&req_children=0&hpos=9&hapos=676&sr_order=popularity&srpvid=ed21559515340104&srepoch=1785759129&all_sr_blocks=1455589701_416855911_3_0_0&highlighted_blocks=1455589701_416855911_3_0_0&matching_block_id=1455589701_416855911_3_0_0&sr_pri_blocks=1455589701_416855911_3_0_0__900000&from=searchresults,9000,,,Islamabad,18.4,Two-Bedroom Apartment,2 double beds,0,1,1,https://cf.bstatic.com/xdata/images/hotel/square240/712085728.webp?k=d16b9c4b843156e9b2e0d6193a52a2a092acd861bb37c466ac2dafa37523ed57&o=,4,Islamabad
Royal Star Guesthouse,https://www.booking.com/hotel/pk/royal-star-guesthouse-islamabad.en-gb.html?aid=304142&label=gen173nr-10CAQoggJCDWNpdHlfLTI3NjI4MTJICVgEaLUBiAEBmAEzuAEHyAEM2AED6AEB-AEBiAIBqAIBuAKqisLTBsACAdICJGIyYWUwNDZiLWE5YmEtNGI1Yi05MjRjLWFkYWU5NDcwN2MxM9gCAeACAQ&ucfs=1&arphpl=1&checkin=2026-08-06&checkout=2026-08-07&dest_id=-2762812&dest_type=city&group_adults=2&req_adults=2&no_rooms=1&group_children=0&req_children=0&hpos=10&hapos=677&sr_order=popularity&srpvid=ed21559515340104&srepoch=1785759129&all_sr_blocks=1347881103_407136644_2_0_0&highlighted_blocks=1347881103_407136644_2_0_0&matching_block_id=1347881103_407136644_2_0_0&sr_pri_blocks=1347881103_407136644_2_0_0__315000&from=searchresults,3150,5.0,3.0,Islamabad,15.5,Deluxe Double or Twin Room,3 single beds,0,1,1,https://cf.bstatic.com/xdata/images/hotel/square240/640361784.webp?k=3f11c668d5c75881a03085405d14e4138c2c197f97484e2881ada3f9d434f7c4&o=,4,Islamabad
Modern Stay Centaurus Apartments,https://www.booking.com/hotel/pk/modern-stay-apartments.en-gb.html?aid=304142&label=gen173nr-10CAQoggJCDWNpdHlfLTI3NjI4MTJICVgEaLUBiAEBmAEzuAEHyAEM2AED6AEB-AEBiAIBqAIBuAKqisLTBsACAdICJGIyYWUwNDZiLWE5YmEtNGI1Yi05MjRjLWFkYWU5NDcwN2MxM9gCAeACAQ&ucfs=1&arphpl=1&checkin=2026-08-06&checkout=2026-08-07&dest_id=-2762812&dest_type=city&group_adults=2&req_adults=2&no_rooms=1&group_children=0&req_children=0&hpos=11&hapos=678&sr_order=popularity&srpvid=ed21559515340104&srepoch=1785759129&all_sr_blocks=1659029401_437817704_2_0_0&highlighted_blocks=1659029401_437817704_2_0_0&matching_block_id=1659029401_437817704_2_0_0&sr_pri_blocks=1659029401_437817704_2_0_0__2826250&from=searchresults,28263,10,1.0,"Blue Area, Islamabad",4.7,One-Bedroom Apartment,"2 beds (1 extra-large double, 1 sofa bed)",0,1,1,https://cf.bstatic.com/xdata/images/hotel/square240/880433553.webp?k=26c3d223a52fbdb91fb35b1d6aba87f4b7b2a5c759bbe9bc3c8f82120c37b884&o=,5,Islamabad
One bed fully furnished flat,https://www.booking.com/hotel/pk/one-bed-fully-furnished-flat-islamabad1.en-gb.html?aid=304142&label=gen173nr-10CAQoggJCDWNpdHlfLTI3NjI4MTJICVgEaLUBiAEBmAEzuAEHyAEM2AED6AEB-AEBiAIBqAIBuAKqisLTBsACAdICJGIyYWUwNDZiLWE5YmEtNGI1Yi05MjRjLWFkYWU5NDcwN2MxM9gCAeACAQ&ucfs=1&arphpl=1&checkin=2026-08-06&checkout=2026-08-07&dest_id=-2762812&dest_type=city&group_adults=2&req_adults=2&no_rooms=1&group_children=0&req_children=0&hpos=12&hapos=679&sr_order=popularity&srpvid=ed21559515340104&srepoch=1785759129&all_sr_blocks=1632130101_433718186_2_0_0&highlighted_blocks=1632130101_433718186_2_0_0&matching_block_id=1632130101_433718186_2_0_0&sr_pri_blocks=1632130101_433718186_2_0_0__700000&from=searchresults,7000,,,"E-11 Sector, Islamabad",11.3,One-Bedroom Apartment,"4 beds (1 double, 3 sofa beds)",0,1,1,https://cf.bstatic.com/xdata/images/hotel/square240/862348363.webp?k=49d36e77d47c1e2587989e38c3962b63acc4437f4ce252b9f199c6ecdd2f2820&o=,4,Islamabad
"SSH Two bedrooms Apartment, Millennium Heights",https://www.booking.com/hotel/pk/ssh-two-bedrooms-apartment-millennium-heights.en-gb.html?aid=304142&label=gen173nr-10CAQoggJCDWNpdHlfLTI3NjI4MTJICVgEaLUBiAEBmAEzuAEHyAEM2AED6AEB-AEBiAIBqAIBuAKqisLTBsACAdICJGIyYWUwNDZiLWE5YmEtNGI1Yi05MjRjLWFkYWU5NDcwN2MxM9gCAeACAQ&ucfs=1&arphpl=1&checkin=2026-08-06&checkout=2026-08-07&dest_id=-2762812&dest_type=city&group_adults=2&req_adults=2&no_rooms=1&group_children=0&req_children=0&hpos=13&hapos=680&sr_order=popularity&srpvid=ed21559515340104&srepoch=1785759129&all_sr_blocks=1692002101_440851710_6_0_0&highlighted_blocks=1692002101_440851710_6_0_0&matching_block_id=1692002101_440851710_6_0_0&sr_pri_blocks=1692002101_440851710_6_0_0__1326000&from=searchresults,13260,,,Islamabad,10.8,Two-Bedroom Apartment,"4 beds (2 singles, 1 extra-large double, 1 sofa bed)",0,1,1,https://cf.bstatic.com/xdata/images/hotel/square240/897368733.webp?k=0b323aa79dede298bdcfa8ccac70c266b2bd584ef9e0e654149af91c26acd598&o=,4,Islamabad
The loft life s2,https://www.booking.com/hotel/pk/the-loft-life-islamabad1.en-gb.html?aid=304142&label=gen173nr-10CAQoggJCDWNpdHlfLTI3NjI4MTJICVgEaLUBiAEBmAEzuAEHyAEM2AED6AEB-AEBiAIBqAIBuAKqisLTBsACAdICJGIyYWUwNDZiLWE5YmEtNGI1Yi05MjRjLWFkYWU5NDcwN2MxM9gCAeACAQ&ucfs=1&arphpl=1&checkin=2026-08-06&checkout=2026-08-07&dest_id=-2762812&dest_type=city&group_adults=2&req_adults=2&no_rooms=1&group_children=0&req_children=0&hpos=14&hapos=681&sr_order=popularity&srpvid=ed21559515340104&srepoch=1785759129&all_sr_blocks=1419209801_413588122_2_0_0&highlighted_blocks=1419209801_413588122_2_0_0&matching_block_id=1419209801_413588122_2_0_0&sr_pri_blocks=1419209801_413588122_2_0_0__560000&from=searchresults,5600,9.0,1.0,Islamabad,11.6,Two-Bedroom Apartment,"3 beds (2 doubles, 1 sofa bed)",0,1,1,https://cf.bstatic.com/xdata/images/hotel/square240/685669684.webp?k=0c28a61ba464e3c31b94dc2898c20ec557a1fd10cafbc9daa9d9896d4394157d&o=,4,Islamabad
"Serene 2BR Escape, Islamabad",https://www.booking.com/hotel/pk/serene-2br-escape-islamabad.en-gb.html?aid=304142&label=gen173nr-10CAQoggJCDWNpdHlfLTI3NjI4MTJICVgEaLUBiAEBmAEzuAEHyAEM2AED6AEB-AEBiAIBqAIBuAKqisLTBsACAdICJGIyYWUwNDZiLWE5YmEtNGI1Yi05MjRjLWFkYWU5NDcwN2MxM9gCAeACAQ&ucfs=1&arphpl=1&checkin=2026-08-06&checkout=2026-08-07&dest_id=-2762812&dest_type=city&group_adults=2&req_adults=2&no_rooms=1&group_children=0&req_children=0&hpos=15&hapos=682&sr_order=popularity&srpvid=ed21559515340104&srepoch=1785759129&all_sr_blocks=1472127401_418551743_6_0_0&highlighted_blocks=1472127401_418551743_6_0_0&matching_block_id=1472127401_418551743_6_0_0&sr_pri_blocks=1472127401_418551743_6_0_0__1215000&from=searchresults,12150,9.7,3.0,"E-11 Sector, Islamabad",11.9,Two-Bedroom Apartment,2 large double beds,0,1,1,https://cf.bstatic.com/xdata/images/hotel/square240/727919754.webp?k=00732d64dabdeb8bbcaec603832516c179745af9a954c280e18dd07f125a5493&o=,4,Islamabad
Centarous Mall Islamabad,https://www.booking.com/hotel/pk/centarous-mall-islamabad.en-gb.html?aid=304142&label=gen173nr-10CAQoggJCDWNpdHlfLTI3NjI4MTJICVgEaLUBiAEBmAEzuAEHyAEM2AED6AEB-AEBiAIBqAIBuAKqisLTBsACAdICJGIyYWUwNDZiLWE5YmEtNGI1Yi05MjRjLWFkYWU5NDcwN2MxM9gCAeACAQ&ucfs=1&arphpl=1&checkin=2026-08-06&checkout=2026-08-07&dest_id=-2762812&dest_type=city&group_adults=2&req_adults=2&no_rooms=1&group_children=0&req_children=0&hpos=16&hapos=683&sr_order=popularity&srpvid=ed21559515340104&srepoch=1785759129&all_sr_blocks=1686546401_440289258_3_0_0&highlighted_blocks=1686546401_440289258_3_0_0&matching_block_id=1686546401_440289258_3_0_0&sr_pri_blocks=1686546401_440289258_3_0_0__3825000&from=searchresults,38250,,,"Blue Area, Islamabad",4.6,One-Bedroom Apartment,1 double bed,0,1,1,https://cf.bstatic.com/xdata/images/hotel/square240/893762346.webp?k=82efa986e96252b90fc61d678a57e0f7354938eb05fc006d1feba23e6c8f5dc5&o=,4,Islamabad
Staye Deluxe 2BHK,https://www.booking.com/hotel/pk/staye.en-gb.html?aid=304142&label=gen173nr-10CAQoggJCDWNpdHlfLTI3NjI4MTJICVgEaLUBiAEBmAEzuAEHyAEM2AED6AEB-AEBiAIBqAIBuAKqisLTBsACAdICJGIyYWUwNDZiLWE5YmEtNGI1Yi05MjRjLWFkYWU5NDcwN2MxM9gCAeACAQ&ucfs=1&arphpl=1&checkin=2026-08-06&checkout=2026-08-07&dest_id=-2762812&dest_type=city&group_adults=2&req_adults=2&no_rooms=1&group_children=0&req_children=0&hpos=17&hapos=684&sr_order=popularity&srpvid=ed21559515340104&srepoch=1785759129&all_sr_blocks=1570315401_430843621_6_0_0&highlighted_blocks=1570315401_430843621_6_0_0&matching_block_id=1570315401_430843621_6_0_0&sr_pri_blocks=1570315401_430843621_6_0_0__1800000&from=searchresults,18000,,,Islamabad,11.8,Two-Bedroom Apartment,2 double beds,0,1,1,https://cf.bstatic.com/xdata/images/hotel/square240/813655277.webp?k=d15d944712854192b4affdb0f41ee04e942395f0617c06deb8ab3eee09c1fa3b&o=,4,Islamabad
Dream stay,https://www.booking.com/hotel/pk/dream-stay-islamabad.en-gb.html?aid=304142&label=gen173nr-10CAQoggJCDWNpdHlfLTI3NjI4MTJICVgEaLUBiAEBmAEzuAEHyAEM2AED6AEB-AEBiAIBqAIBuAKqisLTBsACAdICJGIyYWUwNDZiLWE5YmEtNGI1Yi05MjRjLWFkYWU5NDcwN2MxM9gCAeACAQ&ucfs=1&arphpl=1&checkin=2026-08-06&checkout=2026-08-07&dest_id=-2762812&dest_type=city&group_adults=2&req_adults=2&no_rooms=1&group_children=0&req_children=0&hpos=18&hapos=685&sr_order=popularity&srpvid=ed21559515340104&srepoch=1785759129&all_sr_blocks=1504165201_422140351_2_0_0&highlighted_blocks=1504165201_422140351_2_0_0&matching_block_id=1504165201_422140351_2_0_0&sr_pri_blocks=1504165201_422140351_2_0_0__750000&from=searchresults,7500,,,Islamabad,15.2,One-Bedroom Apartment,1 double bed,0,1,1,https://cf.bstatic.com/xdata/images/hotel/square240/757590692.webp?k=e97558678066ad5e77332009a3fa2ee0f63dd1c22c1151fd92079e4b1e6aed2b&o=,4,Islamabad
The Velmora G-13,https://www.booking.com/hotel/pk/the-velmora-g-13.en-gb.html?aid=304142&label=gen173nr-10CAQoggJCDWNpdHlfLTI3NjI4MTJICVgEaLUBiAEBmAEzuAEHyAEM2AED6AEB-AEBiAIBqAIBuAKqisLTBsACAdICJGIyYWUwNDZiLWE5YmEtNGI1Yi05MjRjLWFkYWU5NDcwN2MxM9gCAeACAQ&ucfs=1&arphpl=1&checkin=2026-08-06&checkout=2026-08-07&dest_id=-2762812&dest_type=city&group_adults=2&req_adults=2&no_rooms=1&group_children=0&req_children=0&hpos=19&hapos=686&sr_order=popularity&srpvid=ed21559515340104&srepoch=1785759129&all_sr_blocks=1609296801_431834064_2_0_0&highlighted_blocks=1609296801_431834064_2_0_0&matching_block_id=1609296801_431834064_2_0_0&sr_pri_blocks=1609296801_431834064_2_0_0__540000&from=searchresults,5400,9.8,11.0,Islamabad,13.9,Double Room,1 double bed,0,0,0,https://cf.bstatic.com/xdata/images/hotel/square240/845165683.webp?k=13ba0b6c6dafddea72d829c1edb8b12d7a39265f443461d39eda3284805508e7&o=,3,Islamabad
Pak Roos Guest House,https://www.booking.com/hotel/pk/pak-roos-guest-house.en-gb.html?aid=304142&label=gen173nr-10CAQoggJCDWNpdHlfLTI3NjI4MTJICVgEaLUBiAEBmAEzuAEHyAEM2AED6AEB-AEBiAIBqAIBuAKqisLTBsACAdICJGIyYWUwNDZiLWE5YmEtNGI1Yi05MjRjLWFkYWU5NDcwN2MxM9gCAeACAQ&ucfs=1&arphpl=1&checkin=2026-08-06&checkout=2026-08-07&dest_id=-2762812&dest_type=city&group_adults=2&req_adults=2&no_rooms=1&group_children=0&req_children=0&hpos=20&hapos=687&sr_order=popularity&srpvid=ed21559515340104&srepoch=1785759129&all_sr_blocks=1594372501_430468713_2_0_0&highlighted_blocks=1594372501_430468713_2_0_0&matching_block_id=1594372501_430468713_2_0_0&sr_pri_blocks=1594372501_430468713_2_0_0__360000&from=searchresults,3600,,,"G-9 Sector, Islamabad",6.7,Double Room with Private Bathroom,"2 beds (1 single, 1 double)",0,1,1,https://cf.bstatic.com/xdata/images/hotel/square240/832631390.webp?k=44a5b59b60518816eb50ac66b5bab72e45f2df5bc44cafea41544771604edaef&o=,4,Islamabad
Mall of Islamabad- Luxury Suites- F7,https://www.booking.com/hotel/pk/premium-residency-moi-f7.en-gb.html?aid=304142&label=gen173nr-10CAQoggJCDWNpdHlfLTI3NjI4MTJICVgEaLUBiAEBmAEzuAEHyAEM2AED6AEB-AEBiAIBqAIBuAKqisLTBsACAdICJGIyYWUwNDZiLWE5YmEtNGI1Yi05MjRjLWFkYWU5NDcwN2MxM9gCAeACAQ&ucfs=1&arphpl=1&checkin=2026-08-06&checkout=2026-08-07&dest_id=-2762812&dest_type=city&group_adults=2&req_adults=2&no_rooms=1&group_children=0&req_children=0&hpos=21&hapos=688&sr_order=popularity&srpvid=ed21559515340104&srepoch=1785759129&all_sr_blocks=1493623901_421016481_2_0_0&highlighted_blocks=1493623901_421016481_2_0_0&matching_block_id=1493623901_421016481_2_0_0&sr_pri_blocks=1493623901_421016481_2_0_0__1920000&from=searchresults,19200,9.6,19.0,"Blue Area, Islamabad",3.4,One-Bedroom Apartment,1 extra-large double bed,0,1,1,https://cf.bstatic.com/xdata/images/hotel/square240/746860133.webp?k=7a9754573f253ef73eb8ccb4cf5287cbaae741ee554bbdfa40a35481318e1f2f&o=,15,Islamabad
Guest house,https://www.booking.com/hotel/pk/guest-house-islamabad36.en-gb.html?aid=304142&label=gen173nr-10CAQoggJCDWNpdHlfLTI3NjI4MTJICVgEaLUBiAEBmAEzuAEHyAEM2AED6AEB-AEBiAIBqAIBuAKqisLTBsACAdICJGIyYWUwNDZiLWE5YmEtNGI1Yi05MjRjLWFkYWU5NDcwN2MxM9gCAeACAQ&ucfs=1&arphpl=1&checkin=2026-08-06&checkout=2026-08-07&dest_id=-2762812&dest_type=city&group_adults=2&req_adults=2&no_rooms=1&group_children=0&req_children=0&hpos=22&hapos=689&sr_order=popularity&srpvid=ed21559515340104&srepoch=1785759129&all_sr_blocks=1620643701_432886551_5_0_0&highlighted_blocks=1620643701_432886551_5_0_0&matching_block_id=1620643701_432886551_5_0_0&sr_pri_blocks=1620643701_432886551_5_0_0__750000&from=searchresults,7500,,,"G-9 Sector, Islamabad",7.6,Double Room,"3 beds (1 single, 1 double, 1 large double)",0,1,1,https://cf.bstatic.com/xdata/images/hotel/square240/855830647.webp?k=6006c2407e52638c90e4dc0f3522f7c98955a16e4a643cad78d99ef052106c08&o=,4,Islamabad
LUXURY family cottage,https://www.booking.com/hotel/pk/family-apartment.en-gb.html?aid=304142&label=gen173nr-10CAQoggJCDWNpdHlfLTI3NjI4MTJICVgEaLUBiAEBmAEzuAEHyAEM2AED6AEB-AEBiAIBqAIBuAKqisLTBsACAdICJGIyYWUwNDZiLWE5YmEtNGI1Yi05MjRjLWFkYWU5NDcwN2MxM9gCAeACAQ&ucfs=1&arphpl=1&checkin=2026-08-06&checkout=2026-08-07&dest_id=-2762812&dest_type=city&group_adults=2&req_adults=2&no_rooms=1&group_children=0&req_children=0&hpos=23&hapos=690&sr_order=popularity&srpvid=ed21559515340104&srepoch=1785759129&all_sr_blocks=1038900512_377629600_3_0_0_600287&highlighted_blocks=1038900512_377629600_3_0_0_600287&matching_block_id=1038900512_377629600_3_0_0_600287&sr_pri_blocks=1038900512_377629600_3_0_0_600287_855000&from=searchresults,8550,6.6,11.0,Islamabad,8.2,One-Bedroom Apartment,"2 beds (1 sofa bed, 1 large double)",0,1,1,https://cf.bstatic.com/xdata/images/hotel/square240/701028691.webp?k=d9d06e00fecdbda0204f42840aad968e62ed19b21586cf5b21fb8b88d3d0ff7f&o=,4,Islamabad
Blue nest G13,https://www.booking.com/hotel/pk/blue-nest-g13.en-gb.html?aid=304142&label=gen173nr-10CAQoggJCDWNpdHlfLTI3NjI4MTJICVgEaLUBiAEBmAEzuAEHyAEM2AED6AEB-AEBiAIBqAIBuAKqisLTBsACAdICJGIyYWUwNDZiLWE5YmEtNGI1Yi05MjRjLWFkYWU5NDcwN2MxM9gCAeACAQ&ucfs=1&arphpl=1&checkin=2026-08-06&checkout=2026-08-07&dest_id=-2762812&dest_type=city&group_adults=2&req_adults=2&no_rooms=1&group_children=0&req_children=0&hpos=1&hapos=691&sr_order=popularity&srpvid=ed21559515340104&srepoch=1785759135&all_sr_blocks=1632552201_433744175_3_0_0&highlighted_blocks=1632552201_433744175_3_0_0&matching_block_id=1632552201_433744175_3_0_0&sr_pri_blocks=1632552201_433744175_3_0_0__520000&from=searchresults,5200,6.0,1.0,Islamabad,15.1,Double Room,1 double bed,0,1,1,https://cf.bstatic.com/xdata/images/hotel/square240/862519123.webp?k=e229e66e01e90c3e45ff05a89156483cb68783a4ddbe2ef9e148843a175da42b&o=,4,Islamabad
ROYALE VISTA by MIR,https://www.booking.com/hotel/pk/royale-vista-by-mir.en-gb.html?aid=304142&label=gen173nr-10CAQoggJCDWNpdHlfLTI3NjI4MTJICVgEaLUBiAEBmAEzuAEHyAEM2AED6AEB-AEBiAIBqAIBuAKqisLTBsACAdICJGIyYWUwNDZiLWE5YmEtNGI1Yi05MjRjLWFkYWU5NDcwN2MxM9gCAeACAQ&ucfs=1&arphpl=1&checkin=2026-08-06&checkout=2026-08-07&dest_id=-2762812&dest_type=city&group_adults=2&req_adults=2&no_rooms=1&group_children=0&req_children=0&hpos=2&hapos=692&sr_order=popularity&srpvid=ed21559515340104&srepoch=1785759135&all_sr_blocks=1467077101_418032952_2_0_0&highlighted_blocks=1467077101_418032952_2_0_0&matching_block_id=1467077101_418032952_2_0_0&sr_pri_blocks=1467077101_418032952_2_0_0__700000&from=searchresults,7000,10,3.0,Islamabad,23.5,Deluxe Double Room,"2 beds (1 double, 1 extra-large double)",0,1,1,https://cf.bstatic.com/xdata/images/hotel/square240/726920581.webp?k=cc038b5f91dd692b025e6a58b08b73610cdc2cf8ebe42b272b58b6e85dff53c2&o=,4,Islamabad
Sense luxury - 2 bed Apartment,https://www.booking.com/hotel/pk/sense-luxury-2-bed-apartment.en-gb.html?aid=304142&label=gen173nr-10CAQoggJCDWNpdHlfLTI3NjI4MTJICVgEaLUBiAEBmAEzuAEHyAEM2AED6AEB-AEBiAIBqAIBuAKqisLTBsACAdICJGIyYWUwNDZiLWE5YmEtNGI1Yi05MjRjLWFkYWU5NDcwN2MxM9gCAeACAQ&ucfs=1&arphpl=1&checkin=2026-08-06&checkout=2026-08-07&dest_id=-2762812&dest_type=city&group_adults=2&req_adults=2&no_rooms=1&group_children=0&req_children=0&hpos=3&hapos=693&sr_order=popularity&srpvid=ed21559515340104&srepoch=1785759135&all_sr_blocks=1321039401_404794816_2_0_0_739127&highlighted_blocks=1321039401_404794816_2_0_0_739127&matching_block_id=1321039401_404794816_2_0_0_739127&sr_pri_blocks=1321039401_404794816_2_0_0_739127_1453500&from=searchresults,14535,10,1.0,Islamabad,23.0,Two-Bedroom Apartment,"4 beds (2 singles, 1 double, 1 sofa bed)",0,1,1,https://cf.bstatic.com/xdata/images/hotel/square240/623286015.webp?k=ecdbb9271a1838d4148c629cd81b58e57a9c92621b46702b70a5661917fc11e0&o=,4,Islamabad
Luxury 2 Bedroom Apartment with Margalla Views and Parking,https://www.booking.com/hotel/pk/luxury-2-bedroom-apartment-with-margalla-views-and-parking.en-gb.html?aid=304142&label=gen173nr-10CAQoggJCDWNpdHlfLTI3NjI4MTJICVgEaLUBiAEBmAEzuAEHyAEM2AED6AEB-AEBiAIBqAIBuAKqisLTBsACAdICJGIyYWUwNDZiLWE5YmEtNGI1Yi05MjRjLWFkYWU5NDcwN2MxM9gCAeACAQ&ucfs=1&arphpl=1&checkin=2026-08-06&checkout=2026-08-07&dest_id=-2762812&dest_type=city&group_adults=2&req_adults=2&no_rooms=1&group_children=0&req_children=0&hpos=4&hapos=694&sr_order=popularity&srpvid=ed21559515340104&srepoch=1785759135&all_sr_blocks=1676609101_440474791_6_0_0&highlighted_blocks=1676609101_440474791_6_0_0&matching_block_id=1676609101_440474791_6_0_0&sr_pri_blocks=1676609101_440474791_6_0_0__1900000&from=searchresults,19000,,,Islamabad,11.2,Two-Bedroom Apartment,1 extra-large double bed,0,1,1,https://cf.bstatic.com/xdata/images/hotel/square240/888908590.webp?k=35ff2747ea8ca81196057fd4557e65c64f098df0bca35f8355ae17e539758ca4&o=,6,Islamabad
Islamabad Dream Palms Guest House Hotel,https://www.booking.com/hotel/pk/islamabad-dream-palms-guest-house-islamabad.en-gb.html?aid=304142&label=gen173nr-10CAQoggJCDWNpdHlfLTI3NjI4MTJICVgEaLUBiAEBmAEzuAEHyAEM2AED6AEB-AEBiAIBqAIBuAKqisLTBsACAdICJGIyYWUwNDZiLWE5YmEtNGI1Yi05MjRjLWFkYWU5NDcwN2MxM9gCAeACAQ&ucfs=1&arphpl=1&checkin=2026-08-06&checkout=2026-08-07&dest_id=-2762812&dest_type=city&group_adults=2&req_adults=2&no_rooms=1&group_children=0&req_children=0&hpos=5&hapos=695&sr_order=popularity&srpvid=ed21559515340104&srepoch=1785759135&all_sr_blocks=1579383702_429039088_4_0_0&highlighted_blocks=1579383702_429039088_4_0_0&matching_block_id=1579383702_429039088_4_0_0&sr_pri_blocks=1579383702_429039088_4_0_0__1100000&from=searchresults,11000,10,4.0,Islamabad,14.0,Deluxe King Room,"3 beds (1 single, 1 extra-large double, 1 futon)",0,1,1,https://cf.bstatic.com/xdata/images/hotel/square240/823740516.webp?k=61d217094b20da49597ac1da75d6c366aea95d3e6e1a087bebf4df717416f343&o=,13,Islamabad
1 bed Designer Apartment near Islamabad Airport,https://www.booking.com/hotel/pk/1-bed-designer-apartment-near-islamabad-airport.en-gb.html?aid=304142&label=gen173nr-10CAQoggJCDWNpdHlfLTI3NjI4MTJICVgEaLUBiAEBmAEzuAEHyAEM2AED6AEB-AEBiAIBqAIBuAKqisLTBsACAdICJGIyYWUwNDZiLWE5YmEtNGI1Yi05MjRjLWFkYWU5NDcwN2MxM9gCAeACAQ&ucfs=1&arphpl=1&checkin=2026-08-06&checkout=2026-08-07&dest_id=-2762812&dest_type=city&group_adults=2&req_adults=2&no_rooms=1&group_children=0&req_children=0&hpos=6&hapos=696&sr_order=popularity&srpvid=ed21559515340104&srepoch=1785759135&all_sr_blocks=1596635701_430681945_2_0_0&highlighted_blocks=1596635701_430681945_2_0_0&matching_block_id=1596635701_430681945_2_0_0&sr_pri_blocks=1596635701_430681945_2_0_0__935000&from=searchresults,9350,,,Islamabad,26.2,One-Bedroom Apartment,1 extra-large double bed,0,1,1,https://cf.bstatic.com/xdata/images/hotel/square240/834560696.webp?k=4b2208fb72c92f83e5d0e4b2401668e7a7f6bbad1154407c32555bacd0735fc8&o=,4,Islamabad
Mentmore Suite Duplex 601 by The Royal Escape,https://www.booking.com/hotel/pk/mentmore-suite-duplex-601-by-the-royal-escape.en-gb.html?aid=304142&label=gen173nr-10CAQoggJCDWNpdHlfLTI3NjI4MTJICVgEaLUBiAEBmAEzuAEHyAEM2AED6AEB-AEBiAIBqAIBuAKqisLTBsACAdICJGIyYWUwNDZiLWE5YmEtNGI1Yi05MjRjLWFkYWU5NDcwN2MxM9gCAeACAQ&ucfs=1&arphpl=1&checkin=2026-08-06&checkout=2026-08-07&dest_id=-2762812&dest_type=city&group_adults=2&req_adults=2&no_rooms=1&group_children=0&req_children=0&hpos=7&hapos=697&sr_order=popularity&srpvid=ed21559515340104&srepoch=1785759135&all_sr_blocks=1381553401_410239840_4_0_0&highlighted_blocks=1381553401_410239840_4_0_0&matching_block_id=1381553401_410239840_4_0_0&sr_pri_blocks=1381553401_410239840_4_0_0__1450000&from=searchresults,14500,8.0,2.0,Islamabad,26.8,Two-Bedroom Apartment,"4 beds (2 singles, 1 sofa bed, 1 large double)",0,1,1,https://cf.bstatic.com/xdata/images/hotel/square240/662173508.webp?k=06b545dc66037ecef4cbf3fb7512b3b06f9015f84c6854f5181fdd35930d07a1&o=,12,Islamabad
Chirani Signature Hotel,https://www.booking.com/hotel/pk/chirani-signature.en-gb.html?aid=304142&label=gen173nr-10CAQoggJCDWNpdHlfLTI3NjI4MTJICVgEaLUBiAEBmAEzuAEHyAEM2AED6AEB-AEBiAIBqAIBuAKqisLTBsACAdICJGIyYWUwNDZiLWE5YmEtNGI1Yi05MjRjLWFkYWU5NDcwN2MxM9gCAeACAQ&ucfs=1&arphpl=1&checkin=2026-08-06&checkout=2026-08-07&dest_id=-2762812&dest_type=city&group_adults=2&req_adults=2&no_rooms=1&group_children=0&req_children=0&hpos=8&hapos=698&sr_order=popularity&srpvid=ed21559515340104&srepoch=1785759135&all_sr_blocks=1511615701_437787658_2_1_0&highlighted_blocks=1511615701_437787658_2_1_0&matching_block_id=1511615701_437787658_2_1_0&sr_pri_blocks=1511615701_437787658_2_1_0__2340000&from=searchresults,23400,9.5,4.0,"F-7 Sector, Islamabad",3.7,Standard Double Room,1 large double bed,1,1,1,https://cf.bstatic.com/xdata/images/hotel/square240/895468508.webp?k=00af58a6a99d2606ec526a269440e63c12a35cb5a3f44e0ce1726608d5aba60e&o=,15,Islamabad
Own It Apartment Brown,https://www.booking.com/hotel/pk/own-it-apartments-islamabad.en-gb.html?aid=304142&label=gen173nr-10CAQoggJCDWNpdHlfLTI3NjI4MTJICVgEaLUBiAEBmAEzuAEHyAEM2AED6AEB-AEBiAIBqAIBuAKqisLTBsACAdICJGIyYWUwNDZiLWE5YmEtNGI1Yi05MjRjLWFkYWU5NDcwN2MxM9gCAeACAQ&ucfs=1&arphpl=1&checkin=2026-08-06&checkout=2026-08-07&dest_id=-2762812&dest_type=city&group_adults=2&req_adults=2&no_rooms=1&group_children=0&req_children=0&hpos=9&hapos=699&sr_order=popularity&srpvid=ed21559515340104&srepoch=1785759135&all_sr_blocks=1186484201_409678734_2_0_0&highlighted_blocks=1186484201_409678734_2_0_0&matching_block_id=1186484201_409678734_2_0_0&sr_pri_blocks=1186484201_409678734_2_0_0__642600&from=searchresults,6426,3.2,14.0,Islamabad,22.5,Two-Bedroom Apartment,"3 beds (1 double, 1 sofa bed, 1 large double)",0,0,1,https://cf.bstatic.com/xdata/images/hotel/square240/559284527.webp?k=36174ce798098c78a67eabf829511dcb884fb0514c12c46ce234e7310389c330&o=,3,Islamabad
IFQ Hotel & Resort Islamabad,https://www.booking.com/hotel/pk/ifqhotelisb.en-gb.html?aid=304142&label=gen173nr-10CAQoggJCDWNpdHlfLTI3NjI4MTJICVgEaLUBiAEBmAEzuAEHyAEM2AED6AEB-AEBiAIBqAIBuAKqisLTBsACAdICJGIyYWUwNDZiLWE5YmEtNGI1Yi05MjRjLWFkYWU5NDcwN2MxM9gCAeACAQ&ucfs=1&arphpl=1&checkin=2026-08-06&checkout=2026-08-07&dest_id=-2762812&dest_type=city&group_adults=2&req_adults=2&no_rooms=1&group_children=0&req_children=0&hpos=10&hapos=700&sr_order=popularity&srpvid=ed21559515340104&srepoch=1785759135&all_sr_blocks=896511311_360260468_2_42_0&highlighted_blocks=896511311_360260468_2_42_0&matching_block_id=896511311_360260468_2_42_0&sr_pri_blocks=896511311_360260468_2_42_0__3000000&from=searchresults,30000,7.9,56.0,Islamabad,3.4,Chalet,1 extra-large double bed,0,0,0,https://cf.bstatic.com/xdata/images/hotel/square240/655738686.webp?k=e38a3905b62388e0fa956cfe45cbbeaa92bbec6b3c0062ac26f958f59006ccdd&o=,10,Islamabad
Istanbul Inn,https://www.booking.com/hotel/pk/istanbul-inn.en-gb.html?aid=304142&label=gen173nr-10CAQoggJCDWNpdHlfLTI3NjI4MTJICVgEaLUBiAEBmAEzuAEHyAEM2AED6AEB-AEBiAIBqAIBuAKqisLTBsACAdICJGIyYWUwNDZiLWE5YmEtNGI1Yi05MjRjLWFkYWU5NDcwN2MxM9gCAeACAQ&ucfs=1&arphpl=1&checkin=2026-08-06&checkout=2026-08-07&dest_id=-2762812&dest_type=city&group_adults=2&req_adults=2&no_rooms=1&group_children=0&req_children=0&hpos=11&hapos=701&sr_order=popularity&srpvid=ed21559515340104&srepoch=1785759135&all_sr_blocks=1260858601_398700700_2_0_0&highlighted_blocks=1260858601_398700700_2_0_0&matching_block_id=1260858601_398700700_2_0_0&sr_pri_blocks=1260858601_398700700_2_0_0__495000&from=searchresults,4950,8.5,7.0,Islamabad,26.8,Deluxe Double Room (2 Adults + 1 Child),1 extra-large double bed,0,1,1,https://cf.bstatic.com/xdata/images/hotel/square240/684939723.webp?k=af4871968a631b7e9f1c92751081309bfb2012d932f8473bd5f8616d21e1dbd0&o=,4,Islamabad
Real estate,https://www.booking.com/hotel/pk/real-estate-islamabad.en-gb.html?aid=304142&label=gen173nr-10CAQoggJCDWNpdHlfLTI3NjI4MTJICVgEaLUBiAEBmAEzuAEHyAEM2AED6AEB-AEBiAIBqAIBuAKqisLTBsACAdICJGIyYWUwNDZiLWE5YmEtNGI1Yi05MjRjLWFkYWU5NDcwN2MxM9gCAeACAQ&ucfs=1&arphpl=1&checkin=2026-08-06&checkout=2026-08-07&dest_id=-2762812&dest_type=city&group_adults=2&req_adults=2&no_rooms=1&group_children=0&req_children=0&hpos=12&hapos=702&sr_order=popularity&srpvid=ed21559515340104&srepoch=1785759135&all_sr_blocks=1624889401_433208411_4_0_0&highlighted_blocks=1624889401_433208411_4_0_0&matching_block_id=1624889401_433208411_4_0_0&sr_pri_blocks=1624889401_433208411_4_0_0__1050000&from=searchresults,10500,,,"E-11 Sector, Islamabad",10.8,Two-Bedroom Apartment with Terrace and Sea View,"4 beds (2 doubles, 2 sofa beds)",0,1,1,https://cf.bstatic.com/xdata/images/hotel/square240/858405932.webp?k=090086974e7e5f6ecc225f487ae65a3dcb5c46819c6ddb8fd26170c6399fa736&o=,4,Islamabad
Elysium Pent House Signature Luxrious Apartments - Centaurus Mall Facing Islamabad,https://www.booking.com/hotel/pk/vxidb.en-gb.html?aid=304142&label=gen173nr-10CAQoggJCDWNpdHlfLTI3NjI4MTJICVgEaLUBiAEBmAEzuAEHyAEM2AED6AEB-AEBiAIBqAIBuAKqisLTBsACAdICJGIyYWUwNDZiLWE5YmEtNGI1Yi05MjRjLWFkYWU5NDcwN2MxM9gCAeACAQ&ucfs=1&arphpl=1&checkin=2026-08-06&checkout=2026-08-07&dest_id=-2762812&dest_type=city&group_adults=2&req_adults=2&no_rooms=1&group_children=0&req_children=0&hpos=13&hapos=703&sr_order=popularity&srpvid=ed21559515340104&srepoch=1785759135&all_sr_blocks=1637434001_434086793_2_1_0&highlighted_blocks=1637434001_434086793_2_1_0&matching_block_id=1637434001_434086793_2_1_0&sr_pri_blocks=1637434001_434086793_2_1_0__3240000&from=searchresults,32400,10,1.0,"Blue Area, Islamabad",4.6,Deluxe One-Bedroom Apartment with City View,"2 beds (1 double, 1 sofa bed)",1,0,0,https://cf.bstatic.com/xdata/images/hotel/square240/865541709.webp?k=beb5f7aa27723811897697303fd7944589e7e4fc09a117c7f9447f33e9f50a16&o=,13,Islamabad
Luxury Two Bed Furnished Apartment Gulberg Greens Islamabad,https://www.booking.com/hotel/pk/luxury-two-bed-furnished-apartment-gulberg-greens-islamabad.en-gb.html?aid=304142&label=gen173nr-10CAQoggJCDWNpdHlfLTI3NjI4MTJICVgEaLUBiAEBmAEzuAEHyAEM2AED6AEB-AEBiAIBqAIBuAKqisLTBsACAdICJGIyYWUwNDZiLWE5YmEtNGI1Yi05MjRjLWFkYWU5NDcwN2MxM9gCAeACAQ&ucfs=1&arphpl=1&checkin=2026-08-06&checkout=2026-08-07&dest_id=-2762812&dest_type=city&group_adults=2&req_adults=2&no_rooms=1&group_children=0&req_children=0&hpos=14&hapos=704&sr_order=popularity&srpvid=ed21559515340104&srepoch=1785759135&all_sr_blocks=1376072501_409740616_2_0_0_919675&highlighted_blocks=1376072501_409740616_2_0_0_919675&matching_block_id=1376072501_409740616_2_0_0_919675&sr_pri_blocks=1376072501_409740616_2_0_0_919675_1530000&from=searchresults,15300,,,Islamabad,15.1,One-Bedroom Apartment,"3 beds (2 doubles, 1 sofa bed)",0,1,1,https://cf.bstatic.com/xdata/images/hotel/square240/657485210.webp?k=d024cbc949f9e5eec8b0e72a58742b45a2d2c13b744431d37a6a1af10bc40737&o=,4,Islamabad
Elite E7 Hills View 2 BHK Luxury Apartment,https://www.booking.com/hotel/pk/elite-e7-hills-view-2-bhk-luxury-apartment.en-gb.html?aid=304142&label=gen173nr-10CAQoggJCDWNpdHlfLTI3NjI4MTJICVgEaLUBiAEBmAEzuAEHyAEM2AED6AEB-AEBiAIBqAIBuAKqisLTBsACAdICJGIyYWUwNDZiLWE5YmEtNGI1Yi05MjRjLWFkYWU5NDcwN2MxM9gCAeACAQ&ucfs=1&arphpl=1&checkin=2026-08-06&checkout=2026-08-07&dest_id=-2762812&dest_type=city&group_adults=2&req_adults=2&no_rooms=1&group_children=0&req_children=0&hpos=15&hapos=705&sr_order=popularity&srpvid=ed21559515340104&srepoch=1785759135&all_sr_blocks=1693363101_440986920_5_0_0&highlighted_blocks=1693363101_440986920_5_0_0&matching_block_id=1693363101_440986920_5_0_0&sr_pri_blocks=1693363101_440986920_5_0_0__3973750&from=searchresults,39738,,,"E-7 Sector, Islamabad",4.1,Two-Bedroom Apartment,2 large double beds,0,1,1,https://cf.bstatic.com/xdata/images/hotel/square240/898307174.webp?k=1e10aa2051b3310054c47e6958af830b3beac5b593af6a8723c1ce76063d0959&o=,5,Islamabad
Green View Residency Islamabad,https://www.booking.com/hotel/pk/green-view-residency-islamabad1.en-gb.html?aid=304142&label=gen173nr-10CAQoggJCDWNpdHlfLTI3NjI4MTJICVgEaLUBiAEBmAEzuAEHyAEM2AED6AEB-AEBiAIBqAIBuAKqisLTBsACAdICJGIyYWUwNDZiLWE5YmEtNGI1Yi05MjRjLWFkYWU5NDcwN2MxM9gCAeACAQ&ucfs=1&arphpl=1&checkin=2026-08-06&checkout=2026-08-07&dest_id=-2762812&dest_type=city&group_adults=2&req_adults=2&no_rooms=1&group_children=0&req_children=0&hpos=16&hapos=706&sr_order=popularity&srpvid=ed21559515340104&srepoch=1785759135&all_sr_blocks=1610100703_431915312_2_1_0&highlighted_blocks=1610100703_431915312_2_1_0&matching_block_id=1610100703_431915312_2_1_0&sr_pri_blocks=1610100703_431915312_2_1_0__825000&from=searchresults,8250,,,"F-7 Sector, Islamabad",2.9,Standard Queen Room,1 extra-large double bed,1,1,1,https://cf.bstatic.com/xdata/images/hotel/square240/846063579.webp?k=f4668f8f989fa679a1748292eb2afc932bcca9d6444caec29b4de49080c2cd6e&o=,5,Islamabad
Family Apart ISB F-11 #4,https://www.booking.com/hotel/pk/family-apart-isb-f-11-4.en-gb.html?aid=304142&label=gen173nr-10CAQoggJCDWNpdHlfLTI3NjI4MTJICVgEaLUBiAEBmAEzuAEHyAEM2AED6AEB-AEBiAIBqAIBuAKqisLTBsACAdICJGIyYWUwNDZiLWE5YmEtNGI1Yi05MjRjLWFkYWU5NDcwN2MxM9gCAeACAQ&ucfs=1&arphpl=1&checkin=2026-08-06&checkout=2026-08-07&dest_id=-2762812&dest_type=city&group_adults=2&req_adults=2&no_rooms=1&group_children=0&req_children=0&hpos=17&hapos=707&sr_order=popularity&srpvid=ed21559515340104&srepoch=1785759135&all_sr_blocks=1182358403_390660307_0_0_0&highlighted_blocks=1182358403_390660307_0_0_0&matching_block_id=1182358403_390660307_0_0_0&sr_pri_blocks=1182358403_390660307_0_0_0__900000&from=searchresults,9000,5.3,3.0,Islamabad,11.0,One-Bedroom Apartment,1 large double bed,0,1,1,https://cf.bstatic.com/xdata/images/hotel/square240/542154315.webp?k=bd951df89d12b24811bdf5b3a990469b130141b0f9a53bcbec98c9be200a70fc&o=,4,Islamabad
Executive 1BR Serviced Apartment Al Mustafa Towers F-10,https://www.booking.com/hotel/pk/executive-1br-serviced-apartment-al-mustafa-towers-f-10.en-gb.html?aid=304142&label=gen173nr-10CAQoggJCDWNpdHlfLTI3NjI4MTJICVgEaLUBiAEBmAEzuAEHyAEM2AED6AEB-AEBiAIBqAIBuAKqisLTBsACAdICJGIyYWUwNDZiLWE5YmEtNGI1Yi05MjRjLWFkYWU5NDcwN2MxM9gCAeACAQ&ucfs=1&arphpl=1&checkin=2026-08-06&checkout=2026-08-07&dest_id=-2762812&dest_type=city&group_adults=2&req_adults=2&no_rooms=1&group_children=0&req_children=0&hpos=18&hapos=708&sr_order=popularity&srpvid=ed21559515340104&srepoch=1785759135&all_sr_blocks=1699372401_441586197_3_0_0&highlighted_blocks=1699372401_441586197_3_0_0&matching_block_id=1699372401_441586197_3_0_0&sr_pri_blocks=1699372401_441586197_3_0_0__952000&from=searchresults,9520,,,Islamabad,8.3,One-Bedroom Apartment,"2 beds (1 sofa bed, 1 large double)",0,1,1,https://cf.bstatic.com/xdata/images/hotel/square240/902065332.webp?k=7ea5819245a4be7d030efd94edb0ff61a24f128612a852f3c8056ea484990b96&o=,5,Islamabad
Margalla Hills Residency Islamabad,https://www.booking.com/hotel/pk/margalla-hills-residency-islamabad-islamabad1.en-gb.html?aid=304142&label=gen173nr-10CAQoggJCDWNpdHlfLTI3NjI4MTJICVgEaLUBiAEBmAEzuAEHyAEM2AED6AEB-AEBiAIBqAIBuAKqisLTBsACAdICJGIyYWUwNDZiLWE5YmEtNGI1Yi05MjRjLWFkYWU5NDcwN2MxM9gCAeACAQ&ucfs=1&arphpl=1&checkin=2026-08-06&checkout=2026-08-07&dest_id=-2762812&dest_type=city&group_adults=2&req_adults=2&no_rooms=1&group_children=0&req_children=0&hpos=19&hapos=709&sr_order=popularity&srpvid=ed21559515340104&srepoch=1785759135&all_sr_blocks=1698203202_441482525_3_2_0&highlighted_blocks=1698203202_441482525_3_2_0&matching_block_id=1698203202_441482525_3_2_0&sr_pri_blocks=1698203202_441482525_3_2_0__653600&from=searchresults,6536,,,"E-11 Sector, Islamabad",11.2,Superior King Room,5 extra-large double beds,0,1,1,https://cf.bstatic.com/xdata/images/hotel/square240/902050436.webp?k=6b293152cd7bb208abc925a958070b2742417c90bf36739f129e1f2cb015a63b&o=,5,Islamabad
Luxury 2-BHK Apartment,https://www.booking.com/hotel/pk/luxury-2-bhk-apartment.en-gb.html?aid=304142&label=gen173nr-10CAQoggJCDWNpdHlfLTI3NjI4MTJICVgEaLUBiAEBmAEzuAEHyAEM2AED6AEB-AEBiAIBqAIBuAKqisLTBsACAdICJGIyYWUwNDZiLWE5YmEtNGI1Yi05MjRjLWFkYWU5NDcwN2MxM9gCAeACAQ&ucfs=1&arphpl=1&checkin=2026-08-06&checkout=2026-08-07&dest_id=-2762812&dest_type=city&group_adults=2&req_adults=2&no_rooms=1&group_children=0&req_children=0&hpos=20&hapos=710&sr_order=popularity&srpvid=ed21559515340104&srepoch=1785759135&all_sr_blocks=1413305401_413080135_2_0_0&highlighted_blocks=1413305401_413080135_2_0_0&matching_block_id=1413305401_413080135_2_0_0&sr_pri_blocks=1413305401_413080135_2_0_0__1190000&from=searchresults,11900,,,Islamabad,15.1,Two-Bedroom Apartment,2 large double beds,0,1,1,https://cf.bstatic.com/xdata/images/hotel/square240/682011652.webp?k=dfd80c35bc4c57da69fde421299684745207c3122b72e5aed406c9bcaba2dc8c&o=,4,Islamabad
Crown Lodges E11-4,https://www.booking.com/hotel/pk/crown-lodges-e11-4.en-gb.html?aid=304142&label=gen173nr-10CAQoggJCDWNpdHlfLTI3NjI4MTJICVgEaLUBiAEBmAEzuAEHyAEM2AED6AEB-AEBiAIBqAIBuAKqisLTBsACAdICJGIyYWUwNDZiLWE5YmEtNGI1Yi05MjRjLWFkYWU5NDcwN2MxM9gCAeACAQ&ucfs=1&arphpl=1&checkin=2026-08-06&checkout=2026-08-07&dest_id=-2762812&dest_type=city&group_adults=2&req_adults=2&no_rooms=1&group_children=0&req_children=0&hpos=21&hapos=711&sr_order=popularity&srpvid=ed21559515340104&srepoch=1785759135&all_sr_blocks=1461367902_417435028_2_2_0_1150616&highlighted_blocks=1461367902_417435028_2_2_0_1150616&matching_block_id=1461367902_417435028_2_2_0_1150616&sr_pri_blocks=1461367902_417435028_2_2_0_1150616_520000&from=searchresults,5200,1.0,1.0,"E-11 Sector, Islamabad",12.1,Family Room,1 double bed,0,1,1,https://cf.bstatic.com/xdata/images/hotel/square240/717731525.webp?k=3ad8bf044c526620efab9664d50b5a7564d14296ec07b2620518ce3eddb1e1ab&o=,4,Islamabad
3BHK Serenity Suite By Skypark One,https://www.booking.com/hotel/pk/3bhk-skypark-apt-prime-location-with-2-balconies-180-view.en-gb.html?aid=304142&label=gen173nr-10CAQoggJCDWNpdHlfLTI3NjI4MTJICVgEaLUBiAEBmAEzuAEHyAEM2AED6AEB-AEBiAIBqAIBuAKqisLTBsACAdICJGIyYWUwNDZiLWE5YmEtNGI1Yi05MjRjLWFkYWU5NDcwN2MxM9gCAeACAQ&ucfs=1&arphpl=1&checkin=2026-08-06&checkout=2026-08-07&dest_id=-2762812&dest_type=city&group_adults=2&req_adults=2&no_rooms=1&group_children=0&req_children=0&hpos=22&hapos=712&sr_order=popularity&srpvid=ed21559515340104&srepoch=1785759135&all_sr_blocks=1430282401_414587215_6_0_0&highlighted_blocks=1430282401_414587215_6_0_0&matching_block_id=1430282401_414587215_6_0_0&sr_pri_blocks=1430282401_414587215_6_0_0__3280500&from=searchresults,32805,8.8,16.0,Islamabad,15.4,Three-Bedroom Apartment,"10 beds (3 extra-large doubles, 1 sofa bed, 6 futons)",0,0,0,https://cf.bstatic.com/xdata/images/hotel/square240/749570963.webp?k=59638cbd30ffeb42e44c3d5fa56036dbee80cf7afe54e698e2279f73426f10ab&o=,14,Islamabad
Park vista,https://www.booking.com/hotel/pk/park-vista-islamabad.en-gb.html?aid=304142&label=gen173nr-10CAQoggJCDWNpdHlfLTI3NjI4MTJICVgEaLUBiAEBmAEzuAEHyAEM2AED6AEB-AEBiAIBqAIBuAKqisLTBsACAdICJGIyYWUwNDZiLWE5YmEtNGI1Yi05MjRjLWFkYWU5NDcwN2MxM9gCAeACAQ&ucfs=1&arphpl=1&checkin=2026-08-06&checkout=2026-08-07&dest_id=-2762812&dest_type=city&group_adults=2&req_adults=2&no_rooms=1&group_children=0&req_children=0&hpos=23&hapos=713&sr_order=popularity&srpvid=ed21559515340104&srepoch=1785759135&all_sr_blocks=1660963101_437989377_2_0_0&highlighted_blocks=1660963101_437989377_2_0_0&matching_block_id=1660963101_437989377_2_0_0&sr_pri_blocks=1660963101_437989377_2_0_0__800000&from=searchresults,8000,,,Islamabad,8.1,One-Bedroom Apartment,"2 beds (1 double, 1 sofa bed)",0,1,1,https://cf.bstatic.com/xdata/images/hotel/square240/879662249.webp?k=0f9e14ce663da52f31fb1dd9a70e62307e6c56a2c8a16e95801b6d9cd4299dc2&o=,4,Islamabad
Luxury Top Floor Duplex Apartment 2 Master Bedrooms Plus 1 Single Bedroom Centaurus Mall Islamabad,https://www.booking.com/hotel/pk/luxury-top-floor-duplex-apartment-2-master-bedrooms-plus-1-single-bedroom-centau.en-gb.html?aid=304142&label=gen173nr-10CAQoggJCDWNpdHlfLTI3NjI4MTJICVgEaLUBiAEBmAEzuAEHyAEM2AED6AEB-AEBiAIBqAIBuAKqisLTBsACAdICJGIyYWUwNDZiLWE5YmEtNGI1Yi05MjRjLWFkYWU5NDcwN2MxM9gCAeACAQ&ucfs=1&arphpl=1&checkin=2026-08-06&checkout=2026-08-07&dest_id=-2762812&dest_type=city&group_adults=2&req_adults=2&no_rooms=1&group_children=0&req_children=0&hpos=24&hapos=714&sr_order=popularity&srpvid=ed21559515340104&srepoch=1785759135&all_sr_blocks=1681379501_439887142_5_0_0&highlighted_blocks=1681379501_439887142_5_0_0&matching_block_id=1681379501_439887142_5_0_0&sr_pri_blocks=1681379501_439887142_5_0_0__6501778&from=searchresults,65018,,,"Blue Area, Islamabad",4.6,Three-Bedroom Apartment,2 large double beds,0,1,1,https://cf.bstatic.com/xdata/images/hotel/square240/891566014.webp?k=f330b068b575e9e161c4c03f9605ac09e0badc4c1b42b7d0189a6f3a7586e9ff&o=,5,Islamabad
SkyPark One Islamabad - Premium Two-Bed Suite,https://www.booking.com/hotel/pk/skypark-one-islamabad-premium-two-bed-suite.en-gb.html?aid=304142&label=gen173nr-10CAQoggJCDWNpdHlfLTI3NjI4MTJICVgEaLUBiAEBmAEzuAEHyAEM2AED6AEB-AEBiAIBqAIBuAKqisLTBsACAdICJGIyYWUwNDZiLWE5YmEtNGI1Yi05MjRjLWFkYWU5NDcwN2MxM9gCAeACAQ&ucfs=1&arphpl=1&checkin=2026-08-06&checkout=2026-08-07&dest_id=-2762812&dest_type=city&group_adults=2&req_adults=2&no_rooms=1&group_children=0&req_children=0&hpos=25&hapos=715&sr_order=popularity&srpvid=ed21559515340104&srepoch=1785759135&all_sr_blocks=1591526201_430231294_5_0_0&highlighted_blocks=1591526201_430231294_5_0_0&matching_block_id=1591526201_430231294_5_0_0&sr_pri_blocks=1591526201_430231294_5_0_0__1799910&from=searchresults,17999,,,Islamabad,15.4,One-Bedroom Apartment,2 double beds,0,0,0,https://cf.bstatic.com/xdata/images/hotel/square240/839605717.webp?k=cd3b1e594bf4e891a0652a8c0e3a6b5f3a47699e35f12da4bbc7c9657074f55b&o=,10,Islamabad
2 BHK Luxury Apartment in Centaurus 360 View,https://www.booking.com/hotel/pk/2-bhk-luxury-apartment-in-centaurus-360-view.en-gb.html?aid=304142&label=gen173nr-10CAQoggJCDWNpdHlfLTI3NjI4MTJICVgEaLUBiAEBmAEzuAEHyAEM2AED6AEB-AEBiAIBqAIBuAKqisLTBsACAdICJGIyYWUwNDZiLWE5YmEtNGI1Yi05MjRjLWFkYWU5NDcwN2MxM9gCAeACAQ&ucfs=1&arphpl=1&checkin=2026-08-06&checkout=2026-08-07&dest_id=-2762812&dest_type=city&group_adults=2&req_adults=2&no_rooms=1&group_children=0&req_children=0&hpos=1&hapos=716&sr_order=popularity&srpvid=ed21559515340104&srepoch=1785759142&all_sr_blocks=1558850001_426991982_6_0_0&highlighted_blocks=1558850001_426991982_6_0_0&matching_block_id=1558850001_426991982_6_0_0&sr_pri_blocks=1558850001_426991982_6_0_0__4675000&from=searchresults,46750,5.0,1.0,"Blue Area, Islamabad",4.6,Two-Bedroom Apartment,2 extra-large double beds,0,1,1,https://cf.bstatic.com/xdata/images/hotel/square240/891964384.webp?k=b72b4191560c3700e7c7e10b34ec9a9b3045f6f016d5597a6e90e5226daae4e1&o=,5,Islamabad
Marvello Stay,https://www.booking.com/hotel/pk/marvello-stay.en-gb.html?aid=304142&label=gen173nr-10CAQoggJCDWNpdHlfLTI3NjI4MTJICVgEaLUBiAEBmAEzuAEHyAEM2AED6AEB-AEBiAIBqAIBuAKqisLTBsACAdICJGIyYWUwNDZiLWE5YmEtNGI1Yi05MjRjLWFkYWU5NDcwN2MxM9gCAeACAQ&ucfs=1&arphpl=1&checkin=2026-08-06&checkout=2026-08-07&dest_id=-2762812&dest_type=city&group_adults=2&req_adults=2&no_rooms=1&group_children=0&req_children=0&hpos=2&hapos=717&sr_order=popularity&srpvid=ed21559515340104&srepoch=1785759142&all_sr_blocks=1609279001_431832813_2_0_0&highlighted_blocks=1609279001_431832813_2_0_0&matching_block_id=1609279001_431832813_2_0_0&sr_pri_blocks=1609279001_431832813_2_0_0__1600000&from=searchresults,16000,8.5,4.0,Islamabad,13.9,Double Room,1 double bed,0,1,1,https://cf.bstatic.com/xdata/images/hotel/square240/845155602.webp?k=906c8c4b9c57f7833463091251bf9c047802458c6996743177b2e39da64f3f50&o=,5,Islamabad
Heritage Rezidor,https://www.booking.com/hotel/pk/heritage-rezidor.en-gb.html?aid=304142&label=gen173nr-10CAQoggJCDWNpdHlfLTI3NjI4MTJICVgEaLUBiAEBmAEzuAEHyAEM2AED6AEB-AEBiAIBqAIBuAKqisLTBsACAdICJGIyYWUwNDZiLWE5YmEtNGI1Yi05MjRjLWFkYWU5NDcwN2MxM9gCAeACAQ&ucfs=1&arphpl=1&checkin=2026-08-06&checkout=2026-08-07&dest_id=-2762812&dest_type=city&group_adults=2&req_adults=2&no_rooms=1&group_children=0&req_children=0&hpos=3&hapos=718&sr_order=popularity&srpvid=ed21559515340104&srepoch=1785759142&all_sr_blocks=1589333602_430035473_2_1_0&highlighted_blocks=1589333602_430035473_2_1_0&matching_block_id=1589333602_430035473_2_1_0&sr_pri_blocks=1589333602_430035473_2_1_0__1190000&from=searchresults,11900,10,1.0,"F-7 Sector, Islamabad",4.2,Budget Double Room,2 double beds,1,1,1,https://cf.bstatic.com/xdata/images/hotel/square240/829281350.webp?k=81571ef0914a651b338e86ec931a9ffe68f60858b4708b992de38951fee4603d&o=,4,Islamabad
Penthouse Apartment Islamabad B17 Outdoor Dining,https://www.booking.com/hotel/pk/penthouse-apartment-islamabad-b17-outdoor-dining.en-gb.html?aid=304142&label=gen173nr-10CAQoggJCDWNpdHlfLTI3NjI4MTJICVgEaLUBiAEBmAEzuAEHyAEM2AED6AEB-AEBiAIBqAIBuAKqisLTBsACAdICJGIyYWUwNDZiLWE5YmEtNGI1Yi05MjRjLWFkYWU5NDcwN2MxM9gCAeACAQ&ucfs=1&arphpl=1&checkin=2026-08-06&checkout=2026-08-07&dest_id=-2762812&dest_type=city&group_adults=2&req_adults=2&no_rooms=1&group_children=0&req_children=0&hpos=4&hapos=719&sr_order=popularity&srpvid=ed21559515340104&srepoch=1785759142&all_sr_blocks=1535706501_425055093_5_0_0&highlighted_blocks=1535706501_425055093_5_0_0&matching_block_id=1535706501_425055093_5_0_0&sr_pri_blocks=1535706501_425055093_5_0_0__1500000&from=searchresults,15000,,,Islamabad,26.2,One-Bedroom Apartment,1 double bed,0,1,1,https://cf.bstatic.com/xdata/images/hotel/square240/784365781.webp?k=52dca6418b3e1cc2aed6a93f7dbdd7c6534bcf06b5528def9f4c990a5c3178fa&o=,4,Islamabad
IsLodge,https://www.booking.com/hotel/pk/islodge.en-gb.html?aid=304142&label=gen173nr-10CAQoggJCDWNpdHlfLTI3NjI4MTJICVgEaLUBiAEBmAEzuAEHyAEM2AED6AEB-AEBiAIBqAIBuAKqisLTBsACAdICJGIyYWUwNDZiLWE5YmEtNGI1Yi05MjRjLWFkYWU5NDcwN2MxM9gCAeACAQ&ucfs=1&arphpl=1&checkin=2026-08-06&checkout=2026-08-07&dest_id=-2762812&dest_type=city&group_adults=2&req_adults=2&no_rooms=1&group_children=0&req_children=0&hpos=5&hapos=720&sr_order=popularity&srpvid=ed21559515340104&srepoch=1785759142&all_sr_blocks=1565994101_427715705_2_0_0&highlighted_blocks=1565994101_427715705_2_0_0&matching_block_id=1565994101_427715705_2_0_0&sr_pri_blocks=1565994101_427715705_2_0_0__900000&from=searchresults,9000,9.5,55.0,Islamabad,14.0,Deluxe Double Room with Balcony,1 double bed,0,1,1,https://cf.bstatic.com/xdata/images/hotel/square240/809931435.webp?k=b0132e9e32d7630e404c2151d1afc00bcf9117b7530c31b46033d4e3b7ac3ef2&o=,5,Islamabad
Huk Midway Hotel Apartment,https://www.booking.com/hotel/pk/huk-midway-apartment-islamabad.en-gb.html?aid=304142&label=gen173nr-10CAQoggJCDWNpdHlfLTI3NjI4MTJICVgEaLUBiAEBmAEzuAEHyAEM2AED6AEB-AEBiAIBqAIBuAKqisLTBsACAdICJGIyYWUwNDZiLWE5YmEtNGI1Yi05MjRjLWFkYWU5NDcwN2MxM9gCAeACAQ&ucfs=1&arphpl=1&checkin=2026-08-06&checkout=2026-08-07&dest_id=-2762812&dest_type=city&group_adults=2&req_adults=2&no_rooms=1&group_children=0&req_children=0&hpos=6&hapos=721&sr_order=popularity&srpvid=ed21559515340104&srepoch=1785759142&all_sr_blocks=1658367601_437736155_4_0_0&highlighted_blocks=1658367601_437736155_4_0_0&matching_block_id=1658367601_437736155_4_0_0&sr_pri_blocks=1658367601_437736155_4_0_0__900000&from=searchresults,9000,10,1.0,Islamabad,19.1,Two-Bedroom Apartment,2 double beds,0,0,0,https://cf.bstatic.com/xdata/images/hotel/square240/877437097.webp?k=1f92852a4ab1250e5e551acb4214922b8b910f7c8204d07a1b409354da443ed1&o=,10,Islamabad
The Margalla Penthouse,https://www.booking.com/hotel/pk/luxury-3br-penthouse-terrace-margalla-views-f11.en-gb.html?aid=304142&label=gen173nr-10CAQoggJCDWNpdHlfLTI3NjI4MTJICVgEaLUBiAEBmAEzuAEHyAEM2AED6AEB-AEBiAIBqAIBuAKqisLTBsACAdICJGIyYWUwNDZiLWE5YmEtNGI1Yi05MjRjLWFkYWU5NDcwN2MxM9gCAeACAQ&ucfs=1&arphpl=1&checkin=2026-08-06&checkout=2026-08-07&dest_id=-2762812&dest_type=city&group_adults=2&req_adults=2&no_rooms=1&group_children=0&req_children=0&hpos=7&hapos=722&sr_order=popularity&srpvid=ed21559515340104&srepoch=1785759142&all_sr_blocks=1690150001_440654140_6_0_0&highlighted_blocks=1690150001_440654140_6_0_0&matching_block_id=1690150001_440654140_6_0_0&sr_pri_blocks=1690150001_440654140_6_0_0__3150000&from=searchresults,31500,,,Islamabad,10.6,Three-Bedroom Apartment,3 large double beds,0,1,1,https://cf.bstatic.com/xdata/images/hotel/square240/895983474.webp?k=e87035bd5025d438ba152163c8a060b351bf6d448fd3a3bc8c6593b131d8d7ae&o=,4,Islamabad
One bedroom apartment in F10 Markaz Self check in,https://www.booking.com/hotel/pk/one-bedroom-apartment-in-f10-markaz-self-check-in.en-gb.html?aid=304142&label=gen173nr-10CAQoggJCDWNpdHlfLTI3NjI4MTJICVgEaLUBiAEBmAEzuAEHyAEM2AED6AEB-AEBiAIBqAIBuAKqisLTBsACAdICJGIyYWUwNDZiLWE5YmEtNGI1Yi05MjRjLWFkYWU5NDcwN2MxM9gCAeACAQ&ucfs=1&arphpl=1&checkin=2026-08-06&checkout=2026-08-07&dest_id=-2762812&dest_type=city&group_adults=2&req_adults=2&no_rooms=1&group_children=0&req_children=0&hpos=8&hapos=723&sr_order=popularity&srpvid=ed21559515340104&srepoch=1785759142&all_sr_blocks=1693768801_441021793_3_0_0&highlighted_blocks=1693768801_441021793_3_0_0&matching_block_id=1693768801_441021793_3_0_0&sr_pri_blocks=1693768801_441021793_3_0_0__1700000&from=searchresults,17000,,,Islamabad,8.3,One-Bedroom Apartment,1 double bed,0,1,1,https://cf.bstatic.com/xdata/images/hotel/square240/898632274.webp?k=f908c513e9aec6e0da6e0d28e0014ec13023a6cfb18a441356e2afe15e7cb42e&o=,5,Islamabad
RK Executive Apartment,https://www.booking.com/hotel/pk/apartment-107.en-gb.html?aid=304142&label=gen173nr-10CAQoggJCDWNpdHlfLTI3NjI4MTJICVgEaLUBiAEBmAEzuAEHyAEM2AED6AEB-AEBiAIBqAIBuAKqisLTBsACAdICJGIyYWUwNDZiLWE5YmEtNGI1Yi05MjRjLWFkYWU5NDcwN2MxM9gCAeACAQ&ucfs=1&arphpl=1&checkin=2026-08-06&checkout=2026-08-07&dest_id=-2762812&dest_type=city&group_adults=2&req_adults=2&no_rooms=1&group_children=0&req_children=0&hpos=9&hapos=724&sr_order=popularity&srpvid=ed21559515340104&srepoch=1785759142&all_sr_blocks=1571041101_428182067_2_0_0&highlighted_blocks=1571041101_428182067_2_0_0&matching_block_id=1571041101_428182067_2_0_0&sr_pri_blocks=1571041101_428182067_2_0_0__1275000&from=searchresults,12750,10,1.0,"E-11 Sector, Islamabad",10.9,Two-Bedroom Superior Apartment,2 extra-large double beds,0,1,1,https://cf.bstatic.com/xdata/images/hotel/square240/814339159.webp?k=88f90501697e25dd927152451b4dc2b1e3c722efbd49d0165787af3dc0fd6da6&o=,4,Islamabad
Family Apartment F-10,https://www.booking.com/hotel/pk/family-apartment-f-10.en-gb.html?aid=304142&label=gen173nr-10CAQoggJCDWNpdHlfLTI3NjI4MTJICVgEaLUBiAEBmAEzuAEHyAEM2AED6AEB-AEBiAIBqAIBuAKqisLTBsACAdICJGIyYWUwNDZiLWE5YmEtNGI1Yi05MjRjLWFkYWU5NDcwN2MxM9gCAeACAQ&ucfs=1&arphpl=1&checkin=2026-08-06&checkout=2026-08-07&dest_id=-2762812&dest_type=city&group_adults=2&req_adults=2&no_rooms=1&group_children=0&req_children=0&hpos=10&hapos=725&sr_order=popularity&srpvid=ed21559515340104&srepoch=1785759142&all_sr_blocks=1096131601_382509417_3_0_0&highlighted_blocks=1096131601_382509417_3_0_0&matching_block_id=1096131601_382509417_3_0_0&sr_pri_blocks=1096131601_382509417_3_0_0__855000&from=searchresults,8550,7.6,5.0,Islamabad,8.3,One-Bedroom Apartment,"2 beds (1 sofa bed, 1 large double)",0,0,0,https://cf.bstatic.com/xdata/images/hotel/square240/509599545.webp?k=3e840bfbca78a53549539bdb2cac42155866407b40186cbb33888131a53271db&o=,2,Islamabad
Grand Peace House III,https://www.booking.com/hotel/pk/grand-peace-house-iii.en-gb.html?aid=304142&label=gen173nr-10CAQoggJCDWNpdHlfLTI3NjI4MTJICVgEaLUBiAEBmAEzuAEHyAEM2AED6AEB-AEBiAIBqAIBuAKqisLTBsACAdICJGIyYWUwNDZiLWE5YmEtNGI1Yi05MjRjLWFkYWU5NDcwN2MxM9gCAeACAQ&ucfs=1&arphpl=1&checkin=2026-08-06&checkout=2026-08-07&dest_id=-2762812&dest_type=city&group_adults=2&req_adults=2&no_rooms=1&group_children=0&req_children=0&hpos=11&hapos=726&sr_order=popularity&srpvid=ed21559515340104&srepoch=1785759142&all_sr_blocks=1330584304_417232209_2_1_0&highlighted_blocks=1330584304_417232209_2_1_0&matching_block_id=1330584304_417232209_2_1_0&sr_pri_blocks=1330584304_417232209_2_1_0__900000&from=searchresults,9000,7.8,20.0,"F-7 Sector, Islamabad",3.4,Deluxe Double Room with Bath,Multiple bed types,1,0,0,https://cf.bstatic.com/xdata/images/hotel/square240/747595082.webp?k=ffff55859e8b4f4cf69fecc84a8b07d95924ef21fb8d3021d858e9eaf62e7c20&o=,2,Islamabad
1 Bedroom Apartment Pool & Gym,https://www.booking.com/hotel/pk/rentify-islamabad.en-gb.html?aid=304142&label=gen173nr-10CAQoggJCDWNpdHlfLTI3NjI4MTJICVgEaLUBiAEBmAEzuAEHyAEM2AED6AEB-AEBiAIBqAIBuAKqisLTBsACAdICJGIyYWUwNDZiLWE5YmEtNGI1Yi05MjRjLWFkYWU5NDcwN2MxM9gCAeACAQ&ucfs=1&arphpl=1&checkin=2026-08-06&checkout=2026-08-07&dest_id=-2762812&dest_type=city&group_adults=2&req_adults=2&no_rooms=1&group_children=0&req_children=0&hpos=12&hapos=727&sr_order=popularity&srpvid=ed21559515340104&srepoch=1785759142&all_sr_blocks=1422946501_413924891_2_0_0&highlighted_blocks=1422946501_413924891_2_0_0&matching_block_id=1422946501_413924891_2_0_0&sr_pri_blocks=1422946501_413924891_2_0_0__900000&from=searchresults,9000,7.0,1.0,Islamabad,20.5,One-Bedroom Apartment,1 double bed,0,1,1,https://cf.bstatic.com/xdata/images/hotel/square240/688035278.webp?k=6791a8bcb22da3ca475ae252b0e936d90cd4449f03b5cd71f1ceaa10aa63208f&o=,4,Islamabad
Room in Diplomatic Enclave l Walking distance to US Embassy,https://www.booking.com/hotel/pk/room-in-diplomatic-enclave-islamabad.en-gb.html?aid=304142&label=gen173nr-10CAQoggJCDWNpdHlfLTI3NjI4MTJICVgEaLUBiAEBmAEzuAEHyAEM2AED6AEB-AEBiAIBqAIBuAKqisLTBsACAdICJGIyYWUwNDZiLWE5YmEtNGI1Yi05MjRjLWFkYWU5NDcwN2MxM9gCAeACAQ&ucfs=1&arphpl=1&checkin=2026-08-06&checkout=2026-08-07&dest_id=-2762812&dest_type=city&group_adults=2&req_adults=2&no_rooms=1&group_children=0&req_children=0&hpos=13&hapos=728&sr_order=popularity&srpvid=ed21559515340104&srepoch=1785759142&all_sr_blocks=1477372601_428826673_2_2_0_1186048&highlighted_blocks=1477372601_428826673_2_2_0_1186048&matching_block_id=1477372601_428826673_2_2_0_1186048&sr_pri_blocks=1477372601_428826673_2_2_0_1186048_1282415&from=searchresults,12824,9.0,9.0,Islamabad,2.6,One-Bedroom Apartment,1 double bed,0,0,1,https://cf.bstatic.com/xdata/images/hotel/square240/736154444.webp?k=b3a3065ad72b4de963b067c0856b4fe35ca7bff34aae7c5ca67c592b20e32c23&o=,4,Islamabad
"3 BR, 3 BTH, PRIME LOCATION with Luxury",https://www.booking.com/hotel/pk/3-br-3-bth-prime-location-with-luxury.en-gb.html?aid=304142&label=gen173nr-10CAQoggJCDWNpdHlfLTI3NjI4MTJICVgEaLUBiAEBmAEzuAEHyAEM2AED6AEB-AEBiAIBqAIBuAKqisLTBsACAdICJGIyYWUwNDZiLWE5YmEtNGI1Yi05MjRjLWFkYWU5NDcwN2MxM9gCAeACAQ&ucfs=1&arphpl=1&checkin=2026-08-06&checkout=2026-08-07&dest_id=-2762812&dest_type=city&group_adults=2&req_adults=2&no_rooms=1&group_children=0&req_children=0&hpos=14&hapos=729&sr_order=popularity&srpvid=ed21559515340104&srepoch=1785759142&all_sr_blocks=1211289301_393297126_2_0_0&highlighted_blocks=1211289301_393297126_2_0_0&matching_block_id=1211289301_393297126_2_0_0&sr_pri_blocks=1211289301_393297126_2_0_0__1732500&from=searchresults,17325,,,Islamabad,10.6,One-Bedroom Apartment,1 double bed,0,1,1,https://cf.bstatic.com/xdata/images/hotel/square240/559972821.webp?k=c76aeb5113e096acd2a7cd5ad85ea6ecec774de3f3b8c23d567398f5e1b6f680&o=,15,Islamabad
Step into comfort and simplicity with this stylish 1-bedroom apartment,https://www.booking.com/hotel/pk/step-into-comfort-and-simplicity-with-this-stylish-1-bedroom-apartment-islamabad.en-gb.html?aid=304142&label=gen173nr-10CAQoggJCDWNpdHlfLTI3NjI4MTJICVgEaLUBiAEBmAEzuAEHyAEM2AED6AEB-AEBiAIBqAIBuAKqisLTBsACAdICJGIyYWUwNDZiLWE5YmEtNGI1Yi05MjRjLWFkYWU5NDcwN2MxM9gCAeACAQ&ucfs=1&arphpl=1&checkin=2026-08-06&checkout=2026-08-07&dest_id=-2762812&dest_type=city&group_adults=2&req_adults=2&no_rooms=1&group_children=0&req_children=0&hpos=15&hapos=730&sr_order=popularity&srpvid=ed21559515340104&srepoch=1785759142&all_sr_blocks=1644986301_434574580_5_0_0&highlighted_blocks=1644986301_434574580_5_0_0&matching_block_id=1644986301_434574580_5_0_0&sr_pri_blocks=1644986301_434574580_5_0_0__1000000&from=searchresults,10000,,,"E-11 Sector, Islamabad",11.9,Two-Bedroom Apartment,"3 beds (2 doubles, 1 sofa bed)",0,1,1,https://cf.bstatic.com/xdata/images/hotel/square240/869445056.webp?k=554a6a015408b6edc196661183f3e60aa31d4ff0aa2dd695a380eeda36d30a3f&o=,4,Islamabad
UK Lodge,https://www.booking.com/hotel/pk/uk-lodge-islamabad1.en-gb.html?aid=304142&label=gen173nr-10CAQoggJCDWNpdHlfLTI3NjI4MTJICVgEaLUBiAEBmAEzuAEHyAEM2AED6AEB-AEBiAIBqAIBuAKqisLTBsACAdICJGIyYWUwNDZiLWE5YmEtNGI1Yi05MjRjLWFkYWU5NDcwN2MxM9gCAeACAQ&ucfs=1&arphpl=1&checkin=2026-08-06&checkout=2026-08-07&dest_id=-2762812&dest_type=city&group_adults=2&req_adults=2&no_rooms=1&group_children=0&req_children=0&hpos=16&hapos=731&sr_order=popularity&srpvid=ed21559515340104&srepoch=1785759142&all_sr_blocks=504601105_185986591_3_0_0&highlighted_blocks=504601105_185986591_3_0_0&matching_block_id=504601105_185986591_3_0_0&sr_pri_blocks=504601105_185986591_3_0_0__600000&from=searchresults,6000,1.0,2.0,"G-9 Sector, Islamabad",6.4,Triple Room,3 single beds,0,1,1,https://cf.bstatic.com/xdata/images/hotel/square240/197789986.webp?k=b98c7a54f3a409fa600362b285fe2176da66736ddf67ea17ec5afc4dc76ae13e&o=,4,Islamabad
Mind rest,https://www.booking.com/hotel/pk/mind-rest.en-gb.html?aid=304142&label=gen173nr-10CAQoggJCDWNpdHlfLTI3NjI4MTJICVgEaLUBiAEBmAEzuAEHyAEM2AED6AEB-AEBiAIBqAIBuAKqisLTBsACAdICJGIyYWUwNDZiLWE5YmEtNGI1Yi05MjRjLWFkYWU5NDcwN2MxM9gCAeACAQ&ucfs=1&arphpl=1&checkin=2026-08-06&checkout=2026-08-07&dest_id=-2762812&dest_type=city&group_adults=2&req_adults=2&no_rooms=1&group_children=0&req_children=0&hpos=17&hapos=732&sr_order=popularity&srpvid=ed21559515340104&srepoch=1785759142&all_sr_blocks=1669069001_438715261_3_0_0&highlighted_blocks=1669069001_438715261_3_0_0&matching_block_id=1669069001_438715261_3_0_0&sr_pri_blocks=1669069001_438715261_3_0_0__510000&from=searchresults,5100,,,Islamabad,26.3,One-Bedroom Apartment,1 double bed,0,1,1,https://cf.bstatic.com/xdata/images/hotel/square240/884400673.webp?k=2ca34a5d8a32883dde38e36b5e74bdec5a818d2f9aa5039591d782b45bd3bd79&o=,5,Islamabad
Amanza Rooms,https://www.booking.com/hotel/pk/amanza-rooms.en-gb.html?aid=304142&label=gen173nr-10CAQoggJCDWNpdHlfLTI3NjI4MTJICVgEaLUBiAEBmAEzuAEHyAEM2AED6AEB-AEBiAIBqAIBuAKqisLTBsACAdICJGIyYWUwNDZiLWE5YmEtNGI1Yi05MjRjLWFkYWU5NDcwN2MxM9gCAeACAQ&ucfs=1&arphpl=1&checkin=2026-08-06&checkout=2026-08-07&dest_id=-2762812&dest_type=city&group_adults=2&req_adults=2&no_rooms=1&group_children=0&req_children=0&hpos=18&hapos=733&sr_order=popularity&srpvid=ed21559515340104&srepoch=1785759142&all_sr_blocks=1360859301_408391170_2_0_0&highlighted_blocks=1360859301_408391170_2_0_0&matching_block_id=1360859301_408391170_2_0_0&sr_pri_blocks=1360859301_408391170_2_0_0__450000&from=searchresults,4500,1.0,1.0,Islamabad,26.7,One-Bedroom Apartment,1 extra-large double bed,0,1,1,https://cf.bstatic.com/xdata/images/hotel/square240/647767264.webp?k=2079aefcee845a8331d9f3d3258b48612d41ec53a6039619a1cc8b007c5f4fe7&o=,4,Islamabad
The Urban Haven,https://www.booking.com/hotel/pk/kohat-heights.en-gb.html?aid=304142&label=gen173nr-10CAQoggJCDWNpdHlfLTI3NjI4MTJICVgEaLUBiAEBmAEzuAEHyAEM2AED6AEB-AEBiAIBqAIBuAKqisLTBsACAdICJGIyYWUwNDZiLWE5YmEtNGI1Yi05MjRjLWFkYWU5NDcwN2MxM9gCAeACAQ&ucfs=1&arphpl=1&checkin=2026-08-06&checkout=2026-08-07&dest_id=-2762812&dest_type=city&group_adults=2&req_adults=2&no_rooms=1&group_children=0&req_children=0&hpos=19&hapos=734&sr_order=popularity&srpvid=ed21559515340104&srepoch=1785759142&all_sr_blocks=1589246101_430029139_3_0_0&highlighted_blocks=1589246101_430029139_3_0_0&matching_block_id=1589246101_430029139_3_0_0&sr_pri_blocks=1589246101_430029139_3_0_0__3100000&from=searchresults,31000,9.8,4.0,"Blue Area, Islamabad",4.6,One-Bedroom Apartment,"2 beds (1 double, 1 sofa bed)",0,1,1,https://cf.bstatic.com/xdata/images/hotel/square240/829240182.webp?k=ac77f87e11d2b19085e9afd4b9d3e9cf3225b63adde780ba442664dd04ac293e&o=,4,Islamabad
Standard Elite Palace inn Hotel,https://www.booking.com/hotel/pk/standard-elite-palace-inn.en-gb.html?aid=304142&label=gen173nr-10CAQoggJCDWNpdHlfLTI3NjI4MTJICVgEaLUBiAEBmAEzuAEHyAEM2AED6AEB-AEBiAIBqAIBuAKqisLTBsACAdICJGIyYWUwNDZiLWE5YmEtNGI1Yi05MjRjLWFkYWU5NDcwN2MxM9gCAeACAQ&ucfs=1&arphpl=1&checkin=2026-08-06&checkout=2026-08-07&dest_id=-2762812&dest_type=city&group_adults=2&req_adults=2&no_rooms=1&group_children=0&req_children=0&hpos=20&hapos=735&sr_order=popularity&srpvid=ed21559515340104&srepoch=1785759142&all_sr_blocks=1697355301_441412416_2_0_0&highlighted_blocks=1697355301_441412416_2_0_0&matching_block_id=1697355301_441412416_2_0_0&sr_pri_blocks=1697355301_441412416_2_0_0__370600&from=searchresults,3706,,,Islamabad,14.2,Double Room,1 double bed,0,1,1,https://cf.bstatic.com/xdata/images/hotel/square240/900940512.webp?k=2e9b4e58e1475b955dfc8f57d4e4a7f65aa61fa9c240621541df8cc4bdd8e97b&o=,15,Islamabad
Luxury Holiday Home Margala Hills Views Islamabad,https://www.booking.com/hotel/pk/luxury-3bedrooms-portion-in-islamabad-islamabad.en-gb.html?aid=304142&label=gen173nr-10CAQoggJCDWNpdHlfLTI3NjI4MTJICVgEaLUBiAEBmAEzuAEHyAEM2AED6AEB-AEBiAIBqAIBuAKqisLTBsACAdICJGIyYWUwNDZiLWE5YmEtNGI1Yi05MjRjLWFkYWU5NDcwN2MxM9gCAeACAQ&ucfs=1&arphpl=1&checkin=2026-08-06&checkout=2026-08-07&dest_id=-2762812&dest_type=city&group_adults=2&req_adults=2&no_rooms=1&group_children=0&req_children=0&hpos=21&hapos=736&sr_order=popularity&srpvid=ed21559515340104&srepoch=1785759142&all_sr_blocks=1496504003_421328540_4_2_0&highlighted_blocks=1496504003_421328540_4_2_0&matching_block_id=1496504003_421328540_4_2_0&sr_pri_blocks=1496504003_421328540_4_2_0__2000000&from=searchresults,20000,10,2.0,Islamabad,13.0,Two-Bedroom Villa,"3 beds (2 extra-large doubles, 1 sofa bed)",0,1,1,https://cf.bstatic.com/xdata/images/hotel/square240/750215726.webp?k=1b66f156bc782190b5f8197d351ce578eabadd866e536e6f98b2c52bac1ba92f&o=,4,Islamabad
Gulberg Arena Luxury 2-Bedroom Apartment - Islamabad,https://www.booking.com/hotel/pk/gulberg-arena-luxury-2-bedroom-apartment-islamabad.en-gb.html?aid=304142&label=gen173nr-10CAQoggJCDWNpdHlfLTI3NjI4MTJICVgEaLUBiAEBmAEzuAEHyAEM2AED6AEB-AEBiAIBqAIBuAKqisLTBsACAdICJGIyYWUwNDZiLWE5YmEtNGI1Yi05MjRjLWFkYWU5NDcwN2MxM9gCAeACAQ&ucfs=1&arphpl=1&checkin=2026-08-06&checkout=2026-08-07&dest_id=-2762812&dest_type=city&group_adults=2&req_adults=2&no_rooms=1&group_children=0&req_children=0&hpos=22&hapos=737&sr_order=popularity&srpvid=ed21559515340104&srepoch=1785759142&all_sr_blocks=1623567701_433104982_2_0_0&highlighted_blocks=1623567701_433104982_2_0_0&matching_block_id=1623567701_433104982_2_0_0&sr_pri_blocks=1623567701_433104982_2_0_0__1190000&from=searchresults,11900,1.0,2.0,Islamabad,15.1,Two-Bedroom Apartment,"3 beds (2 extra-large doubles, 1 sofa bed)",0,1,1,https://cf.bstatic.com/xdata/images/hotel/square240/857662455.webp?k=75b02148620c8559f8fec0daa9744cdb212d31f36776efd1c20b29d94f7578a8&o=,4,Islamabad
3 Bed Luxury Apartment,https://www.booking.com/hotel/pk/modern-comfort-retreat.en-gb.html?aid=304142&label=gen173nr-10CAQoggJCDWNpdHlfLTI3NjI4MTJICVgEaLUBiAEBmAEzuAEHyAEM2AED6AEB-AEBiAIBqAIBuAKqisLTBsACAdICJGIyYWUwNDZiLWE5YmEtNGI1Yi05MjRjLWFkYWU5NDcwN2MxM9gCAeACAQ&ucfs=1&arphpl=1&checkin=2026-08-06&checkout=2026-08-07&dest_id=-2762812&dest_type=city&group_adults=2&req_adults=2&no_rooms=1&group_children=0&req_children=0&hpos=23&hapos=738&sr_order=popularity&srpvid=ed21559515340104&srepoch=1785759142&all_sr_blocks=1291553101_402109938_2_0_0&highlighted_blocks=1291553101_402109938_2_0_0&matching_block_id=1291553101_402109938_2_0_0&sr_pri_blocks=1291553101_402109938_2_0_0__877500&from=searchresults,8775,1.0,1.0,"E-11 Sector, Islamabad",10.8,Three-Bedroom Apartment,"5 beds (2 doubles, 1 sofa bed, 2 futons)",0,0,0,https://cf.bstatic.com/xdata/images/hotel/square240/603441372.webp?k=968d59f9986252ccc248a04415333d1ef4458c7418ee2c55697aa01b5c298fe8&o=,2,Islamabad
Lavish 1 Bedroom,https://www.booking.com/hotel/pk/lavish-1-bedroom.en-gb.html?aid=304142&label=gen173nr-10CAQoggJCDWNpdHlfLTI3NjI4MTJICVgEaLUBiAEBmAEzuAEHyAEM2AED6AEB-AEBiAIBqAIBuAKqisLTBsACAdICJGIyYWUwNDZiLWE5YmEtNGI1Yi05MjRjLWFkYWU5NDcwN2MxM9gCAeACAQ&ucfs=1&arphpl=1&checkin=2026-08-06&checkout=2026-08-07&dest_id=-2762812&dest_type=city&group_adults=2&req_adults=2&no_rooms=1&group_children=0&req_children=0&hpos=24&hapos=739&sr_order=popularity&srpvid=ed21559515340104&srepoch=1785759142&all_sr_blocks=1452340701_416585439_2_0_0&highlighted_blocks=1452340701_416585439_2_0_0&matching_block_id=1452340701_416585439_2_0_0&sr_pri_blocks=1452340701_416585439_2_0_0__520000&from=searchresults,5200,1.0,2.0,Islamabad,8.3,King Room with Mountain View,1 large double bed,0,1,1,https://cf.bstatic.com/xdata/images/hotel/square240/709675438.webp?k=0bb16f174ee48b9643cbd276ab239a915126a1e53408a224dc985507e86a9030&o=,4,Islamabad
Prime Elysium Tower Serviced Apartments Islamabad,https://www.booking.com/hotel/pk/prestige-luxurious-apartments.en-gb.html?aid=304142&label=gen173nr-10CAQoggJCDWNpdHlfLTI3NjI4MTJICVgEaLUBiAEBmAEzuAEHyAEM2AED6AEB-AEBiAIBqAIBuAKqisLTBsACAdICJGIyYWUwNDZiLWE5YmEtNGI1Yi05MjRjLWFkYWU5NDcwN2MxM9gCAeACAQ&ucfs=1&arphpl=1&checkin=2026-08-06&checkout=2026-08-07&dest_id=-2762812&dest_type=city&group_adults=2&req_adults=2&no_rooms=1&group_children=0&req_children=0&hpos=25&hapos=740&sr_order=popularity&srpvid=ed21559515340104&srepoch=1785759142&all_sr_blocks=1546359201_425909249_2_0_0&highlighted_blocks=1546359201_425909249_2_0_0&matching_block_id=1546359201_425909249_2_0_0&sr_pri_blocks=1546359201_425909249_2_0_0__2095200&from=searchresults,20952,,,"Blue Area, Islamabad",4.6,Studio Apartment,1 double bed,0,0,0,https://cf.bstatic.com/xdata/images/hotel/square240/886263446.webp?k=e580639b9da706a7d396a254a9c7ff3ec72d4cadb3bd4e4a75d88ea144869342&o=,13,Islamabad
Mall of Islamabad Signature Apartments-F7,https://www.booking.com/hotel/pk/mall-of-islamabad-signature-apartments-f7.en-gb.html?aid=304142&label=gen173nr-10CAQoggJCDWNpdHlfLTI3NjI4MTJICVgEaLUBiAEBmAEzuAEHyAEM2AED6AEB-AEBiAIBqAIBuAKqisLTBsACAdICJGIyYWUwNDZiLWE5YmEtNGI1Yi05MjRjLWFkYWU5NDcwN2MxM9gCAeACAQ&ucfs=1&arphpl=1&checkin=2026-08-06&checkout=2026-08-07&dest_id=-2762812&dest_type=city&group_adults=2&req_adults=2&no_rooms=1&group_children=0&req_children=0&hpos=1&hapos=741&sr_order=popularity&srpvid=ed21559515340104&srepoch=1785759149&all_sr_blocks=1505339101_422288650_3_0_0&highlighted_blocks=1505339101_422288650_3_0_0&matching_block_id=1505339101_422288650_3_0_0&sr_pri_blocks=1505339101_422288650_3_0_0__1920000&from=searchresults,19200,7.0,1.0,"Blue Area, Islamabad",3.4,One-Bedroom Apartment,"2 beds (1 double, 1 sofa bed)",0,1,1,https://cf.bstatic.com/xdata/images/hotel/square240/850881649.webp?k=e1e6c36d8c0ad3613db7ff6f9f9cd5f1cb52a572ac11bfee528658588964bd23&o=,5,Islamabad
Room in Diplomatic Enclave l Walking distance to US Embassy,https://www.booking.com/hotel/pk/secure-central-room-diplomatic-enclave-islamabad.en-gb.html?aid=304142&label=gen173nr-10CAQoggJCDWNpdHlfLTI3NjI4MTJICVgEaLUBiAEBmAEzuAEHyAEM2AED6AEB-AEBiAIBqAIBuAKqisLTBsACAdICJGIyYWUwNDZiLWE5YmEtNGI1Yi05MjRjLWFkYWU5NDcwN2MxM9gCAeACAQ&ucfs=1&arphpl=1&checkin=2026-08-06&checkout=2026-08-07&dest_id=-2762812&dest_type=city&group_adults=2&req_adults=2&no_rooms=1&group_children=0&req_children=0&hpos=2&hapos=742&sr_order=popularity&srpvid=ed21559515340104&srepoch=1785759149&all_sr_blocks=1480925001_419547889_2_0_0&highlighted_blocks=1480925001_419547889_2_0_0&matching_block_id=1480925001_419547889_2_0_0&sr_pri_blocks=1480925001_419547889_2_0_0__3230000&from=searchresults,32300,9.5,2.0,Islamabad,2.6,Double Room,1 double bed,0,1,1,https://cf.bstatic.com/xdata/images/hotel/square240/885110216.webp?k=66cf3b1fb9f7915d2c8773e197dee002f82543997ecc6d56307db9dc0c7bb7c2&o=,4,Islamabad
Sk property,https://www.booking.com/hotel/pk/sk-property-islamabad.en-gb.html?aid=304142&label=gen173nr-10CAQoggJCDWNpdHlfLTI3NjI4MTJICVgEaLUBiAEBmAEzuAEHyAEM2AED6AEB-AEBiAIBqAIBuAKqisLTBsACAdICJGIyYWUwNDZiLWE5YmEtNGI1Yi05MjRjLWFkYWU5NDcwN2MxM9gCAeACAQ&ucfs=1&arphpl=1&checkin=2026-08-06&checkout=2026-08-07&dest_id=-2762812&dest_type=city&group_adults=2&req_adults=2&no_rooms=1&group_children=0&req_children=0&hpos=3&hapos=743&sr_order=popularity&srpvid=ed21559515340104&srepoch=1785759149&all_sr_blocks=1490312801_420700302_4_0_0&highlighted_blocks=1490312801_420700302_4_0_0&matching_block_id=1490312801_420700302_4_0_0&sr_pri_blocks=1490312801_420700302_4_0_0__1200000&from=searchresults,12000,,,Islamabad,12.7,Apartment,2 double beds,0,1,1,https://cf.bstatic.com/xdata/images/hotel/square240/743708040.webp?k=87ca6e6e1d9248ba04f2429cd370d47f3f544233f3c04846eae1eb4a5ddfded3&o=,4,Islamabad
Galaxy rezord,https://www.booking.com/hotel/pk/galaxy-rezord.en-gb.html?aid=304142&label=gen173nr-10CAQoggJCDWNpdHlfLTI3NjI4MTJICVgEaLUBiAEBmAEzuAEHyAEM2AED6AEB-AEBiAIBqAIBuAKqisLTBsACAdICJGIyYWUwNDZiLWE5YmEtNGI1Yi05MjRjLWFkYWU5NDcwN2MxM9gCAeACAQ&ucfs=1&arphpl=1&checkin=2026-08-06&checkout=2026-08-07&dest_id=-2762812&dest_type=city&group_adults=2&req_adults=2&no_rooms=1&group_children=0&req_children=0&hpos=4&hapos=744&sr_order=popularity&srpvid=ed21559515340104&srepoch=1785759149&all_sr_blocks=1511807801_422924855_4_2_0&highlighted_blocks=1511807801_422924855_4_2_0&matching_block_id=1511807801_422924855_4_2_0&sr_pri_blocks=1511807801_422924855_4_2_0__600000&from=searchresults,6000,,,Islamabad,9.0,Double Room,"11 beds (3 singles, 5 doubles, 1 extra-large double, 2 large doubles)",0,1,1,https://cf.bstatic.com/xdata/images/hotel/square240/764512355.webp?k=c5d36a48cd1d219c4feb34493bd43e8ee1b13d7784821f83aaa9d35256757ba9&o=,4,Islamabad
Hotel Islamabad By A2Z,https://www.booking.com/hotel/pk/mulberry-guest-house-islamabad-islamabad3.en-gb.html?aid=304142&label=gen173nr-10CAQoggJCDWNpdHlfLTI3NjI4MTJICVgEaLUBiAEBmAEzuAEHyAEM2AED6AEB-AEBiAIBqAIBuAKqisLTBsACAdICJGIyYWUwNDZiLWE5YmEtNGI1Yi05MjRjLWFkYWU5NDcwN2MxM9gCAeACAQ&ucfs=1&arphpl=1&checkin=2026-08-06&checkout=2026-08-07&dest_id=-2762812&dest_type=city&group_adults=2&req_adults=2&no_rooms=1&group_children=0&req_children=0&hpos=5&hapos=745&sr_order=popularity&srpvid=ed21559515340104&srepoch=1785759149&all_sr_blocks=1615580902_432440786_2_0_0&highlighted_blocks=1615580902_432440786_2_0_0&matching_block_id=1615580902_432440786_2_0_0&sr_pri_blocks=1615580902_432440786_2_0_0__1200000&from=searchresults,12000,,,Islamabad,8.7,Deluxe Double Room,1 double bed,0,1,1,https://cf.bstatic.com/xdata/images/hotel/square240/850681863.webp?k=e23737e0ab4f86cb7534836c68bf69fd3ea1826db3b6ff2a42035b12738290bb&o=,8,Islamabad
Elysium Service Apartments,https://www.booking.com/hotel/pk/elysium-service-apartments.en-gb.html?aid=304142&label=gen173nr-10CAQoggJCDWNpdHlfLTI3NjI4MTJICVgEaLUBiAEBmAEzuAEHyAEM2AED6AEB-AEBiAIBqAIBuAKqisLTBsACAdICJGIyYWUwNDZiLWE5YmEtNGI1Yi05MjRjLWFkYWU5NDcwN2MxM9gCAeACAQ&ucfs=1&arphpl=1&checkin=2026-08-06&checkout=2026-08-07&dest_id=-2762812&dest_type=city&group_adults=2&req_adults=2&no_rooms=1&group_children=0&req_children=0&hpos=6&hapos=746&sr_order=popularity&srpvid=ed21559515340104&srepoch=1785759149&all_sr_blocks=1323103501_404978590_2_0_0&highlighted_blocks=1323103501_404978590_2_0_0&matching_block_id=1323103501_404978590_2_0_0&sr_pri_blocks=1323103501_404978590_2_0_0__2000000&from=searchresults,20000,9.7,3.0,"Blue Area, Islamabad",4.6,One-Bedroom Apartment,"2 beds (1 double, 1 sofa bed)",0,1,1,https://cf.bstatic.com/xdata/images/hotel/square240/624647143.webp?k=4a6bbf9709074a1652ae06373bd382f05d41d7980d3b6767bcbef6a4d7ca896e&o=,5,Islamabad
Luxury apartment Islamabad F11,https://www.booking.com/hotel/pk/luxury-apartment-islamabad-f11.en-gb.html?aid=304142&label=gen173nr-10CAQoggJCDWNpdHlfLTI3NjI4MTJICVgEaLUBiAEBmAEzuAEHyAEM2AED6AEB-AEBiAIBqAIBuAKqisLTBsACAdICJGIyYWUwNDZiLWE5YmEtNGI1Yi05MjRjLWFkYWU5NDcwN2MxM9gCAeACAQ&ucfs=1&arphpl=1&checkin=2026-08-06&checkout=2026-08-07&dest_id=-2762812&dest_type=city&group_adults=2&req_adults=2&no_rooms=1&group_children=0&req_children=0&hpos=7&hapos=747&sr_order=popularity&srpvid=ed21559515340104&srepoch=1785759149&all_sr_blocks=1670250401_438822973_9_0_0&highlighted_blocks=1670250401_438822973_9_0_0&matching_block_id=1670250401_438822973_9_0_0&sr_pri_blocks=1670250401_438822973_9_0_0__1360000&from=searchresults,13600,,,Islamabad,11.2,Two-Bedroom Apartment,"5 beds (2 doubles, 1 sofa bed, 2 large doubles)",0,1,1,https://cf.bstatic.com/xdata/images/hotel/square240/885531043.webp?k=59dbcbc8f6a407850763270194614a22f5094075485cfe18e845dec97cd976c1&o=,5,Islamabad
1-bhk fully furnished appartment for rent in islamabad,https://www.booking.com/hotel/pk/1-bhk-fully-furnished-appartment-for-rent-in-islamabad.en-gb.html?aid=304142&label=gen173nr-10CAQoggJCDWNpdHlfLTI3NjI4MTJICVgEaLUBiAEBmAEzuAEHyAEM2AED6AEB-AEBiAIBqAIBuAKqisLTBsACAdICJGIyYWUwNDZiLWE5YmEtNGI1Yi05MjRjLWFkYWU5NDcwN2MxM9gCAeACAQ&ucfs=1&arphpl=1&checkin=2026-08-06&checkout=2026-08-07&dest_id=-2762812&dest_type=city&group_adults=2&req_adults=2&no_rooms=1&group_children=0&req_children=0&hpos=8&hapos=748&sr_order=popularity&srpvid=ed21559515340104&srepoch=1785759149&all_sr_blocks=1672273301_438992545_2_0_0&highlighted_blocks=1672273301_438992545_2_0_0&matching_block_id=1672273301_438992545_2_0_0&sr_pri_blocks=1672273301_438992545_2_0_0__553350&from=searchresults,5534,1.0,1.0,Islamabad,11.0,One-Bedroom Apartment,"2 beds (1 sofa bed, 1 large double)",0,1,1,https://cf.bstatic.com/xdata/images/hotel/square240/886624027.webp?k=24a3b300978370ab22b513421c9a846639b719117d99cc5c3e9979f7ea9d26d3&o=,4,Islamabad
City View Residence,https://www.booking.com/hotel/pk/city-view-residence.en-gb.html?aid=304142&label=gen173nr-10CAQoggJCDWNpdHlfLTI3NjI4MTJICVgEaLUBiAEBmAEzuAEHyAEM2AED6AEB-AEBiAIBqAIBuAKqisLTBsACAdICJGIyYWUwNDZiLWE5YmEtNGI1Yi05MjRjLWFkYWU5NDcwN2MxM9gCAeACAQ&ucfs=1&arphpl=1&checkin=2026-08-06&checkout=2026-08-07&dest_id=-2762812&dest_type=city&group_adults=2&req_adults=2&no_rooms=1&group_children=0&req_children=0&hpos=9&hapos=749&sr_order=popularity&srpvid=ed21559515340104&srepoch=1785759149&all_sr_blocks=1530311701_424569505_2_0_0&highlighted_blocks=1530311701_424569505_2_0_0&matching_block_id=1530311701_424569505_2_0_0&sr_pri_blocks=1530311701_424569505_2_0_0__1221766&from=searchresults,12218,10,13.0,"E-11 Sector, Islamabad",11.9,One-Bedroom Apartment,"3 beds (1 double, 1 sofa bed, 1 large double)",0,1,1,https://cf.bstatic.com/xdata/images/hotel/square240/779975682.webp?k=e1e717eb216c609d4774fbf2caa590eb77befa08e4d1c825b8597342ef87dce1&o=,4,Islamabad
2-Bedroom Apartment near Islamabad International Airport Pick and Drop,https://www.booking.com/hotel/pk/spacious-2-bedroom-furnished-apartment-in-shalimar-town-islamabad.en-gb.html?aid=304142&label=gen173nr-10CAQoggJCDWNpdHlfLTI3NjI4MTJICVgEaLUBiAEBmAEzuAEHyAEM2AED6AEB-AEBiAIBqAIBuAKqisLTBsACAdICJGIyYWUwNDZiLWE5YmEtNGI1Yi05MjRjLWFkYWU5NDcwN2MxM9gCAeACAQ&ucfs=1&arphpl=1&checkin=2026-08-06&checkout=2026-08-07&dest_id=-2762812&dest_type=city&group_adults=2&req_adults=2&no_rooms=1&group_children=0&req_children=0&hpos=10&hapos=750&sr_order=popularity&srpvid=ed21559515340104&srepoch=1785759149&all_sr_blocks=1470662201_418413556_2_0_0&highlighted_blocks=1470662201_418413556_2_0_0&matching_block_id=1470662201_418413556_2_0_0&sr_pri_blocks=1470662201_418413556_2_0_0__810000&from=searchresults,8100,10,2.0,Islamabad,25.9,Two-Bedroom Apartment,"3 beds (1 sofa bed, 2 large doubles)",0,0,0,https://cf.bstatic.com/xdata/images/hotel/square240/744479033.webp?k=fa49a7f80afdd8a535746d3aba6e16688b177730440749c2411449e8d9b4f04d&o=,10,Islamabad
430 Prime B&B,https://www.booking.com/hotel/pk/430-prime-b-amp-b.en-gb.html?aid=304142&label=gen173nr-10CAQoggJCDWNpdHlfLTI3NjI4MTJICVgEaLUBiAEBmAEzuAEHyAEM2AED6AEB-AEBiAIBqAIBuAKqisLTBsACAdICJGIyYWUwNDZiLWE5YmEtNGI1Yi05MjRjLWFkYWU5NDcwN2MxM9gCAeACAQ&ucfs=1&arphpl=1&checkin=2026-08-06&checkout=2026-08-07&dest_id=-2762812&dest_type=city&group_adults=2&req_adults=2&no_rooms=1&group_children=0&req_children=0&hpos=11&hapos=751&sr_order=popularity&srpvid=ed21559515340104&srepoch=1785759149&all_sr_blocks=1631721201_433690012_2_0_0&highlighted_blocks=1631721201_433690012_2_0_0&matching_block_id=1631721201_433690012_2_0_0&sr_pri_blocks=1631721201_433690012_2_0_0__540000&from=searchresults,5400,,,Islamabad,19.4,Double Room,1 double bed,0,0,0,https://cf.bstatic.com/xdata/images/hotel/square240/862043053.webp?k=2a99a9715c64bff625a2973e54ebe7c97133b91e644d2103e7e62a902e5678af&o=,2,Islamabad
Skypark One Residency - Luxury Two bed Apartment - Self check-in,https://www.booking.com/hotel/pk/skypark-one-residency-luxury-two-bed-apartment-self-check-in.en-gb.html?aid=304142&label=gen173nr-10CAQoggJCDWNpdHlfLTI3NjI4MTJICVgEaLUBiAEBmAEzuAEHyAEM2AED6AEB-AEBiAIBqAIBuAKqisLTBsACAdICJGIyYWUwNDZiLWE5YmEtNGI1Yi05MjRjLWFkYWU5NDcwN2MxM9gCAeACAQ&ucfs=1&arphpl=1&checkin=2026-08-06&checkout=2026-08-07&dest_id=-2762812&dest_type=city&group_adults=2&req_adults=2&no_rooms=1&group_children=0&req_children=0&hpos=12&hapos=752&sr_order=popularity&srpvid=ed21559515340104&srepoch=1785759149&all_sr_blocks=1605919601_431557116_5_0_0&highlighted_blocks=1605919601_431557116_5_0_0&matching_block_id=1605919601_431557116_5_0_0&sr_pri_blocks=1605919601_431557116_5_0_0__1854930&from=searchresults,18549,,,Islamabad,15.4,Two-Bedroom Deluxe Apartment with Balcony,"3 beds (2 extra-large doubles, 1 sofa bed)",0,1,1,https://cf.bstatic.com/xdata/images/hotel/square240/842679790.webp?k=9fd50c72da6b1520885dad6948a3843c5ef89417ee8fcb21a9c35fa566439b10&o=,15,Islamabad
Tranquil stays,https://www.booking.com/hotel/pk/tranquil-stays-islamabad.en-gb.html?aid=304142&label=gen173nr-10CAQoggJCDWNpdHlfLTI3NjI4MTJICVgEaLUBiAEBmAEzuAEHyAEM2AED6AEB-AEBiAIBqAIBuAKqisLTBsACAdICJGIyYWUwNDZiLWE5YmEtNGI1Yi05MjRjLWFkYWU5NDcwN2MxM9gCAeACAQ&ucfs=1&arphpl=1&checkin=2026-08-06&checkout=2026-08-07&dest_id=-2762812&dest_type=city&group_adults=2&req_adults=2&no_rooms=1&group_children=0&req_children=0&hpos=13&hapos=753&sr_order=popularity&srpvid=ed21559515340104&srepoch=1785759149&all_sr_blocks=1632761701_433764309_2_0_0&highlighted_blocks=1632761701_433764309_2_0_0&matching_block_id=1632761701_433764309_2_0_0&sr_pri_blocks=1632761701_433764309_2_0_0__1440000&from=searchresults,14400,,,Islamabad,10.9,Two-Bedroom Apartment,"2 beds (1 sofa bed, 1 large double)",0,1,1,https://cf.bstatic.com/xdata/images/hotel/square240/862703193.webp?k=2a73aa9d3925c061ff4de7e6d6cd0a82be7428aa2326e300b648b7e74235abe8&o=,4,Islamabad
The loft life s1,https://www.booking.com/hotel/pk/the-loft-life-islamabad.en-gb.html?aid=304142&label=gen173nr-10CAQoggJCDWNpdHlfLTI3NjI4MTJICVgEaLUBiAEBmAEzuAEHyAEM2AED6AEB-AEBiAIBqAIBuAKqisLTBsACAdICJGIyYWUwNDZiLWE5YmEtNGI1Yi05MjRjLWFkYWU5NDcwN2MxM9gCAeACAQ&ucfs=1&arphpl=1&checkin=2026-08-06&checkout=2026-08-07&dest_id=-2762812&dest_type=city&group_adults=2&req_adults=2&no_rooms=1&group_children=0&req_children=0&hpos=14&hapos=754&sr_order=popularity&srpvid=ed21559515340104&srepoch=1785759149&all_sr_blocks=1419201801_413587715_2_0_0&highlighted_blocks=1419201801_413587715_2_0_0&matching_block_id=1419201801_413587715_2_0_0&sr_pri_blocks=1419201801_413587715_2_0_0__532000&from=searchresults,5320,7.0,1.0,Islamabad,11.6,Two-Bedroom Apartment,"3 beds (2 doubles, 1 sofa bed)",0,1,1,https://cf.bstatic.com/xdata/images/hotel/square240/685665843.webp?k=bedca584360836295a9ba0fae75a392c8b47da34b7d5317feaba6c1893269e85&o=,4,Islamabad
Heart of Comfort-Cozy corner forCouples&SoloTravelers,https://www.booking.com/hotel/pk/heart-of-comfort-cozy-corner-forcouples-amp-solotravelers.en-gb.html?aid=304142&label=gen173nr-10CAQoggJCDWNpdHlfLTI3NjI4MTJICVgEaLUBiAEBmAEzuAEHyAEM2AED6AEB-AEBiAIBqAIBuAKqisLTBsACAdICJGIyYWUwNDZiLWE5YmEtNGI1Yi05MjRjLWFkYWU5NDcwN2MxM9gCAeACAQ&ucfs=1&arphpl=1&checkin=2026-08-06&checkout=2026-08-07&dest_id=-2762812&dest_type=city&group_adults=2&req_adults=2&no_rooms=1&group_children=0&req_children=0&hpos=15&hapos=755&sr_order=popularity&srpvid=ed21559515340104&srepoch=1785759149&all_sr_blocks=1685309201_440155615_3_0_0&highlighted_blocks=1685309201_440155615_3_0_0&matching_block_id=1685309201_440155615_3_0_0&sr_pri_blocks=1685309201_440155615_3_0_0__753440&from=searchresults,7534,5.0,1.0,Islamabad,23.3,One-Bedroom Apartment,"4 beds (1 double, 1 extra-large double, 2 sofa beds)",0,1,1,https://cf.bstatic.com/xdata/images/hotel/square240/892806778.webp?k=88be75d83709c2b9c859f10a0195ee2299595d6a632397636e0791e5b2c0c8d3&o=,4,Islamabad
2BHK with Hill and Lake view in Mall of Islamabad Blue Area,https://www.booking.com/hotel/pk/2bhk-with-hill-and-lake-view-in-mall-of-islamabad.en-gb.html?aid=304142&label=gen173nr-10CAQoggJCDWNpdHlfLTI3NjI4MTJICVgEaLUBiAEBmAEzuAEHyAEM2AED6AEB-AEBiAIBqAIBuAKqisLTBsACAdICJGIyYWUwNDZiLWE5YmEtNGI1Yi05MjRjLWFkYWU5NDcwN2MxM9gCAeACAQ&ucfs=1&arphpl=1&checkin=2026-08-06&checkout=2026-08-07&dest_id=-2762812&dest_type=city&group_adults=2&req_adults=2&no_rooms=1&group_children=0&req_children=0&hpos=16&hapos=756&sr_order=popularity&srpvid=ed21559515340104&srepoch=1785759149&all_sr_blocks=1438716301_415359705_6_0_0&highlighted_blocks=1438716301_415359705_6_0_0&matching_block_id=1438716301_415359705_6_0_0&sr_pri_blocks=1438716301_415359705_6_0_0__2970000&from=searchresults,29700,10,1.0,"Blue Area, Islamabad",3.4,Two-Bedroom Apartment,1 double bed,0,0,0,https://cf.bstatic.com/xdata/images/hotel/square240/699365906.webp?k=d3b339fa3bccc17a951d317b7b3b80f791a7ecf48a9628b611601c93616f4a65&o=,10,Islamabad
Jasmine Inn,https://www.booking.com/hotel/pk/jasmine-inn.en-gb.html?aid=304142&label=gen173nr-10CAQoggJCDWNpdHlfLTI3NjI4MTJICVgEaLUBiAEBmAEzuAEHyAEM2AED6AEB-AEBiAIBqAIBuAKqisLTBsACAdICJGIyYWUwNDZiLWE5YmEtNGI1Yi05MjRjLWFkYWU5NDcwN2MxM9gCAeACAQ&ucfs=1&arphpl=1&checkin=2026-08-06&checkout=2026-08-07&dest_id=-2762812&dest_type=city&group_adults=2&req_adults=2&no_rooms=1&group_children=0&req_children=0&hpos=17&hapos=757&sr_order=popularity&srpvid=ed21559515340104&srepoch=1785759149&all_sr_blocks=162766501_387731669_2_1_0&highlighted_blocks=162766501_387731669_2_1_0&matching_block_id=162766501_387731669_2_1_0&sr_pri_blocks=162766501_387731669_2_1_0__1197000&from=searchresults,11970,8.3,119.0,"G-8 Sector, Islamabad",5.3,Budget Double or Twin Room,2 single beds,1,1,0,https://cf.bstatic.com/xdata/images/hotel/square240/205730033.webp?k=ca4f2a8ecfa8b90cf64ac6d5287cb660bef03f75fb92c9d289c76160ff941eef&o=,10,Islamabad
Sarayestays,https://www.booking.com/hotel/pk/sarayestays.en-gb.html?aid=304142&label=gen173nr-10CAQoggJCDWNpdHlfLTI3NjI4MTJICVgEaLUBiAEBmAEzuAEHyAEM2AED6AEB-AEBiAIBqAIBuAKqisLTBsACAdICJGIyYWUwNDZiLWE5YmEtNGI1Yi05MjRjLWFkYWU5NDcwN2MxM9gCAeACAQ&ucfs=1&arphpl=1&checkin=2026-08-06&checkout=2026-08-07&dest_id=-2762812&dest_type=city&group_adults=2&req_adults=2&no_rooms=1&group_children=0&req_children=0&hpos=18&hapos=758&sr_order=popularity&srpvid=ed21559515340104&srepoch=1785759149&all_sr_blocks=1574162301_428862976_2_0_0&highlighted_blocks=1574162301_428862976_2_0_0&matching_block_id=1574162301_428862976_2_0_0&sr_pri_blocks=1574162301_428862976_2_0_0__540000&from=searchresults,5400,1.0,1.0,Islamabad,13.5,Deluxe Double Room (2 Adults + 1 Child),1 double bed,0,1,1,https://cf.bstatic.com/xdata/images/hotel/square240/849809480.webp?k=41880591874aa2cb6d7e3c23e75b99932c216f846d02ba3a6ef861e6976dee32&o=,4,Islamabad
Luxury Apartment Hotel,https://www.booking.com/hotel/pk/la-luxury-apartment-islamabad.en-gb.html?aid=304142&label=gen173nr-10CAQoggJCDWNpdHlfLTI3NjI4MTJICVgEaLUBiAEBmAEzuAEHyAEM2AED6AEB-AEBiAIBqAIBuAKqisLTBsACAdICJGIyYWUwNDZiLWE5YmEtNGI1Yi05MjRjLWFkYWU5NDcwN2MxM9gCAeACAQ&ucfs=1&arphpl=1&checkin=2026-08-06&checkout=2026-08-07&dest_id=-2762812&dest_type=city&group_adults=2&req_adults=2&no_rooms=1&group_children=0&req_children=0&hpos=19&hapos=759&sr_order=popularity&srpvid=ed21559515340104&srepoch=1785759149&all_sr_blocks=1562217501_429955667_2_0_0&highlighted_blocks=1562217501_429955667_2_0_0&matching_block_id=1562217501_429955667_2_0_0&sr_pri_blocks=1562217501_429955667_2_0_0__950000&from=searchresults,9500,7.5,2.0,"E-11 Sector, Islamabad",11.5,One-Bedroom Apartment,"3 beds (1 single, 1 extra-large double, 1 sofa bed)",0,1,1,https://cf.bstatic.com/xdata/images/hotel/square240/807037995.webp?k=2d726002344527b97d4a110975651c5d684b1a80012657693ff87df95b713480&o=,14,Islamabad
1 Bed Room Suite Elysium Tower-Opposite Centaurus Mall Islamabad,https://www.booking.com/hotel/pk/1-bed-room-suite-elysium-tower-opposite-centaurus-mall-islamabad.en-gb.html?aid=304142&label=gen173nr-10CAQoggJCDWNpdHlfLTI3NjI4MTJICVgEaLUBiAEBmAEzuAEHyAEM2AED6AEB-AEBiAIBqAIBuAKqisLTBsACAdICJGIyYWUwNDZiLWE5YmEtNGI1Yi05MjRjLWFkYWU5NDcwN2MxM9gCAeACAQ&ucfs=1&arphpl=1&checkin=2026-08-06&checkout=2026-08-07&dest_id=-2762812&dest_type=city&group_adults=2&req_adults=2&no_rooms=1&group_children=0&req_children=0&hpos=20&hapos=760&sr_order=popularity&srpvid=ed21559515340104&srepoch=1785759149&all_sr_blocks=1304476701_403307007_0_0_0&highlighted_blocks=1304476701_403307007_0_0_0&matching_block_id=1304476701_403307007_0_0_0&sr_pri_blocks=1304476701_403307007_0_0_0__2508440&from=searchresults,25084,7.3,16.0,"Blue Area, Islamabad",0.7,One-Bedroom Apartment,1 large double bed,0,1,1,https://cf.bstatic.com/xdata/images/hotel/square240/610581127.webp?k=829de2c73365108faa2804ddecefe1064405e52e475a136e33e5bb298f33dc01&o=,11,Islamabad
Haven Lodge Islamabad - 7BR Family Home with Mountain View & BBQ,https://www.booking.com/hotel/pk/cheerful-3-bedroom-fully-furnished-home.en-gb.html?aid=304142&label=gen173nr-10CAQoggJCDWNpdHlfLTI3NjI4MTJICVgEaLUBiAEBmAEzuAEHyAEM2AED6AEB-AEBiAIBqAIBuAKqisLTBsACAdICJGIyYWUwNDZiLWE5YmEtNGI1Yi05MjRjLWFkYWU5NDcwN2MxM9gCAeACAQ&ucfs=1&arphpl=1&checkin=2026-08-06&checkout=2026-08-07&dest_id=-2762812&dest_type=city&group_adults=2&req_adults=2&no_rooms=1&group_children=0&req_children=0&hpos=21&hapos=761&sr_order=popularity&srpvid=ed21559515340104&srepoch=1785759149&all_sr_blocks=892120101_432022784_10_0_0&highlighted_blocks=892120101_432022784_10_0_0&matching_block_id=892120101_432022784_10_0_0&sr_pri_blocks=892120101_432022784_10_0_0__4370000&from=searchresults,43700,9.1,9.0,Islamabad,8.6,Holiday Home,"20 beds (2 singles, 6 extra-large doubles, 8 sofa beds, 1 large double, 3 futons)",0,0,0,https://cf.bstatic.com/xdata/images/hotel/square240/606329309.webp?k=f976b94cffdd59b6259d9258b0d8066965124f116bfec5f1e6dbcdd92ed054ec&o=,13,Islamabad
Golden Hour,https://www.booking.com/hotel/pk/golden-hour.en-gb.html?aid=304142&label=gen173nr-10CAQoggJCDWNpdHlfLTI3NjI4MTJICVgEaLUBiAEBmAEzuAEHyAEM2AED6AEB-AEBiAIBqAIBuAKqisLTBsACAdICJGIyYWUwNDZiLWE5YmEtNGI1Yi05MjRjLWFkYWU5NDcwN2MxM9gCAeACAQ&ucfs=1&arphpl=1&checkin=2026-08-06&checkout=2026-08-07&dest_id=-2762812&dest_type=city&group_adults=2&req_adults=2&no_rooms=1&group_children=0&req_children=0&hpos=22&hapos=762&sr_order=popularity&srpvid=ed21559515340104&srepoch=1785759149&all_sr_blocks=1623708701_433121174_6_0_0&highlighted_blocks=1623708701_433121174_6_0_0&matching_block_id=1623708701_433121174_6_0_0&sr_pri_blocks=1623708701_433121174_6_0_0__850000&from=searchresults,8500,10,2.0,Islamabad,14.2,Two-Bedroom Apartment,"7 beds (2 singles, 1 double, 4 sofa beds)",0,1,1,https://cf.bstatic.com/xdata/images/hotel/square240/857725598.webp?k=b87fba80a3518df9b8c40e6aeb920d4c057170060d28e2d7c52124db28df6f94&o=,4,Islamabad
Luxury Stay at Elysium Islamabad 1 Bedroom 2 AC Central Location,https://www.booking.com/hotel/pk/luxury-stay-at-elysium-islamabad-1-bedroom-2-ac-central-location.en-gb.html?aid=304142&label=gen173nr-10CAQoggJCDWNpdHlfLTI3NjI4MTJICVgEaLUBiAEBmAEzuAEHyAEM2AED6AEB-AEBiAIBqAIBuAKqisLTBsACAdICJGIyYWUwNDZiLWE5YmEtNGI1Yi05MjRjLWFkYWU5NDcwN2MxM9gCAeACAQ&ucfs=1&arphpl=1&checkin=2026-08-06&checkout=2026-08-07&dest_id=-2762812&dest_type=city&group_adults=2&req_adults=2&no_rooms=1&group_children=0&req_children=0&hpos=23&hapos=763&sr_order=popularity&srpvid=ed21559515340104&srepoch=1785759149&all_sr_blocks=1694797801_441144814_3_0_0&highlighted_blocks=1694797801_441144814_3_0_0&matching_block_id=1694797801_441144814_3_0_0&sr_pri_blocks=1694797801_441144814_3_0_0__1700000&from=searchresults,17000,,,"Blue Area, Islamabad",4.6,One-Bedroom Apartment,"2 beds (1 double, 1 sofa bed)",0,1,1,https://cf.bstatic.com/xdata/images/hotel/square240/899349427.webp?k=14717fb63ac917f3fc26f7337be69321711dd3f64e0ed100655485a5ac7a3955&o=,4,Islamabad
Own It Hotel,https://www.booking.com/hotel/pk/own-it-islamabad2.en-gb.html?aid=304142&label=gen173nr-10CAQoggJCDWNpdHlfLTI3NjI4MTJICVgEaLUBiAEBmAEzuAEHyAEM2AED6AEB-AEBiAIBqAIBuAKqisLTBsACAdICJGIyYWUwNDZiLWE5YmEtNGI1Yi05MjRjLWFkYWU5NDcwN2MxM9gCAeACAQ&ucfs=1&arphpl=1&checkin=2026-08-06&checkout=2026-08-07&dest_id=-2762812&dest_type=city&group_adults=2&req_adults=2&no_rooms=1&group_children=0&req_children=0&hpos=24&hapos=764&sr_order=popularity&srpvid=ed21559515340104&srepoch=1785759149&all_sr_blocks=1567287702_428083469_2_0_0&highlighted_blocks=1567287702_428083469_2_0_0&matching_block_id=1567287702_428083469_2_0_0&sr_pri_blocks=1567287702_428083469_2_0_0__445500&from=searchresults,4455,,,Islamabad,23.1,Comfort Triple Room,"2 beds (1 single, 1 extra-large double)",0,1,1,https://cf.bstatic.com/xdata/images/hotel/square240/811080003.webp?k=06b0457a06c266e63156af4f2bd5ab748e00b20ad65c2dd85958676166e31400&o=,4,Islamabad
"Margalla Retreat House With Pool, Garden & Mountain View",https://www.booking.com/hotel/pk/margalla-heights-retreat-islamabad.en-gb.html?aid=304142&label=gen173nr-10CAQoggJCDWNpdHlfLTI3NjI4MTJICVgEaLUBiAEBmAEzuAEHyAEM2AED6AEB-AEBiAIBqAIBuAKqisLTBsACAdICJGIyYWUwNDZiLWE5YmEtNGI1Yi05MjRjLWFkYWU5NDcwN2MxM9gCAeACAQ&ucfs=1&arphpl=1&checkin=2026-08-06&checkout=2026-08-07&dest_id=-2762812&dest_type=city&group_adults=2&req_adults=2&no_rooms=1&group_children=0&req_children=0&hpos=1&hapos=765&sr_order=popularity&srpvid=ed21559515340104&srepoch=1785759156&all_sr_blocks=1316810101_438255645_8_0_0_809830&highlighted_blocks=1316810101_438255645_8_0_0_809830&matching_block_id=1316810101_438255645_8_0_0_809830&sr_pri_blocks=1316810101_438255645_8_0_0_809830_5355000&from=searchresults,53550,9.9,13.0,Islamabad,13.7,Five-Bedroom House,"10 beds (2 singles, 4 extra-large doubles, 4 sofa beds)",0,1,1,https://cf.bstatic.com/xdata/images/hotel/square240/621171498.webp?k=06a81a58dbf72d68876c439a8e514df6375781d3d56e340d6a3d4ee3f0ed7d44&o=,6,Islamabad
Syed Apartment 104,https://www.booking.com/hotel/pk/syed-apartment-104.en-gb.html?aid=304142&label=gen173nr-10CAQoggJCDWNpdHlfLTI3NjI4MTJICVgEaLUBiAEBmAEzuAEHyAEM2AED6AEB-AEBiAIBqAIBuAKqisLTBsACAdICJGIyYWUwNDZiLWE5YmEtNGI1Yi05MjRjLWFkYWU5NDcwN2MxM9gCAeACAQ&ucfs=1&arphpl=1&checkin=2026-08-06&checkout=2026-08-07&dest_id=-2762812&dest_type=city&group_adults=2&req_adults=2&no_rooms=1&group_children=0&req_children=0&hpos=2&hapos=766&sr_order=popularity&srpvid=ed21559515340104&srepoch=1785759156&all_sr_blocks=1542852101_425639013_2_0_0&highlighted_blocks=1542852101_425639013_2_0_0&matching_block_id=1542852101_425639013_2_0_0&sr_pri_blocks=1542852101_425639013_2_0_0__800000&from=searchresults,8000,,,Islamabad,13.7,One-Bedroom Apartment,1 double bed,0,1,1,https://cf.bstatic.com/xdata/images/hotel/square240/790138344.webp?k=436b270300c4e4f6006cc683e65051adda5a6a85e32efeff2c72c92ad0b90f0d&o=,4,Islamabad
Luxury 1BHK - Fully Furnished at Kazani Heights,https://www.booking.com/hotel/pk/luxury-1bhk-fully-furnished-at-kazani-heights.en-gb.html?aid=304142&label=gen173nr-10CAQoggJCDWNpdHlfLTI3NjI4MTJICVgEaLUBiAEBmAEzuAEHyAEM2AED6AEB-AEBiAIBqAIBuAKqisLTBsACAdICJGIyYWUwNDZiLWE5YmEtNGI1Yi05MjRjLWFkYWU5NDcwN2MxM9gCAeACAQ&ucfs=1&arphpl=1&checkin=2026-08-06&checkout=2026-08-07&dest_id=-2762812&dest_type=city&group_adults=2&req_adults=2&no_rooms=1&group_children=0&req_children=0&hpos=3&hapos=767&sr_order=popularity&srpvid=ed21559515340104&srepoch=1785759156&all_sr_blocks=1683809501_440104823_3_0_0&highlighted_blocks=1683809501_440104823_3_0_0&matching_block_id=1683809501_440104823_3_0_0&sr_pri_blocks=1683809501_440104823_3_0_0__572757&from=searchresults,5728,,,Islamabad,20.5,One-Bedroom Apartment,"2 beds (1 extra-large double, 1 sofa bed)",0,1,1,https://cf.bstatic.com/xdata/images/hotel/square240/892700288.webp?k=513d378a8ae1d968ee346eae625e85406fba526ad5b488b9625eeead3737a438&o=,6,Islamabad
2 bed ultra luxury apartment,https://www.booking.com/hotel/pk/2-bed-ultra-luxury-apartment.en-gb.html?aid=304142&label=gen173nr-10CAQoggJCDWNpdHlfLTI3NjI4MTJICVgEaLUBiAEBmAEzuAEHyAEM2AED6AEB-AEBiAIBqAIBuAKqisLTBsACAdICJGIyYWUwNDZiLWE5YmEtNGI1Yi05MjRjLWFkYWU5NDcwN2MxM9gCAeACAQ&ucfs=1&arphpl=1&checkin=2026-08-06&checkout=2026-08-07&dest_id=-2762812&dest_type=city&group_adults=2&req_adults=2&no_rooms=1&group_children=0&req_children=0&hpos=4&hapos=768&sr_order=popularity&srpvid=ed21559515340104&srepoch=1785759156&all_sr_blocks=1653456401_437307771_4_0_0&highlighted_blocks=1653456401_437307771_4_0_0&matching_block_id=1653456401_437307771_4_0_0&sr_pri_blocks=1653456401_437307771_4_0_0__700000&from=searchresults,7000,,,Islamabad,14.2,Three-Bedroom Apartment,"3 beds (2 extra-large doubles, 1 sofa bed)",0,1,1,https://cf.bstatic.com/xdata/images/hotel/square240/873849449.webp?k=70d9a7021d90da20dd221eed29580b34782e0f1b028f51d150b8c11219bedb2c&o=,4,Islamabad
The Grand Palace,https://www.booking.com/hotel/pk/the-grand-palace.en-gb.html?aid=304142&label=gen173nr-10CAQoggJCDWNpdHlfLTI3NjI4MTJICVgEaLUBiAEBmAEzuAEHyAEM2AED6AEB-AEBiAIBqAIBuAKqisLTBsACAdICJGIyYWUwNDZiLWE5YmEtNGI1Yi05MjRjLWFkYWU5NDcwN2MxM9gCAeACAQ&ucfs=1&arphpl=1&checkin=2026-08-06&checkout=2026-08-07&dest_id=-2762812&dest_type=city&group_adults=2&req_adults=2&no_rooms=1&group_children=0&req_children=0&hpos=5&hapos=769&sr_order=popularity&srpvid=ed21559515340104&srepoch=1785759156&all_sr_blocks=1164633901_389137019_2_1_0&highlighted_blocks=1164633901_389137019_2_1_0&matching_block_id=1164633901_389137019_2_1_0&sr_pri_blocks=1164633901_389137019_2_1_0__683910&from=searchresults,6839,,,"E-11 Sector, Islamabad",10.7,Standard Double Room,1 extra-large double bed,1,0,0,https://cf.bstatic.com/xdata/images/hotel/square240/894689995.webp?k=1d104fe88c0ccf3582f3c8fa269fc0c3d5ba0f9865ef39b9723c752952cdd6bb&o=,2,Islamabad
Serenity Suites SkyPark One Luxury 2BR Apartment Gulberg Greens Islamabad,https://www.booking.com/hotel/pk/serenity-suites-skypark-one-luxury-2br-apartment-gulberg-greens-islamabad.en-gb.html?aid=304142&label=gen173nr-10CAQoggJCDWNpdHlfLTI3NjI4MTJICVgEaLUBiAEBmAEzuAEHyAEM2AED6AEB-AEBiAIBqAIBuAKqisLTBsACAdICJGIyYWUwNDZiLWE5YmEtNGI1Yi05MjRjLWFkYWU5NDcwN2MxM9gCAeACAQ&ucfs=1&arphpl=1&checkin=2026-08-06&checkout=2026-08-07&dest_id=-2762812&dest_type=city&group_adults=2&req_adults=2&no_rooms=1&group_children=0&req_children=0&hpos=6&hapos=770&sr_order=popularity&srpvid=ed21559515340104&srepoch=1785759156&all_sr_blocks=1640499201_434296161_4_0_0&highlighted_blocks=1640499201_434296161_4_0_0&matching_block_id=1640499201_434296161_4_0_0&sr_pri_blocks=1640499201_434296161_4_0_0__2160000&from=searchresults,21600,10,1.0,Islamabad,15.4,Two-Bedroom Apartment,"2 beds (1 double, 1 extra-large double)",0,0,0,https://cf.bstatic.com/xdata/images/hotel/square240/876744258.webp?k=1500e0b7e950afdd5586d70528ae1146f761650c37c6cf5237da63fc26ad434a&o=,13,Islamabad
The G13 Inn,https://www.booking.com/hotel/pk/the-g13-inn.en-gb.html?aid=304142&label=gen173nr-10CAQoggJCDWNpdHlfLTI3NjI4MTJICVgEaLUBiAEBmAEzuAEHyAEM2AED6AEB-AEBiAIBqAIBuAKqisLTBsACAdICJGIyYWUwNDZiLWE5YmEtNGI1Yi05MjRjLWFkYWU5NDcwN2MxM9gCAeACAQ&ucfs=1&arphpl=1&checkin=2026-08-06&checkout=2026-08-07&dest_id=-2762812&dest_type=city&group_adults=2&req_adults=2&no_rooms=1&group_children=0&req_children=0&hpos=7&hapos=771&sr_order=popularity&srpvid=ed21559515340104&srepoch=1785759156&all_sr_blocks=1420809602_413723934_2_0_0&highlighted_blocks=1420809602_413723934_2_0_0&matching_block_id=1420809602_413723934_2_0_0&sr_pri_blocks=1420809602_413723934_2_0_0__630000&from=searchresults,6300,7.0,1.0,Islamabad,14.0,Twin Room,"2 beds (1 single, 1 large double)",0,1,1,https://cf.bstatic.com/xdata/images/hotel/square240/686644815.webp?k=abfa8e14566cd59077d665072a006c9e7ec603f1093a45c5c3cb5a87b51a2797&o=,5,Islamabad
Luxury 1bed apartment F-11,https://www.booking.com/hotel/pk/luxury-1bed-apartment-f-11-islamabad.en-gb.html?aid=304142&label=gen173nr-10CAQoggJCDWNpdHlfLTI3NjI4MTJICVgEaLUBiAEBmAEzuAEHyAEM2AED6AEB-AEBiAIBqAIBuAKqisLTBsACAdICJGIyYWUwNDZiLWE5YmEtNGI1Yi05MjRjLWFkYWU5NDcwN2MxM9gCAeACAQ&ucfs=1&arphpl=1&checkin=2026-08-06&checkout=2026-08-07&dest_id=-2762812&dest_type=city&group_adults=2&req_adults=2&no_rooms=1&group_children=0&req_children=0&hpos=8&hapos=772&sr_order=popularity&srpvid=ed21559515340104&srepoch=1785759156&all_sr_blocks=1637363001_434082235_4_0_0&highlighted_blocks=1637363001_434082235_4_0_0&matching_block_id=1637363001_434082235_4_0_0&sr_pri_blocks=1637363001_434082235_4_0_0__800000&from=searchresults,8000,,,Islamabad,10.9,One-Bedroom Apartment,"2 beds (1 double, 1 sofa bed)",0,1,1,https://cf.bstatic.com/xdata/images/hotel/square240/865454532.webp?k=717dc61a73335d4ddf4e560530b7360773020e4b8b3d24ef50fd28ed3f45c4fb&o=,4,Islamabad
Self-Checkin 1 Bed SkyParkOne Gulberg Greens Islamabad,https://www.booking.com/hotel/pk/1br-luxury-apartment-near-islamabad-expressway.en-gb.html?aid=304142&label=gen173nr-10CAQoggJCDWNpdHlfLTI3NjI4MTJICVgEaLUBiAEBmAEzuAEHyAEM2AED6AEB-AEBiAIBqAIBuAKqisLTBsACAdICJGIyYWUwNDZiLWE5YmEtNGI1Yi05MjRjLWFkYWU5NDcwN2MxM9gCAeACAQ&ucfs=1&arphpl=1&checkin=2026-08-06&checkout=2026-08-07&dest_id=-2762812&dest_type=city&group_adults=2&req_adults=2&no_rooms=1&group_children=0&req_children=0&hpos=9&hapos=773&sr_order=popularity&srpvid=ed21559515340104&srepoch=1785759156&all_sr_blocks=1408014701_412574427_2_0_0&highlighted_blocks=1408014701_412574427_2_0_0&matching_block_id=1408014701_412574427_2_0_0&sr_pri_blocks=1408014701_412574427_2_0_0__1900000&from=searchresults,19000,,,Islamabad,15.4,One-Bedroom Apartment,1 double bed,0,1,1,https://cf.bstatic.com/xdata/images/hotel/square240/679027258.webp?k=01963b1385888f1fcc6ab4f0b3f97536d73b3790d8a82a1bb024d791761c0dc1&o=,4,Islamabad
Elysium Prime Luxury Apartment with Centaurus View Islamabad,https://www.booking.com/hotel/pk/elysium-luxury-service-apartment-by-lmy-facing-centaurus-mall-blue-area-islamaba.en-gb.html?aid=304142&label=gen173nr-10CAQoggJCDWNpdHlfLTI3NjI4MTJICVgEaLUBiAEBmAEzuAEHyAEM2AED6AEB-AEBiAIBqAIBuAKqisLTBsACAdICJGIyYWUwNDZiLWE5YmEtNGI1Yi05MjRjLWFkYWU5NDcwN2MxM9gCAeACAQ&ucfs=1&arphpl=1&checkin=2026-08-06&checkout=2026-08-07&dest_id=-2762812&dest_type=city&group_adults=2&req_adults=2&no_rooms=1&group_children=0&req_children=0&hpos=10&hapos=774&sr_order=popularity&srpvid=ed21559515340104&srepoch=1785759156&all_sr_blocks=1530984702_424622610_2_0_0&highlighted_blocks=1530984702_424622610_2_0_0&matching_block_id=1530984702_424622610_2_0_0&sr_pri_blocks=1530984702_424622610_2_0_0__2340000&from=searchresults,23400,9.4,8.0,"Blue Area, Islamabad",4.6,Studio Apartment with One Double Bed,Studio Apartment with One Double Bed,0,0,0,https://cf.bstatic.com/xdata/images/hotel/square240/886261507.webp?k=90f2c374e12e9394e9fdd16cd3fb530030b46915953edf5b91e5e72fa2f55e99&o=,12,Islamabad
Park view city dancing fountains lake face,https://www.booking.com/hotel/pk/park-view-city-dancing-fountains-lake-face.en-gb.html?aid=304142&label=gen173nr-10CAQoggJCDWNpdHlfLTI3NjI4MTJICVgEaLUBiAEBmAEzuAEHyAEM2AED6AEB-AEBiAIBqAIBuAKqisLTBsACAdICJGIyYWUwNDZiLWE5YmEtNGI1Yi05MjRjLWFkYWU5NDcwN2MxM9gCAeACAQ&ucfs=1&arphpl=1&checkin=2026-08-06&checkout=2026-08-07&dest_id=-2762812&dest_type=city&group_adults=2&req_adults=2&no_rooms=1&group_children=0&req_children=0&hpos=11&hapos=775&sr_order=popularity&srpvid=ed21559515340104&srepoch=1785759156&all_sr_blocks=1470234601_418749375_2_2_0&highlighted_blocks=1470234601_418749375_2_2_0&matching_block_id=1470234601_418749375_2_2_0&sr_pri_blocks=1470234601_418749375_2_2_0__2000000&from=searchresults,20000,7.6,5.0,Islamabad,10.3,Apartment with Lake View,"5 beds (1 double, 2 sofa beds, 2 large doubles)",0,0,1,https://cf.bstatic.com/xdata/images/hotel/square240/728005878.webp?k=dad1697636a3370dca31ebe885f9e94ecbb6eab9c030d135ad6779b1c9089135&o=,3,Islamabad
"Warmwood Designer 2BHK- Rooftop pool, Self checkin",https://www.booking.com/hotel/pk/skyluxe-warmwood-designer-2bhk-rooftop-pool-self-checkin-islamabad.en-gb.html?aid=304142&label=gen173nr-10CAQoggJCDWNpdHlfLTI3NjI4MTJICVgEaLUBiAEBmAEzuAEHyAEM2AED6AEB-AEBiAIBqAIBuAKqisLTBsACAdICJGIyYWUwNDZiLWE5YmEtNGI1Yi05MjRjLWFkYWU5NDcwN2MxM9gCAeACAQ&ucfs=1&arphpl=1&checkin=2026-08-06&checkout=2026-08-07&dest_id=-2762812&dest_type=city&group_adults=2&req_adults=2&no_rooms=1&group_children=0&req_children=0&hpos=12&hapos=776&sr_order=popularity&srpvid=ed21559515340104&srepoch=1785759156&all_sr_blocks=1509081001_422671748_6_0_0&highlighted_blocks=1509081001_422671748_6_0_0&matching_block_id=1509081001_422671748_6_0_0&sr_pri_blocks=1509081001_422671748_6_0_0__1689600&from=searchresults,16896,9.0,2.0,Islamabad,20.5,Two-Bedroom Apartment,2 large double beds,0,1,1,https://cf.bstatic.com/xdata/images/hotel/square240/762597666.webp?k=74019d39c23601d260dcfc4cfe2aad010023c8ce2c9f9b1dd6f45a3f88c255f9&o=,13,Islamabad
Executive Apartment 2 - 2 Bedroom Apartment in Executive Heights F-11,https://www.booking.com/hotel/pk/executive-heights-2-2bhk.en-gb.html?aid=304142&label=gen173nr-10CAQoggJCDWNpdHlfLTI3NjI4MTJICVgEaLUBiAEBmAEzuAEHyAEM2AED6AEB-AEBiAIBqAIBuAKqisLTBsACAdICJGIyYWUwNDZiLWE5YmEtNGI1Yi05MjRjLWFkYWU5NDcwN2MxM9gCAeACAQ&ucfs=1&arphpl=1&checkin=2026-08-06&checkout=2026-08-07&dest_id=-2762812&dest_type=city&group_adults=2&req_adults=2&no_rooms=1&group_children=0&req_children=0&hpos=13&hapos=777&sr_order=popularity&srpvid=ed21559515340104&srepoch=1785759156&all_sr_blocks=1287752001_414940066_4_0_0&highlighted_blocks=1287752001_414940066_4_0_0&matching_block_id=1287752001_414940066_4_0_0&sr_pri_blocks=1287752001_414940066_4_0_0__1600000&from=searchresults,16000,10,1.0,Islamabad,10.7,Two-Bedroom Apartment,1 extra-large double bed,0,1,0,https://cf.bstatic.com/xdata/images/hotel/square240/605807740.webp?k=8fa9f1cf9ea8b387762043e49967d63cbce9049e2c7cf15e2c6df791b3b6aca9&o=,11,Islamabad
Bella Boutique Hotel Near Centaurus Mall - LMY Hospitality Islamabad,https://www.booking.com/hotel/pk/hxnaoah.en-gb.html?aid=304142&label=gen173nr-10CAQoggJCDWNpdHlfLTI3NjI4MTJICVgEaLUBiAEBmAEzuAEHyAEM2AED6AEB-AEBiAIBqAIBuAKqisLTBsACAdICJGIyYWUwNDZiLWE5YmEtNGI1Yi05MjRjLWFkYWU5NDcwN2MxM9gCAeACAQ&ucfs=1&arphpl=1&checkin=2026-08-06&checkout=2026-08-07&dest_id=-2762812&dest_type=city&group_adults=2&req_adults=2&no_rooms=1&group_children=0&req_children=0&hpos=14&hapos=778&sr_order=popularity&srpvid=ed21559515340104&srepoch=1785759156&all_sr_blocks=1694034801_441042341_2_1_0&highlighted_blocks=1694034801_441042341_2_1_0&matching_block_id=1694034801_441042341_2_1_0&sr_pri_blocks=1694034801_441042341_2_1_0__4589320&from=searchresults,45893,,,"F-8 Sector, Islamabad",4.4,Double Room,1 double bed,1,1,1,https://cf.bstatic.com/xdata/images/hotel/square240/898759611.webp?k=060a3db14a54ff6797847bec0681ff033b1ae3f248fcd4aac439d2bdc0f5bdd1&o=,14,Islamabad
Luxurious Living at SkyPark One,https://www.booking.com/hotel/pk/luxurious-living-at-skypark-one.en-gb.html?aid=304142&label=gen173nr-10CAQoggJCDWNpdHlfLTI3NjI4MTJICVgEaLUBiAEBmAEzuAEHyAEM2AED6AEB-AEBiAIBqAIBuAKqisLTBsACAdICJGIyYWUwNDZiLWE5YmEtNGI1Yi05MjRjLWFkYWU5NDcwN2MxM9gCAeACAQ&ucfs=1&arphpl=1&checkin=2026-08-06&checkout=2026-08-07&dest_id=-2762812&dest_type=city&group_adults=2&req_adults=2&no_rooms=1&group_children=0&req_children=0&hpos=15&hapos=779&sr_order=popularity&srpvid=ed21559515340104&srepoch=1785759156&all_sr_blocks=1241303901_396042826_2_0_0&highlighted_blocks=1241303901_396042826_2_0_0&matching_block_id=1241303901_396042826_2_0_0&sr_pri_blocks=1241303901_396042826_2_0_0__1692900&from=searchresults,16929,,,Islamabad,15.3,Two-Bedroom Apartment,2 extra-large double beds,0,0,0,https://cf.bstatic.com/xdata/images/hotel/square240/577475496.webp?k=af682df6e80e14a51c32efb8319bcb31ca38ea18df9adbaa1fb69ae110fec1e1&o=,2,Islamabad
5 star hotel vibe-Premium modern and luxury apt,https://www.booking.com/hotel/pk/5-star-vibe-premium-modern-and-luxury-apt.en-gb.html?aid=304142&label=gen173nr-10CAQoggJCDWNpdHlfLTI3NjI4MTJICVgEaLUBiAEBmAEzuAEHyAEM2AED6AEB-AEBiAIBqAIBuAKqisLTBsACAdICJGIyYWUwNDZiLWE5YmEtNGI1Yi05MjRjLWFkYWU5NDcwN2MxM9gCAeACAQ&ucfs=1&arphpl=1&checkin=2026-08-06&checkout=2026-08-07&dest_id=-2762812&dest_type=city&group_adults=2&req_adults=2&no_rooms=1&group_children=0&req_children=0&hpos=16&hapos=780&sr_order=popularity&srpvid=ed21559515340104&srepoch=1785759156&all_sr_blocks=1618754401_432704593_2_0_0&highlighted_blocks=1618754401_432704593_2_0_0&matching_block_id=1618754401_432704593_2_0_0&sr_pri_blocks=1618754401_432704593_2_0_0__830000&from=searchresults,8300,,,Islamabad,27.0,Studio Apartment with Balcony,1 extra-large double bed,0,1,1,https://cf.bstatic.com/xdata/images/hotel/square240/854517829.webp?k=9a5a217a36f924e9a69d5f5c5af3832fc624d9845f70d07821e14bba72472db3&o=,4,Islamabad
The Soft Loft,https://www.booking.com/hotel/pk/the-soft-loft.en-gb.html?aid=304142&label=gen173nr-10CAQoggJCDWNpdHlfLTI3NjI4MTJICVgEaLUBiAEBmAEzuAEHyAEM2AED6AEB-AEBiAIBqAIBuAKqisLTBsACAdICJGIyYWUwNDZiLWE5YmEtNGI1Yi05MjRjLWFkYWU5NDcwN2MxM9gCAeACAQ&ucfs=1&arphpl=1&checkin=2026-08-06&checkout=2026-08-07&dest_id=-2762812&dest_type=city&group_adults=2&req_adults=2&no_rooms=1&group_children=0&req_children=0&hpos=17&hapos=781&sr_order=popularity&srpvid=ed21559515340104&srepoch=1785759156&all_sr_blocks=1571077701_428185102_2_0_0&highlighted_blocks=1571077701_428185102_2_0_0&matching_block_id=1571077701_428185102_2_0_0&sr_pri_blocks=1571077701_428185102_2_0_0__950000&from=searchresults,9500,9.0,1.0,Islamabad,8.3,One-Bedroom Apartment,1 large double bed,0,1,1,https://cf.bstatic.com/xdata/images/hotel/square240/814357181.webp?k=04e9243f9ac0b7cb933aee5565a7839960a0afb1a765ae379f9143740fe911eb&o=,4,Islamabad
Elite 3BHK Abode,https://www.booking.com/hotel/pk/elite-3bhk-abode.en-gb.html?aid=304142&label=gen173nr-10CAQoggJCDWNpdHlfLTI3NjI4MTJICVgEaLUBiAEBmAEzuAEHyAEM2AED6AEB-AEBiAIBqAIBuAKqisLTBsACAdICJGIyYWUwNDZiLWE5YmEtNGI1Yi05MjRjLWFkYWU5NDcwN2MxM9gCAeACAQ&ucfs=1&arphpl=1&checkin=2026-08-06&checkout=2026-08-07&dest_id=-2762812&dest_type=city&group_adults=2&req_adults=2&no_rooms=1&group_children=0&req_children=0&hpos=18&hapos=782&sr_order=popularity&srpvid=ed21559515340104&srepoch=1785759156&all_sr_blocks=1582082302_429317607_6_0_0&highlighted_blocks=1582082302_429317607_6_0_0&matching_block_id=1582082302_429317607_6_0_0&sr_pri_blocks=1582082302_429317607_6_0_0__1350000&from=searchresults,13500,1.0,1.0,Islamabad,10.8,Two-Bedroom Apartment,"4 beds (2 extra-large doubles, 2 futons)",0,1,1,https://cf.bstatic.com/xdata/images/hotel/square240/824390318.webp?k=70c84334a1fa63a9e324939157b17713e7bbcc41fb8ae44f13a3e388af4ec51b&o=,4,Islamabad
Elysium Tower Blue Area Islamabad opposite Centaurus Mall,https://www.booking.com/hotel/pk/islamabad-apartment-in-blue-area.en-gb.html?aid=304142&label=gen173nr-10CAQoggJCDWNpdHlfLTI3NjI4MTJICVgEaLUBiAEBmAEzuAEHyAEM2AED6AEB-AEBiAIBqAIBuAKqisLTBsACAdICJGIyYWUwNDZiLWE5YmEtNGI1Yi05MjRjLWFkYWU5NDcwN2MxM9gCAeACAQ&ucfs=1&arphpl=1&checkin=2026-08-06&checkout=2026-08-07&dest_id=-2762812&dest_type=city&group_adults=2&req_adults=2&no_rooms=1&group_children=0&req_children=0&hpos=19&hapos=783&sr_order=popularity&srpvid=ed21559515340104&srepoch=1785759156&all_sr_blocks=1552112102_426392399_0_0_0&highlighted_blocks=1552112102_426392399_0_0_0&matching_block_id=1552112102_426392399_0_0_0&sr_pri_blocks=1552112102_426392399_0_0_0__2448000&from=searchresults,24480,8.2,7.0,"Blue Area, Islamabad",4.6,Studio with Mountain View,1 double bed,0,0,0,https://cf.bstatic.com/xdata/images/hotel/square240/885771852.webp?k=6de819bc6f6919c1cfa4643a9a7638b7a78a15db7aa24cf765b2ac72b6a535e8&o=,14,Islamabad
3 BHK Luxury in Centaurus,https://www.booking.com/hotel/pk/3-bhk-luxury-in-centaurus.en-gb.html?aid=304142&label=gen173nr-10CAQoggJCDWNpdHlfLTI3NjI4MTJICVgEaLUBiAEBmAEzuAEHyAEM2AED6AEB-AEBiAIBqAIBuAKqisLTBsACAdICJGIyYWUwNDZiLWE5YmEtNGI1Yi05MjRjLWFkYWU5NDcwN2MxM9gCAeACAQ&ucfs=1&arphpl=1&checkin=2026-08-06&checkout=2026-08-07&dest_id=-2762812&dest_type=city&group_adults=2&req_adults=2&no_rooms=1&group_children=0&req_children=0&hpos=20&hapos=784&sr_order=popularity&srpvid=ed21559515340104&srepoch=1785759156&all_sr_blocks=1550766901_426274522_6_0_0&highlighted_blocks=1550766901_426274522_6_0_0&matching_block_id=1550766901_426274522_6_0_0&sr_pri_blocks=1550766901_426274522_6_0_0__9999900&from=searchresults,99999,,,"Blue Area, Islamabad",4.6,Three-Bedroom Apartment,3 large double beds,0,1,1,https://cf.bstatic.com/xdata/images/hotel/square240/902849444.webp?k=2fe5fae81dee0fb7078f8939bfd29f92024885284a2465b6cb0dcbc17c61c801&o=,4,Islamabad
The Grey Atrium - 3BHK Balcony Self Checkin E11 ISB,https://www.booking.com/hotel/pk/the-grey-atrium-3bhk-balcony-self-checkin-e11-isb.en-gb.html?aid=304142&label=gen173nr-10CAQoggJCDWNpdHlfLTI3NjI4MTJICVgEaLUBiAEBmAEzuAEHyAEM2AED6AEB-AEBiAIBqAIBuAKqisLTBsACAdICJGIyYWUwNDZiLWE5YmEtNGI1Yi05MjRjLWFkYWU5NDcwN2MxM9gCAeACAQ&ucfs=1&arphpl=1&checkin=2026-08-06&checkout=2026-08-07&dest_id=-2762812&dest_type=city&group_adults=2&req_adults=2&no_rooms=1&group_children=0&req_children=0&hpos=21&hapos=785&sr_order=popularity&srpvid=ed21559515340104&srepoch=1785759156&all_sr_blocks=1477269601_419171343_8_0_0&highlighted_blocks=1477269601_419171343_8_0_0&matching_block_id=1477269601_419171343_8_0_0&sr_pri_blocks=1477269601_419171343_8_0_0__2100000&from=searchresults,21000,,,"E-11 Sector, Islamabad",11.9,Three-Bedroom Apartment,"2 beds (1 extra-large double, 1 sofa bed)",0,1,1,https://cf.bstatic.com/xdata/images/hotel/square240/732211749.webp?k=9198a966cd34639e123787bd4706f2a2b3ecd06070f61d72369488996515af69&o=,5,Islamabad
La Casa by Aram Stays,https://www.booking.com/hotel/pk/la-casa-by-aram-stays.en-gb.html?aid=304142&label=gen173nr-10CAQoggJCDWNpdHlfLTI3NjI4MTJICVgEaLUBiAEBmAEzuAEHyAEM2AED6AEB-AEBiAIBqAIBuAKqisLTBsACAdICJGIyYWUwNDZiLWE5YmEtNGI1Yi05MjRjLWFkYWU5NDcwN2MxM9gCAeACAQ&ucfs=1&arphpl=1&checkin=2026-08-06&checkout=2026-08-07&dest_id=-2762812&dest_type=city&group_adults=2&req_adults=2&no_rooms=1&group_children=0&req_children=0&hpos=22&hapos=786&sr_order=popularity&srpvid=ed21559515340104&srepoch=1785759156&all_sr_blocks=1577980301_428907468_8_0_0&highlighted_blocks=1577980301_428907468_8_0_0&matching_block_id=1577980301_428907468_8_0_0&sr_pri_blocks=1577980301_428907468_8_0_0__2000000&from=searchresults,20000,8.0,2.0,"E-11 Sector, Islamabad",10.4,Three-Bedroom Apartment,"5 beds (3 extra-large doubles, 2 sofa beds)",0,1,1,https://cf.bstatic.com/xdata/images/hotel/square240/820233845.webp?k=efc089ee729d219c82da77f878ed5d26bff56dcf2473922bfed3473588bc0da2&o=,14,Islamabad
Comfort Zone,https://www.booking.com/hotel/pk/comfort-zone-islamabad4.en-gb.html?aid=304142&label=gen173nr-10CAQoggJCDWNpdHlfLTI3NjI4MTJICVgEaLUBiAEBmAEzuAEHyAEM2AED6AEB-AEBiAIBqAIBuAKqisLTBsACAdICJGIyYWUwNDZiLWE5YmEtNGI1Yi05MjRjLWFkYWU5NDcwN2MxM9gCAeACAQ&ucfs=1&arphpl=1&checkin=2026-08-06&checkout=2026-08-07&dest_id=-2762812&dest_type=city&group_adults=2&req_adults=2&no_rooms=1&group_children=0&req_children=0&hpos=23&hapos=787&sr_order=popularity&srpvid=ed21559515340104&srepoch=1785759156&all_sr_blocks=1573592501_428408395_3_0_0&highlighted_blocks=1573592501_428408395_3_0_0&matching_block_id=1573592501_428408395_3_0_0&sr_pri_blocks=1573592501_428408395_3_0_0__600000&from=searchresults,6000,1.0,1.0,"E-11 Sector, Islamabad",11.7,Double Room with Private Bathroom,1 single bed,0,1,1,https://cf.bstatic.com/xdata/images/hotel/square240/816354304.webp?k=25ca7634aa8f5922c246ba846ca7be3f9b9b6d11106b3fd8ac8e6e4b70551231&o=,4,Islamabad
The Horizon Hotel Islamabad,https://www.booking.com/hotel/pk/the-horizon-islamabad.en-gb.html?aid=304142&label=gen173nr-10CAQoggJCDWNpdHlfLTI3NjI4MTJICVgEaLUBiAEBmAEzuAEHyAEM2AED6AEB-AEBiAIBqAIBuAKqisLTBsACAdICJGIyYWUwNDZiLWE5YmEtNGI1Yi05MjRjLWFkYWU5NDcwN2MxM9gCAeACAQ&ucfs=1&arphpl=1&checkin=2026-08-06&checkout=2026-08-07&dest_id=-2762812&dest_type=city&group_adults=2&req_adults=2&no_rooms=1&group_children=0&req_children=0&hpos=24&hapos=788&sr_order=popularity&srpvid=ed21559515340104&srepoch=1785759156&all_sr_blocks=1693293801_440972627_2_2_0&highlighted_blocks=1693293801_440972627_2_2_0&matching_block_id=1693293801_440972627_2_2_0&sr_pri_blocks=1693293801_440972627_2_2_0__765000&from=searchresults,7650,,,Islamabad,26.8,Deluxe Double Room,1 double bed,0,1,1,https://cf.bstatic.com/xdata/images/hotel/square240/898272631.webp?k=f44a861c182b2dc63144eaa03affd42da5319fe4760a1e44c16e1b30b5f0d067&o=,10,Islamabad
Cozzy One Bed View Apartment,https://www.booking.com/hotel/pk/cozzy-one-bed-view-apartment.en-gb.html?aid=304142&label=gen173nr-10CAQoggJCDWNpdHlfLTI3NjI4MTJICVgEaLUBiAEBmAEzuAEHyAEM2AED6AEB-AEBiAIBqAIBuAKqisLTBsACAdICJGIyYWUwNDZiLWE5YmEtNGI1Yi05MjRjLWFkYWU5NDcwN2MxM9gCAeACAQ&ucfs=1&arphpl=1&checkin=2026-08-06&checkout=2026-08-07&dest_id=-2762812&dest_type=city&group_adults=2&req_adults=2&no_rooms=1&group_children=0&req_children=0&hpos=1&hapos=789&sr_order=popularity&srpvid=ed21559515340104&srepoch=1785759163&all_sr_blocks=1652999301_437263362_3_0_0&highlighted_blocks=1652999301_437263362_3_0_0&matching_block_id=1652999301_437263362_3_0_0&sr_pri_blocks=1652999301_437263362_3_0_0__560000&from=searchresults,5600,,,Islamabad,24.5,One-Bedroom Apartment,"2 beds (1 extra-large double, 1 sofa bed)",0,1,1,https://cf.bstatic.com/xdata/images/hotel/square240/873641705.webp?k=32e6955d2350ed0c0f1e6329c25ce600c3209ac80949bae6aae3aa0ddc72bdfb&o=,5,Islamabad
Sunset Destination F-6,https://www.booking.com/hotel/pk/destination-guest-house.en-gb.html?aid=304142&label=gen173nr-10CAQoggJCDWNpdHlfLTI3NjI4MTJICVgEaLUBiAEBmAEzuAEHyAEM2AED6AEB-AEBiAIBqAIBuAKqisLTBsACAdICJGIyYWUwNDZiLWE5YmEtNGI1Yi05MjRjLWFkYWU5NDcwN2MxM9gCAeACAQ&ucfs=1&arphpl=1&checkin=2026-08-06&checkout=2026-08-07&dest_id=-2762812&dest_type=city&group_adults=2&req_adults=2&no_rooms=1&group_children=0&req_children=0&hpos=2&hapos=790&sr_order=popularity&srpvid=ed21559515340104&srepoch=1785759163&all_sr_blocks=1629338901_433514851_2_1_0&highlighted_blocks=1629338901_433514851_2_1_0&matching_block_id=1629338901_433514851_2_1_0&sr_pri_blocks=1629338901_433514851_2_1_0__850000&from=searchresults,8500,,,"F-6 Sector, Islamabad",1.0,Deluxe Double Room,1 double bed,1,1,1,https://cf.bstatic.com/xdata/images/hotel/square240/861138528.webp?k=2b46927db139cea7fc639804ea044fd63fe21b8c4e75cb7214a46578c1fcd304&o=,12,Islamabad
One Bed Luxury Apartment,https://www.booking.com/hotel/pk/one-bed-luxury-apartment-islamabad6.en-gb.html?aid=304142&label=gen173nr-10CAQoggJCDWNpdHlfLTI3NjI4MTJICVgEaLUBiAEBmAEzuAEHyAEM2AED6AEB-AEBiAIBqAIBuAKqisLTBsACAdICJGIyYWUwNDZiLWE5YmEtNGI1Yi05MjRjLWFkYWU5NDcwN2MxM9gCAeACAQ&ucfs=1&arphpl=1&checkin=2026-08-06&checkout=2026-08-07&dest_id=-2762812&dest_type=city&group_adults=2&req_adults=2&no_rooms=1&group_children=0&req_children=0&hpos=3&hapos=791&sr_order=popularity&srpvid=ed21559515340104&srepoch=1785759163&all_sr_blocks=1523032901_423957544_3_0_0&highlighted_blocks=1523032901_423957544_3_0_0&matching_block_id=1523032901_423957544_3_0_0&sr_pri_blocks=1523032901_423957544_3_0_0__900000&from=searchresults,9000,,,"E-11 Sector, Islamabad",12.0,One-Bedroom Apartment,"2 beds (1 double, 1 sofa bed)",0,0,0,https://cf.bstatic.com/xdata/images/hotel/square240/773387422.webp?k=c695b2ec57e7c223d0a46e9df439f4fd0e23a7502c1135fd81d36fa1836eb5cd&o=,10,Islamabad
Margalla View Luxe Condo with Balcony-Elysium Tower,https://www.booking.com/hotel/pk/designer-39-s-luxe-delight.en-gb.html?aid=304142&label=gen173nr-10CAQoggJCDWNpdHlfLTI3NjI4MTJICVgEaLUBiAEBmAEzuAEHyAEM2AED6AEB-AEBiAIBqAIBuAKqisLTBsACAdICJGIyYWUwNDZiLWE5YmEtNGI1Yi05MjRjLWFkYWU5NDcwN2MxM9gCAeACAQ&ucfs=1&arphpl=1&checkin=2026-08-06&checkout=2026-08-07&dest_id=-2762812&dest_type=city&group_adults=2&req_adults=2&no_rooms=1&group_children=0&req_children=0&hpos=4&hapos=792&sr_order=popularity&srpvid=ed21559515340104&srepoch=1785759163&all_sr_blocks=1182015101_390627939_2_2_0&highlighted_blocks=1182015101_390627939_2_2_0&matching_block_id=1182015101_390627939_2_2_0&sr_pri_blocks=1182015101_390627939_2_2_0__2186271&from=searchresults,21863,7.3,25.0,"Blue Area, Islamabad",4.6,Suite with Mountain View,"2 beds (1 extra-large double, 1 sofa bed)",0,0,0,https://cf.bstatic.com/xdata/images/hotel/square240/624359488.webp?k=58164785fcdcb9d964002f3020b6cdcfffbafcaf8d2cf61043a0a4fd4e2eeaba&o=,14,Islamabad
2 bed furnished apartments in Faisal town,https://www.booking.com/hotel/pk/2-bed-furnished-apartments-in-faisal-town.en-gb.html?aid=304142&label=gen173nr-10CAQoggJCDWNpdHlfLTI3NjI4MTJICVgEaLUBiAEBmAEzuAEHyAEM2AED6AEB-AEBiAIBqAIBuAKqisLTBsACAdICJGIyYWUwNDZiLWE5YmEtNGI1Yi05MjRjLWFkYWU5NDcwN2MxM9gCAeACAQ&ucfs=1&arphpl=1&checkin=2026-08-06&checkout=2026-08-07&dest_id=-2762812&dest_type=city&group_adults=2&req_adults=2&no_rooms=1&group_children=0&req_children=0&hpos=5&hapos=793&sr_order=popularity&srpvid=ed21559515340104&srepoch=1785759163&all_sr_blocks=1619388501_432770085_4_0_0&highlighted_blocks=1619388501_432770085_4_0_0&matching_block_id=1619388501_432770085_4_0_0&sr_pri_blocks=1619388501_432770085_4_0_0__1000000&from=searchresults,10000,,,Islamabad,24.5,Two-Bedroom Apartment,"3 beds (2 singles, 1 double)",0,1,1,https://cf.bstatic.com/xdata/images/hotel/square240/854865311.webp?k=1834fc36dac468d2948d0a684795011686659a4cfc0c235cf027e828e515c1f2&o=,4,Islamabad
Penthouse 2 Bedrooms & Lounge Rawalpindi,https://www.booking.com/hotel/pk/penthouse-2-bedrooms-amp-lounge-rawalpindi.en-gb.html?aid=304142&label=gen173nr-10CAQoggJCDWNpdHlfLTI3NjI4MTJICVgEaLUBiAEBmAEzuAEHyAEM2AED6AEB-AEBiAIBqAIBuAKqisLTBsACAdICJGIyYWUwNDZiLWE5YmEtNGI1Yi05MjRjLWFkYWU5NDcwN2MxM9gCAeACAQ&ucfs=1&arphpl=1&checkin=2026-08-06&checkout=2026-08-07&dest_id=-2762812&dest_type=city&group_adults=2&req_adults=2&no_rooms=1&group_children=0&req_children=0&hpos=6&hapos=794&sr_order=popularity&srpvid=ed21559515340104&srepoch=1785759163&all_sr_blocks=1682496901_439988745_8_1_0&highlighted_blocks=1682496901_439988745_8_1_0&matching_block_id=1682496901_439988745_8_1_0&sr_pri_blocks=1682496901_439988745_8_1_0__2101519&from=searchresults,21015,,,"G-6 Sector, Islamabad",1.3,Two-Bedroom Apartment,1 large double bed,1,1,1,https://cf.bstatic.com/xdata/images/hotel/square240/892057380.webp?k=9512db953422b991b692e070f70a229ece0c6877d64f7634e3dfd8fa079377d2&o=,4,Islamabad
The Urban Lounges in Elysium Tower with Netflix & Balcony,https://www.booking.com/hotel/pk/the-urban-lounge-elysium.en-gb.html?aid=304142&label=gen173nr-10CAQoggJCDWNpdHlfLTI3NjI4MTJICVgEaLUBiAEBmAEzuAEHyAEM2AED6AEB-AEBiAIBqAIBuAKqisLTBsACAdICJGIyYWUwNDZiLWE5YmEtNGI1Yi05MjRjLWFkYWU5NDcwN2MxM9gCAeACAQ&ucfs=1&arphpl=1&checkin=2026-08-06&checkout=2026-08-07&dest_id=-2762812&dest_type=city&group_adults=2&req_adults=2&no_rooms=1&group_children=0&req_children=0&hpos=7&hapos=795&sr_order=popularity&srpvid=ed21559515340104&srepoch=1785759163&all_sr_blocks=1413142201_413052666_4_2_0&highlighted_blocks=1413142201_413052666_4_2_0&matching_block_id=1413142201_413052666_4_2_0&sr_pri_blocks=1413142201_413052666_4_2_0__2800000&from=searchresults,28000,10,1.0,"Blue Area, Islamabad",4.6,Two-Bedroom Deluxe Apartment with Balcony,2 large double beds,0,1,1,https://cf.bstatic.com/xdata/images/hotel/square240/900244091.webp?k=6ab611f3baf16706f629f80211015584083de4b6eefff1aeaf8ad32bd505309f&o=,4,Islamabad
Nooryah G-13,https://www.booking.com/hotel/pk/nooryah-g-13.en-gb.html?aid=304142&label=gen173nr-10CAQoggJCDWNpdHlfLTI3NjI4MTJICVgEaLUBiAEBmAEzuAEHyAEM2AED6AEB-AEBiAIBqAIBuAKqisLTBsACAdICJGIyYWUwNDZiLWE5YmEtNGI1Yi05MjRjLWFkYWU5NDcwN2MxM9gCAeACAQ&ucfs=1&arphpl=1&checkin=2026-08-06&checkout=2026-08-07&dest_id=-2762812&dest_type=city&group_adults=2&req_adults=2&no_rooms=1&group_children=0&req_children=0&hpos=8&hapos=796&sr_order=popularity&srpvid=ed21559515340104&srepoch=1785759163&all_sr_blocks=1565922501_427710358_2_0_0&highlighted_blocks=1565922501_427710358_2_0_0&matching_block_id=1565922501_427710358_2_0_0&sr_pri_blocks=1565922501_427710358_2_0_0__600000&from=searchresults,6000,9.3,20.0,Islamabad,14.0,Deluxe Double Room with Balcony,1 double bed,0,1,1,https://cf.bstatic.com/xdata/images/hotel/square240/809902097.webp?k=c16f4d005160a0cd7633ed82da841e00380bf5857593a8ca59ae9d49bb4d6881&o=,4,Islamabad
Comfortable 2 Bedroom Apt in E-11 for families only,https://www.booking.com/hotel/pk/comfortable-2-bedroom-apt-in-e-11-for-families-only.en-gb.html?aid=304142&label=gen173nr-10CAQoggJCDWNpdHlfLTI3NjI4MTJICVgEaLUBiAEBmAEzuAEHyAEM2AED6AEB-AEBiAIBqAIBuAKqisLTBsACAdICJGIyYWUwNDZiLWE5YmEtNGI1Yi05MjRjLWFkYWU5NDcwN2MxM9gCAeACAQ&ucfs=1&arphpl=1&checkin=2026-08-06&checkout=2026-08-07&dest_id=-2762812&dest_type=city&group_adults=2&req_adults=2&no_rooms=1&group_children=0&req_children=0&hpos=9&hapos=797&sr_order=popularity&srpvid=ed21559515340104&srepoch=1785759163&all_sr_blocks=1423817301_414013086_2_0_0&highlighted_blocks=1423817301_414013086_2_0_0&matching_block_id=1423817301_414013086_2_0_0&sr_pri_blocks=1423817301_414013086_2_0_0__1275000&from=searchresults,12750,,,"E-11 Sector, Islamabad",11.0,Superior Apartment,"3 beds (2 singles, 1 large double)",0,1,1,https://cf.bstatic.com/xdata/images/hotel/square240/688526946.webp?k=5dad22a601d35c5e9946e8ac3376aa2c45d77e735f0114b8313f64a8f47a8425&o=,13,Islamabad
Restivo Suites,https://www.booking.com/hotel/pk/restivo-suites-islamabad.en-gb.html?aid=304142&label=gen173nr-10CAQoggJCDWNpdHlfLTI3NjI4MTJICVgEaLUBiAEBmAEzuAEHyAEM2AED6AEB-AEBiAIBqAIBuAKqisLTBsACAdICJGIyYWUwNDZiLWE5YmEtNGI1Yi05MjRjLWFkYWU5NDcwN2MxM9gCAeACAQ&ucfs=1&arphpl=1&checkin=2026-08-06&checkout=2026-08-07&dest_id=-2762812&dest_type=city&group_adults=2&req_adults=2&no_rooms=1&group_children=0&req_children=0&hpos=10&hapos=798&sr_order=popularity&srpvid=ed21559515340104&srepoch=1785759163&all_sr_blocks=1653558902_437313996_2_0_0&highlighted_blocks=1653558902_437313996_2_0_0&matching_block_id=1653558902_437313996_2_0_0&sr_pri_blocks=1653558902_437313996_2_0_0__850000&from=searchresults,8500,,,Islamabad,18.8,Deluxe Twin Room,2 single beds,0,1,1,https://cf.bstatic.com/xdata/images/hotel/square240/874024177.webp?k=c684d23d8575a732c65b8798093e96ed2d67d2549aacadc1b4a4f070c8e1ba6d&o=,4,Islamabad
"Luxury 2BR,, Self Check-in Netflix H-13 Islamabad",https://www.booking.com/hotel/pk/luxury-2br-self-check-in-netflix-h-13-islamabad-islamabad1.en-gb.html?aid=304142&label=gen173nr-10CAQoggJCDWNpdHlfLTI3NjI4MTJICVgEaLUBiAEBmAEzuAEHyAEM2AED6AEB-AEBiAIBqAIBuAKqisLTBsACAdICJGIyYWUwNDZiLWE5YmEtNGI1Yi05MjRjLWFkYWU5NDcwN2MxM9gCAeACAQ&ucfs=1&arphpl=1&checkin=2026-08-06&checkout=2026-08-07&dest_id=-2762812&dest_type=city&group_adults=2&req_adults=2&no_rooms=1&group_children=0&req_children=0&hpos=11&hapos=799&sr_order=popularity&srpvid=ed21559515340104&srepoch=1785759163&all_sr_blocks=1695751801_441246383_2_0_0&highlighted_blocks=1695751801_441246383_2_0_0&matching_block_id=1695751801_441246383_2_0_0&sr_pri_blocks=1695751801_441246383_2_0_0__918000&from=searchresults,9180,,,Islamabad,14.2,Two-Bedroom Apartment,"2 beds (1 sofa bed, 1 large double)",0,1,1,https://cf.bstatic.com/xdata/images/hotel/square240/900005667.webp?k=20ea51093327b52380c32cb50afd8f4634276b46b7b942fe8603d0a3f15f3fbb&o=,4,Islamabad
Exclusive Family 1 BHK Islamabad,https://www.booking.com/hotel/pk/exclusive-family-1-bhk-islamabad-islamabad.en-gb.html?aid=304142&label=gen173nr-10CAQoggJCDWNpdHlfLTI3NjI4MTJICVgEaLUBiAEBmAEzuAEHyAEM2AED6AEB-AEBiAIBqAIBuAKqisLTBsACAdICJGIyYWUwNDZiLWE5YmEtNGI1Yi05MjRjLWFkYWU5NDcwN2MxM9gCAeACAQ&ucfs=1&arphpl=1&checkin=2026-08-06&checkout=2026-08-07&dest_id=-2762812&dest_type=city&group_adults=2&req_adults=2&no_rooms=1&group_children=0&req_children=0&hpos=12&hapos=800&sr_order=popularity&srpvid=ed21559515340104&srepoch=1785759163&all_sr_blocks=1683815201_440104947_3_0_0&highlighted_blocks=1683815201_440104947_3_0_0&matching_block_id=1683815201_440104947_3_0_0&sr_pri_blocks=1683815201_440104947_3_0_0__800000&from=searchresults,8000,,,Islamabad,10.8,Two-Bedroom Apartment,"2 beds (1 extra-large double, 1 futon)",0,1,1,https://cf.bstatic.com/xdata/images/hotel/square240/897138962.webp?k=a620f2938446936a933aec0dc58304c7aa055381a3533091bb8b3f63c416e217&o=,5,Islamabad
Royal Villas Guest House G9-Islamabad,https://www.booking.com/hotel/pk/royal-villas-guest-house-g9-islamabad.en-gb.html?aid=304142&label=gen173nr-10CAQoggJCDWNpdHlfLTI3NjI4MTJICVgEaLUBiAEBmAEzuAEHyAEM2AED6AEB-AEBiAIBqAIBuAKqisLTBsACAdICJGIyYWUwNDZiLWE5YmEtNGI1Yi05MjRjLWFkYWU5NDcwN2MxM9gCAeACAQ&ucfs=1&arphpl=1&checkin=2026-08-06&checkout=2026-08-07&dest_id=-2762812&dest_type=city&group_adults=2&req_adults=2&no_rooms=1&group_children=0&req_children=0&hpos=13&hapos=801&sr_order=popularity&srpvid=ed21559515340104&srepoch=1785759163&all_sr_blocks=1578104601_428919090_2_2_0&highlighted_blocks=1578104601_428919090_2_2_0&matching_block_id=1578104601_428919090_2_2_0&sr_pri_blocks=1578104601_428919090_2_2_0__299000&from=searchresults,2990,4.5,2.0,"G-9 Sector, Islamabad",7.6,One-Bedroom Apartment,1 double bed,0,1,1,https://cf.bstatic.com/xdata/images/hotel/square240/820294249.webp?k=a19d5a3a8e3c95ccfef876eb4d0f8d71980b8864e87d544d8f043cc07beaf753&o=,4,Islamabad
Maan Rent Rooms,https://www.booking.com/hotel/pk/maan-rent-rooms.en-gb.html?aid=304142&label=gen173nr-10CAQoggJCDWNpdHlfLTI3NjI4MTJICVgEaLUBiAEBmAEzuAEHyAEM2AED6AEB-AEBiAIBqAIBuAKqisLTBsACAdICJGIyYWUwNDZiLWE5YmEtNGI1Yi05MjRjLWFkYWU5NDcwN2MxM9gCAeACAQ&ucfs=1&arphpl=1&checkin=2026-08-06&checkout=2026-08-07&dest_id=-2762812&dest_type=city&group_adults=2&req_adults=2&no_rooms=1&group_children=0&req_children=0&hpos=14&hapos=802&sr_order=popularity&srpvid=ed21559515340104&srepoch=1785759163&all_sr_blocks=1559020801_427007470_2_0_0&highlighted_blocks=1559020801_427007470_2_0_0&matching_block_id=1559020801_427007470_2_0_0&sr_pri_blocks=1559020801_427007470_2_0_0__899900&from=searchresults,8999,,,Islamabad,23.0,One-Bedroom Apartment,1 double bed,0,1,1,https://cf.bstatic.com/xdata/images/hotel/square240/804393395.webp?k=140eee68effa61cb05b2a087a5ee52c77b33aaae424ebfd7720afada1e0ce6f0&o=,4,Islamabad
Prime Stay Elysium Tower Apartments Opposite Centaurus Mall,https://www.booking.com/hotel/pk/elysium-tower-islamabad47.en-gb.html?aid=304142&label=gen173nr-10CAQoggJCDWNpdHlfLTI3NjI4MTJICVgEaLUBiAEBmAEzuAEHyAEM2AED6AEB-AEBiAIBqAIBuAKqisLTBsACAdICJGIyYWUwNDZiLWE5YmEtNGI1Yi05MjRjLWFkYWU5NDcwN2MxM9gCAeACAQ&ucfs=1&arphpl=1&checkin=2026-08-06&checkout=2026-08-07&dest_id=-2762812&dest_type=city&group_adults=2&req_adults=2&no_rooms=1&group_children=0&req_children=0&hpos=15&hapos=803&sr_order=popularity&srpvid=ed21559515340104&srepoch=1785759163&all_sr_blocks=1693032401_440957930_2_0_0&highlighted_blocks=1693032401_440957930_2_0_0&matching_block_id=1693032401_440957930_2_0_0&sr_pri_blocks=1693032401_440957930_2_0_0__2380000&from=searchresults,23800,,,"Blue Area, Islamabad",4.6,Apartment with Mountain View,"5 beds (3 sofa beds, 2 large doubles)",0,1,1,https://cf.bstatic.com/xdata/images/hotel/square240/898148504.webp?k=a9b5d4a802b6558506fb8ba07b30ca6d12c5261e5ccb8735f7e840beb0932697&o=,5,Islamabad
Huraira's studio,https://www.booking.com/hotel/pk/hurairas-studio.en-gb.html?aid=304142&label=gen173nr-10CAQoggJCDWNpdHlfLTI3NjI4MTJICVgEaLUBiAEBmAEzuAEHyAEM2AED6AEB-AEBiAIBqAIBuAKqisLTBsACAdICJGIyYWUwNDZiLWE5YmEtNGI1Yi05MjRjLWFkYWU5NDcwN2MxM9gCAeACAQ&ucfs=1&arphpl=1&checkin=2026-08-06&checkout=2026-08-07&dest_id=-2762812&dest_type=city&group_adults=2&req_adults=2&no_rooms=1&group_children=0&req_children=0&hpos=16&hapos=804&sr_order=popularity&srpvid=ed21559515340104&srepoch=1785759163&all_sr_blocks=1616171401_433399999_4_0_0&highlighted_blocks=1616171401_433399999_4_0_0&matching_block_id=1616171401_433399999_4_0_0&sr_pri_blocks=1616171401_433399999_4_0_0__700000&from=searchresults,7000,,,Islamabad,11.8,One-Bedroom Apartment,"3 beds (1 extra-large double, 1 sofa bed, 1 futon)",0,1,1,https://cf.bstatic.com/xdata/images/hotel/square240/850993471.webp?k=3323855e0f5a86345d0a6cc9c466a825f9ae7f230eda67ebee6bca6fa1609a63&o=,4,Islamabad
The Grand Matrimony House,https://www.booking.com/hotel/pk/the-grand-matrimony-house.en-gb.html?aid=304142&label=gen173nr-10CAQoggJCDWNpdHlfLTI3NjI4MTJICVgEaLUBiAEBmAEzuAEHyAEM2AED6AEB-AEBiAIBqAIBuAKqisLTBsACAdICJGIyYWUwNDZiLWE5YmEtNGI1Yi05MjRjLWFkYWU5NDcwN2MxM9gCAeACAQ&ucfs=1&arphpl=1&checkin=2026-08-06&checkout=2026-08-07&dest_id=-2762812&dest_type=city&group_adults=2&req_adults=2&no_rooms=1&group_children=0&req_children=0&hpos=17&hapos=805&sr_order=popularity&srpvid=ed21559515340104&srepoch=1785759163&all_sr_blocks=1600661002_431023931_20_2_0&highlighted_blocks=1600661002_431023931_20_2_0&matching_block_id=1600661002_431023931_20_2_0&sr_pri_blocks=1600661002_431023931_20_2_0__5000000&from=searchresults,50000,10,1.0,Islamabad,14.0,Eight-Bedroom House,"17 beds (2 singles, 7 extra-large doubles, 8 futons)",0,1,1,https://cf.bstatic.com/xdata/images/hotel/square240/854487257.webp?k=3971315ec9a228b1158ea1659eda6f5ee8f78f6bd837871de066f8614f802063&o=,13,Islamabad
Grand Peace House II,https://www.booking.com/hotel/pk/grand-peace-house-islamabad2.en-gb.html?aid=304142&label=gen173nr-10CAQoggJCDWNpdHlfLTI3NjI4MTJICVgEaLUBiAEBmAEzuAEHyAEM2AED6AEB-AEBiAIBqAIBuAKqisLTBsACAdICJGIyYWUwNDZiLWE5YmEtNGI1Yi05MjRjLWFkYWU5NDcwN2MxM9gCAeACAQ&ucfs=1&arphpl=1&checkin=2026-08-06&checkout=2026-08-07&dest_id=-2762812&dest_type=city&group_adults=2&req_adults=2&no_rooms=1&group_children=0&req_children=0&hpos=18&hapos=806&sr_order=popularity&srpvid=ed21559515340104&srepoch=1785759163&all_sr_blocks=924776504_377534597_2_41_0&highlighted_blocks=924776504_377534597_2_41_0&matching_block_id=924776504_377534597_2_41_0&sr_pri_blocks=924776504_377534597_2_41_0__1000000&from=searchresults,10000,8.5,167.0,"F-7 Sector, Islamabad",3.4,Deluxe Double Room,Beds: 1 double or 2 singles,1,0,0,https://cf.bstatic.com/xdata/images/hotel/square240/542026290.webp?k=70e9178af2099b3a03f3d0ed4377a0e7165a0d905275b9085c2dade60afeebbd&o=,11,Islamabad
1 BR Luxurious Suite Near Airport-5 Mins Drive,https://www.booking.com/hotel/pk/single-bedroom-suite-near-airport-5-min-drive.en-gb.html?aid=304142&label=gen173nr-10CAQoggJCDWNpdHlfLTI3NjI4MTJICVgEaLUBiAEBmAEzuAEHyAEM2AED6AEB-AEBiAIBqAIBuAKqisLTBsACAdICJGIyYWUwNDZiLWE5YmEtNGI1Yi05MjRjLWFkYWU5NDcwN2MxM9gCAeACAQ&ucfs=1&arphpl=1&checkin=2026-08-06&checkout=2026-08-07&dest_id=-2762812&dest_type=city&group_adults=2&req_adults=2&no_rooms=1&group_children=0&req_children=0&hpos=19&hapos=807&sr_order=popularity&srpvid=ed21559515340104&srepoch=1785759163&all_sr_blocks=1583533801_429464307_4_0_0&highlighted_blocks=1583533801_429464307_4_0_0&matching_block_id=1583533801_429464307_4_0_0&sr_pri_blocks=1583533801_429464307_4_0_0__900000&from=searchresults,9000,10,2.0,Islamabad,26.8,Two-Bedroom Apartment,"3 beds (1 single, 1 double, 1 sofa bed)",0,1,1,https://cf.bstatic.com/xdata/images/hotel/square240/825591205.webp?k=5ab647ca8275d204ebe52a1cacdc36de9456b42c3a90e52bfca2f23ac5e491eb&o=,4,Islamabad
Furnished Air Conditioned Room near Airport,https://www.booking.com/hotel/pk/furnished-air-conditioned-room-near-airport.en-gb.html?aid=304142&label=gen173nr-10CAQoggJCDWNpdHlfLTI3NjI4MTJICVgEaLUBiAEBmAEzuAEHyAEM2AED6AEB-AEBiAIBqAIBuAKqisLTBsACAdICJGIyYWUwNDZiLWE5YmEtNGI1Yi05MjRjLWFkYWU5NDcwN2MxM9gCAeACAQ&ucfs=1&arphpl=1&checkin=2026-08-06&checkout=2026-08-07&dest_id=-2762812&dest_type=city&group_adults=2&req_adults=2&no_rooms=1&group_children=0&req_children=0&hpos=20&hapos=808&sr_order=popularity&srpvid=ed21559515340104&srepoch=1785759163&all_sr_blocks=1576533501_428761251_2_0_0&highlighted_blocks=1576533501_428761251_2_0_0&matching_block_id=1576533501_428761251_2_0_0&sr_pri_blocks=1576533501_428761251_2_0_0__765000&from=searchresults,7650,,,Islamabad,6.1,One-Bedroom Apartment,"2 beds (1 extra-large double, 1 sofa bed)",0,1,1,https://cf.bstatic.com/xdata/images/hotel/square240/818823887.webp?k=fe9353df32145d722d9265e1e748fc65cba4951ca3238c0b2509c67ce54fe299&o=,4,Islamabad
Exclusive Family 1 BHK Black Themed Islamabad,https://www.booking.com/hotel/pk/exclusive-family-1-bhk-black-themed-islamabad.en-gb.html?aid=304142&label=gen173nr-10CAQoggJCDWNpdHlfLTI3NjI4MTJICVgEaLUBiAEBmAEzuAEHyAEM2AED6AEB-AEBiAIBqAIBuAKqisLTBsACAdICJGIyYWUwNDZiLWE5YmEtNGI1Yi05MjRjLWFkYWU5NDcwN2MxM9gCAeACAQ&ucfs=1&arphpl=1&checkin=2026-08-06&checkout=2026-08-07&dest_id=-2762812&dest_type=city&group_adults=2&req_adults=2&no_rooms=1&group_children=0&req_children=0&hpos=21&hapos=809&sr_order=popularity&srpvid=ed21559515340104&srepoch=1785759163&all_sr_blocks=1685384601_440162176_4_0_0&highlighted_blocks=1685384601_440162176_4_0_0&matching_block_id=1685384601_440162176_4_0_0&sr_pri_blocks=1685384601_440162176_4_0_0__750000&from=searchresults,7500,,,Islamabad,10.8,Two-Bedroom Apartment,"2 beds (1 extra-large double, 1 futon)",0,1,1,https://cf.bstatic.com/xdata/images/hotel/square240/892864776.webp?k=3e0d6914868f90120c18af6b096629562f524e78bd3fe1fd7b0840b588cdd042&o=,5,Islamabad
2 BHK modern apartment,https://www.booking.com/hotel/pk/2-bhk-modern-apartment-islamabad.en-gb.html?aid=304142&label=gen173nr-10CAQoggJCDWNpdHlfLTI3NjI4MTJICVgEaLUBiAEBmAEzuAEHyAEM2AED6AEB-AEBiAIBqAIBuAKqisLTBsACAdICJGIyYWUwNDZiLWE5YmEtNGI1Yi05MjRjLWFkYWU5NDcwN2MxM9gCAeACAQ&ucfs=1&arphpl=1&checkin=2026-08-06&checkout=2026-08-07&dest_id=-2762812&dest_type=city&group_adults=2&req_adults=2&no_rooms=1&group_children=0&req_children=0&hpos=22&hapos=810&sr_order=popularity&srpvid=ed21559515340104&srepoch=1785759163&all_sr_blocks=1683661401_440099627_6_0_0&highlighted_blocks=1683661401_440099627_6_0_0&matching_block_id=1683661401_440099627_6_0_0&sr_pri_blocks=1683661401_440099627_6_0_0__1147500&from=searchresults,11475,,,"E-11 Sector, Islamabad",11.9,Two-Bedroom Apartment,1 extra-large double bed,0,1,1,https://cf.bstatic.com/xdata/images/hotel/square240/892739235.webp?k=5d582de5482f27c07a0f5199371f560f3cd479c5b522d51f8931412ed0ea4beb&o=,5,Islamabad
Comforts stay,https://www.booking.com/hotel/pk/comforts-stay.en-gb.html?aid=304142&label=gen173nr-10CAQoggJCDWNpdHlfLTI3NjI4MTJICVgEaLUBiAEBmAEzuAEHyAEM2AED6AEB-AEBiAIBqAIBuAKqisLTBsACAdICJGIyYWUwNDZiLWE5YmEtNGI1Yi05MjRjLWFkYWU5NDcwN2MxM9gCAeACAQ&ucfs=1&arphpl=1&checkin=2026-08-06&checkout=2026-08-07&dest_id=-2762812&dest_type=city&group_adults=2&req_adults=2&no_rooms=1&group_children=0&req_children=0&hpos=23&hapos=811&sr_order=popularity&srpvid=ed21559515340104&srepoch=1785759163&all_sr_blocks=1564668301_427566607_3_0_0&highlighted_blocks=1564668301_427566607_3_0_0&matching_block_id=1564668301_427566607_3_0_0&sr_pri_blocks=1564668301_427566607_3_0_0__750000&from=searchresults,7500,,,Islamabad,14.0,One-Bedroom Apartment,"2 beds (1 double, 1 sofa bed)",0,1,1,https://cf.bstatic.com/xdata/images/hotel/square240/809049014.webp?k=fc5b0cdd1ec1a6c56bd6e0a97bb926f8a5489bb0af06e7a9bb231c01aeb8fe17&o=,4,Islamabad
Musafir Inn Executive Apartment in B-17 Multi Gardens,https://www.booking.com/hotel/pk/cozy-1bhk-self-check-in-appartment.en-gb.html?aid=304142&label=gen173nr-10CAQoggJCDWNpdHlfLTI3NjI4MTJICVgEaLUBiAEBmAEzuAEHyAEM2AED6AEB-AEBiAIBqAIBuAKqisLTBsACAdICJGIyYWUwNDZiLWE5YmEtNGI1Yi05MjRjLWFkYWU5NDcwN2MxM9gCAeACAQ&ucfs=1&arphpl=1&checkin=2026-08-06&checkout=2026-08-07&dest_id=-2762812&dest_type=city&group_adults=2&req_adults=2&no_rooms=1&group_children=0&req_children=0&hpos=24&hapos=812&sr_order=popularity&srpvid=ed21559515340104&srepoch=1785759163&all_sr_blocks=1536726601_425146139_3_0_0&highlighted_blocks=1536726601_425146139_3_0_0&matching_block_id=1536726601_425146139_3_0_0&sr_pri_blocks=1536726601_425146139_3_0_0__405000&from=searchresults,4050,10,2.0,Islamabad,25.3,One-Bedroom Apartment,1 double bed,0,1,1,https://cf.bstatic.com/xdata/images/hotel/square240/878559781.webp?k=d80bb0f01bf76388d150574f986f70dc537aabecafd539f9790b08d6f38fb4ab&o=,4,Islamabad
Hotel Naim Wakeel,https://www.booking.com/hotel/pk/naim-wakeel.en-gb.html?aid=304142&label=gen173nr-10CAQoggJCDWNpdHlfLTI3NjI4MTJICVgEaLUBiAEBmAEzuAEHyAEM2AED6AEB-AEBiAIBqAIBuAKqisLTBsACAdICJGIyYWUwNDZiLWE5YmEtNGI1Yi05MjRjLWFkYWU5NDcwN2MxM9gCAeACAQ&ucfs=1&arphpl=1&checkin=2026-08-06&checkout=2026-08-07&dest_id=-2762812&dest_type=city&group_adults=2&req_adults=2&no_rooms=1&group_children=0&req_children=0&hpos=25&hapos=813&sr_order=popularity&srpvid=ed21559515340104&srepoch=1785759163&all_sr_blocks=1664722401_438331983_3_1_0&highlighted_blocks=1664722401_438331983_3_1_0&matching_block_id=1664722401_438331983_3_1_0&sr_pri_blocks=1664722401_438331983_3_1_0__1200000&from=searchresults,12000,,,Islamabad,26.7,Deluxe Suite,"24 beds (12 singles, 12 doubles)",1,1,1,https://cf.bstatic.com/xdata/images/hotel/square240/881755458.webp?k=26816d6a7cbb069ce0a9cdf060c86541b5289911bd3b5d9fb0967e3a4e127410&o=,8,Islamabad
Tow Bed Apatment Mall Of Islamabad,https://www.booking.com/hotel/pk/emerald-apartment-mall-of-islamabad.en-gb.html?aid=304142&label=gen173nr-10CAQoggJCDWNpdHlfLTI3NjI4MTJICVgEaLUBiAEBmAEzuAEHyAEM2AED6AEB-AEBiAIBqAIBuAKqisLTBsACAdICJGIyYWUwNDZiLWE5YmEtNGI1Yi05MjRjLWFkYWU5NDcwN2MxM9gCAeACAQ&ucfs=1&arphpl=1&checkin=2026-08-06&checkout=2026-08-07&dest_id=-2762812&dest_type=city&group_adults=2&req_adults=2&no_rooms=1&group_children=0&req_children=0&hpos=1&hapos=814&sr_order=popularity&srpvid=ed21559515340104&srepoch=1785759170&all_sr_blocks=1553235601_426489214_6_0_0&highlighted_blocks=1553235601_426489214_6_0_0&matching_block_id=1553235601_426489214_6_0_0&sr_pri_blocks=1553235601_426489214_6_0_0__3400000&from=searchresults,34000,,,"Blue Area, Islamabad",3.4,Three-Bedroom Apartment,"9 beds (7 sofa beds, 2 large doubles)",0,1,1,https://cf.bstatic.com/xdata/images/hotel/square240/799289027.webp?k=552b140098517e2ad7c6c95e4ee76d55a29c15ea66f6d4de5edf20877a764fae&o=,4,Islamabad
Gulberg Heights,https://www.booking.com/hotel/pk/gulberg-heights-islamabad7.en-gb.html?aid=304142&label=gen173nr-10CAQoggJCDWNpdHlfLTI3NjI4MTJICVgEaLUBiAEBmAEzuAEHyAEM2AED6AEB-AEBiAIBqAIBuAKqisLTBsACAdICJGIyYWUwNDZiLWE5YmEtNGI1Yi05MjRjLWFkYWU5NDcwN2MxM9gCAeACAQ&ucfs=1&arphpl=1&checkin=2026-08-06&checkout=2026-08-07&dest_id=-2762812&dest_type=city&group_adults=2&req_adults=2&no_rooms=1&group_children=0&req_children=0&hpos=2&hapos=815&sr_order=popularity&srpvid=ed21559515340104&srepoch=1785759170&all_sr_blocks=1338618001_406297407_2_0_0&highlighted_blocks=1338618001_406297407_2_0_0&matching_block_id=1338618001_406297407_2_0_0&sr_pri_blocks=1338618001_406297407_2_0_0__1870000&from=searchresults,18700,,,Islamabad,15.2,Two-Bedroom Apartment,2 double beds,0,1,1,https://cf.bstatic.com/xdata/images/hotel/square240/634202431.webp?k=96b946d8910363033f71af3128ec3b0be2e183c41facff527debf147150b73c5&o=,4,Islamabad
Elite Elegance Inn apartments,https://www.booking.com/hotel/pk/elite-elegance-inn-apartments.en-gb.html?aid=304142&label=gen173nr-10CAQoggJCDWNpdHlfLTI3NjI4MTJICVgEaLUBiAEBmAEzuAEHyAEM2AED6AEB-AEBiAIBqAIBuAKqisLTBsACAdICJGIyYWUwNDZiLWE5YmEtNGI1Yi05MjRjLWFkYWU5NDcwN2MxM9gCAeACAQ&ucfs=1&arphpl=1&checkin=2026-08-06&checkout=2026-08-07&dest_id=-2762812&dest_type=city&group_adults=2&req_adults=2&no_rooms=1&group_children=0&req_children=0&hpos=3&hapos=816&sr_order=popularity&srpvid=ed21559515340104&srepoch=1785759170&all_sr_blocks=1620733901_432894734_3_0_0&highlighted_blocks=1620733901_432894734_3_0_0&matching_block_id=1620733901_432894734_3_0_0&sr_pri_blocks=1620733901_432894734_3_0_0__700000&from=searchresults,7000,,,"E-11 Sector, Islamabad",12.0,One-Bedroom Apartment,"2 beds (1 double, 1 sofa bed)",0,1,1,https://cf.bstatic.com/xdata/images/hotel/square240/855881352.webp?k=66342bb2377c5bc7d1167b45e72a6089a03c850bfef478d5b8fd4652b03c5ebb&o=,4,Islamabad
Executive Royale Apartment - F-11,https://www.booking.com/hotel/pk/executive-royale-apartment-f-11.en-gb.html?aid=304142&label=gen173nr-10CAQoggJCDWNpdHlfLTI3NjI4MTJICVgEaLUBiAEBmAEzuAEHyAEM2AED6AEB-AEBiAIBqAIBuAKqisLTBsACAdICJGIyYWUwNDZiLWE5YmEtNGI1Yi05MjRjLWFkYWU5NDcwN2MxM9gCAeACAQ&ucfs=1&arphpl=1&checkin=2026-08-06&checkout=2026-08-07&dest_id=-2762812&dest_type=city&group_adults=2&req_adults=2&no_rooms=1&group_children=0&req_children=0&hpos=4&hapos=817&sr_order=popularity&srpvid=ed21559515340104&srepoch=1785759170&all_sr_blocks=1430236201_414584375_4_0_0&highlighted_blocks=1430236201_414584375_4_0_0&matching_block_id=1430236201_414584375_4_0_0&sr_pri_blocks=1430236201_414584375_4_0_0__1980000&from=searchresults,19800,9.5,2.0,Islamabad,10.9,Two-Bedroom Apartment,2 double beds,0,1,1,https://cf.bstatic.com/xdata/images/hotel/square240/692808329.webp?k=beb541296dbb6fa7c341dd04798f153b89ed33af892baef6a63c3e17d6e05c8a&o=,4,Islamabad
Dazzy Dream Guest Houses,https://www.booking.com/hotel/pk/dazzy-dream-guest-house.en-gb.html?aid=304142&label=gen173nr-10CAQoggJCDWNpdHlfLTI3NjI4MTJICVgEaLUBiAEBmAEzuAEHyAEM2AED6AEB-AEBiAIBqAIBuAKqisLTBsACAdICJGIyYWUwNDZiLWE5YmEtNGI1Yi05MjRjLWFkYWU5NDcwN2MxM9gCAeACAQ&ucfs=1&arphpl=1&checkin=2026-08-06&checkout=2026-08-07&dest_id=-2762812&dest_type=city&group_adults=2&req_adults=2&no_rooms=1&group_children=0&req_children=0&hpos=5&hapos=818&sr_order=popularity&srpvid=ed21559515340104&srepoch=1785759170&all_sr_blocks=777986401_336146040_2_1_0&highlighted_blocks=777986401_336146040_2_1_0&matching_block_id=777986401_336146040_2_1_0&sr_pri_blocks=777986401_336146040_2_1_0__765000&from=searchresults,7650,,,"F-7 Sector, Islamabad",3.9,Deluxe Double Room,1 double bed,1,0,0,https://cf.bstatic.com/xdata/images/hotel/square240/710418388.webp?k=e9c4056d7cd29270bb6954e4db2f3dc0683d17575ed55344871f4d505dcc27b1&o=,2,Islamabad
"Cozy 2BHK Apartment Self Check-in, Islamabad - Urban Loft",https://www.booking.com/hotel/pk/velura-stays.en-gb.html?aid=304142&label=gen173nr-10CAQoggJCDWNpdHlfLTI3NjI4MTJICVgEaLUBiAEBmAEzuAEHyAEM2AED6AEB-AEBiAIBqAIBuAKqisLTBsACAdICJGIyYWUwNDZiLWE5YmEtNGI1Yi05MjRjLWFkYWU5NDcwN2MxM9gCAeACAQ&ucfs=1&arphpl=1&checkin=2026-08-06&checkout=2026-08-07&dest_id=-2762812&dest_type=city&group_adults=2&req_adults=2&no_rooms=1&group_children=0&req_children=0&hpos=6&hapos=819&sr_order=popularity&srpvid=ed21559515340104&srepoch=1785759170&all_sr_blocks=1453977901_420735569_2_0_0_1194775&highlighted_blocks=1453977901_420735569_2_0_0_1194775&matching_block_id=1453977901_420735569_2_0_0_1194775&sr_pri_blocks=1453977901_420735569_2_0_0_1194775_1320000&from=searchresults,13200,9.7,6.0,Islamabad,15.4,Two-Bedroom Apartment with Balcony,"4 beds (2 singles, 2 extra-large doubles)",0,1,1,https://cf.bstatic.com/xdata/images/hotel/square240/710912197.webp?k=f57c1e2cad246ffcae217b4b56d70aa39af7bf0944c5924bb7132ba15efc5170&o=,4,Islamabad
A2Z Boutique Hotel By Oslo,https://www.booking.com/hotel/pk/a2z-boutique-by-oslo.en-gb.html?aid=304142&label=gen173nr-10CAQoggJCDWNpdHlfLTI3NjI4MTJICVgEaLUBiAEBmAEzuAEHyAEM2AED6AEB-AEBiAIBqAIBuAKqisLTBsACAdICJGIyYWUwNDZiLWE5YmEtNGI1Yi05MjRjLWFkYWU5NDcwN2MxM9gCAeACAQ&ucfs=1&arphpl=1&checkin=2026-08-06&checkout=2026-08-07&dest_id=-2762812&dest_type=city&group_adults=2&req_adults=2&no_rooms=1&group_children=0&req_children=0&hpos=7&hapos=820&sr_order=popularity&srpvid=ed21559515340104&srepoch=1785759170&all_sr_blocks=1522426101_423904507_2_1_0&highlighted_blocks=1522426101_423904507_2_1_0&matching_block_id=1522426101_423904507_2_1_0&sr_pri_blocks=1522426101_423904507_2_1_0__1349910&from=searchresults,13499,,,"F-7 Sector, Islamabad",4.1,Double Room,1 double bed,1,0,0,https://cf.bstatic.com/xdata/images/hotel/square240/776617522.webp?k=65566138406fd2ea5baa7f169099c8667aaa5eeebbd6c6d240d1960aef9521df&o=,6,Islamabad
Avenue 301,https://www.booking.com/hotel/pk/skypark-one-301.en-gb.html?aid=304142&label=gen173nr-10CAQoggJCDWNpdHlfLTI3NjI4MTJICVgEaLUBiAEBmAEzuAEHyAEM2AED6AEB-AEBiAIBqAIBuAKqisLTBsACAdICJGIyYWUwNDZiLWE5YmEtNGI1Yi05MjRjLWFkYWU5NDcwN2MxM9gCAeACAQ&ucfs=1&arphpl=1&checkin=2026-08-06&checkout=2026-08-07&dest_id=-2762812&dest_type=city&group_adults=2&req_adults=2&no_rooms=1&group_children=0&req_children=0&hpos=8&hapos=821&sr_order=popularity&srpvid=ed21559515340104&srepoch=1785759170&all_sr_blocks=1615934701_432466735_4_0_0&highlighted_blocks=1615934701_432466735_4_0_0&matching_block_id=1615934701_432466735_4_0_0&sr_pri_blocks=1615934701_432466735_4_0_0__2000000&from=searchresults,20000,9.5,2.0,Islamabad,15.4,Two-Bedroom Apartment,2 double beds,0,1,1,https://cf.bstatic.com/xdata/images/hotel/square240/850816374.webp?k=b087131e9de769f406a0b85c9e80ee0dabb2a655f4faac88c8ccfc8c824fc5d5&o=,4,Islamabad
Ayyan Cottage F 10,https://www.booking.com/hotel/pk/royal-1-islamabad.en-gb.html?aid=304142&label=gen173nr-10CAQoggJCDWNpdHlfLTI3NjI4MTJICVgEaLUBiAEBmAEzuAEHyAEM2AED6AEB-AEBiAIBqAIBuAKqisLTBsACAdICJGIyYWUwNDZiLWE5YmEtNGI1Yi05MjRjLWFkYWU5NDcwN2MxM9gCAeACAQ&ucfs=1&arphpl=1&checkin=2026-08-06&checkout=2026-08-07&dest_id=-2762812&dest_type=city&group_adults=2&req_adults=2&no_rooms=1&group_children=0&req_children=0&hpos=9&hapos=822&sr_order=popularity&srpvid=ed21559515340104&srepoch=1785759170&all_sr_blocks=1461853901_417491030_2_2_0&highlighted_blocks=1461853901_417491030_2_2_0&matching_block_id=1461853901_417491030_2_2_0&sr_pri_blocks=1461853901_417491030_2_2_0__1200000&from=searchresults,12000,10,1.0,Islamabad,8.9,Two-Bedroom Apartment,1 large double bed,0,1,1,https://cf.bstatic.com/xdata/images/hotel/square240/718318732.webp?k=98331a700cd821f83c6dc8ad6519c5b8de49e2b5014be77588c901aa6d4be678&o=,4,Islamabad
Prime Luxury Elysium Tower Margalla View,https://www.booking.com/hotel/pk/one-bedroom-apartment-facing-margala-hills-and-mountain-view-islamabad.en-gb.html?aid=304142&label=gen173nr-10CAQoggJCDWNpdHlfLTI3NjI4MTJICVgEaLUBiAEBmAEzuAEHyAEM2AED6AEB-AEBiAIBqAIBuAKqisLTBsACAdICJGIyYWUwNDZiLWE5YmEtNGI1Yi05MjRjLWFkYWU5NDcwN2MxM9gCAeACAQ&ucfs=1&arphpl=1&checkin=2026-08-06&checkout=2026-08-07&dest_id=-2762812&dest_type=city&group_adults=2&req_adults=2&no_rooms=1&group_children=0&req_children=0&hpos=10&hapos=823&sr_order=popularity&srpvid=ed21559515340104&srepoch=1785759170&all_sr_blocks=1527426702_424323184_2_0_0&highlighted_blocks=1527426702_424323184_2_0_0&matching_block_id=1527426702_424323184_2_0_0&sr_pri_blocks=1527426702_424323184_2_0_0__1890000&from=searchresults,18900,9.0,10.0,"Blue Area, Islamabad",4.6,Studio Apartment with King Bed,Studio Apartment with King Bed,0,0,0,https://cf.bstatic.com/xdata/images/hotel/square240/886264856.webp?k=4ef8ad15481cc98532a2f3775453e8c3b96ad5271c0755ffc36971fa0b8f76ca&o=,14,Islamabad
Capital Pearl Guest House,https://www.booking.com/hotel/pk/capital-pearl-guest-house.en-gb.html?aid=304142&label=gen173nr-10CAQoggJCDWNpdHlfLTI3NjI4MTJICVgEaLUBiAEBmAEzuAEHyAEM2AED6AEB-AEBiAIBqAIBuAKqisLTBsACAdICJGIyYWUwNDZiLWE5YmEtNGI1Yi05MjRjLWFkYWU5NDcwN2MxM9gCAeACAQ&ucfs=1&arphpl=1&checkin=2026-08-06&checkout=2026-08-07&dest_id=-2762812&dest_type=city&group_adults=2&req_adults=2&no_rooms=1&group_children=0&req_children=0&hpos=11&hapos=824&sr_order=popularity&srpvid=ed21559515340104&srepoch=1785759170&all_sr_blocks=1442251001_415662394_4_2_0&highlighted_blocks=1442251001_415662394_4_2_0&matching_block_id=1442251001_415662394_4_2_0&sr_pri_blocks=1442251001_415662394_4_2_0__700000&from=searchresults,7000,9.5,69.0,Islamabad,14.0,Superior Double or Twin Room,"4 beds (1 single, 1 large double, 2 futons)",0,1,1,https://cf.bstatic.com/xdata/images/hotel/square240/701046968.webp?k=3eabeb0549b6bc51061ffd4677ec22d4d547b26afb6693d342de7fa27fb852ed&o=,6,Islamabad
Two Rooms In Diplomatic Enclave Islamabad,https://www.booking.com/hotel/pk/two-bedroom-apartment-islamabad3.en-gb.html?aid=304142&label=gen173nr-10CAQoggJCDWNpdHlfLTI3NjI4MTJICVgEaLUBiAEBmAEzuAEHyAEM2AED6AEB-AEBiAIBqAIBuAKqisLTBsACAdICJGIyYWUwNDZiLWE5YmEtNGI1Yi05MjRjLWFkYWU5NDcwN2MxM9gCAeACAQ&ucfs=1&arphpl=1&checkin=2026-08-06&checkout=2026-08-07&dest_id=-2762812&dest_type=city&group_adults=2&req_adults=2&no_rooms=1&group_children=0&req_children=0&hpos=12&hapos=825&sr_order=popularity&srpvid=ed21559515340104&srepoch=1785759170&all_sr_blocks=1640561001_434300775_4_0_0&highlighted_blocks=1640561001_434300775_4_0_0&matching_block_id=1640561001_434300775_4_0_0&sr_pri_blocks=1640561001_434300775_4_0_0__3799900&from=searchresults,37999,,,Islamabad,2.7,Two-Bedroom Apartment,1 double bed,0,1,1,https://cf.bstatic.com/xdata/images/hotel/square240/867141855.webp?k=d0cb0872a6434264840451a1fa8cfd7cb459d3833485198d8c2f4ffdab620b03&o=,4,Islamabad
F-10 2 Bed Apartment Central,https://www.booking.com/hotel/pk/2-bed-apartment-posh.en-gb.html?aid=304142&label=gen173nr-10CAQoggJCDWNpdHlfLTI3NjI4MTJICVgEaLUBiAEBmAEzuAEHyAEM2AED6AEB-AEBiAIBqAIBuAKqisLTBsACAdICJGIyYWUwNDZiLWE5YmEtNGI1Yi05MjRjLWFkYWU5NDcwN2MxM9gCAeACAQ&ucfs=1&arphpl=1&checkin=2026-08-06&checkout=2026-08-07&dest_id=-2762812&dest_type=city&group_adults=2&req_adults=2&no_rooms=1&group_children=0&req_children=0&hpos=13&hapos=826&sr_order=popularity&srpvid=ed21559515340104&srepoch=1785759170&all_sr_blocks=1546329401_425907135_5_0_0&highlighted_blocks=1546329401_425907135_5_0_0&matching_block_id=1546329401_425907135_5_0_0&sr_pri_blocks=1546329401_425907135_5_0_0__1100000&from=searchresults,11000,10,1.0,Islamabad,8.3,Two-Bedroom Apartment,"3 beds (2 extra-large doubles, 1 sofa bed)",0,1,1,https://cf.bstatic.com/xdata/images/hotel/square240/855967445.webp?k=9b69df082991b932310d8115498f0360d2eda15123b46888e3f65effc3ee9b80&o=,4,Islamabad
Furnished Room For Rent in E-11 Islamabad in Kanal House,https://www.booking.com/hotel/pk/furnished-room-for-rent-in-e-11-islamabad-in-kanal-house.en-gb.html?aid=304142&label=gen173nr-10CAQoggJCDWNpdHlfLTI3NjI4MTJICVgEaLUBiAEBmAEzuAEHyAEM2AED6AEB-AEBiAIBqAIBuAKqisLTBsACAdICJGIyYWUwNDZiLWE5YmEtNGI1Yi05MjRjLWFkYWU5NDcwN2MxM9gCAeACAQ&ucfs=1&arphpl=1&checkin=2026-08-06&checkout=2026-08-07&dest_id=-2762812&dest_type=city&group_adults=2&req_adults=2&no_rooms=1&group_children=0&req_children=0&hpos=14&hapos=827&sr_order=popularity&srpvid=ed21559515340104&srepoch=1785759170&all_sr_blocks=1429708401_414540986_3_0_0&highlighted_blocks=1429708401_414540986_3_0_0&matching_block_id=1429708401_414540986_3_0_0&sr_pri_blocks=1429708401_414540986_3_0_0__600000&from=searchresults,6000,,,"E-11 Sector, Islamabad",10.8,King Room with Balcony,"2 beds (1 single, 1 double)",0,1,1,https://cf.bstatic.com/xdata/images/hotel/square240/692502004.webp?k=33c3ce436f202a3e925416e3a1ec4d89677852ab56532e7024bc50e15c93af07&o=,4,Islamabad
Viridi Hotels Islamabad,https://www.booking.com/hotel/pk/viridi-hotels-islamabad.en-gb.html?aid=304142&label=gen173nr-10CAQoggJCDWNpdHlfLTI3NjI4MTJICVgEaLUBiAEBmAEzuAEHyAEM2AED6AEB-AEBiAIBqAIBuAKqisLTBsACAdICJGIyYWUwNDZiLWE5YmEtNGI1Yi05MjRjLWFkYWU5NDcwN2MxM9gCAeACAQ&ucfs=1&arphpl=1&checkin=2026-08-06&checkout=2026-08-07&dest_id=-2762812&dest_type=city&group_adults=2&req_adults=2&no_rooms=1&group_children=0&req_children=0&hpos=15&hapos=828&sr_order=popularity&srpvid=ed21559515340104&srepoch=1785759170&all_sr_blocks=554636306_439097660_2_1_0&highlighted_blocks=554636306_439097660_2_1_0&matching_block_id=554636306_439097660_2_1_0&sr_pri_blocks=554636306_439097660_2_1_0__1360000&from=searchresults,13600,8.4,25.0,"Blue Area, Islamabad",2.6,Standard Double Room,Beds: 1 double or 2 singles,1,1,1,https://cf.bstatic.com/xdata/images/hotel/square240/879062562.webp?k=e2ae48445d83d68e2fbdcdef0d1dc7fd7979372e16bef2882914452f28f36cd4&o=,12,Islamabad
Elysium Prime Luxury Apartments Centaurus View Blue Area Islamabad,https://www.booking.com/hotel/pk/lux-elysium-tower-sevice-apartment-blue-area-islamabad-by-lmy.en-gb.html?aid=304142&label=gen173nr-10CAQoggJCDWNpdHlfLTI3NjI4MTJICVgEaLUBiAEBmAEzuAEHyAEM2AED6AEB-AEBiAIBqAIBuAKqisLTBsACAdICJGIyYWUwNDZiLWE5YmEtNGI1Yi05MjRjLWFkYWU5NDcwN2MxM9gCAeACAQ&ucfs=1&arphpl=1&checkin=2026-08-06&checkout=2026-08-07&dest_id=-2762812&dest_type=city&group_adults=2&req_adults=2&no_rooms=1&group_children=0&req_children=0&hpos=16&hapos=829&sr_order=popularity&srpvid=ed21559515340104&srepoch=1785759170&all_sr_blocks=1565469002_427662850_0_0_0&highlighted_blocks=1565469002_427662850_0_0_0&matching_block_id=1565469002_427662850_0_0_0&sr_pri_blocks=1565469002_427662850_0_0_0__2340000&from=searchresults,23400,,,"Blue Area, Islamabad",4.6,Studio Apartment,1 double bed,0,0,0,https://cf.bstatic.com/xdata/images/hotel/square240/885357080.webp?k=0752734f5478f7250735b1fad04d7a074c288c0afb5370f76bf9374455ac8c0c&o=,11,Islamabad
2BHk Centaurus Luxury apartment,https://www.booking.com/hotel/pk/services-apartment-studio-luxury-apartment.en-gb.html?aid=304142&label=gen173nr-10CAQoggJCDWNpdHlfLTI3NjI4MTJICVgEaLUBiAEBmAEzuAEHyAEM2AED6AEB-AEBiAIBqAIBuAKqisLTBsACAdICJGIyYWUwNDZiLWE5YmEtNGI1Yi05MjRjLWFkYWU5NDcwN2MxM9gCAeACAQ&ucfs=1&arphpl=1&checkin=2026-08-06&checkout=2026-08-07&dest_id=-2762812&dest_type=city&group_adults=2&req_adults=2&no_rooms=1&group_children=0&req_children=0&hpos=17&hapos=830&sr_order=popularity&srpvid=ed21559515340104&srepoch=1785759170&all_sr_blocks=1625828301_433270721_5_0_0&highlighted_blocks=1625828301_433270721_5_0_0&matching_block_id=1625828301_433270721_5_0_0&sr_pri_blocks=1625828301_433270721_5_0_0__5300000&from=searchresults,53000,,,"Blue Area, Islamabad",4.6,Apartment with Mountain View,"7 beds (2 extra-large doubles, 4 sofa beds, 1 large double)",0,1,1,https://cf.bstatic.com/xdata/images/hotel/square240/858951097.webp?k=4636bd22cb565763fc6224bb1a0ee28699f541426b84e630c35e38118fa994c1&o=,4,Islamabad
One bed Apartment in the hub of Islamabad,https://www.booking.com/hotel/pk/one-bed-apartment-in-the-hub-of-islamabad.en-gb.html?aid=304142&label=gen173nr-10CAQoggJCDWNpdHlfLTI3NjI4MTJICVgEaLUBiAEBmAEzuAEHyAEM2AED6AEB-AEBiAIBqAIBuAKqisLTBsACAdICJGIyYWUwNDZiLWE5YmEtNGI1Yi05MjRjLWFkYWU5NDcwN2MxM9gCAeACAQ&ucfs=1&arphpl=1&checkin=2026-08-06&checkout=2026-08-07&dest_id=-2762812&dest_type=city&group_adults=2&req_adults=2&no_rooms=1&group_children=0&req_children=0&hpos=18&hapos=831&sr_order=popularity&srpvid=ed21559515340104&srepoch=1785759170&all_sr_blocks=1460321001_417331072_2_0_0&highlighted_blocks=1460321001_417331072_2_0_0&matching_block_id=1460321001_417331072_2_0_0&sr_pri_blocks=1460321001_417331072_2_0_0__741000&from=searchresults,7410,,,"E-11 Sector, Islamabad",10.9,One-Bedroom Apartment,"2 beds (1 double, 1 sofa bed)",0,1,1,https://cf.bstatic.com/xdata/images/hotel/square240/716463707.webp?k=301574ad361ceb184dc42683f89ae52a2e0857a4af9d9a6956dabbb271883a84&o=,4,Islamabad
Luxury Apartments in Al-Safa 2,https://www.booking.com/hotel/pk/luxury-apartments-in-al-safa-2.en-gb.html?aid=304142&label=gen173nr-10CAQoggJCDWNpdHlfLTI3NjI4MTJICVgEaLUBiAEBmAEzuAEHyAEM2AED6AEB-AEBiAIBqAIBuAKqisLTBsACAdICJGIyYWUwNDZiLWE5YmEtNGI1Yi05MjRjLWFkYWU5NDcwN2MxM9gCAeACAQ&ucfs=1&arphpl=1&checkin=2026-08-06&checkout=2026-08-07&dest_id=-2762812&dest_type=city&group_adults=2&req_adults=2&no_rooms=1&group_children=0&req_children=0&hpos=19&hapos=832&sr_order=popularity&srpvid=ed21559515340104&srepoch=1785759170&all_sr_blocks=1578542501_428960835_4_0_0&highlighted_blocks=1578542501_428960835_4_0_0&matching_block_id=1578542501_428960835_4_0_0&sr_pri_blocks=1578542501_428960835_4_0_0__1200000&from=searchresults,12000,,,Islamabad,11.0,Two-Bedroom Apartment,1 double bed,0,1,1,https://cf.bstatic.com/xdata/images/hotel/square240/820689513.webp?k=24c12f14d52f73ae9efe6961c19e7f400e02db20869ddd76f2a74b7fe14ca8ec&o=,4,Islamabad
Nuva Hotel,https://www.booking.com/hotel/pk/nuva-islamabad4.en-gb.html?aid=304142&label=gen173nr-10CAQoggJCDWNpdHlfLTI3NjI4MTJICVgEaLUBiAEBmAEzuAEHyAEM2AED6AEB-AEBiAIBqAIBuAKqisLTBsACAdICJGIyYWUwNDZiLWE5YmEtNGI1Yi05MjRjLWFkYWU5NDcwN2MxM9gCAeACAQ&ucfs=1&arphpl=1&checkin=2026-08-06&checkout=2026-08-07&dest_id=-2762812&dest_type=city&group_adults=2&req_adults=2&no_rooms=1&group_children=0&req_children=0&hpos=20&hapos=833&sr_order=popularity&srpvid=ed21559515340104&srepoch=1785759170&all_sr_blocks=1085452710_427739538_0_2_0&highlighted_blocks=1085452710_427739538_0_2_0&matching_block_id=1085452710_427739538_0_2_0&sr_pri_blocks=1085452710_427739538_0_2_0__665910&from=searchresults,6659,8.1,37.0,Islamabad,24.8,Budget Double Room,1 large double bed,0,0,0,https://cf.bstatic.com/xdata/images/hotel/square240/685543207.webp?k=1101aee6bba3a86ac8820eecc1a817dcd87e5cc62d4d9d233e41376d651cd91a&o=,9,Islamabad
Comfort Zone Guest House,https://www.booking.com/hotel/pk/comfort-zone-guest-house-islamabad2.en-gb.html?aid=304142&label=gen173nr-10CAQoggJCDWNpdHlfLTI3NjI4MTJICVgEaLUBiAEBmAEzuAEHyAEM2AED6AEB-AEBiAIBqAIBuAKqisLTBsACAdICJGIyYWUwNDZiLWE5YmEtNGI1Yi05MjRjLWFkYWU5NDcwN2MxM9gCAeACAQ&ucfs=1&arphpl=1&checkin=2026-08-06&checkout=2026-08-07&dest_id=-2762812&dest_type=city&group_adults=2&req_adults=2&no_rooms=1&group_children=0&req_children=0&hpos=21&hapos=834&sr_order=popularity&srpvid=ed21559515340104&srepoch=1785759170&all_sr_blocks=1625871202_433272593_4_0_0&highlighted_blocks=1625871202_433272593_4_0_0&matching_block_id=1625871202_433272593_4_0_0&sr_pri_blocks=1625871202_433272593_4_0_0__600000&from=searchresults,6000,,,Islamabad,24.3,Double Room,2 double beds,0,1,1,https://cf.bstatic.com/xdata/images/hotel/square240/858970437.webp?k=121ad5192e46598a8ed441756127037e1e35e807d08a997f9fefdba53b868a4c&o=,4,Islamabad
"Cozy, Modern & Peaceful Apartment",https://www.booking.com/hotel/pk/modern-studio-apartment-serene-heights-islamabad.en-gb.html?aid=304142&label=gen173nr-10CAQoggJCDWNpdHlfLTI3NjI4MTJICVgEaLUBiAEBmAEzuAEHyAEM2AED6AEB-AEBiAIBqAIBuAKqisLTBsACAdICJGIyYWUwNDZiLWE5YmEtNGI1Yi05MjRjLWFkYWU5NDcwN2MxM9gCAeACAQ&ucfs=1&arphpl=1&checkin=2026-08-06&checkout=2026-08-07&dest_id=-2762812&dest_type=city&group_adults=2&req_adults=2&no_rooms=1&group_children=0&req_children=0&hpos=22&hapos=835&sr_order=popularity&srpvid=ed21559515340104&srepoch=1785759170&all_sr_blocks=1473954401_418757284_2_0_0&highlighted_blocks=1473954401_418757284_2_0_0&matching_block_id=1473954401_418757284_2_0_0&sr_pri_blocks=1473954401_418757284_2_0_0__720000&from=searchresults,7200,,,Islamabad,15.8,One-Bedroom Apartment,1 double bed,0,1,1,https://cf.bstatic.com/xdata/images/hotel/square240/730011380.webp?k=916c6cb2df132e1a4e03ac3897f336d7449badc1a77f942122b7bd882a0c76e8&o=,5,Islamabad
One BHK Luxury Apartment,https://www.booking.com/hotel/pk/one-bhk-luxury-furnished-family-apartment.en-gb.html?aid=304142&label=gen173nr-10CAQoggJCDWNpdHlfLTI3NjI4MTJICVgEaLUBiAEBmAEzuAEHyAEM2AED6AEB-AEBiAIBqAIBuAKqisLTBsACAdICJGIyYWUwNDZiLWE5YmEtNGI1Yi05MjRjLWFkYWU5NDcwN2MxM9gCAeACAQ&ucfs=1&arphpl=1&checkin=2026-08-06&checkout=2026-08-07&dest_id=-2762812&dest_type=city&group_adults=2&req_adults=2&no_rooms=1&group_children=0&req_children=0&hpos=23&hapos=836&sr_order=popularity&srpvid=ed21559515340104&srepoch=1785759170&all_sr_blocks=1573661601_428412721_4_0_0&highlighted_blocks=1573661601_428412721_4_0_0&matching_block_id=1573661601_428412721_4_0_0&sr_pri_blocks=1573661601_428412721_4_0_0__800000&from=searchresults,8000,,,"E-11 Sector, Islamabad",11.4,One-Bedroom Apartment with Balcony and Mountain View,"5 beds (1 double, 4 sofa beds)",0,1,1,https://cf.bstatic.com/xdata/images/hotel/square240/816382774.webp?k=678584865d0aacf82b04eb9544936041f49105869c2e9f132306b0069abd4c67&o=,4,Islamabad
One Constitution Avenue Luxurious Family Apartments - LMY Residency Islamabad,https://www.booking.com/hotel/pk/one-constitution-avenue-luxurious-apartment-islamabad.en-gb.html?aid=304142&label=gen173nr-10CAQoggJCDWNpdHlfLTI3NjI4MTJICVgEaLUBiAEBmAEzuAEHyAEM2AED6AEB-AEBiAIBqAIBuAKqisLTBsACAdICJGIyYWUwNDZiLWE5YmEtNGI1Yi05MjRjLWFkYWU5NDcwN2MxM9gCAeACAQ&ucfs=1&arphpl=1&checkin=2026-08-06&checkout=2026-08-07&dest_id=-2762812&dest_type=city&group_adults=2&req_adults=2&no_rooms=1&group_children=0&req_children=0&hpos=24&hapos=837&sr_order=popularity&srpvid=ed21559515340104&srepoch=1785759170&all_sr_blocks=1467806001_418103091_2_1_0_1161420&highlighted_blocks=1467806001_418103091_2_1_0_1161420&matching_block_id=1467806001_418103091_2_1_0_1161420&sr_pri_blocks=1467806001_418103091_2_1_0_1161420_2880000&from=searchresults,28800,7.0,2.0,Islamabad,2.2,One-Bedroom Apartment,"2 beds (1 double, 1 sofa bed)",1,0,0,https://cf.bstatic.com/xdata/images/hotel/square240/724545823.webp?k=fef6536b60ddc598b67f3a661de086120a2d1f8b9826fb34668e9d98adf438d6&o=,11,Islamabad
The loft life mg7,https://www.booking.com/hotel/pk/the-loft-life-mg7-islamabad.en-gb.html?aid=304142&label=gen173nr-10CAQoggJCDWNpdHlfLTI3NjI4MTJICVgEaLUBiAEBmAEzuAEHyAEM2AED6AEB-AEBiAIBqAIBuAKqisLTBsACAdICJGIyYWUwNDZiLWE5YmEtNGI1Yi05MjRjLWFkYWU5NDcwN2MxM9gCAeACAQ&ucfs=1&arphpl=1&checkin=2026-08-06&checkout=2026-08-07&dest_id=-2762812&dest_type=city&group_adults=2&req_adults=2&no_rooms=1&group_children=0&req_children=0&hpos=1&hapos=838&sr_order=popularity&srpvid=ed21559515340104&srepoch=1785759178&all_sr_blocks=1419278301_413593289_2_0_0&highlighted_blocks=1419278301_413593289_2_0_0&matching_block_id=1419278301_413593289_2_0_0&sr_pri_blocks=1419278301_413593289_2_0_0__450000&from=searchresults,4500,,,Islamabad,11.6,One-Bedroom Apartment,"2 beds (1 double, 1 sofa bed)",0,1,1,https://cf.bstatic.com/xdata/images/hotel/square240/685702835.webp?k=5ccb6242b7bbffeb074bbbdce472b3f3182d3288fb7c41b07b97709625fddbb4&o=,4,Islamabad
Prime 1 Bed Apartment,https://www.booking.com/hotel/pk/prime-1-bed-apartment.en-gb.html?aid=304142&label=gen173nr-10CAQoggJCDWNpdHlfLTI3NjI4MTJICVgEaLUBiAEBmAEzuAEHyAEM2AED6AEB-AEBiAIBqAIBuAKqisLTBsACAdICJGIyYWUwNDZiLWE5YmEtNGI1Yi05MjRjLWFkYWU5NDcwN2MxM9gCAeACAQ&ucfs=1&arphpl=1&checkin=2026-08-06&checkout=2026-08-07&dest_id=-2762812&dest_type=city&group_adults=2&req_adults=2&no_rooms=1&group_children=0&req_children=0&hpos=2&hapos=839&sr_order=popularity&srpvid=ed21559515340104&srepoch=1785759178&all_sr_blocks=1571517401_428221854_2_0_0&highlighted_blocks=1571517401_428221854_2_0_0&matching_block_id=1571517401_428221854_2_0_0&sr_pri_blocks=1571517401_428221854_2_0_0__1330000&from=searchresults,13300,,,Islamabad,15.2,One-Bedroom Apartment,1 double bed,0,1,1,https://cf.bstatic.com/xdata/images/hotel/square240/814558541.webp?k=70766e8ddddd5c399317f1e5d530a5c8f856f175688fcdc6698b2568f7801ba8&o=,4,Islamabad
Guest house,https://www.booking.com/hotel/pk/guest-house-islamabad34.en-gb.html?aid=304142&label=gen173nr-10CAQoggJCDWNpdHlfLTI3NjI4MTJICVgEaLUBiAEBmAEzuAEHyAEM2AED6AEB-AEBiAIBqAIBuAKqisLTBsACAdICJGIyYWUwNDZiLWE5YmEtNGI1Yi05MjRjLWFkYWU5NDcwN2MxM9gCAeACAQ&ucfs=1&arphpl=1&checkin=2026-08-06&checkout=2026-08-07&dest_id=-2762812&dest_type=city&group_adults=2&req_adults=2&no_rooms=1&group_children=0&req_children=0&hpos=3&hapos=840&sr_order=popularity&srpvid=ed21559515340104&srepoch=1785759178&all_sr_blocks=1591839301_430256893_5_0_0&highlighted_blocks=1591839301_430256893_5_0_0&matching_block_id=1591839301_430256893_5_0_0&sr_pri_blocks=1591839301_430256893_5_0_0__700000&from=searchresults,7000,,,"G-9 Sector, Islamabad",8.1,Double Room,"3 beds (1 single, 2 doubles)",0,1,1,https://cf.bstatic.com/xdata/images/hotel/square240/831547525.webp?k=5dc877f69eb56422331f1d5a281cd00069fbe533033052dd89ddb83e3459d238&o=,4,Islamabad
Abdullah estate,https://www.booking.com/hotel/pk/abdullah-estate-islamabad.en-gb.html?aid=304142&label=gen173nr-10CAQoggJCDWNpdHlfLTI3NjI4MTJICVgEaLUBiAEBmAEzuAEHyAEM2AED6AEB-AEBiAIBqAIBuAKqisLTBsACAdICJGIyYWUwNDZiLWE5YmEtNGI1Yi05MjRjLWFkYWU5NDcwN2MxM9gCAeACAQ&ucfs=1&arphpl=1&checkin=2026-08-06&checkout=2026-08-07&dest_id=-2762812&dest_type=city&group_adults=2&req_adults=2&no_rooms=1&group_children=0&req_children=0&hpos=4&hapos=841&sr_order=popularity&srpvid=ed21559515340104&srepoch=1785759178&all_sr_blocks=1615006101_432383787_3_0_0&highlighted_blocks=1615006101_432383787_3_0_0&matching_block_id=1615006101_432383787_3_0_0&sr_pri_blocks=1615006101_432383787_3_0_0__900000&from=searchresults,9000,,,Islamabad,15.2,One-Bedroom Apartment,"2 beds (1 double, 1 sofa bed)",0,1,1,https://cf.bstatic.com/xdata/images/hotel/square240/850190086.webp?k=a5b2306b2e5203513f5b9700210b1788025ba5060faaca4bceb437c6a7adc6db&o=,4,Islamabad
One Bedroom Furnished Apartment in Bahria Enclave Islamabad,https://www.booking.com/hotel/pk/one-bedroom-furnished-apartment-in-bahria-enclave-islamabad.en-gb.html?aid=304142&label=gen173nr-10CAQoggJCDWNpdHlfLTI3NjI4MTJICVgEaLUBiAEBmAEzuAEHyAEM2AED6AEB-AEBiAIBqAIBuAKqisLTBsACAdICJGIyYWUwNDZiLWE5YmEtNGI1Yi05MjRjLWFkYWU5NDcwN2MxM9gCAeACAQ&ucfs=1&arphpl=1&checkin=2026-08-06&checkout=2026-08-07&dest_id=-2762812&dest_type=city&group_adults=2&req_adults=2&no_rooms=1&group_children=0&req_children=0&hpos=5&hapos=842&sr_order=popularity&srpvid=ed21559515340104&srepoch=1785759178&all_sr_blocks=1578136301_428922408_4_0_0&highlighted_blocks=1578136301_428922408_4_0_0&matching_block_id=1578136301_428922408_4_0_0&sr_pri_blocks=1578136301_428922408_4_0_0__800000&from=searchresults,8000,,,Islamabad,12.0,One-Bedroom Apartment,"2 beds (1 double, 1 sofa bed)",0,1,1,https://cf.bstatic.com/xdata/images/hotel/square240/820309136.webp?k=3dac0c4192948e011d3b6e9a6286b5cc7e2bc21496efee365ba7c141fef606fe&o=,4,Islamabad
Amreen Smart Home 2 Bed Apartment,https://www.booking.com/hotel/pk/amreen-smart-home-2-bed-apartment.en-gb.html?aid=304142&label=gen173nr-10CAQoggJCDWNpdHlfLTI3NjI4MTJICVgEaLUBiAEBmAEzuAEHyAEM2AED6AEB-AEBiAIBqAIBuAKqisLTBsACAdICJGIyYWUwNDZiLWE5YmEtNGI1Yi05MjRjLWFkYWU5NDcwN2MxM9gCAeACAQ&ucfs=1&arphpl=1&checkin=2026-08-06&checkout=2026-08-07&dest_id=-2762812&dest_type=city&group_adults=2&req_adults=2&no_rooms=1&group_children=0&req_children=0&hpos=6&hapos=843&sr_order=popularity&srpvid=ed21559515340104&srepoch=1785759178&all_sr_blocks=1617997902_437622600_4_0_0&highlighted_blocks=1617997902_437622600_4_0_0&matching_block_id=1617997902_437622600_4_0_0&sr_pri_blocks=1617997902_437622600_4_0_0__1000000&from=searchresults,10000,,,Islamabad,25.0,Two-Bedroom Apartment,"4 beds (2 singles, 1 sofa bed, 1 large double)",0,0,1,https://cf.bstatic.com/xdata/images/hotel/square240/852558321.webp?k=917b40d2937edbabed40455ea5487c5b04429450f7987b51d7fd062b274c27c3&o=,4,Islamabad
LMY Signature Executive Hotel Islamabad,https://www.booking.com/hotel/pk/bdhjsjsj.en-gb.html?aid=304142&label=gen173nr-10CAQoggJCDWNpdHlfLTI3NjI4MTJICVgEaLUBiAEBmAEzuAEHyAEM2AED6AEB-AEBiAIBqAIBuAKqisLTBsACAdICJGIyYWUwNDZiLWE5YmEtNGI1Yi05MjRjLWFkYWU5NDcwN2MxM9gCAeACAQ&ucfs=1&arphpl=1&checkin=2026-08-06&checkout=2026-08-07&dest_id=-2762812&dest_type=city&group_adults=2&req_adults=2&no_rooms=1&group_children=0&req_children=0&hpos=7&hapos=844&sr_order=popularity&srpvid=ed21559515340104&srepoch=1785759178&all_sr_blocks=1695886101_441283899_2_1_0&highlighted_blocks=1695886101_441283899_2_1_0&matching_block_id=1695886101_441283899_2_1_0&sr_pri_blocks=1695886101_441283899_2_1_0__3825000&from=searchresults,38250,,,"F-7 Sector, Islamabad",3.7,Double Room with Mountain View,1 double bed,1,1,1,https://cf.bstatic.com/xdata/images/hotel/square240/900122835.webp?k=7c6ec53bad29f00d163d541b5ce212be2dd2ec7e4eb268131d8d6fff616fe252&o=,4,Islamabad
Mir Khan Khail Guest House,https://www.booking.com/hotel/pk/mir-khan-khail-guest-house.en-gb.html?aid=304142&label=gen173nr-10CAQoggJCDWNpdHlfLTI3NjI4MTJICVgEaLUBiAEBmAEzuAEHyAEM2AED6AEB-AEBiAIBqAIBuAKqisLTBsACAdICJGIyYWUwNDZiLWE5YmEtNGI1Yi05MjRjLWFkYWU5NDcwN2MxM9gCAeACAQ&ucfs=1&arphpl=1&checkin=2026-08-06&checkout=2026-08-07&dest_id=-2762812&dest_type=city&group_adults=2&req_adults=2&no_rooms=1&group_children=0&req_children=0&hpos=8&hapos=845&sr_order=popularity&srpvid=ed21559515340104&srepoch=1785759178&all_sr_blocks=1693731601_441019793_3_2_0&highlighted_blocks=1693731601_441019793_3_2_0&matching_block_id=1693731601_441019793_3_2_0&sr_pri_blocks=1693731601_441019793_3_2_0__1189973&from=searchresults,11900,,,Islamabad,12.7,Family Studio,1 double bed,0,1,1,https://cf.bstatic.com/xdata/images/hotel/square240/898638508.webp?k=b2afcc8b56e8c85a65c5aac4f4796d07fd3269afc6b8726b474851aa01eab5b5&o=,5,Islamabad
Family Friendly Modern luxury Apartment central E11 Islamabad,https://www.booking.com/hotel/pk/cozy-comfort-apartment-in-e11.en-gb.html?aid=304142&label=gen173nr-10CAQoggJCDWNpdHlfLTI3NjI4MTJICVgEaLUBiAEBmAEzuAEHyAEM2AED6AEB-AEBiAIBqAIBuAKqisLTBsACAdICJGIyYWUwNDZiLWE5YmEtNGI1Yi05MjRjLWFkYWU5NDcwN2MxM9gCAeACAQ&ucfs=1&arphpl=1&checkin=2026-08-06&checkout=2026-08-07&dest_id=-2762812&dest_type=city&group_adults=2&req_adults=2&no_rooms=1&group_children=0&req_children=0&hpos=9&hapos=846&sr_order=popularity&srpvid=ed21559515340104&srepoch=1785759178&all_sr_blocks=1214796501_393691028_3_0_0&highlighted_blocks=1214796501_393691028_3_0_0&matching_block_id=1214796501_393691028_3_0_0&sr_pri_blocks=1214796501_393691028_3_0_0__790000&from=searchresults,7900,,,"E-11 Sector, Islamabad",12.0,Classic One-Bedroom Apartment with King Bed,Classic One-Bedroom Apartment with King Bed,0,1,1,https://cf.bstatic.com/xdata/images/hotel/square240/746160476.webp?k=1390a5e4db8d821452ccece551d12efa61bb60339a092b610f42831cbfe891a9&o=,4,Islamabad
Elite Studio Apartment,https://www.booking.com/hotel/pk/elite-studio-apartment.en-gb.html?aid=304142&label=gen173nr-10CAQoggJCDWNpdHlfLTI3NjI4MTJICVgEaLUBiAEBmAEzuAEHyAEM2AED6AEB-AEBiAIBqAIBuAKqisLTBsACAdICJGIyYWUwNDZiLWE5YmEtNGI1Yi05MjRjLWFkYWU5NDcwN2MxM9gCAeACAQ&ucfs=1&arphpl=1&checkin=2026-08-06&checkout=2026-08-07&dest_id=-2762812&dest_type=city&group_adults=2&req_adults=2&no_rooms=1&group_children=0&req_children=0&hpos=10&hapos=847&sr_order=popularity&srpvid=ed21559515340104&srepoch=1785759178&all_sr_blocks=1516135501_423336826_3_0_0&highlighted_blocks=1516135501_423336826_3_0_0&matching_block_id=1516135501_423336826_3_0_0&sr_pri_blocks=1516135501_423336826_3_0_0__950000&from=searchresults,9500,10,1.0,Islamabad,26.6,One-Bedroom Apartment,"2 beds (1 double, 1 sofa bed)",0,1,1,https://cf.bstatic.com/xdata/images/hotel/square240/767975656.webp?k=55f0e9ce1f273cf71e964b80409a65926639908e75c65dd87c1055b2b033afe6&o=,4,Islamabad
SkyPark Premium Hotel Serviced Apartments - LMY Hospitality Gulberg Islamabad,https://www.booking.com/hotel/pk/tsushsi.en-gb.html?aid=304142&label=gen173nr-10CAQoggJCDWNpdHlfLTI3NjI4MTJICVgEaLUBiAEBmAEzuAEHyAEM2AED6AEB-AEBiAIBqAIBuAKqisLTBsACAdICJGIyYWUwNDZiLWE5YmEtNGI1Yi05MjRjLWFkYWU5NDcwN2MxM9gCAeACAQ&ucfs=1&arphpl=1&checkin=2026-08-06&checkout=2026-08-07&dest_id=-2762812&dest_type=city&group_adults=2&req_adults=2&no_rooms=1&group_children=0&req_children=0&hpos=11&hapos=848&sr_order=popularity&srpvid=ed21559515340104&srepoch=1785759178&all_sr_blocks=1699584801_441605719_2_1_0&highlighted_blocks=1699584801_441605719_2_1_0&matching_block_id=1699584801_441605719_2_1_0&sr_pri_blocks=1699584801_441605719_2_1_0__2142000&from=searchresults,21420,,,Islamabad,15.4,One-Bedroom Apartment,"2 beds (1 double, 1 sofa bed)",1,1,1,https://cf.bstatic.com/xdata/images/hotel/square240/902180917.webp?k=f8aef0717a28c17a50193b680e1dcb0575d24c6309e89ceea52d042e650bddb4&o=,13,Islamabad
Destination Home,https://www.booking.com/hotel/pk/destination-home.en-gb.html?aid=304142&label=gen173nr-10CAQoggJCDWNpdHlfLTI3NjI4MTJICVgEaLUBiAEBmAEzuAEHyAEM2AED6AEB-AEBiAIBqAIBuAKqisLTBsACAdICJGIyYWUwNDZiLWE5YmEtNGI1Yi05MjRjLWFkYWU5NDcwN2MxM9gCAeACAQ&ucfs=1&arphpl=1&checkin=2026-08-06&checkout=2026-08-07&dest_id=-2762812&dest_type=city&group_adults=2&req_adults=2&no_rooms=1&group_children=0&req_children=0&hpos=12&hapos=849&sr_order=popularity&srpvid=ed21559515340104&srepoch=1785759178&all_sr_blocks=1488885001_420539794_18_0_0&highlighted_blocks=1488885001_420539794_18_0_0&matching_block_id=1488885001_420539794_18_0_0&sr_pri_blocks=1488885001_420539794_18_0_0__3500000&from=searchresults,35000,6.9,10.0,Islamabad,19.4,Five-Bedroom House,"13 beds (2 singles, 5 extra-large doubles, 6 sofa beds)",0,1,1,https://cf.bstatic.com/xdata/images/hotel/square240/742508675.webp?k=2de7a0184ec839b1731480b031fe5925a97526d539b364b081c590f1879c4c78&o=,14,Islamabad
Starry Night Penthouse-One Bedroom and Lounge,https://www.booking.com/hotel/pk/starry-night-penthouse-one-bed-and-lounge.en-gb.html?aid=304142&label=gen173nr-10CAQoggJCDWNpdHlfLTI3NjI4MTJICVgEaLUBiAEBmAEzuAEHyAEM2AED6AEB-AEBiAIBqAIBuAKqisLTBsACAdICJGIyYWUwNDZiLWE5YmEtNGI1Yi05MjRjLWFkYWU5NDcwN2MxM9gCAeACAQ&ucfs=1&arphpl=1&checkin=2026-08-06&checkout=2026-08-07&dest_id=-2762812&dest_type=city&group_adults=2&req_adults=2&no_rooms=1&group_children=0&req_children=0&hpos=13&hapos=850&sr_order=popularity&srpvid=ed21559515340104&srepoch=1785759178&all_sr_blocks=1696845401_441361715_2_0_0&highlighted_blocks=1696845401_441361715_2_0_0&matching_block_id=1696845401_441361715_2_0_0&sr_pri_blocks=1696845401_441361715_2_0_0__748000&from=searchresults,7480,,,Islamabad,12.8,One-Bedroom Apartment,"2 beds (1 double, 1 sofa bed)",0,1,1,https://cf.bstatic.com/xdata/images/hotel/square240/900670968.webp?k=932694d7f3b0af0b551b6f1f602a5ab7c826667499bb4a340cc86527286b9568&o=,5,Islamabad
Royal luxus and travel Islamabad,https://www.booking.com/hotel/pk/royal-luxus-and-travel-islamabad.en-gb.html?aid=304142&label=gen173nr-10CAQoggJCDWNpdHlfLTI3NjI4MTJICVgEaLUBiAEBmAEzuAEHyAEM2AED6AEB-AEBiAIBqAIBuAKqisLTBsACAdICJGIyYWUwNDZiLWE5YmEtNGI1Yi05MjRjLWFkYWU5NDcwN2MxM9gCAeACAQ&ucfs=1&arphpl=1&checkin=2026-08-06&checkout=2026-08-07&dest_id=-2762812&dest_type=city&group_adults=2&req_adults=2&no_rooms=1&group_children=0&req_children=0&hpos=14&hapos=851&sr_order=popularity&srpvid=ed21559515340104&srepoch=1785759178&all_sr_blocks=1672404102_438999906_2_1_0&highlighted_blocks=1672404102_438999906_2_1_0&matching_block_id=1672404102_438999906_2_1_0&sr_pri_blocks=1672404102_438999906_2_1_0__1394000&from=searchresults,13940,,,"F-6 Sector, Islamabad",2.0,Double Room,"3 beds (1 double, 1 extra-large double, 1 large double)",1,1,1,https://cf.bstatic.com/xdata/images/hotel/square240/886703783.webp?k=bd5eec9b0576a10490321bf29bb14fc554340de58feb15fbaac15bc7ebfe10eb&o=,5,Islamabad
Prime Residence,https://www.booking.com/hotel/pk/prime-residence-islamabad.en-gb.html?aid=304142&label=gen173nr-10CAQoggJCDWNpdHlfLTI3NjI4MTJICVgEaLUBiAEBmAEzuAEHyAEM2AED6AEB-AEBiAIBqAIBuAKqisLTBsACAdICJGIyYWUwNDZiLWE5YmEtNGI1Yi05MjRjLWFkYWU5NDcwN2MxM9gCAeACAQ&ucfs=1&arphpl=1&checkin=2026-08-06&checkout=2026-08-07&dest_id=-2762812&dest_type=city&group_adults=2&req_adults=2&no_rooms=1&group_children=0&req_children=0&hpos=15&hapos=852&sr_order=popularity&srpvid=ed21559515340104&srepoch=1785759178&all_sr_blocks=1550967101_426290294_3_0_0&highlighted_blocks=1550967101_426290294_3_0_0&matching_block_id=1550967101_426290294_3_0_0&sr_pri_blocks=1550967101_426290294_3_0_0__800000&from=searchresults,8000,,,Islamabad,11.9,One-Bedroom Apartment,1 single bed,0,1,1,https://cf.bstatic.com/xdata/images/hotel/square240/796755370.webp?k=ebc83c20c9db55d2480b4af96ab8ebd1f196c033dc347b44b4fd28be90f6501e&o=,4,Islamabad
My Best House,https://www.booking.com/hotel/pk/my-best-house.en-gb.html?aid=304142&label=gen173nr-10CAQoggJCDWNpdHlfLTI3NjI4MTJICVgEaLUBiAEBmAEzuAEHyAEM2AED6AEB-AEBiAIBqAIBuAKqisLTBsACAdICJGIyYWUwNDZiLWE5YmEtNGI1Yi05MjRjLWFkYWU5NDcwN2MxM9gCAeACAQ&ucfs=1&arphpl=1&checkin=2026-08-06&checkout=2026-08-07&dest_id=-2762812&dest_type=city&group_adults=2&req_adults=2&no_rooms=1&group_children=0&req_children=0&hpos=16&hapos=853&sr_order=popularity&srpvid=ed21559515340104&srepoch=1785759178&all_sr_blocks=1680496001_439807754_2_2_0&highlighted_blocks=1680496001_439807754_2_2_0&matching_block_id=1680496001_439807754_2_2_0&sr_pri_blocks=1680496001_439807754_2_2_0__644373&from=searchresults,6444,,,Islamabad,15.1,Two-Bedroom Apartment,"4 beds (1 single, 2 doubles, 1 extra-large double)",0,1,1,https://cf.bstatic.com/xdata/images/hotel/square240/891177172.webp?k=483eab2fb5d9bfb061b0ab0206caa07b61630a23ed22851f3f1ce3ea81813f05&o=,5,Islamabad
Centaurus Signature Serviced Apartments - LMY Islamabad,https://www.booking.com/hotel/pk/yusbakb.en-gb.html?aid=304142&label=gen173nr-10CAQoggJCDWNpdHlfLTI3NjI4MTJICVgEaLUBiAEBmAEzuAEHyAEM2AED6AEB-AEBiAIBqAIBuAKqisLTBsACAdICJGIyYWUwNDZiLWE5YmEtNGI1Yi05MjRjLWFkYWU5NDcwN2MxM9gCAeACAQ&ucfs=1&arphpl=1&checkin=2026-08-06&checkout=2026-08-07&dest_id=-2762812&dest_type=city&group_adults=2&req_adults=2&no_rooms=1&group_children=0&req_children=0&hpos=17&hapos=854&sr_order=popularity&srpvid=ed21559515340104&srepoch=1785759178&all_sr_blocks=1632133802_433721180_2_1_0&highlighted_blocks=1632133802_433721180_2_1_0&matching_block_id=1632133802_433721180_2_1_0&sr_pri_blocks=1632133802_433721180_2_1_0__4320000&from=searchresults,43200,10,1.0,"Blue Area, Islamabad",4.9,Deluxe King Studio,1 double bed,1,1,0,https://cf.bstatic.com/xdata/images/hotel/square240/893991545.webp?k=1e1d61ed0da37f2d2200d177c6ec614b26f19563a269c2801df20fdaa54bc69f&o=,12,Islamabad
Pearl Luxury 1 Bedroom Apartment Pool & Gym,https://www.booking.com/hotel/pk/pearl-luxury-1-bedroom-apartment-pool-amp-gym.en-gb.html?aid=304142&label=gen173nr-10CAQoggJCDWNpdHlfLTI3NjI4MTJICVgEaLUBiAEBmAEzuAEHyAEM2AED6AEB-AEBiAIBqAIBuAKqisLTBsACAdICJGIyYWUwNDZiLWE5YmEtNGI1Yi05MjRjLWFkYWU5NDcwN2MxM9gCAeACAQ&ucfs=1&arphpl=1&checkin=2026-08-06&checkout=2026-08-07&dest_id=-2762812&dest_type=city&group_adults=2&req_adults=2&no_rooms=1&group_children=0&req_children=0&hpos=18&hapos=855&sr_order=popularity&srpvid=ed21559515340104&srepoch=1785759178&all_sr_blocks=1695691601_441239876_3_0_0&highlighted_blocks=1695691601_441239876_3_0_0&matching_block_id=1695691601_441239876_3_0_0&sr_pri_blocks=1695691601_441239876_3_0_0__743750&from=searchresults,7438,,,Islamabad,20.5,One-Bedroom Apartment,1 extra-large double bed,0,1,1,https://cf.bstatic.com/xdata/images/hotel/square240/899980722.webp?k=ed2b915b59099efd9f82ecc0bcf1d0ec7cf8c6c52e2bbb448ca7769c8541dad2&o=,4,Islamabad
Cozy 1BKH Luxury Apartment,https://www.booking.com/hotel/pk/cozy-1bkh-luxury-apartment.en-gb.html?aid=304142&label=gen173nr-10CAQoggJCDWNpdHlfLTI3NjI4MTJICVgEaLUBiAEBmAEzuAEHyAEM2AED6AEB-AEBiAIBqAIBuAKqisLTBsACAdICJGIyYWUwNDZiLWE5YmEtNGI1Yi05MjRjLWFkYWU5NDcwN2MxM9gCAeACAQ&ucfs=1&arphpl=1&checkin=2026-08-06&checkout=2026-08-07&dest_id=-2762812&dest_type=city&group_adults=2&req_adults=2&no_rooms=1&group_children=0&req_children=0&hpos=19&hapos=856&sr_order=popularity&srpvid=ed21559515340104&srepoch=1785759178&all_sr_blocks=1489601301_420615323_0_0_0&highlighted_blocks=1489601301_420615323_0_0_0&matching_block_id=1489601301_420615323_0_0_0&sr_pri_blocks=1489601301_420615323_0_0_0__715000&from=searchresults,7150,5.0,4.0,Islamabad,14.5,One-Bedroom Apartment,"3 beds (1 double, 1 sofa bed, 1 large double)",0,1,1,https://cf.bstatic.com/xdata/images/hotel/square240/762870340.webp?k=46fbaf600b6fbc005fb31cf699e7970884f267abdbde7f9ee63d4c3592a8d55d&o=,4,Islamabad
Private Suite with Private entrance - self check-in f-8 - private parking,https://www.booking.com/hotel/pk/private-suite-with-private-entrance-self-check-in-f-8-private-parking.en-gb.html?aid=304142&label=gen173nr-10CAQoggJCDWNpdHlfLTI3NjI4MTJICVgEaLUBiAEBmAEzuAEHyAEM2AED6AEB-AEBiAIBqAIBuAKqisLTBsACAdICJGIyYWUwNDZiLWE5YmEtNGI1Yi05MjRjLWFkYWU5NDcwN2MxM9gCAeACAQ&ucfs=1&arphpl=1&checkin=2026-08-06&checkout=2026-08-07&dest_id=-2762812&dest_type=city&group_adults=2&req_adults=2&no_rooms=1&group_children=0&req_children=0&hpos=20&hapos=857&sr_order=popularity&srpvid=ed21559515340104&srepoch=1785759178&all_sr_blocks=1620417901_432863631_2_1_0&highlighted_blocks=1620417901_432863631_2_1_0&matching_block_id=1620417901_432863631_2_1_0&sr_pri_blocks=1620417901_432863631_2_1_0__1550000&from=searchresults,15500,,,Islamabad,6.1,Superior Family Room,1 extra-large double bed,1,1,1,https://cf.bstatic.com/xdata/images/hotel/square240/855586132.webp?k=ba6750e1ed4f1a5dde5ae2aa974165b49dddc9460f19a97dbf23ba9dfbd8e55b&o=,4,Islamabad
Oasis Living,https://www.booking.com/hotel/pk/oasis-living-islamabad.en-gb.html?aid=304142&label=gen173nr-10CAQoggJCDWNpdHlfLTI3NjI4MTJICVgEaLUBiAEBmAEzuAEHyAEM2AED6AEB-AEBiAIBqAIBuAKqisLTBsACAdICJGIyYWUwNDZiLWE5YmEtNGI1Yi05MjRjLWFkYWU5NDcwN2MxM9gCAeACAQ&ucfs=1&arphpl=1&checkin=2026-08-06&checkout=2026-08-07&dest_id=-2762812&dest_type=city&group_adults=2&req_adults=2&no_rooms=1&group_children=0&req_children=0&hpos=21&hapos=858&sr_order=popularity&srpvid=ed21559515340104&srepoch=1785759178&all_sr_blocks=1595217101_430554376_2_1_0&highlighted_blocks=1595217101_430554376_2_1_0&matching_block_id=1595217101_430554376_2_1_0&sr_pri_blocks=1595217101_430554376_2_1_0__1020000&from=searchresults,10200,,,Islamabad,28.1,Two-Bedroom Apartment,"3 beds (2 singles, 1 large double)",1,1,1,https://cf.bstatic.com/xdata/images/hotel/square240/833202782.webp?k=138b09a7ef71228df0aae01731b4b76ac1d6635a9be86daa6280dfca1d05952f&o=,5,Islamabad
Four Season Guest House,https://www.booking.com/hotel/pk/four-season-guest-house-islamabad4.en-gb.html?aid=304142&label=gen173nr-10CAQoggJCDWNpdHlfLTI3NjI4MTJICVgEaLUBiAEBmAEzuAEHyAEM2AED6AEB-AEBiAIBqAIBuAKqisLTBsACAdICJGIyYWUwNDZiLWE5YmEtNGI1Yi05MjRjLWFkYWU5NDcwN2MxM9gCAeACAQ&ucfs=1&arphpl=1&checkin=2026-08-06&checkout=2026-08-07&dest_id=-2762812&dest_type=city&group_adults=2&req_adults=2&no_rooms=1&group_children=0&req_children=0&hpos=22&hapos=859&sr_order=popularity&srpvid=ed21559515340104&srepoch=1785759178&all_sr_blocks=1472458002_418590518_4_2_0&highlighted_blocks=1472458002_418590518_4_2_0&matching_block_id=1472458002_418590518_4_2_0&sr_pri_blocks=1472458002_418590518_4_2_0__700000&from=searchresults,7000,9.1,17.0,Islamabad,19.4,Economy Twin Room,"3 beds (1 extra-large double, 1 sofa bed, 1 futon)",0,1,1,https://cf.bstatic.com/xdata/images/hotel/square240/865889832.webp?k=5efc8a7f2fc30220f7fce1061ec28f180228833afd3b67f3ec87a96ed0aefb20&o=,14,Islamabad
Studio Appartment for Couples and Family,https://www.booking.com/hotel/pk/studio-appartment-for-couples-and-family.en-gb.html?aid=304142&label=gen173nr-10CAQoggJCDWNpdHlfLTI3NjI4MTJICVgEaLUBiAEBmAEzuAEHyAEM2AED6AEB-AEBiAIBqAIBuAKqisLTBsACAdICJGIyYWUwNDZiLWE5YmEtNGI1Yi05MjRjLWFkYWU5NDcwN2MxM9gCAeACAQ&ucfs=1&arphpl=1&checkin=2026-08-06&checkout=2026-08-07&dest_id=-2762812&dest_type=city&group_adults=2&req_adults=2&no_rooms=1&group_children=0&req_children=0&hpos=23&hapos=860&sr_order=popularity&srpvid=ed21559515340104&srepoch=1785759178&all_sr_blocks=1636137201_434003405_2_0_0&highlighted_blocks=1636137201_434003405_2_0_0&matching_block_id=1636137201_434003405_2_0_0&sr_pri_blocks=1636137201_434003405_2_0_0__560000&from=searchresults,5600,9.0,1.0,Islamabad,25.0,One-Bedroom Apartment,1 double bed,0,1,1,https://cf.bstatic.com/xdata/images/hotel/square240/864754474.webp?k=df321650ea91afa46a05ff629f397452fc46bb5ef92aea386b240c6b472670d0&o=,5,Islamabad
Revere Inn Family Guest House Islamabad,https://www.booking.com/hotel/pk/revere-inn-family-guest-house-islamabad.en-gb.html?aid=304142&label=gen173nr-10CAQoggJCDWNpdHlfLTI3NjI4MTJICVgEaLUBiAEBmAEzuAEHyAEM2AED6AEB-AEBiAIBqAIBuAKqisLTBsACAdICJGIyYWUwNDZiLWE5YmEtNGI1Yi05MjRjLWFkYWU5NDcwN2MxM9gCAeACAQ&ucfs=1&arphpl=1&checkin=2026-08-06&checkout=2026-08-07&dest_id=-2762812&dest_type=city&group_adults=2&req_adults=2&no_rooms=1&group_children=0&req_children=0&hpos=24&hapos=861&sr_order=popularity&srpvid=ed21559515340104&srepoch=1785759178&all_sr_blocks=1460802901_417379530_2_1_0&highlighted_blocks=1460802901_417379530_2_1_0&matching_block_id=1460802901_417379530_2_1_0&sr_pri_blocks=1460802901_417379530_2_1_0__1035000&from=searchresults,10350,10,1.0,"E-11 Sector, Islamabad",12.0,Twin Room,2 single beds,1,1,1,https://cf.bstatic.com/xdata/images/hotel/square240/717016469.webp?k=445eec364b38e9eeec348825419f963982b73cf7b1079dcbd49c38588e3ab504&o=,4,Islamabad
Royal Regency Hotel,https://www.booking.com/hotel/pk/royal-regency.en-gb.html?aid=304142&label=gen173nr-10CAQoggJCDWNpdHlfLTI3NjI4MTJICVgEaLUBiAEBmAEzuAEHyAEM2AED6AEB-AEBiAIBqAIBuAKqisLTBsACAdICJGIyYWUwNDZiLWE5YmEtNGI1Yi05MjRjLWFkYWU5NDcwN2MxM9gCAeACAQ&ucfs=1&arphpl=1&checkin=2026-08-06&checkout=2026-08-07&dest_id=-2762812&dest_type=city&group_adults=2&req_adults=2&no_rooms=1&group_children=0&req_children=0&hpos=1&hapos=862&sr_order=popularity&srpvid=ed21559515340104&srepoch=1785759186&all_sr_blocks=936687902_414535903_0_41_0&highlighted_blocks=936687902_414535903_0_41_0&matching_block_id=936687902_414535903_0_41_0&sr_pri_blocks=936687902_414535903_0_41_0__1800000&from=searchresults,18000,8.1,54.0,"F-6 Sector, Islamabad",1.0,Superior King Room,1 extra-large double bed,1,1,0,https://cf.bstatic.com/xdata/images/hotel/square240/413265784.webp?k=18d16f71a92bf5251edd0e2d1081c3f5b57f7a4f34dcee42e6bab934509de10e&o=,12,Islamabad
Nestivia Stays Luxury 2BR Family Retreat near F-11,https://www.booking.com/hotel/pk/nestivia-stays-luxury-2br-family-retreat-near-f-11.en-gb.html?aid=304142&label=gen173nr-10CAQoggJCDWNpdHlfLTI3NjI4MTJICVgEaLUBiAEBmAEzuAEHyAEM2AED6AEB-AEBiAIBqAIBuAKqisLTBsACAdICJGIyYWUwNDZiLWE5YmEtNGI1Yi05MjRjLWFkYWU5NDcwN2MxM9gCAeACAQ&ucfs=1&arphpl=1&checkin=2026-08-06&checkout=2026-08-07&dest_id=-2762812&dest_type=city&group_adults=2&req_adults=2&no_rooms=1&group_children=0&req_children=0&hpos=2&hapos=863&sr_order=popularity&srpvid=ed21559515340104&srepoch=1785759186&all_sr_blocks=1665899301_438421811_5_0_0&highlighted_blocks=1665899301_438421811_5_0_0&matching_block_id=1665899301_438421811_5_0_0&sr_pri_blocks=1665899301_438421811_5_0_0__1224000&from=searchresults,12240,,,"E-11 Sector, Islamabad",10.8,Two-Bedroom Apartment,1 double bed,0,1,1,https://cf.bstatic.com/xdata/images/hotel/square240/882394659.webp?k=d4a4787d00ea6e43d73e66246e0950b621464f09fd1c148c017e9b9f36ebf803&o=,6,Islamabad
Green hills,https://www.booking.com/hotel/pk/green-hills-islamabad.en-gb.html?aid=304142&label=gen173nr-10CAQoggJCDWNpdHlfLTI3NjI4MTJICVgEaLUBiAEBmAEzuAEHyAEM2AED6AEB-AEBiAIBqAIBuAKqisLTBsACAdICJGIyYWUwNDZiLWE5YmEtNGI1Yi05MjRjLWFkYWU5NDcwN2MxM9gCAeACAQ&ucfs=1&arphpl=1&checkin=2026-08-06&checkout=2026-08-07&dest_id=-2762812&dest_type=city&group_adults=2&req_adults=2&no_rooms=1&group_children=0&req_children=0&hpos=3&hapos=864&sr_order=popularity&srpvid=ed21559515340104&srepoch=1785759186&all_sr_blocks=1662929301_438153729_2_0_0&highlighted_blocks=1662929301_438153729_2_0_0&matching_block_id=1662929301_438153729_2_0_0&sr_pri_blocks=1662929301_438153729_2_0_0__949690&from=searchresults,9497,,,Islamabad,9.7,One-Bedroom Villa,1 double bed,0,1,1,https://cf.bstatic.com/xdata/images/hotel/square240/880755031.webp?k=172b8ec1ccb81739dd3082748cdf14f1a974e7fd439ce85faad8eba4fc41d995&o=,4,Islamabad
apartment for rent,https://www.booking.com/hotel/pk/flat-for-rent-islamabad4.en-gb.html?aid=304142&label=gen173nr-10CAQoggJCDWNpdHlfLTI3NjI4MTJICVgEaLUBiAEBmAEzuAEHyAEM2AED6AEB-AEBiAIBqAIBuAKqisLTBsACAdICJGIyYWUwNDZiLWE5YmEtNGI1Yi05MjRjLWFkYWU5NDcwN2MxM9gCAeACAQ&ucfs=1&arphpl=1&checkin=2026-08-06&checkout=2026-08-07&dest_id=-2762812&dest_type=city&group_adults=2&req_adults=2&no_rooms=1&group_children=0&req_children=0&hpos=4&hapos=865&sr_order=popularity&srpvid=ed21559515340104&srepoch=1785759186&all_sr_blocks=1602069501_431155479_2_0_0&highlighted_blocks=1602069501_431155479_2_0_0&matching_block_id=1602069501_431155479_2_0_0&sr_pri_blocks=1602069501_431155479_2_0_0__1383290&from=searchresults,13833,,,Islamabad,21.5,Two-Bedroom Apartment,"5 beds (3 doubles, 2 sofa beds)",0,1,1,https://cf.bstatic.com/xdata/images/hotel/square240/839138609.webp?k=8d901f854d69070c5a6967dd80826700d09dc5ed9835acbbe53e8757ade73721&o=,4,Islamabad
Whispers in the Sky 1plus study Centaurus Isb,https://www.booking.com/hotel/pk/whispers-in-the-sky-1plus-study-centaurus-isb.en-gb.html?aid=304142&label=gen173nr-10CAQoggJCDWNpdHlfLTI3NjI4MTJICVgEaLUBiAEBmAEzuAEHyAEM2AED6AEB-AEBiAIBqAIBuAKqisLTBsACAdICJGIyYWUwNDZiLWE5YmEtNGI1Yi05MjRjLWFkYWU5NDcwN2MxM9gCAeACAQ&ucfs=1&arphpl=1&checkin=2026-08-06&checkout=2026-08-07&dest_id=-2762812&dest_type=city&group_adults=2&req_adults=2&no_rooms=1&group_children=0&req_children=0&hpos=5&hapos=866&sr_order=popularity&srpvid=ed21559515340104&srepoch=1785759186&all_sr_blocks=1691025101_440739577_5_0_0&highlighted_blocks=1691025101_440739577_5_0_0&matching_block_id=1691025101_440739577_5_0_0&sr_pri_blocks=1691025101_440739577_5_0_0__2380000&from=searchresults,23800,,,"Blue Area, Islamabad",4.9,Two-Bedroom Apartment,"2 beds (1 extra-large double, 1 sofa bed)",0,1,1,https://cf.bstatic.com/xdata/images/hotel/square240/896695386.webp?k=50f99f53c34fd3965f56139b0498dcf70fc8332407a5fe2b160cffced3b6154e&o=,5,Islamabad
Paska Guest House,https://www.booking.com/hotel/pk/paska-guest-house.en-gb.html?aid=304142&label=gen173nr-10CAQoggJCDWNpdHlfLTI3NjI4MTJICVgEaLUBiAEBmAEzuAEHyAEM2AED6AEB-AEBiAIBqAIBuAKqisLTBsACAdICJGIyYWUwNDZiLWE5YmEtNGI1Yi05MjRjLWFkYWU5NDcwN2MxM9gCAeACAQ&ucfs=1&arphpl=1&checkin=2026-08-06&checkout=2026-08-07&dest_id=-2762812&dest_type=city&group_adults=2&req_adults=2&no_rooms=1&group_children=0&req_children=0&hpos=6&hapos=867&sr_order=popularity&srpvid=ed21559515340104&srepoch=1785759186&all_sr_blocks=1564164701_427512861_2_0_0&highlighted_blocks=1564164701_427512861_2_0_0&matching_block_id=1564164701_427512861_2_0_0&sr_pri_blocks=1564164701_427512861_2_0_0__700000&from=searchresults,7000,7.0,1.0,Islamabad,14.0,Deluxe Double Room,1 double bed,0,1,1,https://cf.bstatic.com/xdata/images/hotel/square240/808643497.webp?k=827300bab20ab4a6e63dae19cefe6ca13fd14fc337a8d3c011db016204f51b0a&o=,4,Islamabad
"Girls Inn 1BHK with Pool, Gym & Sauna plus FreeSkinCare",https://www.booking.com/hotel/pk/girls-only-good-vibes-only.en-gb.html?aid=304142&label=gen173nr-10CAQoggJCDWNpdHlfLTI3NjI4MTJICVgEaLUBiAEBmAEzuAEHyAEM2AED6AEB-AEBiAIBqAIBuAKqisLTBsACAdICJGIyYWUwNDZiLWE5YmEtNGI1Yi05MjRjLWFkYWU5NDcwN2MxM9gCAeACAQ&ucfs=1&arphpl=1&checkin=2026-08-06&checkout=2026-08-07&dest_id=-2762812&dest_type=city&group_adults=2&req_adults=2&no_rooms=1&group_children=0&req_children=0&hpos=7&hapos=868&sr_order=popularity&srpvid=ed21559515340104&srepoch=1785759186&all_sr_blocks=1574913301_428576321_3_0_0&highlighted_blocks=1574913301_428576321_3_0_0&matching_block_id=1574913301_428576321_3_0_0&sr_pri_blocks=1574913301_428576321_3_0_0__800000&from=searchresults,8000,10,1.0,Islamabad,20.4,One-Bedroom Apartment,1 double bed,0,1,1,https://cf.bstatic.com/xdata/images/hotel/square240/817213712.webp?k=0830ed58d3a1c4e0e49bd5210d0691f8516287aa7ea11cf1ee8e1e467717d030&o=,5,Islamabad
One Bed Fully Furnished Apartment in B17,https://www.booking.com/hotel/pk/one-bed-fully-furnished-apartment-in-b17.en-gb.html?aid=304142&label=gen173nr-10CAQoggJCDWNpdHlfLTI3NjI4MTJICVgEaLUBiAEBmAEzuAEHyAEM2AED6AEB-AEBiAIBqAIBuAKqisLTBsACAdICJGIyYWUwNDZiLWE5YmEtNGI1Yi05MjRjLWFkYWU5NDcwN2MxM9gCAeACAQ&ucfs=1&arphpl=1&checkin=2026-08-06&checkout=2026-08-07&dest_id=-2762812&dest_type=city&group_adults=2&req_adults=2&no_rooms=1&group_children=0&req_children=0&hpos=8&hapos=869&sr_order=popularity&srpvid=ed21559515340104&srepoch=1785759186&all_sr_blocks=1610174001_431921465_2_0_0&highlighted_blocks=1610174001_431921465_2_0_0&matching_block_id=1610174001_431921465_2_0_0&sr_pri_blocks=1610174001_431921465_2_0_0__580000&from=searchresults,5800,,,Islamabad,24.7,One-Bedroom Apartment,1 double bed,0,1,1,https://cf.bstatic.com/xdata/images/hotel/square240/846064107.webp?k=554ecc5a0067aa8e2b64e590caa28acf797dffa4c000dce735370efd05a3d855&o=,4,Islamabad
Sky Park Nest,https://www.booking.com/hotel/pk/sky-park-nest.en-gb.html?aid=304142&label=gen173nr-10CAQoggJCDWNpdHlfLTI3NjI4MTJICVgEaLUBiAEBmAEzuAEHyAEM2AED6AEB-AEBiAIBqAIBuAKqisLTBsACAdICJGIyYWUwNDZiLWE5YmEtNGI1Yi05MjRjLWFkYWU5NDcwN2MxM9gCAeACAQ&ucfs=1&arphpl=1&checkin=2026-08-06&checkout=2026-08-07&dest_id=-2762812&dest_type=city&group_adults=2&req_adults=2&no_rooms=1&group_children=0&req_children=0&hpos=9&hapos=870&sr_order=popularity&srpvid=ed21559515340104&srepoch=1785759186&all_sr_blocks=1548875601_426233451_4_0_0&highlighted_blocks=1548875601_426233451_4_0_0&matching_block_id=1548875601_426233451_4_0_0&sr_pri_blocks=1548875601_426233451_4_0_0__1900000&from=searchresults,19000,9.8,5.0,Islamabad,15.4,Two-Bedroom Apartment,2 double beds,0,1,1,https://cf.bstatic.com/xdata/images/hotel/square240/794708976.webp?k=ed86eb238d3a3c44ee60b367ed3db8f2440d05450624a0c37933c569bd2c61c7&o=,4,Islamabad
The comfort Retreat,https://www.booking.com/hotel/pk/the-comfort-retreat.en-gb.html?aid=304142&label=gen173nr-10CAQoggJCDWNpdHlfLTI3NjI4MTJICVgEaLUBiAEBmAEzuAEHyAEM2AED6AEB-AEBiAIBqAIBuAKqisLTBsACAdICJGIyYWUwNDZiLWE5YmEtNGI1Yi05MjRjLWFkYWU5NDcwN2MxM9gCAeACAQ&ucfs=1&arphpl=1&checkin=2026-08-06&checkout=2026-08-07&dest_id=-2762812&dest_type=city&group_adults=2&req_adults=2&no_rooms=1&group_children=0&req_children=0&hpos=10&hapos=871&sr_order=popularity&srpvid=ed21559515340104&srepoch=1785759186&all_sr_blocks=1512583701_423009380_2_0_0&highlighted_blocks=1512583701_423009380_2_0_0&matching_block_id=1512583701_423009380_2_0_0&sr_pri_blocks=1512583701_423009380_2_0_0__684000&from=searchresults,6840,,,Islamabad,26.8,One-Bedroom Apartment,"2 beds (1 double, 1 sofa bed)",0,0,0,https://cf.bstatic.com/xdata/images/hotel/square240/765177733.webp?k=802fccf016baafc4a43fee8197eeded5f619f851c2c1d1661f8d3013879caf0a&o=,10,Islamabad
Tripple One Zero,https://www.booking.com/hotel/pk/tripple-one-zero.en-gb.html?aid=304142&label=gen173nr-10CAQoggJCDWNpdHlfLTI3NjI4MTJICVgEaLUBiAEBmAEzuAEHyAEM2AED6AEB-AEBiAIBqAIBuAKqisLTBsACAdICJGIyYWUwNDZiLWE5YmEtNGI1Yi05MjRjLWFkYWU5NDcwN2MxM9gCAeACAQ&ucfs=1&arphpl=1&checkin=2026-08-06&checkout=2026-08-07&dest_id=-2762812&dest_type=city&group_adults=2&req_adults=2&no_rooms=1&group_children=0&req_children=0&hpos=11&hapos=872&sr_order=popularity&srpvid=ed21559515340104&srepoch=1785759186&all_sr_blocks=1500617901_421726197_5_0_0&highlighted_blocks=1500617901_421726197_5_0_0&matching_block_id=1500617901_421726197_5_0_0&sr_pri_blocks=1500617901_421726197_5_0_0__700000&from=searchresults,7000,,,Islamabad,16.0,Double Room with Private Bathroom,"4 beds (3 singles, 1 double)",0,1,1,https://cf.bstatic.com/xdata/images/hotel/square240/754379316.webp?k=f854450433d4be2e4f6c218dce2df5ccffc86dad2b695e70fa49c933e3d304b9&o=,4,Islamabad
Exquisite 1BR Apartment with Terrace Near Giga Mall,https://www.booking.com/hotel/pk/exquisite-1br-apartment-with-terrace-near-giga-mall.en-gb.html?aid=304142&label=gen173nr-10CAQoggJCDWNpdHlfLTI3NjI4MTJICVgEaLUBiAEBmAEzuAEHyAEM2AED6AEB-AEBiAIBqAIBuAKqisLTBsACAdICJGIyYWUwNDZiLWE5YmEtNGI1Yi05MjRjLWFkYWU5NDcwN2MxM9gCAeACAQ&ucfs=1&arphpl=1&checkin=2026-08-06&checkout=2026-08-07&dest_id=-2762812&dest_type=city&group_adults=2&req_adults=2&no_rooms=1&group_children=0&req_children=0&hpos=12&hapos=873&sr_order=popularity&srpvid=ed21559515340104&srepoch=1785759186&all_sr_blocks=1508827201_422643882_2_0_0&highlighted_blocks=1508827201_422643882_2_0_0&matching_block_id=1508827201_422643882_2_0_0&sr_pri_blocks=1508827201_422643882_2_0_0__855000&from=searchresults,8550,,,Islamabad,24.5,One-Bedroom Apartment,"2 beds (1 extra-large double, 1 sofa bed)",0,1,1,https://cf.bstatic.com/xdata/images/hotel/square240/886979327.webp?k=d8dee46d072ccaa0c4abf65522ae385f9d5f1280b10eec69b44f2a25067044a1&o=,4,Islamabad
Luxury penthouse getaway,https://www.booking.com/hotel/pk/luxury-penthouse-getaway.en-gb.html?aid=304142&label=gen173nr-10CAQoggJCDWNpdHlfLTI3NjI4MTJICVgEaLUBiAEBmAEzuAEHyAEM2AED6AEB-AEBiAIBqAIBuAKqisLTBsACAdICJGIyYWUwNDZiLWE5YmEtNGI1Yi05MjRjLWFkYWU5NDcwN2MxM9gCAeACAQ&ucfs=1&arphpl=1&checkin=2026-08-06&checkout=2026-08-07&dest_id=-2762812&dest_type=city&group_adults=2&req_adults=2&no_rooms=1&group_children=0&req_children=0&hpos=13&hapos=874&sr_order=popularity&srpvid=ed21559515340104&srepoch=1785759186&all_sr_blocks=1542298501_425594835_2_0_0&highlighted_blocks=1542298501_425594835_2_0_0&matching_block_id=1542298501_425594835_2_0_0&sr_pri_blocks=1542298501_425594835_2_0_0__1550000&from=searchresults,15500,10,1.0,Islamabad,22.5,One-Bedroom Apartment,1 double bed,0,1,1,https://cf.bstatic.com/xdata/images/hotel/square240/789568403.webp?k=29ec33cba763cdba9d76979bdb30964aef65b5c3744510cf5f6a726e55c0c32f&o=,4,Islamabad
The loft life Ms3,https://www.booking.com/hotel/pk/the-loft-life-islamabad2.en-gb.html?aid=304142&label=gen173nr-10CAQoggJCDWNpdHlfLTI3NjI4MTJICVgEaLUBiAEBmAEzuAEHyAEM2AED6AEB-AEBiAIBqAIBuAKqisLTBsACAdICJGIyYWUwNDZiLWE5YmEtNGI1Yi05MjRjLWFkYWU5NDcwN2MxM9gCAeACAQ&ucfs=1&arphpl=1&checkin=2026-08-06&checkout=2026-08-07&dest_id=-2762812&dest_type=city&group_adults=2&req_adults=2&no_rooms=1&group_children=0&req_children=0&hpos=14&hapos=875&sr_order=popularity&srpvid=ed21559515340104&srepoch=1785759186&all_sr_blocks=1420557901_413705949_2_0_0&highlighted_blocks=1420557901_413705949_2_0_0&matching_block_id=1420557901_413705949_2_0_0&sr_pri_blocks=1420557901_413705949_2_0_0__450000&from=searchresults,4500,,,Islamabad,11.6,One-Bedroom Apartment,"2 beds (1 double, 1 sofa bed)",0,1,1,https://cf.bstatic.com/xdata/images/hotel/square240/686515558.webp?k=23622f5647c4d5f8f210797a0f9196da2ce5e9dc839c9053dd575aee819ae11c&o=,4,Islamabad
F-10 Luxury Apartment 1bed,https://www.booking.com/hotel/pk/f-10-luxury-apartment-1bed.en-gb.html?aid=304142&label=gen173nr-10CAQoggJCDWNpdHlfLTI3NjI4MTJICVgEaLUBiAEBmAEzuAEHyAEM2AED6AEB-AEBiAIBqAIBuAKqisLTBsACAdICJGIyYWUwNDZiLWE5YmEtNGI1Yi05MjRjLWFkYWU5NDcwN2MxM9gCAeACAQ&ucfs=1&arphpl=1&checkin=2026-08-06&checkout=2026-08-07&dest_id=-2762812&dest_type=city&group_adults=2&req_adults=2&no_rooms=1&group_children=0&req_children=0&hpos=15&hapos=876&sr_order=popularity&srpvid=ed21559515340104&srepoch=1785759186&all_sr_blocks=1410412301_412797502_3_0_0&highlighted_blocks=1410412301_412797502_3_0_0&matching_block_id=1410412301_412797502_3_0_0&sr_pri_blocks=1410412301_412797502_3_0_0__850000&from=searchresults,8500,,,Islamabad,8.3,One-Bedroom Apartment,"2 beds (1 double, 1 sofa bed)",0,1,1,https://cf.bstatic.com/xdata/images/hotel/square240/680325770.webp?k=7e8c3fac0e2cb297ee8e1333d45903b4a4e300f79b80cfe4a66791563b9ba2b3&o=,5,Islamabad
3 Bedroom Apartment Family Friendly,https://www.booking.com/hotel/pk/3-bedroom-apartment-family-friendly.en-gb.html?aid=304142&label=gen173nr-10CAQoggJCDWNpdHlfLTI3NjI4MTJICVgEaLUBiAEBmAEzuAEHyAEM2AED6AEB-AEBiAIBqAIBuAKqisLTBsACAdICJGIyYWUwNDZiLWE5YmEtNGI1Yi05MjRjLWFkYWU5NDcwN2MxM9gCAeACAQ&ucfs=1&arphpl=1&checkin=2026-08-06&checkout=2026-08-07&dest_id=-2762812&dest_type=city&group_adults=2&req_adults=2&no_rooms=1&group_children=0&req_children=0&hpos=16&hapos=877&sr_order=popularity&srpvid=ed21559515340104&srepoch=1785759186&all_sr_blocks=1364087901_408682374_7_0_0&highlighted_blocks=1364087901_408682374_7_0_0&matching_block_id=1364087901_408682374_7_0_0&sr_pri_blocks=1364087901_408682374_7_0_0__1500000&from=searchresults,15000,,,"E-11 Sector, Islamabad",10.9,Apartment,"2 beds (1 sofa bed, 1 large double)",0,1,1,https://cf.bstatic.com/xdata/images/hotel/square240/649636985.webp?k=9375a79bc845730d1bc00c81bef57878156cf5d05632f129335f95762282fdc0&o=,4,Islamabad
Town Hotel Islamabad,https://www.booking.com/hotel/pk/california-lodge-guest-house-islamabad.en-gb.html?aid=304142&label=gen173nr-10CAQoggJCDWNpdHlfLTI3NjI4MTJICVgEaLUBiAEBmAEzuAEHyAEM2AED6AEB-AEBiAIBqAIBuAKqisLTBsACAdICJGIyYWUwNDZiLWE5YmEtNGI1Yi05MjRjLWFkYWU5NDcwN2MxM9gCAeACAQ&ucfs=1&arphpl=1&checkin=2026-08-06&checkout=2026-08-07&dest_id=-2762812&dest_type=city&group_adults=2&req_adults=2&no_rooms=1&group_children=0&req_children=0&hpos=17&hapos=878&sr_order=popularity&srpvid=ed21559515340104&srepoch=1785759186&all_sr_blocks=1427476615_426033066_5_42_0&highlighted_blocks=1427476615_426033066_5_42_0&matching_block_id=1427476615_426033066_5_42_0&sr_pri_blocks=1427476615_426033066_5_42_0__1000000&from=searchresults,10000,9.7,4.0,"E-11 Sector, Islamabad",11.0,Economy Double or Twin Room,"3 beds (1 single, 1 extra-large double, 1 futon)",0,1,0,https://cf.bstatic.com/xdata/images/hotel/square240/817924972.webp?k=9d81c89f3315758942d401e34c495a0ab62e395a03ee87c57285754dc398f009&o=,12,Islamabad
Elysium Tower Islamabad Opposite Centaurus Mall Islamabad,https://www.booking.com/hotel/pk/sky-heights-apartments-facing-centaurus-mall-islamabad.en-gb.html?aid=304142&label=gen173nr-10CAQoggJCDWNpdHlfLTI3NjI4MTJICVgEaLUBiAEBmAEzuAEHyAEM2AED6AEB-AEBiAIBqAIBuAKqisLTBsACAdICJGIyYWUwNDZiLWE5YmEtNGI1Yi05MjRjLWFkYWU5NDcwN2MxM9gCAeACAQ&ucfs=1&arphpl=1&checkin=2026-08-06&checkout=2026-08-07&dest_id=-2762812&dest_type=city&group_adults=2&req_adults=2&no_rooms=1&group_children=0&req_children=0&hpos=18&hapos=879&sr_order=popularity&srpvid=ed21559515340104&srepoch=1785759186&all_sr_blocks=1355719802_407881897_5_0_0&highlighted_blocks=1355719802_407881897_5_0_0&matching_block_id=1355719802_407881897_5_0_0&sr_pri_blocks=1355719802_407881897_5_0_0__3800000&from=searchresults,38000,,,"Blue Area, Islamabad",4.6,Luxury Quadruple Room,2 single beds,0,1,1,https://cf.bstatic.com/xdata/images/hotel/square240/702882983.webp?k=2836ef803ffe1a8a7eebe189b94abe0d5e30a023bae5a6a1624a3e224c724167&o=,4,Islamabad
2 bed apartment Elysium tower blue area Islamabad,https://www.booking.com/hotel/pk/skyline-2br-suite-elysium-near-centaurus-mall.en-gb.html?aid=304142&label=gen173nr-10CAQoggJCDWNpdHlfLTI3NjI4MTJICVgEaLUBiAEBmAEzuAEHyAEM2AED6AEB-AEBiAIBqAIBuAKqisLTBsACAdICJGIyYWUwNDZiLWE5YmEtNGI1Yi05MjRjLWFkYWU5NDcwN2MxM9gCAeACAQ&ucfs=1&arphpl=1&checkin=2026-08-06&checkout=2026-08-07&dest_id=-2762812&dest_type=city&group_adults=2&req_adults=2&no_rooms=1&group_children=0&req_children=0&hpos=19&hapos=880&sr_order=popularity&srpvid=ed21559515340104&srepoch=1785759186&all_sr_blocks=1662076301_438078721_4_0_0&highlighted_blocks=1662076301_438078721_4_0_0&matching_block_id=1662076301_438078721_4_0_0&sr_pri_blocks=1662076301_438078721_4_0_0__2480000&from=searchresults,24800,,,"Blue Area, Islamabad",1.1,Two-Bedroom Apartment with Balcony,"3 beds (2 extra-large doubles, 1 sofa bed)",0,1,1,https://cf.bstatic.com/xdata/images/hotel/square240/887213664.webp?k=869529996e0b4d5045c63cd6065b6bb0ea0945184b9c50cf9c65b67ee3e2cc5a&o=,5,Islamabad
The Bliss Central - Elysium Tower Opp Centaurus Mall,https://www.booking.com/hotel/pk/the-bliss-central-elysium-tower-islamabad.en-gb.html?aid=304142&label=gen173nr-10CAQoggJCDWNpdHlfLTI3NjI4MTJICVgEaLUBiAEBmAEzuAEHyAEM2AED6AEB-AEBiAIBqAIBuAKqisLTBsACAdICJGIyYWUwNDZiLWE5YmEtNGI1Yi05MjRjLWFkYWU5NDcwN2MxM9gCAeACAQ&ucfs=1&arphpl=1&checkin=2026-08-06&checkout=2026-08-07&dest_id=-2762812&dest_type=city&group_adults=2&req_adults=2&no_rooms=1&group_children=0&req_children=0&hpos=20&hapos=881&sr_order=popularity&srpvid=ed21559515340104&srepoch=1785759186&all_sr_blocks=1260746801_398686134_3_0_0&highlighted_blocks=1260746801_398686134_3_0_0&matching_block_id=1260746801_398686134_3_0_0&sr_pri_blocks=1260746801_398686134_3_0_0__3705170&from=searchresults,37052,9.5,13.0,"Blue Area, Islamabad",0.7,Two-Bedroom Apartment with Balcony,2 large double beds,0,0,0,https://cf.bstatic.com/xdata/images/hotel/square240/589478216.webp?k=e889712d8d207945b4ac7924a66df9d29b3eb90a46eb94d0eb3cd72566a626c3&o=,13,Islamabad
Sundaes Home,https://www.booking.com/hotel/pk/sundaes-home.en-gb.html?aid=304142&label=gen173nr-10CAQoggJCDWNpdHlfLTI3NjI4MTJICVgEaLUBiAEBmAEzuAEHyAEM2AED6AEB-AEBiAIBqAIBuAKqisLTBsACAdICJGIyYWUwNDZiLWE5YmEtNGI1Yi05MjRjLWFkYWU5NDcwN2MxM9gCAeACAQ&ucfs=1&arphpl=1&checkin=2026-08-06&checkout=2026-08-07&dest_id=-2762812&dest_type=city&group_adults=2&req_adults=2&no_rooms=1&group_children=0&req_children=0&hpos=21&hapos=882&sr_order=popularity&srpvid=ed21559515340104&srepoch=1785759186&all_sr_blocks=1597262801_430741763_3_0_0&highlighted_blocks=1597262801_430741763_3_0_0&matching_block_id=1597262801_430741763_3_0_0&sr_pri_blocks=1597262801_430741763_3_0_0__750000&from=searchresults,7500,,,Islamabad,16.0,One-Bedroom Apartment,"3 beds (2 sofa beds, 1 large double)",0,1,1,https://cf.bstatic.com/xdata/images/hotel/square240/835290841.webp?k=77737ff5154babdb898062bc37f7e9507f0cfa76499f80eda106d88eefba9ffc&o=,4,Islamabad
Capital square b17 malti garden Islamabad,https://www.booking.com/hotel/pk/capital-square-b17-malti-garden-islamabad-islamabad1.en-gb.html?aid=304142&label=gen173nr-10CAQoggJCDWNpdHlfLTI3NjI4MTJICVgEaLUBiAEBmAEzuAEHyAEM2AED6AEB-AEBiAIBqAIBuAKqisLTBsACAdICJGIyYWUwNDZiLWE5YmEtNGI1Yi05MjRjLWFkYWU5NDcwN2MxM9gCAeACAQ&ucfs=1&arphpl=1&checkin=2026-08-06&checkout=2026-08-07&dest_id=-2762812&dest_type=city&group_adults=2&req_adults=2&no_rooms=1&group_children=0&req_children=0&hpos=22&hapos=883&sr_order=popularity&srpvid=ed21559515340104&srepoch=1785759186&all_sr_blocks=1596066701_430629285_2_0_0&highlighted_blocks=1596066701_430629285_2_0_0&matching_block_id=1596066701_430629285_2_0_0&sr_pri_blocks=1596066701_430629285_2_0_0__900000&from=searchresults,9000,,,Islamabad,25.4,One-Bedroom Apartment,"2 beds (1 double, 1 sofa bed)",0,1,1,https://cf.bstatic.com/xdata/images/hotel/square240/833909143.webp?k=860cf1ccf12498337d864094ad87fae4a2ce7b217a9edb13324ef4750d736706&o=,4,Islamabad
Modern Luxury 2BHK Apartment,https://www.booking.com/hotel/pk/modern-luxury-2bhk-apartment.en-gb.html?aid=304142&label=gen173nr-10CAQoggJCDWNpdHlfLTI3NjI4MTJICVgEaLUBiAEBmAEzuAEHyAEM2AED6AEB-AEBiAIBqAIBuAKqisLTBsACAdICJGIyYWUwNDZiLWE5YmEtNGI1Yi05MjRjLWFkYWU5NDcwN2MxM9gCAeACAQ&ucfs=1&arphpl=1&checkin=2026-08-06&checkout=2026-08-07&dest_id=-2762812&dest_type=city&group_adults=2&req_adults=2&no_rooms=1&group_children=0&req_children=0&hpos=23&hapos=884&sr_order=popularity&srpvid=ed21559515340104&srepoch=1785759186&all_sr_blocks=1658014001_437692630_6_0_0&highlighted_blocks=1658014001_437692630_6_0_0&matching_block_id=1658014001_437692630_6_0_0&sr_pri_blocks=1658014001_437692630_6_0_0__1056000&from=searchresults,10560,,,"E-11 Sector, Islamabad",10.7,Two-Bedroom Apartment,"3 beds (1 double, 2 sofa beds)",0,1,1,https://cf.bstatic.com/xdata/images/hotel/square240/877052700.webp?k=776c402660d84b88c853765406b6322197c15e12378336a21d15019d45fbce46&o=,5,Islamabad
Al-Amanah,https://www.booking.com/hotel/pk/al-amanah-islamabad6.en-gb.html?aid=304142&label=gen173nr-10CAQoggJCDWNpdHlfLTI3NjI4MTJICVgEaLUBiAEBmAEzuAEHyAEM2AED6AEB-AEBiAIBqAIBuAKqisLTBsACAdICJGIyYWUwNDZiLWE5YmEtNGI1Yi05MjRjLWFkYWU5NDcwN2MxM9gCAeACAQ&ucfs=1&arphpl=1&checkin=2026-08-06&checkout=2026-08-07&dest_id=-2762812&dest_type=city&group_adults=2&req_adults=2&no_rooms=1&group_children=0&req_children=0&hpos=24&hapos=885&sr_order=popularity&srpvid=ed21559515340104&srepoch=1785759186&all_sr_blocks=1612639301_432166528_8_0_0&highlighted_blocks=1612639301_432166528_8_0_0&matching_block_id=1612639301_432166528_8_0_0&sr_pri_blocks=1612639301_432166528_8_0_0__1300000&from=searchresults,13000,,,"E-11 Sector, Islamabad",11.9,Double Room,2 double beds,0,1,1,https://cf.bstatic.com/xdata/images/hotel/square240/848341443.webp?k=e06e057997f6deb356e666c6cdf75c980963f29546d430b3c159e125a3d7bfa9&o=,4,Islamabad
Welcome Hotel Islamabad,https://www.booking.com/hotel/pk/welcome-guest-house-islamabad.en-gb.html?aid=304142&label=gen173nr-10CAQoggJCDWNpdHlfLTI3NjI4MTJICVgEaLUBiAEBmAEzuAEHyAEM2AED6AEB-AEBiAIBqAIBuAKqisLTBsACAdICJGIyYWUwNDZiLWE5YmEtNGI1Yi05MjRjLWFkYWU5NDcwN2MxM9gCAeACAQ&ucfs=1&arphpl=1&checkin=2026-08-06&checkout=2026-08-07&dest_id=-2762812&dest_type=city&group_adults=2&req_adults=2&no_rooms=1&group_children=0&req_children=0&hpos=25&hapos=886&sr_order=popularity&srpvid=ed21559515340104&srepoch=1785759186&all_sr_blocks=813224302_413897219_2_1_0&highlighted_blocks=813224302_413897219_2_1_0&matching_block_id=813224302_413897219_2_1_0&sr_pri_blocks=813224302_413897219_2_1_0__1955000&from=searchresults,19550,7.1,37.0,"F-8 Sector, Islamabad",4.4,Deluxe King Room,1 extra-large double bed,1,1,1,https://cf.bstatic.com/xdata/images/hotel/square240/887403179.webp?k=5d6403b667886339bb05367c535c0da3890e3c8530a46324aafc81be6ee39231&o=,13,Islamabad
The Capital View Elegant 2 Bed,https://www.booking.com/hotel/pk/the-capital-view-elegant-2-bed.en-gb.html?aid=304142&label=gen173nr-10CAQoggJCDWNpdHlfLTI3NjI4MTJICVgEaLUBiAEBmAEzuAEHyAEM2AED6AEB-AEBiAIBqAIBuAKqisLTBsACAdICJGIyYWUwNDZiLWE5YmEtNGI1Yi05MjRjLWFkYWU5NDcwN2MxM9gCAeACAQ&ucfs=1&arphpl=1&checkin=2026-08-06&checkout=2026-08-07&dest_id=-2762812&dest_type=city&group_adults=2&req_adults=2&no_rooms=1&group_children=0&req_children=0&hpos=1&hapos=887&sr_order=popularity&srpvid=ed21559515340104&srepoch=1785759195&all_sr_blocks=1559782701_427079593_4_0_0&highlighted_blocks=1559782701_427079593_4_0_0&matching_block_id=1559782701_427079593_4_0_0&sr_pri_blocks=1559782701_427079593_4_0_0__1000000&from=searchresults,10000,,,"E-11 Sector, Islamabad",11.8,One-Bedroom Apartment,"3 beds (1 sofa bed, 2 large doubles)",0,1,1,https://cf.bstatic.com/xdata/images/hotel/square240/805224067.webp?k=5201cc38527fc3bc2ff6c0f009cbfef0183226bfb502f305c31fa281866601e8&o=,4,Islamabad
Third Wave Minimal 1BHR Fireplace Central,https://www.booking.com/hotel/pk/third-wave-minimal-1bhr-fireplace-central.en-gb.html?aid=304142&label=gen173nr-10CAQoggJCDWNpdHlfLTI3NjI4MTJICVgEaLUBiAEBmAEzuAEHyAEM2AED6AEB-AEBiAIBqAIBuAKqisLTBsACAdICJGIyYWUwNDZiLWE5YmEtNGI1Yi05MjRjLWFkYWU5NDcwN2MxM9gCAeACAQ&ucfs=1&arphpl=1&checkin=2026-08-06&checkout=2026-08-07&dest_id=-2762812&dest_type=city&group_adults=2&req_adults=2&no_rooms=1&group_children=0&req_children=0&hpos=2&hapos=888&sr_order=popularity&srpvid=ed21559515340104&srepoch=1785759195&all_sr_blocks=1623401201_433096388_3_0_0&highlighted_blocks=1623401201_433096388_3_0_0&matching_block_id=1623401201_433096388_3_0_0&sr_pri_blocks=1623401201_433096388_3_0_0__1800000&from=searchresults,18000,,,Islamabad,8.3,One-Bedroom Apartment,1 extra-large double bed,0,1,1,https://cf.bstatic.com/xdata/images/hotel/square240/857590365.webp?k=6b6cadb331e965c3369ef35131e8d63cb5eb96ff224fc2854c52ca4199e83084&o=,4,Islamabad
Modern Studio Apartment with Free Parking in B-17,https://www.booking.com/hotel/pk/your-homey-studio-getaway.en-gb.html?aid=304142&label=gen173nr-10CAQoggJCDWNpdHlfLTI3NjI4MTJICVgEaLUBiAEBmAEzuAEHyAEM2AED6AEB-AEBiAIBqAIBuAKqisLTBsACAdICJGIyYWUwNDZiLWE5YmEtNGI1Yi05MjRjLWFkYWU5NDcwN2MxM9gCAeACAQ&ucfs=1&arphpl=1&checkin=2026-08-06&checkout=2026-08-07&dest_id=-2762812&dest_type=city&group_adults=2&req_adults=2&no_rooms=1&group_children=0&req_children=0&hpos=3&hapos=889&sr_order=popularity&srpvid=ed21559515340104&srepoch=1785759195&all_sr_blocks=1440332001_419543938_3_0_0&highlighted_blocks=1440332001_419543938_3_0_0&matching_block_id=1440332001_419543938_3_0_0&sr_pri_blocks=1440332001_419543938_3_0_0__468000&from=searchresults,4680,,,Islamabad,25.3,Studio Apartment,"2 beds (1 extra-large double, 1 sofa bed)",0,0,0,https://cf.bstatic.com/xdata/images/hotel/square240/878483339.webp?k=84c9ce4c0b32b5070987494a0e3f465225d3e1e3eb6fe42764364d5e1638de5b&o=,12,Islamabad
Redsun villa,https://www.booking.com/hotel/pk/redsun-villa.en-gb.html?aid=304142&label=gen173nr-10CAQoggJCDWNpdHlfLTI3NjI4MTJICVgEaLUBiAEBmAEzuAEHyAEM2AED6AEB-AEBiAIBqAIBuAKqisLTBsACAdICJGIyYWUwNDZiLWE5YmEtNGI1Yi05MjRjLWFkYWU5NDcwN2MxM9gCAeACAQ&ucfs=1&arphpl=1&checkin=2026-08-06&checkout=2026-08-07&dest_id=-2762812&dest_type=city&group_adults=2&req_adults=2&no_rooms=1&group_children=0&req_children=0&hpos=4&hapos=890&sr_order=popularity&srpvid=ed21559515340104&srepoch=1785759195&all_sr_blocks=1642769201_434450063_3_0_0&highlighted_blocks=1642769201_434450063_3_0_0&matching_block_id=1642769201_434450063_3_0_0&sr_pri_blocks=1642769201_434450063_3_0_0__1000000&from=searchresults,10000,,,Islamabad,25.4,One-Bedroom Apartment,"2 beds (1 sofa bed, 1 large double)",0,1,1,https://cf.bstatic.com/xdata/images/hotel/square240/868405899.webp?k=85f73bb09b3e1253b2825ba928f270ae43fe79dbc38e243262a2b12dd0824b1e&o=,4,Islamabad
Elite corners hosting,https://www.booking.com/hotel/pk/elite-corners-hosting-islamabad.en-gb.html?aid=304142&label=gen173nr-10CAQoggJCDWNpdHlfLTI3NjI4MTJICVgEaLUBiAEBmAEzuAEHyAEM2AED6AEB-AEBiAIBqAIBuAKqisLTBsACAdICJGIyYWUwNDZiLWE5YmEtNGI1Yi05MjRjLWFkYWU5NDcwN2MxM9gCAeACAQ&ucfs=1&arphpl=1&checkin=2026-08-06&checkout=2026-08-07&dest_id=-2762812&dest_type=city&group_adults=2&req_adults=2&no_rooms=1&group_children=0&req_children=0&hpos=5&hapos=891&sr_order=popularity&srpvid=ed21559515340104&srepoch=1785759195&all_sr_blocks=1610147901_431919027_5_0_0&highlighted_blocks=1610147901_431919027_5_0_0&matching_block_id=1610147901_431919027_5_0_0&sr_pri_blocks=1610147901_431919027_5_0_0__1200000&from=searchresults,12000,,,Islamabad,24.7,Two-Bedroom Apartment,"3 beds (2 doubles, 1 sofa bed)",0,1,1,https://cf.bstatic.com/xdata/images/hotel/square240/846030871.webp?k=c0a6fd66dfbd074b4d5342772826021b1fc897c71b408df87932b98971e3fd5b&o=,4,Islamabad
Cozyncomfy,https://www.booking.com/hotel/pk/cozyncomfy.en-gb.html?aid=304142&label=gen173nr-10CAQoggJCDWNpdHlfLTI3NjI4MTJICVgEaLUBiAEBmAEzuAEHyAEM2AED6AEB-AEBiAIBqAIBuAKqisLTBsACAdICJGIyYWUwNDZiLWE5YmEtNGI1Yi05MjRjLWFkYWU5NDcwN2MxM9gCAeACAQ&ucfs=1&arphpl=1&checkin=2026-08-06&checkout=2026-08-07&dest_id=-2762812&dest_type=city&group_adults=2&req_adults=2&no_rooms=1&group_children=0&req_children=0&hpos=6&hapos=892&sr_order=popularity&srpvid=ed21559515340104&srepoch=1785759195&all_sr_blocks=1524010101_424049153_3_0_0&highlighted_blocks=1524010101_424049153_3_0_0&matching_block_id=1524010101_424049153_3_0_0&sr_pri_blocks=1524010101_424049153_3_0_0__441000&from=searchresults,4410,,,Islamabad,22.8,One-Bedroom Apartment,1 double bed,0,0,0,https://cf.bstatic.com/xdata/images/hotel/square240/774286485.webp?k=4156e0bda653dd518d502ade2dba9622498e00e98d0b6d39fb5e4c26c2a4b4c9&o=,10,Islamabad
The Designer Loft Islamabad,https://www.booking.com/hotel/pk/the-designer-loft-islamabad.en-gb.html?aid=304142&label=gen173nr-10CAQoggJCDWNpdHlfLTI3NjI4MTJICVgEaLUBiAEBmAEzuAEHyAEM2AED6AEB-AEBiAIBqAIBuAKqisLTBsACAdICJGIyYWUwNDZiLWE5YmEtNGI1Yi05MjRjLWFkYWU5NDcwN2MxM9gCAeACAQ&ucfs=1&arphpl=1&checkin=2026-08-06&checkout=2026-08-07&dest_id=-2762812&dest_type=city&group_adults=2&req_adults=2&no_rooms=1&group_children=0&req_children=0&hpos=7&hapos=893&sr_order=popularity&srpvid=ed21559515340104&srepoch=1785759195&all_sr_blocks=1533912301_424906771_3_0_0&highlighted_blocks=1533912301_424906771_3_0_0&matching_block_id=1533912301_424906771_3_0_0&sr_pri_blocks=1533912301_424906771_3_0_0__456000&from=searchresults,4560,4.0,2.0,Islamabad,26.3,One-Bedroom Apartment,1 double bed,0,1,1,https://cf.bstatic.com/xdata/images/hotel/square240/864218475.webp?k=cc53baabaa28736201e31f73f679aa3a5ef948b2fbcddd4c479dc5bfaf46395f&o=,5,Islamabad
Galaxy Ambassador Guest House Islamabad,https://www.booking.com/hotel/pk/galaxy-ambassador.en-gb.html?aid=304142&label=gen173nr-10CAQoggJCDWNpdHlfLTI3NjI4MTJICVgEaLUBiAEBmAEzuAEHyAEM2AED6AEB-AEBiAIBqAIBuAKqisLTBsACAdICJGIyYWUwNDZiLWE5YmEtNGI1Yi05MjRjLWFkYWU5NDcwN2MxM9gCAeACAQ&ucfs=1&arphpl=1&checkin=2026-08-06&checkout=2026-08-07&dest_id=-2762812&dest_type=city&group_adults=2&req_adults=2&no_rooms=1&group_children=0&req_children=0&hpos=8&hapos=894&sr_order=popularity&srpvid=ed21559515340104&srepoch=1785759195&all_sr_blocks=1126313901_385796324_0_41_0_208599&highlighted_blocks=1126313901_385796324_0_41_0_208599&matching_block_id=1126313901_385796324_0_41_0_208599&sr_pri_blocks=1126313901_385796324_0_41_0_208599_800000&from=searchresults,8000,7.7,45.0,"F-8 Sector, Islamabad",4.8,Deluxe Double Room (2 Adults + 1 Child),1 extra-large double bed,1,1,1,https://cf.bstatic.com/xdata/images/hotel/square240/517308316.webp?k=64ab65b666af74f2da7fb6c4537471b81ee3eecba9ec7f2abd0b3ca44e2f48d7&o=,12,Islamabad
Lucky 1bed E11,https://www.booking.com/hotel/pk/lucky-1bed-e11.en-gb.html?aid=304142&label=gen173nr-10CAQoggJCDWNpdHlfLTI3NjI4MTJICVgEaLUBiAEBmAEzuAEHyAEM2AED6AEB-AEBiAIBqAIBuAKqisLTBsACAdICJGIyYWUwNDZiLWE5YmEtNGI1Yi05MjRjLWFkYWU5NDcwN2MxM9gCAeACAQ&ucfs=1&arphpl=1&checkin=2026-08-06&checkout=2026-08-07&dest_id=-2762812&dest_type=city&group_adults=2&req_adults=2&no_rooms=1&group_children=0&req_children=0&hpos=9&hapos=895&sr_order=popularity&srpvid=ed21559515340104&srepoch=1785759195&all_sr_blocks=1584883501_429613428_3_0_0&highlighted_blocks=1584883501_429613428_3_0_0&matching_block_id=1584883501_429613428_3_0_0&sr_pri_blocks=1584883501_429613428_3_0_0__600000&from=searchresults,6000,,,"E-11 Sector, Islamabad",11.5,One-Bedroom Apartment,"2 beds (1 double, 1 sofa bed)",0,1,1,https://cf.bstatic.com/xdata/images/hotel/square240/826257291.webp?k=34486b4a6c8f23f0ffa13777f92b0a3439181ac577ed956ed3dde96e596b0a4c&o=,5,Islamabad
The Crimson Lounge - 3BR Apt Balcony with Basement Parking,https://www.booking.com/hotel/pk/the-crimson-lounge-3br-apt-balcony-with-basement-parking.en-gb.html?aid=304142&label=gen173nr-10CAQoggJCDWNpdHlfLTI3NjI4MTJICVgEaLUBiAEBmAEzuAEHyAEM2AED6AEB-AEBiAIBqAIBuAKqisLTBsACAdICJGIyYWUwNDZiLWE5YmEtNGI1Yi05MjRjLWFkYWU5NDcwN2MxM9gCAeACAQ&ucfs=1&arphpl=1&checkin=2026-08-06&checkout=2026-08-07&dest_id=-2762812&dest_type=city&group_adults=2&req_adults=2&no_rooms=1&group_children=0&req_children=0&hpos=10&hapos=896&sr_order=popularity&srpvid=ed21559515340104&srepoch=1785759195&all_sr_blocks=1521751101_423835351_8_0_0&highlighted_blocks=1521751101_423835351_8_0_0&matching_block_id=1521751101_423835351_8_0_0&sr_pri_blocks=1521751101_423835351_8_0_0__1850000&from=searchresults,18500,,,"E-11 Sector, Islamabad",10.9,Three-Bedroom Apartment,1 extra-large double bed,0,1,1,https://cf.bstatic.com/xdata/images/hotel/square240/772459800.webp?k=b4af8a0b494873aada5ed9554b18884f6dfee9599828a519f1879a0434e7b36a&o=,4,Islamabad
Serenity Suites By One Constitution Avenue,https://www.booking.com/hotel/pk/serenity-suites-by-one-constitution-avenue-presidential-3br-suite.en-gb.html?aid=304142&label=gen173nr-10CAQoggJCDWNpdHlfLTI3NjI4MTJICVgEaLUBiAEBmAEzuAEHyAEM2AED6AEB-AEBiAIBqAIBuAKqisLTBsACAdICJGIyYWUwNDZiLWE5YmEtNGI1Yi05MjRjLWFkYWU5NDcwN2MxM9gCAeACAQ&ucfs=1&arphpl=1&checkin=2026-08-06&checkout=2026-08-07&dest_id=-2762812&dest_type=city&group_adults=2&req_adults=2&no_rooms=1&group_children=0&req_children=0&hpos=11&hapos=897&sr_order=popularity&srpvid=ed21559515340104&srepoch=1785759195&all_sr_blocks=1651839101_437181581_6_0_0&highlighted_blocks=1651839101_437181581_6_0_0&matching_block_id=1651839101_437181581_6_0_0&sr_pri_blocks=1651839101_437181581_6_0_0__3780000&from=searchresults,37800,,,Islamabad,2.3,Three-Bedroom Apartment,"3 beds (2 extra-large doubles, 1 large double)",0,0,0,https://cf.bstatic.com/xdata/images/hotel/square240/872770482.webp?k=142f0f87794dc62b4aaf38ea1deebda5df17c1febc613aa84f558d11919564f1&o=,13,Islamabad
Sughra tower,https://www.booking.com/hotel/pk/sughra-tower.en-gb.html?aid=304142&label=gen173nr-10CAQoggJCDWNpdHlfLTI3NjI4MTJICVgEaLUBiAEBmAEzuAEHyAEM2AED6AEB-AEBiAIBqAIBuAKqisLTBsACAdICJGIyYWUwNDZiLWE5YmEtNGI1Yi05MjRjLWFkYWU5NDcwN2MxM9gCAeACAQ&ucfs=1&arphpl=1&checkin=2026-08-06&checkout=2026-08-07&dest_id=-2762812&dest_type=city&group_adults=2&req_adults=2&no_rooms=1&group_children=0&req_children=0&hpos=12&hapos=898&sr_order=popularity&srpvid=ed21559515340104&srepoch=1785759195&all_sr_blocks=1586650501_429781725_2_0_0&highlighted_blocks=1586650501_429781725_2_0_0&matching_block_id=1586650501_429781725_2_0_0&sr_pri_blocks=1586650501_429781725_2_0_0__1000000&from=searchresults,10000,8.0,1.0,Islamabad,15.4,One-Bedroom Apartment,1 large double bed,0,1,1,https://cf.bstatic.com/xdata/images/hotel/square240/827147654.webp?k=76be889983b4b2aed7b3021cafd02b0fd062b3924d65b51dd3c8cdd5528d89eb&o=,4,Islamabad
Luxury Two Bed Apartment Sugra Tower F11 Islamabad,https://www.booking.com/hotel/pk/luxury-two-bed-apartment-sugra-tower-f11-islamabad.en-gb.html?aid=304142&label=gen173nr-10CAQoggJCDWNpdHlfLTI3NjI4MTJICVgEaLUBiAEBmAEzuAEHyAEM2AED6AEB-AEBiAIBqAIBuAKqisLTBsACAdICJGIyYWUwNDZiLWE5YmEtNGI1Yi05MjRjLWFkYWU5NDcwN2MxM9gCAeACAQ&ucfs=1&arphpl=1&checkin=2026-08-06&checkout=2026-08-07&dest_id=-2762812&dest_type=city&group_adults=2&req_adults=2&no_rooms=1&group_children=0&req_children=0&hpos=13&hapos=899&sr_order=popularity&srpvid=ed21559515340104&srepoch=1785759195&all_sr_blocks=1548829101_426114352_2_0_0&highlighted_blocks=1548829101_426114352_2_0_0&matching_block_id=1548829101_426114352_2_0_0&sr_pri_blocks=1548829101_426114352_2_0_0__960000&from=searchresults,9600,,,Islamabad,11.0,Two-Bedroom Apartment,"3 beds (2 doubles, 1 sofa bed)",0,1,1,https://cf.bstatic.com/xdata/images/hotel/square240/794639657.webp?k=d144d89d9bfcfdaa3a517d105e51ba9b8dcf4b98fe3aa70a8f76e52ecf2d006f&o=,4,Islamabad
Apartment on rent,https://www.booking.com/hotel/pk/apartment-on-rent.en-gb.html?aid=304142&label=gen173nr-10CAQoggJCDWNpdHlfLTI3NjI4MTJICVgEaLUBiAEBmAEzuAEHyAEM2AED6AEB-AEBiAIBqAIBuAKqisLTBsACAdICJGIyYWUwNDZiLWE5YmEtNGI1Yi05MjRjLWFkYWU5NDcwN2MxM9gCAeACAQ&ucfs=1&arphpl=1&checkin=2026-08-06&checkout=2026-08-07&dest_id=-2762812&dest_type=city&group_adults=2&req_adults=2&no_rooms=1&group_children=0&req_children=0&hpos=14&hapos=900&sr_order=popularity&srpvid=ed21559515340104&srepoch=1785759195&all_sr_blocks=1585965001_429713267_4_0_0&highlighted_blocks=1585965001_429713267_4_0_0&matching_block_id=1585965001_429713267_4_0_0&sr_pri_blocks=1585965001_429713267_4_0_0__2000000&from=searchresults,20000,,,Islamabad,22.7,One-Bedroom Apartment,1 double bed,0,1,1,https://cf.bstatic.com/xdata/images/hotel/square240/826784958.webp?k=af8e42c4b5434f4ab8094190ad37fc99679af619d45c56443ddae53134fe0fe6&o=,4,Islamabad
Spear marketing and properties,https://www.booking.com/hotel/pk/spear-marketing-and-properties.en-gb.html?aid=304142&label=gen173nr-10CAQoggJCDWNpdHlfLTI3NjI4MTJICVgEaLUBiAEBmAEzuAEHyAEM2AED6AEB-AEBiAIBqAIBuAKqisLTBsACAdICJGIyYWUwNDZiLWE5YmEtNGI1Yi05MjRjLWFkYWU5NDcwN2MxM9gCAeACAQ&ucfs=1&arphpl=1&checkin=2026-08-06&checkout=2026-08-07&dest_id=-2762812&dest_type=city&group_adults=2&req_adults=2&no_rooms=1&group_children=0&req_children=0&hpos=15&hapos=901&sr_order=popularity&srpvid=ed21559515340104&srepoch=1785759195&all_sr_blocks=1355737101_407883112_2_0_0&highlighted_blocks=1355737101_407883112_2_0_0&matching_block_id=1355737101_407883112_2_0_0&sr_pri_blocks=1355737101_407883112_2_0_0__1215000&from=searchresults,12150,,,Islamabad,20.3,Two-Bedroom Apartment,"3 beds (1 single, 1 double, 1 sofa bed)",0,0,1,https://cf.bstatic.com/xdata/images/hotel/square240/644877685.webp?k=8c903cc1b3e64841f0931ff4dfbebd9ec7f0da3de0c9e245e63f74f08ecb52e8&o=,3,Islamabad
Element 8 Studio luxury Apartment,https://www.booking.com/hotel/pk/element-8-studio-luxury-apartment.en-gb.html?aid=304142&label=gen173nr-10CAQoggJCDWNpdHlfLTI3NjI4MTJICVgEaLUBiAEBmAEzuAEHyAEM2AED6AEB-AEBiAIBqAIBuAKqisLTBsACAdICJGIyYWUwNDZiLWE5YmEtNGI1Yi05MjRjLWFkYWU5NDcwN2MxM9gCAeACAQ&ucfs=1&arphpl=1&checkin=2026-08-06&checkout=2026-08-07&dest_id=-2762812&dest_type=city&group_adults=2&req_adults=2&no_rooms=1&group_children=0&req_children=0&hpos=16&hapos=902&sr_order=popularity&srpvid=ed21559515340104&srepoch=1785759195&all_sr_blocks=1595071401_430544902_2_0_0&highlighted_blocks=1595071401_430544902_2_0_0&matching_block_id=1595071401_430544902_2_0_0&sr_pri_blocks=1595071401_430544902_2_0_0__750000&from=searchresults,7500,,,"E-11 Sector, Islamabad",12.0,One-Bedroom Apartment,1 extra-large double bed,0,1,1,https://cf.bstatic.com/xdata/images/hotel/square240/833137085.webp?k=91fa6106b10f1321c9fceb151538c19578c02e78bb526f1361b778e4b3e352cf&o=,4,Islamabad
Serviced Apartments-Mall of Islamabad-F7,https://www.booking.com/hotel/pk/serviced-apartments-mall-of-islamabad-f7.en-gb.html?aid=304142&label=gen173nr-10CAQoggJCDWNpdHlfLTI3NjI4MTJICVgEaLUBiAEBmAEzuAEHyAEM2AED6AEB-AEBiAIBqAIBuAKqisLTBsACAdICJGIyYWUwNDZiLWE5YmEtNGI1Yi05MjRjLWFkYWU5NDcwN2MxM9gCAeACAQ&ucfs=1&arphpl=1&checkin=2026-08-06&checkout=2026-08-07&dest_id=-2762812&dest_type=city&group_adults=2&req_adults=2&no_rooms=1&group_children=0&req_children=0&hpos=17&hapos=903&sr_order=popularity&srpvid=ed21559515340104&srepoch=1785759195&all_sr_blocks=1505671901_422313468_2_0_0&highlighted_blocks=1505671901_422313468_2_0_0&matching_block_id=1505671901_422313468_2_0_0&sr_pri_blocks=1505671901_422313468_2_0_0__2800000&from=searchresults,28000,,,"Blue Area, Islamabad",3.4,One-Bedroom Apartment,1 large double bed,0,1,1,https://cf.bstatic.com/xdata/images/hotel/square240/768515350.webp?k=abdb3b6fc58c8ff9ac02104d6183ef471c5c7e0f37f2a8eb1dca52a723b087bd&o=,5,Islamabad
One Bed Apartment in One Constitution Avenue,https://www.booking.com/hotel/pk/one-bed-apartment-in-one-constitution-avenue.en-gb.html?aid=304142&label=gen173nr-10CAQoggJCDWNpdHlfLTI3NjI4MTJICVgEaLUBiAEBmAEzuAEHyAEM2AED6AEB-AEBiAIBqAIBuAKqisLTBsACAdICJGIyYWUwNDZiLWE5YmEtNGI1Yi05MjRjLWFkYWU5NDcwN2MxM9gCAeACAQ&ucfs=1&arphpl=1&checkin=2026-08-06&checkout=2026-08-07&dest_id=-2762812&dest_type=city&group_adults=2&req_adults=2&no_rooms=1&group_children=0&req_children=0&hpos=18&hapos=904&sr_order=popularity&srpvid=ed21559515340104&srepoch=1785759195&all_sr_blocks=1368025801_409048027_2_0_0&highlighted_blocks=1368025801_409048027_2_0_0&matching_block_id=1368025801_409048027_2_0_0&sr_pri_blocks=1368025801_409048027_2_0_0__1950000&from=searchresults,19500,,,Islamabad,2.2,One-Bedroom Apartment,1 double bed,0,0,1,https://cf.bstatic.com/xdata/images/hotel/square240/652008239.webp?k=ecf3737244243b6b0be42e7f5d5f96a13971465ceab2aeccc9b0117b30363a65&o=,3,Islamabad
Imperial Manor Guest House,https://www.booking.com/hotel/pk/imperial-manor-guest-house.en-gb.html?aid=304142&label=gen173nr-10CAQoggJCDWNpdHlfLTI3NjI4MTJICVgEaLUBiAEBmAEzuAEHyAEM2AED6AEB-AEBiAIBqAIBuAKqisLTBsACAdICJGIyYWUwNDZiLWE5YmEtNGI1Yi05MjRjLWFkYWU5NDcwN2MxM9gCAeACAQ&ucfs=1&arphpl=1&checkin=2026-08-06&checkout=2026-08-07&dest_id=-2762812&dest_type=city&group_adults=2&req_adults=2&no_rooms=1&group_children=0&req_children=0&hpos=19&hapos=905&sr_order=popularity&srpvid=ed21559515340104&srepoch=1785759195&all_sr_blocks=1596536501_430674667_2_0_0&highlighted_blocks=1596536501_430674667_2_0_0&matching_block_id=1596536501_430674667_2_0_0&sr_pri_blocks=1596536501_430674667_2_0_0__1200000&from=searchresults,12000,,,Islamabad,13.9,Superior King Room,1 extra-large double bed,0,1,1,https://cf.bstatic.com/xdata/images/hotel/square240/834509676.webp?k=0e669d0312fc1c569bb6d8b6b3bf7abb38a81d432b15c7f769bf08768bdbabdc&o=,12,Islamabad
Pak Domes Glamping Islamabad,https://www.booking.com/hotel/pk/pak-domes-glamping-islamabad.en-gb.html?aid=304142&label=gen173nr-10CAQoggJCDWNpdHlfLTI3NjI4MTJICVgEaLUBiAEBmAEzuAEHyAEM2AED6AEB-AEBiAIBqAIBuAKqisLTBsACAdICJGIyYWUwNDZiLWE5YmEtNGI1Yi05MjRjLWFkYWU5NDcwN2MxM9gCAeACAQ&ucfs=1&arphpl=1&checkin=2026-08-06&checkout=2026-08-07&dest_id=-2762812&dest_type=city&group_adults=2&req_adults=2&no_rooms=1&group_children=0&req_children=0&hpos=20&hapos=906&sr_order=popularity&srpvid=ed21559515340104&srepoch=1785759195&all_sr_blocks=1654745201_437399962_2_1_0&highlighted_blocks=1654745201_437399962_2_1_0&matching_block_id=1654745201_437399962_2_1_0&sr_pri_blocks=1654745201_437399962_2_1_0__1520000&from=searchresults,15200,10,1.0,Islamabad,16.2,Tent,"2 beds (1 double, 1 extra-large double)",1,1,1,https://cf.bstatic.com/xdata/images/hotel/square240/874498824.webp?k=370829a1801349173cee013d75cb11d338ea1b660f8a2f4894177488263feb0a&o=,5,Islamabad
Serenity Corner 2BHK Apt,https://www.booking.com/hotel/pk/serenity-corner-2bhk-apt.en-gb.html?aid=304142&label=gen173nr-10CAQoggJCDWNpdHlfLTI3NjI4MTJICVgEaLUBiAEBmAEzuAEHyAEM2AED6AEB-AEBiAIBqAIBuAKqisLTBsACAdICJGIyYWUwNDZiLWE5YmEtNGI1Yi05MjRjLWFkYWU5NDcwN2MxM9gCAeACAQ&ucfs=1&arphpl=1&checkin=2026-08-06&checkout=2026-08-07&dest_id=-2762812&dest_type=city&group_adults=2&req_adults=2&no_rooms=1&group_children=0&req_children=0&hpos=21&hapos=907&sr_order=popularity&srpvid=ed21559515340104&srepoch=1785759195&all_sr_blocks=1235499101_426520452_4_0_0&highlighted_blocks=1235499101_426520452_4_0_0&matching_block_id=1235499101_426520452_4_0_0&sr_pri_blocks=1235499101_426520452_4_0_0__2700000&from=searchresults,27000,8.7,3.0,Islamabad,18.3,Two-Bedroom Apartment,"3 beds (2 doubles, 1 sofa bed)",0,1,0,https://cf.bstatic.com/xdata/images/hotel/square240/574550057.webp?k=71917f38c46f582eec453882c6ac3b95d7f4219de8f618ac5e7acfe7b52979eb&o=,12,Islamabad
Skyline Central Apartments,https://www.booking.com/hotel/pk/skyline-central-apartments.en-gb.html?aid=304142&label=gen173nr-10CAQoggJCDWNpdHlfLTI3NjI4MTJICVgEaLUBiAEBmAEzuAEHyAEM2AED6AEB-AEBiAIBqAIBuAKqisLTBsACAdICJGIyYWUwNDZiLWE5YmEtNGI1Yi05MjRjLWFkYWU5NDcwN2MxM9gCAeACAQ&ucfs=1&arphpl=1&checkin=2026-08-06&checkout=2026-08-07&dest_id=-2762812&dest_type=city&group_adults=2&req_adults=2&no_rooms=1&group_children=0&req_children=0&hpos=22&hapos=908&sr_order=popularity&srpvid=ed21559515340104&srepoch=1785759195&all_sr_blocks=1588393102_429937272_2_0_0&highlighted_blocks=1588393102_429937272_2_0_0&matching_block_id=1588393102_429937272_2_0_0&sr_pri_blocks=1588393102_429937272_2_0_0__2000000&from=searchresults,20000,,,Islamabad,12.6,One-Bedroom Apartment with Balcony,1 double bed,0,1,1,https://cf.bstatic.com/xdata/images/hotel/square240/828068646.webp?k=032070732826686639cdc7d60c603c00c77dbe01eec6ff44f707fbda3d30a37f&o=,4,Islamabad
Tom's Villa House,https://www.booking.com/hotel/pk/villa-house-islamabad.en-gb.html?aid=304142&label=gen173nr-10CAQoggJCDWNpdHlfLTI3NjI4MTJICVgEaLUBiAEBmAEzuAEHyAEM2AED6AEB-AEBiAIBqAIBuAKqisLTBsACAdICJGIyYWUwNDZiLWE5YmEtNGI1Yi05MjRjLWFkYWU5NDcwN2MxM9gCAeACAQ&ucfs=1&arphpl=1&checkin=2026-08-06&checkout=2026-08-07&dest_id=-2762812&dest_type=city&group_adults=2&req_adults=2&no_rooms=1&group_children=0&req_children=0&hpos=1&hapos=909&sr_order=popularity&srpvid=ed21559515340104&srepoch=1785759204&all_sr_blocks=1484175501_419891512_2_1_0&highlighted_blocks=1484175501_419891512_2_1_0&matching_block_id=1484175501_419891512_2_1_0&sr_pri_blocks=1484175501_419891512_2_1_0__1200000&from=searchresults,12000,9.7,3.0,Islamabad,17.6,Deluxe Double Room,1 double bed,1,1,1,https://cf.bstatic.com/xdata/images/hotel/square240/742399036.webp?k=237f401db3b165870d65a79db2ae14ff9cf4ce2fa596bb6a9e317e94bbcc2e6a&o=,4,Islamabad
The Orchard Haven,https://www.booking.com/hotel/pk/the-orchard-haven.en-gb.html?aid=304142&label=gen173nr-10CAQoggJCDWNpdHlfLTI3NjI4MTJICVgEaLUBiAEBmAEzuAEHyAEM2AED6AEB-AEBiAIBqAIBuAKqisLTBsACAdICJGIyYWUwNDZiLWE5YmEtNGI1Yi05MjRjLWFkYWU5NDcwN2MxM9gCAeACAQ&ucfs=1&arphpl=1&checkin=2026-08-06&checkout=2026-08-07&dest_id=-2762812&dest_type=city&group_adults=2&req_adults=2&no_rooms=1&group_children=0&req_children=0&hpos=2&hapos=910&sr_order=popularity&srpvid=ed21559515340104&srepoch=1785759204&all_sr_blocks=1524145102_424059590_2_0_0&highlighted_blocks=1524145102_424059590_2_0_0&matching_block_id=1524145102_424059590_2_0_0&sr_pri_blocks=1524145102_424059590_2_0_0__1500000&from=searchresults,15000,,,Islamabad,6.5,Double Room with Garden View,"2 beds (1 double, 1 extra-large double)",0,1,1,https://cf.bstatic.com/xdata/images/hotel/square240/781313482.webp?k=708de803458787665560c08d62c464491b842a07b542d408034ef38d764c5e79&o=,4,Islamabad
2 Bedrooms Deluxe Family Apartment Islamabad-HS Apartments,https://www.booking.com/hotel/pk/2-bedrooms-apt-islamabad-islamabad.en-gb.html?aid=304142&label=gen173nr-10CAQoggJCDWNpdHlfLTI3NjI4MTJICVgEaLUBiAEBmAEzuAEHyAEM2AED6AEB-AEBiAIBqAIBuAKqisLTBsACAdICJGIyYWUwNDZiLWE5YmEtNGI1Yi05MjRjLWFkYWU5NDcwN2MxM9gCAeACAQ&ucfs=1&arphpl=1&checkin=2026-08-06&checkout=2026-08-07&dest_id=-2762812&dest_type=city&group_adults=2&req_adults=2&no_rooms=1&group_children=0&req_children=0&hpos=3&hapos=911&sr_order=popularity&srpvid=ed21559515340104&srepoch=1785759204&all_sr_blocks=1086638301_381702925_6_0_0_113898&highlighted_blocks=1086638301_381702925_6_0_0_113898&matching_block_id=1086638301_381702925_6_0_0_113898&sr_pri_blocks=1086638301_381702925_6_0_0_113898_1190700&from=searchresults,11907,9.6,52.0,"E-11 Sector, Islamabad",12.0,Deluxe Apartment,"4 beds (2 large doubles, 2 futons)",0,1,1,https://cf.bstatic.com/xdata/images/hotel/square240/665555345.webp?k=96e17217dcee818e8e271a5c71f899ce72e320c9f059ecca2eabcc0e9227dc5d&o=,12,Islamabad
Ayyan Cottage E 11,https://www.booking.com/hotel/pk/royal-1-cottage-islamabad.en-gb.html?aid=304142&label=gen173nr-10CAQoggJCDWNpdHlfLTI3NjI4MTJICVgEaLUBiAEBmAEzuAEHyAEM2AED6AEB-AEBiAIBqAIBuAKqisLTBsACAdICJGIyYWUwNDZiLWE5YmEtNGI1Yi05MjRjLWFkYWU5NDcwN2MxM9gCAeACAQ&ucfs=1&arphpl=1&checkin=2026-08-06&checkout=2026-08-07&dest_id=-2762812&dest_type=city&group_adults=2&req_adults=2&no_rooms=1&group_children=0&req_children=0&hpos=4&hapos=912&sr_order=popularity&srpvid=ed21559515340104&srepoch=1785759204&all_sr_blocks=1462914701_417600160_2_2_0&highlighted_blocks=1462914701_417600160_2_2_0&matching_block_id=1462914701_417600160_2_2_0&sr_pri_blocks=1462914701_417600160_2_2_0__700000&from=searchresults,7000,,,"E-11 Sector, Islamabad",11.6,Double Room,1 double bed,0,1,1,https://cf.bstatic.com/xdata/images/hotel/square240/719531055.webp?k=e9d2b5027b6bb9a8232f8b9cfe7967b36a37d655b7a916c6412d4c16964f51fa&o=,4,Islamabad
AZH Hotel & Rooms,https://www.booking.com/hotel/pk/azh-amp-rooms-islamabad.en-gb.html?aid=304142&label=gen173nr-10CAQoggJCDWNpdHlfLTI3NjI4MTJICVgEaLUBiAEBmAEzuAEHyAEM2AED6AEB-AEBiAIBqAIBuAKqisLTBsACAdICJGIyYWUwNDZiLWE5YmEtNGI1Yi05MjRjLWFkYWU5NDcwN2MxM9gCAeACAQ&ucfs=1&arphpl=1&checkin=2026-08-06&checkout=2026-08-07&dest_id=-2762812&dest_type=city&group_adults=2&req_adults=2&no_rooms=1&group_children=0&req_children=0&hpos=5&hapos=913&sr_order=popularity&srpvid=ed21559515340104&srepoch=1785759204&all_sr_blocks=1697091601_441390108_2_0_0&highlighted_blocks=1697091601_441390108_2_0_0&matching_block_id=1697091601_441390108_2_0_0&sr_pri_blocks=1697091601_441390108_2_0_0__300000&from=searchresults,3000,,,Islamabad,7.1,Double or Twin Room,2 single beds,0,1,1,https://cf.bstatic.com/xdata/images/hotel/square240/900821189.webp?k=e2d76c3f774ac4db9a5cd495d8543ec16ebcdbc15d893023b48153759eef6c6d&o=,4,Islamabad
hotel milton,https://www.booking.com/hotel/pk/milton-islamabad4.en-gb.html?aid=304142&label=gen173nr-10CAQoggJCDWNpdHlfLTI3NjI4MTJICVgEaLUBiAEBmAEzuAEHyAEM2AED6AEB-AEBiAIBqAIBuAKqisLTBsACAdICJGIyYWUwNDZiLWE5YmEtNGI1Yi05MjRjLWFkYWU5NDcwN2MxM9gCAeACAQ&ucfs=1&arphpl=1&checkin=2026-08-06&checkout=2026-08-07&dest_id=-2762812&dest_type=city&group_adults=2&req_adults=2&no_rooms=1&group_children=0&req_children=0&hpos=6&hapos=914&sr_order=popularity&srpvid=ed21559515340104&srepoch=1785759204&all_sr_blocks=1452866801_416632019_2_2_0&highlighted_blocks=1452866801_416632019_2_2_0&matching_block_id=1452866801_416632019_2_2_0&sr_pri_blocks=1452866801_416632019_2_2_0__803250&from=searchresults,8033,,,Islamabad,7.9,Deluxe King Room,1 large double bed,0,1,1,https://cf.bstatic.com/xdata/images/hotel/square240/710355157.webp?k=dd2e1440eee1884b50034f4aaee8c4f7e2d97bec8e70a62ce3fc155281488e47&o=,11,Islamabad
Three Bed Attached Bath Netflix Wifi Smart TV Parking WFH Desk Near Airport,https://www.booking.com/hotel/pk/three-bed-attached-bath-netflix-wifi-smart-tv-parking-wfh-desk-near-airport.en-gb.html?aid=304142&label=gen173nr-10CAQoggJCDWNpdHlfLTI3NjI4MTJICVgEaLUBiAEBmAEzuAEHyAEM2AED6AEB-AEBiAIBqAIBuAKqisLTBsACAdICJGIyYWUwNDZiLWE5YmEtNGI1Yi05MjRjLWFkYWU5NDcwN2MxM9gCAeACAQ&ucfs=1&arphpl=1&checkin=2026-08-06&checkout=2026-08-07&dest_id=-2762812&dest_type=city&group_adults=2&req_adults=2&no_rooms=1&group_children=0&req_children=0&hpos=7&hapos=915&sr_order=popularity&srpvid=ed21559515340104&srepoch=1785759204&all_sr_blocks=1294435201_402377816_2_0_0&highlighted_blocks=1294435201_402377816_2_0_0&matching_block_id=1294435201_402377816_2_0_0&sr_pri_blocks=1294435201_402377816_2_0_0__1040000&from=searchresults,10400,,,Islamabad,25.1,Three-Bedroom Apartment,"3 beds (2 singles, 1 sofa bed)",0,1,1,https://cf.bstatic.com/xdata/images/hotel/square240/604968295.webp?k=f4d73c85e6949f8f9a52f87e478ea544d87a460b6595d08efa5d5522f8e1bfa7&o=,12,Islamabad
"Modern Studio Apartment, Block A Multi Gardens B17",https://www.booking.com/hotel/pk/modern-studio-apartment-block-a-multi-gardens-b17.en-gb.html?aid=304142&label=gen173nr-10CAQoggJCDWNpdHlfLTI3NjI4MTJICVgEaLUBiAEBmAEzuAEHyAEM2AED6AEB-AEBiAIBqAIBuAKqisLTBsACAdICJGIyYWUwNDZiLWE5YmEtNGI1Yi05MjRjLWFkYWU5NDcwN2MxM9gCAeACAQ&ucfs=1&arphpl=1&checkin=2026-08-06&checkout=2026-08-07&dest_id=-2762812&dest_type=city&group_adults=2&req_adults=2&no_rooms=1&group_children=0&req_children=0&hpos=8&hapos=916&sr_order=popularity&srpvid=ed21559515340104&srepoch=1785759204&all_sr_blocks=1590418301_430143430_3_0_0&highlighted_blocks=1590418301_430143430_3_0_0&matching_block_id=1590418301_430143430_3_0_0&sr_pri_blocks=1590418301_430143430_3_0_0__550000&from=searchresults,5500,,,Islamabad,24.9,One-Bedroom Apartment,1 double bed,0,1,1,https://cf.bstatic.com/xdata/images/hotel/square240/830009765.webp?k=2d70cb5226024ac94ff2756dbcbf88dc5ff852c3497cd0c66faa21f010c5f789&o=,4,Islamabad
Sarai Inn,https://www.booking.com/hotel/pk/sarai-inn.en-gb.html?aid=304142&label=gen173nr-10CAQoggJCDWNpdHlfLTI3NjI4MTJICVgEaLUBiAEBmAEzuAEHyAEM2AED6AEB-AEBiAIBqAIBuAKqisLTBsACAdICJGIyYWUwNDZiLWE5YmEtNGI1Yi05MjRjLWFkYWU5NDcwN2MxM9gCAeACAQ&ucfs=1&arphpl=1&checkin=2026-08-06&checkout=2026-08-07&dest_id=-2762812&dest_type=city&group_adults=2&req_adults=2&no_rooms=1&group_children=0&req_children=0&hpos=9&hapos=917&sr_order=popularity&srpvid=ed21559515340104&srepoch=1785759204&all_sr_blocks=1462924501_417601187_2_0_0&highlighted_blocks=1462924501_417601187_2_0_0&matching_block_id=1462924501_417601187_2_0_0&sr_pri_blocks=1462924501_417601187_2_0_0__500000&from=searchresults,5000,,,Islamabad,11.0,King Room,1 large double bed,0,1,1,https://cf.bstatic.com/xdata/images/hotel/square240/719563365.webp?k=eecb138783148dfa877e6c409d5f046e32cb9ba16f7487c275c7b40db746ec68&o=,4,Islamabad
Elysium Executive 2BR Apartment 3 AC With City View,https://www.booking.com/hotel/pk/elysium-executive-2br-apartment-3-ac-with-city-view.en-gb.html?aid=304142&label=gen173nr-10CAQoggJCDWNpdHlfLTI3NjI4MTJICVgEaLUBiAEBmAEzuAEHyAEM2AED6AEB-AEBiAIBqAIBuAKqisLTBsACAdICJGIyYWUwNDZiLWE5YmEtNGI1Yi05MjRjLWFkYWU5NDcwN2MxM9gCAeACAQ&ucfs=1&arphpl=1&checkin=2026-08-06&checkout=2026-08-07&dest_id=-2762812&dest_type=city&group_adults=2&req_adults=2&no_rooms=1&group_children=0&req_children=0&hpos=10&hapos=918&sr_order=popularity&srpvid=ed21559515340104&srepoch=1785759204&all_sr_blocks=1694895301_441150688_6_0_0&highlighted_blocks=1694895301_441150688_6_0_0&matching_block_id=1694895301_441150688_6_0_0&sr_pri_blocks=1694895301_441150688_6_0_0__1904000&from=searchresults,19040,,,"Blue Area, Islamabad",4.6,One-Bedroom Apartment,"3 beds (2 extra-large doubles, 1 sofa bed)",0,1,1,https://cf.bstatic.com/xdata/images/hotel/square240/899455406.webp?k=f5e618c00c43a2ca0e74a734a1d6a0392e7972803ea31ee317eada347c47601e&o=,5,Islamabad
Comfortable Private Room in diplomatic Enclave Near US Embassy,https://www.booking.com/hotel/pk/comfortable-private-room-in-diplomatic-enclave-near-us-embassy.en-gb.html?aid=304142&label=gen173nr-10CAQoggJCDWNpdHlfLTI3NjI4MTJICVgEaLUBiAEBmAEzuAEHyAEM2AED6AEB-AEBiAIBqAIBuAKqisLTBsACAdICJGIyYWUwNDZiLWE5YmEtNGI1Yi05MjRjLWFkYWU5NDcwN2MxM9gCAeACAQ&ucfs=1&arphpl=1&checkin=2026-08-06&checkout=2026-08-07&dest_id=-2762812&dest_type=city&group_adults=2&req_adults=2&no_rooms=1&group_children=0&req_children=0&hpos=11&hapos=919&sr_order=popularity&srpvid=ed21559515340104&srepoch=1785759204&all_sr_blocks=1666347701_438461679_2_0_0&highlighted_blocks=1666347701_438461679_2_0_0&matching_block_id=1666347701_438461679_2_0_0&sr_pri_blocks=1666347701_438461679_2_0_0__1087932&from=searchresults,10879,,,Islamabad,2.7,One-Bedroom Apartment,1 double bed,0,1,1,https://cf.bstatic.com/xdata/images/hotel/square240/882633164.webp?k=0e0c83173e9bf2b31ca12181940a9eba73049d097b8c28ddb0a4a646bd5d2c86&o=,6,Islamabad
1 BHK with balcony Netflix Amazon Youtube Premium Included,https://www.booking.com/hotel/pk/your-home-away-from-home-islamabad.en-gb.html?aid=304142&label=gen173nr-10CAQoggJCDWNpdHlfLTI3NjI4MTJICVgEaLUBiAEBmAEzuAEHyAEM2AED6AEB-AEBiAIBqAIBuAKqisLTBsACAdICJGIyYWUwNDZiLWE5YmEtNGI1Yi05MjRjLWFkYWU5NDcwN2MxM9gCAeACAQ&ucfs=1&arphpl=1&checkin=2026-08-06&checkout=2026-08-07&dest_id=-2762812&dest_type=city&group_adults=2&req_adults=2&no_rooms=1&group_children=0&req_children=0&hpos=12&hapos=920&sr_order=popularity&srpvid=ed21559515340104&srepoch=1785759204&all_sr_blocks=1420444101_419549266_2_0_0&highlighted_blocks=1420444101_419549266_2_0_0&matching_block_id=1420444101_419549266_2_0_0&sr_pri_blocks=1420444101_419549266_2_0_0__349920&from=searchresults,3499,10,1.0,Islamabad,24.7,One-Bedroom Apartment,1 double bed,0,0,1,https://cf.bstatic.com/xdata/images/hotel/square240/881376699.webp?k=060b57b0638ffd46d9f5e05007007eb768af97da2d8b5cec470359b060973475&o=,4,Islamabad
Comforts stay 2BHK,https://www.booking.com/hotel/pk/comforts-stay-2bhk.en-gb.html?aid=304142&label=gen173nr-10CAQoggJCDWNpdHlfLTI3NjI4MTJICVgEaLUBiAEBmAEzuAEHyAEM2AED6AEB-AEBiAIBqAIBuAKqisLTBsACAdICJGIyYWUwNDZiLWE5YmEtNGI1Yi05MjRjLWFkYWU5NDcwN2MxM9gCAeACAQ&ucfs=1&arphpl=1&checkin=2026-08-06&checkout=2026-08-07&dest_id=-2762812&dest_type=city&group_adults=2&req_adults=2&no_rooms=1&group_children=0&req_children=0&hpos=13&hapos=921&sr_order=popularity&srpvid=ed21559515340104&srepoch=1785759204&all_sr_blocks=1564670301_427567005_6_0_0&highlighted_blocks=1564670301_427567005_6_0_0&matching_block_id=1564670301_427567005_6_0_0&sr_pri_blocks=1564670301_427567005_6_0_0__1400000&from=searchresults,14000,,,Islamabad,14.0,Two-Bedroom Apartment,"3 beds (1 double, 1 extra-large double, 1 sofa bed)",0,1,1,https://cf.bstatic.com/xdata/images/hotel/square240/809049940.webp?k=a55f7b1ef538b5ad456a55f4108559f4a59ed864ac93e576825ce3be1acb3bf3&o=,4,Islamabad
Apartment for Rent,https://www.booking.com/hotel/pk/apartment-for-rent-islamabad1.en-gb.html?aid=304142&label=gen173nr-10CAQoggJCDWNpdHlfLTI3NjI4MTJICVgEaLUBiAEBmAEzuAEHyAEM2AED6AEB-AEBiAIBqAIBuAKqisLTBsACAdICJGIyYWUwNDZiLWE5YmEtNGI1Yi05MjRjLWFkYWU5NDcwN2MxM9gCAeACAQ&ucfs=1&arphpl=1&checkin=2026-08-06&checkout=2026-08-07&dest_id=-2762812&dest_type=city&group_adults=2&req_adults=2&no_rooms=1&group_children=0&req_children=0&hpos=14&hapos=922&sr_order=popularity&srpvid=ed21559515340104&srepoch=1785759204&all_sr_blocks=1334427901_405923486_10_0_0&highlighted_blocks=1334427901_405923486_10_0_0&matching_block_id=1334427901_405923486_10_0_0&sr_pri_blocks=1334427901_405923486_10_0_0__2200000&from=searchresults,22000,,,Islamabad,11.0,One-Bedroom Apartment,"4 beds (1 double, 1 extra-large double, 1 sofa bed, 1 large double)",0,0,1,https://cf.bstatic.com/xdata/images/hotel/square240/631540259.webp?k=c4181a9b6f98b9e19bee9d25c219629bc7f1af7f0add4bd796fe9efded56e0b5&o=,3,Islamabad
Capital Grace Residence,https://www.booking.com/hotel/pk/capital-grace-residence.en-gb.html?aid=304142&label=gen173nr-10CAQoggJCDWNpdHlfLTI3NjI4MTJICVgEaLUBiAEBmAEzuAEHyAEM2AED6AEB-AEBiAIBqAIBuAKqisLTBsACAdICJGIyYWUwNDZiLWE5YmEtNGI1Yi05MjRjLWFkYWU5NDcwN2MxM9gCAeACAQ&ucfs=1&arphpl=1&checkin=2026-08-06&checkout=2026-08-07&dest_id=-2762812&dest_type=city&group_adults=2&req_adults=2&no_rooms=1&group_children=0&req_children=0&hpos=15&hapos=923&sr_order=popularity&srpvid=ed21559515340104&srepoch=1785759204&all_sr_blocks=1540854101_425487959_12_0_0&highlighted_blocks=1540854101_425487959_12_0_0&matching_block_id=1540854101_425487959_12_0_0&sr_pri_blocks=1540854101_425487959_12_0_0__3800000&from=searchresults,38000,,,Islamabad,19.5,Five-Bedroom House,5 large double beds,0,1,1,https://cf.bstatic.com/xdata/images/hotel/square240/788360533.webp?k=68b5628488cf7479013e8909636f23b4de29dd2d9be4e1b187115cf7406d19bc&o=,4,Islamabad
Musafir manzil,https://www.booking.com/hotel/pk/musafir-manzil.en-gb.html?aid=304142&label=gen173nr-10CAQoggJCDWNpdHlfLTI3NjI4MTJICVgEaLUBiAEBmAEzuAEHyAEM2AED6AEB-AEBiAIBqAIBuAKqisLTBsACAdICJGIyYWUwNDZiLWE5YmEtNGI1Yi05MjRjLWFkYWU5NDcwN2MxM9gCAeACAQ&ucfs=1&arphpl=1&checkin=2026-08-06&checkout=2026-08-07&dest_id=-2762812&dest_type=city&group_adults=2&req_adults=2&no_rooms=1&group_children=0&req_children=0&hpos=16&hapos=924&sr_order=popularity&srpvid=ed21559515340104&srepoch=1785759204&all_sr_blocks=1652133901_437198829_5_0_0&highlighted_blocks=1652133901_437198829_5_0_0&matching_block_id=1652133901_437198829_5_0_0&sr_pri_blocks=1652133901_437198829_5_0_0__800000&from=searchresults,8000,,,"E-11 Sector, Islamabad",11.7,One-Bedroom Apartment,"3 beds (2 doubles, 1 sofa bed)",0,1,1,https://cf.bstatic.com/xdata/images/hotel/square240/873008069.webp?k=2b8339fbdff6105129e3cf5751423baca6bb5390386b8371e195b804ea9fab6e&o=,5,Islamabad
Rayyan Retreat,https://www.booking.com/hotel/pk/rayyan-retreat-islamabad.en-gb.html?aid=304142&label=gen173nr-10CAQoggJCDWNpdHlfLTI3NjI4MTJICVgEaLUBiAEBmAEzuAEHyAEM2AED6AEB-AEBiAIBqAIBuAKqisLTBsACAdICJGIyYWUwNDZiLWE5YmEtNGI1Yi05MjRjLWFkYWU5NDcwN2MxM9gCAeACAQ&ucfs=1&arphpl=1&checkin=2026-08-06&checkout=2026-08-07&dest_id=-2762812&dest_type=city&group_adults=2&req_adults=2&no_rooms=1&group_children=0&req_children=0&hpos=17&hapos=925&sr_order=popularity&srpvid=ed21559515340104&srepoch=1785759204&all_sr_blocks=1136988505_404936718_2_0_0&highlighted_blocks=1136988505_404936718_2_0_0&matching_block_id=1136988505_404936718_2_0_0&sr_pri_blocks=1136988505_404936718_2_0_0__490050&from=searchresults,4901,3.0,1.0,Islamabad,11.7,Apartment with Balcony,1 large double bed,0,1,0,https://cf.bstatic.com/xdata/images/hotel/square240/751552818.webp?k=44c54e7b72fcde2e058667b34807d7794a671be821ee8573d089632220c4d579&o=,3,Islamabad
Capital Grace Guest House,https://www.booking.com/hotel/pk/capital-grace-house.en-gb.html?aid=304142&label=gen173nr-10CAQoggJCDWNpdHlfLTI3NjI4MTJICVgEaLUBiAEBmAEzuAEHyAEM2AED6AEB-AEBiAIBqAIBuAKqisLTBsACAdICJGIyYWUwNDZiLWE5YmEtNGI1Yi05MjRjLWFkYWU5NDcwN2MxM9gCAeACAQ&ucfs=1&arphpl=1&checkin=2026-08-06&checkout=2026-08-07&dest_id=-2762812&dest_type=city&group_adults=2&req_adults=2&no_rooms=1&group_children=0&req_children=0&hpos=18&hapos=926&sr_order=popularity&srpvid=ed21559515340104&srepoch=1785759204&all_sr_blocks=1540414101_425446021_2_0_0&highlighted_blocks=1540414101_425446021_2_0_0&matching_block_id=1540414101_425446021_2_0_0&sr_pri_blocks=1540414101_425446021_2_0_0__750000&from=searchresults,7500,7.5,2.0,Islamabad,19.5,Deluxe Room,1 large double bed,0,1,1,https://cf.bstatic.com/xdata/images/hotel/square240/787964265.webp?k=367420bc4f3fff34afb315cb728179669cb6710469d036324a7e3b1020986439&o=,4,Islamabad
Margalla Hills View Apartment Islamabad,https://www.booking.com/hotel/pk/margalla-hills-view-apartment.en-gb.html?aid=304142&label=gen173nr-10CAQoggJCDWNpdHlfLTI3NjI4MTJICVgEaLUBiAEBmAEzuAEHyAEM2AED6AEB-AEBiAIBqAIBuAKqisLTBsACAdICJGIyYWUwNDZiLWE5YmEtNGI1Yi05MjRjLWFkYWU5NDcwN2MxM9gCAeACAQ&ucfs=1&arphpl=1&checkin=2026-08-06&checkout=2026-08-07&dest_id=-2762812&dest_type=city&group_adults=2&req_adults=2&no_rooms=1&group_children=0&req_children=0&hpos=19&hapos=927&sr_order=popularity&srpvid=ed21559515340104&srepoch=1785759204&all_sr_blocks=1477493501_419199705_4_0_0&highlighted_blocks=1477493501_419199705_4_0_0&matching_block_id=1477493501_419199705_4_0_0&sr_pri_blocks=1477493501_419199705_4_0_0__2100000&from=searchresults,21000,,,Islamabad,12.4,One-Bedroom Apartment,1 extra-large double bed,0,1,1,https://cf.bstatic.com/xdata/images/hotel/square240/878258973.webp?k=beaf93f0dca6e1cd75a570cfe17c7069af03bb9c6311c7554a965dc3d0b67485&o=,4,Islamabad
"Sleek, contemporary 3-bed home with scenic views",https://www.booking.com/hotel/pk/sleek-contemporary-3-bed-home-with-scenic-views.en-gb.html?aid=304142&label=gen173nr-10CAQoggJCDWNpdHlfLTI3NjI4MTJICVgEaLUBiAEBmAEzuAEHyAEM2AED6AEB-AEBiAIBqAIBuAKqisLTBsACAdICJGIyYWUwNDZiLWE5YmEtNGI1Yi05MjRjLWFkYWU5NDcwN2MxM9gCAeACAQ&ucfs=1&arphpl=1&checkin=2026-08-06&checkout=2026-08-07&dest_id=-2762812&dest_type=city&group_adults=2&req_adults=2&no_rooms=1&group_children=0&req_children=0&hpos=20&hapos=928&sr_order=popularity&srpvid=ed21559515340104&srepoch=1785759204&all_sr_blocks=1655328301_437458389_8_0_0&highlighted_blocks=1655328301_437458389_8_0_0&matching_block_id=1655328301_437458389_8_0_0&sr_pri_blocks=1655328301_437458389_8_0_0__3200000&from=searchresults,32000,,,"G-8 Sector, Islamabad",5.1,Three-Bedroom House,1 extra-large double bed,0,1,1,https://cf.bstatic.com/xdata/images/hotel/square240/874996496.webp?k=e1221f65d1a8482f5d2e9311aa010d88442dcb34f9e515b032e7326de717529a&o=,6,Islamabad
One BHK luxury furnished apartment to stay,https://www.booking.com/hotel/pk/one-bhk-luxury-furnished-apartment-to-stay.en-gb.html?aid=304142&label=gen173nr-10CAQoggJCDWNpdHlfLTI3NjI4MTJICVgEaLUBiAEBmAEzuAEHyAEM2AED6AEB-AEBiAIBqAIBuAKqisLTBsACAdICJGIyYWUwNDZiLWE5YmEtNGI1Yi05MjRjLWFkYWU5NDcwN2MxM9gCAeACAQ&ucfs=1&arphpl=1&checkin=2026-08-06&checkout=2026-08-07&dest_id=-2762812&dest_type=city&group_adults=2&req_adults=2&no_rooms=1&group_children=0&req_children=0&hpos=21&hapos=929&sr_order=popularity&srpvid=ed21559515340104&srepoch=1785759204&all_sr_blocks=1528502601_424416359_3_0_0&highlighted_blocks=1528502601_424416359_3_0_0&matching_block_id=1528502601_424416359_3_0_0&sr_pri_blocks=1528502601_424416359_3_0_0__950000&from=searchresults,9500,,,"E-11 Sector, Islamabad",11.4,Two-Bedroom Apartment,"4 beds (1 double, 1 sofa bed, 2 futons)",0,1,1,https://cf.bstatic.com/xdata/images/hotel/square240/778143967.webp?k=7ce5f2b0d1d148c9c4c4183678aae7d83eab99fd791a736fbc16e92a84b381c9&o=,4,Islamabad
Grand Regency,https://www.booking.com/hotel/pk/grand-regency-islamabad2.en-gb.html?aid=304142&label=gen173nr-10CAQoggJCDWNpdHlfLTI3NjI4MTJICVgEaLUBiAEBmAEzuAEHyAEM2AED6AEB-AEBiAIBqAIBuAKqisLTBsACAdICJGIyYWUwNDZiLWE5YmEtNGI1Yi05MjRjLWFkYWU5NDcwN2MxM9gCAeACAQ&ucfs=1&arphpl=1&checkin=2026-08-06&checkout=2026-08-07&dest_id=-2762812&dest_type=city&group_adults=2&req_adults=2&no_rooms=1&group_children=0&req_children=0&hpos=22&hapos=930&sr_order=popularity&srpvid=ed21559515340104&srepoch=1785759204&all_sr_blocks=1247667801_0_2_0_0&highlighted_blocks=1247667801_0_2_0_0&matching_block_id=1247667801_0_2_0_0&sr_pri_blocks=1247667801_0_2_0_0__1713407&from=searchresults,17134,10,1.0,Islamabad,4.4,Deluxe Room,Beds: 1 double or 2 singles,0,0,0,https://cf.bstatic.com/xdata/images/hotel/square240/752799849.webp?k=b3c7f77a5d943e0e19e4a375c6ca9cb7f79050dcca1eba9a770348bec9dd4451&o=,8,Islamabad
Studio Murree facing apartment In Bahria Enclave,https://www.booking.com/hotel/pk/studio-murree-facing-apartment-in-bahria-enclave.en-gb.html?aid=304142&label=gen173nr-10CAQoggJCDWNpdHlfLTI3NjI4MTJICVgEaLUBiAEBmAEzuAEHyAEM2AED6AEB-AEBiAIBqAIBuAKqisLTBsACAdICJGIyYWUwNDZiLWE5YmEtNGI1Yi05MjRjLWFkYWU5NDcwN2MxM9gCAeACAQ&ucfs=1&arphpl=1&checkin=2026-08-06&checkout=2026-08-07&dest_id=-2762812&dest_type=city&group_adults=2&req_adults=2&no_rooms=1&group_children=0&req_children=0&hpos=23&hapos=931&sr_order=popularity&srpvid=ed21559515340104&srepoch=1785759204&all_sr_blocks=1356914801_408025124_0_0_0&highlighted_blocks=1356914801_408025124_0_0_0&matching_block_id=1356914801_408025124_0_0_0&sr_pri_blocks=1356914801_408025124_0_0_0__935000&from=searchresults,9350,,,Islamabad,11.9,One-Bedroom Apartment,1 extra-large double bed,0,1,1,https://cf.bstatic.com/xdata/images/hotel/square240/645536107.webp?k=43711fd2db9d54f3e8e0a3c8eb746baf7181e27fee4a8ee85ddd0bc9de263084&o=,4,Islamabad
Cozy Inn,https://www.booking.com/hotel/pk/cozy-inn-islamabad1.en-gb.html?aid=304142&label=gen173nr-10CAQoggJCDWNpdHlfLTI3NjI4MTJICVgEaLUBiAEBmAEzuAEHyAEM2AED6AEB-AEBiAIBqAIBuAKqisLTBsACAdICJGIyYWUwNDZiLWE5YmEtNGI1Yi05MjRjLWFkYWU5NDcwN2MxM9gCAeACAQ&ucfs=1&arphpl=1&checkin=2026-08-06&checkout=2026-08-07&dest_id=-2762812&dest_type=city&group_adults=2&req_adults=2&no_rooms=1&group_children=0&req_children=0&hpos=24&hapos=932&sr_order=popularity&srpvid=ed21559515340104&srepoch=1785759204&all_sr_blocks=1489071501_420560024_3_0_0&highlighted_blocks=1489071501_420560024_3_0_0&matching_block_id=1489071501_420560024_3_0_0&sr_pri_blocks=1489071501_420560024_3_0_0__550000&from=searchresults,5500,,,Islamabad,10.9,One-Bedroom Apartment,"2 beds (1 double, 1 sofa bed)",0,1,1,https://cf.bstatic.com/xdata/images/hotel/square240/742370139.webp?k=72785408affd7d214e021f093d1c210e42a19ea4ede3754d05e8363d6255c702&o=,4,Islamabad
2 Bed luxury Appartment For Rent Hotel Al-Amanah,https://www.booking.com/hotel/pk/2-bed-luxury-appartment-for-rent-al-amanah.en-gb.html?aid=304142&label=gen173nr-10CAQoggJCDWNpdHlfLTI3NjI4MTJICVgEaLUBiAEBmAEzuAEHyAEM2AED6AEB-AEBiAIBqAIBuAKqisLTBsACAdICJGIyYWUwNDZiLWE5YmEtNGI1Yi05MjRjLWFkYWU5NDcwN2MxM9gCAeACAQ&ucfs=1&arphpl=1&checkin=2026-08-06&checkout=2026-08-07&dest_id=-2762812&dest_type=city&group_adults=2&req_adults=2&no_rooms=1&group_children=0&req_children=0&hpos=25&hapos=933&sr_order=popularity&srpvid=ed21559515340104&srepoch=1785759204&all_sr_blocks=1362125501_409773264_2_0_0&highlighted_blocks=1362125501_409773264_2_0_0&matching_block_id=1362125501_409773264_2_0_0&sr_pri_blocks=1362125501_409773264_2_0_0__1275000&from=searchresults,12750,,,"G-8 Sector, Islamabad",5.2,Two-Bedroom Apartment,2 double beds,0,1,1,https://cf.bstatic.com/xdata/images/hotel/square240/648535821.webp?k=c87cdc0e9f70fb6ea44321addaa56bb7b467068091dfad776b799a4d591e3992&o=,4,Islamabad
Orchid Suites Apartments,https://www.booking.com/hotel/pk/orchid-suites-apartments.en-gb.html?aid=304142&label=gen173nr-10CAQoggJCDWNpdHlfLTI3NjI4MTJICVgEaLUBiAEBmAEzuAEHyAEM2AED6AEB-AEBiAIBqAIBuAKqisLTBsACAdICJGIyYWUwNDZiLWE5YmEtNGI1Yi05MjRjLWFkYWU5NDcwN2MxM9gCAeACAQ&ucfs=1&arphpl=1&checkin=2026-08-06&checkout=2026-08-07&dest_id=-2762812&dest_type=city&group_adults=2&req_adults=2&no_rooms=1&group_children=0&req_children=0&hpos=1&hapos=934&sr_order=popularity&srpvid=ed21559515340104&srepoch=1785759214&all_sr_blocks=1687985901_440457258_3_0_0&highlighted_blocks=1687985901_440457258_3_0_0&matching_block_id=1687985901_440457258_3_0_0&sr_pri_blocks=1687985901_440457258_3_0_0__557600&from=searchresults,5576,,,"E-11 Sector, Islamabad",11.4,One-Bedroom Apartment,"2 beds (1 double, 1 sofa bed)",0,1,1,https://cf.bstatic.com/xdata/images/hotel/square240/894516128.webp?k=b04471c2ef604775debf097bb17138fea5aefd4d2c3c4279d34f31a9a35afea6&o=,5,Islamabad
The Oasis Home,https://www.booking.com/hotel/pk/the-oasis-home.en-gb.html?aid=304142&label=gen173nr-10CAQoggJCDWNpdHlfLTI3NjI4MTJICVgEaLUBiAEBmAEzuAEHyAEM2AED6AEB-AEBiAIBqAIBuAKqisLTBsACAdICJGIyYWUwNDZiLWE5YmEtNGI1Yi05MjRjLWFkYWU5NDcwN2MxM9gCAeACAQ&ucfs=1&arphpl=1&checkin=2026-08-06&checkout=2026-08-07&dest_id=-2762812&dest_type=city&group_adults=2&req_adults=2&no_rooms=1&group_children=0&req_children=0&hpos=2&hapos=935&sr_order=popularity&srpvid=ed21559515340104&srepoch=1785759214&all_sr_blocks=1408423601_412617640_2_0_0&highlighted_blocks=1408423601_412617640_2_0_0&matching_block_id=1408423601_412617640_2_0_0&sr_pri_blocks=1408423601_412617640_2_0_0__1215000&from=searchresults,12150,,,Islamabad,8.9,One-Bedroom House,"2 beds (1 double, 1 sofa bed)",0,1,1,https://cf.bstatic.com/xdata/images/hotel/square240/679260116.webp?k=15cc1212b25facb9a5d5b6d9f906fcbffea684ca24a7d758b0cf81571b32ff0e&o=,4,Islamabad
Comfy stay near Giga and zeta Mall,https://www.booking.com/hotel/pk/comfy-stay-near-giga-and-zeta-mall.en-gb.html?aid=304142&label=gen173nr-10CAQoggJCDWNpdHlfLTI3NjI4MTJICVgEaLUBiAEBmAEzuAEHyAEM2AED6AEB-AEBiAIBqAIBuAKqisLTBsACAdICJGIyYWUwNDZiLWE5YmEtNGI1Yi05MjRjLWFkYWU5NDcwN2MxM9gCAeACAQ&ucfs=1&arphpl=1&checkin=2026-08-06&checkout=2026-08-07&dest_id=-2762812&dest_type=city&group_adults=2&req_adults=2&no_rooms=1&group_children=0&req_children=0&hpos=3&hapos=936&sr_order=popularity&srpvid=ed21559515340104&srepoch=1785759214&all_sr_blocks=1633393401_433807162_4_0_0&highlighted_blocks=1633393401_433807162_4_0_0&matching_block_id=1633393401_433807162_4_0_0&sr_pri_blocks=1633393401_433807162_4_0_0__960000&from=searchresults,9600,,,Islamabad,24.5,One-Bedroom Apartment,"2 beds (1 double, 1 sofa bed)",0,1,1,https://cf.bstatic.com/xdata/images/hotel/square240/863120869.webp?k=820ac477badff34eacc5ac3dd3397d4bb67f76794e76cad98f1bc637bb893504&o=,5,Islamabad
Serene Nest,https://www.booking.com/hotel/pk/serene-nest.en-gb.html?aid=304142&label=gen173nr-10CAQoggJCDWNpdHlfLTI3NjI4MTJICVgEaLUBiAEBmAEzuAEHyAEM2AED6AEB-AEBiAIBqAIBuAKqisLTBsACAdICJGIyYWUwNDZiLWE5YmEtNGI1Yi05MjRjLWFkYWU5NDcwN2MxM9gCAeACAQ&ucfs=1&arphpl=1&checkin=2026-08-06&checkout=2026-08-07&dest_id=-2762812&dest_type=city&group_adults=2&req_adults=2&no_rooms=1&group_children=0&req_children=0&hpos=4&hapos=937&sr_order=popularity&srpvid=ed21559515340104&srepoch=1785759214&all_sr_blocks=1368994601_409127769_2_0_0&highlighted_blocks=1368994601_409127769_2_0_0&matching_block_id=1368994601_409127769_2_0_0&sr_pri_blocks=1368994601_409127769_2_0_0__1440000&from=searchresults,14400,,,Islamabad,11.2,Two-Bedroom Apartment,"4 beds (2 singles, 1 double, 1 sofa bed)",0,0,1,https://cf.bstatic.com/xdata/images/hotel/square240/652634771.webp?k=6b2ae49ec8a70cca2c5bff361692afd9aa88cc2784477bbccb91714b16b9bf0a&o=,3,Islamabad
"Modern 1BR AIR Conditioned Apartment, Cozy",https://www.booking.com/hotel/pk/modern-1br-air-conditioned-apartment-cozy.en-gb.html?aid=304142&label=gen173nr-10CAQoggJCDWNpdHlfLTI3NjI4MTJICVgEaLUBiAEBmAEzuAEHyAEM2AED6AEB-AEBiAIBqAIBuAKqisLTBsACAdICJGIyYWUwNDZiLWE5YmEtNGI1Yi05MjRjLWFkYWU5NDcwN2MxM9gCAeACAQ&ucfs=1&arphpl=1&checkin=2026-08-06&checkout=2026-08-07&dest_id=-2762812&dest_type=city&group_adults=2&req_adults=2&no_rooms=1&group_children=0&req_children=0&hpos=5&hapos=938&sr_order=popularity&srpvid=ed21559515340104&srepoch=1785759214&all_sr_blocks=1683475001_440089401_3_0_0&highlighted_blocks=1683475001_440089401_3_0_0&matching_block_id=1683475001_440089401_3_0_0&sr_pri_blocks=1683475001_440089401_3_0_0__570000&from=searchresults,5700,,,Islamabad,14.2,One-Bedroom Apartment,"2 beds (1 double, 1 sofa bed)",0,1,1,https://cf.bstatic.com/xdata/images/hotel/square240/892638842.webp?k=3ae3b7e94313e464204b61292576e36af45de4671bbd5657e6597cc05f2e6b6b&o=,4,Islamabad
The Elvaron House,https://www.booking.com/hotel/pk/the-elvaron-house.en-gb.html?aid=304142&label=gen173nr-10CAQoggJCDWNpdHlfLTI3NjI4MTJICVgEaLUBiAEBmAEzuAEHyAEM2AED6AEB-AEBiAIBqAIBuAKqisLTBsACAdICJGIyYWUwNDZiLWE5YmEtNGI1Yi05MjRjLWFkYWU5NDcwN2MxM9gCAeACAQ&ucfs=1&arphpl=1&checkin=2026-08-06&checkout=2026-08-07&dest_id=-2762812&dest_type=city&group_adults=2&req_adults=2&no_rooms=1&group_children=0&req_children=0&hpos=6&hapos=939&sr_order=popularity&srpvid=ed21559515340104&srepoch=1785759214&all_sr_blocks=1609305001_431834527_2_0_0&highlighted_blocks=1609305001_431834527_2_0_0&matching_block_id=1609305001_431834527_2_0_0&sr_pri_blocks=1609305001_431834527_2_0_0__540000&from=searchresults,5400,,,Islamabad,13.9,Double Room,1 double bed,0,0,0,https://cf.bstatic.com/xdata/images/hotel/square240/845169572.webp?k=d535067198b21f513d646140dafd84b562c6bfd2d67b356dbc37c8cbfcc2580d&o=,2,Islamabad
Imperial Lodges Family Guest House in Islamabad,https://www.booking.com/hotel/pk/imperial-lodges-family-guest-house-in-islamabad.en-gb.html?aid=304142&label=gen173nr-10CAQoggJCDWNpdHlfLTI3NjI4MTJICVgEaLUBiAEBmAEzuAEHyAEM2AED6AEB-AEBiAIBqAIBuAKqisLTBsACAdICJGIyYWUwNDZiLWE5YmEtNGI1Yi05MjRjLWFkYWU5NDcwN2MxM9gCAeACAQ&ucfs=1&arphpl=1&checkin=2026-08-06&checkout=2026-08-07&dest_id=-2762812&dest_type=city&group_adults=2&req_adults=2&no_rooms=1&group_children=0&req_children=0&hpos=7&hapos=940&sr_order=popularity&srpvid=ed21559515340104&srepoch=1785759214&all_sr_blocks=1662359301_438110010_2_0_0&highlighted_blocks=1662359301_438110010_2_0_0&matching_block_id=1662359301_438110010_2_0_0&sr_pri_blocks=1662359301_438110010_2_0_0__647928&from=searchresults,6479,,,Islamabad,9.4,Double Room,1 double bed,0,1,1,https://cf.bstatic.com/xdata/images/hotel/square240/880406141.webp?k=37793425ac00dfbf3988bb9bdecc12eb521e2370c42a1662af1e519812378785&o=,5,Islamabad
Stay in Doha emporium,https://www.booking.com/hotel/pk/stay-in-doha-emporium.en-gb.html?aid=304142&label=gen173nr-10CAQoggJCDWNpdHlfLTI3NjI4MTJICVgEaLUBiAEBmAEzuAEHyAEM2AED6AEB-AEBiAIBqAIBuAKqisLTBsACAdICJGIyYWUwNDZiLWE5YmEtNGI1Yi05MjRjLWFkYWU5NDcwN2MxM9gCAeACAQ&ucfs=1&arphpl=1&checkin=2026-08-06&checkout=2026-08-07&dest_id=-2762812&dest_type=city&group_adults=2&req_adults=2&no_rooms=1&group_children=0&req_children=0&hpos=8&hapos=941&sr_order=popularity&srpvid=ed21559515340104&srepoch=1785759214&all_sr_blocks=1607501301_431679778_5_0_0&highlighted_blocks=1607501301_431679778_5_0_0&matching_block_id=1607501301_431679778_5_0_0&sr_pri_blocks=1607501301_431679778_5_0_0__1299900&from=searchresults,12999,,,Islamabad,25.7,Two-Bedroom Apartment,"4 beds (2 sofa beds, 2 large doubles)",0,1,1,https://cf.bstatic.com/xdata/images/hotel/square240/843851232.webp?k=232f3ac104633054942d8c09219636c77c11b3049aa39c773bb1cd9f1960a65a&o=,4,Islamabad
Cozy Bedroom flat with window facing margalla view,https://www.booking.com/hotel/pk/cozy-bedroom-flat-with-window-facing-margalla-view.en-gb.html?aid=304142&label=gen173nr-10CAQoggJCDWNpdHlfLTI3NjI4MTJICVgEaLUBiAEBmAEzuAEHyAEM2AED6AEB-AEBiAIBqAIBuAKqisLTBsACAdICJGIyYWUwNDZiLWE5YmEtNGI1Yi05MjRjLWFkYWU5NDcwN2MxM9gCAeACAQ&ucfs=1&arphpl=1&checkin=2026-08-06&checkout=2026-08-07&dest_id=-2762812&dest_type=city&group_adults=2&req_adults=2&no_rooms=1&group_children=0&req_children=0&hpos=9&hapos=942&sr_order=popularity&srpvid=ed21559515340104&srepoch=1785759214&all_sr_blocks=1608640201_431879232_7_0_0&highlighted_blocks=1608640201_431879232_7_0_0&matching_block_id=1608640201_431879232_7_0_0&sr_pri_blocks=1608640201_431879232_7_0_0__800000&from=searchresults,8000,5.0,1.0,Islamabad,25.1,Two-Bedroom Apartment,"4 beds (1 extra-large double, 3 sofa beds)",0,1,1,https://cf.bstatic.com/xdata/images/hotel/square240/844658090.webp?k=4862b4376e47a5a952155636ee5e7bfebde0e14c99ff3fa9385a9c1ed5c83476&o=,4,Islamabad
Family Apartment 2 Bedroom Islamabad F-11,https://www.booking.com/hotel/pk/family-apartment-2-bedroom-islamabad-f-11.en-gb.html?aid=304142&label=gen173nr-10CAQoggJCDWNpdHlfLTI3NjI4MTJICVgEaLUBiAEBmAEzuAEHyAEM2AED6AEB-AEBiAIBqAIBuAKqisLTBsACAdICJGIyYWUwNDZiLWE5YmEtNGI1Yi05MjRjLWFkYWU5NDcwN2MxM9gCAeACAQ&ucfs=1&arphpl=1&checkin=2026-08-06&checkout=2026-08-07&dest_id=-2762812&dest_type=city&group_adults=2&req_adults=2&no_rooms=1&group_children=0&req_children=0&hpos=10&hapos=943&sr_order=popularity&srpvid=ed21559515340104&srepoch=1785759214&all_sr_blocks=1216519401_393826227_6_0_0&highlighted_blocks=1216519401_393826227_6_0_0&matching_block_id=1216519401_393826227_6_0_0&sr_pri_blocks=1216519401_393826227_6_0_0__1235000&from=searchresults,12350,5.5,2.0,Islamabad,10.8,Two-Bedroom Apartment,2 double beds,0,1,1,https://cf.bstatic.com/xdata/images/hotel/square240/563271414.webp?k=2601c8d97f5253a492f2d93a6c7a8cebfaa8dcbbe711c8418ceaa63f4e2d5066&o=,4,Islamabad
Bridge Residencies-4 Islamabad,https://www.booking.com/hotel/pk/lavish-suite-studio-apartment-g-11-markaz.en-gb.html?aid=304142&label=gen173nr-10CAQoggJCDWNpdHlfLTI3NjI4MTJICVgEaLUBiAEBmAEzuAEHyAEM2AED6AEB-AEBiAIBqAIBuAKqisLTBsACAdICJGIyYWUwNDZiLWE5YmEtNGI1Yi05MjRjLWFkYWU5NDcwN2MxM9gCAeACAQ&ucfs=1&arphpl=1&checkin=2026-08-06&checkout=2026-08-07&dest_id=-2762812&dest_type=city&group_adults=2&req_adults=2&no_rooms=1&group_children=0&req_children=0&hpos=11&hapos=944&sr_order=popularity&srpvid=ed21559515340104&srepoch=1785759214&all_sr_blocks=1394829701_411400457_2_0_0&highlighted_blocks=1394829701_411400457_2_0_0&matching_block_id=1394829701_411400457_2_0_0&sr_pri_blocks=1394829701_411400457_2_0_0__1031940&from=searchresults,10319,1.0,1.0,Islamabad,10.9,One-Bedroom Apartment,"2 beds (1 double, 1 sofa bed)",0,0,0,https://cf.bstatic.com/xdata/images/hotel/square240/873834518.webp?k=44601dbb6a57d153e4e2240617ed5df44a25833f4d677bf24d3549b1f4c70f8a&o=,10,Islamabad
The Atelier G-13,https://www.booking.com/hotel/pk/the-atelier-g-13-islamabad.en-gb.html?aid=304142&label=gen173nr-10CAQoggJCDWNpdHlfLTI3NjI4MTJICVgEaLUBiAEBmAEzuAEHyAEM2AED6AEB-AEBiAIBqAIBuAKqisLTBsACAdICJGIyYWUwNDZiLWE5YmEtNGI1Yi05MjRjLWFkYWU5NDcwN2MxM9gCAeACAQ&ucfs=1&arphpl=1&checkin=2026-08-06&checkout=2026-08-07&dest_id=-2762812&dest_type=city&group_adults=2&req_adults=2&no_rooms=1&group_children=0&req_children=0&hpos=12&hapos=945&sr_order=popularity&srpvid=ed21559515340104&srepoch=1785759214&all_sr_blocks=1596625701_430681443_2_0_0&highlighted_blocks=1596625701_430681443_2_0_0&matching_block_id=1596625701_430681443_2_0_0&sr_pri_blocks=1596625701_430681443_2_0_0__900000&from=searchresults,9000,9.7,7.0,Islamabad,14.0,Double Room,1 double bed,0,1,1,https://cf.bstatic.com/xdata/images/hotel/square240/834554363.webp?k=8a5a7f6061f293eded3670384bb4cb97afa989e7091b6c044f0facaf940c6db3&o=,5,Islamabad
"Just Move Studio APT, Near ISB Int'l AIRPT",https://www.booking.com/hotel/pk/just-move-luxe-studio-near-isb-int-l-airpt.en-gb.html?aid=304142&label=gen173nr-10CAQoggJCDWNpdHlfLTI3NjI4MTJICVgEaLUBiAEBmAEzuAEHyAEM2AED6AEB-AEBiAIBqAIBuAKqisLTBsACAdICJGIyYWUwNDZiLWE5YmEtNGI1Yi05MjRjLWFkYWU5NDcwN2MxM9gCAeACAQ&ucfs=1&arphpl=1&checkin=2026-08-06&checkout=2026-08-07&dest_id=-2762812&dest_type=city&group_adults=2&req_adults=2&no_rooms=1&group_children=0&req_children=0&hpos=13&hapos=946&sr_order=popularity&srpvid=ed21559515340104&srepoch=1785759214&all_sr_blocks=1431718401_414785774_2_2_0&highlighted_blocks=1431718401_414785774_2_2_0&matching_block_id=1431718401_414785774_2_2_0&sr_pri_blocks=1431718401_414785774_2_2_0__918000&from=searchresults,9180,10,1.0,Islamabad,26.8,One-Bedroom Apartment,1 large double bed,0,0,0,https://cf.bstatic.com/xdata/images/hotel/square240/693796427.webp?k=d1c5c76d7bf382d581b7e9ebab27ce2951fd47b991a7cee6236af770ac567349&o=,10,Islamabad
S&S Guest House,https://www.booking.com/hotel/pk/s-amp-s-guest-house.en-gb.html?aid=304142&label=gen173nr-10CAQoggJCDWNpdHlfLTI3NjI4MTJICVgEaLUBiAEBmAEzuAEHyAEM2AED6AEB-AEBiAIBqAIBuAKqisLTBsACAdICJGIyYWUwNDZiLWE5YmEtNGI1Yi05MjRjLWFkYWU5NDcwN2MxM9gCAeACAQ&ucfs=1&arphpl=1&checkin=2026-08-06&checkout=2026-08-07&dest_id=-2762812&dest_type=city&group_adults=2&req_adults=2&no_rooms=1&group_children=0&req_children=0&hpos=14&hapos=947&sr_order=popularity&srpvid=ed21559515340104&srepoch=1785759214&all_sr_blocks=1450676001_416430487_2_0_0&highlighted_blocks=1450676001_416430487_2_0_0&matching_block_id=1450676001_416430487_2_0_0&sr_pri_blocks=1450676001_416430487_2_0_0__630000&from=searchresults,6300,,,Islamabad,15.0,Double Room,4 large double beds,0,1,1,https://cf.bstatic.com/xdata/images/hotel/square240/707966962.webp?k=f83e50fe75ef34e5b2edaabf2f1fb45baa293ea22f36e27444e5213b9b21bd2d&o=,4,Islamabad
Furnished One-bedroom studio Apartment,https://www.booking.com/hotel/pk/furnished-one-bedroom-studio-apartment.en-gb.html?aid=304142&label=gen173nr-10CAQoggJCDWNpdHlfLTI3NjI4MTJICVgEaLUBiAEBmAEzuAEHyAEM2AED6AEB-AEBiAIBqAIBuAKqisLTBsACAdICJGIyYWUwNDZiLWE5YmEtNGI1Yi05MjRjLWFkYWU5NDcwN2MxM9gCAeACAQ&ucfs=1&arphpl=1&checkin=2026-08-06&checkout=2026-08-07&dest_id=-2762812&dest_type=city&group_adults=2&req_adults=2&no_rooms=1&group_children=0&req_children=0&hpos=15&hapos=948&sr_order=popularity&srpvid=ed21559515340104&srepoch=1785759214&all_sr_blocks=1480756301_419533536_2_0_0&highlighted_blocks=1480756301_419533536_2_0_0&matching_block_id=1480756301_419533536_2_0_0&sr_pri_blocks=1480756301_419533536_2_0_0__950000&from=searchresults,9500,,,Islamabad,15.1,One-Bedroom Apartment,1 double bed,0,1,1,https://cf.bstatic.com/xdata/images/hotel/square240/735606324.webp?k=e7cebbb304f8a4cab7205e4be9054dad76e87384aff7099affdd73153b41129a&o=,4,Islamabad
Murree View Spacious 1 Bedroom Entire Apartment Stay,https://www.booking.com/hotel/pk/noir-haven-modern-1-bedroom-stay.en-gb.html?aid=304142&label=gen173nr-10CAQoggJCDWNpdHlfLTI3NjI4MTJICVgEaLUBiAEBmAEzuAEHyAEM2AED6AEB-AEBiAIBqAIBuAKqisLTBsACAdICJGIyYWUwNDZiLWE5YmEtNGI1Yi05MjRjLWFkYWU5NDcwN2MxM9gCAeACAQ&ucfs=1&arphpl=1&checkin=2026-08-06&checkout=2026-08-07&dest_id=-2762812&dest_type=city&group_adults=2&req_adults=2&no_rooms=1&group_children=0&req_children=0&hpos=16&hapos=949&sr_order=popularity&srpvid=ed21559515340104&srepoch=1785759214&all_sr_blocks=1364735401_408771108_2_0_0_818317&highlighted_blocks=1364735401_408771108_2_0_0_818317&matching_block_id=1364735401_408771108_2_0_0_818317&sr_pri_blocks=1364735401_408771108_2_0_0_818317_1425000&from=searchresults,14250,10,1.0,Islamabad,11.9,One-Bedroom Apartment,1 large double bed,0,0,1,https://cf.bstatic.com/xdata/images/hotel/square240/656153021.webp?k=0801862b5d8d5ab281f987a780becac735ec31238f7b3650418ab96a0f00e4d3&o=,3,Islamabad
2BR Mehmaan Khana Private Retreat with Terrace and WiFi,https://www.booking.com/hotel/pk/2br-mehmaan-khana-private-retreat-with-terrace-and-wifi.en-gb.html?aid=304142&label=gen173nr-10CAQoggJCDWNpdHlfLTI3NjI4MTJICVgEaLUBiAEBmAEzuAEHyAEM2AED6AEB-AEBiAIBqAIBuAKqisLTBsACAdICJGIyYWUwNDZiLWE5YmEtNGI1Yi05MjRjLWFkYWU5NDcwN2MxM9gCAeACAQ&ucfs=1&arphpl=1&checkin=2026-08-06&checkout=2026-08-07&dest_id=-2762812&dest_type=city&group_adults=2&req_adults=2&no_rooms=1&group_children=0&req_children=0&hpos=17&hapos=950&sr_order=popularity&srpvid=ed21559515340104&srepoch=1785759214&all_sr_blocks=1409792501_412740630_6_0_0&highlighted_blocks=1409792501_412740630_6_0_0&matching_block_id=1409792501_412740630_6_0_0&sr_pri_blocks=1409792501_412740630_6_0_0__1320000&from=searchresults,13200,,,Islamabad,14.2,One-Bedroom Apartment,"4 beds (2 doubles, 1 sofa bed, 1 futon)",0,1,1,https://cf.bstatic.com/xdata/images/hotel/square240/679943991.webp?k=4e29cc93a0f9123cfeb061d573987c29f521d37f349767d1beec3e50f26a0954&o=,4,Islamabad
Anabia Guest House,https://www.booking.com/hotel/pk/anabia-guest-house.en-gb.html?aid=304142&label=gen173nr-10CAQoggJCDWNpdHlfLTI3NjI4MTJICVgEaLUBiAEBmAEzuAEHyAEM2AED6AEB-AEBiAIBqAIBuAKqisLTBsACAdICJGIyYWUwNDZiLWE5YmEtNGI1Yi05MjRjLWFkYWU5NDcwN2MxM9gCAeACAQ&ucfs=1&arphpl=1&checkin=2026-08-06&checkout=2026-08-07&dest_id=-2762812&dest_type=city&group_adults=2&req_adults=2&no_rooms=1&group_children=0&req_children=0&hpos=18&hapos=951&sr_order=popularity&srpvid=ed21559515340104&srepoch=1785759214&all_sr_blocks=1466315201_0_2_0_0&highlighted_blocks=1466315201_0_2_0_0&matching_block_id=1466315201_0_2_0_0&sr_pri_blocks=1466315201_0_2_0_0__503796&from=searchresults,5038,,,"E-11 Sector, Islamabad",12.2,Double Room,1 large double bed,0,0,0,https://cf.bstatic.com/xdata/images/hotel/square240/723810461.webp?k=1c6efd041bf78fd0bfcb6f18b4014a6d11cff247afda215fb409bc98ec364349&o=,10,Islamabad
The 430 Grand,https://www.booking.com/hotel/pk/the-430-grand.en-gb.html?aid=304142&label=gen173nr-10CAQoggJCDWNpdHlfLTI3NjI4MTJICVgEaLUBiAEBmAEzuAEHyAEM2AED6AEB-AEBiAIBqAIBuAKqisLTBsACAdICJGIyYWUwNDZiLWE5YmEtNGI1Yi05MjRjLWFkYWU5NDcwN2MxM9gCAeACAQ&ucfs=1&arphpl=1&checkin=2026-08-06&checkout=2026-08-07&dest_id=-2762812&dest_type=city&group_adults=2&req_adults=2&no_rooms=1&group_children=0&req_children=0&hpos=19&hapos=952&sr_order=popularity&srpvid=ed21559515340104&srepoch=1785759214&all_sr_blocks=1631650701_433685949_2_0_0&highlighted_blocks=1631650701_433685949_2_0_0&matching_block_id=1631650701_433685949_2_0_0&sr_pri_blocks=1631650701_433685949_2_0_0__540000&from=searchresults,5400,8.7,3.0,Islamabad,19.4,Double Room,1 double bed,0,0,0,https://cf.bstatic.com/xdata/images/hotel/square240/861948841.webp?k=2fa6777b5ef732f7905e6953e275160304a5f70116ff4670620b235d198b118e&o=,3,Islamabad
Ayyan Cottage G 10-2,https://www.booking.com/hotel/pk/royal-1-cottage.en-gb.html?aid=304142&label=gen173nr-10CAQoggJCDWNpdHlfLTI3NjI4MTJICVgEaLUBiAEBmAEzuAEHyAEM2AED6AEB-AEBiAIBqAIBuAKqisLTBsACAdICJGIyYWUwNDZiLWE5YmEtNGI1Yi05MjRjLWFkYWU5NDcwN2MxM9gCAeACAQ&ucfs=1&arphpl=1&checkin=2026-08-06&checkout=2026-08-07&dest_id=-2762812&dest_type=city&group_adults=2&req_adults=2&no_rooms=1&group_children=0&req_children=0&hpos=20&hapos=953&sr_order=popularity&srpvid=ed21559515340104&srepoch=1785759214&all_sr_blocks=1459326401_417243377_0_0_0&highlighted_blocks=1459326401_417243377_0_0_0&matching_block_id=1459326401_417243377_0_0_0&sr_pri_blocks=1459326401_417243377_0_0_0__990000&from=searchresults,9900,9.0,1.0,Islamabad,9.3,Deluxe Room,1 single bed,0,1,1,https://cf.bstatic.com/xdata/images/hotel/square240/715743034.webp?k=87fcde95497f37a210f521db053499a86486070c9d23e0896bbe6cbf140a9148&o=,4,Islamabad
Stay Awhile,https://www.booking.com/hotel/pk/stay-awhile-islamabad.en-gb.html?aid=304142&label=gen173nr-10CAQoggJCDWNpdHlfLTI3NjI4MTJICVgEaLUBiAEBmAEzuAEHyAEM2AED6AEB-AEBiAIBqAIBuAKqisLTBsACAdICJGIyYWUwNDZiLWE5YmEtNGI1Yi05MjRjLWFkYWU5NDcwN2MxM9gCAeACAQ&ucfs=1&arphpl=1&checkin=2026-08-06&checkout=2026-08-07&dest_id=-2762812&dest_type=city&group_adults=2&req_adults=2&no_rooms=1&group_children=0&req_children=0&hpos=21&hapos=954&sr_order=popularity&srpvid=ed21559515340104&srepoch=1785759214&all_sr_blocks=1673764901_439139421_2_0_0&highlighted_blocks=1673764901_439139421_2_0_0&matching_block_id=1673764901_439139421_2_0_0&sr_pri_blocks=1673764901_439139421_2_0_0__857130&from=searchresults,8571,,,Islamabad,26.8,Two-Bedroom Apartment,"3 beds (1 sofa bed, 2 large doubles)",0,1,1,https://cf.bstatic.com/xdata/images/hotel/square240/887438868.webp?k=2bd40042861ba70a3c504e24c66ba4b4bd69b98896ee7d13fb7c73d5b264681c&o=,5,Islamabad
Mentmore Suite By The Royal Escape,https://www.booking.com/hotel/pk/mentmore-suite-by-the-royal-escape.en-gb.html?aid=304142&label=gen173nr-10CAQoggJCDWNpdHlfLTI3NjI4MTJICVgEaLUBiAEBmAEzuAEHyAEM2AED6AEB-AEBiAIBqAIBuAKqisLTBsACAdICJGIyYWUwNDZiLWE5YmEtNGI1Yi05MjRjLWFkYWU5NDcwN2MxM9gCAeACAQ&ucfs=1&arphpl=1&checkin=2026-08-06&checkout=2026-08-07&dest_id=-2762812&dest_type=city&group_adults=2&req_adults=2&no_rooms=1&group_children=0&req_children=0&hpos=22&hapos=955&sr_order=popularity&srpvid=ed21559515340104&srepoch=1785759214&all_sr_blocks=1381548501_410239655_2_0_0&highlighted_blocks=1381548501_410239655_2_0_0&matching_block_id=1381548501_410239655_2_0_0&sr_pri_blocks=1381548501_410239655_2_0_0__850000&from=searchresults,8500,,,Islamabad,26.8,One-Bedroom Apartment,,0,1,1,https://cf.bstatic.com/xdata/images/hotel/square240/662134126.webp?k=f3fdcbd679e7d0cec430a2ad09c152744bd979cc2bc100510a379d7b6e531221&o=,4,Islamabad
1 Bed Presidential Apartment-HS Apartmetns,https://www.booking.com/hotel/pk/1-bed-presidential-apartment-hs-apartmetns.en-gb.html?aid=304142&label=gen173nr-10CAQoggJCDWNpdHlfLTI3NjI4MTJICVgEaLUBiAEBmAEzuAEHyAEM2AED6AEB-AEBiAIBqAIBuAKqisLTBsACAdICJGIyYWUwNDZiLWE5YmEtNGI1Yi05MjRjLWFkYWU5NDcwN2MxM9gCAeACAQ&ucfs=1&arphpl=1&checkin=2026-08-06&checkout=2026-08-07&dest_id=-2762812&dest_type=city&group_adults=2&req_adults=2&no_rooms=1&group_children=0&req_children=0&hpos=23&hapos=956&sr_order=popularity&srpvid=ed21559515340104&srepoch=1785759214&all_sr_blocks=1220955501_394244733_3_0_0&highlighted_blocks=1220955501_394244733_3_0_0&matching_block_id=1220955501_394244733_3_0_0&sr_pri_blocks=1220955501_394244733_3_0_0__900000&from=searchresults,9000,,,"E-11 Sector, Islamabad",12.0,One-Bedroom Premium Apartment,"3 beds (1 extra-large double, 2 futons)",0,1,1,https://cf.bstatic.com/xdata/images/hotel/square240/566046210.webp?k=e757175955aa4b1cf725c5d3ca120a45c4f7d81ce7c9c870a2eaf335a65fc82c&o=,5,Islamabad
