property_name,property_url,Price_pkr,review_score,review_count,address,distance_from_center_km,property_type,bed_type,breakfast_included,free_cancellation,reserve_without_payment,image,stars,city
The Fred Hotel,https://www.booking.com/hotel/pk/the-fred.en-gb.html?aid=304142&label=gen173nr-10CAQoggJCDWNpdHlfLTI3NjcwNDNICVgEaLUBiAEBmAEzuAEHyAEM2AED6AEB-AEBiAIBqAIBuALBjMLTBsACAdICJDRlYmVmMGVjLTBmMjctNDNkNS05MDQ0LWY2ZTFmMzRjMjI5M9gCAeACAQ&ucfs=1&arphpl=1&checkin=2026-08-06&checkout=2026-08-07&dest_id=-2767043&dest_type=city&group_adults=2&req_adults=2&no_rooms=1&group_children=0&req_children=0&hpos=1&hapos=1&sr_order=popularity&srpvid=7b4f562059d9004c&srepoch=1785759506&all_sr_blocks=1150409101_387849086_2_1_0&highlighted_blocks=1150409101_387849086_2_1_0&matching_block_id=1150409101_387849086_2_1_0&sr_pri_blocks=1150409101_387849086_2_1_0__3000000&from=searchresults,30000,9.3,257.0,"Gulberg, Lahore",5.6,Superior King Room,1 large double bed,1,1,1,https://cf.bstatic.com/xdata/images/hotel/square240/529029952.webp?k=582f68d5b8836e5aadf2c3c005c917dc6fde7de03a14271920cdd79e57c92633&o=,12,Lahore
Avari Xpress Gulberg,https://www.booking.com/hotel/pk/avari-xpress-gulberg.en-gb.html?aid=304142&label=gen173nr-10CAQoggJCDWNpdHlfLTI3NjcwNDNICVgEaLUBiAEBmAEzuAEHyAEM2AED6AEB-AEBiAIBqAIBuALBjMLTBsACAdICJDRlYmVmMGVjLTBmMjctNDNkNS05MDQ0LWY2ZTFmMzRjMjI5M9gCAeACAQ&ucfs=1&arphpl=1&checkin=2026-08-06&checkout=2026-08-07&dest_id=-2767043&dest_type=city&group_adults=2&req_adults=2&no_rooms=1&group_children=0&req_children=0&hpos=2&hapos=2&sr_order=popularity&srpvid=7b4f562059d9004c&srepoch=1785759506&all_sr_blocks=462462801_0_2_1_0&highlighted_blocks=462462801_0_2_1_0&matching_block_id=462462801_0_2_1_0&sr_pri_blocks=462462801_0_2_1_0__5661&from=searchresults,15731,8.2,2.0,Lahore,5.2,Superior Queen Room,1 double bed,1,0,0,https://cf.bstatic.com/xdata/images/hotel/square240/855800825.webp?k=983415ad7ddbbdc019a518a5d11cbaddae157cc00d2edd20013d9f6cceda29b4&o=,10,Lahore
Olive Theory 1BHK Gulberg MM Alam Self Check-in Pool,https://www.booking.com/hotel/pk/olive-theory-1bhk-gulberg-mm-alam-self-check-in-pool.en-gb.html?aid=304142&label=gen173nr-10CAQoggJCDWNpdHlfLTI3NjcwNDNICVgEaLUBiAEBmAEzuAEHyAEM2AED6AEB-AEBiAIBqAIBuALBjMLTBsACAdICJDRlYmVmMGVjLTBmMjctNDNkNS05MDQ0LWY2ZTFmMzRjMjI5M9gCAeACAQ&ucfs=1&arphpl=1&checkin=2026-08-06&checkout=2026-08-07&dest_id=-2767043&dest_type=city&group_adults=2&req_adults=2&no_rooms=1&group_children=0&req_children=0&hpos=3&hapos=3&sr_order=popularity&srpvid=7b4f562059d9004c&srepoch=1785759506&all_sr_blocks=1699435701_441592398_4_0_0&highlighted_blocks=1699435701_441592398_4_0_0&matching_block_id=1699435701_441592398_4_0_0&sr_pri_blocks=1699435701_441592398_4_0_0__1020000&from=searchresults,10200,,,"Gulberg, Lahore",7.0,One-Bedroom Apartment,"3 beds (1 double, 2 sofa beds)",0,1,1,https://cf.bstatic.com/xdata/images/hotel/square240/902103115.webp?k=6d1459c11a2c940e938523fc23e00dfda41f6891d1d8a32d1282b4538e6fb832&o=,4,Lahore
The Nishat Hotel Johar Town,https://www.booking.com/hotel/pk/the-nishat-johar-town.en-gb.html?aid=304142&label=gen173nr-10CAQoggJCDWNpdHlfLTI3NjcwNDNICVgEaLUBiAEBmAEzuAEHyAEM2AED6AEB-AEBiAIBqAIBuALBjMLTBsACAdICJDRlYmVmMGVjLTBmMjctNDNkNS05MDQ0LWY2ZTFmMzRjMjI5M9gCAeACAQ&ucfs=1&arphpl=1&checkin=2026-08-06&checkout=2026-08-07&dest_id=-2767043&dest_type=city&group_adults=2&req_adults=2&no_rooms=1&group_children=0&req_children=0&hpos=4&hapos=4&sr_order=popularity&srpvid=7b4f562059d9004c&srepoch=1785759506&all_sr_blocks=229010207_198483826_2_0_0_671809&highlighted_blocks=229010207_198483826_2_0_0_671809&matching_block_id=229010207_198483826_2_0_0_671809&sr_pri_blocks=229010207_198483826_2_0_0_671809_6000000&from=searchresults,60000,9.4,804.0,"Johar Town, Lahore",11.9,Superior Double Room,Multiple bed types,0,1,1,https://cf.bstatic.com/xdata/images/hotel/square240/622550518.webp?k=133c77bc5c08df0a26e958bdbe40897fa8cfa63e21dd0ddfc9f90b10bb834cd6&o=,14,Lahore
"Hotel One Garden Town, Lahore",https://www.booking.com/hotel/pk/one-garden-town.en-gb.html?aid=304142&label=gen173nr-10CAQoggJCDWNpdHlfLTI3NjcwNDNICVgEaLUBiAEBmAEzuAEHyAEM2AED6AEB-AEBiAIBqAIBuALBjMLTBsACAdICJDRlYmVmMGVjLTBmMjctNDNkNS05MDQ0LWY2ZTFmMzRjMjI5M9gCAeACAQ&ucfs=1&arphpl=1&checkin=2026-08-06&checkout=2026-08-07&dest_id=-2767043&dest_type=city&group_adults=2&req_adults=2&no_rooms=1&group_children=0&req_children=0&hpos=5&hapos=5&sr_order=popularity&srpvid=7b4f562059d9004c&srepoch=1785759506&all_sr_blocks=564802902_394094480_0_1_0&highlighted_blocks=564802902_394094480_0_1_0&matching_block_id=564802902_394094480_0_1_0&sr_pri_blocks=564802902_394094480_0_1_0__1299900&from=searchresults,12999,6.9,179.0,Lahore,7.8,Deluxe Twin Room,2 single beds,1,1,1,https://cf.bstatic.com/xdata/images/hotel/square240/845006137.webp?k=66631b10d6553f3604bbc7ac7489576eac23d8b0acfecec446be0cf636080470&o=,11,Lahore
Indigo Heights Hotel & Suites,https://www.booking.com/hotel/pk/indigo-heights-amp-suites.en-gb.html?aid=304142&label=gen173nr-10CAQoggJCDWNpdHlfLTI3NjcwNDNICVgEaLUBiAEBmAEzuAEHyAEM2AED6AEB-AEBiAIBqAIBuALBjMLTBsACAdICJDRlYmVmMGVjLTBmMjctNDNkNS05MDQ0LWY2ZTFmMzRjMjI5M9gCAeACAQ&ucfs=1&arphpl=1&checkin=2026-08-06&checkout=2026-08-07&dest_id=-2767043&dest_type=city&group_adults=2&req_adults=2&no_rooms=1&group_children=0&req_children=0&hpos=6&hapos=6&sr_order=popularity&srpvid=7b4f562059d9004c&srepoch=1785759506&all_sr_blocks=0_0_2_1_0&highlighted_blocks=0_0_2_1_0&matching_block_id=0_0_2_1_0&sr_pri_blocks=0_0_2_1_0__1586416&from=searchresults,15864,7.4,2.0,"Gulberg, Lahore",6.3,Standard,1 large double bed,1,0,0,https://cf.bstatic.com/xdata/images/hotel/square240/224496332.webp?k=20c04dae30315608c4a8b3341e4107ea49d4636c2a963f3a3dfd68850ada71b9&o=,10,Lahore
HOTEL dGATES,https://www.booking.com/hotel/pk/grand-palm.en-gb.html?aid=304142&label=gen173nr-10CAQoggJCDWNpdHlfLTI3NjcwNDNICVgEaLUBiAEBmAEzuAEHyAEM2AED6AEB-AEBiAIBqAIBuALBjMLTBsACAdICJDRlYmVmMGVjLTBmMjctNDNkNS05MDQ0LWY2ZTFmMzRjMjI5M9gCAeACAQ&ucfs=1&arphpl=1&checkin=2026-08-06&checkout=2026-08-07&dest_id=-2767043&dest_type=city&group_adults=2&req_adults=2&no_rooms=1&group_children=0&req_children=0&hpos=7&hapos=7&sr_order=popularity&srpvid=7b4f562059d9004c&srepoch=1785759506&all_sr_blocks=305770209_247150346_2_41_0_641351&highlighted_blocks=305770209_247150346_2_41_0_641351&matching_block_id=305770209_247150346_2_41_0_641351&sr_pri_blocks=305770209_247150346_2_41_0_641351_1399900&from=searchresults,13999,7.2,1.0,Lahore,5.7,Standard Queen Room,1 large double bed,1,1,1,https://cf.bstatic.com/xdata/images/hotel/square240/593106212.webp?k=5b113b2af42a087f3c183d9bfe22e12fe3ea3ab30e822caa8357f63bad81c4fb&o=,13,Lahore
Defence Raya Golf & Country Club,https://www.booking.com/hotel/pk/defence-raya-golf-amp-country-club-lahore1.en-gb.html?aid=304142&label=gen173nr-10CAQoggJCDWNpdHlfLTI3NjcwNDNICVgEaLUBiAEBmAEzuAEHyAEM2AED6AEB-AEBiAIBqAIBuALBjMLTBsACAdICJDRlYmVmMGVjLTBmMjctNDNkNS05MDQ0LWY2ZTFmMzRjMjI5M9gCAeACAQ&ucfs=1&arphpl=1&checkin=2026-08-06&checkout=2026-08-07&dest_id=-2767043&dest_type=city&group_adults=2&req_adults=2&no_rooms=1&group_children=0&req_children=0&hpos=8&hapos=8&sr_order=popularity&srpvid=7b4f562059d9004c&srepoch=1785759506&all_sr_blocks=358752702_402338995_2_41_0_423992&highlighted_blocks=358752702_402338995_2_41_0_423992&matching_block_id=358752702_402338995_2_41_0_423992&sr_pri_blocks=358752702_402338995_2_41_0_423992_3000000&from=searchresults,30000,8.4,501.0,Lahore,15.0,Deluxe Double Room (2 Adults + 1 Child),1 large double bed,1,1,0,https://cf.bstatic.com/xdata/images/hotel/square240/146007767.webp?k=57cc7666cbf2c69d9880d56f439f12aa3b6be96eafcf7ca3df1002ddb7a22d05&o=,14,Lahore
Hotel Swiss Pearl,https://www.booking.com/hotel/pk/swiss-pearl.en-gb.html?aid=304142&label=gen173nr-10CAQoggJCDWNpdHlfLTI3NjcwNDNICVgEaLUBiAEBmAEzuAEHyAEM2AED6AEB-AEBiAIBqAIBuALBjMLTBsACAdICJDRlYmVmMGVjLTBmMjctNDNkNS05MDQ0LWY2ZTFmMzRjMjI5M9gCAeACAQ&ucfs=1&arphpl=1&checkin=2026-08-06&checkout=2026-08-07&dest_id=-2767043&dest_type=city&group_adults=2&req_adults=2&no_rooms=1&group_children=0&req_children=0&hpos=9&hapos=9&sr_order=popularity&srpvid=7b4f562059d9004c&srepoch=1785759506&all_sr_blocks=1113255506_384253808_2_0_0&highlighted_blocks=1113255506_384253808_2_0_0&matching_block_id=1113255506_384253808_2_0_0&sr_pri_blocks=1113255506_384253808_2_0_0__287300&from=searchresults,2873,5.8,336.0,"Johar Town, Lahore",12.3,Deluxe Double or Twin Room,Beds: 1 double or 2 singles,0,1,1,https://cf.bstatic.com/xdata/images/hotel/square240/867946914.webp?k=4251bcbf9ef213a7811b02838641bf27fd5f146f22bafb27f47ee76a43923994&o=,8,Lahore
"Pearl Continental Hotel, Lahore",https://www.booking.com/hotel/pk/pearl-continental-lahore.en-gb.html?aid=304142&label=gen173nr-10CAQoggJCDWNpdHlfLTI3NjcwNDNICVgEaLUBiAEBmAEzuAEHyAEM2AED6AEB-AEBiAIBqAIBuALBjMLTBsACAdICJDRlYmVmMGVjLTBmMjctNDNkNS05MDQ0LWY2ZTFmMzRjMjI5M9gCAeACAQ&ucfs=1&arphpl=1&checkin=2026-08-06&checkout=2026-08-07&dest_id=-2767043&dest_type=city&group_adults=2&req_adults=2&no_rooms=1&group_children=0&req_children=0&hpos=10&hapos=10&sr_order=popularity&srpvid=7b4f562059d9004c&srepoch=1785759506&all_sr_blocks=41528511_371173400_2_2_0_624167&highlighted_blocks=41528511_371173400_2_2_0_624167&matching_block_id=41528511_371173400_2_2_0_624167&sr_pri_blocks=41528511_371173400_2_2_0_624167_2925000&from=searchresults,29250,6.9,1.0,Lahore,1.8,Standard Twin Room,2 single beds,0,1,0,https://cf.bstatic.com/xdata/images/hotel/square240/278504590.webp?k=bf2d3eb273afe273b81349d48a82da4fa1f4738dbb562444e424581b28129291&o=,14,Lahore
Goldcrest Alfatah Mall Lahore - Luxury Apartments by Alvis Suite,https://www.booking.com/hotel/pk/goldcrest-alfatah-mall-lahore-luxury-apartments-by-alvis-suite.en-gb.html?aid=304142&label=gen173nr-10CAQoggJCDWNpdHlfLTI3NjcwNDNICVgEaLUBiAEBmAEzuAEHyAEM2AED6AEB-AEBiAIBqAIBuALBjMLTBsACAdICJDRlYmVmMGVjLTBmMjctNDNkNS05MDQ0LWY2ZTFmMzRjMjI5M9gCAeACAQ&ucfs=1&arphpl=1&checkin=2026-08-06&checkout=2026-08-07&dest_id=-2767043&dest_type=city&group_adults=2&req_adults=2&no_rooms=1&group_children=0&req_children=0&hpos=11&hapos=11&sr_order=popularity&srpvid=7b4f562059d9004c&srepoch=1785759506&all_sr_blocks=1684402801_440125235_2_0_0&highlighted_blocks=1684402801_440125235_2_0_0&matching_block_id=1684402801_440125235_2_0_0&sr_pri_blocks=1684402801_440125235_2_0_0__879686&from=searchresults,8797,6.0,5.0,Lahore,12.0,Studio Apartment,"2 beds (1 extra-large double, 1 sofa bed)",0,1,1,https://cf.bstatic.com/xdata/images/hotel/square240/892960871.webp?k=077359bd3774d2bddd73b355dadd4398cec31a633a169659a9d47d804b8dd254&o=,11,Lahore
Golden Star Hotel Iqbal Town Lahore,https://www.booking.com/hotel/pk/golden-star-iqbal-town-lahore.en-gb.html?aid=304142&label=gen173nr-10CAQoggJCDWNpdHlfLTI3NjcwNDNICVgEaLUBiAEBmAEzuAEHyAEM2AED6AEB-AEBiAIBqAIBuALBjMLTBsACAdICJDRlYmVmMGVjLTBmMjctNDNkNS05MDQ0LWY2ZTFmMzRjMjI5M9gCAeACAQ&ucfs=1&arphpl=1&checkin=2026-08-06&checkout=2026-08-07&dest_id=-2767043&dest_type=city&group_adults=2&req_adults=2&no_rooms=1&group_children=0&req_children=0&hpos=12&hapos=12&sr_order=popularity&srpvid=7b4f562059d9004c&srepoch=1785759506&all_sr_blocks=1396800501_411580745_2_0_0&highlighted_blocks=1396800501_411580745_2_0_0&matching_block_id=1396800501_411580745_2_0_0&sr_pri_blocks=1396800501_411580745_2_0_0__372400&from=searchresults,3724,4.7,88.0,Lahore,5.4,Deluxe Double Room,1 extra-large double bed,0,1,1,https://cf.bstatic.com/xdata/images/hotel/square240/825677664.webp?k=6bf4d5aac5c35e25ce44720822a2aa435368574aba63c779ade3e905e0adef87&o=,13,Lahore
Hotel Lahore City,https://www.booking.com/hotel/pk/lahore-city-lahore1.en-gb.html?aid=304142&label=gen173nr-10CAQoggJCDWNpdHlfLTI3NjcwNDNICVgEaLUBiAEBmAEzuAEHyAEM2AED6AEB-AEBiAIBqAIBuALBjMLTBsACAdICJDRlYmVmMGVjLTBmMjctNDNkNS05MDQ0LWY2ZTFmMzRjMjI5M9gCAeACAQ&ucfs=1&arphpl=1&checkin=2026-08-06&checkout=2026-08-07&dest_id=-2767043&dest_type=city&group_adults=2&req_adults=2&no_rooms=1&group_children=0&req_children=0&hpos=13&hapos=13&sr_order=popularity&srpvid=7b4f562059d9004c&srepoch=1785759506&all_sr_blocks=1193966203_391702815_2_2_0&highlighted_blocks=1193966203_391702815_2_2_0&matching_block_id=1193966203_391702815_2_2_0&sr_pri_blocks=1193966203_391702815_2_2_0__130000&from=searchresults,1300,4.0,131.0,Lahore,0.6,Small Double Room,1 extra-large double bed,0,1,1,https://cf.bstatic.com/xdata/images/hotel/square240/549277366.webp?k=7be9921fab1a450c8465e5cc0b10d6095b3fc073790fcabb4dd6164681d4037c&o=,8,Lahore
Amanah Hotel Residences,https://www.booking.com/hotel/pk/amanah-mall-luxury-apartments.en-gb.html?aid=304142&label=gen173nr-10CAQoggJCDWNpdHlfLTI3NjcwNDNICVgEaLUBiAEBmAEzuAEHyAEM2AED6AEB-AEBiAIBqAIBuALBjMLTBsACAdICJDRlYmVmMGVjLTBmMjctNDNkNS05MDQ0LWY2ZTFmMzRjMjI5M9gCAeACAQ&ucfs=1&arphpl=1&checkin=2026-08-06&checkout=2026-08-07&dest_id=-2767043&dest_type=city&group_adults=2&req_adults=2&no_rooms=1&group_children=0&req_children=0&hpos=14&hapos=14&sr_order=popularity&srpvid=7b4f562059d9004c&srepoch=1785759506&all_sr_blocks=1506390702_424034474_2_0_0&highlighted_blocks=1506390702_424034474_2_0_0&matching_block_id=1506390702_424034474_2_0_0&sr_pri_blocks=1506390702_424034474_2_0_0__990000&from=searchresults,9900,8.5,348.0,Lahore,10.6,King Studio,1 extra-large double bed,0,1,1,https://cf.bstatic.com/xdata/images/hotel/square240/791299243.webp?k=8bb8dc8e0fd6a59b22dbdf3d57546a73aebbaed0fbebbfe94d7ffdcfe662dbd3&o=,15,Lahore
Shanze Hotel And Suites,https://www.booking.com/hotel/pk/shanze-and-suits.en-gb.html?aid=304142&label=gen173nr-10CAQoggJCDWNpdHlfLTI3NjcwNDNICVgEaLUBiAEBmAEzuAEHyAEM2AED6AEB-AEBiAIBqAIBuALBjMLTBsACAdICJDRlYmVmMGVjLTBmMjctNDNkNS05MDQ0LWY2ZTFmMzRjMjI5M9gCAeACAQ&ucfs=1&arphpl=1&checkin=2026-08-06&checkout=2026-08-07&dest_id=-2767043&dest_type=city&group_adults=2&req_adults=2&no_rooms=1&group_children=0&req_children=0&hpos=15&hapos=15&sr_order=popularity&srpvid=7b4f562059d9004c&srepoch=1785759506&all_sr_blocks=1335824907_406297544_2_0_0&highlighted_blocks=1335824907_406297544_2_0_0&matching_block_id=1335824907_406297544_2_0_0&sr_pri_blocks=1335824907_406297544_2_0_0__350000&from=searchresults,3500,6.5,144.0,"Johar Town, Lahore",12.7,Deluxe Double Room,1 double bed,0,1,1,https://cf.bstatic.com/xdata/images/hotel/square240/741206282.webp?k=c458c0afe898f12d8cc9c043f8f21195c7f96851f64844d7cec7b0df0fa83ba8&o=,4,Lahore
The Nishat Hotel,https://www.booking.com/hotel/pk/the-nishat.en-gb.html?aid=304142&label=gen173nr-10CAQoggJCDWNpdHlfLTI3NjcwNDNICVgEaLUBiAEBmAEzuAEHyAEM2AED6AEB-AEBiAIBqAIBuALBjMLTBsACAdICJDRlYmVmMGVjLTBmMjctNDNkNS05MDQ0LWY2ZTFmMzRjMjI5M9gCAeACAQ&ucfs=1&arphpl=1&checkin=2026-08-06&checkout=2026-08-07&dest_id=-2767043&dest_type=city&group_adults=2&req_adults=2&no_rooms=1&group_children=0&req_children=0&hpos=16&hapos=16&sr_order=popularity&srpvid=7b4f562059d9004c&srepoch=1785759506&all_sr_blocks=112449101_204759422_0_2_0_670390&highlighted_blocks=112449101_204759422_0_2_0_670390&matching_block_id=112449101_204759422_0_2_0_670390&sr_pri_blocks=112449101_204759422_0_2_0_670390_3300000&from=searchresults,33000,9.2,415.0,"Gulberg, Lahore",6.8,Deluxe Room,1 extra-large double bed,0,1,1,https://cf.bstatic.com/xdata/images/hotel/square240/623123065.webp?k=2cbe28f72b5008b98b6a0054b218655d577d7ff2a0afde369c6ce4c783fcaf03&o=,14,Lahore
Hotel Day In Lahore,https://www.booking.com/hotel/pk/days-inn-lahore-lahore.en-gb.html?aid=304142&label=gen173nr-10CAQoggJCDWNpdHlfLTI3NjcwNDNICVgEaLUBiAEBmAEzuAEHyAEM2AED6AEB-AEBiAIBqAIBuALBjMLTBsACAdICJDRlYmVmMGVjLTBmMjctNDNkNS05MDQ0LWY2ZTFmMzRjMjI5M9gCAeACAQ&ucfs=1&arphpl=1&checkin=2026-08-06&checkout=2026-08-07&dest_id=-2767043&dest_type=city&group_adults=2&req_adults=2&no_rooms=1&group_children=0&req_children=0&hpos=17&hapos=17&sr_order=popularity&srpvid=7b4f562059d9004c&srepoch=1785759506&all_sr_blocks=714906003_298614257_2_42_0&highlighted_blocks=714906003_298614257_2_42_0&matching_block_id=714906003_298614257_2_42_0&sr_pri_blocks=714906003_298614257_2_42_0__225000&from=searchresults,2250,4.5,265.0,Lahore,12.8,Deluxe Double Room,1 double bed,0,0,0,https://cf.bstatic.com/xdata/images/hotel/square240/289702674.webp?k=6ebfcff8e86a8d66346064e6f1aeaed2611b39b8118be5d2a527060fbeb765ba&o=,9,Lahore
Al-Fateh Xpress Hotel,https://www.booking.com/hotel/pk/al-fateh-xpress-lahore4.en-gb.html?aid=304142&label=gen173nr-10CAQoggJCDWNpdHlfLTI3NjcwNDNICVgEaLUBiAEBmAEzuAEHyAEM2AED6AEB-AEBiAIBqAIBuALBjMLTBsACAdICJDRlYmVmMGVjLTBmMjctNDNkNS05MDQ0LWY2ZTFmMzRjMjI5M9gCAeACAQ&ucfs=1&arphpl=1&checkin=2026-08-06&checkout=2026-08-07&dest_id=-2767043&dest_type=city&group_adults=2&req_adults=2&no_rooms=1&group_children=0&req_children=0&hpos=18&hapos=18&sr_order=popularity&srpvid=7b4f562059d9004c&srepoch=1785759506&all_sr_blocks=1589479301_430051541_2_2_0&highlighted_blocks=1589479301_430051541_2_2_0&matching_block_id=1589479301_430051541_2_2_0&sr_pri_blocks=1589479301_430051541_2_2_0__283050&from=searchresults,2831,6.7,59.0,Lahore,9.3,Deluxe Double Room (2 Adults + 1 Child),1 double bed,0,1,1,https://cf.bstatic.com/xdata/images/hotel/square240/829435401.webp?k=2c0944a6ea465d5bd40216881db07cab107fbd3da46ffdce675a3500989684cb&o=,11,Lahore
Hotel Golden,https://www.booking.com/hotel/pk/golden.en-gb.html?aid=304142&label=gen173nr-10CAQoggJCDWNpdHlfLTI3NjcwNDNICVgEaLUBiAEBmAEzuAEHyAEM2AED6AEB-AEBiAIBqAIBuALBjMLTBsACAdICJDRlYmVmMGVjLTBmMjctNDNkNS05MDQ0LWY2ZTFmMzRjMjI5M9gCAeACAQ&ucfs=1&arphpl=1&checkin=2026-08-06&checkout=2026-08-07&dest_id=-2767043&dest_type=city&group_adults=2&req_adults=2&no_rooms=1&group_children=0&req_children=0&hpos=19&hapos=19&sr_order=popularity&srpvid=7b4f562059d9004c&srepoch=1785759506&all_sr_blocks=1274194807_400233320_2_2_0&highlighted_blocks=1274194807_400233320_2_2_0&matching_block_id=1274194807_400233320_2_2_0&sr_pri_blocks=1274194807_400233320_2_2_0__260000&from=searchresults,2600,6.5,145.0,"Johar Town, Lahore",12.2,Budget Double or Twin Room,2 single beds,0,1,1,https://cf.bstatic.com/xdata/images/hotel/square240/886761899.webp?k=966cab4bc2de69f1eb5195a79c513fc864c14a317d44b70d64ac832f6240f089&o=,11,Lahore
Goldcrest Mall DHA Phase 4 - Luxury Serviced Apartments by Alvis Suite,https://www.booking.com/hotel/pk/goldcrest-mall-dha-phase-4-luxury-serviced-apartments-by-alvis-suite-lahore2.en-gb.html?aid=304142&label=gen173nr-10CAQoggJCDWNpdHlfLTI3NjcwNDNICVgEaLUBiAEBmAEzuAEHyAEM2AED6AEB-AEBiAIBqAIBuALBjMLTBsACAdICJDRlYmVmMGVjLTBmMjctNDNkNS05MDQ0LWY2ZTFmMzRjMjI5M9gCAeACAQ&ucfs=1&arphpl=1&checkin=2026-08-06&checkout=2026-08-07&dest_id=-2767043&dest_type=city&group_adults=2&req_adults=2&no_rooms=1&group_children=0&req_children=0&hpos=20&hapos=20&sr_order=popularity&srpvid=7b4f562059d9004c&srepoch=1785759506&all_sr_blocks=1698650201_441522602_2_0_0&highlighted_blocks=1698650201_441522602_2_0_0&matching_block_id=1698650201_441522602_2_0_0&sr_pri_blocks=1698650201_441522602_2_0_0__1172915&from=searchresults,11729,,,Lahore,12.0,Studio Apartment,1 large double bed,0,1,1,https://cf.bstatic.com/xdata/images/hotel/square240/901931834.webp?k=2801ee4443caf71164fc82b2b867bc90ca7a0f4bf356a9433c3e4dc8f7c1d84f&o=,12,Lahore
Your Perfect Home Away From Home,https://www.booking.com/hotel/pk/your-perfect-home-away-from-home-lahore.en-gb.html?aid=304142&label=gen173nr-10CAQoggJCDWNpdHlfLTI3NjcwNDNICVgEaLUBiAEBmAEzuAEHyAEM2AED6AEB-AEBiAIBqAIBuALBjMLTBsACAdICJDRlYmVmMGVjLTBmMjctNDNkNS05MDQ0LWY2ZTFmMzRjMjI5M9gCAeACAQ&ucfs=1&arphpl=1&checkin=2026-08-06&checkout=2026-08-07&dest_id=-2767043&dest_type=city&group_adults=2&req_adults=2&no_rooms=1&group_children=0&req_children=0&hpos=21&hapos=21&sr_order=popularity&srpvid=7b4f562059d9004c&srepoch=1785759506&all_sr_blocks=1699122901_441557443_6_2_0&highlighted_blocks=1699122901_441557443_6_2_0&matching_block_id=1699122901_441557443_6_2_0&sr_pri_blocks=1699122901_441557443_6_2_0__849915&from=searchresults,8499,,,Lahore,2.9,Two-Bedroom Apartment,"4 beds (1 double, 3 sofa beds)",0,1,1,https://cf.bstatic.com/xdata/images/hotel/square240/901868295.webp?k=ab5189de2c7eed52ce98924221bc9c764570f8f88262c74aeeff9ae65f100e94&o=,4,Lahore
Park Lane Hotel,https://www.booking.com/hotel/pk/park-lane-lahore.en-gb.html?aid=304142&label=gen173nr-10CAQoggJCDWNpdHlfLTI3NjcwNDNICVgEaLUBiAEBmAEzuAEHyAEM2AED6AEB-AEBiAIBqAIBuALBjMLTBsACAdICJDRlYmVmMGVjLTBmMjctNDNkNS05MDQ0LWY2ZTFmMzRjMjI5M9gCAeACAQ&ucfs=1&arphpl=1&checkin=2026-08-06&checkout=2026-08-07&dest_id=-2767043&dest_type=city&group_adults=2&req_adults=2&no_rooms=1&group_children=0&req_children=0&hpos=22&hapos=22&sr_order=popularity&srpvid=7b4f562059d9004c&srepoch=1785759506&all_sr_blocks=1257274803_0_2_1_0&highlighted_blocks=1257274803_0_2_1_0&matching_block_id=1257274803_0_2_1_0&sr_pri_blocks=1257274803_0_2_1_0__1507498&from=searchresults,15075,8.8,597.0,"Gulberg, Lahore (M.M. Allam Road)",7.0,Deluxe Twin Room,1 double bed,1,0,0,https://cf.bstatic.com/xdata/images/hotel/square240/585622284.webp?k=676554a02a84cf735d58d51bf811dd5113b0ba97db195577325f8c5c505d7585&o=,10,Lahore
Nine Tree Luxury Hotel & Suites Lahore,https://www.booking.com/hotel/pk/faletti-39-s-grand.en-gb.html?aid=304142&label=gen173nr-10CAQoggJCDWNpdHlfLTI3NjcwNDNICVgEaLUBiAEBmAEzuAEHyAEM2AED6AEB-AEBiAIBqAIBuALBjMLTBsACAdICJDRlYmVmMGVjLTBmMjctNDNkNS05MDQ0LWY2ZTFmMzRjMjI5M9gCAeACAQ&ucfs=1&arphpl=1&checkin=2026-08-06&checkout=2026-08-07&dest_id=-2767043&dest_type=city&group_adults=2&req_adults=2&no_rooms=1&group_children=0&req_children=0&hpos=23&hapos=23&sr_order=popularity&srpvid=7b4f562059d9004c&srepoch=1785759506&all_sr_blocks=534250414_247206041_0_2_0&highlighted_blocks=534250414_247206041_0_2_0&matching_block_id=534250414_247206041_0_2_0&sr_pri_blocks=534250414_247206041_0_2_0__1574910&from=searchresults,15749,8.4,935.0,"Gulberg, Lahore",6.6,Deluxe Twin Room,2 single beds,0,1,1,https://cf.bstatic.com/xdata/images/hotel/square240/740468871.webp?k=63bf59402c2812e92f5e55d3c8024bd3da8205a2b0f660167da42d8d0dcbb680&o=,13,Lahore
Hotel The Leschanze,https://www.booking.com/hotel/pk/the-leschanze.en-gb.html?aid=304142&label=gen173nr-10CAQoggJCDWNpdHlfLTI3NjcwNDNICVgEaLUBiAEBmAEzuAEHyAEM2AED6AEB-AEBiAIBqAIBuALBjMLTBsACAdICJDRlYmVmMGVjLTBmMjctNDNkNS05MDQ0LWY2ZTFmMzRjMjI5M9gCAeACAQ&ucfs=1&arphpl=1&checkin=2026-08-06&checkout=2026-08-07&dest_id=-2767043&dest_type=city&group_adults=2&req_adults=2&no_rooms=1&group_children=0&req_children=0&hpos=24&hapos=24&sr_order=popularity&srpvid=7b4f562059d9004c&srepoch=1785759506&all_sr_blocks=136234403_270500616_0_2_0&highlighted_blocks=136234403_270500616_0_2_0&matching_block_id=136234403_270500616_0_2_0&sr_pri_blocks=136234403_270500616_0_2_0__350000&from=searchresults,3500,7.1,592.0,"Johar Town, Lahore",11.9,Deluxe Double Room,1 double bed,0,1,1,https://cf.bstatic.com/xdata/images/hotel/square240/211399999.webp?k=7d69032cf19f990ee03ba88e12923985639124052c26982597cbc09e64f5d195&o=,8,Lahore
Lord Family Hotel,https://www.booking.com/hotel/pk/lord-family.en-gb.html?aid=304142&label=gen173nr-10CAQoggJCDWNpdHlfLTI3NjcwNDNICVgEaLUBiAEBmAEzuAEHyAEM2AED6AEB-AEBiAIBqAIBuALBjMLTBsACAdICJDRlYmVmMGVjLTBmMjctNDNkNS05MDQ0LWY2ZTFmMzRjMjI5M9gCAeACAQ&ucfs=1&arphpl=1&checkin=2026-08-06&checkout=2026-08-07&dest_id=-2767043&dest_type=city&group_adults=2&req_adults=2&no_rooms=1&group_children=0&req_children=0&hpos=25&hapos=25&sr_order=popularity&srpvid=7b4f562059d9004c&srepoch=1785759506&all_sr_blocks=1137057501_386312444_2_2_0&highlighted_blocks=1137057501_386312444_2_2_0&matching_block_id=1137057501_386312444_2_2_0&sr_pri_blocks=1137057501_386312444_2_2_0__279000&from=searchresults,2790,5.0,54.0,"Johar Town, Lahore",13.3,Deluxe Double Room,2 single beds,0,1,1,https://cf.bstatic.com/xdata/images/hotel/square240/531631439.webp?k=03d4fe353ddf369f2e581228a95599ffff766eaa27d634b758e95af4eaee95b5&o=,14,Lahore
Hotel Grand Pakeeza,https://www.booking.com/hotel/pk/grand-pakeeza.en-gb.html?aid=304142&label=gen173nr-10CAQoggJCDWNpdHlfLTI3NjcwNDNICVgEaLUBiAEBmAEzuAEHyAEM2AED6AEB-AEBiAIBqAIBuALBjMLTBsACAdICJDRlYmVmMGVjLTBmMjctNDNkNS05MDQ0LWY2ZTFmMzRjMjI5M9gCAeACAQ&ucfs=1&arphpl=1&checkin=2026-08-06&checkout=2026-08-07&dest_id=-2767043&dest_type=city&group_adults=2&req_adults=2&no_rooms=1&group_children=0&req_children=0&hpos=1&hapos=26&sr_order=popularity&srpvid=7b4f562059d9004c&srepoch=1785759309&all_sr_blocks=1108194201_383582586_2_2_0&highlighted_blocks=1108194201_383582586_2_2_0&matching_block_id=1108194201_383582586_2_2_0&sr_pri_blocks=1108194201_383582586_2_2_0__344900&from=searchresults,3449,8.1,742.0,"Johar Town, Lahore",12.8,Deluxe Double Room,1 double bed,0,1,1,https://cf.bstatic.com/xdata/images/hotel/square240/520573270.webp?k=bc49e534c9dc59465aca1e114b364e373da488fc80a1486abd82808d136b92e4&o=,11,Lahore
Faletti's Hotel Lahore,https://www.booking.com/hotel/pk/faletti-39-s-lahore.en-gb.html?aid=304142&label=gen173nr-10CAQoggJCDWNpdHlfLTI3NjcwNDNICVgEaLUBiAEBmAEzuAEHyAEM2AED6AEB-AEBiAIBqAIBuALBjMLTBsACAdICJDRlYmVmMGVjLTBmMjctNDNkNS05MDQ0LWY2ZTFmMzRjMjI5M9gCAeACAQ&ucfs=1&arphpl=1&checkin=2026-08-06&checkout=2026-08-07&dest_id=-2767043&dest_type=city&group_adults=2&req_adults=2&no_rooms=1&group_children=0&req_children=0&hpos=2&hapos=27&sr_order=popularity&srpvid=7b4f562059d9004c&srepoch=1785759309&all_sr_blocks=177792501_278186782_0_1_0&highlighted_blocks=177792501_278186782_0_1_0&matching_block_id=177792501_278186782_0_1_0&sr_pri_blocks=177792501_278186782_0_1_0__2000000&from=searchresults,20000,8.5,470.0,Lahore,0.5,Executive King Room,1 double bed,1,1,1,https://cf.bstatic.com/xdata/images/hotel/square240/262169208.webp?k=929f9f957a990d88659f0b0ccc18fca50fea55b2f9219b55e6d6cba40ba9b336&o=,14,Lahore
Premier Inn Johar Town Lahore,https://www.booking.com/hotel/pk/premier-inn-johar-town.en-gb.html?aid=304142&label=gen173nr-10CAQoggJCDWNpdHlfLTI3NjcwNDNICVgEaLUBiAEBmAEzuAEHyAEM2AED6AEB-AEBiAIBqAIBuALBjMLTBsACAdICJDRlYmVmMGVjLTBmMjctNDNkNS05MDQ0LWY2ZTFmMzRjMjI5M9gCAeACAQ&ucfs=1&arphpl=1&checkin=2026-08-06&checkout=2026-08-07&dest_id=-2767043&dest_type=city&group_adults=2&req_adults=2&no_rooms=1&group_children=0&req_children=0&hpos=3&hapos=28&sr_order=popularity&srpvid=7b4f562059d9004c&srepoch=1785759309&all_sr_blocks=164054404_389812403_0_1_0&highlighted_blocks=164054404_389812403_0_1_0&matching_block_id=164054404_389812403_0_1_0&sr_pri_blocks=164054404_389812403_0_1_0__484500&from=searchresults,4845,7.6,394.0,"Johar Town, Lahore",12.4,Deluxe Double Room,1 double bed,1,1,1,https://cf.bstatic.com/xdata/images/hotel/square240/565921757.webp?k=cde5614792cb7c1f9e86a67a4fb7134bc7fcc5d9f5c150131a6ffa93dc046c1b&o=,4,Lahore
The Executive studio Apartment Gold crest Mall,https://www.booking.com/hotel/pk/the-executive-studio-apartment-gold-crest-mall.en-gb.html?aid=304142&label=gen173nr-10CAQoggJCDWNpdHlfLTI3NjcwNDNICVgEaLUBiAEBmAEzuAEHyAEM2AED6AEB-AEBiAIBqAIBuALBjMLTBsACAdICJDRlYmVmMGVjLTBmMjctNDNkNS05MDQ0LWY2ZTFmMzRjMjI5M9gCAeACAQ&ucfs=1&arphpl=1&checkin=2026-08-06&checkout=2026-08-07&dest_id=-2767043&dest_type=city&group_adults=2&req_adults=2&no_rooms=1&group_children=0&req_children=0&hpos=4&hapos=29&sr_order=popularity&srpvid=7b4f562059d9004c&srepoch=1785759309&all_sr_blocks=1587058401_429821757_4_0_0&highlighted_blocks=1587058401_429821757_4_0_0&matching_block_id=1587058401_429821757_4_0_0&sr_pri_blocks=1587058401_429821757_4_0_0__917939&from=searchresults,9179,7.0,9.0,Lahore,12.0,One-Bedroom Apartment,1 double bed,0,0,0,https://cf.bstatic.com/xdata/images/hotel/square240/827379958.webp?k=d14c5b6a8ffef6c381a99cbcb2ebcfff2eae0ebdc6b637390fe8cdc8815888e9&o=,11,Lahore
The Perfect Blend of Style and Comfort in Gold Crest Mall,https://www.booking.com/hotel/pk/luxury-gold-crest-mall-apartments-lahore24.en-gb.html?aid=304142&label=gen173nr-10CAQoggJCDWNpdHlfLTI3NjcwNDNICVgEaLUBiAEBmAEzuAEHyAEM2AED6AEB-AEBiAIBqAIBuALBjMLTBsACAdICJDRlYmVmMGVjLTBmMjctNDNkNS05MDQ0LWY2ZTFmMzRjMjI5M9gCAeACAQ&ucfs=1&arphpl=1&checkin=2026-08-06&checkout=2026-08-07&dest_id=-2767043&dest_type=city&group_adults=2&req_adults=2&no_rooms=1&group_children=0&req_children=0&hpos=5&hapos=30&sr_order=popularity&srpvid=7b4f562059d9004c&srepoch=1785759309&all_sr_blocks=1380924502_410189003_2_0_0_1085666&highlighted_blocks=1380924502_410189003_2_0_0_1085666&matching_block_id=1380924502_410189003_2_0_0_1085666&sr_pri_blocks=1380924502_410189003_2_0_0_1085666_1166550&from=searchresults,11666,8.8,4.0,Lahore,12.0,King Studio,1 extra-large double bed,0,1,1,https://cf.bstatic.com/xdata/images/hotel/square240/678919507.webp?k=803662f291fe7f138e60d5f782d2d4402ab7cb38de69ed04222b5e1e289c403c&o=,14,Lahore
Four Points by Sheraton Lahore,https://www.booking.com/hotel/pk/four-points-by-sheraton-lahore-pakistan.en-gb.html?aid=304142&label=gen173nr-10CAQoggJCDWNpdHlfLTI3NjcwNDNICVgEaLUBiAEBmAEzuAEHyAEM2AED6AEB-AEBiAIBqAIBuALBjMLTBsACAdICJDRlYmVmMGVjLTBmMjctNDNkNS05MDQ0LWY2ZTFmMzRjMjI5M9gCAeACAQ&ucfs=1&arphpl=1&checkin=2026-08-06&checkout=2026-08-07&dest_id=-2767043&dest_type=city&group_adults=2&req_adults=2&no_rooms=1&group_children=0&req_children=0&hpos=6&hapos=31&sr_order=popularity&srpvid=7b4f562059d9004c&srepoch=1785759309&all_sr_blocks=112448311_221346709_2_1_0&highlighted_blocks=112448311_221346709_2_1_0&matching_block_id=112448311_221346709_2_1_0&sr_pri_blocks=112448311_221346709_2_1_0__11030&from=searchresults,30650,9.0,677.0,Lahore,0.7,"Classic, Guest room, 2 Twin/Single Bed(s), City view","Classic, Guest room, 2 Twin/Single Bed(s), City view",1,1,1,https://cf.bstatic.com/xdata/images/hotel/square240/889645468.webp?k=862412bef5abd2b5f0d631ce25abefc6a2e8cbde46eba071484828a0191125be&o=,13,Lahore
One Bedroom Apartments in Gold Crest Mall DHA LHAORE,https://www.booking.com/hotel/pk/one-bedroom-apartments-in-gold-crest-mall-dha-lhaore.en-gb.html?aid=304142&label=gen173nr-10CAQoggJCDWNpdHlfLTI3NjcwNDNICVgEaLUBiAEBmAEzuAEHyAEM2AED6AEB-AEBiAIBqAIBuALBjMLTBsACAdICJDRlYmVmMGVjLTBmMjctNDNkNS05MDQ0LWY2ZTFmMzRjMjI5M9gCAeACAQ&ucfs=1&arphpl=1&checkin=2026-08-06&checkout=2026-08-07&dest_id=-2767043&dest_type=city&group_adults=2&req_adults=2&no_rooms=1&group_children=0&req_children=0&hpos=7&hapos=32&sr_order=popularity&srpvid=7b4f562059d9004c&srepoch=1785759309&all_sr_blocks=1698185401_441540754_2_1_0&highlighted_blocks=1698185401_441540754_2_1_0&matching_block_id=1698185401_441540754_2_1_0&sr_pri_blocks=1698185401_441540754_2_1_0__2720000&from=searchresults,27200,10,1.0,Lahore,12.0,One-Bedroom Suite,"2 beds (1 extra-large double, 1 sofa bed)",1,1,0,https://cf.bstatic.com/xdata/images/hotel/square240/902048932.webp?k=577800b11656b1cbae1d3424a13eb329a1e029a6920c6f6975babf2b1e27a338&o=,13,Lahore
Multiple Apartments in Lahore,https://www.booking.com/hotel/pk/multiple-apartments-in-lahore.en-gb.html?aid=304142&label=gen173nr-10CAQoggJCDWNpdHlfLTI3NjcwNDNICVgEaLUBiAEBmAEzuAEHyAEM2AED6AEB-AEBiAIBqAIBuALBjMLTBsACAdICJDRlYmVmMGVjLTBmMjctNDNkNS05MDQ0LWY2ZTFmMzRjMjI5M9gCAeACAQ&ucfs=1&arphpl=1&checkin=2026-08-06&checkout=2026-08-07&dest_id=-2767043&dest_type=city&group_adults=2&req_adults=2&no_rooms=1&group_children=0&req_children=0&hpos=8&hapos=33&sr_order=popularity&srpvid=7b4f562059d9004c&srepoch=1785759309&all_sr_blocks=1679475201_439723892_3_0_0&highlighted_blocks=1679475201_439723892_3_0_0&matching_block_id=1679475201_439723892_3_0_0&sr_pri_blocks=1679475201_439723892_3_0_0__748000&from=searchresults,7480,10,7.0,Lahore,25.8,One-Bedroom Apartment,1 double bed,0,1,1,https://cf.bstatic.com/xdata/images/hotel/square240/890674870.webp?k=0b06023dc3064971688731c6e9f41529d51bac21f2dd79b6951dca2cf48006e3&o=,5,Lahore
UHR One Bed Apartment Bahria Town Lahore,https://www.booking.com/hotel/pk/uhr-one-bed-apartment-bahria-town-lahore.en-gb.html?aid=304142&label=gen173nr-10CAQoggJCDWNpdHlfLTI3NjcwNDNICVgEaLUBiAEBmAEzuAEHyAEM2AED6AEB-AEBiAIBqAIBuALBjMLTBsACAdICJDRlYmVmMGVjLTBmMjctNDNkNS05MDQ0LWY2ZTFmMzRjMjI5M9gCAeACAQ&ucfs=1&arphpl=1&checkin=2026-08-06&checkout=2026-08-07&dest_id=-2767043&dest_type=city&group_adults=2&req_adults=2&no_rooms=1&group_children=0&req_children=0&hpos=9&hapos=34&sr_order=popularity&srpvid=7b4f562059d9004c&srepoch=1785759309&all_sr_blocks=1652683501_437231631_2_0_0&highlighted_blocks=1652683501_437231631_2_0_0&matching_block_id=1652683501_437231631_2_0_0&sr_pri_blocks=1652683501_437231631_2_0_0__960000&from=searchresults,9600,9.4,16.0,Lahore,25.8,One-Bedroom Apartment,1 double bed,0,1,1,https://cf.bstatic.com/xdata/images/hotel/square240/892355755.webp?k=c78e6567eb3899735638b8090f3d9a3e0e4b1a2339e33724fe578edbd821d0af&o=,5,Lahore
Stylish Apartments in Bahria Town Lahore,https://www.booking.com/hotel/pk/stylish-apartments-in-bahria-town-lahore.en-gb.html?aid=304142&label=gen173nr-10CAQoggJCDWNpdHlfLTI3NjcwNDNICVgEaLUBiAEBmAEzuAEHyAEM2AED6AEB-AEBiAIBqAIBuALBjMLTBsACAdICJDRlYmVmMGVjLTBmMjctNDNkNS05MDQ0LWY2ZTFmMzRjMjI5M9gCAeACAQ&ucfs=1&arphpl=1&checkin=2026-08-06&checkout=2026-08-07&dest_id=-2767043&dest_type=city&group_adults=2&req_adults=2&no_rooms=1&group_children=0&req_children=0&hpos=10&hapos=35&sr_order=popularity&srpvid=7b4f562059d9004c&srepoch=1785759309&all_sr_blocks=1679479401_439724312_3_0_0&highlighted_blocks=1679479401_439724312_3_0_0&matching_block_id=1679479401_439724312_3_0_0&sr_pri_blocks=1679479401_439724312_3_0_0__714000&from=searchresults,7140,10,10.0,Lahore,25.8,One-Bedroom Apartment,1 double bed,0,1,1,https://cf.bstatic.com/xdata/images/hotel/square240/890676629.webp?k=999a057b2b5e51515e9894295e166605b8d9e8b41708ba7f0a54d5ee9690e8c0&o=,5,Lahore
Brick House Hotel Lahore,https://www.booking.com/hotel/pk/brick-house-lahore.en-gb.html?aid=304142&label=gen173nr-10CAQoggJCDWNpdHlfLTI3NjcwNDNICVgEaLUBiAEBmAEzuAEHyAEM2AED6AEB-AEBiAIBqAIBuALBjMLTBsACAdICJDRlYmVmMGVjLTBmMjctNDNkNS05MDQ0LWY2ZTFmMzRjMjI5M9gCAeACAQ&ucfs=1&arphpl=1&checkin=2026-08-06&checkout=2026-08-07&dest_id=-2767043&dest_type=city&group_adults=2&req_adults=2&no_rooms=1&group_children=0&req_children=0&hpos=11&hapos=36&sr_order=popularity&srpvid=7b4f562059d9004c&srepoch=1785759309&all_sr_blocks=1654340201_437712476_2_1_0&highlighted_blocks=1654340201_437712476_2_1_0&matching_block_id=1654340201_437712476_2_1_0&sr_pri_blocks=1654340201_437712476_2_1_0__1215000&from=searchresults,12150,9.9,14.0,"Gulberg, Lahore",6.9,Deluxe Room,1 double bed,1,1,1,https://cf.bstatic.com/xdata/images/hotel/square240/874353545.webp?k=95f66b60a75a68fe19d4d77d57a1fcc8a1aac1d8dfee71f2aaad7cd7f32a110e&o=,4,Lahore
Hotel Holiday,https://www.booking.com/hotel/pk/holiday-lahore1.en-gb.html?aid=304142&label=gen173nr-10CAQoggJCDWNpdHlfLTI3NjcwNDNICVgEaLUBiAEBmAEzuAEHyAEM2AED6AEB-AEBiAIBqAIBuALBjMLTBsACAdICJDRlYmVmMGVjLTBmMjctNDNkNS05MDQ0LWY2ZTFmMzRjMjI5M9gCAeACAQ&ucfs=1&arphpl=1&checkin=2026-08-06&checkout=2026-08-07&dest_id=-2767043&dest_type=city&group_adults=2&req_adults=2&no_rooms=1&group_children=0&req_children=0&hpos=12&hapos=37&sr_order=popularity&srpvid=7b4f562059d9004c&srepoch=1785759309&all_sr_blocks=1109191201_383672177_2_41_0&highlighted_blocks=1109191201_383672177_2_41_0&matching_block_id=1109191201_383672177_2_41_0&sr_pri_blocks=1109191201_383672177_2_41_0__390000&from=searchresults,3900,5.5,304.0,Lahore,9.6,Deluxe Room,1 extra-large double bed,1,1,1,https://cf.bstatic.com/xdata/images/hotel/square240/578793018.webp?k=3f8bd0f18c1b369a387e94cc307f8690bcd4a340185561e01150f749d1551ffd&o=,11,Lahore
2 BHK Apartment 3 AC in Bahria Town Lahore,https://www.booking.com/hotel/pk/peaceful-stay-in-bahria-town-lahore.en-gb.html?aid=304142&label=gen173nr-10CAQoggJCDWNpdHlfLTI3NjcwNDNICVgEaLUBiAEBmAEzuAEHyAEM2AED6AEB-AEBiAIBqAIBuALBjMLTBsACAdICJDRlYmVmMGVjLTBmMjctNDNkNS05MDQ0LWY2ZTFmMzRjMjI5M9gCAeACAQ&ucfs=1&arphpl=1&checkin=2026-08-06&checkout=2026-08-07&dest_id=-2767043&dest_type=city&group_adults=2&req_adults=2&no_rooms=1&group_children=0&req_children=0&hpos=13&hapos=38&sr_order=popularity&srpvid=7b4f562059d9004c&srepoch=1785759309&all_sr_blocks=1679481802_439724474_6_0_0&highlighted_blocks=1679481802_439724474_6_0_0&matching_block_id=1679481802_439724474_6_0_0&sr_pri_blocks=1679481802_439724474_6_0_0__1600000&from=searchresults,16000,10,6.0,Lahore,25.7,King Room,2 large double beds,0,1,1,https://cf.bstatic.com/xdata/images/hotel/square240/890677899.webp?k=8ecfecdce5382970387f5fe4781a8994532805e01d9bd1c5794bcc873745ea48&o=,5,Lahore
Hotel Tulip Inn,https://www.booking.com/hotel/pk/tulip-inn-lahore1234567.en-gb.html?aid=304142&label=gen173nr-10CAQoggJCDWNpdHlfLTI3NjcwNDNICVgEaLUBiAEBmAEzuAEHyAEM2AED6AEB-AEBiAIBqAIBuALBjMLTBsACAdICJDRlYmVmMGVjLTBmMjctNDNkNS05MDQ0LWY2ZTFmMzRjMjI5M9gCAeACAQ&ucfs=1&arphpl=1&checkin=2026-08-06&checkout=2026-08-07&dest_id=-2767043&dest_type=city&group_adults=2&req_adults=2&no_rooms=1&group_children=0&req_children=0&hpos=14&hapos=39&sr_order=popularity&srpvid=7b4f562059d9004c&srepoch=1785759309&all_sr_blocks=734971302_327266764_2_0_0&highlighted_blocks=734971302_327266764_2_0_0&matching_block_id=734971302_327266764_2_0_0&sr_pri_blocks=734971302_327266764_2_0_0__440000&from=searchresults,4400,6.5,289.0,"Johar Town, Lahore",11.2,Deluxe Double Room,1 large double bed,0,1,1,https://cf.bstatic.com/xdata/images/hotel/square240/686135109.webp?k=0c5886099d77525da574d810a33f88bb130765ca6a0def8de70283e808156b6a&o=,13,Lahore
Best Western Premier Hotel Gulberg Lahore,https://www.booking.com/hotel/pk/best-western-premier-gulberg-lahore.en-gb.html?aid=304142&label=gen173nr-10CAQoggJCDWNpdHlfLTI3NjcwNDNICVgEaLUBiAEBmAEzuAEHyAEM2AED6AEB-AEBiAIBqAIBuALBjMLTBsACAdICJDRlYmVmMGVjLTBmMjctNDNkNS05MDQ0LWY2ZTFmMzRjMjI5M9gCAeACAQ&ucfs=1&arphpl=1&checkin=2026-08-06&checkout=2026-08-07&dest_id=-2767043&dest_type=city&group_adults=2&req_adults=2&no_rooms=1&group_children=0&req_children=0&hpos=15&hapos=40&sr_order=popularity&srpvid=7b4f562059d9004c&srepoch=1785759309&all_sr_blocks=719285112_405599749_2_41_0&highlighted_blocks=719285112_405599749_2_41_0&matching_block_id=719285112_405599749_2_41_0&sr_pri_blocks=719285112_405599749_2_41_0__1800000&from_sustainable_property_sr=1&from=searchresults,18000,9.1,1.0,"Gulberg, Lahore (M.M. Allam Road)",7.0,Deluxe King Room with One King Bed,Deluxe King Room with One King Bed,1,1,0,https://cf.bstatic.com/xdata/images/hotel/square240/770606119.webp?k=84f81cd2050dc5435ae723e52d1ded3b39175affeb6cc322c122a125b327d7fb&o=,14,Lahore
Modern Elite stays in Bahria Town Lahore,https://www.booking.com/hotel/pk/modern-elite-stays-in-bahria-town-lahore.en-gb.html?aid=304142&label=gen173nr-10CAQoggJCDWNpdHlfLTI3NjcwNDNICVgEaLUBiAEBmAEzuAEHyAEM2AED6AEB-AEBiAIBqAIBuALBjMLTBsACAdICJDRlYmVmMGVjLTBmMjctNDNkNS05MDQ0LWY2ZTFmMzRjMjI5M9gCAeACAQ&ucfs=1&arphpl=1&checkin=2026-08-06&checkout=2026-08-07&dest_id=-2767043&dest_type=city&group_adults=2&req_adults=2&no_rooms=1&group_children=0&req_children=0&hpos=16&hapos=41&sr_order=popularity&srpvid=7b4f562059d9004c&srepoch=1785759309&all_sr_blocks=1580306301_429130033_2_0_0&highlighted_blocks=1580306301_429130033_2_0_0&matching_block_id=1580306301_429130033_2_0_0&sr_pri_blocks=1580306301_429130033_2_0_0__625000&from=searchresults,6250,9.0,24.0,Lahore,25.7,One-Bedroom Apartment,1 double bed,0,1,1,https://cf.bstatic.com/xdata/images/hotel/square240/890866640.webp?k=2fd53540513a7b20305a1bf9b902863741a745614dfb48da4473c37dffb661cc&o=,12,Lahore
Park View Hotel Gulberg,https://www.booking.com/hotel/pk/park-view-grand-gulberg.en-gb.html?aid=304142&label=gen173nr-10CAQoggJCDWNpdHlfLTI3NjcwNDNICVgEaLUBiAEBmAEzuAEHyAEM2AED6AEB-AEBiAIBqAIBuALBjMLTBsACAdICJDRlYmVmMGVjLTBmMjctNDNkNS05MDQ0LWY2ZTFmMzRjMjI5M9gCAeACAQ&ucfs=1&arphpl=1&checkin=2026-08-06&checkout=2026-08-07&dest_id=-2767043&dest_type=city&group_adults=2&req_adults=2&no_rooms=1&group_children=0&req_children=0&hpos=17&hapos=42&sr_order=popularity&srpvid=7b4f562059d9004c&srepoch=1785759309&all_sr_blocks=1552409002_426421463_2_1_0&highlighted_blocks=1552409002_426421463_2_1_0&matching_block_id=1552409002_426421463_2_1_0&sr_pri_blocks=1552409002_426421463_2_1_0__462000&from=searchresults,4620,7.1,63.0,"Gulberg, Lahore",6.3,Deluxe Twin Room,2 single beds,1,1,1,https://cf.bstatic.com/xdata/images/hotel/square240/798552801.webp?k=cfde5479e53e520e4fb542a0ab6403a40ef5347006ead09772d46d0e0485e37a&o=,12,Lahore
"Hotel One Gulberg, Lahore",https://www.booking.com/hotel/pk/one-hussain-chowk.en-gb.html?aid=304142&label=gen173nr-10CAQoggJCDWNpdHlfLTI3NjcwNDNICVgEaLUBiAEBmAEzuAEHyAEM2AED6AEB-AEBiAIBqAIBuALBjMLTBsACAdICJDRlYmVmMGVjLTBmMjctNDNkNS05MDQ0LWY2ZTFmMzRjMjI5M9gCAeACAQ&ucfs=1&arphpl=1&checkin=2026-08-06&checkout=2026-08-07&dest_id=-2767043&dest_type=city&group_adults=2&req_adults=2&no_rooms=1&group_children=0&req_children=0&hpos=18&hapos=43&sr_order=popularity&srpvid=7b4f562059d9004c&srepoch=1785759309&all_sr_blocks=41644502_0_2_1_0&highlighted_blocks=41644502_0_2_1_0&matching_block_id=41644502_0_2_1_0&sr_pri_blocks=41644502_0_2_1_0__1506942&from=searchresults,15069,6.8,256.0,"Gulberg, Lahore",6.8,Deluxe Double or Twin Room,Beds: 1 double or 2 singles,1,1,0,https://cf.bstatic.com/xdata/images/hotel/square240/243686026.webp?k=61c8e86e01a85148d8ffdefb7017dfd8ac6a1e221ad3bab005db3e9aeecc24ac&o=,9,Lahore
Hotel Shanze Palace,https://www.booking.com/hotel/pk/shanze-palace-lahore1.en-gb.html?aid=304142&label=gen173nr-10CAQoggJCDWNpdHlfLTI3NjcwNDNICVgEaLUBiAEBmAEzuAEHyAEM2AED6AEB-AEBiAIBqAIBuALBjMLTBsACAdICJDRlYmVmMGVjLTBmMjctNDNkNS05MDQ0LWY2ZTFmMzRjMjI5M9gCAeACAQ&ucfs=1&arphpl=1&checkin=2026-08-06&checkout=2026-08-07&dest_id=-2767043&dest_type=city&group_adults=2&req_adults=2&no_rooms=1&group_children=0&req_children=0&hpos=19&hapos=44&sr_order=popularity&srpvid=7b4f562059d9004c&srepoch=1785759309&all_sr_blocks=1549236702_426230069_2_2_0&highlighted_blocks=1549236702_426230069_2_2_0&matching_block_id=1549236702_426230069_2_2_0&sr_pri_blocks=1549236702_426230069_2_2_0__600000&from=searchresults,6000,7.4,130.0,Lahore,1.5,Deluxe Double Room,1 double bed,0,1,1,https://cf.bstatic.com/xdata/images/hotel/square240/796143611.webp?k=4f12d37f70c27f188c50727fc9980e270fd23a083ef3dc844e7e91d27ae574dc&o=,8,Lahore
City view hotel lawrance road,https://www.booking.com/hotel/pk/city-view-lawrance-road.en-gb.html?aid=304142&label=gen173nr-10CAQoggJCDWNpdHlfLTI3NjcwNDNICVgEaLUBiAEBmAEzuAEHyAEM2AED6AEB-AEBiAIBqAIBuALBjMLTBsACAdICJDRlYmVmMGVjLTBmMjctNDNkNS05MDQ0LWY2ZTFmMzRjMjI5M9gCAeACAQ&ucfs=1&arphpl=1&checkin=2026-08-06&checkout=2026-08-07&dest_id=-2767043&dest_type=city&group_adults=2&req_adults=2&no_rooms=1&group_children=0&req_children=0&hpos=20&hapos=45&sr_order=popularity&srpvid=7b4f562059d9004c&srepoch=1785759309&all_sr_blocks=1341448001_406554267_2_0_0&highlighted_blocks=1341448001_406554267_2_0_0&matching_block_id=1341448001_406554267_2_0_0&sr_pri_blocks=1341448001_406554267_2_0_0__325000&from=searchresults,3250,6.1,100.0,Lahore,0.8,Deluxe Double Room,1 double bed,0,1,1,https://cf.bstatic.com/xdata/images/hotel/square240/636054854.webp?k=8514a5e6acc84906bbef5ac3c7751ad7c9e4b6753d57c038c232cd24bdd82bee&o=,8,Lahore
Private Rooms Near Raya - DHA Phase 6 Sector D Lahore,https://www.booking.com/hotel/pk/cheap-amp-comfortable-room-in-lahore-dha-near-raya.en-gb.html?aid=304142&label=gen173nr-10CAQoggJCDWNpdHlfLTI3NjcwNDNICVgEaLUBiAEBmAEzuAEHyAEM2AED6AEB-AEBiAIBqAIBuALBjMLTBsACAdICJDRlYmVmMGVjLTBmMjctNDNkNS05MDQ0LWY2ZTFmMzRjMjI5M9gCAeACAQ&ucfs=1&arphpl=1&checkin=2026-08-06&checkout=2026-08-07&dest_id=-2767043&dest_type=city&group_adults=2&req_adults=2&no_rooms=1&group_children=0&req_children=0&hpos=21&hapos=46&sr_order=popularity&srpvid=7b4f562059d9004c&srepoch=1785759309&all_sr_blocks=1540320901_425438144_2_0_0&highlighted_blocks=1540320901_425438144_2_0_0&matching_block_id=1540320901_425438144_2_0_0&sr_pri_blocks=1540320901_425438144_2_0_0__560000&from=searchresults,5600,8.5,6.0,Lahore,15.9,Double Room with Private Bathroom,1 extra-large double bed,0,1,1,https://cf.bstatic.com/xdata/images/hotel/square240/832213029.webp?k=9e70479732676c77da327641d9c81af9299a2ba6ef1d62adc76c54ae4a985084&o=,4,Lahore
Luxury One Bed Apartment Goldcrest Grand Mall and Residency DHA LHR,https://www.booking.com/hotel/pk/1-bed-luxury-near-lums.en-gb.html?aid=304142&label=gen173nr-10CAQoggJCDWNpdHlfLTI3NjcwNDNICVgEaLUBiAEBmAEzuAEHyAEM2AED6AEB-AEBiAIBqAIBuALBjMLTBsACAdICJDRlYmVmMGVjLTBmMjctNDNkNS05MDQ0LWY2ZTFmMzRjMjI5M9gCAeACAQ&ucfs=1&arphpl=1&checkin=2026-08-06&checkout=2026-08-07&dest_id=-2767043&dest_type=city&group_adults=2&req_adults=2&no_rooms=1&group_children=0&req_children=0&hpos=22&hapos=47&sr_order=popularity&srpvid=7b4f562059d9004c&srepoch=1785759309&all_sr_blocks=1074564101_380009547_0_0_0&highlighted_blocks=1074564101_380009547_0_0_0&matching_block_id=1074564101_380009547_0_0_0&sr_pri_blocks=1074564101_380009547_0_0_0__1040000&from=searchresults,10400,6.3,43.0,Lahore,13.1,One-Bedroom Apartment,"2 beds (1 sofa bed, 1 large double)",0,0,0,https://cf.bstatic.com/xdata/images/hotel/square240/611914281.webp?k=affd9a759f1171cff9ea399d828f8db5fed29ba7060292d3ec3cd1a327ea14a4&o=,8,Lahore
Ramada by Wyndham Lahore Gulberg II,https://www.booking.com/hotel/pk/ramada-lahore-gulberg-ii.en-gb.html?aid=304142&label=gen173nr-10CAQoggJCDWNpdHlfLTI3NjcwNDNICVgEaLUBiAEBmAEzuAEHyAEM2AED6AEB-AEBiAIBqAIBuALBjMLTBsACAdICJDRlYmVmMGVjLTBmMjctNDNkNS05MDQ0LWY2ZTFmMzRjMjI5M9gCAeACAQ&ucfs=1&arphpl=1&checkin=2026-08-06&checkout=2026-08-07&dest_id=-2767043&dest_type=city&group_adults=2&req_adults=2&no_rooms=1&group_children=0&req_children=0&hpos=23&hapos=48&sr_order=popularity&srpvid=7b4f562059d9004c&srepoch=1785759309&all_sr_blocks=641312311_259003189_2_1_0&highlighted_blocks=641312311_259003189_2_1_0&matching_block_id=641312311_259003189_2_1_0&sr_pri_blocks=641312311_259003189_2_1_0__3400000&from=searchresults,34000,9.0,931.0,"Gulberg, Lahore",6.8,Deluxe King Room - Non-Smoking,1 extra-large double bed,1,0,0,https://cf.bstatic.com/xdata/images/hotel/square240/284362710.webp?k=b48a701f09a1ee2f0c4a456244643a6dbaa94e31d43baed5c679a4d8063ee93c&o=,11,Lahore
Grace one hotel,https://www.booking.com/hotel/pk/grace-one.en-gb.html?aid=304142&label=gen173nr-10CAQoggJCDWNpdHlfLTI3NjcwNDNICVgEaLUBiAEBmAEzuAEHyAEM2AED6AEB-AEBiAIBqAIBuALBjMLTBsACAdICJDRlYmVmMGVjLTBmMjctNDNkNS05MDQ0LWY2ZTFmMzRjMjI5M9gCAeACAQ&ucfs=1&arphpl=1&checkin=2026-08-06&checkout=2026-08-07&dest_id=-2767043&dest_type=city&group_adults=2&req_adults=2&no_rooms=1&group_children=0&req_children=0&hpos=24&hapos=49&sr_order=popularity&srpvid=7b4f562059d9004c&srepoch=1785759309&all_sr_blocks=694745601_285631826_2_2_0&highlighted_blocks=694745601_285631826_2_2_0&matching_block_id=694745601_285631826_2_2_0&sr_pri_blocks=694745601_285631826_2_2_0__324000&from=searchresults,3240,3.6,29.0,"Gulberg, Lahore",5.3,Deluxe Double Room,1 double bed,0,0,0,https://cf.bstatic.com/xdata/images/hotel/square240/650865541.webp?k=bcb0a569cf5cb6a923e1fb6a1feb6cd6ac725cd7ff556f1db02f3bd47bc0ef02&o=,2,Lahore
Royal Modern Apartment In Bahria Lahore,https://www.booking.com/hotel/pk/sky-blue-luxury-apartment-in-bahria-lahore.en-gb.html?aid=304142&label=gen173nr-10CAQoggJCDWNpdHlfLTI3NjcwNDNICVgEaLUBiAEBmAEzuAEHyAEM2AED6AEB-AEBiAIBqAIBuALBjMLTBsACAdICJDRlYmVmMGVjLTBmMjctNDNkNS05MDQ0LWY2ZTFmMzRjMjI5M9gCAeACAQ&ucfs=1&arphpl=1&checkin=2026-08-06&checkout=2026-08-07&dest_id=-2767043&dest_type=city&group_adults=2&req_adults=2&no_rooms=1&group_children=0&req_children=0&hpos=25&hapos=50&sr_order=popularity&srpvid=7b4f562059d9004c&srepoch=1785759309&all_sr_blocks=1577849304_428895291_3_0_0&highlighted_blocks=1577849304_428895291_3_0_0&matching_block_id=1577849304_428895291_3_0_0&sr_pri_blocks=1577849304_428895291_3_0_0__560800&from=searchresults,5608,9.2,12.0,Lahore,25.5,Apartment,"2 beds (1 extra-large double, 1 sofa bed)",0,1,1,https://cf.bstatic.com/xdata/images/hotel/square240/884445528.webp?k=7b63a21f6d42b08988de98b3eb9e678238e67a02bb1358da77ba9034c9ac9437&o=,5,Lahore
Luxury Apartments & Penthouses at Goldcrest DHA Lahore,https://www.booking.com/hotel/pk/luxury-apartments-amp-penthouses-at-goldcrest-dha-lahore.en-gb.html?aid=304142&label=gen173nr-10CAQoggJCDWNpdHlfLTI3NjcwNDNICVgEaLUBiAEBmAEzuAEHyAEM2AED6AEB-AEBiAIBqAIBuALBjMLTBsACAdICJDRlYmVmMGVjLTBmMjctNDNkNS05MDQ0LWY2ZTFmMzRjMjI5M9gCAeACAQ&ucfs=1&arphpl=1&checkin=2026-08-06&checkout=2026-08-07&dest_id=-2767043&dest_type=city&group_adults=2&req_adults=2&no_rooms=1&group_children=0&req_children=0&hpos=1&hapos=51&sr_order=popularity&srpvid=7b4f562059d9004c&srepoch=1785759310&all_sr_blocks=1479044401_419371213_2_0_0&highlighted_blocks=1479044401_419371213_2_0_0&matching_block_id=1479044401_419371213_2_0_0&sr_pri_blocks=1479044401_419371213_2_0_0__1880000&from=searchresults,18800,10,3.0,Lahore,12.1,One-Bedroom Apartment,1 double bed,0,1,1,https://cf.bstatic.com/xdata/images/hotel/square240/890232671.webp?k=2c3ef9694b299b6afeebe28b6c78e0ec0c9113682e2f0917dbcb867bba25f5f2&o=,12,Lahore
Penta Prestige Hotel Apartments DHA Lahore - LMY Hospitality,https://www.booking.com/hotel/pk/gsusbjs-lahore.en-gb.html?aid=304142&label=gen173nr-10CAQoggJCDWNpdHlfLTI3NjcwNDNICVgEaLUBiAEBmAEzuAEHyAEM2AED6AEB-AEBiAIBqAIBuALBjMLTBsACAdICJDRlYmVmMGVjLTBmMjctNDNkNS05MDQ0LWY2ZTFmMzRjMjI5M9gCAeACAQ&ucfs=1&arphpl=1&checkin=2026-08-06&checkout=2026-08-07&dest_id=-2767043&dest_type=city&group_adults=2&req_adults=2&no_rooms=1&group_children=0&req_children=0&hpos=2&hapos=52&sr_order=popularity&srpvid=7b4f562059d9004c&srepoch=1785759310&all_sr_blocks=1698090301_441477124_2_1_0&highlighted_blocks=1698090301_441477124_2_1_0&matching_block_id=1698090301_441477124_2_1_0&sr_pri_blocks=1698090301_441477124_2_1_0__3297578&from=searchresults,32976,10,1.0,Lahore,14.2,One-Bedroom Apartment,"2 beds (1 double, 1 sofa bed)",1,1,1,https://cf.bstatic.com/xdata/images/hotel/square240/901328031.webp?k=e8194852c408144d7e09c50f2d993ede34405795b2659890dd142c1db7da20c1&o=,13,Lahore
Your Dream Home Awaits in Gold Crest Mall,https://www.booking.com/hotel/pk/best-luxury-gold-crest-mall-apartments.en-gb.html?aid=304142&label=gen173nr-10CAQoggJCDWNpdHlfLTI3NjcwNDNICVgEaLUBiAEBmAEzuAEHyAEM2AED6AEB-AEBiAIBqAIBuALBjMLTBsACAdICJDRlYmVmMGVjLTBmMjctNDNkNS05MDQ0LWY2ZTFmMzRjMjI5M9gCAeACAQ&ucfs=1&arphpl=1&checkin=2026-08-06&checkout=2026-08-07&dest_id=-2767043&dest_type=city&group_adults=2&req_adults=2&no_rooms=1&group_children=0&req_children=0&hpos=3&hapos=53&sr_order=popularity&srpvid=7b4f562059d9004c&srepoch=1785759310&all_sr_blocks=1380934202_410189418_2_0_0_1085663&highlighted_blocks=1380934202_410189418_2_0_0_1085663&matching_block_id=1380934202_410189418_2_0_0_1085663&sr_pri_blocks=1380934202_410189418_2_0_0_1085663_1155000&from=searchresults,11550,10,1.0,Lahore,12.0,Standard Studio,1 large double bed,0,1,1,https://cf.bstatic.com/xdata/images/hotel/square240/675935822.webp?k=363b6c08b1b45b6038f3a94e782f934a6f17601ca35b0b3e8ecc90c6ab211438&o=,14,Lahore
Goldcrest Apartment Lahore,https://www.booking.com/hotel/pk/1-bed-sweet-dream-apartment.en-gb.html?aid=304142&label=gen173nr-10CAQoggJCDWNpdHlfLTI3NjcwNDNICVgEaLUBiAEBmAEzuAEHyAEM2AED6AEB-AEBiAIBqAIBuALBjMLTBsACAdICJDRlYmVmMGVjLTBmMjctNDNkNS05MDQ0LWY2ZTFmMzRjMjI5M9gCAeACAQ&ucfs=1&arphpl=1&checkin=2026-08-06&checkout=2026-08-07&dest_id=-2767043&dest_type=city&group_adults=2&req_adults=2&no_rooms=1&group_children=0&req_children=0&hpos=4&hapos=54&sr_order=popularity&srpvid=7b4f562059d9004c&srepoch=1785759310&all_sr_blocks=1374654203_409618859_2_0_0&highlighted_blocks=1374654203_409618859_2_0_0&matching_block_id=1374654203_409618859_2_0_0&sr_pri_blocks=1374654203_409618859_2_0_0__1160000&from=searchresults,11600,8.3,3.0,Lahore,12.0,Deluxe King Studio,1 extra-large double bed,0,1,1,https://cf.bstatic.com/xdata/images/hotel/square240/656463992.webp?k=305c90d66b4447ec2a11e2e82efd65e13dcd2aab3f3a028104fd94d0937fd145&o=,5,Lahore
Zameen Opal,https://www.booking.com/hotel/pk/zameen-opal-lahore13.en-gb.html?aid=304142&label=gen173nr-10CAQoggJCDWNpdHlfLTI3NjcwNDNICVgEaLUBiAEBmAEzuAEHyAEM2AED6AEB-AEBiAIBqAIBuALBjMLTBsACAdICJDRlYmVmMGVjLTBmMjctNDNkNS05MDQ0LWY2ZTFmMzRjMjI5M9gCAeACAQ&ucfs=1&arphpl=1&checkin=2026-08-06&checkout=2026-08-07&dest_id=-2767043&dest_type=city&group_adults=2&req_adults=2&no_rooms=1&group_children=0&req_children=0&hpos=5&hapos=55&sr_order=popularity&srpvid=7b4f562059d9004c&srepoch=1785759310&all_sr_blocks=1325697001_405180256_3_0_0&highlighted_blocks=1325697001_405180256_3_0_0&matching_block_id=1325697001_405180256_3_0_0&sr_pri_blocks=1325697001_405180256_3_0_0__720000&from=searchresults,7200,7.2,24.0,Lahore,18.4,One-Bedroom Apartment,"2 beds (1 double, 1 sofa bed)",0,0,1,https://cf.bstatic.com/xdata/images/hotel/square240/625178265.webp?k=601944f16c14f7096b3cfc463f7463864da137941969a31bcec7f79879e76dda&o=,9,Lahore
Hilton Suites Lahore,https://www.booking.com/hotel/pk/hilton-suites.en-gb.html?aid=304142&label=gen173nr-10CAQoggJCDWNpdHlfLTI3NjcwNDNICVgEaLUBiAEBmAEzuAEHyAEM2AED6AEB-AEBiAIBqAIBuALBjMLTBsACAdICJDRlYmVmMGVjLTBmMjctNDNkNS05MDQ0LWY2ZTFmMzRjMjI5M9gCAeACAQ&ucfs=1&arphpl=1&checkin=2026-08-06&checkout=2026-08-07&dest_id=-2767043&dest_type=city&group_adults=2&req_adults=2&no_rooms=1&group_children=0&req_children=0&hpos=6&hapos=56&sr_order=popularity&srpvid=7b4f562059d9004c&srepoch=1785759310&all_sr_blocks=0_0_2_1_0&highlighted_blocks=0_0_2_1_0&matching_block_id=0_0_2_1_0&sr_pri_blocks=0_0_2_1_0__1468039&from=searchresults,14680,5.1,64.0,"Gulberg, Lahore (M.M. Allam Road)",6.6,Deluxe Double Room,1 extra-large double bed,1,0,0,https://cf.bstatic.com/xdata/images/hotel/square240/879785389.webp?k=6099cf6768e45ee5184cfd7e75d13967f4062bdfa08b263095b7346c87d5c7ff&o=,10,Lahore
Elevated Luxury Gold Crest Mall Apartments with Al Fatah store by HBA,https://www.booking.com/hotel/pk/wonder-full-luxury-gold-crest-mall-apartments-with-al-fatah-store.en-gb.html?aid=304142&label=gen173nr-10CAQoggJCDWNpdHlfLTI3NjcwNDNICVgEaLUBiAEBmAEzuAEHyAEM2AED6AEB-AEBiAIBqAIBuALBjMLTBsACAdICJDRlYmVmMGVjLTBmMjctNDNkNS05MDQ0LWY2ZTFmMzRjMjI5M9gCAeACAQ&ucfs=1&arphpl=1&checkin=2026-08-06&checkout=2026-08-07&dest_id=-2767043&dest_type=city&group_adults=2&req_adults=2&no_rooms=1&group_children=0&req_children=0&hpos=7&hapos=57&sr_order=popularity&srpvid=7b4f562059d9004c&srepoch=1785759310&all_sr_blocks=1380957602_410192287_2_0_0_1085654&highlighted_blocks=1380957602_410192287_2_0_0_1085654&matching_block_id=1380957602_410192287_2_0_0_1085654&sr_pri_blocks=1380957602_410192287_2_0_0_1085654_1155000&from=searchresults,11550,10,1.0,Lahore,12.0,Studio,1 double bed,0,1,1,https://cf.bstatic.com/xdata/images/hotel/square240/665202268.webp?k=ab45185a89cabcc398da490eb0b412745955ef4ef1e54c5cfefb971672cff1be&o=,12,Lahore
Luxury AC one bed apartment Bahria Town Lahore,https://www.booking.com/hotel/pk/luxury-one-bed-apartment-bahria-town-lahore.en-gb.html?aid=304142&label=gen173nr-10CAQoggJCDWNpdHlfLTI3NjcwNDNICVgEaLUBiAEBmAEzuAEHyAEM2AED6AEB-AEBiAIBqAIBuALBjMLTBsACAdICJDRlYmVmMGVjLTBmMjctNDNkNS05MDQ0LWY2ZTFmMzRjMjI5M9gCAeACAQ&ucfs=1&arphpl=1&checkin=2026-08-06&checkout=2026-08-07&dest_id=-2767043&dest_type=city&group_adults=2&req_adults=2&no_rooms=1&group_children=0&req_children=0&hpos=8&hapos=58&sr_order=popularity&srpvid=7b4f562059d9004c&srepoch=1785759310&all_sr_blocks=1642949402_434466311_3_0_0&highlighted_blocks=1642949402_434466311_3_0_0&matching_block_id=1642949402_434466311_3_0_0&sr_pri_blocks=1642949402_434466311_3_0_0__924000&from=searchresults,9240,9.5,9.0,Lahore,25.8,Apartment with City View,"2 beds (1 sofa bed, 1 large double)",0,1,1,https://cf.bstatic.com/xdata/images/hotel/square240/890659074.webp?k=1583c770b99b4b05d5a5e93cbbc89d699af25e1162ff3991eab892f8779b5209&o=,5,Lahore
Royal Boutique Hotel Lahore,https://www.booking.com/hotel/pk/royal-boutique-lahore.en-gb.html?aid=304142&label=gen173nr-10CAQoggJCDWNpdHlfLTI3NjcwNDNICVgEaLUBiAEBmAEzuAEHyAEM2AED6AEB-AEBiAIBqAIBuALBjMLTBsACAdICJDRlYmVmMGVjLTBmMjctNDNkNS05MDQ0LWY2ZTFmMzRjMjI5M9gCAeACAQ&ucfs=1&arphpl=1&checkin=2026-08-06&checkout=2026-08-07&dest_id=-2767043&dest_type=city&group_adults=2&req_adults=2&no_rooms=1&group_children=0&req_children=0&hpos=9&hapos=59&sr_order=popularity&srpvid=7b4f562059d9004c&srepoch=1785759310&all_sr_blocks=1673353701_439099031_2_1_0&highlighted_blocks=1673353701_439099031_2_1_0&matching_block_id=1673353701_439099031_2_1_0&sr_pri_blocks=1673353701_439099031_2_1_0__509915&from=searchresults,5099,,,"Johar Town, Lahore",10.5,Double Room,1 double bed,1,1,1,https://cf.bstatic.com/xdata/images/hotel/square240/887337342.webp?k=c568f85852554528c5a546c51889efa215f786c57c01288ed1254488250ecd0b&o=,8,Lahore
Royal Central Hotel Guest House Lahore,https://www.booking.com/hotel/pk/royal-central-guest-house-lahore.en-gb.html?aid=304142&label=gen173nr-10CAQoggJCDWNpdHlfLTI3NjcwNDNICVgEaLUBiAEBmAEzuAEHyAEM2AED6AEB-AEBiAIBqAIBuALBjMLTBsACAdICJDRlYmVmMGVjLTBmMjctNDNkNS05MDQ0LWY2ZTFmMzRjMjI5M9gCAeACAQ&ucfs=1&arphpl=1&checkin=2026-08-06&checkout=2026-08-07&dest_id=-2767043&dest_type=city&group_adults=2&req_adults=2&no_rooms=1&group_children=0&req_children=0&hpos=10&hapos=60&sr_order=popularity&srpvid=7b4f562059d9004c&srepoch=1785759310&all_sr_blocks=1695179701_441177783_2_1_0&highlighted_blocks=1695179701_441177783_2_1_0&matching_block_id=1695179701_441177783_2_1_0&sr_pri_blocks=1695179701_441177783_2_1_0__297500&from=searchresults,2975,,,"Johar Town, Lahore",11.8,Double Room,1 double bed,1,1,1,https://cf.bstatic.com/xdata/images/hotel/square240/899624233.webp?k=e99240addd4993e6233aaafa6c367753c79cd8ea84de0c873e925460adfc9545&o=,10,Lahore
Experience Unmatched Comfort in Gold Crest Mall by HBA,https://www.booking.com/hotel/pk/best-luxury-gold-crest-mall-apartments-with-al-fatah-store.en-gb.html?aid=304142&label=gen173nr-10CAQoggJCDWNpdHlfLTI3NjcwNDNICVgEaLUBiAEBmAEzuAEHyAEM2AED6AEB-AEBiAIBqAIBuALBjMLTBsACAdICJDRlYmVmMGVjLTBmMjctNDNkNS05MDQ0LWY2ZTFmMzRjMjI5M9gCAeACAQ&ucfs=1&arphpl=1&checkin=2026-08-06&checkout=2026-08-07&dest_id=-2767043&dest_type=city&group_adults=2&req_adults=2&no_rooms=1&group_children=0&req_children=0&hpos=11&hapos=61&sr_order=popularity&srpvid=7b4f562059d9004c&srepoch=1785759310&all_sr_blocks=1380931802_410189303_2_0_0_1085664&highlighted_blocks=1380931802_410189303_2_0_0_1085664&matching_block_id=1380931802_410189303_2_0_0_1085664&sr_pri_blocks=1380931802_410189303_2_0_0_1085664_1350000&from=searchresults,13500,10,3.0,Lahore,12.0,Queen Studio,1 extra-large double bed,0,1,1,https://cf.bstatic.com/xdata/images/hotel/square240/676687957.webp?k=66e14dd91984ca88b99ef7ff3b83f5628bad4abd41801d5edf0d4a9b5e44a2c2&o=,14,Lahore
brick hotel & luxury suites,https://www.booking.com/hotel/pk/brick-amp-luxury-suites.en-gb.html?aid=304142&label=gen173nr-10CAQoggJCDWNpdHlfLTI3NjcwNDNICVgEaLUBiAEBmAEzuAEHyAEM2AED6AEB-AEBiAIBqAIBuALBjMLTBsACAdICJDRlYmVmMGVjLTBmMjctNDNkNS05MDQ0LWY2ZTFmMzRjMjI5M9gCAeACAQ&ucfs=1&arphpl=1&checkin=2026-08-06&checkout=2026-08-07&dest_id=-2767043&dest_type=city&group_adults=2&req_adults=2&no_rooms=1&group_children=0&req_children=0&hpos=12&hapos=62&sr_order=popularity&srpvid=7b4f562059d9004c&srepoch=1785759310&all_sr_blocks=1664280003_438284524_2_1_0&highlighted_blocks=1664280003_438284524_2_1_0&matching_block_id=1664280003_438284524_2_1_0&sr_pri_blocks=1664280003_438284524_2_1_0__900000&from=searchresults,9000,7.5,4.0,Lahore,3.9,Studio,1 double bed,1,1,1,https://cf.bstatic.com/xdata/images/hotel/square240/882557274.webp?k=2048dfbd24a2166a051a1d0152e0ecd14e281ee44b66f0ed72afa67081b2241b&o=,4,Lahore
Your Destination for Style and Sophistication in Gold Crest Mall by HBA,https://www.booking.com/hotel/pk/luxury-gold-crest-mall-apartments-lahore23.en-gb.html?aid=304142&label=gen173nr-10CAQoggJCDWNpdHlfLTI3NjcwNDNICVgEaLUBiAEBmAEzuAEHyAEM2AED6AEB-AEBiAIBqAIBuALBjMLTBsACAdICJDRlYmVmMGVjLTBmMjctNDNkNS05MDQ0LWY2ZTFmMzRjMjI5M9gCAeACAQ&ucfs=1&arphpl=1&checkin=2026-08-06&checkout=2026-08-07&dest_id=-2767043&dest_type=city&group_adults=2&req_adults=2&no_rooms=1&group_children=0&req_children=0&hpos=13&hapos=63&sr_order=popularity&srpvid=7b4f562059d9004c&srepoch=1785759310&all_sr_blocks=1380895102_410186607_4_0_0_1085669&highlighted_blocks=1380895102_410186607_4_0_0_1085669&matching_block_id=1380895102_410186607_4_0_0_1085669&sr_pri_blocks=1380895102_410186607_4_0_0_1085669_1138500&from=searchresults,11385,6.5,2.0,Lahore,12.0,Queen Studio,1 extra-large double bed,0,1,1,https://cf.bstatic.com/xdata/images/hotel/square240/681070084.webp?k=d1898cd22aadae52e867b10853e2a438aaebc5304cfddf7c3b15cf9e802bd3c8&o=,14,Lahore
Zavari Haus,https://www.booking.com/hotel/pk/zavari-haus-lahore.en-gb.html?aid=304142&label=gen173nr-10CAQoggJCDWNpdHlfLTI3NjcwNDNICVgEaLUBiAEBmAEzuAEHyAEM2AED6AEB-AEBiAIBqAIBuALBjMLTBsACAdICJDRlYmVmMGVjLTBmMjctNDNkNS05MDQ0LWY2ZTFmMzRjMjI5M9gCAeACAQ&ucfs=1&arphpl=1&checkin=2026-08-06&checkout=2026-08-07&dest_id=-2767043&dest_type=city&group_adults=2&req_adults=2&no_rooms=1&group_children=0&req_children=0&hpos=14&hapos=64&sr_order=popularity&srpvid=7b4f562059d9004c&srepoch=1785759310&all_sr_blocks=1689465101_440596244_3_0_0&highlighted_blocks=1689465101_440596244_3_0_0&matching_block_id=1689465101_440596244_3_0_0&sr_pri_blocks=1689465101_440596244_3_0_0__594915&from=searchresults,5949,9.3,3.0,Lahore,25.6,One-Bedroom Apartment,"3 beds (1 double, 2 sofa beds)",0,1,1,https://cf.bstatic.com/xdata/images/hotel/square240/895441194.webp?k=04c60dc3e2b6ee846c0354b7d79ccf5efc21f6ccf867d46491f0f96ecabaf0b9&o=,4,Lahore
Velnora Hotel,https://www.booking.com/hotel/pk/velnora.en-gb.html?aid=304142&label=gen173nr-10CAQoggJCDWNpdHlfLTI3NjcwNDNICVgEaLUBiAEBmAEzuAEHyAEM2AED6AEB-AEBiAIBqAIBuALBjMLTBsACAdICJDRlYmVmMGVjLTBmMjctNDNkNS05MDQ0LWY2ZTFmMzRjMjI5M9gCAeACAQ&ucfs=1&arphpl=1&checkin=2026-08-06&checkout=2026-08-07&dest_id=-2767043&dest_type=city&group_adults=2&req_adults=2&no_rooms=1&group_children=0&req_children=0&hpos=15&hapos=65&sr_order=popularity&srpvid=7b4f562059d9004c&srepoch=1785759310&all_sr_blocks=1697953001_441638433_2_0_0&highlighted_blocks=1697953001_441638433_2_0_0&matching_block_id=1697953001_441638433_2_0_0&sr_pri_blocks=1697953001_441638433_2_0_0__331500&from=searchresults,3315,,,"Gulberg, Lahore",7.1,Double Room with Private Bathroom,1 double bed,0,0,1,https://cf.bstatic.com/xdata/images/hotel/square240/902461940.webp?k=29fa7db02ba3623fe74a9e01c536ecf35ea4436b9f7d095911a267ffdd5e8043&o=,13,Lahore
Avari Lahore Hotel,https://www.booking.com/hotel/pk/avari-lahore.en-gb.html?aid=304142&label=gen173nr-10CAQoggJCDWNpdHlfLTI3NjcwNDNICVgEaLUBiAEBmAEzuAEHyAEM2AED6AEB-AEBiAIBqAIBuALBjMLTBsACAdICJDRlYmVmMGVjLTBmMjctNDNkNS05MDQ0LWY2ZTFmMzRjMjI5M9gCAeACAQ&ucfs=1&arphpl=1&checkin=2026-08-06&checkout=2026-08-07&dest_id=-2767043&dest_type=city&group_adults=2&req_adults=2&no_rooms=1&group_children=0&req_children=0&hpos=16&hapos=66&sr_order=popularity&srpvid=7b4f562059d9004c&srepoch=1785759310&all_sr_blocks=125708302_94014968_2_41_0&highlighted_blocks=125708302_94014968_2_41_0&matching_block_id=125708302_94014968_2_41_0&sr_pri_blocks=125708302_94014968_2_41_0__11484&from=searchresults,31912,8.0,387.0,Lahore,1.2,Avari World Traveler Room,Beds: 1 double or 2 singles,1,0,0,https://cf.bstatic.com/xdata/images/hotel/square240/881389016.webp?k=d989ccd17bf54d8e6f9726b6918f1d7dc95bc302449c10cc68de5eaa40846cbb&o=,14,Lahore
Vibe Inn apartments,https://www.booking.com/hotel/pk/vibe-inn-apartments.en-gb.html?aid=304142&label=gen173nr-10CAQoggJCDWNpdHlfLTI3NjcwNDNICVgEaLUBiAEBmAEzuAEHyAEM2AED6AEB-AEBiAIBqAIBuALBjMLTBsACAdICJDRlYmVmMGVjLTBmMjctNDNkNS05MDQ0LWY2ZTFmMzRjMjI5M9gCAeACAQ&ucfs=1&arphpl=1&checkin=2026-08-06&checkout=2026-08-07&dest_id=-2767043&dest_type=city&group_adults=2&req_adults=2&no_rooms=1&group_children=0&req_children=0&hpos=17&hapos=67&sr_order=popularity&srpvid=7b4f562059d9004c&srepoch=1785759310&all_sr_blocks=1668062102_438635167_2_0_0&highlighted_blocks=1668062102_438635167_2_0_0&matching_block_id=1668062102_438635167_2_0_0&sr_pri_blocks=1668062102_438635167_2_0_0__578000&from=searchresults,5780,7.7,4.0,Lahore,25.5,One-Bedroom Apartment,"2 beds (1 double, 1 sofa bed)",0,1,1,https://cf.bstatic.com/xdata/images/hotel/square240/883612659.webp?k=e5854dd4065a5ea384820e0e524f6cae843ea127c0e1550d6e70196aa7035774&o=,5,Lahore
City View Hotel & Restaurant,https://www.booking.com/hotel/pk/city-view-amp-restaurant.en-gb.html?aid=304142&label=gen173nr-10CAQoggJCDWNpdHlfLTI3NjcwNDNICVgEaLUBiAEBmAEzuAEHyAEM2AED6AEB-AEBiAIBqAIBuALBjMLTBsACAdICJDRlYmVmMGVjLTBmMjctNDNkNS05MDQ0LWY2ZTFmMzRjMjI5M9gCAeACAQ&ucfs=1&arphpl=1&checkin=2026-08-06&checkout=2026-08-07&dest_id=-2767043&dest_type=city&group_adults=2&req_adults=2&no_rooms=1&group_children=0&req_children=0&hpos=18&hapos=68&sr_order=popularity&srpvid=7b4f562059d9004c&srepoch=1785759310&all_sr_blocks=268143303_431122703_2_1_0&highlighted_blocks=268143303_431122703_2_1_0&matching_block_id=268143303_431122703_2_1_0&sr_pri_blocks=268143303_431122703_2_1_0__495000&from=searchresults,4950,7.8,533.0,Lahore,4.6,Deluxe Twin Room,2 single beds,1,1,0,https://cf.bstatic.com/xdata/images/hotel/square240/203823013.webp?k=8567e85663a31ef5b39308d6ea5937ed9949e22bba6b3613d568363234824f57&o=,10,Lahore
The Amanah Mall Apartments,https://www.booking.com/hotel/pk/chic-one-bedrom-servced-apartments.en-gb.html?aid=304142&label=gen173nr-10CAQoggJCDWNpdHlfLTI3NjcwNDNICVgEaLUBiAEBmAEzuAEHyAEM2AED6AEB-AEBiAIBqAIBuALBjMLTBsACAdICJDRlYmVmMGVjLTBmMjctNDNkNS05MDQ0LWY2ZTFmMzRjMjI5M9gCAeACAQ&ucfs=1&arphpl=1&checkin=2026-08-06&checkout=2026-08-07&dest_id=-2767043&dest_type=city&group_adults=2&req_adults=2&no_rooms=1&group_children=0&req_children=0&hpos=19&hapos=69&sr_order=popularity&srpvid=7b4f562059d9004c&srepoch=1785759310&all_sr_blocks=1511662501_424118386_2_0_0&highlighted_blocks=1511662501_424118386_2_0_0&matching_block_id=1511662501_424118386_2_0_0&sr_pri_blocks=1511662501_424118386_2_0_0__1400000&from=searchresults,14000,8.9,77.0,Lahore,10.6,One-Bedroom Apartment,1 extra-large double bed,0,1,1,https://cf.bstatic.com/xdata/images/hotel/square240/774903955.webp?k=249e02738e9ef61b87db11b6a34d259e9668a23e0ce312a5e7b9deb86398e8f9&o=,12,Lahore
Dimora Hotel Anarkali,https://www.booking.com/hotel/pk/dimora-lahore2.en-gb.html?aid=304142&label=gen173nr-10CAQoggJCDWNpdHlfLTI3NjcwNDNICVgEaLUBiAEBmAEzuAEHyAEM2AED6AEB-AEBiAIBqAIBuALBjMLTBsACAdICJDRlYmVmMGVjLTBmMjctNDNkNS05MDQ0LWY2ZTFmMzRjMjI5M9gCAeACAQ&ucfs=1&arphpl=1&checkin=2026-08-06&checkout=2026-08-07&dest_id=-2767043&dest_type=city&group_adults=2&req_adults=2&no_rooms=1&group_children=0&req_children=0&hpos=20&hapos=70&sr_order=popularity&srpvid=7b4f562059d9004c&srepoch=1785759310&all_sr_blocks=1465740301_417895627_0_2_0&highlighted_blocks=1465740301_417895627_0_2_0&matching_block_id=1465740301_417895627_0_2_0&sr_pri_blocks=1465740301_417895627_0_2_0__719100&from=searchresults,7191,7.9,61.0,Lahore,1.4,Standard King Room,1 double bed,0,1,1,https://cf.bstatic.com/xdata/images/hotel/square240/723162502.webp?k=5a07a6a6c8bdc740dd392ff386c2c9021d58166c6bf590ceb424c61fa347f81f&o=,10,Lahore
Ilva Hotel,https://www.booking.com/hotel/pk/ilva-lahore3.en-gb.html?aid=304142&label=gen173nr-10CAQoggJCDWNpdHlfLTI3NjcwNDNICVgEaLUBiAEBmAEzuAEHyAEM2AED6AEB-AEBiAIBqAIBuALBjMLTBsACAdICJDRlYmVmMGVjLTBmMjctNDNkNS05MDQ0LWY2ZTFmMzRjMjI5M9gCAeACAQ&ucfs=1&arphpl=1&checkin=2026-08-06&checkout=2026-08-07&dest_id=-2767043&dest_type=city&group_adults=2&req_adults=2&no_rooms=1&group_children=0&req_children=0&hpos=21&hapos=71&sr_order=popularity&srpvid=7b4f562059d9004c&srepoch=1785759310&all_sr_blocks=1531907405_424711919_3_1_0&highlighted_blocks=1531907405_424711919_3_1_0&matching_block_id=1531907405_424711919_3_1_0&sr_pri_blocks=1531907405_424711919_3_1_0__870000&from=searchresults,8700,7.4,6.0,Lahore,5.3,Twin Room with Bath,"3 beds (2 singles, 1 futon)",1,1,1,https://cf.bstatic.com/xdata/images/hotel/square240/781313220.webp?k=a23d2793ba0a8359ecc9317425a2eaa8c29ad1774dce7df5bb86c2f80076f5d0&o=,10,Lahore
Gulberg Zameen aurum one bed,https://www.booking.com/hotel/pk/gulberg-zameen-aurum-one-bed.en-gb.html?aid=304142&label=gen173nr-10CAQoggJCDWNpdHlfLTI3NjcwNDNICVgEaLUBiAEBmAEzuAEHyAEM2AED6AEB-AEBiAIBqAIBuALBjMLTBsACAdICJDRlYmVmMGVjLTBmMjctNDNkNS05MDQ0LWY2ZTFmMzRjMjI5M9gCAeACAQ&ucfs=1&arphpl=1&checkin=2026-08-06&checkout=2026-08-07&dest_id=-2767043&dest_type=city&group_adults=2&req_adults=2&no_rooms=1&group_children=0&req_children=0&hpos=22&hapos=72&sr_order=popularity&srpvid=7b4f562059d9004c&srepoch=1785759310&all_sr_blocks=1603329501_431283223_3_0_0&highlighted_blocks=1603329501_431283223_3_0_0&matching_block_id=1603329501_431283223_3_0_0&sr_pri_blocks=1603329501_431283223_3_0_0__1200000&from=searchresults,12000,9.8,4.0,"Gulberg, Lahore",5.8,One-Bedroom Apartment,1 double bed,0,1,1,https://cf.bstatic.com/xdata/images/hotel/square240/840714645.webp?k=884b015453baf748ae92f7f63a2dc1ec4a0c3913f0020d04129ca97a9e7494a4&o=,5,Lahore
Premier Inn Express Gulberg Lahore,https://www.booking.com/hotel/pk/premier-inn-express.en-gb.html?aid=304142&label=gen173nr-10CAQoggJCDWNpdHlfLTI3NjcwNDNICVgEaLUBiAEBmAEzuAEHyAEM2AED6AEB-AEBiAIBqAIBuALBjMLTBsACAdICJDRlYmVmMGVjLTBmMjctNDNkNS05MDQ0LWY2ZTFmMzRjMjI5M9gCAeACAQ&ucfs=1&arphpl=1&checkin=2026-08-06&checkout=2026-08-07&dest_id=-2767043&dest_type=city&group_adults=2&req_adults=2&no_rooms=1&group_children=0&req_children=0&hpos=23&hapos=73&sr_order=popularity&srpvid=7b4f562059d9004c&srepoch=1785759310&all_sr_blocks=1010944401_392526256_2_41_0&highlighted_blocks=1010944401_392526256_2_41_0&matching_block_id=1010944401_392526256_2_41_0&sr_pri_blocks=1010944401_392526256_2_41_0__600010&from=searchresults,6000,7.7,248.0,Lahore,8.0,Deluxe Double Room,1 double bed,1,1,1,https://cf.bstatic.com/xdata/images/hotel/square240/565483741.webp?k=6e8705a1eb238d664b9728ad5aa1bef01e9e67b220c8659a6e2ed3b03a5d414b&o=,12,Lahore
"Hotel One Tower Gulberg, Lahore",https://www.booking.com/hotel/pk/one-cavalry.en-gb.html?aid=304142&label=gen173nr-10CAQoggJCDWNpdHlfLTI3NjcwNDNICVgEaLUBiAEBmAEzuAEHyAEM2AED6AEB-AEBiAIBqAIBuALBjMLTBsACAdICJDRlYmVmMGVjLTBmMjctNDNkNS05MDQ0LWY2ZTFmMzRjMjI5M9gCAeACAQ&ucfs=1&arphpl=1&checkin=2026-08-06&checkout=2026-08-07&dest_id=-2767043&dest_type=city&group_adults=2&req_adults=2&no_rooms=1&group_children=0&req_children=0&hpos=24&hapos=74&sr_order=popularity&srpvid=7b4f562059d9004c&srepoch=1785759310&all_sr_blocks=0_0_2_0_0&highlighted_blocks=0_0_2_0_0&matching_block_id=0_0_2_0_0&sr_pri_blocks=0_0_2_0_0__1538342&from=searchresults,15383,8.3,358.0,"Gulberg, Lahore",6.1,Deluxe King Room,1 extra-large double bed,0,0,0,https://cf.bstatic.com/xdata/images/hotel/square240/349038970.webp?k=6e723a0b44f86dacf3cc46ab9f106fafbc93a4a06e216e3279ea6fa0f07dc23a&o=,8,Lahore
Grand Swiss Hotel&Apartment Lahore,https://www.booking.com/hotel/pk/grand-swiss-amp-apartment-lahore.en-gb.html?aid=304142&label=gen173nr-10CAQoggJCDWNpdHlfLTI3NjcwNDNICVgEaLUBiAEBmAEzuAEHyAEM2AED6AEB-AEBiAIBqAIBuALBjMLTBsACAdICJDRlYmVmMGVjLTBmMjctNDNkNS05MDQ0LWY2ZTFmMzRjMjI5M9gCAeACAQ&ucfs=1&arphpl=1&checkin=2026-08-06&checkout=2026-08-07&dest_id=-2767043&dest_type=city&group_adults=2&req_adults=2&no_rooms=1&group_children=0&req_children=0&hpos=25&hapos=75&sr_order=popularity&srpvid=7b4f562059d9004c&srepoch=1785759310&all_sr_blocks=869955901_394550400_0_2_0&highlighted_blocks=869955901_394550400_0_2_0&matching_block_id=869955901_394550400_0_2_0&sr_pri_blocks=869955901_394550400_0_2_0__855000&from=searchresults,8550,7.3,139.0,"Johar Town, Lahore",11.5,Deluxe Double Room,1 double bed,0,1,1,https://cf.bstatic.com/xdata/images/hotel/square240/523957421.webp?k=5af1bcf67eb9175efe08a1d6b4b8237ef4ef5941231d1debbb3baf527a629033&o=,10,Lahore
New Taj Hotel,https://www.booking.com/hotel/pk/new-taj.en-gb.html?aid=304142&label=gen173nr-10CAQoggJCDWNpdHlfLTI3NjcwNDNICVgEaLUBiAEBmAEzuAEHyAEM2AED6AEB-AEBiAIBqAIBuALBjMLTBsACAdICJDRlYmVmMGVjLTBmMjctNDNkNS05MDQ0LWY2ZTFmMzRjMjI5M9gCAeACAQ&ucfs=1&arphpl=1&checkin=2026-08-06&checkout=2026-08-07&dest_id=-2767043&dest_type=city&group_adults=2&req_adults=2&no_rooms=1&group_children=0&req_children=0&hpos=1&hapos=76&sr_order=popularity&srpvid=7b4f562059d9004c&srepoch=1785759313&all_sr_blocks=723970703_310050720_0_2_0&highlighted_blocks=723970703_310050720_0_2_0&matching_block_id=723970703_310050720_0_2_0&sr_pri_blocks=723970703_310050720_0_2_0__255000&from=searchresults,2550,3.6,184.0,Lahore,5.0,Budget Double or Twin Room,1 double bed,0,1,1,https://cf.bstatic.com/xdata/images/hotel/square240/727823372.webp?k=de8f4b6c542f07678322e257b656f46238861c299bc0bb242b9880df5df94b11&o=,8,Lahore
Family Guest House Lahore Near Airport,https://www.booking.com/hotel/pk/family-guest-house-lahore-near-airport.en-gb.html?aid=304142&label=gen173nr-10CAQoggJCDWNpdHlfLTI3NjcwNDNICVgEaLUBiAEBmAEzuAEHyAEM2AED6AEB-AEBiAIBqAIBuALBjMLTBsACAdICJDRlYmVmMGVjLTBmMjctNDNkNS05MDQ0LWY2ZTFmMzRjMjI5M9gCAeACAQ&ucfs=1&arphpl=1&checkin=2026-08-06&checkout=2026-08-07&dest_id=-2767043&dest_type=city&group_adults=2&req_adults=2&no_rooms=1&group_children=0&req_children=0&hpos=2&hapos=77&sr_order=popularity&srpvid=7b4f562059d9004c&srepoch=1785759313&all_sr_blocks=810802807_343245552_2_0_0&highlighted_blocks=810802807_343245552_2_0_0&matching_block_id=810802807_343245552_2_0_0&sr_pri_blocks=810802807_343245552_2_0_0__250000&from=searchresults,2500,5.4,74.0,Lahore,10.7,Budget Double Room,1 extra-large double bed,0,1,1,https://cf.bstatic.com/xdata/images/hotel/square240/334684517.webp?k=25ba8cd210ff7b1a4ead13002b16a169302b850336c5a10f05a187f1304fe017&o=,4,Lahore
Palm East Hotel,https://www.booking.com/hotel/pk/palm-east.en-gb.html?aid=304142&label=gen173nr-10CAQoggJCDWNpdHlfLTI3NjcwNDNICVgEaLUBiAEBmAEzuAEHyAEM2AED6AEB-AEBiAIBqAIBuALBjMLTBsACAdICJDRlYmVmMGVjLTBmMjctNDNkNS05MDQ0LWY2ZTFmMzRjMjI5M9gCAeACAQ&ucfs=1&arphpl=1&checkin=2026-08-06&checkout=2026-08-07&dest_id=-2767043&dest_type=city&group_adults=2&req_adults=2&no_rooms=1&group_children=0&req_children=0&hpos=3&hapos=78&sr_order=popularity&srpvid=7b4f562059d9004c&srepoch=1785759313&all_sr_blocks=1667245901_438546778_2_1_0&highlighted_blocks=1667245901_438546778_2_1_0&matching_block_id=1667245901_438546778_2_1_0&sr_pri_blocks=1667245901_438546778_2_1_0__495720&from=searchresults,4957,10,1.0,Lahore,4.0,Deluxe Room,1 double bed,1,1,1,https://cf.bstatic.com/xdata/images/hotel/square240/883141940.webp?k=61f506e8123f39fba0dc8291ec57a3becde1a58fdf17bc53ba9599ebd5f14b5f&o=,8,Lahore
DHA Phase 6 - Budget Rooms Near Raya & Dolmen Mall,https://www.booking.com/hotel/pk/dha-phase-6-budget-rooms-near-raya-amp-dolmen-mall.en-gb.html?aid=304142&label=gen173nr-10CAQoggJCDWNpdHlfLTI3NjcwNDNICVgEaLUBiAEBmAEzuAEHyAEM2AED6AEB-AEBiAIBqAIBuALBjMLTBsACAdICJDRlYmVmMGVjLTBmMjctNDNkNS05MDQ0LWY2ZTFmMzRjMjI5M9gCAeACAQ&ucfs=1&arphpl=1&checkin=2026-08-06&checkout=2026-08-07&dest_id=-2767043&dest_type=city&group_adults=2&req_adults=2&no_rooms=1&group_children=0&req_children=0&hpos=4&hapos=79&sr_order=popularity&srpvid=7b4f562059d9004c&srepoch=1785759313&all_sr_blocks=1551315101_426385316_3_0_0&highlighted_blocks=1551315101_426385316_3_0_0&matching_block_id=1551315101_426385316_3_0_0&sr_pri_blocks=1551315101_426385316_3_0_0__600000&from=searchresults,6000,7.0,16.0,Lahore,15.5,Deluxe Double Room,1 double bed,0,0,1,https://cf.bstatic.com/xdata/images/hotel/square240/797187412.webp?k=bf74e7e1b3929f0755bd5bdbd976a43a44b5360133897e84f9b810f16169d51a&o=,3,Lahore
Hotel Royal Gardens Lahore,https://www.booking.com/hotel/pk/royal-garden.en-gb.html?aid=304142&label=gen173nr-10CAQoggJCDWNpdHlfLTI3NjcwNDNICVgEaLUBiAEBmAEzuAEHyAEM2AED6AEB-AEBiAIBqAIBuALBjMLTBsACAdICJDRlYmVmMGVjLTBmMjctNDNkNS05MDQ0LWY2ZTFmMzRjMjI5M9gCAeACAQ&ucfs=1&arphpl=1&checkin=2026-08-06&checkout=2026-08-07&dest_id=-2767043&dest_type=city&group_adults=2&req_adults=2&no_rooms=1&group_children=0&req_children=0&hpos=5&hapos=80&sr_order=popularity&srpvid=7b4f562059d9004c&srepoch=1785759313&all_sr_blocks=244908104_194885148_2_0_0&highlighted_blocks=244908104_194885148_2_0_0&matching_block_id=244908104_194885148_2_0_0&sr_pri_blocks=244908104_194885148_2_0_0__699900&from=searchresults,6999,3.8,36.0,Lahore,1.9,Deluxe Double Room,2 single beds,0,1,1,https://cf.bstatic.com/xdata/images/hotel/square240/218434954.webp?k=52e98d6af5955a47272443dc977a23bbee4ca689980163445bc5d1ff01594b1a&o=,4,Lahore
Tameer Lifestyles,https://www.booking.com/hotel/pk/tameer-lifestyles.en-gb.html?aid=304142&label=gen173nr-10CAQoggJCDWNpdHlfLTI3NjcwNDNICVgEaLUBiAEBmAEzuAEHyAEM2AED6AEB-AEBiAIBqAIBuALBjMLTBsACAdICJDRlYmVmMGVjLTBmMjctNDNkNS05MDQ0LWY2ZTFmMzRjMjI5M9gCAeACAQ&ucfs=1&arphpl=1&checkin=2026-08-06&checkout=2026-08-07&dest_id=-2767043&dest_type=city&group_adults=2&req_adults=2&no_rooms=1&group_children=0&req_children=0&hpos=6&hapos=81&sr_order=popularity&srpvid=7b4f562059d9004c&srepoch=1785759313&all_sr_blocks=1509289801_422688100_0_0_0_1442637&highlighted_blocks=1509289801_422688100_0_0_0_1442637&matching_block_id=1509289801_422688100_0_0_0_1442637&sr_pri_blocks=1509289801_422688100_0_0_0_1442637_1150000&from=searchresults,11500,9.1,25.0,Lahore,11.6,Two-Bedroom Apartment,2 double beds,0,1,1,https://cf.bstatic.com/xdata/images/hotel/square240/762691722.webp?k=055597cd29cf2574fc7d91655baa5a04af3277890f1bb68581c6570560a8e28d&o=,4,Lahore
Penthouse with balcony in GoldCrest DHA,https://www.booking.com/hotel/pk/penthouse-with-balcony-in-goldcrest-dha.en-gb.html?aid=304142&label=gen173nr-10CAQoggJCDWNpdHlfLTI3NjcwNDNICVgEaLUBiAEBmAEzuAEHyAEM2AED6AEB-AEBiAIBqAIBuALBjMLTBsACAdICJDRlYmVmMGVjLTBmMjctNDNkNS05MDQ0LWY2ZTFmMzRjMjI5M9gCAeACAQ&ucfs=1&arphpl=1&checkin=2026-08-06&checkout=2026-08-07&dest_id=-2767043&dest_type=city&group_adults=2&req_adults=2&no_rooms=1&group_children=0&req_children=0&hpos=7&hapos=82&sr_order=popularity&srpvid=7b4f562059d9004c&srepoch=1785759313&all_sr_blocks=1203406601_419477684_0_0_0&highlighted_blocks=1203406601_419477684_0_0_0&matching_block_id=1203406601_419477684_0_0_0&sr_pri_blocks=1203406601_419477684_0_0_0__3168000&from=searchresults,31680,9.0,16.0,Lahore,12.0,Three-Bedroom Apartment with Balcony,"4 beds (1 single, 2 doubles, 1 sofa bed)",0,1,1,https://cf.bstatic.com/xdata/images/hotel/square240/555770914.webp?k=c2e0642c8615334b76074e4cdaed850399fa498616b084aa38a14c1baa1d1f91&o=,13,Lahore
Gold Pine Hotel Mall Road,https://www.booking.com/hotel/pk/gold-pine-mall-road.en-gb.html?aid=304142&label=gen173nr-10CAQoggJCDWNpdHlfLTI3NjcwNDNICVgEaLUBiAEBmAEzuAEHyAEM2AED6AEB-AEBiAIBqAIBuALBjMLTBsACAdICJDRlYmVmMGVjLTBmMjctNDNkNS05MDQ0LWY2ZTFmMzRjMjI5M9gCAeACAQ&ucfs=1&arphpl=1&checkin=2026-08-06&checkout=2026-08-07&dest_id=-2767043&dest_type=city&group_adults=2&req_adults=2&no_rooms=1&group_children=0&req_children=0&hpos=8&hapos=83&sr_order=popularity&srpvid=7b4f562059d9004c&srepoch=1785759313&all_sr_blocks=1571577602_428228128_2_1_0&highlighted_blocks=1571577602_428228128_2_1_0&matching_block_id=1571577602_428228128_2_1_0&sr_pri_blocks=1571577602_428228128_2_1_0__852000&from=searchresults,8520,9.1,160.0,"Mall Road, Lahore (Mall Road)",1.3,Deluxe Twin Room,2 single beds,1,1,1,https://cf.bstatic.com/xdata/images/hotel/square240/814698443.webp?k=a9f677549bbcd60a5e072683d1576e5da77f311b9bd8eb0852ed9be47a464ff0&o=,12,Lahore
SM residence,https://www.booking.com/hotel/pk/sm-residence.en-gb.html?aid=304142&label=gen173nr-10CAQoggJCDWNpdHlfLTI3NjcwNDNICVgEaLUBiAEBmAEzuAEHyAEM2AED6AEB-AEBiAIBqAIBuALBjMLTBsACAdICJDRlYmVmMGVjLTBmMjctNDNkNS05MDQ0LWY2ZTFmMzRjMjI5M9gCAeACAQ&ucfs=1&arphpl=1&checkin=2026-08-06&checkout=2026-08-07&dest_id=-2767043&dest_type=city&group_adults=2&req_adults=2&no_rooms=1&group_children=0&req_children=0&hpos=9&hapos=84&sr_order=popularity&srpvid=7b4f562059d9004c&srepoch=1785759313&all_sr_blocks=1637927601_434117307_0_0_0&highlighted_blocks=1637927601_434117307_0_0_0&matching_block_id=1637927601_434117307_0_0_0&sr_pri_blocks=1637927601_434117307_0_0_0__585000&from=searchresults,5850,8.0,6.0,Lahore,13.1,Double Room,1 large double bed,0,1,1,https://cf.bstatic.com/xdata/images/hotel/square240/865630773.webp?k=9cd192931b4183394e53474514f58f46db8d5a2cdaea08fc433035762e3a321e&o=,4,Lahore
Hotel Tulip INN Faisal Town,https://www.booking.com/hotel/pk/tulip-inn-faisal-town.en-gb.html?aid=304142&label=gen173nr-10CAQoggJCDWNpdHlfLTI3NjcwNDNICVgEaLUBiAEBmAEzuAEHyAEM2AED6AEB-AEBiAIBqAIBuALBjMLTBsACAdICJDRlYmVmMGVjLTBmMjctNDNkNS05MDQ0LWY2ZTFmMzRjMjI5M9gCAeACAQ&ucfs=1&arphpl=1&checkin=2026-08-06&checkout=2026-08-07&dest_id=-2767043&dest_type=city&group_adults=2&req_adults=2&no_rooms=1&group_children=0&req_children=0&hpos=10&hapos=85&sr_order=popularity&srpvid=7b4f562059d9004c&srepoch=1785759313&all_sr_blocks=711946801_380211060_2_1_0_71506&highlighted_blocks=711946801_380211060_2_1_0_71506&matching_block_id=711946801_380211060_2_1_0_71506&sr_pri_blocks=711946801_380211060_2_1_0_71506_400000&from=searchresults,4000,6.1,51.0,Lahore,9.0,Budget Double Room,2 single beds,1,1,1,https://cf.bstatic.com/xdata/images/hotel/square240/598729506.webp?k=712476d3d0b1b61702076c016a5fcf000a05951a0002bd0b0da1b08b2c5493fc&o=,11,Lahore
Step Inn Family Hotel Lahore,https://www.booking.com/hotel/pk/margalla-guest-house-f-7.en-gb.html?aid=304142&label=gen173nr-10CAQoggJCDWNpdHlfLTI3NjcwNDNICVgEaLUBiAEBmAEzuAEHyAEM2AED6AEB-AEBiAIBqAIBuALBjMLTBsACAdICJDRlYmVmMGVjLTBmMjctNDNkNS05MDQ0LWY2ZTFmMzRjMjI5M9gCAeACAQ&ucfs=1&arphpl=1&checkin=2026-08-06&checkout=2026-08-07&dest_id=-2767043&dest_type=city&group_adults=2&req_adults=2&no_rooms=1&group_children=0&req_children=0&hpos=11&hapos=86&sr_order=popularity&srpvid=7b4f562059d9004c&srepoch=1785759313&all_sr_blocks=1646862204_434650776_2_1_0&highlighted_blocks=1646862204_434650776_2_1_0&matching_block_id=1646862204_434650776_2_1_0&sr_pri_blocks=1646862204_434650776_2_1_0__405000&from=searchresults,4050,9.4,9.0,Lahore,14.2,Deluxe Double Room (2 Adults + 1 Child),1 double bed,1,1,1,https://cf.bstatic.com/xdata/images/hotel/square240/875888272.webp?k=0ed2758615f04d9cfeeb4ed2e2d1b607d3eded855293f5db508f815546e2c158&o=,5,Lahore
MaryLeena Hotel Gulberg,https://www.booking.com/hotel/pk/maryleena-gulberg.en-gb.html?aid=304142&label=gen173nr-10CAQoggJCDWNpdHlfLTI3NjcwNDNICVgEaLUBiAEBmAEzuAEHyAEM2AED6AEB-AEBiAIBqAIBuALBjMLTBsACAdICJDRlYmVmMGVjLTBmMjctNDNkNS05MDQ0LWY2ZTFmMzRjMjI5M9gCAeACAQ&ucfs=1&arphpl=1&checkin=2026-08-06&checkout=2026-08-07&dest_id=-2767043&dest_type=city&group_adults=2&req_adults=2&no_rooms=1&group_children=0&req_children=0&hpos=12&hapos=87&sr_order=popularity&srpvid=7b4f562059d9004c&srepoch=1785759313&all_sr_blocks=534538701_189284223_2_1_0_1217304&highlighted_blocks=534538701_189284223_2_1_0_1217304&matching_block_id=534538701_189284223_2_1_0_1217304&sr_pri_blocks=534538701_189284223_2_1_0_1217304_577700&from=searchresults,5777,7.6,393.0,Lahore,5.1,Deluxe Double Room,1 extra-large double bed,1,1,1,https://cf.bstatic.com/xdata/images/hotel/square240/215448222.webp?k=4379e7cb1663e29f7638f8320c4a1b5c08767c5c191570414ab6b5967b7f2398&o=,11,Lahore
Hotel new royal palace,https://www.booking.com/hotel/pk/new-royal-palace-lahore.en-gb.html?aid=304142&label=gen173nr-10CAQoggJCDWNpdHlfLTI3NjcwNDNICVgEaLUBiAEBmAEzuAEHyAEM2AED6AEB-AEBiAIBqAIBuALBjMLTBsACAdICJDRlYmVmMGVjLTBmMjctNDNkNS05MDQ0LWY2ZTFmMzRjMjI5M9gCAeACAQ&ucfs=1&arphpl=1&checkin=2026-08-06&checkout=2026-08-07&dest_id=-2767043&dest_type=city&group_adults=2&req_adults=2&no_rooms=1&group_children=0&req_children=0&hpos=13&hapos=88&sr_order=popularity&srpvid=7b4f562059d9004c&srepoch=1785759313&all_sr_blocks=937303901_423675482_2_42_0&highlighted_blocks=937303901_423675482_2_42_0&matching_block_id=937303901_423675482_2_42_0&sr_pri_blocks=937303901_423675482_2_42_0__341910&from=searchresults,3419,6.3,102.0,"Johar Town, Lahore",10.5,Deluxe Double Room,1 large double bed,0,1,1,https://cf.bstatic.com/xdata/images/hotel/square240/615914324.webp?k=116174d2ee0bbf05224cf32077fe7e547b6353f4f6448af43d30813f333e2353&o=,4,Lahore
Rooms In DHA Phase 6 Near PKLI & Raya - DHA Lahore,https://www.booking.com/hotel/pk/rooms-in-dha-phase-6-close-to-raya-amp-dolmen-dha-lahore.en-gb.html?aid=304142&label=gen173nr-10CAQoggJCDWNpdHlfLTI3NjcwNDNICVgEaLUBiAEBmAEzuAEHyAEM2AED6AEB-AEBiAIBqAIBuALBjMLTBsACAdICJDRlYmVmMGVjLTBmMjctNDNkNS05MDQ0LWY2ZTFmMzRjMjI5M9gCAeACAQ&ucfs=1&arphpl=1&checkin=2026-08-06&checkout=2026-08-07&dest_id=-2767043&dest_type=city&group_adults=2&req_adults=2&no_rooms=1&group_children=0&req_children=0&hpos=14&hapos=89&sr_order=popularity&srpvid=7b4f562059d9004c&srepoch=1785759313&all_sr_blocks=1533087104_426758392_2_0_0&highlighted_blocks=1533087104_426758392_2_0_0&matching_block_id=1533087104_426758392_2_0_0&sr_pri_blocks=1533087104_426758392_2_0_0__650000&from=searchresults,6500,9.0,2.0,Lahore,17.5,Budget Double Room,1 extra-large double bed,0,1,1,https://cf.bstatic.com/xdata/images/hotel/square240/800860993.webp?k=18f25719a78110834e71dccc6a839f09e7481a61f99f4fb1c1c17e574de954f6&o=,4,Lahore
Neshaz Hotel & Suites,https://www.booking.com/hotel/pk/nishaz.en-gb.html?aid=304142&label=gen173nr-10CAQoggJCDWNpdHlfLTI3NjcwNDNICVgEaLUBiAEBmAEzuAEHyAEM2AED6AEB-AEBiAIBqAIBuALBjMLTBsACAdICJDRlYmVmMGVjLTBmMjctNDNkNS05MDQ0LWY2ZTFmMzRjMjI5M9gCAeACAQ&ucfs=1&arphpl=1&checkin=2026-08-06&checkout=2026-08-07&dest_id=-2767043&dest_type=city&group_adults=2&req_adults=2&no_rooms=1&group_children=0&req_children=0&hpos=15&hapos=90&sr_order=popularity&srpvid=7b4f562059d9004c&srepoch=1785759313&all_sr_blocks=1461024604_417397164_2_1_0&highlighted_blocks=1461024604_417397164_2_1_0&matching_block_id=1461024604_417397164_2_1_0&sr_pri_blocks=1461024604_417397164_2_1_0__414315&from=searchresults,4143,4.7,39.0,"Johar Town, Lahore",11.6,Deluxe Triple Room,"2 beds (1 single, 1 double)",1,1,1,https://cf.bstatic.com/xdata/images/hotel/square240/717149352.webp?k=3a2570d167900d324021aaeebd2afddb16352be4f9e4c48709a4a93e36b87fb1&o=,11,Lahore
Luxor Apartments & Suites - Indigo,https://www.booking.com/hotel/pk/luxor-apartments-amp-suites-gulberg.en-gb.html?aid=304142&label=gen173nr-10CAQoggJCDWNpdHlfLTI3NjcwNDNICVgEaLUBiAEBmAEzuAEHyAEM2AED6AEB-AEBiAIBqAIBuALBjMLTBsACAdICJDRlYmVmMGVjLTBmMjctNDNkNS05MDQ0LWY2ZTFmMzRjMjI5M9gCAeACAQ&ucfs=1&arphpl=1&checkin=2026-08-06&checkout=2026-08-07&dest_id=-2767043&dest_type=city&group_adults=2&req_adults=2&no_rooms=1&group_children=0&req_children=0&hpos=16&hapos=91&sr_order=popularity&srpvid=7b4f562059d9004c&srepoch=1785759313&all_sr_blocks=1412059103_437644536_0_0_0&highlighted_blocks=1412059103_437644536_0_0_0&matching_block_id=1412059103_437644536_0_0_0&sr_pri_blocks=1412059103_437644536_0_0_0__882300&from=searchresults,8823,7.0,18.0,"Gulberg, Lahore",6.7,Studio Apartment,1 extra-large double bed,0,1,1,https://cf.bstatic.com/xdata/images/hotel/square240/681279053.webp?k=a792975b405a694cb3779e96ed8204bda345fcee1f7a0407cd50c0d3880a8a5e&o=,11,Lahore
The Lords Hotel,https://www.booking.com/hotel/pk/the-lords-lahore.en-gb.html?aid=304142&label=gen173nr-10CAQoggJCDWNpdHlfLTI3NjcwNDNICVgEaLUBiAEBmAEzuAEHyAEM2AED6AEB-AEBiAIBqAIBuALBjMLTBsACAdICJDRlYmVmMGVjLTBmMjctNDNkNS05MDQ0LWY2ZTFmMzRjMjI5M9gCAeACAQ&ucfs=1&arphpl=1&checkin=2026-08-06&checkout=2026-08-07&dest_id=-2767043&dest_type=city&group_adults=2&req_adults=2&no_rooms=1&group_children=0&req_children=0&hpos=17&hapos=92&sr_order=popularity&srpvid=7b4f562059d9004c&srepoch=1785759313&all_sr_blocks=1353084901_407637130_2_2_0&highlighted_blocks=1353084901_407637130_2_2_0&matching_block_id=1353084901_407637130_2_2_0&sr_pri_blocks=1353084901_407637130_2_2_0__499500&from=searchresults,4995,8.0,156.0,"Mall Road, Lahore (Mall Road)",200.0,Double Room,1 double bed,0,1,1,https://cf.bstatic.com/xdata/images/hotel/square240/702632102.webp?k=83cc287d6a289f949ec997ed45aa1466f0dcfb1171c445ce0fafbc4445f51026&o=,10,Lahore
"Mirage , 1 BHK , Self Check IN , MM Alam Gulberg",https://www.booking.com/hotel/pk/mirage-1-bhk-self-check-in-mm-alam-gulberg.en-gb.html?aid=304142&label=gen173nr-10CAQoggJCDWNpdHlfLTI3NjcwNDNICVgEaLUBiAEBmAEzuAEHyAEM2AED6AEB-AEBiAIBqAIBuALBjMLTBsACAdICJDRlYmVmMGVjLTBmMjctNDNkNS05MDQ0LWY2ZTFmMzRjMjI5M9gCAeACAQ&ucfs=1&arphpl=1&checkin=2026-08-06&checkout=2026-08-07&dest_id=-2767043&dest_type=city&group_adults=2&req_adults=2&no_rooms=1&group_children=0&req_children=0&hpos=18&hapos=93&sr_order=popularity&srpvid=7b4f562059d9004c&srepoch=1785759313&all_sr_blocks=1679962701_439760210_4_0_0&highlighted_blocks=1679962701_439760210_4_0_0&matching_block_id=1679962701_439760210_4_0_0&sr_pri_blocks=1679962701_439760210_4_0_0__1062500&from=searchresults,10625,8.5,2.0,"Gulberg, Lahore",7.0,Two-Bedroom Apartment,1 extra-large double bed,0,1,1,https://cf.bstatic.com/xdata/images/hotel/square240/900952658.webp?k=0178249ca073052217157995a5e3d14854c3a6c45ef3b443c010cd9393cd8dd7&o=,4,Lahore
Gold Crest Signature Boutique Apartments With City Views -DHA PHASE 4 LAHORE,https://www.booking.com/hotel/pk/gold-crest-reaidency-dha-lahore.en-gb.html?aid=304142&label=gen173nr-10CAQoggJCDWNpdHlfLTI3NjcwNDNICVgEaLUBiAEBmAEzuAEHyAEM2AED6AEB-AEBiAIBqAIBuALBjMLTBsACAdICJDRlYmVmMGVjLTBmMjctNDNkNS05MDQ0LWY2ZTFmMzRjMjI5M9gCAeACAQ&ucfs=1&arphpl=1&checkin=2026-08-06&checkout=2026-08-07&dest_id=-2767043&dest_type=city&group_adults=2&req_adults=2&no_rooms=1&group_children=0&req_children=0&hpos=19&hapos=94&sr_order=popularity&srpvid=7b4f562059d9004c&srepoch=1785759313&all_sr_blocks=1697233603_441584233_3_2_0&highlighted_blocks=1697233603_441584233_3_2_0&matching_block_id=1697233603_441584233_3_2_0&sr_pri_blocks=1697233603_441584233_3_2_0__3420000&from=searchresults,34200,10,2.0,Lahore,12.1,One-Bedroom Suite,"2 beds (1 extra-large double, 1 sofa bed)",0,1,0,https://cf.bstatic.com/xdata/images/hotel/square240/901273711.webp?k=dd848bc06a3d76d32794e13c1e1322374d9d05b27915467c439033d734b74e01&o=,13,Lahore
Shelton Hotel Gulberg,https://www.booking.com/hotel/pk/shelton-gulberg.en-gb.html?aid=304142&label=gen173nr-10CAQoggJCDWNpdHlfLTI3NjcwNDNICVgEaLUBiAEBmAEzuAEHyAEM2AED6AEB-AEBiAIBqAIBuALBjMLTBsACAdICJDRlYmVmMGVjLTBmMjctNDNkNS05MDQ0LWY2ZTFmMzRjMjI5M9gCAeACAQ&ucfs=1&arphpl=1&checkin=2026-08-06&checkout=2026-08-07&dest_id=-2767043&dest_type=city&group_adults=2&req_adults=2&no_rooms=1&group_children=0&req_children=0&hpos=20&hapos=95&sr_order=popularity&srpvid=7b4f562059d9004c&srepoch=1785759313&all_sr_blocks=1631693604_433688014_2_1_0&highlighted_blocks=1631693604_433688014_2_1_0&matching_block_id=1631693604_433688014_2_1_0&sr_pri_blocks=1631693604_433688014_2_1_0__900000&from=searchresults,9000,8.3,6.0,Lahore,4.5,Superior Twin Room,2 single beds,1,1,1,https://cf.bstatic.com/xdata/images/hotel/square240/861977988.webp?k=06af033c4d7c10b4c9855b121b5affa65ef9a4e9d12057f5c876562080d55fa2&o=,11,Lahore
Imperial Suites,https://www.booking.com/hotel/pk/imperial-suites.en-gb.html?aid=304142&label=gen173nr-10CAQoggJCDWNpdHlfLTI3NjcwNDNICVgEaLUBiAEBmAEzuAEHyAEM2AED6AEB-AEBiAIBqAIBuALBjMLTBsACAdICJDRlYmVmMGVjLTBmMjctNDNkNS05MDQ0LWY2ZTFmMzRjMjI5M9gCAeACAQ&ucfs=1&arphpl=1&checkin=2026-08-06&checkout=2026-08-07&dest_id=-2767043&dest_type=city&group_adults=2&req_adults=2&no_rooms=1&group_children=0&req_children=0&hpos=21&hapos=96&sr_order=popularity&srpvid=7b4f562059d9004c&srepoch=1785759313&all_sr_blocks=808171403_364836422_2_1_0&highlighted_blocks=808171403_364836422_2_1_0&matching_block_id=808171403_364836422_2_1_0&sr_pri_blocks=808171403_364836422_2_1_0__1300000&from=searchresults,13000,9.4,371.0,Lahore,1.6,Deluxe Apartment,1 extra-large double bed,1,1,1,https://cf.bstatic.com/xdata/images/hotel/square240/648607480.webp?k=6823fcdf3f757765681f5f53240318ff11ec3935ab9b350f7a2203917b15eea9&o=,13,Lahore
Private Luxurious Rooms In DHA phase 6 Lahore Near Raya Dolmen Mall PKLI and Airport,https://www.booking.com/hotel/pk/private-luxurious-rooms-in-dha-phase-6-lahore-near-raya-dolmen-mall-pkli-and-air.en-gb.html?aid=304142&label=gen173nr-10CAQoggJCDWNpdHlfLTI3NjcwNDNICVgEaLUBiAEBmAEzuAEHyAEM2AED6AEB-AEBiAIBqAIBuALBjMLTBsACAdICJDRlYmVmMGVjLTBmMjctNDNkNS05MDQ0LWY2ZTFmMzRjMjI5M9gCAeACAQ&ucfs=1&arphpl=1&checkin=2026-08-06&checkout=2026-08-07&dest_id=-2767043&dest_type=city&group_adults=2&req_adults=2&no_rooms=1&group_children=0&req_children=0&hpos=22&hapos=97&sr_order=popularity&srpvid=7b4f562059d9004c&srepoch=1785759313&all_sr_blocks=1612149402_432120864_2_0_0&highlighted_blocks=1612149402_432120864_2_0_0&matching_block_id=1612149402_432120864_2_0_0&sr_pri_blocks=1612149402_432120864_2_0_0__560000&from=searchresults,5600,,,Lahore,16.0,Double Room with Private Bathroom,1 large double bed,0,1,1,https://cf.bstatic.com/xdata/images/hotel/square240/847817598.webp?k=bb2db373e500fe0c7b36f77373ff2013df4af303461c1b0c81293d66f278182c&o=,4,Lahore
Royal palace hotel,https://www.booking.com/hotel/pk/royal-palace-lahore.en-gb.html?aid=304142&label=gen173nr-10CAQoggJCDWNpdHlfLTI3NjcwNDNICVgEaLUBiAEBmAEzuAEHyAEM2AED6AEB-AEBiAIBqAIBuALBjMLTBsACAdICJDRlYmVmMGVjLTBmMjctNDNkNS05MDQ0LWY2ZTFmMzRjMjI5M9gCAeACAQ&ucfs=1&arphpl=1&checkin=2026-08-06&checkout=2026-08-07&dest_id=-2767043&dest_type=city&group_adults=2&req_adults=2&no_rooms=1&group_children=0&req_children=0&hpos=23&hapos=98&sr_order=popularity&srpvid=7b4f562059d9004c&srepoch=1785759313&all_sr_blocks=679862002_277260795_2_2_0&highlighted_blocks=679862002_277260795_2_2_0&matching_block_id=679862002_277260795_2_2_0&sr_pri_blocks=679862002_277260795_2_2_0__296910&from=searchresults,2969,5.1,25.0,Lahore,10.2,Deluxe Double Room,1 double bed,0,0,0,https://cf.bstatic.com/xdata/images/hotel/square240/694683398.webp?k=978ebc6a3e5c7ff7d6341a589601514c6d804ab4bd5745ce57f1a7ab31e451eb&o=,6,Lahore
"DHA Phase 6 - Executive And Luxurious Rooms - Near Raya, Dolmen and Airport",https://www.booking.com/hotel/pk/dha-phase-6-executive-and-luxurious-rooms-near-raya-dolmen-and-airport.en-gb.html?aid=304142&label=gen173nr-10CAQoggJCDWNpdHlfLTI3NjcwNDNICVgEaLUBiAEBmAEzuAEHyAEM2AED6AEB-AEBiAIBqAIBuALBjMLTBsACAdICJDRlYmVmMGVjLTBmMjctNDNkNS05MDQ0LWY2ZTFmMzRjMjI5M9gCAeACAQ&ucfs=1&arphpl=1&checkin=2026-08-06&checkout=2026-08-07&dest_id=-2767043&dest_type=city&group_adults=2&req_adults=2&no_rooms=1&group_children=0&req_children=0&hpos=24&hapos=99&sr_order=popularity&srpvid=7b4f562059d9004c&srepoch=1785759313&all_sr_blocks=1551241102_426385348_3_0_0&highlighted_blocks=1551241102_426385348_3_0_0&matching_block_id=1551241102_426385348_3_0_0&sr_pri_blocks=1551241102_426385348_3_0_0__700000&from=searchresults,7000,7.5,21.0,Lahore,16.7,Double Room with Balcony,1 double bed,0,0,1,https://cf.bstatic.com/xdata/images/hotel/square240/797157960.webp?k=0899ac24531834b283f0d3c6a5c813578a635c30c2f96e433409b66134b74a57&o=,3,Lahore
Multiple Luxury Apartments in Bahria Town Lahore,https://www.booking.com/hotel/pk/one-bed-apartment-in-bahria-town-lahore-lahore1.en-gb.html?aid=304142&label=gen173nr-10CAQoggJCDWNpdHlfLTI3NjcwNDNICVgEaLUBiAEBmAEzuAEHyAEM2AED6AEB-AEBiAIBqAIBuALBjMLTBsACAdICJDRlYmVmMGVjLTBmMjctNDNkNS05MDQ0LWY2ZTFmMzRjMjI5M9gCAeACAQ&ucfs=1&arphpl=1&checkin=2026-08-06&checkout=2026-08-07&dest_id=-2767043&dest_type=city&group_adults=2&req_adults=2&no_rooms=1&group_children=0&req_children=0&hpos=25&hapos=100&sr_order=popularity&srpvid=7b4f562059d9004c&srepoch=1785759313&all_sr_blocks=1678901501_439671914_3_0_0&highlighted_blocks=1678901501_439671914_3_0_0&matching_block_id=1678901501_439671914_3_0_0&sr_pri_blocks=1678901501_439671914_3_0_0__748000&from=searchresults,7480,8.7,7.0,Lahore,25.8,One-Bedroom Apartment,"2 beds (1 double, 1 sofa bed)",0,1,1,https://cf.bstatic.com/xdata/images/hotel/square240/890661558.webp?k=6124e1e4ee363e533348406d1b1454aabcae9e41e19a9aab0b3f2e3959b7c914&o=,5,Lahore
ImperiaL 1-BHK Apartment -- Bahria Town,https://www.booking.com/hotel/pk/family-apartment-near-bahria-town-lahore-hadaya-homes.en-gb.html?aid=304142&label=gen173nr-10CAQoggJCDWNpdHlfLTI3NjcwNDNICVgEaLUBiAEBmAEzuAEHyAEM2AED6AEB-AEBiAIBqAIBuALBjMLTBsACAdICJDRlYmVmMGVjLTBmMjctNDNkNS05MDQ0LWY2ZTFmMzRjMjI5M9gCAeACAQ&ucfs=1&arphpl=1&checkin=2026-08-06&checkout=2026-08-07&dest_id=-2767043&dest_type=city&group_adults=2&req_adults=2&no_rooms=1&group_children=0&req_children=0&hpos=1&hapos=101&sr_order=popularity&srpvid=7b4f562059d9004c&srepoch=1785759315&all_sr_blocks=1673290201_439095901_3_0_0&highlighted_blocks=1673290201_439095901_3_0_0&matching_block_id=1673290201_439095901_3_0_0&sr_pri_blocks=1673290201_439095901_3_0_0__608000&from=searchresults,6080,10,2.0,Lahore,14.8,One-Bedroom Apartment,"2 beds (1 double, 1 sofa bed)",0,1,1,https://cf.bstatic.com/xdata/images/hotel/square240/901260063.webp?k=1a15a3e5c4a715c93fd261caae63ffa85345180c9b2a7b63fcd5340c009e4b29&o=,5,Lahore
Peaceful apartment in Bahria Town Lahore,https://www.booking.com/hotel/pk/peaceful-apartment-in-bahria-town-lahore.en-gb.html?aid=304142&label=gen173nr-10CAQoggJCDWNpdHlfLTI3NjcwNDNICVgEaLUBiAEBmAEzuAEHyAEM2AED6AEB-AEBiAIBqAIBuALBjMLTBsACAdICJDRlYmVmMGVjLTBmMjctNDNkNS05MDQ0LWY2ZTFmMzRjMjI5M9gCAeACAQ&ucfs=1&arphpl=1&checkin=2026-08-06&checkout=2026-08-07&dest_id=-2767043&dest_type=city&group_adults=2&req_adults=2&no_rooms=1&group_children=0&req_children=0&hpos=2&hapos=102&sr_order=popularity&srpvid=7b4f562059d9004c&srepoch=1785759315&all_sr_blocks=1683871801_440107405_3_0_0&highlighted_blocks=1683871801_440107405_3_0_0&matching_block_id=1683871801_440107405_3_0_0&sr_pri_blocks=1683871801_440107405_3_0_0__1062500&from=searchresults,10625,10,7.0,Lahore,25.8,One-Bedroom Apartment,1 double bed,0,1,1,https://cf.bstatic.com/xdata/images/hotel/square240/892837025.webp?k=3511b92ef770b0588f29edecfcaa25f339bb863136a9a4f48896e221f612bb1a&o=,4,Lahore
The Best Stay In DHA,https://www.booking.com/hotel/pk/luxury-apartment-lahore16.en-gb.html?aid=304142&label=gen173nr-10CAQoggJCDWNpdHlfLTI3NjcwNDNICVgEaLUBiAEBmAEzuAEHyAEM2AED6AEB-AEBiAIBqAIBuALBjMLTBsACAdICJDRlYmVmMGVjLTBmMjctNDNkNS05MDQ0LWY2ZTFmMzRjMjI5M9gCAeACAQ&ucfs=1&arphpl=1&checkin=2026-08-06&checkout=2026-08-07&dest_id=-2767043&dest_type=city&group_adults=2&req_adults=2&no_rooms=1&group_children=0&req_children=0&hpos=3&hapos=103&sr_order=popularity&srpvid=7b4f562059d9004c&srepoch=1785759315&all_sr_blocks=1654766301_437401664_3_0_0&highlighted_blocks=1654766301_437401664_3_0_0&matching_block_id=1654766301_437401664_3_0_0&sr_pri_blocks=1654766301_437401664_3_0_0__1200000&from=searchresults,12000,10,2.0,Lahore,13.5,Two-Bedroom Apartment,"3 beds (1 sofa bed, 2 large doubles)",0,1,1,https://cf.bstatic.com/xdata/images/hotel/square240/891949197.webp?k=aa7006810e7e7e5010f7d3c29f6654ad17ce493d3662bbb356f73e234a38205c&o=,5,Lahore
Hotel Lords Inn,https://www.booking.com/hotel/pk/lords-inn-lahore1.en-gb.html?aid=304142&label=gen173nr-10CAQoggJCDWNpdHlfLTI3NjcwNDNICVgEaLUBiAEBmAEzuAEHyAEM2AED6AEB-AEBiAIBqAIBuALBjMLTBsACAdICJDRlYmVmMGVjLTBmMjctNDNkNS05MDQ0LWY2ZTFmMzRjMjI5M9gCAeACAQ&ucfs=1&arphpl=1&checkin=2026-08-06&checkout=2026-08-07&dest_id=-2767043&dest_type=city&group_adults=2&req_adults=2&no_rooms=1&group_children=0&req_children=0&hpos=4&hapos=104&sr_order=popularity&srpvid=7b4f562059d9004c&srepoch=1785759315&all_sr_blocks=1626313902_433310879_2_2_0&highlighted_blocks=1626313902_433310879_2_2_0&matching_block_id=1626313902_433310879_2_2_0&sr_pri_blocks=1626313902_433310879_2_2_0__454600&from=searchresults,4546,7.7,3.0,"Mall Road, Lahore (Mall Road)",200.0,Twin Room,2 single beds,0,1,1,https://cf.bstatic.com/xdata/images/hotel/square240/859400665.webp?k=f92f8a765d73364fb6a5b6771047aac2614f0de324e9057633c1a36b7f3bc64c&o=,10,Lahore
"Modern Flat with Lahori Charm & Pool, Gym, Cinema, Gulberg, Zameen Aurum",https://www.booking.com/hotel/pk/modern-flat-with-lahori-charm-amp-pool-gym-cinema-zameen-aurum.en-gb.html?aid=304142&label=gen173nr-10CAQoggJCDWNpdHlfLTI3NjcwNDNICVgEaLUBiAEBmAEzuAEHyAEM2AED6AEB-AEBiAIBqAIBuALBjMLTBsACAdICJDRlYmVmMGVjLTBmMjctNDNkNS05MDQ0LWY2ZTFmMzRjMjI5M9gCAeACAQ&ucfs=1&arphpl=1&checkin=2026-08-06&checkout=2026-08-07&dest_id=-2767043&dest_type=city&group_adults=2&req_adults=2&no_rooms=1&group_children=0&req_children=0&hpos=5&hapos=105&sr_order=popularity&srpvid=7b4f562059d9004c&srepoch=1785759315&all_sr_blocks=1541760901_425558765_0_0_0&highlighted_blocks=1541760901_425558765_0_0_0&matching_block_id=1541760901_425558765_0_0_0&sr_pri_blocks=1541760901_425558765_0_0_0__1402500&from=searchresults,14025,9.1,7.0,"Gulberg, Lahore",7.2,Two-Bedroom Apartment with City View,"3 beds (2 extra-large doubles, 1 sofa bed)",0,1,1,https://cf.bstatic.com/xdata/images/hotel/square240/789113755.webp?k=5596831bc60e11cd4ea3af43b5de65e585dacd950e39a768b9d679db501390d1&o=,4,Lahore
Gold Crest Mall Luxury Apartments with Balcony by NestNow in DHA Phase 4 Lahore,https://www.booking.com/hotel/pk/goldcrest-executive-signature-apartments-in-dha-lahore.en-gb.html?aid=304142&label=gen173nr-10CAQoggJCDWNpdHlfLTI3NjcwNDNICVgEaLUBiAEBmAEzuAEHyAEM2AED6AEB-AEBiAIBqAIBuALBjMLTBsACAdICJDRlYmVmMGVjLTBmMjctNDNkNS05MDQ0LWY2ZTFmMzRjMjI5M9gCAeACAQ&ucfs=1&arphpl=1&checkin=2026-08-06&checkout=2026-08-07&dest_id=-2767043&dest_type=city&group_adults=2&req_adults=2&no_rooms=1&group_children=0&req_children=0&hpos=6&hapos=106&sr_order=popularity&srpvid=7b4f562059d9004c&srepoch=1785759315&all_sr_blocks=1336455901_421627016_2_40_0&highlighted_blocks=1336455901_421627016_2_40_0&matching_block_id=1336455901_421627016_2_40_0&sr_pri_blocks=1336455901_421627016_2_40_0__1485000&from=searchresults,14850,7.4,156.0,Lahore,12.0,One-Bedroom Apartment with Balcony,1 large double bed,0,0,0,https://cf.bstatic.com/xdata/images/hotel/square240/675699649.webp?k=c767ead56ceb892d4d88e2222d9c50889b7c3e9764c16bdc47c90ab38524a6e5&o=,11,Lahore
Bahria Town Lahore Apartment's,https://www.booking.com/hotel/pk/bahria-town-lahore-apartments.en-gb.html?aid=304142&label=gen173nr-10CAQoggJCDWNpdHlfLTI3NjcwNDNICVgEaLUBiAEBmAEzuAEHyAEM2AED6AEB-AEBiAIBqAIBuALBjMLTBsACAdICJDRlYmVmMGVjLTBmMjctNDNkNS05MDQ0LWY2ZTFmMzRjMjI5M9gCAeACAQ&ucfs=1&arphpl=1&checkin=2026-08-06&checkout=2026-08-07&dest_id=-2767043&dest_type=city&group_adults=2&req_adults=2&no_rooms=1&group_children=0&req_children=0&hpos=7&hapos=107&sr_order=popularity&srpvid=7b4f562059d9004c&srepoch=1785759315&all_sr_blocks=1699120801_441557080_3_0_0&highlighted_blocks=1699120801_441557080_3_0_0&matching_block_id=1699120801_441557080_3_0_0&sr_pri_blocks=1699120801_441557080_3_0_0__765000&from=searchresults,7650,,,Lahore,25.5,One-Bedroom Apartment,"2 beds (1 double, 1 sofa bed)",0,1,1,https://cf.bstatic.com/xdata/images/hotel/square240/901867500.webp?k=c410798c56b92d76e1f1f913487f05e85b32342a844e0ed2e4eafb59c087b9d1&o=,4,Lahore
Hotel Green Fort Gulberg,https://www.booking.com/hotel/pk/green-fort-lahore1.en-gb.html?aid=304142&label=gen173nr-10CAQoggJCDWNpdHlfLTI3NjcwNDNICVgEaLUBiAEBmAEzuAEHyAEM2AED6AEB-AEBiAIBqAIBuALBjMLTBsACAdICJDRlYmVmMGVjLTBmMjctNDNkNS05MDQ0LWY2ZTFmMzRjMjI5M9gCAeACAQ&ucfs=1&arphpl=1&checkin=2026-08-06&checkout=2026-08-07&dest_id=-2767043&dest_type=city&group_adults=2&req_adults=2&no_rooms=1&group_children=0&req_children=0&hpos=8&hapos=108&sr_order=popularity&srpvid=7b4f562059d9004c&srepoch=1785759315&all_sr_blocks=913894102_362790706_2_1_0_57226&highlighted_blocks=913894102_362790706_2_1_0_57226&matching_block_id=913894102_362790706_2_1_0_57226&sr_pri_blocks=913894102_362790706_2_1_0_57226_525000&from=searchresults,5250,7.4,688.0,Lahore,5.6,Deluxe Family Room,1 extra-large double bed,1,1,1,https://cf.bstatic.com/xdata/images/hotel/square240/511171450.webp?k=4e904977b7b07a1631e570ee4788d1f340cffd5b5a6fd78da1bd2b98d26cd873&o=,12,Lahore
Dove INN Express II,https://www.booking.com/hotel/pk/dove-inn-express-ii.en-gb.html?aid=304142&label=gen173nr-10CAQoggJCDWNpdHlfLTI3NjcwNDNICVgEaLUBiAEBmAEzuAEHyAEM2AED6AEB-AEBiAIBqAIBuALBjMLTBsACAdICJDRlYmVmMGVjLTBmMjctNDNkNS05MDQ0LWY2ZTFmMzRjMjI5M9gCAeACAQ&ucfs=1&arphpl=1&checkin=2026-08-06&checkout=2026-08-07&dest_id=-2767043&dest_type=city&group_adults=2&req_adults=2&no_rooms=1&group_children=0&req_children=0&hpos=9&hapos=109&sr_order=popularity&srpvid=7b4f562059d9004c&srepoch=1785759315&all_sr_blocks=1569114204_427995546_2_33_0&highlighted_blocks=1569114204_427995546_2_33_0&matching_block_id=1569114204_427995546_2_33_0&sr_pri_blocks=1569114204_427995546_2_33_0__504000&from=searchresults,5040,7.7,18.0,Lahore,5.7,Deluxe Double Room,1 large double bed,1,0,0,https://cf.bstatic.com/xdata/images/hotel/square240/812197140.webp?k=a0c4d25b6a0c7fbfd660b730b83c15fc79a02b7dc0000f07ad6c6e34f748c872&o=,9,Lahore
Gulberg Residency Hotel,https://www.booking.com/hotel/pk/gulberg-residency.en-gb.html?aid=304142&label=gen173nr-10CAQoggJCDWNpdHlfLTI3NjcwNDNICVgEaLUBiAEBmAEzuAEHyAEM2AED6AEB-AEBiAIBqAIBuALBjMLTBsACAdICJDRlYmVmMGVjLTBmMjctNDNkNS05MDQ0LWY2ZTFmMzRjMjI5M9gCAeACAQ&ucfs=1&arphpl=1&checkin=2026-08-06&checkout=2026-08-07&dest_id=-2767043&dest_type=city&group_adults=2&req_adults=2&no_rooms=1&group_children=0&req_children=0&hpos=10&hapos=110&sr_order=popularity&srpvid=7b4f562059d9004c&srepoch=1785759315&all_sr_blocks=1553102401_426480763_2_1_0&highlighted_blocks=1553102401_426480763_2_1_0&matching_block_id=1553102401_426480763_2_1_0&sr_pri_blocks=1553102401_426480763_2_1_0__548100&from=searchresults,5481,7.5,132.0,Lahore,5.7,Deluxe Double Room,1 extra-large double bed,1,1,1,https://cf.bstatic.com/xdata/images/hotel/square240/799230169.webp?k=82976527e36441b531b4d582c4df933c4abc61ba7fdf07016ef2526d003c780c&o=,12,Lahore
Executive 1 Bedroom Apartment Lahore,https://www.booking.com/hotel/pk/executive-1-bedroom-apartment-lahore.en-gb.html?aid=304142&label=gen173nr-10CAQoggJCDWNpdHlfLTI3NjcwNDNICVgEaLUBiAEBmAEzuAEHyAEM2AED6AEB-AEBiAIBqAIBuALBjMLTBsACAdICJDRlYmVmMGVjLTBmMjctNDNkNS05MDQ0LWY2ZTFmMzRjMjI5M9gCAeACAQ&ucfs=1&arphpl=1&checkin=2026-08-06&checkout=2026-08-07&dest_id=-2767043&dest_type=city&group_adults=2&req_adults=2&no_rooms=1&group_children=0&req_children=0&hpos=11&hapos=111&sr_order=popularity&srpvid=7b4f562059d9004c&srepoch=1785759315&all_sr_blocks=1586016301_429719625_3_0_0&highlighted_blocks=1586016301_429719625_3_0_0&matching_block_id=1586016301_429719625_3_0_0&sr_pri_blocks=1586016301_429719625_3_0_0__570000&from=searchresults,5700,9.0,4.0,Lahore,15.4,One-Bedroom Apartment,1 double bed,0,1,1,https://cf.bstatic.com/xdata/images/hotel/square240/826814702.webp?k=269da2454e31538819784332d68ec9d78ed8bd22b6655c7fb97860712c6763bf&o=,5,Lahore
Premium Furnished Stay In Bahria Town,https://www.booking.com/hotel/pk/premium-furnished-stay-in-bahria-town.en-gb.html?aid=304142&label=gen173nr-10CAQoggJCDWNpdHlfLTI3NjcwNDNICVgEaLUBiAEBmAEzuAEHyAEM2AED6AEB-AEBiAIBqAIBuALBjMLTBsACAdICJDRlYmVmMGVjLTBmMjctNDNkNS05MDQ0LWY2ZTFmMzRjMjI5M9gCAeACAQ&ucfs=1&arphpl=1&checkin=2026-08-06&checkout=2026-08-07&dest_id=-2767043&dest_type=city&group_adults=2&req_adults=2&no_rooms=1&group_children=0&req_children=0&hpos=12&hapos=112&sr_order=popularity&srpvid=7b4f562059d9004c&srepoch=1785759315&all_sr_blocks=1620658201_432888256_2_0_0&highlighted_blocks=1620658201_432888256_2_0_0&matching_block_id=1620658201_432888256_2_0_0&sr_pri_blocks=1620658201_432888256_2_0_0__765000&from=searchresults,7650,8.7,10.0,Lahore,24.7,Deluxe One-Bedroom Apartment,"2 beds (1 double, 1 sofa bed)",0,1,1,https://cf.bstatic.com/xdata/images/hotel/square240/870693015.webp?k=a47afafd060231c1e3ceabe22e0fe69111d663de3cf3d92861fe3286402eb0d2&o=,13,Lahore
Mukhtar Homes Bahria Town Lahore,https://www.booking.com/hotel/pk/mukhtar-homes.en-gb.html?aid=304142&label=gen173nr-10CAQoggJCDWNpdHlfLTI3NjcwNDNICVgEaLUBiAEBmAEzuAEHyAEM2AED6AEB-AEBiAIBqAIBuALBjMLTBsACAdICJDRlYmVmMGVjLTBmMjctNDNkNS05MDQ0LWY2ZTFmMzRjMjI5M9gCAeACAQ&ucfs=1&arphpl=1&checkin=2026-08-06&checkout=2026-08-07&dest_id=-2767043&dest_type=city&group_adults=2&req_adults=2&no_rooms=1&group_children=0&req_children=0&hpos=13&hapos=113&sr_order=popularity&srpvid=7b4f562059d9004c&srepoch=1785759315&all_sr_blocks=0_0_2_0_0&highlighted_blocks=0_0_2_0_0&matching_block_id=0_0_2_0_0&sr_pri_blocks=0_0_2_0_0__707760&from=searchresults,7078,8.4,161.0,Lahore,24.6,Pent House,1 extra-large double bed,0,1,0,https://cf.bstatic.com/xdata/images/hotel/square240/628073946.webp?k=2c1cde3453a489a73bcb63807b3b4559389ccd41706040cb74ce8267b47e0a0a&o=,12,Lahore
Goldcrest Apartments Lahore,https://www.booking.com/hotel/pk/luxurious-1bed-apartment-for-daily-basis.en-gb.html?aid=304142&label=gen173nr-10CAQoggJCDWNpdHlfLTI3NjcwNDNICVgEaLUBiAEBmAEzuAEHyAEM2AED6AEB-AEBiAIBqAIBuALBjMLTBsACAdICJDRlYmVmMGVjLTBmMjctNDNkNS05MDQ0LWY2ZTFmMzRjMjI5M9gCAeACAQ&ucfs=1&arphpl=1&checkin=2026-08-06&checkout=2026-08-07&dest_id=-2767043&dest_type=city&group_adults=2&req_adults=2&no_rooms=1&group_children=0&req_children=0&hpos=14&hapos=114&sr_order=popularity&srpvid=7b4f562059d9004c&srepoch=1785759315&all_sr_blocks=1374570103_409610866_3_0_0&highlighted_blocks=1374570103_409610866_3_0_0&matching_block_id=1374570103_409610866_3_0_0&sr_pri_blocks=1374570103_409610866_3_0_0__1200000&from=searchresults,12000,8.6,10.0,Lahore,12.0,Family Studio,1 extra-large double bed,0,1,1,https://cf.bstatic.com/xdata/images/hotel/square240/656424992.webp?k=63eaf7d78e43b13e21b9fb904f67df1a8be416178d792d0bc7a08da0042bc9b3&o=,5,Lahore
Palmtree Hotel,https://www.booking.com/hotel/pk/palmtree.en-gb.html?aid=304142&label=gen173nr-10CAQoggJCDWNpdHlfLTI3NjcwNDNICVgEaLUBiAEBmAEzuAEHyAEM2AED6AEB-AEBiAIBqAIBuALBjMLTBsACAdICJDRlYmVmMGVjLTBmMjctNDNkNS05MDQ0LWY2ZTFmMzRjMjI5M9gCAeACAQ&ucfs=1&arphpl=1&checkin=2026-08-06&checkout=2026-08-07&dest_id=-2767043&dest_type=city&group_adults=2&req_adults=2&no_rooms=1&group_children=0&req_children=0&hpos=15&hapos=115&sr_order=popularity&srpvid=7b4f562059d9004c&srepoch=1785759315&all_sr_blocks=1672091801_438977636_2_1_0&highlighted_blocks=1672091801_438977636_2_1_0&matching_block_id=1672091801_438977636_2_1_0&sr_pri_blocks=1672091801_438977636_2_1_0__994500&from=searchresults,9945,10,3.0,Lahore,6.2,Deluxe Double Room,1 large double bed,1,1,1,https://cf.bstatic.com/xdata/images/hotel/square240/886510431.webp?k=465842c10f5593839f67abe820080c223dd82312fb0f202b31879f8806d67840&o=,11,Lahore
Goldcrest Alfatah Mall - Luxury Apartments by Alvis suite,https://www.booking.com/hotel/pk/goldcrest-mall-one-bed-apartment-by-alvis-suite.en-gb.html?aid=304142&label=gen173nr-10CAQoggJCDWNpdHlfLTI3NjcwNDNICVgEaLUBiAEBmAEzuAEHyAEM2AED6AEB-AEBiAIBqAIBuALBjMLTBsACAdICJDRlYmVmMGVjLTBmMjctNDNkNS05MDQ0LWY2ZTFmMzRjMjI5M9gCAeACAQ&ucfs=1&arphpl=1&checkin=2026-08-06&checkout=2026-08-07&dest_id=-2767043&dest_type=city&group_adults=2&req_adults=2&no_rooms=1&group_children=0&req_children=0&hpos=16&hapos=116&sr_order=popularity&srpvid=7b4f562059d9004c&srepoch=1785759315&all_sr_blocks=1681095801_439868378_2_0_0&highlighted_blocks=1681095801_439868378_2_0_0&matching_block_id=1681095801_439868378_2_0_0&sr_pri_blocks=1681095801_439868378_2_0_0__1161186&from=searchresults,11612,,,Lahore,12.0,Studio Apartment,"2 beds (1 double, 1 sofa bed)",0,1,1,https://cf.bstatic.com/xdata/images/hotel/square240/891456960.webp?k=9b164619f6aba09e74543b6cd907b8ee3da33c68b586082610f32ef65dda97ec&o=,12,Lahore
Hotel The Shalimar,https://www.booking.com/hotel/pk/the-shalimar-lahore.en-gb.html?aid=304142&label=gen173nr-10CAQoggJCDWNpdHlfLTI3NjcwNDNICVgEaLUBiAEBmAEzuAEHyAEM2AED6AEB-AEBiAIBqAIBuALBjMLTBsACAdICJDRlYmVmMGVjLTBmMjctNDNkNS05MDQ0LWY2ZTFmMzRjMjI5M9gCAeACAQ&ucfs=1&arphpl=1&checkin=2026-08-06&checkout=2026-08-07&dest_id=-2767043&dest_type=city&group_adults=2&req_adults=2&no_rooms=1&group_children=0&req_children=0&hpos=17&hapos=117&sr_order=popularity&srpvid=7b4f562059d9004c&srepoch=1785759315&all_sr_blocks=1368702103_409103511_3_0_0&highlighted_blocks=1368702103_409103511_3_0_0&matching_block_id=1368702103_409103511_3_0_0&sr_pri_blocks=1368702103_409103511_3_0_0__644280&from=searchresults,6443,6.2,51.0,Lahore,1.0,Deluxe Family Room,3 large double beds,0,1,1,https://cf.bstatic.com/xdata/images/hotel/square240/899189920.webp?k=c00d2bfba7e39cfbc62c869f7fc693d273d43b9ea5333019ded742b446389b51&o=,9,Lahore
Umairs Haven Residences Apartments Bahria Town Lahore,https://www.booking.com/hotel/pk/umairs-haven-residences-apartments-bahria-town-lahore.en-gb.html?aid=304142&label=gen173nr-10CAQoggJCDWNpdHlfLTI3NjcwNDNICVgEaLUBiAEBmAEzuAEHyAEM2AED6AEB-AEBiAIBqAIBuALBjMLTBsACAdICJDRlYmVmMGVjLTBmMjctNDNkNS05MDQ0LWY2ZTFmMzRjMjI5M9gCAeACAQ&ucfs=1&arphpl=1&checkin=2026-08-06&checkout=2026-08-07&dest_id=-2767043&dest_type=city&group_adults=2&req_adults=2&no_rooms=1&group_children=0&req_children=0&hpos=18&hapos=118&sr_order=popularity&srpvid=7b4f562059d9004c&srepoch=1785759315&all_sr_blocks=1640301601_434282151_3_0_0&highlighted_blocks=1640301601_434282151_3_0_0&matching_block_id=1640301601_434282151_3_0_0&sr_pri_blocks=1640301601_434282151_3_0_0__792000&from=searchresults,7920,9.0,30.0,Lahore,25.8,Apartment,"18 beds (1 double, 3 extra-large doubles, 1 bunk bed, 5 sofa beds, 8 large doubles)",0,0,0,https://cf.bstatic.com/xdata/images/hotel/square240/889119005.webp?k=6290b8e50d8322b8e27baebf30aac0be652bba326072f8cb5bf130eae14dfae6&o=,12,Lahore
Orion Hotel,https://www.booking.com/hotel/pk/orion.en-gb.html?aid=304142&label=gen173nr-10CAQoggJCDWNpdHlfLTI3NjcwNDNICVgEaLUBiAEBmAEzuAEHyAEM2AED6AEB-AEBiAIBqAIBuALBjMLTBsACAdICJDRlYmVmMGVjLTBmMjctNDNkNS05MDQ0LWY2ZTFmMzRjMjI5M9gCAeACAQ&ucfs=1&arphpl=1&checkin=2026-08-06&checkout=2026-08-07&dest_id=-2767043&dest_type=city&group_adults=2&req_adults=2&no_rooms=1&group_children=0&req_children=0&hpos=19&hapos=119&sr_order=popularity&srpvid=7b4f562059d9004c&srepoch=1785759315&all_sr_blocks=1493586701_421014124_2_0_0&highlighted_blocks=1493586701_421014124_2_0_0&matching_block_id=1493586701_421014124_2_0_0&sr_pri_blocks=1493586701_421014124_2_0_0__456000&from=searchresults,4560,8.0,97.0,"Gulberg, Lahore",6.0,Deluxe Double Room,1 large double bed,0,0,0,https://cf.bstatic.com/xdata/images/hotel/square240/746827278.webp?k=3fad3ebee8ee231de86c1fc2aa40ca9564f9583604e4f7124eddcce1d18b1d52&o=,10,Lahore
Ivóry Self Check-in Gulberg MM Alam Pool,https://www.booking.com/hotel/pk/ivory-self-check-in-gulberg-mm-alam-pool.en-gb.html?aid=304142&label=gen173nr-10CAQoggJCDWNpdHlfLTI3NjcwNDNICVgEaLUBiAEBmAEzuAEHyAEM2AED6AEB-AEBiAIBqAIBuALBjMLTBsACAdICJDRlYmVmMGVjLTBmMjctNDNkNS05MDQ0LWY2ZTFmMzRjMjI5M9gCAeACAQ&ucfs=1&arphpl=1&checkin=2026-08-06&checkout=2026-08-07&dest_id=-2767043&dest_type=city&group_adults=2&req_adults=2&no_rooms=1&group_children=0&req_children=0&hpos=20&hapos=120&sr_order=popularity&srpvid=7b4f562059d9004c&srepoch=1785759315&all_sr_blocks=1570334201_428117905_5_0_0&highlighted_blocks=1570334201_428117905_5_0_0&matching_block_id=1570334201_428117905_5_0_0&sr_pri_blocks=1570334201_428117905_5_0_0__1250000&from=searchresults,12500,7.0,14.0,"Gulberg, Lahore",7.0,One-Bedroom Apartment,"4 beds (1 extra-large double, 2 sofa beds, 1 futon)",0,1,1,https://cf.bstatic.com/xdata/images/hotel/square240/813666582.webp?k=98ca5551550858cf3db5e091146c1be7d666b5861379dc2c3c3c1b7d11d9941c&o=,4,Lahore
Express Your Individuality at Gold Crest Mall,https://www.booking.com/hotel/pk/two-bed-luxury-gold-crest-mall-apt.en-gb.html?aid=304142&label=gen173nr-10CAQoggJCDWNpdHlfLTI3NjcwNDNICVgEaLUBiAEBmAEzuAEHyAEM2AED6AEB-AEBiAIBqAIBuALBjMLTBsACAdICJDRlYmVmMGVjLTBmMjctNDNkNS05MDQ0LWY2ZTFmMzRjMjI5M9gCAeACAQ&ucfs=1&arphpl=1&checkin=2026-08-06&checkout=2026-08-07&dest_id=-2767043&dest_type=city&group_adults=2&req_adults=2&no_rooms=1&group_children=0&req_children=0&hpos=21&hapos=121&sr_order=popularity&srpvid=7b4f562059d9004c&srepoch=1785759315&all_sr_blocks=1380915902_410188766_2_0_0_1085667&highlighted_blocks=1380915902_410188766_2_0_0_1085667&matching_block_id=1380915902_410188766_2_0_0_1085667&sr_pri_blocks=1380915902_410188766_2_0_0_1085667_1155000&from=searchresults,11550,,,Lahore,12.0,King Studio,1 extra-large double bed,0,1,1,https://cf.bstatic.com/xdata/images/hotel/square240/661487047.webp?k=a3739f84e16c4ac8d813eca21e90062010ca5b5b0b0141eba1c4d3c515f8b215&o=,12,Lahore
Metro One Hotel,https://www.booking.com/hotel/pk/metro-one.en-gb.html?aid=304142&label=gen173nr-10CAQoggJCDWNpdHlfLTI3NjcwNDNICVgEaLUBiAEBmAEzuAEHyAEM2AED6AEB-AEBiAIBqAIBuALBjMLTBsACAdICJDRlYmVmMGVjLTBmMjctNDNkNS05MDQ0LWY2ZTFmMzRjMjI5M9gCAeACAQ&ucfs=1&arphpl=1&checkin=2026-08-06&checkout=2026-08-07&dest_id=-2767043&dest_type=city&group_adults=2&req_adults=2&no_rooms=1&group_children=0&req_children=0&hpos=22&hapos=122&sr_order=popularity&srpvid=7b4f562059d9004c&srepoch=1785759315&all_sr_blocks=1277118203_402552747_0_0_0&highlighted_blocks=1277118203_402552747_0_0_0&matching_block_id=1277118203_402552747_0_0_0&sr_pri_blocks=1277118203_402552747_0_0_0__360000&from=searchresults,3600,7.9,55.0,"Johar Town, Lahore",13.3,Budget Double Room,1 large double bed,0,0,0,https://cf.bstatic.com/xdata/images/hotel/square240/595494214.webp?k=6d0d6c3d515fa9176aafabc08368df0452542b187b9528f494b1841b6c52c024&o=,10,Lahore
Crown Valley Guest House,https://www.booking.com/hotel/pk/oasis-guest-house-lahore.en-gb.html?aid=304142&label=gen173nr-10CAQoggJCDWNpdHlfLTI3NjcwNDNICVgEaLUBiAEBmAEzuAEHyAEM2AED6AEB-AEBiAIBqAIBuALBjMLTBsACAdICJDRlYmVmMGVjLTBmMjctNDNkNS05MDQ0LWY2ZTFmMzRjMjI5M9gCAeACAQ&ucfs=1&arphpl=1&checkin=2026-08-06&checkout=2026-08-07&dest_id=-2767043&dest_type=city&group_adults=2&req_adults=2&no_rooms=1&group_children=0&req_children=0&hpos=23&hapos=123&sr_order=popularity&srpvid=7b4f562059d9004c&srepoch=1785759315&all_sr_blocks=1687425401_440401496_2_2_0&highlighted_blocks=1687425401_440401496_2_2_0&matching_block_id=1687425401_440401496_2_2_0&sr_pri_blocks=1687425401_440401496_2_2_0__287300&from=searchresults,2873,8.0,1.0,"Johar Town, Lahore",11.5,Double Room,1 double bed,0,1,1,https://cf.bstatic.com/xdata/images/hotel/square240/894256814.webp?k=5fbcdf066dd86509d4d21cebeb101f030f49209a173fc4918e1ad82ce71ba44b&o=,12,Lahore
Royal Tree Hotel,https://www.booking.com/hotel/pk/royal-tree.en-gb.html?aid=304142&label=gen173nr-10CAQoggJCDWNpdHlfLTI3NjcwNDNICVgEaLUBiAEBmAEzuAEHyAEM2AED6AEB-AEBiAIBqAIBuALBjMLTBsACAdICJDRlYmVmMGVjLTBmMjctNDNkNS05MDQ0LWY2ZTFmMzRjMjI5M9gCAeACAQ&ucfs=1&arphpl=1&checkin=2026-08-06&checkout=2026-08-07&dest_id=-2767043&dest_type=city&group_adults=2&req_adults=2&no_rooms=1&group_children=0&req_children=0&hpos=24&hapos=124&sr_order=popularity&srpvid=7b4f562059d9004c&srepoch=1785759315&all_sr_blocks=1355332801_440463700_2_2_0&highlighted_blocks=1355332801_440463700_2_2_0&matching_block_id=1355332801_440463700_2_2_0&sr_pri_blocks=1355332801_440463700_2_2_0__476000&from=searchresults,4760,7.1,86.0,"Johar Town, Lahore",13.2,Deluxe Double Room,1 double bed,0,1,1,https://cf.bstatic.com/xdata/images/hotel/square240/894852043.webp?k=0cbadae417ee8f552c1bb7e459d44c62fa75b34d0352d3dda7d6031d9f412d8a&o=,12,Lahore
Dha Phase 6 Lahore - Private Rooms Near Raya & Dolmen Mall,https://www.booking.com/hotel/pk/luxury-room-in-lahore-lahore.en-gb.html?aid=304142&label=gen173nr-10CAQoggJCDWNpdHlfLTI3NjcwNDNICVgEaLUBiAEBmAEzuAEHyAEM2AED6AEB-AEBiAIBqAIBuALBjMLTBsACAdICJDRlYmVmMGVjLTBmMjctNDNkNS05MDQ0LWY2ZTFmMzRjMjI5M9gCAeACAQ&ucfs=1&arphpl=1&checkin=2026-08-06&checkout=2026-08-07&dest_id=-2767043&dest_type=city&group_adults=2&req_adults=2&no_rooms=1&group_children=0&req_children=0&hpos=25&hapos=125&sr_order=popularity&srpvid=7b4f562059d9004c&srepoch=1785759315&all_sr_blocks=1518291303_423530585_2_42_0&highlighted_blocks=1518291303_423530585_2_42_0&matching_block_id=1518291303_423530585_2_42_0&sr_pri_blocks=1518291303_423530585_2_42_0__600000&from=searchresults,6000,7.8,18.0,Lahore,16.9,Budget Double Room,1 large double bed,0,1,1,https://cf.bstatic.com/xdata/images/hotel/square240/769836453.webp?k=24e2d560e241a33f46fa6c524bd81b5e9e47b9b53fb43327d3955abdb043d408&o=,4,Lahore
Mohib Home Stay,https://www.booking.com/hotel/pk/mohib-home-stay.en-gb.html?aid=304142&label=gen173nr-10CAQoggJCDWNpdHlfLTI3NjcwNDNICVgEaLUBiAEBmAEzuAEHyAEM2AED6AEB-AEBiAIBqAIBuALBjMLTBsACAdICJDRlYmVmMGVjLTBmMjctNDNkNS05MDQ0LWY2ZTFmMzRjMjI5M9gCAeACAQ&ucfs=1&arphpl=1&checkin=2026-08-06&checkout=2026-08-07&dest_id=-2767043&dest_type=city&group_adults=2&req_adults=2&no_rooms=1&group_children=0&req_children=0&hpos=1&hapos=126&sr_order=popularity&srpvid=7b4f562059d9004c&srepoch=1785759318&all_sr_blocks=1500430802_421711010_2_0_0&highlighted_blocks=1500430802_421711010_2_0_0&matching_block_id=1500430802_421711010_2_0_0&sr_pri_blocks=1500430802_421711010_2_0_0__520000&from=searchresults,5200,9.2,29.0,Lahore,8.8,Standard Double Room,1 large double bed,0,1,1,https://cf.bstatic.com/xdata/images/hotel/square240/789465831.webp?k=1bdd46d7ae33534d48a72134aa39514a2a18477b9a252d846a967533e0fc82ba&o=,5,Lahore
Hotel Grand Lahore,https://www.booking.com/hotel/pk/family-lahore-lahore12.en-gb.html?aid=304142&label=gen173nr-10CAQoggJCDWNpdHlfLTI3NjcwNDNICVgEaLUBiAEBmAEzuAEHyAEM2AED6AEB-AEBiAIBqAIBuALBjMLTBsACAdICJDRlYmVmMGVjLTBmMjctNDNkNS05MDQ0LWY2ZTFmMzRjMjI5M9gCAeACAQ&ucfs=1&arphpl=1&checkin=2026-08-06&checkout=2026-08-07&dest_id=-2767043&dest_type=city&group_adults=2&req_adults=2&no_rooms=1&group_children=0&req_children=0&hpos=2&hapos=127&sr_order=popularity&srpvid=7b4f562059d9004c&srepoch=1785759318&all_sr_blocks=791204206_424570734_0_42_0&highlighted_blocks=791204206_424570734_0_42_0&matching_block_id=791204206_424570734_0_42_0&sr_pri_blocks=791204206_424570734_0_42_0__518000&from=searchresults,5180,7.6,521.0,"Johar Town, Lahore",13.3,Deluxe Twin Room,2 single beds,0,1,0,https://cf.bstatic.com/xdata/images/hotel/square240/410427549.webp?k=4761f746f725498f55fca27fc7965d8fd289cbc95770d700da27b2d1033a7ae6&o=,11,Lahore
Emporia Hotel & Suites,https://www.booking.com/hotel/pk/emporia-amp-suites.en-gb.html?aid=304142&label=gen173nr-10CAQoggJCDWNpdHlfLTI3NjcwNDNICVgEaLUBiAEBmAEzuAEHyAEM2AED6AEB-AEBiAIBqAIBuALBjMLTBsACAdICJDRlYmVmMGVjLTBmMjctNDNkNS05MDQ0LWY2ZTFmMzRjMjI5M9gCAeACAQ&ucfs=1&arphpl=1&checkin=2026-08-06&checkout=2026-08-07&dest_id=-2767043&dest_type=city&group_adults=2&req_adults=2&no_rooms=1&group_children=0&req_children=0&hpos=3&hapos=128&sr_order=popularity&srpvid=7b4f562059d9004c&srepoch=1785759318&all_sr_blocks=1555743701_0_2_1_0&highlighted_blocks=1555743701_0_2_1_0&matching_block_id=1555743701_0_2_1_0&sr_pri_blocks=1555743701_0_2_1_0__361522&from=searchresults,3615,7.0,41.0,"Johar Town, Lahore",12.0,Deluxe Double Room,1 large double bed,1,0,0,https://cf.bstatic.com/xdata/images/hotel/square240/802026986.webp?k=e8f9a79dc94f584f540dd8bfebc1049415afbdcb55eda940295576b2a64ff39a&o=,9,Lahore
Luxurious 2 Bedroom Apartment in DHA Ideal Family Living,https://www.booking.com/hotel/pk/luxurious-2-bedroom-apartment-in-dha-ideal-family-living.en-gb.html?aid=304142&label=gen173nr-10CAQoggJCDWNpdHlfLTI3NjcwNDNICVgEaLUBiAEBmAEzuAEHyAEM2AED6AEB-AEBiAIBqAIBuALBjMLTBsACAdICJDRlYmVmMGVjLTBmMjctNDNkNS05MDQ0LWY2ZTFmMzRjMjI5M9gCAeACAQ&ucfs=1&arphpl=1&checkin=2026-08-06&checkout=2026-08-07&dest_id=-2767043&dest_type=city&group_adults=2&req_adults=2&no_rooms=1&group_children=0&req_children=0&hpos=4&hapos=129&sr_order=popularity&srpvid=7b4f562059d9004c&srepoch=1785759318&all_sr_blocks=1633323701_433801606_4_0_0&highlighted_blocks=1633323701_433801606_4_0_0&matching_block_id=1633323701_433801606_4_0_0&sr_pri_blocks=1633323701_433801606_4_0_0__1760000&from=searchresults,17600,9.2,9.0,Lahore,13.6,Two-Bedroom Apartment,"3 beds (2 doubles, 1 sofa bed)",0,1,1,https://cf.bstatic.com/xdata/images/hotel/square240/863094820.webp?k=04458b83833efb4410c70ce85d292122af670675c7fe501bedb3923e12c3c6b0&o=,4,Lahore
2 bedrooms living apartments,https://www.booking.com/hotel/pk/robust-living-lahore.en-gb.html?aid=304142&label=gen173nr-10CAQoggJCDWNpdHlfLTI3NjcwNDNICVgEaLUBiAEBmAEzuAEHyAEM2AED6AEB-AEBiAIBqAIBuALBjMLTBsACAdICJDRlYmVmMGVjLTBmMjctNDNkNS05MDQ0LWY2ZTFmMzRjMjI5M9gCAeACAQ&ucfs=1&arphpl=1&checkin=2026-08-06&checkout=2026-08-07&dest_id=-2767043&dest_type=city&group_adults=2&req_adults=2&no_rooms=1&group_children=0&req_children=0&hpos=5&hapos=130&sr_order=popularity&srpvid=7b4f562059d9004c&srepoch=1785759318&all_sr_blocks=1600406803_431004882_3_0_0&highlighted_blocks=1600406803_431004882_3_0_0&matching_block_id=1600406803_431004882_3_0_0&sr_pri_blocks=1600406803_431004882_3_0_0__720000&from=searchresults,7200,9.7,10.0,Lahore,14.8,One-Bedroom Apartment with Balcony and City View,"2 beds (1 sofa bed, 1 large double)",0,1,1,https://cf.bstatic.com/xdata/images/hotel/square240/891424045.webp?k=57c2807b66bc57cde61bf04bcd9f43561d5ddc8cdbb9de031acdfd685fdcca96&o=,5,Lahore
Hotel Tulip INN,https://www.booking.com/hotel/pk/the-tulip.en-gb.html?aid=304142&label=gen173nr-10CAQoggJCDWNpdHlfLTI3NjcwNDNICVgEaLUBiAEBmAEzuAEHyAEM2AED6AEB-AEBiAIBqAIBuALBjMLTBsACAdICJDRlYmVmMGVjLTBmMjctNDNkNS05MDQ0LWY2ZTFmMzRjMjI5M9gCAeACAQ&ucfs=1&arphpl=1&checkin=2026-08-06&checkout=2026-08-07&dest_id=-2767043&dest_type=city&group_adults=2&req_adults=2&no_rooms=1&group_children=0&req_children=0&hpos=6&hapos=131&sr_order=popularity&srpvid=7b4f562059d9004c&srepoch=1785759318&all_sr_blocks=1541469101_425532829_2_2_0&highlighted_blocks=1541469101_425532829_2_2_0&matching_block_id=1541469101_425532829_2_2_0&sr_pri_blocks=1541469101_425532829_2_2_0__468000&from=searchresults,4680,4.8,271.0,"Gulberg, Lahore",5.7,Standard Double Room,1 large double bed,0,0,0,https://cf.bstatic.com/xdata/images/hotel/square240/788905637.webp?k=45d5bfdadf5e1ed9b0cd240cc5921aa753fe2a1e7d2f166c2ce19d6faa31b0b4&o=,9,Lahore
Eiffel Facing Embrace Luxury 1BHK,https://www.booking.com/hotel/pk/eiffel-embrace-luxury-1bhk.en-gb.html?aid=304142&label=gen173nr-10CAQoggJCDWNpdHlfLTI3NjcwNDNICVgEaLUBiAEBmAEzuAEHyAEM2AED6AEB-AEBiAIBqAIBuALBjMLTBsACAdICJDRlYmVmMGVjLTBmMjctNDNkNS05MDQ0LWY2ZTFmMzRjMjI5M9gCAeACAQ&ucfs=1&arphpl=1&checkin=2026-08-06&checkout=2026-08-07&dest_id=-2767043&dest_type=city&group_adults=2&req_adults=2&no_rooms=1&group_children=0&req_children=0&hpos=7&hapos=132&sr_order=popularity&srpvid=7b4f562059d9004c&srepoch=1785759318&all_sr_blocks=1400007301_411856142_2_0_0&highlighted_blocks=1400007301_411856142_2_0_0&matching_block_id=1400007301_411856142_2_0_0&sr_pri_blocks=1400007301_411856142_2_0_0__729000&from=searchresults,7290,8.2,30.0,Lahore,26.6,One-Bedroom Apartment,"3 beds (2 sofa beds, 1 large double)",0,0,0,https://cf.bstatic.com/xdata/images/hotel/square240/698011535.webp?k=831d6bbdb640114e4e21da2495c1252ff97788357e5025ace47608a85769ad0e&o=,10,Lahore
Hotel Royal Grand,https://www.booking.com/hotel/pk/royal-grand.en-gb.html?aid=304142&label=gen173nr-10CAQoggJCDWNpdHlfLTI3NjcwNDNICVgEaLUBiAEBmAEzuAEHyAEM2AED6AEB-AEBiAIBqAIBuALBjMLTBsACAdICJDRlYmVmMGVjLTBmMjctNDNkNS05MDQ0LWY2ZTFmMzRjMjI5M9gCAeACAQ&ucfs=1&arphpl=1&checkin=2026-08-06&checkout=2026-08-07&dest_id=-2767043&dest_type=city&group_adults=2&req_adults=2&no_rooms=1&group_children=0&req_children=0&hpos=8&hapos=133&sr_order=popularity&srpvid=7b4f562059d9004c&srepoch=1785759318&all_sr_blocks=858514208_353532614_2_2_0_721171&highlighted_blocks=858514208_353532614_2_2_0_721171&matching_block_id=858514208_353532614_2_2_0_721171&sr_pri_blocks=858514208_353532614_2_2_0_721171_300000&from=searchresults,3000,6.7,183.0,"Johar Town, Lahore",11.1,Standard Double Room with Fan,1 extra-large double bed,0,1,1,https://cf.bstatic.com/xdata/images/hotel/square240/388715227.webp?k=a1ebaa2e3b551c34097066e162e8847925a8926ae89db20c257f31f91f122127&o=,11,Lahore
Go Guest House Lahore,https://www.booking.com/hotel/pk/go-guest-house-lahore.en-gb.html?aid=304142&label=gen173nr-10CAQoggJCDWNpdHlfLTI3NjcwNDNICVgEaLUBiAEBmAEzuAEHyAEM2AED6AEB-AEBiAIBqAIBuALBjMLTBsACAdICJDRlYmVmMGVjLTBmMjctNDNkNS05MDQ0LWY2ZTFmMzRjMjI5M9gCAeACAQ&ucfs=1&arphpl=1&checkin=2026-08-06&checkout=2026-08-07&dest_id=-2767043&dest_type=city&group_adults=2&req_adults=2&no_rooms=1&group_children=0&req_children=0&hpos=9&hapos=134&sr_order=popularity&srpvid=7b4f562059d9004c&srepoch=1785759318&all_sr_blocks=1168869601_416874658_2_2_0_796663&highlighted_blocks=1168869601_416874658_2_2_0_796663&matching_block_id=1168869601_416874658_2_2_0_796663&sr_pri_blocks=1168869601_416874658_2_2_0_796663_360000&from=searchresults,3600,7.6,302.0,Lahore,14.2,Deluxe Double Room,1 large double bed,0,1,0,https://cf.bstatic.com/xdata/images/hotel/square240/535100133.webp?k=eb576ca17e24242db184084ae85dbf1a192615ab6a36333c9e687814b530ab32&o=,4,Lahore
Misàfir - 1BR Self Checkin - Gulberg MM Alam - Pool,https://www.booking.com/hotel/pk/misafir-1br-self-checkin-gulberg-mm-alam-pool.en-gb.html?aid=304142&label=gen173nr-10CAQoggJCDWNpdHlfLTI3NjcwNDNICVgEaLUBiAEBmAEzuAEHyAEM2AED6AEB-AEBiAIBqAIBuALBjMLTBsACAdICJDRlYmVmMGVjLTBmMjctNDNkNS05MDQ0LWY2ZTFmMzRjMjI5M9gCAeACAQ&ucfs=1&arphpl=1&checkin=2026-08-06&checkout=2026-08-07&dest_id=-2767043&dest_type=city&group_adults=2&req_adults=2&no_rooms=1&group_children=0&req_children=0&hpos=10&hapos=135&sr_order=popularity&srpvid=7b4f562059d9004c&srepoch=1785759318&all_sr_blocks=1691534301_440797442_4_0_0&highlighted_blocks=1691534301_440797442_4_0_0&matching_block_id=1691534301_440797442_4_0_0&sr_pri_blocks=1691534301_440797442_4_0_0__1100000&from=searchresults,11000,,,"Gulberg, Lahore",6.8,Two-Bedroom Apartment,"2 beds (1 sofa bed, 1 large double)",0,1,1,https://cf.bstatic.com/xdata/images/hotel/square240/897132584.webp?k=08f8483ee761122dfe46076600755b4bc3ed8e024065951c19b836b1dce732bd&o=,5,Lahore
hotel in lahore,https://www.booking.com/hotel/pk/in-lahore.en-gb.html?aid=304142&label=gen173nr-10CAQoggJCDWNpdHlfLTI3NjcwNDNICVgEaLUBiAEBmAEzuAEHyAEM2AED6AEB-AEBiAIBqAIBuALBjMLTBsACAdICJDRlYmVmMGVjLTBmMjctNDNkNS05MDQ0LWY2ZTFmMzRjMjI5M9gCAeACAQ&ucfs=1&arphpl=1&checkin=2026-08-06&checkout=2026-08-07&dest_id=-2767043&dest_type=city&group_adults=2&req_adults=2&no_rooms=1&group_children=0&req_children=0&hpos=11&hapos=136&sr_order=popularity&srpvid=7b4f562059d9004c&srepoch=1785759318&all_sr_blocks=1552204102_426400305_2_0_0&highlighted_blocks=1552204102_426400305_2_0_0&matching_block_id=1552204102_426400305_2_0_0&sr_pri_blocks=1552204102_426400305_2_0_0__320000&from=searchresults,3200,5.5,2.0,Lahore,10.4,Standard Double Room with Fan,Beds: 1 double or 2 singles,0,1,1,https://cf.bstatic.com/xdata/images/hotel/square240/798197330.webp?k=d192c18e2173b8688d698d6a9a8b38438fdada72d5509e47d912ecca1e41091f&o=,11,Lahore
Blue Sky Hotel,https://www.booking.com/hotel/pk/blue-sky-lahore.en-gb.html?aid=304142&label=gen173nr-10CAQoggJCDWNpdHlfLTI3NjcwNDNICVgEaLUBiAEBmAEzuAEHyAEM2AED6AEB-AEBiAIBqAIBuALBjMLTBsACAdICJDRlYmVmMGVjLTBmMjctNDNkNS05MDQ0LWY2ZTFmMzRjMjI5M9gCAeACAQ&ucfs=1&arphpl=1&checkin=2026-08-06&checkout=2026-08-07&dest_id=-2767043&dest_type=city&group_adults=2&req_adults=2&no_rooms=1&group_children=0&req_children=0&hpos=12&hapos=137&sr_order=popularity&srpvid=7b4f562059d9004c&srepoch=1785759318&all_sr_blocks=1351383901_412015428_0_1_0&highlighted_blocks=1351383901_412015428_0_1_0&matching_block_id=1351383901_412015428_0_1_0&sr_pri_blocks=1351383901_412015428_0_1_0__573750&from=searchresults,5738,7.7,145.0,Lahore,4.6,Deluxe Double Room,1 extra-large double bed,1,1,1,https://cf.bstatic.com/xdata/images/hotel/square240/678977988.webp?k=3d2512f060990c383c1cd4929e8e0cd9bbe7479a0d917d32cf7c04112fb76ad8&o=,11,Lahore
Luxurious Studio Apartment - Gold Crest Mall - DHA Lahore,https://www.booking.com/hotel/pk/luxurious-studio-apartment-gold-crest-mall-dha-lahore.en-gb.html?aid=304142&label=gen173nr-10CAQoggJCDWNpdHlfLTI3NjcwNDNICVgEaLUBiAEBmAEzuAEHyAEM2AED6AEB-AEBiAIBqAIBuALBjMLTBsACAdICJDRlYmVmMGVjLTBmMjctNDNkNS05MDQ0LWY2ZTFmMzRjMjI5M9gCAeACAQ&ucfs=1&arphpl=1&checkin=2026-08-06&checkout=2026-08-07&dest_id=-2767043&dest_type=city&group_adults=2&req_adults=2&no_rooms=1&group_children=0&req_children=0&hpos=13&hapos=138&sr_order=popularity&srpvid=7b4f562059d9004c&srepoch=1785759318&all_sr_blocks=1586389101_429754156_2_0_0&highlighted_blocks=1586389101_429754156_2_0_0&matching_block_id=1586389101_429754156_2_0_0&sr_pri_blocks=1586389101_429754156_2_0_0__1425000&from=searchresults,14250,10,5.0,Lahore,12.0,One-Bedroom Apartment,1 double bed,0,1,1,https://cf.bstatic.com/xdata/images/hotel/square240/827010013.webp?k=dd1c7c3ec8e612711f635e3b2d66532f882e0fb911b0611ce8c6de740bb78b51&o=,4,Lahore
"Luxury Apartment with Balcony in Gold Crest, DHA - Skyview Suite",https://www.booking.com/hotel/pk/skyview-suites-by-prime-inn-apartments.en-gb.html?aid=304142&label=gen173nr-10CAQoggJCDWNpdHlfLTI3NjcwNDNICVgEaLUBiAEBmAEzuAEHyAEM2AED6AEB-AEBiAIBqAIBuALBjMLTBsACAdICJDRlYmVmMGVjLTBmMjctNDNkNS05MDQ0LWY2ZTFmMzRjMjI5M9gCAeACAQ&ucfs=1&arphpl=1&checkin=2026-08-06&checkout=2026-08-07&dest_id=-2767043&dest_type=city&group_adults=2&req_adults=2&no_rooms=1&group_children=0&req_children=0&hpos=14&hapos=139&sr_order=popularity&srpvid=7b4f562059d9004c&srepoch=1785759318&all_sr_blocks=1080530101_419477685_2_0_0&highlighted_blocks=1080530101_419477685_2_0_0&matching_block_id=1080530101_419477685_2_0_0&sr_pri_blocks=1080530101_419477685_2_0_0__1755000&from=searchresults,17550,9.5,13.0,Lahore,12.1,Apartment with Balcony,1 large double bed,0,1,1,https://cf.bstatic.com/xdata/images/hotel/square240/494012340.webp?k=758cad2700cda570549dfa7be3904ab10ae2f25b315696a7323a687faa020ee3&o=,13,Lahore
Green View Hotel Liberty,https://www.booking.com/hotel/pk/green-view-liberty-lahore.en-gb.html?aid=304142&label=gen173nr-10CAQoggJCDWNpdHlfLTI3NjcwNDNICVgEaLUBiAEBmAEzuAEHyAEM2AED6AEB-AEBiAIBqAIBuALBjMLTBsACAdICJDRlYmVmMGVjLTBmMjctNDNkNS05MDQ0LWY2ZTFmMzRjMjI5M9gCAeACAQ&ucfs=1&arphpl=1&checkin=2026-08-06&checkout=2026-08-07&dest_id=-2767043&dest_type=city&group_adults=2&req_adults=2&no_rooms=1&group_children=0&req_children=0&hpos=15&hapos=140&sr_order=popularity&srpvid=7b4f562059d9004c&srepoch=1785759318&all_sr_blocks=929073901_364895355_2_2_0&highlighted_blocks=929073901_364895355_2_2_0&matching_block_id=929073901_364895355_2_2_0&sr_pri_blocks=929073901_364895355_2_2_0__400000&from=searchresults,4000,4.6,91.0,"Gulberg, Lahore",6.0,Standard Double or Twin Room,1 double bed,0,1,1,https://cf.bstatic.com/xdata/images/hotel/square240/409544211.webp?k=d23db2ba184ec57b21811be00958d9a0a83c8f56a20a2acfd276e82c45c93c06&o=,11,Lahore
Grand Orchard One Hotel,https://www.booking.com/hotel/pk/grand-orchard-one-lahore8.en-gb.html?aid=304142&label=gen173nr-10CAQoggJCDWNpdHlfLTI3NjcwNDNICVgEaLUBiAEBmAEzuAEHyAEM2AED6AEB-AEBiAIBqAIBuALBjMLTBsACAdICJDRlYmVmMGVjLTBmMjctNDNkNS05MDQ0LWY2ZTFmMzRjMjI5M9gCAeACAQ&ucfs=1&arphpl=1&checkin=2026-08-06&checkout=2026-08-07&dest_id=-2767043&dest_type=city&group_adults=2&req_adults=2&no_rooms=1&group_children=0&req_children=0&hpos=16&hapos=141&sr_order=popularity&srpvid=7b4f562059d9004c&srepoch=1785759318&all_sr_blocks=1546292002_425904305_2_34_0&highlighted_blocks=1546292002_425904305_2_34_0&matching_block_id=1546292002_425904305_2_34_0&sr_pri_blocks=1546292002_425904305_2_34_0__585000&from=searchresults,5850,8.0,30.0,Lahore,9.8,Family Room,10 extra-large double beds,0,0,0,https://cf.bstatic.com/xdata/images/hotel/square240/792846570.webp?k=1f4df86a30f991945e283ebbb51238f02d359f832945b73bcb4269d53b710442&o=,12,Lahore
ALAYA EXECUTIVE SUITES -Gulberg - City Centre,https://www.booking.com/hotel/pk/aes-i-1bhk-i-central-i-gulberg.en-gb.html?aid=304142&label=gen173nr-10CAQoggJCDWNpdHlfLTI3NjcwNDNICVgEaLUBiAEBmAEzuAEHyAEM2AED6AEB-AEBiAIBqAIBuALBjMLTBsACAdICJDRlYmVmMGVjLTBmMjctNDNkNS05MDQ0LWY2ZTFmMzRjMjI5M9gCAeACAQ&ucfs=1&arphpl=1&checkin=2026-08-06&checkout=2026-08-07&dest_id=-2767043&dest_type=city&group_adults=2&req_adults=2&no_rooms=1&group_children=0&req_children=0&hpos=17&hapos=142&sr_order=popularity&srpvid=7b4f562059d9004c&srepoch=1785759318&all_sr_blocks=1582243604_439702977_2_0_0&highlighted_blocks=1582243604_439702977_2_0_0&matching_block_id=1582243604_439702977_2_0_0&sr_pri_blocks=1582243604_439702977_2_0_0__1333341&from=searchresults,13333,9.5,18.0,"Gulberg, Lahore",6.9,Apartment,1 large double bed,0,1,1,https://cf.bstatic.com/xdata/images/hotel/square240/899829260.webp?k=fb847f8d7dfb45fed431cd8a43c62a6060164bc314177cd7ea3c956d53236af0&o=,5,Lahore
Hotel Moon Light view,https://www.booking.com/hotel/pk/royal-inn-plus.en-gb.html?aid=304142&label=gen173nr-10CAQoggJCDWNpdHlfLTI3NjcwNDNICVgEaLUBiAEBmAEzuAEHyAEM2AED6AEB-AEBiAIBqAIBuALBjMLTBsACAdICJDRlYmVmMGVjLTBmMjctNDNkNS05MDQ0LWY2ZTFmMzRjMjI5M9gCAeACAQ&ucfs=1&arphpl=1&checkin=2026-08-06&checkout=2026-08-07&dest_id=-2767043&dest_type=city&group_adults=2&req_adults=2&no_rooms=1&group_children=0&req_children=0&hpos=18&hapos=143&sr_order=popularity&srpvid=7b4f562059d9004c&srepoch=1785759318&all_sr_blocks=1677100902_439427783_2_0_0&highlighted_blocks=1677100902_439427783_2_0_0&matching_block_id=1677100902_439427783_2_0_0&sr_pri_blocks=1677100902_439427783_2_0_0__300000&from=searchresults,3000,,,Lahore,13.0,Double Room,1 double bed,0,1,1,https://cf.bstatic.com/xdata/images/hotel/square240/889186030.webp?k=f1da2866dbdd7960bee93186a2f5d080017b52994f0a7c82e0ffdd61a60d5acd&o=,10,Lahore
Hotel Haven Suite,https://www.booking.com/hotel/pk/the-grand-lahore2.en-gb.html?aid=304142&label=gen173nr-10CAQoggJCDWNpdHlfLTI3NjcwNDNICVgEaLUBiAEBmAEzuAEHyAEM2AED6AEB-AEBiAIBqAIBuALBjMLTBsACAdICJDRlYmVmMGVjLTBmMjctNDNkNS05MDQ0LWY2ZTFmMzRjMjI5M9gCAeACAQ&ucfs=1&arphpl=1&checkin=2026-08-06&checkout=2026-08-07&dest_id=-2767043&dest_type=city&group_adults=2&req_adults=2&no_rooms=1&group_children=0&req_children=0&hpos=19&hapos=144&sr_order=popularity&srpvid=7b4f562059d9004c&srepoch=1785759318&all_sr_blocks=1418504505_413524640_2_2_0&highlighted_blocks=1418504505_413524640_2_2_0&matching_block_id=1418504505_413524640_2_2_0&sr_pri_blocks=1418504505_413524640_2_2_0__383100&from=searchresults,3831,7.2,206.0,"Johar Town, Lahore",11.1,Economy Double Room,1 double bed,0,1,1,https://cf.bstatic.com/xdata/images/hotel/square240/793527764.webp?k=02a46e2de806bc19af2c80739133249c2b525ed7b38f3ab4490b4090beb5c151&o=,11,Lahore
1BHK Elite Apartment Bahria Lahore,https://www.booking.com/hotel/pk/angelas-luxury-apartment-bahria-town.en-gb.html?aid=304142&label=gen173nr-10CAQoggJCDWNpdHlfLTI3NjcwNDNICVgEaLUBiAEBmAEzuAEHyAEM2AED6AEB-AEBiAIBqAIBuALBjMLTBsACAdICJDRlYmVmMGVjLTBmMjctNDNkNS05MDQ0LWY2ZTFmMzRjMjI5M9gCAeACAQ&ucfs=1&arphpl=1&checkin=2026-08-06&checkout=2026-08-07&dest_id=-2767043&dest_type=city&group_adults=2&req_adults=2&no_rooms=1&group_children=0&req_children=0&hpos=20&hapos=145&sr_order=popularity&srpvid=7b4f562059d9004c&srepoch=1785759318&all_sr_blocks=1613256904_432221017_3_0_0&highlighted_blocks=1613256904_432221017_3_0_0&matching_block_id=1613256904_432221017_3_0_0&sr_pri_blocks=1613256904_432221017_3_0_0__560800&from=searchresults,5608,8.5,6.0,Lahore,24.6,One-Bedroom Apartment,"2 beds (1 double, 1 sofa bed)",0,1,1,https://cf.bstatic.com/xdata/images/hotel/square240/896033093.webp?k=516b143e8c082d031a32be2925703c3600fe13b1cd887150e12b386cf045afbe&o=,13,Lahore
Amada Hotels,https://www.booking.com/hotel/pk/amada-hotels.en-gb.html?aid=304142&label=gen173nr-10CAQoggJCDWNpdHlfLTI3NjcwNDNICVgEaLUBiAEBmAEzuAEHyAEM2AED6AEB-AEBiAIBqAIBuALBjMLTBsACAdICJDRlYmVmMGVjLTBmMjctNDNkNS05MDQ0LWY2ZTFmMzRjMjI5M9gCAeACAQ&ucfs=1&arphpl=1&checkin=2026-08-06&checkout=2026-08-07&dest_id=-2767043&dest_type=city&group_adults=2&req_adults=2&no_rooms=1&group_children=0&req_children=0&hpos=21&hapos=146&sr_order=popularity&srpvid=7b4f562059d9004c&srepoch=1785759318&all_sr_blocks=945328402_367024489_2_0_0&highlighted_blocks=945328402_367024489_2_0_0&matching_block_id=945328402_367024489_2_0_0&sr_pri_blocks=945328402_367024489_2_0_0__497250&from=searchresults,4973,4.7,4.0,Lahore,8.2,Double or Twin Room,2 single beds,0,0,0,https://cf.bstatic.com/xdata/images/hotel/square240/867947139.webp?k=23f948efb760513061bb33cff580bafeb5ea915c9af1c027102cc3a1240bfe8c&o=,13,Lahore
Star Hotel Lahore,https://www.booking.com/hotel/pk/star-lahore.en-gb.html?aid=304142&label=gen173nr-10CAQoggJCDWNpdHlfLTI3NjcwNDNICVgEaLUBiAEBmAEzuAEHyAEM2AED6AEB-AEBiAIBqAIBuALBjMLTBsACAdICJDRlYmVmMGVjLTBmMjctNDNkNS05MDQ0LWY2ZTFmMzRjMjI5M9gCAeACAQ&ucfs=1&arphpl=1&checkin=2026-08-06&checkout=2026-08-07&dest_id=-2767043&dest_type=city&group_adults=2&req_adults=2&no_rooms=1&group_children=0&req_children=0&hpos=22&hapos=147&sr_order=popularity&srpvid=7b4f562059d9004c&srepoch=1785759318&all_sr_blocks=608410302_238325823_2_42_0&highlighted_blocks=608410302_238325823_2_42_0&matching_block_id=608410302_238325823_2_42_0&sr_pri_blocks=608410302_238325823_2_42_0__368550&from=searchresults,3686,4.2,50.0,Lahore,4.8,Deluxe Double Room (2 Adults + 1 Child),1 extra-large double bed,0,0,0,https://cf.bstatic.com/xdata/images/hotel/square240/855441476.webp?k=0a11db50a329d490b46e8cdd8f78b6f2f5c8d26feadf00d59416312e4f3e2d17&o=,3,Lahore
The Perfect Blend of Price and Comfort in GCM laxor Stay in Prime location,https://www.booking.com/hotel/pk/super-deluxe-apartment-lahore.en-gb.html?aid=304142&label=gen173nr-10CAQoggJCDWNpdHlfLTI3NjcwNDNICVgEaLUBiAEBmAEzuAEHyAEM2AED6AEB-AEBiAIBqAIBuALBjMLTBsACAdICJDRlYmVmMGVjLTBmMjctNDNkNS05MDQ0LWY2ZTFmMzRjMjI5M9gCAeACAQ&ucfs=1&arphpl=1&checkin=2026-08-06&checkout=2026-08-07&dest_id=-2767043&dest_type=city&group_adults=2&req_adults=2&no_rooms=1&group_children=0&req_children=0&hpos=23&hapos=148&sr_order=popularity&srpvid=7b4f562059d9004c&srepoch=1785759318&all_sr_blocks=1134135302_386062485_2_2_0_1085675&highlighted_blocks=1134135302_386062485_2_2_0_1085675&matching_block_id=1134135302_386062485_2_2_0_1085675&sr_pri_blocks=1134135302_386062485_2_2_0_1085675_1155000&from=searchresults,11550,7.8,61.0,Lahore,12.0,Studio,1 large double bed,0,1,1,https://cf.bstatic.com/xdata/images/hotel/square240/785813707.webp?k=53dd5ac06d71b7a677f5df41ff973dba45fc547a76f38ea77f1cd2b6dbfc88e4&o=,14,Lahore
Lahore Park Hotel,https://www.booking.com/hotel/pk/new-palace-lahore-lahore.en-gb.html?aid=304142&label=gen173nr-10CAQoggJCDWNpdHlfLTI3NjcwNDNICVgEaLUBiAEBmAEzuAEHyAEM2AED6AEB-AEBiAIBqAIBuALBjMLTBsACAdICJDRlYmVmMGVjLTBmMjctNDNkNS05MDQ0LWY2ZTFmMzRjMjI5M9gCAeACAQ&ucfs=1&arphpl=1&checkin=2026-08-06&checkout=2026-08-07&dest_id=-2767043&dest_type=city&group_adults=2&req_adults=2&no_rooms=1&group_children=0&req_children=0&hpos=24&hapos=149&sr_order=popularity&srpvid=7b4f562059d9004c&srepoch=1785759318&all_sr_blocks=1601309601_431086501_20_0_0&highlighted_blocks=1601309601_431086501_20_0_0&matching_block_id=1601309601_431086501_20_0_0&sr_pri_blocks=1601309601_431086501_20_0_0__350000&from=searchresults,3500,5.8,4.0,Lahore,5.6,Family Room,10 double beds,0,1,1,https://cf.bstatic.com/xdata/images/hotel/square240/843447410.webp?k=cf7cbfcd727573ac0e899ee5952c9071cdc7e18326e7902da64812b8fd25ac1c&o=,8,Lahore
Holiday Guest House Lahore,https://www.booking.com/hotel/pk/park-lahore-lahore.en-gb.html?aid=304142&label=gen173nr-10CAQoggJCDWNpdHlfLTI3NjcwNDNICVgEaLUBiAEBmAEzuAEHyAEM2AED6AEB-AEBiAIBqAIBuALBjMLTBsACAdICJDRlYmVmMGVjLTBmMjctNDNkNS05MDQ0LWY2ZTFmMzRjMjI5M9gCAeACAQ&ucfs=1&arphpl=1&checkin=2026-08-06&checkout=2026-08-07&dest_id=-2767043&dest_type=city&group_adults=2&req_adults=2&no_rooms=1&group_children=0&req_children=0&hpos=1&hapos=150&sr_order=popularity&srpvid=7b4f562059d9004c&srepoch=1785759320&all_sr_blocks=1311901104_403969700_2_0_0&highlighted_blocks=1311901104_403969700_2_0_0&matching_block_id=1311901104_403969700_2_0_0&sr_pri_blocks=1311901104_403969700_2_0_0__384000&from=searchresults,3840,7.1,103.0,"Johar Town, Lahore",12.3,Budget Double Room,1 double bed,0,1,1,https://cf.bstatic.com/xdata/images/hotel/square240/659158668.webp?k=e54c5739e3beb9a09d438eb2b25280a160b8d9d1c9a50da3af8c160b4faa96cb&o=,12,Lahore
Al Warda Hotel,https://www.booking.com/hotel/pk/al-warda.en-gb.html?aid=304142&label=gen173nr-10CAQoggJCDWNpdHlfLTI3NjcwNDNICVgEaLUBiAEBmAEzuAEHyAEM2AED6AEB-AEBiAIBqAIBuALBjMLTBsACAdICJDRlYmVmMGVjLTBmMjctNDNkNS05MDQ0LWY2ZTFmMzRjMjI5M9gCAeACAQ&ucfs=1&arphpl=1&checkin=2026-08-06&checkout=2026-08-07&dest_id=-2767043&dest_type=city&group_adults=2&req_adults=2&no_rooms=1&group_children=0&req_children=0&hpos=2&hapos=151&sr_order=popularity&srpvid=7b4f562059d9004c&srepoch=1785759320&all_sr_blocks=1275667604_400434902_2_2_0&highlighted_blocks=1275667604_400434902_2_2_0&matching_block_id=1275667604_400434902_2_2_0&sr_pri_blocks=1275667604_400434902_2_2_0__344900&from=searchresults,3449,7.2,77.0,"Johar Town, Lahore",13.4,Deluxe Double Room,1 double bed,0,1,1,https://cf.bstatic.com/xdata/images/hotel/square240/597033303.webp?k=2b7fade767cc8caeb32b6aafbecfecbef336beb2cb22f847d3f912f547744339&o=,9,Lahore
Luxery Appartments,https://www.booking.com/hotel/pk/luxery-appartments.en-gb.html?aid=304142&label=gen173nr-10CAQoggJCDWNpdHlfLTI3NjcwNDNICVgEaLUBiAEBmAEzuAEHyAEM2AED6AEB-AEBiAIBqAIBuALBjMLTBsACAdICJDRlYmVmMGVjLTBmMjctNDNkNS05MDQ0LWY2ZTFmMzRjMjI5M9gCAeACAQ&ucfs=1&arphpl=1&checkin=2026-08-06&checkout=2026-08-07&dest_id=-2767043&dest_type=city&group_adults=2&req_adults=2&no_rooms=1&group_children=0&req_children=0&hpos=3&hapos=152&sr_order=popularity&srpvid=7b4f562059d9004c&srepoch=1785759320&all_sr_blocks=1698260801_441486860_3_0_0&highlighted_blocks=1698260801_441486860_3_0_0&matching_block_id=1698260801_441486860_3_0_0&sr_pri_blocks=1698260801_441486860_3_0_0__816000&from=searchresults,8160,,,"Johar Town, Lahore",11.4,Two-Bedroom Apartment,"3 beds (2 singles, 1 sofa bed)",0,1,1,https://cf.bstatic.com/xdata/images/hotel/square240/901400266.webp?k=aef17af6751e4dac099b31fc8f018654ea9cd4bc9e60367960cb9b02b92d12c0&o=,5,Lahore
The Rich Hotel & Apartments,https://www.booking.com/hotel/pk/the-rich-amp-apartments.en-gb.html?aid=304142&label=gen173nr-10CAQoggJCDWNpdHlfLTI3NjcwNDNICVgEaLUBiAEBmAEzuAEHyAEM2AED6AEB-AEBiAIBqAIBuALBjMLTBsACAdICJDRlYmVmMGVjLTBmMjctNDNkNS05MDQ0LWY2ZTFmMzRjMjI5M9gCAeACAQ&ucfs=1&arphpl=1&checkin=2026-08-06&checkout=2026-08-07&dest_id=-2767043&dest_type=city&group_adults=2&req_adults=2&no_rooms=1&group_children=0&req_children=0&hpos=4&hapos=153&sr_order=popularity&srpvid=7b4f562059d9004c&srepoch=1785759320&all_sr_blocks=971311502_369551908_2_1_0&highlighted_blocks=971311502_369551908_2_1_0&matching_block_id=971311502_369551908_2_1_0&sr_pri_blocks=971311502_369551908_2_1_0__950000&from=searchresults,9500,7.6,136.0,"Johar Town, Lahore",12.6,Deluxe Twin Room,2 single beds,1,1,1,https://cf.bstatic.com/xdata/images/hotel/square240/444259014.webp?k=f90949a2cf57d25d01aabf2ccf51e677375087da3704f560269d9e7e5055451f&o=,11,Lahore
Lords Residencia Apartment,https://www.booking.com/hotel/pk/lords-residencia-apartment.en-gb.html?aid=304142&label=gen173nr-10CAQoggJCDWNpdHlfLTI3NjcwNDNICVgEaLUBiAEBmAEzuAEHyAEM2AED6AEB-AEBiAIBqAIBuALBjMLTBsACAdICJDRlYmVmMGVjLTBmMjctNDNkNS05MDQ0LWY2ZTFmMzRjMjI5M9gCAeACAQ&ucfs=1&arphpl=1&checkin=2026-08-06&checkout=2026-08-07&dest_id=-2767043&dest_type=city&group_adults=2&req_adults=2&no_rooms=1&group_children=0&req_children=0&hpos=5&hapos=154&sr_order=popularity&srpvid=7b4f562059d9004c&srepoch=1785759320&all_sr_blocks=1698063301_441475714_3_0_0&highlighted_blocks=1698063301_441475714_3_0_0&matching_block_id=1698063301_441475714_3_0_0&sr_pri_blocks=1698063301_441475714_3_0_0__765000&from=searchresults,7650,,,Lahore,19.2,One-Bedroom Apartment,1 double bed,0,1,1,https://cf.bstatic.com/xdata/images/hotel/square240/901316982.webp?k=f753f41014b38c1d1fe716daba08bc2158aa590d912ae89ec918a469a28ba75b&o=,4,Lahore
NTP Palace Hotel,https://www.booking.com/hotel/pk/al-noor-palace.en-gb.html?aid=304142&label=gen173nr-10CAQoggJCDWNpdHlfLTI3NjcwNDNICVgEaLUBiAEBmAEzuAEHyAEM2AED6AEB-AEBiAIBqAIBuALBjMLTBsACAdICJDRlYmVmMGVjLTBmMjctNDNkNS05MDQ0LWY2ZTFmMzRjMjI5M9gCAeACAQ&ucfs=1&arphpl=1&checkin=2026-08-06&checkout=2026-08-07&dest_id=-2767043&dest_type=city&group_adults=2&req_adults=2&no_rooms=1&group_children=0&req_children=0&hpos=6&hapos=155&sr_order=popularity&srpvid=7b4f562059d9004c&srepoch=1785759320&all_sr_blocks=513533603_179840628_0_2_0&highlighted_blocks=513533603_179840628_0_2_0&matching_block_id=513533603_179840628_0_2_0&sr_pri_blocks=513533603_179840628_0_2_0__249233&from=searchresults,2492,4.1,17.0,Lahore,5.0,Budget Twin Room,2 single beds,0,1,1,https://cf.bstatic.com/xdata/images/hotel/square240/508612885.webp?k=915fd035d34343b5e0369f210cea5cf5db1b5b5dc18e6a4c06582f0b9e662af6&o=,8,Lahore
New aalbayan hotel,https://www.booking.com/hotel/pk/new-aalbayan.en-gb.html?aid=304142&label=gen173nr-10CAQoggJCDWNpdHlfLTI3NjcwNDNICVgEaLUBiAEBmAEzuAEHyAEM2AED6AEB-AEBiAIBqAIBuALBjMLTBsACAdICJDRlYmVmMGVjLTBmMjctNDNkNS05MDQ0LWY2ZTFmMzRjMjI5M9gCAeACAQ&ucfs=1&arphpl=1&checkin=2026-08-06&checkout=2026-08-07&dest_id=-2767043&dest_type=city&group_adults=2&req_adults=2&no_rooms=1&group_children=0&req_children=0&hpos=7&hapos=156&sr_order=popularity&srpvid=7b4f562059d9004c&srepoch=1785759320&all_sr_blocks=1651858901_437182671_20_0_0&highlighted_blocks=1651858901_437182671_20_0_0&matching_block_id=1651858901_437182671_20_0_0&sr_pri_blocks=1651858901_437182671_20_0_0__400000&from=searchresults,4000,6.0,6.0,Lahore,3.9,Double Room,10 double beds,0,1,1,https://cf.bstatic.com/xdata/images/hotel/square240/876046197.webp?k=10035419a5869655af25cea0edd8167caef9e3543fdc33ec34160272fabfdb6c&o=,10,Lahore
Goldcrest Mall & Residency - Serviced Apartments by Alvis Suite - DHA Phase 4,https://www.booking.com/hotel/pk/goldcrest-mall-amp-residency-serviced-apartments-by-alvis-suite-dha-phase-lahore.en-gb.html?aid=304142&label=gen173nr-10CAQoggJCDWNpdHlfLTI3NjcwNDNICVgEaLUBiAEBmAEzuAEHyAEM2AED6AEB-AEBiAIBqAIBuALBjMLTBsACAdICJDRlYmVmMGVjLTBmMjctNDNkNS05MDQ0LWY2ZTFmMzRjMjI5M9gCAeACAQ&ucfs=1&arphpl=1&checkin=2026-08-06&checkout=2026-08-07&dest_id=-2767043&dest_type=city&group_adults=2&req_adults=2&no_rooms=1&group_children=0&req_children=0&hpos=8&hapos=157&sr_order=popularity&srpvid=7b4f562059d9004c&srepoch=1785759320&all_sr_blocks=1694352101_441091546_2_0_0&highlighted_blocks=1694352101_441091546_2_0_0&matching_block_id=1694352101_441091546_2_0_0&sr_pri_blocks=1694352101_441091546_2_0_0__1172915&from=searchresults,11729,6.0,2.0,Lahore,12.0,Studio Apartment,1 large double bed,0,1,1,https://cf.bstatic.com/xdata/images/hotel/square240/899129215.webp?k=d00670cda0901693b98c5fe9496e8418faaef28595544d73ccf5d0fdf85fcc5a&o=,12,Lahore
Lasani view Guest House,https://www.booking.com/hotel/pk/lasani-view.en-gb.html?aid=304142&label=gen173nr-10CAQoggJCDWNpdHlfLTI3NjcwNDNICVgEaLUBiAEBmAEzuAEHyAEM2AED6AEB-AEBiAIBqAIBuALBjMLTBsACAdICJDRlYmVmMGVjLTBmMjctNDNkNS05MDQ0LWY2ZTFmMzRjMjI5M9gCAeACAQ&ucfs=1&arphpl=1&checkin=2026-08-06&checkout=2026-08-07&dest_id=-2767043&dest_type=city&group_adults=2&req_adults=2&no_rooms=1&group_children=0&req_children=0&hpos=9&hapos=158&sr_order=popularity&srpvid=7b4f562059d9004c&srepoch=1785759320&all_sr_blocks=1671598102_438930872_2_0_0&highlighted_blocks=1671598102_438930872_2_0_0&matching_block_id=1671598102_438930872_2_0_0&sr_pri_blocks=1671598102_438930872_2_0_0__250000&from=searchresults,2500,3.0,3.0,Lahore,12.9,Double Room,1 double bed,0,1,1,https://cf.bstatic.com/xdata/images/hotel/square240/886192089.webp?k=30dc339384264e8dc13f9915ea84b8f4d2170c43c9be66093ac63c3d56b51ec5&o=,10,Lahore
Hotel Hayat Palace cavalry,https://www.booking.com/hotel/pk/hayat-cantt.en-gb.html?aid=304142&label=gen173nr-10CAQoggJCDWNpdHlfLTI3NjcwNDNICVgEaLUBiAEBmAEzuAEHyAEM2AED6AEB-AEBiAIBqAIBuALBjMLTBsACAdICJDRlYmVmMGVjLTBmMjctNDNkNS05MDQ0LWY2ZTFmMzRjMjI5M9gCAeACAQ&ucfs=1&arphpl=1&checkin=2026-08-06&checkout=2026-08-07&dest_id=-2767043&dest_type=city&group_adults=2&req_adults=2&no_rooms=1&group_children=0&req_children=0&hpos=10&hapos=159&sr_order=popularity&srpvid=7b4f562059d9004c&srepoch=1785759320&all_sr_blocks=1479631901_425557341_2_2_0&highlighted_blocks=1479631901_425557341_2_2_0&matching_block_id=1479631901_425557341_2_2_0&sr_pri_blocks=1479631901_425557341_2_2_0__520000&from=searchresults,5200,6.0,5.0,Lahore,7.7,Deluxe Family Room,"3 beds (1 double, 1 sofa bed, 1 futon)",0,1,1,https://cf.bstatic.com/xdata/images/hotel/square240/789072359.webp?k=ed8d06a82fbeb7d54d5111b47fc6bb3a50cded1440d7392ba2878227578b2bac&o=,11,Lahore
Grand Family Hotel,https://www.booking.com/hotel/pk/grand-family.en-gb.html?aid=304142&label=gen173nr-10CAQoggJCDWNpdHlfLTI3NjcwNDNICVgEaLUBiAEBmAEzuAEHyAEM2AED6AEB-AEBiAIBqAIBuALBjMLTBsACAdICJDRlYmVmMGVjLTBmMjctNDNkNS05MDQ0LWY2ZTFmMzRjMjI5M9gCAeACAQ&ucfs=1&arphpl=1&checkin=2026-08-06&checkout=2026-08-07&dest_id=-2767043&dest_type=city&group_adults=2&req_adults=2&no_rooms=1&group_children=0&req_children=0&hpos=11&hapos=160&sr_order=popularity&srpvid=7b4f562059d9004c&srepoch=1785759320&all_sr_blocks=1344456101_420264852_0_0_0&highlighted_blocks=1344456101_420264852_0_0_0&matching_block_id=1344456101_420264852_0_0_0&sr_pri_blocks=1344456101_420264852_0_0_0__422400&from=searchresults,4224,6.8,26.0,Lahore,7.1,Deluxe Double Room (2 Adults + 1 Child),1 extra-large double bed,0,1,1,https://cf.bstatic.com/xdata/images/hotel/square240/639575336.webp?k=ece8b98cc7198adc518d3d0ca781577287786e4298a4564d689cc5e04634db76&o=,8,Lahore
Heaven Hotel,https://www.booking.com/hotel/pk/heaven.en-gb.html?aid=304142&label=gen173nr-10CAQoggJCDWNpdHlfLTI3NjcwNDNICVgEaLUBiAEBmAEzuAEHyAEM2AED6AEB-AEBiAIBqAIBuALBjMLTBsACAdICJDRlYmVmMGVjLTBmMjctNDNkNS05MDQ0LWY2ZTFmMzRjMjI5M9gCAeACAQ&ucfs=1&arphpl=1&checkin=2026-08-06&checkout=2026-08-07&dest_id=-2767043&dest_type=city&group_adults=2&req_adults=2&no_rooms=1&group_children=0&req_children=0&hpos=12&hapos=161&sr_order=popularity&srpvid=7b4f562059d9004c&srepoch=1785759320&all_sr_blocks=191209410_201079106_0_2_0&highlighted_blocks=191209410_201079106_0_2_0&matching_block_id=191209410_201079106_0_2_0&sr_pri_blocks=191209410_201079106_0_2_0__1026000&from=searchresults,10260,8.0,90.0,Lahore,9.9,Deluxe Double or Twin Room with City View,"3 beds (2 singles, 1 futon)",0,1,1,https://cf.bstatic.com/xdata/images/hotel/square240/793221365.webp?k=0735bdd01bb19f0a33998f0f32120842d880fc3859545ce68e5047e2d25a9e41&o=,14,Lahore
"Hotel One The Mall, Lahore",https://www.booking.com/hotel/pk/one-the-mall.en-gb.html?aid=304142&label=gen173nr-10CAQoggJCDWNpdHlfLTI3NjcwNDNICVgEaLUBiAEBmAEzuAEHyAEM2AED6AEB-AEBiAIBqAIBuALBjMLTBsACAdICJDRlYmVmMGVjLTBmMjctNDNkNS05MDQ0LWY2ZTFmMzRjMjI5M9gCAeACAQ&ucfs=1&arphpl=1&checkin=2026-08-06&checkout=2026-08-07&dest_id=-2767043&dest_type=city&group_adults=2&req_adults=2&no_rooms=1&group_children=0&req_children=0&hpos=13&hapos=162&sr_order=popularity&srpvid=7b4f562059d9004c&srepoch=1785759320&all_sr_blocks=41644603_0_2_1_0&highlighted_blocks=41644603_0_2_1_0&matching_block_id=41644603_0_2_1_0&sr_pri_blocks=41644603_0_2_1_0__1615315&from=searchresults,16153,8.3,143.0,"Mall Road, Lahore (Mall Road)",2.6,Deluxe King Room,1 large double bed,1,1,0,https://cf.bstatic.com/xdata/images/hotel/square240/637006353.webp?k=05e662d657593cc9e4cbb0089510e209f53a92339fcb4c2cce709c1f3e13d053&o=,10,Lahore
Noor INN Guest House,https://www.booking.com/hotel/pk/noor-inn-guest-house.en-gb.html?aid=304142&label=gen173nr-10CAQoggJCDWNpdHlfLTI3NjcwNDNICVgEaLUBiAEBmAEzuAEHyAEM2AED6AEB-AEBiAIBqAIBuALBjMLTBsACAdICJDRlYmVmMGVjLTBmMjctNDNkNS05MDQ0LWY2ZTFmMzRjMjI5M9gCAeACAQ&ucfs=1&arphpl=1&checkin=2026-08-06&checkout=2026-08-07&dest_id=-2767043&dest_type=city&group_adults=2&req_adults=2&no_rooms=1&group_children=0&req_children=0&hpos=14&hapos=163&sr_order=popularity&srpvid=7b4f562059d9004c&srepoch=1785759320&all_sr_blocks=1073532502_379900983_0_1_0&highlighted_blocks=1073532502_379900983_0_1_0&matching_block_id=1073532502_379900983_0_1_0&sr_pri_blocks=1073532502_379900983_0_1_0__418000&from=searchresults,4180,6.2,12.0,"Johar Town, Lahore",10.3,Deluxe Double Room,1 double bed,1,1,1,https://cf.bstatic.com/xdata/images/hotel/square240/490740196.webp?k=cc120374ffa662c26e45acaa8a1effb37d4321acba0ee3220dedf58994ddae83&o=,8,Lahore
"Family Apartment at Amanah Mall , Lahore",https://www.booking.com/hotel/pk/family-apartment-at-amanah-mall-lahore.en-gb.html?aid=304142&label=gen173nr-10CAQoggJCDWNpdHlfLTI3NjcwNDNICVgEaLUBiAEBmAEzuAEHyAEM2AED6AEB-AEBiAIBqAIBuALBjMLTBsACAdICJDRlYmVmMGVjLTBmMjctNDNkNS05MDQ0LWY2ZTFmMzRjMjI5M9gCAeACAQ&ucfs=1&arphpl=1&checkin=2026-08-06&checkout=2026-08-07&dest_id=-2767043&dest_type=city&group_adults=2&req_adults=2&no_rooms=1&group_children=0&req_children=0&hpos=15&hapos=164&sr_order=popularity&srpvid=7b4f562059d9004c&srepoch=1785759320&all_sr_blocks=1658738801_437787208_2_0_0&highlighted_blocks=1658738801_437787208_2_0_0&matching_block_id=1658738801_437787208_2_0_0&sr_pri_blocks=1658738801_437787208_2_0_0__1080000&from=searchresults,10800,6.6,5.0,Lahore,10.4,One-Bedroom Apartment,1 double bed,0,0,0,https://cf.bstatic.com/xdata/images/hotel/square240/878773807.webp?k=58128a1f52aca51e1c854e461ed39d17442241fba4e314682faf05720865e1e1&o=,11,Lahore
Effile view studio apartment,https://www.booking.com/hotel/pk/effile-view-studio-apartment.en-gb.html?aid=304142&label=gen173nr-10CAQoggJCDWNpdHlfLTI3NjcwNDNICVgEaLUBiAEBmAEzuAEHyAEM2AED6AEB-AEBiAIBqAIBuALBjMLTBsACAdICJDRlYmVmMGVjLTBmMjctNDNkNS05MDQ0LWY2ZTFmMzRjMjI5M9gCAeACAQ&ucfs=1&arphpl=1&checkin=2026-08-06&checkout=2026-08-07&dest_id=-2767043&dest_type=city&group_adults=2&req_adults=2&no_rooms=1&group_children=0&req_children=0&hpos=16&hapos=165&sr_order=popularity&srpvid=7b4f562059d9004c&srepoch=1785759320&all_sr_blocks=1407123001_412487736_2_0_0&highlighted_blocks=1407123001_412487736_2_0_0&matching_block_id=1407123001_412487736_2_0_0&sr_pri_blocks=1407123001_412487736_2_0_0__495000&from=searchresults,4950,7.5,2.0,Lahore,25.7,One-Bedroom Apartment,1 double bed,0,1,1,https://cf.bstatic.com/xdata/images/hotel/square240/678520461.webp?k=4409a701337a2b4ca5f8d820b03d1157f9c06b2c79b786fb435c4b8437095ee2&o=,4,Lahore
"Rose Palace Hotel, Liberty",https://www.booking.com/hotel/pk/the-palace.en-gb.html?aid=304142&label=gen173nr-10CAQoggJCDWNpdHlfLTI3NjcwNDNICVgEaLUBiAEBmAEzuAEHyAEM2AED6AEB-AEBiAIBqAIBuALBjMLTBsACAdICJDRlYmVmMGVjLTBmMjctNDNkNS05MDQ0LWY2ZTFmMzRjMjI5M9gCAeACAQ&ucfs=1&arphpl=1&checkin=2026-08-06&checkout=2026-08-07&dest_id=-2767043&dest_type=city&group_adults=2&req_adults=2&no_rooms=1&group_children=0&req_children=0&hpos=17&hapos=166&sr_order=popularity&srpvid=7b4f562059d9004c&srepoch=1785759320&all_sr_blocks=681761002_278082850_0_1_0&highlighted_blocks=681761002_278082850_0_1_0&matching_block_id=681761002_278082850_0_1_0&sr_pri_blocks=681761002_278082850_0_1_0__810000&from=searchresults,8100,8.4,1.0,"Gulberg, Lahore",5.3,Deluxe Room,1 large double bed,1,1,1,https://cf.bstatic.com/xdata/images/hotel/square240/798642624.webp?k=b2ae6801953466b2c68bce29acac114c686a6032b02ade3b9380c04d1b9e371d&o=,12,Lahore
Designer Apartment Near KFC,https://www.booking.com/hotel/pk/modern-era-apartment-2bhk-with-magical-lights-in-pearl-one-tower-bahria-town.en-gb.html?aid=304142&label=gen173nr-10CAQoggJCDWNpdHlfLTI3NjcwNDNICVgEaLUBiAEBmAEzuAEHyAEM2AED6AEB-AEBiAIBqAIBuALBjMLTBsACAdICJDRlYmVmMGVjLTBmMjctNDNkNS05MDQ0LWY2ZTFmMzRjMjI5M9gCAeACAQ&ucfs=1&arphpl=1&checkin=2026-08-06&checkout=2026-08-07&dest_id=-2767043&dest_type=city&group_adults=2&req_adults=2&no_rooms=1&group_children=0&req_children=0&hpos=18&hapos=167&sr_order=popularity&srpvid=7b4f562059d9004c&srepoch=1785759320&all_sr_blocks=1547387903_425981957_2_0_0_1404873&highlighted_blocks=1547387903_425981957_2_0_0_1404873&matching_block_id=1547387903_425981957_2_0_0_1404873&sr_pri_blocks=1547387903_425981957_2_0_0_1404873_680000&from=searchresults,6800,9.0,60.0,Lahore,24.6,Deluxe One-Bedroom Apartment,1 double bed,0,1,1,https://cf.bstatic.com/xdata/images/hotel/square240/793439386.webp?k=af04fa84495971ae6bb9c694230479812395dd61df4a546166b5ff4e508802f2&o=,13,Lahore
Keystone Luxury Apartments in DHA Phase 8,https://www.booking.com/hotel/pk/keystone-luxury-apartments-near-allama-iqbal-international-airport.en-gb.html?aid=304142&label=gen173nr-10CAQoggJCDWNpdHlfLTI3NjcwNDNICVgEaLUBiAEBmAEzuAEHyAEM2AED6AEB-AEBiAIBqAIBuALBjMLTBsACAdICJDRlYmVmMGVjLTBmMjctNDNkNS05MDQ0LWY2ZTFmMzRjMjI5M9gCAeACAQ&ucfs=1&arphpl=1&checkin=2026-08-06&checkout=2026-08-07&dest_id=-2767043&dest_type=city&group_adults=2&req_adults=2&no_rooms=1&group_children=0&req_children=0&hpos=19&hapos=168&sr_order=popularity&srpvid=7b4f562059d9004c&srepoch=1785759320&all_sr_blocks=1670756802_438857052_2_1_0&highlighted_blocks=1670756802_438857052_2_1_0&matching_block_id=1670756802_438857052_2_1_0&sr_pri_blocks=1670756802_438857052_2_1_0__800000&from=searchresults,8000,8.0,7.0,Lahore,12.2,Studio Apartment with King Bed,Studio Apartment with King Bed,1,1,1,https://cf.bstatic.com/xdata/images/hotel/square240/885759313.webp?k=6dfb6c3f9979b717dfcb49ba944c2ac1463d0fa73c5f6e964b4640eb25210046&o=,12,Lahore
LMY GC Executive Premium Hotel Apartments - DHA Lahore,https://www.booking.com/hotel/pk/gfaayg.en-gb.html?aid=304142&label=gen173nr-10CAQoggJCDWNpdHlfLTI3NjcwNDNICVgEaLUBiAEBmAEzuAEHyAEM2AED6AEB-AEBiAIBqAIBuALBjMLTBsACAdICJDRlYmVmMGVjLTBmMjctNDNkNS05MDQ0LWY2ZTFmMzRjMjI5M9gCAeACAQ&ucfs=1&arphpl=1&checkin=2026-08-06&checkout=2026-08-07&dest_id=-2767043&dest_type=city&group_adults=2&req_adults=2&no_rooms=1&group_children=0&req_children=0&hpos=20&hapos=169&sr_order=popularity&srpvid=7b4f562059d9004c&srepoch=1785759320&all_sr_blocks=1679677501_439739883_2_1_0&highlighted_blocks=1679677501_439739883_2_1_0&matching_block_id=1679677501_439739883_2_1_0&sr_pri_blocks=1679677501_439739883_2_1_0__1700000&from=searchresults,17000,10,2.0,Lahore,12.1,Deluxe Double Studio,1 double bed,1,1,1,https://cf.bstatic.com/xdata/images/hotel/square240/892071997.webp?k=6ae2df657d7c992c33e6e5e4b81c45feea7477ebd968f86baec47c1bde9dcd84&o=,15,Lahore
Gold Crest Residency - Luxury Apartments by Alvis Suite,https://www.booking.com/hotel/pk/gold-crest-residency-luxury-apartments-by-alvis-suite.en-gb.html?aid=304142&label=gen173nr-10CAQoggJCDWNpdHlfLTI3NjcwNDNICVgEaLUBiAEBmAEzuAEHyAEM2AED6AEB-AEBiAIBqAIBuALBjMLTBsACAdICJDRlYmVmMGVjLTBmMjctNDNkNS05MDQ0LWY2ZTFmMzRjMjI5M9gCAeACAQ&ucfs=1&arphpl=1&checkin=2026-08-06&checkout=2026-08-07&dest_id=-2767043&dest_type=city&group_adults=2&req_adults=2&no_rooms=1&group_children=0&req_children=0&hpos=21&hapos=170&sr_order=popularity&srpvid=7b4f562059d9004c&srepoch=1785759320&all_sr_blocks=1679497201_439778651_2_0_0&highlighted_blocks=1679497201_439778651_2_0_0&matching_block_id=1679497201_439778651_2_0_0&sr_pri_blocks=1679497201_439778651_2_0_0__965930&from=searchresults,9659,,,Lahore,12.0,Studio Apartment,"2 beds (1 extra-large double, 1 sofa bed)",0,1,1,https://cf.bstatic.com/xdata/images/hotel/square240/891008435.webp?k=1b4cd377e4d58438fc4eef1ba9b75cea6b63d7283d91f82b9ec7b505e4dabc7d&o=,13,Lahore
Hotel Seven View Lahore,https://www.booking.com/hotel/pk/lakshmi-inn.en-gb.html?aid=304142&label=gen173nr-10CAQoggJCDWNpdHlfLTI3NjcwNDNICVgEaLUBiAEBmAEzuAEHyAEM2AED6AEB-AEBiAIBqAIBuALBjMLTBsACAdICJDRlYmVmMGVjLTBmMjctNDNkNS05MDQ0LWY2ZTFmMzRjMjI5M9gCAeACAQ&ucfs=1&arphpl=1&checkin=2026-08-06&checkout=2026-08-07&dest_id=-2767043&dest_type=city&group_adults=2&req_adults=2&no_rooms=1&group_children=0&req_children=0&hpos=22&hapos=171&sr_order=popularity&srpvid=7b4f562059d9004c&srepoch=1785759320&all_sr_blocks=1488293501_420295036_2_2_0&highlighted_blocks=1488293501_420295036_2_2_0&matching_block_id=1488293501_420295036_2_2_0&sr_pri_blocks=1488293501_420295036_2_2_0__350000&from=searchresults,3500,4.9,22.0,Lahore,0.7,Deluxe Double Room,1 extra-large double bed,0,1,1,https://cf.bstatic.com/xdata/images/hotel/square240/858095552.webp?k=1c4d7010c43f0c7565c729630c09c17a2dbe23770989d1f890e5962b543474ea&o=,10,Lahore
Dark and Cozy 1BHK Sleep under the Stars Indoors,https://www.booking.com/hotel/pk/dark-and-cozy-1bhk-sleep-under-the-stars-indoors.en-gb.html?aid=304142&label=gen173nr-10CAQoggJCDWNpdHlfLTI3NjcwNDNICVgEaLUBiAEBmAEzuAEHyAEM2AED6AEB-AEBiAIBqAIBuALBjMLTBsACAdICJDRlYmVmMGVjLTBmMjctNDNkNS05MDQ0LWY2ZTFmMzRjMjI5M9gCAeACAQ&ucfs=1&arphpl=1&checkin=2026-08-06&checkout=2026-08-07&dest_id=-2767043&dest_type=city&group_adults=2&req_adults=2&no_rooms=1&group_children=0&req_children=0&hpos=23&hapos=172&sr_order=popularity&srpvid=7b4f562059d9004c&srepoch=1785759320&all_sr_blocks=1501893001_421875146_3_0_0&highlighted_blocks=1501893001_421875146_3_0_0&matching_block_id=1501893001_421875146_3_0_0&sr_pri_blocks=1501893001_421875146_3_0_0__850000&from=searchresults,8500,7.0,3.0,Lahore,18.0,One-Bedroom Apartment,"2 beds (1 double, 1 sofa bed)",0,1,1,https://cf.bstatic.com/xdata/images/hotel/square240/774314096.webp?k=ecbb3a1991311c08f59fc54e890005eae143c0f82b5edda0bd143b38d07682f1&o=,4,Lahore
Celeste Suites - 1BR Self Checkin - Pool - Gulberg Lahore,https://www.booking.com/hotel/pk/celeste-suites-1br-self-checkin-pool-gulberg-lahore.en-gb.html?aid=304142&label=gen173nr-10CAQoggJCDWNpdHlfLTI3NjcwNDNICVgEaLUBiAEBmAEzuAEHyAEM2AED6AEB-AEBiAIBqAIBuALBjMLTBsACAdICJDRlYmVmMGVjLTBmMjctNDNkNS05MDQ0LWY2ZTFmMzRjMjI5M9gCAeACAQ&ucfs=1&arphpl=1&checkin=2026-08-06&checkout=2026-08-07&dest_id=-2767043&dest_type=city&group_adults=2&req_adults=2&no_rooms=1&group_children=0&req_children=0&hpos=24&hapos=173&sr_order=popularity&srpvid=7b4f562059d9004c&srepoch=1785759320&all_sr_blocks=1618966801_432725255_4_0_0&highlighted_blocks=1618966801_432725255_4_0_0&matching_block_id=1618966801_432725255_4_0_0&sr_pri_blocks=1618966801_432725255_4_0_0__1200000&from=searchresults,12000,9.7,3.0,"Gulberg, Lahore",7.0,Deluxe One-Bedroom Apartment with City View,"3 beds (1 extra-large double, 2 sofa beds)",0,1,1,https://cf.bstatic.com/xdata/images/hotel/square240/854361016.webp?k=2a3eeb2233490d9e236f20221b491224d5513672938288069d6842be4cb494e1&o=,4,Lahore
Fiora inn Hotel Johar town Lahore,https://www.booking.com/hotel/pk/fiora-inn-johar-town-lahore.en-gb.html?aid=304142&label=gen173nr-10CAQoggJCDWNpdHlfLTI3NjcwNDNICVgEaLUBiAEBmAEzuAEHyAEM2AED6AEB-AEBiAIBqAIBuALBjMLTBsACAdICJDRlYmVmMGVjLTBmMjctNDNkNS05MDQ0LWY2ZTFmMzRjMjI5M9gCAeACAQ&ucfs=1&arphpl=1&checkin=2026-08-06&checkout=2026-08-07&dest_id=-2767043&dest_type=city&group_adults=2&req_adults=2&no_rooms=1&group_children=0&req_children=0&hpos=1&hapos=174&sr_order=popularity&srpvid=7b4f562059d9004c&srepoch=1785759322&all_sr_blocks=1685780502_440206878_2_42_0&highlighted_blocks=1685780502_440206878_2_42_0&matching_block_id=1685780502_440206878_2_42_0&sr_pri_blocks=1685780502_440206878_2_42_0__300000&from=searchresults,3000,2.3,3.0,"Johar Town, Lahore",11.8,Budget Double Room,1 extra-large double bed,0,1,1,https://cf.bstatic.com/xdata/images/hotel/square240/893207108.webp?k=e62d59b7e0ad9f23065f8efc10982f1cceff7da9ebee4eecbc4c55c5cbda3b7a&o=,9,Lahore
Hotel Royal Seven,https://www.booking.com/hotel/pk/new-kingston.en-gb.html?aid=304142&label=gen173nr-10CAQoggJCDWNpdHlfLTI3NjcwNDNICVgEaLUBiAEBmAEzuAEHyAEM2AED6AEB-AEBiAIBqAIBuALBjMLTBsACAdICJDRlYmVmMGVjLTBmMjctNDNkNS05MDQ0LWY2ZTFmMzRjMjI5M9gCAeACAQ&ucfs=1&arphpl=1&checkin=2026-08-06&checkout=2026-08-07&dest_id=-2767043&dest_type=city&group_adults=2&req_adults=2&no_rooms=1&group_children=0&req_children=0&hpos=2&hapos=175&sr_order=popularity&srpvid=7b4f562059d9004c&srepoch=1785759322&all_sr_blocks=1309780303_403755987_2_0_0&highlighted_blocks=1309780303_403755987_2_0_0&matching_block_id=1309780303_403755987_2_0_0&sr_pri_blocks=1309780303_403755987_2_0_0__280000&from=searchresults,2800,4.3,11.0,"Gulberg, Lahore",6.6,Standard Double Room with Fan,1 double bed,0,1,1,https://cf.bstatic.com/xdata/images/hotel/square240/714097967.webp?k=d75e85da565595c99df747b0a9169ce98f0d29098125006d08eb76db2721e6a2&o=,11,Lahore
Luxury 1 Bedroom Apartment Bahria Town Lahore Kitchen Free WiFi Self Check In & Free Parking,https://www.booking.com/hotel/pk/comfort-corner-stay-bahria-lahore.en-gb.html?aid=304142&label=gen173nr-10CAQoggJCDWNpdHlfLTI3NjcwNDNICVgEaLUBiAEBmAEzuAEHyAEM2AED6AEB-AEBiAIBqAIBuALBjMLTBsACAdICJDRlYmVmMGVjLTBmMjctNDNkNS05MDQ0LWY2ZTFmMzRjMjI5M9gCAeACAQ&ucfs=1&arphpl=1&checkin=2026-08-06&checkout=2026-08-07&dest_id=-2767043&dest_type=city&group_adults=2&req_adults=2&no_rooms=1&group_children=0&req_children=0&hpos=3&hapos=176&sr_order=popularity&srpvid=7b4f562059d9004c&srepoch=1785759322&all_sr_blocks=1620674901_432889460_2_0_0&highlighted_blocks=1620674901_432889460_2_0_0&matching_block_id=1620674901_432889460_2_0_0&sr_pri_blocks=1620674901_432889460_2_0_0__1056000&from=searchresults,10560,9.9,11.0,Lahore,24.6,One-Bedroom Apartment,1 double bed,0,1,1,https://cf.bstatic.com/xdata/images/hotel/square240/878907452.webp?k=b095bc8979876c8399929cb74b0f559921f9e862bf709da374b248e36bcde84c&o=,6,Lahore
Defence-Mark-Hotel,https://www.booking.com/hotel/pk/defence-mark.en-gb.html?aid=304142&label=gen173nr-10CAQoggJCDWNpdHlfLTI3NjcwNDNICVgEaLUBiAEBmAEzuAEHyAEM2AED6AEB-AEBiAIBqAIBuALBjMLTBsACAdICJDRlYmVmMGVjLTBmMjctNDNkNS05MDQ0LWY2ZTFmMzRjMjI5M9gCAeACAQ&ucfs=1&arphpl=1&checkin=2026-08-06&checkout=2026-08-07&dest_id=-2767043&dest_type=city&group_adults=2&req_adults=2&no_rooms=1&group_children=0&req_children=0&hpos=4&hapos=177&sr_order=popularity&srpvid=7b4f562059d9004c&srepoch=1785759322&all_sr_blocks=1200729801_392338626_2_1_0&highlighted_blocks=1200729801_392338626_2_1_0&matching_block_id=1200729801_392338626_2_1_0&sr_pri_blocks=1200729801_392338626_2_1_0__450000&from=searchresults,4500,3.7,17.0,Lahore,9.8,Double Room,1 extra-large double bed,1,0,0,https://cf.bstatic.com/xdata/images/hotel/square240/553456966.webp?k=d4a3b0f2bced7e1efb72fb8db1b595ab7933aba546a2e6d2474e3de6e7b596ab&o=,2,Lahore
Goldcrest Alfatah Mall - Apartments by Alvis suite,https://www.booking.com/hotel/pk/goldcrest-alfatah-mall-apartments-by-alvis-suite-lahore.en-gb.html?aid=304142&label=gen173nr-10CAQoggJCDWNpdHlfLTI3NjcwNDNICVgEaLUBiAEBmAEzuAEHyAEM2AED6AEB-AEBiAIBqAIBuALBjMLTBsACAdICJDRlYmVmMGVjLTBmMjctNDNkNS05MDQ0LWY2ZTFmMzRjMjI5M9gCAeACAQ&ucfs=1&arphpl=1&checkin=2026-08-06&checkout=2026-08-07&dest_id=-2767043&dest_type=city&group_adults=2&req_adults=2&no_rooms=1&group_children=0&req_children=0&hpos=5&hapos=178&sr_order=popularity&srpvid=7b4f562059d9004c&srepoch=1785759322&all_sr_blocks=1689065501_440572349_2_0_0&highlighted_blocks=1689065501_440572349_2_0_0&matching_block_id=1689065501_440572349_2_0_0&sr_pri_blocks=1689065501_440572349_2_0_0__1098826&from=searchresults,10988,,,Lahore,12.0,Studio Apartment,"2 beds (1 extra-large double, 1 sofa bed)",0,1,1,https://cf.bstatic.com/xdata/images/hotel/square240/895123843.webp?k=c97a21982b764a4314d55264788f7b079a7c8a9cf3028258cd0e1279a61d8ade&o=,13,Lahore
Stylish Room In Lahore DHA Phase 6 Sector D Near Raya and Dolmen Mall,https://www.booking.com/hotel/pk/chic-room-in-lahore-dha.en-gb.html?aid=304142&label=gen173nr-10CAQoggJCDWNpdHlfLTI3NjcwNDNICVgEaLUBiAEBmAEzuAEHyAEM2AED6AEB-AEBiAIBqAIBuALBjMLTBsACAdICJDRlYmVmMGVjLTBmMjctNDNkNS05MDQ0LWY2ZTFmMzRjMjI5M9gCAeACAQ&ucfs=1&arphpl=1&checkin=2026-08-06&checkout=2026-08-07&dest_id=-2767043&dest_type=city&group_adults=2&req_adults=2&no_rooms=1&group_children=0&req_children=0&hpos=6&hapos=179&sr_order=popularity&srpvid=7b4f562059d9004c&srepoch=1785759322&all_sr_blocks=1522611701_423926720_3_2_0&highlighted_blocks=1522611701_423926720_3_2_0&matching_block_id=1522611701_423926720_3_2_0&sr_pri_blocks=1522611701_423926720_3_2_0__560000&from=searchresults,5600,7.5,12.0,Lahore,16.9,Double Room with Private Bathroom,1 extra-large double bed,0,1,1,https://cf.bstatic.com/xdata/images/hotel/square240/773049677.webp?k=3a714e05ab84248995a07e5a0a196117555fb82dcef3b38e5d824115569dc732&o=,4,Lahore
The LC Hotel,https://www.booking.com/hotel/pk/lahore-continental-boutique.en-gb.html?aid=304142&label=gen173nr-10CAQoggJCDWNpdHlfLTI3NjcwNDNICVgEaLUBiAEBmAEzuAEHyAEM2AED6AEB-AEBiAIBqAIBuALBjMLTBsACAdICJDRlYmVmMGVjLTBmMjctNDNkNS05MDQ0LWY2ZTFmMzRjMjI5M9gCAeACAQ&ucfs=1&arphpl=1&checkin=2026-08-06&checkout=2026-08-07&dest_id=-2767043&dest_type=city&group_adults=2&req_adults=2&no_rooms=1&group_children=0&req_children=0&hpos=7&hapos=180&sr_order=popularity&srpvid=7b4f562059d9004c&srepoch=1785759322&all_sr_blocks=1163521301_427040733_2_1_0_1186756&highlighted_blocks=1163521301_427040733_2_1_0_1186756&matching_block_id=1163521301_427040733_2_1_0_1186756&sr_pri_blocks=1163521301_427040733_2_1_0_1186756_1350000&from=searchresults,13500,8.8,121.0,Lahore,8.1,Deluxe Double Room (2 Adults + 1 Child),Beds: 1 double or 2 singles,1,1,1,https://cf.bstatic.com/xdata/images/hotel/square240/699643100.webp?k=5efb2bfd9127d539df8c73959f1a79e7da4d2c1fc353eaeb8b010bb1557eb966&o=,16,Lahore
Golden Horizon Suite,https://www.booking.com/hotel/pk/eternal-stay.en-gb.html?aid=304142&label=gen173nr-10CAQoggJCDWNpdHlfLTI3NjcwNDNICVgEaLUBiAEBmAEzuAEHyAEM2AED6AEB-AEBiAIBqAIBuALBjMLTBsACAdICJDRlYmVmMGVjLTBmMjctNDNkNS05MDQ0LWY2ZTFmMzRjMjI5M9gCAeACAQ&ucfs=1&arphpl=1&checkin=2026-08-06&checkout=2026-08-07&dest_id=-2767043&dest_type=city&group_adults=2&req_adults=2&no_rooms=1&group_children=0&req_children=0&hpos=8&hapos=181&sr_order=popularity&srpvid=7b4f562059d9004c&srepoch=1785759322&all_sr_blocks=1275687601_400440457_2_0_0&highlighted_blocks=1275687601_400440457_2_0_0&matching_block_id=1275687601_400440457_2_0_0&sr_pri_blocks=1275687601_400440457_2_0_0__949905&from=searchresults,9499,7.7,7.0,"Johar Town, Lahore",12.5,Apartment - Ground Floor,"2 beds (1 double, 1 sofa bed)",0,0,0,https://cf.bstatic.com/xdata/images/hotel/square240/666748302.webp?k=45939692b295689eb6c26efe5e0122f325b2e6c24055766127e7723aa187e2c6&o=,8,Lahore
Hotel Air inn,https://www.booking.com/hotel/pk/airport-inn.en-gb.html?aid=304142&label=gen173nr-10CAQoggJCDWNpdHlfLTI3NjcwNDNICVgEaLUBiAEBmAEzuAEHyAEM2AED6AEB-AEBiAIBqAIBuALBjMLTBsACAdICJDRlYmVmMGVjLTBmMjctNDNkNS05MDQ0LWY2ZTFmMzRjMjI5M9gCAeACAQ&ucfs=1&arphpl=1&checkin=2026-08-06&checkout=2026-08-07&dest_id=-2767043&dest_type=city&group_adults=2&req_adults=2&no_rooms=1&group_children=0&req_children=0&hpos=9&hapos=182&sr_order=popularity&srpvid=7b4f562059d9004c&srepoch=1785759322&all_sr_blocks=976519701_370001287_2_2_0&highlighted_blocks=976519701_370001287_2_2_0&matching_block_id=976519701_370001287_2_2_0&sr_pri_blocks=976519701_370001287_2_2_0__450000&from=searchresults,4500,3.4,23.0,Lahore,11.9,Standard Double Room with Shared Bathroom,1 double bed,0,0,0,https://cf.bstatic.com/xdata/images/hotel/square240/439464399.webp?k=69135fecedf6378a6c45b06fd445ad697de2dee4445306a417934c3d243c2809&o=,2,Lahore
Con Stay Luxury Apartments Bahria Town Lahore,https://www.booking.com/hotel/pk/elegant-1br-lahore-bahria-town-with-free-parking.en-gb.html?aid=304142&label=gen173nr-10CAQoggJCDWNpdHlfLTI3NjcwNDNICVgEaLUBiAEBmAEzuAEHyAEM2AED6AEB-AEBiAIBqAIBuALBjMLTBsACAdICJDRlYmVmMGVjLTBmMjctNDNkNS05MDQ0LWY2ZTFmMzRjMjI5M9gCAeACAQ&ucfs=1&arphpl=1&checkin=2026-08-06&checkout=2026-08-07&dest_id=-2767043&dest_type=city&group_adults=2&req_adults=2&no_rooms=1&group_children=0&req_children=0&hpos=10&hapos=183&sr_order=popularity&srpvid=7b4f562059d9004c&srepoch=1785759322&all_sr_blocks=1071345302_394452096_2_0_0&highlighted_blocks=1071345302_394452096_2_0_0&matching_block_id=1071345302_394452096_2_0_0&sr_pri_blocks=1071345302_394452096_2_0_0__617500&from=searchresults,6175,7.4,24.0,Lahore,24.6,One-Bedroom Apartment,"2 beds (1 sofa bed, 1 large double)",0,1,1,https://cf.bstatic.com/xdata/images/hotel/square240/490488746.webp?k=50cb36d39d5c9fdc4d60e20124cbf8c66ba614c8c70cb9a68384aecf458687f7&o=,13,Lahore
Heritage Luxury Suites All Suite Hotel,https://www.booking.com/hotel/pk/heritage-luxury-suites.en-gb.html?aid=304142&label=gen173nr-10CAQoggJCDWNpdHlfLTI3NjcwNDNICVgEaLUBiAEBmAEzuAEHyAEM2AED6AEB-AEBiAIBqAIBuALBjMLTBsACAdICJDRlYmVmMGVjLTBmMjctNDNkNS05MDQ0LWY2ZTFmMzRjMjI5M9gCAeACAQ&ucfs=1&arphpl=1&checkin=2026-08-06&checkout=2026-08-07&dest_id=-2767043&dest_type=city&group_adults=2&req_adults=2&no_rooms=1&group_children=0&req_children=0&hpos=11&hapos=184&sr_order=popularity&srpvid=7b4f562059d9004c&srepoch=1785759322&all_sr_blocks=0_0_2_1_0&highlighted_blocks=0_0_2_1_0&matching_block_id=0_0_2_1_0&sr_pri_blocks=0_0_2_1_0__2164405&from=searchresults,21644,8.5,238.0,"Gulberg, Lahore",6.3,Studio,1 extra-large double bed,1,0,0,https://cf.bstatic.com/xdata/images/hotel/square240/446906886.webp?k=b483d8772f559e1c0eb412500d6ba6ad8c4e6481cc1621057c18f986bfc6a6bb&o=,13,Lahore
Hayat Lodges & Hotel,https://www.booking.com/hotel/pk/hayat-lodges-amp.en-gb.html?aid=304142&label=gen173nr-10CAQoggJCDWNpdHlfLTI3NjcwNDNICVgEaLUBiAEBmAEzuAEHyAEM2AED6AEB-AEBiAIBqAIBuALBjMLTBsACAdICJDRlYmVmMGVjLTBmMjctNDNkNS05MDQ0LWY2ZTFmMzRjMjI5M9gCAeACAQ&ucfs=1&arphpl=1&checkin=2026-08-06&checkout=2026-08-07&dest_id=-2767043&dest_type=city&group_adults=2&req_adults=2&no_rooms=1&group_children=0&req_children=0&hpos=12&hapos=185&sr_order=popularity&srpvid=7b4f562059d9004c&srepoch=1785759322&all_sr_blocks=1392685402_425335379_0_2_0&highlighted_blocks=1392685402_425335379_0_2_0&matching_block_id=1392685402_425335379_0_2_0&sr_pri_blocks=1392685402_425335379_0_2_0__500004&from=searchresults,5000,5.6,67.0,Lahore,7.1,Deluxe Family Room,1 double bed,0,1,1,https://cf.bstatic.com/xdata/images/hotel/square240/787066458.webp?k=857b3e51c09dcd9c3aa3d91b5153b3f701e64f3c513dcf633dfa574e057724ed&o=,9,Lahore
"Marvel Den,Center of city,Gulberg",https://www.booking.com/hotel/pk/marvel-den-center-of-city-gulberg.en-gb.html?aid=304142&label=gen173nr-10CAQoggJCDWNpdHlfLTI3NjcwNDNICVgEaLUBiAEBmAEzuAEHyAEM2AED6AEB-AEBiAIBqAIBuALBjMLTBsACAdICJDRlYmVmMGVjLTBmMjctNDNkNS05MDQ0LWY2ZTFmMzRjMjI5M9gCAeACAQ&ucfs=1&arphpl=1&checkin=2026-08-06&checkout=2026-08-07&dest_id=-2767043&dest_type=city&group_adults=2&req_adults=2&no_rooms=1&group_children=0&req_children=0&hpos=13&hapos=186&sr_order=popularity&srpvid=7b4f562059d9004c&srepoch=1785759322&all_sr_blocks=1682841501_440016143_3_0_0&highlighted_blocks=1682841501_440016143_3_0_0&matching_block_id=1682841501_440016143_3_0_0&sr_pri_blocks=1682841501_440016143_3_0_0__680000&from=searchresults,6800,5.0,2.0,"Gulberg, Lahore",5.7,One-Bedroom Apartment,1 large double bed,0,1,1,https://cf.bstatic.com/xdata/images/hotel/square240/892224693.webp?k=cc75cde406e9ed06c3e57d3a81e8b4d50cb638bdd47d6f2612d686fa1d9e105c&o=,4,Lahore
Premium One Bed Apartment Close to MM Alam Road Gulberg 3,https://www.booking.com/hotel/pk/premium-one-bed-apartment-close-to-mm-alam-road-gulberg-3.en-gb.html?aid=304142&label=gen173nr-10CAQoggJCDWNpdHlfLTI3NjcwNDNICVgEaLUBiAEBmAEzuAEHyAEM2AED6AEB-AEBiAIBqAIBuALBjMLTBsACAdICJDRlYmVmMGVjLTBmMjctNDNkNS05MDQ0LWY2ZTFmMzRjMjI5M9gCAeACAQ&ucfs=1&arphpl=1&checkin=2026-08-06&checkout=2026-08-07&dest_id=-2767043&dest_type=city&group_adults=2&req_adults=2&no_rooms=1&group_children=0&req_children=0&hpos=14&hapos=187&sr_order=popularity&srpvid=7b4f562059d9004c&srepoch=1785759322&all_sr_blocks=1653615901_437317573_3_0_0&highlighted_blocks=1653615901_437317573_3_0_0&matching_block_id=1653615901_437317573_3_0_0&sr_pri_blocks=1653615901_437317573_3_0_0__1020000&from=searchresults,10200,,,"Gulberg, Lahore",7.0,One-Bedroom Apartment,"2 beds (1 double, 1 sofa bed)",0,1,1,https://cf.bstatic.com/xdata/images/hotel/square240/874049533.webp?k=0321ed27bec48f5a7497e3222d91f3688f1e0cd5d0ed4332d407db6fd1d873cc&o=,4,Lahore
2 Bhk AC Wifi Kitchen Private Parking,https://www.booking.com/hotel/pk/family-hadaya-apartment.en-gb.html?aid=304142&label=gen173nr-10CAQoggJCDWNpdHlfLTI3NjcwNDNICVgEaLUBiAEBmAEzuAEHyAEM2AED6AEB-AEBiAIBqAIBuALBjMLTBsACAdICJDRlYmVmMGVjLTBmMjctNDNkNS05MDQ0LWY2ZTFmMzRjMjI5M9gCAeACAQ&ucfs=1&arphpl=1&checkin=2026-08-06&checkout=2026-08-07&dest_id=-2767043&dest_type=city&group_adults=2&req_adults=2&no_rooms=1&group_children=0&req_children=0&hpos=15&hapos=188&sr_order=popularity&srpvid=7b4f562059d9004c&srepoch=1785759322&all_sr_blocks=1613964101_432282416_3_0_0&highlighted_blocks=1613964101_432282416_3_0_0&matching_block_id=1613964101_432282416_3_0_0&sr_pri_blocks=1613964101_432282416_3_0_0__935000&from=searchresults,9350,8.0,11.0,Lahore,14.8,One-Bedroom Apartment,1 large double bed,0,1,1,https://cf.bstatic.com/xdata/images/hotel/square240/888218665.webp?k=95649158b72e7ff017168946bae8c881f274eaa460f493296b64e5cc8122ecbe&o=,4,Lahore
Pakeeza Hotel - Faisal Town,https://www.booking.com/hotel/pk/pakeeza-faisal-town.en-gb.html?aid=304142&label=gen173nr-10CAQoggJCDWNpdHlfLTI3NjcwNDNICVgEaLUBiAEBmAEzuAEHyAEM2AED6AEB-AEBiAIBqAIBuALBjMLTBsACAdICJDRlYmVmMGVjLTBmMjctNDNkNS05MDQ0LWY2ZTFmMzRjMjI5M9gCAeACAQ&ucfs=1&arphpl=1&checkin=2026-08-06&checkout=2026-08-07&dest_id=-2767043&dest_type=city&group_adults=2&req_adults=2&no_rooms=1&group_children=0&req_children=0&hpos=16&hapos=189&sr_order=popularity&srpvid=7b4f562059d9004c&srepoch=1785759322&all_sr_blocks=1429462601_414519140_2_2_0&highlighted_blocks=1429462601_414519140_2_2_0&matching_block_id=1429462601_414519140_2_2_0&sr_pri_blocks=1429462601_414519140_2_2_0__431000&from=searchresults,4310,8.6,76.0,Lahore,9.2,Deluxe Double Room,1 double bed,0,1,1,https://cf.bstatic.com/xdata/images/hotel/square240/692288282.webp?k=99364d4b5b27ee1916800e7edce4752967810869eee1a3247e2262d50367423b&o=,5,Lahore
Grand Royal Hotel,https://www.booking.com/hotel/pk/grand-royal-lahore.en-gb.html?aid=304142&label=gen173nr-10CAQoggJCDWNpdHlfLTI3NjcwNDNICVgEaLUBiAEBmAEzuAEHyAEM2AED6AEB-AEBiAIBqAIBuALBjMLTBsACAdICJDRlYmVmMGVjLTBmMjctNDNkNS05MDQ0LWY2ZTFmMzRjMjI5M9gCAeACAQ&ucfs=1&arphpl=1&checkin=2026-08-06&checkout=2026-08-07&dest_id=-2767043&dest_type=city&group_adults=2&req_adults=2&no_rooms=1&group_children=0&req_children=0&hpos=17&hapos=190&sr_order=popularity&srpvid=7b4f562059d9004c&srepoch=1785759322&all_sr_blocks=1477322306_428599434_2_1_0&highlighted_blocks=1477322306_428599434_2_1_0&matching_block_id=1477322306_428599434_2_1_0&sr_pri_blocks=1477322306_428599434_2_1_0__854905&from=searchresults,8549,6.2,9.0,Lahore,1.7,Standard Double Room,1 double bed,1,1,1,https://cf.bstatic.com/xdata/images/hotel/square240/732241097.webp?k=fa37d7decbfdd628856b6b763306df08bd4c7746b97812c341227a0f8ba5c138&o=,10,Lahore
Hotel Royal Sweet,https://www.booking.com/hotel/pk/royal-sweet.en-gb.html?aid=304142&label=gen173nr-10CAQoggJCDWNpdHlfLTI3NjcwNDNICVgEaLUBiAEBmAEzuAEHyAEM2AED6AEB-AEBiAIBqAIBuALBjMLTBsACAdICJDRlYmVmMGVjLTBmMjctNDNkNS05MDQ0LWY2ZTFmMzRjMjI5M9gCAeACAQ&ucfs=1&arphpl=1&checkin=2026-08-06&checkout=2026-08-07&dest_id=-2767043&dest_type=city&group_adults=2&req_adults=2&no_rooms=1&group_children=0&req_children=0&hpos=18&hapos=191&sr_order=popularity&srpvid=7b4f562059d9004c&srepoch=1785759322&all_sr_blocks=916523705_380765910_2_42_0&highlighted_blocks=916523705_380765910_2_42_0&matching_block_id=916523705_380765910_2_42_0&sr_pri_blocks=916523705_380765910_2_42_0__670000&from=searchresults,6700,6.0,26.0,Lahore,18.6,Deluxe Queen Room,1 extra-large double bed,0,1,1,https://cf.bstatic.com/xdata/images/hotel/square240/511718636.webp?k=cde61d9a355cd3d125b7a4dd350eb844204365255a976930c40a53ae2cad419b&o=,4,Lahore
RTC Apartment for families only,https://www.booking.com/hotel/pk/rtc-apartment.en-gb.html?aid=304142&label=gen173nr-10CAQoggJCDWNpdHlfLTI3NjcwNDNICVgEaLUBiAEBmAEzuAEHyAEM2AED6AEB-AEBiAIBqAIBuALBjMLTBsACAdICJDRlYmVmMGVjLTBmMjctNDNkNS05MDQ0LWY2ZTFmMzRjMjI5M9gCAeACAQ&ucfs=1&arphpl=1&checkin=2026-08-06&checkout=2026-08-07&dest_id=-2767043&dest_type=city&group_adults=2&req_adults=2&no_rooms=1&group_children=0&req_children=0&hpos=19&hapos=192&sr_order=popularity&srpvid=7b4f562059d9004c&srepoch=1785759322&all_sr_blocks=1635191301_433935305_2_0_0&highlighted_blocks=1635191301_433935305_2_0_0&matching_block_id=1635191301_433935305_2_0_0&sr_pri_blocks=1635191301_433935305_2_0_0__600000&from=searchresults,6000,5.0,2.0,Lahore,10.8,One-Bedroom Apartment,1 double bed,0,1,1,https://cf.bstatic.com/xdata/images/hotel/square240/864140662.webp?k=f62acd7df16787ef5ef9f3450e36a93458890b41133f5f9e8684419638d385c4&o=,5,Lahore
Fortville Hotel,https://www.booking.com/hotel/pk/fortville-lahore2.en-gb.html?aid=304142&label=gen173nr-10CAQoggJCDWNpdHlfLTI3NjcwNDNICVgEaLUBiAEBmAEzuAEHyAEM2AED6AEB-AEBiAIBqAIBuALBjMLTBsACAdICJDRlYmVmMGVjLTBmMjctNDNkNS05MDQ0LWY2ZTFmMzRjMjI5M9gCAeACAQ&ucfs=1&arphpl=1&checkin=2026-08-06&checkout=2026-08-07&dest_id=-2767043&dest_type=city&group_adults=2&req_adults=2&no_rooms=1&group_children=0&req_children=0&hpos=20&hapos=193&sr_order=popularity&srpvid=7b4f562059d9004c&srepoch=1785759322&all_sr_blocks=1259025101_398488009_2_0_0&highlighted_blocks=1259025101_398488009_2_0_0&matching_block_id=1259025101_398488009_2_0_0&sr_pri_blocks=1259025101_398488009_2_0_0__245700&from=searchresults,2457,3.1,38.0,Lahore,7.7,Deluxe Double Room,1 large double bed,0,0,0,https://cf.bstatic.com/xdata/images/hotel/square240/586493779.webp?k=a43ba4132815ba0587319792e3952fd3d728dada88c326145ae2440a1cb7ffce&o=,9,Lahore
Hotel Haven Lahore,https://www.booking.com/hotel/pk/haven-lahore-lahore.en-gb.html?aid=304142&label=gen173nr-10CAQoggJCDWNpdHlfLTI3NjcwNDNICVgEaLUBiAEBmAEzuAEHyAEM2AED6AEB-AEBiAIBqAIBuALBjMLTBsACAdICJDRlYmVmMGVjLTBmMjctNDNkNS05MDQ0LWY2ZTFmMzRjMjI5M9gCAeACAQ&ucfs=1&arphpl=1&checkin=2026-08-06&checkout=2026-08-07&dest_id=-2767043&dest_type=city&group_adults=2&req_adults=2&no_rooms=1&group_children=0&req_children=0&hpos=21&hapos=194&sr_order=popularity&srpvid=7b4f562059d9004c&srepoch=1785759322&all_sr_blocks=1683980701_440110949_2_1_0&highlighted_blocks=1683980701_440110949_2_1_0&matching_block_id=1683980701_440110949_2_1_0&sr_pri_blocks=1683980701_440110949_2_1_0__459000&from=searchresults,4590,9.3,12.0,"Johar Town, Lahore",13.3,Double Room,1 double bed,1,1,1,https://cf.bstatic.com/xdata/images/hotel/square240/897459284.webp?k=2eb0af5b3f93f209658f28781af67dafb2bd115744ec28efbeb61818ed35a8ad&o=,12,Lahore
Amanah Mall Service Apartment model town,https://www.booking.com/hotel/pk/amanah-mall-service-apartment-model-town.en-gb.html?aid=304142&label=gen173nr-10CAQoggJCDWNpdHlfLTI3NjcwNDNICVgEaLUBiAEBmAEzuAEHyAEM2AED6AEB-AEBiAIBqAIBuALBjMLTBsACAdICJDRlYmVmMGVjLTBmMjctNDNkNS05MDQ0LWY2ZTFmMzRjMjI5M9gCAeACAQ&ucfs=1&arphpl=1&checkin=2026-08-06&checkout=2026-08-07&dest_id=-2767043&dest_type=city&group_adults=2&req_adults=2&no_rooms=1&group_children=0&req_children=0&hpos=22&hapos=195&sr_order=popularity&srpvid=7b4f562059d9004c&srepoch=1785759322&all_sr_blocks=1681548901_439912709_2_0_0&highlighted_blocks=1681548901_439912709_2_0_0&matching_block_id=1681548901_439912709_2_0_0&sr_pri_blocks=1681548901_439912709_2_0_0__990000&from=searchresults,9900,,,Lahore,10.6,One-Bedroom Apartment,"2 beds (1 double, 1 extra-large double)",0,1,1,https://cf.bstatic.com/xdata/images/hotel/square240/891652389.webp?k=30f2e318afc93467d7d26a2988c6ad6234e6ae8499b759265fd2db905aba79d6&o=,4,Lahore
BnB Hotel,https://www.booking.com/hotel/pk/bnb.en-gb.html?aid=304142&label=gen173nr-10CAQoggJCDWNpdHlfLTI3NjcwNDNICVgEaLUBiAEBmAEzuAEHyAEM2AED6AEB-AEBiAIBqAIBuALBjMLTBsACAdICJDRlYmVmMGVjLTBmMjctNDNkNS05MDQ0LWY2ZTFmMzRjMjI5M9gCAeACAQ&ucfs=1&arphpl=1&checkin=2026-08-06&checkout=2026-08-07&dest_id=-2767043&dest_type=city&group_adults=2&req_adults=2&no_rooms=1&group_children=0&req_children=0&hpos=23&hapos=196&sr_order=popularity&srpvid=7b4f562059d9004c&srepoch=1785759322&all_sr_blocks=216572402_195713740_0_2_0&highlighted_blocks=216572402_195713740_0_2_0&matching_block_id=216572402_195713740_0_2_0&sr_pri_blocks=216572402_195713740_0_2_0__396000&from=searchresults,3960,4.0,7.0,Lahore,9.9,Twin Room,2 single beds,0,0,0,https://cf.bstatic.com/xdata/images/hotel/square240/109387674.webp?k=abc3c2ae7fc7a56fe7349724d73e8a7c433a6fe105dfef107e160f66c3bb9adf&o=,2,Lahore
Oasis Family Hotel,https://www.booking.com/hotel/pk/oasis-family.en-gb.html?aid=304142&label=gen173nr-10CAQoggJCDWNpdHlfLTI3NjcwNDNICVgEaLUBiAEBmAEzuAEHyAEM2AED6AEB-AEBiAIBqAIBuALBjMLTBsACAdICJDRlYmVmMGVjLTBmMjctNDNkNS05MDQ0LWY2ZTFmMzRjMjI5M9gCAeACAQ&ucfs=1&arphpl=1&checkin=2026-08-06&checkout=2026-08-07&dest_id=-2767043&dest_type=city&group_adults=2&req_adults=2&no_rooms=1&group_children=0&req_children=0&hpos=24&hapos=197&sr_order=popularity&srpvid=7b4f562059d9004c&srepoch=1785759322&all_sr_blocks=1602056901_431154090_2_1_0&highlighted_blocks=1602056901_431154090_2_1_0&matching_block_id=1602056901_431154090_2_1_0&sr_pri_blocks=1602056901_431154090_2_1_0__324000&from=searchresults,3240,6.9,25.0,"Johar Town, Lahore",10.3,Double Room,1 large double bed,1,0,0,https://cf.bstatic.com/xdata/images/hotel/square240/902559598.webp?k=73bb9b429a22a80c5d9f1e60f8e4f6e338e467f0e395a4ec083b333a7d506bc8&o=,7,Lahore
"2BR Stay Parking, Lawn, Laundry and Wi-Fi Privacy",https://www.booking.com/hotel/pk/2br-stay-parking-lawn-laundry-and-wi-fi-privacy.en-gb.html?aid=304142&label=gen173nr-10CAQoggJCDWNpdHlfLTI3NjcwNDNICVgEaLUBiAEBmAEzuAEHyAEM2AED6AEB-AEBiAIBqAIBuALBjMLTBsACAdICJDRlYmVmMGVjLTBmMjctNDNkNS05MDQ0LWY2ZTFmMzRjMjI5M9gCAeACAQ&ucfs=1&arphpl=1&checkin=2026-08-06&checkout=2026-08-07&dest_id=-2767043&dest_type=city&group_adults=2&req_adults=2&no_rooms=1&group_children=0&req_children=0&hpos=25&hapos=198&sr_order=popularity&srpvid=7b4f562059d9004c&srepoch=1785759322&all_sr_blocks=1669750401_438777478_6_0_0&highlighted_blocks=1669750401_438777478_6_0_0&matching_block_id=1669750401_438777478_6_0_0&sr_pri_blocks=1669750401_438777478_6_0_0__800000&from=searchresults,8000,10,1.0,Lahore,14.7,Two-Bedroom Apartment,"5 beds (2 doubles, 3 sofa beds)",0,1,1,https://cf.bstatic.com/xdata/images/hotel/square240/885259227.webp?k=971b4a60984974681dc740fbe919af2963dab19e8e9a73343cb88df438af055c&o=,4,Lahore
Luxury Apartments by Alvis Suite - Goldcrest Mall DHA Lahore,https://www.booking.com/hotel/pk/luxury-apartments-by-alvis-suite-goldcrest-mall-dha-lahore-lahore.en-gb.html?aid=304142&label=gen173nr-10CAQoggJCDWNpdHlfLTI3NjcwNDNICVgEaLUBiAEBmAEzuAEHyAEM2AED6AEB-AEBiAIBqAIBuALBjMLTBsACAdICJDRlYmVmMGVjLTBmMjctNDNkNS05MDQ0LWY2ZTFmMzRjMjI5M9gCAeACAQ&ucfs=1&arphpl=1&checkin=2026-08-06&checkout=2026-08-07&dest_id=-2767043&dest_type=city&group_adults=2&req_adults=2&no_rooms=1&group_children=0&req_children=0&hpos=1&hapos=199&sr_order=popularity&srpvid=7b4f562059d9004c&srepoch=1785759325&all_sr_blocks=1696911101_441379521_2_0_0&highlighted_blocks=1696911101_441379521_2_0_0&matching_block_id=1696911101_441379521_2_0_0&sr_pri_blocks=1696911101_441379521_2_0_0__1172915&from=searchresults,11729,,,Lahore,12.0,Studio Apartment,1 large double bed,0,1,1,https://cf.bstatic.com/xdata/images/hotel/square240/900865511.webp?k=060ba177c21e6637f172271e5f0a470eb27263f1dca4529b3959f78dbcf46ff0&o=,12,Lahore
Bahria Grand Hotel & Resort,https://www.booking.com/hotel/pk/bahria-grand-amp-resort.en-gb.html?aid=304142&label=gen173nr-10CAQoggJCDWNpdHlfLTI3NjcwNDNICVgEaLUBiAEBmAEzuAEHyAEM2AED6AEB-AEBiAIBqAIBuALBjMLTBsACAdICJDRlYmVmMGVjLTBmMjctNDNkNS05MDQ0LWY2ZTFmMzRjMjI5M9gCAeACAQ&ucfs=1&arphpl=1&checkin=2026-08-06&checkout=2026-08-07&dest_id=-2767043&dest_type=city&group_adults=2&req_adults=2&no_rooms=1&group_children=0&req_children=0&hpos=2&hapos=200&sr_order=popularity&srpvid=7b4f562059d9004c&srepoch=1785759325&all_sr_blocks=117002201_347117511_2_41_0&highlighted_blocks=117002201_347117511_2_41_0&matching_block_id=117002201_347117511_2_41_0&sr_pri_blocks=117002201_347117511_2_41_0__2989800&from=searchresults,29898,6.7,100.0,Lahore,24.4,Grand Deluxe Double Room,1 double bed,1,1,1,https://cf.bstatic.com/xdata/images/hotel/square240/36733710.webp?k=313128147357e0a440247122c21c84a21aa7ee6d7d50f7c12682fa2d4e8529a3&o=,12,Lahore
Rosewood Lahore,https://www.booking.com/hotel/pk/rw-boutique.en-gb.html?aid=304142&label=gen173nr-10CAQoggJCDWNpdHlfLTI3NjcwNDNICVgEaLUBiAEBmAEzuAEHyAEM2AED6AEB-AEBiAIBqAIBuALBjMLTBsACAdICJDRlYmVmMGVjLTBmMjctNDNkNS05MDQ0LWY2ZTFmMzRjMjI5M9gCAeACAQ&ucfs=1&arphpl=1&checkin=2026-08-06&checkout=2026-08-07&dest_id=-2767043&dest_type=city&group_adults=2&req_adults=2&no_rooms=1&group_children=0&req_children=0&hpos=3&hapos=201&sr_order=popularity&srpvid=7b4f562059d9004c&srepoch=1785759325&all_sr_blocks=1135213102_386171692_0_1_0&highlighted_blocks=1135213102_386171692_0_1_0&matching_block_id=1135213102_386171692_0_1_0&sr_pri_blocks=1135213102_386171692_0_1_0__900000&from=searchresults,9000,7.3,44.0,"Johar Town, Lahore",12.6,Standard Double Room,1 double bed,1,1,1,https://cf.bstatic.com/xdata/images/hotel/square240/518972811.webp?k=0e3932c7c0d5d6168ae63c07c1818694e5664eace442f340bb01865a486fed68&o=,5,Lahore
Zameen Opal Executive Apartments LDA Avenue Raiwand Rd Secured building,https://www.booking.com/hotel/pk/one-bedroom-apartment-in-raiwand-rd-landbreeze-zameen-opal.en-gb.html?aid=304142&label=gen173nr-10CAQoggJCDWNpdHlfLTI3NjcwNDNICVgEaLUBiAEBmAEzuAEHyAEM2AED6AEB-AEBiAIBqAIBuALBjMLTBsACAdICJDRlYmVmMGVjLTBmMjctNDNkNS05MDQ0LWY2ZTFmMzRjMjI5M9gCAeACAQ&ucfs=1&arphpl=1&checkin=2026-08-06&checkout=2026-08-07&dest_id=-2767043&dest_type=city&group_adults=2&req_adults=2&no_rooms=1&group_children=0&req_children=0&hpos=4&hapos=202&sr_order=popularity&srpvid=7b4f562059d9004c&srepoch=1785759325&all_sr_blocks=1560283104_427132768_0_0_0&highlighted_blocks=1560283104_427132768_0_0_0&matching_block_id=1560283104_427132768_0_0_0&sr_pri_blocks=1560283104_427132768_0_0_0__630000&from=searchresults,6300,4.4,7.0,Lahore,18.3,Duplex Studio,1 double bed,0,1,1,https://cf.bstatic.com/xdata/images/hotel/square240/891859750.webp?k=4cb12abf9a8cfcdd415c9120959fec93365bd6d40c624abf133952d607855823&o=,5,Lahore
Chancery Hotel,https://www.booking.com/hotel/pk/chancery-2.en-gb.html?aid=304142&label=gen173nr-10CAQoggJCDWNpdHlfLTI3NjcwNDNICVgEaLUBiAEBmAEzuAEHyAEM2AED6AEB-AEBiAIBqAIBuALBjMLTBsACAdICJDRlYmVmMGVjLTBmMjctNDNkNS05MDQ0LWY2ZTFmMzRjMjI5M9gCAeACAQ&ucfs=1&arphpl=1&checkin=2026-08-06&checkout=2026-08-07&dest_id=-2767043&dest_type=city&group_adults=2&req_adults=2&no_rooms=1&group_children=0&req_children=0&hpos=5&hapos=203&sr_order=popularity&srpvid=7b4f562059d9004c&srepoch=1785759325&all_sr_blocks=911328619_362416950_0_1_0&highlighted_blocks=911328619_362416950_0_1_0&matching_block_id=911328619_362416950_0_1_0&sr_pri_blocks=911328619_362416950_0_1_0__384000&from=searchresults,3840,8.3,31.0,Lahore,5.3,Standard Twin Room,2 single beds,1,1,1,https://cf.bstatic.com/xdata/images/hotel/square240/568564157.webp?k=b46478844ce9eddbf16e78717eb781e026810e38e6126995ab442b891db86c40&o=,9,Lahore
Alfazal apartment,https://www.booking.com/hotel/pk/alfazal-apartment.en-gb.html?aid=304142&label=gen173nr-10CAQoggJCDWNpdHlfLTI3NjcwNDNICVgEaLUBiAEBmAEzuAEHyAEM2AED6AEB-AEBiAIBqAIBuALBjMLTBsACAdICJDRlYmVmMGVjLTBmMjctNDNkNS05MDQ0LWY2ZTFmMzRjMjI5M9gCAeACAQ&ucfs=1&arphpl=1&checkin=2026-08-06&checkout=2026-08-07&dest_id=-2767043&dest_type=city&group_adults=2&req_adults=2&no_rooms=1&group_children=0&req_children=0&hpos=6&hapos=204&sr_order=popularity&srpvid=7b4f562059d9004c&srepoch=1785759325&all_sr_blocks=1579304001_429030697_2_0_0&highlighted_blocks=1579304001_429030697_2_0_0&matching_block_id=1579304001_429030697_2_0_0&sr_pri_blocks=1579304001_429030697_2_0_0__440000&from=searchresults,4400,5.6,5.0,Lahore,29.1,One-Bedroom Apartment,"3 beds (2 sofa beds, 1 large double)",0,1,1,https://cf.bstatic.com/xdata/images/hotel/square240/821308106.webp?k=6d514f40dfb8d17287952ce38d88ca7e898dc3b3190b649ead6e6adbb2956864&o=,4,Lahore
Royal Appartments 21,https://www.booking.com/hotel/pk/royal-appartments-21-lahore.en-gb.html?aid=304142&label=gen173nr-10CAQoggJCDWNpdHlfLTI3NjcwNDNICVgEaLUBiAEBmAEzuAEHyAEM2AED6AEB-AEBiAIBqAIBuALBjMLTBsACAdICJDRlYmVmMGVjLTBmMjctNDNkNS05MDQ0LWY2ZTFmMzRjMjI5M9gCAeACAQ&ucfs=1&arphpl=1&checkin=2026-08-06&checkout=2026-08-07&dest_id=-2767043&dest_type=city&group_adults=2&req_adults=2&no_rooms=1&group_children=0&req_children=0&hpos=7&hapos=205&sr_order=popularity&srpvid=7b4f562059d9004c&srepoch=1785759325&all_sr_blocks=1625372201_433239972_32_0_0&highlighted_blocks=1625372201_433239972_32_0_0&matching_block_id=1625372201_433239972_32_0_0&sr_pri_blocks=1625372201_433239972_32_0_0__300000&from=searchresults,3000,4.9,11.0,"Gulberg, Lahore",7.4,Apartment,"16 beds (8 doubles, 8 large doubles)",0,1,1,https://cf.bstatic.com/xdata/images/hotel/square240/858785107.webp?k=6b029b34e9d0be7f6dcb4f911382b10ea500f3d2724d1ba9d581568008363eee&o=,4,Lahore
New Sky View Hotel,https://www.booking.com/hotel/pk/new-sky-view.en-gb.html?aid=304142&label=gen173nr-10CAQoggJCDWNpdHlfLTI3NjcwNDNICVgEaLUBiAEBmAEzuAEHyAEM2AED6AEB-AEBiAIBqAIBuALBjMLTBsACAdICJDRlYmVmMGVjLTBmMjctNDNkNS05MDQ0LWY2ZTFmMzRjMjI5M9gCAeACAQ&ucfs=1&arphpl=1&checkin=2026-08-06&checkout=2026-08-07&dest_id=-2767043&dest_type=city&group_adults=2&req_adults=2&no_rooms=1&group_children=0&req_children=0&hpos=8&hapos=206&sr_order=popularity&srpvid=7b4f562059d9004c&srepoch=1785759325&all_sr_blocks=1675040101_439259017_2_2_0&highlighted_blocks=1675040101_439259017_2_2_0&matching_block_id=1675040101_439259017_2_2_0&sr_pri_blocks=1675040101_439259017_2_2_0__535500&from=searchresults,5355,,,"Johar Town, Lahore",11.8,Suite,1 double bed,0,1,1,https://cf.bstatic.com/xdata/images/hotel/square240/890795004.webp?k=ba96fc45ce9119860d5ef8afa9d9b2fff1c82ba8d6f421a2f9772b03a69c79c8&o=,10,Lahore
Celestial Gold,https://www.booking.com/hotel/pk/celestial-gold.en-gb.html?aid=304142&label=gen173nr-10CAQoggJCDWNpdHlfLTI3NjcwNDNICVgEaLUBiAEBmAEzuAEHyAEM2AED6AEB-AEBiAIBqAIBuALBjMLTBsACAdICJDRlYmVmMGVjLTBmMjctNDNkNS05MDQ0LWY2ZTFmMzRjMjI5M9gCAeACAQ&ucfs=1&arphpl=1&checkin=2026-08-06&checkout=2026-08-07&dest_id=-2767043&dest_type=city&group_adults=2&req_adults=2&no_rooms=1&group_children=0&req_children=0&hpos=9&hapos=207&sr_order=popularity&srpvid=7b4f562059d9004c&srepoch=1785759325&all_sr_blocks=1412041202_412942762_0_0_0&highlighted_blocks=1412041202_412942762_0_0_0&matching_block_id=1412041202_412942762_0_0_0&sr_pri_blocks=1412041202_412942762_0_0_0__273600&from=searchresults,2736,6.1,25.0,"Johar Town, Lahore",12.5,Deluxe Family Room,1 large double bed,0,0,0,https://cf.bstatic.com/xdata/images/hotel/square240/681269191.webp?k=0d9877f8738a1253e1dc7a0b327bbfb20907cfabe9b1e10eb63683fc33d70f35&o=,3,Lahore
Shalimar Tower Hotel Lahore,https://www.booking.com/hotel/pk/shalimar-tower-lhr.en-gb.html?aid=304142&label=gen173nr-10CAQoggJCDWNpdHlfLTI3NjcwNDNICVgEaLUBiAEBmAEzuAEHyAEM2AED6AEB-AEBiAIBqAIBuALBjMLTBsACAdICJDRlYmVmMGVjLTBmMjctNDNkNS05MDQ0LWY2ZTFmMzRjMjI5M9gCAeACAQ&ucfs=1&arphpl=1&checkin=2026-08-06&checkout=2026-08-07&dest_id=-2767043&dest_type=city&group_adults=2&req_adults=2&no_rooms=1&group_children=0&req_children=0&hpos=10&hapos=208&sr_order=popularity&srpvid=7b4f562059d9004c&srepoch=1785759325&all_sr_blocks=570181006_0_2_1_0&highlighted_blocks=570181006_0_2_1_0&matching_block_id=570181006_0_2_1_0&sr_pri_blocks=570181006_0_2_1_0__1135417&from=searchresults,11354,4.0,60.0,Lahore,2.0,Standard Double Room,1 double bed,1,1,0,https://cf.bstatic.com/xdata/images/hotel/square240/333517459.webp?k=a900bd4c3dd92fc4f2694f1abaf83bc5d6cd05e97bf3a7b21c87db16519a07c0&o=,9,Lahore
Premium category Suites,https://www.booking.com/hotel/pk/hadaya-homes-families-lahore.en-gb.html?aid=304142&label=gen173nr-10CAQoggJCDWNpdHlfLTI3NjcwNDNICVgEaLUBiAEBmAEzuAEHyAEM2AED6AEB-AEBiAIBqAIBuALBjMLTBsACAdICJDRlYmVmMGVjLTBmMjctNDNkNS05MDQ0LWY2ZTFmMzRjMjI5M9gCAeACAQ&ucfs=1&arphpl=1&checkin=2026-08-06&checkout=2026-08-07&dest_id=-2767043&dest_type=city&group_adults=2&req_adults=2&no_rooms=1&group_children=0&req_children=0&hpos=11&hapos=209&sr_order=popularity&srpvid=7b4f562059d9004c&srepoch=1785759325&all_sr_blocks=1599674602_430946512_2_0_0&highlighted_blocks=1599674602_430946512_2_0_0&matching_block_id=1599674602_430946512_2_0_0&sr_pri_blocks=1599674602_430946512_2_0_0__1050000&from=searchresults,10500,8.3,20.0,Lahore,14.8,One-Bedroom Apartment,"3 beds (1 extra-large double, 2 futons)",0,1,1,https://cf.bstatic.com/xdata/images/hotel/square240/890153934.webp?k=6e3e4e69784c562236b9a28913055218eca7dc374e46e85607ea28fcb16ca2e2&o=,11,Lahore
The Opus Luxury Residences,https://www.booking.com/hotel/pk/the-opus-luxury-residences.en-gb.html?aid=304142&label=gen173nr-10CAQoggJCDWNpdHlfLTI3NjcwNDNICVgEaLUBiAEBmAEzuAEHyAEM2AED6AEB-AEBiAIBqAIBuALBjMLTBsACAdICJDRlYmVmMGVjLTBmMjctNDNkNS05MDQ0LWY2ZTFmMzRjMjI5M9gCAeACAQ&ucfs=1&arphpl=1&checkin=2026-08-06&checkout=2026-08-07&dest_id=-2767043&dest_type=city&group_adults=2&req_adults=2&no_rooms=1&group_children=0&req_children=0&hpos=12&hapos=210&sr_order=popularity&srpvid=7b4f562059d9004c&srepoch=1785759325&all_sr_blocks=0_0_2_0_0&highlighted_blocks=0_0_2_0_0&matching_block_id=0_0_2_0_0&sr_pri_blocks=0_0_2_0_0__1196828&from=searchresults,11968,7.1,99.0,"Gulberg, Lahore",6.9,Deluxe Apartment,1 double bed,0,0,0,https://cf.bstatic.com/xdata/images/hotel/square240/654049011.webp?k=ec4781f2173976b4ebe0941c942ce05c86021565a19268c1a4ad378a236be6bb&o=,9,Lahore
Den De Charme,https://www.booking.com/hotel/pk/den-de-charme.en-gb.html?aid=304142&label=gen173nr-10CAQoggJCDWNpdHlfLTI3NjcwNDNICVgEaLUBiAEBmAEzuAEHyAEM2AED6AEB-AEBiAIBqAIBuALBjMLTBsACAdICJDRlYmVmMGVjLTBmMjctNDNkNS05MDQ0LWY2ZTFmMzRjMjI5M9gCAeACAQ&ucfs=1&arphpl=1&checkin=2026-08-06&checkout=2026-08-07&dest_id=-2767043&dest_type=city&group_adults=2&req_adults=2&no_rooms=1&group_children=0&req_children=0&hpos=13&hapos=211&sr_order=popularity&srpvid=7b4f562059d9004c&srepoch=1785759325&all_sr_blocks=1681241101_439879619_2_1_0&highlighted_blocks=1681241101_439879619_2_1_0&matching_block_id=1681241101_439879619_2_1_0&sr_pri_blocks=1681241101_439879619_2_1_0__1020000&from=searchresults,10200,,,Lahore,10.3,Deluxe Double Room (2 Adults + 1 Child),1 double bed,1,1,1,https://cf.bstatic.com/xdata/images/hotel/square240/891512371.webp?k=6385b123b9f4dd6fa379d2ab65ce5f518272e8495007f36d47dd6014915e23ce&o=,10,Lahore
Goldcrest Mall DHA Phase 4 - Luxury Serviced Apartments by Alvis Suite,https://www.booking.com/hotel/pk/goldcrest-mall-dha-phase-4-luxury-serviced-apartments-by-alvis-suite-lahore1.en-gb.html?aid=304142&label=gen173nr-10CAQoggJCDWNpdHlfLTI3NjcwNDNICVgEaLUBiAEBmAEzuAEHyAEM2AED6AEB-AEBiAIBqAIBuALBjMLTBsACAdICJDRlYmVmMGVjLTBmMjctNDNkNS05MDQ0LWY2ZTFmMzRjMjI5M9gCAeACAQ&ucfs=1&arphpl=1&checkin=2026-08-06&checkout=2026-08-07&dest_id=-2767043&dest_type=city&group_adults=2&req_adults=2&no_rooms=1&group_children=0&req_children=0&hpos=14&hapos=212&sr_order=popularity&srpvid=7b4f562059d9004c&srepoch=1785759325&all_sr_blocks=1693117201_440964442_2_0_0&highlighted_blocks=1693117201_440964442_2_0_0&matching_block_id=1693117201_440964442_2_0_0&sr_pri_blocks=1693117201_440964442_2_0_0__1172915&from=searchresults,11729,,,Lahore,12.0,Studio Apartment,1 large double bed,0,1,1,https://cf.bstatic.com/xdata/images/hotel/square240/898207454.webp?k=4cbfe0a3ed4a987f888f4762496bc3459ce0ae9be9c0c23aeb6658808ff0d22f&o=,12,Lahore
Infinity Hotel,https://www.booking.com/hotel/pk/infinity.en-gb.html?aid=304142&label=gen173nr-10CAQoggJCDWNpdHlfLTI3NjcwNDNICVgEaLUBiAEBmAEzuAEHyAEM2AED6AEB-AEBiAIBqAIBuALBjMLTBsACAdICJDRlYmVmMGVjLTBmMjctNDNkNS05MDQ0LWY2ZTFmMzRjMjI5M9gCAeACAQ&ucfs=1&arphpl=1&checkin=2026-08-06&checkout=2026-08-07&dest_id=-2767043&dest_type=city&group_adults=2&req_adults=2&no_rooms=1&group_children=0&req_children=0&hpos=15&hapos=213&sr_order=popularity&srpvid=7b4f562059d9004c&srepoch=1785759325&all_sr_blocks=1048817204_377163954_2_2_0&highlighted_blocks=1048817204_377163954_2_2_0&matching_block_id=1048817204_377163954_2_2_0&sr_pri_blocks=1048817204_377163954_2_2_0__480000&from=searchresults,4800,8.2,461.0,"Gulberg, Lahore",6.0,Deluxe Twin Room,2 single beds,0,1,1,https://cf.bstatic.com/xdata/images/hotel/square240/704713035.webp?k=e3022b63b750b22d96caf956655ffbb91201e0f4ae6c87111847d55c7c2acd69&o=,12,Lahore
SM Residence R1,https://www.booking.com/hotel/pk/sm-residence-r1.en-gb.html?aid=304142&label=gen173nr-10CAQoggJCDWNpdHlfLTI3NjcwNDNICVgEaLUBiAEBmAEzuAEHyAEM2AED6AEB-AEBiAIBqAIBuALBjMLTBsACAdICJDRlYmVmMGVjLTBmMjctNDNkNS05MDQ0LWY2ZTFmMzRjMjI5M9gCAeACAQ&ucfs=1&arphpl=1&checkin=2026-08-06&checkout=2026-08-07&dest_id=-2767043&dest_type=city&group_adults=2&req_adults=2&no_rooms=1&group_children=0&req_children=0&hpos=16&hapos=214&sr_order=popularity&srpvid=7b4f562059d9004c&srepoch=1785759325&all_sr_blocks=1671579701_438929696_3_0_0&highlighted_blocks=1671579701_438929696_3_0_0&matching_block_id=1671579701_438929696_3_0_0&sr_pri_blocks=1671579701_438929696_3_0_0__527000&from=searchresults,5270,10,1.0,Lahore,13.1,Double Room with Balcony,1 large double bed,0,1,1,https://cf.bstatic.com/xdata/images/hotel/square240/886182964.webp?k=257f393e2aec2059b8af22a7e60b27f76635fdcc373e6e83b6d825c156cd0893&o=,4,Lahore
"Onyx, 1BR, Gulberg Center, Parkhouse, Self-Checkin, Pool",https://www.booking.com/hotel/pk/onyx-1br-self-checkin-pool.en-gb.html?aid=304142&label=gen173nr-10CAQoggJCDWNpdHlfLTI3NjcwNDNICVgEaLUBiAEBmAEzuAEHyAEM2AED6AEB-AEBiAIBqAIBuALBjMLTBsACAdICJDRlYmVmMGVjLTBmMjctNDNkNS05MDQ0LWY2ZTFmMzRjMjI5M9gCAeACAQ&ucfs=1&arphpl=1&checkin=2026-08-06&checkout=2026-08-07&dest_id=-2767043&dest_type=city&group_adults=2&req_adults=2&no_rooms=1&group_children=0&req_children=0&hpos=17&hapos=215&sr_order=popularity&srpvid=7b4f562059d9004c&srepoch=1785759325&all_sr_blocks=1662500501_438119740_4_0_0&highlighted_blocks=1662500501_438119740_4_0_0&matching_block_id=1662500501_438119740_4_0_0&sr_pri_blocks=1662500501_438119740_4_0_0__1200000&from=searchresults,12000,,,"Gulberg, Lahore",7.0,One-Bedroom Apartment with View,"3 beds (2 sofa beds, 1 large double)",0,1,1,https://cf.bstatic.com/xdata/images/hotel/square240/880485973.webp?k=ae2da3caf4cf78f5e314a05f7345bf73524568c27f43d42c16dabc2cda334ffe&o=,4,Lahore
One Bedroom Furnished Apartment in Gold Crest Mall DHA Phase 4 Lahore,https://www.booking.com/hotel/pk/one-bedroom-furnished-apartment-in-gold-crest-mall-and-residences.en-gb.html?aid=304142&label=gen173nr-10CAQoggJCDWNpdHlfLTI3NjcwNDNICVgEaLUBiAEBmAEzuAEHyAEM2AED6AEB-AEBiAIBqAIBuALBjMLTBsACAdICJDRlYmVmMGVjLTBmMjctNDNkNS05MDQ0LWY2ZTFmMzRjMjI5M9gCAeACAQ&ucfs=1&arphpl=1&checkin=2026-08-06&checkout=2026-08-07&dest_id=-2767043&dest_type=city&group_adults=2&req_adults=2&no_rooms=1&group_children=0&req_children=0&hpos=18&hapos=216&sr_order=popularity&srpvid=7b4f562059d9004c&srepoch=1785759325&all_sr_blocks=1482152601_419712549_2_0_0&highlighted_blocks=1482152601_419712549_2_0_0&matching_block_id=1482152601_419712549_2_0_0&sr_pri_blocks=1482152601_419712549_2_0_0__1870000&from=searchresults,18700,9.1,9.0,Lahore,12.0,One-Bedroom Apartment,1 double bed,0,1,1,https://cf.bstatic.com/xdata/images/hotel/square240/768492997.webp?k=7b3aeb6d4c4affc325c3f67425fd7b7e9027bbf7c8e03f86f8d2aef974d4ecd1&o=,5,Lahore
"Amanah Family Apartments , lahore",https://www.booking.com/hotel/pk/amanah-exclusive-apartments-lahore.en-gb.html?aid=304142&label=gen173nr-10CAQoggJCDWNpdHlfLTI3NjcwNDNICVgEaLUBiAEBmAEzuAEHyAEM2AED6AEB-AEBiAIBqAIBuALBjMLTBsACAdICJDRlYmVmMGVjLTBmMjctNDNkNS05MDQ0LWY2ZTFmMzRjMjI5M9gCAeACAQ&ucfs=1&arphpl=1&checkin=2026-08-06&checkout=2026-08-07&dest_id=-2767043&dest_type=city&group_adults=2&req_adults=2&no_rooms=1&group_children=0&req_children=0&hpos=19&hapos=217&sr_order=popularity&srpvid=7b4f562059d9004c&srepoch=1785759325&all_sr_blocks=1652405401_437218698_2_0_0&highlighted_blocks=1652405401_437218698_2_0_0&matching_block_id=1652405401_437218698_2_0_0&sr_pri_blocks=1652405401_437218698_2_0_0__1200000&from=searchresults,12000,6.8,5.0,Lahore,10.6,One-Bedroom Apartment,1 double bed,0,1,1,https://cf.bstatic.com/xdata/images/hotel/square240/873106715.webp?k=a38d253936235f46469f877e2748e10ce23698784c217f7dbd96f959d6fddb27&o=,6,Lahore
Cozy Studio in Gulberg 5 Min to MM Alam Power Backup,https://www.booking.com/hotel/pk/cozy-studio-near-mm-alam-road.en-gb.html?aid=304142&label=gen173nr-10CAQoggJCDWNpdHlfLTI3NjcwNDNICVgEaLUBiAEBmAEzuAEHyAEM2AED6AEB-AEBiAIBqAIBuALBjMLTBsACAdICJDRlYmVmMGVjLTBmMjctNDNkNS05MDQ0LWY2ZTFmMzRjMjI5M9gCAeACAQ&ucfs=1&arphpl=1&checkin=2026-08-06&checkout=2026-08-07&dest_id=-2767043&dest_type=city&group_adults=2&req_adults=2&no_rooms=1&group_children=0&req_children=0&hpos=20&hapos=218&sr_order=popularity&srpvid=7b4f562059d9004c&srepoch=1785759325&all_sr_blocks=1581193501_429219216_3_0_0&highlighted_blocks=1581193501_429219216_3_0_0&matching_block_id=1581193501_429219216_3_0_0&sr_pri_blocks=1581193501_429219216_3_0_0__1200000&from=searchresults,12000,10,1.0,"Gulberg, Lahore",7.0,One-Bedroom Apartment,1 double bed,0,1,1,https://cf.bstatic.com/xdata/images/hotel/square240/823106894.webp?k=e391d37769cc2259e7fb4459c5e0695fc992d78df3dd53888b2b67c3683753f5&o=,4,Lahore
GOLD CREST RESIDENCY - Signature Designer Apartments With City Views DHA LAHORE PHASE 4,https://www.booking.com/hotel/pk/gold-crest-apartments-lahore30.en-gb.html?aid=304142&label=gen173nr-10CAQoggJCDWNpdHlfLTI3NjcwNDNICVgEaLUBiAEBmAEzuAEHyAEM2AED6AEB-AEBiAIBqAIBuALBjMLTBsACAdICJDRlYmVmMGVjLTBmMjctNDNkNS05MDQ0LWY2ZTFmMzRjMjI5M9gCAeACAQ&ucfs=1&arphpl=1&checkin=2026-08-06&checkout=2026-08-07&dest_id=-2767043&dest_type=city&group_adults=2&req_adults=2&no_rooms=1&group_children=0&req_children=0&hpos=21&hapos=219&sr_order=popularity&srpvid=7b4f562059d9004c&srepoch=1785759325&all_sr_blocks=1697250807_441459930_3_1_0&highlighted_blocks=1697250807_441459930_3_1_0&matching_block_id=1697250807_441459930_3_1_0&sr_pri_blocks=1697250807_441459930_3_1_0__3000000&from=searchresults,30000,10,1.0,Lahore,12.0,One-Bedroom Apartment with Balcony,"2 beds (1 extra-large double, 1 sofa bed)",1,1,0,https://cf.bstatic.com/xdata/images/hotel/square240/901304420.webp?k=af5fb9509ffd50c4ca72569fea67ef2e01af12e1bb82f1af6f00e9e25be400a1&o=,13,Lahore
Gulberg Inn Hotel Lahore,https://www.booking.com/hotel/pk/gulberg-inn-lahore.en-gb.html?aid=304142&label=gen173nr-10CAQoggJCDWNpdHlfLTI3NjcwNDNICVgEaLUBiAEBmAEzuAEHyAEM2AED6AEB-AEBiAIBqAIBuALBjMLTBsACAdICJDRlYmVmMGVjLTBmMjctNDNkNS05MDQ0LWY2ZTFmMzRjMjI5M9gCAeACAQ&ucfs=1&arphpl=1&checkin=2026-08-06&checkout=2026-08-07&dest_id=-2767043&dest_type=city&group_adults=2&req_adults=2&no_rooms=1&group_children=0&req_children=0&hpos=22&hapos=220&sr_order=popularity&srpvid=7b4f562059d9004c&srepoch=1785759325&all_sr_blocks=1317641601_404492666_2_1_0_767123&highlighted_blocks=1317641601_404492666_2_1_0_767123&matching_block_id=1317641601_404492666_2_1_0_767123&sr_pri_blocks=1317641601_404492666_2_1_0_767123_526500&from=searchresults,5265,7.3,432.0,"Gulberg, Lahore",7.4,Deluxe Double Room,1 large double bed,1,1,1,https://cf.bstatic.com/xdata/images/hotel/square240/623157507.webp?k=796ac5d42ef35c9c3cf6fd747f127d020106524890fafcc7ae704f7941c4fd94&o=,12,Lahore
Hotel Mayfair,https://www.booking.com/hotel/pk/mayfair.en-gb.html?aid=304142&label=gen173nr-10CAQoggJCDWNpdHlfLTI3NjcwNDNICVgEaLUBiAEBmAEzuAEHyAEM2AED6AEB-AEBiAIBqAIBuALBjMLTBsACAdICJDRlYmVmMGVjLTBmMjctNDNkNS05MDQ0LWY2ZTFmMzRjMjI5M9gCAeACAQ&ucfs=1&arphpl=1&checkin=2026-08-06&checkout=2026-08-07&dest_id=-2767043&dest_type=city&group_adults=2&req_adults=2&no_rooms=1&group_children=0&req_children=0&hpos=23&hapos=221&sr_order=popularity&srpvid=7b4f562059d9004c&srepoch=1785759325&all_sr_blocks=265045311_400072202_0_2_0&highlighted_blocks=265045311_400072202_0_2_0&matching_block_id=265045311_400072202_0_2_0&sr_pri_blocks=265045311_400072202_0_2_0__693000&from=searchresults,6930,5.7,18.0,"Gulberg, Lahore",6.1,Standard Double Room,2 single beds,0,1,1,https://cf.bstatic.com/xdata/images/hotel/square240/411283347.webp?k=2cd18020fe5f2b44391e03e1b61150d3e8e0eb68420dd42449e03dffec2cf10c&o=,8,Lahore
Expo Lodges,https://www.booking.com/hotel/pk/expo-lodges.en-gb.html?aid=304142&label=gen173nr-10CAQoggJCDWNpdHlfLTI3NjcwNDNICVgEaLUBiAEBmAEzuAEHyAEM2AED6AEB-AEBiAIBqAIBuALBjMLTBsACAdICJDRlYmVmMGVjLTBmMjctNDNkNS05MDQ0LWY2ZTFmMzRjMjI5M9gCAeACAQ&ucfs=1&arphpl=1&checkin=2026-08-06&checkout=2026-08-07&dest_id=-2767043&dest_type=city&group_adults=2&req_adults=2&no_rooms=1&group_children=0&req_children=0&hpos=1&hapos=222&sr_order=popularity&srpvid=7b4f562059d9004c&srepoch=1785759328&all_sr_blocks=1559808405_427082208_2_0_0&highlighted_blocks=1559808405_427082208_2_0_0&matching_block_id=1559808405_427082208_2_0_0&sr_pri_blocks=1559808405_427082208_2_0_0__475000&from=searchresults,4750,6.3,9.0,"Johar Town, Lahore",12.2,Standard Twin Room,2 single beds,0,1,1,https://cf.bstatic.com/xdata/images/hotel/square240/805233858.webp?k=b240ea042b2f042bab4a0ebd75f527a5fc7af2e2988a159f60c3442314d23776&o=,11,Lahore
Hotel Hayat Palace Gulberg,https://www.booking.com/hotel/pk/hayat-palace-lahore.en-gb.html?aid=304142&label=gen173nr-10CAQoggJCDWNpdHlfLTI3NjcwNDNICVgEaLUBiAEBmAEzuAEHyAEM2AED6AEB-AEBiAIBqAIBuALBjMLTBsACAdICJDRlYmVmMGVjLTBmMjctNDNkNS05MDQ0LWY2ZTFmMzRjMjI5M9gCAeACAQ&ucfs=1&arphpl=1&checkin=2026-08-06&checkout=2026-08-07&dest_id=-2767043&dest_type=city&group_adults=2&req_adults=2&no_rooms=1&group_children=0&req_children=0&hpos=2&hapos=223&sr_order=popularity&srpvid=7b4f562059d9004c&srepoch=1785759328&all_sr_blocks=1265079002_425360262_0_2_0&highlighted_blocks=1265079002_425360262_0_2_0&matching_block_id=1265079002_425360262_0_2_0&sr_pri_blocks=1265079002_425360262_0_2_0__433500&from=searchresults,4335,4.9,60.0,"Gulberg, Lahore",6.0,Deluxe Double Room,"2 beds (1 sofa bed, 1 large double)",0,1,1,https://cf.bstatic.com/xdata/images/hotel/square240/787541949.webp?k=b94d0ee119bebcc93a85fae7c323b0b4e78a4af61760ebeab293aacfc634b8cb&o=,10,Lahore
Stunning studio apartment,https://www.booking.com/hotel/pk/stunning-studio-apartment.en-gb.html?aid=304142&label=gen173nr-10CAQoggJCDWNpdHlfLTI3NjcwNDNICVgEaLUBiAEBmAEzuAEHyAEM2AED6AEB-AEBiAIBqAIBuALBjMLTBsACAdICJDRlYmVmMGVjLTBmMjctNDNkNS05MDQ0LWY2ZTFmMzRjMjI5M9gCAeACAQ&ucfs=1&arphpl=1&checkin=2026-08-06&checkout=2026-08-07&dest_id=-2767043&dest_type=city&group_adults=2&req_adults=2&no_rooms=1&group_children=0&req_children=0&hpos=3&hapos=224&sr_order=popularity&srpvid=7b4f562059d9004c&srepoch=1785759328&all_sr_blocks=1451375501_416494807_2_0_0&highlighted_blocks=1451375501_416494807_2_0_0&matching_block_id=1451375501_416494807_2_0_0&sr_pri_blocks=1451375501_416494807_2_0_0__550000&from=searchresults,5500,8.0,1.0,Lahore,25.9,One-Bedroom Apartment,1 double bed,0,1,1,https://cf.bstatic.com/xdata/images/hotel/square240/708752335.webp?k=f07c2631d210088c4799271b53929b5d3b3b30e886b01ac4ec32479741700516&o=,4,Lahore
Cocó - Self Check-in - Luxury Apartment - Gulberg - MM Alam - Pool,https://www.booking.com/hotel/pk/parkside-panoramic-1-br-apartment-dha-selfcheck-in.en-gb.html?aid=304142&label=gen173nr-10CAQoggJCDWNpdHlfLTI3NjcwNDNICVgEaLUBiAEBmAEzuAEHyAEM2AED6AEB-AEBiAIBqAIBuALBjMLTBsACAdICJDRlYmVmMGVjLTBmMjctNDNkNS05MDQ0LWY2ZTFmMzRjMjI5M9gCAeACAQ&ucfs=1&arphpl=1&checkin=2026-08-06&checkout=2026-08-07&dest_id=-2767043&dest_type=city&group_adults=2&req_adults=2&no_rooms=1&group_children=0&req_children=0&hpos=4&hapos=225&sr_order=popularity&srpvid=7b4f562059d9004c&srepoch=1785759328&all_sr_blocks=1260116003_398620610_2_0_0&highlighted_blocks=1260116003_398620610_2_0_0&matching_block_id=1260116003_398620610_2_0_0&sr_pri_blocks=1260116003_398620610_2_0_0__1282500&from=searchresults,12825,7.5,11.0,"Gulberg, Lahore",7.0,Deluxe King Studio,"2 beds (1 extra-large double, 1 futon)",0,0,0,https://cf.bstatic.com/xdata/images/hotel/square240/881553802.webp?k=68ecb2ec195742b939f587fa995d7d87e0c25a2dda21c1a2721ad3320fdcc397&o=,9,Lahore
Executive Goldcrest Mall Apartments DHA Phase 4 Lahore,https://www.booking.com/hotel/pk/casadel-apartments-at-goldcrest-residency.en-gb.html?aid=304142&label=gen173nr-10CAQoggJCDWNpdHlfLTI3NjcwNDNICVgEaLUBiAEBmAEzuAEHyAEM2AED6AEB-AEBiAIBqAIBuALBjMLTBsACAdICJDRlYmVmMGVjLTBmMjctNDNkNS05MDQ0LWY2ZTFmMzRjMjI5M9gCAeACAQ&ucfs=1&arphpl=1&checkin=2026-08-06&checkout=2026-08-07&dest_id=-2767043&dest_type=city&group_adults=2&req_adults=2&no_rooms=1&group_children=0&req_children=0&hpos=5&hapos=226&sr_order=popularity&srpvid=7b4f562059d9004c&srepoch=1785759328&all_sr_blocks=1467995403_430709787_2_0_0&highlighted_blocks=1467995403_430709787_2_0_0&matching_block_id=1467995403_430709787_2_0_0&sr_pri_blocks=1467995403_430709787_2_0_0__1440000&from=searchresults,14400,8.8,33.0,Lahore,12.1,Studio Apartment,1 extra-large double bed,0,1,1,https://cf.bstatic.com/xdata/images/hotel/square240/890837887.webp?k=7dcedb56b522ada3fd0e17a6f1e764e926fc9cd2efc772a375cab6b7c95dc41c&o=,16,Lahore
21 Residence & Monthly Rooms,https://www.booking.com/hotel/pk/21-residence-amp-monthly-rooms.en-gb.html?aid=304142&label=gen173nr-10CAQoggJCDWNpdHlfLTI3NjcwNDNICVgEaLUBiAEBmAEzuAEHyAEM2AED6AEB-AEBiAIBqAIBuALBjMLTBsACAdICJDRlYmVmMGVjLTBmMjctNDNkNS05MDQ0LWY2ZTFmMzRjMjI5M9gCAeACAQ&ucfs=1&arphpl=1&checkin=2026-08-06&checkout=2026-08-07&dest_id=-2767043&dest_type=city&group_adults=2&req_adults=2&no_rooms=1&group_children=0&req_children=0&hpos=6&hapos=227&sr_order=popularity&srpvid=7b4f562059d9004c&srepoch=1785759328&all_sr_blocks=1631405201_433668443_32_0_0&highlighted_blocks=1631405201_433668443_32_0_0&matching_block_id=1631405201_433668443_32_0_0&sr_pri_blocks=1631405201_433668443_32_0_0__260000&from=searchresults,2600,4.0,3.0,"Gulberg, Lahore",7.4,Double Room,"16 beds (8 doubles, 8 large doubles)",0,1,1,https://cf.bstatic.com/xdata/images/hotel/square240/861881203.webp?k=009453fe145f25f23b3a460c33455c31e38635da6bec73519a6c760595ccefba&o=,10,Lahore
City Oasis Boutique Hotel,https://www.booking.com/hotel/pk/city-oasis-boutique.en-gb.html?aid=304142&label=gen173nr-10CAQoggJCDWNpdHlfLTI3NjcwNDNICVgEaLUBiAEBmAEzuAEHyAEM2AED6AEB-AEBiAIBqAIBuALBjMLTBsACAdICJDRlYmVmMGVjLTBmMjctNDNkNS05MDQ0LWY2ZTFmMzRjMjI5M9gCAeACAQ&ucfs=1&arphpl=1&checkin=2026-08-06&checkout=2026-08-07&dest_id=-2767043&dest_type=city&group_adults=2&req_adults=2&no_rooms=1&group_children=0&req_children=0&hpos=7&hapos=228&sr_order=popularity&srpvid=7b4f562059d9004c&srepoch=1785759328&all_sr_blocks=1575747002_433542115_2_1_0&highlighted_blocks=1575747002_433542115_2_1_0&matching_block_id=1575747002_433542115_2_1_0&sr_pri_blocks=1575747002_433542115_2_1_0__972000&from=searchresults,9720,9.7,12.0,"Johar Town, Lahore",11.7,Deluxe Twin Room,2 single beds,1,1,1,https://cf.bstatic.com/xdata/images/hotel/square240/820074647.webp?k=bede26d18b9745b06f3273d29f7ff6bce1374172dd4b4530cacd433c99db3c63&o=,10,Lahore
GoldCrest Mall Prestigious Suites with Balcony by SIGNATURE ONE in DHA Lahore,https://www.booking.com/hotel/pk/prestige-living.en-gb.html?aid=304142&label=gen173nr-10CAQoggJCDWNpdHlfLTI3NjcwNDNICVgEaLUBiAEBmAEzuAEHyAEM2AED6AEB-AEBiAIBqAIBuALBjMLTBsACAdICJDRlYmVmMGVjLTBmMjctNDNkNS05MDQ0LWY2ZTFmMzRjMjI5M9gCAeACAQ&ucfs=1&arphpl=1&checkin=2026-08-06&checkout=2026-08-07&dest_id=-2767043&dest_type=city&group_adults=2&req_adults=2&no_rooms=1&group_children=0&req_children=0&hpos=8&hapos=229&sr_order=popularity&srpvid=7b4f562059d9004c&srepoch=1785759328&all_sr_blocks=1440940901_438202613_4_0_0&highlighted_blocks=1440940901_438202613_4_0_0&matching_block_id=1440940901_438202613_4_0_0&sr_pri_blocks=1440940901_438202613_4_0_0__1538240&from=searchresults,15382,7.0,18.0,Lahore,12.0,One-Bedroom Apartment with Balcony and City View,1 large double bed,0,0,1,https://cf.bstatic.com/xdata/images/hotel/square240/809064569.webp?k=8267e6e082765594ffde28a3a17ba70cbaa354fe285a298e5997acaa079bf687&o=,13,Lahore
Wavy Designer Apartment MM Alam road,https://www.booking.com/hotel/pk/wavy.en-gb.html?aid=304142&label=gen173nr-10CAQoggJCDWNpdHlfLTI3NjcwNDNICVgEaLUBiAEBmAEzuAEHyAEM2AED6AEB-AEBiAIBqAIBuALBjMLTBsACAdICJDRlYmVmMGVjLTBmMjctNDNkNS05MDQ0LWY2ZTFmMzRjMjI5M9gCAeACAQ&ucfs=1&arphpl=1&checkin=2026-08-06&checkout=2026-08-07&dest_id=-2767043&dest_type=city&group_adults=2&req_adults=2&no_rooms=1&group_children=0&req_children=0&hpos=9&hapos=230&sr_order=popularity&srpvid=7b4f562059d9004c&srepoch=1785759328&all_sr_blocks=1604242901_431358499_4_0_0&highlighted_blocks=1604242901_431358499_4_0_0&matching_block_id=1604242901_431358499_4_0_0&sr_pri_blocks=1604242901_431358499_4_0_0__1100000&from=searchresults,11000,9.0,3.0,"Gulberg, Lahore",7.0,One-Bedroom Apartment,"3 beds (1 extra-large double, 1 sofa bed, 1 futon)",0,1,1,https://cf.bstatic.com/xdata/images/hotel/square240/846436843.webp?k=14a379053ca752795ca9144f81b7532b7f9ce62a651b4d4def8a61698a2abeee&o=,4,Lahore
Mall City Hotel,https://www.booking.com/hotel/pk/mall-city-lahore1.en-gb.html?aid=304142&label=gen173nr-10CAQoggJCDWNpdHlfLTI3NjcwNDNICVgEaLUBiAEBmAEzuAEHyAEM2AED6AEB-AEBiAIBqAIBuALBjMLTBsACAdICJDRlYmVmMGVjLTBmMjctNDNkNS05MDQ0LWY2ZTFmMzRjMjI5M9gCAeACAQ&ucfs=1&arphpl=1&checkin=2026-08-06&checkout=2026-08-07&dest_id=-2767043&dest_type=city&group_adults=2&req_adults=2&no_rooms=1&group_children=0&req_children=0&hpos=10&hapos=231&sr_order=popularity&srpvid=7b4f562059d9004c&srepoch=1785759328&all_sr_blocks=1674248301_0_2_0_0&highlighted_blocks=1674248301_0_2_0_0&matching_block_id=1674248301_0_2_0_0&sr_pri_blocks=1674248301_0_2_0_0__250648&from=searchresults,2506,5.5,2.0,Lahore,5.6,Double Room,10 double beds,0,0,0,https://cf.bstatic.com/xdata/images/hotel/square240/887727411.webp?k=bde9f200c7257e54bb1005caa1f24071dc059de1d5fedafe9ccee0d2bb373f54&o=,8,Lahore
Mall City Hotel Lahore,https://www.booking.com/hotel/pk/new-shan.en-gb.html?aid=304142&label=gen173nr-10CAQoggJCDWNpdHlfLTI3NjcwNDNICVgEaLUBiAEBmAEzuAEHyAEM2AED6AEB-AEBiAIBqAIBuALBjMLTBsACAdICJDRlYmVmMGVjLTBmMjctNDNkNS05MDQ0LWY2ZTFmMzRjMjI5M9gCAeACAQ&ucfs=1&arphpl=1&checkin=2026-08-06&checkout=2026-08-07&dest_id=-2767043&dest_type=city&group_adults=2&req_adults=2&no_rooms=1&group_children=0&req_children=0&hpos=11&hapos=232&sr_order=popularity&srpvid=7b4f562059d9004c&srepoch=1785759328&all_sr_blocks=1567553401_427856151_2_0_0&highlighted_blocks=1567553401_427856151_2_0_0&matching_block_id=1567553401_427856151_2_0_0&sr_pri_blocks=1567553401_427856151_2_0_0__308000&from=searchresults,3080,4.2,5.0,"Mall Road, Lahore (Mall Road)",0.6,Double Room,10 double beds,0,1,1,https://cf.bstatic.com/xdata/images/hotel/square240/813820050.webp?k=70fc63f99825e5b1f9c4db55c592746d9c33749453e3056de261b2adb4726307&o=,10,Lahore
Guest House & Apartments Johar Town near Emporium & Expo,https://www.booking.com/hotel/pk/red-fort-guest-house.en-gb.html?aid=304142&label=gen173nr-10CAQoggJCDWNpdHlfLTI3NjcwNDNICVgEaLUBiAEBmAEzuAEHyAEM2AED6AEB-AEBiAIBqAIBuALBjMLTBsACAdICJDRlYmVmMGVjLTBmMjctNDNkNS05MDQ0LWY2ZTFmMzRjMjI5M9gCAeACAQ&ucfs=1&arphpl=1&checkin=2026-08-06&checkout=2026-08-07&dest_id=-2767043&dest_type=city&group_adults=2&req_adults=2&no_rooms=1&group_children=0&req_children=0&hpos=12&hapos=233&sr_order=popularity&srpvid=7b4f562059d9004c&srepoch=1785759328&all_sr_blocks=680822603_277594462_2_2_0&highlighted_blocks=680822603_277594462_2_2_0&matching_block_id=680822603_277594462_2_2_0&sr_pri_blocks=680822603_277594462_2_2_0__382500&from=searchresults,3825,6.6,17.0,"Johar Town, Lahore",10.9,Deluxe Room,1 large double bed,0,0,0,https://cf.bstatic.com/xdata/images/hotel/square240/271303137.webp?k=acb2968c8b09f9cb89f2dafc0a60267a79c04a0888058fe5c17e9287372d9336&o=,3,Lahore
Luxury Full House in DHA Phase 6 Lahore Near Raya Dolmen Mall and PKLI,https://www.booking.com/hotel/pk/comfortable-entire-house-in-dha-phase-6-lahore-near-raya-and-dolmen-mall.en-gb.html?aid=304142&label=gen173nr-10CAQoggJCDWNpdHlfLTI3NjcwNDNICVgEaLUBiAEBmAEzuAEHyAEM2AED6AEB-AEBiAIBqAIBuALBjMLTBsACAdICJDRlYmVmMGVjLTBmMjctNDNkNS05MDQ0LWY2ZTFmMzRjMjI5M9gCAeACAQ&ucfs=1&arphpl=1&checkin=2026-08-06&checkout=2026-08-07&dest_id=-2767043&dest_type=city&group_adults=2&req_adults=2&no_rooms=1&group_children=0&req_children=0&hpos=13&hapos=234&sr_order=popularity&srpvid=7b4f562059d9004c&srepoch=1785759328&all_sr_blocks=1550863301_426281064_7_2_0&highlighted_blocks=1550863301_426281064_7_2_0&matching_block_id=1550863301_426281064_7_2_0&sr_pri_blocks=1550863301_426281064_7_2_0__2100000&from=searchresults,21000,6.0,5.0,Lahore,16.6,Three-Bedroom House,"4 beds (1 sofa bed, 3 large doubles)",0,1,1,https://cf.bstatic.com/xdata/images/hotel/square240/841747092.webp?k=e3c1a6e37cc134f43b73c5f437de05c74b431588fa2b7079195826f9d61467b8&o=,4,Lahore
1 BHK Luxury Apartment by Sultan Suites in DHA Phase 4 Gold Crest,https://www.booking.com/hotel/pk/luxury-apartment-in-dha-phase-4-gold-crest.en-gb.html?aid=304142&label=gen173nr-10CAQoggJCDWNpdHlfLTI3NjcwNDNICVgEaLUBiAEBmAEzuAEHyAEM2AED6AEB-AEBiAIBqAIBuALBjMLTBsACAdICJDRlYmVmMGVjLTBmMjctNDNkNS05MDQ0LWY2ZTFmMzRjMjI5M9gCAeACAQ&ucfs=1&arphpl=1&checkin=2026-08-06&checkout=2026-08-07&dest_id=-2767043&dest_type=city&group_adults=2&req_adults=2&no_rooms=1&group_children=0&req_children=0&hpos=14&hapos=235&sr_order=popularity&srpvid=7b4f562059d9004c&srepoch=1785759328&all_sr_blocks=1638398401_434145973_2_0_0&highlighted_blocks=1638398401_434145973_2_0_0&matching_block_id=1638398401_434145973_2_0_0&sr_pri_blocks=1638398401_434145973_2_0_0__1698800&from=searchresults,16988,,,Lahore,12.1,Two-Bedroom Apartment,"3 beds (1 double, 1 sofa bed, 1 large double)",0,1,1,https://cf.bstatic.com/xdata/images/hotel/square240/886345694.webp?k=552df0e7a497edbb092bb838f76d6794281a086688af85912ad1cacb32e4c51a&o=,4,Lahore
Al Shahzan Hotel,https://www.booking.com/hotel/pk/new-palace-lahore2.en-gb.html?aid=304142&label=gen173nr-10CAQoggJCDWNpdHlfLTI3NjcwNDNICVgEaLUBiAEBmAEzuAEHyAEM2AED6AEB-AEBiAIBqAIBuALBjMLTBsACAdICJDRlYmVmMGVjLTBmMjctNDNkNS05MDQ0LWY2ZTFmMzRjMjI5M9gCAeACAQ&ucfs=1&arphpl=1&checkin=2026-08-06&checkout=2026-08-07&dest_id=-2767043&dest_type=city&group_adults=2&req_adults=2&no_rooms=1&group_children=0&req_children=0&hpos=15&hapos=236&sr_order=popularity&srpvid=7b4f562059d9004c&srepoch=1785759328&all_sr_blocks=1600988201_431052544_20_0_0&highlighted_blocks=1600988201_431052544_20_0_0&matching_block_id=1600988201_431052544_20_0_0&sr_pri_blocks=1600988201_431052544_20_0_0__300000&from=searchresults,3000,3.9,13.0,Lahore,3.7,Double Room,10 double beds,0,1,1,https://cf.bstatic.com/xdata/images/hotel/square240/838584325.webp?k=6aec14edef558d2c582cee48ac603b216e5cff6e6f67ee253937d98780a2223c&o=,10,Lahore
Oura Residence 1 bhk Parkhouse Gulberg,https://www.booking.com/hotel/pk/oura-residence-1-bhk-parkhouse-gulberg-lahore.en-gb.html?aid=304142&label=gen173nr-10CAQoggJCDWNpdHlfLTI3NjcwNDNICVgEaLUBiAEBmAEzuAEHyAEM2AED6AEB-AEBiAIBqAIBuALBjMLTBsACAdICJDRlYmVmMGVjLTBmMjctNDNkNS05MDQ0LWY2ZTFmMzRjMjI5M9gCAeACAQ&ucfs=1&arphpl=1&checkin=2026-08-06&checkout=2026-08-07&dest_id=-2767043&dest_type=city&group_adults=2&req_adults=2&no_rooms=1&group_children=0&req_children=0&hpos=16&hapos=237&sr_order=popularity&srpvid=7b4f562059d9004c&srepoch=1785759328&all_sr_blocks=1616761201_432534484_4_0_0&highlighted_blocks=1616761201_432534484_4_0_0&matching_block_id=1616761201_432534484_4_0_0&sr_pri_blocks=1616761201_432534484_4_0_0__1250000&from=searchresults,12500,8.0,1.0,"Gulberg, Lahore",7.0,One-Bedroom Apartment,"2 beds (1 double, 1 sofa bed)",0,1,1,https://cf.bstatic.com/xdata/images/hotel/square240/851349581.webp?k=1fbfe20ba79b69b89734e34f03c52c9a68e706b2aa628091da8843b6742aac02&o=,4,Lahore
Lahore Continental Hotel,https://www.booking.com/hotel/pk/lahore-continental.en-gb.html?aid=304142&label=gen173nr-10CAQoggJCDWNpdHlfLTI3NjcwNDNICVgEaLUBiAEBmAEzuAEHyAEM2AED6AEB-AEBiAIBqAIBuALBjMLTBsACAdICJDRlYmVmMGVjLTBmMjctNDNkNS05MDQ0LWY2ZTFmMzRjMjI5M9gCAeACAQ&ucfs=1&arphpl=1&checkin=2026-08-06&checkout=2026-08-07&dest_id=-2767043&dest_type=city&group_adults=2&req_adults=2&no_rooms=1&group_children=0&req_children=0&hpos=17&hapos=238&sr_order=popularity&srpvid=7b4f562059d9004c&srepoch=1785759328&all_sr_blocks=126930101_341487581_2_1_0&highlighted_blocks=126930101_341487581_2_1_0&matching_block_id=126930101_341487581_2_1_0&sr_pri_blocks=126930101_341487581_2_1_0__1322160&from=searchresults,13222,8.4,740.0,Lahore,7.7,Deluxe Double or Twin Room,1 large double bed,1,1,1,https://cf.bstatic.com/xdata/images/hotel/square240/878497890.webp?k=edc1f4cc13fec0c6d4e4fde9a284d6b8f2447428d04532a45cfe51b504cd2dbe&o=,12,Lahore
PC Residences Gulberg Lahore,https://www.booking.com/hotel/pk/pc-residences-gulberg-lahore.en-gb.html?aid=304142&label=gen173nr-10CAQoggJCDWNpdHlfLTI3NjcwNDNICVgEaLUBiAEBmAEzuAEHyAEM2AED6AEB-AEBiAIBqAIBuALBjMLTBsACAdICJDRlYmVmMGVjLTBmMjctNDNkNS05MDQ0LWY2ZTFmMzRjMjI5M9gCAeACAQ&ucfs=1&arphpl=1&checkin=2026-08-06&checkout=2026-08-07&dest_id=-2767043&dest_type=city&group_adults=2&req_adults=2&no_rooms=1&group_children=0&req_children=0&hpos=18&hapos=239&sr_order=popularity&srpvid=7b4f562059d9004c&srepoch=1785759328&all_sr_blocks=1393043701_415545069_2_0_0&highlighted_blocks=1393043701_415545069_2_0_0&matching_block_id=1393043701_415545069_2_0_0&sr_pri_blocks=1393043701_415545069_2_0_0__13200&from=searchresults,36680,8.9,48.0,"Gulberg, Lahore",6.6,Two-Bedroom Suite,"3 beds (2 extra-large doubles, 1 sofa bed)",0,0,1,https://cf.bstatic.com/xdata/images/hotel/square240/683422493.webp?k=3f6237f074416ddf119bc79306952cbd78038cc95d6c4c3d33eff7cef24afe74&o=,13,Lahore
Qaiser Hotel,https://www.booking.com/hotel/pk/qaiser.en-gb.html?aid=304142&label=gen173nr-10CAQoggJCDWNpdHlfLTI3NjcwNDNICVgEaLUBiAEBmAEzuAEHyAEM2AED6AEB-AEBiAIBqAIBuALBjMLTBsACAdICJDRlYmVmMGVjLTBmMjctNDNkNS05MDQ0LWY2ZTFmMzRjMjI5M9gCAeACAQ&ucfs=1&arphpl=1&checkin=2026-08-06&checkout=2026-08-07&dest_id=-2767043&dest_type=city&group_adults=2&req_adults=2&no_rooms=1&group_children=0&req_children=0&hpos=19&hapos=240&sr_order=popularity&srpvid=7b4f562059d9004c&srepoch=1785759328&all_sr_blocks=1590934401_430187859_2_0_0&highlighted_blocks=1590934401_430187859_2_0_0&matching_block_id=1590934401_430187859_2_0_0&sr_pri_blocks=1590934401_430187859_2_0_0__250000&from=searchresults,2500,4.0,3.0,Lahore,1.7,Double Room with Private Bathroom,2 single beds,0,1,1,https://cf.bstatic.com/xdata/images/hotel/square240/832560680.webp?k=ab3a8d07e353d6f59a00a5e855bb715b7d93a3f8bdbb36f3c8680348717871ca&o=,14,Lahore
Zameen Opal luxury Stay LDA Avenue Raiwind Rd,https://www.booking.com/hotel/pk/stylish-one-bedroom-oasis-in-penta-square-phase-5.en-gb.html?aid=304142&label=gen173nr-10CAQoggJCDWNpdHlfLTI3NjcwNDNICVgEaLUBiAEBmAEzuAEHyAEM2AED6AEB-AEBiAIBqAIBuALBjMLTBsACAdICJDRlYmVmMGVjLTBmMjctNDNkNS05MDQ0LWY2ZTFmMzRjMjI5M9gCAeACAQ&ucfs=1&arphpl=1&checkin=2026-08-06&checkout=2026-08-07&dest_id=-2767043&dest_type=city&group_adults=2&req_adults=2&no_rooms=1&group_children=0&req_children=0&hpos=20&hapos=241&sr_order=popularity&srpvid=7b4f562059d9004c&srepoch=1785759328&all_sr_blocks=1203768502_438235700_2_0_0&highlighted_blocks=1203768502_438235700_2_0_0&matching_block_id=1203768502_438235700_2_0_0&sr_pri_blocks=1203768502_438235700_2_0_0__1000000&from=searchresults,10000,7.3,55.0,Lahore,18.4,Standard Studio,1 large double bed,0,1,0,https://cf.bstatic.com/xdata/images/hotel/square240/734045094.webp?k=84187ec37714aeaf5f0da7f4facf8382c90bb08599410f51ee8991f52b211962&o=,10,Lahore
Green View Inn Hotel,https://www.booking.com/hotel/pk/green-view-inn.en-gb.html?aid=304142&label=gen173nr-10CAQoggJCDWNpdHlfLTI3NjcwNDNICVgEaLUBiAEBmAEzuAEHyAEM2AED6AEB-AEBiAIBqAIBuALBjMLTBsACAdICJDRlYmVmMGVjLTBmMjctNDNkNS05MDQ0LWY2ZTFmMzRjMjI5M9gCAeACAQ&ucfs=1&arphpl=1&checkin=2026-08-06&checkout=2026-08-07&dest_id=-2767043&dest_type=city&group_adults=2&req_adults=2&no_rooms=1&group_children=0&req_children=0&hpos=21&hapos=242&sr_order=popularity&srpvid=7b4f562059d9004c&srepoch=1785759328&all_sr_blocks=1586284601_429744583_2_1_0&highlighted_blocks=1586284601_429744583_2_1_0&matching_block_id=1586284601_429744583_2_1_0&sr_pri_blocks=1586284601_429744583_2_1_0__388000&from=searchresults,3880,7.0,5.0,Lahore,5.6,Deluxe Double Room,1 extra-large double bed,1,1,1,https://cf.bstatic.com/xdata/images/hotel/square240/826949845.webp?k=39bbd1f4915ce1c5f198fbdd880e294322412604e390cca4cd9fd42e684e68e7&o=,10,Lahore
Everything You Need All Right Here in Gold Crest by HBA,https://www.booking.com/hotel/pk/good-luxury-gold-crest-mall-apartments.en-gb.html?aid=304142&label=gen173nr-10CAQoggJCDWNpdHlfLTI3NjcwNDNICVgEaLUBiAEBmAEzuAEHyAEM2AED6AEB-AEBiAIBqAIBuALBjMLTBsACAdICJDRlYmVmMGVjLTBmMjctNDNkNS05MDQ0LWY2ZTFmMzRjMjI5M9gCAeACAQ&ucfs=1&arphpl=1&checkin=2026-08-06&checkout=2026-08-07&dest_id=-2767043&dest_type=city&group_adults=2&req_adults=2&no_rooms=1&group_children=0&req_children=0&hpos=22&hapos=243&sr_order=popularity&srpvid=7b4f562059d9004c&srepoch=1785759328&all_sr_blocks=1380928502_410189169_2_0_0_1085665&highlighted_blocks=1380928502_410189169_2_0_0_1085665&matching_block_id=1380928502_410189169_2_0_0_1085665&sr_pri_blocks=1380928502_410189169_2_0_0_1085665_1155000&from=searchresults,11550,,,Lahore,12.0,King Studio,1 large double bed,0,1,1,https://cf.bstatic.com/xdata/images/hotel/square240/676950544.webp?k=8195a84dccff5851ed6c30530cd444481a6a61fae8f1152708054dc3b302f04e&o=,14,Lahore
Cuzzy Inn Stay,https://www.booking.com/hotel/pk/cuzzy-inn-stay.en-gb.html?aid=304142&label=gen173nr-10CAQoggJCDWNpdHlfLTI3NjcwNDNICVgEaLUBiAEBmAEzuAEHyAEM2AED6AEB-AEBiAIBqAIBuALBjMLTBsACAdICJDRlYmVmMGVjLTBmMjctNDNkNS05MDQ0LWY2ZTFmMzRjMjI5M9gCAeACAQ&ucfs=1&arphpl=1&checkin=2026-08-06&checkout=2026-08-07&dest_id=-2767043&dest_type=city&group_adults=2&req_adults=2&no_rooms=1&group_children=0&req_children=0&hpos=23&hapos=244&sr_order=popularity&srpvid=7b4f562059d9004c&srepoch=1785759328&all_sr_blocks=1582868201_429403022_2_2_0&highlighted_blocks=1582868201_429403022_2_2_0&matching_block_id=1582868201_429403022_2_2_0&sr_pri_blocks=1582868201_429403022_2_2_0__468585&from=searchresults,4686,8.4,7.0,Lahore,12.9,Deluxe Queen Room,1 double bed,0,1,1,https://cf.bstatic.com/xdata/images/hotel/square240/900894696.webp?k=3bee2a738ab88d0397646bd5a955800ac215713158e1e96a3b1aa7df2b9c00a4&o=,5,Lahore
Peaceful studio near emporium,https://www.booking.com/hotel/pk/peaceful-studio-near-emporium.en-gb.html?aid=304142&label=gen173nr-10CAQoggJCDWNpdHlfLTI3NjcwNDNICVgEaLUBiAEBmAEzuAEHyAEM2AED6AEB-AEBiAIBqAIBuALBjMLTBsACAdICJDRlYmVmMGVjLTBmMjctNDNkNS05MDQ0LWY2ZTFmMzRjMjI5M9gCAeACAQ&ucfs=1&arphpl=1&checkin=2026-08-06&checkout=2026-08-07&dest_id=-2767043&dest_type=city&group_adults=2&req_adults=2&no_rooms=1&group_children=0&req_children=0&hpos=24&hapos=245&sr_order=popularity&srpvid=7b4f562059d9004c&srepoch=1785759328&all_sr_blocks=1664885801_438349034_2_0_0&highlighted_blocks=1664885801_438349034_2_0_0&matching_block_id=1664885801_438349034_2_0_0&sr_pri_blocks=1664885801_438349034_2_0_0__500000&from=searchresults,5000,,,"Johar Town, Lahore",11.8,One-Bedroom Apartment,1 double bed,0,1,1,https://cf.bstatic.com/xdata/images/hotel/square240/881841797.webp?k=a64b782c9c578e9c8d871d6b8f29ae21304b3a75879a94dd102dadab7a4dbeb0&o=,4,Lahore
Luxurious Appartment in GOLDCREST DHA Lahore,https://www.booking.com/hotel/pk/1-bed-luxurious-appartment-in-goldcrest-dha-lahore.en-gb.html?aid=304142&label=gen173nr-10CAQoggJCDWNpdHlfLTI3NjcwNDNICVgEaLUBiAEBmAEzuAEHyAEM2AED6AEB-AEBiAIBqAIBuALBjMLTBsACAdICJDRlYmVmMGVjLTBmMjctNDNkNS05MDQ0LWY2ZTFmMzRjMjI5M9gCAeACAQ&ucfs=1&arphpl=1&checkin=2026-08-06&checkout=2026-08-07&dest_id=-2767043&dest_type=city&group_adults=2&req_adults=2&no_rooms=1&group_children=0&req_children=0&hpos=25&hapos=246&sr_order=popularity&srpvid=7b4f562059d9004c&srepoch=1785759328&all_sr_blocks=1073768903_384624042_2_0_0&highlighted_blocks=1073768903_384624042_2_0_0&matching_block_id=1073768903_384624042_2_0_0&sr_pri_blocks=1073768903_384624042_2_0_0__1280000&from=searchresults,12800,7.8,81.0,Lahore,11.0,Studio,1 double bed,0,1,1,https://cf.bstatic.com/xdata/images/hotel/square240/574810987.webp?k=a6ee5b223a1840c9c027940f75433b7918cdb91d909d473eb1d6c0f2c909839a&o=,12,Lahore
Super Family Guest House,https://www.booking.com/hotel/pk/super-family-guest-house.en-gb.html?aid=304142&label=gen173nr-10CAQoggJCDWNpdHlfLTI3NjcwNDNICVgEaLUBiAEBmAEzuAEHyAEM2AED6AEB-AEBiAIBqAIBuALBjMLTBsACAdICJDRlYmVmMGVjLTBmMjctNDNkNS05MDQ0LWY2ZTFmMzRjMjI5M9gCAeACAQ&ucfs=1&arphpl=1&checkin=2026-08-06&checkout=2026-08-07&dest_id=-2767043&dest_type=city&group_adults=2&req_adults=2&no_rooms=1&group_children=0&req_children=0&hpos=1&hapos=247&sr_order=popularity&srpvid=7b4f562059d9004c&srepoch=1785759330&all_sr_blocks=1214118303_393623105_0_2_0&highlighted_blocks=1214118303_393623105_0_2_0&matching_block_id=1214118303_393623105_0_2_0&sr_pri_blocks=1214118303_393623105_0_2_0__400000&from=searchresults,4000,5.6,5.0,Lahore,5.8,Deluxe Double or Twin Room,2 single beds,0,1,1,https://cf.bstatic.com/xdata/images/hotel/square240/563200431.webp?k=9af4a527d68d03d6c5bfea1e922c5cd0a1c1b2d340f3de7825445fae04cc80e5&o=,4,Lahore
New Pakeeza Hotel,https://www.booking.com/hotel/pk/pakeeza-lahore2.en-gb.html?aid=304142&label=gen173nr-10CAQoggJCDWNpdHlfLTI3NjcwNDNICVgEaLUBiAEBmAEzuAEHyAEM2AED6AEB-AEBiAIBqAIBuALBjMLTBsACAdICJDRlYmVmMGVjLTBmMjctNDNkNS05MDQ0LWY2ZTFmMzRjMjI5M9gCAeACAQ&ucfs=1&arphpl=1&checkin=2026-08-06&checkout=2026-08-07&dest_id=-2767043&dest_type=city&group_adults=2&req_adults=2&no_rooms=1&group_children=0&req_children=0&hpos=2&hapos=248&sr_order=popularity&srpvid=7b4f562059d9004c&srepoch=1785759330&all_sr_blocks=955813303_418367346_0_2_0&highlighted_blocks=955813303_418367346_0_2_0&matching_block_id=955813303_418367346_0_2_0&sr_pri_blocks=955813303_418367346_0_2_0__580000&from=searchresults,5800,8.6,45.0,"Johar Town, Lahore",10.7,Standard Double Room,1 large double bed,0,1,0,https://cf.bstatic.com/xdata/images/hotel/square240/679587000.webp?k=779b2d8d5d9956b6d25843da22510e03a6f7fc07796fb77cc8994ea7a0bcce48&o=,10,Lahore
"Amanah LUXURY Apartments , lahore",https://www.booking.com/hotel/pk/amanah-luxury-apartments-lahore-lahore.en-gb.html?aid=304142&label=gen173nr-10CAQoggJCDWNpdHlfLTI3NjcwNDNICVgEaLUBiAEBmAEzuAEHyAEM2AED6AEB-AEBiAIBqAIBuALBjMLTBsACAdICJDRlYmVmMGVjLTBmMjctNDNkNS05MDQ0LWY2ZTFmMzRjMjI5M9gCAeACAQ&ucfs=1&arphpl=1&checkin=2026-08-06&checkout=2026-08-07&dest_id=-2767043&dest_type=city&group_adults=2&req_adults=2&no_rooms=1&group_children=0&req_children=0&hpos=3&hapos=249&sr_order=popularity&srpvid=7b4f562059d9004c&srepoch=1785759330&all_sr_blocks=1658710401_437784603_2_0_0&highlighted_blocks=1658710401_437784603_2_0_0&matching_block_id=1658710401_437784603_2_0_0&sr_pri_blocks=1658710401_437784603_2_0_0__1080000&from=searchresults,10800,10,3.0,Lahore,10.6,One-Bedroom Apartment,1 double bed,0,0,0,https://cf.bstatic.com/xdata/images/hotel/square240/878759907.webp?k=79e2ad435920593b544ec8b193473111dd3780c2ea42467b6681e99043425853&o=,11,Lahore
Chic Cozy AC Apartment Unmatched Privacy,https://www.booking.com/hotel/pk/chic-cozy-ac-apartment-unmatched-privacy-lahore.en-gb.html?aid=304142&label=gen173nr-10CAQoggJCDWNpdHlfLTI3NjcwNDNICVgEaLUBiAEBmAEzuAEHyAEM2AED6AEB-AEBiAIBqAIBuALBjMLTBsACAdICJDRlYmVmMGVjLTBmMjctNDNkNS05MDQ0LWY2ZTFmMzRjMjI5M9gCAeACAQ&ucfs=1&arphpl=1&checkin=2026-08-06&checkout=2026-08-07&dest_id=-2767043&dest_type=city&group_adults=2&req_adults=2&no_rooms=1&group_children=0&req_children=0&hpos=4&hapos=250&sr_order=popularity&srpvid=7b4f562059d9004c&srepoch=1785759330&all_sr_blocks=1688699701_440521385_3_0_0&highlighted_blocks=1688699701_440521385_3_0_0&matching_block_id=1688699701_440521385_3_0_0&sr_pri_blocks=1688699701_440521385_3_0_0__408000&from=searchresults,4080,,,Lahore,24.1,One-Bedroom Apartment,1 double bed,0,1,1,https://cf.bstatic.com/xdata/images/hotel/square240/894938375.webp?k=a14442fc5b7ba0404dc6cad7122fa3a8cc068c03808932e6bcb8352bea1a8e0b&o=,5,Lahore
Cozy 1BHK Retreat Self Check-In & Calm Vibes,https://www.booking.com/hotel/pk/cozy-1bhk-retreat-self-check-in-amp-calm-vibes.en-gb.html?aid=304142&label=gen173nr-10CAQoggJCDWNpdHlfLTI3NjcwNDNICVgEaLUBiAEBmAEzuAEHyAEM2AED6AEB-AEBiAIBqAIBuALBjMLTBsACAdICJDRlYmVmMGVjLTBmMjctNDNkNS05MDQ0LWY2ZTFmMzRjMjI5M9gCAeACAQ&ucfs=1&arphpl=1&checkin=2026-08-06&checkout=2026-08-07&dest_id=-2767043&dest_type=city&group_adults=2&req_adults=2&no_rooms=1&group_children=0&req_children=0&hpos=5&hapos=251&sr_order=popularity&srpvid=7b4f562059d9004c&srepoch=1785759330&all_sr_blocks=1662101301_438084021_4_0_0&highlighted_blocks=1662101301_438084021_4_0_0&matching_block_id=1662101301_438084021_4_0_0&sr_pri_blocks=1662101301_438084021_4_0_0__650000&from=searchresults,6500,8.3,3.0,Lahore,26.7,One-Bedroom Apartment,1 double bed,0,1,1,https://cf.bstatic.com/xdata/images/hotel/square240/880241980.webp?k=ab047f7fb9ffdd64c5e758513e7035ead53eef25cd9b79ea5835e981904fd71e&o=,4,Lahore
The Residency Hotel,https://www.booking.com/hotel/pk/the-residency-lahore.en-gb.html?aid=304142&label=gen173nr-10CAQoggJCDWNpdHlfLTI3NjcwNDNICVgEaLUBiAEBmAEzuAEHyAEM2AED6AEB-AEBiAIBqAIBuALBjMLTBsACAdICJDRlYmVmMGVjLTBmMjctNDNkNS05MDQ0LWY2ZTFmMzRjMjI5M9gCAeACAQ&ucfs=1&arphpl=1&checkin=2026-08-06&checkout=2026-08-07&dest_id=-2767043&dest_type=city&group_adults=2&req_adults=2&no_rooms=1&group_children=0&req_children=0&hpos=6&hapos=252&sr_order=popularity&srpvid=7b4f562059d9004c&srepoch=1785759330&all_sr_blocks=113388206_0_2_1_0&highlighted_blocks=113388206_0_2_1_0&matching_block_id=113388206_0_2_1_0&sr_pri_blocks=113388206_0_2_1_0__1578635&from=searchresults,15786,7.2,262.0,Lahore,3.6,Superior Queen Room,1 large double bed,1,0,0,https://cf.bstatic.com/xdata/images/hotel/square240/34732326.webp?k=6e330d743c1181530baa5a68a1473f1a9d9d4afda62795e817836c89bb0473dc&o=,9,Lahore
The Oramin Apartments,https://www.booking.com/hotel/pk/the-oramin-apartments.en-gb.html?aid=304142&label=gen173nr-10CAQoggJCDWNpdHlfLTI3NjcwNDNICVgEaLUBiAEBmAEzuAEHyAEM2AED6AEB-AEBiAIBqAIBuALBjMLTBsACAdICJDRlYmVmMGVjLTBmMjctNDNkNS05MDQ0LWY2ZTFmMzRjMjI5M9gCAeACAQ&ucfs=1&arphpl=1&checkin=2026-08-06&checkout=2026-08-07&dest_id=-2767043&dest_type=city&group_adults=2&req_adults=2&no_rooms=1&group_children=0&req_children=0&hpos=7&hapos=253&sr_order=popularity&srpvid=7b4f562059d9004c&srepoch=1785759330&all_sr_blocks=1552847401_426459166_2_1_0&highlighted_blocks=1552847401_426459166_2_1_0&matching_block_id=1552847401_426459166_2_1_0&sr_pri_blocks=1552847401_426459166_2_1_0__853600&from=searchresults,8536,9.2,22.0,Lahore,8.5,Studio Apartment with Balcony,"2 beds (1 extra-large double, 1 sofa bed)",1,1,1,https://cf.bstatic.com/xdata/images/hotel/square240/835314952.webp?k=c2752fea06a93e95ef7d2d2242f2c00efe8b136538cb9350e2f9e15dc3926612&o=,4,Lahore
Luxury 2 Bed Executive Apartment Near Allama iqbal airport and Ring road Lahore,https://www.booking.com/hotel/pk/2-bedroom-executive-suite-in-dha-phase-8.en-gb.html?aid=304142&label=gen173nr-10CAQoggJCDWNpdHlfLTI3NjcwNDNICVgEaLUBiAEBmAEzuAEHyAEM2AED6AEB-AEBiAIBqAIBuALBjMLTBsACAdICJDRlYmVmMGVjLTBmMjctNDNkNS05MDQ0LWY2ZTFmMzRjMjI5M9gCAeACAQ&ucfs=1&arphpl=1&checkin=2026-08-06&checkout=2026-08-07&dest_id=-2767043&dest_type=city&group_adults=2&req_adults=2&no_rooms=1&group_children=0&req_children=0&hpos=8&hapos=254&sr_order=popularity&srpvid=7b4f562059d9004c&srepoch=1785759330&all_sr_blocks=1537132601_425181160_4_0_0&highlighted_blocks=1537132601_425181160_4_0_0&matching_block_id=1537132601_425181160_4_0_0&sr_pri_blocks=1537132601_425181160_4_0_0__1593918&from=searchresults,15939,8.2,15.0,Lahore,11.2,Family Two-Bedroom Apartment with View,2 extra-large double beds,0,1,1,https://cf.bstatic.com/xdata/images/hotel/square240/791294277.webp?k=0e5977b63369e953a5761ccbff5cb7802044823e93a9468c01cc0d246e30f44d&o=,4,Lahore
Premier Inn Heights hotel Davis Road Lahore,https://www.booking.com/hotel/pk/premier-inn-family-davis-road-lahore.en-gb.html?aid=304142&label=gen173nr-10CAQoggJCDWNpdHlfLTI3NjcwNDNICVgEaLUBiAEBmAEzuAEHyAEM2AED6AEB-AEBiAIBqAIBuALBjMLTBsACAdICJDRlYmVmMGVjLTBmMjctNDNkNS05MDQ0LWY2ZTFmMzRjMjI5M9gCAeACAQ&ucfs=1&arphpl=1&checkin=2026-08-06&checkout=2026-08-07&dest_id=-2767043&dest_type=city&group_adults=2&req_adults=2&no_rooms=1&group_children=0&req_children=0&hpos=9&hapos=255&sr_order=popularity&srpvid=7b4f562059d9004c&srepoch=1785759330&all_sr_blocks=1473888501_418744798_2_1_0&highlighted_blocks=1473888501_418744798_2_1_0&matching_block_id=1473888501_418744798_2_1_0&sr_pri_blocks=1473888501_418744798_2_1_0__540000&from=searchresults,5400,6.7,104.0,Lahore,1.4,Deluxe Double Room,1 double bed,1,1,1,https://cf.bstatic.com/xdata/images/hotel/square240/729270256.webp?k=7cead7e8442f271acf8148956419c588517642b3c3be7c9c54d4af293728548d&o=,12,Lahore
Visit Inn Executive,https://www.booking.com/hotel/pk/new-look-lahore.en-gb.html?aid=304142&label=gen173nr-10CAQoggJCDWNpdHlfLTI3NjcwNDNICVgEaLUBiAEBmAEzuAEHyAEM2AED6AEB-AEBiAIBqAIBuALBjMLTBsACAdICJDRlYmVmMGVjLTBmMjctNDNkNS05MDQ0LWY2ZTFmMzRjMjI5M9gCAeACAQ&ucfs=1&arphpl=1&checkin=2026-08-06&checkout=2026-08-07&dest_id=-2767043&dest_type=city&group_adults=2&req_adults=2&no_rooms=1&group_children=0&req_children=0&hpos=10&hapos=256&sr_order=popularity&srpvid=7b4f562059d9004c&srepoch=1785759330&all_sr_blocks=662981601_358279130_2_2_0&highlighted_blocks=662981601_358279130_2_2_0&matching_block_id=662981601_358279130_2_2_0&sr_pri_blocks=662981601_358279130_2_2_0__344900&from=searchresults,3449,3.8,9.0,Lahore,9.6,Double Room,1 double bed,0,1,1,https://cf.bstatic.com/xdata/images/hotel/square240/263398642.webp?k=f6d857abf8b55540b2acf24c8a2a6b8d7b05553dbc4e2741eab02d37dc51467e&o=,4,Lahore
AR Vista Hotel & Apartments,https://www.booking.com/hotel/pk/vista-homes.en-gb.html?aid=304142&label=gen173nr-10CAQoggJCDWNpdHlfLTI3NjcwNDNICVgEaLUBiAEBmAEzuAEHyAEM2AED6AEB-AEBiAIBqAIBuALBjMLTBsACAdICJDRlYmVmMGVjLTBmMjctNDNkNS05MDQ0LWY2ZTFmMzRjMjI5M9gCAeACAQ&ucfs=1&arphpl=1&checkin=2026-08-06&checkout=2026-08-07&dest_id=-2767043&dest_type=city&group_adults=2&req_adults=2&no_rooms=1&group_children=0&req_children=0&hpos=11&hapos=257&sr_order=popularity&srpvid=7b4f562059d9004c&srepoch=1785759330&all_sr_blocks=1458561902_434291028_0_2_0&highlighted_blocks=1458561902_434291028_0_2_0&matching_block_id=1458561902_434291028_0_2_0&sr_pri_blocks=1458561902_434291028_0_2_0__685440&from=searchresults,6854,7.9,9.0,Lahore,12.4,Studio Apartment,1 double bed,0,1,1,https://cf.bstatic.com/xdata/images/hotel/square240/867026596.webp?k=12c720fdcbe53ec4d8e9f2f3c00be79587106a0e375c5b829f753cdfeb8e5158&o=,5,Lahore
Taj Luxury Residences Apartments near Allama Iqbal International Airport,https://www.booking.com/hotel/pk/taj-luxury-residences-near-allama-iqbal-international-airport-lahore.en-gb.html?aid=304142&label=gen173nr-10CAQoggJCDWNpdHlfLTI3NjcwNDNICVgEaLUBiAEBmAEzuAEHyAEM2AED6AEB-AEBiAIBqAIBuALBjMLTBsACAdICJDRlYmVmMGVjLTBmMjctNDNkNS05MDQ0LWY2ZTFmMzRjMjI5M9gCAeACAQ&ucfs=1&arphpl=1&checkin=2026-08-06&checkout=2026-08-07&dest_id=-2767043&dest_type=city&group_adults=2&req_adults=2&no_rooms=1&group_children=0&req_children=0&hpos=12&hapos=258&sr_order=popularity&srpvid=7b4f562059d9004c&srepoch=1785759330&all_sr_blocks=1580621001_429162328_2_1_0&highlighted_blocks=1580621001_429162328_2_1_0&matching_block_id=1580621001_429162328_2_1_0&sr_pri_blocks=1580621001_429162328_2_1_0__1464000&from=searchresults,14640,9.6,51.0,Lahore,12.3,One-Bedroom Apartment,"2 beds (1 extra-large double, 1 sofa bed)",1,0,0,https://cf.bstatic.com/xdata/images/hotel/square240/863159423.webp?k=53e4276e4c4ea2e186ba5992a065456e0bbd093e12549211cb0c93fdc131493b&o=,14,Lahore
Premium Stay in DHA Phase 5 Lahore,https://www.booking.com/hotel/pk/premium-stay-in-dha-phase-5-lahore.en-gb.html?aid=304142&label=gen173nr-10CAQoggJCDWNpdHlfLTI3NjcwNDNICVgEaLUBiAEBmAEzuAEHyAEM2AED6AEB-AEBiAIBqAIBuALBjMLTBsACAdICJDRlYmVmMGVjLTBmMjctNDNkNS05MDQ0LWY2ZTFmMzRjMjI5M9gCAeACAQ&ucfs=1&arphpl=1&checkin=2026-08-06&checkout=2026-08-07&dest_id=-2767043&dest_type=city&group_adults=2&req_adults=2&no_rooms=1&group_children=0&req_children=0&hpos=13&hapos=259&sr_order=popularity&srpvid=7b4f562059d9004c&srepoch=1785759330&all_sr_blocks=1676984602_439415543_2_0_0&highlighted_blocks=1676984602_439415543_2_0_0&matching_block_id=1676984602_439415543_2_0_0&sr_pri_blocks=1676984602_439415543_2_0_0__722500&from=searchresults,7225,,,Lahore,14.1,Double Room,"2 beds (1 double, 1 extra-large double)",0,1,1,https://cf.bstatic.com/xdata/images/hotel/square240/889130735.webp?k=fc79ac0ed36c64e14578314f30a17dc5c9d19e524785afb33a58f122cf47ec8e&o=,4,Lahore
Hotel Ravi Park Lahore,https://www.booking.com/hotel/pk/ravi-park-lahore.en-gb.html?aid=304142&label=gen173nr-10CAQoggJCDWNpdHlfLTI3NjcwNDNICVgEaLUBiAEBmAEzuAEHyAEM2AED6AEB-AEBiAIBqAIBuALBjMLTBsACAdICJDRlYmVmMGVjLTBmMjctNDNkNS05MDQ0LWY2ZTFmMzRjMjI5M9gCAeACAQ&ucfs=1&arphpl=1&checkin=2026-08-06&checkout=2026-08-07&dest_id=-2767043&dest_type=city&group_adults=2&req_adults=2&no_rooms=1&group_children=0&req_children=0&hpos=14&hapos=260&sr_order=popularity&srpvid=7b4f562059d9004c&srepoch=1785759330&all_sr_blocks=1674088801_439161882_16_0_0&highlighted_blocks=1674088801_439161882_16_0_0&matching_block_id=1674088801_439161882_16_0_0&sr_pri_blocks=1674088801_439161882_16_0_0__340000&from=searchresults,3400,4.0,3.0,Lahore,3.7,Double Room,8 double beds,0,1,1,https://cf.bstatic.com/xdata/images/hotel/square240/887690004.webp?k=fd23289880b4d8aa6dbf62092ab3df3b4bff1cdb902f8e8c88e6154788e12827&o=,10,Lahore
Classy home,https://www.booking.com/hotel/pk/classy-home.en-gb.html?aid=304142&label=gen173nr-10CAQoggJCDWNpdHlfLTI3NjcwNDNICVgEaLUBiAEBmAEzuAEHyAEM2AED6AEB-AEBiAIBqAIBuALBjMLTBsACAdICJDRlYmVmMGVjLTBmMjctNDNkNS05MDQ0LWY2ZTFmMzRjMjI5M9gCAeACAQ&ucfs=1&arphpl=1&checkin=2026-08-06&checkout=2026-08-07&dest_id=-2767043&dest_type=city&group_adults=2&req_adults=2&no_rooms=1&group_children=0&req_children=0&hpos=15&hapos=261&sr_order=popularity&srpvid=7b4f562059d9004c&srepoch=1785759330&all_sr_blocks=1668417401_438659762_3_0_0&highlighted_blocks=1668417401_438659762_3_0_0&matching_block_id=1668417401_438659762_3_0_0&sr_pri_blocks=1668417401_438659762_3_0_0__637500&from=searchresults,6375,,,Lahore,20.0,Two-Bedroom House,"3 beds (1 double, 1 sofa bed, 1 large double)",0,1,1,https://cf.bstatic.com/xdata/images/hotel/square240/883962631.webp?k=8f527c26740d1f252821276f60fa415d8452da049f52fc6b1d193c4e7a476dfd&o=,4,Lahore
Luxury 2-BHK Villa Near Bahria Town,https://www.booking.com/hotel/pk/luxury-2-bhk-villa-near-bahria-town.en-gb.html?aid=304142&label=gen173nr-10CAQoggJCDWNpdHlfLTI3NjcwNDNICVgEaLUBiAEBmAEzuAEHyAEM2AED6AEB-AEBiAIBqAIBuALBjMLTBsACAdICJDRlYmVmMGVjLTBmMjctNDNkNS05MDQ0LWY2ZTFmMzRjMjI5M9gCAeACAQ&ucfs=1&arphpl=1&checkin=2026-08-06&checkout=2026-08-07&dest_id=-2767043&dest_type=city&group_adults=2&req_adults=2&no_rooms=1&group_children=0&req_children=0&hpos=16&hapos=262&sr_order=popularity&srpvid=7b4f562059d9004c&srepoch=1785759330&all_sr_blocks=1690378201_440675468_6_2_0&highlighted_blocks=1690378201_440675468_6_2_0&matching_block_id=1690378201_440675468_6_2_0&sr_pri_blocks=1690378201_440675468_6_2_0__891000&from=searchresults,8910,9.0,1.0,Lahore,21.8,Two-Bedroom Apartment,"3 beds (1 extra-large double, 1 sofa bed, 1 futon)",0,1,1,https://cf.bstatic.com/xdata/images/hotel/square240/896138711.webp?k=8d031d3ffd29241d2d6c570fe907707a041fd40e9d16ed7500f1de31356af777&o=,4,Lahore
Gold Crest Luxury and Modern Apartments,https://www.booking.com/hotel/pk/gold-crest-apartments-lahore.en-gb.html?aid=304142&label=gen173nr-10CAQoggJCDWNpdHlfLTI3NjcwNDNICVgEaLUBiAEBmAEzuAEHyAEM2AED6AEB-AEBiAIBqAIBuALBjMLTBsACAdICJDRlYmVmMGVjLTBmMjctNDNkNS05MDQ0LWY2ZTFmMzRjMjI5M9gCAeACAQ&ucfs=1&arphpl=1&checkin=2026-08-06&checkout=2026-08-07&dest_id=-2767043&dest_type=city&group_adults=2&req_adults=2&no_rooms=1&group_children=0&req_children=0&hpos=17&hapos=263&sr_order=popularity&srpvid=7b4f562059d9004c&srepoch=1785759330&all_sr_blocks=1095601003_382465802_2_0_0&highlighted_blocks=1095601003_382465802_2_0_0&matching_block_id=1095601003_382465802_2_0_0&sr_pri_blocks=1095601003_382465802_2_0_0__1292000&from=searchresults,12920,8.3,27.0,Lahore,12.2,Standard Studio,1 large double bed,0,1,1,https://cf.bstatic.com/xdata/images/hotel/square240/531658053.webp?k=31702a744bb610e0ff5b07d45cab8643f8987c0a993c8836c152e40d648ca912&o=,16,Lahore
AirHomes By Zameen Opal,https://www.booking.com/hotel/pk/airhomes-by-zameen-opal.en-gb.html?aid=304142&label=gen173nr-10CAQoggJCDWNpdHlfLTI3NjcwNDNICVgEaLUBiAEBmAEzuAEHyAEM2AED6AEB-AEBiAIBqAIBuALBjMLTBsACAdICJDRlYmVmMGVjLTBmMjctNDNkNS05MDQ0LWY2ZTFmMzRjMjI5M9gCAeACAQ&ucfs=1&arphpl=1&checkin=2026-08-06&checkout=2026-08-07&dest_id=-2767043&dest_type=city&group_adults=2&req_adults=2&no_rooms=1&group_children=0&req_children=0&hpos=18&hapos=264&sr_order=popularity&srpvid=7b4f562059d9004c&srepoch=1785759330&all_sr_blocks=1452814103_426801096_0_0_0&highlighted_blocks=1452814103_426801096_0_0_0&matching_block_id=1452814103_426801096_0_0_0&sr_pri_blocks=1452814103_426801096_0_0_0__877500&from=searchresults,8775,8.3,14.0,Lahore,18.4,Family Studio,1 large double bed,0,0,0,https://cf.bstatic.com/xdata/images/hotel/square240/770289152.webp?k=eaba6ae7504bfb7bcd62507c5ca59f21dd22470542d9240e02203ddd58b349a7&o=,12,Lahore
Gold Crest Mall Luxury Apartments with Balcony by Prime Lodging in DHA Lahore,https://www.booking.com/hotel/pk/your-home-away-from-home-1bd-apartment-with-pvt-balcony-in-dha.en-gb.html?aid=304142&label=gen173nr-10CAQoggJCDWNpdHlfLTI3NjcwNDNICVgEaLUBiAEBmAEzuAEHyAEM2AED6AEB-AEBiAIBqAIBuALBjMLTBsACAdICJDRlYmVmMGVjLTBmMjctNDNkNS05MDQ0LWY2ZTFmMzRjMjI5M9gCAeACAQ&ucfs=1&arphpl=1&checkin=2026-08-06&checkout=2026-08-07&dest_id=-2767043&dest_type=city&group_adults=2&req_adults=2&no_rooms=1&group_children=0&req_children=0&hpos=19&hapos=265&sr_order=popularity&srpvid=7b4f562059d9004c&srepoch=1785759330&all_sr_blocks=1198667002_421519491_4_0_0&highlighted_blocks=1198667002_421519491_4_0_0&matching_block_id=1198667002_421519491_4_0_0&sr_pri_blocks=1198667002_421519491_4_0_0__1748000&from=searchresults,17480,7.3,76.0,Lahore,12.0,One-Bedroom Apartment with Balcony and City View,1 large double bed,0,0,0,https://cf.bstatic.com/xdata/images/hotel/square240/762204416.webp?k=93717d022b996995beec9cb6b28082b52b0cab4cfcae4450c284c21c9f74a9a5&o=,11,Lahore
Premium Stay in DHA,https://www.booking.com/hotel/pk/premium-stay-in-dha.en-gb.html?aid=304142&label=gen173nr-10CAQoggJCDWNpdHlfLTI3NjcwNDNICVgEaLUBiAEBmAEzuAEHyAEM2AED6AEB-AEBiAIBqAIBuALBjMLTBsACAdICJDRlYmVmMGVjLTBmMjctNDNkNS05MDQ0LWY2ZTFmMzRjMjI5M9gCAeACAQ&ucfs=1&arphpl=1&checkin=2026-08-06&checkout=2026-08-07&dest_id=-2767043&dest_type=city&group_adults=2&req_adults=2&no_rooms=1&group_children=0&req_children=0&hpos=20&hapos=266&sr_order=popularity&srpvid=7b4f562059d9004c&srepoch=1785759330&all_sr_blocks=1672441201_439001931_2_1_0&highlighted_blocks=1672441201_439001931_2_1_0&matching_block_id=1672441201_439001931_2_1_0&sr_pri_blocks=1672441201_439001931_2_1_0__807500&from=searchresults,8075,9.0,1.0,Lahore,14.1,Double Room with Private Bathroom,1 double bed,1,1,1,https://cf.bstatic.com/xdata/images/hotel/square240/886726660.webp?k=431bb10ce26b572d679e5f56ba72b77f60b7ceaa15b56fbc697d0beb3f63eae6&o=,4,Lahore
Luxury suites,https://www.booking.com/hotel/pk/luxury-suites-lahore1.en-gb.html?aid=304142&label=gen173nr-10CAQoggJCDWNpdHlfLTI3NjcwNDNICVgEaLUBiAEBmAEzuAEHyAEM2AED6AEB-AEBiAIBqAIBuALBjMLTBsACAdICJDRlYmVmMGVjLTBmMjctNDNkNS05MDQ0LWY2ZTFmMzRjMjI5M9gCAeACAQ&ucfs=1&arphpl=1&checkin=2026-08-06&checkout=2026-08-07&dest_id=-2767043&dest_type=city&group_adults=2&req_adults=2&no_rooms=1&group_children=0&req_children=0&hpos=21&hapos=267&sr_order=popularity&srpvid=7b4f562059d9004c&srepoch=1785759330&all_sr_blocks=1504071901_422129863_2_0_0&highlighted_blocks=1504071901_422129863_2_0_0&matching_block_id=1504071901_422129863_2_0_0&sr_pri_blocks=1504071901_422129863_2_0_0__3000000&from=searchresults,30000,,,Lahore,12.1,Two-Bedroom Deluxe Apartment with Balcony,2 large double beds,0,1,1,https://cf.bstatic.com/xdata/images/hotel/square240/757543559.webp?k=31076ba031baf9cf00ad09f659e8b8559aa283b881ec19c3babf415ecc90708e&o=,4,Lahore
Hotel Super Seven,https://www.booking.com/hotel/pk/super-seven-lahore1.en-gb.html?aid=304142&label=gen173nr-10CAQoggJCDWNpdHlfLTI3NjcwNDNICVgEaLUBiAEBmAEzuAEHyAEM2AED6AEB-AEBiAIBqAIBuALBjMLTBsACAdICJDRlYmVmMGVjLTBmMjctNDNkNS05MDQ0LWY2ZTFmMzRjMjI5M9gCAeACAQ&ucfs=1&arphpl=1&checkin=2026-08-06&checkout=2026-08-07&dest_id=-2767043&dest_type=city&group_adults=2&req_adults=2&no_rooms=1&group_children=0&req_children=0&hpos=22&hapos=268&sr_order=popularity&srpvid=7b4f562059d9004c&srepoch=1785759330&all_sr_blocks=795005704_339586983_2_0_0&highlighted_blocks=795005704_339586983_2_0_0&matching_block_id=795005704_339586983_2_0_0&sr_pri_blocks=795005704_339586983_2_0_0__320000&from=searchresults,3200,5.1,51.0,Lahore,10.5,Standard Double Room with Fan,1 double bed,0,1,1,https://cf.bstatic.com/xdata/images/hotel/square240/388568639.webp?k=7cdab8ba3574c1632ad4ba49e86bdd4b9dbdfc119fc53111e21e018ba44aabc5&o=,5,Lahore
Opal Apartments of Zameen,https://www.booking.com/hotel/pk/opal-apartments-of-zameen.en-gb.html?aid=304142&label=gen173nr-10CAQoggJCDWNpdHlfLTI3NjcwNDNICVgEaLUBiAEBmAEzuAEHyAEM2AED6AEB-AEBiAIBqAIBuALBjMLTBsACAdICJDRlYmVmMGVjLTBmMjctNDNkNS05MDQ0LWY2ZTFmMzRjMjI5M9gCAeACAQ&ucfs=1&arphpl=1&checkin=2026-08-06&checkout=2026-08-07&dest_id=-2767043&dest_type=city&group_adults=2&req_adults=2&no_rooms=1&group_children=0&req_children=0&hpos=23&hapos=269&sr_order=popularity&srpvid=7b4f562059d9004c&srepoch=1785759330&all_sr_blocks=1673836901_439147005_3_0_0&highlighted_blocks=1673836901_439147005_3_0_0&matching_block_id=1673836901_439147005_3_0_0&sr_pri_blocks=1673836901_439147005_3_0_0__921408&from=searchresults,9214,,,Lahore,18.4,Studio Apartment,1 double bed,0,1,1,https://cf.bstatic.com/xdata/images/hotel/square240/887483297.webp?k=2e4f1e26b2811f972d54364f3020371b2b4aa1abe4cce89a243fc719d18e8319&o=,4,Lahore
Executive Residency Lahore,https://www.booking.com/hotel/pk/executive-residency-lahore-lahore.en-gb.html?aid=304142&label=gen173nr-10CAQoggJCDWNpdHlfLTI3NjcwNDNICVgEaLUBiAEBmAEzuAEHyAEM2AED6AEB-AEBiAIBqAIBuALBjMLTBsACAdICJDRlYmVmMGVjLTBmMjctNDNkNS05MDQ0LWY2ZTFmMzRjMjI5M9gCAeACAQ&ucfs=1&arphpl=1&checkin=2026-08-06&checkout=2026-08-07&dest_id=-2767043&dest_type=city&group_adults=2&req_adults=2&no_rooms=1&group_children=0&req_children=0&hpos=24&hapos=270&sr_order=popularity&srpvid=7b4f562059d9004c&srepoch=1785759330&all_sr_blocks=1481039504_419579241_2_41_0&highlighted_blocks=1481039504_419579241_2_41_0&matching_block_id=1481039504_419579241_2_41_0&sr_pri_blocks=1481039504_419579241_2_41_0__722500&from=searchresults,7225,7.9,36.0,Lahore,11.0,Budget Double Room,1 double bed,1,1,1,https://cf.bstatic.com/xdata/images/hotel/square240/736127116.webp?k=e2be170e66b20fd0e5f97df8a36bc82ebe142ea960f2068acc54d513abd3d249&o=,14,Lahore
"Executive And Luxurious Rooms In DHA Phase 6 Near Raya, Dolmen and Airport",https://www.booking.com/hotel/pk/executive-and-luxurious-rooms-in-dha-phase-6-near-raya-dolmen-and-airport.en-gb.html?aid=304142&label=gen173nr-10CAQoggJCDWNpdHlfLTI3NjcwNDNICVgEaLUBiAEBmAEzuAEHyAEM2AED6AEB-AEBiAIBqAIBuALBjMLTBsACAdICJDRlYmVmMGVjLTBmMjctNDNkNS05MDQ0LWY2ZTFmMzRjMjI5M9gCAeACAQ&ucfs=1&arphpl=1&checkin=2026-08-06&checkout=2026-08-07&dest_id=-2767043&dest_type=city&group_adults=2&req_adults=2&no_rooms=1&group_children=0&req_children=0&hpos=25&hapos=271&sr_order=popularity&srpvid=7b4f562059d9004c&srepoch=1785759330&all_sr_blocks=1551307202_426385319_3_0_0&highlighted_blocks=1551307202_426385319_3_0_0&matching_block_id=1551307202_426385319_3_0_0&sr_pri_blocks=1551307202_426385319_3_0_0__700000&from=searchresults,7000,4.7,4.0,Lahore,16.2,Deluxe Double Room,1 double bed,0,0,1,https://cf.bstatic.com/xdata/images/hotel/square240/797190338.webp?k=4ffea6372d12a48274e121c21ada9541b1546e933493156ff414ab0755c6deba&o=,3,Lahore
Premier Inn Grand Gulberg Lahore,https://www.booking.com/hotel/pk/premier-inn-grand-gulberg.en-gb.html?aid=304142&label=gen173nr-10CAQoggJCDWNpdHlfLTI3NjcwNDNICVgEaLUBiAEBmAEzuAEHyAEM2AED6AEB-AEBiAIBqAIBuALBjMLTBsACAdICJDRlYmVmMGVjLTBmMjctNDNkNS05MDQ0LWY2ZTFmMzRjMjI5M9gCAeACAQ&ucfs=1&arphpl=1&checkin=2026-08-06&checkout=2026-08-07&dest_id=-2767043&dest_type=city&group_adults=2&req_adults=2&no_rooms=1&group_children=0&req_children=0&hpos=1&hapos=272&sr_order=popularity&srpvid=7b4f562059d9004c&srepoch=1785759333&all_sr_blocks=648005702_392527214_2_41_0&highlighted_blocks=648005702_392527214_2_41_0&matching_block_id=648005702_392527214_2_41_0&sr_pri_blocks=648005702_392527214_2_41_0__1017500&from=searchresults,10175,8.8,1.0,"Gulberg, Lahore",7.0,Deluxe Double Room,1 double bed,1,1,1,https://cf.bstatic.com/xdata/images/hotel/square240/565907235.webp?k=d88e753c49dbcf31e149f8dbaade09786fa56fb4af3549f4ad3d85794d3f452a&o=,12,Lahore
Hotel Palm INN,https://www.booking.com/hotel/pk/palm-inn.en-gb.html?aid=304142&label=gen173nr-10CAQoggJCDWNpdHlfLTI3NjcwNDNICVgEaLUBiAEBmAEzuAEHyAEM2AED6AEB-AEBiAIBqAIBuALBjMLTBsACAdICJDRlYmVmMGVjLTBmMjctNDNkNS05MDQ0LWY2ZTFmMzRjMjI5M9gCAeACAQ&ucfs=1&arphpl=1&checkin=2026-08-06&checkout=2026-08-07&dest_id=-2767043&dest_type=city&group_adults=2&req_adults=2&no_rooms=1&group_children=0&req_children=0&hpos=2&hapos=273&sr_order=popularity&srpvid=7b4f562059d9004c&srepoch=1785759333&all_sr_blocks=1251163301_397608597_2_2_0&highlighted_blocks=1251163301_397608597_2_2_0&matching_block_id=1251163301_397608597_2_2_0&sr_pri_blocks=1251163301_397608597_2_2_0__304000&from=searchresults,3040,5.0,22.0,"Johar Town, Lahore",13.4,Standard Double Room with Fan,1 double bed,0,0,0,https://cf.bstatic.com/xdata/images/hotel/square240/594052852.webp?k=f9700997b0d374bd76a162cfc9284ce139d7b09be2dcbcdf5d7faaee361a1499&o=,9,Lahore
Mark Suites Goldcrest Apartments,https://www.booking.com/hotel/pk/luxurious-apartments-in-gold-crest-mall-and-residency.en-gb.html?aid=304142&label=gen173nr-10CAQoggJCDWNpdHlfLTI3NjcwNDNICVgEaLUBiAEBmAEzuAEHyAEM2AED6AEB-AEBiAIBqAIBuALBjMLTBsACAdICJDRlYmVmMGVjLTBmMjctNDNkNS05MDQ0LWY2ZTFmMzRjMjI5M9gCAeACAQ&ucfs=1&arphpl=1&checkin=2026-08-06&checkout=2026-08-07&dest_id=-2767043&dest_type=city&group_adults=2&req_adults=2&no_rooms=1&group_children=0&req_children=0&hpos=3&hapos=274&sr_order=popularity&srpvid=7b4f562059d9004c&srepoch=1785759333&all_sr_blocks=1214677502_429560973_3_41_0&highlighted_blocks=1214677502_429560973_3_41_0&matching_block_id=1214677502_429560973_3_41_0&sr_pri_blocks=1214677502_429560973_3_41_0__1000000&from=searchresults,10000,6.5,2.0,Lahore,12.0,Superior Studio,1 extra-large double bed,1,0,1,https://cf.bstatic.com/xdata/images/hotel/square240/889754341.webp?k=76928cac760dcd6a923d4b6da4b45f02c42223bea358607e1b0f4a669f798069&o=,3,Lahore
Élan Self Check-In Gulberg MM Alam,https://www.booking.com/hotel/pk/elan-self-check-in-gulberg-mm-alam.en-gb.html?aid=304142&label=gen173nr-10CAQoggJCDWNpdHlfLTI3NjcwNDNICVgEaLUBiAEBmAEzuAEHyAEM2AED6AEB-AEBiAIBqAIBuALBjMLTBsACAdICJDRlYmVmMGVjLTBmMjctNDNkNS05MDQ0LWY2ZTFmMzRjMjI5M9gCAeACAQ&ucfs=1&arphpl=1&checkin=2026-08-06&checkout=2026-08-07&dest_id=-2767043&dest_type=city&group_adults=2&req_adults=2&no_rooms=1&group_children=0&req_children=0&hpos=4&hapos=275&sr_order=popularity&srpvid=7b4f562059d9004c&srepoch=1785759333&all_sr_blocks=1569338001_428022591_7_0_0&highlighted_blocks=1569338001_428022591_7_0_0&matching_block_id=1569338001_428022591_7_0_0&sr_pri_blocks=1569338001_428022591_7_0_0__1200000&from=searchresults,12000,6.5,9.0,"Gulberg, Lahore",7.0,One-Bedroom Apartment,"6 beds (4 sofa beds, 1 large double, 1 futon)",0,1,1,https://cf.bstatic.com/xdata/images/hotel/square240/812738762.webp?k=565538b1084939b88969adfc1b1ca3575c22f86ae3ddc280644f25a5cba73f90&o=,4,Lahore
The View Lahore,https://www.booking.com/hotel/pk/the-view-404.en-gb.html?aid=304142&label=gen173nr-10CAQoggJCDWNpdHlfLTI3NjcwNDNICVgEaLUBiAEBmAEzuAEHyAEM2AED6AEB-AEBiAIBqAIBuALBjMLTBsACAdICJDRlYmVmMGVjLTBmMjctNDNkNS05MDQ0LWY2ZTFmMzRjMjI5M9gCAeACAQ&ucfs=1&arphpl=1&checkin=2026-08-06&checkout=2026-08-07&dest_id=-2767043&dest_type=city&group_adults=2&req_adults=2&no_rooms=1&group_children=0&req_children=0&hpos=5&hapos=276&sr_order=popularity&srpvid=7b4f562059d9004c&srepoch=1785759333&all_sr_blocks=1685930301_440216656_2_0_0&highlighted_blocks=1685930301_440216656_2_0_0&matching_block_id=1685930301_440216656_2_0_0&sr_pri_blocks=1685930301_440216656_2_0_0__800000&from=searchresults,8000,10,2.0,Lahore,26.3,Classic One-Bedroom Apartment with King Bed,Classic One-Bedroom Apartment with King Bed,0,1,1,https://cf.bstatic.com/xdata/images/hotel/square240/893340598.webp?k=7e0d71dcaaa6397aba9fbac1c5eb66b6a140e1a5565591a1dc95c7a0f5e9875e&o=,4,Lahore
Royal Fort Executive Hotel Gulberg,https://www.booking.com/hotel/pk/royal-fort-executive-gulberg.en-gb.html?aid=304142&label=gen173nr-10CAQoggJCDWNpdHlfLTI3NjcwNDNICVgEaLUBiAEBmAEzuAEHyAEM2AED6AEB-AEBiAIBqAIBuALBjMLTBsACAdICJDRlYmVmMGVjLTBmMjctNDNkNS05MDQ0LWY2ZTFmMzRjMjI5M9gCAeACAQ&ucfs=1&arphpl=1&checkin=2026-08-06&checkout=2026-08-07&dest_id=-2767043&dest_type=city&group_adults=2&req_adults=2&no_rooms=1&group_children=0&req_children=0&hpos=6&hapos=277&sr_order=popularity&srpvid=7b4f562059d9004c&srepoch=1785759333&all_sr_blocks=912050101_380160489_2_1_0&highlighted_blocks=912050101_380160489_2_1_0&matching_block_id=912050101_380160489_2_1_0&sr_pri_blocks=912050101_380160489_2_1_0__520000&from=searchresults,5200,5.7,236.0,"Gulberg, Lahore",5.9,Standard Double or Twin Room,1 double bed,1,1,1,https://cf.bstatic.com/xdata/images/hotel/square240/409008748.webp?k=ed6c3326454683930eaf4bb70684e87f77fb58e8f35256b2a43b1d71f8053e2a&o=,11,Lahore
Modern Studio Retreat for Couples & Solo Travelers,https://www.booking.com/hotel/pk/modern-studio-retreat-for-couples-amp-solo-travelers.en-gb.html?aid=304142&label=gen173nr-10CAQoggJCDWNpdHlfLTI3NjcwNDNICVgEaLUBiAEBmAEzuAEHyAEM2AED6AEB-AEBiAIBqAIBuALBjMLTBsACAdICJDRlYmVmMGVjLTBmMjctNDNkNS05MDQ0LWY2ZTFmMzRjMjI5M9gCAeACAQ&ucfs=1&arphpl=1&checkin=2026-08-06&checkout=2026-08-07&dest_id=-2767043&dest_type=city&group_adults=2&req_adults=2&no_rooms=1&group_children=0&req_children=0&hpos=7&hapos=278&sr_order=popularity&srpvid=7b4f562059d9004c&srepoch=1785759333&all_sr_blocks=1669650001_438766651_3_0_0&highlighted_blocks=1669650001_438766651_3_0_0&matching_block_id=1669650001_438766651_3_0_0&sr_pri_blocks=1669650001_438766651_3_0_0__722500&from=searchresults,7225,10,2.0,Lahore,15.4,One-Bedroom Apartment,1 double bed,0,1,1,https://cf.bstatic.com/xdata/images/hotel/square240/885117205.webp?k=32489e9f7a67cfdabe75a6bd8eb8593947867c7d4a5e48e08ae2e3ec89cd7af1&o=,4,Lahore
Premium Executive Apartments at Gold Crest Residency DHA Lahore with City Views,https://www.booking.com/hotel/pk/premium-executive-apartments-at-gold-crest-residency-dha-lahore-with-city-views.en-gb.html?aid=304142&label=gen173nr-10CAQoggJCDWNpdHlfLTI3NjcwNDNICVgEaLUBiAEBmAEzuAEHyAEM2AED6AEB-AEBiAIBqAIBuALBjMLTBsACAdICJDRlYmVmMGVjLTBmMjctNDNkNS05MDQ0LWY2ZTFmMzRjMjI5M9gCAeACAQ&ucfs=1&arphpl=1&checkin=2026-08-06&checkout=2026-08-07&dest_id=-2767043&dest_type=city&group_adults=2&req_adults=2&no_rooms=1&group_children=0&req_children=0&hpos=8&hapos=279&sr_order=popularity&srpvid=7b4f562059d9004c&srepoch=1785759333&all_sr_blocks=1617256203_432577972_2_2_0&highlighted_blocks=1617256203_432577972_2_2_0&matching_block_id=1617256203_432577972_2_2_0&sr_pri_blocks=1617256203_432577972_2_2_0__1955000&from=searchresults,19550,10,1.0,Lahore,12.0,One-Bedroom Superior Apartment,1 large double bed,0,1,1,https://cf.bstatic.com/xdata/images/hotel/square240/851800037.webp?k=2b8c3e3609a36f8966c6b541b29bc1cde990c9122c8868cd2720d147f5ac3ad1&o=,15,Lahore
Hotel white season Gulberg,https://www.booking.com/hotel/pk/white-season.en-gb.html?aid=304142&label=gen173nr-10CAQoggJCDWNpdHlfLTI3NjcwNDNICVgEaLUBiAEBmAEzuAEHyAEM2AED6AEB-AEBiAIBqAIBuALBjMLTBsACAdICJDRlYmVmMGVjLTBmMjctNDNkNS05MDQ0LWY2ZTFmMzRjMjI5M9gCAeACAQ&ucfs=1&arphpl=1&checkin=2026-08-06&checkout=2026-08-07&dest_id=-2767043&dest_type=city&group_adults=2&req_adults=2&no_rooms=1&group_children=0&req_children=0&hpos=9&hapos=280&sr_order=popularity&srpvid=7b4f562059d9004c&srepoch=1785759333&all_sr_blocks=1046567501_379253069_2_1_0_244239&highlighted_blocks=1046567501_379253069_2_1_0_244239&matching_block_id=1046567501_379253069_2_1_0_244239&sr_pri_blocks=1046567501_379253069_2_1_0_244239_774000&from=searchresults,7740,8.0,498.0,"Gulberg, Lahore",5.7,Deluxe Double Room,1 large double bed,1,1,1,https://cf.bstatic.com/xdata/images/hotel/square240/768556170.webp?k=480d063fa1aa2db810e50729d2673b5e14e5ceff3405b604e18c2660de86942b&o=,6,Lahore
GOLD CREST RESIDENCY - Luxury Apartments In DHA Lahore Phase 4,https://www.booking.com/hotel/pk/gold-crest-residency-lahore6.en-gb.html?aid=304142&label=gen173nr-10CAQoggJCDWNpdHlfLTI3NjcwNDNICVgEaLUBiAEBmAEzuAEHyAEM2AED6AEB-AEBiAIBqAIBuALBjMLTBsACAdICJDRlYmVmMGVjLTBmMjctNDNkNS05MDQ0LWY2ZTFmMzRjMjI5M9gCAeACAQ&ucfs=1&arphpl=1&checkin=2026-08-06&checkout=2026-08-07&dest_id=-2767043&dest_type=city&group_adults=2&req_adults=2&no_rooms=1&group_children=0&req_children=0&hpos=10&hapos=281&sr_order=popularity&srpvid=7b4f562059d9004c&srepoch=1785759333&all_sr_blocks=1680220101_439773899_3_2_0&highlighted_blocks=1680220101_439773899_3_2_0&matching_block_id=1680220101_439773899_3_2_0&sr_pri_blocks=1680220101_439773899_3_2_0__1944000&from=searchresults,19440,,,Lahore,12.1,Deluxe One-Bedroom Apartment with City View,"2 beds (1 extra-large double, 1 sofa bed)",0,0,0,https://cf.bstatic.com/xdata/images/hotel/square240/892508327.webp?k=a79054bae6de06e34170a2f6d7b7532bd5f6bc4e3badc09129deb93da8907279&o=,13,Lahore
AL Fateh Hotel,https://www.booking.com/hotel/pk/al-fateh-johar-town.en-gb.html?aid=304142&label=gen173nr-10CAQoggJCDWNpdHlfLTI3NjcwNDNICVgEaLUBiAEBmAEzuAEHyAEM2AED6AEB-AEBiAIBqAIBuALBjMLTBsACAdICJDRlYmVmMGVjLTBmMjctNDNkNS05MDQ0LWY2ZTFmMzRjMjI5M9gCAeACAQ&ucfs=1&arphpl=1&checkin=2026-08-06&checkout=2026-08-07&dest_id=-2767043&dest_type=city&group_adults=2&req_adults=2&no_rooms=1&group_children=0&req_children=0&hpos=11&hapos=282&sr_order=popularity&srpvid=7b4f562059d9004c&srepoch=1785759333&all_sr_blocks=1347037712_407137347_2_0_0_781039&highlighted_blocks=1347037712_407137347_2_0_0_781039&matching_block_id=1347037712_407137347_2_0_0_781039&sr_pri_blocks=1347037712_407137347_2_0_0_781039_500000&from=searchresults,5000,7.6,44.0,Lahore,9.3,Deluxe Suite,1 double bed,0,1,1,https://cf.bstatic.com/xdata/images/hotel/square240/889287465.webp?k=4980c3681ec81dfacfc6ace1941cfde9627d2cba3d62820c0e176f5c600bb8d1&o=,11,Lahore
Sapphire Inn Motel Lahore,https://www.booking.com/hotel/pk/saphire-inn-motel.en-gb.html?aid=304142&label=gen173nr-10CAQoggJCDWNpdHlfLTI3NjcwNDNICVgEaLUBiAEBmAEzuAEHyAEM2AED6AEB-AEBiAIBqAIBuALBjMLTBsACAdICJDRlYmVmMGVjLTBmMjctNDNkNS05MDQ0LWY2ZTFmMzRjMjI5M9gCAeACAQ&ucfs=1&arphpl=1&checkin=2026-08-06&checkout=2026-08-07&dest_id=-2767043&dest_type=city&group_adults=2&req_adults=2&no_rooms=1&group_children=0&req_children=0&hpos=12&hapos=283&sr_order=popularity&srpvid=7b4f562059d9004c&srepoch=1785759333&all_sr_blocks=798710603_340357830_2_1_0_51163&highlighted_blocks=798710603_340357830_2_1_0_51163&matching_block_id=798710603_340357830_2_1_0_51163&sr_pri_blocks=798710603_340357830_2_1_0_51163_360000&from=searchresults,3600,6.1,206.0,Lahore,10.2,Standard Double Room with Fan,1 large double bed,1,1,1,https://cf.bstatic.com/xdata/images/hotel/square240/487580409.webp?k=0ae3907f7d1942f72f0e37b907e8d85bd61486a4b5318089fbb2a3d4d3426f64&o=,11,Lahore
Bahria 777 Luxury Apartment,https://www.booking.com/hotel/pk/blue-lights-apartment-in-lahore.en-gb.html?aid=304142&label=gen173nr-10CAQoggJCDWNpdHlfLTI3NjcwNDNICVgEaLUBiAEBmAEzuAEHyAEM2AED6AEB-AEBiAIBqAIBuALBjMLTBsACAdICJDRlYmVmMGVjLTBmMjctNDNkNS05MDQ0LWY2ZTFmMzRjMjI5M9gCAeACAQ&ucfs=1&arphpl=1&checkin=2026-08-06&checkout=2026-08-07&dest_id=-2767043&dest_type=city&group_adults=2&req_adults=2&no_rooms=1&group_children=0&req_children=0&hpos=13&hapos=284&sr_order=popularity&srpvid=7b4f562059d9004c&srepoch=1785759333&all_sr_blocks=1563833501_427476089_2_0_0&highlighted_blocks=1563833501_427476089_2_0_0&matching_block_id=1563833501_427476089_2_0_0&sr_pri_blocks=1563833501_427476089_2_0_0__597600&from=searchresults,5976,8.8,23.0,Lahore,24.7,One-Bedroom Apartment,1 double bed,0,0,0,https://cf.bstatic.com/xdata/images/hotel/square240/887717867.webp?k=bccbca326fcec1d6d823e6a2395150284caf399f100e407c9d807a81962b948a&o=,11,Lahore
Cozy Small Studio Apt in Gulberg,https://www.booking.com/hotel/pk/cozy-small-studio-apt-in-gulberg.en-gb.html?aid=304142&label=gen173nr-10CAQoggJCDWNpdHlfLTI3NjcwNDNICVgEaLUBiAEBmAEzuAEHyAEM2AED6AEB-AEBiAIBqAIBuALBjMLTBsACAdICJDRlYmVmMGVjLTBmMjctNDNkNS05MDQ0LWY2ZTFmMzRjMjI5M9gCAeACAQ&ucfs=1&arphpl=1&checkin=2026-08-06&checkout=2026-08-07&dest_id=-2767043&dest_type=city&group_adults=2&req_adults=2&no_rooms=1&group_children=0&req_children=0&hpos=14&hapos=285&sr_order=popularity&srpvid=7b4f562059d9004c&srepoch=1785759333&all_sr_blocks=1678839301_439665601_2_0_0&highlighted_blocks=1678839301_439665601_2_0_0&matching_block_id=1678839301_439665601_2_0_0&sr_pri_blocks=1678839301_439665601_2_0_0__774000&from=searchresults,7740,4.0,1.0,"Gulberg, Lahore",5.1,One-Bedroom Apartment,1 double bed,0,1,1,https://cf.bstatic.com/xdata/images/hotel/square240/890406450.webp?k=533caeaeff329aa017cdf02bbb2c6e2c75d65c58d82263efd76f790ecd1dde0d&o=,12,Lahore
Go Room Hotel Lahore,https://www.booking.com/hotel/pk/second-homes-rooms-johar-town.en-gb.html?aid=304142&label=gen173nr-10CAQoggJCDWNpdHlfLTI3NjcwNDNICVgEaLUBiAEBmAEzuAEHyAEM2AED6AEB-AEBiAIBqAIBuALBjMLTBsACAdICJDRlYmVmMGVjLTBmMjctNDNkNS05MDQ0LWY2ZTFmMzRjMjI5M9gCAeACAQ&ucfs=1&arphpl=1&checkin=2026-08-06&checkout=2026-08-07&dest_id=-2767043&dest_type=city&group_adults=2&req_adults=2&no_rooms=1&group_children=0&req_children=0&hpos=15&hapos=286&sr_order=popularity&srpvid=7b4f562059d9004c&srepoch=1785759333&all_sr_blocks=813477406_343686776_2_0_0_923725&highlighted_blocks=813477406_343686776_2_0_0_923725&matching_block_id=813477406_343686776_2_0_0_923725&sr_pri_blocks=813477406_343686776_2_0_0_923725_350000&from=searchresults,3500,7.3,174.0,Lahore,14.2,Deluxe Twin Room,2 single beds,0,1,1,https://cf.bstatic.com/xdata/images/hotel/square240/497488863.webp?k=57c15e323ae435e2a5fb14d94b7643bc93b864d7fd4ea200415a765cf36f1830&o=,11,Lahore
Hotel Rest INN,https://www.booking.com/hotel/pk/rest-inn-lahore.en-gb.html?aid=304142&label=gen173nr-10CAQoggJCDWNpdHlfLTI3NjcwNDNICVgEaLUBiAEBmAEzuAEHyAEM2AED6AEB-AEBiAIBqAIBuALBjMLTBsACAdICJDRlYmVmMGVjLTBmMjctNDNkNS05MDQ0LWY2ZTFmMzRjMjI5M9gCAeACAQ&ucfs=1&arphpl=1&checkin=2026-08-06&checkout=2026-08-07&dest_id=-2767043&dest_type=city&group_adults=2&req_adults=2&no_rooms=1&group_children=0&req_children=0&hpos=16&hapos=287&sr_order=popularity&srpvid=7b4f562059d9004c&srepoch=1785759333&all_sr_blocks=872365803_360661687_2_2_0&highlighted_blocks=872365803_360661687_2_2_0&matching_block_id=872365803_360661687_2_2_0&sr_pri_blocks=872365803_360661687_2_2_0__320000&from=searchresults,3200,7.1,71.0,Lahore,8.6,Standard Double Room with Fan,Beds: 1 double or 2 singles,0,1,1,https://cf.bstatic.com/xdata/images/hotel/square240/376080663.webp?k=0793a54f2e99bf16fb212ace7ae60890aeca5fc3ecc8373e954a3a9c7c5180d1&o=,12,Lahore
Ruby -1Bhk-Self-check-in-Dha ph 6 Raya,https://www.booking.com/hotel/pk/ruby-1bhk-self-check-in-dha-ph-6-raya.en-gb.html?aid=304142&label=gen173nr-10CAQoggJCDWNpdHlfLTI3NjcwNDNICVgEaLUBiAEBmAEzuAEHyAEM2AED6AEB-AEBiAIBqAIBuALBjMLTBsACAdICJDRlYmVmMGVjLTBmMjctNDNkNS05MDQ0LWY2ZTFmMzRjMjI5M9gCAeACAQ&ucfs=1&arphpl=1&checkin=2026-08-06&checkout=2026-08-07&dest_id=-2767043&dest_type=city&group_adults=2&req_adults=2&no_rooms=1&group_children=0&req_children=0&hpos=17&hapos=288&sr_order=popularity&srpvid=7b4f562059d9004c&srepoch=1785759333&all_sr_blocks=1686699301_440296820_3_0_0&highlighted_blocks=1686699301_440296820_3_0_0&matching_block_id=1686699301_440296820_3_0_0&sr_pri_blocks=1686699301_440296820_3_0_0__1402500&from=searchresults,14025,,,Lahore,16.7,One-Bedroom Apartment,1 extra-large double bed,0,1,1,https://cf.bstatic.com/xdata/images/hotel/square240/893851674.webp?k=f950dc41a98134fa06604a11ca3a34876ad9af4560bee6aaae1f2a1469a57802&o=,5,Lahore
Hotel Johar View,https://www.booking.com/hotel/pk/johar-view-lahore3.en-gb.html?aid=304142&label=gen173nr-10CAQoggJCDWNpdHlfLTI3NjcwNDNICVgEaLUBiAEBmAEzuAEHyAEM2AED6AEB-AEBiAIBqAIBuALBjMLTBsACAdICJDRlYmVmMGVjLTBmMjctNDNkNS05MDQ0LWY2ZTFmMzRjMjI5M9gCAeACAQ&ucfs=1&arphpl=1&checkin=2026-08-06&checkout=2026-08-07&dest_id=-2767043&dest_type=city&group_adults=2&req_adults=2&no_rooms=1&group_children=0&req_children=0&hpos=18&hapos=289&sr_order=popularity&srpvid=7b4f562059d9004c&srepoch=1785759333&all_sr_blocks=1691969001_440845162_2_1_0&highlighted_blocks=1691969001_440845162_2_1_0&matching_block_id=1691969001_440845162_2_1_0&sr_pri_blocks=1691969001_440845162_2_1_0__637500&from=searchresults,6375,,,"Johar Town, Lahore",13.4,Deluxe King Room,1 large double bed,1,1,1,https://cf.bstatic.com/xdata/images/hotel/square240/897353068.webp?k=cb8411205f8fc4b8063e695ef95aa2dccd7ffd7b7a635cce5b4636ed1487016a&o=,10,Lahore
Family Signature Residency,https://www.booking.com/hotel/pk/family-comfort-residency.en-gb.html?aid=304142&label=gen173nr-10CAQoggJCDWNpdHlfLTI3NjcwNDNICVgEaLUBiAEBmAEzuAEHyAEM2AED6AEB-AEBiAIBqAIBuALBjMLTBsACAdICJDRlYmVmMGVjLTBmMjctNDNkNS05MDQ0LWY2ZTFmMzRjMjI5M9gCAeACAQ&ucfs=1&arphpl=1&checkin=2026-08-06&checkout=2026-08-07&dest_id=-2767043&dest_type=city&group_adults=2&req_adults=2&no_rooms=1&group_children=0&req_children=0&hpos=19&hapos=290&sr_order=popularity&srpvid=7b4f562059d9004c&srepoch=1785759333&all_sr_blocks=1501744107_421859279_0_2_0&highlighted_blocks=1501744107_421859279_0_2_0&matching_block_id=1501744107_421859279_0_2_0&sr_pri_blocks=1501744107_421859279_0_2_0__560000&from=searchresults,5600,8.3,9.0,Lahore,5.3,Deluxe Studio,1 extra-large double bed,0,1,1,https://cf.bstatic.com/xdata/images/hotel/square240/755791923.webp?k=3cbc484f1b5e527a8535b419f8f42c1701b9dd24295cf9d5945bdcda35d27ee2&o=,6,Lahore
Luxor Apartments & Suites - Aurum,https://www.booking.com/hotel/pk/luxor-apartments-gulberg.en-gb.html?aid=304142&label=gen173nr-10CAQoggJCDWNpdHlfLTI3NjcwNDNICVgEaLUBiAEBmAEzuAEHyAEM2AED6AEB-AEBiAIBqAIBuALBjMLTBsACAdICJDRlYmVmMGVjLTBmMjctNDNkNS05MDQ0LWY2ZTFmMzRjMjI5M9gCAeACAQ&ucfs=1&arphpl=1&checkin=2026-08-06&checkout=2026-08-07&dest_id=-2767043&dest_type=city&group_adults=2&req_adults=2&no_rooms=1&group_children=0&req_children=0&hpos=20&hapos=291&sr_order=popularity&srpvid=7b4f562059d9004c&srepoch=1785759333&all_sr_blocks=1412047205_437644562_2_0_0&highlighted_blocks=1412047205_437644562_2_0_0&matching_block_id=1412047205_437644562_2_0_0&sr_pri_blocks=1412047205_437644562_2_0_0__960000&from=searchresults,9600,5.6,23.0,"Gulberg, Lahore",7.2,Studio Apartment,1 large double bed,0,1,1,https://cf.bstatic.com/xdata/images/hotel/square240/691477049.webp?k=2d9e0ecd8bedc4c8706107f2400eee5a68832f884609f0ef1844baa9220f5dfa&o=,9,Lahore
Gold Crest Premium Apartment,https://www.booking.com/hotel/pk/gold-crest-premium-apartment.en-gb.html?aid=304142&label=gen173nr-10CAQoggJCDWNpdHlfLTI3NjcwNDNICVgEaLUBiAEBmAEzuAEHyAEM2AED6AEB-AEBiAIBqAIBuALBjMLTBsACAdICJDRlYmVmMGVjLTBmMjctNDNkNS05MDQ0LWY2ZTFmMzRjMjI5M9gCAeACAQ&ucfs=1&arphpl=1&checkin=2026-08-06&checkout=2026-08-07&dest_id=-2767043&dest_type=city&group_adults=2&req_adults=2&no_rooms=1&group_children=0&req_children=0&hpos=21&hapos=292&sr_order=popularity&srpvid=7b4f562059d9004c&srepoch=1785759333&all_sr_blocks=1507028704_422459162_3_0_0&highlighted_blocks=1507028704_422459162_3_0_0&matching_block_id=1507028704_422459162_3_0_0&sr_pri_blocks=1507028704_422459162_3_0_0__1160000&from=searchresults,11600,6.4,15.0,Lahore,12.1,Deluxe Studio,1 extra-large double bed,0,1,1,https://cf.bstatic.com/xdata/images/hotel/square240/760083519.webp?k=5b8df6951d041d1ba940d392898b660174cfe6f42d5aae081e159463a1b68cd0&o=,5,Lahore
Pakeeza One Hotel,https://www.booking.com/hotel/pk/grand-lahore.en-gb.html?aid=304142&label=gen173nr-10CAQoggJCDWNpdHlfLTI3NjcwNDNICVgEaLUBiAEBmAEzuAEHyAEM2AED6AEB-AEBiAIBqAIBuALBjMLTBsACAdICJDRlYmVmMGVjLTBmMjctNDNkNS05MDQ0LWY2ZTFmMzRjMjI5M9gCAeACAQ&ucfs=1&arphpl=1&checkin=2026-08-06&checkout=2026-08-07&dest_id=-2767043&dest_type=city&group_adults=2&req_adults=2&no_rooms=1&group_children=0&req_children=0&hpos=22&hapos=293&sr_order=popularity&srpvid=7b4f562059d9004c&srepoch=1785759333&all_sr_blocks=944657901_366889517_2_2_0&highlighted_blocks=944657901_366889517_2_2_0&matching_block_id=944657901_366889517_2_2_0&sr_pri_blocks=944657901_366889517_2_2_0__344900&from=searchresults,3449,7.5,51.0,"Johar Town, Lahore",13.3,Deluxe Double Room,1 double bed,0,1,1,https://cf.bstatic.com/xdata/images/hotel/square240/598573523.webp?k=d2cfecb080ea6e2fa57c566900f4c4a8f94fe721b491cacafa6627a83d4a2eed&o=,4,Lahore
Goldcrest Alfatah Mall - Luxury Apartments by Alvis suite,https://www.booking.com/hotel/pk/goldcrest-alfatah-mall-luxury-apartments-by-alvis-suite.en-gb.html?aid=304142&label=gen173nr-10CAQoggJCDWNpdHlfLTI3NjcwNDNICVgEaLUBiAEBmAEzuAEHyAEM2AED6AEB-AEBiAIBqAIBuALBjMLTBsACAdICJDRlYmVmMGVjLTBmMjctNDNkNS05MDQ0LWY2ZTFmMzRjMjI5M9gCAeACAQ&ucfs=1&arphpl=1&checkin=2026-08-06&checkout=2026-08-07&dest_id=-2767043&dest_type=city&group_adults=2&req_adults=2&no_rooms=1&group_children=0&req_children=0&hpos=23&hapos=294&sr_order=popularity&srpvid=7b4f562059d9004c&srepoch=1785759333&all_sr_blocks=1692197501_440876220_2_0_0&highlighted_blocks=1692197501_440876220_2_0_0&matching_block_id=1692197501_440876220_2_0_0&sr_pri_blocks=1692197501_440876220_2_0_0__1171045&from=searchresults,11710,,,Lahore,12.0,Studio Apartment,1 extra-large double bed,0,1,1,https://cf.bstatic.com/xdata/images/hotel/square240/897561822.webp?k=31582b5b848d2cd78a6ec051d02646f75ef44e8e548416fef96a2a719b1fb54b&o=,12,Lahore
Goldcrest Mall DHA Phase 4 - Luxury Apartments by Alvis Suite,https://www.booking.com/hotel/pk/goldcrest-mall-dha-phase-4-luxury-apartments-by-alvis-suite-lahore2.en-gb.html?aid=304142&label=gen173nr-10CAQoggJCDWNpdHlfLTI3NjcwNDNICVgEaLUBiAEBmAEzuAEHyAEM2AED6AEB-AEBiAIBqAIBuALBjMLTBsACAdICJDRlYmVmMGVjLTBmMjctNDNkNS05MDQ0LWY2ZTFmMzRjMjI5M9gCAeACAQ&ucfs=1&arphpl=1&checkin=2026-08-06&checkout=2026-08-07&dest_id=-2767043&dest_type=city&group_adults=2&req_adults=2&no_rooms=1&group_children=0&req_children=0&hpos=24&hapos=295&sr_order=popularity&srpvid=7b4f562059d9004c&srepoch=1785759333&all_sr_blocks=1682308001_439963616_2_0_0&highlighted_blocks=1682308001_439963616_2_0_0&matching_block_id=1682308001_439963616_2_0_0&sr_pri_blocks=1682308001_439963616_2_0_0__1172915&from=searchresults,11729,,,Lahore,12.0,Studio Apartment,"2 beds (1 extra-large double, 1 sofa bed)",0,1,1,https://cf.bstatic.com/xdata/images/hotel/square240/892284171.webp?k=0a39359eb32ed69be40d15ad50331eaa6b5febb17f8e38d750d98ebbea0edb78&o=,12,Lahore
"Multazam Heights, DHA Phase 8, Hotel Airport Lahore",https://www.booking.com/hotel/pk/multazam-heights-dha-phase-8-double-bedroom.en-gb.html?aid=304142&label=gen173nr-10CAQoggJCDWNpdHlfLTI3NjcwNDNICVgEaLUBiAEBmAEzuAEHyAEM2AED6AEB-AEBiAIBqAIBuALBjMLTBsACAdICJDRlYmVmMGVjLTBmMjctNDNkNS05MDQ0LWY2ZTFmMzRjMjI5M9gCAeACAQ&ucfs=1&arphpl=1&checkin=2026-08-06&checkout=2026-08-07&dest_id=-2767043&dest_type=city&group_adults=2&req_adults=2&no_rooms=1&group_children=0&req_children=0&hpos=1&hapos=296&sr_order=popularity&srpvid=7b4f562059d9004c&srepoch=1785759336&all_sr_blocks=1427866301_414369696_2_0_0&highlighted_blocks=1427866301_414369696_2_0_0&matching_block_id=1427866301_414369696_2_0_0&sr_pri_blocks=1427866301_414369696_2_0_0__540000&from=searchresults,5400,6.1,28.0,Lahore,12.2,Deluxe Room,1 double bed,0,0,0,https://cf.bstatic.com/xdata/images/hotel/square240/691229355.webp?k=7ce0760e6b171dc0de9bbe6f1821278a78f708dd3e88edfc5493443a702051ee&o=,10,Lahore
Dove INN Express,https://www.booking.com/hotel/pk/dove-inn-express.en-gb.html?aid=304142&label=gen173nr-10CAQoggJCDWNpdHlfLTI3NjcwNDNICVgEaLUBiAEBmAEzuAEHyAEM2AED6AEB-AEBiAIBqAIBuALBjMLTBsACAdICJDRlYmVmMGVjLTBmMjctNDNkNS05MDQ0LWY2ZTFmMzRjMjI5M9gCAeACAQ&ucfs=1&arphpl=1&checkin=2026-08-06&checkout=2026-08-07&dest_id=-2767043&dest_type=city&group_adults=2&req_adults=2&no_rooms=1&group_children=0&req_children=0&hpos=2&hapos=297&sr_order=popularity&srpvid=7b4f562059d9004c&srepoch=1785759336&all_sr_blocks=1447515102_416137423_2_34_0&highlighted_blocks=1447515102_416137423_2_34_0&matching_block_id=1447515102_416137423_2_34_0&sr_pri_blocks=1447515102_416137423_2_34_0__560000&from=searchresults,5600,8.5,112.0,Lahore,6.1,Deluxe Twin Room,2 single beds,0,1,1,https://cf.bstatic.com/xdata/images/hotel/square240/709623057.webp?k=4bf723262eb7a2be643914e1730abc35cf6e7854e7686a04c0880ac63672e835&o=,11,Lahore
"Aurum Hotel Serviced Apartments Gulberg Lahore Pool, Gym & Cinema",https://www.booking.com/hotel/pk/sjodgjd.en-gb.html?aid=304142&label=gen173nr-10CAQoggJCDWNpdHlfLTI3NjcwNDNICVgEaLUBiAEBmAEzuAEHyAEM2AED6AEB-AEBiAIBqAIBuALBjMLTBsACAdICJDRlYmVmMGVjLTBmMjctNDNkNS05MDQ0LWY2ZTFmMzRjMjI5M9gCAeACAQ&ucfs=1&arphpl=1&checkin=2026-08-06&checkout=2026-08-07&dest_id=-2767043&dest_type=city&group_adults=2&req_adults=2&no_rooms=1&group_children=0&req_children=0&hpos=3&hapos=298&sr_order=popularity&srpvid=7b4f562059d9004c&srepoch=1785759336&all_sr_blocks=1683295302_440076673_2_1_0&highlighted_blocks=1683295302_440076673_2_1_0&matching_block_id=1683295302_440076673_2_1_0&sr_pri_blocks=1683295302_440076673_2_1_0__2000000&from=searchresults,20000,10,2.0,Lahore,33.4,Family Studio,1 double bed,1,1,1,https://cf.bstatic.com/xdata/images/hotel/square240/892474151.webp?k=67ea2878333b2ab22bdddd12bb273625b466d3058ffdd28872aa38e7ad991f50&o=,13,Lahore
Private 2 Bedrooms Apartment Near Airport &DHA,https://www.booking.com/hotel/pk/luxury-two-bedrooms-apartment.en-gb.html?aid=304142&label=gen173nr-10CAQoggJCDWNpdHlfLTI3NjcwNDNICVgEaLUBiAEBmAEzuAEHyAEM2AED6AEB-AEBiAIBqAIBuALBjMLTBsACAdICJDRlYmVmMGVjLTBmMjctNDNkNS05MDQ0LWY2ZTFmMzRjMjI5M9gCAeACAQ&ucfs=1&arphpl=1&checkin=2026-08-06&checkout=2026-08-07&dest_id=-2767043&dest_type=city&group_adults=2&req_adults=2&no_rooms=1&group_children=0&req_children=0&hpos=4&hapos=299&sr_order=popularity&srpvid=7b4f562059d9004c&srepoch=1785759336&all_sr_blocks=1584102201_429528880_2_0_0&highlighted_blocks=1584102201_429528880_2_0_0&matching_block_id=1584102201_429528880_2_0_0&sr_pri_blocks=1584102201_429528880_2_0_0__1612800&from=searchresults,16128,7.6,5.0,Lahore,11.8,Two-Bedroom Apartment,2 double beds,0,0,0,https://cf.bstatic.com/xdata/images/hotel/square240/882622645.webp?k=27b2cc8294e26c73e2248ec89bf3373de5c2894c64c86e7c3ef02ff5d62d70ec&o=,9,Lahore
Demure Apartments Luxe Luxury Studio center of Gulberg,https://www.booking.com/hotel/pk/the-luxe-luxury-studio-center-of-gulberg.en-gb.html?aid=304142&label=gen173nr-10CAQoggJCDWNpdHlfLTI3NjcwNDNICVgEaLUBiAEBmAEzuAEHyAEM2AED6AEB-AEBiAIBqAIBuALBjMLTBsACAdICJDRlYmVmMGVjLTBmMjctNDNkNS05MDQ0LWY2ZTFmMzRjMjI5M9gCAeACAQ&ucfs=1&arphpl=1&checkin=2026-08-06&checkout=2026-08-07&dest_id=-2767043&dest_type=city&group_adults=2&req_adults=2&no_rooms=1&group_children=0&req_children=0&hpos=5&hapos=300&sr_order=popularity&srpvid=7b4f562059d9004c&srepoch=1785759336&all_sr_blocks=1649902301_437425735_2_0_0&highlighted_blocks=1649902301_437425735_2_0_0&matching_block_id=1649902301_437425735_2_0_0&sr_pri_blocks=1649902301_437425735_2_0_0__1250000&from=searchresults,12500,10,1.0,"Gulberg, Lahore",7.0,One-Bedroom Apartment,"3 beds (1 double, 2 sofa beds)",0,1,1,https://cf.bstatic.com/xdata/images/hotel/square240/871680823.webp?k=8400f76c3f4a4bae9eaac00b5b46f6ddf668796cf6343602a38df2066ab833f9&o=,4,Lahore
"Two-Bedroom Luxury Apartment, Zameen Opal",https://www.booking.com/hotel/pk/2-bedroom-apartment-in-zameen-opal.en-gb.html?aid=304142&label=gen173nr-10CAQoggJCDWNpdHlfLTI3NjcwNDNICVgEaLUBiAEBmAEzuAEHyAEM2AED6AEB-AEBiAIBqAIBuALBjMLTBsACAdICJDRlYmVmMGVjLTBmMjctNDNkNS05MDQ0LWY2ZTFmMzRjMjI5M9gCAeACAQ&ucfs=1&arphpl=1&checkin=2026-08-06&checkout=2026-08-07&dest_id=-2767043&dest_type=city&group_adults=2&req_adults=2&no_rooms=1&group_children=0&req_children=0&hpos=6&hapos=301&sr_order=popularity&srpvid=7b4f562059d9004c&srepoch=1785759336&all_sr_blocks=1161356401_388878147_4_0_0&highlighted_blocks=1161356401_388878147_4_0_0&matching_block_id=1161356401_388878147_4_0_0&sr_pri_blocks=1161356401_388878147_4_0_0__1445000&from=searchresults,14450,9.3,36.0,Lahore,18.4,Two-Bedroom Apartment,2 large double beds,0,0,1,https://cf.bstatic.com/xdata/images/hotel/square240/532106648.webp?k=28e3424fdd6b4669c76a219c0a3754499b8a2ebef6ce91d317fdfc25abddbe9e&o=,11,Lahore
Royal Hotel And Beauty Salon,https://www.booking.com/hotel/pk/royal-stay-lahore.en-gb.html?aid=304142&label=gen173nr-10CAQoggJCDWNpdHlfLTI3NjcwNDNICVgEaLUBiAEBmAEzuAEHyAEM2AED6AEB-AEBiAIBqAIBuALBjMLTBsACAdICJDRlYmVmMGVjLTBmMjctNDNkNS05MDQ0LWY2ZTFmMzRjMjI5M9gCAeACAQ&ucfs=1&arphpl=1&checkin=2026-08-06&checkout=2026-08-07&dest_id=-2767043&dest_type=city&group_adults=2&req_adults=2&no_rooms=1&group_children=0&req_children=0&hpos=7&hapos=302&sr_order=popularity&srpvid=7b4f562059d9004c&srepoch=1785759336&all_sr_blocks=1608470308_431759995_0_2_0&highlighted_blocks=1608470308_431759995_0_2_0&matching_block_id=1608470308_431759995_0_2_0&sr_pri_blocks=1608470308_431759995_0_2_0__586500&from=searchresults,5865,6.7,16.0,"Gulberg, Lahore",7.4,Standard Twin Room,2 single beds,0,1,1,https://cf.bstatic.com/xdata/images/hotel/square240/845077101.webp?k=80d907c05f1168dbdcb42ff013bc7d1d4736a317927ef9c353e71914f0772d7c&o=,11,Lahore
Shelton Hotel Johar Town Lahore,https://www.booking.com/hotel/pk/new-shelton-johar-town.en-gb.html?aid=304142&label=gen173nr-10CAQoggJCDWNpdHlfLTI3NjcwNDNICVgEaLUBiAEBmAEzuAEHyAEM2AED6AEB-AEBiAIBqAIBuALBjMLTBsACAdICJDRlYmVmMGVjLTBmMjctNDNkNS05MDQ0LWY2ZTFmMzRjMjI5M9gCAeACAQ&ucfs=1&arphpl=1&checkin=2026-08-06&checkout=2026-08-07&dest_id=-2767043&dest_type=city&group_adults=2&req_adults=2&no_rooms=1&group_children=0&req_children=0&hpos=8&hapos=303&sr_order=popularity&srpvid=7b4f562059d9004c&srepoch=1785759336&all_sr_blocks=1259797201_398595599_2_1_0&highlighted_blocks=1259797201_398595599_2_1_0&matching_block_id=1259797201_398595599_2_1_0&sr_pri_blocks=1259797201_398595599_2_1_0__640000&from=searchresults,6400,8.4,25.0,"Johar Town, Lahore",11.8,Deluxe Double Room,1 double bed,1,1,1,https://cf.bstatic.com/xdata/images/hotel/square240/858796328.webp?k=c74cc9b7df179c8e8a110a6c07902fafd8bf6eee3be1cd2793d4caec7c5d1850&o=,11,Lahore
Blue Horizon Room in JoharTown,https://www.booking.com/hotel/pk/blue-horizon-room-in-johartown.en-gb.html?aid=304142&label=gen173nr-10CAQoggJCDWNpdHlfLTI3NjcwNDNICVgEaLUBiAEBmAEzuAEHyAEM2AED6AEB-AEBiAIBqAIBuALBjMLTBsACAdICJDRlYmVmMGVjLTBmMjctNDNkNS05MDQ0LWY2ZTFmMzRjMjI5M9gCAeACAQ&ucfs=1&arphpl=1&checkin=2026-08-06&checkout=2026-08-07&dest_id=-2767043&dest_type=city&group_adults=2&req_adults=2&no_rooms=1&group_children=0&req_children=0&hpos=9&hapos=304&sr_order=popularity&srpvid=7b4f562059d9004c&srepoch=1785759336&all_sr_blocks=1397782901_411659403_2_0_0&highlighted_blocks=1397782901_411659403_2_0_0&matching_block_id=1397782901_411659403_2_0_0&sr_pri_blocks=1397782901_411659403_2_0_0__332561&from=searchresults,3326,6.3,3.0,"Johar Town, Lahore",12.5,Deluxe Family Room,1 extra-large double bed,0,0,0,https://cf.bstatic.com/xdata/images/hotel/square240/672785476.webp?k=46ab3de0c2470319f5f3b465c0d3190ff3222c24a271881a4d99bfc36ef3d705&o=,3,Lahore
Shabbir Premier Heights,https://www.booking.com/hotel/pk/shabbir-premier-heights.en-gb.html?aid=304142&label=gen173nr-10CAQoggJCDWNpdHlfLTI3NjcwNDNICVgEaLUBiAEBmAEzuAEHyAEM2AED6AEB-AEBiAIBqAIBuALBjMLTBsACAdICJDRlYmVmMGVjLTBmMjctNDNkNS05MDQ0LWY2ZTFmMzRjMjI5M9gCAeACAQ&ucfs=1&arphpl=1&checkin=2026-08-06&checkout=2026-08-07&dest_id=-2767043&dest_type=city&group_adults=2&req_adults=2&no_rooms=1&group_children=0&req_children=0&hpos=10&hapos=305&sr_order=popularity&srpvid=7b4f562059d9004c&srepoch=1785759336&all_sr_blocks=1665433903_438395387_2_0_0&highlighted_blocks=1665433903_438395387_2_0_0&matching_block_id=1665433903_438395387_2_0_0&sr_pri_blocks=1665433903_438395387_2_0_0__600000&from=searchresults,6000,,,Lahore,29.6,King Studio,1 double bed,0,1,1,https://cf.bstatic.com/xdata/images/hotel/square240/882169626.webp?k=4fd0fb0d60add37070beef349cdc6ecd42647d49fb4bfe9b2c2c7c2b1ed68af1&o=,14,Lahore
Minal Inn Hotel,https://www.booking.com/hotel/pk/ak-of-guest-house-lahore.en-gb.html?aid=304142&label=gen173nr-10CAQoggJCDWNpdHlfLTI3NjcwNDNICVgEaLUBiAEBmAEzuAEHyAEM2AED6AEB-AEBiAIBqAIBuALBjMLTBsACAdICJDRlYmVmMGVjLTBmMjctNDNkNS05MDQ0LWY2ZTFmMzRjMjI5M9gCAeACAQ&ucfs=1&arphpl=1&checkin=2026-08-06&checkout=2026-08-07&dest_id=-2767043&dest_type=city&group_adults=2&req_adults=2&no_rooms=1&group_children=0&req_children=0&hpos=11&hapos=306&sr_order=popularity&srpvid=7b4f562059d9004c&srepoch=1785759336&all_sr_blocks=1368168303_409058725_2_2_0&highlighted_blocks=1368168303_409058725_2_2_0&matching_block_id=1368168303_409058725_2_2_0&sr_pri_blocks=1368168303_409058725_2_2_0__280000&from=searchresults,2800,3.0,10.0,Lahore,6.9,Standard Double Room with Fan,1 double bed,0,1,1,https://cf.bstatic.com/xdata/images/hotel/square240/652090246.webp?k=6c58eee28eca6805c18cbd574d6dcd98999114ee917d7bb2b8a06ab7f04611ff&o=,5,Lahore
Grand Hyatt Villa Near PKLI & Raya,https://www.booking.com/hotel/pk/grand-hyatt-villa-near-pkli-amp-raya.en-gb.html?aid=304142&label=gen173nr-10CAQoggJCDWNpdHlfLTI3NjcwNDNICVgEaLUBiAEBmAEzuAEHyAEM2AED6AEB-AEBiAIBqAIBuALBjMLTBsACAdICJDRlYmVmMGVjLTBmMjctNDNkNS05MDQ0LWY2ZTFmMzRjMjI5M9gCAeACAQ&ucfs=1&arphpl=1&checkin=2026-08-06&checkout=2026-08-07&dest_id=-2767043&dest_type=city&group_adults=2&req_adults=2&no_rooms=1&group_children=0&req_children=0&hpos=12&hapos=307&sr_order=popularity&srpvid=7b4f562059d9004c&srepoch=1785759336&all_sr_blocks=1637659001_434103562_3_0_0&highlighted_blocks=1637659001_434103562_3_0_0&matching_block_id=1637659001_434103562_3_0_0&sr_pri_blocks=1637659001_434103562_3_0_0__850000&from=searchresults,8500,,,Lahore,17.7,Deluxe Suite,"2 beds (1 double, 1 sofa bed)",0,1,1,https://cf.bstatic.com/xdata/images/hotel/square240/875877841.webp?k=7b0df104ab52dc2b41614c9099a5c2174d394d59770520e5bde595b66d799d9f&o=,4,Lahore
Sky residences,https://www.booking.com/hotel/pk/sky-residences-lahore.en-gb.html?aid=304142&label=gen173nr-10CAQoggJCDWNpdHlfLTI3NjcwNDNICVgEaLUBiAEBmAEzuAEHyAEM2AED6AEB-AEBiAIBqAIBuALBjMLTBsACAdICJDRlYmVmMGVjLTBmMjctNDNkNS05MDQ0LWY2ZTFmMzRjMjI5M9gCAeACAQ&ucfs=1&arphpl=1&checkin=2026-08-06&checkout=2026-08-07&dest_id=-2767043&dest_type=city&group_adults=2&req_adults=2&no_rooms=1&group_children=0&req_children=0&hpos=13&hapos=308&sr_order=popularity&srpvid=7b4f562059d9004c&srepoch=1785759336&all_sr_blocks=1697177801_441397959_3_0_0&highlighted_blocks=1697177801_441397959_3_0_0&matching_block_id=1697177801_441397959_3_0_0&sr_pri_blocks=1697177801_441397959_3_0_0__585000&from=searchresults,5850,,,Lahore,26.4,One-Bedroom Apartment,"2 beds (1 sofa bed, 1 large double)",0,1,1,https://cf.bstatic.com/xdata/images/hotel/square240/900859834.webp?k=927e13eb771c0954c3076b0c468cc31590e89b4fbef21097831fd25ed0d9bae2&o=,4,Lahore
Dove Inn Hotel Kalma Chowk,https://www.booking.com/hotel/pk/dove-inn-lahore.en-gb.html?aid=304142&label=gen173nr-10CAQoggJCDWNpdHlfLTI3NjcwNDNICVgEaLUBiAEBmAEzuAEHyAEM2AED6AEB-AEBiAIBqAIBuALBjMLTBsACAdICJDRlYmVmMGVjLTBmMjctNDNkNS05MDQ0LWY2ZTFmMzRjMjI5M9gCAeACAQ&ucfs=1&arphpl=1&checkin=2026-08-06&checkout=2026-08-07&dest_id=-2767043&dest_type=city&group_adults=2&req_adults=2&no_rooms=1&group_children=0&req_children=0&hpos=14&hapos=309&sr_order=popularity&srpvid=7b4f562059d9004c&srepoch=1785759336&all_sr_blocks=404231906_179241730_0_34_0&highlighted_blocks=404231906_179241730_0_34_0&matching_block_id=404231906_179241730_0_34_0&sr_pri_blocks=404231906_179241730_0_34_0__468000&from=searchresults,4680,7.2,452.0,Lahore,6.3,Deluxe Twin Room,2 single beds,0,1,1,https://cf.bstatic.com/xdata/images/hotel/square240/492211797.webp?k=2f8ac7114c63a2ee17e27d76337c3a777699655959595eab41e7fcd6420013db&o=,6,Lahore
Decent Palace Hotel,https://www.booking.com/hotel/pk/royal-one-lahore.en-gb.html?aid=304142&label=gen173nr-10CAQoggJCDWNpdHlfLTI3NjcwNDNICVgEaLUBiAEBmAEzuAEHyAEM2AED6AEB-AEBiAIBqAIBuALBjMLTBsACAdICJDRlYmVmMGVjLTBmMjctNDNkNS05MDQ0LWY2ZTFmMzRjMjI5M9gCAeACAQ&ucfs=1&arphpl=1&checkin=2026-08-06&checkout=2026-08-07&dest_id=-2767043&dest_type=city&group_adults=2&req_adults=2&no_rooms=1&group_children=0&req_children=0&hpos=15&hapos=310&sr_order=popularity&srpvid=7b4f562059d9004c&srepoch=1785759336&all_sr_blocks=980449401_370298603_2_2_0&highlighted_blocks=980449401_370298603_2_2_0&matching_block_id=980449401_370298603_2_2_0&sr_pri_blocks=980449401_370298603_2_2_0__336785&from=searchresults,3368,4.2,9.0,Lahore,8.0,Deluxe Double Room,1 double bed,0,0,0,https://cf.bstatic.com/xdata/images/hotel/square240/441877145.webp?k=fc792959a1b70c4ec6e0e1772cfdab0455728cd3e52d785f4a7a356e6098e993&o=,2,Lahore
Private villa,https://www.booking.com/hotel/pk/private-villa-lahore1.en-gb.html?aid=304142&label=gen173nr-10CAQoggJCDWNpdHlfLTI3NjcwNDNICVgEaLUBiAEBmAEzuAEHyAEM2AED6AEB-AEBiAIBqAIBuALBjMLTBsACAdICJDRlYmVmMGVjLTBmMjctNDNkNS05MDQ0LWY2ZTFmMzRjMjI5M9gCAeACAQ&ucfs=1&arphpl=1&checkin=2026-08-06&checkout=2026-08-07&dest_id=-2767043&dest_type=city&group_adults=2&req_adults=2&no_rooms=1&group_children=0&req_children=0&hpos=16&hapos=311&sr_order=popularity&srpvid=7b4f562059d9004c&srepoch=1785759336&all_sr_blocks=1668345702_438656501_2_1_0&highlighted_blocks=1668345702_438656501_2_1_0&matching_block_id=1668345702_438656501_2_1_0&sr_pri_blocks=1668345702_438656501_2_1_0__765000&from=searchresults,7650,,,Lahore,16.4,Double Room,1 double bed,1,1,1,https://cf.bstatic.com/xdata/images/hotel/square240/883930675.webp?k=064329f395fa4c2da22f40537542f2e853c9cabc97c3ccd10bc2a6f8e09e02d2&o=,4,Lahore
Royal Height Residence Premium Furnished Apartments in Bahria Town Lahore,https://www.booking.com/hotel/pk/royal-height-residence-luxury-apartments.en-gb.html?aid=304142&label=gen173nr-10CAQoggJCDWNpdHlfLTI3NjcwNDNICVgEaLUBiAEBmAEzuAEHyAEM2AED6AEB-AEBiAIBqAIBuALBjMLTBsACAdICJDRlYmVmMGVjLTBmMjctNDNkNS05MDQ0LWY2ZTFmMzRjMjI5M9gCAeACAQ&ucfs=1&arphpl=1&checkin=2026-08-06&checkout=2026-08-07&dest_id=-2767043&dest_type=city&group_adults=2&req_adults=2&no_rooms=1&group_children=0&req_children=0&hpos=17&hapos=312&sr_order=popularity&srpvid=7b4f562059d9004c&srepoch=1785759336&all_sr_blocks=1397359802_411628682_2_2_0&highlighted_blocks=1397359802_411628682_2_2_0&matching_block_id=1397359802_411628682_2_2_0&sr_pri_blocks=1397359802_411628682_2_2_0__720000&from=searchresults,7200,,,Lahore,24.3,Deluxe Double Room,2 double beds,0,1,1,https://cf.bstatic.com/xdata/images/hotel/square240/672603168.webp?k=585c4fba6078d2c6d8ded76d20987dd98fadd10a680662b2e35eee1f3ea87da0&o=,4,Lahore
Hotel Five Season Lahore,https://www.booking.com/hotel/pk/five-seasons.en-gb.html?aid=304142&label=gen173nr-10CAQoggJCDWNpdHlfLTI3NjcwNDNICVgEaLUBiAEBmAEzuAEHyAEM2AED6AEB-AEBiAIBqAIBuALBjMLTBsACAdICJDRlYmVmMGVjLTBmMjctNDNkNS05MDQ0LWY2ZTFmMzRjMjI5M9gCAeACAQ&ucfs=1&arphpl=1&checkin=2026-08-06&checkout=2026-08-07&dest_id=-2767043&dest_type=city&group_adults=2&req_adults=2&no_rooms=1&group_children=0&req_children=0&hpos=18&hapos=313&sr_order=popularity&srpvid=7b4f562059d9004c&srepoch=1785759336&all_sr_blocks=1126037301_385270611_2_0_0_247079&highlighted_blocks=1126037301_385270611_2_0_0_247079&matching_block_id=1126037301_385270611_2_0_0_247079&sr_pri_blocks=1126037301_385270611_2_0_0_247079_518000&from=searchresults,5180,6.8,65.0,"Johar Town, Lahore",11.4,Deluxe Double Room,1 extra-large double bed,0,1,1,https://cf.bstatic.com/xdata/images/hotel/square240/520992784.webp?k=6214aac9e90195dacb11f83a8bf3f5cdfe46b854b221fd4ca64041e34594e697&o=,12,Lahore
Premier Inn Gulberg Lahore,https://www.booking.com/hotel/pk/premier-inn-lahore1.en-gb.html?aid=304142&label=gen173nr-10CAQoggJCDWNpdHlfLTI3NjcwNDNICVgEaLUBiAEBmAEzuAEHyAEM2AED6AEB-AEBiAIBqAIBuALBjMLTBsACAdICJDRlYmVmMGVjLTBmMjctNDNkNS05MDQ0LWY2ZTFmMzRjMjI5M9gCAeACAQ&ucfs=1&arphpl=1&checkin=2026-08-06&checkout=2026-08-07&dest_id=-2767043&dest_type=city&group_adults=2&req_adults=2&no_rooms=1&group_children=0&req_children=0&hpos=19&hapos=314&sr_order=popularity&srpvid=7b4f562059d9004c&srepoch=1785759336&all_sr_blocks=493699905_392527332_2_1_0&highlighted_blocks=493699905_392527332_2_1_0&matching_block_id=493699905_392527332_2_1_0&sr_pri_blocks=493699905_392527332_2_1_0__581400&from=searchresults,5814,7.1,591.0,Lahore,3.7,Deluxe Double Room,1 double bed,1,1,1,https://cf.bstatic.com/xdata/images/hotel/square240/742463103.webp?k=72ba6bf63351181bde122dc60da51bf5f91cbe33c91874bc53c2429b1e25ffb1&o=,12,Lahore
Grey Orchard Homestay - A Family Place,https://www.booking.com/hotel/pk/aliya-39-s-place.en-gb.html?aid=304142&label=gen173nr-10CAQoggJCDWNpdHlfLTI3NjcwNDNICVgEaLUBiAEBmAEzuAEHyAEM2AED6AEB-AEBiAIBqAIBuALBjMLTBsACAdICJDRlYmVmMGVjLTBmMjctNDNkNS05MDQ0LWY2ZTFmMzRjMjI5M9gCAeACAQ&ucfs=1&arphpl=1&checkin=2026-08-06&checkout=2026-08-07&dest_id=-2767043&dest_type=city&group_adults=2&req_adults=2&no_rooms=1&group_children=0&req_children=0&hpos=20&hapos=315&sr_order=popularity&srpvid=7b4f562059d9004c&srepoch=1785759336&all_sr_blocks=808630206_342434400_2_2_0&highlighted_blocks=808630206_342434400_2_2_0&matching_block_id=808630206_342434400_2_2_0&sr_pri_blocks=808630206_342434400_2_2_0__620000&from=searchresults,6200,8.8,53.0,Lahore,13.8,Standard Queen Room,"3 beds (1 double, 2 futons)",0,1,1,https://cf.bstatic.com/xdata/images/hotel/square240/484845595.webp?k=39e728711b71d7ad786ca4aecfe487c721ffd8dff51f1c333931d951ad6afc0e&o=,4,Lahore
Doves Inn Hotel kalma Chowk,https://www.booking.com/hotel/pk/doves-inn-lahore.en-gb.html?aid=304142&label=gen173nr-10CAQoggJCDWNpdHlfLTI3NjcwNDNICVgEaLUBiAEBmAEzuAEHyAEM2AED6AEB-AEBiAIBqAIBuALBjMLTBsACAdICJDRlYmVmMGVjLTBmMjctNDNkNS05MDQ0LWY2ZTFmMzRjMjI5M9gCAeACAQ&ucfs=1&arphpl=1&checkin=2026-08-06&checkout=2026-08-07&dest_id=-2767043&dest_type=city&group_adults=2&req_adults=2&no_rooms=1&group_children=0&req_children=0&hpos=21&hapos=316&sr_order=popularity&srpvid=7b4f562059d9004c&srepoch=1785759336&all_sr_blocks=922525808_401838693_0_42_0&highlighted_blocks=922525808_401838693_0_42_0&matching_block_id=922525808_401838693_0_42_0&sr_pri_blocks=922525808_401838693_0_42_0__567000&from=searchresults,5670,8.2,352.0,Lahore,6.9,Twin Room with Private Bathroom,2 single beds,0,1,1,https://cf.bstatic.com/xdata/images/hotel/square240/698779260.webp?k=57d082ea6220a5f49694f8c1a98d28ad82329db771a08b614110df1feadbc6e3&o=,5,Lahore
"Lawrence View Hotel, Lahore",https://www.booking.com/hotel/pk/lawrence-view-lahore1.en-gb.html?aid=304142&label=gen173nr-10CAQoggJCDWNpdHlfLTI3NjcwNDNICVgEaLUBiAEBmAEzuAEHyAEM2AED6AEB-AEBiAIBqAIBuALBjMLTBsACAdICJDRlYmVmMGVjLTBmMjctNDNkNS05MDQ0LWY2ZTFmMzRjMjI5M9gCAeACAQ&ucfs=1&arphpl=1&checkin=2026-08-06&checkout=2026-08-07&dest_id=-2767043&dest_type=city&group_adults=2&req_adults=2&no_rooms=1&group_children=0&req_children=0&hpos=22&hapos=317&sr_order=popularity&srpvid=7b4f562059d9004c&srepoch=1785759336&all_sr_blocks=915505504_372188347_0_41_0_189415&highlighted_blocks=915505504_372188347_0_41_0_189415&matching_block_id=915505504_372188347_0_41_0_189415&sr_pri_blocks=915505504_372188347_0_41_0_189415_1020000&from=searchresults,10200,8.4,571.0,Lahore,1.6,Deluxe Double Room,1 double bed,1,1,1,https://cf.bstatic.com/xdata/images/hotel/square240/900762324.webp?k=802f8adc7a3c8949d8576f46a13ee5f3727c047b7bd37f68e291e1a9d729f8b4&o=,12,Lahore
"Royal Height Residence Luxury Family Apartments in Bahria Town, Lahore",https://www.booking.com/hotel/pk/royal-height-residence-lahore2.en-gb.html?aid=304142&label=gen173nr-10CAQoggJCDWNpdHlfLTI3NjcwNDNICVgEaLUBiAEBmAEzuAEHyAEM2AED6AEB-AEBiAIBqAIBuALBjMLTBsACAdICJDRlYmVmMGVjLTBmMjctNDNkNS05MDQ0LWY2ZTFmMzRjMjI5M9gCAeACAQ&ucfs=1&arphpl=1&checkin=2026-08-06&checkout=2026-08-07&dest_id=-2767043&dest_type=city&group_adults=2&req_adults=2&no_rooms=1&group_children=0&req_children=0&hpos=23&hapos=318&sr_order=popularity&srpvid=7b4f562059d9004c&srepoch=1785759336&all_sr_blocks=1276240301_400510290_2_2_0&highlighted_blocks=1276240301_400510290_2_2_0&matching_block_id=1276240301_400510290_2_2_0&sr_pri_blocks=1276240301_400510290_2_2_0__688500&from=searchresults,6885,8.7,12.0,Lahore,25.4,One-Bedroom Apartment,"2 beds (1 double, 1 sofa bed)",0,1,1,https://cf.bstatic.com/xdata/images/hotel/square240/656409959.webp?k=53a754bb353807ac98936be918b52dd00b92b80e4d70c76e189ba4a2d2e9ff10&o=,6,Lahore
Qamar suite,https://www.booking.com/hotel/pk/qamar-suite.en-gb.html?aid=304142&label=gen173nr-10CAQoggJCDWNpdHlfLTI3NjcwNDNICVgEaLUBiAEBmAEzuAEHyAEM2AED6AEB-AEBiAIBqAIBuALBjMLTBsACAdICJDRlYmVmMGVjLTBmMjctNDNkNS05MDQ0LWY2ZTFmMzRjMjI5M9gCAeACAQ&ucfs=1&arphpl=1&checkin=2026-08-06&checkout=2026-08-07&dest_id=-2767043&dest_type=city&group_adults=2&req_adults=2&no_rooms=1&group_children=0&req_children=0&hpos=24&hapos=319&sr_order=popularity&srpvid=7b4f562059d9004c&srepoch=1785759336&all_sr_blocks=1691093701_440742907_3_0_0&highlighted_blocks=1691093701_440742907_3_0_0&matching_block_id=1691093701_440742907_3_0_0&sr_pri_blocks=1691093701_440742907_3_0_0__750000&from=searchresults,7500,10,1.0,Lahore,24.8,One-Bedroom Apartment,"2 beds (1 double, 1 sofa bed)",0,1,1,https://cf.bstatic.com/xdata/images/hotel/square240/896728806.webp?k=51d7b9a9a6228ded9bd28b02cc208d30d3bf12e5b584f32611bb5683a4876e89&o=,4,Lahore
Studio Apartment in Gold Crest Mall - DHA Lahore,https://www.booking.com/hotel/pk/studio-apartment-in-gold-crest-mall-dha-lahore.en-gb.html?aid=304142&label=gen173nr-10CAQoggJCDWNpdHlfLTI3NjcwNDNICVgEaLUBiAEBmAEzuAEHyAEM2AED6AEB-AEBiAIBqAIBuALBjMLTBsACAdICJDRlYmVmMGVjLTBmMjctNDNkNS05MDQ0LWY2ZTFmMzRjMjI5M9gCAeACAQ&ucfs=1&arphpl=1&checkin=2026-08-06&checkout=2026-08-07&dest_id=-2767043&dest_type=city&group_adults=2&req_adults=2&no_rooms=1&group_children=0&req_children=0&hpos=25&hapos=320&sr_order=popularity&srpvid=7b4f562059d9004c&srepoch=1785759336&all_sr_blocks=1368430901_409076108_2_0_0_844283&highlighted_blocks=1368430901_409076108_2_0_0_844283&matching_block_id=1368430901_409076108_2_0_0_844283&sr_pri_blocks=1368430901_409076108_2_0_0_844283_1224000&from=searchresults,12240,8.2,24.0,Lahore,12.0,One-Bedroom Apartment,1 large double bed,0,0,0,https://cf.bstatic.com/xdata/images/hotel/square240/652225991.webp?k=28875f7b7cea9ef4156c334fb8cfa5bea23905c26916abbb2a27611ac4cc3cd1&o=,12,Lahore
"Goldcrest Alfatah Mall, Lahore Apartments by Alvis Suite",https://www.booking.com/hotel/pk/goldcrest-alfatah-mall-lahore-apartments-by-alvis-suite.en-gb.html?aid=304142&label=gen173nr-10CAQoggJCDWNpdHlfLTI3NjcwNDNICVgEaLUBiAEBmAEzuAEHyAEM2AED6AEB-AEBiAIBqAIBuALBjMLTBsACAdICJDRlYmVmMGVjLTBmMjctNDNkNS05MDQ0LWY2ZTFmMzRjMjI5M9gCAeACAQ&ucfs=1&arphpl=1&checkin=2026-08-06&checkout=2026-08-07&dest_id=-2767043&dest_type=city&group_adults=2&req_adults=2&no_rooms=1&group_children=0&req_children=0&hpos=1&hapos=321&sr_order=popularity&srpvid=7b4f562059d9004c&srepoch=1785759339&all_sr_blocks=1679477801_439783357_2_0_0&highlighted_blocks=1679477801_439783357_2_0_0&matching_block_id=1679477801_439783357_2_0_0&sr_pri_blocks=1679477801_439783357_2_0_0__965930&from=searchresults,9659,3.0,1.0,Lahore,12.0,Studio Apartment,"2 beds (1 double, 1 sofa bed)",0,1,1,https://cf.bstatic.com/xdata/images/hotel/square240/890848430.webp?k=d87181a4c720453938c3372765d55221c579eaed63b84aa9648f5788d7a0995d&o=,13,Lahore
Westin Suites,https://www.booking.com/hotel/pk/westin-suites.en-gb.html?aid=304142&label=gen173nr-10CAQoggJCDWNpdHlfLTI3NjcwNDNICVgEaLUBiAEBmAEzuAEHyAEM2AED6AEB-AEBiAIBqAIBuALBjMLTBsACAdICJDRlYmVmMGVjLTBmMjctNDNkNS05MDQ0LWY2ZTFmMzRjMjI5M9gCAeACAQ&ucfs=1&arphpl=1&checkin=2026-08-06&checkout=2026-08-07&dest_id=-2767043&dest_type=city&group_adults=2&req_adults=2&no_rooms=1&group_children=0&req_children=0&hpos=2&hapos=322&sr_order=popularity&srpvid=7b4f562059d9004c&srepoch=1785759339&all_sr_blocks=377665102_247397280_2_1_0&highlighted_blocks=377665102_247397280_2_1_0&matching_block_id=377665102_247397280_2_1_0&sr_pri_blocks=377665102_247397280_2_1_0__480000&from=searchresults,4800,5.4,25.0,"Gulberg, Lahore",6.1,Deluxe Room (2 Adults + 1 Child),1 extra-large double bed,1,1,1,https://cf.bstatic.com/xdata/images/hotel/square240/217639505.webp?k=fa2f2d2d318642c4b0954510a5fc29c54e7ea6453313bbf7ba897358edfa1a3a&o=,5,Lahore
DHA Luxe Stay,https://www.booking.com/hotel/pk/h-and-j.en-gb.html?aid=304142&label=gen173nr-10CAQoggJCDWNpdHlfLTI3NjcwNDNICVgEaLUBiAEBmAEzuAEHyAEM2AED6AEB-AEBiAIBqAIBuALBjMLTBsACAdICJDRlYmVmMGVjLTBmMjctNDNkNS05MDQ0LWY2ZTFmMzRjMjI5M9gCAeACAQ&ucfs=1&arphpl=1&checkin=2026-08-06&checkout=2026-08-07&dest_id=-2767043&dest_type=city&group_adults=2&req_adults=2&no_rooms=1&group_children=0&req_children=0&hpos=3&hapos=323&sr_order=popularity&srpvid=7b4f562059d9004c&srepoch=1785759339&all_sr_blocks=1476906201_419136269_3_1_0&highlighted_blocks=1476906201_419136269_3_1_0&matching_block_id=1476906201_419136269_3_1_0&sr_pri_blocks=1476906201_419136269_3_1_0__675000&from=searchresults,6750,8.3,13.0,Lahore,17.3,Double Room,1 double bed,1,0,0,https://cf.bstatic.com/xdata/images/hotel/square240/876535429.webp?k=82b9d5a23223b2442dc9093adc224643f4ad5d0325665c041acc0e927e552f35&o=,8,Lahore
Diamounts Premium living,https://www.booking.com/hotel/pk/diamounts-premium-living-lahore.en-gb.html?aid=304142&label=gen173nr-10CAQoggJCDWNpdHlfLTI3NjcwNDNICVgEaLUBiAEBmAEzuAEHyAEM2AED6AEB-AEBiAIBqAIBuALBjMLTBsACAdICJDRlYmVmMGVjLTBmMjctNDNkNS05MDQ0LWY2ZTFmMzRjMjI5M9gCAeACAQ&ucfs=1&arphpl=1&checkin=2026-08-06&checkout=2026-08-07&dest_id=-2767043&dest_type=city&group_adults=2&req_adults=2&no_rooms=1&group_children=0&req_children=0&hpos=4&hapos=324&sr_order=popularity&srpvid=7b4f562059d9004c&srepoch=1785759339&all_sr_blocks=1678515601_439639893_2_0_0&highlighted_blocks=1678515601_439639893_2_0_0&matching_block_id=1678515601_439639893_2_0_0&sr_pri_blocks=1678515601_439639893_2_0_0__637500&from=searchresults,6375,10,1.0,Lahore,25.9,One-Bedroom Apartment,1 double bed,0,1,1,https://cf.bstatic.com/xdata/images/hotel/square240/890268692.webp?k=7512e8e7e016e5b6225a9fd706ea7cb0ecdb75f0425acc7f7c513ae486ed3041&o=,4,Lahore
Lux Haven Apartments in Lahore near Gulberg - Exclusive Spaces for Exceptional Stays,https://www.booking.com/hotel/pk/luxury-apartment-in-lahore.en-gb.html?aid=304142&label=gen173nr-10CAQoggJCDWNpdHlfLTI3NjcwNDNICVgEaLUBiAEBmAEzuAEHyAEM2AED6AEB-AEBiAIBqAIBuALBjMLTBsACAdICJDRlYmVmMGVjLTBmMjctNDNkNS05MDQ0LWY2ZTFmMzRjMjI5M9gCAeACAQ&ucfs=1&arphpl=1&checkin=2026-08-06&checkout=2026-08-07&dest_id=-2767043&dest_type=city&group_adults=2&req_adults=2&no_rooms=1&group_children=0&req_children=0&hpos=5&hapos=325&sr_order=popularity&srpvid=7b4f562059d9004c&srepoch=1785759339&all_sr_blocks=1013792201_373970998_5_0_0&highlighted_blocks=1013792201_373970998_5_0_0&matching_block_id=1013792201_373970998_5_0_0&sr_pri_blocks=1013792201_373970998_5_0_0__1579500&from=searchresults,15795,9.2,52.0,Lahore,3.4,Two-Bedroom Apartment,"5 beds (2 singles, 2 sofa beds, 1 large double)",0,0,0,https://cf.bstatic.com/xdata/images/hotel/square240/824228089.webp?k=fd72fe6da0726d0b55cc176ec66d51f921da2c0ca6e329c906d8c76c312afab9&o=,11,Lahore
OBAN Hotel,https://www.booking.com/hotel/pk/oban-lahore1.en-gb.html?aid=304142&label=gen173nr-10CAQoggJCDWNpdHlfLTI3NjcwNDNICVgEaLUBiAEBmAEzuAEHyAEM2AED6AEB-AEBiAIBqAIBuALBjMLTBsACAdICJDRlYmVmMGVjLTBmMjctNDNkNS05MDQ0LWY2ZTFmMzRjMjI5M9gCAeACAQ&ucfs=1&arphpl=1&checkin=2026-08-06&checkout=2026-08-07&dest_id=-2767043&dest_type=city&group_adults=2&req_adults=2&no_rooms=1&group_children=0&req_children=0&hpos=6&hapos=326&sr_order=popularity&srpvid=7b4f562059d9004c&srepoch=1785759339&all_sr_blocks=946400009_0_2_0_0&highlighted_blocks=946400009_0_2_0_0&matching_block_id=946400009_0_2_0_0&sr_pri_blocks=946400009_0_2_0_0__1138196&from=searchresults,11382,8.0,418.0,"Gulberg, Lahore (M.M. Allam Road)",6.1,Deluxe Twin Room,2 single beds,0,0,0,https://cf.bstatic.com/xdata/images/hotel/square240/771801558.webp?k=1d6696cbdd65236f360956a667824688644122293cd8997ef9a6d69b7d78a9ae&o=,9,Lahore
Supreme Residences in Lahore Prime location Gold Crest Mall A P A R T M E N T S,https://www.booking.com/hotel/pk/one-bed-luxury-gold-crest-mall-apt.en-gb.html?aid=304142&label=gen173nr-10CAQoggJCDWNpdHlfLTI3NjcwNDNICVgEaLUBiAEBmAEzuAEHyAEM2AED6AEB-AEBiAIBqAIBuALBjMLTBsACAdICJDRlYmVmMGVjLTBmMjctNDNkNS05MDQ0LWY2ZTFmMzRjMjI5M9gCAeACAQ&ucfs=1&arphpl=1&checkin=2026-08-06&checkout=2026-08-07&dest_id=-2767043&dest_type=city&group_adults=2&req_adults=2&no_rooms=1&group_children=0&req_children=0&hpos=7&hapos=327&sr_order=popularity&srpvid=7b4f562059d9004c&srepoch=1785759339&all_sr_blocks=1380876202_410184634_2_0_0&highlighted_blocks=1380876202_410184634_2_0_0&matching_block_id=1380876202_410184634_2_0_0&sr_pri_blocks=1380876202_410184634_2_0_0__1155000&from=searchresults,11550,5.5,4.0,Lahore,11.9,King Studio,1 extra-large double bed,0,1,1,https://cf.bstatic.com/xdata/images/hotel/square240/661454095.webp?k=418dbca4b4704f726e98152e90a35dd85e0f35410c002c480c70ab79f4516540&o=,8,Lahore
Maati Spaces - Rooms with Kitchen,https://www.booking.com/hotel/pk/maati-spaces.en-gb.html?aid=304142&label=gen173nr-10CAQoggJCDWNpdHlfLTI3NjcwNDNICVgEaLUBiAEBmAEzuAEHyAEM2AED6AEB-AEBiAIBqAIBuALBjMLTBsACAdICJDRlYmVmMGVjLTBmMjctNDNkNS05MDQ0LWY2ZTFmMzRjMjI5M9gCAeACAQ&ucfs=1&arphpl=1&checkin=2026-08-06&checkout=2026-08-07&dest_id=-2767043&dest_type=city&group_adults=2&req_adults=2&no_rooms=1&group_children=0&req_children=0&hpos=8&hapos=328&sr_order=popularity&srpvid=7b4f562059d9004c&srepoch=1785759339&all_sr_blocks=771098602_353200643_2_0_0&highlighted_blocks=771098602_353200643_2_0_0&matching_block_id=771098602_353200643_2_0_0&sr_pri_blocks=771098602_353200643_2_0_0__800000&from=searchresults,8000,10,17.0,Lahore,14.0,Double or Twin Room,2 single beds,0,1,0,https://cf.bstatic.com/xdata/images/hotel/square240/318637756.webp?k=24154f0e23e2ba6df53e220b4320c6d43a1ebe6e1ff0b5ea4ddbc55e9ab87fc5&o=,11,Lahore
Trésor - Designer 1 BHK - Gulberg - MM Alam - Pool,https://www.booking.com/hotel/pk/enchanted-terrace-1-br-penthouse-dha-self-check-in-lahore.en-gb.html?aid=304142&label=gen173nr-10CAQoggJCDWNpdHlfLTI3NjcwNDNICVgEaLUBiAEBmAEzuAEHyAEM2AED6AEB-AEBiAIBqAIBuALBjMLTBsACAdICJDRlYmVmMGVjLTBmMjctNDNkNS05MDQ0LWY2ZTFmMzRjMjI5M9gCAeACAQ&ucfs=1&arphpl=1&checkin=2026-08-06&checkout=2026-08-07&dest_id=-2767043&dest_type=city&group_adults=2&req_adults=2&no_rooms=1&group_children=0&req_children=0&hpos=9&hapos=329&sr_order=popularity&srpvid=7b4f562059d9004c&srepoch=1785759339&all_sr_blocks=1267538701_433109296_4_0_0&highlighted_blocks=1267538701_433109296_4_0_0&matching_block_id=1267538701_433109296_4_0_0&sr_pri_blocks=1267538701_433109296_4_0_0__1456000&from=searchresults,14560,7.4,7.0,"Gulberg, Lahore (M.M. Allam Road)",7.0,One-Bedroom Apartment,"5 beds (1 extra-large double, 3 sofa beds, 1 futon)",0,1,1,https://cf.bstatic.com/xdata/images/hotel/square240/870548507.webp?k=4cd12fab7fb7cd1a36c7cc58f555c49edc225602398e22c9cb3ba768b288a760&o=,6,Lahore
Hotel Grand Orchard,https://www.booking.com/hotel/pk/grand-orchard.en-gb.html?aid=304142&label=gen173nr-10CAQoggJCDWNpdHlfLTI3NjcwNDNICVgEaLUBiAEBmAEzuAEHyAEM2AED6AEB-AEBiAIBqAIBuALBjMLTBsACAdICJDRlYmVmMGVjLTBmMjctNDNkNS05MDQ0LWY2ZTFmMzRjMjI5M9gCAeACAQ&ucfs=1&arphpl=1&checkin=2026-08-06&checkout=2026-08-07&dest_id=-2767043&dest_type=city&group_adults=2&req_adults=2&no_rooms=1&group_children=0&req_children=0&hpos=10&hapos=330&sr_order=popularity&srpvid=7b4f562059d9004c&srepoch=1785759339&all_sr_blocks=1582264902_429341809_2_42_0&highlighted_blocks=1582264902_429341809_2_42_0&matching_block_id=1582264902_429341809_2_42_0&sr_pri_blocks=1582264902_429341809_2_42_0__810000&from=searchresults,8100,9.3,23.0,"Johar Town, Lahore",11.4,Double Room,2 double beds,0,0,0,https://cf.bstatic.com/xdata/images/hotel/square240/842580542.webp?k=d19d30b29904ce71b5f09c5f64e82d4d399565f6d9d551f314f38eaf639cc2d8&o=,9,Lahore
Horizon Hotel,https://www.booking.com/hotel/pk/horizon-lahore.en-gb.html?aid=304142&label=gen173nr-10CAQoggJCDWNpdHlfLTI3NjcwNDNICVgEaLUBiAEBmAEzuAEHyAEM2AED6AEB-AEBiAIBqAIBuALBjMLTBsACAdICJDRlYmVmMGVjLTBmMjctNDNkNS05MDQ0LWY2ZTFmMzRjMjI5M9gCAeACAQ&ucfs=1&arphpl=1&checkin=2026-08-06&checkout=2026-08-07&dest_id=-2767043&dest_type=city&group_adults=2&req_adults=2&no_rooms=1&group_children=0&req_children=0&hpos=11&hapos=331&sr_order=popularity&srpvid=7b4f562059d9004c&srepoch=1785759339&all_sr_blocks=769712801_334755025_0_1_0&highlighted_blocks=769712801_334755025_0_1_0&matching_block_id=769712801_334755025_0_1_0&sr_pri_blocks=769712801_334755025_0_1_0__500000&from=searchresults,5000,8.0,79.0,"Johar Town, Lahore",13.4,Deluxe King Room,1 double bed,1,1,1,https://cf.bstatic.com/xdata/images/hotel/square240/323389134.webp?k=687f611f57720a4035a10a3df3f3337abba7c654270b7f68291cf71d4071bc0f&o=,8,Lahore
Hotel White Pearl,https://www.booking.com/hotel/pk/white-pearl.en-gb.html?aid=304142&label=gen173nr-10CAQoggJCDWNpdHlfLTI3NjcwNDNICVgEaLUBiAEBmAEzuAEHyAEM2AED6AEB-AEBiAIBqAIBuALBjMLTBsACAdICJDRlYmVmMGVjLTBmMjctNDNkNS05MDQ0LWY2ZTFmMzRjMjI5M9gCAeACAQ&ucfs=1&arphpl=1&checkin=2026-08-06&checkout=2026-08-07&dest_id=-2767043&dest_type=city&group_adults=2&req_adults=2&no_rooms=1&group_children=0&req_children=0&hpos=12&hapos=332&sr_order=popularity&srpvid=7b4f562059d9004c&srepoch=1785759339&all_sr_blocks=752071202_438399153_0_2_0&highlighted_blocks=752071202_438399153_0_2_0&matching_block_id=752071202_438399153_0_2_0&sr_pri_blocks=752071202_438399153_0_2_0__523600&from=searchresults,5236,5.9,150.0,"Johar Town, Lahore",10.9,Deluxe Twin Room,2 single beds,0,1,1,https://cf.bstatic.com/xdata/images/hotel/square240/332286731.webp?k=c549392be3c807f1d9174b65a29bd34866de7e45b69bcf6cdca2d67c9fdff7a3&o=,11,Lahore
Hotel Signature Rezidor,https://www.booking.com/hotel/pk/signature-rezidor.en-gb.html?aid=304142&label=gen173nr-10CAQoggJCDWNpdHlfLTI3NjcwNDNICVgEaLUBiAEBmAEzuAEHyAEM2AED6AEB-AEBiAIBqAIBuALBjMLTBsACAdICJDRlYmVmMGVjLTBmMjctNDNkNS05MDQ0LWY2ZTFmMzRjMjI5M9gCAeACAQ&ucfs=1&arphpl=1&checkin=2026-08-06&checkout=2026-08-07&dest_id=-2767043&dest_type=city&group_adults=2&req_adults=2&no_rooms=1&group_children=0&req_children=0&hpos=13&hapos=333&sr_order=popularity&srpvid=7b4f562059d9004c&srepoch=1785759339&all_sr_blocks=1476521302_419092699_2_1_0&highlighted_blocks=1476521302_419092699_2_1_0&matching_block_id=1476521302_419092699_2_1_0&sr_pri_blocks=1476521302_419092699_2_1_0__675000&from=searchresults,6750,7.2,12.0,"Gulberg, Lahore",7.9,Deluxe Double or Twin Room,1 double bed,1,1,1,https://cf.bstatic.com/xdata/images/hotel/square240/732566126.webp?k=1acda441a0f1a39e1ce38f69f2e0343b3814989bc8462ee4b714ab4df3f74efe&o=,5,Lahore
Goldcrest Mall DHA Phase 4 - Luxury Apartments - Free Parking,https://www.booking.com/hotel/pk/goldcrest-mall-dha-phase-4-luxury-apartments-free-parking.en-gb.html?aid=304142&label=gen173nr-10CAQoggJCDWNpdHlfLTI3NjcwNDNICVgEaLUBiAEBmAEzuAEHyAEM2AED6AEB-AEBiAIBqAIBuALBjMLTBsACAdICJDRlYmVmMGVjLTBmMjctNDNkNS05MDQ0LWY2ZTFmMzRjMjI5M9gCAeACAQ&ucfs=1&arphpl=1&checkin=2026-08-06&checkout=2026-08-07&dest_id=-2767043&dest_type=city&group_adults=2&req_adults=2&no_rooms=1&group_children=0&req_children=0&hpos=14&hapos=334&sr_order=popularity&srpvid=7b4f562059d9004c&srepoch=1785759339&all_sr_blocks=1695548801_441229682_2_0_0&highlighted_blocks=1695548801_441229682_2_0_0&matching_block_id=1695548801_441229682_2_0_0&sr_pri_blocks=1695548801_441229682_2_0_0__1172915&from=searchresults,11729,,,Lahore,12.0,Studio Apartment,1 extra-large double bed,0,1,1,https://cf.bstatic.com/xdata/images/hotel/square240/899943473.webp?k=cb219c2a0ceb21d04befe9d978a37a04e7d5c0661b75c11d9c0d69e9bb5dde02&o=,12,Lahore
Hotel Luxe Heights Lahore,https://www.booking.com/hotel/pk/luxe-heights-lahore.en-gb.html?aid=304142&label=gen173nr-10CAQoggJCDWNpdHlfLTI3NjcwNDNICVgEaLUBiAEBmAEzuAEHyAEM2AED6AEB-AEBiAIBqAIBuALBjMLTBsACAdICJDRlYmVmMGVjLTBmMjctNDNkNS05MDQ0LWY2ZTFmMzRjMjI5M9gCAeACAQ&ucfs=1&arphpl=1&checkin=2026-08-06&checkout=2026-08-07&dest_id=-2767043&dest_type=city&group_adults=2&req_adults=2&no_rooms=1&group_children=0&req_children=0&hpos=15&hapos=335&sr_order=popularity&srpvid=7b4f562059d9004c&srepoch=1785759339&all_sr_blocks=1162469101_388914507_2_2_0&highlighted_blocks=1162469101_388914507_2_2_0&matching_block_id=1162469101_388914507_2_2_0&sr_pri_blocks=1162469101_388914507_2_2_0__467325&from=searchresults,4673,7.5,48.0,Lahore,18.4,Standard Double Room,1 large double bed,0,1,1,https://cf.bstatic.com/xdata/images/hotel/square240/883389050.webp?k=52b84ddfcf0e5189a74ee08e78a6bbd37a66956492e58c183b60571f3e40bfca&o=,12,Lahore
Hotel Four Season,https://www.booking.com/hotel/pk/4-season-lahore.en-gb.html?aid=304142&label=gen173nr-10CAQoggJCDWNpdHlfLTI3NjcwNDNICVgEaLUBiAEBmAEzuAEHyAEM2AED6AEB-AEBiAIBqAIBuALBjMLTBsACAdICJDRlYmVmMGVjLTBmMjctNDNkNS05MDQ0LWY2ZTFmMzRjMjI5M9gCAeACAQ&ucfs=1&arphpl=1&checkin=2026-08-06&checkout=2026-08-07&dest_id=-2767043&dest_type=city&group_adults=2&req_adults=2&no_rooms=1&group_children=0&req_children=0&hpos=16&hapos=336&sr_order=popularity&srpvid=7b4f562059d9004c&srepoch=1785759339&all_sr_blocks=1458926004_417204441_2_0_0&highlighted_blocks=1458926004_417204441_2_0_0&matching_block_id=1458926004_417204441_2_0_0&sr_pri_blocks=1458926004_417204441_2_0_0__440000&from=searchresults,4400,7.3,3.0,"Johar Town, Lahore",12.0,Standard Double Room with Fan,1 large double bed,0,1,1,https://cf.bstatic.com/xdata/images/hotel/square240/715498537.webp?k=8898de187a9261f81937e829688b9109549400c67ea0f7bd4042fee9a25d930a&o=,7,Lahore
Evergreen Escape,https://www.booking.com/hotel/pk/evergreen-escape.en-gb.html?aid=304142&label=gen173nr-10CAQoggJCDWNpdHlfLTI3NjcwNDNICVgEaLUBiAEBmAEzuAEHyAEM2AED6AEB-AEBiAIBqAIBuALBjMLTBsACAdICJDRlYmVmMGVjLTBmMjctNDNkNS05MDQ0LWY2ZTFmMzRjMjI5M9gCAeACAQ&ucfs=1&arphpl=1&checkin=2026-08-06&checkout=2026-08-07&dest_id=-2767043&dest_type=city&group_adults=2&req_adults=2&no_rooms=1&group_children=0&req_children=0&hpos=17&hapos=337&sr_order=popularity&srpvid=7b4f562059d9004c&srepoch=1785759339&all_sr_blocks=1412052301_412943216_2_0_0&highlighted_blocks=1412052301_412943216_2_0_0&matching_block_id=1412052301_412943216_2_0_0&sr_pri_blocks=1412052301_412943216_2_0_0__396000&from=searchresults,3960,7.8,21.0,"Johar Town, Lahore",12.5,Deluxe King Room,1 extra-large double bed,0,1,1,https://cf.bstatic.com/xdata/images/hotel/square240/681274916.webp?k=f24455591fd8e02286d5aef567920a6beafd858fe50d90b79594b773f5f33b17&o=,4,Lahore
FIVEx,https://www.booking.com/hotel/pk/fivex.en-gb.html?aid=304142&label=gen173nr-10CAQoggJCDWNpdHlfLTI3NjcwNDNICVgEaLUBiAEBmAEzuAEHyAEM2AED6AEB-AEBiAIBqAIBuALBjMLTBsACAdICJDRlYmVmMGVjLTBmMjctNDNkNS05MDQ0LWY2ZTFmMzRjMjI5M9gCAeACAQ&ucfs=1&arphpl=1&checkin=2026-08-06&checkout=2026-08-07&dest_id=-2767043&dest_type=city&group_adults=2&req_adults=2&no_rooms=1&group_children=0&req_children=0&hpos=18&hapos=338&sr_order=popularity&srpvid=7b4f562059d9004c&srepoch=1785759339&all_sr_blocks=1689170801_440553290_0_0_0&highlighted_blocks=1689170801_440553290_0_0_0&matching_block_id=1689170801_440553290_0_0_0&sr_pri_blocks=1689170801_440553290_0_0_0__440000&from=searchresults,4400,,,Lahore,24.3,One-Bedroom Apartment,1 double bed,0,1,1,https://cf.bstatic.com/xdata/images/hotel/square240/902209549.webp?k=2d28d102ebfe286269a357f659f886a36d7896a41889cdd5056a80241503a0e4&o=,5,Lahore
Hotel Royal inn,https://www.booking.com/hotel/pk/inn-royal-blue-lahore-lahore.en-gb.html?aid=304142&label=gen173nr-10CAQoggJCDWNpdHlfLTI3NjcwNDNICVgEaLUBiAEBmAEzuAEHyAEM2AED6AEB-AEBiAIBqAIBuALBjMLTBsACAdICJDRlYmVmMGVjLTBmMjctNDNkNS05MDQ0LWY2ZTFmMzRjMjI5M9gCAeACAQ&ucfs=1&arphpl=1&checkin=2026-08-06&checkout=2026-08-07&dest_id=-2767043&dest_type=city&group_adults=2&req_adults=2&no_rooms=1&group_children=0&req_children=0&hpos=19&hapos=339&sr_order=popularity&srpvid=7b4f562059d9004c&srepoch=1785759339&all_sr_blocks=1220453808_394198910_2_0_0&highlighted_blocks=1220453808_394198910_2_0_0&matching_block_id=1220453808_394198910_2_0_0&sr_pri_blocks=1220453808_394198910_2_0_0__350000&from=searchresults,3500,2.0,3.0,"Johar Town, Lahore",12.8,Double Room,1 double bed,0,1,1,https://cf.bstatic.com/xdata/images/hotel/square240/565748168.webp?k=8e60b54c04e4a718dbeb556691977859d6a585d163b4a9ad38bf8169ce79a184&o=,4,Lahore
Light & Latte - 1BHK - MM ALAM - Gulberg 3 - Self CheckIn,https://www.booking.com/hotel/pk/light-amp-latte-1bhk-mm-alam-gulberg-3-self-checkin.en-gb.html?aid=304142&label=gen173nr-10CAQoggJCDWNpdHlfLTI3NjcwNDNICVgEaLUBiAEBmAEzuAEHyAEM2AED6AEB-AEBiAIBqAIBuALBjMLTBsACAdICJDRlYmVmMGVjLTBmMjctNDNkNS05MDQ0LWY2ZTFmMzRjMjI5M9gCAeACAQ&ucfs=1&arphpl=1&checkin=2026-08-06&checkout=2026-08-07&dest_id=-2767043&dest_type=city&group_adults=2&req_adults=2&no_rooms=1&group_children=0&req_children=0&hpos=20&hapos=340&sr_order=popularity&srpvid=7b4f562059d9004c&srepoch=1785759339&all_sr_blocks=1562430001_427320594_3_0_0&highlighted_blocks=1562430001_427320594_3_0_0&matching_block_id=1562430001_427320594_3_0_0&sr_pri_blocks=1562430001_427320594_3_0_0__1150000&from=searchresults,11500,7.5,6.0,"Gulberg, Lahore",7.0,One-Bedroom Apartment,1 double bed,0,1,1,https://cf.bstatic.com/xdata/images/hotel/square240/807157626.webp?k=8ae8c78c3e1b564636efbf63940d002d785dc30990e81ddac756cdb38f26959f&o=,4,Lahore
Zameen Aurum Luxury Apartments Gulberg 3 Mirhaa homes -1,https://www.booking.com/hotel/pk/zameen-aurum-luxury-apartments-gulberg-3-lahore.en-gb.html?aid=304142&label=gen173nr-10CAQoggJCDWNpdHlfLTI3NjcwNDNICVgEaLUBiAEBmAEzuAEHyAEM2AED6AEB-AEBiAIBqAIBuALBjMLTBsACAdICJDRlYmVmMGVjLTBmMjctNDNkNS05MDQ0LWY2ZTFmMzRjMjI5M9gCAeACAQ&ucfs=1&arphpl=1&checkin=2026-08-06&checkout=2026-08-07&dest_id=-2767043&dest_type=city&group_adults=2&req_adults=2&no_rooms=1&group_children=0&req_children=0&hpos=21&hapos=341&sr_order=popularity&srpvid=7b4f562059d9004c&srepoch=1785759339&all_sr_blocks=1376691201_409795664_2_0_0&highlighted_blocks=1376691201_409795664_2_0_0&matching_block_id=1376691201_409795664_2_0_0&sr_pri_blocks=1376691201_409795664_2_0_0__1299900&from=searchresults,12999,9.4,9.0,"Gulberg, Lahore",7.2,One-Bedroom Apartment,1 double bed,0,1,1,https://cf.bstatic.com/xdata/images/hotel/square240/729522664.webp?k=4f759d3c26e452dee079e4459fdaf11e172d3ed84a7f4cdea074af7d678ea101&o=,5,Lahore
Modern executive stay in Lahore Long stay ready,https://www.booking.com/hotel/pk/aaa-lahore.en-gb.html?aid=304142&label=gen173nr-10CAQoggJCDWNpdHlfLTI3NjcwNDNICVgEaLUBiAEBmAEzuAEHyAEM2AED6AEB-AEBiAIBqAIBuALBjMLTBsACAdICJDRlYmVmMGVjLTBmMjctNDNkNS05MDQ0LWY2ZTFmMzRjMjI5M9gCAeACAQ&ucfs=1&arphpl=1&checkin=2026-08-06&checkout=2026-08-07&dest_id=-2767043&dest_type=city&group_adults=2&req_adults=2&no_rooms=1&group_children=0&req_children=0&hpos=22&hapos=342&sr_order=popularity&srpvid=7b4f562059d9004c&srepoch=1785759339&all_sr_blocks=1663431901_438365428_3_2_0&highlighted_blocks=1663431901_438365428_3_2_0&matching_block_id=1663431901_438365428_3_2_0&sr_pri_blocks=1663431901_438365428_3_2_0__950000&from=searchresults,9500,9.0,1.0,Lahore,18.4,One-Bedroom Apartment,"2 beds (1 large double, 1 futon)",0,1,1,https://cf.bstatic.com/xdata/images/hotel/square240/881034290.webp?k=3d45e7c812635b75acd4728a1adec959f2f975207268a1d5b67b6d90e2e9f3b8&o=,4,Lahore
Goldcrest Residence DHA Lahore,https://www.booking.com/hotel/pk/goldcrest-residence-dha-lahore.en-gb.html?aid=304142&label=gen173nr-10CAQoggJCDWNpdHlfLTI3NjcwNDNICVgEaLUBiAEBmAEzuAEHyAEM2AED6AEB-AEBiAIBqAIBuALBjMLTBsACAdICJDRlYmVmMGVjLTBmMjctNDNkNS05MDQ0LWY2ZTFmMzRjMjI5M9gCAeACAQ&ucfs=1&arphpl=1&checkin=2026-08-06&checkout=2026-08-07&dest_id=-2767043&dest_type=city&group_adults=2&req_adults=2&no_rooms=1&group_children=0&req_children=0&hpos=23&hapos=343&sr_order=popularity&srpvid=7b4f562059d9004c&srepoch=1785759339&all_sr_blocks=1592557701_430318772_2_0_0&highlighted_blocks=1592557701_430318772_2_0_0&matching_block_id=1592557701_430318772_2_0_0&sr_pri_blocks=1592557701_430318772_2_0_0__1920000&from=searchresults,19200,6.3,3.0,Lahore,12.0,One-Bedroom Apartment,1 single bed,0,1,1,https://cf.bstatic.com/xdata/images/hotel/square240/831951051.webp?k=29918384d9813564f25366f65ff73f3cefbefc257a7375fad8c5e27482e16cb9&o=,4,Lahore
I Kanal Ultra Luxurious House With Private Cinema In DHA Phase 6,https://www.booking.com/hotel/pk/i-kanal-ultra-luxurious-house-with-basement-and-private-cinema-in-dha-phase-6.en-gb.html?aid=304142&label=gen173nr-10CAQoggJCDWNpdHlfLTI3NjcwNDNICVgEaLUBiAEBmAEzuAEHyAEM2AED6AEB-AEBiAIBqAIBuALBjMLTBsACAdICJDRlYmVmMGVjLTBmMjctNDNkNS05MDQ0LWY2ZTFmMzRjMjI5M9gCAeACAQ&ucfs=1&arphpl=1&checkin=2026-08-06&checkout=2026-08-07&dest_id=-2767043&dest_type=city&group_adults=2&req_adults=2&no_rooms=1&group_children=0&req_children=0&hpos=24&hapos=344&sr_order=popularity&srpvid=7b4f562059d9004c&srepoch=1785759339&all_sr_blocks=1598423001_430851263_15_2_0&highlighted_blocks=1598423001_430851263_15_2_0&matching_block_id=1598423001_430851263_15_2_0&sr_pri_blocks=1598423001_430851263_15_2_0__5500000&from=searchresults,55000,9.0,1.0,Lahore,16.5,Villa,1 double bed,0,1,1,https://cf.bstatic.com/xdata/images/hotel/square240/836389123.webp?k=c6fd0f25b62ee3523f38d750439c0f096cfc49f309a237f63ee02e03b64069bf&o=,4,Lahore
Goldcrest - 1 Bedroom Luxury Apartment - Lahore,https://www.booking.com/hotel/pk/goldcrest-mall-lahore.en-gb.html?aid=304142&label=gen173nr-10CAQoggJCDWNpdHlfLTI3NjcwNDNICVgEaLUBiAEBmAEzuAEHyAEM2AED6AEB-AEBiAIBqAIBuALBjMLTBsACAdICJDRlYmVmMGVjLTBmMjctNDNkNS05MDQ0LWY2ZTFmMzRjMjI5M9gCAeACAQ&ucfs=1&arphpl=1&checkin=2026-08-06&checkout=2026-08-07&dest_id=-2767043&dest_type=city&group_adults=2&req_adults=2&no_rooms=1&group_children=0&req_children=0&hpos=25&hapos=345&sr_order=popularity&srpvid=7b4f562059d9004c&srepoch=1785759339&all_sr_blocks=1263808801_409346591_2_0_0&highlighted_blocks=1263808801_409346591_2_0_0&matching_block_id=1263808801_409346591_2_0_0&sr_pri_blocks=1263808801_409346591_2_0_0__1800000&from=searchresults,18000,9.2,27.0,Lahore,12.0,One-Bedroom Apartment with Balcony,1 double bed,0,0,0,https://cf.bstatic.com/xdata/images/hotel/square240/592066088.webp?k=4ad02377eb4dc586a69542ef11235e707d2686865a19588f8b5ed817bf403481&o=,11,Lahore
4 Bedroom Royal Mansion in DHA Phase 6,https://www.booking.com/hotel/pk/4bhk-ultra-royal-mansion-in-dha-phase-6.en-gb.html?aid=304142&label=gen173nr-10CAQoggJCDWNpdHlfLTI3NjcwNDNICVgEaLUBiAEBmAEzuAEHyAEM2AED6AEB-AEBiAIBqAIBuALBjMLTBsACAdICJDRlYmVmMGVjLTBmMjctNDNkNS05MDQ0LWY2ZTFmMzRjMjI5M9gCAeACAQ&ucfs=1&arphpl=1&checkin=2026-08-06&checkout=2026-08-07&dest_id=-2767043&dest_type=city&group_adults=2&req_adults=2&no_rooms=1&group_children=0&req_children=0&hpos=1&hapos=346&sr_order=popularity&srpvid=7b4f562059d9004c&srepoch=1785759343&all_sr_blocks=1653309501_437282371_10_0_0&highlighted_blocks=1653309501_437282371_10_0_0&matching_block_id=1653309501_437282371_10_0_0&sr_pri_blocks=1653309501_437282371_10_0_0__2789800&from=searchresults,27898,,,Lahore,17.0,Superior Villa,"7 beds (4 extra-large doubles, 3 sofa beds)",0,1,1,https://cf.bstatic.com/xdata/images/hotel/square240/873735517.webp?k=b82a80518859dbef31e02e3ec00fcdf20a742c14aab27e938b010de81423aa30&o=,4,Lahore
Goldcrest Signature 2 Bedroom Premium Apartment in DHA,https://www.booking.com/hotel/pk/goldcrest-heights-luxury-2-bedroom-apartment-in-dha-phase-4.en-gb.html?aid=304142&label=gen173nr-10CAQoggJCDWNpdHlfLTI3NjcwNDNICVgEaLUBiAEBmAEzuAEHyAEM2AED6AEB-AEBiAIBqAIBuALBjMLTBsACAdICJDRlYmVmMGVjLTBmMjctNDNkNS05MDQ0LWY2ZTFmMzRjMjI5M9gCAeACAQ&ucfs=1&arphpl=1&checkin=2026-08-06&checkout=2026-08-07&dest_id=-2767043&dest_type=city&group_adults=2&req_adults=2&no_rooms=1&group_children=0&req_children=0&hpos=2&hapos=347&sr_order=popularity&srpvid=7b4f562059d9004c&srepoch=1785759343&all_sr_blocks=1554124801_426566548_4_0_0&highlighted_blocks=1554124801_426566548_4_0_0&matching_block_id=1554124801_426566548_4_0_0&sr_pri_blocks=1554124801_426566548_4_0_0__2532300&from=searchresults,25323,10,3.0,Lahore,12.4,Two-Bedroom Apartment,2 double beds,0,1,1,https://cf.bstatic.com/xdata/images/hotel/square240/800367694.webp?k=8e41b42d546ae31ff8a39479da1ee452445183dcba103012733298580b69de52&o=,4,Lahore
1BR Glass Dome 10 Min To Lhr Airport,https://www.booking.com/hotel/pk/1br-glass-dome.en-gb.html?aid=304142&label=gen173nr-10CAQoggJCDWNpdHlfLTI3NjcwNDNICVgEaLUBiAEBmAEzuAEHyAEM2AED6AEB-AEBiAIBqAIBuALBjMLTBsACAdICJDRlYmVmMGVjLTBmMjctNDNkNS05MDQ0LWY2ZTFmMzRjMjI5M9gCAeACAQ&ucfs=1&arphpl=1&checkin=2026-08-06&checkout=2026-08-07&dest_id=-2767043&dest_type=city&group_adults=2&req_adults=2&no_rooms=1&group_children=0&req_children=0&hpos=3&hapos=348&sr_order=popularity&srpvid=7b4f562059d9004c&srepoch=1785759343&all_sr_blocks=1634484601_433882153_3_0_0&highlighted_blocks=1634484601_433882153_3_0_0&matching_block_id=1634484601_433882153_3_0_0&sr_pri_blocks=1634484601_433882153_3_0_0__750000&from=searchresults,7500,10,1.0,Lahore,10.8,One-Bedroom Apartment,1 extra-large double bed,0,1,1,https://cf.bstatic.com/xdata/images/hotel/square240/868408001.webp?k=d905468890975c83cfdc4a1d03cd01cf510330d3a5ead9881a3e27f2e7a4cf55&o=,4,Lahore
Ivora - 1BHK Luxury Apartment in Gulberg,https://www.booking.com/hotel/pk/ivora-1bhk-luxury-apartment-in-gulberg.en-gb.html?aid=304142&label=gen173nr-10CAQoggJCDWNpdHlfLTI3NjcwNDNICVgEaLUBiAEBmAEzuAEHyAEM2AED6AEB-AEBiAIBqAIBuALBjMLTBsACAdICJDRlYmVmMGVjLTBmMjctNDNkNS05MDQ0LWY2ZTFmMzRjMjI5M9gCAeACAQ&ucfs=1&arphpl=1&checkin=2026-08-06&checkout=2026-08-07&dest_id=-2767043&dest_type=city&group_adults=2&req_adults=2&no_rooms=1&group_children=0&req_children=0&hpos=4&hapos=349&sr_order=popularity&srpvid=7b4f562059d9004c&srepoch=1785759343&all_sr_blocks=1651686101_437163683_2_0_0&highlighted_blocks=1651686101_437163683_2_0_0&matching_block_id=1651686101_437163683_2_0_0&sr_pri_blocks=1651686101_437163683_2_0_0__841500&from=searchresults,8415,,,"Gulberg, Lahore",5.3,One-Bedroom Apartment,"2 beds (1 extra-large double, 1 sofa bed)",0,1,1,https://cf.bstatic.com/xdata/images/hotel/square240/872604562.webp?k=334d214afacc03f3d5ac5ee1b3b994295eda9fa5249c6114f5165fe862ac94d3&o=,6,Lahore
Zameen Opal 1 Bed Apartment,https://www.booking.com/hotel/pk/1-bed-opal-prime-retreat.en-gb.html?aid=304142&label=gen173nr-10CAQoggJCDWNpdHlfLTI3NjcwNDNICVgEaLUBiAEBmAEzuAEHyAEM2AED6AEB-AEBiAIBqAIBuALBjMLTBsACAdICJDRlYmVmMGVjLTBmMjctNDNkNS05MDQ0LWY2ZTFmMzRjMjI5M9gCAeACAQ&ucfs=1&arphpl=1&checkin=2026-08-06&checkout=2026-08-07&dest_id=-2767043&dest_type=city&group_adults=2&req_adults=2&no_rooms=1&group_children=0&req_children=0&hpos=5&hapos=350&sr_order=popularity&srpvid=7b4f562059d9004c&srepoch=1785759343&all_sr_blocks=1665379401_438833260_2_2_0&highlighted_blocks=1665379401_438833260_2_2_0&matching_block_id=1665379401_438833260_2_2_0&sr_pri_blocks=1665379401_438833260_2_2_0__880000&from=searchresults,8800,10,3.0,Lahore,18.4,One-Bedroom Apartment,"2 beds (1 double, 1 sofa bed)",0,1,1,https://cf.bstatic.com/xdata/images/hotel/square240/882137855.webp?k=52ff9dfcc4f3335650abf39f00b4b10d6750c56b9226084a21cb04b773650e4d&o=,5,Lahore
Elegant 1-Bedroom Stay with Comfort & Style,https://www.booking.com/hotel/pk/elegant-1-bedroom-stay-with-comfort-amp-style.en-gb.html?aid=304142&label=gen173nr-10CAQoggJCDWNpdHlfLTI3NjcwNDNICVgEaLUBiAEBmAEzuAEHyAEM2AED6AEB-AEBiAIBqAIBuALBjMLTBsACAdICJDRlYmVmMGVjLTBmMjctNDNkNS05MDQ0LWY2ZTFmMzRjMjI5M9gCAeACAQ&ucfs=1&arphpl=1&checkin=2026-08-06&checkout=2026-08-07&dest_id=-2767043&dest_type=city&group_adults=2&req_adults=2&no_rooms=1&group_children=0&req_children=0&hpos=6&hapos=351&sr_order=popularity&srpvid=7b4f562059d9004c&srepoch=1785759343&all_sr_blocks=1669643401_438766183_3_0_0&highlighted_blocks=1669643401_438766183_3_0_0&matching_block_id=1669643401_438766183_3_0_0&sr_pri_blocks=1669643401_438766183_3_0_0__722500&from=searchresults,7225,8.0,1.0,Lahore,15.4,One-Bedroom Apartment,1 double bed,0,1,1,https://cf.bstatic.com/xdata/images/hotel/square240/885113432.webp?k=aa7a52b68e828724316cf52db0bc7e21dcf0a4edf674f4d43aef2344dafe6a6f&o=,4,Lahore
Cozy Self-Con Studio in Bahria Town - Perfect for Short Stays,https://www.booking.com/hotel/pk/cozy-self-con-studio-in-bahria-town-perfect-for-short-stays.en-gb.html?aid=304142&label=gen173nr-10CAQoggJCDWNpdHlfLTI3NjcwNDNICVgEaLUBiAEBmAEzuAEHyAEM2AED6AEB-AEBiAIBqAIBuALBjMLTBsACAdICJDRlYmVmMGVjLTBmMjctNDNkNS05MDQ0LWY2ZTFmMzRjMjI5M9gCAeACAQ&ucfs=1&arphpl=1&checkin=2026-08-06&checkout=2026-08-07&dest_id=-2767043&dest_type=city&group_adults=2&req_adults=2&no_rooms=1&group_children=0&req_children=0&hpos=7&hapos=352&sr_order=popularity&srpvid=7b4f562059d9004c&srepoch=1785759343&all_sr_blocks=1645838701_434607875_2_0_0&highlighted_blocks=1645838701_434607875_2_0_0&matching_block_id=1645838701_434607875_2_0_0&sr_pri_blocks=1645838701_434607875_2_0_0__600000&from=searchresults,6000,9.0,2.0,Lahore,26.3,One-Bedroom Apartment,1 double bed,0,1,1,https://cf.bstatic.com/xdata/images/hotel/square240/869838119.webp?k=901d5d7a5572aa9ac43adc65bcdefbeae6f2236ca6a7b3260f8b4183c8f3dd97&o=,4,Lahore
Zameen Opal Studio Suites,https://www.booking.com/hotel/pk/zameen-opal-suites.en-gb.html?aid=304142&label=gen173nr-10CAQoggJCDWNpdHlfLTI3NjcwNDNICVgEaLUBiAEBmAEzuAEHyAEM2AED6AEB-AEBiAIBqAIBuALBjMLTBsACAdICJDRlYmVmMGVjLTBmMjctNDNkNS05MDQ0LWY2ZTFmMzRjMjI5M9gCAeACAQ&ucfs=1&arphpl=1&checkin=2026-08-06&checkout=2026-08-07&dest_id=-2767043&dest_type=city&group_adults=2&req_adults=2&no_rooms=1&group_children=0&req_children=0&hpos=8&hapos=353&sr_order=popularity&srpvid=7b4f562059d9004c&srepoch=1785759343&all_sr_blocks=1649822101_437043373_2_2_0&highlighted_blocks=1649822101_437043373_2_2_0&matching_block_id=1649822101_437043373_2_2_0&sr_pri_blocks=1649822101_437043373_2_2_0__840000&from=searchresults,8400,10,4.0,Lahore,18.2,Studio Apartment,"2 beds (1 double, 1 sofa bed)",0,1,1,https://cf.bstatic.com/xdata/images/hotel/square240/871651241.webp?k=5d56b52da7b2154f9b3e5decbbe80d2e2184c59b9dcc4f6a9118277250e9fbaf&o=,5,Lahore
Hotel Pak Heritage,https://www.booking.com/hotel/pk/pak-heritage-lahore3.en-gb.html?aid=304142&label=gen173nr-10CAQoggJCDWNpdHlfLTI3NjcwNDNICVgEaLUBiAEBmAEzuAEHyAEM2AED6AEB-AEBiAIBqAIBuALBjMLTBsACAdICJDRlYmVmMGVjLTBmMjctNDNkNS05MDQ0LWY2ZTFmMzRjMjI5M9gCAeACAQ&ucfs=1&arphpl=1&checkin=2026-08-06&checkout=2026-08-07&dest_id=-2767043&dest_type=city&group_adults=2&req_adults=2&no_rooms=1&group_children=0&req_children=0&hpos=9&hapos=354&sr_order=popularity&srpvid=7b4f562059d9004c&srepoch=1785759343&all_sr_blocks=1361347507_415044659_2_1_0&highlighted_blocks=1361347507_415044659_2_1_0&matching_block_id=1361347507_415044659_2_1_0&sr_pri_blocks=1361347507_415044659_2_1_0__528390&from=searchresults,5284,5.5,51.0,Lahore,1.6,Budget Twin Room,2 single beds,1,1,1,https://cf.bstatic.com/xdata/images/hotel/square240/649247368.webp?k=fc39d658529ba80d1a6e796843ed8c1a94a77868c408f9a951668ffa22c760ef&o=,8,Lahore
3 bedroom modern house,https://www.booking.com/hotel/pk/3-bedroom-modern-house.en-gb.html?aid=304142&label=gen173nr-10CAQoggJCDWNpdHlfLTI3NjcwNDNICVgEaLUBiAEBmAEzuAEHyAEM2AED6AEB-AEBiAIBqAIBuALBjMLTBsACAdICJDRlYmVmMGVjLTBmMjctNDNkNS05MDQ0LWY2ZTFmMzRjMjI5M9gCAeACAQ&ucfs=1&arphpl=1&checkin=2026-08-06&checkout=2026-08-07&dest_id=-2767043&dest_type=city&group_adults=2&req_adults=2&no_rooms=1&group_children=0&req_children=0&hpos=10&hapos=355&sr_order=popularity&srpvid=7b4f562059d9004c&srepoch=1785759343&all_sr_blocks=1509822801_422735662_3_2_0&highlighted_blocks=1509822801_422735662_3_2_0&matching_block_id=1509822801_422735662_3_2_0&sr_pri_blocks=1509822801_422735662_3_2_0__570000&from=searchresults,5700,9.4,11.0,Lahore,19.5,Deluxe Double Room (2 Adults + 1 Child),"3 beds (1 single, 1 double, 1 futon)",0,1,1,https://cf.bstatic.com/xdata/images/hotel/square240/763079968.webp?k=39e28fda18839f422644c0c81019ea29abd1316b4bf902bfdb1383716756c9f5&o=,4,Lahore
Modern Studio Luxe heaven in Etihad town,https://www.booking.com/hotel/pk/modern-studio-luxe-heaven-in-etihad-town.en-gb.html?aid=304142&label=gen173nr-10CAQoggJCDWNpdHlfLTI3NjcwNDNICVgEaLUBiAEBmAEzuAEHyAEM2AED6AEB-AEBiAIBqAIBuALBjMLTBsACAdICJDRlYmVmMGVjLTBmMjctNDNkNS05MDQ0LWY2ZTFmMzRjMjI5M9gCAeACAQ&ucfs=1&arphpl=1&checkin=2026-08-06&checkout=2026-08-07&dest_id=-2767043&dest_type=city&group_adults=2&req_adults=2&no_rooms=1&group_children=0&req_children=0&hpos=11&hapos=356&sr_order=popularity&srpvid=7b4f562059d9004c&srepoch=1785759343&all_sr_blocks=1573091601_428354912_3_2_0&highlighted_blocks=1573091601_428354912_3_2_0&matching_block_id=1573091601_428354912_3_2_0&sr_pri_blocks=1573091601_428354912_3_2_0__1000000&from=searchresults,10000,9.6,5.0,Lahore,4.4,One-Bedroom Apartment,"2 beds (1 extra-large double, 1 sofa bed)",0,1,1,https://cf.bstatic.com/xdata/images/hotel/square240/815850517.webp?k=e8f9de777a8d7f93b6155f354f9584dad5dd9847d027c83a484d3056f2c154b6&o=,4,Lahore
The Hotel Elegant Lahore,https://www.booking.com/hotel/pk/the-elegant-lahore.en-gb.html?aid=304142&label=gen173nr-10CAQoggJCDWNpdHlfLTI3NjcwNDNICVgEaLUBiAEBmAEzuAEHyAEM2AED6AEB-AEBiAIBqAIBuALBjMLTBsACAdICJDRlYmVmMGVjLTBmMjctNDNkNS05MDQ0LWY2ZTFmMzRjMjI5M9gCAeACAQ&ucfs=1&arphpl=1&checkin=2026-08-06&checkout=2026-08-07&dest_id=-2767043&dest_type=city&group_adults=2&req_adults=2&no_rooms=1&group_children=0&req_children=0&hpos=12&hapos=357&sr_order=popularity&srpvid=7b4f562059d9004c&srepoch=1785759343&all_sr_blocks=1667618101_438582644_2_1_0&highlighted_blocks=1667618101_438582644_2_1_0&matching_block_id=1667618101_438582644_2_1_0&sr_pri_blocks=1667618101_438582644_2_1_0__297500&from=searchresults,2975,1.0,1.0,Lahore,12.9,Double Room,1 double bed,1,1,1,https://cf.bstatic.com/xdata/images/hotel/square240/883336798.webp?k=841dd52c66931257130a0339978ec3bfd07d51a6e674053f7b0814427332ae8c&o=,8,Lahore
Le Aura Grand Hotel,https://www.booking.com/hotel/pk/le-aura-grand-lahore20.en-gb.html?aid=304142&label=gen173nr-10CAQoggJCDWNpdHlfLTI3NjcwNDNICVgEaLUBiAEBmAEzuAEHyAEM2AED6AEB-AEBiAIBqAIBuALBjMLTBsACAdICJDRlYmVmMGVjLTBmMjctNDNkNS05MDQ0LWY2ZTFmMzRjMjI5M9gCAeACAQ&ucfs=1&arphpl=1&checkin=2026-08-06&checkout=2026-08-07&dest_id=-2767043&dest_type=city&group_adults=2&req_adults=2&no_rooms=1&group_children=0&req_children=0&hpos=13&hapos=358&sr_order=popularity&srpvid=7b4f562059d9004c&srepoch=1785759343&all_sr_blocks=1495441203_426322987_0_2_0&highlighted_blocks=1495441203_426322987_0_2_0&matching_block_id=1495441203_426322987_0_2_0&sr_pri_blocks=1495441203_426322987_0_2_0__1620000&from=searchresults,16200,9.1,10.0,Lahore,20.1,Deluxe Queen Room,1 large double bed,0,1,1,https://cf.bstatic.com/xdata/images/hotel/square240/797652299.webp?k=e69c5090b0eea44b5969d3eac745eb62a375048f19e29cedfd17a85de2543135&o=,12,Lahore
Skyline Luxury Apartments Bahria Lahore,https://www.booking.com/hotel/pk/skyline-luxury-apartments-bahria-lahore.en-gb.html?aid=304142&label=gen173nr-10CAQoggJCDWNpdHlfLTI3NjcwNDNICVgEaLUBiAEBmAEzuAEHyAEM2AED6AEB-AEBiAIBqAIBuALBjMLTBsACAdICJDRlYmVmMGVjLTBmMjctNDNkNS05MDQ0LWY2ZTFmMzRjMjI5M9gCAeACAQ&ucfs=1&arphpl=1&checkin=2026-08-06&checkout=2026-08-07&dest_id=-2767043&dest_type=city&group_adults=2&req_adults=2&no_rooms=1&group_children=0&req_children=0&hpos=14&hapos=359&sr_order=popularity&srpvid=7b4f562059d9004c&srepoch=1785759343&all_sr_blocks=1668646901_438684363_3_0_0&highlighted_blocks=1668646901_438684363_3_0_0&matching_block_id=1668646901_438684363_3_0_0&sr_pri_blocks=1668646901_438684363_3_0_0__748000&from=searchresults,7480,10,1.0,Lahore,24.7,One-Bedroom Apartment,"2 beds (1 double, 1 sofa bed)",0,1,1,https://cf.bstatic.com/xdata/images/hotel/square240/892183718.webp?k=3a9616348983267f3efe2ceafef8f02039b1d52b297c2589a965d64a18163927&o=,5,Lahore
Daró - Self Check-in - 1 BR Apartment - Gulberg - MM Alam - Pool,https://www.booking.com/hotel/pk/black-mirror.en-gb.html?aid=304142&label=gen173nr-10CAQoggJCDWNpdHlfLTI3NjcwNDNICVgEaLUBiAEBmAEzuAEHyAEM2AED6AEB-AEBiAIBqAIBuALBjMLTBsACAdICJDRlYmVmMGVjLTBmMjctNDNkNS05MDQ0LWY2ZTFmMzRjMjI5M9gCAeACAQ&ucfs=1&arphpl=1&checkin=2026-08-06&checkout=2026-08-07&dest_id=-2767043&dest_type=city&group_adults=2&req_adults=2&no_rooms=1&group_children=0&req_children=0&hpos=15&hapos=360&sr_order=popularity&srpvid=7b4f562059d9004c&srepoch=1785759343&all_sr_blocks=1524990501_430210721_4_0_0&highlighted_blocks=1524990501_430210721_4_0_0&matching_block_id=1524990501_430210721_4_0_0&sr_pri_blocks=1524990501_430210721_4_0_0__1450000&from=searchresults,14500,6.5,25.0,"Gulberg, Lahore",6.8,One-Bedroom Apartment,"3 beds (1 extra-large double, 1 sofa bed, 1 futon)",0,1,1,https://cf.bstatic.com/xdata/images/hotel/square240/795693499.webp?k=e56fd5ada4d514aa8bfd777f5e1a31feef057c5c6207de3971ac6691030b75c2&o=,5,Lahore
Goldcrest Alfatah Mall - Apartments by Alvis suite,https://www.booking.com/hotel/pk/goldcrest-alfatah-mall-apartments-by-alvis-suite.en-gb.html?aid=304142&label=gen173nr-10CAQoggJCDWNpdHlfLTI3NjcwNDNICVgEaLUBiAEBmAEzuAEHyAEM2AED6AEB-AEBiAIBqAIBuALBjMLTBsACAdICJDRlYmVmMGVjLTBmMjctNDNkNS05MDQ0LWY2ZTFmMzRjMjI5M9gCAeACAQ&ucfs=1&arphpl=1&checkin=2026-08-06&checkout=2026-08-07&dest_id=-2767043&dest_type=city&group_adults=2&req_adults=2&no_rooms=1&group_children=0&req_children=0&hpos=16&hapos=361&sr_order=popularity&srpvid=7b4f562059d9004c&srepoch=1785759343&all_sr_blocks=1687126901_440364009_2_0_0&highlighted_blocks=1687126901_440364009_2_0_0&matching_block_id=1687126901_440364009_2_0_0&sr_pri_blocks=1687126901_440364009_2_0_0__1161186&from=searchresults,11612,,,Lahore,12.0,Studio Apartment,"2 beds (1 extra-large double, 1 sofa bed)",0,1,1,https://cf.bstatic.com/xdata/images/hotel/square240/894081145.webp?k=a78369d8749f396af4879494a47cd448bacf7b5b6a6ea1da1ebae07494e0eb59&o=,12,Lahore
Moon Palace Hotel Lahore,https://www.booking.com/hotel/pk/moon-palace-lahore1.en-gb.html?aid=304142&label=gen173nr-10CAQoggJCDWNpdHlfLTI3NjcwNDNICVgEaLUBiAEBmAEzuAEHyAEM2AED6AEB-AEBiAIBqAIBuALBjMLTBsACAdICJDRlYmVmMGVjLTBmMjctNDNkNS05MDQ0LWY2ZTFmMzRjMjI5M9gCAeACAQ&ucfs=1&arphpl=1&checkin=2026-08-06&checkout=2026-08-07&dest_id=-2767043&dest_type=city&group_adults=2&req_adults=2&no_rooms=1&group_children=0&req_children=0&hpos=17&hapos=362&sr_order=popularity&srpvid=7b4f562059d9004c&srepoch=1785759343&all_sr_blocks=1087586601_381868324_0_0_0&highlighted_blocks=1087586601_381868324_0_0_0&matching_block_id=1087586601_381868324_0_0_0&sr_pri_blocks=1087586601_381868324_0_0_0__460000&from=searchresults,4600,7.1,47.0,"Johar Town, Lahore",11.9,Deluxe Double Room,1 large double bed,0,1,1,https://cf.bstatic.com/xdata/images/hotel/square240/833485871.webp?k=3dc512c7b5768691c59b769e6e31b6b14f476adf3528573f81d0b7d16d46eba9&o=,11,Lahore
Lahore Luxe Family Couples Guest House,https://www.booking.com/hotel/pk/lahore-luxe-family-couples-guest-house-lahore4.en-gb.html?aid=304142&label=gen173nr-10CAQoggJCDWNpdHlfLTI3NjcwNDNICVgEaLUBiAEBmAEzuAEHyAEM2AED6AEB-AEBiAIBqAIBuALBjMLTBsACAdICJDRlYmVmMGVjLTBmMjctNDNkNS05MDQ0LWY2ZTFmMzRjMjI5M9gCAeACAQ&ucfs=1&arphpl=1&checkin=2026-08-06&checkout=2026-08-07&dest_id=-2767043&dest_type=city&group_adults=2&req_adults=2&no_rooms=1&group_children=0&req_children=0&hpos=18&hapos=363&sr_order=popularity&srpvid=7b4f562059d9004c&srepoch=1785759343&all_sr_blocks=1350922206_407423915_2_0_0&highlighted_blocks=1350922206_407423915_2_0_0&matching_block_id=1350922206_407423915_2_0_0&sr_pri_blocks=1350922206_407423915_2_0_0__350000&from=searchresults,3500,6.7,8.0,Lahore,9.8,Deluxe Double Room,Multiple bed types,0,0,0,https://cf.bstatic.com/xdata/images/hotel/square240/642009465.webp?k=e94361983baba71482da92dccbce1a54a0cc2d1930758e64efda87f5692116bb&o=,2,Lahore
Private 2BD Apartment Opposite Dha Phase 8,https://www.booking.com/hotel/pk/hotline-plaza.en-gb.html?aid=304142&label=gen173nr-10CAQoggJCDWNpdHlfLTI3NjcwNDNICVgEaLUBiAEBmAEzuAEHyAEM2AED6AEB-AEBiAIBqAIBuALBjMLTBsACAdICJDRlYmVmMGVjLTBmMjctNDNkNS05MDQ0LWY2ZTFmMzRjMjI5M9gCAeACAQ&ucfs=1&arphpl=1&checkin=2026-08-06&checkout=2026-08-07&dest_id=-2767043&dest_type=city&group_adults=2&req_adults=2&no_rooms=1&group_children=0&req_children=0&hpos=19&hapos=364&sr_order=popularity&srpvid=7b4f562059d9004c&srepoch=1785759343&all_sr_blocks=815612802_344011815_0_0_0&highlighted_blocks=815612802_344011815_0_0_0&matching_block_id=815612802_344011815_0_0_0&sr_pri_blocks=815612802_344011815_0_0_0__1836000&from=searchresults,18360,7.1,44.0,Lahore,11.7,Family Two-Bedroom Apartment with View,"3 beds (2 doubles, 1 sofa bed)",0,1,1,https://cf.bstatic.com/xdata/images/hotel/square240/825125167.webp?k=851678b2f864973a9dd2afd7d3476355640c1cd7154e4b2d89a0fb4ecb6a9bbf&o=,12,Lahore
Experience The Art of Luxury living in Gold Crest Mall DHA Lahore,https://www.booking.com/hotel/pk/wonderful-one-bed-studio-apartment-with-elegant-amenities.en-gb.html?aid=304142&label=gen173nr-10CAQoggJCDWNpdHlfLTI3NjcwNDNICVgEaLUBiAEBmAEzuAEHyAEM2AED6AEB-AEBiAIBqAIBuALBjMLTBsACAdICJDRlYmVmMGVjLTBmMjctNDNkNS05MDQ0LWY2ZTFmMzRjMjI5M9gCAeACAQ&ucfs=1&arphpl=1&checkin=2026-08-06&checkout=2026-08-07&dest_id=-2767043&dest_type=city&group_adults=2&req_adults=2&no_rooms=1&group_children=0&req_children=0&hpos=20&hapos=365&sr_order=popularity&srpvid=7b4f562059d9004c&srepoch=1785759343&all_sr_blocks=1317098812_421782555_3_0_0&highlighted_blocks=1317098812_421782555_3_0_0&matching_block_id=1317098812_421782555_3_0_0&sr_pri_blocks=1317098812_421782555_3_0_0__1050000&from=searchresults,10500,8.6,5.0,Lahore,12.1,Superior Studio,1 double bed,0,1,1,https://cf.bstatic.com/xdata/images/hotel/square240/888418481.webp?k=471a77c5717fb61c8f1dd3313a8a04e26c7819940d358f7d38fd99e8451ab44c&o=,5,Lahore
Oramin Rooms,https://www.booking.com/hotel/pk/oramin-rooms-lahore.en-gb.html?aid=304142&label=gen173nr-10CAQoggJCDWNpdHlfLTI3NjcwNDNICVgEaLUBiAEBmAEzuAEHyAEM2AED6AEB-AEBiAIBqAIBuALBjMLTBsACAdICJDRlYmVmMGVjLTBmMjctNDNkNS05MDQ0LWY2ZTFmMzRjMjI5M9gCAeACAQ&ucfs=1&arphpl=1&checkin=2026-08-06&checkout=2026-08-07&dest_id=-2767043&dest_type=city&group_adults=2&req_adults=2&no_rooms=1&group_children=0&req_children=0&hpos=21&hapos=366&sr_order=popularity&srpvid=7b4f562059d9004c&srepoch=1785759343&all_sr_blocks=1606447402_431581617_3_2_0&highlighted_blocks=1606447402_431581617_3_2_0&matching_block_id=1606447402_431581617_3_2_0&sr_pri_blocks=1606447402_431581617_3_2_0__760000&from=searchresults,7600,,,Lahore,8.5,Deluxe Double Studio,"2 beds (1 extra-large double, 1 sofa bed)",0,1,1,https://cf.bstatic.com/xdata/images/hotel/square240/845665813.webp?k=4b8f20750bd9b99269efcd0e311c456c4459931e2565d3df060a06e7ac7a9d2f&o=,4,Lahore
Three Bedroom Apartment - Goldcrest Mall DHA Phase 4 - Apartment by Alvis Suite,https://www.booking.com/hotel/pk/three-bedroom-apartment-goldcrest-mall-dha-phase-4-apartment-by-alvis-suite.en-gb.html?aid=304142&label=gen173nr-10CAQoggJCDWNpdHlfLTI3NjcwNDNICVgEaLUBiAEBmAEzuAEHyAEM2AED6AEB-AEBiAIBqAIBuALBjMLTBsACAdICJDRlYmVmMGVjLTBmMjctNDNkNS05MDQ0LWY2ZTFmMzRjMjI5M9gCAeACAQ&ucfs=1&arphpl=1&checkin=2026-08-06&checkout=2026-08-07&dest_id=-2767043&dest_type=city&group_adults=2&req_adults=2&no_rooms=1&group_children=0&req_children=0&hpos=22&hapos=367&sr_order=popularity&srpvid=7b4f562059d9004c&srepoch=1785759343&all_sr_blocks=1681405901_439958279_2_2_0&highlighted_blocks=1681405901_439958279_2_2_0&matching_block_id=1681405901_439958279_2_2_0&sr_pri_blocks=1681405901_439958279_2_2_0__2022930&from=searchresults,20229,,,Lahore,12.0,Three-Bedroom Premium Apartment with Balcony,"4 beds (2 extra-large doubles, 1 sofa bed, 1 large double)",0,1,1,https://cf.bstatic.com/xdata/images/hotel/square240/891947676.webp?k=3f8d980f62ffbdf4279361eb2aa13da58928aed2240194988fbd7edf8537728d&o=,15,Lahore
S&Trooms,https://www.booking.com/hotel/pk/s-amp-trooms-lahore.en-gb.html?aid=304142&label=gen173nr-10CAQoggJCDWNpdHlfLTI3NjcwNDNICVgEaLUBiAEBmAEzuAEHyAEM2AED6AEB-AEBiAIBqAIBuALBjMLTBsACAdICJDRlYmVmMGVjLTBmMjctNDNkNS05MDQ0LWY2ZTFmMzRjMjI5M9gCAeACAQ&ucfs=1&arphpl=1&checkin=2026-08-06&checkout=2026-08-07&dest_id=-2767043&dest_type=city&group_adults=2&req_adults=2&no_rooms=1&group_children=0&req_children=0&hpos=23&hapos=368&sr_order=popularity&srpvid=7b4f562059d9004c&srepoch=1785759343&all_sr_blocks=1416351201_413322234_2_0_0&highlighted_blocks=1416351201_413322234_2_0_0&matching_block_id=1416351201_413322234_2_0_0&sr_pri_blocks=1416351201_413322234_2_0_0__670000&from=searchresults,6700,6.2,9.0,Lahore,25.0,One-Bedroom Apartment,1 double bed,0,1,1,https://cf.bstatic.com/xdata/images/hotel/square240/691544520.webp?k=1165d263c3878bd3107c112d79efaf39456aaf10b001599d290e8a0ff20557ba&o=,4,Lahore
Luxury 1BHK Apartment - Bahria Town,https://www.booking.com/hotel/pk/luxury-1bhk-apartment-bahria-town.en-gb.html?aid=304142&label=gen173nr-10CAQoggJCDWNpdHlfLTI3NjcwNDNICVgEaLUBiAEBmAEzuAEHyAEM2AED6AEB-AEBiAIBqAIBuALBjMLTBsACAdICJDRlYmVmMGVjLTBmMjctNDNkNS05MDQ0LWY2ZTFmMzRjMjI5M9gCAeACAQ&ucfs=1&arphpl=1&checkin=2026-08-06&checkout=2026-08-07&dest_id=-2767043&dest_type=city&group_adults=2&req_adults=2&no_rooms=1&group_children=0&req_children=0&hpos=24&hapos=369&sr_order=popularity&srpvid=7b4f562059d9004c&srepoch=1785759343&all_sr_blocks=1695894701_441268910_5_0_0&highlighted_blocks=1695894701_441268910_5_0_0&matching_block_id=1695894701_441268910_5_0_0&sr_pri_blocks=1695894701_441268910_5_0_0__722500&from=searchresults,7225,,,Lahore,26.3,Two-Bedroom Apartment,"2 beds (1 sofa bed, 1 large double)",0,1,1,https://cf.bstatic.com/xdata/images/hotel/square240/900128368.webp?k=3f540feeda960ac0dbffdf200cc895250db5caed44b37f7bbfc1638a69e87aee&o=,4,Lahore
"Luxury Apartments By Solstice Stays, Pentasquare and Goldcrest DHA Lahore",https://www.booking.com/hotel/pk/penta-square-artistic-1-bed.en-gb.html?aid=304142&label=gen173nr-10CAQoggJCDWNpdHlfLTI3NjcwNDNICVgEaLUBiAEBmAEzuAEHyAEM2AED6AEB-AEBiAIBqAIBuALBjMLTBsACAdICJDRlYmVmMGVjLTBmMjctNDNkNS05MDQ0LWY2ZTFmMzRjMjI5M9gCAeACAQ&ucfs=1&arphpl=1&checkin=2026-08-06&checkout=2026-08-07&dest_id=-2767043&dest_type=city&group_adults=2&req_adults=2&no_rooms=1&group_children=0&req_children=0&hpos=25&hapos=370&sr_order=popularity&srpvid=7b4f562059d9004c&srepoch=1785759343&all_sr_blocks=1243292303_396236170_3_0_0&highlighted_blocks=1243292303_396236170_3_0_0&matching_block_id=1243292303_396236170_3_0_0&sr_pri_blocks=1243292303_396236170_3_0_0__990000&from=searchresults,9900,4.5,4.0,Lahore,14.2,Deluxe King Studio,1 double bed,0,1,1,https://cf.bstatic.com/xdata/images/hotel/square240/901858572.webp?k=fef61801c51ae36e8f5686c81e4f51d8f4b841933e5d81b095dd3533120e2276&o=,4,Lahore
Gold Crest Apartments - 1 2 3 4 Bedroom Defence Lahore,https://www.booking.com/hotel/pk/two-bed-gold-crest-residency.en-gb.html?aid=304142&label=gen173nr-10CAQoggJCDWNpdHlfLTI3NjcwNDNICVgEaLUBiAEBmAEzuAEHyAEM2AED6AEB-AEBiAIBqAIBuALBjMLTBsACAdICJDRlYmVmMGVjLTBmMjctNDNkNS05MDQ0LWY2ZTFmMzRjMjI5M9gCAeACAQ&ucfs=1&arphpl=1&checkin=2026-08-06&checkout=2026-08-07&dest_id=-2767043&dest_type=city&group_adults=2&req_adults=2&no_rooms=1&group_children=0&req_children=0&hpos=1&hapos=371&sr_order=popularity&srpvid=7b4f562059d9004c&srepoch=1785759347&all_sr_blocks=1601757217_431125868_0_1_0_1394260&highlighted_blocks=1601757217_431125868_0_1_0_1394260&matching_block_id=1601757217_431125868_0_1_0_1394260&sr_pri_blocks=1601757217_431125868_0_1_0_1394260_1476000&from=searchresults,14760,4.7,3.0,Lahore,12.0,One-Bedroom Apartment with Bay View,"2 beds (1 extra-large double, 1 sofa bed)",1,0,0,https://cf.bstatic.com/xdata/images/hotel/square240/849462881.webp?k=6c44093515283b72b13b9e62c1fc694fe34c9999531d57acf11f51856a43089a&o=,3,Lahore
Pine Stay Premium 3 Bedroom Furnished Family Home,https://www.booking.com/hotel/pk/3-bedrooms-fully-serviced-house.en-gb.html?aid=304142&label=gen173nr-10CAQoggJCDWNpdHlfLTI3NjcwNDNICVgEaLUBiAEBmAEzuAEHyAEM2AED6AEB-AEBiAIBqAIBuALBjMLTBsACAdICJDRlYmVmMGVjLTBmMjctNDNkNS05MDQ0LWY2ZTFmMzRjMjI5M9gCAeACAQ&ucfs=1&arphpl=1&checkin=2026-08-06&checkout=2026-08-07&dest_id=-2767043&dest_type=city&group_adults=2&req_adults=2&no_rooms=1&group_children=0&req_children=0&hpos=2&hapos=372&sr_order=popularity&srpvid=7b4f562059d9004c&srepoch=1785759347&all_sr_blocks=1055004701_424118111_4_0_0_1168907&highlighted_blocks=1055004701_424118111_4_0_0_1168907&matching_block_id=1055004701_424118111_4_0_0_1168907&sr_pri_blocks=1055004701_424118111_4_0_0_1168907_1334800&from=searchresults,13348,8.1,36.0,Lahore,20.0,Three-Bedroom House,"6 beds (2 singles, 2 extra-large doubles, 2 futons)",0,1,0,https://cf.bstatic.com/xdata/images/hotel/square240/813351027.webp?k=e1eb15a141354957b838563e8b45a36b8d0bc8698769815814aaf98e63d046e6&o=,13,Lahore
Premier inn Mall Lahore,https://www.booking.com/hotel/pk/premier-inn-mall-lahore.en-gb.html?aid=304142&label=gen173nr-10CAQoggJCDWNpdHlfLTI3NjcwNDNICVgEaLUBiAEBmAEzuAEHyAEM2AED6AEB-AEBiAIBqAIBuALBjMLTBsACAdICJDRlYmVmMGVjLTBmMjctNDNkNS05MDQ0LWY2ZTFmMzRjMjI5M9gCAeACAQ&ucfs=1&arphpl=1&checkin=2026-08-06&checkout=2026-08-07&dest_id=-2767043&dest_type=city&group_adults=2&req_adults=2&no_rooms=1&group_children=0&req_children=0&hpos=3&hapos=373&sr_order=popularity&srpvid=7b4f562059d9004c&srepoch=1785759347&all_sr_blocks=935538301_392525912_2_1_0&highlighted_blocks=935538301_392525912_2_1_0&matching_block_id=935538301_392525912_2_1_0&sr_pri_blocks=935538301_392525912_2_1_0__520260&from=searchresults,5203,7.8,260.0,Lahore,3.4,Deluxe Double Room,1 double bed,1,1,1,https://cf.bstatic.com/xdata/images/hotel/square240/565936512.webp?k=8b6923f4dd919727fc6e3828f72671b8ccd938804402ab74e8eee6b6a839ccab&o=,12,Lahore
Amber Luxe 2 Bed Suite Bahria Town,https://www.booking.com/hotel/pk/amber-luxe-2-bed-suite-bahria-town.en-gb.html?aid=304142&label=gen173nr-10CAQoggJCDWNpdHlfLTI3NjcwNDNICVgEaLUBiAEBmAEzuAEHyAEM2AED6AEB-AEBiAIBqAIBuALBjMLTBsACAdICJDRlYmVmMGVjLTBmMjctNDNkNS05MDQ0LWY2ZTFmMzRjMjI5M9gCAeACAQ&ucfs=1&arphpl=1&checkin=2026-08-06&checkout=2026-08-07&dest_id=-2767043&dest_type=city&group_adults=2&req_adults=2&no_rooms=1&group_children=0&req_children=0&hpos=4&hapos=374&sr_order=popularity&srpvid=7b4f562059d9004c&srepoch=1785759347&all_sr_blocks=1633753501_433834824_6_0_0&highlighted_blocks=1633753501_433834824_6_0_0&matching_block_id=1633753501_433834824_6_0_0&sr_pri_blocks=1633753501_433834824_6_0_0__1190000&from=searchresults,11900,10,1.0,Lahore,26.5,Two-Bedroom Apartment,"2 beds (1 sofa bed, 1 large double)",0,1,1,https://cf.bstatic.com/xdata/images/hotel/square240/874860954.webp?k=1edd086bbadf0e269881532e878b4322d93c98238ead8529c0b60b99a301c112&o=,5,Lahore
Goldcrest crown Apartments with balcony in DHA Lahore,https://www.booking.com/hotel/pk/the-crown-623-apartment-gold-crest-mall-dha-phase-4.en-gb.html?aid=304142&label=gen173nr-10CAQoggJCDWNpdHlfLTI3NjcwNDNICVgEaLUBiAEBmAEzuAEHyAEM2AED6AEB-AEBiAIBqAIBuALBjMLTBsACAdICJDRlYmVmMGVjLTBmMjctNDNkNS05MDQ0LWY2ZTFmMzRjMjI5M9gCAeACAQ&ucfs=1&arphpl=1&checkin=2026-08-06&checkout=2026-08-07&dest_id=-2767043&dest_type=city&group_adults=2&req_adults=2&no_rooms=1&group_children=0&req_children=0&hpos=5&hapos=375&sr_order=popularity&srpvid=7b4f562059d9004c&srepoch=1785759347&all_sr_blocks=1473897102_418746642_2_0_0&highlighted_blocks=1473897102_418746642_2_0_0&matching_block_id=1473897102_418746642_2_0_0&sr_pri_blocks=1473897102_418746642_2_0_0__1197000&from=searchresults,11970,6.2,19.0,Lahore,12.1,Studio Apartment,1 extra-large double bed,0,1,1,https://cf.bstatic.com/xdata/images/hotel/square240/792286046.webp?k=02891a283ead4bd1cbded2a64ba3c8b6979b19551c4bcc6cfd6319a93f8000ee&o=,11,Lahore
Executive suites luxury 1 BHK apartment,https://www.booking.com/hotel/pk/executive-suites-luxury-1-bhk-apartment.en-gb.html?aid=304142&label=gen173nr-10CAQoggJCDWNpdHlfLTI3NjcwNDNICVgEaLUBiAEBmAEzuAEHyAEM2AED6AEB-AEBiAIBqAIBuALBjMLTBsACAdICJDRlYmVmMGVjLTBmMjctNDNkNS05MDQ0LWY2ZTFmMzRjMjI5M9gCAeACAQ&ucfs=1&arphpl=1&checkin=2026-08-06&checkout=2026-08-07&dest_id=-2767043&dest_type=city&group_adults=2&req_adults=2&no_rooms=1&group_children=0&req_children=0&hpos=6&hapos=376&sr_order=popularity&srpvid=7b4f562059d9004c&srepoch=1785759347&all_sr_blocks=1613356901_432227697_3_0_0&highlighted_blocks=1613356901_432227697_3_0_0&matching_block_id=1613356901_432227697_3_0_0&sr_pri_blocks=1613356901_432227697_3_0_0__599900&from=searchresults,5999,10,3.0,Lahore,25.0,One-Bedroom Apartment,"2 beds (1 double, 1 sofa bed)",0,1,1,https://cf.bstatic.com/xdata/images/hotel/square240/848837951.webp?k=758e6b84d555e6ddcd8f44a3e9a599882c3b1b4b0713ee6815b2d629273b6692&o=,4,Lahore
"Premium King Sudio, one bedroom,Two bedroom serviced Apartment Gold crest Mall",https://www.booking.com/hotel/pk/premium-king-sudio-one-bedroom-two-bedroom-serviced-apartment-gold-crest-lahore.en-gb.html?aid=304142&label=gen173nr-10CAQoggJCDWNpdHlfLTI3NjcwNDNICVgEaLUBiAEBmAEzuAEHyAEM2AED6AEB-AEBiAIBqAIBuALBjMLTBsACAdICJDRlYmVmMGVjLTBmMjctNDNkNS05MDQ0LWY2ZTFmMzRjMjI5M9gCAeACAQ&ucfs=1&arphpl=1&checkin=2026-08-06&checkout=2026-08-07&dest_id=-2767043&dest_type=city&group_adults=2&req_adults=2&no_rooms=1&group_children=0&req_children=0&hpos=7&hapos=377&sr_order=popularity&srpvid=7b4f562059d9004c&srepoch=1785759347&all_sr_blocks=1678405002_439628759_3_0_0&highlighted_blocks=1678405002_439628759_3_0_0&matching_block_id=1678405002_439628759_3_0_0&sr_pri_blocks=1678405002_439628759_3_0_0__1249900&from=searchresults,12499,,,Lahore,12.0,Studio Apartment with King Bed,Studio Apartment with King Bed,0,1,1,https://cf.bstatic.com/xdata/images/hotel/square240/891186086.webp?k=ab71b0d5b33616995bb41e7d160b04d368e753c3625c6fe909c244e29b1cd83e&o=,12,Lahore
Noor Luxury Residence,https://www.booking.com/hotel/pk/pakistan-lahore.en-gb.html?aid=304142&label=gen173nr-10CAQoggJCDWNpdHlfLTI3NjcwNDNICVgEaLUBiAEBmAEzuAEHyAEM2AED6AEB-AEBiAIBqAIBuALBjMLTBsACAdICJDRlYmVmMGVjLTBmMjctNDNkNS05MDQ0LWY2ZTFmMzRjMjI5M9gCAeACAQ&ucfs=1&arphpl=1&checkin=2026-08-06&checkout=2026-08-07&dest_id=-2767043&dest_type=city&group_adults=2&req_adults=2&no_rooms=1&group_children=0&req_children=0&hpos=8&hapos=378&sr_order=popularity&srpvid=7b4f562059d9004c&srepoch=1785759347&all_sr_blocks=1431731101_414727688_2_0_0&highlighted_blocks=1431731101_414727688_2_0_0&matching_block_id=1431731101_414727688_2_0_0&sr_pri_blocks=1431731101_414727688_2_0_0__765000&from=searchresults,7650,7.0,24.0,Lahore,25.2,One-Bedroom Apartment,1 large double bed,0,0,0,https://cf.bstatic.com/xdata/images/hotel/square240/693802556.webp?k=f6536f2030c46babe14d73ebf124c6cb3530422ccc2b87b931ae2989cbbd4e9c&o=,8,Lahore
Global Inn Hotel & Apartments,https://www.booking.com/hotel/pk/global-inn-amp-apartments.en-gb.html?aid=304142&label=gen173nr-10CAQoggJCDWNpdHlfLTI3NjcwNDNICVgEaLUBiAEBmAEzuAEHyAEM2AED6AEB-AEBiAIBqAIBuALBjMLTBsACAdICJDRlYmVmMGVjLTBmMjctNDNkNS05MDQ0LWY2ZTFmMzRjMjI5M9gCAeACAQ&ucfs=1&arphpl=1&checkin=2026-08-06&checkout=2026-08-07&dest_id=-2767043&dest_type=city&group_adults=2&req_adults=2&no_rooms=1&group_children=0&req_children=0&hpos=9&hapos=379&sr_order=popularity&srpvid=7b4f562059d9004c&srepoch=1785759347&all_sr_blocks=1668762902_438691561_2_1_0&highlighted_blocks=1668762902_438691561_2_1_0&matching_block_id=1668762902_438691561_2_1_0&sr_pri_blocks=1668762902_438691561_2_1_0__637200&from=searchresults,6372,4.0,1.0,"Johar Town, Lahore",13.4,Deluxe Twin Room,2 single beds,1,1,1,https://cf.bstatic.com/xdata/images/hotel/square240/889298255.webp?k=db7002372687092466a66fbe7d4f1fe52955d5e1aed620f3b480089f20d39495&o=,11,Lahore
Luxury 2BHK APT Self Checkin Indigo Gulberg Lahore,https://www.booking.com/hotel/pk/luxury-2bhk-apt-self-checkin-indigo-gulberg-lahore.en-gb.html?aid=304142&label=gen173nr-10CAQoggJCDWNpdHlfLTI3NjcwNDNICVgEaLUBiAEBmAEzuAEHyAEM2AED6AEB-AEBiAIBqAIBuALBjMLTBsACAdICJDRlYmVmMGVjLTBmMjctNDNkNS05MDQ0LWY2ZTFmMzRjMjI5M9gCAeACAQ&ucfs=1&arphpl=1&checkin=2026-08-06&checkout=2026-08-07&dest_id=-2767043&dest_type=city&group_adults=2&req_adults=2&no_rooms=1&group_children=0&req_children=0&hpos=10&hapos=380&sr_order=popularity&srpvid=7b4f562059d9004c&srepoch=1785759347&all_sr_blocks=1695520101_441225586_4_0_0&highlighted_blocks=1695520101_441225586_4_0_0&matching_block_id=1695520101_441225586_4_0_0&sr_pri_blocks=1695520101_441225586_4_0_0__1360000&from=searchresults,13600,,,"Gulberg, Lahore",6.7,Two-Bedroom Apartment,1 extra-large double bed,0,1,1,https://cf.bstatic.com/xdata/images/hotel/square240/899907040.webp?k=5c4c6fe688262f5a01e8420a3be6da64263ddaeddfe47685c5b8200a3f8bdc2d&o=,4,Lahore
Ambiance Boutique Art Hotel Lahore,https://www.booking.com/hotel/pk/ambiance.en-gb.html?aid=304142&label=gen173nr-10CAQoggJCDWNpdHlfLTI3NjcwNDNICVgEaLUBiAEBmAEzuAEHyAEM2AED6AEB-AEBiAIBqAIBuALBjMLTBsACAdICJDRlYmVmMGVjLTBmMjctNDNkNS05MDQ0LWY2ZTFmMzRjMjI5M9gCAeACAQ&ucfs=1&arphpl=1&checkin=2026-08-06&checkout=2026-08-07&dest_id=-2767043&dest_type=city&group_adults=2&req_adults=2&no_rooms=1&group_children=0&req_children=0&hpos=11&hapos=381&sr_order=popularity&srpvid=7b4f562059d9004c&srepoch=1785759347&all_sr_blocks=687706301_427017318_0_2_0&highlighted_blocks=687706301_427017318_0_2_0&matching_block_id=687706301_427017318_0_2_0&sr_pri_blocks=687706301_427017318_0_2_0__2160000&from=searchresults,21600,8.9,456.0,Lahore,5.3,Premier Room,1 extra-large double bed,0,1,0,https://cf.bstatic.com/xdata/images/hotel/square240/829790446.webp?k=9f0d4ee661169bbf8ae8291f5c60b2657f99b308c422fd359408046270920f1f&o=,15,Lahore
Lux Haven Stays 2 Bedroom Luxury Apartment Near Gulberg - Ultimate Getaway Experience,https://www.booking.com/hotel/pk/lux-haven-stays-2-bedroom-luxury-apartment-near-gulberg-ultimate-getaway-experie.en-gb.html?aid=304142&label=gen173nr-10CAQoggJCDWNpdHlfLTI3NjcwNDNICVgEaLUBiAEBmAEzuAEHyAEM2AED6AEB-AEBiAIBqAIBuALBjMLTBsACAdICJDRlYmVmMGVjLTBmMjctNDNkNS05MDQ0LWY2ZTFmMzRjMjI5M9gCAeACAQ&ucfs=1&arphpl=1&checkin=2026-08-06&checkout=2026-08-07&dest_id=-2767043&dest_type=city&group_adults=2&req_adults=2&no_rooms=1&group_children=0&req_children=0&hpos=12&hapos=382&sr_order=popularity&srpvid=7b4f562059d9004c&srepoch=1785759347&all_sr_blocks=1377443001_409865854_2_0_0&highlighted_blocks=1377443001_409865854_2_0_0&matching_block_id=1377443001_409865854_2_0_0&sr_pri_blocks=1377443001_409865854_2_0_0__1476680&from=searchresults,14767,9.1,33.0,Lahore,3.4,Two-Bedroom Apartment with Balcony,"3 beds (2 extra-large doubles, 1 sofa bed)",0,0,0,https://cf.bstatic.com/xdata/images/hotel/square240/749678458.webp?k=a7fb4a0781db9b4c4472348d323fc1709df92cc98806af465b7c18736883a50f&o=,12,Lahore
DHA Self Check-in Luxe Suites,https://www.booking.com/hotel/pk/dha-self-check-in-luxe-suites.en-gb.html?aid=304142&label=gen173nr-10CAQoggJCDWNpdHlfLTI3NjcwNDNICVgEaLUBiAEBmAEzuAEHyAEM2AED6AEB-AEBiAIBqAIBuALBjMLTBsACAdICJDRlYmVmMGVjLTBmMjctNDNkNS05MDQ0LWY2ZTFmMzRjMjI5M9gCAeACAQ&ucfs=1&arphpl=1&checkin=2026-08-06&checkout=2026-08-07&dest_id=-2767043&dest_type=city&group_adults=2&req_adults=2&no_rooms=1&group_children=0&req_children=0&hpos=13&hapos=383&sr_order=popularity&srpvid=7b4f562059d9004c&srepoch=1785759347&all_sr_blocks=1692555001_440905817_5_0_0&highlighted_blocks=1692555001_440905817_5_0_0&matching_block_id=1692555001_440905817_5_0_0&sr_pri_blocks=1692555001_440905817_5_0_0__918000&from=searchresults,9180,,,Lahore,13.6,Two-Bedroom Apartment,"3 beds (1 single, 1 double, 1 sofa bed)",0,1,1,https://cf.bstatic.com/xdata/images/hotel/square240/897816920.webp?k=96fea80ef05cfb79e6ebe5fa064d69020f94db311e593236b817d73c3a79fb0c&o=,5,Lahore
Apartments by Alvis Suite - Penta Square DHA Lahore,https://www.booking.com/hotel/pk/apartments-by-alvis-suite-penta-square-dha-lahore-lahore.en-gb.html?aid=304142&label=gen173nr-10CAQoggJCDWNpdHlfLTI3NjcwNDNICVgEaLUBiAEBmAEzuAEHyAEM2AED6AEB-AEBiAIBqAIBuALBjMLTBsACAdICJDRlYmVmMGVjLTBmMjctNDNkNS05MDQ0LWY2ZTFmMzRjMjI5M9gCAeACAQ&ucfs=1&arphpl=1&checkin=2026-08-06&checkout=2026-08-07&dest_id=-2767043&dest_type=city&group_adults=2&req_adults=2&no_rooms=1&group_children=0&req_children=0&hpos=14&hapos=384&sr_order=popularity&srpvid=7b4f562059d9004c&srepoch=1785759347&all_sr_blocks=1690854101_440728048_2_0_0&highlighted_blocks=1690854101_440728048_2_0_0&matching_block_id=1690854101_440728048_2_0_0&sr_pri_blocks=1690854101_440728048_2_0_0__1161186&from=searchresults,11612,,,Lahore,14.2,Studio Apartment with Balcony,"2 beds (1 extra-large double, 1 sofa bed)",0,1,1,https://cf.bstatic.com/xdata/images/hotel/square240/896611531.webp?k=e73794f4579f4031d4cc91a0eadccaf98bb5f241f0b77edb1f521104822f365d&o=,12,Lahore
Demure Apartments DHA Near Airport,https://www.booking.com/hotel/pk/demure-executive-studio-apartment-near-airport.en-gb.html?aid=304142&label=gen173nr-10CAQoggJCDWNpdHlfLTI3NjcwNDNICVgEaLUBiAEBmAEzuAEHyAEM2AED6AEB-AEBiAIBqAIBuALBjMLTBsACAdICJDRlYmVmMGVjLTBmMjctNDNkNS05MDQ0LWY2ZTFmMzRjMjI5M9gCAeACAQ&ucfs=1&arphpl=1&checkin=2026-08-06&checkout=2026-08-07&dest_id=-2767043&dest_type=city&group_adults=2&req_adults=2&no_rooms=1&group_children=0&req_children=0&hpos=15&hapos=385&sr_order=popularity&srpvid=7b4f562059d9004c&srepoch=1785759347&all_sr_blocks=1570972703_428177542_2_0_0&highlighted_blocks=1570972703_428177542_2_0_0&matching_block_id=1570972703_428177542_2_0_0&sr_pri_blocks=1570972703_428177542_2_0_0__680000&from=searchresults,6800,7.0,3.0,Lahore,12.3,Classic One-Bedroom Apartment with King Bed,Classic One-Bedroom Apartment with King Bed,0,1,1,https://cf.bstatic.com/xdata/images/hotel/square240/814254441.webp?k=ad90f8fcbf2f9000995ffcf829d190459126b5372369209a669ca8cc0fa7e06c&o=,5,Lahore
"hotel Elites Residency in city center , iqbal town",https://www.booking.com/hotel/pk/elites-residency-lahore4.en-gb.html?aid=304142&label=gen173nr-10CAQoggJCDWNpdHlfLTI3NjcwNDNICVgEaLUBiAEBmAEzuAEHyAEM2AED6AEB-AEBiAIBqAIBuALBjMLTBsACAdICJDRlYmVmMGVjLTBmMjctNDNkNS05MDQ0LWY2ZTFmMzRjMjI5M9gCAeACAQ&ucfs=1&arphpl=1&checkin=2026-08-06&checkout=2026-08-07&dest_id=-2767043&dest_type=city&group_adults=2&req_adults=2&no_rooms=1&group_children=0&req_children=0&hpos=16&hapos=386&sr_order=popularity&srpvid=7b4f562059d9004c&srepoch=1785759347&all_sr_blocks=1350578103_428092966_2_2_0_821812&highlighted_blocks=1350578103_428092966_2_2_0_821812&matching_block_id=1350578103_428092966_2_2_0_821812&sr_pri_blocks=1350578103_428092966_2_2_0_821812_385000&from=searchresults,3850,7.8,48.0,Lahore,6.2,Deluxe Family Room,1 double bed,0,0,0,https://cf.bstatic.com/xdata/images/hotel/square240/651667991.webp?k=b83663684728724829ead46bdf88bdfe9498353723bc8c44d351f97bb6b8aa85&o=,11,Lahore
"Luxury 1BR Haven, Self Check-In, Bahria Town",https://www.booking.com/hotel/pk/luxury-1br-haven-self-check-in-bahria-town.en-gb.html?aid=304142&label=gen173nr-10CAQoggJCDWNpdHlfLTI3NjcwNDNICVgEaLUBiAEBmAEzuAEHyAEM2AED6AEB-AEBiAIBqAIBuALBjMLTBsACAdICJDRlYmVmMGVjLTBmMjctNDNkNS05MDQ0LWY2ZTFmMzRjMjI5M9gCAeACAQ&ucfs=1&arphpl=1&checkin=2026-08-06&checkout=2026-08-07&dest_id=-2767043&dest_type=city&group_adults=2&req_adults=2&no_rooms=1&group_children=0&req_children=0&hpos=17&hapos=387&sr_order=popularity&srpvid=7b4f562059d9004c&srepoch=1785759347&all_sr_blocks=1667747701_438595305_3_0_0&highlighted_blocks=1667747701_438595305_3_0_0&matching_block_id=1667747701_438595305_3_0_0&sr_pri_blocks=1667747701_438595305_3_0_0__810000&from=searchresults,8100,,,Lahore,24.5,One-Bedroom Apartment,1 extra-large double bed,0,1,1,https://cf.bstatic.com/xdata/images/hotel/square240/883404394.webp?k=0f9bafa1c0e26af422cdf880e00f4598fa50df28c52b1d292249a4a07233cf76&o=,5,Lahore
Luxury appartments in Bahria Town Lahore,https://www.booking.com/hotel/pk/luxury-appartments-in-bahria-town-lahore.en-gb.html?aid=304142&label=gen173nr-10CAQoggJCDWNpdHlfLTI3NjcwNDNICVgEaLUBiAEBmAEzuAEHyAEM2AED6AEB-AEBiAIBqAIBuALBjMLTBsACAdICJDRlYmVmMGVjLTBmMjctNDNkNS05MDQ0LWY2ZTFmMzRjMjI5M9gCAeACAQ&ucfs=1&arphpl=1&checkin=2026-08-06&checkout=2026-08-07&dest_id=-2767043&dest_type=city&group_adults=2&req_adults=2&no_rooms=1&group_children=0&req_children=0&hpos=18&hapos=388&sr_order=popularity&srpvid=7b4f562059d9004c&srepoch=1785759347&all_sr_blocks=1671622601_438932385_2_0_0&highlighted_blocks=1671622601_438932385_2_0_0&matching_block_id=1671622601_438932385_2_0_0&sr_pri_blocks=1671622601_438932385_2_0_0__680000&from=searchresults,6800,,,Lahore,25.5,One-Bedroom Apartment,"2 beds (1 double, 1 sofa bed)",0,1,1,https://cf.bstatic.com/xdata/images/hotel/square240/886205388.webp?k=28c490056708731b03ef10abb31a4d853ffa2970734f0b14d3469b60309cca42&o=,4,Lahore
Eiffel Facing Comfy Elegant 1BHk,https://www.booking.com/hotel/pk/eiffel-embrace-1-bhk.en-gb.html?aid=304142&label=gen173nr-10CAQoggJCDWNpdHlfLTI3NjcwNDNICVgEaLUBiAEBmAEzuAEHyAEM2AED6AEB-AEBiAIBqAIBuALBjMLTBsACAdICJDRlYmVmMGVjLTBmMjctNDNkNS05MDQ0LWY2ZTFmMzRjMjI5M9gCAeACAQ&ucfs=1&arphpl=1&checkin=2026-08-06&checkout=2026-08-07&dest_id=-2767043&dest_type=city&group_adults=2&req_adults=2&no_rooms=1&group_children=0&req_children=0&hpos=19&hapos=389&sr_order=popularity&srpvid=7b4f562059d9004c&srepoch=1785759347&all_sr_blocks=1430127601_414577112_0_0_0&highlighted_blocks=1430127601_414577112_0_0_0&matching_block_id=1430127601_414577112_0_0_0&sr_pri_blocks=1430127601_414577112_0_0_0__810000&from=searchresults,8100,9.1,11.0,Lahore,26.4,One-Bedroom Apartment,"3 beds (1 extra-large double, 2 sofa beds)",0,1,1,https://cf.bstatic.com/xdata/images/hotel/square240/848477175.webp?k=2e183fc70227ba3fa5110bc5f254db9823cdffdeaaddf5e888aea753a5fa71e4&o=,4,Lahore
Zameen Opal 1 Bedroom Apartment,https://www.booking.com/hotel/pk/zameen-opal-1-bedroom-apartment-lahore.en-gb.html?aid=304142&label=gen173nr-10CAQoggJCDWNpdHlfLTI3NjcwNDNICVgEaLUBiAEBmAEzuAEHyAEM2AED6AEB-AEBiAIBqAIBuALBjMLTBsACAdICJDRlYmVmMGVjLTBmMjctNDNkNS05MDQ0LWY2ZTFmMzRjMjI5M9gCAeACAQ&ucfs=1&arphpl=1&checkin=2026-08-06&checkout=2026-08-07&dest_id=-2767043&dest_type=city&group_adults=2&req_adults=2&no_rooms=1&group_children=0&req_children=0&hpos=20&hapos=390&sr_order=popularity&srpvid=7b4f562059d9004c&srepoch=1785759347&all_sr_blocks=1555409601_426672492_2_0_0&highlighted_blocks=1555409601_426672492_2_0_0&matching_block_id=1555409601_426672492_2_0_0&sr_pri_blocks=1555409601_426672492_2_0_0__1032080&from=searchresults,10321,8.1,11.0,Lahore,18.4,One-Bedroom Apartment,"2 beds (1 sofa bed, 1 large double)",0,1,1,https://cf.bstatic.com/xdata/images/hotel/square240/801528823.webp?k=1cd31fea3dbd4669f3a77ccb3c845f48e00c90b646a0503917e576cafdad0c84&o=,5,Lahore
Elite Stylish Apartment,https://www.booking.com/hotel/pk/luxury-blue-vip-apartment-with-eiffel-view.en-gb.html?aid=304142&label=gen173nr-10CAQoggJCDWNpdHlfLTI3NjcwNDNICVgEaLUBiAEBmAEzuAEHyAEM2AED6AEB-AEBiAIBqAIBuALBjMLTBsACAdICJDRlYmVmMGVjLTBmMjctNDNkNS05MDQ0LWY2ZTFmMzRjMjI5M9gCAeACAQ&ucfs=1&arphpl=1&checkin=2026-08-06&checkout=2026-08-07&dest_id=-2767043&dest_type=city&group_adults=2&req_adults=2&no_rooms=1&group_children=0&req_children=0&hpos=21&hapos=391&sr_order=popularity&srpvid=7b4f562059d9004c&srepoch=1785759347&all_sr_blocks=1578427901_428953288_2_0_0_1404872&highlighted_blocks=1578427901_428953288_2_0_0_1404872&matching_block_id=1578427901_428953288_2_0_0_1404872&sr_pri_blocks=1578427901_428953288_2_0_0_1404872_608000&from=searchresults,6080,8.0,16.0,Lahore,25.7,One-Bedroom Apartment,1 double bed,0,1,1,https://cf.bstatic.com/xdata/images/hotel/square240/820588501.webp?k=be3e52f5e9bdfd3acb4255992c5c8a1b1a1dc4407174ed5ad85e63651ce2d911&o=,13,Lahore
"Designer 2BHK Indigo Boutique Apartments, Gulberg",https://www.booking.com/hotel/pk/designer-curve-pool-table-75led-2bk-indigo-gulberg.en-gb.html?aid=304142&label=gen173nr-10CAQoggJCDWNpdHlfLTI3NjcwNDNICVgEaLUBiAEBmAEzuAEHyAEM2AED6AEB-AEBiAIBqAIBuALBjMLTBsACAdICJDRlYmVmMGVjLTBmMjctNDNkNS05MDQ0LWY2ZTFmMzRjMjI5M9gCAeACAQ&ucfs=1&arphpl=1&checkin=2026-08-06&checkout=2026-08-07&dest_id=-2767043&dest_type=city&group_adults=2&req_adults=2&no_rooms=1&group_children=0&req_children=0&hpos=22&hapos=392&sr_order=popularity&srpvid=7b4f562059d9004c&srepoch=1785759347&all_sr_blocks=1639358701_434210993_4_0_0&highlighted_blocks=1639358701_434210993_4_0_0&matching_block_id=1639358701_434210993_4_0_0&sr_pri_blocks=1639358701_434210993_4_0_0__1700000&from=searchresults,17000,,,"Gulberg, Lahore",6.7,Two-Bedroom Deluxe Apartment,2 double beds,0,1,1,https://cf.bstatic.com/xdata/images/hotel/square240/866413812.webp?k=09e5f1f596b380d57e88083d71789d9207a7e89b552877595a317d605e642b04&o=,5,Lahore
Spacious 1-BHK Apartment Self Check In Bahria Town Lahore,https://www.booking.com/hotel/pk/spacious-1-bhk-apartment-self-check-in-bahria-town-lahore.en-gb.html?aid=304142&label=gen173nr-10CAQoggJCDWNpdHlfLTI3NjcwNDNICVgEaLUBiAEBmAEzuAEHyAEM2AED6AEB-AEBiAIBqAIBuALBjMLTBsACAdICJDRlYmVmMGVjLTBmMjctNDNkNS05MDQ0LWY2ZTFmMzRjMjI5M9gCAeACAQ&ucfs=1&arphpl=1&checkin=2026-08-06&checkout=2026-08-07&dest_id=-2767043&dest_type=city&group_adults=2&req_adults=2&no_rooms=1&group_children=0&req_children=0&hpos=23&hapos=393&sr_order=popularity&srpvid=7b4f562059d9004c&srepoch=1785759347&all_sr_blocks=1690472701_440682167_2_0_0&highlighted_blocks=1690472701_440682167_2_0_0&matching_block_id=1690472701_440682167_2_0_0&sr_pri_blocks=1690472701_440682167_2_0_0__799000&from=searchresults,7990,,,Lahore,26.4,Two-Bedroom Apartment,"2 beds (1 extra-large double, 1 sofa bed)",0,1,1,https://cf.bstatic.com/xdata/images/hotel/square240/896185881.webp?k=82b202c17d423d46ff202d0776c6b1b6fb943b26e48eadc65fd96f784a2b3d2f&o=,5,Lahore
Commercial Plaza,https://www.booking.com/hotel/pk/commercial-plaza.en-gb.html?aid=304142&label=gen173nr-10CAQoggJCDWNpdHlfLTI3NjcwNDNICVgEaLUBiAEBmAEzuAEHyAEM2AED6AEB-AEBiAIBqAIBuALBjMLTBsACAdICJDRlYmVmMGVjLTBmMjctNDNkNS05MDQ0LWY2ZTFmMzRjMjI5M9gCAeACAQ&ucfs=1&arphpl=1&checkin=2026-08-06&checkout=2026-08-07&dest_id=-2767043&dest_type=city&group_adults=2&req_adults=2&no_rooms=1&group_children=0&req_children=0&hpos=24&hapos=394&sr_order=popularity&srpvid=7b4f562059d9004c&srepoch=1785759347&all_sr_blocks=1676959701_439414406_4_0_0&highlighted_blocks=1676959701_439414406_4_0_0&matching_block_id=1676959701_439414406_4_0_0&sr_pri_blocks=1676959701_439414406_4_0_0__637500&from=searchresults,6375,10,1.0,Lahore,24.5,One-Bedroom Apartment,"2 beds (1 double, 1 sofa bed)",0,1,1,https://cf.bstatic.com/xdata/images/hotel/square240/889119026.webp?k=41f077c43baba8d06ba9adad7d3c6fe58e0f9f0448ddf0a4f7a10f88a195f116&o=,4,Lahore
Whispers of Gold - 1BHK - Zameen Aurum,https://www.booking.com/hotel/pk/whispers-of-gold-1bhk-zameen-aurum.en-gb.html?aid=304142&label=gen173nr-10CAQoggJCDWNpdHlfLTI3NjcwNDNICVgEaLUBiAEBmAEzuAEHyAEM2AED6AEB-AEBiAIBqAIBuALBjMLTBsACAdICJDRlYmVmMGVjLTBmMjctNDNkNS05MDQ0LWY2ZTFmMzRjMjI5M9gCAeACAQ&ucfs=1&arphpl=1&checkin=2026-08-06&checkout=2026-08-07&dest_id=-2767043&dest_type=city&group_adults=2&req_adults=2&no_rooms=1&group_children=0&req_children=0&hpos=1&hapos=395&sr_order=popularity&srpvid=7b4f562059d9004c&srepoch=1785759350&all_sr_blocks=1507041001_424421115_3_0_0&highlighted_blocks=1507041001_424421115_3_0_0&matching_block_id=1507041001_424421115_3_0_0&sr_pri_blocks=1507041001_424421115_3_0_0__1105000&from=searchresults,11050,2.8,4.0,"Gulberg, Lahore",7.2,One-Bedroom Apartment,1 double bed,0,0,1,https://cf.bstatic.com/xdata/images/hotel/square240/771091244.webp?k=c3e98228d845a63f4b06122a88c9649a282601fd5ceec0cbc5665a3dc49bd632&o=,4,Lahore
2 Bedroom Luxury Apartment GoldCrest DHA Lahore,https://www.booking.com/hotel/pk/luxury-penthouse-with-balcony-goldcrest-dha-lahore.en-gb.html?aid=304142&label=gen173nr-10CAQoggJCDWNpdHlfLTI3NjcwNDNICVgEaLUBiAEBmAEzuAEHyAEM2AED6AEB-AEBiAIBqAIBuALBjMLTBsACAdICJDRlYmVmMGVjLTBmMjctNDNkNS05MDQ0LWY2ZTFmMzRjMjI5M9gCAeACAQ&ucfs=1&arphpl=1&checkin=2026-08-06&checkout=2026-08-07&dest_id=-2767043&dest_type=city&group_adults=2&req_adults=2&no_rooms=1&group_children=0&req_children=0&hpos=2&hapos=396&sr_order=popularity&srpvid=7b4f562059d9004c&srepoch=1785759350&all_sr_blocks=1506388301_422397001_4_1_0&highlighted_blocks=1506388301_422397001_4_1_0&matching_block_id=1506388301_422397001_4_1_0&sr_pri_blocks=1506388301_422397001_4_1_0__1800000&from=searchresults,18000,,,Lahore,12.0,Two-Bedroom Apartment,2 double beds,1,0,0,https://cf.bstatic.com/xdata/images/hotel/square240/893219475.webp?k=bc348af945925e796ad6791d121ecbc4ec7ecdbd1bf41e7262f3ba82f1f16955&o=,2,Lahore
2 Bedroom Serviced Family Home,https://www.booking.com/hotel/pk/2-bedroom-serviced-home.en-gb.html?aid=304142&label=gen173nr-10CAQoggJCDWNpdHlfLTI3NjcwNDNICVgEaLUBiAEBmAEzuAEHyAEM2AED6AEB-AEBiAIBqAIBuALBjMLTBsACAdICJDRlYmVmMGVjLTBmMjctNDNkNS05MDQ0LWY2ZTFmMzRjMjI5M9gCAeACAQ&ucfs=1&arphpl=1&checkin=2026-08-06&checkout=2026-08-07&dest_id=-2767043&dest_type=city&group_adults=2&req_adults=2&no_rooms=1&group_children=0&req_children=0&hpos=3&hapos=397&sr_order=popularity&srpvid=7b4f562059d9004c&srepoch=1785759350&all_sr_blocks=1535716401_425055684_4_0_0&highlighted_blocks=1535716401_425055684_4_0_0&matching_block_id=1535716401_425055684_4_0_0&sr_pri_blocks=1535716401_425055684_4_0_0__1184400&from=searchresults,11844,9.4,12.0,Lahore,18.6,Two-Bedroom House,"5 beds (2 singles, 1 extra-large double, 2 futons)",0,1,1,https://cf.bstatic.com/xdata/images/hotel/square240/800302522.webp?k=7dda57411d9ac4a105153556b0b74420a4d70a91a99f3421e8d308dca53c2dde&o=,5,Lahore
2BR Unique Rooftop Retreat - Staycation & Events,https://www.booking.com/hotel/pk/2br-container-style-retreat-near-emporium-amp-expo.en-gb.html?aid=304142&label=gen173nr-10CAQoggJCDWNpdHlfLTI3NjcwNDNICVgEaLUBiAEBmAEzuAEHyAEM2AED6AEB-AEBiAIBqAIBuALBjMLTBsACAdICJDRlYmVmMGVjLTBmMjctNDNkNS05MDQ0LWY2ZTFmMzRjMjI5M9gCAeACAQ&ucfs=1&arphpl=1&checkin=2026-08-06&checkout=2026-08-07&dest_id=-2767043&dest_type=city&group_adults=2&req_adults=2&no_rooms=1&group_children=0&req_children=0&hpos=4&hapos=398&sr_order=popularity&srpvid=7b4f562059d9004c&srepoch=1785759350&all_sr_blocks=1642439001_434419372_6_0_0_1418037&highlighted_blocks=1642439001_434419372_6_0_0_1418037&matching_block_id=1642439001_434419372_6_0_0_1418037&sr_pri_blocks=1642439001_434419372_6_0_0_1418037_1499900&from=searchresults,14999,10,3.0,Lahore,14.3,Two-Bedroom House,"4 beds (2 extra-large doubles, 2 futons)",0,1,1,https://cf.bstatic.com/xdata/images/hotel/square240/868224806.webp?k=2339ff6f4a034b29566186f1468d7fc106f74ff92c7fdae9d33f8de339288908&o=,4,Lahore
Lovely 1 Bed Luxury Apartment & Family Rooms near Emporium,https://www.booking.com/hotel/pk/lovely-1-bed-luxury-apartment-near-emporium.en-gb.html?aid=304142&label=gen173nr-10CAQoggJCDWNpdHlfLTI3NjcwNDNICVgEaLUBiAEBmAEzuAEHyAEM2AED6AEB-AEBiAIBqAIBuALBjMLTBsACAdICJDRlYmVmMGVjLTBmMjctNDNkNS05MDQ0LWY2ZTFmMzRjMjI5M9gCAeACAQ&ucfs=1&arphpl=1&checkin=2026-08-06&checkout=2026-08-07&dest_id=-2767043&dest_type=city&group_adults=2&req_adults=2&no_rooms=1&group_children=0&req_children=0&hpos=5&hapos=399&sr_order=popularity&srpvid=7b4f562059d9004c&srepoch=1785759350&all_sr_blocks=1569881202_428079164_2_0_0&highlighted_blocks=1569881202_428079164_2_0_0&matching_block_id=1569881202_428079164_2_0_0&sr_pri_blocks=1569881202_428079164_2_0_0__450000&from=searchresults,4500,,,"Johar Town, Lahore",11.5,Deluxe Double or Twin Room with Balcony,2 single beds,0,1,1,https://cf.bstatic.com/xdata/images/hotel/square240/813347927.webp?k=e6b8d5712c76ed6ffff07631b1372dba20155f7ec32cc247e5237748b9d2e57c&o=,12,Lahore
Malik guest house,https://www.booking.com/hotel/pk/malik-guest-house-lahore.en-gb.html?aid=304142&label=gen173nr-10CAQoggJCDWNpdHlfLTI3NjcwNDNICVgEaLUBiAEBmAEzuAEHyAEM2AED6AEB-AEBiAIBqAIBuALBjMLTBsACAdICJDRlYmVmMGVjLTBmMjctNDNkNS05MDQ0LWY2ZTFmMzRjMjI5M9gCAeACAQ&ucfs=1&arphpl=1&checkin=2026-08-06&checkout=2026-08-07&dest_id=-2767043&dest_type=city&group_adults=2&req_adults=2&no_rooms=1&group_children=0&req_children=0&hpos=6&hapos=400&sr_order=popularity&srpvid=7b4f562059d9004c&srepoch=1785759350&all_sr_blocks=1665086901_438362024_4_1_0&highlighted_blocks=1665086901_438362024_4_1_0&matching_block_id=1665086901_438362024_4_1_0&sr_pri_blocks=1665086901_438362024_4_1_0__700000&from=searchresults,7000,,,"Model Town, Lahore",8.4,Deluxe Queen Room with Two Queen Beds,Deluxe Queen Room with Two Queen Beds,1,1,1,https://cf.bstatic.com/xdata/images/hotel/square240/881946216.webp?k=9794300a6e93c3c4e34a8abbcdacfa5a45a91efc9d052873813218b09b75483b&o=,4,Lahore
NEW 1 Bed Studio heart of Lahore l Kalma Chowk l Indigo Boutique Apartments,https://www.booking.com/hotel/pk/new-1-bed-studio-heart-of-lahore-l-kalma-chowk-l-indigo-boutique-apartments.en-gb.html?aid=304142&label=gen173nr-10CAQoggJCDWNpdHlfLTI3NjcwNDNICVgEaLUBiAEBmAEzuAEHyAEM2AED6AEB-AEBiAIBqAIBuALBjMLTBsACAdICJDRlYmVmMGVjLTBmMjctNDNkNS05MDQ0LWY2ZTFmMzRjMjI5M9gCAeACAQ&ucfs=1&arphpl=1&checkin=2026-08-06&checkout=2026-08-07&dest_id=-2767043&dest_type=city&group_adults=2&req_adults=2&no_rooms=1&group_children=0&req_children=0&hpos=7&hapos=401&sr_order=popularity&srpvid=7b4f562059d9004c&srepoch=1785759350&all_sr_blocks=1380857101_410183596_2_0_0&highlighted_blocks=1380857101_410183596_2_0_0&matching_block_id=1380857101_410183596_2_0_0&sr_pri_blocks=1380857101_410183596_2_0_0__1079910&from=searchresults,10799,5.3,3.0,"Gulberg, Lahore",6.7,One-Bedroom Apartment,"3 beds (1 double, 1 extra-large double, 1 sofa bed)",0,1,1,https://cf.bstatic.com/xdata/images/hotel/square240/661446739.webp?k=30a072e374c23cadd13875bc851ca2dbc7c6708434485c4d34da31c69a6369f1&o=,4,Lahore
Zameen Opal,https://www.booking.com/hotel/pk/zameen-opal-lahore41.en-gb.html?aid=304142&label=gen173nr-10CAQoggJCDWNpdHlfLTI3NjcwNDNICVgEaLUBiAEBmAEzuAEHyAEM2AED6AEB-AEBiAIBqAIBuALBjMLTBsACAdICJDRlYmVmMGVjLTBmMjctNDNkNS05MDQ0LWY2ZTFmMzRjMjI5M9gCAeACAQ&ucfs=1&arphpl=1&checkin=2026-08-06&checkout=2026-08-07&dest_id=-2767043&dest_type=city&group_adults=2&req_adults=2&no_rooms=1&group_children=0&req_children=0&hpos=8&hapos=402&sr_order=popularity&srpvid=7b4f562059d9004c&srepoch=1785759350&all_sr_blocks=1650628101_437079076_2_0_0&highlighted_blocks=1650628101_437079076_2_0_0&matching_block_id=1650628101_437079076_2_0_0&sr_pri_blocks=1650628101_437079076_2_0_0__1000000&from=searchresults,10000,,,Lahore,18.4,One-Bedroom Apartment,"2 beds (1 sofa bed, 1 large double)",0,1,1,https://cf.bstatic.com/xdata/images/hotel/square240/871871474.webp?k=0aec8e6e7d0eace2f5dbd359ca4ed7f4b05c698647b88a971d32cb8395f08ea1&o=,4,Lahore
1 bed 1AC hadaya homes,https://www.booking.com/hotel/pk/hadaya-homes-lahore.en-gb.html?aid=304142&label=gen173nr-10CAQoggJCDWNpdHlfLTI3NjcwNDNICVgEaLUBiAEBmAEzuAEHyAEM2AED6AEB-AEBiAIBqAIBuALBjMLTBsACAdICJDRlYmVmMGVjLTBmMjctNDNkNS05MDQ0LWY2ZTFmMzRjMjI5M9gCAeACAQ&ucfs=1&arphpl=1&checkin=2026-08-06&checkout=2026-08-07&dest_id=-2767043&dest_type=city&group_adults=2&req_adults=2&no_rooms=1&group_children=0&req_children=0&hpos=9&hapos=403&sr_order=popularity&srpvid=7b4f562059d9004c&srepoch=1785759350&all_sr_blocks=1595494401_440960003_0_0_0&highlighted_blocks=1595494401_440960003_0_0_0&matching_block_id=1595494401_440960003_0_0_0&sr_pri_blocks=1595494401_440960003_0_0_0__714000&from=searchresults,7140,10,1.0,Lahore,14.8,One-Bedroom Apartment,1 double bed,0,1,1,https://cf.bstatic.com/xdata/images/hotel/square240/901674688.webp?k=c9afe3ea52fedc693b59660074ea0fb0e962902421f0a279b098401cb90df209&o=,5,Lahore
One Bedroom Furnished Apartment - Gold Crest Mall - DHA Lahore,https://www.booking.com/hotel/pk/one-bedroom-furnished-apartment-gold-crest-mall-dha-lahore.en-gb.html?aid=304142&label=gen173nr-10CAQoggJCDWNpdHlfLTI3NjcwNDNICVgEaLUBiAEBmAEzuAEHyAEM2AED6AEB-AEBiAIBqAIBuALBjMLTBsACAdICJDRlYmVmMGVjLTBmMjctNDNkNS05MDQ0LWY2ZTFmMzRjMjI5M9gCAeACAQ&ucfs=1&arphpl=1&checkin=2026-08-06&checkout=2026-08-07&dest_id=-2767043&dest_type=city&group_adults=2&req_adults=2&no_rooms=1&group_children=0&req_children=0&hpos=10&hapos=404&sr_order=popularity&srpvid=7b4f562059d9004c&srepoch=1785759350&all_sr_blocks=1585424201_429668547_2_0_0&highlighted_blocks=1585424201_429668547_2_0_0&matching_block_id=1585424201_429668547_2_0_0&sr_pri_blocks=1585424201_429668547_2_0_0__1870000&from=searchresults,18700,9.3,3.0,Lahore,12.0,One-Bedroom Apartment,1 single bed,0,1,1,https://cf.bstatic.com/xdata/images/hotel/square240/826519469.webp?k=f096409213a184c60b43facdeb77df513e4cf952f0a723a15efdebad46188e34&o=,5,Lahore
Step Inn Guest House Lahore,https://www.booking.com/hotel/pk/step-inn-guest-house-lahore.en-gb.html?aid=304142&label=gen173nr-10CAQoggJCDWNpdHlfLTI3NjcwNDNICVgEaLUBiAEBmAEzuAEHyAEM2AED6AEB-AEBiAIBqAIBuALBjMLTBsACAdICJDRlYmVmMGVjLTBmMjctNDNkNS05MDQ0LWY2ZTFmMzRjMjI5M9gCAeACAQ&ucfs=1&arphpl=1&checkin=2026-08-06&checkout=2026-08-07&dest_id=-2767043&dest_type=city&group_adults=2&req_adults=2&no_rooms=1&group_children=0&req_children=0&hpos=11&hapos=405&sr_order=popularity&srpvid=7b4f562059d9004c&srepoch=1785759350&all_sr_blocks=347090204_408624227_0_0_0&highlighted_blocks=347090204_408624227_0_0_0&matching_block_id=347090204_408624227_0_0_0&sr_pri_blocks=347090204_408624227_0_0_0__535500&from=searchresults,5355,6.5,27.0,Lahore,10.8,Deluxe Room (2 Adults + 1 Child),1 extra-large double bed,0,1,1,https://cf.bstatic.com/xdata/images/hotel/square240/466216785.webp?k=2051abbec6139ad6e1454867566d3904a1b3505ea1fe63abca42d315fc191404&o=,11,Lahore
One & Two Bedrooms Apartment Near DHA & Airport,https://www.booking.com/hotel/pk/two-bedrooms-apartment-near-dha-amp-airport.en-gb.html?aid=304142&label=gen173nr-10CAQoggJCDWNpdHlfLTI3NjcwNDNICVgEaLUBiAEBmAEzuAEHyAEM2AED6AEB-AEBiAIBqAIBuALBjMLTBsACAdICJDRlYmVmMGVjLTBmMjctNDNkNS05MDQ0LWY2ZTFmMzRjMjI5M9gCAeACAQ&ucfs=1&arphpl=1&checkin=2026-08-06&checkout=2026-08-07&dest_id=-2767043&dest_type=city&group_adults=2&req_adults=2&no_rooms=1&group_children=0&req_children=0&hpos=12&hapos=406&sr_order=popularity&srpvid=7b4f562059d9004c&srepoch=1785759350&all_sr_blocks=813295504_343666868_2_0_0&highlighted_blocks=813295504_343666868_2_0_0&matching_block_id=813295504_343666868_2_0_0&sr_pri_blocks=813295504_343666868_2_0_0__600000&from=searchresults,6000,4.6,47.0,Lahore,11.8,One-Bedroom Apartment,"3 beds (1 sofa bed, 1 large double, 1 futon)",0,1,1,https://cf.bstatic.com/xdata/images/hotel/square240/335905162.webp?k=e4c7b92c747f9e9c2bc3808a906bacc79f3454ace3832db48ad30ecc0b7169db&o=,4,Lahore
D'Azur Residency,https://www.booking.com/hotel/pk/azur-residency-lahore.en-gb.html?aid=304142&label=gen173nr-10CAQoggJCDWNpdHlfLTI3NjcwNDNICVgEaLUBiAEBmAEzuAEHyAEM2AED6AEB-AEBiAIBqAIBuALBjMLTBsACAdICJDRlYmVmMGVjLTBmMjctNDNkNS05MDQ0LWY2ZTFmMzRjMjI5M9gCAeACAQ&ucfs=1&arphpl=1&checkin=2026-08-06&checkout=2026-08-07&dest_id=-2767043&dest_type=city&group_adults=2&req_adults=2&no_rooms=1&group_children=0&req_children=0&hpos=13&hapos=407&sr_order=popularity&srpvid=7b4f562059d9004c&srepoch=1785759350&all_sr_blocks=1323333502_422638704_4_0_0&highlighted_blocks=1323333502_422638704_4_0_0&matching_block_id=1323333502_422638704_4_0_0&sr_pri_blocks=1323333502_422638704_4_0_0__2400000&from=searchresults,24000,9.5,2.0,Lahore,13.8,Two-Bedroom Deluxe Apartment with Balcony,"3 beds (2 singles, 1 large double)",0,0,1,https://cf.bstatic.com/xdata/images/hotel/square240/623862069.webp?k=b349eebb3f5e4d84ba41e3ba632dbae0eef3116e307f1223c6a5c5e3f4d46f58&o=,3,Lahore
"1 Bedroom Apartment in The Opus Luxury Residences, Gulberg",https://www.booking.com/hotel/pk/1-bedroom-luxury-apartment-lahore1.en-gb.html?aid=304142&label=gen173nr-10CAQoggJCDWNpdHlfLTI3NjcwNDNICVgEaLUBiAEBmAEzuAEHyAEM2AED6AEB-AEBiAIBqAIBuALBjMLTBsACAdICJDRlYmVmMGVjLTBmMjctNDNkNS05MDQ0LWY2ZTFmMzRjMjI5M9gCAeACAQ&ucfs=1&arphpl=1&checkin=2026-08-06&checkout=2026-08-07&dest_id=-2767043&dest_type=city&group_adults=2&req_adults=2&no_rooms=1&group_children=0&req_children=0&hpos=14&hapos=408&sr_order=popularity&srpvid=7b4f562059d9004c&srepoch=1785759350&all_sr_blocks=1241357402_412420662_2_0_0&highlighted_blocks=1241357402_412420662_2_0_0&matching_block_id=1241357402_412420662_2_0_0&sr_pri_blocks=1241357402_412420662_2_0_0__2148363&from=searchresults,21484,7.0,3.0,"Gulberg, Lahore",6.9,Apartment,1 extra-large double bed,0,1,1,https://cf.bstatic.com/xdata/images/hotel/square240/606786482.webp?k=6edba5990da24752854b563d2a946ab2988339f39d48654fa2ee65c17907fb15&o=,11,Lahore
Hotel Rose One Lahore,https://www.booking.com/hotel/pk/rose-one-lahore.en-gb.html?aid=304142&label=gen173nr-10CAQoggJCDWNpdHlfLTI3NjcwNDNICVgEaLUBiAEBmAEzuAEHyAEM2AED6AEB-AEBiAIBqAIBuALBjMLTBsACAdICJDRlYmVmMGVjLTBmMjctNDNkNS05MDQ0LWY2ZTFmMzRjMjI5M9gCAeACAQ&ucfs=1&arphpl=1&checkin=2026-08-06&checkout=2026-08-07&dest_id=-2767043&dest_type=city&group_adults=2&req_adults=2&no_rooms=1&group_children=0&req_children=0&hpos=15&hapos=409&sr_order=popularity&srpvid=7b4f562059d9004c&srepoch=1785759350&all_sr_blocks=926386603_411238868_2_0_0&highlighted_blocks=926386603_411238868_2_0_0&matching_block_id=926386603_411238868_2_0_0&sr_pri_blocks=926386603_411238868_2_0_0__320000&from=searchresults,3200,6.7,189.0,Lahore,9.3,Standard Double Room with Fan,1 large double bed,0,1,1,https://cf.bstatic.com/xdata/images/hotel/square240/408576915.webp?k=c92957bb1f49556f32ad23f6c8b831ef24bdc99da736f54469bc073773bc81ae&o=,12,Lahore
New Faizan Hotel,https://www.booking.com/hotel/pk/new-faizan.en-gb.html?aid=304142&label=gen173nr-10CAQoggJCDWNpdHlfLTI3NjcwNDNICVgEaLUBiAEBmAEzuAEHyAEM2AED6AEB-AEBiAIBqAIBuALBjMLTBsACAdICJDRlYmVmMGVjLTBmMjctNDNkNS05MDQ0LWY2ZTFmMzRjMjI5M9gCAeACAQ&ucfs=1&arphpl=1&checkin=2026-08-06&checkout=2026-08-07&dest_id=-2767043&dest_type=city&group_adults=2&req_adults=2&no_rooms=1&group_children=0&req_children=0&hpos=16&hapos=410&sr_order=popularity&srpvid=7b4f562059d9004c&srepoch=1785759350&all_sr_blocks=1296448603_402552968_6_0_0&highlighted_blocks=1296448603_402552968_6_0_0&matching_block_id=1296448603_402552968_6_0_0&sr_pri_blocks=1296448603_402552968_6_0_0__230000&from=searchresults,2300,3.0,5.0,Lahore,5.2,Deluxe Family Room,"4 beds (2 singles, 2 doubles)",0,1,1,https://cf.bstatic.com/xdata/images/hotel/square240/605974695.webp?k=aa65bf31b60758ecd4e4455ee50eaed4bac4ef1823f9cff35bb204bbf55ad1d6&o=,6,Lahore
Room Apartment for couples Family lahore,https://www.booking.com/hotel/pk/room-apartment-for-couples-family-lahore.en-gb.html?aid=304142&label=gen173nr-10CAQoggJCDWNpdHlfLTI3NjcwNDNICVgEaLUBiAEBmAEzuAEHyAEM2AED6AEB-AEBiAIBqAIBuALBjMLTBsACAdICJDRlYmVmMGVjLTBmMjctNDNkNS05MDQ0LWY2ZTFmMzRjMjI5M9gCAeACAQ&ucfs=1&arphpl=1&checkin=2026-08-06&checkout=2026-08-07&dest_id=-2767043&dest_type=city&group_adults=2&req_adults=2&no_rooms=1&group_children=0&req_children=0&hpos=17&hapos=411&sr_order=popularity&srpvid=7b4f562059d9004c&srepoch=1785759350&all_sr_blocks=1684900601_440140995_3_0_0&highlighted_blocks=1684900601_440140995_3_0_0&matching_block_id=1684900601_440140995_3_0_0&sr_pri_blocks=1684900601_440140995_3_0_0__807500&from=searchresults,8075,,,Lahore,11.6,One-Bedroom House,"2 beds (1 double, 1 sofa bed)",0,1,1,https://cf.bstatic.com/xdata/images/hotel/square240/892765747.webp?k=b0ddf7facd1a92e558d05f3aab1b40a7b2705d6d99da2809f4c057a558156e89&o=,4,Lahore
Executive One Bed Suite by Alvis Suite,https://www.booking.com/hotel/pk/executive-one-bed-suite-by-alvis-suite.en-gb.html?aid=304142&label=gen173nr-10CAQoggJCDWNpdHlfLTI3NjcwNDNICVgEaLUBiAEBmAEzuAEHyAEM2AED6AEB-AEBiAIBqAIBuALBjMLTBsACAdICJDRlYmVmMGVjLTBmMjctNDNkNS05MDQ0LWY2ZTFmMzRjMjI5M9gCAeACAQ&ucfs=1&arphpl=1&checkin=2026-08-06&checkout=2026-08-07&dest_id=-2767043&dest_type=city&group_adults=2&req_adults=2&no_rooms=1&group_children=0&req_children=0&hpos=18&hapos=412&sr_order=popularity&srpvid=7b4f562059d9004c&srepoch=1785759350&all_sr_blocks=1676967106_439414734_3_0_0&highlighted_blocks=1676967106_439414734_3_0_0&matching_block_id=1676967106_439414734_3_0_0&sr_pri_blocks=1676967106_439414734_3_0_0__1379900&from=searchresults,13799,,,Lahore,12.1,Studio Apartment,"2 beds (1 extra-large double, 1 sofa bed)",0,1,1,https://cf.bstatic.com/xdata/images/hotel/square240/890581441.webp?k=e7f0a9716239c57fab1ba2437844a308fc50d81c45ce982342b4e7a5497228c4&o=,12,Lahore
Cozy apartment,https://www.booking.com/hotel/pk/cozy-apartment-lahore4.en-gb.html?aid=304142&label=gen173nr-10CAQoggJCDWNpdHlfLTI3NjcwNDNICVgEaLUBiAEBmAEzuAEHyAEM2AED6AEB-AEBiAIBqAIBuALBjMLTBsACAdICJDRlYmVmMGVjLTBmMjctNDNkNS05MDQ0LWY2ZTFmMzRjMjI5M9gCAeACAQ&ucfs=1&arphpl=1&checkin=2026-08-06&checkout=2026-08-07&dest_id=-2767043&dest_type=city&group_adults=2&req_adults=2&no_rooms=1&group_children=0&req_children=0&hpos=19&hapos=413&sr_order=popularity&srpvid=7b4f562059d9004c&srepoch=1785759350&all_sr_blocks=1677311501_439456668_4_0_0&highlighted_blocks=1677311501_439456668_4_0_0&matching_block_id=1677311501_439456668_4_0_0&sr_pri_blocks=1677311501_439456668_4_0_0__510000&from=searchresults,5100,1.0,1.0,Lahore,21.4,One-Bedroom Apartment,2 double beds,0,1,1,https://cf.bstatic.com/xdata/images/hotel/square240/889302498.webp?k=be23e9af3cd3aba6b2f19f94c2823426ecc76ed19c3fd8c6f4193dc53a781032&o=,4,Lahore
Luxury Apartments by Alvis Suite - Goldcrest Mall DHA Lahore,https://www.booking.com/hotel/pk/luxury-apartments-by-alvis-suite-goldcrest-mall-dha-lahore.en-gb.html?aid=304142&label=gen173nr-10CAQoggJCDWNpdHlfLTI3NjcwNDNICVgEaLUBiAEBmAEzuAEHyAEM2AED6AEB-AEBiAIBqAIBuALBjMLTBsACAdICJDRlYmVmMGVjLTBmMjctNDNkNS05MDQ0LWY2ZTFmMzRjMjI5M9gCAeACAQ&ucfs=1&arphpl=1&checkin=2026-08-06&checkout=2026-08-07&dest_id=-2767043&dest_type=city&group_adults=2&req_adults=2&no_rooms=1&group_children=0&req_children=0&hpos=20&hapos=414&sr_order=popularity&srpvid=7b4f562059d9004c&srepoch=1785759350&all_sr_blocks=1688238101_440475882_2_0_0&highlighted_blocks=1688238101_440475882_2_0_0&matching_block_id=1688238101_440475882_2_0_0&sr_pri_blocks=1688238101_440475882_2_0_0__1106251&from=searchresults,11063,,,Lahore,12.0,Studio Apartment,"2 beds (1 extra-large double, 1 sofa bed)",0,1,1,https://cf.bstatic.com/xdata/images/hotel/square240/894730826.webp?k=7b2e63df0fc18855bfb90ec9d26249bc8eac089b3fba7c1bbda5eb9a1f06baf0&o=,13,Lahore
Ali BNB,https://www.booking.com/hotel/pk/ali-bnb.en-gb.html?aid=304142&label=gen173nr-10CAQoggJCDWNpdHlfLTI3NjcwNDNICVgEaLUBiAEBmAEzuAEHyAEM2AED6AEB-AEBiAIBqAIBuALBjMLTBsACAdICJDRlYmVmMGVjLTBmMjctNDNkNS05MDQ0LWY2ZTFmMzRjMjI5M9gCAeACAQ&ucfs=1&arphpl=1&checkin=2026-08-06&checkout=2026-08-07&dest_id=-2767043&dest_type=city&group_adults=2&req_adults=2&no_rooms=1&group_children=0&req_children=0&hpos=21&hapos=415&sr_order=popularity&srpvid=7b4f562059d9004c&srepoch=1785759350&all_sr_blocks=1673774501_439140338_6_0_0&highlighted_blocks=1673774501_439140338_6_0_0&matching_block_id=1673774501_439140338_6_0_0&sr_pri_blocks=1673774501_439140338_6_0_0__1020000&from=searchresults,10200,,,Lahore,13.5,Double Room,,0,1,1,https://cf.bstatic.com/xdata/images/hotel/square240/887443379.webp?k=cefb365fcbd318be4df7796c5ac4bb198ecf1fb74ea3e5f5a096240fd0f5f471&o=,4,Lahore
Luxor Apartments & Suites - Parkhouse,https://www.booking.com/hotel/pk/luxor-apartments-amp-suites-parkhouse.en-gb.html?aid=304142&label=gen173nr-10CAQoggJCDWNpdHlfLTI3NjcwNDNICVgEaLUBiAEBmAEzuAEHyAEM2AED6AEB-AEBiAIBqAIBuALBjMLTBsACAdICJDRlYmVmMGVjLTBmMjctNDNkNS05MDQ0LWY2ZTFmMzRjMjI5M9gCAeACAQ&ucfs=1&arphpl=1&checkin=2026-08-06&checkout=2026-08-07&dest_id=-2767043&dest_type=city&group_adults=2&req_adults=2&no_rooms=1&group_children=0&req_children=0&hpos=22&hapos=416&sr_order=popularity&srpvid=7b4f562059d9004c&srepoch=1785759350&all_sr_blocks=1563324302_437644283_2_0_0&highlighted_blocks=1563324302_437644283_2_0_0&matching_block_id=1563324302_437644283_2_0_0&sr_pri_blocks=1563324302_437644283_2_0_0__1488500&from=searchresults,14885,,,"Gulberg, Lahore",7.0,Deluxe Apartment,1 large double bed,0,1,1,https://cf.bstatic.com/xdata/images/hotel/square240/822345421.webp?k=601c978e093c006e5ea545e444dbb81520f3ed7133574fa61b34dad5b8f86542&o=,4,Lahore
Go Guest House Lahore,https://www.booking.com/hotel/pk/the-lahore-guest-house.en-gb.html?aid=304142&label=gen173nr-10CAQoggJCDWNpdHlfLTI3NjcwNDNICVgEaLUBiAEBmAEzuAEHyAEM2AED6AEB-AEBiAIBqAIBuALBjMLTBsACAdICJDRlYmVmMGVjLTBmMjctNDNkNS05MDQ0LWY2ZTFmMzRjMjI5M9gCAeACAQ&ucfs=1&arphpl=1&checkin=2026-08-06&checkout=2026-08-07&dest_id=-2767043&dest_type=city&group_adults=2&req_adults=2&no_rooms=1&group_children=0&req_children=0&hpos=23&hapos=417&sr_order=popularity&srpvid=7b4f562059d9004c&srepoch=1785759350&all_sr_blocks=1132179601_385853182_2_0_0&highlighted_blocks=1132179601_385853182_2_0_0&matching_block_id=1132179601_385853182_2_0_0&sr_pri_blocks=1132179601_385853182_2_0_0__456000&from=searchresults,4560,7.6,42.0,"Johar Town, Lahore",12.1,Deluxe Double Room,1 double bed,0,1,1,https://cf.bstatic.com/xdata/images/hotel/square240/577175869.webp?k=bf2ede2ef2f5c7992d41f9743324a74a96d7718e0b83047c394d87e87f640a47&o=,12,Lahore
The Lavish DHA Suites Luxury 2BR Apartment Self Check-in,https://www.booking.com/hotel/pk/the-lavish-dha-suites-luxury-2br-apartment-self-check-in.en-gb.html?aid=304142&label=gen173nr-10CAQoggJCDWNpdHlfLTI3NjcwNDNICVgEaLUBiAEBmAEzuAEHyAEM2AED6AEB-AEBiAIBqAIBuALBjMLTBsACAdICJDRlYmVmMGVjLTBmMjctNDNkNS05MDQ0LWY2ZTFmMzRjMjI5M9gCAeACAQ&ucfs=1&arphpl=1&checkin=2026-08-06&checkout=2026-08-07&dest_id=-2767043&dest_type=city&group_adults=2&req_adults=2&no_rooms=1&group_children=0&req_children=0&hpos=24&hapos=418&sr_order=popularity&srpvid=7b4f562059d9004c&srepoch=1785759350&all_sr_blocks=1687118001_440363415_5_0_0&highlighted_blocks=1687118001_440363415_5_0_0&matching_block_id=1687118001_440363415_5_0_0&sr_pri_blocks=1687118001_440363415_5_0_0__994500&from=searchresults,9945,,,Lahore,13.6,Two-Bedroom Apartment,"3 beds (2 doubles, 1 sofa bed)",0,1,1,https://cf.bstatic.com/xdata/images/hotel/square240/894064672.webp?k=d6915f1181aaf0241f54fea99f92349c62511ad3bced2b1ded9c4de1f8e1e130&o=,5,Lahore
Lotus One Hotel,https://www.booking.com/hotel/pk/lotus-one.en-gb.html?aid=304142&label=gen173nr-10CAQoggJCDWNpdHlfLTI3NjcwNDNICVgEaLUBiAEBmAEzuAEHyAEM2AED6AEB-AEBiAIBqAIBuALBjMLTBsACAdICJDRlYmVmMGVjLTBmMjctNDNkNS05MDQ0LWY2ZTFmMzRjMjI5M9gCAeACAQ&ucfs=1&arphpl=1&checkin=2026-08-06&checkout=2026-08-07&dest_id=-2767043&dest_type=city&group_adults=2&req_adults=2&no_rooms=1&group_children=0&req_children=0&hpos=25&hapos=419&sr_order=popularity&srpvid=7b4f562059d9004c&srepoch=1785759350&all_sr_blocks=1002636304_432437323_0_2_0&highlighted_blocks=1002636304_432437323_0_2_0&matching_block_id=1002636304_432437323_0_2_0&sr_pri_blocks=1002636304_432437323_0_2_0__510000&from=searchresults,5100,7.8,46.0,"Johar Town, Lahore",11.3,Deluxe Double or Twin Room,2 single beds,0,1,1,https://cf.bstatic.com/xdata/images/hotel/square240/850583429.webp?k=950cbf6e576b150135a8626d906942338cc9d7e7ef6f2e60c0c08ef6c7bd1f7a&o=,11,Lahore
Demure Apartments Stylish Studio Apartment Near Airport Self Check in,https://www.booking.com/hotel/pk/1-bedroom-apartment-lahore1.en-gb.html?aid=304142&label=gen173nr-10CAQoggJCDWNpdHlfLTI3NjcwNDNICVgEaLUBiAEBmAEzuAEHyAEM2AED6AEB-AEBiAIBqAIBuALBjMLTBsACAdICJDRlYmVmMGVjLTBmMjctNDNkNS05MDQ0LWY2ZTFmMzRjMjI5M9gCAeACAQ&ucfs=1&arphpl=1&checkin=2026-08-06&checkout=2026-08-07&dest_id=-2767043&dest_type=city&group_adults=2&req_adults=2&no_rooms=1&group_children=0&req_children=0&hpos=1&hapos=420&sr_order=popularity&srpvid=7b4f562059d9004c&srepoch=1785759354&all_sr_blocks=1177708501_390283877_2_0_0&highlighted_blocks=1177708501_390283877_2_0_0&matching_block_id=1177708501_390283877_2_0_0&sr_pri_blocks=1177708501_390283877_2_0_0__662400&from=searchresults,6624,5.0,1.0,Lahore,12.9,Studio Apartment,1 double bed,0,0,0,https://cf.bstatic.com/xdata/images/hotel/square240/539562542.webp?k=58bcf7f26a339904ee63684cb1f5983def8210e339d1b2a9c92501f99fb0ab01&o=,3,Lahore
Penta Square - Studio Apartment by Alvis Suite,https://www.booking.com/hotel/pk/penta-square-studio-apartment-by-alvis-suite-lahore12.en-gb.html?aid=304142&label=gen173nr-10CAQoggJCDWNpdHlfLTI3NjcwNDNICVgEaLUBiAEBmAEzuAEHyAEM2AED6AEB-AEBiAIBqAIBuALBjMLTBsACAdICJDRlYmVmMGVjLTBmMjctNDNkNS05MDQ0LWY2ZTFmMzRjMjI5M9gCAeACAQ&ucfs=1&arphpl=1&checkin=2026-08-06&checkout=2026-08-07&dest_id=-2767043&dest_type=city&group_adults=2&req_adults=2&no_rooms=1&group_children=0&req_children=0&hpos=2&hapos=421&sr_order=popularity&srpvid=7b4f562059d9004c&srepoch=1785759354&all_sr_blocks=1688092001_440460905_2_0_0&highlighted_blocks=1688092001_440460905_2_0_0&matching_block_id=1688092001_440460905_2_0_0&sr_pri_blocks=1688092001_440460905_2_0_0__1161186&from=searchresults,11612,,,Lahore,14.2,Studio Apartment,"2 beds (1 extra-large double, 1 sofa bed)",0,1,1,https://cf.bstatic.com/xdata/images/hotel/square240/894526194.webp?k=478e133b890e2e4e73f671121df90956899feb6667a9af55960e78ec18bb777a&o=,12,Lahore
Dove Inn Hotel wahdat road,https://www.booking.com/hotel/pk/dove-inn-boy-girl-hostel.en-gb.html?aid=304142&label=gen173nr-10CAQoggJCDWNpdHlfLTI3NjcwNDNICVgEaLUBiAEBmAEzuAEHyAEM2AED6AEB-AEBiAIBqAIBuALBjMLTBsACAdICJDRlYmVmMGVjLTBmMjctNDNkNS05MDQ0LWY2ZTFmMzRjMjI5M9gCAeACAQ&ucfs=1&arphpl=1&checkin=2026-08-06&checkout=2026-08-07&dest_id=-2767043&dest_type=city&group_adults=2&req_adults=2&no_rooms=1&group_children=0&req_children=0&hpos=3&hapos=422&sr_order=popularity&srpvid=7b4f562059d9004c&srepoch=1785759354&all_sr_blocks=1002017502_402138736_0_2_0&highlighted_blocks=1002017502_402138736_0_2_0&matching_block_id=1002017502_402138736_0_2_0&sr_pri_blocks=1002017502_402138736_0_2_0__560012&from=searchresults,5600,8.3,283.0,Lahore,4.7,Deluxe Room,1 double bed,0,1,1,https://cf.bstatic.com/xdata/images/hotel/square240/898392476.webp?k=4e0d77dca700fdafa9e6d4e7a344e8cabdc116cdc8b7b7012498e6b497e6a42d&o=,5,Lahore
1bhk luxurious apartment,https://www.booking.com/hotel/pk/1bhk-luxurious-apartment.en-gb.html?aid=304142&label=gen173nr-10CAQoggJCDWNpdHlfLTI3NjcwNDNICVgEaLUBiAEBmAEzuAEHyAEM2AED6AEB-AEBiAIBqAIBuALBjMLTBsACAdICJDRlYmVmMGVjLTBmMjctNDNkNS05MDQ0LWY2ZTFmMzRjMjI5M9gCAeACAQ&ucfs=1&arphpl=1&checkin=2026-08-06&checkout=2026-08-07&dest_id=-2767043&dest_type=city&group_adults=2&req_adults=2&no_rooms=1&group_children=0&req_children=0&hpos=4&hapos=423&sr_order=popularity&srpvid=7b4f562059d9004c&srepoch=1785759354&all_sr_blocks=1428204701_414407097_2_0_0&highlighted_blocks=1428204701_414407097_2_0_0&matching_block_id=1428204701_414407097_2_0_0&sr_pri_blocks=1428204701_414407097_2_0_0__637500&from=searchresults,6375,9.0,1.0,Lahore,25.2,One-Bedroom Apartment,1 double bed,0,1,1,https://cf.bstatic.com/xdata/images/hotel/square240/691421714.webp?k=42c0b785db24ae836e2ff323b615c10836c927a23efd43eb7ec739f2a6ccb2cd&o=,4,Lahore
Sky suites,https://www.booking.com/hotel/pk/sky-suites-lahore.en-gb.html?aid=304142&label=gen173nr-10CAQoggJCDWNpdHlfLTI3NjcwNDNICVgEaLUBiAEBmAEzuAEHyAEM2AED6AEB-AEBiAIBqAIBuALBjMLTBsACAdICJDRlYmVmMGVjLTBmMjctNDNkNS05MDQ0LWY2ZTFmMzRjMjI5M9gCAeACAQ&ucfs=1&arphpl=1&checkin=2026-08-06&checkout=2026-08-07&dest_id=-2767043&dest_type=city&group_adults=2&req_adults=2&no_rooms=1&group_children=0&req_children=0&hpos=5&hapos=424&sr_order=popularity&srpvid=7b4f562059d9004c&srepoch=1785759354&all_sr_blocks=1684716201_440135141_2_0_0&highlighted_blocks=1684716201_440135141_2_0_0&matching_block_id=1684716201_440135141_2_0_0&sr_pri_blocks=1684716201_440135141_2_0_0__595000&from=searchresults,5950,8.0,1.0,Lahore,26.7,One-Bedroom Apartment,"2 beds (1 double, 1 sofa bed)",0,1,1,https://cf.bstatic.com/xdata/images/hotel/square240/892758729.webp?k=917b4f2c001f9dd55d3b16f06474e560dd3aff42bca8cf3f0606c5fbdf7583ac&o=,4,Lahore
Goldcrest Apartment Lahore - Luxury Apartment by Alvis Suite,https://www.booking.com/hotel/pk/goldcrest-apartment-lahore-luxury-apartment-by-alvis-suite.en-gb.html?aid=304142&label=gen173nr-10CAQoggJCDWNpdHlfLTI3NjcwNDNICVgEaLUBiAEBmAEzuAEHyAEM2AED6AEB-AEBiAIBqAIBuALBjMLTBsACAdICJDRlYmVmMGVjLTBmMjctNDNkNS05MDQ0LWY2ZTFmMzRjMjI5M9gCAeACAQ&ucfs=1&arphpl=1&checkin=2026-08-06&checkout=2026-08-07&dest_id=-2767043&dest_type=city&group_adults=2&req_adults=2&no_rooms=1&group_children=0&req_children=0&hpos=6&hapos=425&sr_order=popularity&srpvid=7b4f562059d9004c&srepoch=1785759354&all_sr_blocks=1681396601_439892669_2_0_0&highlighted_blocks=1681396601_439892669_2_0_0&matching_block_id=1681396601_439892669_2_0_0&sr_pri_blocks=1681396601_439892669_2_0_0__1192425&from=searchresults,11924,,,Lahore,12.0,Studio Apartment,"2 beds (1 extra-large double, 1 sofa bed)",0,1,1,https://cf.bstatic.com/xdata/images/hotel/square240/891959189.webp?k=fa126bef6c898de7d0b1254c3e3bf34da7a994e1c8ce7769728bea29ede87667&o=,13,Lahore
Black Velvet Apartment by MZ Heights,https://www.booking.com/hotel/pk/luxury-aesthetic-cozy-apartment-by-mz-heights.en-gb.html?aid=304142&label=gen173nr-10CAQoggJCDWNpdHlfLTI3NjcwNDNICVgEaLUBiAEBmAEzuAEHyAEM2AED6AEB-AEBiAIBqAIBuALBjMLTBsACAdICJDRlYmVmMGVjLTBmMjctNDNkNS05MDQ0LWY2ZTFmMzRjMjI5M9gCAeACAQ&ucfs=1&arphpl=1&checkin=2026-08-06&checkout=2026-08-07&dest_id=-2767043&dest_type=city&group_adults=2&req_adults=2&no_rooms=1&group_children=0&req_children=0&hpos=7&hapos=426&sr_order=popularity&srpvid=7b4f562059d9004c&srepoch=1785759354&all_sr_blocks=1588836801_429986186_2_0_0&highlighted_blocks=1588836801_429986186_2_0_0&matching_block_id=1588836801_429986186_2_0_0&sr_pri_blocks=1588836801_429986186_2_0_0__600000&from=searchresults,6000,1.0,2.0,"Johar Town, Lahore",11.8,One-Bedroom Apartment,1 extra-large double bed,0,1,1,https://cf.bstatic.com/xdata/images/hotel/square240/828626918.webp?k=8fbe2ecb495b3e3acbe479952f533249cefc79f023b5fd9d3259201deebf7c05&o=,4,Lahore
"The Olive Oasis, 1BHK, Gulberg 3, Self Check in",https://www.booking.com/hotel/pk/the-olive-oasis-1bhk-gulberg-3-self-check-in.en-gb.html?aid=304142&label=gen173nr-10CAQoggJCDWNpdHlfLTI3NjcwNDNICVgEaLUBiAEBmAEzuAEHyAEM2AED6AEB-AEBiAIBqAIBuALBjMLTBsACAdICJDRlYmVmMGVjLTBmMjctNDNkNS05MDQ0LWY2ZTFmMzRjMjI5M9gCAeACAQ&ucfs=1&arphpl=1&checkin=2026-08-06&checkout=2026-08-07&dest_id=-2767043&dest_type=city&group_adults=2&req_adults=2&no_rooms=1&group_children=0&req_children=0&hpos=8&hapos=427&sr_order=popularity&srpvid=7b4f562059d9004c&srepoch=1785759354&all_sr_blocks=1608217301_431738042_2_0_0&highlighted_blocks=1608217301_431738042_2_0_0&matching_block_id=1608217301_431738042_2_0_0&sr_pri_blocks=1608217301_431738042_2_0_0__1170000&from=searchresults,11700,3.5,2.0,"Gulberg, Lahore",7.2,One-Bedroom Apartment,1 double bed,0,1,1,https://cf.bstatic.com/xdata/images/hotel/square240/844461111.webp?k=aa10e6d45f75944f86252e81121e934f67e68c8677b72bfe41afb3614a116f89&o=,4,Lahore
Your Perfect Home Away From Home,https://www.booking.com/hotel/pk/your-perfect-home-away-from-home.en-gb.html?aid=304142&label=gen173nr-10CAQoggJCDWNpdHlfLTI3NjcwNDNICVgEaLUBiAEBmAEzuAEHyAEM2AED6AEB-AEBiAIBqAIBuALBjMLTBsACAdICJDRlYmVmMGVjLTBmMjctNDNkNS05MDQ0LWY2ZTFmMzRjMjI5M9gCAeACAQ&ucfs=1&arphpl=1&checkin=2026-08-06&checkout=2026-08-07&dest_id=-2767043&dest_type=city&group_adults=2&req_adults=2&no_rooms=1&group_children=0&req_children=0&hpos=9&hapos=428&sr_order=popularity&srpvid=7b4f562059d9004c&srepoch=1785759354&all_sr_blocks=1694054001_441047690_6_1_0&highlighted_blocks=1694054001_441047690_6_1_0&matching_block_id=1694054001_441047690_6_1_0&sr_pri_blocks=1694054001_441047690_6_1_0__850000&from=searchresults,8500,8.0,1.0,Lahore,2.9,Two-Bedroom Apartment,"6 beds (2 doubles, 4 sofa beds)",1,1,1,https://cf.bstatic.com/xdata/images/hotel/square240/898769454.webp?k=8f6c1658540a60b0090ea7c3f3fd30c5f84d6f23b5212f5b38383a56414a776e&o=,4,Lahore
Herfa INN Hotel Lahore,https://www.booking.com/hotel/pk/herfa-inn-lahore-lahore.en-gb.html?aid=304142&label=gen173nr-10CAQoggJCDWNpdHlfLTI3NjcwNDNICVgEaLUBiAEBmAEzuAEHyAEM2AED6AEB-AEBiAIBqAIBuALBjMLTBsACAdICJDRlYmVmMGVjLTBmMjctNDNkNS05MDQ0LWY2ZTFmMzRjMjI5M9gCAeACAQ&ucfs=1&arphpl=1&checkin=2026-08-06&checkout=2026-08-07&dest_id=-2767043&dest_type=city&group_adults=2&req_adults=2&no_rooms=1&group_children=0&req_children=0&hpos=10&hapos=429&sr_order=popularity&srpvid=7b4f562059d9004c&srepoch=1785759354&all_sr_blocks=1010619601_373759041_2_1_0&highlighted_blocks=1010619601_373759041_2_1_0&matching_block_id=1010619601_373759041_2_1_0&sr_pri_blocks=1010619601_373759041_2_1_0__720000&from=searchresults,7200,7.3,46.0,Lahore,2.0,Deluxe Double Room,1 large double bed,1,1,1,https://cf.bstatic.com/xdata/images/hotel/square240/462060553.webp?k=3acd675d9ff4db36f68c783cebd45767fc13d77782b930ef7407275f82637587&o=,12,Lahore
Luxora suits,https://www.booking.com/hotel/pk/luxora-suits.en-gb.html?aid=304142&label=gen173nr-10CAQoggJCDWNpdHlfLTI3NjcwNDNICVgEaLUBiAEBmAEzuAEHyAEM2AED6AEB-AEBiAIBqAIBuALBjMLTBsACAdICJDRlYmVmMGVjLTBmMjctNDNkNS05MDQ0LWY2ZTFmMzRjMjI5M9gCAeACAQ&ucfs=1&arphpl=1&checkin=2026-08-06&checkout=2026-08-07&dest_id=-2767043&dest_type=city&group_adults=2&req_adults=2&no_rooms=1&group_children=0&req_children=0&hpos=11&hapos=430&sr_order=popularity&srpvid=7b4f562059d9004c&srepoch=1785759354&all_sr_blocks=1697513001_441420572_3_0_0&highlighted_blocks=1697513001_441420572_3_0_0&matching_block_id=1697513001_441420572_3_0_0&sr_pri_blocks=1697513001_441420572_3_0_0__469625&from=searchresults,4696,,,Lahore,25.8,One-Bedroom Apartment,1 double bed,0,1,1,https://cf.bstatic.com/xdata/images/hotel/square240/901010375.webp?k=b685139587d5f26eb3b06652c768e0fc85ec3629dd887575ebdc5b4427fc4770&o=,13,Lahore
SkoonZone Appartments,https://www.booking.com/hotel/pk/skoonzone-appartments.en-gb.html?aid=304142&label=gen173nr-10CAQoggJCDWNpdHlfLTI3NjcwNDNICVgEaLUBiAEBmAEzuAEHyAEM2AED6AEB-AEBiAIBqAIBuALBjMLTBsACAdICJDRlYmVmMGVjLTBmMjctNDNkNS05MDQ0LWY2ZTFmMzRjMjI5M9gCAeACAQ&ucfs=1&arphpl=1&checkin=2026-08-06&checkout=2026-08-07&dest_id=-2767043&dest_type=city&group_adults=2&req_adults=2&no_rooms=1&group_children=0&req_children=0&hpos=12&hapos=431&sr_order=popularity&srpvid=7b4f562059d9004c&srepoch=1785759354&all_sr_blocks=1609617601_431867261_2_0_0&highlighted_blocks=1609617601_431867261_2_0_0&matching_block_id=1609617601_431867261_2_0_0&sr_pri_blocks=1609617601_431867261_2_0_0__550000&from=searchresults,5500,,,Lahore,25.7,One-Bedroom Apartment,1 double bed,0,1,1,https://cf.bstatic.com/xdata/images/hotel/square240/845612236.webp?k=836043f5b74fa96cdc24e6f188b479945708fd87fbdbfad8859f7b7c41bf1969&o=,4,Lahore
Khyber Hotel,https://www.booking.com/hotel/pk/khyber-lahore2.en-gb.html?aid=304142&label=gen173nr-10CAQoggJCDWNpdHlfLTI3NjcwNDNICVgEaLUBiAEBmAEzuAEHyAEM2AED6AEB-AEBiAIBqAIBuALBjMLTBsACAdICJDRlYmVmMGVjLTBmMjctNDNkNS05MDQ0LWY2ZTFmMzRjMjI5M9gCAeACAQ&ucfs=1&arphpl=1&checkin=2026-08-06&checkout=2026-08-07&dest_id=-2767043&dest_type=city&group_adults=2&req_adults=2&no_rooms=1&group_children=0&req_children=0&hpos=13&hapos=432&sr_order=popularity&srpvid=7b4f562059d9004c&srepoch=1785759354&all_sr_blocks=1621396201_432947689_2_2_0&highlighted_blocks=1621396201_432947689_2_2_0&matching_block_id=1621396201_432947689_2_2_0&sr_pri_blocks=1621396201_432947689_2_2_0__344900&from=searchresults,3449,,,"Johar Town, Lahore",13.4,Deluxe Double Room,1 double bed,0,1,1,https://cf.bstatic.com/xdata/images/hotel/square240/856434926.webp?k=644ee506aba2ab274de25ac6e7fd1eb76782d4dda5ed7cf8aa3f6db9cd5acada&o=,4,Lahore
Quick continental Hotel - Jail Road,https://www.booking.com/hotel/pk/quick-continental-lahore1.en-gb.html?aid=304142&label=gen173nr-10CAQoggJCDWNpdHlfLTI3NjcwNDNICVgEaLUBiAEBmAEzuAEHyAEM2AED6AEB-AEBiAIBqAIBuALBjMLTBsACAdICJDRlYmVmMGVjLTBmMjctNDNkNS05MDQ0LWY2ZTFmMzRjMjI5M9gCAeACAQ&ucfs=1&arphpl=1&checkin=2026-08-06&checkout=2026-08-07&dest_id=-2767043&dest_type=city&group_adults=2&req_adults=2&no_rooms=1&group_children=0&req_children=0&hpos=14&hapos=433&sr_order=popularity&srpvid=7b4f562059d9004c&srepoch=1785759354&all_sr_blocks=863886502_425509416_0_2_0&highlighted_blocks=863886502_425509416_0_2_0&matching_block_id=863886502_425509416_0_2_0&sr_pri_blocks=863886502_425509416_0_2_0__578000&from=searchresults,5780,7.5,127.0,Lahore,2.3,Standard Double or Twin Room,1 double bed,0,1,1,https://cf.bstatic.com/xdata/images/hotel/square240/788331408.webp?k=1fc791907bd41a63a0f385b35cc9e73a90d1edfb8784559e0b1d3670fd15fe0d&o=,11,Lahore
Executive 3Bed Luxurious Villa in DHA Lahore,https://www.booking.com/hotel/pk/luxury-house-for-holidays-in-dha-lahore.en-gb.html?aid=304142&label=gen173nr-10CAQoggJCDWNpdHlfLTI3NjcwNDNICVgEaLUBiAEBmAEzuAEHyAEM2AED6AEB-AEBiAIBqAIBuALBjMLTBsACAdICJDRlYmVmMGVjLTBmMjctNDNkNS05MDQ0LWY2ZTFmMzRjMjI5M9gCAeACAQ&ucfs=1&arphpl=1&checkin=2026-08-06&checkout=2026-08-07&dest_id=-2767043&dest_type=city&group_adults=2&req_adults=2&no_rooms=1&group_children=0&req_children=0&hpos=15&hapos=434&sr_order=popularity&srpvid=7b4f562059d9004c&srepoch=1785759354&all_sr_blocks=1646524901_434634074_8_0_0&highlighted_blocks=1646524901_434634074_8_0_0&matching_block_id=1646524901_434634074_8_0_0&sr_pri_blocks=1646524901_434634074_8_0_0__2098900&from=searchresults,20989,,,Lahore,17.0,Three-Bedroom House,"4 beds (2 sofa beds, 2 large doubles)",0,1,1,https://cf.bstatic.com/xdata/images/hotel/square240/870014560.webp?k=27ea694a80d4407ffc73daf65c51c8aa530f0f42d75aa69c03fc4e6d6b54825c&o=,4,Lahore
Gold Crest Residency - Hotel Serviced Apartments DHA Lahore,https://www.booking.com/hotel/pk/lsgksns.en-gb.html?aid=304142&label=gen173nr-10CAQoggJCDWNpdHlfLTI3NjcwNDNICVgEaLUBiAEBmAEzuAEHyAEM2AED6AEB-AEBiAIBqAIBuALBjMLTBsACAdICJDRlYmVmMGVjLTBmMjctNDNkNS05MDQ0LWY2ZTFmMzRjMjI5M9gCAeACAQ&ucfs=1&arphpl=1&checkin=2026-08-06&checkout=2026-08-07&dest_id=-2767043&dest_type=city&group_adults=2&req_adults=2&no_rooms=1&group_children=0&req_children=0&hpos=16&hapos=435&sr_order=popularity&srpvid=7b4f562059d9004c&srepoch=1785759354&all_sr_blocks=1683300402_440076903_2_1_0&highlighted_blocks=1683300402_440076903_2_1_0&matching_block_id=1683300402_440076903_2_1_0&sr_pri_blocks=1683300402_440076903_2_1_0__2000000&from=searchresults,20000,10,1.0,Lahore,12.0,Deluxe Double Studio,1 double bed,1,1,1,https://cf.bstatic.com/xdata/images/hotel/square240/901626559.webp?k=d6440aef44a885510b933a41afdb52c550bfbdf1d7464d1b34de62d5960395ed&o=,13,Lahore
Penta Square - Studio Apartment by Alvis Suite,https://www.booking.com/hotel/pk/penta-square-studio-apartment-by-alvis-suite-lahore7.en-gb.html?aid=304142&label=gen173nr-10CAQoggJCDWNpdHlfLTI3NjcwNDNICVgEaLUBiAEBmAEzuAEHyAEM2AED6AEB-AEBiAIBqAIBuALBjMLTBsACAdICJDRlYmVmMGVjLTBmMjctNDNkNS05MDQ0LWY2ZTFmMzRjMjI5M9gCAeACAQ&ucfs=1&arphpl=1&checkin=2026-08-06&checkout=2026-08-07&dest_id=-2767043&dest_type=city&group_adults=2&req_adults=2&no_rooms=1&group_children=0&req_children=0&hpos=17&hapos=436&sr_order=popularity&srpvid=7b4f562059d9004c&srepoch=1785759354&all_sr_blocks=1682135401_439948809_2_0_0&highlighted_blocks=1682135401_439948809_2_0_0&matching_block_id=1682135401_439948809_2_0_0&sr_pri_blocks=1682135401_439948809_2_0_0__1161186&from=searchresults,11612,,,Lahore,14.2,Studio Apartment,"2 beds (1 extra-large double, 1 sofa bed)",0,1,1,https://cf.bstatic.com/xdata/images/hotel/square240/891885252.webp?k=d85c469d92e3a7415fac22e7bcc39ebb0fd160e9e118940ce37f4100ccdb81df&o=,12,Lahore
Hotel Crown Lahore,https://www.booking.com/hotel/pk/crown-lahore.en-gb.html?aid=304142&label=gen173nr-10CAQoggJCDWNpdHlfLTI3NjcwNDNICVgEaLUBiAEBmAEzuAEHyAEM2AED6AEB-AEBiAIBqAIBuALBjMLTBsACAdICJDRlYmVmMGVjLTBmMjctNDNkNS05MDQ0LWY2ZTFmMzRjMjI5M9gCAeACAQ&ucfs=1&arphpl=1&checkin=2026-08-06&checkout=2026-08-07&dest_id=-2767043&dest_type=city&group_adults=2&req_adults=2&no_rooms=1&group_children=0&req_children=0&hpos=18&hapos=437&sr_order=popularity&srpvid=7b4f562059d9004c&srepoch=1785759354&all_sr_blocks=1214944401_393706466_2_1_0_871866&highlighted_blocks=1214944401_393706466_2_1_0_871866&matching_block_id=1214944401_393706466_2_1_0_871866&sr_pri_blocks=1214944401_393706466_2_1_0_871866_581000&from=searchresults,5810,7.2,334.0,"Johar Town, Lahore",13.3,Deluxe Double Room,1 extra-large double bed,1,1,1,https://cf.bstatic.com/xdata/images/hotel/square240/562868930.webp?k=f5464864268147b4c52bc3c0d781deaf9a427a8730c106845da563de87f6a1f1&o=,12,Lahore
Sunlit Studio at PentaSquare in DHA5 with SelfCheckin,https://www.booking.com/hotel/pk/minimalist-studio-in-pentasquare-at-dha-phase-5-selfcheckin.en-gb.html?aid=304142&label=gen173nr-10CAQoggJCDWNpdHlfLTI3NjcwNDNICVgEaLUBiAEBmAEzuAEHyAEM2AED6AEB-AEBiAIBqAIBuALBjMLTBsACAdICJDRlYmVmMGVjLTBmMjctNDNkNS05MDQ0LWY2ZTFmMzRjMjI5M9gCAeACAQ&ucfs=1&arphpl=1&checkin=2026-08-06&checkout=2026-08-07&dest_id=-2767043&dest_type=city&group_adults=2&req_adults=2&no_rooms=1&group_children=0&req_children=0&hpos=19&hapos=438&sr_order=popularity&srpvid=7b4f562059d9004c&srepoch=1785759354&all_sr_blocks=1400028801_411892193_0_0_0&highlighted_blocks=1400028801_411892193_0_0_0&matching_block_id=1400028801_411892193_0_0_0&sr_pri_blocks=1400028801_411892193_0_0_0__1600000&from=searchresults,16000,8.6,5.0,Lahore,14.2,One-Bedroom Apartment,"2 beds (1 sofa bed, 1 large double)",0,1,1,https://cf.bstatic.com/xdata/images/hotel/square240/692681243.webp?k=c4eb18c2e3f75b14ef7f05e0d4da57df6b22c5fbcc4a6a6089780051b6e0f174&o=,13,Lahore
Gold Crest Luxurious Apartment in Lahore,https://www.booking.com/hotel/pk/gold-crest-luxurious-apartment-in-lahore.en-gb.html?aid=304142&label=gen173nr-10CAQoggJCDWNpdHlfLTI3NjcwNDNICVgEaLUBiAEBmAEzuAEHyAEM2AED6AEB-AEBiAIBqAIBuALBjMLTBsACAdICJDRlYmVmMGVjLTBmMjctNDNkNS05MDQ0LWY2ZTFmMzRjMjI5M9gCAeACAQ&ucfs=1&arphpl=1&checkin=2026-08-06&checkout=2026-08-07&dest_id=-2767043&dest_type=city&group_adults=2&req_adults=2&no_rooms=1&group_children=0&req_children=0&hpos=20&hapos=439&sr_order=popularity&srpvid=7b4f562059d9004c&srepoch=1785759354&all_sr_blocks=1011668801_419477686_2_0_0&highlighted_blocks=1011668801_419477686_2_0_0&matching_block_id=1011668801_419477686_2_0_0&sr_pri_blocks=1011668801_419477686_2_0_0__1464724&from=searchresults,14647,9.6,10.0,Lahore,12.1,Apartment with Balcony,1 large double bed,0,1,1,https://cf.bstatic.com/xdata/images/hotel/square240/462502944.webp?k=a56a4b694f0de0a6236d89124e408f00f2c70e468557bb43a469ca9fa4ba5128&o=,12,Lahore
Shelton's Rezidor Hotel Gulberg Lahore,https://www.booking.com/hotel/pk/shelton-gulberg-lahore.en-gb.html?aid=304142&label=gen173nr-10CAQoggJCDWNpdHlfLTI3NjcwNDNICVgEaLUBiAEBmAEzuAEHyAEM2AED6AEB-AEBiAIBqAIBuALBjMLTBsACAdICJDRlYmVmMGVjLTBmMjctNDNkNS05MDQ0LWY2ZTFmMzRjMjI5M9gCAeACAQ&ucfs=1&arphpl=1&checkin=2026-08-06&checkout=2026-08-07&dest_id=-2767043&dest_type=city&group_adults=2&req_adults=2&no_rooms=1&group_children=0&req_children=0&hpos=21&hapos=440&sr_order=popularity&srpvid=7b4f562059d9004c&srepoch=1785759354&all_sr_blocks=1238684801_395795399_0_1_0_615717&highlighted_blocks=1238684801_395795399_0_1_0_615717&matching_block_id=1238684801_395795399_0_1_0_615717&sr_pri_blocks=1238684801_395795399_0_1_0_615717_950000&from=searchresults,9500,6.7,108.0,"Gulberg, Lahore",5.4,Deluxe Double Room,1 double bed,1,1,1,https://cf.bstatic.com/xdata/images/hotel/square240/576170654.webp?k=c91b9650c491827c943a5d0530ee77d3f522d5ec6680c91a0a58b694534184f1&o=,13,Lahore
Premium Studio Apartment Zameen Aurum Gulberg,https://www.booking.com/hotel/pk/premium-studio-apartment-zameen-aurum-gulberg-lahore.en-gb.html?aid=304142&label=gen173nr-10CAQoggJCDWNpdHlfLTI3NjcwNDNICVgEaLUBiAEBmAEzuAEHyAEM2AED6AEB-AEBiAIBqAIBuALBjMLTBsACAdICJDRlYmVmMGVjLTBmMjctNDNkNS05MDQ0LWY2ZTFmMzRjMjI5M9gCAeACAQ&ucfs=1&arphpl=1&checkin=2026-08-06&checkout=2026-08-07&dest_id=-2767043&dest_type=city&group_adults=2&req_adults=2&no_rooms=1&group_children=0&req_children=0&hpos=22&hapos=441&sr_order=popularity&srpvid=7b4f562059d9004c&srepoch=1785759354&all_sr_blocks=1562332001_427304375_2_0_0&highlighted_blocks=1562332001_427304375_2_0_0&matching_block_id=1562332001_427304375_2_0_0&sr_pri_blocks=1562332001_427304375_2_0_0__1440000&from=searchresults,14400,9.9,8.0,"Gulberg, Lahore",6.4,Studio Apartment with Balcony,1 double bed,0,0,0,https://cf.bstatic.com/xdata/images/hotel/square240/807106423.webp?k=30584144866845eaa6ac902bddbfc2ecaf76fa8ff36e01ceea0586482f273f76&o=,10,Lahore
Gulberg-Zameen Aurum starlit-Gym,https://www.booking.com/hotel/pk/gulberg-zameen-aurum-starlit-gym.en-gb.html?aid=304142&label=gen173nr-10CAQoggJCDWNpdHlfLTI3NjcwNDNICVgEaLUBiAEBmAEzuAEHyAEM2AED6AEB-AEBiAIBqAIBuALBjMLTBsACAdICJDRlYmVmMGVjLTBmMjctNDNkNS05MDQ0LWY2ZTFmMzRjMjI5M9gCAeACAQ&ucfs=1&arphpl=1&checkin=2026-08-06&checkout=2026-08-07&dest_id=-2767043&dest_type=city&group_adults=2&req_adults=2&no_rooms=1&group_children=0&req_children=0&hpos=23&hapos=442&sr_order=popularity&srpvid=7b4f562059d9004c&srepoch=1785759354&all_sr_blocks=1503652801_422078201_2_0_0&highlighted_blocks=1503652801_422078201_2_0_0&matching_block_id=1503652801_422078201_2_0_0&sr_pri_blocks=1503652801_422078201_2_0_0__1430000&from=searchresults,14300,,,"Gulberg, Lahore",7.0,One-Bedroom Apartment,1 double bed,0,1,1,https://cf.bstatic.com/xdata/images/hotel/square240/757306528.webp?k=0c06561ead57f9da9833305b2bcf167e57bfcddd23cf859028e1b27d356143d9&o=,4,Lahore
Alvis Suite Luxury Apartments - Goldcrest Alfatah Mall,https://www.booking.com/hotel/pk/alvis-suite-luxury-apartments-goldcrest-alfatah-mall.en-gb.html?aid=304142&label=gen173nr-10CAQoggJCDWNpdHlfLTI3NjcwNDNICVgEaLUBiAEBmAEzuAEHyAEM2AED6AEB-AEBiAIBqAIBuALBjMLTBsACAdICJDRlYmVmMGVjLTBmMjctNDNkNS05MDQ0LWY2ZTFmMzRjMjI5M9gCAeACAQ&ucfs=1&arphpl=1&checkin=2026-08-06&checkout=2026-08-07&dest_id=-2767043&dest_type=city&group_adults=2&req_adults=2&no_rooms=1&group_children=0&req_children=0&hpos=24&hapos=443&sr_order=popularity&srpvid=7b4f562059d9004c&srepoch=1785759354&all_sr_blocks=1690225401_440663411_2_0_0&highlighted_blocks=1690225401_440663411_2_0_0&matching_block_id=1690225401_440663411_2_0_0&sr_pri_blocks=1690225401_440663411_2_0_0__1161186&from=searchresults,11612,1.0,1.0,Lahore,12.0,Studio Apartment,"2 beds (1 extra-large double, 1 sofa bed)",0,1,1,https://cf.bstatic.com/xdata/images/hotel/square240/896096492.webp?k=177c47a13d2512a2bf9d7f6f22625e4b7611efafba20c90a4173c948ea30c3d9&o=,12,Lahore
"Oasis Suites DHA , Near Raya & PKLI",https://www.booking.com/hotel/pk/oasis-suits-dha.en-gb.html?aid=304142&label=gen173nr-10CAQoggJCDWNpdHlfLTI3NjcwNDNICVgEaLUBiAEBmAEzuAEHyAEM2AED6AEB-AEBiAIBqAIBuALBjMLTBsACAdICJDRlYmVmMGVjLTBmMjctNDNkNS05MDQ0LWY2ZTFmMzRjMjI5M9gCAeACAQ&ucfs=1&arphpl=1&checkin=2026-08-06&checkout=2026-08-07&dest_id=-2767043&dest_type=city&group_adults=2&req_adults=2&no_rooms=1&group_children=0&req_children=0&hpos=1&hapos=444&sr_order=popularity&srpvid=7b4f562059d9004c&srepoch=1785759359&all_sr_blocks=1330863904_432905958_2_0_0&highlighted_blocks=1330863904_432905958_2_0_0&matching_block_id=1330863904_432905958_2_0_0&sr_pri_blocks=1330863904_432905958_2_0_0__845500&from=searchresults,8455,7.6,15.0,Lahore,17.5,Standard King Room,1 extra-large double bed,0,1,1,https://cf.bstatic.com/xdata/images/hotel/square240/633208322.webp?k=73a0036f1cdbbe7b5cf7cb92067f924bf4bee58d6861f4f94a4a2761d9720631&o=,5,Lahore
GO Luxury Grand Hotel,https://www.booking.com/hotel/pk/royal-in-tow.en-gb.html?aid=304142&label=gen173nr-10CAQoggJCDWNpdHlfLTI3NjcwNDNICVgEaLUBiAEBmAEzuAEHyAEM2AED6AEB-AEBiAIBqAIBuALBjMLTBsACAdICJDRlYmVmMGVjLTBmMjctNDNkNS05MDQ0LWY2ZTFmMzRjMjI5M9gCAeACAQ&ucfs=1&arphpl=1&checkin=2026-08-06&checkout=2026-08-07&dest_id=-2767043&dest_type=city&group_adults=2&req_adults=2&no_rooms=1&group_children=0&req_children=0&hpos=2&hapos=445&sr_order=popularity&srpvid=7b4f562059d9004c&srepoch=1785759359&all_sr_blocks=785138302_338028133_2_41_0&highlighted_blocks=785138302_338028133_2_41_0&matching_block_id=785138302_338028133_2_41_0&sr_pri_blocks=785138302_338028133_2_41_0__560000&from=searchresults,5600,6.8,53.0,"Johar Town, Lahore",13.3,Deluxe Twin Room,2 single beds,1,1,1,https://cf.bstatic.com/xdata/images/hotel/square240/755503750.webp?k=0d9e21ace4c5864841151e17d192eb750e820caa193c0f7fb7c8f1a52c964dc6&o=,11,Lahore
Rayá - Self Check-IN - 1BR Apartment- DHA Phase 6 Lahore,https://www.booking.com/hotel/pk/luxury-1-bhk-dha-phase-6-lahore.en-gb.html?aid=304142&label=gen173nr-10CAQoggJCDWNpdHlfLTI3NjcwNDNICVgEaLUBiAEBmAEzuAEHyAEM2AED6AEB-AEBiAIBqAIBuALBjMLTBsACAdICJDRlYmVmMGVjLTBmMjctNDNkNS05MDQ0LWY2ZTFmMzRjMjI5M9gCAeACAQ&ucfs=1&arphpl=1&checkin=2026-08-06&checkout=2026-08-07&dest_id=-2767043&dest_type=city&group_adults=2&req_adults=2&no_rooms=1&group_children=0&req_children=0&hpos=3&hapos=446&sr_order=popularity&srpvid=7b4f562059d9004c&srepoch=1785759359&all_sr_blocks=1442728301_415716563_2_0_0_1125226&highlighted_blocks=1442728301_415716563_2_0_0_1125226&matching_block_id=1442728301_415716563_2_0_0_1125226&sr_pri_blocks=1442728301_415716563_2_0_0_1125226_1792650&from=searchresults,17927,8.4,11.0,Lahore,15.1,One-Bedroom Apartment,"2 beds (1 extra-large double, 1 futon)",0,1,1,https://cf.bstatic.com/xdata/images/hotel/square240/826213881.webp?k=d195ae56d1bc25336ae32d4ee6f970648006d62067c8bda70cf400179c941bc5&o=,5,Lahore
Family Guest House in Garden Town,https://www.booking.com/hotel/pk/family-guest-house-in-garden-town.en-gb.html?aid=304142&label=gen173nr-10CAQoggJCDWNpdHlfLTI3NjcwNDNICVgEaLUBiAEBmAEzuAEHyAEM2AED6AEB-AEBiAIBqAIBuALBjMLTBsACAdICJDRlYmVmMGVjLTBmMjctNDNkNS05MDQ0LWY2ZTFmMzRjMjI5M9gCAeACAQ&ucfs=1&arphpl=1&checkin=2026-08-06&checkout=2026-08-07&dest_id=-2767043&dest_type=city&group_adults=2&req_adults=2&no_rooms=1&group_children=0&req_children=0&hpos=4&hapos=447&sr_order=popularity&srpvid=7b4f562059d9004c&srepoch=1785759359&all_sr_blocks=710171601_295823907_2_1_0&highlighted_blocks=710171601_295823907_2_1_0&matching_block_id=710171601_295823907_2_1_0&sr_pri_blocks=710171601_295823907_2_1_0__540000&from=searchresults,5400,,,Lahore,7.3,Standard Double Room,1 large double bed,1,0,0,https://cf.bstatic.com/xdata/images/hotel/square240/286942343.webp?k=8ecfc6bdd0986f8a75921689080270a3c065abc1e514987e2841ae313dc075a2&o=,10,Lahore
Q block 387 street 19 dha phase 2,https://www.booking.com/hotel/pk/487-p-block-dha-phase-1.en-gb.html?aid=304142&label=gen173nr-10CAQoggJCDWNpdHlfLTI3NjcwNDNICVgEaLUBiAEBmAEzuAEHyAEM2AED6AEB-AEBiAIBqAIBuALBjMLTBsACAdICJDRlYmVmMGVjLTBmMjctNDNkNS05MDQ0LWY2ZTFmMzRjMjI5M9gCAeACAQ&ucfs=1&arphpl=1&checkin=2026-08-06&checkout=2026-08-07&dest_id=-2767043&dest_type=city&group_adults=2&req_adults=2&no_rooms=1&group_children=0&req_children=0&hpos=5&hapos=448&sr_order=popularity&srpvid=7b4f562059d9004c&srepoch=1785759359&all_sr_blocks=1547893901_426018065_14_0_0&highlighted_blocks=1547893901_426018065_14_0_0&matching_block_id=1547893901_426018065_14_0_0&sr_pri_blocks=1547893901_426018065_14_0_0__900000&from=searchresults,9000,,,Lahore,7.2,Three-Bedroom Apartment,"7 beds (1 single, 2 doubles, 2 sofa beds, 2 large doubles)",0,1,1,https://cf.bstatic.com/xdata/images/hotel/square240/793719647.webp?k=144aab7ceb4a946345bc50bc87114df292e354a17c5abc42312b61db3c256443&o=,4,Lahore
Luxury apartment in Gold Crest Mall 1 bed,https://www.booking.com/hotel/pk/luxury-apartment-in-gold-crest-mall-1-bed-lahore.en-gb.html?aid=304142&label=gen173nr-10CAQoggJCDWNpdHlfLTI3NjcwNDNICVgEaLUBiAEBmAEzuAEHyAEM2AED6AEB-AEBiAIBqAIBuALBjMLTBsACAdICJDRlYmVmMGVjLTBmMjctNDNkNS05MDQ0LWY2ZTFmMzRjMjI5M9gCAeACAQ&ucfs=1&arphpl=1&checkin=2026-08-06&checkout=2026-08-07&dest_id=-2767043&dest_type=city&group_adults=2&req_adults=2&no_rooms=1&group_children=0&req_children=0&hpos=6&hapos=449&sr_order=popularity&srpvid=7b4f562059d9004c&srepoch=1785759359&all_sr_blocks=986376101_378095700_2_0_0&highlighted_blocks=986376101_378095700_2_0_0&matching_block_id=986376101_378095700_2_0_0&sr_pri_blocks=986376101_378095700_2_0_0__1440000&from=searchresults,14400,8.4,69.0,Lahore,12.0,One-Bedroom Apartment,1 double bed,0,1,1,https://cf.bstatic.com/xdata/images/hotel/square240/484742749.webp?k=63de4408ffe7c64162832f321a59bcad030ddf691fb50aa9a746cb20e70079cd&o=,14,Lahore
2BHK Apartment with Private Balcony - The Opus Gulberg 3,https://www.booking.com/hotel/pk/2bhk-apartment-with-private-balcony-the-opus-gulberg-3.en-gb.html?aid=304142&label=gen173nr-10CAQoggJCDWNpdHlfLTI3NjcwNDNICVgEaLUBiAEBmAEzuAEHyAEM2AED6AEB-AEBiAIBqAIBuALBjMLTBsACAdICJDRlYmVmMGVjLTBmMjctNDNkNS05MDQ0LWY2ZTFmMzRjMjI5M9gCAeACAQ&ucfs=1&arphpl=1&checkin=2026-08-06&checkout=2026-08-07&dest_id=-2767043&dest_type=city&group_adults=2&req_adults=2&no_rooms=1&group_children=0&req_children=0&hpos=7&hapos=450&sr_order=popularity&srpvid=7b4f562059d9004c&srepoch=1785759359&all_sr_blocks=1471546402_418494629_4_0_0&highlighted_blocks=1471546402_418494629_4_0_0&matching_block_id=1471546402_418494629_4_0_0&sr_pri_blocks=1471546402_418494629_4_0_0__3073300&from=searchresults,30733,,,"Gulberg, Lahore",6.9,Apartment,2 extra-large double beds,0,1,0,https://cf.bstatic.com/xdata/images/hotel/square240/727527796.webp?k=da285f238af8e847572677689f76f88f588d6e0772b73ea819fab853d9e03583&o=,11,Lahore
Maison Eleve Residency,https://www.booking.com/hotel/pk/maison-eleve-residency.en-gb.html?aid=304142&label=gen173nr-10CAQoggJCDWNpdHlfLTI3NjcwNDNICVgEaLUBiAEBmAEzuAEHyAEM2AED6AEB-AEBiAIBqAIBuALBjMLTBsACAdICJDRlYmVmMGVjLTBmMjctNDNkNS05MDQ0LWY2ZTFmMzRjMjI5M9gCAeACAQ&ucfs=1&arphpl=1&checkin=2026-08-06&checkout=2026-08-07&dest_id=-2767043&dest_type=city&group_adults=2&req_adults=2&no_rooms=1&group_children=0&req_children=0&hpos=8&hapos=451&sr_order=popularity&srpvid=7b4f562059d9004c&srepoch=1785759359&all_sr_blocks=1656060401_437524532_3_0_0&highlighted_blocks=1656060401_437524532_3_0_0&matching_block_id=1656060401_437524532_3_0_0&sr_pri_blocks=1656060401_437524532_3_0_0__680000&from=searchresults,6800,10,2.0,Lahore,26.6,One-Bedroom Apartment,"3 beds (1 double, 2 sofa beds)",0,1,1,https://cf.bstatic.com/xdata/images/hotel/square240/875642135.webp?k=d8dcaaa863e5057209e9f5b730a95053f8005fb2e2aa3b532eeb730236fa10cc&o=,4,Lahore
Comfort 2BHK Self CheckIn DHA Lahore,https://www.booking.com/hotel/pk/comfort-2bhk-self-checkin-dha-lahore.en-gb.html?aid=304142&label=gen173nr-10CAQoggJCDWNpdHlfLTI3NjcwNDNICVgEaLUBiAEBmAEzuAEHyAEM2AED6AEB-AEBiAIBqAIBuALBjMLTBsACAdICJDRlYmVmMGVjLTBmMjctNDNkNS05MDQ0LWY2ZTFmMzRjMjI5M9gCAeACAQ&ucfs=1&arphpl=1&checkin=2026-08-06&checkout=2026-08-07&dest_id=-2767043&dest_type=city&group_adults=2&req_adults=2&no_rooms=1&group_children=0&req_children=0&hpos=9&hapos=452&sr_order=popularity&srpvid=7b4f562059d9004c&srepoch=1785759359&all_sr_blocks=1679926201_439757931_4_0_0&highlighted_blocks=1679926201_439757931_4_0_0&matching_block_id=1679926201_439757931_4_0_0&sr_pri_blocks=1679926201_439757931_4_0_0__1275000&from=searchresults,12750,10,1.0,Lahore,13.6,Two-Bedroom Apartment,2 double beds,0,1,1,https://cf.bstatic.com/xdata/images/hotel/square240/890908360.webp?k=e0f45f205cc28c703ec056d6168c00e1acddf286ef19c4a0b00f4cbab263dbea&o=,4,Lahore
Luxury Gold Crest Apartment,https://www.booking.com/hotel/pk/luxury-gold-crest-apartment.en-gb.html?aid=304142&label=gen173nr-10CAQoggJCDWNpdHlfLTI3NjcwNDNICVgEaLUBiAEBmAEzuAEHyAEM2AED6AEB-AEBiAIBqAIBuALBjMLTBsACAdICJDRlYmVmMGVjLTBmMjctNDNkNS05MDQ0LWY2ZTFmMzRjMjI5M9gCAeACAQ&ucfs=1&arphpl=1&checkin=2026-08-06&checkout=2026-08-07&dest_id=-2767043&dest_type=city&group_adults=2&req_adults=2&no_rooms=1&group_children=0&req_children=0&hpos=10&hapos=453&sr_order=popularity&srpvid=7b4f562059d9004c&srepoch=1785759359&all_sr_blocks=1278263601_400737636_2_34_0&highlighted_blocks=1278263601_400737636_2_34_0&matching_block_id=1278263601_400737636_2_34_0&sr_pri_blocks=1278263601_400737636_2_34_0__1227960&from=searchresults,12280,9.7,7.0,Lahore,12.1,One-Bedroom Apartment,"2 beds (1 double, 1 sofa bed)",0,0,0,https://cf.bstatic.com/xdata/images/hotel/square240/596117517.webp?k=1941b03eff91f35c9fd8e433e71ac507427be15802a635d330a4b9d6fdb5a0c7&o=,11,Lahore
PEACE RESIDENCy,https://www.booking.com/hotel/pk/peace-residency-lahore.en-gb.html?aid=304142&label=gen173nr-10CAQoggJCDWNpdHlfLTI3NjcwNDNICVgEaLUBiAEBmAEzuAEHyAEM2AED6AEB-AEBiAIBqAIBuALBjMLTBsACAdICJDRlYmVmMGVjLTBmMjctNDNkNS05MDQ0LWY2ZTFmMzRjMjI5M9gCAeACAQ&ucfs=1&arphpl=1&checkin=2026-08-06&checkout=2026-08-07&dest_id=-2767043&dest_type=city&group_adults=2&req_adults=2&no_rooms=1&group_children=0&req_children=0&hpos=11&hapos=454&sr_order=popularity&srpvid=7b4f562059d9004c&srepoch=1785759359&all_sr_blocks=1528695701_424432123_2_0_0&highlighted_blocks=1528695701_424432123_2_0_0&matching_block_id=1528695701_424432123_2_0_0&sr_pri_blocks=1528695701_424432123_2_0_0__600000&from=searchresults,6000,5.5,2.0,Lahore,24.3,One-Bedroom Apartment,1 double bed,0,1,1,https://cf.bstatic.com/xdata/images/hotel/square240/778226300.webp?k=afcac92f1eddb559013f9415c1c67e48a8c63eeff34cc2c949911e0361e08e7e&o=,4,Lahore
Zam zam Mall Joher Town,https://www.booking.com/hotel/pk/zam-zam-mall-joher-town.en-gb.html?aid=304142&label=gen173nr-10CAQoggJCDWNpdHlfLTI3NjcwNDNICVgEaLUBiAEBmAEzuAEHyAEM2AED6AEB-AEBiAIBqAIBuALBjMLTBsACAdICJDRlYmVmMGVjLTBmMjctNDNkNS05MDQ0LWY2ZTFmMzRjMjI5M9gCAeACAQ&ucfs=1&arphpl=1&checkin=2026-08-06&checkout=2026-08-07&dest_id=-2767043&dest_type=city&group_adults=2&req_adults=2&no_rooms=1&group_children=0&req_children=0&hpos=12&hapos=455&sr_order=popularity&srpvid=7b4f562059d9004c&srepoch=1785759359&all_sr_blocks=1552270801_426404436_3_1_0&highlighted_blocks=1552270801_426404436_3_1_0&matching_block_id=1552270801_426404436_3_1_0&sr_pri_blocks=1552270801_426404436_3_1_0__600000&from=searchresults,6000,,,"Johar Town, Lahore",11.3,One-Bedroom Apartment,"2 beds (1 double, 1 sofa bed)",1,1,1,https://cf.bstatic.com/xdata/images/hotel/square240/798223819.webp?k=5f6ba8b11ab21825f689564c838fe63be2721419bd3bb36340ac6f22bc20bcf8&o=,4,Lahore
Goldcrest Luxe Suite - Executive1 bedroom apartment Near Airport Lahore,https://www.booking.com/hotel/pk/modern-1-bedroom-apartments-in-dha.en-gb.html?aid=304142&label=gen173nr-10CAQoggJCDWNpdHlfLTI3NjcwNDNICVgEaLUBiAEBmAEzuAEHyAEM2AED6AEB-AEBiAIBqAIBuALBjMLTBsACAdICJDRlYmVmMGVjLTBmMjctNDNkNS05MDQ0LWY2ZTFmMzRjMjI5M9gCAeACAQ&ucfs=1&arphpl=1&checkin=2026-08-06&checkout=2026-08-07&dest_id=-2767043&dest_type=city&group_adults=2&req_adults=2&no_rooms=1&group_children=0&req_children=0&hpos=13&hapos=456&sr_order=popularity&srpvid=7b4f562059d9004c&srepoch=1785759359&all_sr_blocks=1507912901_422539212_2_0_0&highlighted_blocks=1507912901_422539212_2_0_0&matching_block_id=1507912901_422539212_2_0_0&sr_pri_blocks=1507912901_422539212_2_0_0__1567536&from=searchresults,15675,10,7.0,"Gulberg, Lahore",5.8,One-Bedroom Apartment,1 extra-large double bed,0,1,1,https://cf.bstatic.com/xdata/images/hotel/square240/761080109.webp?k=6389c542277ae477daf59e8c1089c576167484ada963dabe0cb6f4e7dd459cc5&o=,4,Lahore
1-قصر,https://www.booking.com/hotel/pk/your-stylish-escape-warm-and-inviting.en-gb.html?aid=304142&label=gen173nr-10CAQoggJCDWNpdHlfLTI3NjcwNDNICVgEaLUBiAEBmAEzuAEHyAEM2AED6AEB-AEBiAIBqAIBuALBjMLTBsACAdICJDRlYmVmMGVjLTBmMjctNDNkNS05MDQ0LWY2ZTFmMzRjMjI5M9gCAeACAQ&ucfs=1&arphpl=1&checkin=2026-08-06&checkout=2026-08-07&dest_id=-2767043&dest_type=city&group_adults=2&req_adults=2&no_rooms=1&group_children=0&req_children=0&hpos=14&hapos=457&sr_order=popularity&srpvid=7b4f562059d9004c&srepoch=1785759359&all_sr_blocks=1610962101_432194118_0_2_0_1392419&highlighted_blocks=1610962101_432194118_0_2_0_1392419&matching_block_id=1610962101_432194118_0_2_0_1392419&sr_pri_blocks=1610962101_432194118_0_2_0_1392419_684000&from=searchresults,6840,10,4.0,Lahore,15.4,One-Bedroom Apartment,1 double bed,0,0,1,https://cf.bstatic.com/xdata/images/hotel/square240/846839902.webp?k=41e88328c29f711857f39171059e8bfdd2e0404171dc3de0e2038a2f4aec863e&o=,4,Lahore
Premium 1 BHK Apartment with Massage Chair Goldcrest,https://www.booking.com/hotel/pk/premium-1-bhk-apartment-with-massage-chair-goldcrest.en-gb.html?aid=304142&label=gen173nr-10CAQoggJCDWNpdHlfLTI3NjcwNDNICVgEaLUBiAEBmAEzuAEHyAEM2AED6AEB-AEBiAIBqAIBuALBjMLTBsACAdICJDRlYmVmMGVjLTBmMjctNDNkNS05MDQ0LWY2ZTFmMzRjMjI5M9gCAeACAQ&ucfs=1&arphpl=1&checkin=2026-08-06&checkout=2026-08-07&dest_id=-2767043&dest_type=city&group_adults=2&req_adults=2&no_rooms=1&group_children=0&req_children=0&hpos=15&hapos=458&sr_order=popularity&srpvid=7b4f562059d9004c&srepoch=1785759359&all_sr_blocks=1619870801_432818354_4_0_0&highlighted_blocks=1619870801_432818354_4_0_0&matching_block_id=1619870801_432818354_4_0_0&sr_pri_blocks=1619870801_432818354_4_0_0__1200000&from=searchresults,12000,10,1.0,Lahore,11.5,One-Bedroom Apartment,1 double bed,0,1,1,https://cf.bstatic.com/xdata/images/hotel/square240/855291513.webp?k=c01e586acd44a42b97702414449e3a185e78d278792402df8f5f67fd2f81e7f4&o=,4,Lahore
Luxury Studio Apartment by Alvis Suite - PentaSquare DHA Phase 5,https://www.booking.com/hotel/pk/luxury-studio-apartment-by-alvis-suite-pentasquare-dha-phase-5.en-gb.html?aid=304142&label=gen173nr-10CAQoggJCDWNpdHlfLTI3NjcwNDNICVgEaLUBiAEBmAEzuAEHyAEM2AED6AEB-AEBiAIBqAIBuALBjMLTBsACAdICJDRlYmVmMGVjLTBmMjctNDNkNS05MDQ0LWY2ZTFmMzRjMjI5M9gCAeACAQ&ucfs=1&arphpl=1&checkin=2026-08-06&checkout=2026-08-07&dest_id=-2767043&dest_type=city&group_adults=2&req_adults=2&no_rooms=1&group_children=0&req_children=0&hpos=16&hapos=459&sr_order=popularity&srpvid=7b4f562059d9004c&srepoch=1785759359&all_sr_blocks=1682162201_439950005_2_0_0&highlighted_blocks=1682162201_439950005_2_0_0&matching_block_id=1682162201_439950005_2_0_0&sr_pri_blocks=1682162201_439950005_2_0_0__1161186&from=searchresults,11612,,,Lahore,14.2,Studio Apartment,"2 beds (1 extra-large double, 1 sofa bed)",0,1,1,https://cf.bstatic.com/xdata/images/hotel/square240/891897453.webp?k=9f8433a758811d1027a40ebe36aad29723aedacabf69e8752cb018f561c1557f&o=,12,Lahore
One bed apartment in city star residencia,https://www.booking.com/hotel/pk/one-bed-apartment-in-city-star-residencia.en-gb.html?aid=304142&label=gen173nr-10CAQoggJCDWNpdHlfLTI3NjcwNDNICVgEaLUBiAEBmAEzuAEHyAEM2AED6AEB-AEBiAIBqAIBuALBjMLTBsACAdICJDRlYmVmMGVjLTBmMjctNDNkNS05MDQ0LWY2ZTFmMzRjMjI5M9gCAeACAQ&ucfs=1&arphpl=1&checkin=2026-08-06&checkout=2026-08-07&dest_id=-2767043&dest_type=city&group_adults=2&req_adults=2&no_rooms=1&group_children=0&req_children=0&hpos=17&hapos=460&sr_order=popularity&srpvid=7b4f562059d9004c&srepoch=1785759359&all_sr_blocks=1673397801_439101177_2_0_0&highlighted_blocks=1673397801_439101177_2_0_0&matching_block_id=1673397801_439101177_2_0_0&sr_pri_blocks=1673397801_439101177_2_0_0__510000&from=searchresults,5100,8.0,1.0,Lahore,20.1,One-Bedroom Apartment,"2 beds (1 double, 1 sofa bed)",0,1,1,https://cf.bstatic.com/xdata/images/hotel/square240/894360557.webp?k=879d373f5c82e873c43bd8bf8b389ed501e2542be025fda963e710cd2a3ccee5&o=,4,Lahore
Executive Penta Studio Luxury Apartments DHA Lahore,https://www.booking.com/hotel/pk/bskabjs.en-gb.html?aid=304142&label=gen173nr-10CAQoggJCDWNpdHlfLTI3NjcwNDNICVgEaLUBiAEBmAEzuAEHyAEM2AED6AEB-AEBiAIBqAIBuALBjMLTBsACAdICJDRlYmVmMGVjLTBmMjctNDNkNS05MDQ0LWY2ZTFmMzRjMjI5M9gCAeACAQ&ucfs=1&arphpl=1&checkin=2026-08-06&checkout=2026-08-07&dest_id=-2767043&dest_type=city&group_adults=2&req_adults=2&no_rooms=1&group_children=0&req_children=0&hpos=18&hapos=461&sr_order=popularity&srpvid=7b4f562059d9004c&srepoch=1785759359&all_sr_blocks=1699591701_441606052_2_1_0&highlighted_blocks=1699591701_441606052_2_1_0&matching_block_id=1699591701_441606052_2_1_0&sr_pri_blocks=1699591701_441606052_2_1_0__2142000&from=searchresults,21420,,,Lahore,14.2,Deluxe Double Studio,1 double bed,1,1,1,https://cf.bstatic.com/xdata/images/hotel/square240/902191964.webp?k=9bd807e8736274be009440d594430cdb3a2424f1ed7b3cec51fb8771c9439271&o=,13,Lahore
Heritage Suites DHA - Gold Crest Mall Defence Lahore,https://www.booking.com/hotel/pk/two-bedroom-gold-crest-apartments-lahore.en-gb.html?aid=304142&label=gen173nr-10CAQoggJCDWNpdHlfLTI3NjcwNDNICVgEaLUBiAEBmAEzuAEHyAEM2AED6AEB-AEBiAIBqAIBuALBjMLTBsACAdICJDRlYmVmMGVjLTBmMjctNDNkNS05MDQ0LWY2ZTFmMzRjMjI5M9gCAeACAQ&ucfs=1&arphpl=1&checkin=2026-08-06&checkout=2026-08-07&dest_id=-2767043&dest_type=city&group_adults=2&req_adults=2&no_rooms=1&group_children=0&req_children=0&hpos=19&hapos=462&sr_order=popularity&srpvid=7b4f562059d9004c&srepoch=1785759359&all_sr_blocks=1601743101_431125001_8_0_0&highlighted_blocks=1601743101_431125001_8_0_0&matching_block_id=1601743101_431125001_8_0_0&sr_pri_blocks=1601743101_431125001_8_0_0__2160000&from=searchresults,21600,,,Lahore,12.1,Two-Bedroom Apartment,"2 beds (1 double, 1 extra-large double)",0,0,0,https://cf.bstatic.com/xdata/images/hotel/square240/867221068.webp?k=d6e1600912efb3f748ca345283668acd9c034673ba2bdc89c385f3c4a87e1d0c&o=,11,Lahore
Swiss Grand Villa DHA Near Raya & Airport,https://www.booking.com/hotel/pk/swiss-grand-villa-dha-near-raya-amp-airport-lahore3.en-gb.html?aid=304142&label=gen173nr-10CAQoggJCDWNpdHlfLTI3NjcwNDNICVgEaLUBiAEBmAEzuAEHyAEM2AED6AEB-AEBiAIBqAIBuALBjMLTBsACAdICJDRlYmVmMGVjLTBmMjctNDNkNS05MDQ0LWY2ZTFmMzRjMjI5M9gCAeACAQ&ucfs=1&arphpl=1&checkin=2026-08-06&checkout=2026-08-07&dest_id=-2767043&dest_type=city&group_adults=2&req_adults=2&no_rooms=1&group_children=0&req_children=0&hpos=20&hapos=463&sr_order=popularity&srpvid=7b4f562059d9004c&srepoch=1785759359&all_sr_blocks=1637243401_434075884_2_0_0&highlighted_blocks=1637243401_434075884_2_0_0&matching_block_id=1637243401_434075884_2_0_0&sr_pri_blocks=1637243401_434075884_2_0_0__750000&from=searchresults,7500,,,Lahore,17.5,Deluxe Room,1 extra-large double bed,0,1,1,https://cf.bstatic.com/xdata/images/hotel/square240/865404104.webp?k=5efbd72775019861de06d402887e1127448fa76e4f7ff94ca27745afbf75f6b6&o=,4,Lahore
Shelton Boulevard Hotel Lahore,https://www.booking.com/hotel/pk/rk-guest-house.en-gb.html?aid=304142&label=gen173nr-10CAQoggJCDWNpdHlfLTI3NjcwNDNICVgEaLUBiAEBmAEzuAEHyAEM2AED6AEB-AEBiAIBqAIBuALBjMLTBsACAdICJDRlYmVmMGVjLTBmMjctNDNkNS05MDQ0LWY2ZTFmMzRjMjI5M9gCAeACAQ&ucfs=1&arphpl=1&checkin=2026-08-06&checkout=2026-08-07&dest_id=-2767043&dest_type=city&group_adults=2&req_adults=2&no_rooms=1&group_children=0&req_children=0&hpos=21&hapos=464&sr_order=popularity&srpvid=7b4f562059d9004c&srepoch=1785759359&all_sr_blocks=1047737913_391655218_2_1_0_290433&highlighted_blocks=1047737913_391655218_2_1_0_290433&matching_block_id=1047737913_391655218_2_1_0_290433&sr_pri_blocks=1047737913_391655218_2_1_0_290433_850000&from=searchresults,8500,7.5,359.0,"Johar Town, Lahore",12.7,Deluxe Twin Room,2 single beds,1,1,1,https://cf.bstatic.com/xdata/images/hotel/square240/525078321.webp?k=6eda21b4588ae9a7bcc4a8d27d8afa3aba04c650641dfb645bf553986033c77e&o=,11,Lahore
Zameen aurum Luxury Apartment Gulberg 3 Mirhaa homes-3,https://www.booking.com/hotel/pk/zameen-aurum-luxury-apartment-gulberg-3-mirhaa-homes-3.en-gb.html?aid=304142&label=gen173nr-10CAQoggJCDWNpdHlfLTI3NjcwNDNICVgEaLUBiAEBmAEzuAEHyAEM2AED6AEB-AEBiAIBqAIBuALBjMLTBsACAdICJDRlYmVmMGVjLTBmMjctNDNkNS05MDQ0LWY2ZTFmMzRjMjI5M9gCAeACAQ&ucfs=1&arphpl=1&checkin=2026-08-06&checkout=2026-08-07&dest_id=-2767043&dest_type=city&group_adults=2&req_adults=2&no_rooms=1&group_children=0&req_children=0&hpos=22&hapos=465&sr_order=popularity&srpvid=7b4f562059d9004c&srepoch=1785759359&all_sr_blocks=1522008801_423858445_3_0_0&highlighted_blocks=1522008801_423858445_3_0_0&matching_block_id=1522008801_423858445_3_0_0&sr_pri_blocks=1522008801_423858445_3_0_0__1350000&from=searchresults,13500,10,1.0,"Gulberg, Lahore",7.2,One-Bedroom Apartment,"2 beds (1 double, 1 sofa bed)",0,1,1,https://cf.bstatic.com/xdata/images/hotel/square240/772655101.webp?k=0db27f09851a6cf41a1ae8abc90e7027daa5d9cb3bf331fa5fd9251244067d12&o=,4,Lahore
Apartments by Alvis Suite - Goldcrest Alfatah Mall,https://www.booking.com/hotel/pk/apartments-by-alvis-suite-goldcrest-alfatah-mall.en-gb.html?aid=304142&label=gen173nr-10CAQoggJCDWNpdHlfLTI3NjcwNDNICVgEaLUBiAEBmAEzuAEHyAEM2AED6AEB-AEBiAIBqAIBuALBjMLTBsACAdICJDRlYmVmMGVjLTBmMjctNDNkNS05MDQ0LWY2ZTFmMzRjMjI5M9gCAeACAQ&ucfs=1&arphpl=1&checkin=2026-08-06&checkout=2026-08-07&dest_id=-2767043&dest_type=city&group_adults=2&req_adults=2&no_rooms=1&group_children=0&req_children=0&hpos=23&hapos=466&sr_order=popularity&srpvid=7b4f562059d9004c&srepoch=1785759359&all_sr_blocks=1681765901_439928636_2_0_0&highlighted_blocks=1681765901_439928636_2_0_0&matching_block_id=1681765901_439928636_2_0_0&sr_pri_blocks=1681765901_439928636_2_0_0__1161186&from=searchresults,11612,,,Lahore,12.0,Studio Apartment,"2 beds (1 extra-large double, 1 sofa bed)",0,1,1,https://cf.bstatic.com/xdata/images/hotel/square240/891752922.webp?k=e55c0e8d02b496eb3caca6cd6916da3ffa5660652cefb226a046f0f704601a4e&o=,10,Lahore
Defence view appatments,https://www.booking.com/hotel/pk/defence-view-appatments.en-gb.html?aid=304142&label=gen173nr-10CAQoggJCDWNpdHlfLTI3NjcwNDNICVgEaLUBiAEBmAEzuAEHyAEM2AED6AEB-AEBiAIBqAIBuALBjMLTBsACAdICJDRlYmVmMGVjLTBmMjctNDNkNS05MDQ0LWY2ZTFmMzRjMjI5M9gCAeACAQ&ucfs=1&arphpl=1&checkin=2026-08-06&checkout=2026-08-07&dest_id=-2767043&dest_type=city&group_adults=2&req_adults=2&no_rooms=1&group_children=0&req_children=0&hpos=24&hapos=467&sr_order=popularity&srpvid=7b4f562059d9004c&srepoch=1785759359&all_sr_blocks=1686274702_440270899_2_0_0&highlighted_blocks=1686274702_440270899_2_0_0&matching_block_id=1686274702_440270899_2_0_0&sr_pri_blocks=1686274702_440270899_2_0_0__1105000&from=searchresults,11050,,,Lahore,13.1,One-Bedroom Apartment,1 double bed,0,1,1,https://cf.bstatic.com/xdata/images/hotel/square240/893622456.webp?k=6a7099b5281be2b5198cd4614505de7e4937b050b228acf5d175f820644747b1&o=,4,Lahore
Complete Comfy House with 3 beds Al-Hafeez Garden Lahore,https://www.booking.com/hotel/pk/comfy-house.en-gb.html?aid=304142&label=gen173nr-10CAQoggJCDWNpdHlfLTI3NjcwNDNICVgEaLUBiAEBmAEzuAEHyAEM2AED6AEB-AEBiAIBqAIBuALBjMLTBsACAdICJDRlYmVmMGVjLTBmMjctNDNkNS05MDQ0LWY2ZTFmMzRjMjI5M9gCAeACAQ&ucfs=1&arphpl=1&checkin=2026-08-06&checkout=2026-08-07&dest_id=-2767043&dest_type=city&group_adults=2&req_adults=2&no_rooms=1&group_children=0&req_children=0&hpos=25&hapos=468&sr_order=popularity&srpvid=7b4f562059d9004c&srepoch=1785759359&all_sr_blocks=1682693301_440005136_6_0_0&highlighted_blocks=1682693301_440005136_6_0_0&matching_block_id=1682693301_440005136_6_0_0&sr_pri_blocks=1682693301_440005136_6_0_0__1445000&from=searchresults,14450,,,Lahore,14.0,Three-Bedroom Home,"3 beds (2 doubles, 1 large double)",0,1,1,https://cf.bstatic.com/xdata/images/hotel/square240/892152387.webp?k=233b98ea1574f85d3dd243538e0e81d84e251d237c9c90c8c1e867be65c0445a&o=,4,Lahore
Shelton Hotel Lahore,https://www.booking.com/hotel/pk/shelton-inn-lahore.en-gb.html?aid=304142&label=gen173nr-10CAQoggJCDWNpdHlfLTI3NjcwNDNICVgEaLUBiAEBmAEzuAEHyAEM2AED6AEB-AEBiAIBqAIBuALBjMLTBsACAdICJDRlYmVmMGVjLTBmMjctNDNkNS05MDQ0LWY2ZTFmMzRjMjI5M9gCAeACAQ&ucfs=1&arphpl=1&checkin=2026-08-06&checkout=2026-08-07&dest_id=-2767043&dest_type=city&group_adults=2&req_adults=2&no_rooms=1&group_children=0&req_children=0&hpos=1&hapos=469&sr_order=popularity&srpvid=7b4f562059d9004c&srepoch=1785759363&all_sr_blocks=1143611701_387217000_2_1_0&highlighted_blocks=1143611701_387217000_2_1_0&matching_block_id=1143611701_387217000_2_1_0&sr_pri_blocks=1143611701_387217000_2_1_0__640000&from=searchresults,6400,7.3,103.0,"Johar Town, Lahore",12.3,Deluxe Double Room,1 double bed,1,1,1,https://cf.bstatic.com/xdata/images/hotel/square240/524751006.webp?k=940bed3860592c3103bb0679606462e648197a226bd689c7429eab6c379e480f&o=,12,Lahore
Royal Swiss Apartments Lahore,https://www.booking.com/hotel/pk/royal-swiss-apartments-lahore.en-gb.html?aid=304142&label=gen173nr-10CAQoggJCDWNpdHlfLTI3NjcwNDNICVgEaLUBiAEBmAEzuAEHyAEM2AED6AEB-AEBiAIBqAIBuALBjMLTBsACAdICJDRlYmVmMGVjLTBmMjctNDNkNS05MDQ0LWY2ZTFmMzRjMjI5M9gCAeACAQ&ucfs=1&arphpl=1&checkin=2026-08-06&checkout=2026-08-07&dest_id=-2767043&dest_type=city&group_adults=2&req_adults=2&no_rooms=1&group_children=0&req_children=0&hpos=2&hapos=470&sr_order=popularity&srpvid=7b4f562059d9004c&srepoch=1785759363&all_sr_blocks=1612035501_432107831_2_1_0&highlighted_blocks=1612035501_432107831_2_1_0&matching_block_id=1612035501_432107831_2_1_0&sr_pri_blocks=1612035501_432107831_2_1_0__2124000&from=searchresults,21240,10,11.0,Lahore,12.3,One-Bedroom Apartment,"2 beds (1 sofa bed, 1 large double)",1,1,1,https://cf.bstatic.com/xdata/images/hotel/square240/863171209.webp?k=5c7ab203dedefbb857aba1bcf61000b27270ec79dd5537a772b33f0012a0d0cb&o=,16,Lahore
Royal Luxury Hotel Lahore,https://www.booking.com/hotel/pk/royal-luxury-lahore-lahore.en-gb.html?aid=304142&label=gen173nr-10CAQoggJCDWNpdHlfLTI3NjcwNDNICVgEaLUBiAEBmAEzuAEHyAEM2AED6AEB-AEBiAIBqAIBuALBjMLTBsACAdICJDRlYmVmMGVjLTBmMjctNDNkNS05MDQ0LWY2ZTFmMzRjMjI5M9gCAeACAQ&ucfs=1&arphpl=1&checkin=2026-08-06&checkout=2026-08-07&dest_id=-2767043&dest_type=city&group_adults=2&req_adults=2&no_rooms=1&group_children=0&req_children=0&hpos=3&hapos=471&sr_order=popularity&srpvid=7b4f562059d9004c&srepoch=1785759363&all_sr_blocks=937044003_365899522_2_1_0&highlighted_blocks=937044003_365899522_2_1_0&matching_block_id=937044003_365899522_2_1_0&sr_pri_blocks=937044003_365899522_2_1_0__600000&from=searchresults,6000,7.5,79.0,Lahore,4.9,Standard Double Room,1 large double bed,1,1,1,https://cf.bstatic.com/xdata/images/hotel/square240/416360926.webp?k=1ef91a740ebf1b9b2f8e494cfd17eb00888ca30c4b221c554c621970c383978e&o=,12,Lahore
Furnished Private 1 BR Ground Floor in DHA near Ring Road,https://www.booking.com/hotel/pk/pasha-house.en-gb.html?aid=304142&label=gen173nr-10CAQoggJCDWNpdHlfLTI3NjcwNDNICVgEaLUBiAEBmAEzuAEHyAEM2AED6AEB-AEBiAIBqAIBuALBjMLTBsACAdICJDRlYmVmMGVjLTBmMjctNDNkNS05MDQ0LWY2ZTFmMzRjMjI5M9gCAeACAQ&ucfs=1&arphpl=1&checkin=2026-08-06&checkout=2026-08-07&dest_id=-2767043&dest_type=city&group_adults=2&req_adults=2&no_rooms=1&group_children=0&req_children=0&hpos=4&hapos=472&sr_order=popularity&srpvid=7b4f562059d9004c&srepoch=1785759363&all_sr_blocks=889430001_412093121_2_0_0&highlighted_blocks=889430001_412093121_2_0_0&matching_block_id=889430001_412093121_2_0_0&sr_pri_blocks=889430001_412093121_2_0_0__700000&from=searchresults,7000,9.6,15.0,Lahore,20.2,Standard Double Room,"2 beds (1 extra-large double, 1 sofa bed)",0,1,0,https://cf.bstatic.com/xdata/images/hotel/square240/666471786.webp?k=f7b5019a7ac94d7b1f184ea8080adfc85517a275d3cf26237d86725f05b86e54&o=,3,Lahore
Family Studio by Alvis Suite - Penta Square DHA Lahore,https://www.booking.com/hotel/pk/family-studio-by-alvis-suite-penta-square-dha-lahore.en-gb.html?aid=304142&label=gen173nr-10CAQoggJCDWNpdHlfLTI3NjcwNDNICVgEaLUBiAEBmAEzuAEHyAEM2AED6AEB-AEBiAIBqAIBuALBjMLTBsACAdICJDRlYmVmMGVjLTBmMjctNDNkNS05MDQ0LWY2ZTFmMzRjMjI5M9gCAeACAQ&ucfs=1&arphpl=1&checkin=2026-08-06&checkout=2026-08-07&dest_id=-2767043&dest_type=city&group_adults=2&req_adults=2&no_rooms=1&group_children=0&req_children=0&hpos=5&hapos=473&sr_order=popularity&srpvid=7b4f562059d9004c&srepoch=1785759363&all_sr_blocks=1686497901_440286803_2_0_0&highlighted_blocks=1686497901_440286803_2_0_0&matching_block_id=1686497901_440286803_2_0_0&sr_pri_blocks=1686497901_440286803_2_0_0__1161186&from=searchresults,11612,,,Lahore,14.2,Studio Apartment,"2 beds (1 extra-large double, 1 sofa bed)",0,1,1,https://cf.bstatic.com/xdata/images/hotel/square240/893834286.webp?k=d341ebd2c347e09a1d76bd1662103074284108c4214b6cc3b04f4586dc56d697&o=,12,Lahore
Hotel Orange One,https://www.booking.com/hotel/pk/orange-one-lahore.en-gb.html?aid=304142&label=gen173nr-10CAQoggJCDWNpdHlfLTI3NjcwNDNICVgEaLUBiAEBmAEzuAEHyAEM2AED6AEB-AEBiAIBqAIBuALBjMLTBsACAdICJDRlYmVmMGVjLTBmMjctNDNkNS05MDQ0LWY2ZTFmMzRjMjI5M9gCAeACAQ&ucfs=1&arphpl=1&checkin=2026-08-06&checkout=2026-08-07&dest_id=-2767043&dest_type=city&group_adults=2&req_adults=2&no_rooms=1&group_children=0&req_children=0&hpos=6&hapos=474&sr_order=popularity&srpvid=7b4f562059d9004c&srepoch=1785759363&all_sr_blocks=983768801_378095311_0_42_0&highlighted_blocks=983768801_378095311_0_42_0&matching_block_id=983768801_378095311_0_42_0&sr_pri_blocks=983768801_378095311_0_42_0__567000&from=searchresults,5670,7.0,225.0,Lahore,2.2,King Room,1 large double bed,0,0,0,https://cf.bstatic.com/xdata/images/hotel/square240/449593077.webp?k=5b2b762f96bf247a8f173950ee31535d96b6040e474d8508359518f0785716be&o=,3,Lahore
PRESIDENTIAL Two Bedroom Suite In GOLD CREST RESIDENCY - DHA Phase 4 Lahore,https://www.booking.com/hotel/pk/vivigih.en-gb.html?aid=304142&label=gen173nr-10CAQoggJCDWNpdHlfLTI3NjcwNDNICVgEaLUBiAEBmAEzuAEHyAEM2AED6AEB-AEBiAIBqAIBuALBjMLTBsACAdICJDRlYmVmMGVjLTBmMjctNDNkNS05MDQ0LWY2ZTFmMzRjMjI5M9gCAeACAQ&ucfs=1&arphpl=1&checkin=2026-08-06&checkout=2026-08-07&dest_id=-2767043&dest_type=city&group_adults=2&req_adults=2&no_rooms=1&group_children=0&req_children=0&hpos=7&hapos=475&sr_order=popularity&srpvid=7b4f562059d9004c&srepoch=1785759363&all_sr_blocks=1680222201_439773990_6_2_0&highlighted_blocks=1680222201_439773990_6_2_0&matching_block_id=1680222201_439773990_6_2_0&sr_pri_blocks=1680222201_439773990_6_2_0__3240000&from=searchresults,32400,10,1.0,Lahore,12.1,Presidential Suite,"3 beds (1 sofa bed, 2 large doubles)",0,0,0,https://cf.bstatic.com/xdata/images/hotel/square240/892199968.webp?k=25ef81f0fffc464739001db581b583033a364e796ba726a6090e7d645cb039da&o=,13,Lahore
"Haven Eden Villa, Lahore - 4BR Holiday Home with Lawn, BBQ",https://www.booking.com/hotel/pk/haven-lodge-4br-luxurious-villa-in-lahore.en-gb.html?aid=304142&label=gen173nr-10CAQoggJCDWNpdHlfLTI3NjcwNDNICVgEaLUBiAEBmAEzuAEHyAEM2AED6AEB-AEBiAIBqAIBuALBjMLTBsACAdICJDRlYmVmMGVjLTBmMjctNDNkNS05MDQ0LWY2ZTFmMzRjMjI5M9gCAeACAQ&ucfs=1&arphpl=1&checkin=2026-08-06&checkout=2026-08-07&dest_id=-2767043&dest_type=city&group_adults=2&req_adults=2&no_rooms=1&group_children=0&req_children=0&hpos=8&hapos=476&sr_order=popularity&srpvid=7b4f562059d9004c&srepoch=1785759363&all_sr_blocks=1359587101_417566925_8_2_0&highlighted_blocks=1359587101_417566925_8_2_0&matching_block_id=1359587101_417566925_8_2_0&sr_pri_blocks=1359587101_417566925_8_2_0__2200000&from=searchresults,22000,9.4,5.0,Lahore,14.7,Villa with Garden View,"10 beds (1 single, 4 extra-large doubles, 3 sofa beds, 2 futons)",0,1,1,https://cf.bstatic.com/xdata/images/hotel/square240/832202515.webp?k=944f619e421bc63527519415e28f6ca33542239695864ba44d988dc1bb22e8ba&o=,13,Lahore
One room is available,https://www.booking.com/hotel/pk/one-room-is-available.en-gb.html?aid=304142&label=gen173nr-10CAQoggJCDWNpdHlfLTI3NjcwNDNICVgEaLUBiAEBmAEzuAEHyAEM2AED6AEB-AEBiAIBqAIBuALBjMLTBsACAdICJDRlYmVmMGVjLTBmMjctNDNkNS05MDQ0LWY2ZTFmMzRjMjI5M9gCAeACAQ&ucfs=1&arphpl=1&checkin=2026-08-06&checkout=2026-08-07&dest_id=-2767043&dest_type=city&group_adults=2&req_adults=2&no_rooms=1&group_children=0&req_children=0&hpos=9&hapos=477&sr_order=popularity&srpvid=7b4f562059d9004c&srepoch=1785759363&all_sr_blocks=1694628001_441115972_3_0_0&highlighted_blocks=1694628001_441115972_3_0_0&matching_block_id=1694628001_441115972_3_0_0&sr_pri_blocks=1694628001_441115972_3_0_0__1020000&from=searchresults,10200,,,Lahore,11.9,One-Bedroom Apartment,1 double bed,0,1,1,https://cf.bstatic.com/xdata/images/hotel/square240/899223910.webp?k=05d4a17090face29ac733898fd91446d80efb808eece669501421fd1c99af246&o=,4,Lahore
Penta Square - Family Studio by Alvis Suite,https://www.booking.com/hotel/pk/penta-square-family-studio-by-alvis-suite.en-gb.html?aid=304142&label=gen173nr-10CAQoggJCDWNpdHlfLTI3NjcwNDNICVgEaLUBiAEBmAEzuAEHyAEM2AED6AEB-AEBiAIBqAIBuALBjMLTBsACAdICJDRlYmVmMGVjLTBmMjctNDNkNS05MDQ0LWY2ZTFmMzRjMjI5M9gCAeACAQ&ucfs=1&arphpl=1&checkin=2026-08-06&checkout=2026-08-07&dest_id=-2767043&dest_type=city&group_adults=2&req_adults=2&no_rooms=1&group_children=0&req_children=0&hpos=10&hapos=478&sr_order=popularity&srpvid=7b4f562059d9004c&srepoch=1785759363&all_sr_blocks=1681869001_439935871_2_0_0&highlighted_blocks=1681869001_439935871_2_0_0&matching_block_id=1681869001_439935871_2_0_0&sr_pri_blocks=1681869001_439935871_2_0_0__1161186&from=searchresults,11612,,,Lahore,14.2,Studio Apartment,"2 beds (1 extra-large double, 1 sofa bed)",0,1,1,https://cf.bstatic.com/xdata/images/hotel/square240/891790131.webp?k=e0d0151ecff7ba8e41ab35576751593b5d61f45ddfb129b1d1f0fb030cd1bcba&o=,12,Lahore
One bed apartment in Lahore,https://www.booking.com/hotel/pk/celeste-suites.en-gb.html?aid=304142&label=gen173nr-10CAQoggJCDWNpdHlfLTI3NjcwNDNICVgEaLUBiAEBmAEzuAEHyAEM2AED6AEB-AEBiAIBqAIBuALBjMLTBsACAdICJDRlYmVmMGVjLTBmMjctNDNkNS05MDQ0LWY2ZTFmMzRjMjI5M9gCAeACAQ&ucfs=1&arphpl=1&checkin=2026-08-06&checkout=2026-08-07&dest_id=-2767043&dest_type=city&group_adults=2&req_adults=2&no_rooms=1&group_children=0&req_children=0&hpos=11&hapos=479&sr_order=popularity&srpvid=7b4f562059d9004c&srepoch=1785759363&all_sr_blocks=1442563301_415688416_0_0_0&highlighted_blocks=1442563301_415688416_0_0_0&matching_block_id=1442563301_415688416_0_0_0&sr_pri_blocks=1442563301_415688416_0_0_0__900000&from=searchresults,9000,10,5.0,Lahore,25.1,One-Bedroom Apartment,1 large double bed,0,1,1,https://cf.bstatic.com/xdata/images/hotel/square240/745281624.webp?k=59623c490968b6268a1bd91eaa5e23901e8882e3db1e7f1124aa18dbc9ebc160&o=,4,Lahore
Zynah Residences - 2BHK Ultra Luxury DHA Phase 8,https://www.booking.com/hotel/pk/zynah-residences-2bhk-ultra-luxury-dha-phase-8.en-gb.html?aid=304142&label=gen173nr-10CAQoggJCDWNpdHlfLTI3NjcwNDNICVgEaLUBiAEBmAEzuAEHyAEM2AED6AEB-AEBiAIBqAIBuALBjMLTBsACAdICJDRlYmVmMGVjLTBmMjctNDNkNS05MDQ0LWY2ZTFmMzRjMjI5M9gCAeACAQ&ucfs=1&arphpl=1&checkin=2026-08-06&checkout=2026-08-07&dest_id=-2767043&dest_type=city&group_adults=2&req_adults=2&no_rooms=1&group_children=0&req_children=0&hpos=12&hapos=480&sr_order=popularity&srpvid=7b4f562059d9004c&srepoch=1785759363&all_sr_blocks=1666357901_438462690_2_0_0&highlighted_blocks=1666357901_438462690_2_0_0&matching_block_id=1666357901_438462690_2_0_0&sr_pri_blocks=1666357901_438462690_2_0_0__1071000&from=searchresults,10710,,,Lahore,13.6,One-Bedroom Apartment,"2 beds (1 double, 1 large double)",0,1,1,https://cf.bstatic.com/xdata/images/hotel/square240/882639546.webp?k=b86d699373019be82aef853800dab394a3b84e9e03a2adf6bfd3928f2419aa2b&o=,4,Lahore
Fully Serviced Holiday Homes Near Emporium Mall & Expo Center,https://www.booking.com/hotel/pk/7-br-serviced-holiday-home-near-emporium-mall.en-gb.html?aid=304142&label=gen173nr-10CAQoggJCDWNpdHlfLTI3NjcwNDNICVgEaLUBiAEBmAEzuAEHyAEM2AED6AEB-AEBiAIBqAIBuALBjMLTBsACAdICJDRlYmVmMGVjLTBmMjctNDNkNS05MDQ0LWY2ZTFmMzRjMjI5M9gCAeACAQ&ucfs=1&arphpl=1&checkin=2026-08-06&checkout=2026-08-07&dest_id=-2767043&dest_type=city&group_adults=2&req_adults=2&no_rooms=1&group_children=0&req_children=0&hpos=13&hapos=481&sr_order=popularity&srpvid=7b4f562059d9004c&srepoch=1785759363&all_sr_blocks=1456113703_416907051_6_0_0_1143185&highlighted_blocks=1456113703_416907051_6_0_0_1143185&matching_block_id=1456113703_416907051_6_0_0_1143185&sr_pri_blocks=1456113703_416907051_6_0_0_1143185_1349910&from=searchresults,13499,10,3.0,Lahore,14.3,Two-Bedroom House,"4 beds (2 doubles, 2 futons)",0,1,1,https://cf.bstatic.com/xdata/images/hotel/square240/712749731.webp?k=b2807203f7872607b83daee5fded46e8bb1287f642a9006c0ac193ab697caad0&o=,6,Lahore
Diamounts 02,https://www.booking.com/hotel/pk/diamounts-02-lahore.en-gb.html?aid=304142&label=gen173nr-10CAQoggJCDWNpdHlfLTI3NjcwNDNICVgEaLUBiAEBmAEzuAEHyAEM2AED6AEB-AEBiAIBqAIBuALBjMLTBsACAdICJDRlYmVmMGVjLTBmMjctNDNkNS05MDQ0LWY2ZTFmMzRjMjI5M9gCAeACAQ&ucfs=1&arphpl=1&checkin=2026-08-06&checkout=2026-08-07&dest_id=-2767043&dest_type=city&group_adults=2&req_adults=2&no_rooms=1&group_children=0&req_children=0&hpos=14&hapos=482&sr_order=popularity&srpvid=7b4f562059d9004c&srepoch=1785759363&all_sr_blocks=1689048901_440546791_2_0_0&highlighted_blocks=1689048901_440546791_2_0_0&matching_block_id=1689048901_440546791_2_0_0&sr_pri_blocks=1689048901_440546791_2_0_0__595000&from=searchresults,5950,,,Lahore,25.9,One-Bedroom Apartment,1 double bed,0,1,1,https://cf.bstatic.com/xdata/images/hotel/square240/895111401.webp?k=cad320af7354533f3a8cc59a5c01235e3d42eb669502bc331b73fbf0f212762a&o=,4,Lahore
Taj Luxury Apartments near Lahore Airport,https://www.booking.com/hotel/pk/taj-luxury-apartments-near-lahore-airport.en-gb.html?aid=304142&label=gen173nr-10CAQoggJCDWNpdHlfLTI3NjcwNDNICVgEaLUBiAEBmAEzuAEHyAEM2AED6AEB-AEBiAIBqAIBuALBjMLTBsACAdICJDRlYmVmMGVjLTBmMjctNDNkNS05MDQ0LWY2ZTFmMzRjMjI5M9gCAeACAQ&ucfs=1&arphpl=1&checkin=2026-08-06&checkout=2026-08-07&dest_id=-2767043&dest_type=city&group_adults=2&req_adults=2&no_rooms=1&group_children=0&req_children=0&hpos=15&hapos=483&sr_order=popularity&srpvid=7b4f562059d9004c&srepoch=1785759363&all_sr_blocks=1669364303_438730597_2_1_0&highlighted_blocks=1669364303_438730597_2_1_0&matching_block_id=1669364303_438730597_2_1_0&sr_pri_blocks=1669364303_438730597_2_1_0__900000&from=searchresults,9000,,,Lahore,12.3,Studio Apartment with King Bed,Studio Apartment with King Bed,1,1,1,https://cf.bstatic.com/xdata/images/hotel/square240/884530476.webp?k=6cef4b2f6cc0a3bbf5ccebaf8373d5f609b82d5fe1bb44377450bb65fdbaf8a4&o=,4,Lahore
Luxury one bed Apartment in Gold Crest Mall And Residency DHA Lahore,https://www.booking.com/hotel/pk/luxury-1-bedroom-apartment-gold-crest-mall-and-residency-dha-dha-lahore.en-gb.html?aid=304142&label=gen173nr-10CAQoggJCDWNpdHlfLTI3NjcwNDNICVgEaLUBiAEBmAEzuAEHyAEM2AED6AEB-AEBiAIBqAIBuALBjMLTBsACAdICJDRlYmVmMGVjLTBmMjctNDNkNS05MDQ0LWY2ZTFmMzRjMjI5M9gCAeACAQ&ucfs=1&arphpl=1&checkin=2026-08-06&checkout=2026-08-07&dest_id=-2767043&dest_type=city&group_adults=2&req_adults=2&no_rooms=1&group_children=0&req_children=0&hpos=16&hapos=484&sr_order=popularity&srpvid=7b4f562059d9004c&srepoch=1785759363&all_sr_blocks=1059679403_384506312_2_0_0&highlighted_blocks=1059679403_384506312_2_0_0&matching_block_id=1059679403_384506312_2_0_0&sr_pri_blocks=1059679403_384506312_2_0_0__1280000&from=searchresults,12800,7.9,47.0,Lahore,11.0,Studio,1 double bed,0,1,0,https://cf.bstatic.com/xdata/images/hotel/square240/518229279.webp?k=69a7404232cdc807b91d3895436132c8f0cacc4fdd807ec6274fd3fbeb0915ff&o=,13,Lahore
Penta Square - Apartments by Alvis Suite,https://www.booking.com/hotel/pk/penta-square-apartments-by-alvis-suite-lahore1.en-gb.html?aid=304142&label=gen173nr-10CAQoggJCDWNpdHlfLTI3NjcwNDNICVgEaLUBiAEBmAEzuAEHyAEM2AED6AEB-AEBiAIBqAIBuALBjMLTBsACAdICJDRlYmVmMGVjLTBmMjctNDNkNS05MDQ0LWY2ZTFmMzRjMjI5M9gCAeACAQ&ucfs=1&arphpl=1&checkin=2026-08-06&checkout=2026-08-07&dest_id=-2767043&dest_type=city&group_adults=2&req_adults=2&no_rooms=1&group_children=0&req_children=0&hpos=17&hapos=485&sr_order=popularity&srpvid=7b4f562059d9004c&srepoch=1785759363&all_sr_blocks=1695138201_441175275_2_0_0&highlighted_blocks=1695138201_441175275_2_0_0&matching_block_id=1695138201_441175275_2_0_0&sr_pri_blocks=1695138201_441175275_2_0_0__938332&from=searchresults,9383,,,Lahore,14.2,Studio Apartment,1 large double bed,0,1,1,https://cf.bstatic.com/xdata/images/hotel/square240/899609556.webp?k=b27fb43e4a3558cec0fcf86e4d398aa0fd5172790179f3a93cfc8159ccabb393&o=,13,Lahore
Bahria Eiffel View Apartment,https://www.booking.com/hotel/pk/bahria-luxury-apartments-lahore1.en-gb.html?aid=304142&label=gen173nr-10CAQoggJCDWNpdHlfLTI3NjcwNDNICVgEaLUBiAEBmAEzuAEHyAEM2AED6AEB-AEBiAIBqAIBuALBjMLTBsACAdICJDRlYmVmMGVjLTBmMjctNDNkNS05MDQ0LWY2ZTFmMzRjMjI5M9gCAeACAQ&ucfs=1&arphpl=1&checkin=2026-08-06&checkout=2026-08-07&dest_id=-2767043&dest_type=city&group_adults=2&req_adults=2&no_rooms=1&group_children=0&req_children=0&hpos=18&hapos=486&sr_order=popularity&srpvid=7b4f562059d9004c&srepoch=1785759363&all_sr_blocks=1547454001_425990238_2_0_0&highlighted_blocks=1547454001_425990238_2_0_0&matching_block_id=1547454001_425990238_2_0_0&sr_pri_blocks=1547454001_425990238_2_0_0__756000&from=searchresults,7560,5.0,6.0,Lahore,23.9,Deluxe One-Bedroom Apartment,"2 beds (1 sofa bed, 1 large double)",0,1,1,https://cf.bstatic.com/xdata/images/hotel/square240/858336396.webp?k=536460a0c117353b3409de901a08049f94498f1d79741fec62ed80a295b28ec9&o=,4,Lahore
Executive Studio by Alvis Suite - Penta Square DHA Lahore,https://www.booking.com/hotel/pk/executive-studio-by-alvis-suite-penta-square-dha-lahore-lahore1.en-gb.html?aid=304142&label=gen173nr-10CAQoggJCDWNpdHlfLTI3NjcwNDNICVgEaLUBiAEBmAEzuAEHyAEM2AED6AEB-AEBiAIBqAIBuALBjMLTBsACAdICJDRlYmVmMGVjLTBmMjctNDNkNS05MDQ0LWY2ZTFmMzRjMjI5M9gCAeACAQ&ucfs=1&arphpl=1&checkin=2026-08-06&checkout=2026-08-07&dest_id=-2767043&dest_type=city&group_adults=2&req_adults=2&no_rooms=1&group_children=0&req_children=0&hpos=19&hapos=487&sr_order=popularity&srpvid=7b4f562059d9004c&srepoch=1785759363&all_sr_blocks=1688088301_440460588_2_0_0&highlighted_blocks=1688088301_440460588_2_0_0&matching_block_id=1688088301_440460588_2_0_0&sr_pri_blocks=1688088301_440460588_2_0_0__928949&from=searchresults,9289,,,Lahore,14.2,Studio Apartment,"2 beds (1 extra-large double, 1 sofa bed)",0,1,1,https://cf.bstatic.com/xdata/images/hotel/square240/894524259.webp?k=60f6fb487334a1f2d42ff3b0ddba0c60dba6f6114f9885108bf7e9a54b599c04&o=,13,Lahore
Penta Square - Studio Apartment by Alvis Suite,https://www.booking.com/hotel/pk/penta-square-studio-apartment-by-alvis-suite-lahore13.en-gb.html?aid=304142&label=gen173nr-10CAQoggJCDWNpdHlfLTI3NjcwNDNICVgEaLUBiAEBmAEzuAEHyAEM2AED6AEB-AEBiAIBqAIBuALBjMLTBsACAdICJDRlYmVmMGVjLTBmMjctNDNkNS05MDQ0LWY2ZTFmMzRjMjI5M9gCAeACAQ&ucfs=1&arphpl=1&checkin=2026-08-06&checkout=2026-08-07&dest_id=-2767043&dest_type=city&group_adults=2&req_adults=2&no_rooms=1&group_children=0&req_children=0&hpos=20&hapos=488&sr_order=popularity&srpvid=7b4f562059d9004c&srepoch=1785759363&all_sr_blocks=1688816801_440531205_2_0_0&highlighted_blocks=1688816801_440531205_2_0_0&matching_block_id=1688816801_440531205_2_0_0&sr_pri_blocks=1688816801_440531205_2_0_0__928949&from=searchresults,9289,,,Lahore,14.2,Studio Apartment,"2 beds (1 extra-large double, 1 sofa bed)",0,1,1,https://cf.bstatic.com/xdata/images/hotel/square240/895011360.webp?k=03e7f0b9cfd7a3f93b88cc1ce6cda2ac3a995074f950c4986f388a2f577967fe&o=,13,Lahore
Bahria Cozy Apartment Fast Wi-Fi,https://www.booking.com/hotel/pk/modern-era-apartment-1bhk-with-magical-lights-in-bahria-town-lahore.en-gb.html?aid=304142&label=gen173nr-10CAQoggJCDWNpdHlfLTI3NjcwNDNICVgEaLUBiAEBmAEzuAEHyAEM2AED6AEB-AEBiAIBqAIBuALBjMLTBsACAdICJDRlYmVmMGVjLTBmMjctNDNkNS05MDQ0LWY2ZTFmMzRjMjI5M9gCAeACAQ&ucfs=1&arphpl=1&checkin=2026-08-06&checkout=2026-08-07&dest_id=-2767043&dest_type=city&group_adults=2&req_adults=2&no_rooms=1&group_children=0&req_children=0&hpos=21&hapos=489&sr_order=popularity&srpvid=7b4f562059d9004c&srepoch=1785759363&all_sr_blocks=1547128001_425963557_2_0_0_1404874&highlighted_blocks=1547128001_425963557_2_0_0_1404874&matching_block_id=1547128001_425963557_2_0_0_1404874&sr_pri_blocks=1547128001_425963557_2_0_0_1404874_640000&from=searchresults,6400,8.8,48.0,Lahore,26.2,Deluxe One-Bedroom Apartment,1 double bed,0,1,1,https://cf.bstatic.com/xdata/images/hotel/square240/851771582.webp?k=a9ae1e60148dad53385efafb539b8cbd40705da5f25b6d63d600932f227930dd&o=,13,Lahore
Aadam's,https://www.booking.com/hotel/pk/adams.en-gb.html?aid=304142&label=gen173nr-10CAQoggJCDWNpdHlfLTI3NjcwNDNICVgEaLUBiAEBmAEzuAEHyAEM2AED6AEB-AEBiAIBqAIBuALBjMLTBsACAdICJDRlYmVmMGVjLTBmMjctNDNkNS05MDQ0LWY2ZTFmMzRjMjI5M9gCAeACAQ&ucfs=1&arphpl=1&checkin=2026-08-06&checkout=2026-08-07&dest_id=-2767043&dest_type=city&group_adults=2&req_adults=2&no_rooms=1&group_children=0&req_children=0&hpos=22&hapos=490&sr_order=popularity&srpvid=7b4f562059d9004c&srepoch=1785759363&all_sr_blocks=1252069601_439417066_0_0_0&highlighted_blocks=1252069601_439417066_0_0_0&matching_block_id=1252069601_439417066_0_0_0&sr_pri_blocks=1252069601_439417066_0_0_0__649400&from=searchresults,6494,7.7,4.0,Lahore,17.6,Executive Suite,1 extra-large double bed,0,1,1,https://cf.bstatic.com/xdata/images/hotel/square240/721337653.webp?k=bb5903817023d2484c47e37c9188abf3e2af239ebfbe07798942279cef96cdb7&o=,4,Lahore
National Hotel,https://www.booking.com/hotel/pk/national-lahore2.en-gb.html?aid=304142&label=gen173nr-10CAQoggJCDWNpdHlfLTI3NjcwNDNICVgEaLUBiAEBmAEzuAEHyAEM2AED6AEB-AEBiAIBqAIBuALBjMLTBsACAdICJDRlYmVmMGVjLTBmMjctNDNkNS05MDQ0LWY2ZTFmMzRjMjI5M9gCAeACAQ&ucfs=1&arphpl=1&checkin=2026-08-06&checkout=2026-08-07&dest_id=-2767043&dest_type=city&group_adults=2&req_adults=2&no_rooms=1&group_children=0&req_children=0&hpos=23&hapos=491&sr_order=popularity&srpvid=7b4f562059d9004c&srepoch=1785759363&all_sr_blocks=1186206003_426193148_0_42_0&highlighted_blocks=1186206003_426193148_0_42_0&matching_block_id=1186206003_426193148_0_42_0&sr_pri_blocks=1186206003_426193148_0_42_0__712800&from=searchresults,7128,8.2,161.0,Lahore,0.6,Family Double Room,1 double bed,0,1,1,https://cf.bstatic.com/xdata/images/hotel/square240/548299175.webp?k=b4997c9ddbb6ca78174fc075b80576d5df1ef17c1377a0dfc52dc96e577a25e8&o=,11,Lahore
AK Hotel Of Guest House,https://www.booking.com/hotel/pk/ak-of-guest-house.en-gb.html?aid=304142&label=gen173nr-10CAQoggJCDWNpdHlfLTI3NjcwNDNICVgEaLUBiAEBmAEzuAEHyAEM2AED6AEB-AEBiAIBqAIBuALBjMLTBsACAdICJDRlYmVmMGVjLTBmMjctNDNkNS05MDQ0LWY2ZTFmMzRjMjI5M9gCAeACAQ&ucfs=1&arphpl=1&checkin=2026-08-06&checkout=2026-08-07&dest_id=-2767043&dest_type=city&group_adults=2&req_adults=2&no_rooms=1&group_children=0&req_children=0&hpos=24&hapos=492&sr_order=popularity&srpvid=7b4f562059d9004c&srepoch=1785759363&all_sr_blocks=1219620504_394125437_2_0_0&highlighted_blocks=1219620504_394125437_2_0_0&matching_block_id=1219620504_394125437_2_0_0&sr_pri_blocks=1219620504_394125437_2_0_0__480000&from=searchresults,4800,4.3,17.0,Lahore,7.1,Deluxe Double or Twin Room,2 single beds,0,1,1,https://cf.bstatic.com/xdata/images/hotel/square240/565253250.webp?k=8bbb2bcac50d68487136fbff513183a75b50cc96bd2ce586df9cefeac41476f0&o=,13,Lahore
Two Bed apartment available In Air avenue tower B,https://www.booking.com/hotel/pk/two-bed-apartment-available-in-air-avenue-tower-b.en-gb.html?aid=304142&label=gen173nr-10CAQoggJCDWNpdHlfLTI3NjcwNDNICVgEaLUBiAEBmAEzuAEHyAEM2AED6AEB-AEBiAIBqAIBuALBjMLTBsACAdICJDRlYmVmMGVjLTBmMjctNDNkNS05MDQ0LWY2ZTFmMzRjMjI5M9gCAeACAQ&ucfs=1&arphpl=1&checkin=2026-08-06&checkout=2026-08-07&dest_id=-2767043&dest_type=city&group_adults=2&req_adults=2&no_rooms=1&group_children=0&req_children=0&hpos=1&hapos=493&sr_order=popularity&srpvid=7b4f562059d9004c&srepoch=1785759367&all_sr_blocks=1632226501_433724416_5_0_0&highlighted_blocks=1632226501_433724416_5_0_0&matching_block_id=1632226501_433724416_5_0_0&sr_pri_blocks=1632226501_433724416_5_0_0__2000000&from=searchresults,20000,3.0,1.0,Lahore,12.9,One-Bedroom Apartment,"3 beds (2 doubles, 1 sofa bed)",0,1,1,https://cf.bstatic.com/xdata/images/hotel/square240/862389795.webp?k=8199113acea04bab731d7b79aa41f1d48e4851867cced70cc41e2efb6cee022c&o=,4,Lahore
CB Height,https://www.booking.com/hotel/pk/skb-company.en-gb.html?aid=304142&label=gen173nr-10CAQoggJCDWNpdHlfLTI3NjcwNDNICVgEaLUBiAEBmAEzuAEHyAEM2AED6AEB-AEBiAIBqAIBuALBjMLTBsACAdICJDRlYmVmMGVjLTBmMjctNDNkNS05MDQ0LWY2ZTFmMzRjMjI5M9gCAeACAQ&ucfs=1&arphpl=1&checkin=2026-08-06&checkout=2026-08-07&dest_id=-2767043&dest_type=city&group_adults=2&req_adults=2&no_rooms=1&group_children=0&req_children=0&hpos=2&hapos=494&sr_order=popularity&srpvid=7b4f562059d9004c&srepoch=1785759367&all_sr_blocks=1675879001_439323235_3_0_0&highlighted_blocks=1675879001_439323235_3_0_0&matching_block_id=1675879001_439323235_3_0_0&sr_pri_blocks=1675879001_439323235_3_0_0__712580&from=searchresults,7126,,,Lahore,26.4,One-Bedroom Apartment,"2 beds (1 double, 1 sofa bed)",0,1,1,https://cf.bstatic.com/xdata/images/hotel/square240/888508003.webp?k=2eaf5738e5576558e96b32b43189ab6e55ff727561e02f54cfb2fd857ec1ca6d&o=,4,Lahore
Address 12 Apartments Model Town Lahore,https://www.booking.com/hotel/pk/address12.en-gb.html?aid=304142&label=gen173nr-10CAQoggJCDWNpdHlfLTI3NjcwNDNICVgEaLUBiAEBmAEzuAEHyAEM2AED6AEB-AEBiAIBqAIBuALBjMLTBsACAdICJDRlYmVmMGVjLTBmMjctNDNkNS05MDQ0LWY2ZTFmMzRjMjI5M9gCAeACAQ&ucfs=1&arphpl=1&checkin=2026-08-06&checkout=2026-08-07&dest_id=-2767043&dest_type=city&group_adults=2&req_adults=2&no_rooms=1&group_children=0&req_children=0&hpos=3&hapos=495&sr_order=popularity&srpvid=7b4f562059d9004c&srepoch=1785759367&all_sr_blocks=1637242603_438345421_2_2_0&highlighted_blocks=1637242603_438345421_2_2_0&matching_block_id=1637242603_438345421_2_2_0&sr_pri_blocks=1637242603_438345421_2_2_0__1267500&from=searchresults,12675,,,Lahore,9.9,One-Bedroom Apartment,1 extra-large double bed,0,1,1,https://cf.bstatic.com/xdata/images/hotel/square240/865403059.webp?k=072106bddc6d802c25bb352339157534e11571f236c36838725ac47c09a8fca0&o=,5,Lahore
Apartment on Rent,https://www.booking.com/hotel/pk/apartment-on-rent-lahore.en-gb.html?aid=304142&label=gen173nr-10CAQoggJCDWNpdHlfLTI3NjcwNDNICVgEaLUBiAEBmAEzuAEHyAEM2AED6AEB-AEBiAIBqAIBuALBjMLTBsACAdICJDRlYmVmMGVjLTBmMjctNDNkNS05MDQ0LWY2ZTFmMzRjMjI5M9gCAeACAQ&ucfs=1&arphpl=1&checkin=2026-08-06&checkout=2026-08-07&dest_id=-2767043&dest_type=city&group_adults=2&req_adults=2&no_rooms=1&group_children=0&req_children=0&hpos=4&hapos=496&sr_order=popularity&srpvid=7b4f562059d9004c&srepoch=1785759367&all_sr_blocks=1696208101_441299979_3_0_0&highlighted_blocks=1696208101_441299979_3_0_0&matching_block_id=1696208101_441299979_3_0_0&sr_pri_blocks=1696208101_441299979_3_0_0__544000&from=searchresults,5440,10,1.0,Lahore,25.9,One-Bedroom Apartment,"2 beds (1 double, 1 sofa bed)",0,1,1,https://cf.bstatic.com/xdata/images/hotel/square240/900276637.webp?k=9c53de918bf6de0d72f764ddd534783d1972cbeb7d4440d7edbd9bbdf2aa0c3f&o=,5,Lahore
Starlight Luxe Bahria Town Lahore,https://www.booking.com/hotel/pk/starlight-luxe-bahria-town-lahore.en-gb.html?aid=304142&label=gen173nr-10CAQoggJCDWNpdHlfLTI3NjcwNDNICVgEaLUBiAEBmAEzuAEHyAEM2AED6AEB-AEBiAIBqAIBuALBjMLTBsACAdICJDRlYmVmMGVjLTBmMjctNDNkNS05MDQ0LWY2ZTFmMzRjMjI5M9gCAeACAQ&ucfs=1&arphpl=1&checkin=2026-08-06&checkout=2026-08-07&dest_id=-2767043&dest_type=city&group_adults=2&req_adults=2&no_rooms=1&group_children=0&req_children=0&hpos=5&hapos=497&sr_order=popularity&srpvid=7b4f562059d9004c&srepoch=1785759367&all_sr_blocks=1614085501_432292414_2_0_0&highlighted_blocks=1614085501_432292414_2_0_0&matching_block_id=1614085501_432292414_2_0_0&sr_pri_blocks=1614085501_432292414_2_0_0__1250000&from=searchresults,12500,,,Lahore,4.8,One-Bedroom Apartment,1 large double bed,0,1,1,https://cf.bstatic.com/xdata/images/hotel/square240/849297341.webp?k=e8f0803a77e667e20236ffb83ecd3a7ed2f75b7a3350952e0ff46eac34a68904&o=,4,Lahore
The Heritage Haven Vintage & Spacious 2BHK in Bahria Town,https://www.booking.com/hotel/pk/the-heritage-haven-vintage-amp-spacious-2bhk-in-bahria-town.en-gb.html?aid=304142&label=gen173nr-10CAQoggJCDWNpdHlfLTI3NjcwNDNICVgEaLUBiAEBmAEzuAEHyAEM2AED6AEB-AEBiAIBqAIBuALBjMLTBsACAdICJDRlYmVmMGVjLTBmMjctNDNkNS05MDQ0LWY2ZTFmMzRjMjI5M9gCAeACAQ&ucfs=1&arphpl=1&checkin=2026-08-06&checkout=2026-08-07&dest_id=-2767043&dest_type=city&group_adults=2&req_adults=2&no_rooms=1&group_children=0&req_children=0&hpos=6&hapos=498&sr_order=popularity&srpvid=7b4f562059d9004c&srepoch=1785759367&all_sr_blocks=1669713801_438773469_6_0_0&highlighted_blocks=1669713801_438773469_6_0_0&matching_block_id=1669713801_438773469_6_0_0&sr_pri_blocks=1669713801_438773469_6_0_0__1105000&from=searchresults,11050,8.0,1.0,Lahore,26.5,Three-Bedroom Apartment,"3 beds (1 single, 1 sofa bed, 1 large double)",0,1,1,https://cf.bstatic.com/xdata/images/hotel/square240/885240063.webp?k=8173a3a7a2cba00878f0d2a09fd3fcb0c04cd37377bee6723112733db6e84d1e&o=,4,Lahore
Orient Guest House,https://www.booking.com/hotel/pk/orient-guest-house-lahore.en-gb.html?aid=304142&label=gen173nr-10CAQoggJCDWNpdHlfLTI3NjcwNDNICVgEaLUBiAEBmAEzuAEHyAEM2AED6AEB-AEBiAIBqAIBuALBjMLTBsACAdICJDRlYmVmMGVjLTBmMjctNDNkNS05MDQ0LWY2ZTFmMzRjMjI5M9gCAeACAQ&ucfs=1&arphpl=1&checkin=2026-08-06&checkout=2026-08-07&dest_id=-2767043&dest_type=city&group_adults=2&req_adults=2&no_rooms=1&group_children=0&req_children=0&hpos=7&hapos=499&sr_order=popularity&srpvid=7b4f562059d9004c&srepoch=1785759367&all_sr_blocks=1462723702_417572317_2_0_0&highlighted_blocks=1462723702_417572317_2_0_0&matching_block_id=1462723702_417572317_2_0_0&sr_pri_blocks=1462723702_417572317_2_0_0__300000&from=searchresults,3000,1.0,1.0,Lahore,9.9,Deluxe Double Room,1 double bed,0,1,1,https://cf.bstatic.com/xdata/images/hotel/square240/719182769.webp?k=b9482f7aa177bccce8c18784b616126e046fc4d6d8d42ff94b2141260602ac96&o=,10,Lahore
Lahore Guest House 4'9,https://www.booking.com/hotel/pk/go-guest-house-emporium.en-gb.html?aid=304142&label=gen173nr-10CAQoggJCDWNpdHlfLTI3NjcwNDNICVgEaLUBiAEBmAEzuAEHyAEM2AED6AEB-AEBiAIBqAIBuALBjMLTBsACAdICJDRlYmVmMGVjLTBmMjctNDNkNS05MDQ0LWY2ZTFmMzRjMjI5M9gCAeACAQ&ucfs=1&arphpl=1&checkin=2026-08-06&checkout=2026-08-07&dest_id=-2767043&dest_type=city&group_adults=2&req_adults=2&no_rooms=1&group_children=0&req_children=0&hpos=8&hapos=500&sr_order=popularity&srpvid=7b4f562059d9004c&srepoch=1785759367&all_sr_blocks=1219094901_394074789_0_0_0&highlighted_blocks=1219094901_394074789_0_0_0&matching_block_id=1219094901_394074789_0_0_0&sr_pri_blocks=1219094901_394074789_0_0_0__448000&from=searchresults,4480,7.6,64.0,"Johar Town, Lahore",12.1,Double Room,1 double bed,0,1,1,https://cf.bstatic.com/xdata/images/hotel/square240/573853631.webp?k=92ec7b130278c22ca02e0dd7a57f777f51b7a3511445e68dd49d24bf79a0e4c7&o=,12,Lahore
Sunset heaven,https://www.booking.com/hotel/pk/sunset-heaven.en-gb.html?aid=304142&label=gen173nr-10CAQoggJCDWNpdHlfLTI3NjcwNDNICVgEaLUBiAEBmAEzuAEHyAEM2AED6AEB-AEBiAIBqAIBuALBjMLTBsACAdICJDRlYmVmMGVjLTBmMjctNDNkNS05MDQ0LWY2ZTFmMzRjMjI5M9gCAeACAQ&ucfs=1&arphpl=1&checkin=2026-08-06&checkout=2026-08-07&dest_id=-2767043&dest_type=city&group_adults=2&req_adults=2&no_rooms=1&group_children=0&req_children=0&hpos=9&hapos=501&sr_order=popularity&srpvid=7b4f562059d9004c&srepoch=1785759367&all_sr_blocks=1581183801_429218701_4_0_0&highlighted_blocks=1581183801_429218701_4_0_0&matching_block_id=1581183801_429218701_4_0_0&sr_pri_blocks=1581183801_429218701_4_0_0__550000&from=searchresults,5500,10,1.0,Lahore,25.7,One-Bedroom Apartment,"3 beds (1 double, 2 sofa beds)",0,1,1,https://cf.bstatic.com/xdata/images/hotel/square240/823102511.webp?k=ee9a2137be40f894619ab2c2b7b73b1690ca5d958470f3a1b895980f722daba8&o=,4,Lahore
Luxury Two Bedrooms Apartment in GOLD CREST RESIDENCY -DHA Lahore Phase 4,https://www.booking.com/hotel/pk/gold-crest-lahore29.en-gb.html?aid=304142&label=gen173nr-10CAQoggJCDWNpdHlfLTI3NjcwNDNICVgEaLUBiAEBmAEzuAEHyAEM2AED6AEB-AEBiAIBqAIBuALBjMLTBsACAdICJDRlYmVmMGVjLTBmMjctNDNkNS05MDQ0LWY2ZTFmMzRjMjI5M9gCAeACAQ&ucfs=1&arphpl=1&checkin=2026-08-06&checkout=2026-08-07&dest_id=-2767043&dest_type=city&group_adults=2&req_adults=2&no_rooms=1&group_children=0&req_children=0&hpos=10&hapos=502&sr_order=popularity&srpvid=7b4f562059d9004c&srepoch=1785759367&all_sr_blocks=1680204301_439772877_5_2_0&highlighted_blocks=1680204301_439772877_5_2_0&matching_block_id=1680204301_439772877_5_2_0&sr_pri_blocks=1680204301_439772877_5_2_0__2736000&from=searchresults,27360,,,Lahore,12.1,Two-Bedroom Apartment with City View,"3 beds (2 extra-large doubles, 1 sofa bed)",0,0,0,https://cf.bstatic.com/xdata/images/hotel/square240/892696034.webp?k=c8c5fd2b1eb925a69ccefcda67efd268e599e0dc47cbbe15d3d29f43b03bad53&o=,13,Lahore
Penta Square Studio Apartment by Alvis Suite,https://www.booking.com/hotel/pk/penta-square-studio-apartment-by-alvis-suite-lahore10.en-gb.html?aid=304142&label=gen173nr-10CAQoggJCDWNpdHlfLTI3NjcwNDNICVgEaLUBiAEBmAEzuAEHyAEM2AED6AEB-AEBiAIBqAIBuALBjMLTBsACAdICJDRlYmVmMGVjLTBmMjctNDNkNS05MDQ0LWY2ZTFmMzRjMjI5M9gCAeACAQ&ucfs=1&arphpl=1&checkin=2026-08-06&checkout=2026-08-07&dest_id=-2767043&dest_type=city&group_adults=2&req_adults=2&no_rooms=1&group_children=0&req_children=0&hpos=11&hapos=503&sr_order=popularity&srpvid=7b4f562059d9004c&srepoch=1785759367&all_sr_blocks=1686514601_440287568_2_0_0&highlighted_blocks=1686514601_440287568_2_0_0&matching_block_id=1686514601_440287568_2_0_0&sr_pri_blocks=1686514601_440287568_2_0_0__1161186&from=searchresults,11612,,,Lahore,14.2,Studio Apartment,"2 beds (1 extra-large double, 1 sofa bed)",0,1,1,https://cf.bstatic.com/xdata/images/hotel/square240/893840934.webp?k=ade9c1f5e694c4ba47dd7858d80a92d2b7aa7dfb8e5a09d45932eecad3a14ea1&o=,12,Lahore
Hotel Royal Grace,https://www.booking.com/hotel/pk/royal-grace-lahore1.en-gb.html?aid=304142&label=gen173nr-10CAQoggJCDWNpdHlfLTI3NjcwNDNICVgEaLUBiAEBmAEzuAEHyAEM2AED6AEB-AEBiAIBqAIBuALBjMLTBsACAdICJDRlYmVmMGVjLTBmMjctNDNkNS05MDQ0LWY2ZTFmMzRjMjI5M9gCAeACAQ&ucfs=1&arphpl=1&checkin=2026-08-06&checkout=2026-08-07&dest_id=-2767043&dest_type=city&group_adults=2&req_adults=2&no_rooms=1&group_children=0&req_children=0&hpos=12&hapos=504&sr_order=popularity&srpvid=7b4f562059d9004c&srepoch=1785759367&all_sr_blocks=1205324107_392748872_0_0_0&highlighted_blocks=1205324107_392748872_0_0_0&matching_block_id=1205324107_392748872_0_0_0&sr_pri_blocks=1205324107_392748872_0_0_0__309600&from=searchresults,3096,5.5,21.0,"Johar Town, Lahore",13.4,Standard Double Room with Fan,1 double bed,0,0,0,https://cf.bstatic.com/xdata/images/hotel/square240/701429707.webp?k=667bd0746a1e3b46bb0d4d8f764e7bee86abfe36046a7eda334c790eec73e306&o=,9,Lahore
Goldcrest Apartment DHA Lahore by Alvis Suite,https://www.booking.com/hotel/pk/goldcrest-apartment-dha-lahore-by-alvis-suite.en-gb.html?aid=304142&label=gen173nr-10CAQoggJCDWNpdHlfLTI3NjcwNDNICVgEaLUBiAEBmAEzuAEHyAEM2AED6AEB-AEBiAIBqAIBuALBjMLTBsACAdICJDRlYmVmMGVjLTBmMjctNDNkNS05MDQ0LWY2ZTFmMzRjMjI5M9gCAeACAQ&ucfs=1&arphpl=1&checkin=2026-08-06&checkout=2026-08-07&dest_id=-2767043&dest_type=city&group_adults=2&req_adults=2&no_rooms=1&group_children=0&req_children=0&hpos=13&hapos=505&sr_order=popularity&srpvid=7b4f562059d9004c&srepoch=1785759367&all_sr_blocks=1680290101_439784348_2_0_0&highlighted_blocks=1680290101_439784348_2_0_0&matching_block_id=1680290101_439784348_2_0_0&sr_pri_blocks=1680290101_439784348_2_0_0__1184925&from=searchresults,11849,2.0,1.0,Lahore,12.0,Studio Apartment,1 extra-large double bed,0,1,1,https://cf.bstatic.com/xdata/images/hotel/square240/891262377.webp?k=675ef48d2bbcbc8623b5dae68a689f2bbd03ddb28e3c75ba694ff182f62aee43&o=,15,Lahore
Hotel Royal Rose,https://www.booking.com/hotel/pk/rose-plus.en-gb.html?aid=304142&label=gen173nr-10CAQoggJCDWNpdHlfLTI3NjcwNDNICVgEaLUBiAEBmAEzuAEHyAEM2AED6AEB-AEBiAIBqAIBuALBjMLTBsACAdICJDRlYmVmMGVjLTBmMjctNDNkNS05MDQ0LWY2ZTFmMzRjMjI5M9gCAeACAQ&ucfs=1&arphpl=1&checkin=2026-08-06&checkout=2026-08-07&dest_id=-2767043&dest_type=city&group_adults=2&req_adults=2&no_rooms=1&group_children=0&req_children=0&hpos=14&hapos=506&sr_order=popularity&srpvid=7b4f562059d9004c&srepoch=1785759367&all_sr_blocks=993832104_372591046_2_0_0&highlighted_blocks=993832104_372591046_2_0_0&matching_block_id=993832104_372591046_2_0_0&sr_pri_blocks=993832104_372591046_2_0_0__400000&from=searchresults,4000,6.4,50.0,Lahore,9.1,Standard Double Room with Fan,1 double bed,0,1,1,https://cf.bstatic.com/xdata/images/hotel/square240/501601745.webp?k=dfe5b9a8b7f92fb5a8c92a96d204ebe49582fa7f2970ef33d3baf79953fa239b&o=,10,Lahore
Luxury Studio Penta Square DHA Lahore - Alvis Suite,https://www.booking.com/hotel/pk/luxury-studio-penta-square-dha-lahore-alvis-suite.en-gb.html?aid=304142&label=gen173nr-10CAQoggJCDWNpdHlfLTI3NjcwNDNICVgEaLUBiAEBmAEzuAEHyAEM2AED6AEB-AEBiAIBqAIBuALBjMLTBsACAdICJDRlYmVmMGVjLTBmMjctNDNkNS05MDQ0LWY2ZTFmMzRjMjI5M9gCAeACAQ&ucfs=1&arphpl=1&checkin=2026-08-06&checkout=2026-08-07&dest_id=-2767043&dest_type=city&group_adults=2&req_adults=2&no_rooms=1&group_children=0&req_children=0&hpos=15&hapos=507&sr_order=popularity&srpvid=7b4f562059d9004c&srepoch=1785759367&all_sr_blocks=1687025901_440354116_2_0_0&highlighted_blocks=1687025901_440354116_2_0_0&matching_block_id=1687025901_440354116_2_0_0&sr_pri_blocks=1687025901_440354116_2_0_0__1161186&from=searchresults,11612,,,Lahore,14.2,Studio Apartment,"2 beds (1 extra-large double, 1 sofa bed)",0,1,1,https://cf.bstatic.com/xdata/images/hotel/square240/894040060.webp?k=7d351b2fdae66ea0de903e89e9930e4a403286dbd8a07dc0d4512a0706d2ef32&o=,12,Lahore
Hotel Grace INN Johar Town Lahore,https://www.booking.com/hotel/pk/grace-inn-lahore3.en-gb.html?aid=304142&label=gen173nr-10CAQoggJCDWNpdHlfLTI3NjcwNDNICVgEaLUBiAEBmAEzuAEHyAEM2AED6AEB-AEBiAIBqAIBuALBjMLTBsACAdICJDRlYmVmMGVjLTBmMjctNDNkNS05MDQ0LWY2ZTFmMzRjMjI5M9gCAeACAQ&ucfs=1&arphpl=1&checkin=2026-08-06&checkout=2026-08-07&dest_id=-2767043&dest_type=city&group_adults=2&req_adults=2&no_rooms=1&group_children=0&req_children=0&hpos=16&hapos=508&sr_order=popularity&srpvid=7b4f562059d9004c&srepoch=1785759367&all_sr_blocks=1544618101_425768325_2_0_0&highlighted_blocks=1544618101_425768325_2_0_0&matching_block_id=1544618101_425768325_2_0_0&sr_pri_blocks=1544618101_425768325_2_0_0__440000&from=searchresults,4400,7.4,6.0,"Johar Town, Lahore",10.2,Deluxe Double Room,1 large double bed,0,1,1,https://cf.bstatic.com/xdata/images/hotel/square240/791272080.webp?k=d34c4f585eedfa02f3d1847a302ac550a08974f0bd568d819f6b925788d7e3fa&o=,12,Lahore
Gold Crest Mall One Bed luxury Apartment- Mirhaa Homes,https://www.booking.com/hotel/pk/mirhaa-homes.en-gb.html?aid=304142&label=gen173nr-10CAQoggJCDWNpdHlfLTI3NjcwNDNICVgEaLUBiAEBmAEzuAEHyAEM2AED6AEB-AEBiAIBqAIBuALBjMLTBsACAdICJDRlYmVmMGVjLTBmMjctNDNkNS05MDQ0LWY2ZTFmMzRjMjI5M9gCAeACAQ&ucfs=1&arphpl=1&checkin=2026-08-06&checkout=2026-08-07&dest_id=-2767043&dest_type=city&group_adults=2&req_adults=2&no_rooms=1&group_children=0&req_children=0&hpos=17&hapos=509&sr_order=popularity&srpvid=7b4f562059d9004c&srepoch=1785759367&all_sr_blocks=1182036801_390630295_3_0_0&highlighted_blocks=1182036801_390630295_3_0_0&matching_block_id=1182036801_390630295_3_0_0&sr_pri_blocks=1182036801_390630295_3_0_0__1336500&from=searchresults,13365,7.9,14.0,Lahore,12.0,Apartment with Balcony,"2 beds (1 extra-large double, 1 sofa bed)",0,0,0,https://cf.bstatic.com/xdata/images/hotel/square240/553150049.webp?k=6441b408e78b2ee19aaf68b2cbf22a8644a6653ea4bd325b5546078651c83314&o=,3,Lahore
Goldcrest Alfatah Mall - Apartments by Alvis Suite,https://www.booking.com/hotel/pk/executive-three-bedroom-suite-by-alvis-suite.en-gb.html?aid=304142&label=gen173nr-10CAQoggJCDWNpdHlfLTI3NjcwNDNICVgEaLUBiAEBmAEzuAEHyAEM2AED6AEB-AEBiAIBqAIBuALBjMLTBsACAdICJDRlYmVmMGVjLTBmMjctNDNkNS05MDQ0LWY2ZTFmMzRjMjI5M9gCAeACAQ&ucfs=1&arphpl=1&checkin=2026-08-06&checkout=2026-08-07&dest_id=-2767043&dest_type=city&group_adults=2&req_adults=2&no_rooms=1&group_children=0&req_children=0&hpos=18&hapos=510&sr_order=popularity&srpvid=7b4f562059d9004c&srepoch=1785759367&all_sr_blocks=1677359102_439463066_3_0_0&highlighted_blocks=1677359102_439463066_3_0_0&matching_block_id=1677359102_439463066_3_0_0&sr_pri_blocks=1677359102_439463066_3_0_0__1379900&from=searchresults,13799,,,Lahore,12.1,Studio Apartment,"2 beds (1 extra-large double, 1 sofa bed)",0,1,1,https://cf.bstatic.com/xdata/images/hotel/square240/890142401.webp?k=f89b94d770eba3c67f6ebdfd28609e5e8e0895e3374ad6cf31770966ca6fdf07&o=,12,Lahore
Hayyat Luxury Hotel Suites,https://www.booking.com/hotel/pk/hayyat-luxury-suites.en-gb.html?aid=304142&label=gen173nr-10CAQoggJCDWNpdHlfLTI3NjcwNDNICVgEaLUBiAEBmAEzuAEHyAEM2AED6AEB-AEBiAIBqAIBuALBjMLTBsACAdICJDRlYmVmMGVjLTBmMjctNDNkNS05MDQ0LWY2ZTFmMzRjMjI5M9gCAeACAQ&ucfs=1&arphpl=1&checkin=2026-08-06&checkout=2026-08-07&dest_id=-2767043&dest_type=city&group_adults=2&req_adults=2&no_rooms=1&group_children=0&req_children=0&hpos=19&hapos=511&sr_order=popularity&srpvid=7b4f562059d9004c&srepoch=1785759367&all_sr_blocks=996581901_372535827_2_1_0&highlighted_blocks=996581901_372535827_2_1_0&matching_block_id=996581901_372535827_2_1_0&sr_pri_blocks=996581901_372535827_2_1_0__1186650&from=searchresults,11867,8.8,147.0,Lahore,1.6,Deluxe Apartment,1 large double bed,1,0,0,https://cf.bstatic.com/xdata/images/hotel/square240/465234573.webp?k=caae1a8a28fffeba3119083562e4a220ab07fdbeb6a8d0651f4f7bb03d7ff8ea&o=,3,Lahore
Opus Luxury One Bed Apartment By Mirhaa Homes -Gulberg 3,https://www.booking.com/hotel/pk/opus-luxury-apartment-mirhaa-homes.en-gb.html?aid=304142&label=gen173nr-10CAQoggJCDWNpdHlfLTI3NjcwNDNICVgEaLUBiAEBmAEzuAEHyAEM2AED6AEB-AEBiAIBqAIBuALBjMLTBsACAdICJDRlYmVmMGVjLTBmMjctNDNkNS05MDQ0LWY2ZTFmMzRjMjI5M9gCAeACAQ&ucfs=1&arphpl=1&checkin=2026-08-06&checkout=2026-08-07&dest_id=-2767043&dest_type=city&group_adults=2&req_adults=2&no_rooms=1&group_children=0&req_children=0&hpos=20&hapos=512&sr_order=popularity&srpvid=7b4f562059d9004c&srepoch=1785759367&all_sr_blocks=1605992901_431536387_3_0_0&highlighted_blocks=1605992901_431536387_3_0_0&matching_block_id=1605992901_431536387_3_0_0&sr_pri_blocks=1605992901_431536387_3_0_0__1299900&from=searchresults,12999,10,1.0,"Gulberg, Lahore",6.8,One-Bedroom Apartment,1 double bed,0,1,1,https://cf.bstatic.com/xdata/images/hotel/square240/842568380.webp?k=9c8d23f2c3dbdfd0dc690e224de0fc86b283e0b8fb848f4cbe091f93dccf5ebf&o=,4,Lahore
Hotel Breezy Lahore,https://www.booking.com/hotel/pk/breezy-lahore-lahore1.en-gb.html?aid=304142&label=gen173nr-10CAQoggJCDWNpdHlfLTI3NjcwNDNICVgEaLUBiAEBmAEzuAEHyAEM2AED6AEB-AEBiAIBqAIBuALBjMLTBsACAdICJDRlYmVmMGVjLTBmMjctNDNkNS05MDQ0LWY2ZTFmMzRjMjI5M9gCAeACAQ&ucfs=1&arphpl=1&checkin=2026-08-06&checkout=2026-08-07&dest_id=-2767043&dest_type=city&group_adults=2&req_adults=2&no_rooms=1&group_children=0&req_children=0&hpos=21&hapos=513&sr_order=popularity&srpvid=7b4f562059d9004c&srepoch=1785759367&all_sr_blocks=1305025001_403357186_2_1_0&highlighted_blocks=1305025001_403357186_2_1_0&matching_block_id=1305025001_403357186_2_1_0&sr_pri_blocks=1305025001_403357186_2_1_0__693000&from=searchresults,6930,8.3,90.0,"Johar Town, Lahore",13.4,Deluxe Double Room,1 double bed,1,1,1,https://cf.bstatic.com/xdata/images/hotel/square240/610977311.webp?k=ff5075ee70d11dd584697c944bf2f24d8cdc2dfc9edf75858560b75b6f519111&o=,12,Lahore
"1 BHk, Bed Hall Kitchnett",https://www.booking.com/hotel/pk/1-bhk-bed-hall-kitchnett.en-gb.html?aid=304142&label=gen173nr-10CAQoggJCDWNpdHlfLTI3NjcwNDNICVgEaLUBiAEBmAEzuAEHyAEM2AED6AEB-AEBiAIBqAIBuALBjMLTBsACAdICJDRlYmVmMGVjLTBmMjctNDNkNS05MDQ0LWY2ZTFmMzRjMjI5M9gCAeACAQ&ucfs=1&arphpl=1&checkin=2026-08-06&checkout=2026-08-07&dest_id=-2767043&dest_type=city&group_adults=2&req_adults=2&no_rooms=1&group_children=0&req_children=0&hpos=22&hapos=514&sr_order=popularity&srpvid=7b4f562059d9004c&srepoch=1785759367&all_sr_blocks=1672706201_439036793_3_0_0&highlighted_blocks=1672706201_439036793_3_0_0&matching_block_id=1672706201_439036793_3_0_0&sr_pri_blocks=1672706201_439036793_3_0_0__692083&from=searchresults,6921,1.0,1.0,Lahore,26.3,One-Bedroom Apartment,"2 beds (1 double, 1 sofa bed)",0,1,1,https://cf.bstatic.com/xdata/images/hotel/square240/886914634.webp?k=8aa7a0249ccb752b328cdcb7a37a064db8e4424223181d6be25b3a70f06cc9e4&o=,4,Lahore
Luxury 1Bed perfect for Family and Business stays and vacations in Bahria Town,https://www.booking.com/hotel/pk/luxury-1bed-for-perfect-for-family-and-business-stays-and-vacations-in-bahria-to.en-gb.html?aid=304142&label=gen173nr-10CAQoggJCDWNpdHlfLTI3NjcwNDNICVgEaLUBiAEBmAEzuAEHyAEM2AED6AEB-AEBiAIBqAIBuALBjMLTBsACAdICJDRlYmVmMGVjLTBmMjctNDNkNS05MDQ0LWY2ZTFmMzRjMjI5M9gCAeACAQ&ucfs=1&arphpl=1&checkin=2026-08-06&checkout=2026-08-07&dest_id=-2767043&dest_type=city&group_adults=2&req_adults=2&no_rooms=1&group_children=0&req_children=0&hpos=23&hapos=515&sr_order=popularity&srpvid=7b4f562059d9004c&srepoch=1785759367&all_sr_blocks=1636686701_434040378_4_0_0&highlighted_blocks=1636686701_434040378_4_0_0&matching_block_id=1636686701_434040378_4_0_0&sr_pri_blocks=1636686701_434040378_4_0_0__1000000&from=searchresults,10000,10,1.0,Lahore,25.9,One-Bedroom Apartment,"3 beds (2 sofa beds, 1 large double)",0,1,1,https://cf.bstatic.com/xdata/images/hotel/square240/864943519.webp?k=2785391628be7a178692b49484a703ec0516116cb052c3aa4c189b892e286fab&o=,4,Lahore
New Haidery International Hotel,https://www.booking.com/hotel/pk/haidery-international-lahore2.en-gb.html?aid=304142&label=gen173nr-10CAQoggJCDWNpdHlfLTI3NjcwNDNICVgEaLUBiAEBmAEzuAEHyAEM2AED6AEB-AEBiAIBqAIBuALBjMLTBsACAdICJDRlYmVmMGVjLTBmMjctNDNkNS05MDQ0LWY2ZTFmMzRjMjI5M9gCAeACAQ&ucfs=1&arphpl=1&checkin=2026-08-06&checkout=2026-08-07&dest_id=-2767043&dest_type=city&group_adults=2&req_adults=2&no_rooms=1&group_children=0&req_children=0&hpos=24&hapos=516&sr_order=popularity&srpvid=7b4f562059d9004c&srepoch=1785759367&all_sr_blocks=961031105_368733729_3_2_0&highlighted_blocks=961031105_368733729_3_2_0&matching_block_id=961031105_368733729_3_2_0&sr_pri_blocks=961031105_368733729_3_2_0__315000&from=searchresults,3150,4.5,4.0,Lahore,5.3,Deluxe Double or Twin Room,3 double beds,0,0,0,https://cf.bstatic.com/xdata/images/hotel/square240/428054961.webp?k=e71c5bfabb2bd783ad387026094dbe5e3060c8076d534efacd25d42b96e56983&o=,2,Lahore
Green Land Hotel Lahore,https://www.booking.com/hotel/pk/green-land.en-gb.html?aid=304142&label=gen173nr-10CAQoggJCDWNpdHlfLTI3NjcwNDNICVgEaLUBiAEBmAEzuAEHyAEM2AED6AEB-AEBiAIBqAIBuALBjMLTBsACAdICJDRlYmVmMGVjLTBmMjctNDNkNS05MDQ0LWY2ZTFmMzRjMjI5M9gCAeACAQ&ucfs=1&arphpl=1&checkin=2026-08-06&checkout=2026-08-07&dest_id=-2767043&dest_type=city&group_adults=2&req_adults=2&no_rooms=1&group_children=0&req_children=0&hpos=25&hapos=517&sr_order=popularity&srpvid=7b4f562059d9004c&srepoch=1785759367&all_sr_blocks=390279408_383723546_0_41_0_119556&highlighted_blocks=390279408_383723546_0_41_0_119556&matching_block_id=390279408_383723546_0_41_0_119556&sr_pri_blocks=390279408_383723546_0_41_0_119556_623000&from=searchresults,6230,8.1,290.0,Lahore,10.1,Deluxe Triple Room,"2 beds (1 single, 1 double)",1,1,0,https://cf.bstatic.com/xdata/images/hotel/square240/843832056.webp?k=90d655e04fedb4344ad5d321f8b99b8030875d191caee960dfadd9df5415f5b8&o=,13,Lahore
Family Rooms in Johar Town,https://www.booking.com/hotel/pk/al-nafay-guest-house-r1.en-gb.html?aid=304142&label=gen173nr-10CAQoggJCDWNpdHlfLTI3NjcwNDNICVgEaLUBiAEBmAEzuAEHyAEM2AED6AEB-AEBiAIBqAIBuALBjMLTBsACAdICJDRlYmVmMGVjLTBmMjctNDNkNS05MDQ0LWY2ZTFmMzRjMjI5M9gCAeACAQ&ucfs=1&arphpl=1&checkin=2026-08-06&checkout=2026-08-07&dest_id=-2767043&dest_type=city&group_adults=2&req_adults=2&no_rooms=1&group_children=0&req_children=0&hpos=1&hapos=518&sr_order=popularity&srpvid=7b4f562059d9004c&srepoch=1785759372&all_sr_blocks=714153001_298457615_2_1_0&highlighted_blocks=714153001_298457615_2_1_0&matching_block_id=714153001_298457615_2_1_0&sr_pri_blocks=714153001_298457615_2_1_0__495000&from=searchresults,4950,,,"Johar Town, Lahore",12.5,Standard Double Room,1 large double bed,1,0,0,https://cf.bstatic.com/xdata/images/hotel/square240/289233600.webp?k=60bbc1f05111c214f5a10e46b3d5dd0471edea10ffc6e761c64c99d9706de60f&o=,11,Lahore
Goldcrest Alfatah Mall - Luxury One Bedroom by Alvis Suite,https://www.booking.com/hotel/pk/goldcrest-alfatah-mall-luxury-one-bedroom-by-alvis-suite.en-gb.html?aid=304142&label=gen173nr-10CAQoggJCDWNpdHlfLTI3NjcwNDNICVgEaLUBiAEBmAEzuAEHyAEM2AED6AEB-AEBiAIBqAIBuALBjMLTBsACAdICJDRlYmVmMGVjLTBmMjctNDNkNS05MDQ0LWY2ZTFmMzRjMjI5M9gCAeACAQ&ucfs=1&arphpl=1&checkin=2026-08-06&checkout=2026-08-07&dest_id=-2767043&dest_type=city&group_adults=2&req_adults=2&no_rooms=1&group_children=0&req_children=0&hpos=2&hapos=519&sr_order=popularity&srpvid=7b4f562059d9004c&srepoch=1785759372&all_sr_blocks=1684072101_440260188_0_0_0&highlighted_blocks=1684072101_440260188_0_0_0&matching_block_id=1684072101_440260188_0_0_0&sr_pri_blocks=1684072101_440260188_0_0_0__1424175&from=searchresults,14242,,,Lahore,12.1,Superior One-Bedroom Apartment with Balcony,"2 beds (1 extra-large double, 1 sofa bed)",0,1,1,https://cf.bstatic.com/xdata/images/hotel/square240/893567687.webp?k=7dd608bd82541084d16b411a755d1d9ae8b0b947e71a8d3367e22072aa615702&o=,11,Lahore
Gold Crest Luxuries APT with high end Amenities & Mall,https://www.booking.com/hotel/pk/luxurious-appartment-in-goldcrest-dha-lahore.en-gb.html?aid=304142&label=gen173nr-10CAQoggJCDWNpdHlfLTI3NjcwNDNICVgEaLUBiAEBmAEzuAEHyAEM2AED6AEB-AEBiAIBqAIBuALBjMLTBsACAdICJDRlYmVmMGVjLTBmMjctNDNkNS05MDQ0LWY2ZTFmMzRjMjI5M9gCAeACAQ&ucfs=1&arphpl=1&checkin=2026-08-06&checkout=2026-08-07&dest_id=-2767043&dest_type=city&group_adults=2&req_adults=2&no_rooms=1&group_children=0&req_children=0&hpos=3&hapos=520&sr_order=popularity&srpvid=7b4f562059d9004c&srepoch=1785759372&all_sr_blocks=1264692302_399123815_2_0_0_1085673&highlighted_blocks=1264692302_399123815_2_0_0_1085673&matching_block_id=1264692302_399123815_2_0_0_1085673&sr_pri_blocks=1264692302_399123815_2_0_0_1085673_1155000&from=searchresults,11550,6.7,3.0,Lahore,13.3,Studio Apartment,"2 beds (1 double, 1 sofa bed)",0,1,1,https://cf.bstatic.com/xdata/images/hotel/square240/658679664.webp?k=84dd98154c2e0ea90e9dbc8bde720024fb7a4b52cad82e256cf7656f534f22d2&o=,12,Lahore
Bait-e-Naeem,https://www.booking.com/hotel/pk/bait-e-naeem.en-gb.html?aid=304142&label=gen173nr-10CAQoggJCDWNpdHlfLTI3NjcwNDNICVgEaLUBiAEBmAEzuAEHyAEM2AED6AEB-AEBiAIBqAIBuALBjMLTBsACAdICJDRlYmVmMGVjLTBmMjctNDNkNS05MDQ0LWY2ZTFmMzRjMjI5M9gCAeACAQ&ucfs=1&arphpl=1&checkin=2026-08-06&checkout=2026-08-07&dest_id=-2767043&dest_type=city&group_adults=2&req_adults=2&no_rooms=1&group_children=0&req_children=0&hpos=4&hapos=521&sr_order=popularity&srpvid=7b4f562059d9004c&srepoch=1785759372&all_sr_blocks=1674453001_439206091_2_0_0&highlighted_blocks=1674453001_439206091_2_0_0&matching_block_id=1674453001_439206091_2_0_0&sr_pri_blocks=1674453001_439206091_2_0_0__2932500&from=searchresults,29325,,,Lahore,15.0,Three-Bedroom House,2 double beds,0,1,1,https://cf.bstatic.com/xdata/images/hotel/square240/887819290.webp?k=beba48501b6a887228aa50b365a2d913cdb2fe6dfda57f4f02d5e1e3e1b53b83&o=,4,Lahore
Premium 1 BR Stay in Penta Square l With Balcony l Self Check-in,https://www.booking.com/hotel/pk/1-bhk-with-balcony-facing-greens-self-check-in.en-gb.html?aid=304142&label=gen173nr-10CAQoggJCDWNpdHlfLTI3NjcwNDNICVgEaLUBiAEBmAEzuAEHyAEM2AED6AEB-AEBiAIBqAIBuALBjMLTBsACAdICJDRlYmVmMGVjLTBmMjctNDNkNS05MDQ0LWY2ZTFmMzRjMjI5M9gCAeACAQ&ucfs=1&arphpl=1&checkin=2026-08-06&checkout=2026-08-07&dest_id=-2767043&dest_type=city&group_adults=2&req_adults=2&no_rooms=1&group_children=0&req_children=0&hpos=5&hapos=522&sr_order=popularity&srpvid=7b4f562059d9004c&srepoch=1785759372&all_sr_blocks=1544592901_425766734_4_0_0&highlighted_blocks=1544592901_425766734_4_0_0&matching_block_id=1544592901_425766734_4_0_0&sr_pri_blocks=1544592901_425766734_4_0_0__1600000&from=searchresults,16000,10,3.0,Lahore,14.3,One-Bedroom Apartment with Terrace,"3 beds (1 extra-large double, 2 sofa beds)",0,1,1,https://cf.bstatic.com/xdata/images/hotel/square240/881552118.webp?k=a014d551304e48f6b6f5168cda43d8c757c75b4b597e3e92eab55dbdde65a6a0&o=,4,Lahore
Luxury One Bedroom Apartment - Goldcrest Mall DHA Lahore,https://www.booking.com/hotel/pk/luxury-one-bedroom-apartment-goldcrest-mall-dha-lahore.en-gb.html?aid=304142&label=gen173nr-10CAQoggJCDWNpdHlfLTI3NjcwNDNICVgEaLUBiAEBmAEzuAEHyAEM2AED6AEB-AEBiAIBqAIBuALBjMLTBsACAdICJDRlYmVmMGVjLTBmMjctNDNkNS05MDQ0LWY2ZTFmMzRjMjI5M9gCAeACAQ&ucfs=1&arphpl=1&checkin=2026-08-06&checkout=2026-08-07&dest_id=-2767043&dest_type=city&group_adults=2&req_adults=2&no_rooms=1&group_children=0&req_children=0&hpos=6&hapos=523&sr_order=popularity&srpvid=7b4f562059d9004c&srepoch=1785759372&all_sr_blocks=1676941901_439413473_2_0_0&highlighted_blocks=1676941901_439413473_2_0_0&matching_block_id=1676941901_439413473_2_0_0&sr_pri_blocks=1676941901_439413473_2_0_0__1541050&from=searchresults,15411,,,Lahore,12.0,One-Bedroom Apartment,1 double bed,0,1,1,https://cf.bstatic.com/xdata/images/hotel/square240/889108227.webp?k=aac99f75f9a3e1d87950ea2dd5fd8d5568e0d439bcc2b130ecb5745357a62b7c&o=,12,Lahore
One bed apartment in Bahria town Lahore,https://www.booking.com/hotel/pk/one-bed-apartment-in-bahria-town-lahore.en-gb.html?aid=304142&label=gen173nr-10CAQoggJCDWNpdHlfLTI3NjcwNDNICVgEaLUBiAEBmAEzuAEHyAEM2AED6AEB-AEBiAIBqAIBuALBjMLTBsACAdICJDRlYmVmMGVjLTBmMjctNDNkNS05MDQ0LWY2ZTFmMzRjMjI5M9gCAeACAQ&ucfs=1&arphpl=1&checkin=2026-08-06&checkout=2026-08-07&dest_id=-2767043&dest_type=city&group_adults=2&req_adults=2&no_rooms=1&group_children=0&req_children=0&hpos=7&hapos=524&sr_order=popularity&srpvid=7b4f562059d9004c&srepoch=1785759372&all_sr_blocks=1665459301_438397034_2_0_0&highlighted_blocks=1665459301_438397034_2_0_0&matching_block_id=1665459301_438397034_2_0_0&sr_pri_blocks=1665459301_438397034_2_0_0__637500&from=searchresults,6375,,,Lahore,25.5,One-Bedroom Apartment,1 double bed,0,1,1,https://cf.bstatic.com/xdata/images/hotel/square240/882185963.webp?k=17539f76e298b48d18716b97f225468933354129e3ec9bda694b3340e90dc4a2&o=,4,Lahore
Hotel 4 Season,https://www.booking.com/hotel/pk/4-season-lahore-lahore.en-gb.html?aid=304142&label=gen173nr-10CAQoggJCDWNpdHlfLTI3NjcwNDNICVgEaLUBiAEBmAEzuAEHyAEM2AED6AEB-AEBiAIBqAIBuALBjMLTBsACAdICJDRlYmVmMGVjLTBmMjctNDNkNS05MDQ0LWY2ZTFmMzRjMjI5M9gCAeACAQ&ucfs=1&arphpl=1&checkin=2026-08-06&checkout=2026-08-07&dest_id=-2767043&dest_type=city&group_adults=2&req_adults=2&no_rooms=1&group_children=0&req_children=0&hpos=8&hapos=525&sr_order=popularity&srpvid=7b4f562059d9004c&srepoch=1785759372&all_sr_blocks=1477590803_419213671_2_0_0&highlighted_blocks=1477590803_419213671_2_0_0&matching_block_id=1477590803_419213671_2_0_0&sr_pri_blocks=1477590803_419213671_2_0_0__440000&from=searchresults,4400,5.8,10.0,"Johar Town, Lahore",12.0,Deluxe Double Room,1 double bed,0,1,1,https://cf.bstatic.com/xdata/images/hotel/square240/732656875.webp?k=658fe94a0b7f78753514d4aee0e935a713918d15537fdab67e71e9be8bae7d70&o=,11,Lahore
Diamounts 02,https://www.booking.com/hotel/pk/diamounts-02.en-gb.html?aid=304142&label=gen173nr-10CAQoggJCDWNpdHlfLTI3NjcwNDNICVgEaLUBiAEBmAEzuAEHyAEM2AED6AEB-AEBiAIBqAIBuALBjMLTBsACAdICJDRlYmVmMGVjLTBmMjctNDNkNS05MDQ0LWY2ZTFmMzRjMjI5M9gCAeACAQ&ucfs=1&arphpl=1&checkin=2026-08-06&checkout=2026-08-07&dest_id=-2767043&dest_type=city&group_adults=2&req_adults=2&no_rooms=1&group_children=0&req_children=0&hpos=9&hapos=526&sr_order=popularity&srpvid=7b4f562059d9004c&srepoch=1785759372&all_sr_blocks=1688236901_440475822_2_0_0&highlighted_blocks=1688236901_440475822_2_0_0&matching_block_id=1688236901_440475822_2_0_0&sr_pri_blocks=1688236901_440475822_2_0_0__637500&from=searchresults,6375,,,Lahore,25.9,One-Bedroom Apartment,1 double bed,0,1,1,https://cf.bstatic.com/xdata/images/hotel/square240/894592850.webp?k=0517410089d6f825cb59909187621f646eb1f769b5d81ff0a2eaabbaa49e577c&o=,4,Lahore
3 Bedroom Royale Family Suite Apartment in PentaSquare DHA 5,https://www.booking.com/hotel/pk/3-bedroom-royale-family-suite-apartment-in-pentasquare-dha-5.en-gb.html?aid=304142&label=gen173nr-10CAQoggJCDWNpdHlfLTI3NjcwNDNICVgEaLUBiAEBmAEzuAEHyAEM2AED6AEB-AEBiAIBqAIBuALBjMLTBsACAdICJDRlYmVmMGVjLTBmMjctNDNkNS05MDQ0LWY2ZTFmMzRjMjI5M9gCAeACAQ&ucfs=1&arphpl=1&checkin=2026-08-06&checkout=2026-08-07&dest_id=-2767043&dest_type=city&group_adults=2&req_adults=2&no_rooms=1&group_children=0&req_children=0&hpos=10&hapos=527&sr_order=popularity&srpvid=7b4f562059d9004c&srepoch=1785759372&all_sr_blocks=1663845501_438254360_5_0_0&highlighted_blocks=1663845501_438254360_5_0_0&matching_block_id=1663845501_438254360_5_0_0&sr_pri_blocks=1663845501_438254360_5_0_0__2510066&from=searchresults,25101,,,Lahore,14.2,Three-Bedroom Apartment,"3 beds (1 single, 1 double, 1 extra-large double)",0,1,1,https://cf.bstatic.com/xdata/images/hotel/square240/881251717.webp?k=a8a177adf9b3c614783f897f58d8524a61e893d3f464b7016903d371ad493ed6&o=,5,Lahore
Goldcrest Alfatah Mall DHA Lahore by Alvis Suite,https://www.booking.com/hotel/pk/goldcrest-alfatah-mall-dha-lahore-by-alvis-suite-lahore.en-gb.html?aid=304142&label=gen173nr-10CAQoggJCDWNpdHlfLTI3NjcwNDNICVgEaLUBiAEBmAEzuAEHyAEM2AED6AEB-AEBiAIBqAIBuALBjMLTBsACAdICJDRlYmVmMGVjLTBmMjctNDNkNS05MDQ0LWY2ZTFmMzRjMjI5M9gCAeACAQ&ucfs=1&arphpl=1&checkin=2026-08-06&checkout=2026-08-07&dest_id=-2767043&dest_type=city&group_adults=2&req_adults=2&no_rooms=1&group_children=0&req_children=0&hpos=11&hapos=528&sr_order=popularity&srpvid=7b4f562059d9004c&srepoch=1785759372&all_sr_blocks=1683650001_440099274_2_0_0&highlighted_blocks=1683650001_440099274_2_0_0&matching_block_id=1683650001_440099274_2_0_0&sr_pri_blocks=1683650001_440099274_2_0_0__1109925&from=searchresults,11099,1.0,1.0,Lahore,12.0,Studio Apartment,"2 beds (1 extra-large double, 1 sofa bed)",0,1,1,https://cf.bstatic.com/xdata/images/hotel/square240/892961697.webp?k=b1341cc66333891a2cf876f43aef2c934e2915994e171a04fecb6d52559cdb6a&o=,13,Lahore
Lovely 1-Bedroom Apartment,https://www.booking.com/hotel/pk/lovely-1-bedroom-apartment-rental-unit-lahore1.en-gb.html?aid=304142&label=gen173nr-10CAQoggJCDWNpdHlfLTI3NjcwNDNICVgEaLUBiAEBmAEzuAEHyAEM2AED6AEB-AEBiAIBqAIBuALBjMLTBsACAdICJDRlYmVmMGVjLTBmMjctNDNkNS05MDQ0LWY2ZTFmMzRjMjI5M9gCAeACAQ&ucfs=1&arphpl=1&checkin=2026-08-06&checkout=2026-08-07&dest_id=-2767043&dest_type=city&group_adults=2&req_adults=2&no_rooms=1&group_children=0&req_children=0&hpos=12&hapos=529&sr_order=popularity&srpvid=7b4f562059d9004c&srepoch=1785759372&all_sr_blocks=872611301_355946877_2_0_0&highlighted_blocks=872611301_355946877_2_0_0&matching_block_id=872611301_355946877_2_0_0&sr_pri_blocks=872611301_355946877_2_0_0__675000&from=searchresults,6750,7.7,11.0,Lahore,11.8,One-Bedroom Apartment,1 large double bed,0,0,0,https://cf.bstatic.com/xdata/images/hotel/square240/371100836.webp?k=0a2a20300e628607e36d34fd3726f1c03492db64797582b77c702d5e1c61c5f4&o=,8,Lahore
Prestige Home,https://www.booking.com/hotel/pk/prestige-home.en-gb.html?aid=304142&label=gen173nr-10CAQoggJCDWNpdHlfLTI3NjcwNDNICVgEaLUBiAEBmAEzuAEHyAEM2AED6AEB-AEBiAIBqAIBuALBjMLTBsACAdICJDRlYmVmMGVjLTBmMjctNDNkNS05MDQ0LWY2ZTFmMzRjMjI5M9gCAeACAQ&ucfs=1&arphpl=1&checkin=2026-08-06&checkout=2026-08-07&dest_id=-2767043&dest_type=city&group_adults=2&req_adults=2&no_rooms=1&group_children=0&req_children=0&hpos=13&hapos=530&sr_order=popularity&srpvid=7b4f562059d9004c&srepoch=1785759372&all_sr_blocks=1693600601_441007393_2_0_0&highlighted_blocks=1693600601_441007393_2_0_0&matching_block_id=1693600601_441007393_2_0_0&sr_pri_blocks=1693600601_441007393_2_0_0__1147500&from=searchresults,11475,,,Lahore,17.2,Three-Bedroom Villa,"3 beds (1 extra-large double, 1 sofa bed, 1 large double)",0,1,1,https://cf.bstatic.com/xdata/images/hotel/square240/898549999.webp?k=941c1c293a79dc0d87514477b20ed693382904416a3140bd74e46a8e557967b4&o=,4,Lahore
Premium One Bedroom Retreat by Alvis Suite,https://www.booking.com/hotel/pk/premium-one-bedroom-retreat-by-alvis-suite-lahore.en-gb.html?aid=304142&label=gen173nr-10CAQoggJCDWNpdHlfLTI3NjcwNDNICVgEaLUBiAEBmAEzuAEHyAEM2AED6AEB-AEBiAIBqAIBuALBjMLTBsACAdICJDRlYmVmMGVjLTBmMjctNDNkNS05MDQ0LWY2ZTFmMzRjMjI5M9gCAeACAQ&ucfs=1&arphpl=1&checkin=2026-08-06&checkout=2026-08-07&dest_id=-2767043&dest_type=city&group_adults=2&req_adults=2&no_rooms=1&group_children=0&req_children=0&hpos=14&hapos=531&sr_order=popularity&srpvid=7b4f562059d9004c&srepoch=1785759372&all_sr_blocks=1683644601_440099063_2_0_0&highlighted_blocks=1683644601_440099063_2_0_0&matching_block_id=1683644601_440099063_2_0_0&sr_pri_blocks=1683644601_440099063_2_0_0__1305360&from=searchresults,13054,,,Lahore,12.0,One-Bedroom Apartment,1 double bed,0,0,0,https://cf.bstatic.com/xdata/images/hotel/square240/892690508.webp?k=106da6c6260ea2a04c5a178bfa9dd5bac26680a107442297488496e48a7e3611&o=,11,Lahore
NEXT INN - Luxury Apartments Bahria Town,https://www.booking.com/hotel/pk/next-inn-rafi.en-gb.html?aid=304142&label=gen173nr-10CAQoggJCDWNpdHlfLTI3NjcwNDNICVgEaLUBiAEBmAEzuAEHyAEM2AED6AEB-AEBiAIBqAIBuALBjMLTBsACAdICJDRlYmVmMGVjLTBmMjctNDNkNS05MDQ0LWY2ZTFmMzRjMjI5M9gCAeACAQ&ucfs=1&arphpl=1&checkin=2026-08-06&checkout=2026-08-07&dest_id=-2767043&dest_type=city&group_adults=2&req_adults=2&no_rooms=1&group_children=0&req_children=0&hpos=15&hapos=532&sr_order=popularity&srpvid=7b4f562059d9004c&srepoch=1785759372&all_sr_blocks=1513114001_423056702_3_0_0&highlighted_blocks=1513114001_423056702_3_0_0&matching_block_id=1513114001_423056702_3_0_0&sr_pri_blocks=1513114001_423056702_3_0_0__650000&from=searchresults,6500,10,1.0,Lahore,25.4,One-Bedroom Apartment,"2 beds (1 double, 1 sofa bed)",0,1,1,https://cf.bstatic.com/xdata/images/hotel/square240/765608783.webp?k=1086288910dcd20ea9739b1b93ed95dc39bff875542d7dcef0edd4d2ed23fb60&o=,4,Lahore
Umairs Haven Residences Apartments Bahria Town Lahore,https://www.booking.com/hotel/pk/umairs-haven-residences-apartments-bahria-town-lahore-lahore1.en-gb.html?aid=304142&label=gen173nr-10CAQoggJCDWNpdHlfLTI3NjcwNDNICVgEaLUBiAEBmAEzuAEHyAEM2AED6AEB-AEBiAIBqAIBuALBjMLTBsACAdICJDRlYmVmMGVjLTBmMjctNDNkNS05MDQ0LWY2ZTFmMzRjMjI5M9gCAeACAQ&ucfs=1&arphpl=1&checkin=2026-08-06&checkout=2026-08-07&dest_id=-2767043&dest_type=city&group_adults=2&req_adults=2&no_rooms=1&group_children=0&req_children=0&hpos=16&hapos=533&sr_order=popularity&srpvid=7b4f562059d9004c&srepoch=1785759372&all_sr_blocks=1684091601_440114909_2_0_0&highlighted_blocks=1684091601_440114909_2_0_0&matching_block_id=1684091601_440114909_2_0_0&sr_pri_blocks=1684091601_440114909_2_0_0__748000&from=searchresults,7480,,,Lahore,25.8,One-Bedroom Apartment,1 double bed,0,1,1,https://cf.bstatic.com/xdata/images/hotel/square240/892728756.webp?k=214cc3040d6dcdb231ce45759bf10a12e82892423a57f73100c101954f879388&o=,5,Lahore
Goldcrest Apartments Lahore by Alvis Suite,https://www.booking.com/hotel/pk/goldcrest-apartments-lahore-by-alvis-suite.en-gb.html?aid=304142&label=gen173nr-10CAQoggJCDWNpdHlfLTI3NjcwNDNICVgEaLUBiAEBmAEzuAEHyAEM2AED6AEB-AEBiAIBqAIBuALBjMLTBsACAdICJDRlYmVmMGVjLTBmMjctNDNkNS05MDQ0LWY2ZTFmMzRjMjI5M9gCAeACAQ&ucfs=1&arphpl=1&checkin=2026-08-06&checkout=2026-08-07&dest_id=-2767043&dest_type=city&group_adults=2&req_adults=2&no_rooms=1&group_children=0&req_children=0&hpos=17&hapos=534&sr_order=popularity&srpvid=7b4f562059d9004c&srepoch=1785759372&all_sr_blocks=1677569901_439553673_2_0_0&highlighted_blocks=1677569901_439553673_2_0_0&matching_block_id=1677569901_439553673_2_0_0&sr_pri_blocks=1677569901_439553673_2_0_0__1042930&from=searchresults,10429,3.0,1.0,Lahore,13.3,Studio Apartment with Queen Bed,Studio Apartment with Queen Bed,0,1,1,https://cf.bstatic.com/xdata/images/hotel/square240/889449953.webp?k=484972edbddbc17ef29dc7d42bc8e1c231e1f3472a1199cf9a1d164fccc1417d&o=,13,Lahore
super town house dha lahore,https://www.booking.com/hotel/pk/super-town-house-dha-lahore.en-gb.html?aid=304142&label=gen173nr-10CAQoggJCDWNpdHlfLTI3NjcwNDNICVgEaLUBiAEBmAEzuAEHyAEM2AED6AEB-AEBiAIBqAIBuALBjMLTBsACAdICJDRlYmVmMGVjLTBmMjctNDNkNS05MDQ0LWY2ZTFmMzRjMjI5M9gCAeACAQ&ucfs=1&arphpl=1&checkin=2026-08-06&checkout=2026-08-07&dest_id=-2767043&dest_type=city&group_adults=2&req_adults=2&no_rooms=1&group_children=0&req_children=0&hpos=18&hapos=535&sr_order=popularity&srpvid=7b4f562059d9004c&srepoch=1785759372&all_sr_blocks=1381442501_410233358_2_0_0&highlighted_blocks=1381442501_410233358_2_0_0&matching_block_id=1381442501_410233358_2_0_0&sr_pri_blocks=1381442501_410233358_2_0_0__600000&from=searchresults,6000,,,Lahore,9.8,Double Room,1 double bed,0,1,1,https://cf.bstatic.com/xdata/images/hotel/square240/662046033.webp?k=8a925c41f70f873ea2a31cd6da2dfa93e6df9bc6d3e81850550e438edab1779e&o=,4,Lahore
"1 Bed Modern Apartment, Pool, Gym, Cinema",https://www.booking.com/hotel/pk/1-bed-modern-apartment.en-gb.html?aid=304142&label=gen173nr-10CAQoggJCDWNpdHlfLTI3NjcwNDNICVgEaLUBiAEBmAEzuAEHyAEM2AED6AEB-AEBiAIBqAIBuALBjMLTBsACAdICJDRlYmVmMGVjLTBmMjctNDNkNS05MDQ0LWY2ZTFmMzRjMjI5M9gCAeACAQ&ucfs=1&arphpl=1&checkin=2026-08-06&checkout=2026-08-07&dest_id=-2767043&dest_type=city&group_adults=2&req_adults=2&no_rooms=1&group_children=0&req_children=0&hpos=19&hapos=536&sr_order=popularity&srpvid=7b4f562059d9004c&srepoch=1785759372&all_sr_blocks=1069238801_379424841_2_0_0&highlighted_blocks=1069238801_379424841_2_0_0&matching_block_id=1069238801_379424841_2_0_0&sr_pri_blocks=1069238801_379424841_2_0_0__1080000&from=searchresults,10800,9.1,42.0,Lahore,18.4,One-Bedroom Apartment,"2 beds (1 sofa bed, 1 large double)",0,0,0,https://cf.bstatic.com/xdata/images/hotel/square240/521685009.webp?k=822d91a9f4f22daaf04ccfdee490008e200dd1100cd2b6ba9db854a29405c93b&o=,11,Lahore
Exclusive Serviced Apartments at Goldcrest Mall and Residency DHA Phase 4 by Nirvana Nests,https://www.booking.com/hotel/pk/exclusive-service-apartments.en-gb.html?aid=304142&label=gen173nr-10CAQoggJCDWNpdHlfLTI3NjcwNDNICVgEaLUBiAEBmAEzuAEHyAEM2AED6AEB-AEBiAIBqAIBuALBjMLTBsACAdICJDRlYmVmMGVjLTBmMjctNDNkNS05MDQ0LWY2ZTFmMzRjMjI5M9gCAeACAQ&ucfs=1&arphpl=1&checkin=2026-08-06&checkout=2026-08-07&dest_id=-2767043&dest_type=city&group_adults=2&req_adults=2&no_rooms=1&group_children=0&req_children=0&hpos=20&hapos=537&sr_order=popularity&srpvid=7b4f562059d9004c&srepoch=1785759372&all_sr_blocks=1665929202_438423265_2_0_0&highlighted_blocks=1665929202_438423265_2_0_0&matching_block_id=1665929202_438423265_2_0_0&sr_pri_blocks=1665929202_438423265_2_0_0__1440000&from=searchresults,14400,9.3,9.0,Lahore,12.1,Studio Apartment,1 extra-large double bed,0,1,1,https://cf.bstatic.com/xdata/images/hotel/square240/886849144.webp?k=3378e4ddbca9f9dcb013db747a84a5c1f650477d496e029785538dc74925f8af&o=,6,Lahore
1 Bedroom Premium Executive Apartments DHA Lahore,https://www.booking.com/hotel/pk/bsiabiah.en-gb.html?aid=304142&label=gen173nr-10CAQoggJCDWNpdHlfLTI3NjcwNDNICVgEaLUBiAEBmAEzuAEHyAEM2AED6AEB-AEBiAIBqAIBuALBjMLTBsACAdICJDRlYmVmMGVjLTBmMjctNDNkNS05MDQ0LWY2ZTFmMzRjMjI5M9gCAeACAQ&ucfs=1&arphpl=1&checkin=2026-08-06&checkout=2026-08-07&dest_id=-2767043&dest_type=city&group_adults=2&req_adults=2&no_rooms=1&group_children=0&req_children=0&hpos=21&hapos=538&sr_order=popularity&srpvid=7b4f562059d9004c&srepoch=1785759372&all_sr_blocks=1698100902_441477566_2_1_0&highlighted_blocks=1698100902_441477566_2_1_0&matching_block_id=1698100902_441477566_2_1_0&sr_pri_blocks=1698100902_441477566_2_1_0__1800000&from=searchresults,18000,,,Lahore,12.1,Deluxe Double Studio,1 double bed,1,1,1,https://cf.bstatic.com/xdata/images/hotel/square240/901333544.webp?k=5d95ebfa296babb664544fb88a9b44d5ae02126bdfaae1cfb6c07ed78f02c19b&o=,13,Lahore
Dark Cozy 1BHK And Sleep Under the Stars Indoors,https://www.booking.com/hotel/pk/dark-cozy-1bhk-and-sleep-under-the-stars-indoors.en-gb.html?aid=304142&label=gen173nr-10CAQoggJCDWNpdHlfLTI3NjcwNDNICVgEaLUBiAEBmAEzuAEHyAEM2AED6AEB-AEBiAIBqAIBuALBjMLTBsACAdICJDRlYmVmMGVjLTBmMjctNDNkNS05MDQ0LWY2ZTFmMzRjMjI5M9gCAeACAQ&ucfs=1&arphpl=1&checkin=2026-08-06&checkout=2026-08-07&dest_id=-2767043&dest_type=city&group_adults=2&req_adults=2&no_rooms=1&group_children=0&req_children=0&hpos=22&hapos=539&sr_order=popularity&srpvid=7b4f562059d9004c&srepoch=1785759372&all_sr_blocks=1539434501_425364082_3_0_0&highlighted_blocks=1539434501_425364082_3_0_0&matching_block_id=1539434501_425364082_3_0_0&sr_pri_blocks=1539434501_425364082_3_0_0__950000&from=searchresults,9500,,,Lahore,18.4,One-Bedroom Apartment,1 double bed,0,1,1,https://cf.bstatic.com/xdata/images/hotel/square240/787334029.webp?k=dc578e2779d33a3362c3cedc2d6e9ec41c1203586ca3950c253de147a060c1de&o=,4,Lahore
ARZ Loft in Gulberg Pool Self Check-in,https://www.booking.com/hotel/pk/stylish-loft-in-gulberg-pool-self-check-in.en-gb.html?aid=304142&label=gen173nr-10CAQoggJCDWNpdHlfLTI3NjcwNDNICVgEaLUBiAEBmAEzuAEHyAEM2AED6AEB-AEBiAIBqAIBuALBjMLTBsACAdICJDRlYmVmMGVjLTBmMjctNDNkNS05MDQ0LWY2ZTFmMzRjMjI5M9gCAeACAQ&ucfs=1&arphpl=1&checkin=2026-08-06&checkout=2026-08-07&dest_id=-2767043&dest_type=city&group_adults=2&req_adults=2&no_rooms=1&group_children=0&req_children=0&hpos=23&hapos=540&sr_order=popularity&srpvid=7b4f562059d9004c&srepoch=1785759372&all_sr_blocks=1601493001_431098437_3_0_0&highlighted_blocks=1601493001_431098437_3_0_0&matching_block_id=1601493001_431098437_3_0_0&sr_pri_blocks=1601493001_431098437_3_0_0__950000&from=searchresults,9500,10,1.0,"Gulberg, Lahore",7.0,One-Bedroom Apartment,1 extra-large double bed,0,1,1,https://cf.bstatic.com/xdata/images/hotel/square240/838793424.webp?k=832740f3c85477603375e8a0f5b27305b4dc685f454e05a9dc0e75c36b296234&o=,4,Lahore
CityScape Apartment,https://www.booking.com/hotel/pk/lahore-apartment-lahore.en-gb.html?aid=304142&label=gen173nr-10CAQoggJCDWNpdHlfLTI3NjcwNDNICVgEaLUBiAEBmAEzuAEHyAEM2AED6AEB-AEBiAIBqAIBuALBjMLTBsACAdICJDRlYmVmMGVjLTBmMjctNDNkNS05MDQ0LWY2ZTFmMzRjMjI5M9gCAeACAQ&ucfs=1&arphpl=1&checkin=2026-08-06&checkout=2026-08-07&dest_id=-2767043&dest_type=city&group_adults=2&req_adults=2&no_rooms=1&group_children=0&req_children=0&hpos=1&hapos=541&sr_order=popularity&srpvid=7b4f562059d9004c&srepoch=1785759377&all_sr_blocks=1589906001_430088669_3_0_0&highlighted_blocks=1589906001_430088669_3_0_0&matching_block_id=1589906001_430088669_3_0_0&sr_pri_blocks=1589906001_430088669_3_0_0__850000&from=searchresults,8500,5.5,2.0,Lahore,25.2,One-Bedroom Apartment,1 double bed,0,1,1,https://cf.bstatic.com/xdata/images/hotel/square240/832704076.webp?k=5ea96d9bf33cb00fdd7cf59be164a79043d6797c919ad52292720e0e19567c33&o=,4,Lahore
The Avenair - Central Gulberg Lahore - Signature One Bedroom Apartment,https://www.booking.com/hotel/pk/the-avenair-central-gulberg-lahore-signature-one-bedroom-apartment.en-gb.html?aid=304142&label=gen173nr-10CAQoggJCDWNpdHlfLTI3NjcwNDNICVgEaLUBiAEBmAEzuAEHyAEM2AED6AEB-AEBiAIBqAIBuALBjMLTBsACAdICJDRlYmVmMGVjLTBmMjctNDNkNS05MDQ0LWY2ZTFmMzRjMjI5M9gCAeACAQ&ucfs=1&arphpl=1&checkin=2026-08-06&checkout=2026-08-07&dest_id=-2767043&dest_type=city&group_adults=2&req_adults=2&no_rooms=1&group_children=0&req_children=0&hpos=2&hapos=542&sr_order=popularity&srpvid=7b4f562059d9004c&srepoch=1785759377&all_sr_blocks=1653582301_437315447_2_0_0&highlighted_blocks=1653582301_437315447_2_0_0&matching_block_id=1653582301_437315447_2_0_0&sr_pri_blocks=1653582301_437315447_2_0_0__1514700&from=searchresults,15147,,,"Gulberg, Lahore",5.9,One-Bedroom Apartment,1 extra-large double bed,0,0,0,https://cf.bstatic.com/xdata/images/hotel/square240/874034266.webp?k=7f9755b434b9d81f64532a7fd41a1d8933f184441ed9de71d901b1887988f8ce&o=,10,Lahore
Luxury Apartments by Alvis Suite - PentaSquare DHA Phase 5,https://www.booking.com/hotel/pk/luxury-apartments-by-alvis-suite-pentasquare-dha-phase-5.en-gb.html?aid=304142&label=gen173nr-10CAQoggJCDWNpdHlfLTI3NjcwNDNICVgEaLUBiAEBmAEzuAEHyAEM2AED6AEB-AEBiAIBqAIBuALBjMLTBsACAdICJDRlYmVmMGVjLTBmMjctNDNkNS05MDQ0LWY2ZTFmMzRjMjI5M9gCAeACAQ&ucfs=1&arphpl=1&checkin=2026-08-06&checkout=2026-08-07&dest_id=-2767043&dest_type=city&group_adults=2&req_adults=2&no_rooms=1&group_children=0&req_children=0&hpos=3&hapos=543&sr_order=popularity&srpvid=7b4f562059d9004c&srepoch=1785759377&all_sr_blocks=1696350001_441322664_2_0_0&highlighted_blocks=1696350001_441322664_2_0_0&matching_block_id=1696350001_441322664_2_0_0&sr_pri_blocks=1696350001_441322664_2_0_0__938332&from=searchresults,9383,,,Lahore,14.2,Studio Apartment,1 large double bed,0,1,1,https://cf.bstatic.com/xdata/images/hotel/square240/900425023.webp?k=5cb41c5fc0535df17f59c7ef456a2e7023f1aaf5a02eafbf9800849213472964&o=,13,Lahore
Zameen opal 1BHK with balcony,https://www.booking.com/hotel/pk/zameen-opal-1bhk-with-balcony.en-gb.html?aid=304142&label=gen173nr-10CAQoggJCDWNpdHlfLTI3NjcwNDNICVgEaLUBiAEBmAEzuAEHyAEM2AED6AEB-AEBiAIBqAIBuALBjMLTBsACAdICJDRlYmVmMGVjLTBmMjctNDNkNS05MDQ0LWY2ZTFmMzRjMjI5M9gCAeACAQ&ucfs=1&arphpl=1&checkin=2026-08-06&checkout=2026-08-07&dest_id=-2767043&dest_type=city&group_adults=2&req_adults=2&no_rooms=1&group_children=0&req_children=0&hpos=4&hapos=544&sr_order=popularity&srpvid=7b4f562059d9004c&srepoch=1785759377&all_sr_blocks=1695196101_441178909_3_2_0&highlighted_blocks=1695196101_441178909_3_2_0&matching_block_id=1695196101_441178909_3_2_0&sr_pri_blocks=1695196101_441178909_3_2_0__884000&from=searchresults,8840,1.0,1.0,Lahore,18.2,One-Bedroom Apartment,"2 beds (1 double, 1 sofa bed)",0,1,1,https://cf.bstatic.com/xdata/images/hotel/square240/899631370.webp?k=2c61c5c523da99c84643b36af933643157e43d481a466bdd10843422f1c678ff&o=,4,Lahore
Penta Square - Studio Apartment by Alvis Suite,https://www.booking.com/hotel/pk/penta-square-studio-apartment-by-alvis-suite-lahore11.en-gb.html?aid=304142&label=gen173nr-10CAQoggJCDWNpdHlfLTI3NjcwNDNICVgEaLUBiAEBmAEzuAEHyAEM2AED6AEB-AEBiAIBqAIBuALBjMLTBsACAdICJDRlYmVmMGVjLTBmMjctNDNkNS05MDQ0LWY2ZTFmMzRjMjI5M9gCAeACAQ&ucfs=1&arphpl=1&checkin=2026-08-06&checkout=2026-08-07&dest_id=-2767043&dest_type=city&group_adults=2&req_adults=2&no_rooms=1&group_children=0&req_children=0&hpos=5&hapos=545&sr_order=popularity&srpvid=7b4f562059d9004c&srepoch=1785759377&all_sr_blocks=1687020001_440353597_2_0_0&highlighted_blocks=1687020001_440353597_2_0_0&matching_block_id=1687020001_440353597_2_0_0&sr_pri_blocks=1687020001_440353597_2_0_0__1161186&from=searchresults,11612,,,Lahore,14.2,Studio Apartment,"2 beds (1 extra-large double, 1 sofa bed)",0,1,1,https://cf.bstatic.com/xdata/images/hotel/square240/894017062.webp?k=e4a064028446ed46fc7be6046c284bd62c7b8ff0597efc1404e91ce3f6667f18&o=,12,Lahore
Demure Apartments Modern 2 BR Gulberg Near Qaddafi Stadium,https://www.booking.com/hotel/pk/modern-2br-gulberg-near-qaddafi-stadium-family-friendly.en-gb.html?aid=304142&label=gen173nr-10CAQoggJCDWNpdHlfLTI3NjcwNDNICVgEaLUBiAEBmAEzuAEHyAEM2AED6AEB-AEBiAIBqAIBuALBjMLTBsACAdICJDRlYmVmMGVjLTBmMjctNDNkNS05MDQ0LWY2ZTFmMzRjMjI5M9gCAeACAQ&ucfs=1&arphpl=1&checkin=2026-08-06&checkout=2026-08-07&dest_id=-2767043&dest_type=city&group_adults=2&req_adults=2&no_rooms=1&group_children=0&req_children=0&hpos=6&hapos=546&sr_order=popularity&srpvid=7b4f562059d9004c&srepoch=1785759377&all_sr_blocks=1627072401_433364698_2_0_0_1433790&highlighted_blocks=1627072401_433364698_2_0_0_1433790&matching_block_id=1627072401_433364698_2_0_0_1433790&sr_pri_blocks=1627072401_433364698_2_0_0_1433790_1556100&from=searchresults,15561,,,"Gulberg, Lahore",5.7,Two-Bedroom Family Apartment,"4 beds (2 sofa beds, 2 large doubles)",0,1,1,https://cf.bstatic.com/xdata/images/hotel/square240/859826883.webp?k=9b03db1714c52058f61c709b1e231c31dc66a023fdafbdb8d8f13a2ac28b11b5&o=,5,Lahore
Urban Suites,https://www.booking.com/hotel/pk/urban-suites-lahore.en-gb.html?aid=304142&label=gen173nr-10CAQoggJCDWNpdHlfLTI3NjcwNDNICVgEaLUBiAEBmAEzuAEHyAEM2AED6AEB-AEBiAIBqAIBuALBjMLTBsACAdICJDRlYmVmMGVjLTBmMjctNDNkNS05MDQ0LWY2ZTFmMzRjMjI5M9gCAeACAQ&ucfs=1&arphpl=1&checkin=2026-08-06&checkout=2026-08-07&dest_id=-2767043&dest_type=city&group_adults=2&req_adults=2&no_rooms=1&group_children=0&req_children=0&hpos=7&hapos=547&sr_order=popularity&srpvid=7b4f562059d9004c&srepoch=1785759377&all_sr_blocks=1676959901_439414409_2_0_0&highlighted_blocks=1676959901_439414409_2_0_0&matching_block_id=1676959901_439414409_2_0_0&sr_pri_blocks=1676959901_439414409_2_0_0__765000&from=searchresults,7650,,,Lahore,25.5,One-Bedroom Apartment,"3 beds (1 double, 2 sofa beds)",0,1,1,https://cf.bstatic.com/xdata/images/hotel/square240/889119028.webp?k=6e78b2950fc1285139aa0420ff5ec02b816939517d082a62656b56f0eb956c70&o=,4,Lahore
StayEasy Gulberg,https://www.booking.com/hotel/pk/stayeasy-gulberg.en-gb.html?aid=304142&label=gen173nr-10CAQoggJCDWNpdHlfLTI3NjcwNDNICVgEaLUBiAEBmAEzuAEHyAEM2AED6AEB-AEBiAIBqAIBuALBjMLTBsACAdICJDRlYmVmMGVjLTBmMjctNDNkNS05MDQ0LWY2ZTFmMzRjMjI5M9gCAeACAQ&ucfs=1&arphpl=1&checkin=2026-08-06&checkout=2026-08-07&dest_id=-2767043&dest_type=city&group_adults=2&req_adults=2&no_rooms=1&group_children=0&req_children=0&hpos=8&hapos=548&sr_order=popularity&srpvid=7b4f562059d9004c&srepoch=1785759377&all_sr_blocks=1600619701_431021161_0_2_0&highlighted_blocks=1600619701_431021161_0_2_0&matching_block_id=1600619701_431021161_0_2_0&sr_pri_blocks=1600619701_431021161_0_2_0__583000&from=searchresults,5830,,,Lahore,3.8,Double Room with Balcony,1 double bed,0,1,1,https://cf.bstatic.com/xdata/images/hotel/square240/838349023.webp?k=8fed32db9dd521e0b7e26e2535ab3f11c180666d6434e45b1a72a4b5cbe80f20&o=,4,Lahore
Peak Tower,https://www.booking.com/hotel/pk/peak-tower.en-gb.html?aid=304142&label=gen173nr-10CAQoggJCDWNpdHlfLTI3NjcwNDNICVgEaLUBiAEBmAEzuAEHyAEM2AED6AEB-AEBiAIBqAIBuALBjMLTBsACAdICJDRlYmVmMGVjLTBmMjctNDNkNS05MDQ0LWY2ZTFmMzRjMjI5M9gCAeACAQ&ucfs=1&arphpl=1&checkin=2026-08-06&checkout=2026-08-07&dest_id=-2767043&dest_type=city&group_adults=2&req_adults=2&no_rooms=1&group_children=0&req_children=0&hpos=9&hapos=549&sr_order=popularity&srpvid=7b4f562059d9004c&srepoch=1785759377&all_sr_blocks=970193403_405716983_0_1_0&highlighted_blocks=970193403_405716983_0_1_0&matching_block_id=970193403_405716983_0_1_0&sr_pri_blocks=970193403_405716983_0_1_0__1708000&from=searchresults,17080,8.1,29.0,"Johar Town, Lahore",11.3,Studio Apartment,1 large double bed,1,0,1,https://cf.bstatic.com/xdata/images/hotel/square240/559719828.webp?k=3e01fa0ae1ab05f1818168b81b154dd1b49da730c8d7a62dc19e73465654b28e&o=,12,Lahore
Luxor Apartments & Suites - DVA,https://www.booking.com/hotel/pk/luxor-apartments-dva.en-gb.html?aid=304142&label=gen173nr-10CAQoggJCDWNpdHlfLTI3NjcwNDNICVgEaLUBiAEBmAEzuAEHyAEM2AED6AEB-AEBiAIBqAIBuALBjMLTBsACAdICJDRlYmVmMGVjLTBmMjctNDNkNS05MDQ0LWY2ZTFmMzRjMjI5M9gCAeACAQ&ucfs=1&arphpl=1&checkin=2026-08-06&checkout=2026-08-07&dest_id=-2767043&dest_type=city&group_adults=2&req_adults=2&no_rooms=1&group_children=0&req_children=0&hpos=10&hapos=550&sr_order=popularity&srpvid=7b4f562059d9004c&srepoch=1785759377&all_sr_blocks=1425017704_437644452_2_0_0&highlighted_blocks=1425017704_437644452_2_0_0&matching_block_id=1425017704_437644452_2_0_0&sr_pri_blocks=1425017704_437644452_2_0_0__972000&from=searchresults,9720,6.5,20.0,Lahore,13.1,Studio Apartment,"2 beds (1 sofa bed, 1 large double)",0,1,1,https://cf.bstatic.com/xdata/images/hotel/square240/689168459.webp?k=09224c8fd98c4a6472f5cc5aed50cc2254239f53c015785e1722ade657ffedc4&o=,11,Lahore
Studio apartment by Alvis Suite - Penta Square DHA Lahore,https://www.booking.com/hotel/pk/studio-apartment-by-alvis-suite-penta-square-dha-lahore-lahore.en-gb.html?aid=304142&label=gen173nr-10CAQoggJCDWNpdHlfLTI3NjcwNDNICVgEaLUBiAEBmAEzuAEHyAEM2AED6AEB-AEBiAIBqAIBuALBjMLTBsACAdICJDRlYmVmMGVjLTBmMjctNDNkNS05MDQ0LWY2ZTFmMzRjMjI5M9gCAeACAQ&ucfs=1&arphpl=1&checkin=2026-08-06&checkout=2026-08-07&dest_id=-2767043&dest_type=city&group_adults=2&req_adults=2&no_rooms=1&group_children=0&req_children=0&hpos=11&hapos=551&sr_order=popularity&srpvid=7b4f562059d9004c&srepoch=1785759377&all_sr_blocks=1688095801_440461419_2_0_0&highlighted_blocks=1688095801_440461419_2_0_0&matching_block_id=1688095801_440461419_2_0_0&sr_pri_blocks=1688095801_440461419_2_0_0__1161186&from=searchresults,11612,,,Lahore,14.2,Studio Apartment,"2 beds (1 extra-large double, 1 sofa bed)",0,1,1,https://cf.bstatic.com/xdata/images/hotel/square240/894527538.webp?k=fbc0d7a8b392cacd2034e4eefe82b1fc60c7b00a1ceaf5e49bbb2bcab707ab9b&o=,12,Lahore
Al IMRAN villa 2 bedroom apartment,https://www.booking.com/hotel/pk/al-imran-villa.en-gb.html?aid=304142&label=gen173nr-10CAQoggJCDWNpdHlfLTI3NjcwNDNICVgEaLUBiAEBmAEzuAEHyAEM2AED6AEB-AEBiAIBqAIBuALBjMLTBsACAdICJDRlYmVmMGVjLTBmMjctNDNkNS05MDQ0LWY2ZTFmMzRjMjI5M9gCAeACAQ&ucfs=1&arphpl=1&checkin=2026-08-06&checkout=2026-08-07&dest_id=-2767043&dest_type=city&group_adults=2&req_adults=2&no_rooms=1&group_children=0&req_children=0&hpos=12&hapos=552&sr_order=popularity&srpvid=7b4f562059d9004c&srepoch=1785759377&all_sr_blocks=1501065002_421781671_11_1_0&highlighted_blocks=1501065002_421781671_11_1_0&matching_block_id=1501065002_421781671_11_1_0&sr_pri_blocks=1501065002_421781671_11_1_0__1200000&from=searchresults,12000,8.5,11.0,Lahore,4.4,Apartment,"11 beds (2 extra-large doubles, 9 sofa beds)",1,1,1,https://cf.bstatic.com/xdata/images/hotel/square240/776017142.webp?k=81151eff214e629300f5271d7af00ee353feeaafebfeb9f990be83388f1f8f60&o=,4,Lahore
The Urban Residences,https://www.booking.com/hotel/pk/the-urban-nest-lahore.en-gb.html?aid=304142&label=gen173nr-10CAQoggJCDWNpdHlfLTI3NjcwNDNICVgEaLUBiAEBmAEzuAEHyAEM2AED6AEB-AEBiAIBqAIBuALBjMLTBsACAdICJDRlYmVmMGVjLTBmMjctNDNkNS05MDQ0LWY2ZTFmMzRjMjI5M9gCAeACAQ&ucfs=1&arphpl=1&checkin=2026-08-06&checkout=2026-08-07&dest_id=-2767043&dest_type=city&group_adults=2&req_adults=2&no_rooms=1&group_children=0&req_children=0&hpos=13&hapos=553&sr_order=popularity&srpvid=7b4f562059d9004c&srepoch=1785759377&all_sr_blocks=1549196603_426147893_2_0_0&highlighted_blocks=1549196603_426147893_2_0_0&matching_block_id=1549196603_426147893_2_0_0&sr_pri_blocks=1549196603_426147893_2_0_0__600000&from=searchresults,6000,10,2.0,Lahore,20.1,Double Room with Patio,1 double bed,0,1,1,https://cf.bstatic.com/xdata/images/hotel/square240/795016073.webp?k=096e35e3f655ed125e81e6080bac6cc5e26915c9cf857580597a527f02efb746&o=,4,Lahore
Precious life apartments,https://www.booking.com/hotel/pk/precious-life-apartments.en-gb.html?aid=304142&label=gen173nr-10CAQoggJCDWNpdHlfLTI3NjcwNDNICVgEaLUBiAEBmAEzuAEHyAEM2AED6AEB-AEBiAIBqAIBuALBjMLTBsACAdICJDRlYmVmMGVjLTBmMjctNDNkNS05MDQ0LWY2ZTFmMzRjMjI5M9gCAeACAQ&ucfs=1&arphpl=1&checkin=2026-08-06&checkout=2026-08-07&dest_id=-2767043&dest_type=city&group_adults=2&req_adults=2&no_rooms=1&group_children=0&req_children=0&hpos=14&hapos=554&sr_order=popularity&srpvid=7b4f562059d9004c&srepoch=1785759377&all_sr_blocks=1295794102_409389299_2_0_0_767952&highlighted_blocks=1295794102_409389299_2_0_0_767952&matching_block_id=1295794102_409389299_2_0_0_767952&sr_pri_blocks=1295794102_409389299_2_0_0_767952_950000&from=searchresults,9500,5.7,8.0,Lahore,14.9,One-Bedroom Apartment,"3 beds (2 singles, 1 sofa bed)",0,1,1,https://cf.bstatic.com/xdata/images/hotel/square240/629164001.webp?k=04500bcda71ca0126e17192eccabae8395ffbee1c12696124adc67d56e553d8d&o=,4,Lahore
Brand New Vacation House,https://www.booking.com/hotel/pk/brand-new-vacation-house.en-gb.html?aid=304142&label=gen173nr-10CAQoggJCDWNpdHlfLTI3NjcwNDNICVgEaLUBiAEBmAEzuAEHyAEM2AED6AEB-AEBiAIBqAIBuALBjMLTBsACAdICJDRlYmVmMGVjLTBmMjctNDNkNS05MDQ0LWY2ZTFmMzRjMjI5M9gCAeACAQ&ucfs=1&arphpl=1&checkin=2026-08-06&checkout=2026-08-07&dest_id=-2767043&dest_type=city&group_adults=2&req_adults=2&no_rooms=1&group_children=0&req_children=0&hpos=15&hapos=555&sr_order=popularity&srpvid=7b4f562059d9004c&srepoch=1785759377&all_sr_blocks=1537159401_425182461_0_0_0&highlighted_blocks=1537159401_425182461_0_0_0&matching_block_id=1537159401_425182461_0_0_0&sr_pri_blocks=1537159401_425182461_0_0_0__1958121&from=searchresults,19581,8.5,2.0,Lahore,26.4,Three-Bedroom House,"5 beds (3 extra-large doubles, 2 sofa beds)",0,1,1,https://cf.bstatic.com/xdata/images/hotel/square240/785652752.webp?k=5bcabb7dd957226f6c79171fe478be1b01048c57d763ede3fab5dd1a41ea9d0f&o=,4,Lahore
2BHK Luxury Penthouse Bahria Town Lahore,https://www.booking.com/hotel/pk/2bhk-luxury-penthouse-bahria-town-lahore.en-gb.html?aid=304142&label=gen173nr-10CAQoggJCDWNpdHlfLTI3NjcwNDNICVgEaLUBiAEBmAEzuAEHyAEM2AED6AEB-AEBiAIBqAIBuALBjMLTBsACAdICJDRlYmVmMGVjLTBmMjctNDNkNS05MDQ0LWY2ZTFmMzRjMjI5M9gCAeACAQ&ucfs=1&arphpl=1&checkin=2026-08-06&checkout=2026-08-07&dest_id=-2767043&dest_type=city&group_adults=2&req_adults=2&no_rooms=1&group_children=0&req_children=0&hpos=16&hapos=556&sr_order=popularity&srpvid=7b4f562059d9004c&srepoch=1785759377&all_sr_blocks=1686487601_440286188_5_0_0&highlighted_blocks=1686487601_440286188_5_0_0&matching_block_id=1686487601_440286188_5_0_0&sr_pri_blocks=1686487601_440286188_5_0_0__1275000&from=searchresults,12750,,,Lahore,24.7,Two-Bedroom Apartment,1 double bed,0,1,1,https://cf.bstatic.com/xdata/images/hotel/square240/893728093.webp?k=dace71d4acbf0b96f8e12766a7a841ce1addfad83ec09b3ffb9c0cdd8b539542&o=,4,Lahore
Luxor Apartments & Suites - Opal,https://www.booking.com/hotel/pk/luxor-apartments-amp-suites-opal.en-gb.html?aid=304142&label=gen173nr-10CAQoggJCDWNpdHlfLTI3NjcwNDNICVgEaLUBiAEBmAEzuAEHyAEM2AED6AEB-AEBiAIBqAIBuALBjMLTBsACAdICJDRlYmVmMGVjLTBmMjctNDNkNS05MDQ0LWY2ZTFmMzRjMjI5M9gCAeACAQ&ucfs=1&arphpl=1&checkin=2026-08-06&checkout=2026-08-07&dest_id=-2767043&dest_type=city&group_adults=2&req_adults=2&no_rooms=1&group_children=0&req_children=0&hpos=17&hapos=557&sr_order=popularity&srpvid=7b4f562059d9004c&srepoch=1785759377&all_sr_blocks=1426968012_434531543_2_0_0&highlighted_blocks=1426968012_434531543_2_0_0&matching_block_id=1426968012_434531543_2_0_0&sr_pri_blocks=1426968012_434531543_2_0_0__984000&from=searchresults,9840,6.5,24.0,Lahore,18.4,Studio Apartment,"2 beds (1 sofa bed, 1 large double)",0,1,1,https://cf.bstatic.com/xdata/images/hotel/square240/902088553.webp?k=8a680f9ecd5c0556de33e236f7e7846e3165b84f6c8a2602baf3e1bce32b701f&o=,11,Lahore
Red Fort Hotel Gulberg,https://www.booking.com/hotel/pk/red-fort-lahore.en-gb.html?aid=304142&label=gen173nr-10CAQoggJCDWNpdHlfLTI3NjcwNDNICVgEaLUBiAEBmAEzuAEHyAEM2AED6AEB-AEBiAIBqAIBuALBjMLTBsACAdICJDRlYmVmMGVjLTBmMjctNDNkNS05MDQ0LWY2ZTFmMzRjMjI5M9gCAeACAQ&ucfs=1&arphpl=1&checkin=2026-08-06&checkout=2026-08-07&dest_id=-2767043&dest_type=city&group_adults=2&req_adults=2&no_rooms=1&group_children=0&req_children=0&hpos=18&hapos=558&sr_order=popularity&srpvid=7b4f562059d9004c&srepoch=1785759377&all_sr_blocks=894552301_359942284_2_1_0_140611&highlighted_blocks=894552301_359942284_2_1_0_140611&matching_block_id=894552301_359942284_2_1_0_140611&sr_pri_blocks=894552301_359942284_2_1_0_140611_780000&from=searchresults,7800,8.1,108.0,"Gulberg, Lahore",6.1,Budget Double Room,1 extra-large double bed,1,1,1,https://cf.bstatic.com/xdata/images/hotel/square240/389686514.webp?k=86d9bcae5d2fef4dffa0a1089cdb8601c06bce7320da78ee1f358a12650074d1&o=,12,Lahore
"Free Parking-Luxury 1 Bed with Pool,Gym,Cinema",https://www.booking.com/hotel/pk/1-bed-premium-apt-with-pool.en-gb.html?aid=304142&label=gen173nr-10CAQoggJCDWNpdHlfLTI3NjcwNDNICVgEaLUBiAEBmAEzuAEHyAEM2AED6AEB-AEBiAIBqAIBuALBjMLTBsACAdICJDRlYmVmMGVjLTBmMjctNDNkNS05MDQ0LWY2ZTFmMzRjMjI5M9gCAeACAQ&ucfs=1&arphpl=1&checkin=2026-08-06&checkout=2026-08-07&dest_id=-2767043&dest_type=city&group_adults=2&req_adults=2&no_rooms=1&group_children=0&req_children=0&hpos=19&hapos=559&sr_order=popularity&srpvid=7b4f562059d9004c&srepoch=1785759377&all_sr_blocks=1222873401_394420730_2_0_0&highlighted_blocks=1222873401_394420730_2_0_0&matching_block_id=1222873401_394420730_2_0_0&sr_pri_blocks=1222873401_394420730_2_0_0__1350000&from=searchresults,13500,9.6,5.0,Lahore,18.3,One-Bedroom Apartment,"2 beds (1 double, 1 sofa bed)",0,0,0,https://cf.bstatic.com/xdata/images/hotel/square240/598220895.webp?k=f405fcb079c63eef9aeb5acece6a39572419f6ea407fc45bfeab6126de1c5938&o=,10,Lahore
Couple Family Heaven,https://www.booking.com/hotel/pk/room-for-family-and-couple.en-gb.html?aid=304142&label=gen173nr-10CAQoggJCDWNpdHlfLTI3NjcwNDNICVgEaLUBiAEBmAEzuAEHyAEM2AED6AEB-AEBiAIBqAIBuALBjMLTBsACAdICJDRlYmVmMGVjLTBmMjctNDNkNS05MDQ0LWY2ZTFmMzRjMjI5M9gCAeACAQ&ucfs=1&arphpl=1&checkin=2026-08-06&checkout=2026-08-07&dest_id=-2767043&dest_type=city&group_adults=2&req_adults=2&no_rooms=1&group_children=0&req_children=0&hpos=20&hapos=560&sr_order=popularity&srpvid=7b4f562059d9004c&srepoch=1785759377&all_sr_blocks=1494438801_421105651_2_1_0&highlighted_blocks=1494438801_421105651_2_1_0&matching_block_id=1494438801_421105651_2_1_0&sr_pri_blocks=1494438801_421105651_2_1_0__600000&from=searchresults,6000,10,2.0,Lahore,16.5,One-Bedroom Apartment,1 double bed,1,1,1,https://cf.bstatic.com/xdata/images/hotel/square240/747895396.webp?k=59bd7860e7620e84a73782a349de62c898fc806b4368f863672a0996348d174e&o=,4,Lahore
Discover the true definition of luxury in Gold Crest Mall by HBA,https://www.booking.com/hotel/pk/one-bed-luxury-gold-crest-mall-apartments.en-gb.html?aid=304142&label=gen173nr-10CAQoggJCDWNpdHlfLTI3NjcwNDNICVgEaLUBiAEBmAEzuAEHyAEM2AED6AEB-AEBiAIBqAIBuALBjMLTBsACAdICJDRlYmVmMGVjLTBmMjctNDNkNS05MDQ0LWY2ZTFmMzRjMjI5M9gCAeACAQ&ucfs=1&arphpl=1&checkin=2026-08-06&checkout=2026-08-07&dest_id=-2767043&dest_type=city&group_adults=2&req_adults=2&no_rooms=1&group_children=0&req_children=0&hpos=21&hapos=561&sr_order=popularity&srpvid=7b4f562059d9004c&srepoch=1785759377&all_sr_blocks=1380892002_410186445_2_0_0_1085670&highlighted_blocks=1380892002_410186445_2_0_0_1085670&matching_block_id=1380892002_410186445_2_0_0_1085670&sr_pri_blocks=1380892002_410186445_2_0_0_1085670_1155000&from=searchresults,11550,10,1.0,Lahore,12.0,King Studio,1 extra-large double bed,0,1,1,https://cf.bstatic.com/xdata/images/hotel/square240/661466994.webp?k=3bfea3ce467eee59da4ac1f1db29102445e629192eb989f8743bfe593071c87a&o=,14,Lahore
Goldcrest Executive Apartments by Panorama in DHA Phase 4 Lahore,https://www.booking.com/hotel/pk/goldcrest-executive-apartments-by-panorama-in-dha-phase-4-lahore.en-gb.html?aid=304142&label=gen173nr-10CAQoggJCDWNpdHlfLTI3NjcwNDNICVgEaLUBiAEBmAEzuAEHyAEM2AED6AEB-AEBiAIBqAIBuALBjMLTBsACAdICJDRlYmVmMGVjLTBmMjctNDNkNS05MDQ0LWY2ZTFmMzRjMjI5M9gCAeACAQ&ucfs=1&arphpl=1&checkin=2026-08-06&checkout=2026-08-07&dest_id=-2767043&dest_type=city&group_adults=2&req_adults=2&no_rooms=1&group_children=0&req_children=0&hpos=22&hapos=562&sr_order=popularity&srpvid=7b4f562059d9004c&srepoch=1785759377&all_sr_blocks=1430000102_414566793_2_0_0&highlighted_blocks=1430000102_414566793_2_0_0&matching_block_id=1430000102_414566793_2_0_0&sr_pri_blocks=1430000102_414566793_2_0_0__1280000&from=searchresults,12800,7.7,4.0,Lahore,12.4,Standard Studio,1 large double bed,0,1,1,https://cf.bstatic.com/xdata/images/hotel/square240/692692474.webp?k=3d8f8da16df747c764e9569f1b3376e2a700fa2d9bf7a7ba58c18915e777478c&o=,11,Lahore
Dove inn Hotel near Shaukat Khanum Hospital,https://www.booking.com/hotel/pk/dove-inn-johar-town.en-gb.html?aid=304142&label=gen173nr-10CAQoggJCDWNpdHlfLTI3NjcwNDNICVgEaLUBiAEBmAEzuAEHyAEM2AED6AEB-AEBiAIBqAIBuALBjMLTBsACAdICJDRlYmVmMGVjLTBmMjctNDNkNS05MDQ0LWY2ZTFmMzRjMjI5M9gCAeACAQ&ucfs=1&arphpl=1&checkin=2026-08-06&checkout=2026-08-07&dest_id=-2767043&dest_type=city&group_adults=2&req_adults=2&no_rooms=1&group_children=0&req_children=0&hpos=23&hapos=563&sr_order=popularity&srpvid=7b4f562059d9004c&srepoch=1785759377&all_sr_blocks=929393308_410088044_0_10_0&highlighted_blocks=929393308_410088044_0_10_0&matching_block_id=929393308_410088044_0_10_0&sr_pri_blocks=929393308_410088044_0_10_0__418000&from=searchresults,4180,7.4,91.0,"Johar Town, Lahore",13.3,Standard Double Room,1 double bed,0,1,1,https://cf.bstatic.com/xdata/images/hotel/square240/697163646.webp?k=92f3f30d7aedb4d5fd3039b1eeb33c5e7d1fb8c55e5a86dcfcfa7cf32a065d11&o=,5,Lahore
Gold Pine Hotel Lahore,https://www.booking.com/hotel/pk/gold-pine-and-apartments.en-gb.html?aid=304142&label=gen173nr-10CAQoggJCDWNpdHlfLTI3NjcwNDNICVgEaLUBiAEBmAEzuAEHyAEM2AED6AEB-AEBiAIBqAIBuALBjMLTBsACAdICJDRlYmVmMGVjLTBmMjctNDNkNS05MDQ0LWY2ZTFmMzRjMjI5M9gCAeACAQ&ucfs=1&arphpl=1&checkin=2026-08-06&checkout=2026-08-07&dest_id=-2767043&dest_type=city&group_adults=2&req_adults=2&no_rooms=1&group_children=0&req_children=0&hpos=24&hapos=564&sr_order=popularity&srpvid=7b4f562059d9004c&srepoch=1785759377&all_sr_blocks=1202738101_0_2_1_0&highlighted_blocks=1202738101_0_2_1_0&matching_block_id=1202738101_0_2_1_0&sr_pri_blocks=1202738101_0_2_1_0__983694&from=searchresults,9837,8.0,116.0,"Johar Town, Lahore",11.4,Deluxe Room,1 double bed,1,0,0,https://cf.bstatic.com/xdata/images/hotel/square240/564766964.webp?k=bbfbc5a709dad51b1208b3dfc7254854e2ce33e21c09e6b30b87cec638b77cec&o=,9,Lahore
La Maison Royale Hotel,https://www.booking.com/hotel/pk/mb-residencia-suites.en-gb.html?aid=304142&label=gen173nr-10CAQoggJCDWNpdHlfLTI3NjcwNDNICVgEaLUBiAEBmAEzuAEHyAEM2AED6AEB-AEBiAIBqAIBuALBjMLTBsACAdICJDRlYmVmMGVjLTBmMjctNDNkNS05MDQ0LWY2ZTFmMzRjMjI5M9gCAeACAQ&ucfs=1&arphpl=1&checkin=2026-08-06&checkout=2026-08-07&dest_id=-2767043&dest_type=city&group_adults=2&req_adults=2&no_rooms=1&group_children=0&req_children=0&hpos=1&hapos=565&sr_order=popularity&srpvid=7b4f562059d9004c&srepoch=1785759382&all_sr_blocks=1506787305_434002388_0_1_0&highlighted_blocks=1506787305_434002388_0_1_0&matching_block_id=1506787305_434002388_0_1_0&sr_pri_blocks=1506787305_434002388_0_1_0__1850000&from=searchresults,18500,8.4,8.0,"Gulberg, Lahore",6.4,Deluxe Queen Room,1 large double bed,1,1,0,https://cf.bstatic.com/xdata/images/hotel/square240/865284916.webp?k=629f0d751ef427b4025097d270c44a997756ce64bdbe8fcb19a6212584ae60c0&o=,10,Lahore
"Haven Elite Villa, DHA Phase 6 Lahore - 4BR Luxury Villa",https://www.booking.com/hotel/pk/haven-holiday-home-4br-luxury-villa-in-dha-lahore.en-gb.html?aid=304142&label=gen173nr-10CAQoggJCDWNpdHlfLTI3NjcwNDNICVgEaLUBiAEBmAEzuAEHyAEM2AED6AEB-AEBiAIBqAIBuALBjMLTBsACAdICJDRlYmVmMGVjLTBmMjctNDNkNS05MDQ0LWY2ZTFmMzRjMjI5M9gCAeACAQ&ucfs=1&arphpl=1&checkin=2026-08-06&checkout=2026-08-07&dest_id=-2767043&dest_type=city&group_adults=2&req_adults=2&no_rooms=1&group_children=0&req_children=0&hpos=2&hapos=566&sr_order=popularity&srpvid=7b4f562059d9004c&srepoch=1785759382&all_sr_blocks=1622162801_433005620_6_0_0&highlighted_blocks=1622162801_433005620_6_0_0&matching_block_id=1622162801_433005620_6_0_0&sr_pri_blocks=1622162801_433005620_6_0_0__3928500&from=searchresults,39285,10,1.0,Lahore,16.9,Villa,"8 beds (2 extra-large doubles, 2 large doubles, 4 futons)",0,1,1,https://cf.bstatic.com/xdata/images/hotel/square240/856800573.webp?k=760c1c9459ef7795d1b700a13ed1308247ebd19722a0485e86d4d64dc9d4f70c&o=,12,Lahore
12th Avenue,https://www.booking.com/hotel/pk/12th-ave.en-gb.html?aid=304142&label=gen173nr-10CAQoggJCDWNpdHlfLTI3NjcwNDNICVgEaLUBiAEBmAEzuAEHyAEM2AED6AEB-AEBiAIBqAIBuALBjMLTBsACAdICJDRlYmVmMGVjLTBmMjctNDNkNS05MDQ0LWY2ZTFmMzRjMjI5M9gCAeACAQ&ucfs=1&arphpl=1&checkin=2026-08-06&checkout=2026-08-07&dest_id=-2767043&dest_type=city&group_adults=2&req_adults=2&no_rooms=1&group_children=0&req_children=0&hpos=3&hapos=567&sr_order=popularity&srpvid=7b4f562059d9004c&srepoch=1785759382&all_sr_blocks=421009806_440612398_2_2_0&highlighted_blocks=421009806_440612398_2_2_0&matching_block_id=421009806_440612398_2_2_0&sr_pri_blocks=421009806_440612398_2_2_0__956165&from=searchresults,9562,8.4,278.0,Lahore,13.1,Superior Double Room,1 double bed,0,1,1,https://cf.bstatic.com/xdata/images/hotel/square240/754188476.webp?k=bf253dc27eae28a6743c4464472438790d979c7a0dda7371e1e8ab3d5bafae6c&o=,12,Lahore
Stayfacation,https://www.booking.com/hotel/pk/stayfacation.en-gb.html?aid=304142&label=gen173nr-10CAQoggJCDWNpdHlfLTI3NjcwNDNICVgEaLUBiAEBmAEzuAEHyAEM2AED6AEB-AEBiAIBqAIBuALBjMLTBsACAdICJDRlYmVmMGVjLTBmMjctNDNkNS05MDQ0LWY2ZTFmMzRjMjI5M9gCAeACAQ&ucfs=1&arphpl=1&checkin=2026-08-06&checkout=2026-08-07&dest_id=-2767043&dest_type=city&group_adults=2&req_adults=2&no_rooms=1&group_children=0&req_children=0&hpos=4&hapos=568&sr_order=popularity&srpvid=7b4f562059d9004c&srepoch=1785759382&all_sr_blocks=1672835401_439050152_2_2_0&highlighted_blocks=1672835401_439050152_2_2_0&matching_block_id=1672835401_439050152_2_2_0&sr_pri_blocks=1672835401_439050152_2_2_0__1088000&from=searchresults,10880,,,Lahore,13.7,Double Room,1 double bed,0,1,1,https://cf.bstatic.com/xdata/images/hotel/square240/886977396.webp?k=9f0a1375d16a7ba3ee480d70e33587f36b23f2e77c21b2598f91011049c204ea&o=,5,Lahore
Royal Height Residence Best Value Luxury Apartments in Bahria Town Lahore,https://www.booking.com/hotel/pk/royal-height-residence-lahore1.en-gb.html?aid=304142&label=gen173nr-10CAQoggJCDWNpdHlfLTI3NjcwNDNICVgEaLUBiAEBmAEzuAEHyAEM2AED6AEB-AEBiAIBqAIBuALBjMLTBsACAdICJDRlYmVmMGVjLTBmMjctNDNkNS05MDQ0LWY2ZTFmMzRjMjI5M9gCAeACAQ&ucfs=1&arphpl=1&checkin=2026-08-06&checkout=2026-08-07&dest_id=-2767043&dest_type=city&group_adults=2&req_adults=2&no_rooms=1&group_children=0&req_children=0&hpos=5&hapos=569&sr_order=popularity&srpvid=7b4f562059d9004c&srepoch=1785759382&all_sr_blocks=1204848701_392706781_2_0_0&highlighted_blocks=1204848701_392706781_2_0_0&matching_block_id=1204848701_392706781_2_0_0&sr_pri_blocks=1204848701_392706781_2_0_0__810000&from=searchresults,8100,7.0,4.0,Lahore,25.3,One-Bedroom Apartment,"2 beds (1 double, 1 sofa bed)",0,1,1,https://cf.bstatic.com/xdata/images/hotel/square240/555944148.webp?k=38540ee1eb4cebcc0e2aee3b5b8ea78e6039a24b80852cb91aab3ce597126562&o=,4,Lahore
Penta Square - Studio Apartment by Alvis Suite,https://www.booking.com/hotel/pk/penta-square-studio-apartment-by-alvis-suite-lahore9.en-gb.html?aid=304142&label=gen173nr-10CAQoggJCDWNpdHlfLTI3NjcwNDNICVgEaLUBiAEBmAEzuAEHyAEM2AED6AEB-AEBiAIBqAIBuALBjMLTBsACAdICJDRlYmVmMGVjLTBmMjctNDNkNS05MDQ0LWY2ZTFmMzRjMjI5M9gCAeACAQ&ucfs=1&arphpl=1&checkin=2026-08-06&checkout=2026-08-07&dest_id=-2767043&dest_type=city&group_adults=2&req_adults=2&no_rooms=1&group_children=0&req_children=0&hpos=6&hapos=570&sr_order=popularity&srpvid=7b4f562059d9004c&srepoch=1785759382&all_sr_blocks=1684564301_440130088_2_0_0&highlighted_blocks=1684564301_440130088_2_0_0&matching_block_id=1684564301_440130088_2_0_0&sr_pri_blocks=1684564301_440130088_2_0_0__1229491&from=searchresults,12295,,,Lahore,14.2,Studio Apartment,"2 beds (1 extra-large double, 1 sofa bed)",0,0,0,https://cf.bstatic.com/xdata/images/hotel/square240/892760103.webp?k=5e0bd4e45953f60b06a348018137b2eaa7e790bc6bcf4ba8747122506f11eede&o=,10,Lahore
Luxury 1 Bed Apartment in Opus Luxury Residences Gulberg Lahore - Near MM Alam Road,https://www.booking.com/hotel/pk/luxury-1-bed-apartment-in-opus-luxury-residences-gulberg-lahore-near-mm-alam-roa.en-gb.html?aid=304142&label=gen173nr-10CAQoggJCDWNpdHlfLTI3NjcwNDNICVgEaLUBiAEBmAEzuAEHyAEM2AED6AEB-AEBiAIBqAIBuALBjMLTBsACAdICJDRlYmVmMGVjLTBmMjctNDNkNS05MDQ0LWY2ZTFmMzRjMjI5M9gCAeACAQ&ucfs=1&arphpl=1&checkin=2026-08-06&checkout=2026-08-07&dest_id=-2767043&dest_type=city&group_adults=2&req_adults=2&no_rooms=1&group_children=0&req_children=0&hpos=7&hapos=571&sr_order=popularity&srpvid=7b4f562059d9004c&srepoch=1785759382&all_sr_blocks=1611544701_432060805_3_0_0&highlighted_blocks=1611544701_432060805_3_0_0&matching_block_id=1611544701_432060805_3_0_0&sr_pri_blocks=1611544701_432060805_3_0_0__1199900&from=searchresults,11999,,,"Gulberg, Lahore",6.9,One-Bedroom Apartment,1 large double bed,0,1,1,https://cf.bstatic.com/xdata/images/hotel/square240/847463179.webp?k=a220c8d12d363c94c5596a766eb098c2264169e9e289d19eaa22df18ce1021b4&o=,4,Lahore
Flexora suites,https://www.booking.com/hotel/pk/flexora-suites.en-gb.html?aid=304142&label=gen173nr-10CAQoggJCDWNpdHlfLTI3NjcwNDNICVgEaLUBiAEBmAEzuAEHyAEM2AED6AEB-AEBiAIBqAIBuALBjMLTBsACAdICJDRlYmVmMGVjLTBmMjctNDNkNS05MDQ0LWY2ZTFmMzRjMjI5M9gCAeACAQ&ucfs=1&arphpl=1&checkin=2026-08-06&checkout=2026-08-07&dest_id=-2767043&dest_type=city&group_adults=2&req_adults=2&no_rooms=1&group_children=0&req_children=0&hpos=8&hapos=572&sr_order=popularity&srpvid=7b4f562059d9004c&srepoch=1785759382&all_sr_blocks=1639764701_434238444_4_0_0&highlighted_blocks=1639764701_434238444_4_0_0&matching_block_id=1639764701_434238444_4_0_0&sr_pri_blocks=1639764701_434238444_4_0_0__1100000&from=searchresults,11000,,,Lahore,26.4,One-Bedroom Apartment,"2 beds (1 double, 1 sofa bed)",0,1,1,https://cf.bstatic.com/xdata/images/hotel/square240/866620751.webp?k=15a732a66b6cac516fc3f5e33718cab9050c4e3af6ff5c6c75579cfd2c83339c&o=,4,Lahore
Chanar Spring Meadows,https://www.booking.com/hotel/pk/chanar-spring-meadows-lahore.en-gb.html?aid=304142&label=gen173nr-10CAQoggJCDWNpdHlfLTI3NjcwNDNICVgEaLUBiAEBmAEzuAEHyAEM2AED6AEB-AEBiAIBqAIBuALBjMLTBsACAdICJDRlYmVmMGVjLTBmMjctNDNkNS05MDQ0LWY2ZTFmMzRjMjI5M9gCAeACAQ&ucfs=1&arphpl=1&checkin=2026-08-06&checkout=2026-08-07&dest_id=-2767043&dest_type=city&group_adults=2&req_adults=2&no_rooms=1&group_children=0&req_children=0&hpos=9&hapos=573&sr_order=popularity&srpvid=7b4f562059d9004c&srepoch=1785759382&all_sr_blocks=1511586502_422907251_2_0_0&highlighted_blocks=1511586502_422907251_2_0_0&matching_block_id=1511586502_422907251_2_0_0&sr_pri_blocks=1511586502_422907251_2_0_0__1329905&from=searchresults,13299,,,Lahore,23.7,Budget Double Room,1 double bed,0,1,1,https://cf.bstatic.com/xdata/images/hotel/square240/764386665.webp?k=6769a44d497541344998eb077a1fc7c63fac468ba384bd8fc9df903e5efe5a83&o=,4,Lahore
Penta Square Lahore - Apartments by Alvis Suite,https://www.booking.com/hotel/pk/penta-square-lahore-apartments-by-alvis-suite.en-gb.html?aid=304142&label=gen173nr-10CAQoggJCDWNpdHlfLTI3NjcwNDNICVgEaLUBiAEBmAEzuAEHyAEM2AED6AEB-AEBiAIBqAIBuALBjMLTBsACAdICJDRlYmVmMGVjLTBmMjctNDNkNS05MDQ0LWY2ZTFmMzRjMjI5M9gCAeACAQ&ucfs=1&arphpl=1&checkin=2026-08-06&checkout=2026-08-07&dest_id=-2767043&dest_type=city&group_adults=2&req_adults=2&no_rooms=1&group_children=0&req_children=0&hpos=10&hapos=574&sr_order=popularity&srpvid=7b4f562059d9004c&srepoch=1785759382&all_sr_blocks=1692838901_440939372_2_0_0&highlighted_blocks=1692838901_440939372_2_0_0&matching_block_id=1692838901_440939372_2_0_0&sr_pri_blocks=1692838901_440939372_2_0_0__1172915&from=searchresults,11729,,,Lahore,14.2,Studio Apartment,1 large double bed,0,1,1,https://cf.bstatic.com/xdata/images/hotel/square240/898051171.webp?k=5976100981fce86338515dbb5909db17b4fa2f24869cfa7020c16ab1624dbb5a&o=,12,Lahore
Ambassador Hotel,https://www.booking.com/hotel/pk/ambassador-lahore1.en-gb.html?aid=304142&label=gen173nr-10CAQoggJCDWNpdHlfLTI3NjcwNDNICVgEaLUBiAEBmAEzuAEHyAEM2AED6AEB-AEBiAIBqAIBuALBjMLTBsACAdICJDRlYmVmMGVjLTBmMjctNDNkNS05MDQ0LWY2ZTFmMzRjMjI5M9gCAeACAQ&ucfs=1&arphpl=1&checkin=2026-08-06&checkout=2026-08-07&dest_id=-2767043&dest_type=city&group_adults=2&req_adults=2&no_rooms=1&group_children=0&req_children=0&hpos=11&hapos=575&sr_order=popularity&srpvid=7b4f562059d9004c&srepoch=1785759382&all_sr_blocks=1698779601_441534859_2_1_0&highlighted_blocks=1698779601_441534859_2_1_0&matching_block_id=1698779601_441534859_2_1_0&sr_pri_blocks=1698779601_441534859_2_1_0__2500000&from=searchresults,25000,,,Lahore,1.4,Deluxe Double or Twin Room with Pool View,"3 beds (2 singles, 1 double)",1,1,1,https://cf.bstatic.com/xdata/images/hotel/square240/901725380.webp?k=00e1b60391ccc6cf264155a40c7e89b99de6bdace0efd8b9d66cfef1009fe73c&o=,12,Lahore
Apartment Available in Bahria Town,https://www.booking.com/hotel/pk/apartment-available-in-bahria-town.en-gb.html?aid=304142&label=gen173nr-10CAQoggJCDWNpdHlfLTI3NjcwNDNICVgEaLUBiAEBmAEzuAEHyAEM2AED6AEB-AEBiAIBqAIBuALBjMLTBsACAdICJDRlYmVmMGVjLTBmMjctNDNkNS05MDQ0LWY2ZTFmMzRjMjI5M9gCAeACAQ&ucfs=1&arphpl=1&checkin=2026-08-06&checkout=2026-08-07&dest_id=-2767043&dest_type=city&group_adults=2&req_adults=2&no_rooms=1&group_children=0&req_children=0&hpos=12&hapos=576&sr_order=popularity&srpvid=7b4f562059d9004c&srepoch=1785759382&all_sr_blocks=1645958301_434612807_2_0_0&highlighted_blocks=1645958301_434612807_2_0_0&matching_block_id=1645958301_434612807_2_0_0&sr_pri_blocks=1645958301_434612807_2_0_0__650000&from=searchresults,6500,,,Lahore,25.6,One-Bedroom Apartment,1 double bed,0,1,1,https://cf.bstatic.com/xdata/images/hotel/square240/869901678.webp?k=3bad34ac5044e4fecd24fcb3abf5fa9f72bc4c12086f8ecc3333142ffbbc92f9&o=,4,Lahore
1 Bedroom Family Apartment - Smart TV - Netflix & PlayStation,https://www.booking.com/hotel/pk/1-bedroom-family-apartment-smart-tv-netflix-amp-playstation.en-gb.html?aid=304142&label=gen173nr-10CAQoggJCDWNpdHlfLTI3NjcwNDNICVgEaLUBiAEBmAEzuAEHyAEM2AED6AEB-AEBiAIBqAIBuALBjMLTBsACAdICJDRlYmVmMGVjLTBmMjctNDNkNS05MDQ0LWY2ZTFmMzRjMjI5M9gCAeACAQ&ucfs=1&arphpl=1&checkin=2026-08-06&checkout=2026-08-07&dest_id=-2767043&dest_type=city&group_adults=2&req_adults=2&no_rooms=1&group_children=0&req_children=0&hpos=13&hapos=577&sr_order=popularity&srpvid=7b4f562059d9004c&srepoch=1785759382&all_sr_blocks=1668891601_438700110_2_0_0&highlighted_blocks=1668891601_438700110_2_0_0&matching_block_id=1668891601_438700110_2_0_0&sr_pri_blocks=1668891601_438700110_2_0_0__661980&from=searchresults,6620,1.0,1.0,Lahore,26.6,One-Bedroom Apartment,"2 beds (1 double, 1 sofa bed)",0,1,1,https://cf.bstatic.com/xdata/images/hotel/square240/884310396.webp?k=e1125f3d216b3a7f5c9adf4fb3e6a5865db47c9c223db551c4bac2b468f29055&o=,4,Lahore
Regency Suite Hotel,https://www.booking.com/hotel/pk/regency-suites-lahore2.en-gb.html?aid=304142&label=gen173nr-10CAQoggJCDWNpdHlfLTI3NjcwNDNICVgEaLUBiAEBmAEzuAEHyAEM2AED6AEB-AEBiAIBqAIBuALBjMLTBsACAdICJDRlYmVmMGVjLTBmMjctNDNkNS05MDQ0LWY2ZTFmMzRjMjI5M9gCAeACAQ&ucfs=1&arphpl=1&checkin=2026-08-06&checkout=2026-08-07&dest_id=-2767043&dest_type=city&group_adults=2&req_adults=2&no_rooms=1&group_children=0&req_children=0&hpos=14&hapos=578&sr_order=popularity&srpvid=7b4f562059d9004c&srepoch=1785759382&all_sr_blocks=1529632601_425540977_2_42_0&highlighted_blocks=1529632601_425540977_2_42_0&matching_block_id=1529632601_425540977_2_42_0&sr_pri_blocks=1529632601_425540977_2_42_0__1869915&from=searchresults,18699,8.4,14.0,Lahore,7.7,Junior Suite,1 extra-large double bed,0,1,1,https://cf.bstatic.com/xdata/images/hotel/square240/893988039.webp?k=89765b83faec6165495acf1c8a5251afededfaba136bba78ff5237c14c182385&o=,13,Lahore
Shelton’s Rezidor Lahore,https://www.booking.com/hotel/pk/sheltons-rezidor-lahore.en-gb.html?aid=304142&label=gen173nr-10CAQoggJCDWNpdHlfLTI3NjcwNDNICVgEaLUBiAEBmAEzuAEHyAEM2AED6AEB-AEBiAIBqAIBuALBjMLTBsACAdICJDRlYmVmMGVjLTBmMjctNDNkNS05MDQ0LWY2ZTFmMzRjMjI5M9gCAeACAQ&ucfs=1&arphpl=1&checkin=2026-08-06&checkout=2026-08-07&dest_id=-2767043&dest_type=city&group_adults=2&req_adults=2&no_rooms=1&group_children=0&req_children=0&hpos=15&hapos=579&sr_order=popularity&srpvid=7b4f562059d9004c&srepoch=1785759382&all_sr_blocks=570913101_218492651_2_1_0&highlighted_blocks=570913101_218492651_2_1_0&matching_block_id=570913101_218492651_2_1_0&sr_pri_blocks=570913101_218492651_2_1_0__902500&from=searchresults,9025,7.6,178.0,Lahore,4.5,Deluxe Double Room,1 double bed,1,1,1,https://cf.bstatic.com/xdata/images/hotel/square240/236985347.webp?k=cae6fa52200ea161e743b6377e0fc087b386470d48b1eed351f2e7c8818d5f1c&o=,11,Lahore
Jacuzzi apartment,https://www.booking.com/hotel/pk/jacuzzi-apartment.en-gb.html?aid=304142&label=gen173nr-10CAQoggJCDWNpdHlfLTI3NjcwNDNICVgEaLUBiAEBmAEzuAEHyAEM2AED6AEB-AEBiAIBqAIBuALBjMLTBsACAdICJDRlYmVmMGVjLTBmMjctNDNkNS05MDQ0LWY2ZTFmMzRjMjI5M9gCAeACAQ&ucfs=1&arphpl=1&checkin=2026-08-06&checkout=2026-08-07&dest_id=-2767043&dest_type=city&group_adults=2&req_adults=2&no_rooms=1&group_children=0&req_children=0&hpos=16&hapos=580&sr_order=popularity&srpvid=7b4f562059d9004c&srepoch=1785759382&all_sr_blocks=1696832701_441360156_3_0_0&highlighted_blocks=1696832701_441360156_3_0_0&matching_block_id=1696832701_441360156_3_0_0&sr_pri_blocks=1696832701_441360156_3_0_0__1359150&from=searchresults,13592,,,Lahore,18.2,One-Bedroom Apartment,"2 beds (1 double, 1 sofa bed)",0,1,1,https://cf.bstatic.com/xdata/images/hotel/square240/900668138.webp?k=10aebef4eefe3d36afef2f372ae1fb84246d239ce19e2a47585af2a3c6944696&o=,4,Lahore
2 Bed Luxury Furnished Apartment In DHA Phase 8-Lahore,https://www.booking.com/hotel/pk/2-bed-luxury-furnished-apartment-in-dha-phase-8-lahore-lahore.en-gb.html?aid=304142&label=gen173nr-10CAQoggJCDWNpdHlfLTI3NjcwNDNICVgEaLUBiAEBmAEzuAEHyAEM2AED6AEB-AEBiAIBqAIBuALBjMLTBsACAdICJDRlYmVmMGVjLTBmMjctNDNkNS05MDQ0LWY2ZTFmMzRjMjI5M9gCAeACAQ&ucfs=1&arphpl=1&checkin=2026-08-06&checkout=2026-08-07&dest_id=-2767043&dest_type=city&group_adults=2&req_adults=2&no_rooms=1&group_children=0&req_children=0&hpos=17&hapos=581&sr_order=popularity&srpvid=7b4f562059d9004c&srepoch=1785759382&all_sr_blocks=1469314501_418252915_4_0_0_1178269&highlighted_blocks=1469314501_418252915_4_0_0_1178269&matching_block_id=1469314501_418252915_4_0_0_1178269&sr_pri_blocks=1469314501_418252915_4_0_0_1178269_1140000&from=searchresults,11400,10,2.0,Lahore,13.6,Two-Bedroom Apartment,"3 beds (2 doubles, 1 sofa bed)",0,1,1,https://cf.bstatic.com/xdata/images/hotel/square240/894466280.webp?k=6284a4d01cb1ddf56a5b86ad28066c51d4369ef9c7583dcf62bf762eecd6e991&o=,4,Lahore
Apartments by Alvis Suite - Penta Square DHA Lahore,https://www.booking.com/hotel/pk/apartments-by-alvis-suite-penta-square-dha-lahore.en-gb.html?aid=304142&label=gen173nr-10CAQoggJCDWNpdHlfLTI3NjcwNDNICVgEaLUBiAEBmAEzuAEHyAEM2AED6AEB-AEBiAIBqAIBuALBjMLTBsACAdICJDRlYmVmMGVjLTBmMjctNDNkNS05MDQ0LWY2ZTFmMzRjMjI5M9gCAeACAQ&ucfs=1&arphpl=1&checkin=2026-08-06&checkout=2026-08-07&dest_id=-2767043&dest_type=city&group_adults=2&req_adults=2&no_rooms=1&group_children=0&req_children=0&hpos=18&hapos=582&sr_order=popularity&srpvid=7b4f562059d9004c&srepoch=1785759382&all_sr_blocks=1688098701_440461736_2_0_0&highlighted_blocks=1688098701_440461736_2_0_0&matching_block_id=1688098701_440461736_2_0_0&sr_pri_blocks=1688098701_440461736_2_0_0__928949&from=searchresults,9289,,,Lahore,14.2,Studio Apartment,"2 beds (1 extra-large double, 1 sofa bed)",0,1,1,https://cf.bstatic.com/xdata/images/hotel/square240/894529182.webp?k=ea74cfb11b9029f7b52b461664345930a475b310fa3d5a415d646d74df0feae5&o=,13,Lahore
Furnished Apartment for Per Day Stay,https://www.booking.com/hotel/pk/furnished-apartment-for-per-day-stay.en-gb.html?aid=304142&label=gen173nr-10CAQoggJCDWNpdHlfLTI3NjcwNDNICVgEaLUBiAEBmAEzuAEHyAEM2AED6AEB-AEBiAIBqAIBuALBjMLTBsACAdICJDRlYmVmMGVjLTBmMjctNDNkNS05MDQ0LWY2ZTFmMzRjMjI5M9gCAeACAQ&ucfs=1&arphpl=1&checkin=2026-08-06&checkout=2026-08-07&dest_id=-2767043&dest_type=city&group_adults=2&req_adults=2&no_rooms=1&group_children=0&req_children=0&hpos=19&hapos=583&sr_order=popularity&srpvid=7b4f562059d9004c&srepoch=1785759382&all_sr_blocks=1637891201_434114495_4_0_0&highlighted_blocks=1637891201_434114495_4_0_0&matching_block_id=1637891201_434114495_4_0_0&sr_pri_blocks=1637891201_434114495_4_0_0__500000&from=searchresults,5000,,,Lahore,25.3,One-Bedroom Apartment,"2 beds (1 double, 1 sofa bed)",0,1,1,https://cf.bstatic.com/xdata/images/hotel/square240/865622746.webp?k=f7bfd8b326fc4239a6295546f830ffb0eb0c4c9e17a4e74d0609a41f31dac7e9&o=,4,Lahore
Gold Crest Residency- Two Bedroom Apartment in DHA Phase 4 Lahore,https://www.booking.com/hotel/pk/gold-crest-residency-two-bedroom-apartment-in-dha-phase-4-lahore.en-gb.html?aid=304142&label=gen173nr-10CAQoggJCDWNpdHlfLTI3NjcwNDNICVgEaLUBiAEBmAEzuAEHyAEM2AED6AEB-AEBiAIBqAIBuALBjMLTBsACAdICJDRlYmVmMGVjLTBmMjctNDNkNS05MDQ0LWY2ZTFmMzRjMjI5M9gCAeACAQ&ucfs=1&arphpl=1&checkin=2026-08-06&checkout=2026-08-07&dest_id=-2767043&dest_type=city&group_adults=2&req_adults=2&no_rooms=1&group_children=0&req_children=0&hpos=20&hapos=584&sr_order=popularity&srpvid=7b4f562059d9004c&srepoch=1785759382&all_sr_blocks=1699363201_441585201_5_0_0&highlighted_blocks=1699363201_441585201_5_0_0&matching_block_id=1699363201_441585201_5_0_0&sr_pri_blocks=1699363201_441585201_5_0_0__2808000&from=searchresults,28080,,,Lahore,12.1,Two-Bedroom Apartment with City View,"3 beds (2 extra-large doubles, 1 sofa bed)",0,0,0,https://cf.bstatic.com/xdata/images/hotel/square240/902059275.webp?k=aa42efc1f63a73b782084288faac8e32bbecbf94bbf999e1ebe1efbafbaad833&o=,3,Lahore
Alvis Suite Apartments - Penta Square DHA Lahore,https://www.booking.com/hotel/pk/alvis-suite-apartments-penta-square-dha-lahore-lahore.en-gb.html?aid=304142&label=gen173nr-10CAQoggJCDWNpdHlfLTI3NjcwNDNICVgEaLUBiAEBmAEzuAEHyAEM2AED6AEB-AEBiAIBqAIBuALBjMLTBsACAdICJDRlYmVmMGVjLTBmMjctNDNkNS05MDQ0LWY2ZTFmMzRjMjI5M9gCAeACAQ&ucfs=1&arphpl=1&checkin=2026-08-06&checkout=2026-08-07&dest_id=-2767043&dest_type=city&group_adults=2&req_adults=2&no_rooms=1&group_children=0&req_children=0&hpos=21&hapos=585&sr_order=popularity&srpvid=7b4f562059d9004c&srepoch=1785759382&all_sr_blocks=1691357801_440784711_2_0_0&highlighted_blocks=1691357801_440784711_2_0_0&matching_block_id=1691357801_440784711_2_0_0&sr_pri_blocks=1691357801_440784711_2_0_0__928949&from=searchresults,9289,,,Lahore,14.2,Studio Apartment,"2 beds (1 extra-large double, 1 sofa bed)",0,1,1,https://cf.bstatic.com/xdata/images/hotel/square240/897067166.webp?k=2923553a330d3efc8acb7fa5a5c1dc799645e542d05587344a209e7379dab8b0&o=,13,Lahore
Luxury Apartments by Alvis Suite - Goldcrest Alfatah Mall DHA Lahore,https://www.booking.com/hotel/pk/luxury-one-bed-escape-by-alvis-suite-lahore.en-gb.html?aid=304142&label=gen173nr-10CAQoggJCDWNpdHlfLTI3NjcwNDNICVgEaLUBiAEBmAEzuAEHyAEM2AED6AEB-AEBiAIBqAIBuALBjMLTBsACAdICJDRlYmVmMGVjLTBmMjctNDNkNS05MDQ0LWY2ZTFmMzRjMjI5M9gCAeACAQ&ucfs=1&arphpl=1&checkin=2026-08-06&checkout=2026-08-07&dest_id=-2767043&dest_type=city&group_adults=2&req_adults=2&no_rooms=1&group_children=0&req_children=0&hpos=22&hapos=586&sr_order=popularity&srpvid=7b4f562059d9004c&srepoch=1785759382&all_sr_blocks=1683596901_440097684_3_0_0&highlighted_blocks=1683596901_440097684_3_0_0&matching_block_id=1683596901_440097684_3_0_0&sr_pri_blocks=1683596901_440097684_3_0_0__1164500&from=searchresults,11645,,,Lahore,12.1,Studio Apartment,"2 beds (1 extra-large double, 1 sofa bed)",0,1,1,https://cf.bstatic.com/xdata/images/hotel/square240/895542058.webp?k=bcdf3d191b9046b90892d098067242350fbae89a2a526db8badd7b3ba3a7f1b7&o=,12,Lahore
Hotel Vintique,https://www.booking.com/hotel/pk/vintique.en-gb.html?aid=304142&label=gen173nr-10CAQoggJCDWNpdHlfLTI3NjcwNDNICVgEaLUBiAEBmAEzuAEHyAEM2AED6AEB-AEBiAIBqAIBuALBjMLTBsACAdICJDRlYmVmMGVjLTBmMjctNDNkNS05MDQ0LWY2ZTFmMzRjMjI5M9gCAeACAQ&ucfs=1&arphpl=1&checkin=2026-08-06&checkout=2026-08-07&dest_id=-2767043&dest_type=city&group_adults=2&req_adults=2&no_rooms=1&group_children=0&req_children=0&hpos=23&hapos=587&sr_order=popularity&srpvid=7b4f562059d9004c&srepoch=1785759382&all_sr_blocks=1618466602_432682734_2_1_0&highlighted_blocks=1618466602_432682734_2_1_0&matching_block_id=1618466602_432682734_2_1_0&sr_pri_blocks=1618466602_432682734_2_1_0__850000&from=searchresults,8500,9.0,1.0,Lahore,5.8,Deluxe Twin Room,2 single beds,1,1,1,https://cf.bstatic.com/xdata/images/hotel/square240/853905269.webp?k=9cc426f2e40a38d5b8b5d47e2fd2e8a134baed0cfdec346fa907170d0f09b90f&o=,8,Lahore
Dove INN Florets Luxury 4 Bedroom Apartment,https://www.booking.com/hotel/pk/dove-inn-florets-luxury-4-bedroom-apartment.en-gb.html?aid=304142&label=gen173nr-10CAQoggJCDWNpdHlfLTI3NjcwNDNICVgEaLUBiAEBmAEzuAEHyAEM2AED6AEB-AEBiAIBqAIBuALBjMLTBsACAdICJDRlYmVmMGVjLTBmMjctNDNkNS05MDQ0LWY2ZTFmMzRjMjI5M9gCAeACAQ&ucfs=1&arphpl=1&checkin=2026-08-06&checkout=2026-08-07&dest_id=-2767043&dest_type=city&group_adults=2&req_adults=2&no_rooms=1&group_children=0&req_children=0&hpos=24&hapos=588&sr_order=popularity&srpvid=7b4f562059d9004c&srepoch=1785759382&all_sr_blocks=1696120501_441288388_8_0_0&highlighted_blocks=1696120501_441288388_8_0_0&matching_block_id=1696120501_441288388_8_0_0&sr_pri_blocks=1696120501_441288388_8_0_0__2232000&from=searchresults,22320,,,Lahore,6.2,Apartment,4 double beds,0,1,1,https://cf.bstatic.com/xdata/images/hotel/square240/900240896.webp?k=a919a0249a6b66921854e884b71c79d8a35f2ec726086e3ae384085b25b2206b&o=,13,Lahore
Penta Square - Studio apartment by Alvis Suite,https://www.booking.com/hotel/pk/penta-square-studio-apartment-by-alvis-suite-lahore8.en-gb.html?aid=304142&label=gen173nr-10CAQoggJCDWNpdHlfLTI3NjcwNDNICVgEaLUBiAEBmAEzuAEHyAEM2AED6AEB-AEBiAIBqAIBuALBjMLTBsACAdICJDRlYmVmMGVjLTBmMjctNDNkNS05MDQ0LWY2ZTFmMzRjMjI5M9gCAeACAQ&ucfs=1&arphpl=1&checkin=2026-08-06&checkout=2026-08-07&dest_id=-2767043&dest_type=city&group_adults=2&req_adults=2&no_rooms=1&group_children=0&req_children=0&hpos=25&hapos=589&sr_order=popularity&srpvid=7b4f562059d9004c&srepoch=1785759382&all_sr_blocks=1683034701_440050741_2_0_0&highlighted_blocks=1683034701_440050741_2_0_0&matching_block_id=1683034701_440050741_2_0_0&sr_pri_blocks=1683034701_440050741_2_0_0__1161186&from=searchresults,11612,,,Lahore,14.2,Studio Apartment,"2 beds (1 extra-large double, 1 sofa bed)",0,1,1,https://cf.bstatic.com/xdata/images/hotel/square240/892329775.webp?k=775c6c337b8c2564a856724712479910bc4379bca330c375dcfb2dfeeab75d48&o=,12,Lahore
Luxury Designed 2BHK Prime location Self-CheckIn,https://www.booking.com/hotel/pk/luxury-designed-2bhk-prime-location-self-checkin.en-gb.html?aid=304142&label=gen173nr-10CAQoggJCDWNpdHlfLTI3NjcwNDNICVgEaLUBiAEBmAEzuAEHyAEM2AED6AEB-AEBiAIBqAIBuALBjMLTBsACAdICJDRlYmVmMGVjLTBmMjctNDNkNS05MDQ0LWY2ZTFmMzRjMjI5M9gCAeACAQ&ucfs=1&arphpl=1&checkin=2026-08-06&checkout=2026-08-07&dest_id=-2767043&dest_type=city&group_adults=2&req_adults=2&no_rooms=1&group_children=0&req_children=0&hpos=1&hapos=590&sr_order=popularity&srpvid=7b4f562059d9004c&srepoch=1785759388&all_sr_blocks=1651109301_437121733_5_0_0&highlighted_blocks=1651109301_437121733_5_0_0&matching_block_id=1651109301_437121733_5_0_0&sr_pri_blocks=1651109301_437121733_5_0_0__1440000&from=searchresults,14400,,,Lahore,24.8,Two-Bedroom Apartment,"3 beds (1 sofa bed, 2 large doubles)",0,1,1,https://cf.bstatic.com/xdata/images/hotel/square240/872323980.webp?k=51b127e706a02eaa2458dc5e099a6a46f3fdff4e9790868975c6b50e22345323&o=,5,Lahore
Urban Luxe - 2BHK Luxury Apartment - City Center - Gulberg,https://www.booking.com/hotel/pk/urban-luxe-2bhk-luxury-apartment-city-center-gulberg.en-gb.html?aid=304142&label=gen173nr-10CAQoggJCDWNpdHlfLTI3NjcwNDNICVgEaLUBiAEBmAEzuAEHyAEM2AED6AEB-AEBiAIBqAIBuALBjMLTBsACAdICJDRlYmVmMGVjLTBmMjctNDNkNS05MDQ0LWY2ZTFmMzRjMjI5M9gCAeACAQ&ucfs=1&arphpl=1&checkin=2026-08-06&checkout=2026-08-07&dest_id=-2767043&dest_type=city&group_adults=2&req_adults=2&no_rooms=1&group_children=0&req_children=0&hpos=2&hapos=591&sr_order=popularity&srpvid=7b4f562059d9004c&srepoch=1785759388&all_sr_blocks=1654729501_437399365_4_0_0&highlighted_blocks=1654729501_437399365_4_0_0&matching_block_id=1654729501_437399365_4_0_0&sr_pri_blocks=1654729501_437399365_4_0_0__1800000&from=searchresults,18000,6.0,1.0,"Gulberg, Lahore",5.6,Two-Bedroom Deluxe Apartment,"3 beds (1 extra-large double, 1 sofa bed, 1 large double)",0,1,1,https://cf.bstatic.com/xdata/images/hotel/square240/874503024.webp?k=8ad81bfae121cd44e68f68ca3b0944ba8618b7d28bf090a6c887415fea460088&o=,4,Lahore
Guests Favourite Cozy Studio Pentasquare DHA 5,https://www.booking.com/hotel/pk/guests-favourite-cozy-studio-pentasquare-dha-5-lahore.en-gb.html?aid=304142&label=gen173nr-10CAQoggJCDWNpdHlfLTI3NjcwNDNICVgEaLUBiAEBmAEzuAEHyAEM2AED6AEB-AEBiAIBqAIBuALBjMLTBsACAdICJDRlYmVmMGVjLTBmMjctNDNkNS05MDQ0LWY2ZTFmMzRjMjI5M9gCAeACAQ&ucfs=1&arphpl=1&checkin=2026-08-06&checkout=2026-08-07&dest_id=-2767043&dest_type=city&group_adults=2&req_adults=2&no_rooms=1&group_children=0&req_children=0&hpos=3&hapos=592&sr_order=popularity&srpvid=7b4f562059d9004c&srepoch=1785759388&all_sr_blocks=1637433301_434086748_3_0_0&highlighted_blocks=1637433301_434086748_3_0_0&matching_block_id=1637433301_434086748_3_0_0&sr_pri_blocks=1637433301_434086748_3_0_0__1200000&from=searchresults,12000,1.0,1.0,Lahore,14.2,One-Bedroom Apartment,1 double bed,0,1,1,https://cf.bstatic.com/xdata/images/hotel/square240/865493514.webp?k=8cb2dfffb18c05514a80eb284d141f2f844ed1fab6e38de01c5d2da1aaf5d693&o=,4,Lahore
Spacious 3 Bedroom Stay DHA Lahore,https://www.booking.com/hotel/pk/3-bedroom-luxury-house.en-gb.html?aid=304142&label=gen173nr-10CAQoggJCDWNpdHlfLTI3NjcwNDNICVgEaLUBiAEBmAEzuAEHyAEM2AED6AEB-AEBiAIBqAIBuALBjMLTBsACAdICJDRlYmVmMGVjLTBmMjctNDNkNS05MDQ0LWY2ZTFmMzRjMjI5M9gCAeACAQ&ucfs=1&arphpl=1&checkin=2026-08-06&checkout=2026-08-07&dest_id=-2767043&dest_type=city&group_adults=2&req_adults=2&no_rooms=1&group_children=0&req_children=0&hpos=4&hapos=593&sr_order=popularity&srpvid=7b4f562059d9004c&srepoch=1785759388&all_sr_blocks=1138296401_421696914_2_0_0&highlighted_blocks=1138296401_421696914_2_0_0&matching_block_id=1138296401_421696914_2_0_0&sr_pri_blocks=1138296401_421696914_2_0_0__1152000&from=searchresults,11520,7.7,4.0,Lahore,11.5,Three-Bedroom Villa,"5 beds (3 extra-large doubles, 2 sofa beds)",0,1,0,https://cf.bstatic.com/xdata/images/hotel/square240/861184517.webp?k=6cb421200119d4e69fddd0cacb4ba3acf5f18b44472a3a82c9fd0d07f2cf068b&o=,4,Lahore
1 bedroom apartment spacious Bahria Town Lahore 1 BHK 1 bed self check in,https://www.booking.com/hotel/pk/1-bedroom-apartment-for-daily-weekly-rental-bahria-town-lahore-1-bhk-1-bed.en-gb.html?aid=304142&label=gen173nr-10CAQoggJCDWNpdHlfLTI3NjcwNDNICVgEaLUBiAEBmAEzuAEHyAEM2AED6AEB-AEBiAIBqAIBuALBjMLTBsACAdICJDRlYmVmMGVjLTBmMjctNDNkNS05MDQ0LWY2ZTFmMzRjMjI5M9gCAeACAQ&ucfs=1&arphpl=1&checkin=2026-08-06&checkout=2026-08-07&dest_id=-2767043&dest_type=city&group_adults=2&req_adults=2&no_rooms=1&group_children=0&req_children=0&hpos=5&hapos=594&sr_order=popularity&srpvid=7b4f562059d9004c&srepoch=1785759388&all_sr_blocks=1614515801_432332885_4_0_0&highlighted_blocks=1614515801_432332885_4_0_0&matching_block_id=1614515801_432332885_4_0_0&sr_pri_blocks=1614515801_432332885_4_0_0__700000&from=searchresults,7000,,,Lahore,26.5,One-Bedroom Apartment,"3 beds (1 double, 2 sofa beds)",0,1,1,https://cf.bstatic.com/xdata/images/hotel/square240/849608463.webp?k=8e5bc13b6fea08d5affba21ab95dac5538a5e6947050d578ac91d50138204a5e&o=,4,Lahore
Pine Villa 4 Bedroom Fully Furnished Family House,https://www.booking.com/hotel/pk/spacious-4-bedroom-furnished-family-villa-near-valencia-town-lake-city-amp-ring.en-gb.html?aid=304142&label=gen173nr-10CAQoggJCDWNpdHlfLTI3NjcwNDNICVgEaLUBiAEBmAEzuAEHyAEM2AED6AEB-AEBiAIBqAIBuALBjMLTBsACAdICJDRlYmVmMGVjLTBmMjctNDNkNS05MDQ0LWY2ZTFmMzRjMjI5M9gCAeACAQ&ucfs=1&arphpl=1&checkin=2026-08-06&checkout=2026-08-07&dest_id=-2767043&dest_type=city&group_adults=2&req_adults=2&no_rooms=1&group_children=0&req_children=0&hpos=6&hapos=595&sr_order=popularity&srpvid=7b4f562059d9004c&srepoch=1785759388&all_sr_blocks=1523950101_424118113_8_0_0&highlighted_blocks=1523950101_424118113_8_0_0&matching_block_id=1523950101_424118113_8_0_0&sr_pri_blocks=1523950101_424118113_8_0_0__1943920&from=searchresults,19439,9.8,5.0,Lahore,21.0,Villa,"9 beds (3 singles, 3 extra-large doubles, 3 futons)",0,1,1,https://cf.bstatic.com/xdata/images/hotel/square240/813281569.webp?k=ca21db19a1229e2cedeefbac4a6ef2799f69184d8222af58707f7860dacb503b&o=,6,Lahore
PENTASQUARE DHA PHASE 5 - PREMIUM STUDIO APARTMENT By ALVIS SUITE,https://www.booking.com/hotel/pk/pentasquare-dha-phase-5-premium-studio-apartment-by-alvis-suite.en-gb.html?aid=304142&label=gen173nr-10CAQoggJCDWNpdHlfLTI3NjcwNDNICVgEaLUBiAEBmAEzuAEHyAEM2AED6AEB-AEBiAIBqAIBuALBjMLTBsACAdICJDRlYmVmMGVjLTBmMjctNDNkNS05MDQ0LWY2ZTFmMzRjMjI5M9gCAeACAQ&ucfs=1&arphpl=1&checkin=2026-08-06&checkout=2026-08-07&dest_id=-2767043&dest_type=city&group_adults=2&req_adults=2&no_rooms=1&group_children=0&req_children=0&hpos=7&hapos=596&sr_order=popularity&srpvid=7b4f562059d9004c&srepoch=1785759388&all_sr_blocks=1623587201_433107331_2_0_0&highlighted_blocks=1623587201_433107331_2_0_0&matching_block_id=1623587201_433107331_2_0_0&sr_pri_blocks=1623587201_433107331_2_0_0__1158300&from=searchresults,11583,,,Lahore,14.2,One-Bedroom Apartment,1 double bed,0,0,0,https://cf.bstatic.com/xdata/images/hotel/square240/857670789.webp?k=3872b08b84764293bc517300507bee5bbd39c63403510e82d3f6484c8706cde5&o=,11,Lahore
One Bedroom Apartment in DHA Lahore - Gold Crest,https://www.booking.com/hotel/pk/one-bedroom-apartment-in-dha-lahore-gold-crest.en-gb.html?aid=304142&label=gen173nr-10CAQoggJCDWNpdHlfLTI3NjcwNDNICVgEaLUBiAEBmAEzuAEHyAEM2AED6AEB-AEBiAIBqAIBuALBjMLTBsACAdICJDRlYmVmMGVjLTBmMjctNDNkNS05MDQ0LWY2ZTFmMzRjMjI5M9gCAeACAQ&ucfs=1&arphpl=1&checkin=2026-08-06&checkout=2026-08-07&dest_id=-2767043&dest_type=city&group_adults=2&req_adults=2&no_rooms=1&group_children=0&req_children=0&hpos=8&hapos=597&sr_order=popularity&srpvid=7b4f562059d9004c&srepoch=1785759388&all_sr_blocks=1294329801_402366579_2_0_0&highlighted_blocks=1294329801_402366579_2_0_0&matching_block_id=1294329801_402366579_2_0_0&sr_pri_blocks=1294329801_402366579_2_0_0__1568000&from=searchresults,15680,9.5,9.0,Lahore,12.0,One-Bedroom Apartment,1 large double bed,0,0,0,https://cf.bstatic.com/xdata/images/hotel/square240/657935646.webp?k=4e83950151cb63157c58f44ab351e50da54006e4351ee55d5b68ea767cc386da&o=,11,Lahore
Modern 2 BR Portion Near Raya in DHA Phase 6 Lahore Sector D,https://www.booking.com/hotel/pk/independent-portion-with-two-bedrooms-in-lahore-dha-phase-6-sector-d.en-gb.html?aid=304142&label=gen173nr-10CAQoggJCDWNpdHlfLTI3NjcwNDNICVgEaLUBiAEBmAEzuAEHyAEM2AED6AEB-AEBiAIBqAIBuALBjMLTBsACAdICJDRlYmVmMGVjLTBmMjctNDNkNS05MDQ0LWY2ZTFmMzRjMjI5M9gCAeACAQ&ucfs=1&arphpl=1&checkin=2026-08-06&checkout=2026-08-07&dest_id=-2767043&dest_type=city&group_adults=2&req_adults=2&no_rooms=1&group_children=0&req_children=0&hpos=9&hapos=598&sr_order=popularity&srpvid=7b4f562059d9004c&srepoch=1785759388&all_sr_blocks=1580497401_429151102_5_2_0&highlighted_blocks=1580497401_429151102_5_2_0&matching_block_id=1580497401_429151102_5_2_0&sr_pri_blocks=1580497401_429151102_5_2_0__1200000&from=searchresults,12000,8.0,1.0,Lahore,15.5,Two-Bedroom House,"3 beds (2 extra-large doubles, 1 sofa bed)",0,1,1,https://cf.bstatic.com/xdata/images/hotel/square240/822382717.webp?k=0ef0fc9c22449baa49b625eeec9886a49decb5aac6cef89a5e7c0d0792237ef6&o=,4,Lahore
one bed luxury apartment in bahria town sector c,https://www.booking.com/hotel/pk/bahria-town-lahore3.en-gb.html?aid=304142&label=gen173nr-10CAQoggJCDWNpdHlfLTI3NjcwNDNICVgEaLUBiAEBmAEzuAEHyAEM2AED6AEB-AEBiAIBqAIBuALBjMLTBsACAdICJDRlYmVmMGVjLTBmMjctNDNkNS05MDQ0LWY2ZTFmMzRjMjI5M9gCAeACAQ&ucfs=1&arphpl=1&checkin=2026-08-06&checkout=2026-08-07&dest_id=-2767043&dest_type=city&group_adults=2&req_adults=2&no_rooms=1&group_children=0&req_children=0&hpos=10&hapos=599&sr_order=popularity&srpvid=7b4f562059d9004c&srepoch=1785759388&all_sr_blocks=1611092501_432021933_2_0_0&highlighted_blocks=1611092501_432021933_2_0_0&matching_block_id=1611092501_432021933_2_0_0&sr_pri_blocks=1611092501_432021933_2_0_0__800000&from=searchresults,8000,6.8,9.0,Lahore,24.3,One-Bedroom Apartment,1 double bed,0,1,1,https://cf.bstatic.com/xdata/images/hotel/square240/848499332.webp?k=93065c00181bb25da17bd13e27a185ef96fe13765a89013fee41de6666e86a57&o=,4,Lahore
PENTASQUARE - CENTRAL DHA - PREMIUM STUDIO By ALVIS SUITE,https://www.booking.com/hotel/pk/pentasquare-central-dha-premium-studio-by-alvis-suite.en-gb.html?aid=304142&label=gen173nr-10CAQoggJCDWNpdHlfLTI3NjcwNDNICVgEaLUBiAEBmAEzuAEHyAEM2AED6AEB-AEBiAIBqAIBuALBjMLTBsACAdICJDRlYmVmMGVjLTBmMjctNDNkNS05MDQ0LWY2ZTFmMzRjMjI5M9gCAeACAQ&ucfs=1&arphpl=1&checkin=2026-08-06&checkout=2026-08-07&dest_id=-2767043&dest_type=city&group_adults=2&req_adults=2&no_rooms=1&group_children=0&req_children=0&hpos=11&hapos=600&sr_order=popularity&srpvid=7b4f562059d9004c&srepoch=1785759388&all_sr_blocks=1653258201_437280227_2_0_0&highlighted_blocks=1653258201_437280227_2_0_0&matching_block_id=1653258201_437280227_2_0_0&sr_pri_blocks=1653258201_437280227_2_0_0__926640&from=searchresults,9266,,,Lahore,14.2,One-Bedroom Apartment,1 extra-large double bed,0,0,0,https://cf.bstatic.com/xdata/images/hotel/square240/873721163.webp?k=6dcaf98ed952eb922f8cbb0e5e6db5066e0bd11c89ddab919548bf0534e98782&o=,11,Lahore
SkyLine,https://www.booking.com/hotel/pk/skyline-lahore1.en-gb.html?aid=304142&label=gen173nr-10CAQoggJCDWNpdHlfLTI3NjcwNDNICVgEaLUBiAEBmAEzuAEHyAEM2AED6AEB-AEBiAIBqAIBuALBjMLTBsACAdICJDRlYmVmMGVjLTBmMjctNDNkNS05MDQ0LWY2ZTFmMzRjMjI5M9gCAeACAQ&ucfs=1&arphpl=1&checkin=2026-08-06&checkout=2026-08-07&dest_id=-2767043&dest_type=city&group_adults=2&req_adults=2&no_rooms=1&group_children=0&req_children=0&hpos=12&hapos=601&sr_order=popularity&srpvid=7b4f562059d9004c&srepoch=1785759388&all_sr_blocks=1677055401_439418906_8_0_0&highlighted_blocks=1677055401_439418906_8_0_0&matching_block_id=1677055401_439418906_8_0_0&sr_pri_blocks=1677055401_439418906_8_0_0__1785000&from=searchresults,17850,,,Lahore,12.1,Three-Bedroom Apartment,"4 beds (1 double, 3 sofa beds)",0,1,1,https://cf.bstatic.com/xdata/images/hotel/square240/889167654.webp?k=cc7169d87b18140194434d9d073591f4c02e5bb63ff4ed00ea076241fbcc3624&o=,4,Lahore
Cheerful 3 bedroom Upper Portion,https://www.booking.com/hotel/pk/cheerful-3-bedroom-upper-portion.en-gb.html?aid=304142&label=gen173nr-10CAQoggJCDWNpdHlfLTI3NjcwNDNICVgEaLUBiAEBmAEzuAEHyAEM2AED6AEB-AEBiAIBqAIBuALBjMLTBsACAdICJDRlYmVmMGVjLTBmMjctNDNkNS05MDQ0LWY2ZTFmMzRjMjI5M9gCAeACAQ&ucfs=1&arphpl=1&checkin=2026-08-06&checkout=2026-08-07&dest_id=-2767043&dest_type=city&group_adults=2&req_adults=2&no_rooms=1&group_children=0&req_children=0&hpos=13&hapos=602&sr_order=popularity&srpvid=7b4f562059d9004c&srepoch=1785759388&all_sr_blocks=1694410701_441101596_6_0_0&highlighted_blocks=1694410701_441101596_6_0_0&matching_block_id=1694410701_441101596_6_0_0&sr_pri_blocks=1694410701_441101596_6_0_0__1428000&from=searchresults,14280,,,Lahore,16.3,Three-Bedroom Apartment,"3 beds (1 extra-large double, 2 large doubles)",0,1,1,https://cf.bstatic.com/xdata/images/hotel/square240/899127669.webp?k=2f432017e33e9f8b19fea2e2f436e9a423bb4c5d696f42416ffcf6aacb2b14a2&o=,5,Lahore
Royal Villa's DHA,https://www.booking.com/hotel/pk/urban-stay-dha-near-airport-amp-pkli.en-gb.html?aid=304142&label=gen173nr-10CAQoggJCDWNpdHlfLTI3NjcwNDNICVgEaLUBiAEBmAEzuAEHyAEM2AED6AEB-AEBiAIBqAIBuALBjMLTBsACAdICJDRlYmVmMGVjLTBmMjctNDNkNS05MDQ0LWY2ZTFmMzRjMjI5M9gCAeACAQ&ucfs=1&arphpl=1&checkin=2026-08-06&checkout=2026-08-07&dest_id=-2767043&dest_type=city&group_adults=2&req_adults=2&no_rooms=1&group_children=0&req_children=0&hpos=14&hapos=603&sr_order=popularity&srpvid=7b4f562059d9004c&srepoch=1785759388&all_sr_blocks=1510049101_422770528_2_0_0&highlighted_blocks=1510049101_422770528_2_0_0&matching_block_id=1510049101_422770528_2_0_0&sr_pri_blocks=1510049101_422770528_2_0_0__840000&from=searchresults,8400,10,5.0,Lahore,17.5,Deluxe Room,1 large double bed,0,1,1,https://cf.bstatic.com/xdata/images/hotel/square240/854865332.webp?k=a765a673bd05f534f961d3626c30cadf76457f7451f047159d7ad56d2cc4c798&o=,5,Lahore
2BHK Luxury Apartment in DHA Lahore,https://www.booking.com/hotel/pk/2bhk-luxury-apartment-in-dha-lahore-lahore.en-gb.html?aid=304142&label=gen173nr-10CAQoggJCDWNpdHlfLTI3NjcwNDNICVgEaLUBiAEBmAEzuAEHyAEM2AED6AEB-AEBiAIBqAIBuALBjMLTBsACAdICJDRlYmVmMGVjLTBmMjctNDNkNS05MDQ0LWY2ZTFmMzRjMjI5M9gCAeACAQ&ucfs=1&arphpl=1&checkin=2026-08-06&checkout=2026-08-07&dest_id=-2767043&dest_type=city&group_adults=2&req_adults=2&no_rooms=1&group_children=0&req_children=0&hpos=15&hapos=604&sr_order=popularity&srpvid=7b4f562059d9004c&srepoch=1785759388&all_sr_blocks=1623706501_433120983_4_0_0&highlighted_blocks=1623706501_433120983_4_0_0&matching_block_id=1623706501_433120983_4_0_0&sr_pri_blocks=1623706501_433120983_4_0_0__1400000&from=searchresults,14000,10,1.0,Lahore,13.6,Two-Bedroom Apartment with Garden View,"3 beds (2 extra-large doubles, 1 sofa bed)",0,1,1,https://cf.bstatic.com/xdata/images/hotel/square240/857717247.webp?k=c73fce80a6943e7d680f72b2b301d612a55b459c5dccc836c4a2feb0029f6e93&o=,4,Lahore
Akas Apartment Homes Near Airport DHA phase 8,https://www.booking.com/hotel/pk/gorgeous-studio-apartment-near-airport.en-gb.html?aid=304142&label=gen173nr-10CAQoggJCDWNpdHlfLTI3NjcwNDNICVgEaLUBiAEBmAEzuAEHyAEM2AED6AEB-AEBiAIBqAIBuALBjMLTBsACAdICJDRlYmVmMGVjLTBmMjctNDNkNS05MDQ0LWY2ZTFmMzRjMjI5M9gCAeACAQ&ucfs=1&arphpl=1&checkin=2026-08-06&checkout=2026-08-07&dest_id=-2767043&dest_type=city&group_adults=2&req_adults=2&no_rooms=1&group_children=0&req_children=0&hpos=16&hapos=605&sr_order=popularity&srpvid=7b4f562059d9004c&srepoch=1785759388&all_sr_blocks=1399835201_411843133_2_0_0_1434914&highlighted_blocks=1399835201_411843133_2_0_0_1434914&matching_block_id=1399835201_411843133_2_0_0_1434914&sr_pri_blocks=1399835201_411843133_2_0_0_1434914_1092000&from=searchresults,10920,8.0,1.0,Lahore,12.3,Three-Bedroom Deluxe Apartment,"4 beds (3 doubles, 1 sofa bed)",0,1,1,https://cf.bstatic.com/xdata/images/hotel/square240/813716695.webp?k=090ea4172c427909f2ccd7083191971ae2e6d269938828d7ae44632a88ba8782&o=,5,Lahore
Luxury All Around Serviced Apartments in Gold crest mall,https://www.booking.com/hotel/pk/luxury-gold-crest-mall-apartments-with-al-fatah-store-lahore1.en-gb.html?aid=304142&label=gen173nr-10CAQoggJCDWNpdHlfLTI3NjcwNDNICVgEaLUBiAEBmAEzuAEHyAEM2AED6AEB-AEBiAIBqAIBuALBjMLTBsACAdICJDRlYmVmMGVjLTBmMjctNDNkNS05MDQ0LWY2ZTFmMzRjMjI5M9gCAeACAQ&ucfs=1&arphpl=1&checkin=2026-08-06&checkout=2026-08-07&dest_id=-2767043&dest_type=city&group_adults=2&req_adults=2&no_rooms=1&group_children=0&req_children=0&hpos=17&hapos=606&sr_order=popularity&srpvid=7b4f562059d9004c&srepoch=1785759388&all_sr_blocks=1380937402_410190672_2_0_0_1085662&highlighted_blocks=1380937402_410190672_2_0_0_1085662&matching_block_id=1380937402_410190672_2_0_0_1085662&sr_pri_blocks=1380937402_410190672_2_0_0_1085662_1155000&from=searchresults,11550,2.0,1.0,Lahore,12.1,King Studio,1 large double bed,0,1,1,https://cf.bstatic.com/xdata/images/hotel/square240/764409033.webp?k=3335bf254ae50402563a0edab38afd4be3f1eb038eca70d3e69d396b7e182fcf&o=,12,Lahore
Ultra Luxurious Room in a Beautiful Villa,https://www.booking.com/hotel/pk/ultra-luxurious-room-in-a-beautiful-villa.en-gb.html?aid=304142&label=gen173nr-10CAQoggJCDWNpdHlfLTI3NjcwNDNICVgEaLUBiAEBmAEzuAEHyAEM2AED6AEB-AEBiAIBqAIBuALBjMLTBsACAdICJDRlYmVmMGVjLTBmMjctNDNkNS05MDQ0LWY2ZTFmMzRjMjI5M9gCAeACAQ&ucfs=1&arphpl=1&checkin=2026-08-06&checkout=2026-08-07&dest_id=-2767043&dest_type=city&group_adults=2&req_adults=2&no_rooms=1&group_children=0&req_children=0&hpos=18&hapos=607&sr_order=popularity&srpvid=7b4f562059d9004c&srepoch=1785759388&all_sr_blocks=1657966002_437678552_3_0_0&highlighted_blocks=1657966002_437678552_3_0_0&matching_block_id=1657966002_437678552_3_0_0&sr_pri_blocks=1657966002_437678552_3_0_0__899900&from=searchresults,8999,,,Lahore,17.0,King Room,1 large double bed,0,1,1,https://cf.bstatic.com/xdata/images/hotel/square240/876959718.webp?k=29e4b60d8c0d066dd3a0b338f20012fcb9a68db8f9e81257d95ac7aa7fa17b99&o=,4,Lahore
The Opus 2 Bedroom Apartment in Gulberg 3 Prime location,https://www.booking.com/hotel/pk/iconic-2-bedroom-apartment-in-gulberg-3-prime-location.en-gb.html?aid=304142&label=gen173nr-10CAQoggJCDWNpdHlfLTI3NjcwNDNICVgEaLUBiAEBmAEzuAEHyAEM2AED6AEB-AEBiAIBqAIBuALBjMLTBsACAdICJDRlYmVmMGVjLTBmMjctNDNkNS05MDQ0LWY2ZTFmMzRjMjI5M9gCAeACAQ&ucfs=1&arphpl=1&checkin=2026-08-06&checkout=2026-08-07&dest_id=-2767043&dest_type=city&group_adults=2&req_adults=2&no_rooms=1&group_children=0&req_children=0&hpos=19&hapos=608&sr_order=popularity&srpvid=7b4f562059d9004c&srepoch=1785759388&all_sr_blocks=1608621501_431768349_6_0_0&highlighted_blocks=1608621501_431768349_6_0_0&matching_block_id=1608621501_431768349_6_0_0&sr_pri_blocks=1608621501_431768349_6_0_0__2399900&from=searchresults,23999,,,"Gulberg, Lahore",6.9,One-Bedroom Apartment,"2 beds (1 double, 1 sofa bed)",0,1,1,https://cf.bstatic.com/xdata/images/hotel/square240/844649335.webp?k=aea26dd586054605900b1364ecb53e24d10c4debc4e198a95e831c23439d9360&o=,4,Lahore
Studio Apartment Zameen Opal Lahore,https://www.booking.com/hotel/pk/studio-apartment-zameen-opal-lahore.en-gb.html?aid=304142&label=gen173nr-10CAQoggJCDWNpdHlfLTI3NjcwNDNICVgEaLUBiAEBmAEzuAEHyAEM2AED6AEB-AEBiAIBqAIBuALBjMLTBsACAdICJDRlYmVmMGVjLTBmMjctNDNkNS05MDQ0LWY2ZTFmMzRjMjI5M9gCAeACAQ&ucfs=1&arphpl=1&checkin=2026-08-06&checkout=2026-08-07&dest_id=-2767043&dest_type=city&group_adults=2&req_adults=2&no_rooms=1&group_children=0&req_children=0&hpos=20&hapos=609&sr_order=popularity&srpvid=7b4f562059d9004c&srepoch=1785759388&all_sr_blocks=1605877701_431513714_3_0_0&highlighted_blocks=1605877701_431513714_3_0_0&matching_block_id=1605877701_431513714_3_0_0&sr_pri_blocks=1605877701_431513714_3_0_0__525000&from=searchresults,5250,,,Lahore,18.2,One-Bedroom Apartment,1 double bed,0,1,1,https://cf.bstatic.com/xdata/images/hotel/square240/842508271.webp?k=c418dc890713c11a9400c7b9e157767f3c415e01356808518a7998a2ef3f62b4&o=,4,Lahore
Luxury 2 BHK Apartment in Gulberg with Balcony,https://www.booking.com/hotel/pk/luxury-2-bhk-apartment-in-gulberg-with-balcony.en-gb.html?aid=304142&label=gen173nr-10CAQoggJCDWNpdHlfLTI3NjcwNDNICVgEaLUBiAEBmAEzuAEHyAEM2AED6AEB-AEBiAIBqAIBuALBjMLTBsACAdICJDRlYmVmMGVjLTBmMjctNDNkNS05MDQ0LWY2ZTFmMzRjMjI5M9gCAeACAQ&ucfs=1&arphpl=1&checkin=2026-08-06&checkout=2026-08-07&dest_id=-2767043&dest_type=city&group_adults=2&req_adults=2&no_rooms=1&group_children=0&req_children=0&hpos=21&hapos=610&sr_order=popularity&srpvid=7b4f562059d9004c&srepoch=1785759388&all_sr_blocks=1636662301_434039268_2_0_0&highlighted_blocks=1636662301_434039268_2_0_0&matching_block_id=1636662301_434039268_2_0_0&sr_pri_blocks=1636662301_434039268_2_0_0__1459200&from=searchresults,14592,,,"Gulberg, Lahore",6.7,Two-Bedroom Apartment,"2 beds (1 extra-large double, 1 sofa bed)",0,1,1,https://cf.bstatic.com/xdata/images/hotel/square240/864932976.webp?k=829b39b69771b6d54a0adbc30dc5898e3711f1ec2518565e11ac28cd006d2a19&o=,6,Lahore
Casa Royale - Ultra Luxury 1BHK in Bahira Town,https://www.booking.com/hotel/pk/casa-royale-ultra-luxury-1bhk-in-bahira-town.en-gb.html?aid=304142&label=gen173nr-10CAQoggJCDWNpdHlfLTI3NjcwNDNICVgEaLUBiAEBmAEzuAEHyAEM2AED6AEB-AEBiAIBqAIBuALBjMLTBsACAdICJDRlYmVmMGVjLTBmMjctNDNkNS05MDQ0LWY2ZTFmMzRjMjI5M9gCAeACAQ&ucfs=1&arphpl=1&checkin=2026-08-06&checkout=2026-08-07&dest_id=-2767043&dest_type=city&group_adults=2&req_adults=2&no_rooms=1&group_children=0&req_children=0&hpos=22&hapos=611&sr_order=popularity&srpvid=7b4f562059d9004c&srepoch=1785759388&all_sr_blocks=1547172901_425967865_0_0_0&highlighted_blocks=1547172901_425967865_0_0_0&matching_block_id=1547172901_425967865_0_0_0&sr_pri_blocks=1547172901_425967865_0_0_0__750000&from=searchresults,7500,,,Lahore,25.5,One-Bedroom Apartment,1 double bed,0,1,1,https://cf.bstatic.com/xdata/images/hotel/square240/793334984.webp?k=357d6aad322fd44c7bb0287794c169e983a6cf9d50bf608d32d9011d4802cb1e&o=,4,Lahore
Signature One-Bed Apartment - The Avenair MM Alam Rd - Gulberg,https://www.booking.com/hotel/pk/signature-one-bed-apartment-the-avenair-mm-alam-rd-gulberg.en-gb.html?aid=304142&label=gen173nr-10CAQoggJCDWNpdHlfLTI3NjcwNDNICVgEaLUBiAEBmAEzuAEHyAEM2AED6AEB-AEBiAIBqAIBuALBjMLTBsACAdICJDRlYmVmMGVjLTBmMjctNDNkNS05MDQ0LWY2ZTFmMzRjMjI5M9gCAeACAQ&ucfs=1&arphpl=1&checkin=2026-08-06&checkout=2026-08-07&dest_id=-2767043&dest_type=city&group_adults=2&req_adults=2&no_rooms=1&group_children=0&req_children=0&hpos=23&hapos=612&sr_order=popularity&srpvid=7b4f562059d9004c&srepoch=1785759388&all_sr_blocks=1657716601_437658826_3_0_0&highlighted_blocks=1657716601_437658826_3_0_0&matching_block_id=1657716601_437658826_3_0_0&sr_pri_blocks=1657716601_437658826_3_0_0__1470150&from=searchresults,14702,,,"Gulberg, Lahore",5.9,One-Bedroom Apartment,1 extra-large double bed,0,0,0,https://cf.bstatic.com/xdata/images/hotel/square240/879634311.webp?k=52ffc169203f54e8d9e204700b2edbbe7615259e9a87cea90611154c6c3d9aff&o=,10,Lahore
Studio apartment by Alvis Suite - Penta Square DHA Lahore,https://www.booking.com/hotel/pk/studio-apartment-by-alvis-suite-penta-square-dha-lahore.en-gb.html?aid=304142&label=gen173nr-10CAQoggJCDWNpdHlfLTI3NjcwNDNICVgEaLUBiAEBmAEzuAEHyAEM2AED6AEB-AEBiAIBqAIBuALBjMLTBsACAdICJDRlYmVmMGVjLTBmMjctNDNkNS05MDQ0LWY2ZTFmMzRjMjI5M9gCAeACAQ&ucfs=1&arphpl=1&checkin=2026-08-06&checkout=2026-08-07&dest_id=-2767043&dest_type=city&group_adults=2&req_adults=2&no_rooms=1&group_children=0&req_children=0&hpos=24&hapos=613&sr_order=popularity&srpvid=7b4f562059d9004c&srepoch=1785759388&all_sr_blocks=1687021501_440353736_2_0_0&highlighted_blocks=1687021501_440353736_2_0_0&matching_block_id=1687021501_440353736_2_0_0&sr_pri_blocks=1687021501_440353736_2_0_0__928949&from=searchresults,9289,,,Lahore,14.2,Studio Apartment,"2 beds (1 extra-large double, 1 sofa bed)",0,1,1,https://cf.bstatic.com/xdata/images/hotel/square240/894018488.webp?k=cc6cdd097fc672556a8ce10b024f2acd0c50f8a1ca29dd0c4e6641b1f9ee42ef&o=,13,Lahore
"Haven Grand Estate, DHA Phase 6 Lahore - 5BR Luxury Villa",https://www.booking.com/hotel/pk/haven-lodge-5br-luxury-retreat-in-dha-phase-6.en-gb.html?aid=304142&label=gen173nr-10CAQoggJCDWNpdHlfLTI3NjcwNDNICVgEaLUBiAEBmAEzuAEHyAEM2AED6AEB-AEBiAIBqAIBuALBjMLTBsACAdICJDRlYmVmMGVjLTBmMjctNDNkNS05MDQ0LWY2ZTFmMzRjMjI5M9gCAeACAQ&ucfs=1&arphpl=1&checkin=2026-08-06&checkout=2026-08-07&dest_id=-2767043&dest_type=city&group_adults=2&req_adults=2&no_rooms=1&group_children=0&req_children=0&hpos=25&hapos=614&sr_order=popularity&srpvid=7b4f562059d9004c&srepoch=1785759388&all_sr_blocks=1477938901_440901041_6_42_0&highlighted_blocks=1477938901_440901041_6_42_0&matching_block_id=1477938901_440901041_6_42_0&sr_pri_blocks=1477938901_440901041_6_42_0__6100000&from=searchresults,61000,10,1.0,Lahore,16.8,Five-Bedroom House,"10 beds (5 extra-large doubles, 1 sofa bed, 4 futons)",0,0,0,https://cf.bstatic.com/xdata/images/hotel/square240/733074677.webp?k=770285002496d3a34beee697d74a5cdb5f755b7d1fc9171a10fb3d943c8ac4ce&o=,10,Lahore
Crystal Heights,https://www.booking.com/hotel/pk/crystal-heights-lahore.en-gb.html?aid=304142&label=gen173nr-10CAQoggJCDWNpdHlfLTI3NjcwNDNICVgEaLUBiAEBmAEzuAEHyAEM2AED6AEB-AEBiAIBqAIBuALBjMLTBsACAdICJDRlYmVmMGVjLTBmMjctNDNkNS05MDQ0LWY2ZTFmMzRjMjI5M9gCAeACAQ&ucfs=1&arphpl=1&checkin=2026-08-06&checkout=2026-08-07&dest_id=-2767043&dest_type=city&group_adults=2&req_adults=2&no_rooms=1&group_children=0&req_children=0&hpos=1&hapos=615&sr_order=popularity&srpvid=7b4f562059d9004c&srepoch=1785759393&all_sr_blocks=1409340001_412712350_2_0_0&highlighted_blocks=1409340001_412712350_2_0_0&matching_block_id=1409340001_412712350_2_0_0&sr_pri_blocks=1409340001_412712350_2_0_0__605000&from=searchresults,6050,,,Lahore,30.9,Studio Apartment,1 double bed,0,1,1,https://cf.bstatic.com/xdata/images/hotel/square240/679781394.webp?k=8f4c8fbe70e8d90d8b997285d9f91ce65fae665aed7bd270e508d62fd8ce2ecb&o=,4,Lahore
Luxor Apartments & Suites - DHA Phase 9,https://www.booking.com/hotel/pk/luxor-apartments-amp-suites-dha-phase-9.en-gb.html?aid=304142&label=gen173nr-10CAQoggJCDWNpdHlfLTI3NjcwNDNICVgEaLUBiAEBmAEzuAEHyAEM2AED6AEB-AEBiAIBqAIBuALBjMLTBsACAdICJDRlYmVmMGVjLTBmMjctNDNkNS05MDQ0LWY2ZTFmMzRjMjI5M9gCAeACAQ&ucfs=1&arphpl=1&checkin=2026-08-06&checkout=2026-08-07&dest_id=-2767043&dest_type=city&group_adults=2&req_adults=2&no_rooms=1&group_children=0&req_children=0&hpos=2&hapos=616&sr_order=popularity&srpvid=7b4f562059d9004c&srepoch=1785759393&all_sr_blocks=1426536202_437644364_0_0_0&highlighted_blocks=1426536202_437644364_0_0_0&matching_block_id=1426536202_437644364_0_0_0&sr_pri_blocks=1426536202_437644364_0_0_0__1326000&from=searchresults,13260,6.3,12.0,Lahore,17.6,Two-Bedroom House,"2 beds (1 extra-large double, 1 large double)",0,1,1,https://cf.bstatic.com/xdata/images/hotel/square240/690239256.webp?k=a68f84bb3b81a88b13b2bb7b6f0858dea4a7236527318163824ab3e4f87dedc1&o=,11,Lahore
Zameen Opal,https://www.booking.com/hotel/pk/zameen-opal-lahore38.en-gb.html?aid=304142&label=gen173nr-10CAQoggJCDWNpdHlfLTI3NjcwNDNICVgEaLUBiAEBmAEzuAEHyAEM2AED6AEB-AEBiAIBqAIBuALBjMLTBsACAdICJDRlYmVmMGVjLTBmMjctNDNkNS05MDQ0LWY2ZTFmMzRjMjI5M9gCAeACAQ&ucfs=1&arphpl=1&checkin=2026-08-06&checkout=2026-08-07&dest_id=-2767043&dest_type=city&group_adults=2&req_adults=2&no_rooms=1&group_children=0&req_children=0&hpos=3&hapos=617&sr_order=popularity&srpvid=7b4f562059d9004c&srepoch=1785759393&all_sr_blocks=1620954001_432914422_3_0_0&highlighted_blocks=1620954001_432914422_3_0_0&matching_block_id=1620954001_432914422_3_0_0&sr_pri_blocks=1620954001_432914422_3_0_0__1400000&from=searchresults,14000,,,Lahore,18.4,One-Bedroom Apartment,"2 beds (1 double, 1 sofa bed)",0,1,1,https://cf.bstatic.com/xdata/images/hotel/square240/856007529.webp?k=75f9fad974d6f4bb71d6aaa7239d80e5499b879ead9f4b72f8f1086767a86289&o=,4,Lahore
Hotel Supreme Lahore,https://www.booking.com/hotel/pk/supreme-lahore.en-gb.html?aid=304142&label=gen173nr-10CAQoggJCDWNpdHlfLTI3NjcwNDNICVgEaLUBiAEBmAEzuAEHyAEM2AED6AEB-AEBiAIBqAIBuALBjMLTBsACAdICJDRlYmVmMGVjLTBmMjctNDNkNS05MDQ0LWY2ZTFmMzRjMjI5M9gCAeACAQ&ucfs=1&arphpl=1&checkin=2026-08-06&checkout=2026-08-07&dest_id=-2767043&dest_type=city&group_adults=2&req_adults=2&no_rooms=1&group_children=0&req_children=0&hpos=4&hapos=618&sr_order=popularity&srpvid=7b4f562059d9004c&srepoch=1785759393&all_sr_blocks=1309797201_403757461_0_2_0&highlighted_blocks=1309797201_403757461_0_2_0&matching_block_id=1309797201_403757461_0_2_0&sr_pri_blocks=1309797201_403757461_0_2_0__592200&from=searchresults,5922,8.1,76.0,"Johar Town, Lahore",13.4,Double Room,1 extra-large double bed,0,1,1,https://cf.bstatic.com/xdata/images/hotel/square240/613979004.webp?k=92f4d911e449463592d6d00b238ca1c9fe736d895fba3a0af014bc98de066296&o=,12,Lahore
Grand Enclave,https://www.booking.com/hotel/pk/grand-enclave.en-gb.html?aid=304142&label=gen173nr-10CAQoggJCDWNpdHlfLTI3NjcwNDNICVgEaLUBiAEBmAEzuAEHyAEM2AED6AEB-AEBiAIBqAIBuALBjMLTBsACAdICJDRlYmVmMGVjLTBmMjctNDNkNS05MDQ0LWY2ZTFmMzRjMjI5M9gCAeACAQ&ucfs=1&arphpl=1&checkin=2026-08-06&checkout=2026-08-07&dest_id=-2767043&dest_type=city&group_adults=2&req_adults=2&no_rooms=1&group_children=0&req_children=0&hpos=5&hapos=619&sr_order=popularity&srpvid=7b4f562059d9004c&srepoch=1785759393&all_sr_blocks=139327410_199997409_2_1_0&highlighted_blocks=139327410_199997409_2_1_0&matching_block_id=139327410_199997409_2_1_0&sr_pri_blocks=139327410_199997409_2_1_0__2250000&from=searchresults,22500,6.6,27.0,Lahore,11.6,Standard Double Room,1 double bed,1,1,1,https://cf.bstatic.com/xdata/images/hotel/square240/120957379.webp?k=d34355518c7af72e731c078289ce55e26b03ab75e9ffc42e7bec4eba8df1dcc0&o=,12,Lahore
Gold crest mall Two Bed Luxury Apartment - Mirhaa Homes,https://www.booking.com/hotel/pk/gold-crest-mall-two-bed-luxury-apartment-mirhaa-homes.en-gb.html?aid=304142&label=gen173nr-10CAQoggJCDWNpdHlfLTI3NjcwNDNICVgEaLUBiAEBmAEzuAEHyAEM2AED6AEB-AEBiAIBqAIBuALBjMLTBsACAdICJDRlYmVmMGVjLTBmMjctNDNkNS05MDQ0LWY2ZTFmMzRjMjI5M9gCAeACAQ&ucfs=1&arphpl=1&checkin=2026-08-06&checkout=2026-08-07&dest_id=-2767043&dest_type=city&group_adults=2&req_adults=2&no_rooms=1&group_children=0&req_children=0&hpos=6&hapos=620&sr_order=popularity&srpvid=7b4f562059d9004c&srepoch=1785759393&all_sr_blocks=1520456701_423711438_5_0_0&highlighted_blocks=1520456701_423711438_5_0_0&matching_block_id=1520456701_423711438_5_0_0&sr_pri_blocks=1520456701_423711438_5_0_0__1800000&from=searchresults,18000,9.5,2.0,Lahore,12.0,Two-Bedroom Apartment,2 extra-large double beds,0,1,1,https://cf.bstatic.com/xdata/images/hotel/square240/771448684.webp?k=7d6d1ad1617f3299aba27b2a795f7269aeb295b4660d05f35bb5f2b5b8af80c9&o=,4,Lahore
Chic Noir 1 Bedroom Apartment Gulberg,https://www.booking.com/hotel/pk/chic-noir-1-bedroom-apartment-gulberg.en-gb.html?aid=304142&label=gen173nr-10CAQoggJCDWNpdHlfLTI3NjcwNDNICVgEaLUBiAEBmAEzuAEHyAEM2AED6AEB-AEBiAIBqAIBuALBjMLTBsACAdICJDRlYmVmMGVjLTBmMjctNDNkNS05MDQ0LWY2ZTFmMzRjMjI5M9gCAeACAQ&ucfs=1&arphpl=1&checkin=2026-08-06&checkout=2026-08-07&dest_id=-2767043&dest_type=city&group_adults=2&req_adults=2&no_rooms=1&group_children=0&req_children=0&hpos=7&hapos=621&sr_order=popularity&srpvid=7b4f562059d9004c&srepoch=1785759393&all_sr_blocks=1070578901_379569191_2_0_0&highlighted_blocks=1070578901_379569191_2_0_0&matching_block_id=1070578901_379569191_2_0_0&sr_pri_blocks=1070578901_379569191_2_0_0__1200000&from=searchresults,12000,9.5,4.0,"Gulberg, Lahore",5.1,One-Bedroom Apartment,1 double bed,0,1,1,https://cf.bstatic.com/xdata/images/hotel/square240/489367553.webp?k=fd22fbf73c8a614ff0592e82623da11800410798bd204dae8fb0a5336db74fd7&o=,12,Lahore
Regency Farmhouse Lahore,https://www.booking.com/hotel/pk/regency-farmhouse-lahore.en-gb.html?aid=304142&label=gen173nr-10CAQoggJCDWNpdHlfLTI3NjcwNDNICVgEaLUBiAEBmAEzuAEHyAEM2AED6AEB-AEBiAIBqAIBuALBjMLTBsACAdICJDRlYmVmMGVjLTBmMjctNDNkNS05MDQ0LWY2ZTFmMzRjMjI5M9gCAeACAQ&ucfs=1&arphpl=1&checkin=2026-08-06&checkout=2026-08-07&dest_id=-2767043&dest_type=city&group_adults=2&req_adults=2&no_rooms=1&group_children=0&req_children=0&hpos=8&hapos=622&sr_order=popularity&srpvid=7b4f562059d9004c&srepoch=1785759393&all_sr_blocks=1584039001_429519629_2_0_0&highlighted_blocks=1584039001_429519629_2_0_0&matching_block_id=1584039001_429519629_2_0_0&sr_pri_blocks=1584039001_429519629_2_0_0__4000000&from=searchresults,40000,,,Lahore,11.1,Deluxe Room,1 extra-large double bed,0,1,1,https://cf.bstatic.com/xdata/images/hotel/square240/851158796.webp?k=5ddc74eb659d8f8c44bdfdb2c6e5103646f820c1348170e84549394c8783c0b7&o=,4,Lahore
Studio 1 Bed Apartment,https://www.booking.com/hotel/pk/studio-1-bed-apartment-lahore1.en-gb.html?aid=304142&label=gen173nr-10CAQoggJCDWNpdHlfLTI3NjcwNDNICVgEaLUBiAEBmAEzuAEHyAEM2AED6AEB-AEBiAIBqAIBuALBjMLTBsACAdICJDRlYmVmMGVjLTBmMjctNDNkNS05MDQ0LWY2ZTFmMzRjMjI5M9gCAeACAQ&ucfs=1&arphpl=1&checkin=2026-08-06&checkout=2026-08-07&dest_id=-2767043&dest_type=city&group_adults=2&req_adults=2&no_rooms=1&group_children=0&req_children=0&hpos=9&hapos=623&sr_order=popularity&srpvid=7b4f562059d9004c&srepoch=1785759393&all_sr_blocks=1684881801_440140421_2_0_0&highlighted_blocks=1684881801_440140421_2_0_0&matching_block_id=1684881801_440140421_2_0_0&sr_pri_blocks=1684881801_440140421_2_0_0__552500&from=searchresults,5525,,,Lahore,26.3,One-Bedroom Apartment,1 double bed,0,1,1,https://cf.bstatic.com/xdata/images/hotel/square240/892764769.webp?k=8e6cdf61692976b5911bd7d8554c8cc8376b6448a9ab0756a96e9174249eea68&o=,4,Lahore
Guest House,https://www.booking.com/hotel/pk/guest-house-lahore1234.en-gb.html?aid=304142&label=gen173nr-10CAQoggJCDWNpdHlfLTI3NjcwNDNICVgEaLUBiAEBmAEzuAEHyAEM2AED6AEB-AEBiAIBqAIBuALBjMLTBsACAdICJDRlYmVmMGVjLTBmMjctNDNkNS05MDQ0LWY2ZTFmMzRjMjI5M9gCAeACAQ&ucfs=1&arphpl=1&checkin=2026-08-06&checkout=2026-08-07&dest_id=-2767043&dest_type=city&group_adults=2&req_adults=2&no_rooms=1&group_children=0&req_children=0&hpos=10&hapos=624&sr_order=popularity&srpvid=7b4f562059d9004c&srepoch=1785759393&all_sr_blocks=721132101_309188404_2_0_0&highlighted_blocks=721132101_309188404_2_0_0&matching_block_id=721132101_309188404_2_0_0&sr_pri_blocks=721132101_309188404_2_0_0__405000&from=searchresults,4050,,,Lahore,10.2,Deluxe Family Room,2 single beds,0,0,0,https://cf.bstatic.com/xdata/images/hotel/square240/293750787.webp?k=6569063e86bf26b13cb52124bac7e75d307da2b7a82e78720a772e2dc377216f&o=,2,Lahore
Alvis Suite - Pentasquare Luxury Studio,https://www.booking.com/hotel/pk/alvis-suite-pentasquare-luxury-studio-lahore.en-gb.html?aid=304142&label=gen173nr-10CAQoggJCDWNpdHlfLTI3NjcwNDNICVgEaLUBiAEBmAEzuAEHyAEM2AED6AEB-AEBiAIBqAIBuALBjMLTBsACAdICJDRlYmVmMGVjLTBmMjctNDNkNS05MDQ0LWY2ZTFmMzRjMjI5M9gCAeACAQ&ucfs=1&arphpl=1&checkin=2026-08-06&checkout=2026-08-07&dest_id=-2767043&dest_type=city&group_adults=2&req_adults=2&no_rooms=1&group_children=0&req_children=0&hpos=11&hapos=625&sr_order=popularity&srpvid=7b4f562059d9004c&srepoch=1785759393&all_sr_blocks=1686545201_440289203_2_0_0&highlighted_blocks=1686545201_440289203_2_0_0&matching_block_id=1686545201_440289203_2_0_0&sr_pri_blocks=1686545201_440289203_2_0_0__1161186&from=searchresults,11612,,,Lahore,14.2,Studio Apartment,"2 beds (1 extra-large double, 1 sofa bed)",0,1,1,https://cf.bstatic.com/xdata/images/hotel/square240/893848241.webp?k=da9fe91edb412db63b53ddd1c047cf18c4d70b3e3bf7bbfb689e2f06abea95d5&o=,12,Lahore
Three bedroom Entire Luxury Apartment Near Airport,https://www.booking.com/hotel/pk/ar-vista-lahore1.en-gb.html?aid=304142&label=gen173nr-10CAQoggJCDWNpdHlfLTI3NjcwNDNICVgEaLUBiAEBmAEzuAEHyAEM2AED6AEB-AEBiAIBqAIBuALBjMLTBsACAdICJDRlYmVmMGVjLTBmMjctNDNkNS05MDQ0LWY2ZTFmMzRjMjI5M9gCAeACAQ&ucfs=1&arphpl=1&checkin=2026-08-06&checkout=2026-08-07&dest_id=-2767043&dest_type=city&group_adults=2&req_adults=2&no_rooms=1&group_children=0&req_children=0&hpos=12&hapos=626&sr_order=popularity&srpvid=7b4f562059d9004c&srepoch=1785759393&all_sr_blocks=1541214901_425516841_7_0_0&highlighted_blocks=1541214901_425516841_7_0_0&matching_block_id=1541214901_425516841_7_0_0&sr_pri_blocks=1541214901_425516841_7_0_0__2200000&from=searchresults,22000,,,Lahore,12.9,Two-Bedroom Apartment,"3 beds (2 extra-large doubles, 1 sofa bed)",0,1,1,https://cf.bstatic.com/xdata/images/hotel/square240/788794294.webp?k=c0c6e8b5ef7f268c425c99711a7f82d68753b0f7951a10ce01f24e6f34992845&o=,4,Lahore
1BHK With Balcony & Soccer,https://www.booking.com/hotel/pk/1bhk-with-balcony-amp-soccer.en-gb.html?aid=304142&label=gen173nr-10CAQoggJCDWNpdHlfLTI3NjcwNDNICVgEaLUBiAEBmAEzuAEHyAEM2AED6AEB-AEBiAIBqAIBuALBjMLTBsACAdICJDRlYmVmMGVjLTBmMjctNDNkNS05MDQ0LWY2ZTFmMzRjMjI5M9gCAeACAQ&ucfs=1&arphpl=1&checkin=2026-08-06&checkout=2026-08-07&dest_id=-2767043&dest_type=city&group_adults=2&req_adults=2&no_rooms=1&group_children=0&req_children=0&hpos=13&hapos=627&sr_order=popularity&srpvid=7b4f562059d9004c&srepoch=1785759393&all_sr_blocks=1682100201_439947070_3_0_0&highlighted_blocks=1682100201_439947070_3_0_0&matching_block_id=1682100201_439947070_3_0_0&sr_pri_blocks=1682100201_439947070_3_0_0__850000&from=searchresults,8500,,,Lahore,24.3,One-Bedroom Apartment,"2 beds (1 double, 1 sofa bed)",0,1,1,https://cf.bstatic.com/xdata/images/hotel/square240/891869426.webp?k=1306d9b42e11ad42e2641da59feb891b3e5d1f7001cd35e79be3693edf872a02&o=,4,Lahore
Fully Serviced Holiday Home Near Lahore Ring Road,https://www.booking.com/hotel/pk/fully-serviced-holiday-home-lahore.en-gb.html?aid=304142&label=gen173nr-10CAQoggJCDWNpdHlfLTI3NjcwNDNICVgEaLUBiAEBmAEzuAEHyAEM2AED6AEB-AEBiAIBqAIBuALBjMLTBsACAdICJDRlYmVmMGVjLTBmMjctNDNkNS05MDQ0LWY2ZTFmMzRjMjI5M9gCAeACAQ&ucfs=1&arphpl=1&checkin=2026-08-06&checkout=2026-08-07&dest_id=-2767043&dest_type=city&group_adults=2&req_adults=2&no_rooms=1&group_children=0&req_children=0&hpos=14&hapos=628&sr_order=popularity&srpvid=7b4f562059d9004c&srepoch=1785759393&all_sr_blocks=761353805_349133916_3_0_0_1143184&highlighted_blocks=761353805_349133916_3_0_0_1143184&matching_block_id=761353805_349133916_3_0_0_1143184&sr_pri_blocks=761353805_349133916_3_0_0_1143184_809910&from=searchresults,8099,8.4,10.0,Lahore,20.1,One-Bedroom House,"3 beds (1 extra-large double, 1 sofa bed, 1 futon)",0,1,0,https://cf.bstatic.com/xdata/images/hotel/square240/423905023.webp?k=ce6141ddd63e997caf685bb5d595c8efb82a0f9687890a6cacc14b5fa3031868&o=,12,Lahore
Chic Apartment in The Avenair - MM Alam Gulberg Stay,https://www.booking.com/hotel/pk/chic-apartment-in-the-avenair-mm-alam-gulberg-stay.en-gb.html?aid=304142&label=gen173nr-10CAQoggJCDWNpdHlfLTI3NjcwNDNICVgEaLUBiAEBmAEzuAEHyAEM2AED6AEB-AEBiAIBqAIBuALBjMLTBsACAdICJDRlYmVmMGVjLTBmMjctNDNkNS05MDQ0LWY2ZTFmMzRjMjI5M9gCAeACAQ&ucfs=1&arphpl=1&checkin=2026-08-06&checkout=2026-08-07&dest_id=-2767043&dest_type=city&group_adults=2&req_adults=2&no_rooms=1&group_children=0&req_children=0&hpos=15&hapos=629&sr_order=popularity&srpvid=7b4f562059d9004c&srepoch=1785759393&all_sr_blocks=1632643701_433752664_3_0_0&highlighted_blocks=1632643701_433752664_3_0_0&matching_block_id=1632643701_433752664_3_0_0&sr_pri_blocks=1632643701_433752664_3_0_0__1648350&from=searchresults,16484,,,"Gulberg, Lahore",5.9,One-Bedroom Apartment,1 extra-large double bed,0,0,0,https://cf.bstatic.com/xdata/images/hotel/square240/862540980.webp?k=7736b11fdb281588f8d560b26dd595a0690cd664a3525eb5b143901b3e0de5bc&o=,10,Lahore
HNC Hight,https://www.booking.com/hotel/pk/hnc-hight.en-gb.html?aid=304142&label=gen173nr-10CAQoggJCDWNpdHlfLTI3NjcwNDNICVgEaLUBiAEBmAEzuAEHyAEM2AED6AEB-AEBiAIBqAIBuALBjMLTBsACAdICJDRlYmVmMGVjLTBmMjctNDNkNS05MDQ0LWY2ZTFmMzRjMjI5M9gCAeACAQ&ucfs=1&arphpl=1&checkin=2026-08-06&checkout=2026-08-07&dest_id=-2767043&dest_type=city&group_adults=2&req_adults=2&no_rooms=1&group_children=0&req_children=0&hpos=16&hapos=630&sr_order=popularity&srpvid=7b4f562059d9004c&srepoch=1785759393&all_sr_blocks=1690248001_440665802_2_0_0&highlighted_blocks=1690248001_440665802_2_0_0&matching_block_id=1690248001_440665802_2_0_0&sr_pri_blocks=1690248001_440665802_2_0_0__467500&from=searchresults,4675,1.0,1.0,Lahore,26.5,One-Bedroom Apartment,1 double bed,0,1,1,https://cf.bstatic.com/xdata/images/hotel/square240/896069730.webp?k=18ca7daaa7c3ac00e9bb4c49926883c99dcf83e72f00c8d2b1727c53212778a3&o=,4,Lahore
Cozy home away from home,https://www.booking.com/hotel/pk/cozy-home-away-from-home-lahore.en-gb.html?aid=304142&label=gen173nr-10CAQoggJCDWNpdHlfLTI3NjcwNDNICVgEaLUBiAEBmAEzuAEHyAEM2AED6AEB-AEBiAIBqAIBuALBjMLTBsACAdICJDRlYmVmMGVjLTBmMjctNDNkNS05MDQ0LWY2ZTFmMzRjMjI5M9gCAeACAQ&ucfs=1&arphpl=1&checkin=2026-08-06&checkout=2026-08-07&dest_id=-2767043&dest_type=city&group_adults=2&req_adults=2&no_rooms=1&group_children=0&req_children=0&hpos=17&hapos=631&sr_order=popularity&srpvid=7b4f562059d9004c&srepoch=1785759393&all_sr_blocks=1667157101_438539904_2_0_0&highlighted_blocks=1667157101_438539904_2_0_0&matching_block_id=1667157101_438539904_2_0_0&sr_pri_blocks=1667157101_438539904_2_0_0__646000&from=searchresults,6460,,,Lahore,4.9,Double Room,1 large double bed,0,1,1,https://cf.bstatic.com/xdata/images/hotel/square240/883094000.webp?k=01cfe17b895a43052f8d1e57b545ee6b9cd6559060fe460d736e4075100c4248&o=,5,Lahore
The Guest Nest,https://www.booking.com/hotel/pk/the-guest-nest.en-gb.html?aid=304142&label=gen173nr-10CAQoggJCDWNpdHlfLTI3NjcwNDNICVgEaLUBiAEBmAEzuAEHyAEM2AED6AEB-AEBiAIBqAIBuALBjMLTBsACAdICJDRlYmVmMGVjLTBmMjctNDNkNS05MDQ0LWY2ZTFmMzRjMjI5M9gCAeACAQ&ucfs=1&arphpl=1&checkin=2026-08-06&checkout=2026-08-07&dest_id=-2767043&dest_type=city&group_adults=2&req_adults=2&no_rooms=1&group_children=0&req_children=0&hpos=18&hapos=632&sr_order=popularity&srpvid=7b4f562059d9004c&srepoch=1785759393&all_sr_blocks=1611264001_432041281_12_1_0&highlighted_blocks=1611264001_432041281_12_1_0&matching_block_id=1611264001_432041281_12_1_0&sr_pri_blocks=1611264001_432041281_12_1_0__700000&from=searchresults,7000,,,Lahore,14.2,Double Room with Terrace,6 extra-large double beds,1,1,1,https://cf.bstatic.com/xdata/images/hotel/square240/847163373.webp?k=820a194a6f64214a3ec4ef00383633d0dd97bb3918089e10a0d3dc1932d3d099&o=,4,Lahore
Khokhar house,https://www.booking.com/hotel/pk/khokhar-house-lahore.en-gb.html?aid=304142&label=gen173nr-10CAQoggJCDWNpdHlfLTI3NjcwNDNICVgEaLUBiAEBmAEzuAEHyAEM2AED6AEB-AEBiAIBqAIBuALBjMLTBsACAdICJDRlYmVmMGVjLTBmMjctNDNkNS05MDQ0LWY2ZTFmMzRjMjI5M9gCAeACAQ&ucfs=1&arphpl=1&checkin=2026-08-06&checkout=2026-08-07&dest_id=-2767043&dest_type=city&group_adults=2&req_adults=2&no_rooms=1&group_children=0&req_children=0&hpos=19&hapos=633&sr_order=popularity&srpvid=7b4f562059d9004c&srepoch=1785759393&all_sr_blocks=1674878701_439236997_2_0_0&highlighted_blocks=1674878701_439236997_2_0_0&matching_block_id=1674878701_439236997_2_0_0&sr_pri_blocks=1674878701_439236997_2_0_0__1271600&from=searchresults,12716,,,Lahore,22.2,Double Room,"6 beds (2 singles, 3 doubles, 1 large double)",0,1,1,https://cf.bstatic.com/xdata/images/hotel/square240/888020897.webp?k=9baee2a42a0290919cc09dff43448d0087dc3a0253b9991d3f6bd9652b48888e&o=,5,Lahore
Chic Studio in PentaSquare DHA - Modern & Comfortable,https://www.booking.com/hotel/pk/chic-studio-in-pentasquare-dha-modern-amp-comfortable.en-gb.html?aid=304142&label=gen173nr-10CAQoggJCDWNpdHlfLTI3NjcwNDNICVgEaLUBiAEBmAEzuAEHyAEM2AED6AEB-AEBiAIBqAIBuALBjMLTBsACAdICJDRlYmVmMGVjLTBmMjctNDNkNS05MDQ0LWY2ZTFmMzRjMjI5M9gCAeACAQ&ucfs=1&arphpl=1&checkin=2026-08-06&checkout=2026-08-07&dest_id=-2767043&dest_type=city&group_adults=2&req_adults=2&no_rooms=1&group_children=0&req_children=0&hpos=20&hapos=634&sr_order=popularity&srpvid=7b4f562059d9004c&srepoch=1785759393&all_sr_blocks=1632553001_433744195_2_0_0&highlighted_blocks=1632553001_433744195_2_0_0&matching_block_id=1632553001_433744195_2_0_0&sr_pri_blocks=1632553001_433744195_2_0_0__1069111&from=searchresults,10691,,,Lahore,14.2,One-Bedroom Apartment,1 extra-large double bed,0,0,0,https://cf.bstatic.com/xdata/images/hotel/square240/862519279.webp?k=6850b0ea9ee620c1f5a3f05b95721f9043b38c0854dbf0d2bb9bdb553096d7e6&o=,10,Lahore
Snow Nest Apartment by MZ Heights,https://www.booking.com/hotel/pk/snow-nest-apartment-by-mz-heights.en-gb.html?aid=304142&label=gen173nr-10CAQoggJCDWNpdHlfLTI3NjcwNDNICVgEaLUBiAEBmAEzuAEHyAEM2AED6AEB-AEBiAIBqAIBuALBjMLTBsACAdICJDRlYmVmMGVjLTBmMjctNDNkNS05MDQ0LWY2ZTFmMzRjMjI5M9gCAeACAQ&ucfs=1&arphpl=1&checkin=2026-08-06&checkout=2026-08-07&dest_id=-2767043&dest_type=city&group_adults=2&req_adults=2&no_rooms=1&group_children=0&req_children=0&hpos=21&hapos=635&sr_order=popularity&srpvid=7b4f562059d9004c&srepoch=1785759393&all_sr_blocks=1640891701_434319847_3_0_0&highlighted_blocks=1640891701_434319847_3_0_0&matching_block_id=1640891701_434319847_3_0_0&sr_pri_blocks=1640891701_434319847_3_0_0__750000&from=searchresults,7500,3.0,1.0,"Johar Town, Lahore",11.8,One-Bedroom Apartment,1 double bed,0,1,1,https://cf.bstatic.com/xdata/images/hotel/square240/867249576.webp?k=3b7a3b1487c4bc65ee460f42f550e0ba58b58501b9555cd181a2a3efd926b261&o=,4,Lahore
Modern 1-Bedroom Apartment - The Opus,https://www.booking.com/hotel/pk/modern-1-bedroom-apartment-the-opus.en-gb.html?aid=304142&label=gen173nr-10CAQoggJCDWNpdHlfLTI3NjcwNDNICVgEaLUBiAEBmAEzuAEHyAEM2AED6AEB-AEBiAIBqAIBuALBjMLTBsACAdICJDRlYmVmMGVjLTBmMjctNDNkNS05MDQ0LWY2ZTFmMzRjMjI5M9gCAeACAQ&ucfs=1&arphpl=1&checkin=2026-08-06&checkout=2026-08-07&dest_id=-2767043&dest_type=city&group_adults=2&req_adults=2&no_rooms=1&group_children=0&req_children=0&hpos=22&hapos=636&sr_order=popularity&srpvid=7b4f562059d9004c&srepoch=1785759393&all_sr_blocks=1471546902_418592211_2_0_0&highlighted_blocks=1471546902_418592211_2_0_0&matching_block_id=1471546902_418592211_2_0_0&sr_pri_blocks=1471546902_418592211_2_0_0__2387070&from=searchresults,23871,,,"Gulberg, Lahore",6.9,Apartment,1 extra-large double bed,0,1,1,https://cf.bstatic.com/xdata/images/hotel/square240/727527961.webp?k=b4fbd3f3b526238e2efebe4a250bf254a6db0d0e040ace7546096019673dff24&o=,12,Lahore
1BHk Apartment Self check-in Bahria Town Lahore,https://www.booking.com/hotel/pk/1bhk-apartment-self-check-in-bahria-town-lahore.en-gb.html?aid=304142&label=gen173nr-10CAQoggJCDWNpdHlfLTI3NjcwNDNICVgEaLUBiAEBmAEzuAEHyAEM2AED6AEB-AEBiAIBqAIBuALBjMLTBsACAdICJDRlYmVmMGVjLTBmMjctNDNkNS05MDQ0LWY2ZTFmMzRjMjI5M9gCAeACAQ&ucfs=1&arphpl=1&checkin=2026-08-06&checkout=2026-08-07&dest_id=-2767043&dest_type=city&group_adults=2&req_adults=2&no_rooms=1&group_children=0&req_children=0&hpos=23&hapos=637&sr_order=popularity&srpvid=7b4f562059d9004c&srepoch=1785759393&all_sr_blocks=1669773601_438779693_2_0_0&highlighted_blocks=1669773601_438779693_2_0_0&matching_block_id=1669773601_438779693_2_0_0&sr_pri_blocks=1669773601_438779693_2_0_0__510000&from=searchresults,5100,,,Lahore,26.4,One-Bedroom Apartment,1 double bed,0,1,1,https://cf.bstatic.com/xdata/images/hotel/square240/885268707.webp?k=60d7ea44c44a86914df0466847ff2fac549756d371d3e237c4ed09bbdd32bc54&o=,4,Lahore
"2-Bed Luxury Apartment With Balcony -, Goldcrest Mall and Residency",https://www.booking.com/hotel/pk/2-bed-luxury-apartment-with-balcony-goldcrest-mall-and-residency.en-gb.html?aid=304142&label=gen173nr-10CAQoggJCDWNpdHlfLTI3NjcwNDNICVgEaLUBiAEBmAEzuAEHyAEM2AED6AEB-AEBiAIBqAIBuALBjMLTBsACAdICJDRlYmVmMGVjLTBmMjctNDNkNS05MDQ0LWY2ZTFmMzRjMjI5M9gCAeACAQ&ucfs=1&arphpl=1&checkin=2026-08-06&checkout=2026-08-07&dest_id=-2767043&dest_type=city&group_adults=2&req_adults=2&no_rooms=1&group_children=0&req_children=0&hpos=24&hapos=638&sr_order=popularity&srpvid=7b4f562059d9004c&srepoch=1785759393&all_sr_blocks=1631543301_433677932_3_0_0&highlighted_blocks=1631543301_433677932_3_0_0&matching_block_id=1631543301_433677932_3_0_0&sr_pri_blocks=1631543301_433677932_3_0_0__1871100&from=searchresults,18711,,,Lahore,12.1,Two-Bedroom Deluxe Apartment with Balcony,2 extra-large double beds,0,0,0,https://cf.bstatic.com/xdata/images/hotel/square240/861914318.webp?k=33506f1107c19aa83adcbb7293bf599a591039b6fb490ac197e5a97016422dd7&o=,10,Lahore
Zameen Aurum Luxury Apartment Gulberg-3 Mirhaahomes-2,https://www.booking.com/hotel/pk/zameen-aurum-luxury-apartment-gulberg-3-mirhaahomes-2.en-gb.html?aid=304142&label=gen173nr-10CAQoggJCDWNpdHlfLTI3NjcwNDNICVgEaLUBiAEBmAEzuAEHyAEM2AED6AEB-AEBiAIBqAIBuALBjMLTBsACAdICJDRlYmVmMGVjLTBmMjctNDNkNS05MDQ0LWY2ZTFmMzRjMjI5M9gCAeACAQ&ucfs=1&arphpl=1&checkin=2026-08-06&checkout=2026-08-07&dest_id=-2767043&dest_type=city&group_adults=2&req_adults=2&no_rooms=1&group_children=0&req_children=0&hpos=25&hapos=639&sr_order=popularity&srpvid=7b4f562059d9004c&srepoch=1785759393&all_sr_blocks=1388630701_410859358_3_0_0&highlighted_blocks=1388630701_410859358_3_0_0&matching_block_id=1388630701_410859358_3_0_0&sr_pri_blocks=1388630701_410859358_3_0_0__1350000&from=searchresults,13500,8.5,4.0,"Gulberg, Lahore",7.2,One-Bedroom Apartment,1 double bed,0,1,1,https://cf.bstatic.com/xdata/images/hotel/square240/667419970.webp?k=1ade212c310fecc69e6cedce120f7f912f429095c854944d54378d86ba43e243&o=,5,Lahore
Alvis Suite Apartments - Penta Square DHA Lahore,https://www.booking.com/hotel/pk/alvis-suite-apartments-penta-square-dha-lahore.en-gb.html?aid=304142&label=gen173nr-10CAQoggJCDWNpdHlfLTI3NjcwNDNICVgEaLUBiAEBmAEzuAEHyAEM2AED6AEB-AEBiAIBqAIBuALBjMLTBsACAdICJDRlYmVmMGVjLTBmMjctNDNkNS05MDQ0LWY2ZTFmMzRjMjI5M9gCAeACAQ&ucfs=1&arphpl=1&checkin=2026-08-06&checkout=2026-08-07&dest_id=-2767043&dest_type=city&group_adults=2&req_adults=2&no_rooms=1&group_children=0&req_children=0&hpos=1&hapos=640&sr_order=popularity&srpvid=7b4f562059d9004c&srepoch=1785759399&all_sr_blocks=1685777201_440206622_2_0_0&highlighted_blocks=1685777201_440206622_2_0_0&matching_block_id=1685777201_440206622_2_0_0&sr_pri_blocks=1685777201_440206622_2_0_0__1161186&from=searchresults,11612,,,Lahore,14.2,Studio Apartment,"2 beds (1 extra-large double, 1 sofa bed)",0,1,1,https://cf.bstatic.com/xdata/images/hotel/square240/893234818.webp?k=e69f4bb8428df89fbbd317aa4032fe1972e2cbb8aa60fb42bcd146b13be02faa&o=,12,Lahore
1 BHK Lunar Noir Starlight Ceiling & Moon Wall Bahria Lahore,https://www.booking.com/hotel/pk/1-bhk-lunar-noir-starlight-ceiling-amp-moon-wall-bahria-lahore.en-gb.html?aid=304142&label=gen173nr-10CAQoggJCDWNpdHlfLTI3NjcwNDNICVgEaLUBiAEBmAEzuAEHyAEM2AED6AEB-AEBiAIBqAIBuALBjMLTBsACAdICJDRlYmVmMGVjLTBmMjctNDNkNS05MDQ0LWY2ZTFmMzRjMjI5M9gCAeACAQ&ucfs=1&arphpl=1&checkin=2026-08-06&checkout=2026-08-07&dest_id=-2767043&dest_type=city&group_adults=2&req_adults=2&no_rooms=1&group_children=0&req_children=0&hpos=2&hapos=641&sr_order=popularity&srpvid=7b4f562059d9004c&srepoch=1785759399&all_sr_blocks=1652954601_437260068_4_0_0&highlighted_blocks=1652954601_437260068_4_0_0&matching_block_id=1652954601_437260068_4_0_0&sr_pri_blocks=1652954601_437260068_4_0_0__999900&from=searchresults,9999,,,Lahore,26.3,One-Bedroom Apartment,"2 beds (1 extra-large double, 1 sofa bed)",0,1,1,https://cf.bstatic.com/xdata/images/hotel/square240/873624736.webp?k=315b637a641e7b3b17cb69ffda6b6dce24184a2d308d34e4c23a6207b15cf5d4&o=,5,Lahore
"4 Bedrooms Modern Luxury Bungalow in DHA Phase 8, Near Airport",https://www.booking.com/hotel/pk/elegant-spacious-villa-near-airport.en-gb.html?aid=304142&label=gen173nr-10CAQoggJCDWNpdHlfLTI3NjcwNDNICVgEaLUBiAEBmAEzuAEHyAEM2AED6AEB-AEBiAIBqAIBuALBjMLTBsACAdICJDRlYmVmMGVjLTBmMjctNDNkNS05MDQ0LWY2ZTFmMzRjMjI5M9gCAeACAQ&ucfs=1&arphpl=1&checkin=2026-08-06&checkout=2026-08-07&dest_id=-2767043&dest_type=city&group_adults=2&req_adults=2&no_rooms=1&group_children=0&req_children=0&hpos=3&hapos=642&sr_order=popularity&srpvid=7b4f562059d9004c&srepoch=1785759399&all_sr_blocks=1665078501_438361614_8_0_0&highlighted_blocks=1665078501_438361614_8_0_0&matching_block_id=1665078501_438361614_8_0_0&sr_pri_blocks=1665078501_438361614_8_0_0__2789800&from=searchresults,27898,,,Lahore,13.5,Villa,"5 beds (3 sofa beds, 2 large doubles)",0,1,1,https://cf.bstatic.com/xdata/images/hotel/square240/887545098.webp?k=646083936dabbbbd0032edde43b7b6714f62ca1086b3e6d4732f47267cd8dc1a&o=,4,Lahore
GOLDCREST Exclusive Apartments DHA Lahore,https://www.booking.com/hotel/pk/goldcrest-exclusive-apartments-dha-lahore.en-gb.html?aid=304142&label=gen173nr-10CAQoggJCDWNpdHlfLTI3NjcwNDNICVgEaLUBiAEBmAEzuAEHyAEM2AED6AEB-AEBiAIBqAIBuALBjMLTBsACAdICJDRlYmVmMGVjLTBmMjctNDNkNS05MDQ0LWY2ZTFmMzRjMjI5M9gCAeACAQ&ucfs=1&arphpl=1&checkin=2026-08-06&checkout=2026-08-07&dest_id=-2767043&dest_type=city&group_adults=2&req_adults=2&no_rooms=1&group_children=0&req_children=0&hpos=4&hapos=643&sr_order=popularity&srpvid=7b4f562059d9004c&srepoch=1785759399&all_sr_blocks=1652243401_437207471_2_0_0&highlighted_blocks=1652243401_437207471_2_0_0&matching_block_id=1652243401_437207471_2_0_0&sr_pri_blocks=1652243401_437207471_2_0_0__1500000&from=searchresults,15000,10,1.0,Lahore,12.2,One-Bedroom Apartment,1 double bed,0,1,1,https://cf.bstatic.com/xdata/images/hotel/square240/873064629.webp?k=9fbf72bf6dd0c39237366f7fe6c7a2bb948ee53e573da22c2577794e43184ad5&o=,4,Lahore
City Heights,https://www.booking.com/hotel/pk/city-heights.en-gb.html?aid=304142&label=gen173nr-10CAQoggJCDWNpdHlfLTI3NjcwNDNICVgEaLUBiAEBmAEzuAEHyAEM2AED6AEB-AEBiAIBqAIBuALBjMLTBsACAdICJDRlYmVmMGVjLTBmMjctNDNkNS05MDQ0LWY2ZTFmMzRjMjI5M9gCAeACAQ&ucfs=1&arphpl=1&checkin=2026-08-06&checkout=2026-08-07&dest_id=-2767043&dest_type=city&group_adults=2&req_adults=2&no_rooms=1&group_children=0&req_children=0&hpos=5&hapos=644&sr_order=popularity&srpvid=7b4f562059d9004c&srepoch=1785759399&all_sr_blocks=1657701002_437657259_3_0_0&highlighted_blocks=1657701002_437657259_3_0_0&matching_block_id=1657701002_437657259_3_0_0&sr_pri_blocks=1657701002_437657259_3_0_0__850000&from=searchresults,8500,,,Lahore,24.3,One-Bedroom Apartment,"2 beds (1 double, 1 sofa bed)",0,1,1,https://cf.bstatic.com/xdata/images/hotel/square240/876822600.webp?k=0d4252c2e758bb0bdf2f1c4b00fc9e43b9ee071a74eb2ab1414376e68ac07028&o=,4,Lahore
Peaceful living place,https://www.booking.com/hotel/pk/peaceful-living-place.en-gb.html?aid=304142&label=gen173nr-10CAQoggJCDWNpdHlfLTI3NjcwNDNICVgEaLUBiAEBmAEzuAEHyAEM2AED6AEB-AEBiAIBqAIBuALBjMLTBsACAdICJDRlYmVmMGVjLTBmMjctNDNkNS05MDQ0LWY2ZTFmMzRjMjI5M9gCAeACAQ&ucfs=1&arphpl=1&checkin=2026-08-06&checkout=2026-08-07&dest_id=-2767043&dest_type=city&group_adults=2&req_adults=2&no_rooms=1&group_children=0&req_children=0&hpos=6&hapos=645&sr_order=popularity&srpvid=7b4f562059d9004c&srepoch=1785759399&all_sr_blocks=1658133401_437712025_6_2_0&highlighted_blocks=1658133401_437712025_6_2_0&matching_block_id=1658133401_437712025_6_2_0&sr_pri_blocks=1658133401_437712025_6_2_0__1200000&from=searchresults,12000,,,Lahore,2.9,One-Bedroom Apartment,"4 beds (1 double, 3 sofa beds)",0,1,1,https://cf.bstatic.com/xdata/images/hotel/square240/877315922.webp?k=e26cecd616b04dd3e8937be2a0a04d6b8606f32336da74bebf8dcc8886131aa9&o=,5,Lahore
Your Ultimate Living Experience in Gold Crest Apartments by HBA,https://www.booking.com/hotel/pk/luxury-gold-crest-mall-apt-with-al-fatah-store.en-gb.html?aid=304142&label=gen173nr-10CAQoggJCDWNpdHlfLTI3NjcwNDNICVgEaLUBiAEBmAEzuAEHyAEM2AED6AEB-AEBiAIBqAIBuALBjMLTBsACAdICJDRlYmVmMGVjLTBmMjctNDNkNS05MDQ0LWY2ZTFmMzRjMjI5M9gCAeACAQ&ucfs=1&arphpl=1&checkin=2026-08-06&checkout=2026-08-07&dest_id=-2767043&dest_type=city&group_adults=2&req_adults=2&no_rooms=1&group_children=0&req_children=0&hpos=7&hapos=646&sr_order=popularity&srpvid=7b4f562059d9004c&srepoch=1785759399&all_sr_blocks=1380970802_410192735_2_0_0_1085651&highlighted_blocks=1380970802_410192735_2_0_0_1085651&matching_block_id=1380970802_410192735_2_0_0_1085651&sr_pri_blocks=1380970802_410192735_2_0_0_1085651_1155000&from=searchresults,11550,5.5,2.0,Lahore,12.0,Studio,1 large double bed,0,1,1,https://cf.bstatic.com/xdata/images/hotel/square240/661524754.webp?k=40f642584fc59500b7fdd687dd4218b145476b7d2f699e53f572a8dea536d0e2&o=,12,Lahore
Gulberg Executive One-Bed Suite,https://www.booking.com/hotel/pk/gulberg-executive-one-bed-suite.en-gb.html?aid=304142&label=gen173nr-10CAQoggJCDWNpdHlfLTI3NjcwNDNICVgEaLUBiAEBmAEzuAEHyAEM2AED6AEB-AEBiAIBqAIBuALBjMLTBsACAdICJDRlYmVmMGVjLTBmMjctNDNkNS05MDQ0LWY2ZTFmMzRjMjI5M9gCAeACAQ&ucfs=1&arphpl=1&checkin=2026-08-06&checkout=2026-08-07&dest_id=-2767043&dest_type=city&group_adults=2&req_adults=2&no_rooms=1&group_children=0&req_children=0&hpos=8&hapos=647&sr_order=popularity&srpvid=7b4f562059d9004c&srepoch=1785759399&all_sr_blocks=1604995101_431424952_2_0_0&highlighted_blocks=1604995101_431424952_2_0_0&matching_block_id=1604995101_431424952_2_0_0&sr_pri_blocks=1604995101_431424952_2_0_0__1514700&from=searchresults,15147,,,"Gulberg, Lahore",5.9,One-Bedroom Apartment,1 double bed,0,0,0,https://cf.bstatic.com/xdata/images/hotel/square240/841787612.webp?k=7a30823aa1625649b1a14081fdb1ffa4079260d9dc86084665701bdadda688c6&o=,10,Lahore
Golden One Hotel,https://www.booking.com/hotel/pk/golden-one.en-gb.html?aid=304142&label=gen173nr-10CAQoggJCDWNpdHlfLTI3NjcwNDNICVgEaLUBiAEBmAEzuAEHyAEM2AED6AEB-AEBiAIBqAIBuALBjMLTBsACAdICJDRlYmVmMGVjLTBmMjctNDNkNS05MDQ0LWY2ZTFmMzRjMjI5M9gCAeACAQ&ucfs=1&arphpl=1&checkin=2026-08-06&checkout=2026-08-07&dest_id=-2767043&dest_type=city&group_adults=2&req_adults=2&no_rooms=1&group_children=0&req_children=0&hpos=9&hapos=648&sr_order=popularity&srpvid=7b4f562059d9004c&srepoch=1785759399&all_sr_blocks=809094601_432723896_2_2_0&highlighted_blocks=809094601_432723896_2_2_0&matching_block_id=809094601_432723896_2_2_0&sr_pri_blocks=809094601_432723896_2_2_0__900000&from=searchresults,9000,7.8,75.0,"Gulberg, Lahore",6.7,Deluxe Double Room (2 Adults + 1 Child),1 large double bed,0,1,1,https://cf.bstatic.com/xdata/images/hotel/square240/852064801.webp?k=2f3bbf525bdd0e5ece14554d3b16355293c86f01aaa34955eff399ebf124cb88&o=,6,Lahore
Sky Vista Residences Gold Crest Mall Lahore,https://www.booking.com/hotel/pk/sky-vista-residences-gold-crest-mall-lahore.en-gb.html?aid=304142&label=gen173nr-10CAQoggJCDWNpdHlfLTI3NjcwNDNICVgEaLUBiAEBmAEzuAEHyAEM2AED6AEB-AEBiAIBqAIBuALBjMLTBsACAdICJDRlYmVmMGVjLTBmMjctNDNkNS05MDQ0LWY2ZTFmMzRjMjI5M9gCAeACAQ&ucfs=1&arphpl=1&checkin=2026-08-06&checkout=2026-08-07&dest_id=-2767043&dest_type=city&group_adults=2&req_adults=2&no_rooms=1&group_children=0&req_children=0&hpos=10&hapos=649&sr_order=popularity&srpvid=7b4f562059d9004c&srepoch=1785759399&all_sr_blocks=1663031002_438161882_2_0_0&highlighted_blocks=1663031002_438161882_2_0_0&matching_block_id=1663031002_438161882_2_0_0&sr_pri_blocks=1663031002_438161882_2_0_0__2374905&from=searchresults,23749,,,Lahore,12.1,One-Bedroom Apartment,"3 beds (1 extra-large double, 2 sofa beds)",0,1,1,https://cf.bstatic.com/xdata/images/hotel/square240/891817767.webp?k=82400aba5a41b1e0e725b2f606dedd8ef4f222e0c6e8fe02a5bef8f0c6948aaf&o=,4,Lahore
Gold Max Hotel,https://www.booking.com/hotel/pk/gold-max.en-gb.html?aid=304142&label=gen173nr-10CAQoggJCDWNpdHlfLTI3NjcwNDNICVgEaLUBiAEBmAEzuAEHyAEM2AED6AEB-AEBiAIBqAIBuALBjMLTBsACAdICJDRlYmVmMGVjLTBmMjctNDNkNS05MDQ0LWY2ZTFmMzRjMjI5M9gCAeACAQ&ucfs=1&arphpl=1&checkin=2026-08-06&checkout=2026-08-07&dest_id=-2767043&dest_type=city&group_adults=2&req_adults=2&no_rooms=1&group_children=0&req_children=0&hpos=11&hapos=650&sr_order=popularity&srpvid=7b4f562059d9004c&srepoch=1785759399&all_sr_blocks=1545692604_425861496_2_1_0&highlighted_blocks=1545692604_425861496_2_1_0&matching_block_id=1545692604_425861496_2_1_0&sr_pri_blocks=1545692604_425861496_2_1_0__702000&from=searchresults,7020,8.1,15.0,"Johar Town, Lahore",13.3,Deluxe Twin Room,2 single beds,1,1,1,https://cf.bstatic.com/xdata/images/hotel/square240/792302414.webp?k=0b8af3efd0f9c33743d92843267fff0fa170ac247332fd66156a28d447af18bb&o=,10,Lahore
Royaute Luxury Suites and Hotel Gulberg Lahore,https://www.booking.com/hotel/pk/royaute-luxury-suites-amp-lahore.en-gb.html?aid=304142&label=gen173nr-10CAQoggJCDWNpdHlfLTI3NjcwNDNICVgEaLUBiAEBmAEzuAEHyAEM2AED6AEB-AEBiAIBqAIBuALBjMLTBsACAdICJDRlYmVmMGVjLTBmMjctNDNkNS05MDQ0LWY2ZTFmMzRjMjI5M9gCAeACAQ&ucfs=1&arphpl=1&checkin=2026-08-06&checkout=2026-08-07&dest_id=-2767043&dest_type=city&group_adults=2&req_adults=2&no_rooms=1&group_children=0&req_children=0&hpos=12&hapos=651&sr_order=popularity&srpvid=7b4f562059d9004c&srepoch=1785759399&all_sr_blocks=0_0_2_1_0&highlighted_blocks=0_0_2_1_0&matching_block_id=0_0_2_1_0&sr_pri_blocks=0_0_2_1_0__1179600&from=searchresults,11796,6.8,113.0,"Gulberg, Lahore",5.9,Executive Suite,1 extra-large double bed,1,1,0,https://cf.bstatic.com/xdata/images/hotel/square240/38601758.webp?k=45edcc96d1d5d0714422f6ec4d961f0f3d88c7f3d9554392024cb0e762f67864&o=,12,Lahore
Ace Heights,https://www.booking.com/hotel/pk/ace-heights.en-gb.html?aid=304142&label=gen173nr-10CAQoggJCDWNpdHlfLTI3NjcwNDNICVgEaLUBiAEBmAEzuAEHyAEM2AED6AEB-AEBiAIBqAIBuALBjMLTBsACAdICJDRlYmVmMGVjLTBmMjctNDNkNS05MDQ0LWY2ZTFmMzRjMjI5M9gCAeACAQ&ucfs=1&arphpl=1&checkin=2026-08-06&checkout=2026-08-07&dest_id=-2767043&dest_type=city&group_adults=2&req_adults=2&no_rooms=1&group_children=0&req_children=0&hpos=13&hapos=652&sr_order=popularity&srpvid=7b4f562059d9004c&srepoch=1785759399&all_sr_blocks=1663269901_438183422_3_0_0&highlighted_blocks=1663269901_438183422_3_0_0&matching_block_id=1663269901_438183422_3_0_0&sr_pri_blocks=1663269901_438183422_3_0_0__600000&from=searchresults,6000,,,Lahore,25.2,One-Bedroom Apartment,"2 beds (1 double, 1 sofa bed)",0,1,1,https://cf.bstatic.com/xdata/images/hotel/square240/880929205.webp?k=4c2b477499760dc817608a5b1ba90afc3c0649a9768aa42b9abf676f514b074c&o=,5,Lahore
Executive studio by Alvis Suite - Penta Square DHA Lahore,https://www.booking.com/hotel/pk/executive-studio-by-alvis-suite-penta-square-dha-lahore.en-gb.html?aid=304142&label=gen173nr-10CAQoggJCDWNpdHlfLTI3NjcwNDNICVgEaLUBiAEBmAEzuAEHyAEM2AED6AEB-AEBiAIBqAIBuALBjMLTBsACAdICJDRlYmVmMGVjLTBmMjctNDNkNS05MDQ0LWY2ZTFmMzRjMjI5M9gCAeACAQ&ucfs=1&arphpl=1&checkin=2026-08-06&checkout=2026-08-07&dest_id=-2767043&dest_type=city&group_adults=2&req_adults=2&no_rooms=1&group_children=0&req_children=0&hpos=14&hapos=653&sr_order=popularity&srpvid=7b4f562059d9004c&srepoch=1785759399&all_sr_blocks=1686529101_440288416_2_0_0&highlighted_blocks=1686529101_440288416_2_0_0&matching_block_id=1686529101_440288416_2_0_0&sr_pri_blocks=1686529101_440288416_2_0_0__928949&from=searchresults,9289,,,Lahore,14.2,Studio Apartment,"2 beds (1 extra-large double, 1 sofa bed)",0,1,1,https://cf.bstatic.com/xdata/images/hotel/square240/893844976.webp?k=b6d382efd07d74b3c66ef602b05c0f14981e5115fbe5bb5e261854a01a9192b2&o=,13,Lahore
Gold Crest Mall Luxury Apartments with Balcony by Monark Suites in DHA Phase 4 Lahore,https://www.booking.com/hotel/pk/goldcrest-mall-artistic-one-bed-suite.en-gb.html?aid=304142&label=gen173nr-10CAQoggJCDWNpdHlfLTI3NjcwNDNICVgEaLUBiAEBmAEzuAEHyAEM2AED6AEB-AEBiAIBqAIBuALBjMLTBsACAdICJDRlYmVmMGVjLTBmMjctNDNkNS05MDQ0LWY2ZTFmMzRjMjI5M9gCAeACAQ&ucfs=1&arphpl=1&checkin=2026-08-06&checkout=2026-08-07&dest_id=-2767043&dest_type=city&group_adults=2&req_adults=2&no_rooms=1&group_children=0&req_children=0&hpos=15&hapos=654&sr_order=popularity&srpvid=7b4f562059d9004c&srepoch=1785759399&all_sr_blocks=1494542803_432200031_3_0_0&highlighted_blocks=1494542803_432200031_3_0_0&matching_block_id=1494542803_432200031_3_0_0&sr_pri_blocks=1494542803_432200031_3_0_0__1279920&from=searchresults,12799,10,1.0,Lahore,12.1,Apartment with Balcony,"2 beds (1 extra-large double, 1 sofa bed)",0,1,1,https://cf.bstatic.com/xdata/images/hotel/square240/859010315.webp?k=299f160bdd4d0537c6e4ac8e189e45e0cc45009137fc9d20bfcbbc99bc4489d2&o=,5,Lahore
The Restful Nook Calm Apts with Modern Setup,https://www.booking.com/hotel/pk/the-restful-nook-calm-apts-with-modern-setup.en-gb.html?aid=304142&label=gen173nr-10CAQoggJCDWNpdHlfLTI3NjcwNDNICVgEaLUBiAEBmAEzuAEHyAEM2AED6AEB-AEBiAIBqAIBuALBjMLTBsACAdICJDRlYmVmMGVjLTBmMjctNDNkNS05MDQ0LWY2ZTFmMzRjMjI5M9gCAeACAQ&ucfs=1&arphpl=1&checkin=2026-08-06&checkout=2026-08-07&dest_id=-2767043&dest_type=city&group_adults=2&req_adults=2&no_rooms=1&group_children=0&req_children=0&hpos=16&hapos=655&sr_order=popularity&srpvid=7b4f562059d9004c&srepoch=1785759399&all_sr_blocks=1538948601_425315376_6_0_0&highlighted_blocks=1538948601_425315376_6_0_0&matching_block_id=1538948601_425315376_6_0_0&sr_pri_blocks=1538948601_425315376_6_0_0__2800000&from=searchresults,28000,,,Lahore,13.7,Two-Bedroom Apartment,"6 beds (4 sofa beds, 1 large double, 1 futon)",0,1,1,https://cf.bstatic.com/xdata/images/hotel/square240/786994270.webp?k=af62989e35c6a4bb2ec181305b26313b71bf13cf6a33c448226caf36512432b6&o=,4,Lahore
The Best Apartments In Paragon City Lahore,https://www.booking.com/hotel/pk/modern-apartment-in-paragon-city-lahore.en-gb.html?aid=304142&label=gen173nr-10CAQoggJCDWNpdHlfLTI3NjcwNDNICVgEaLUBiAEBmAEzuAEHyAEM2AED6AEB-AEBiAIBqAIBuALBjMLTBsACAdICJDRlYmVmMGVjLTBmMjctNDNkNS05MDQ0LWY2ZTFmMzRjMjI5M9gCAeACAQ&ucfs=1&arphpl=1&checkin=2026-08-06&checkout=2026-08-07&dest_id=-2767043&dest_type=city&group_adults=2&req_adults=2&no_rooms=1&group_children=0&req_children=0&hpos=17&hapos=656&sr_order=popularity&srpvid=7b4f562059d9004c&srepoch=1785759399&all_sr_blocks=1585464502_429670482_5_0_0&highlighted_blocks=1585464502_429670482_5_0_0&matching_block_id=1585464502_429670482_5_0_0&sr_pri_blocks=1585464502_429670482_5_0_0__1200000&from=searchresults,12000,,,Lahore,13.0,Two-Bedroom Standard Apartment,"3 beds (1 sofa bed, 2 large doubles)",0,1,1,https://cf.bstatic.com/xdata/images/hotel/square240/873561203.webp?k=cb5e44282b68e648a6afb5e0e13d838b0b8888a84fe130f02e5965b45d58226e&o=,5,Lahore
City View Family Apartments DHA Lahore,https://www.booking.com/hotel/pk/city-view-family-apartments-dha-lahore.en-gb.html?aid=304142&label=gen173nr-10CAQoggJCDWNpdHlfLTI3NjcwNDNICVgEaLUBiAEBmAEzuAEHyAEM2AED6AEB-AEBiAIBqAIBuALBjMLTBsACAdICJDRlYmVmMGVjLTBmMjctNDNkNS05MDQ0LWY2ZTFmMzRjMjI5M9gCAeACAQ&ucfs=1&arphpl=1&checkin=2026-08-06&checkout=2026-08-07&dest_id=-2767043&dest_type=city&group_adults=2&req_adults=2&no_rooms=1&group_children=0&req_children=0&hpos=18&hapos=657&sr_order=popularity&srpvid=7b4f562059d9004c&srepoch=1785759399&all_sr_blocks=1664657401_438327099_2_0_0&highlighted_blocks=1664657401_438327099_2_0_0&matching_block_id=1664657401_438327099_2_0_0&sr_pri_blocks=1664657401_438327099_2_0_0__1472000&from=searchresults,14720,,,Lahore,12.0,Two-Bedroom Apartment,"2 beds (1 double, 1 sofa bed)",0,1,1,https://cf.bstatic.com/xdata/images/hotel/square240/881721023.webp?k=100a4bc73dcae204e21ea28e137797e68a1bc59917fd05894aa716b95db58690&o=,5,Lahore
Bahria town Lahore Serene Family house,https://www.booking.com/hotel/pk/serene-family-house.en-gb.html?aid=304142&label=gen173nr-10CAQoggJCDWNpdHlfLTI3NjcwNDNICVgEaLUBiAEBmAEzuAEHyAEM2AED6AEB-AEBiAIBqAIBuALBjMLTBsACAdICJDRlYmVmMGVjLTBmMjctNDNkNS05MDQ0LWY2ZTFmMzRjMjI5M9gCAeACAQ&ucfs=1&arphpl=1&checkin=2026-08-06&checkout=2026-08-07&dest_id=-2767043&dest_type=city&group_adults=2&req_adults=2&no_rooms=1&group_children=0&req_children=0&hpos=19&hapos=658&sr_order=popularity&srpvid=7b4f562059d9004c&srepoch=1785759399&all_sr_blocks=1519736401_423638547_2_0_0&highlighted_blocks=1519736401_423638547_2_0_0&matching_block_id=1519736401_423638547_2_0_0&sr_pri_blocks=1519736401_423638547_2_0_0__1499500&from=searchresults,14995,,,Lahore,27.5,Two-Bedroom Villa,"4 beds (2 extra-large doubles, 2 sofa beds)",0,1,1,https://cf.bstatic.com/xdata/images/hotel/square240/770768448.webp?k=0ee02df334f88b3fefdeda16a18b6866f78362148f2f1f022d713eacfcd18ee8&o=,12,Lahore
Luxor Apartments & Suites - Trango Tower DHA Phase 8,https://www.booking.com/hotel/pk/luxor-apartments-amp-suites-trango-tower.en-gb.html?aid=304142&label=gen173nr-10CAQoggJCDWNpdHlfLTI3NjcwNDNICVgEaLUBiAEBmAEzuAEHyAEM2AED6AEB-AEBiAIBqAIBuALBjMLTBsACAdICJDRlYmVmMGVjLTBmMjctNDNkNS05MDQ0LWY2ZTFmMzRjMjI5M9gCAeACAQ&ucfs=1&arphpl=1&checkin=2026-08-06&checkout=2026-08-07&dest_id=-2767043&dest_type=city&group_adults=2&req_adults=2&no_rooms=1&group_children=0&req_children=0&hpos=20&hapos=659&sr_order=popularity&srpvid=7b4f562059d9004c&srepoch=1785759399&all_sr_blocks=1579731701_437644193_2_0_0&highlighted_blocks=1579731701_437644193_2_0_0&matching_block_id=1579731701_437644193_2_0_0&sr_pri_blocks=1579731701_437644193_2_0_0__1751213&from=searchresults,17512,,,Lahore,12.7,Three-Bedroom Apartment,3 large double beds,0,1,1,https://cf.bstatic.com/xdata/images/hotel/square240/821670644.webp?k=810b6efd8ae474e9c348a16e57bcd64fd91049b2927576f4d71a945fc2715934&o=,13,Lahore
Defence View Apartment DVA,https://www.booking.com/hotel/pk/defence-view-apartment-dva.en-gb.html?aid=304142&label=gen173nr-10CAQoggJCDWNpdHlfLTI3NjcwNDNICVgEaLUBiAEBmAEzuAEHyAEM2AED6AEB-AEBiAIBqAIBuALBjMLTBsACAdICJDRlYmVmMGVjLTBmMjctNDNkNS05MDQ0LWY2ZTFmMzRjMjI5M9gCAeACAQ&ucfs=1&arphpl=1&checkin=2026-08-06&checkout=2026-08-07&dest_id=-2767043&dest_type=city&group_adults=2&req_adults=2&no_rooms=1&group_children=0&req_children=0&hpos=21&hapos=660&sr_order=popularity&srpvid=7b4f562059d9004c&srepoch=1785759399&all_sr_blocks=1698041101_441474212_2_0_0&highlighted_blocks=1698041101_441474212_2_0_0&matching_block_id=1698041101_441474212_2_0_0&sr_pri_blocks=1698041101_441474212_2_0_0__1416100&from=searchresults,14161,,,Lahore,13.1,One-Bedroom Apartment,2 large double beds,0,1,1,https://cf.bstatic.com/xdata/images/hotel/square240/901305275.webp?k=b1bede7d9591486f29ab58bf23a79a8533fa03082b0ab1a4bdb59f525c53f859&o=,5,Lahore
Cosmo Homes,https://www.booking.com/hotel/pk/cosmo-homes.en-gb.html?aid=304142&label=gen173nr-10CAQoggJCDWNpdHlfLTI3NjcwNDNICVgEaLUBiAEBmAEzuAEHyAEM2AED6AEB-AEBiAIBqAIBuALBjMLTBsACAdICJDRlYmVmMGVjLTBmMjctNDNkNS05MDQ0LWY2ZTFmMzRjMjI5M9gCAeACAQ&ucfs=1&arphpl=1&checkin=2026-08-06&checkout=2026-08-07&dest_id=-2767043&dest_type=city&group_adults=2&req_adults=2&no_rooms=1&group_children=0&req_children=0&hpos=22&hapos=661&sr_order=popularity&srpvid=7b4f562059d9004c&srepoch=1785759399&all_sr_blocks=1615006502_432383814_3_0_0&highlighted_blocks=1615006502_432383814_3_0_0&matching_block_id=1615006502_432383814_3_0_0&sr_pri_blocks=1615006502_432383814_3_0_0__499900&from=searchresults,4999,,,Lahore,26.6,One-Bedroom Apartment,"2 beds (1 double, 1 sofa bed)",0,1,1,https://cf.bstatic.com/xdata/images/hotel/square240/850190374.webp?k=e73151f66348e4f474eacda56359e1f1f41b258ed2eb2e4900b047a78d8c338d&o=,4,Lahore
Gulberg Suites,https://www.booking.com/hotel/pk/gulberg-suites.en-gb.html?aid=304142&label=gen173nr-10CAQoggJCDWNpdHlfLTI3NjcwNDNICVgEaLUBiAEBmAEzuAEHyAEM2AED6AEB-AEBiAIBqAIBuALBjMLTBsACAdICJDRlYmVmMGVjLTBmMjctNDNkNS05MDQ0LWY2ZTFmMzRjMjI5M9gCAeACAQ&ucfs=1&arphpl=1&checkin=2026-08-06&checkout=2026-08-07&dest_id=-2767043&dest_type=city&group_adults=2&req_adults=2&no_rooms=1&group_children=0&req_children=0&hpos=23&hapos=662&sr_order=popularity&srpvid=7b4f562059d9004c&srepoch=1785759399&all_sr_blocks=1100490604_384113578_2_1_0&highlighted_blocks=1100490604_384113578_2_1_0&matching_block_id=1100490604_384113578_2_1_0&sr_pri_blocks=1100490604_384113578_2_1_0__1750000&from=searchresults,17500,8.3,90.0,"Gulberg, Lahore",5.8,Deluxe Apartment,1 large double bed,1,1,1,https://cf.bstatic.com/xdata/images/hotel/square240/687951127.webp?k=b6ec01418fa27ed41560317f239f1931ddb6a5077c2da227ac71716dee2ef46f&o=,13,Lahore
Studio Apartment by Alvis Suite - Penta Square,https://www.booking.com/hotel/pk/studio-apartment-by-alvis-suite-penta-square.en-gb.html?aid=304142&label=gen173nr-10CAQoggJCDWNpdHlfLTI3NjcwNDNICVgEaLUBiAEBmAEzuAEHyAEM2AED6AEB-AEBiAIBqAIBuALBjMLTBsACAdICJDRlYmVmMGVjLTBmMjctNDNkNS05MDQ0LWY2ZTFmMzRjMjI5M9gCAeACAQ&ucfs=1&arphpl=1&checkin=2026-08-06&checkout=2026-08-07&dest_id=-2767043&dest_type=city&group_adults=2&req_adults=2&no_rooms=1&group_children=0&req_children=0&hpos=24&hapos=663&sr_order=popularity&srpvid=7b4f562059d9004c&srepoch=1785759399&all_sr_blocks=1684585301_440130739_2_0_0&highlighted_blocks=1684585301_440130739_2_0_0&matching_block_id=1684585301_440130739_2_0_0&sr_pri_blocks=1684585301_440130739_2_0_0__928949&from=searchresults,9289,,,Lahore,14.2,Studio Apartment,"2 beds (1 extra-large double, 1 sofa bed)",0,1,1,https://cf.bstatic.com/xdata/images/hotel/square240/892770674.webp?k=32395e85a2668edb3703e0170cca860ccb6b5c0eaba603073a84b371ecc0f607&o=,13,Lahore
Shaheen Palace Hotel Gulberg,https://www.booking.com/hotel/pk/shaheen-palace-gulberg.en-gb.html?aid=304142&label=gen173nr-10CAQoggJCDWNpdHlfLTI3NjcwNDNICVgEaLUBiAEBmAEzuAEHyAEM2AED6AEB-AEBiAIBqAIBuALBjMLTBsACAdICJDRlYmVmMGVjLTBmMjctNDNkNS05MDQ0LWY2ZTFmMzRjMjI5M9gCAeACAQ&ucfs=1&arphpl=1&checkin=2026-08-06&checkout=2026-08-07&dest_id=-2767043&dest_type=city&group_adults=2&req_adults=2&no_rooms=1&group_children=0&req_children=0&hpos=1&hapos=664&sr_order=popularity&srpvid=7b4f562059d9004c&srepoch=1785759405&all_sr_blocks=1417989401_413473524_2_1_0_1083185&highlighted_blocks=1417989401_413473524_2_1_0_1083185&matching_block_id=1417989401_413473524_2_1_0_1083185&sr_pri_blocks=1417989401_413473524_2_1_0_1083185_578500&from=searchresults,5785,5.5,29.0,"Gulberg, Lahore",8.1,Deluxe Double Room,1 double bed,1,1,1,https://cf.bstatic.com/xdata/images/hotel/square240/684839759.webp?k=78f950c3bf24bfcd82bc703765009d4df0e4321337e9e7af8ec05f9264a677a2&o=,11,Lahore
Shamrock Hotel,https://www.booking.com/hotel/pk/shamrock-lahore1.en-gb.html?aid=304142&label=gen173nr-10CAQoggJCDWNpdHlfLTI3NjcwNDNICVgEaLUBiAEBmAEzuAEHyAEM2AED6AEB-AEBiAIBqAIBuALBjMLTBsACAdICJDRlYmVmMGVjLTBmMjctNDNkNS05MDQ0LWY2ZTFmMzRjMjI5M9gCAeACAQ&ucfs=1&arphpl=1&checkin=2026-08-06&checkout=2026-08-07&dest_id=-2767043&dest_type=city&group_adults=2&req_adults=2&no_rooms=1&group_children=0&req_children=0&hpos=2&hapos=665&sr_order=popularity&srpvid=7b4f562059d9004c&srepoch=1785759405&all_sr_blocks=923021702_364044924_2_0_0&highlighted_blocks=923021702_364044924_2_0_0&matching_block_id=923021702_364044924_2_0_0&sr_pri_blocks=923021702_364044924_2_0_0__300000&from=searchresults,3000,3.8,6.0,"Gulberg, Lahore",6.8,Double Room,1 extra-large double bed,0,1,1,https://cf.bstatic.com/xdata/images/hotel/square240/440905613.webp?k=8ac816cf54aca1a04ed9ae8d35ce6da1cdf4bf75cab9c0e7ea04a2d55523df61&o=,8,Lahore
Spacious 2 Bed Apartment SF06 Air Avenue DHA Phase 8 near Ring Road AirPort Near Park,https://www.booking.com/hotel/pk/luxury-apartments-dha-phase-8.en-gb.html?aid=304142&label=gen173nr-10CAQoggJCDWNpdHlfLTI3NjcwNDNICVgEaLUBiAEBmAEzuAEHyAEM2AED6AEB-AEBiAIBqAIBuALBjMLTBsACAdICJDRlYmVmMGVjLTBmMjctNDNkNS05MDQ0LWY2ZTFmMzRjMjI5M9gCAeACAQ&ucfs=1&arphpl=1&checkin=2026-08-06&checkout=2026-08-07&dest_id=-2767043&dest_type=city&group_adults=2&req_adults=2&no_rooms=1&group_children=0&req_children=0&hpos=3&hapos=666&sr_order=popularity&srpvid=7b4f562059d9004c&srepoch=1785759405&all_sr_blocks=1572136301_431634308_2_0_0&highlighted_blocks=1572136301_431634308_2_0_0&matching_block_id=1572136301_431634308_2_0_0&sr_pri_blocks=1572136301_431634308_2_0_0__1402500&from=searchresults,14025,10,1.0,Lahore,13.5,Two-Bedroom Superior Apartment,2 double beds,0,1,1,https://cf.bstatic.com/xdata/images/hotel/square240/902401008.webp?k=e7ff8216c8322a50b920b889455b9b8e4001349415d8b5130222ddf22c2d9685&o=,4,Lahore
Chaudhary apartments,https://www.booking.com/hotel/pk/chaudhary-apartments.en-gb.html?aid=304142&label=gen173nr-10CAQoggJCDWNpdHlfLTI3NjcwNDNICVgEaLUBiAEBmAEzuAEHyAEM2AED6AEB-AEBiAIBqAIBuALBjMLTBsACAdICJDRlYmVmMGVjLTBmMjctNDNkNS05MDQ0LWY2ZTFmMzRjMjI5M9gCAeACAQ&ucfs=1&arphpl=1&checkin=2026-08-06&checkout=2026-08-07&dest_id=-2767043&dest_type=city&group_adults=2&req_adults=2&no_rooms=1&group_children=0&req_children=0&hpos=4&hapos=667&sr_order=popularity&srpvid=7b4f562059d9004c&srepoch=1785759405&all_sr_blocks=1653435801_437303424_4_0_0&highlighted_blocks=1653435801_437303424_4_0_0&matching_block_id=1653435801_437303424_4_0_0&sr_pri_blocks=1653435801_437303424_4_0_0__760000&from=searchresults,7600,,,Lahore,24.8,One-Bedroom Apartment,"3 beds (1 single, 1 double, 1 sofa bed)",0,1,1,https://cf.bstatic.com/xdata/images/hotel/square240/873782588.webp?k=389adf11a40df14ee1bc25be289a8062626a1f68b57f78b0cf17d1d0aa6f0fc1&o=,5,Lahore
"4 Bedrooms Luxury & Modern Full Home In DHA Phase 6 Neat PKLI, Raya & Dolmen",https://www.booking.com/hotel/pk/4-bedrooms-luxury-amp-modern-full-home-in-dha-phase-6-neat-pkli-raya-amp-dolmen.en-gb.html?aid=304142&label=gen173nr-10CAQoggJCDWNpdHlfLTI3NjcwNDNICVgEaLUBiAEBmAEzuAEHyAEM2AED6AEB-AEBiAIBqAIBuALBjMLTBsACAdICJDRlYmVmMGVjLTBmMjctNDNkNS05MDQ0LWY2ZTFmMzRjMjI5M9gCAeACAQ&ucfs=1&arphpl=1&checkin=2026-08-06&checkout=2026-08-07&dest_id=-2767043&dest_type=city&group_adults=2&req_adults=2&no_rooms=1&group_children=0&req_children=0&hpos=5&hapos=668&sr_order=popularity&srpvid=7b4f562059d9004c&srepoch=1785759405&all_sr_blocks=1598413101_430850737_12_0_0&highlighted_blocks=1598413101_430850737_12_0_0&matching_block_id=1598413101_430850737_12_0_0&sr_pri_blocks=1598413101_430850737_12_0_0__3000000&from=searchresults,30000,1.0,1.0,Lahore,16.3,Villa,1 double bed,0,1,1,https://cf.bstatic.com/xdata/images/hotel/square240/836384877.webp?k=f7be01338ff69299ba3fa3dc6891df5da97c52a69fff68e234a8964124cf6328&o=,4,Lahore
Penta Square DHA Lahore - Studio Apartment by Alvis Suite,https://www.booking.com/hotel/pk/penta-square-dha-lahore-studio-apartment-by-alvis-suite.en-gb.html?aid=304142&label=gen173nr-10CAQoggJCDWNpdHlfLTI3NjcwNDNICVgEaLUBiAEBmAEzuAEHyAEM2AED6AEB-AEBiAIBqAIBuALBjMLTBsACAdICJDRlYmVmMGVjLTBmMjctNDNkNS05MDQ0LWY2ZTFmMzRjMjI5M9gCAeACAQ&ucfs=1&arphpl=1&checkin=2026-08-06&checkout=2026-08-07&dest_id=-2767043&dest_type=city&group_adults=2&req_adults=2&no_rooms=1&group_children=0&req_children=0&hpos=6&hapos=669&sr_order=popularity&srpvid=7b4f562059d9004c&srepoch=1785759405&all_sr_blocks=1685795501_440207866_2_0_0&highlighted_blocks=1685795501_440207866_2_0_0&matching_block_id=1685795501_440207866_2_0_0&sr_pri_blocks=1685795501_440207866_2_0_0__928949&from=searchresults,9289,,,Lahore,14.2,Studio Apartment,"2 beds (1 extra-large double, 1 sofa bed)",0,1,1,https://cf.bstatic.com/xdata/images/hotel/square240/893248012.webp?k=2601199ea9b212d73b5e93b9356267481a7535929bad61645b4400639ac83f86&o=,13,Lahore
Luxury Family Apartment by Alvis Suite,https://www.booking.com/hotel/pk/luxury-family-apartment-by-alvis-suite.en-gb.html?aid=304142&label=gen173nr-10CAQoggJCDWNpdHlfLTI3NjcwNDNICVgEaLUBiAEBmAEzuAEHyAEM2AED6AEB-AEBiAIBqAIBuALBjMLTBsACAdICJDRlYmVmMGVjLTBmMjctNDNkNS05MDQ0LWY2ZTFmMzRjMjI5M9gCAeACAQ&ucfs=1&arphpl=1&checkin=2026-08-06&checkout=2026-08-07&dest_id=-2767043&dest_type=city&group_adults=2&req_adults=2&no_rooms=1&group_children=0&req_children=0&hpos=7&hapos=670&sr_order=popularity&srpvid=7b4f562059d9004c&srepoch=1785759405&all_sr_blocks=1677356201_439462823_2_0_0&highlighted_blocks=1677356201_439462823_2_0_0&matching_block_id=1677356201_439462823_2_0_0&sr_pri_blocks=1677356201_439462823_2_0_0__1484100&from=searchresults,14841,,,Lahore,12.1,One-Bedroom Apartment,1 double bed,0,1,1,https://cf.bstatic.com/xdata/images/hotel/square240/889328759.webp?k=378e84ccf5b1f2cb49fc74b05fa8dc17a97d13f3302b2178c4556f0c350855fd&o=,13,Lahore
Hayyat Luxury Hotel Apartments,https://www.booking.com/hotel/pk/alnoor-luxury-apartments.en-gb.html?aid=304142&label=gen173nr-10CAQoggJCDWNpdHlfLTI3NjcwNDNICVgEaLUBiAEBmAEzuAEHyAEM2AED6AEB-AEBiAIBqAIBuALBjMLTBsACAdICJDRlYmVmMGVjLTBmMjctNDNkNS05MDQ0LWY2ZTFmMzRjMjI5M9gCAeACAQ&ucfs=1&arphpl=1&checkin=2026-08-06&checkout=2026-08-07&dest_id=-2767043&dest_type=city&group_adults=2&req_adults=2&no_rooms=1&group_children=0&req_children=0&hpos=8&hapos=671&sr_order=popularity&srpvid=7b4f562059d9004c&srepoch=1785759405&all_sr_blocks=168445222_375991554_2_2_0&highlighted_blocks=168445222_375991554_2_2_0&matching_block_id=168445222_375991554_2_2_0&sr_pri_blocks=168445222_375991554_2_2_0__1080000&from=searchresults,10800,9.2,195.0,Lahore,1.6,Studio Apartment,2 single beds,0,1,0,https://cf.bstatic.com/xdata/images/hotel/square240/580214121.webp?k=c1974cfcbe718d506d077573772ece3c30676195c62c4a43c5175db513deb188&o=,12,Lahore
Executive Studio by Alvis Suite - Penta Square DHA Lahore,https://www.booking.com/hotel/pk/executive-studio-by-alvis-suite-penta-square-dha-lahore-lahore.en-gb.html?aid=304142&label=gen173nr-10CAQoggJCDWNpdHlfLTI3NjcwNDNICVgEaLUBiAEBmAEzuAEHyAEM2AED6AEB-AEBiAIBqAIBuALBjMLTBsACAdICJDRlYmVmMGVjLTBmMjctNDNkNS05MDQ0LWY2ZTFmMzRjMjI5M9gCAeACAQ&ucfs=1&arphpl=1&checkin=2026-08-06&checkout=2026-08-07&dest_id=-2767043&dest_type=city&group_adults=2&req_adults=2&no_rooms=1&group_children=0&req_children=0&hpos=9&hapos=672&sr_order=popularity&srpvid=7b4f562059d9004c&srepoch=1785759405&all_sr_blocks=1687023901_440353927_2_0_0&highlighted_blocks=1687023901_440353927_2_0_0&matching_block_id=1687023901_440353927_2_0_0&sr_pri_blocks=1687023901_440353927_2_0_0__928949&from=searchresults,9289,,,Lahore,14.2,Studio Apartment,"2 beds (1 extra-large double, 1 sofa bed)",0,1,1,https://cf.bstatic.com/xdata/images/hotel/square240/894035508.webp?k=21a5a9c9d49330cb59c8754665cc30bac63770327c35d506ce6db124c4424fc6&o=,13,Lahore
Techyst,https://www.booking.com/hotel/pk/techyst.en-gb.html?aid=304142&label=gen173nr-10CAQoggJCDWNpdHlfLTI3NjcwNDNICVgEaLUBiAEBmAEzuAEHyAEM2AED6AEB-AEBiAIBqAIBuALBjMLTBsACAdICJDRlYmVmMGVjLTBmMjctNDNkNS05MDQ0LWY2ZTFmMzRjMjI5M9gCAeACAQ&ucfs=1&arphpl=1&checkin=2026-08-06&checkout=2026-08-07&dest_id=-2767043&dest_type=city&group_adults=2&req_adults=2&no_rooms=1&group_children=0&req_children=0&hpos=10&hapos=673&sr_order=popularity&srpvid=7b4f562059d9004c&srepoch=1785759405&all_sr_blocks=1690862401_440728824_2_0_0&highlighted_blocks=1690862401_440728824_2_0_0&matching_block_id=1690862401_440728824_2_0_0&sr_pri_blocks=1690862401_440728824_2_0_0__1020000&from=searchresults,10200,,,"Gulberg, Lahore",5.8,One-Bedroom Apartment,1 double bed,0,1,1,https://cf.bstatic.com/xdata/images/hotel/square240/896615403.webp?k=8c4aa571e7a273f86b1843c7c6376227ee468de43fcd98c022e40590c571f19f&o=,4,Lahore
Gold Crest Signature 2 Bedroom Apartment,https://www.booking.com/hotel/pk/gold-crest-signature-2-bedroom-apartment.en-gb.html?aid=304142&label=gen173nr-10CAQoggJCDWNpdHlfLTI3NjcwNDNICVgEaLUBiAEBmAEzuAEHyAEM2AED6AEB-AEBiAIBqAIBuALBjMLTBsACAdICJDRlYmVmMGVjLTBmMjctNDNkNS05MDQ0LWY2ZTFmMzRjMjI5M9gCAeACAQ&ucfs=1&arphpl=1&checkin=2026-08-06&checkout=2026-08-07&dest_id=-2767043&dest_type=city&group_adults=2&req_adults=2&no_rooms=1&group_children=0&req_children=0&hpos=11&hapos=674&sr_order=popularity&srpvid=7b4f562059d9004c&srepoch=1785759405&all_sr_blocks=1699381001_441587023_2_1_0&highlighted_blocks=1699381001_441587023_2_1_0&matching_block_id=1699381001_441587023_2_1_0&sr_pri_blocks=1699381001_441587023_2_1_0__3060000&from=searchresults,30600,,,Lahore,12.0,One-Bedroom Apartment,1 double bed,1,1,1,https://cf.bstatic.com/xdata/images/hotel/square240/902075256.webp?k=1639c25aefcab9f615d20e856cccf6b6b3dd45320a903392dc922ad6c01e589e&o=,5,Lahore
SI Family Hotel Johar Town Lahore,https://www.booking.com/hotel/pk/si-family-johar-town-lahore.en-gb.html?aid=304142&label=gen173nr-10CAQoggJCDWNpdHlfLTI3NjcwNDNICVgEaLUBiAEBmAEzuAEHyAEM2AED6AEB-AEBiAIBqAIBuALBjMLTBsACAdICJDRlYmVmMGVjLTBmMjctNDNkNS05MDQ0LWY2ZTFmMzRjMjI5M9gCAeACAQ&ucfs=1&arphpl=1&checkin=2026-08-06&checkout=2026-08-07&dest_id=-2767043&dest_type=city&group_adults=2&req_adults=2&no_rooms=1&group_children=0&req_children=0&hpos=12&hapos=675&sr_order=popularity&srpvid=7b4f562059d9004c&srepoch=1785759405&all_sr_blocks=1656696201_437583752_2_1_0&highlighted_blocks=1656696201_437583752_2_1_0&matching_block_id=1656696201_437583752_2_1_0&sr_pri_blocks=1656696201_437583752_2_1_0__550000&from=searchresults,5500,10,1.0,Lahore,14.1,Deluxe Double Room (2 Adults + 1 Child),1 double bed,1,1,1,https://cf.bstatic.com/xdata/images/hotel/square240/876002287.webp?k=8b04175d4b146bafae626338ef01727bfafb1f4b9b92045f8c1b7b8765a894a4&o=,10,Lahore
Two Bedroom Apartment in Gold Crest Mall - DHA Lahore,https://www.booking.com/hotel/pk/two-bedroom-apartment-in-gold-crest-mall-dha-lahore-lahore.en-gb.html?aid=304142&label=gen173nr-10CAQoggJCDWNpdHlfLTI3NjcwNDNICVgEaLUBiAEBmAEzuAEHyAEM2AED6AEB-AEBiAIBqAIBuALBjMLTBsACAdICJDRlYmVmMGVjLTBmMjctNDNkNS05MDQ0LWY2ZTFmMzRjMjI5M9gCAeACAQ&ucfs=1&arphpl=1&checkin=2026-08-06&checkout=2026-08-07&dest_id=-2767043&dest_type=city&group_adults=2&req_adults=2&no_rooms=1&group_children=0&req_children=0&hpos=13&hapos=676&sr_order=popularity&srpvid=7b4f562059d9004c&srepoch=1785759405&all_sr_blocks=1376786801_409802601_2_0_0&highlighted_blocks=1376786801_409802601_2_0_0&matching_block_id=1376786801_409802601_2_0_0&sr_pri_blocks=1376786801_409802601_2_0_0__1534250&from=searchresults,15343,9.5,4.0,Lahore,12.1,Two-Bedroom Apartment,2 double beds,0,0,0,https://cf.bstatic.com/xdata/images/hotel/square240/756680825.webp?k=c63600ce4c11f04535c85e5e0e17f281c1064de49d14b7375079d03d77dfbb18&o=,10,Lahore
The Zen Den,https://www.booking.com/hotel/pk/the-zen-den.en-gb.html?aid=304142&label=gen173nr-10CAQoggJCDWNpdHlfLTI3NjcwNDNICVgEaLUBiAEBmAEzuAEHyAEM2AED6AEB-AEBiAIBqAIBuALBjMLTBsACAdICJDRlYmVmMGVjLTBmMjctNDNkNS05MDQ0LWY2ZTFmMzRjMjI5M9gCAeACAQ&ucfs=1&arphpl=1&checkin=2026-08-06&checkout=2026-08-07&dest_id=-2767043&dest_type=city&group_adults=2&req_adults=2&no_rooms=1&group_children=0&req_children=0&hpos=14&hapos=677&sr_order=popularity&srpvid=7b4f562059d9004c&srepoch=1785759405&all_sr_blocks=1565743301_427696743_5_0_0&highlighted_blocks=1565743301_427696743_5_0_0&matching_block_id=1565743301_427696743_5_0_0&sr_pri_blocks=1565743301_427696743_5_0_0__1150000&from=searchresults,11500,10,1.0,Lahore,27.0,Two-Bedroom Villa,"2 beds (1 extra-large double, 1 sofa bed)",0,1,1,https://cf.bstatic.com/xdata/images/hotel/square240/809821929.webp?k=891dc88e75b65f7332cb4e382496d3a7025610791b1f3a0c03d80a9254726fcc&o=,4,Lahore
Executive Zameen Opal 2 Bed Appartment,https://www.booking.com/hotel/pk/zameen-opal-2-bhk.en-gb.html?aid=304142&label=gen173nr-10CAQoggJCDWNpdHlfLTI3NjcwNDNICVgEaLUBiAEBmAEzuAEHyAEM2AED6AEB-AEBiAIBqAIBuALBjMLTBsACAdICJDRlYmVmMGVjLTBmMjctNDNkNS05MDQ0LWY2ZTFmMzRjMjI5M9gCAeACAQ&ucfs=1&arphpl=1&checkin=2026-08-06&checkout=2026-08-07&dest_id=-2767043&dest_type=city&group_adults=2&req_adults=2&no_rooms=1&group_children=0&req_children=0&hpos=15&hapos=678&sr_order=popularity&srpvid=7b4f562059d9004c&srepoch=1785759405&all_sr_blocks=1619478501_432776846_4_0_0&highlighted_blocks=1619478501_432776846_4_0_0&matching_block_id=1619478501_432776846_4_0_0&sr_pri_blocks=1619478501_432776846_4_0_0__1500000&from=searchresults,15000,1.0,1.0,Lahore,18.4,Double Room,"2 beds (1 double, 1 extra-large double)",0,1,1,https://cf.bstatic.com/xdata/images/hotel/square240/858828456.webp?k=79a1a206ff7bd2f22b72261df6492c1f107a1179fa0e7dfe8cb4eb4cc9126765&o=,4,Lahore
Zameen Opal Executive 2-Bed Suite,https://www.booking.com/hotel/pk/zameen-opal-executive-2-bed-suite.en-gb.html?aid=304142&label=gen173nr-10CAQoggJCDWNpdHlfLTI3NjcwNDNICVgEaLUBiAEBmAEzuAEHyAEM2AED6AEB-AEBiAIBqAIBuALBjMLTBsACAdICJDRlYmVmMGVjLTBmMjctNDNkNS05MDQ0LWY2ZTFmMzRjMjI5M9gCAeACAQ&ucfs=1&arphpl=1&checkin=2026-08-06&checkout=2026-08-07&dest_id=-2767043&dest_type=city&group_adults=2&req_adults=2&no_rooms=1&group_children=0&req_children=0&hpos=16&hapos=679&sr_order=popularity&srpvid=7b4f562059d9004c&srepoch=1785759405&all_sr_blocks=1664593201_438323135_5_1_0&highlighted_blocks=1664593201_438323135_5_1_0&matching_block_id=1664593201_438323135_5_1_0&sr_pri_blocks=1664593201_438323135_5_1_0__1640000&from=searchresults,16400,,,Lahore,18.4,Two-Bedroom Apartment,"3 beds (2 doubles, 1 sofa bed)",1,1,1,https://cf.bstatic.com/xdata/images/hotel/square240/881686614.webp?k=946e0e06a1141179a20efd668ae61040860a369c7ea26886b826f0fab1da493d&o=,5,Lahore
Diamounts,https://www.booking.com/hotel/pk/diamounts-lahore.en-gb.html?aid=304142&label=gen173nr-10CAQoggJCDWNpdHlfLTI3NjcwNDNICVgEaLUBiAEBmAEzuAEHyAEM2AED6AEB-AEBiAIBqAIBuALBjMLTBsACAdICJDRlYmVmMGVjLTBmMjctNDNkNS05MDQ0LWY2ZTFmMzRjMjI5M9gCAeACAQ&ucfs=1&arphpl=1&checkin=2026-08-06&checkout=2026-08-07&dest_id=-2767043&dest_type=city&group_adults=2&req_adults=2&no_rooms=1&group_children=0&req_children=0&hpos=17&hapos=680&sr_order=popularity&srpvid=7b4f562059d9004c&srepoch=1785759405&all_sr_blocks=1682766801_440010204_2_0_0&highlighted_blocks=1682766801_440010204_2_0_0&matching_block_id=1682766801_440010204_2_0_0&sr_pri_blocks=1682766801_440010204_2_0_0__722500&from=searchresults,7225,,,Lahore,25.9,One-Bedroom Apartment,1 double bed,0,1,1,https://cf.bstatic.com/xdata/images/hotel/square240/892188673.webp?k=eb49b99b547670564b2085275e4453fe02674e86ee55d611ebbbe26be6faa4dd&o=,4,Lahore
Spacious Luxury 3-Bedrooms House in Model Town,https://www.booking.com/hotel/pk/spacious-luxury-3-bedrooms-house-in-model-town.en-gb.html?aid=304142&label=gen173nr-10CAQoggJCDWNpdHlfLTI3NjcwNDNICVgEaLUBiAEBmAEzuAEHyAEM2AED6AEB-AEBiAIBqAIBuALBjMLTBsACAdICJDRlYmVmMGVjLTBmMjctNDNkNS05MDQ0LWY2ZTFmMzRjMjI5M9gCAeACAQ&ucfs=1&arphpl=1&checkin=2026-08-06&checkout=2026-08-07&dest_id=-2767043&dest_type=city&group_adults=2&req_adults=2&no_rooms=1&group_children=0&req_children=0&hpos=18&hapos=681&sr_order=popularity&srpvid=7b4f562059d9004c&srepoch=1785759405&all_sr_blocks=1690956101_440736119_6_0_0&highlighted_blocks=1690956101_440736119_6_0_0&matching_block_id=1690956101_440736119_6_0_0&sr_pri_blocks=1690956101_440736119_6_0_0__2067200&from=searchresults,20672,,,"Model Town, Lahore",7.7,Three-Bedroom House,"4 beds (2 extra-large doubles, 1 sofa bed, 1 large double)",0,1,1,https://cf.bstatic.com/xdata/images/hotel/square240/896658602.webp?k=399a25794dc5c8fd2637b189fce5459f0cf39353bafdf5d47ee73206e59fad48&o=,5,Lahore
HNC Residence,https://www.booking.com/hotel/pk/hnc-residence.en-gb.html?aid=304142&label=gen173nr-10CAQoggJCDWNpdHlfLTI3NjcwNDNICVgEaLUBiAEBmAEzuAEHyAEM2AED6AEB-AEBiAIBqAIBuALBjMLTBsACAdICJDRlYmVmMGVjLTBmMjctNDNkNS05MDQ0LWY2ZTFmMzRjMjI5M9gCAeACAQ&ucfs=1&arphpl=1&checkin=2026-08-06&checkout=2026-08-07&dest_id=-2767043&dest_type=city&group_adults=2&req_adults=2&no_rooms=1&group_children=0&req_children=0&hpos=19&hapos=682&sr_order=popularity&srpvid=7b4f562059d9004c&srepoch=1785759405&all_sr_blocks=1672142701_438981559_2_0_0&highlighted_blocks=1672142701_438981559_2_0_0&matching_block_id=1672142701_438981559_2_0_0&sr_pri_blocks=1672142701_438981559_2_0_0__701257&from=searchresults,7013,,,Lahore,26.7,One-Bedroom Apartment,1 double bed,0,1,1,https://cf.bstatic.com/xdata/images/hotel/square240/886547715.webp?k=68c740991813de81c721641ca95e03957a76917f696745987eb4a44f9eff4bd0&o=,4,Lahore
Modern One Bed at Penta Square Penta square,https://www.booking.com/hotel/pk/modern-one-bed-at-penta-square-penta-square.en-gb.html?aid=304142&label=gen173nr-10CAQoggJCDWNpdHlfLTI3NjcwNDNICVgEaLUBiAEBmAEzuAEHyAEM2AED6AEB-AEBiAIBqAIBuALBjMLTBsACAdICJDRlYmVmMGVjLTBmMjctNDNkNS05MDQ0LWY2ZTFmMzRjMjI5M9gCAeACAQ&ucfs=1&arphpl=1&checkin=2026-08-06&checkout=2026-08-07&dest_id=-2767043&dest_type=city&group_adults=2&req_adults=2&no_rooms=1&group_children=0&req_children=0&hpos=20&hapos=683&sr_order=popularity&srpvid=7b4f562059d9004c&srepoch=1785759405&all_sr_blocks=1561326001_427221968_4_0_0&highlighted_blocks=1561326001_427221968_4_0_0&matching_block_id=1561326001_427221968_4_0_0&sr_pri_blocks=1561326001_427221968_4_0_0__1600000&from=searchresults,16000,,,Lahore,14.2,Two-Bedroom Apartment,"2 beds (1 large double, 1 futon)",0,1,1,https://cf.bstatic.com/xdata/images/hotel/square240/806396934.webp?k=c208b3e07247b0e623ca860e22c632f5d87bd0133ac3093b53a660777d8ea1b2&o=,4,Lahore
Luxury One Bed Apartment by Alvis Suite,https://www.booking.com/hotel/pk/luxury-one-bed-apartment-by-alvis-suite.en-gb.html?aid=304142&label=gen173nr-10CAQoggJCDWNpdHlfLTI3NjcwNDNICVgEaLUBiAEBmAEzuAEHyAEM2AED6AEB-AEBiAIBqAIBuALBjMLTBsACAdICJDRlYmVmMGVjLTBmMjctNDNkNS05MDQ0LWY2ZTFmMzRjMjI5M9gCAeACAQ&ucfs=1&arphpl=1&checkin=2026-08-06&checkout=2026-08-07&dest_id=-2767043&dest_type=city&group_adults=2&req_adults=2&no_rooms=1&group_children=0&req_children=0&hpos=21&hapos=684&sr_order=popularity&srpvid=7b4f562059d9004c&srepoch=1785759405&all_sr_blocks=1677339801_439461188_2_0_0&highlighted_blocks=1677339801_439461188_2_0_0&matching_block_id=1677339801_439461188_2_0_0&sr_pri_blocks=1677339801_439461188_2_0_0__1332800&from=searchresults,13328,,,Lahore,12.1,One-Bedroom Apartment,1 double bed,0,1,1,https://cf.bstatic.com/xdata/images/hotel/square240/889319160.webp?k=2395b758204eaabd189e796e78b241ca210ea3a4a479bd3e380cfa08b46e6d57&o=,13,Lahore
Zameen Opal - Luxury Apartment,https://www.booking.com/hotel/pk/zameen-opal-luxury-apartment.en-gb.html?aid=304142&label=gen173nr-10CAQoggJCDWNpdHlfLTI3NjcwNDNICVgEaLUBiAEBmAEzuAEHyAEM2AED6AEB-AEBiAIBqAIBuALBjMLTBsACAdICJDRlYmVmMGVjLTBmMjctNDNkNS05MDQ0LWY2ZTFmMzRjMjI5M9gCAeACAQ&ucfs=1&arphpl=1&checkin=2026-08-06&checkout=2026-08-07&dest_id=-2767043&dest_type=city&group_adults=2&req_adults=2&no_rooms=1&group_children=0&req_children=0&hpos=22&hapos=685&sr_order=popularity&srpvid=7b4f562059d9004c&srepoch=1785759405&all_sr_blocks=1340952701_406502715_3_0_0&highlighted_blocks=1340952701_406502715_3_0_0&matching_block_id=1340952701_406502715_3_0_0&sr_pri_blocks=1340952701_406502715_3_0_0__900000&from=searchresults,9000,6.5,2.0,Lahore,18.4,One-Bedroom Apartment with Balcony and City View,"2 beds (1 double, 1 sofa bed)",0,0,1,https://cf.bstatic.com/xdata/images/hotel/square240/637372741.webp?k=62a904da21b3928cfe38a21e3743c23e37fecc5aa13ccd1a024612ae6415c5bd&o=,3,Lahore
Luxury Stay in DHA Phase 4 Comfort and Luxury,https://www.booking.com/hotel/pk/luxury-stay-in-dha-phase-4-comfort-and-luxury.en-gb.html?aid=304142&label=gen173nr-10CAQoggJCDWNpdHlfLTI3NjcwNDNICVgEaLUBiAEBmAEzuAEHyAEM2AED6AEB-AEBiAIBqAIBuALBjMLTBsACAdICJDRlYmVmMGVjLTBmMjctNDNkNS05MDQ0LWY2ZTFmMzRjMjI5M9gCAeACAQ&ucfs=1&arphpl=1&checkin=2026-08-06&checkout=2026-08-07&dest_id=-2767043&dest_type=city&group_adults=2&req_adults=2&no_rooms=1&group_children=0&req_children=0&hpos=23&hapos=686&sr_order=popularity&srpvid=7b4f562059d9004c&srepoch=1785759405&all_sr_blocks=1660109401_437909880_3_0_0&highlighted_blocks=1660109401_437909880_3_0_0&matching_block_id=1660109401_437909880_3_0_0&sr_pri_blocks=1660109401_437909880_3_0_0__950000&from=searchresults,9500,1.0,1.0,Lahore,12.7,One-Bedroom Apartment,1 double bed,0,1,1,https://cf.bstatic.com/xdata/images/hotel/square240/878950086.webp?k=455fb4315e267603b23e6b744d0e8cbb21ba95a836749e980801cacca2ad7485&o=,4,Lahore
Cozy Stay Apartment on Prime Location,https://www.booking.com/hotel/pk/cozy-stay-apartment-on-prime-location.en-gb.html?aid=304142&label=gen173nr-10CAQoggJCDWNpdHlfLTI3NjcwNDNICVgEaLUBiAEBmAEzuAEHyAEM2AED6AEB-AEBiAIBqAIBuALBjMLTBsACAdICJDRlYmVmMGVjLTBmMjctNDNkNS05MDQ0LWY2ZTFmMzRjMjI5M9gCAeACAQ&ucfs=1&arphpl=1&checkin=2026-08-06&checkout=2026-08-07&dest_id=-2767043&dest_type=city&group_adults=2&req_adults=2&no_rooms=1&group_children=0&req_children=0&hpos=24&hapos=687&sr_order=popularity&srpvid=7b4f562059d9004c&srepoch=1785759405&all_sr_blocks=1562991801_427387628_2_0_0&highlighted_blocks=1562991801_427387628_2_0_0&matching_block_id=1562991801_427387628_2_0_0&sr_pri_blocks=1562991801_427387628_2_0_0__790500&from=searchresults,7905,,,Lahore,25.0,One-Bedroom Apartment,"2 beds (1 double, 1 sofa bed)",0,1,1,https://cf.bstatic.com/xdata/images/hotel/square240/807674787.webp?k=7ec9cbfc1d1a26ac356196b67d7f3152f59b1d127aaeeda8b804d2a16dd41aee&o=,4,Lahore
Luxury 1BR City View Suite DHA Phase 4 Goldcrest Mall,https://www.booking.com/hotel/pk/legacy-suites-apartment-dha-lahore.en-gb.html?aid=304142&label=gen173nr-10CAQoggJCDWNpdHlfLTI3NjcwNDNICVgEaLUBiAEBmAEzuAEHyAEM2AED6AEB-AEBiAIBqAIBuALBjMLTBsACAdICJDRlYmVmMGVjLTBmMjctNDNkNS05MDQ0LWY2ZTFmMzRjMjI5M9gCAeACAQ&ucfs=1&arphpl=1&checkin=2026-08-06&checkout=2026-08-07&dest_id=-2767043&dest_type=city&group_adults=2&req_adults=2&no_rooms=1&group_children=0&req_children=0&hpos=25&hapos=688&sr_order=popularity&srpvid=7b4f562059d9004c&srepoch=1785759405&all_sr_blocks=1599985401_431428794_0_0_0&highlighted_blocks=1599985401_431428794_0_0_0&matching_block_id=1599985401_431428794_0_0_0&sr_pri_blocks=1599985401_431428794_0_0_0__1280000&from=searchresults,12800,9.8,4.0,Lahore,12.1,One-Bedroom Apartment with View,"3 beds (2 sofa beds, 1 large double)",0,1,1,https://cf.bstatic.com/xdata/images/hotel/square240/847692605.webp?k=161094cc1f20929b5a01e800eebb63e9b10c4cd8260062e57379748f04ae1568&o=,5,Lahore
Family Studio Apartment - Pentasquare Phase 5 DHA,https://www.booking.com/hotel/pk/family-studio-apartment-pentasquare-phase-5-dha.en-gb.html?aid=304142&label=gen173nr-10CAQoggJCDWNpdHlfLTI3NjcwNDNICVgEaLUBiAEBmAEzuAEHyAEM2AED6AEB-AEBiAIBqAIBuALBjMLTBsACAdICJDRlYmVmMGVjLTBmMjctNDNkNS05MDQ0LWY2ZTFmMzRjMjI5M9gCAeACAQ&ucfs=1&arphpl=1&checkin=2026-08-06&checkout=2026-08-07&dest_id=-2767043&dest_type=city&group_adults=2&req_adults=2&no_rooms=1&group_children=0&req_children=0&hpos=1&hapos=689&sr_order=popularity&srpvid=7b4f562059d9004c&srepoch=1785759412&all_sr_blocks=1655560001_437483637_2_0_0&highlighted_blocks=1655560001_437483637_2_0_0&matching_block_id=1655560001_437483637_2_0_0&sr_pri_blocks=1655560001_437483637_2_0_0__855360&from=searchresults,8554,,,Lahore,14.2,One-Bedroom Apartment,1 double bed,0,0,0,https://cf.bstatic.com/xdata/images/hotel/square240/875206664.webp?k=6a36a23e28fd656a6b30caf089700951902cf147cb5730d325e2f992ee7ae04a&o=,11,Lahore
JAZI Guest House,https://www.booking.com/hotel/pk/jazi-guest-house.en-gb.html?aid=304142&label=gen173nr-10CAQoggJCDWNpdHlfLTI3NjcwNDNICVgEaLUBiAEBmAEzuAEHyAEM2AED6AEB-AEBiAIBqAIBuALBjMLTBsACAdICJDRlYmVmMGVjLTBmMjctNDNkNS05MDQ0LWY2ZTFmMzRjMjI5M9gCAeACAQ&ucfs=1&arphpl=1&checkin=2026-08-06&checkout=2026-08-07&dest_id=-2767043&dest_type=city&group_adults=2&req_adults=2&no_rooms=1&group_children=0&req_children=0&hpos=2&hapos=690&sr_order=popularity&srpvid=7b4f562059d9004c&srepoch=1785759412&all_sr_blocks=1474116801_418825438_3_0_0&highlighted_blocks=1474116801_418825438_3_0_0&matching_block_id=1474116801_418825438_3_0_0&sr_pri_blocks=1474116801_418825438_3_0_0__900000&from=searchresults,9000,,,Lahore,4.6,Double Room with Private Bathroom,"2 beds (1 double, 1 large double)",0,1,1,https://cf.bstatic.com/xdata/images/hotel/square240/731746397.webp?k=52232de59a92d9fa65a32c82b9182206ce2207b9092609aeb0ab8a5d6a731c00&o=,4,Lahore
Where Luxury City Living Reaches New Heights Gold Crest by HBA,https://www.booking.com/hotel/pk/luxury-two-bed-gold-crest-mall-apartments.en-gb.html?aid=304142&label=gen173nr-10CAQoggJCDWNpdHlfLTI3NjcwNDNICVgEaLUBiAEBmAEzuAEHyAEM2AED6AEB-AEBiAIBqAIBuALBjMLTBsACAdICJDRlYmVmMGVjLTBmMjctNDNkNS05MDQ0LWY2ZTFmMzRjMjI5M9gCAeACAQ&ucfs=1&arphpl=1&checkin=2026-08-06&checkout=2026-08-07&dest_id=-2767043&dest_type=city&group_adults=2&req_adults=2&no_rooms=1&group_children=0&req_children=0&hpos=3&hapos=691&sr_order=popularity&srpvid=7b4f562059d9004c&srepoch=1785759412&all_sr_blocks=1380901302_410186917_2_0_0_1085668&highlighted_blocks=1380901302_410186917_2_0_0_1085668&matching_block_id=1380901302_410186917_2_0_0_1085668&sr_pri_blocks=1380901302_410186917_2_0_0_1085668_1155000&from=searchresults,11550,10,1.0,Lahore,12.0,Queen Studio,1 extra-large double bed,0,1,1,https://cf.bstatic.com/xdata/images/hotel/square240/680785948.webp?k=3de760e7d9a8f6cdc0eda8ce877590b72f47f9248919eadfbec58a2e939a7302&o=,12,Lahore
The Smart Stay,https://www.booking.com/hotel/pk/the-smart-stay-lahore.en-gb.html?aid=304142&label=gen173nr-10CAQoggJCDWNpdHlfLTI3NjcwNDNICVgEaLUBiAEBmAEzuAEHyAEM2AED6AEB-AEBiAIBqAIBuALBjMLTBsACAdICJDRlYmVmMGVjLTBmMjctNDNkNS05MDQ0LWY2ZTFmMzRjMjI5M9gCAeACAQ&ucfs=1&arphpl=1&checkin=2026-08-06&checkout=2026-08-07&dest_id=-2767043&dest_type=city&group_adults=2&req_adults=2&no_rooms=1&group_children=0&req_children=0&hpos=4&hapos=692&sr_order=popularity&srpvid=7b4f562059d9004c&srepoch=1785759412&all_sr_blocks=1633002501_433779997_2_0_0&highlighted_blocks=1633002501_433779997_2_0_0&matching_block_id=1633002501_433779997_2_0_0&sr_pri_blocks=1633002501_433779997_2_0_0__560000&from=searchresults,5600,,,Lahore,25.6,One-Bedroom Apartment,1 double bed,0,1,1,https://cf.bstatic.com/xdata/images/hotel/square240/862959884.webp?k=d7f9b27fb21126aa97396376df7313db029d4a9059f79eda0362d02fe576a2d1&o=,5,Lahore
Chic Studio in Penta Square Near LUMS & Airport,https://www.booking.com/hotel/pk/chic-studio-in-penta-square-near-lums-amp-airport-lahore.en-gb.html?aid=304142&label=gen173nr-10CAQoggJCDWNpdHlfLTI3NjcwNDNICVgEaLUBiAEBmAEzuAEHyAEM2AED6AEB-AEBiAIBqAIBuALBjMLTBsACAdICJDRlYmVmMGVjLTBmMjctNDNkNS05MDQ0LWY2ZTFmMzRjMjI5M9gCAeACAQ&ucfs=1&arphpl=1&checkin=2026-08-06&checkout=2026-08-07&dest_id=-2767043&dest_type=city&group_adults=2&req_adults=2&no_rooms=1&group_children=0&req_children=0&hpos=5&hapos=693&sr_order=popularity&srpvid=7b4f562059d9004c&srepoch=1785759412&all_sr_blocks=1479843202_419439080_2_0_0&highlighted_blocks=1479843202_419439080_2_0_0&matching_block_id=1479843202_419439080_2_0_0&sr_pri_blocks=1479843202_419439080_2_0_0__1330000&from=searchresults,13300,9.0,1.0,Lahore,14.2,Deluxe King Studio,1 large double bed,0,1,1,https://cf.bstatic.com/xdata/images/hotel/square240/736577390.webp?k=1aea1d91aee6e552197e4f4f1c876dca2a3f891640d4fd807f99330cf8c502db&o=,4,Lahore
Luxury 1BR Apartment - Prime Location at The Opus,https://www.booking.com/hotel/pk/luxury-1br-apartment-prime-location-at-the-opus.en-gb.html?aid=304142&label=gen173nr-10CAQoggJCDWNpdHlfLTI3NjcwNDNICVgEaLUBiAEBmAEzuAEHyAEM2AED6AEB-AEBiAIBqAIBuALBjMLTBsACAdICJDRlYmVmMGVjLTBmMjctNDNkNS05MDQ0LWY2ZTFmMzRjMjI5M9gCAeACAQ&ucfs=1&arphpl=1&checkin=2026-08-06&checkout=2026-08-07&dest_id=-2767043&dest_type=city&group_adults=2&req_adults=2&no_rooms=1&group_children=0&req_children=0&hpos=6&hapos=694&sr_order=popularity&srpvid=7b4f562059d9004c&srepoch=1785759412&all_sr_blocks=1472138802_418590604_3_0_0&highlighted_blocks=1472138802_418590604_3_0_0&matching_block_id=1472138802_418590604_3_0_0&sr_pri_blocks=1472138802_418590604_3_0_0__2273670&from=searchresults,22737,,,"Gulberg, Lahore",6.9,Apartment,1 extra-large double bed,0,1,1,https://cf.bstatic.com/xdata/images/hotel/square240/727925232.webp?k=a2727b49e037c94202158ae6257a3434dfbb61e8f848a3658200c842344ba9c8&o=,12,Lahore
Studio apartment penta square,https://www.booking.com/hotel/pk/studio-apartment-penta-square.en-gb.html?aid=304142&label=gen173nr-10CAQoggJCDWNpdHlfLTI3NjcwNDNICVgEaLUBiAEBmAEzuAEHyAEM2AED6AEB-AEBiAIBqAIBuALBjMLTBsACAdICJDRlYmVmMGVjLTBmMjctNDNkNS05MDQ0LWY2ZTFmMzRjMjI5M9gCAeACAQ&ucfs=1&arphpl=1&checkin=2026-08-06&checkout=2026-08-07&dest_id=-2767043&dest_type=city&group_adults=2&req_adults=2&no_rooms=1&group_children=0&req_children=0&hpos=7&hapos=695&sr_order=popularity&srpvid=7b4f562059d9004c&srepoch=1785759412&all_sr_blocks=1694578301_441113487_3_0_0&highlighted_blocks=1694578301_441113487_3_0_0&matching_block_id=1694578301_441113487_3_0_0&sr_pri_blocks=1694578301_441113487_3_0_0__1584000&from=searchresults,15840,,,Lahore,14.2,One-Bedroom Apartment,1 double bed,0,1,1,https://cf.bstatic.com/xdata/images/hotel/square240/899196753.webp?k=38b430f8f93f35dffdc72e2200f747d77f7a562f287a5aff6ee11c093e468b31&o=,4,Lahore
Property Management By Nauman and Rameen,https://www.booking.com/hotel/pk/property-management-by-nauman-and-rameen.en-gb.html?aid=304142&label=gen173nr-10CAQoggJCDWNpdHlfLTI3NjcwNDNICVgEaLUBiAEBmAEzuAEHyAEM2AED6AEB-AEBiAIBqAIBuALBjMLTBsACAdICJDRlYmVmMGVjLTBmMjctNDNkNS05MDQ0LWY2ZTFmMzRjMjI5M9gCAeACAQ&ucfs=1&arphpl=1&checkin=2026-08-06&checkout=2026-08-07&dest_id=-2767043&dest_type=city&group_adults=2&req_adults=2&no_rooms=1&group_children=0&req_children=0&hpos=8&hapos=696&sr_order=popularity&srpvid=7b4f562059d9004c&srepoch=1785759412&all_sr_blocks=1617632001_432611491_2_0_0&highlighted_blocks=1617632001_432611491_2_0_0&matching_block_id=1617632001_432611491_2_0_0&sr_pri_blocks=1617632001_432611491_2_0_0__1600000&from=searchresults,16000,,,Lahore,12.1,One-Bedroom Apartment,1 double bed,0,1,1,https://cf.bstatic.com/xdata/images/hotel/square240/852026505.webp?k=b997328ae4ed8b0b5b0edc9db37cf9c7622575acff09366bd4de8385ba012598&o=,4,Lahore
"Experience Comfort and Class, Modern 3 Bed First Floor in DHA Phase 4 Lahore",https://www.booking.com/hotel/pk/experience-comfort-and-class-modern-3-bed-first-floor-in-dha-phase-4-lahore.en-gb.html?aid=304142&label=gen173nr-10CAQoggJCDWNpdHlfLTI3NjcwNDNICVgEaLUBiAEBmAEzuAEHyAEM2AED6AEB-AEBiAIBqAIBuALBjMLTBsACAdICJDRlYmVmMGVjLTBmMjctNDNkNS05MDQ0LWY2ZTFmMzRjMjI5M9gCAeACAQ&ucfs=1&arphpl=1&checkin=2026-08-06&checkout=2026-08-07&dest_id=-2767043&dest_type=city&group_adults=2&req_adults=2&no_rooms=1&group_children=0&req_children=0&hpos=9&hapos=697&sr_order=popularity&srpvid=7b4f562059d9004c&srepoch=1785759412&all_sr_blocks=1671423101_438913521_7_0_0&highlighted_blocks=1671423101_438913521_7_0_0&matching_block_id=1671423101_438913521_7_0_0&sr_pri_blocks=1671423101_438913521_7_0_0__2758988&from=searchresults,27590,10,1.0,Lahore,12.2,Three-Bedroom Villa,"4 beds (2 sofa beds, 2 large doubles)",0,1,1,https://cf.bstatic.com/xdata/images/hotel/square240/886090997.webp?k=e5264963c9b2f90a06fa33be48e5bdb4ff7f25f8356aa247c4e2cc38c87997ee&o=,4,Lahore
1 BHK Luxury Apartment Near Lahore Airport,https://www.booking.com/hotel/pk/ar-vista-lahore.en-gb.html?aid=304142&label=gen173nr-10CAQoggJCDWNpdHlfLTI3NjcwNDNICVgEaLUBiAEBmAEzuAEHyAEM2AED6AEB-AEBiAIBqAIBuALBjMLTBsACAdICJDRlYmVmMGVjLTBmMjctNDNkNS05MDQ0LWY2ZTFmMzRjMjI5M9gCAeACAQ&ucfs=1&arphpl=1&checkin=2026-08-06&checkout=2026-08-07&dest_id=-2767043&dest_type=city&group_adults=2&req_adults=2&no_rooms=1&group_children=0&req_children=0&hpos=10&hapos=698&sr_order=popularity&srpvid=7b4f562059d9004c&srepoch=1785759412&all_sr_blocks=1462549701_417558918_2_0_0&highlighted_blocks=1462549701_417558918_2_0_0&matching_block_id=1462549701_417558918_2_0_0&sr_pri_blocks=1462549701_417558918_2_0_0__1600000&from=searchresults,16000,,,Lahore,12.4,One-Bedroom Premium Apartment,"2 beds (1 double, 1 sofa bed)",0,1,1,https://cf.bstatic.com/xdata/images/hotel/square240/719091732.webp?k=baba7c52c3cf4839b8a9f9f47c7bb4e2bb58f55695b500a2f149aca802b23201&o=,4,Lahore
Luxury 2BHK in Dha 8 near Air Port phase 6 Raya,https://www.booking.com/hotel/pk/luxury-2bhk-in-dha-8-near-air-port-phase-6-raya.en-gb.html?aid=304142&label=gen173nr-10CAQoggJCDWNpdHlfLTI3NjcwNDNICVgEaLUBiAEBmAEzuAEHyAEM2AED6AEB-AEBiAIBqAIBuALBjMLTBsACAdICJDRlYmVmMGVjLTBmMjctNDNkNS05MDQ0LWY2ZTFmMzRjMjI5M9gCAeACAQ&ucfs=1&arphpl=1&checkin=2026-08-06&checkout=2026-08-07&dest_id=-2767043&dest_type=city&group_adults=2&req_adults=2&no_rooms=1&group_children=0&req_children=0&hpos=11&hapos=699&sr_order=popularity&srpvid=7b4f562059d9004c&srepoch=1785759412&all_sr_blocks=1694322301_441086078_4_0_0&highlighted_blocks=1694322301_441086078_4_0_0&matching_block_id=1694322301_441086078_4_0_0&sr_pri_blocks=1694322301_441086078_4_0_0__1062500&from=searchresults,10625,,,Lahore,12.7,Two-Bedroom Apartment,1 extra-large double bed,0,1,1,https://cf.bstatic.com/xdata/images/hotel/square240/899077863.webp?k=d04b9c9c91c5d8ca70e9250ef09e2c9dd56799e8cfc1b7866d172f5301797871&o=,5,Lahore
Elegant Studio Suite - DHA Phase 5,https://www.booking.com/hotel/pk/elegant-studio-suite-dha-phase-5-lahore5.en-gb.html?aid=304142&label=gen173nr-10CAQoggJCDWNpdHlfLTI3NjcwNDNICVgEaLUBiAEBmAEzuAEHyAEM2AED6AEB-AEBiAIBqAIBuALBjMLTBsACAdICJDRlYmVmMGVjLTBmMjctNDNkNS05MDQ0LWY2ZTFmMzRjMjI5M9gCAeACAQ&ucfs=1&arphpl=1&checkin=2026-08-06&checkout=2026-08-07&dest_id=-2767043&dest_type=city&group_adults=2&req_adults=2&no_rooms=1&group_children=0&req_children=0&hpos=12&hapos=700&sr_order=popularity&srpvid=7b4f562059d9004c&srepoch=1785759412&all_sr_blocks=1653319501_437282830_2_0_0&highlighted_blocks=1653319501_437282830_2_0_0&matching_block_id=1653319501_437282830_2_0_0&sr_pri_blocks=1653319501_437282830_2_0_0__908820&from=searchresults,9088,,,Lahore,14.2,One-Bedroom Apartment,1 extra-large double bed,0,0,0,https://cf.bstatic.com/xdata/images/hotel/square240/873739218.webp?k=35a564228642132b93bf9d19d7dc7b3e0f2c65221472376c4dc6ac4ac6fa3481&o=,11,Lahore
1 Bed TV Lounge With AC,https://www.booking.com/hotel/pk/1-bed-tv-lounge-with-ac-lahore.en-gb.html?aid=304142&label=gen173nr-10CAQoggJCDWNpdHlfLTI3NjcwNDNICVgEaLUBiAEBmAEzuAEHyAEM2AED6AEB-AEBiAIBqAIBuALBjMLTBsACAdICJDRlYmVmMGVjLTBmMjctNDNkNS05MDQ0LWY2ZTFmMzRjMjI5M9gCAeACAQ&ucfs=1&arphpl=1&checkin=2026-08-06&checkout=2026-08-07&dest_id=-2767043&dest_type=city&group_adults=2&req_adults=2&no_rooms=1&group_children=0&req_children=0&hpos=13&hapos=701&sr_order=popularity&srpvid=7b4f562059d9004c&srepoch=1785759412&all_sr_blocks=1449377501_416314203_2_2_0&highlighted_blocks=1449377501_416314203_2_2_0&matching_block_id=1449377501_416314203_2_2_0&sr_pri_blocks=1449377501_416314203_2_2_0__650000&from=searchresults,6500,5.5,2.0,Lahore,24.9,One-Bedroom Apartment,"2 beds (1 extra-large double, 1 sofa bed)",0,1,1,https://cf.bstatic.com/xdata/images/hotel/square240/706494308.webp?k=1427648612a95d085e28ab66de15e9cf26e47744523299ae724d8ae77b0c4b45&o=,4,Lahore
Casa Reina Luxury Apartment,https://www.booking.com/hotel/pk/casa-reina-luxury-apartment.en-gb.html?aid=304142&label=gen173nr-10CAQoggJCDWNpdHlfLTI3NjcwNDNICVgEaLUBiAEBmAEzuAEHyAEM2AED6AEB-AEBiAIBqAIBuALBjMLTBsACAdICJDRlYmVmMGVjLTBmMjctNDNkNS05MDQ0LWY2ZTFmMzRjMjI5M9gCAeACAQ&ucfs=1&arphpl=1&checkin=2026-08-06&checkout=2026-08-07&dest_id=-2767043&dest_type=city&group_adults=2&req_adults=2&no_rooms=1&group_children=0&req_children=0&hpos=14&hapos=702&sr_order=popularity&srpvid=7b4f562059d9004c&srepoch=1785759412&all_sr_blocks=1635859302_433988612_2_0_0&highlighted_blocks=1635859302_433988612_2_0_0&matching_block_id=1635859302_433988612_2_0_0&sr_pri_blocks=1635859302_433988612_2_0_0__2400000&from=searchresults,24000,,,"Gulberg, Lahore",5.9,Two-Bedroom Apartment,2 large double beds,0,1,1,https://cf.bstatic.com/xdata/images/hotel/square240/864435739.webp?k=623734b39d68b966aa9c717c27af2ccd2d4b0b3dedacce9148b3ae05823e70ee&o=,5,Lahore
4 bedrooms spacious house in valencia town lahore,https://www.booking.com/hotel/pk/amazing-valencia-home-lahore.en-gb.html?aid=304142&label=gen173nr-10CAQoggJCDWNpdHlfLTI3NjcwNDNICVgEaLUBiAEBmAEzuAEHyAEM2AED6AEB-AEBiAIBqAIBuALBjMLTBsACAdICJDRlYmVmMGVjLTBmMjctNDNkNS05MDQ0LWY2ZTFmMzRjMjI5M9gCAeACAQ&ucfs=1&arphpl=1&checkin=2026-08-06&checkout=2026-08-07&dest_id=-2767043&dest_type=city&group_adults=2&req_adults=2&no_rooms=1&group_children=0&req_children=0&hpos=15&hapos=703&sr_order=popularity&srpvid=7b4f562059d9004c&srepoch=1785759412&all_sr_blocks=1610868901_432002636_10_0_0&highlighted_blocks=1610868901_432002636_10_0_0&matching_block_id=1610868901_432002636_10_0_0&sr_pri_blocks=1610868901_432002636_10_0_0__1705000&from=searchresults,17050,,,Lahore,19.6,Apartment,"6 beds (2 doubles, 2 sofa beds, 2 large doubles)",0,1,1,https://cf.bstatic.com/xdata/images/hotel/square240/846638446.webp?k=08b5d4fd190aa479aa4c78b626a0ac95137a19c64400841f3c6d005c2ed71f06&o=,4,Lahore
Cozy & comfort,https://www.booking.com/hotel/pk/cozy-amp-comfort.en-gb.html?aid=304142&label=gen173nr-10CAQoggJCDWNpdHlfLTI3NjcwNDNICVgEaLUBiAEBmAEzuAEHyAEM2AED6AEB-AEBiAIBqAIBuALBjMLTBsACAdICJDRlYmVmMGVjLTBmMjctNDNkNS05MDQ0LWY2ZTFmMzRjMjI5M9gCAeACAQ&ucfs=1&arphpl=1&checkin=2026-08-06&checkout=2026-08-07&dest_id=-2767043&dest_type=city&group_adults=2&req_adults=2&no_rooms=1&group_children=0&req_children=0&hpos=16&hapos=704&sr_order=popularity&srpvid=7b4f562059d9004c&srepoch=1785759412&all_sr_blocks=1429453701_414518701_4_0_0&highlighted_blocks=1429453701_414518701_4_0_0&matching_block_id=1429453701_414518701_4_0_0&sr_pri_blocks=1429453701_414518701_4_0_0__480000&from=searchresults,4800,,,Lahore,8.9,One-Bedroom Apartment,1 double bed,0,1,1,https://cf.bstatic.com/xdata/images/hotel/square240/692283473.webp?k=de9b05c727a79fca83e1e196074dbc806006dcb4f2d3e3e0b6294707d1710925&o=,5,Lahore
2 Bedroom Cozy Apartment by Lux Haven Stays,https://www.booking.com/hotel/pk/2-bedroom-cozy-apartment-by-lux-haven-stays.en-gb.html?aid=304142&label=gen173nr-10CAQoggJCDWNpdHlfLTI3NjcwNDNICVgEaLUBiAEBmAEzuAEHyAEM2AED6AEB-AEBiAIBqAIBuALBjMLTBsACAdICJDRlYmVmMGVjLTBmMjctNDNkNS05MDQ0LWY2ZTFmMzRjMjI5M9gCAeACAQ&ucfs=1&arphpl=1&checkin=2026-08-06&checkout=2026-08-07&dest_id=-2767043&dest_type=city&group_adults=2&req_adults=2&no_rooms=1&group_children=0&req_children=0&hpos=17&hapos=705&sr_order=popularity&srpvid=7b4f562059d9004c&srepoch=1785759412&all_sr_blocks=1471657401_418504546_5_0_0&highlighted_blocks=1471657401_418504546_5_0_0&matching_block_id=1471657401_418504546_5_0_0&sr_pri_blocks=1471657401_418504546_5_0_0__1975000&from=searchresults,19750,,,Lahore,3.4,Two-Bedroom Apartment,"4 beds (2 singles, 1 double, 1 sofa bed)",0,1,1,https://cf.bstatic.com/xdata/images/hotel/square240/727576687.webp?k=f7fb77b4d48c6683f711b215cbdfddfdeb10461052b8c2eb0d254f26ca0096cc&o=,4,Lahore
Penta Square - Premium Studio Apartment,https://www.booking.com/hotel/pk/penta-square-premium-studio-apartment-lahore.en-gb.html?aid=304142&label=gen173nr-10CAQoggJCDWNpdHlfLTI3NjcwNDNICVgEaLUBiAEBmAEzuAEHyAEM2AED6AEB-AEBiAIBqAIBuALBjMLTBsACAdICJDRlYmVmMGVjLTBmMjctNDNkNS05MDQ0LWY2ZTFmMzRjMjI5M9gCAeACAQ&ucfs=1&arphpl=1&checkin=2026-08-06&checkout=2026-08-07&dest_id=-2767043&dest_type=city&group_adults=2&req_adults=2&no_rooms=1&group_children=0&req_children=0&hpos=18&hapos=706&sr_order=popularity&srpvid=7b4f562059d9004c&srepoch=1785759412&all_sr_blocks=1653317101_437282729_2_0_0&highlighted_blocks=1653317101_437282729_2_0_0&matching_block_id=1653317101_437282729_2_0_0&sr_pri_blocks=1653317101_437282729_2_0_0__891000&from=searchresults,8910,,,Lahore,14.2,One-Bedroom Apartment,1 extra-large double bed,0,0,0,https://cf.bstatic.com/xdata/images/hotel/square240/873738129.webp?k=6812313eb66e23f00ff9f1764da181f9e27f5118b52fe12cfbdf148411095fb1&o=,11,Lahore
"3 Bed Apartment in The Opus Luxury Residences, Gulberg",https://www.booking.com/hotel/pk/luxury-3-bed-apartment-the-opus-gulberg-lahore.en-gb.html?aid=304142&label=gen173nr-10CAQoggJCDWNpdHlfLTI3NjcwNDNICVgEaLUBiAEBmAEzuAEHyAEM2AED6AEB-AEBiAIBqAIBuALBjMLTBsACAdICJDRlYmVmMGVjLTBmMjctNDNkNS05MDQ0LWY2ZTFmMzRjMjI5M9gCAeACAQ&ucfs=1&arphpl=1&checkin=2026-08-06&checkout=2026-08-07&dest_id=-2767043&dest_type=city&group_adults=2&req_adults=2&no_rooms=1&group_children=0&req_children=0&hpos=19&hapos=707&sr_order=popularity&srpvid=7b4f562059d9004c&srepoch=1785759412&all_sr_blocks=1335906802_418592032_0_0_0&highlighted_blocks=1335906802_418592032_0_0_0&matching_block_id=1335906802_418592032_0_0_0&sr_pri_blocks=1335906802_418592032_0_0_0__3273696&from=searchresults,32737,7.6,8.0,"Gulberg, Lahore",6.9,Apartment,3 extra-large double beds,0,0,0,https://cf.bstatic.com/xdata/images/hotel/square240/632668135.webp?k=261f0c8ddd4af84dcf9481573804c81e2aabafef7a7a0c926933891114f5c5fe&o=,8,Lahore
Luxora Suites Luxury Apartment,https://www.booking.com/hotel/pk/luxora-suites-luxury-apartment.en-gb.html?aid=304142&label=gen173nr-10CAQoggJCDWNpdHlfLTI3NjcwNDNICVgEaLUBiAEBmAEzuAEHyAEM2AED6AEB-AEBiAIBqAIBuALBjMLTBsACAdICJDRlYmVmMGVjLTBmMjctNDNkNS05MDQ0LWY2ZTFmMzRjMjI5M9gCAeACAQ&ucfs=1&arphpl=1&checkin=2026-08-06&checkout=2026-08-07&dest_id=-2767043&dest_type=city&group_adults=2&req_adults=2&no_rooms=1&group_children=0&req_children=0&hpos=20&hapos=708&sr_order=popularity&srpvid=7b4f562059d9004c&srepoch=1785759412&all_sr_blocks=1698054201_441475133_2_0_0&highlighted_blocks=1698054201_441475133_2_0_0&matching_block_id=1698054201_441475133_2_0_0&sr_pri_blocks=1698054201_441475133_2_0_0__505750&from=searchresults,5058,,,Lahore,25.8,One-Bedroom Apartment,1 double bed,0,1,1,https://cf.bstatic.com/xdata/images/hotel/square240/901311452.webp?k=6f49954806c0e5e50b0859e6e4be1202a0b07ec1632ebbbab9d13cc58f5d9ce0&o=,13,Lahore
1 Kanal Entire House with 4 Bedrooms,https://www.booking.com/hotel/pk/1-kanal-entire-house-with-5-bedrooms-lahore.en-gb.html?aid=304142&label=gen173nr-10CAQoggJCDWNpdHlfLTI3NjcwNDNICVgEaLUBiAEBmAEzuAEHyAEM2AED6AEB-AEBiAIBqAIBuALBjMLTBsACAdICJDRlYmVmMGVjLTBmMjctNDNkNS05MDQ0LWY2ZTFmMzRjMjI5M9gCAeACAQ&ucfs=1&arphpl=1&checkin=2026-08-06&checkout=2026-08-07&dest_id=-2767043&dest_type=city&group_adults=2&req_adults=2&no_rooms=1&group_children=0&req_children=0&hpos=21&hapos=709&sr_order=popularity&srpvid=7b4f562059d9004c&srepoch=1785759412&all_sr_blocks=834438101_348802831_14_0_0&highlighted_blocks=834438101_348802831_14_0_0&matching_block_id=834438101_348802831_14_0_0&sr_pri_blocks=834438101_348802831_14_0_0__2250000&from=searchresults,22500,6.8,4.0,Lahore,10.6,Deluxe Villa,"10 beds (4 extra-large doubles, 2 sofa beds, 4 futons)",0,0,0,https://cf.bstatic.com/xdata/images/hotel/square240/482940159.webp?k=f861b1e817d41dc7415968ee03b05bfdc156cf6ae349a279d1f4ddc6c938bb1f&o=,8,Lahore
拉合尔如家华人宾馆,https://www.booking.com/hotel/pk/la-he-er-ru-jia-hua-ren-bin-guan.en-gb.html?aid=304142&label=gen173nr-10CAQoggJCDWNpdHlfLTI3NjcwNDNICVgEaLUBiAEBmAEzuAEHyAEM2AED6AEB-AEBiAIBqAIBuALBjMLTBsACAdICJDRlYmVmMGVjLTBmMjctNDNkNS05MDQ0LWY2ZTFmMzRjMjI5M9gCAeACAQ&ucfs=1&arphpl=1&checkin=2026-08-06&checkout=2026-08-07&dest_id=-2767043&dest_type=city&group_adults=2&req_adults=2&no_rooms=1&group_children=0&req_children=0&hpos=22&hapos=710&sr_order=popularity&srpvid=7b4f562059d9004c&srepoch=1785759412&all_sr_blocks=1594258801_430458932_2_1_0&highlighted_blocks=1594258801_430458932_2_1_0&matching_block_id=1594258801_430458932_2_1_0&sr_pri_blocks=1594258801_430458932_2_1_0__2200000&from=searchresults,22000,,,Lahore,7.8,Double Room with Private Bathroom,2 large double beds,1,1,1,https://cf.bstatic.com/xdata/images/hotel/square240/832578547.webp?k=66b73a5bdf2a1fb9809b42e14e9eac81f82393f5cbe3872f1ac9526e944e9fd7&o=,4,Lahore
Alvis Suite Studio Apartment - Penta Square DHA Lahore,https://www.booking.com/hotel/pk/alvis-suite-studio-apartment-penta-square-dha-lahore.en-gb.html?aid=304142&label=gen173nr-10CAQoggJCDWNpdHlfLTI3NjcwNDNICVgEaLUBiAEBmAEzuAEHyAEM2AED6AEB-AEBiAIBqAIBuALBjMLTBsACAdICJDRlYmVmMGVjLTBmMjctNDNkNS05MDQ0LWY2ZTFmMzRjMjI5M9gCAeACAQ&ucfs=1&arphpl=1&checkin=2026-08-06&checkout=2026-08-07&dest_id=-2767043&dest_type=city&group_adults=2&req_adults=2&no_rooms=1&group_children=0&req_children=0&hpos=23&hapos=711&sr_order=popularity&srpvid=7b4f562059d9004c&srepoch=1785759412&all_sr_blocks=1685787101_440207329_2_0_0&highlighted_blocks=1685787101_440207329_2_0_0&matching_block_id=1685787101_440207329_2_0_0&sr_pri_blocks=1685787101_440207329_2_0_0__1161186&from=searchresults,11612,,,Lahore,14.2,Studio Apartment,"2 beds (1 extra-large double, 1 sofa bed)",0,1,1,https://cf.bstatic.com/xdata/images/hotel/square240/893237902.webp?k=b7ba783c1421f4dbe4975d74eaee8f8c5e58680f5d81543cdea59b45a8f3043f&o=,12,Lahore
Skylark Lodge Bahria Town Lahore,https://www.booking.com/hotel/pk/skylark-lodge-bahria-town-lahore-lahore.en-gb.html?aid=304142&label=gen173nr-10CAQoggJCDWNpdHlfLTI3NjcwNDNICVgEaLUBiAEBmAEzuAEHyAEM2AED6AEB-AEBiAIBqAIBuALBjMLTBsACAdICJDRlYmVmMGVjLTBmMjctNDNkNS05MDQ0LWY2ZTFmMzRjMjI5M9gCAeACAQ&ucfs=1&arphpl=1&checkin=2026-08-06&checkout=2026-08-07&dest_id=-2767043&dest_type=city&group_adults=2&req_adults=2&no_rooms=1&group_children=0&req_children=0&hpos=24&hapos=712&sr_order=popularity&srpvid=7b4f562059d9004c&srepoch=1785759412&all_sr_blocks=1336503901_409073871_2_2_0&highlighted_blocks=1336503901_409073871_2_2_0&matching_block_id=1336503901_409073871_2_2_0&sr_pri_blocks=1336503901_409073871_2_2_0__1258425&from=searchresults,12584,9.8,13.0,Lahore,23.7,Two-Bedroom House,"4 beds (2 sofa beds, 2 large doubles)",0,0,1,https://cf.bstatic.com/xdata/images/hotel/square240/632850582.webp?k=77be4c0d9fbaa0d30dbdc452de8ff3ff70ef532fd48fe21d829141d7c979903d&o=,5,Lahore
"1 luxury bedroom apartment in Bahria Town Lahore ,self check-in, AC , Free WIFI",https://www.booking.com/hotel/pk/1-bedroom-apartment-lahore5.en-gb.html?aid=304142&label=gen173nr-10CAQoggJCDWNpdHlfLTI3NjcwNDNICVgEaLUBiAEBmAEzuAEHyAEM2AED6AEB-AEBiAIBqAIBuALBjMLTBsACAdICJDRlYmVmMGVjLTBmMjctNDNkNS05MDQ0LWY2ZTFmMzRjMjI5M9gCAeACAQ&ucfs=1&arphpl=1&checkin=2026-08-06&checkout=2026-08-07&dest_id=-2767043&dest_type=city&group_adults=2&req_adults=2&no_rooms=1&group_children=0&req_children=0&hpos=25&hapos=713&sr_order=popularity&srpvid=7b4f562059d9004c&srepoch=1785759412&all_sr_blocks=1611264601_432041334_2_0_0&highlighted_blocks=1611264601_432041334_2_0_0&matching_block_id=1611264601_432041334_2_0_0&sr_pri_blocks=1611264601_432041334_2_0_0__650000&from=searchresults,6500,,,Lahore,24.7,One-Bedroom Apartment,"2 beds (1 double, 1 sofa bed)",0,1,1,https://cf.bstatic.com/xdata/images/hotel/square240/848854570.webp?k=d512c082a8a1dcad28290f2067acffe6de62168c7017ff4522da0d036ea4f6dd&o=,4,Lahore
Appartment in Lahore central,https://www.booking.com/hotel/pk/appartment-in-lahore-central.en-gb.html?aid=304142&label=gen173nr-10CAQoggJCDWNpdHlfLTI3NjcwNDNICVgEaLUBiAEBmAEzuAEHyAEM2AED6AEB-AEBiAIBqAIBuALBjMLTBsACAdICJDRlYmVmMGVjLTBmMjctNDNkNS05MDQ0LWY2ZTFmMzRjMjI5M9gCAeACAQ&ucfs=1&arphpl=1&checkin=2026-08-06&checkout=2026-08-07&dest_id=-2767043&dest_type=city&group_adults=2&req_adults=2&no_rooms=1&group_children=0&req_children=0&hpos=1&hapos=714&sr_order=popularity&srpvid=7b4f562059d9004c&srepoch=1785759421&all_sr_blocks=1665172601_438366092_2_0_0&highlighted_blocks=1665172601_438366092_2_0_0&matching_block_id=1665172601_438366092_2_0_0&sr_pri_blocks=1665172601_438366092_2_0_0__1040000&from=searchresults,10400,,,"Gulberg, Lahore",6.0,One-Bedroom Apartment,1 double bed,0,1,1,https://cf.bstatic.com/xdata/images/hotel/square240/881991229.webp?k=c33c7228751ad589aa6a8d4932a28384d74cea051efdfaf32f0173a9822741c1&o=,5,Lahore
Regal Apartments,https://www.booking.com/hotel/pk/regal-apartments.en-gb.html?aid=304142&label=gen173nr-10CAQoggJCDWNpdHlfLTI3NjcwNDNICVgEaLUBiAEBmAEzuAEHyAEM2AED6AEB-AEBiAIBqAIBuALBjMLTBsACAdICJDRlYmVmMGVjLTBmMjctNDNkNS05MDQ0LWY2ZTFmMzRjMjI5M9gCAeACAQ&ucfs=1&arphpl=1&checkin=2026-08-06&checkout=2026-08-07&dest_id=-2767043&dest_type=city&group_adults=2&req_adults=2&no_rooms=1&group_children=0&req_children=0&hpos=2&hapos=715&sr_order=popularity&srpvid=7b4f562059d9004c&srepoch=1785759421&all_sr_blocks=1661139101_438000751_2_0_0&highlighted_blocks=1661139101_438000751_2_0_0&matching_block_id=1661139101_438000751_2_0_0&sr_pri_blocks=1661139101_438000751_2_0_0__600000&from=searchresults,6000,,,Lahore,24.7,One-Bedroom Apartment with Balcony and City View,"2 beds (1 sofa bed, 1 large double)",0,1,1,https://cf.bstatic.com/xdata/images/hotel/square240/879760491.webp?k=6fbba7e1dca33da7dfb40cc1b404d219aaf91b04c7d46219ede789e6e6301061&o=,4,Lahore
The Royal Vista,https://www.booking.com/hotel/pk/the-royal-vista.en-gb.html?aid=304142&label=gen173nr-10CAQoggJCDWNpdHlfLTI3NjcwNDNICVgEaLUBiAEBmAEzuAEHyAEM2AED6AEB-AEBiAIBqAIBuALBjMLTBsACAdICJDRlYmVmMGVjLTBmMjctNDNkNS05MDQ0LWY2ZTFmMzRjMjI5M9gCAeACAQ&ucfs=1&arphpl=1&checkin=2026-08-06&checkout=2026-08-07&dest_id=-2767043&dest_type=city&group_adults=2&req_adults=2&no_rooms=1&group_children=0&req_children=0&hpos=3&hapos=716&sr_order=popularity&srpvid=7b4f562059d9004c&srepoch=1785759421&all_sr_blocks=1594655401_430490550_2_0_0&highlighted_blocks=1594655401_430490550_2_0_0&matching_block_id=1594655401_430490550_2_0_0&sr_pri_blocks=1594655401_430490550_2_0_0__1500000&from=searchresults,15000,,,Lahore,14.8,Double Room,1 double bed,0,1,1,https://cf.bstatic.com/xdata/images/hotel/square240/832763769.webp?k=c97d562ca44f52e7f043e548699097355cf4ddee50f6e2093ccd8c3290cdb673&o=,12,Lahore
Luxury Apartment in Secure DHA Lahore Building,https://www.booking.com/hotel/pk/luxury-apartment-in-secure-dha-lahore-building.en-gb.html?aid=304142&label=gen173nr-10CAQoggJCDWNpdHlfLTI3NjcwNDNICVgEaLUBiAEBmAEzuAEHyAEM2AED6AEB-AEBiAIBqAIBuALBjMLTBsACAdICJDRlYmVmMGVjLTBmMjctNDNkNS05MDQ0LWY2ZTFmMzRjMjI5M9gCAeACAQ&ucfs=1&arphpl=1&checkin=2026-08-06&checkout=2026-08-07&dest_id=-2767043&dest_type=city&group_adults=2&req_adults=2&no_rooms=1&group_children=0&req_children=0&hpos=4&hapos=717&sr_order=popularity&srpvid=7b4f562059d9004c&srepoch=1785759421&all_sr_blocks=1680051701_439765311_4_0_0&highlighted_blocks=1680051701_439765311_4_0_0&matching_block_id=1680051701_439765311_4_0_0&sr_pri_blocks=1680051701_439765311_4_0_0__1001055&from=searchresults,10011,,,Lahore,14.3,One-Bedroom Apartment,1 double bed,0,0,1,https://cf.bstatic.com/xdata/images/hotel/square240/890963477.webp?k=5cbe6de756ce1af5247ffade2525d8708c0ace9c41f6d551a17e05962cd60877&o=,4,Lahore
Hotel Rose Inn Lahore,https://www.booking.com/hotel/pk/rose-inn-lahore.en-gb.html?aid=304142&label=gen173nr-10CAQoggJCDWNpdHlfLTI3NjcwNDNICVgEaLUBiAEBmAEzuAEHyAEM2AED6AEB-AEBiAIBqAIBuALBjMLTBsACAdICJDRlYmVmMGVjLTBmMjctNDNkNS05MDQ0LWY2ZTFmMzRjMjI5M9gCAeACAQ&ucfs=1&arphpl=1&checkin=2026-08-06&checkout=2026-08-07&dest_id=-2767043&dest_type=city&group_adults=2&req_adults=2&no_rooms=1&group_children=0&req_children=0&hpos=5&hapos=718&sr_order=popularity&srpvid=7b4f562059d9004c&srepoch=1785759421&all_sr_blocks=818874101_359193166_0_2_0&highlighted_blocks=818874101_359193166_0_2_0&matching_block_id=818874101_359193166_0_2_0&sr_pri_blocks=818874101_359193166_0_2_0__450000&from=searchresults,4500,7.8,93.0,"Johar Town, Lahore",10.9,Deluxe Double or Twin Room,1 large double bed,0,1,1,https://cf.bstatic.com/xdata/images/hotel/square240/408937518.webp?k=c8e1214c9df6d0c137be3c63a29baee0d450232fecc8eb43a03959530013aade&o=,11,Lahore
Comfort Girls Hostel,https://www.booking.com/hotel/pk/comfort-girls-hostel.en-gb.html?aid=304142&label=gen173nr-10CAQoggJCDWNpdHlfLTI3NjcwNDNICVgEaLUBiAEBmAEzuAEHyAEM2AED6AEB-AEBiAIBqAIBuALBjMLTBsACAdICJDRlYmVmMGVjLTBmMjctNDNkNS05MDQ0LWY2ZTFmMzRjMjI5M9gCAeACAQ&ucfs=1&arphpl=1&checkin=2026-08-06&checkout=2026-08-07&dest_id=-2767043&dest_type=city&group_adults=2&req_adults=2&no_rooms=1&group_children=0&req_children=0&hpos=6&hapos=719&sr_order=popularity&srpvid=7b4f562059d9004c&srepoch=1785759421&all_sr_blocks=1695405301_441215633_12_0_0&highlighted_blocks=1695405301_441215633_12_0_0&matching_block_id=1695405301_441215633_12_0_0&sr_pri_blocks=1695405301_441215633_12_0_0__1700000&from=searchresults,17000,,,Lahore,5.1,Budget Triple Room,12 single beds,0,1,1,https://cf.bstatic.com/xdata/images/hotel/square240/899807230.webp?k=d33917cba277494be4ea668f58e4785266562193c6a6f0c1777356a950c9e517&o=,4,Lahore
Studio Apartment in PentaSquare Phase 5 DHA - Prime Location,https://www.booking.com/hotel/pk/studio-apartment-in-pentasquare-phase-5-dha-prime-location.en-gb.html?aid=304142&label=gen173nr-10CAQoggJCDWNpdHlfLTI3NjcwNDNICVgEaLUBiAEBmAEzuAEHyAEM2AED6AEB-AEBiAIBqAIBuALBjMLTBsACAdICJDRlYmVmMGVjLTBmMjctNDNkNS05MDQ0LWY2ZTFmMzRjMjI5M9gCAeACAQ&ucfs=1&arphpl=1&checkin=2026-08-06&checkout=2026-08-07&dest_id=-2767043&dest_type=city&group_adults=2&req_adults=2&no_rooms=1&group_children=0&req_children=0&hpos=7&hapos=720&sr_order=popularity&srpvid=7b4f562059d9004c&srepoch=1785759421&all_sr_blocks=1632533101_433742738_2_0_0&highlighted_blocks=1632533101_433742738_2_0_0&matching_block_id=1632533101_433742738_2_0_0&sr_pri_blocks=1632533101_433742738_2_0_0__1215000&from=searchresults,12150,,,Lahore,14.2,One-Bedroom Apartment,1 extra-large double bed,0,0,0,https://cf.bstatic.com/xdata/images/hotel/square240/862516231.webp?k=2abf731b84f855bdcd4e7a15344070d621b4bf972511991dcc6b01d8ccbf986c&o=,10,Lahore
Innova Residencia,https://www.booking.com/hotel/pk/innova-residencia-lahore.en-gb.html?aid=304142&label=gen173nr-10CAQoggJCDWNpdHlfLTI3NjcwNDNICVgEaLUBiAEBmAEzuAEHyAEM2AED6AEB-AEBiAIBqAIBuALBjMLTBsACAdICJDRlYmVmMGVjLTBmMjctNDNkNS05MDQ0LWY2ZTFmMzRjMjI5M9gCAeACAQ&ucfs=1&arphpl=1&checkin=2026-08-06&checkout=2026-08-07&dest_id=-2767043&dest_type=city&group_adults=2&req_adults=2&no_rooms=1&group_children=0&req_children=0&hpos=8&hapos=721&sr_order=popularity&srpvid=7b4f562059d9004c&srepoch=1785759421&all_sr_blocks=1667592201_438581329_6_0_0&highlighted_blocks=1667592201_438581329_6_0_0&matching_block_id=1667592201_438581329_6_0_0&sr_pri_blocks=1667592201_438581329_6_0_0__1487500&from=searchresults,14875,,,Lahore,24.7,Two-Bedroom Apartment,2 double beds,0,1,1,https://cf.bstatic.com/xdata/images/hotel/square240/883324321.webp?k=56e70f70f4aa8a918f2e655f32cc8210658db8661f619b29f939253a2b7ff9ae&o=,4,Lahore
Velora,https://www.booking.com/hotel/pk/velora.en-gb.html?aid=304142&label=gen173nr-10CAQoggJCDWNpdHlfLTI3NjcwNDNICVgEaLUBiAEBmAEzuAEHyAEM2AED6AEB-AEBiAIBqAIBuALBjMLTBsACAdICJDRlYmVmMGVjLTBmMjctNDNkNS05MDQ0LWY2ZTFmMzRjMjI5M9gCAeACAQ&ucfs=1&arphpl=1&checkin=2026-08-06&checkout=2026-08-07&dest_id=-2767043&dest_type=city&group_adults=2&req_adults=2&no_rooms=1&group_children=0&req_children=0&hpos=9&hapos=722&sr_order=popularity&srpvid=7b4f562059d9004c&srepoch=1785759421&all_sr_blocks=1658191701_437718916_2_0_0&highlighted_blocks=1658191701_437718916_2_0_0&matching_block_id=1658191701_437718916_2_0_0&sr_pri_blocks=1658191701_437718916_2_0_0__1207800&from=searchresults,12078,,,Lahore,18.4,One-Bedroom Apartment,"2 beds (1 double, 1 sofa bed)",0,1,1,https://cf.bstatic.com/xdata/images/hotel/square240/892014348.webp?k=5598638798e668de7064e6084948804914285270406fe6321a3720c650b1d2f9&o=,4,Lahore
DHA Central Studio Apartment,https://www.booking.com/hotel/pk/dha-central-studio-apartment.en-gb.html?aid=304142&label=gen173nr-10CAQoggJCDWNpdHlfLTI3NjcwNDNICVgEaLUBiAEBmAEzuAEHyAEM2AED6AEB-AEBiAIBqAIBuALBjMLTBsACAdICJDRlYmVmMGVjLTBmMjctNDNkNS05MDQ0LWY2ZTFmMzRjMjI5M9gCAeACAQ&ucfs=1&arphpl=1&checkin=2026-08-06&checkout=2026-08-07&dest_id=-2767043&dest_type=city&group_adults=2&req_adults=2&no_rooms=1&group_children=0&req_children=0&hpos=10&hapos=723&sr_order=popularity&srpvid=7b4f562059d9004c&srepoch=1785759421&all_sr_blocks=1646155401_434620310_2_0_0&highlighted_blocks=1646155401_434620310_2_0_0&matching_block_id=1646155401_434620310_2_0_0&sr_pri_blocks=1646155401_434620310_2_0_0__898128&from=searchresults,8981,,,Lahore,14.2,One-Bedroom Apartment,1 double bed,0,0,0,https://cf.bstatic.com/xdata/images/hotel/square240/869942100.webp?k=8dfe8544309dde3de3855276a1850203a5df219b08a07f0c82edbdfdcc8cc2a9&o=,11,Lahore
Spacious and Cozy 3 Bedroom Family Apartment,https://www.booking.com/hotel/pk/spacious-and-cozy-3-bedroom-family-apartment.en-gb.html?aid=304142&label=gen173nr-10CAQoggJCDWNpdHlfLTI3NjcwNDNICVgEaLUBiAEBmAEzuAEHyAEM2AED6AEB-AEBiAIBqAIBuALBjMLTBsACAdICJDRlYmVmMGVjLTBmMjctNDNkNS05MDQ0LWY2ZTFmMzRjMjI5M9gCAeACAQ&ucfs=1&arphpl=1&checkin=2026-08-06&checkout=2026-08-07&dest_id=-2767043&dest_type=city&group_adults=2&req_adults=2&no_rooms=1&group_children=0&req_children=0&hpos=11&hapos=724&sr_order=popularity&srpvid=7b4f562059d9004c&srepoch=1785759421&all_sr_blocks=1698998601_441548129_8_0_0&highlighted_blocks=1698998601_441548129_8_0_0&matching_block_id=1698998601_441548129_8_0_0&sr_pri_blocks=1698998601_441548129_8_0_0__1156000&from=searchresults,11560,,,Lahore,13.8,Three-Bedroom Apartment,"2 beds (1 single, 1 bunk bed)",0,1,1,https://cf.bstatic.com/xdata/images/hotel/square240/901816115.webp?k=5a42a5ab8f53120c86f1e5dffe4e3b29091fa9f77fb34b4de89bfa053a92bb3e&o=,5,Lahore
super nova 1,https://www.booking.com/hotel/pk/home-zone-lahore.en-gb.html?aid=304142&label=gen173nr-10CAQoggJCDWNpdHlfLTI3NjcwNDNICVgEaLUBiAEBmAEzuAEHyAEM2AED6AEB-AEBiAIBqAIBuALBjMLTBsACAdICJDRlYmVmMGVjLTBmMjctNDNkNS05MDQ0LWY2ZTFmMzRjMjI5M9gCAeACAQ&ucfs=1&arphpl=1&checkin=2026-08-06&checkout=2026-08-07&dest_id=-2767043&dest_type=city&group_adults=2&req_adults=2&no_rooms=1&group_children=0&req_children=0&hpos=12&hapos=725&sr_order=popularity&srpvid=7b4f562059d9004c&srepoch=1785759421&all_sr_blocks=1351377801_411139357_2_0_0_792672&highlighted_blocks=1351377801_411139357_2_0_0_792672&matching_block_id=1351377801_411139357_2_0_0_792672&sr_pri_blocks=1351377801_411139357_2_0_0_792672_2250000&from=searchresults,22500,10,5.0,Lahore,14.5,Three-Bedroom Apartment,"2 beds (1 double, 1 large double)",0,1,1,https://cf.bstatic.com/xdata/images/hotel/square240/642250504.webp?k=2d8c76276625d21c3b791f0ef9f0475fdf9fe48aca4f859c49b0d0dd29dfe45e&o=,5,Lahore
Apartment in Bahria town,https://www.booking.com/hotel/pk/luxury-1bhk-apartment-in-bahria-town-self-check-in.en-gb.html?aid=304142&label=gen173nr-10CAQoggJCDWNpdHlfLTI3NjcwNDNICVgEaLUBiAEBmAEzuAEHyAEM2AED6AEB-AEBiAIBqAIBuALBjMLTBsACAdICJDRlYmVmMGVjLTBmMjctNDNkNS05MDQ0LWY2ZTFmMzRjMjI5M9gCAeACAQ&ucfs=1&arphpl=1&checkin=2026-08-06&checkout=2026-08-07&dest_id=-2767043&dest_type=city&group_adults=2&req_adults=2&no_rooms=1&group_children=0&req_children=0&hpos=13&hapos=726&sr_order=popularity&srpvid=7b4f562059d9004c&srepoch=1785759421&all_sr_blocks=1623984101_433141827_3_0_0&highlighted_blocks=1623984101_433141827_3_0_0&matching_block_id=1623984101_433141827_3_0_0&sr_pri_blocks=1623984101_433141827_3_0_0__800000&from=searchresults,8000,,,Lahore,26.5,One-Bedroom Apartment,1 double bed,0,1,1,https://cf.bstatic.com/xdata/images/hotel/square240/857992898.webp?k=4995d417f0eb28870135727e806cf0e11a90b3928893b641ab7bc074cd0476d8&o=,4,Lahore
Zameen Opal - Skyline Suites,https://www.booking.com/hotel/pk/zameen-opal-skyline-suites.en-gb.html?aid=304142&label=gen173nr-10CAQoggJCDWNpdHlfLTI3NjcwNDNICVgEaLUBiAEBmAEzuAEHyAEM2AED6AEB-AEBiAIBqAIBuALBjMLTBsACAdICJDRlYmVmMGVjLTBmMjctNDNkNS05MDQ0LWY2ZTFmMzRjMjI5M9gCAeACAQ&ucfs=1&arphpl=1&checkin=2026-08-06&checkout=2026-08-07&dest_id=-2767043&dest_type=city&group_adults=2&req_adults=2&no_rooms=1&group_children=0&req_children=0&hpos=14&hapos=727&sr_order=popularity&srpvid=7b4f562059d9004c&srepoch=1785759421&all_sr_blocks=1361766001_408487581_2_0_0&highlighted_blocks=1361766001_408487581_2_0_0&matching_block_id=1361766001_408487581_2_0_0&sr_pri_blocks=1361766001_408487581_2_0_0__900000&from=searchresults,9000,4.7,4.0,Lahore,18.4,One-Bedroom Apartment,"2 beds (1 double, 1 sofa bed)",0,1,1,https://cf.bstatic.com/xdata/images/hotel/square240/672116867.webp?k=486428f76ce9cb1d0fba96413623f1c1ed4b62925a9e3a9749418e362147f34d&o=,4,Lahore
Muted Mellow Tone 1BR Johar town Self Check-In,https://www.booking.com/hotel/pk/muted-mellow-tone-1br-johar-town-self-check-in.en-gb.html?aid=304142&label=gen173nr-10CAQoggJCDWNpdHlfLTI3NjcwNDNICVgEaLUBiAEBmAEzuAEHyAEM2AED6AEB-AEBiAIBqAIBuALBjMLTBsACAdICJDRlYmVmMGVjLTBmMjctNDNkNS05MDQ0LWY2ZTFmMzRjMjI5M9gCAeACAQ&ucfs=1&arphpl=1&checkin=2026-08-06&checkout=2026-08-07&dest_id=-2767043&dest_type=city&group_adults=2&req_adults=2&no_rooms=1&group_children=0&req_children=0&hpos=15&hapos=728&sr_order=popularity&srpvid=7b4f562059d9004c&srepoch=1785759421&all_sr_blocks=1412057101_412945312_3_0_0&highlighted_blocks=1412057101_412945312_3_0_0&matching_block_id=1412057101_412945312_3_0_0&sr_pri_blocks=1412057101_412945312_3_0_0__750000&from=searchresults,7500,,,Lahore,13.2,One-Bedroom Apartment,1 extra-large double bed,0,1,1,https://cf.bstatic.com/xdata/images/hotel/square240/681277731.webp?k=8f5a76267af80a99deff2615808d3ccdb8577bdb355dc82a2c8f50f8df7c2708&o=,5,Lahore
Raskoh Apartment,https://www.booking.com/hotel/pk/raskoh-apartment.en-gb.html?aid=304142&label=gen173nr-10CAQoggJCDWNpdHlfLTI3NjcwNDNICVgEaLUBiAEBmAEzuAEHyAEM2AED6AEB-AEBiAIBqAIBuALBjMLTBsACAdICJDRlYmVmMGVjLTBmMjctNDNkNS05MDQ0LWY2ZTFmMzRjMjI5M9gCAeACAQ&ucfs=1&arphpl=1&checkin=2026-08-06&checkout=2026-08-07&dest_id=-2767043&dest_type=city&group_adults=2&req_adults=2&no_rooms=1&group_children=0&req_children=0&hpos=16&hapos=729&sr_order=popularity&srpvid=7b4f562059d9004c&srepoch=1785759421&all_sr_blocks=1564487501_427549896_3_0_0&highlighted_blocks=1564487501_427549896_3_0_0&matching_block_id=1564487501_427549896_3_0_0&sr_pri_blocks=1564487501_427549896_3_0_0__800000&from=searchresults,8000,,,Lahore,24.7,One-Bedroom Apartment,"2 beds (1 double, 1 sofa bed)",0,1,1,https://cf.bstatic.com/xdata/images/hotel/square240/808974652.webp?k=c363ef71f5c7c3e5701066fe44ad4b5221006b2f408f187b732647a2044717ea&o=,4,Lahore
Luxe One Bedroom Residence by Alvis Suite,https://www.booking.com/hotel/pk/luxe-one-bedroom-residence-by-alvis-suite.en-gb.html?aid=304142&label=gen173nr-10CAQoggJCDWNpdHlfLTI3NjcwNDNICVgEaLUBiAEBmAEzuAEHyAEM2AED6AEB-AEBiAIBqAIBuALBjMLTBsACAdICJDRlYmVmMGVjLTBmMjctNDNkNS05MDQ0LWY2ZTFmMzRjMjI5M9gCAeACAQ&ucfs=1&arphpl=1&checkin=2026-08-06&checkout=2026-08-07&dest_id=-2767043&dest_type=city&group_adults=2&req_adults=2&no_rooms=1&group_children=0&req_children=0&hpos=17&hapos=730&sr_order=popularity&srpvid=7b4f562059d9004c&srepoch=1785759421&all_sr_blocks=1677310501_439456494_2_0_0&highlighted_blocks=1677310501_439456494_2_0_0&matching_block_id=1677310501_439456494_2_0_0&sr_pri_blocks=1677310501_439456494_2_0_0__1232840&from=searchresults,12328,,,Lahore,12.0,One-Bedroom Apartment,1 double bed,0,1,1,https://cf.bstatic.com/xdata/images/hotel/square240/889302060.webp?k=1a8d63b201274639808fdbff37378434bbdc0b494d371b4be3aaaa9ca7d9f73c&o=,13,Lahore
Fully Furnished Family House,https://www.booking.com/hotel/pk/fully-furnished-family-house-lahore1.en-gb.html?aid=304142&label=gen173nr-10CAQoggJCDWNpdHlfLTI3NjcwNDNICVgEaLUBiAEBmAEzuAEHyAEM2AED6AEB-AEBiAIBqAIBuALBjMLTBsACAdICJDRlYmVmMGVjLTBmMjctNDNkNS05MDQ0LWY2ZTFmMzRjMjI5M9gCAeACAQ&ucfs=1&arphpl=1&checkin=2026-08-06&checkout=2026-08-07&dest_id=-2767043&dest_type=city&group_adults=2&req_adults=2&no_rooms=1&group_children=0&req_children=0&hpos=18&hapos=731&sr_order=popularity&srpvid=7b4f562059d9004c&srepoch=1785759421&all_sr_blocks=1656157901_437529764_2_0_0&highlighted_blocks=1656157901_437529764_2_0_0&matching_block_id=1656157901_437529764_2_0_0&sr_pri_blocks=1656157901_437529764_2_0_0__1200000&from=searchresults,12000,,,Lahore,24.1,Three-Bedroom Villa,"2 beds (1 double, 1 sofa bed)",0,1,1,https://cf.bstatic.com/xdata/images/hotel/square240/875684975.webp?k=929a9e7a200630e299a2cd306596fbe2761ec62ea28fcc1212d752360d4861f1&o=,5,Lahore
Luxury and Convenience,https://www.booking.com/hotel/pk/luxury-and-convenience.en-gb.html?aid=304142&label=gen173nr-10CAQoggJCDWNpdHlfLTI3NjcwNDNICVgEaLUBiAEBmAEzuAEHyAEM2AED6AEB-AEBiAIBqAIBuALBjMLTBsACAdICJDRlYmVmMGVjLTBmMjctNDNkNS05MDQ0LWY2ZTFmMzRjMjI5M9gCAeACAQ&ucfs=1&arphpl=1&checkin=2026-08-06&checkout=2026-08-07&dest_id=-2767043&dest_type=city&group_adults=2&req_adults=2&no_rooms=1&group_children=0&req_children=0&hpos=19&hapos=732&sr_order=popularity&srpvid=7b4f562059d9004c&srepoch=1785759421&all_sr_blocks=1665068201_438361107_2_0_0&highlighted_blocks=1665068201_438361107_2_0_0&matching_block_id=1665068201_438361107_2_0_0&sr_pri_blocks=1665068201_438361107_2_0_0__560000&from=searchresults,5600,,,"Johar Town, Lahore",12.4,One-Bedroom Apartment,1 double bed,0,1,1,https://cf.bstatic.com/xdata/images/hotel/square240/881936019.webp?k=8c2f1370cc47d001b72b77f8a809b6391516ec38d99a1a51cb3d99cb1320697a&o=,5,Lahore
Sage & Stone Suites,https://www.booking.com/hotel/pk/sage-amp-stone-suites.en-gb.html?aid=304142&label=gen173nr-10CAQoggJCDWNpdHlfLTI3NjcwNDNICVgEaLUBiAEBmAEzuAEHyAEM2AED6AEB-AEBiAIBqAIBuALBjMLTBsACAdICJDRlYmVmMGVjLTBmMjctNDNkNS05MDQ0LWY2ZTFmMzRjMjI5M9gCAeACAQ&ucfs=1&arphpl=1&checkin=2026-08-06&checkout=2026-08-07&dest_id=-2767043&dest_type=city&group_adults=2&req_adults=2&no_rooms=1&group_children=0&req_children=0&hpos=20&hapos=733&sr_order=popularity&srpvid=7b4f562059d9004c&srepoch=1785759421&all_sr_blocks=1676869601_439409263_2_0_0&highlighted_blocks=1676869601_439409263_2_0_0&matching_block_id=1676869601_439409263_2_0_0&sr_pri_blocks=1676869601_439409263_2_0_0__1190000&from=searchresults,11900,,,"Gulberg, Lahore",6.9,One-Bedroom Apartment,1 double bed,0,1,1,https://cf.bstatic.com/xdata/images/hotel/square240/889063296.webp?k=ceb4a1a3bc5f492d33d0d271ae95d8024dd0757b038ed32b3550e28b728e2e10&o=,4,Lahore
2BR Luxury Apartment with Balcony - The Opus,https://www.booking.com/hotel/pk/2br-luxury-apartment-with-balcony-the-opus.en-gb.html?aid=304142&label=gen173nr-10CAQoggJCDWNpdHlfLTI3NjcwNDNICVgEaLUBiAEBmAEzuAEHyAEM2AED6AEB-AEBiAIBqAIBuALBjMLTBsACAdICJDRlYmVmMGVjLTBmMjctNDNkNS05MDQ0LWY2ZTFmMzRjMjI5M9gCAeACAQ&ucfs=1&arphpl=1&checkin=2026-08-06&checkout=2026-08-07&dest_id=-2767043&dest_type=city&group_adults=2&req_adults=2&no_rooms=1&group_children=0&req_children=0&hpos=21&hapos=734&sr_order=popularity&srpvid=7b4f562059d9004c&srepoch=1785759421&all_sr_blocks=1471546702_418593628_4_0_0&highlighted_blocks=1471546702_418593628_4_0_0&matching_block_id=1471546702_418593628_4_0_0&sr_pri_blocks=1471546702_418593628_4_0_0__2458640&from=searchresults,24586,,,"Gulberg, Lahore",6.9,Apartment,2 extra-large double beds,0,1,1,https://cf.bstatic.com/xdata/images/hotel/square240/727527888.webp?k=0d27d2b3b09d8738b94bf3094dae51d60a6e5a57936701f06dcaf7c0f9473544&o=,13,Lahore
Diamounts Premium living 03,https://www.booking.com/hotel/pk/diamounts-premium-living-03.en-gb.html?aid=304142&label=gen173nr-10CAQoggJCDWNpdHlfLTI3NjcwNDNICVgEaLUBiAEBmAEzuAEHyAEM2AED6AEB-AEBiAIBqAIBuALBjMLTBsACAdICJDRlYmVmMGVjLTBmMjctNDNkNS05MDQ0LWY2ZTFmMzRjMjI5M9gCAeACAQ&ucfs=1&arphpl=1&checkin=2026-08-06&checkout=2026-08-07&dest_id=-2767043&dest_type=city&group_adults=2&req_adults=2&no_rooms=1&group_children=0&req_children=0&hpos=22&hapos=735&sr_order=popularity&srpvid=7b4f562059d9004c&srepoch=1785759421&all_sr_blocks=1680516301_439810003_2_0_0&highlighted_blocks=1680516301_439810003_2_0_0&matching_block_id=1680516301_439810003_2_0_0&sr_pri_blocks=1680516301_439810003_2_0_0__670280&from=searchresults,6703,,,Lahore,26.8,One-Bedroom Apartment,1 double bed,0,1,1,https://cf.bstatic.com/xdata/images/hotel/square240/891820802.webp?k=012fb502d3a0ace538eb9c52c7283bd3c19ed2fb87c17fc4f37905c96b1ffd9d&o=,5,Lahore
The Opus Residences - Studio Apartment Gulberg Lahore,https://www.booking.com/hotel/pk/studio-apartment-8th-floor-the-opus-gulberg.en-gb.html?aid=304142&label=gen173nr-10CAQoggJCDWNpdHlfLTI3NjcwNDNICVgEaLUBiAEBmAEzuAEHyAEM2AED6AEB-AEBiAIBqAIBuALBjMLTBsACAdICJDRlYmVmMGVjLTBmMjctNDNkNS05MDQ0LWY2ZTFmMzRjMjI5M9gCAeACAQ&ucfs=1&arphpl=1&checkin=2026-08-06&checkout=2026-08-07&dest_id=-2767043&dest_type=city&group_adults=2&req_adults=2&no_rooms=1&group_children=0&req_children=0&hpos=23&hapos=736&sr_order=popularity&srpvid=7b4f562059d9004c&srepoch=1785759421&all_sr_blocks=1335906602_412420639_2_0_0&highlighted_blocks=1335906602_412420639_2_0_0&matching_block_id=1335906602_412420639_2_0_0&sr_pri_blocks=1335906602_412420639_2_0_0__1909656&from=searchresults,19097,7.5,2.0,"Gulberg, Lahore",6.9,Apartment,1 extra-large double bed,0,1,1,https://cf.bstatic.com/xdata/images/hotel/square240/632460967.webp?k=08b4424d410a41fce70648539215aa4b0b2de253b4090c50194f4f948a418a72&o=,13,Lahore
1 Bed Apartment near Eiffel tower,https://www.booking.com/hotel/pk/1-bed-apartment-near-eiffel-tower.en-gb.html?aid=304142&label=gen173nr-10CAQoggJCDWNpdHlfLTI3NjcwNDNICVgEaLUBiAEBmAEzuAEHyAEM2AED6AEB-AEBiAIBqAIBuALBjMLTBsACAdICJDRlYmVmMGVjLTBmMjctNDNkNS05MDQ0LWY2ZTFmMzRjMjI5M9gCAeACAQ&ucfs=1&arphpl=1&checkin=2026-08-06&checkout=2026-08-07&dest_id=-2767043&dest_type=city&group_adults=2&req_adults=2&no_rooms=1&group_children=0&req_children=0&hpos=24&hapos=737&sr_order=popularity&srpvid=7b4f562059d9004c&srepoch=1785759421&all_sr_blocks=1605051901_431435597_0_0_0&highlighted_blocks=1605051901_431435597_0_0_0&matching_block_id=1605051901_431435597_0_0_0&sr_pri_blocks=1605051901_431435597_0_0_0__858500&from=searchresults,8585,5.5,2.0,Lahore,27.4,One-Bedroom Apartment,1 double bed,0,1,1,https://cf.bstatic.com/xdata/images/hotel/square240/841820243.webp?k=88cec7daf387b79e0454c08da3306f300c432aaea250d09e5c5b3528472b265c&o=,4,Lahore
"Luxury Stay, Chic Design - Comfort & Convenience",https://www.booking.com/hotel/pk/luxury-stay-chic-design-comfort-amp-convenience.en-gb.html?aid=304142&label=gen173nr-10CAQoggJCDWNpdHlfLTI3NjcwNDNICVgEaLUBiAEBmAEzuAEHyAEM2AED6AEB-AEBiAIBqAIBuALBjMLTBsACAdICJDRlYmVmMGVjLTBmMjctNDNkNS05MDQ0LWY2ZTFmMzRjMjI5M9gCAeACAQ&ucfs=1&arphpl=1&checkin=2026-08-06&checkout=2026-08-07&dest_id=-2767043&dest_type=city&group_adults=2&req_adults=2&no_rooms=1&group_children=0&req_children=0&hpos=1&hapos=738&sr_order=popularity&srpvid=7b4f562059d9004c&srepoch=1785759428&all_sr_blocks=1663908001_438258168_2_0_0&highlighted_blocks=1663908001_438258168_2_0_0&matching_block_id=1663908001_438258168_2_0_0&sr_pri_blocks=1663908001_438258168_2_0_0__1088000&from=searchresults,10880,,,"Gulberg, Lahore",5.7,Two-Bedroom Apartment,1 extra-large double bed,0,1,1,https://cf.bstatic.com/xdata/images/hotel/square240/881285319.webp?k=83a38ed61ceec61cde499b556deb23df2dd3a1b5eac010a6a262ac248041f9b8&o=,6,Lahore
EXECUTIVE STUDIO - PentaSquare,https://www.booking.com/hotel/pk/executive-studio-pentasquare-lahore2.en-gb.html?aid=304142&label=gen173nr-10CAQoggJCDWNpdHlfLTI3NjcwNDNICVgEaLUBiAEBmAEzuAEHyAEM2AED6AEB-AEBiAIBqAIBuALBjMLTBsACAdICJDRlYmVmMGVjLTBmMjctNDNkNS05MDQ0LWY2ZTFmMzRjMjI5M9gCAeACAQ&ucfs=1&arphpl=1&checkin=2026-08-06&checkout=2026-08-07&dest_id=-2767043&dest_type=city&group_adults=2&req_adults=2&no_rooms=1&group_children=0&req_children=0&hpos=2&hapos=739&sr_order=popularity&srpvid=7b4f562059d9004c&srepoch=1785759428&all_sr_blocks=1653318101_437282767_2_0_0&highlighted_blocks=1653318101_437282767_2_0_0&matching_block_id=1653318101_437282767_2_0_0&sr_pri_blocks=1653318101_437282767_2_0_0__926640&from=searchresults,9266,,,Lahore,14.2,One-Bedroom Apartment,1 double bed,0,0,0,https://cf.bstatic.com/xdata/images/hotel/square240/873738809.webp?k=1c946459367d34f1da7185973613050f624a6822b142414e0f8f92f255c1a886&o=,11,Lahore
Royal Three Bed Villa Full House Dha 6 Lahore,https://www.booking.com/hotel/pk/awsomeness-properties.en-gb.html?aid=304142&label=gen173nr-10CAQoggJCDWNpdHlfLTI3NjcwNDNICVgEaLUBiAEBmAEzuAEHyAEM2AED6AEB-AEBiAIBqAIBuALBjMLTBsACAdICJDRlYmVmMGVjLTBmMjctNDNkNS05MDQ0LWY2ZTFmMzRjMjI5M9gCAeACAQ&ucfs=1&arphpl=1&checkin=2026-08-06&checkout=2026-08-07&dest_id=-2767043&dest_type=city&group_adults=2&req_adults=2&no_rooms=1&group_children=0&req_children=0&hpos=3&hapos=740&sr_order=popularity&srpvid=7b4f562059d9004c&srepoch=1785759428&all_sr_blocks=649229701_265856813_0_0_0&highlighted_blocks=649229701_265856813_0_0_0&matching_block_id=649229701_265856813_0_0_0&sr_pri_blocks=649229701_265856813_0_0_0__1700000&from=searchresults,17000,7.0,5.0,Lahore,16.6,Three-Bedroom Villa,"4 beds (1 extra-large double, 1 sofa bed, 2 large doubles)",0,0,0,https://cf.bstatic.com/xdata/images/hotel/square240/257445487.webp?k=d254d8ed94cadf8d03dbd205efcd374d1e0c88ce25ec4dd45162998e0f26f271&o=,3,Lahore
AA Loft,https://www.booking.com/hotel/pk/aa-loft-lahore.en-gb.html?aid=304142&label=gen173nr-10CAQoggJCDWNpdHlfLTI3NjcwNDNICVgEaLUBiAEBmAEzuAEHyAEM2AED6AEB-AEBiAIBqAIBuALBjMLTBsACAdICJDRlYmVmMGVjLTBmMjctNDNkNS05MDQ0LWY2ZTFmMzRjMjI5M9gCAeACAQ&ucfs=1&arphpl=1&checkin=2026-08-06&checkout=2026-08-07&dest_id=-2767043&dest_type=city&group_adults=2&req_adults=2&no_rooms=1&group_children=0&req_children=0&hpos=4&hapos=741&sr_order=popularity&srpvid=7b4f562059d9004c&srepoch=1785759428&all_sr_blocks=1487693701_420240721_2_0_0&highlighted_blocks=1487693701_420240721_2_0_0&matching_block_id=1487693701_420240721_2_0_0&sr_pri_blocks=1487693701_420240721_2_0_0__648000&from=searchresults,6480,7.0,3.0,Lahore,18.8,One-Bedroom House,"3 beds (1 double, 2 sofa beds)",0,1,1,https://cf.bstatic.com/xdata/images/hotel/square240/757488062.webp?k=eda027c421d4261b5fe98f5870c7c0bf39b3d14744541628472b8406f2d1b816&o=,4,Lahore
DHA Lahore full house Near airport and Raya golf,https://www.booking.com/hotel/pk/dha-lahore-full-house-near-airport-and-raya-golf.en-gb.html?aid=304142&label=gen173nr-10CAQoggJCDWNpdHlfLTI3NjcwNDNICVgEaLUBiAEBmAEzuAEHyAEM2AED6AEB-AEBiAIBqAIBuALBjMLTBsACAdICJDRlYmVmMGVjLTBmMjctNDNkNS05MDQ0LWY2ZTFmMzRjMjI5M9gCAeACAQ&ucfs=1&arphpl=1&checkin=2026-08-06&checkout=2026-08-07&dest_id=-2767043&dest_type=city&group_adults=2&req_adults=2&no_rooms=1&group_children=0&req_children=0&hpos=5&hapos=742&sr_order=popularity&srpvid=7b4f562059d9004c&srepoch=1785759428&all_sr_blocks=1552521301_427340712_6_0_0&highlighted_blocks=1552521301_427340712_6_0_0&matching_block_id=1552521301_427340712_6_0_0&sr_pri_blocks=1552521301_427340712_6_0_0__2050000&from=searchresults,20500,,,Lahore,10.8,One-Bedroom House,"4 beds (3 extra-large doubles, 1 sofa bed)",0,0,1,https://cf.bstatic.com/xdata/images/hotel/square240/798667099.webp?k=e6b3359d266ead7ac10b12e91685d8b60d89ff04870c5f61f757739953485a91&o=,3,Lahore
Sam lounges,https://www.booking.com/hotel/pk/sam-lounges.en-gb.html?aid=304142&label=gen173nr-10CAQoggJCDWNpdHlfLTI3NjcwNDNICVgEaLUBiAEBmAEzuAEHyAEM2AED6AEB-AEBiAIBqAIBuALBjMLTBsACAdICJDRlYmVmMGVjLTBmMjctNDNkNS05MDQ0LWY2ZTFmMzRjMjI5M9gCAeACAQ&ucfs=1&arphpl=1&checkin=2026-08-06&checkout=2026-08-07&dest_id=-2767043&dest_type=city&group_adults=2&req_adults=2&no_rooms=1&group_children=0&req_children=0&hpos=6&hapos=743&sr_order=popularity&srpvid=7b4f562059d9004c&srepoch=1785759428&all_sr_blocks=1671262301_438902712_2_1_0&highlighted_blocks=1671262301_438902712_2_1_0&matching_block_id=1671262301_438902712_2_1_0&sr_pri_blocks=1671262301_438902712_2_1_0__646000&from=searchresults,6460,,,Lahore,8.1,One-Bedroom Apartment,"2 beds (1 double, 1 sofa bed)",1,1,1,https://cf.bstatic.com/xdata/images/hotel/square240/886014590.webp?k=789fded13dd7e56f90e4b3428f66ccee213d774d240623848d431cd771af4f19&o=,5,Lahore
Executive Suite,https://www.booking.com/hotel/pk/executive-suite-lahore1.en-gb.html?aid=304142&label=gen173nr-10CAQoggJCDWNpdHlfLTI3NjcwNDNICVgEaLUBiAEBmAEzuAEHyAEM2AED6AEB-AEBiAIBqAIBuALBjMLTBsACAdICJDRlYmVmMGVjLTBmMjctNDNkNS05MDQ0LWY2ZTFmMzRjMjI5M9gCAeACAQ&ucfs=1&arphpl=1&checkin=2026-08-06&checkout=2026-08-07&dest_id=-2767043&dest_type=city&group_adults=2&req_adults=2&no_rooms=1&group_children=0&req_children=0&hpos=7&hapos=744&sr_order=popularity&srpvid=7b4f562059d9004c&srepoch=1785759428&all_sr_blocks=1510844701_422841297_2_0_0&highlighted_blocks=1510844701_422841297_2_0_0&matching_block_id=1510844701_422841297_2_0_0&sr_pri_blocks=1510844701_422841297_2_0_0__1400000&from=searchresults,14000,,,Lahore,11.1,Deluxe King Studio,1 extra-large double bed,0,1,1,https://cf.bstatic.com/xdata/images/hotel/square240/858114698.webp?k=ca4523d075483135b50797528b44a07914aebb0964a8112bc6c89a4888feb33a&o=,4,Lahore
Basraa Guest House,https://www.booking.com/hotel/pk/basraa-guest-house-lahore1.en-gb.html?aid=304142&label=gen173nr-10CAQoggJCDWNpdHlfLTI3NjcwNDNICVgEaLUBiAEBmAEzuAEHyAEM2AED6AEB-AEBiAIBqAIBuALBjMLTBsACAdICJDRlYmVmMGVjLTBmMjctNDNkNS05MDQ0LWY2ZTFmMzRjMjI5M9gCAeACAQ&ucfs=1&arphpl=1&checkin=2026-08-06&checkout=2026-08-07&dest_id=-2767043&dest_type=city&group_adults=2&req_adults=2&no_rooms=1&group_children=0&req_children=0&hpos=8&hapos=745&sr_order=popularity&srpvid=7b4f562059d9004c&srepoch=1785759428&all_sr_blocks=1566274102_427742766_2_0_0&highlighted_blocks=1566274102_427742766_2_0_0&matching_block_id=1566274102_427742766_2_0_0&sr_pri_blocks=1566274102_427742766_2_0_0__500000&from=searchresults,5000,,,Lahore,16.7,Double Room,1 large double bed,0,1,1,https://cf.bstatic.com/xdata/images/hotel/square240/810272855.webp?k=6a85a6ffbf6f1c0474cc19899ac21ea560961f32a424549399e21152284995ef&o=,4,Lahore
GoldCrib Presidential Penthouse,https://www.booking.com/hotel/pk/goldcrib-presidential-penthouse.en-gb.html?aid=304142&label=gen173nr-10CAQoggJCDWNpdHlfLTI3NjcwNDNICVgEaLUBiAEBmAEzuAEHyAEM2AED6AEB-AEBiAIBqAIBuALBjMLTBsACAdICJDRlYmVmMGVjLTBmMjctNDNkNS05MDQ0LWY2ZTFmMzRjMjI5M9gCAeACAQ&ucfs=1&arphpl=1&checkin=2026-08-06&checkout=2026-08-07&dest_id=-2767043&dest_type=city&group_adults=2&req_adults=2&no_rooms=1&group_children=0&req_children=0&hpos=9&hapos=746&sr_order=popularity&srpvid=7b4f562059d9004c&srepoch=1785759428&all_sr_blocks=1691755701_440830218_2_0_0&highlighted_blocks=1691755701_440830218_2_0_0&matching_block_id=1691755701_440830218_2_0_0&sr_pri_blocks=1691755701_440830218_2_0_0__1734000&from=searchresults,17340,,,Lahore,26.3,Two-Bedroom Apartment with Balcony and Terrace,"6 beds (1 double, 1 extra-large double, 2 sofa beds, 2 futons)",0,1,1,https://cf.bstatic.com/xdata/images/hotel/square240/897260993.webp?k=1164076b2b27001046b817bded01f36517cbfcea040de718cd3ffe117e344f6b&o=,6,Lahore
Room,https://www.booking.com/hotel/pk/room-lahore2.en-gb.html?aid=304142&label=gen173nr-10CAQoggJCDWNpdHlfLTI3NjcwNDNICVgEaLUBiAEBmAEzuAEHyAEM2AED6AEB-AEBiAIBqAIBuALBjMLTBsACAdICJDRlYmVmMGVjLTBmMjctNDNkNS05MDQ0LWY2ZTFmMzRjMjI5M9gCAeACAQ&ucfs=1&arphpl=1&checkin=2026-08-06&checkout=2026-08-07&dest_id=-2767043&dest_type=city&group_adults=2&req_adults=2&no_rooms=1&group_children=0&req_children=0&hpos=10&hapos=747&sr_order=popularity&srpvid=7b4f562059d9004c&srepoch=1785759428&all_sr_blocks=1620171901_432843137_2_0_0&highlighted_blocks=1620171901_432843137_2_0_0&matching_block_id=1620171901_432843137_2_0_0&sr_pri_blocks=1620171901_432843137_2_0_0__585000&from=searchresults,5850,,,"Johar Town, Lahore",12.4,One-Bedroom Apartment,1 double bed,0,1,1,https://cf.bstatic.com/xdata/images/hotel/square240/855462545.webp?k=35f53604796a8cb73c61924cd0dc6502fd6dd192fd49a791ab2133927f05f50c&o=,4,Lahore
Indigo Platinum Luxurious Apartments Gulberg - LMY Residency Lahore,https://www.booking.com/hotel/pk/fydgdf.en-gb.html?aid=304142&label=gen173nr-10CAQoggJCDWNpdHlfLTI3NjcwNDNICVgEaLUBiAEBmAEzuAEHyAEM2AED6AEB-AEBiAIBqAIBuALBjMLTBsACAdICJDRlYmVmMGVjLTBmMjctNDNkNS05MDQ0LWY2ZTFmMzRjMjI5M9gCAeACAQ&ucfs=1&arphpl=1&checkin=2026-08-06&checkout=2026-08-07&dest_id=-2767043&dest_type=city&group_adults=2&req_adults=2&no_rooms=1&group_children=0&req_children=0&hpos=11&hapos=748&sr_order=popularity&srpvid=7b4f562059d9004c&srepoch=1785759428&all_sr_blocks=1607162402_431656807_2_1_0&highlighted_blocks=1607162402_431656807_2_1_0&matching_block_id=1607162402_431656807_2_1_0&sr_pri_blocks=1607162402_431656807_2_1_0__2400000&from=searchresults,24000,,,"Gulberg, Lahore",6.7,Superior Studio,1 double bed,1,1,1,https://cf.bstatic.com/xdata/images/hotel/square240/872590367.webp?k=4ee6b5a421304661d82bb5ac029c978dbbb57ae961696f27d90754f30d96b34c&o=,13,Lahore
Stylish Furnished Home in Lahore Near Wapda Town,https://www.booking.com/hotel/pk/stylish-furnished-home-in-lahore-near-wapda-town.en-gb.html?aid=304142&label=gen173nr-10CAQoggJCDWNpdHlfLTI3NjcwNDNICVgEaLUBiAEBmAEzuAEHyAEM2AED6AEB-AEBiAIBqAIBuALBjMLTBsACAdICJDRlYmVmMGVjLTBmMjctNDNkNS05MDQ0LWY2ZTFmMzRjMjI5M9gCAeACAQ&ucfs=1&arphpl=1&checkin=2026-08-06&checkout=2026-08-07&dest_id=-2767043&dest_type=city&group_adults=2&req_adults=2&no_rooms=1&group_children=0&req_children=0&hpos=12&hapos=749&sr_order=popularity&srpvid=7b4f562059d9004c&srepoch=1785759428&all_sr_blocks=1524805201_424123162_11_0_0&highlighted_blocks=1524805201_424123162_11_0_0&matching_block_id=1524805201_424123162_11_0_0&sr_pri_blocks=1524805201_424123162_11_0_0__2762100&from=searchresults,27621,,,Lahore,13.9,Two-Bedroom House,"8 beds (1 single, 3 extra-large doubles, 1 bunk bed, 3 sofa beds)",0,0,0,https://cf.bstatic.com/xdata/images/hotel/square240/778886771.webp?k=110176ac5db47d0d06336d003ea75ffd1374270e789a58106eab94a0403df657&o=,10,Lahore
Ark Appartment,https://www.booking.com/hotel/pk/ark-appartment.en-gb.html?aid=304142&label=gen173nr-10CAQoggJCDWNpdHlfLTI3NjcwNDNICVgEaLUBiAEBmAEzuAEHyAEM2AED6AEB-AEBiAIBqAIBuALBjMLTBsACAdICJDRlYmVmMGVjLTBmMjctNDNkNS05MDQ0LWY2ZTFmMzRjMjI5M9gCAeACAQ&ucfs=1&arphpl=1&checkin=2026-08-06&checkout=2026-08-07&dest_id=-2767043&dest_type=city&group_adults=2&req_adults=2&no_rooms=1&group_children=0&req_children=0&hpos=13&hapos=750&sr_order=popularity&srpvid=7b4f562059d9004c&srepoch=1785759428&all_sr_blocks=1577646501_428871654_2_0_0&highlighted_blocks=1577646501_428871654_2_0_0&matching_block_id=1577646501_428871654_2_0_0&sr_pri_blocks=1577646501_428871654_2_0_0__490000&from=searchresults,4900,,,Lahore,13.8,One-Bedroom Apartment,1 double bed,0,1,1,https://cf.bstatic.com/xdata/images/hotel/square240/819900825.webp?k=75ba7aba3d2e42421d41c879cdf8ef02fa5a040cd315553058551a4d54ab77e1&o=,4,Lahore
Modern 1BHK Apartment by LuxeLiv,https://www.booking.com/hotel/pk/modern-1bhk-apartment-by-luxeliv.en-gb.html?aid=304142&label=gen173nr-10CAQoggJCDWNpdHlfLTI3NjcwNDNICVgEaLUBiAEBmAEzuAEHyAEM2AED6AEB-AEBiAIBqAIBuALBjMLTBsACAdICJDRlYmVmMGVjLTBmMjctNDNkNS05MDQ0LWY2ZTFmMzRjMjI5M9gCAeACAQ&ucfs=1&arphpl=1&checkin=2026-08-06&checkout=2026-08-07&dest_id=-2767043&dest_type=city&group_adults=2&req_adults=2&no_rooms=1&group_children=0&req_children=0&hpos=14&hapos=751&sr_order=popularity&srpvid=7b4f562059d9004c&srepoch=1785759428&all_sr_blocks=1453429901_416680734_2_0_0&highlighted_blocks=1453429901_416680734_2_0_0&matching_block_id=1453429901_416680734_2_0_0&sr_pri_blocks=1453429901_416680734_2_0_0__1530000&from=searchresults,15300,1.0,1.0,Lahore,18.7,One-Bedroom Apartment,"3 beds (1 double, 2 sofa beds)",0,1,1,https://cf.bstatic.com/xdata/images/hotel/square240/710794274.webp?k=f171ae89eb3f379c1a3ab5f8f912f197f6688e75126f1aa61e9b5912308bc8b8&o=,4,Lahore
Stayora Apartments,https://www.booking.com/hotel/pk/stayora-apartments.en-gb.html?aid=304142&label=gen173nr-10CAQoggJCDWNpdHlfLTI3NjcwNDNICVgEaLUBiAEBmAEzuAEHyAEM2AED6AEB-AEBiAIBqAIBuALBjMLTBsACAdICJDRlYmVmMGVjLTBmMjctNDNkNS05MDQ0LWY2ZTFmMzRjMjI5M9gCAeACAQ&ucfs=1&arphpl=1&checkin=2026-08-06&checkout=2026-08-07&dest_id=-2767043&dest_type=city&group_adults=2&req_adults=2&no_rooms=1&group_children=0&req_children=0&hpos=15&hapos=752&sr_order=popularity&srpvid=7b4f562059d9004c&srepoch=1785759428&all_sr_blocks=1644730201_434564133_2_0_0&highlighted_blocks=1644730201_434564133_2_0_0&matching_block_id=1644730201_434564133_2_0_0&sr_pri_blocks=1644730201_434564133_2_0_0__850000&from=searchresults,8500,,,Lahore,28.1,One-Bedroom Apartment,"2 beds (1 double, 1 sofa bed)",0,1,1,https://cf.bstatic.com/xdata/images/hotel/square240/869268319.webp?k=2e413116f5de6837a5cce8f7597812c59b243f21d7142ea988659413010f6254&o=,5,Lahore
Penta Square Apartments,https://www.booking.com/hotel/pk/penta-square-apartments-lahore5.en-gb.html?aid=304142&label=gen173nr-10CAQoggJCDWNpdHlfLTI3NjcwNDNICVgEaLUBiAEBmAEzuAEHyAEM2AED6AEB-AEBiAIBqAIBuALBjMLTBsACAdICJDRlYmVmMGVjLTBmMjctNDNkNS05MDQ0LWY2ZTFmMzRjMjI5M9gCAeACAQ&ucfs=1&arphpl=1&checkin=2026-08-06&checkout=2026-08-07&dest_id=-2767043&dest_type=city&group_adults=2&req_adults=2&no_rooms=1&group_children=0&req_children=0&hpos=16&hapos=753&sr_order=popularity&srpvid=7b4f562059d9004c&srepoch=1785759428&all_sr_blocks=1604032001_431413411_3_0_0&highlighted_blocks=1604032001_431413411_3_0_0&matching_block_id=1604032001_431413411_3_0_0&sr_pri_blocks=1604032001_431413411_3_0_0__1710000&from=searchresults,17100,,,Lahore,14.3,One-Bedroom Apartment,"2 beds (1 extra-large double, 1 sofa bed)",0,0,1,https://cf.bstatic.com/xdata/images/hotel/square240/841119490.webp?k=8e4f051aa7a99ea402dc76faa382c4b4a24e4dd1f2b25524c5f08bc90fba732e&o=,3,Lahore
The Charcoal Suite Stylish 2BR at Opus,https://www.booking.com/hotel/pk/the-charcoal-suite-stylish-2br-at-opus.en-gb.html?aid=304142&label=gen173nr-10CAQoggJCDWNpdHlfLTI3NjcwNDNICVgEaLUBiAEBmAEzuAEHyAEM2AED6AEB-AEBiAIBqAIBuALBjMLTBsACAdICJDRlYmVmMGVjLTBmMjctNDNkNS05MDQ0LWY2ZTFmMzRjMjI5M9gCAeACAQ&ucfs=1&arphpl=1&checkin=2026-08-06&checkout=2026-08-07&dest_id=-2767043&dest_type=city&group_adults=2&req_adults=2&no_rooms=1&group_children=0&req_children=0&hpos=17&hapos=754&sr_order=popularity&srpvid=7b4f562059d9004c&srepoch=1785759428&all_sr_blocks=1686412701_440280921_4_0_0&highlighted_blocks=1686412701_440280921_4_0_0&matching_block_id=1686412701_440280921_4_0_0&sr_pri_blocks=1686412701_440280921_4_0_0__1855094&from=searchresults,18551,,,"Gulberg, Lahore",6.9,Two-Bedroom Apartment,2 large double beds,0,1,1,https://cf.bstatic.com/xdata/images/hotel/square240/893919318.webp?k=20ec95529cf2fc259e3697d1db788d222de5e7e85b495e3c56be2f298b59c209&o=,5,Lahore
Vintage Penthouse One-Bedroom Apartment Located in Goldcrest Mall and Residency,https://www.booking.com/hotel/pk/vintage-penthouse-one-bedroom-apartment-located-in-goldcrest-mall-and-residency.en-gb.html?aid=304142&label=gen173nr-10CAQoggJCDWNpdHlfLTI3NjcwNDNICVgEaLUBiAEBmAEzuAEHyAEM2AED6AEB-AEBiAIBqAIBuALBjMLTBsACAdICJDRlYmVmMGVjLTBmMjctNDNkNS05MDQ0LWY2ZTFmMzRjMjI5M9gCAeACAQ&ucfs=1&arphpl=1&checkin=2026-08-06&checkout=2026-08-07&dest_id=-2767043&dest_type=city&group_adults=2&req_adults=2&no_rooms=1&group_children=0&req_children=0&hpos=18&hapos=755&sr_order=popularity&srpvid=7b4f562059d9004c&srepoch=1785759428&all_sr_blocks=1653621501_437317898_3_0_0&highlighted_blocks=1653621501_437317898_3_0_0&matching_block_id=1653621501_437317898_3_0_0&sr_pri_blocks=1653621501_437317898_3_0_0__1692811&from=searchresults,16928,,,Lahore,12.1,One-Bedroom Apartment,1 extra-large double bed,0,0,0,https://cf.bstatic.com/xdata/images/hotel/square240/874051539.webp?k=25dfad5dbb37113f6a6a663cef8fdc90dbbfb686d179d4ee151bbe3ad9aa7a0f&o=,10,Lahore
Stayluxe Homes-1 Bedroom Apartment-Penta Square-DHA,https://www.booking.com/hotel/pk/stayluxe-homes-1-bedroom-apartment-penta-square-dha.en-gb.html?aid=304142&label=gen173nr-10CAQoggJCDWNpdHlfLTI3NjcwNDNICVgEaLUBiAEBmAEzuAEHyAEM2AED6AEB-AEBiAIBqAIBuALBjMLTBsACAdICJDRlYmVmMGVjLTBmMjctNDNkNS05MDQ0LWY2ZTFmMzRjMjI5M9gCAeACAQ&ucfs=1&arphpl=1&checkin=2026-08-06&checkout=2026-08-07&dest_id=-2767043&dest_type=city&group_adults=2&req_adults=2&no_rooms=1&group_children=0&req_children=0&hpos=19&hapos=756&sr_order=popularity&srpvid=7b4f562059d9004c&srepoch=1785759428&all_sr_blocks=1370517401_409270000_2_0_0&highlighted_blocks=1370517401_409270000_2_0_0&matching_block_id=1370517401_409270000_2_0_0&sr_pri_blocks=1370517401_409270000_2_0_0__1215000&from=searchresults,12150,,,Lahore,14.2,One-Bedroom Apartment,"2 beds (1 double, 1 sofa bed)",0,0,1,https://cf.bstatic.com/xdata/images/hotel/square240/653834876.webp?k=270a381c9fb2da9c5d06c34c144e77a3eed65f404571e44ff41dbc7acc8e2ed5&o=,3,Lahore
2 Bedroom Apartment in Bahria town Lahore,https://www.booking.com/hotel/pk/2-bedroom-apartment-in-bahria-town-lahore.en-gb.html?aid=304142&label=gen173nr-10CAQoggJCDWNpdHlfLTI3NjcwNDNICVgEaLUBiAEBmAEzuAEHyAEM2AED6AEB-AEBiAIBqAIBuALBjMLTBsACAdICJDRlYmVmMGVjLTBmMjctNDNkNS05MDQ0LWY2ZTFmMzRjMjI5M9gCAeACAQ&ucfs=1&arphpl=1&checkin=2026-08-06&checkout=2026-08-07&dest_id=-2767043&dest_type=city&group_adults=2&req_adults=2&no_rooms=1&group_children=0&req_children=0&hpos=20&hapos=757&sr_order=popularity&srpvid=7b4f562059d9004c&srepoch=1785759428&all_sr_blocks=1696287401_441318555_4_0_0&highlighted_blocks=1696287401_441318555_4_0_0&matching_block_id=1696287401_441318555_4_0_0&sr_pri_blocks=1696287401_441318555_4_0_0__1360000&from=searchresults,13600,,,Lahore,25.8,Two-Bedroom Apartment,"2 beds (1 double, 1 large double)",0,1,1,https://cf.bstatic.com/xdata/images/hotel/square240/900347273.webp?k=8f730dfd9421753b06689579955ea9e31ae75d047a4852ab59878ec5a8f45ffe&o=,5,Lahore
Goldcrest Luxury Apartment 2BHK DHA Phase 4 Lahore by Marco Polo,https://www.booking.com/hotel/pk/2-bed-luxurious-golden-hour-apartment-goldcrest-dha-phase-4-lahore-by-marco-polo.en-gb.html?aid=304142&label=gen173nr-10CAQoggJCDWNpdHlfLTI3NjcwNDNICVgEaLUBiAEBmAEzuAEHyAEM2AED6AEB-AEBiAIBqAIBuALBjMLTBsACAdICJDRlYmVmMGVjLTBmMjctNDNkNS05MDQ0LWY2ZTFmMzRjMjI5M9gCAeACAQ&ucfs=1&arphpl=1&checkin=2026-08-06&checkout=2026-08-07&dest_id=-2767043&dest_type=city&group_adults=2&req_adults=2&no_rooms=1&group_children=0&req_children=0&hpos=21&hapos=758&sr_order=popularity&srpvid=7b4f562059d9004c&srepoch=1785759428&all_sr_blocks=1493021801_420945684_6_0_0&highlighted_blocks=1493021801_420945684_6_0_0&matching_block_id=1493021801_420945684_6_0_0&sr_pri_blocks=1493021801_420945684_6_0_0__2800000&from=searchresults,28000,,,Lahore,12.1,Three-Bedroom Apartment,"4 beds (2 sofa beds, 2 large doubles)",0,1,1,https://cf.bstatic.com/xdata/images/hotel/square240/759835899.webp?k=b9b0c50b355d2bcc12f52e9eb9f5c5afdc3aa7ee25e542219f4e1b7e535d7542&o=,4,Lahore
Hashmi's House,https://www.booking.com/hotel/pk/hashmis-house.en-gb.html?aid=304142&label=gen173nr-10CAQoggJCDWNpdHlfLTI3NjcwNDNICVgEaLUBiAEBmAEzuAEHyAEM2AED6AEB-AEBiAIBqAIBuALBjMLTBsACAdICJDRlYmVmMGVjLTBmMjctNDNkNS05MDQ0LWY2ZTFmMzRjMjI5M9gCAeACAQ&ucfs=1&arphpl=1&checkin=2026-08-06&checkout=2026-08-07&dest_id=-2767043&dest_type=city&group_adults=2&req_adults=2&no_rooms=1&group_children=0&req_children=0&hpos=22&hapos=759&sr_order=popularity&srpvid=7b4f562059d9004c&srepoch=1785759428&all_sr_blocks=1674579901_439219414_6_0_0&highlighted_blocks=1674579901_439219414_6_0_0&matching_block_id=1674579901_439219414_6_0_0&sr_pri_blocks=1674579901_439219414_6_0_0__1700000&from=searchresults,17000,,,Lahore,14.9,Two-Bedroom Apartment,"5 beds (2 doubles, 1 extra-large double, 1 sofa bed, 1 large double)",0,1,1,https://cf.bstatic.com/xdata/images/hotel/square240/887881443.webp?k=adb26892cee53885da6c865791448c3d75714a6b8fcf00e85639f8e24564141c&o=,5,Lahore
Model Apartment No 30,https://www.booking.com/hotel/pk/model-apartment-no-30-lahore.en-gb.html?aid=304142&label=gen173nr-10CAQoggJCDWNpdHlfLTI3NjcwNDNICVgEaLUBiAEBmAEzuAEHyAEM2AED6AEB-AEBiAIBqAIBuALBjMLTBsACAdICJDRlYmVmMGVjLTBmMjctNDNkNS05MDQ0LWY2ZTFmMzRjMjI5M9gCAeACAQ&ucfs=1&arphpl=1&checkin=2026-08-06&checkout=2026-08-07&dest_id=-2767043&dest_type=city&group_adults=2&req_adults=2&no_rooms=1&group_children=0&req_children=0&hpos=23&hapos=760&sr_order=popularity&srpvid=7b4f562059d9004c&srepoch=1785759428&all_sr_blocks=1497011901_421382852_2_0_0&highlighted_blocks=1497011901_421382852_2_0_0&matching_block_id=1497011901_421382852_2_0_0&sr_pri_blocks=1497011901_421382852_2_0_0__424620&from=searchresults,4246,,,"Johar Town, Lahore",10.1,One-Bedroom Apartment,1 extra-large double bed,0,1,1,https://cf.bstatic.com/xdata/images/hotel/square240/750908521.webp?k=56b259f09f2af7b942268cd48e7170f169ac828ac4fcc5ccb192419a8db7a3d8&o=,4,Lahore
Gold CREST Apartments,https://www.booking.com/hotel/pk/gold-crest-apartments-lahore18.en-gb.html?aid=304142&label=gen173nr-10CAQoggJCDWNpdHlfLTI3NjcwNDNICVgEaLUBiAEBmAEzuAEHyAEM2AED6AEB-AEBiAIBqAIBuALBjMLTBsACAdICJDRlYmVmMGVjLTBmMjctNDNkNS05MDQ0LWY2ZTFmMzRjMjI5M9gCAeACAQ&ucfs=1&arphpl=1&checkin=2026-08-06&checkout=2026-08-07&dest_id=-2767043&dest_type=city&group_adults=2&req_adults=2&no_rooms=1&group_children=0&req_children=0&hpos=24&hapos=761&sr_order=popularity&srpvid=7b4f562059d9004c&srepoch=1785759428&all_sr_blocks=1509676601_422724911_2_0_0&highlighted_blocks=1509676601_422724911_2_0_0&matching_block_id=1509676601_422724911_2_0_0&sr_pri_blocks=1509676601_422724911_2_0_0__1538919&from=searchresults,15389,,,Lahore,12.1,One-Bedroom Apartment,"2 beds (1 double, 1 sofa bed)",0,1,1,https://cf.bstatic.com/xdata/images/hotel/square240/763008326.webp?k=492db508ef11b8abebb58fcac3c9d72866baae1bd748e642b38de8306199bd4a&o=,5,Lahore
Casa Reina Luxury Apartments Gulberg Lahore- Penthouse,https://www.booking.com/hotel/pk/casa-reina-gulberg-lahore-penthouse.en-gb.html?aid=304142&label=gen173nr-10CAQoggJCDWNpdHlfLTI3NjcwNDNICVgEaLUBiAEBmAEzuAEHyAEM2AED6AEB-AEBiAIBqAIBuALBjMLTBsACAdICJDRlYmVmMGVjLTBmMjctNDNkNS05MDQ0LWY2ZTFmMzRjMjI5M9gCAeACAQ&ucfs=1&arphpl=1&checkin=2026-08-06&checkout=2026-08-07&dest_id=-2767043&dest_type=city&group_adults=2&req_adults=2&no_rooms=1&group_children=0&req_children=0&hpos=25&hapos=762&sr_order=popularity&srpvid=7b4f562059d9004c&srepoch=1785759428&all_sr_blocks=1246140201_396817274_0_0_0_582368&highlighted_blocks=1246140201_396817274_0_0_0_582368&matching_block_id=1246140201_396817274_0_0_0_582368&sr_pri_blocks=1246140201_396817274_0_0_0_582368_2828000&from=searchresults,28280,,,"Gulberg, Lahore",6.0,Penthouse Apartment,"5 beds (2 sofa beds, 3 large doubles)",0,1,1,https://cf.bstatic.com/xdata/images/hotel/square240/584216377.webp?k=8edfbede59ff88b95a346e6d6f59c9694341cb0a0a9e4855030d7902d772dc0a&o=,4,Lahore
Demure Apartments Modern Comfort Studio Royal Stay,https://www.booking.com/hotel/pk/demure-stylish-studio-centre-of-gulberg.en-gb.html?aid=304142&label=gen173nr-10CAQoggJCDWNpdHlfLTI3NjcwNDNICVgEaLUBiAEBmAEzuAEHyAEM2AED6AEB-AEBiAIBqAIBuALBjMLTBsACAdICJDRlYmVmMGVjLTBmMjctNDNkNS05MDQ0LWY2ZTFmMzRjMjI5M9gCAeACAQ&ucfs=1&arphpl=1&checkin=2026-08-06&checkout=2026-08-07&dest_id=-2767043&dest_type=city&group_adults=2&req_adults=2&no_rooms=1&group_children=0&req_children=0&hpos=1&hapos=763&sr_order=popularity&srpvid=7b4f562059d9004c&srepoch=1785759436&all_sr_blocks=1581083201_429208364_2_0_0&highlighted_blocks=1581083201_429208364_2_0_0&matching_block_id=1581083201_429208364_2_0_0&sr_pri_blocks=1581083201_429208364_2_0_0__966000&from=searchresults,9660,,,"Gulberg, Lahore",6.8,King Studio with Sofa Bed,King Studio with Sofa Bed,0,1,1,https://cf.bstatic.com/xdata/images/hotel/square240/848796483.webp?k=d3764b3967559b06bb8fb6bb2761f9648a776a1a465eb0e779740bcdd037877d&o=,5,Lahore
"The Marble Suite, 2 BHK, Gulberg 3, Self Check in , Lahore",https://www.booking.com/hotel/pk/the-marble-suite-2-bhk-gulberg-3-self-check-in-lahore.en-gb.html?aid=304142&label=gen173nr-10CAQoggJCDWNpdHlfLTI3NjcwNDNICVgEaLUBiAEBmAEzuAEHyAEM2AED6AEB-AEBiAIBqAIBuALBjMLTBsACAdICJDRlYmVmMGVjLTBmMjctNDNkNS05MDQ0LWY2ZTFmMzRjMjI5M9gCAeACAQ&ucfs=1&arphpl=1&checkin=2026-08-06&checkout=2026-08-07&dest_id=-2767043&dest_type=city&group_adults=2&req_adults=2&no_rooms=1&group_children=0&req_children=0&hpos=2&hapos=764&sr_order=popularity&srpvid=7b4f562059d9004c&srepoch=1785759436&all_sr_blocks=1610472401_431960615_5_0_0&highlighted_blocks=1610472401_431960615_5_0_0&matching_block_id=1610472401_431960615_5_0_0&sr_pri_blocks=1610472401_431960615_5_0_0__2025000&from=searchresults,20250,,,"Gulberg, Lahore",7.2,Two-Bedroom Apartment,1 double bed,0,1,1,https://cf.bstatic.com/xdata/images/hotel/square240/846281064.webp?k=96caee3d783be1431a0e52163f1101abbab07943a51090a049ee0e73a90c9969&o=,4,Lahore
Vactional villa Guest House Dha Phase 6 Lahore,https://www.booking.com/hotel/pk/furnished-portion-dha-lahore.en-gb.html?aid=304142&label=gen173nr-10CAQoggJCDWNpdHlfLTI3NjcwNDNICVgEaLUBiAEBmAEzuAEHyAEM2AED6AEB-AEBiAIBqAIBuALBjMLTBsACAdICJDRlYmVmMGVjLTBmMjctNDNkNS05MDQ0LWY2ZTFmMzRjMjI5M9gCAeACAQ&ucfs=1&arphpl=1&checkin=2026-08-06&checkout=2026-08-07&dest_id=-2767043&dest_type=city&group_adults=2&req_adults=2&no_rooms=1&group_children=0&req_children=0&hpos=3&hapos=765&sr_order=popularity&srpvid=7b4f562059d9004c&srepoch=1785759436&all_sr_blocks=585054201_279685808_2_0_0&highlighted_blocks=585054201_279685808_2_0_0&matching_block_id=585054201_279685808_2_0_0&sr_pri_blocks=585054201_279685808_2_0_0__825000&from=searchresults,8250,10,1.0,Lahore,16.6,Deluxe King Studio,1 extra-large double bed,0,0,0,https://cf.bstatic.com/xdata/images/hotel/square240/769772646.webp?k=49f90b949ee5b98291f9791910188a20371d1c8a006b46e7bce0e7a0b392f979&o=,2,Lahore
Staycation Homes- 3 Bedroom upper portion villa - Families only,https://www.booking.com/hotel/pk/staycation-homes-3-bedroom-upper-portion-villa.en-gb.html?aid=304142&label=gen173nr-10CAQoggJCDWNpdHlfLTI3NjcwNDNICVgEaLUBiAEBmAEzuAEHyAEM2AED6AEB-AEBiAIBqAIBuALBjMLTBsACAdICJDRlYmVmMGVjLTBmMjctNDNkNS05MDQ0LWY2ZTFmMzRjMjI5M9gCAeACAQ&ucfs=1&arphpl=1&checkin=2026-08-06&checkout=2026-08-07&dest_id=-2767043&dest_type=city&group_adults=2&req_adults=2&no_rooms=1&group_children=0&req_children=0&hpos=4&hapos=766&sr_order=popularity&srpvid=7b4f562059d9004c&srepoch=1785759436&all_sr_blocks=1259563301_398555877_6_0_0&highlighted_blocks=1259563301_398555877_6_0_0&matching_block_id=1259563301_398555877_6_0_0&sr_pri_blocks=1259563301_398555877_6_0_0__1850000&from=searchresults,18500,,,"Gulberg, Lahore",5.7,Three-Bedroom House,"5 beds (2 singles, 1 double, 1 sofa bed, 1 large double)",0,1,1,https://cf.bstatic.com/xdata/images/hotel/square240/763717142.webp?k=06338e42264253253bcbc515f551c55cce20241b739ccabb44332ef73d23829c&o=,5,Lahore
Goldcrest,https://www.booking.com/hotel/pk/goldcrest-lahore2.en-gb.html?aid=304142&label=gen173nr-10CAQoggJCDWNpdHlfLTI3NjcwNDNICVgEaLUBiAEBmAEzuAEHyAEM2AED6AEB-AEBiAIBqAIBuALBjMLTBsACAdICJDRlYmVmMGVjLTBmMjctNDNkNS05MDQ0LWY2ZTFmMzRjMjI5M9gCAeACAQ&ucfs=1&arphpl=1&checkin=2026-08-06&checkout=2026-08-07&dest_id=-2767043&dest_type=city&group_adults=2&req_adults=2&no_rooms=1&group_children=0&req_children=0&hpos=5&hapos=767&sr_order=popularity&srpvid=7b4f562059d9004c&srepoch=1785759436&all_sr_blocks=1638239201_434137071_5_0_0&highlighted_blocks=1638239201_434137071_5_0_0&matching_block_id=1638239201_434137071_5_0_0&sr_pri_blocks=1638239201_434137071_5_0_0__2239920&from=searchresults,22399,,,Lahore,12.1,One-Bedroom Apartment,"3 beds (1 single, 1 double, 1 large double)",0,1,1,https://cf.bstatic.com/xdata/images/hotel/square240/865846229.webp?k=55ffbea4f8be106820068c7bf3d724b7d6a49e5310d671c557fe7528ab18c18a&o=,5,Lahore
2BHK Director's Cut 80 inch Projector Screen in Bahria Lahore,https://www.booking.com/hotel/pk/2bhk-directors-cut-80-inch-projector-screen-in-bahria-lahore.en-gb.html?aid=304142&label=gen173nr-10CAQoggJCDWNpdHlfLTI3NjcwNDNICVgEaLUBiAEBmAEzuAEHyAEM2AED6AEB-AEBiAIBqAIBuALBjMLTBsACAdICJDRlYmVmMGVjLTBmMjctNDNkNS05MDQ0LWY2ZTFmMzRjMjI5M9gCAeACAQ&ucfs=1&arphpl=1&checkin=2026-08-06&checkout=2026-08-07&dest_id=-2767043&dest_type=city&group_adults=2&req_adults=2&no_rooms=1&group_children=0&req_children=0&hpos=6&hapos=768&sr_order=popularity&srpvid=7b4f562059d9004c&srepoch=1785759436&all_sr_blocks=1655065701_437433702_6_0_0&highlighted_blocks=1655065701_437433702_6_0_0&matching_block_id=1655065701_437433702_6_0_0&sr_pri_blocks=1655065701_437433702_6_0_0__1120000&from=searchresults,11200,,,Lahore,24.4,One-Bedroom Apartment,"3 beds (1 sofa bed, 2 large doubles)",0,1,1,https://cf.bstatic.com/xdata/images/hotel/square240/874858686.webp?k=e1a997e7a48e83d268666ed4dc3a5d5de16359d15b4f639ddf591679390bc621&o=,6,Lahore
BNR - The Opus Residences 3-Bed Apartment Gulberg Lahore,https://www.booking.com/hotel/pk/3-bedroom-luxury-apartment.en-gb.html?aid=304142&label=gen173nr-10CAQoggJCDWNpdHlfLTI3NjcwNDNICVgEaLUBiAEBmAEzuAEHyAEM2AED6AEB-AEBiAIBqAIBuALBjMLTBsACAdICJDRlYmVmMGVjLTBmMjctNDNkNS05MDQ0LWY2ZTFmMzRjMjI5M9gCAeACAQ&ucfs=1&arphpl=1&checkin=2026-08-06&checkout=2026-08-07&dest_id=-2767043&dest_type=city&group_adults=2&req_adults=2&no_rooms=1&group_children=0&req_children=0&hpos=7&hapos=769&sr_order=popularity&srpvid=7b4f562059d9004c&srepoch=1785759436&all_sr_blocks=1241359602_412420647_6_0_0&highlighted_blocks=1241359602_412420647_6_0_0&matching_block_id=1241359602_412420647_6_0_0&sr_pri_blocks=1241359602_412420647_6_0_0__4005990&from=searchresults,40060,7.0,2.0,"Gulberg, Lahore",6.9,Apartment,3 extra-large double beds,0,1,1,https://cf.bstatic.com/xdata/images/hotel/square240/597997821.webp?k=ade22df731971f72417f3937677128277af02dcc9f94f9a7e211d0e2a10cfc5b&o=,12,Lahore
"Zameen Aurum Gulberg, Luxury Apartment by MG",https://www.booking.com/hotel/pk/zameen-aurum-gulberg-luxury-apartment-by-mg.en-gb.html?aid=304142&label=gen173nr-10CAQoggJCDWNpdHlfLTI3NjcwNDNICVgEaLUBiAEBmAEzuAEHyAEM2AED6AEB-AEBiAIBqAIBuALBjMLTBsACAdICJDRlYmVmMGVjLTBmMjctNDNkNS05MDQ0LWY2ZTFmMzRjMjI5M9gCAeACAQ&ucfs=1&arphpl=1&checkin=2026-08-06&checkout=2026-08-07&dest_id=-2767043&dest_type=city&group_adults=2&req_adults=2&no_rooms=1&group_children=0&req_children=0&hpos=8&hapos=770&sr_order=popularity&srpvid=7b4f562059d9004c&srepoch=1785759436&all_sr_blocks=1541433701_431345079_3_0_0&highlighted_blocks=1541433701_431345079_3_0_0&matching_block_id=1541433701_431345079_3_0_0&sr_pri_blocks=1541433701_431345079_3_0_0__1881000&from=searchresults,18810,10,2.0,Lahore,3.3,Two-Bedroom Apartment with Balcony,2 double beds,0,0,1,https://cf.bstatic.com/xdata/images/hotel/square240/884304409.webp?k=b5a5a48e565a4f95d11df8bfc6054df8cbee1daed69c3085ec79639b510bc0a9&o=,3,Lahore
Private Studio in PentaSquare DHA - Cozy & Secure Stay,https://www.booking.com/hotel/pk/private-studio-in-pentasquare-dha-cozy-amp-secure-stay.en-gb.html?aid=304142&label=gen173nr-10CAQoggJCDWNpdHlfLTI3NjcwNDNICVgEaLUBiAEBmAEzuAEHyAEM2AED6AEB-AEBiAIBqAIBuALBjMLTBsACAdICJDRlYmVmMGVjLTBmMjctNDNkNS05MDQ0LWY2ZTFmMzRjMjI5M9gCAeACAQ&ucfs=1&arphpl=1&checkin=2026-08-06&checkout=2026-08-07&dest_id=-2767043&dest_type=city&group_adults=2&req_adults=2&no_rooms=1&group_children=0&req_children=0&hpos=9&hapos=771&sr_order=popularity&srpvid=7b4f562059d9004c&srepoch=1785759436&all_sr_blocks=1632527501_433742454_2_0_0&highlighted_blocks=1632527501_433742454_2_0_0&matching_block_id=1632527501_433742454_2_0_0&sr_pri_blocks=1632527501_433742454_2_0_0__1158300&from=searchresults,11583,,,Lahore,14.2,One-Bedroom Apartment,1 double bed,0,0,0,https://cf.bstatic.com/xdata/images/hotel/square240/862515795.webp?k=e2d971eb508969b353353ba1bb31c3d309c872e7385edb65c24cbb580c843ee2&o=,10,Lahore
"1BHK Apartment In Bahria Town, Lahore",https://www.booking.com/hotel/pk/1bhk-apartment-in-bahria-town-lahore-lahore1.en-gb.html?aid=304142&label=gen173nr-10CAQoggJCDWNpdHlfLTI3NjcwNDNICVgEaLUBiAEBmAEzuAEHyAEM2AED6AEB-AEBiAIBqAIBuALBjMLTBsACAdICJDRlYmVmMGVjLTBmMjctNDNkNS05MDQ0LWY2ZTFmMzRjMjI5M9gCAeACAQ&ucfs=1&arphpl=1&checkin=2026-08-06&checkout=2026-08-07&dest_id=-2767043&dest_type=city&group_adults=2&req_adults=2&no_rooms=1&group_children=0&req_children=0&hpos=10&hapos=772&sr_order=popularity&srpvid=7b4f562059d9004c&srepoch=1785759436&all_sr_blocks=1654229501_437366741_3_0_0&highlighted_blocks=1654229501_437366741_3_0_0&matching_block_id=1654229501_437366741_3_0_0&sr_pri_blocks=1654229501_437366741_3_0_0__825000&from=searchresults,8250,,,Lahore,26.3,One-Bedroom Apartment,"2 beds (1 double, 1 sofa bed)",0,1,1,https://cf.bstatic.com/xdata/images/hotel/square240/874305187.webp?k=3dee9a6a6b45fabe13e82fbb5981d00e1b73088ba9bfc34059b27a3006457078&o=,4,Lahore
Luxury Apartment,https://www.booking.com/hotel/pk/waqar-home.en-gb.html?aid=304142&label=gen173nr-10CAQoggJCDWNpdHlfLTI3NjcwNDNICVgEaLUBiAEBmAEzuAEHyAEM2AED6AEB-AEBiAIBqAIBuALBjMLTBsACAdICJDRlYmVmMGVjLTBmMjctNDNkNS05MDQ0LWY2ZTFmMzRjMjI5M9gCAeACAQ&ucfs=1&arphpl=1&checkin=2026-08-06&checkout=2026-08-07&dest_id=-2767043&dest_type=city&group_adults=2&req_adults=2&no_rooms=1&group_children=0&req_children=0&hpos=11&hapos=773&sr_order=popularity&srpvid=7b4f562059d9004c&srepoch=1785759436&all_sr_blocks=1614459001_432327572_7_0_0&highlighted_blocks=1614459001_432327572_7_0_0&matching_block_id=1614459001_432327572_7_0_0&sr_pri_blocks=1614459001_432327572_7_0_0__350000&from=searchresults,3500,,,Lahore,18.1,Two-Bedroom House,"6 beds (4 singles, 1 extra-large double, 1 sofa bed)",0,1,1,https://cf.bstatic.com/xdata/images/hotel/square240/849494573.webp?k=a4648160a42929779e5389195a549e41e420e4c81ecac4d2b06e8738e4e82520&o=,5,Lahore
Gold Crest Luxury Serviced Apartments DHA Phase 4 Lahore,https://www.booking.com/hotel/pk/lovely-apartment-dha-4.en-gb.html?aid=304142&label=gen173nr-10CAQoggJCDWNpdHlfLTI3NjcwNDNICVgEaLUBiAEBmAEzuAEHyAEM2AED6AEB-AEBiAIBqAIBuALBjMLTBsACAdICJDRlYmVmMGVjLTBmMjctNDNkNS05MDQ0LWY2ZTFmMzRjMjI5M9gCAeACAQ&ucfs=1&arphpl=1&checkin=2026-08-06&checkout=2026-08-07&dest_id=-2767043&dest_type=city&group_adults=2&req_adults=2&no_rooms=1&group_children=0&req_children=0&hpos=12&hapos=774&sr_order=popularity&srpvid=7b4f562059d9004c&srepoch=1785759436&all_sr_blocks=1529625401_424512657_0_0_0&highlighted_blocks=1529625401_424512657_0_0_0&matching_block_id=1529625401_424512657_0_0_0&sr_pri_blocks=1529625401_424512657_0_0_0__2808000&from=searchresults,28080,7.2,6.0,Lahore,12.1,Studio Apartment,1 double bed,0,0,0,https://cf.bstatic.com/xdata/images/hotel/square240/849738882.webp?k=526d8b39636269a23d0dc0e0e8a13f05d01335bef50bad1daf80169b5c2bf16e&o=,12,Lahore
Eiffel Tower Premium Apartment Bahria Town Lahore By LMY,https://www.booking.com/hotel/pk/eiffel-tower-one-bedroom-apartment-bahria-town-lahore.en-gb.html?aid=304142&label=gen173nr-10CAQoggJCDWNpdHlfLTI3NjcwNDNICVgEaLUBiAEBmAEzuAEHyAEM2AED6AEB-AEBiAIBqAIBuALBjMLTBsACAdICJDRlYmVmMGVjLTBmMjctNDNkNS05MDQ0LWY2ZTFmMzRjMjI5M9gCAeACAQ&ucfs=1&arphpl=1&checkin=2026-08-06&checkout=2026-08-07&dest_id=-2767043&dest_type=city&group_adults=2&req_adults=2&no_rooms=1&group_children=0&req_children=0&hpos=13&hapos=775&sr_order=popularity&srpvid=7b4f562059d9004c&srepoch=1785759436&all_sr_blocks=1527391601_424319188_2_0_0&highlighted_blocks=1527391601_424319188_2_0_0&matching_block_id=1527391601_424319188_2_0_0&sr_pri_blocks=1527391601_424319188_2_0_0__1060200&from=searchresults,10602,,,Lahore,26.6,One-Bedroom Apartment with View,"2 beds (1 double, 1 sofa bed)",0,0,0,https://cf.bstatic.com/xdata/images/hotel/square240/776779601.webp?k=bd012cd6e08479dec2b547bced684e178acf1bee53467660d95f776a651625b9&o=,11,Lahore
Lavish House in model town Lahore,https://www.booking.com/hotel/pk/lavish-house-in-model-town-lahore.en-gb.html?aid=304142&label=gen173nr-10CAQoggJCDWNpdHlfLTI3NjcwNDNICVgEaLUBiAEBmAEzuAEHyAEM2AED6AEB-AEBiAIBqAIBuALBjMLTBsACAdICJDRlYmVmMGVjLTBmMjctNDNkNS05MDQ0LWY2ZTFmMzRjMjI5M9gCAeACAQ&ucfs=1&arphpl=1&checkin=2026-08-06&checkout=2026-08-07&dest_id=-2767043&dest_type=city&group_adults=2&req_adults=2&no_rooms=1&group_children=0&req_children=0&hpos=14&hapos=776&sr_order=popularity&srpvid=7b4f562059d9004c&srepoch=1785759436&all_sr_blocks=1648091201_436924193_8_0_0&highlighted_blocks=1648091201_436924193_8_0_0&matching_block_id=1648091201_436924193_8_0_0&sr_pri_blocks=1648091201_436924193_8_0_0__2200000&from=searchresults,22000,,,Lahore,9.4,Two-Bedroom House,1 extra-large double bed,0,1,1,https://cf.bstatic.com/xdata/images/hotel/square240/870799503.webp?k=5f12f8505f01c02fe347d3b7128821d48d1d07d317a269dabbb61e0884e539eb&o=,4,Lahore
باكستان,https://www.booking.com/hotel/pk/bkstn.en-gb.html?aid=304142&label=gen173nr-10CAQoggJCDWNpdHlfLTI3NjcwNDNICVgEaLUBiAEBmAEzuAEHyAEM2AED6AEB-AEBiAIBqAIBuALBjMLTBsACAdICJDRlYmVmMGVjLTBmMjctNDNkNS05MDQ0LWY2ZTFmMzRjMjI5M9gCAeACAQ&ucfs=1&arphpl=1&checkin=2026-08-06&checkout=2026-08-07&dest_id=-2767043&dest_type=city&group_adults=2&req_adults=2&no_rooms=1&group_children=0&req_children=0&hpos=15&hapos=777&sr_order=popularity&srpvid=7b4f562059d9004c&srepoch=1785759436&all_sr_blocks=1431233101_414680027_2_0_0&highlighted_blocks=1431233101_414680027_2_0_0&matching_block_id=1431233101_414680027_2_0_0&sr_pri_blocks=1431233101_414680027_2_0_0__850000&from=searchresults,8500,,,Lahore,25.2,One-Bedroom Apartment,"8 beds (7 sofa beds, 1 large double)",0,1,1,https://cf.bstatic.com/xdata/images/hotel/square240/693469344.webp?k=6fb605f26e25ce9b92df4a7f4a99e4d289743fbbf32522b5b3db2e87087e4af0&o=,4,Lahore
Goldcrest Mall and Residency - Classic Vintage One-Bed Apartment,https://www.booking.com/hotel/pk/goldcrest-mall-and-residency-classic-vintage-one-bed-apartment.en-gb.html?aid=304142&label=gen173nr-10CAQoggJCDWNpdHlfLTI3NjcwNDNICVgEaLUBiAEBmAEzuAEHyAEM2AED6AEB-AEBiAIBqAIBuALBjMLTBsACAdICJDRlYmVmMGVjLTBmMjctNDNkNS05MDQ0LWY2ZTFmMzRjMjI5M9gCAeACAQ&ucfs=1&arphpl=1&checkin=2026-08-06&checkout=2026-08-07&dest_id=-2767043&dest_type=city&group_adults=2&req_adults=2&no_rooms=1&group_children=0&req_children=0&hpos=16&hapos=778&sr_order=popularity&srpvid=7b4f562059d9004c&srepoch=1785759436&all_sr_blocks=1654268801_437369399_2_1_0&highlighted_blocks=1654268801_437369399_2_1_0&matching_block_id=1654268801_437369399_2_1_0&sr_pri_blocks=1654268801_437369399_2_1_0__1224000&from=searchresults,12240,,,Lahore,12.1,One-Bedroom Apartment,1 extra-large double bed,1,0,0,https://cf.bstatic.com/xdata/images/hotel/square240/874322329.webp?k=507a0dee601fc6b23700c7487719de70b7a1c1f16a8bd97581f3916342910f80&o=,11,Lahore
Whispers of Gold - 1BHK - Zameen Aurum,https://www.booking.com/hotel/pk/whispers-of-gold-1bhk-zameen-aurum-lahore.en-gb.html?aid=304142&label=gen173nr-10CAQoggJCDWNpdHlfLTI3NjcwNDNICVgEaLUBiAEBmAEzuAEHyAEM2AED6AEB-AEBiAIBqAIBuALBjMLTBsACAdICJDRlYmVmMGVjLTBmMjctNDNkNS05MDQ0LWY2ZTFmMzRjMjI5M9gCAeACAQ&ucfs=1&arphpl=1&checkin=2026-08-06&checkout=2026-08-07&dest_id=-2767043&dest_type=city&group_adults=2&req_adults=2&no_rooms=1&group_children=0&req_children=0&hpos=17&hapos=779&sr_order=popularity&srpvid=7b4f562059d9004c&srepoch=1785759436&all_sr_blocks=1568610501_427941859_3_0_0&highlighted_blocks=1568610501_427941859_3_0_0&matching_block_id=1568610501_427941859_3_0_0&sr_pri_blocks=1568610501_427941859_3_0_0__1150000&from=searchresults,11500,,,"Gulberg, Lahore",7.2,One-Bedroom Apartment,"2 beds (1 double, 1 sofa bed)",0,1,1,https://cf.bstatic.com/xdata/images/hotel/square240/811589840.webp?k=5b6a351218d40ae344cf5d5f282bc86378ec1df91fc7b2c45bc275f8cb75c863&o=,4,Lahore
Affordable Family Studio in DHA Phase 5 - PentaSquare Location,https://www.booking.com/hotel/pk/affordable-family-studio-in-dha-phase-5-pentasquare-location.en-gb.html?aid=304142&label=gen173nr-10CAQoggJCDWNpdHlfLTI3NjcwNDNICVgEaLUBiAEBmAEzuAEHyAEM2AED6AEB-AEBiAIBqAIBuALBjMLTBsACAdICJDRlYmVmMGVjLTBmMjctNDNkNS05MDQ0LWY2ZTFmMzRjMjI5M9gCAeACAQ&ucfs=1&arphpl=1&checkin=2026-08-06&checkout=2026-08-07&dest_id=-2767043&dest_type=city&group_adults=2&req_adults=2&no_rooms=1&group_children=0&req_children=0&hpos=18&hapos=780&sr_order=popularity&srpvid=7b4f562059d9004c&srepoch=1785759436&all_sr_blocks=1632595301_433747459_2_0_0&highlighted_blocks=1632595301_433747459_2_0_0&matching_block_id=1632595301_433747459_2_0_0&sr_pri_blocks=1632595301_433747459_2_0_0__1024650&from=searchresults,10247,,,Lahore,14.2,One-Bedroom Apartment,1 extra-large double bed,0,0,0,https://cf.bstatic.com/xdata/images/hotel/square240/862528988.webp?k=c9f22d0ce9f361958b88983088c96e947a19f99ffb8433e1653e6d4d1647def4&o=,10,Lahore
Elevated Escapes,https://www.booking.com/hotel/pk/elevated-escapes.en-gb.html?aid=304142&label=gen173nr-10CAQoggJCDWNpdHlfLTI3NjcwNDNICVgEaLUBiAEBmAEzuAEHyAEM2AED6AEB-AEBiAIBqAIBuALBjMLTBsACAdICJDRlYmVmMGVjLTBmMjctNDNkNS05MDQ0LWY2ZTFmMzRjMjI5M9gCAeACAQ&ucfs=1&arphpl=1&checkin=2026-08-06&checkout=2026-08-07&dest_id=-2767043&dest_type=city&group_adults=2&req_adults=2&no_rooms=1&group_children=0&req_children=0&hpos=19&hapos=781&sr_order=popularity&srpvid=7b4f562059d9004c&srepoch=1785759436&all_sr_blocks=1664011802_438265562_2_0_0&highlighted_blocks=1664011802_438265562_2_0_0&matching_block_id=1664011802_438265562_2_0_0&sr_pri_blocks=1664011802_438265562_2_0_0__643500&from=searchresults,6435,1.0,1.0,Lahore,26.7,One-Bedroom Apartment,"2 beds (1 sofa bed, 1 large double)",0,1,1,https://cf.bstatic.com/xdata/images/hotel/square240/881340881.webp?k=b4245305d17f1de6126f59710d91bd84034a1db001373f23cbfd79abf6aedca8&o=,4,Lahore
Diamounts 03,https://www.booking.com/hotel/pk/diamounts-03.en-gb.html?aid=304142&label=gen173nr-10CAQoggJCDWNpdHlfLTI3NjcwNDNICVgEaLUBiAEBmAEzuAEHyAEM2AED6AEB-AEBiAIBqAIBuALBjMLTBsACAdICJDRlYmVmMGVjLTBmMjctNDNkNS05MDQ0LWY2ZTFmMzRjMjI5M9gCAeACAQ&ucfs=1&arphpl=1&checkin=2026-08-06&checkout=2026-08-07&dest_id=-2767043&dest_type=city&group_adults=2&req_adults=2&no_rooms=1&group_children=0&req_children=0&hpos=20&hapos=782&sr_order=popularity&srpvid=7b4f562059d9004c&srepoch=1785759436&all_sr_blocks=1687838401_440446657_2_0_0&highlighted_blocks=1687838401_440446657_2_0_0&matching_block_id=1687838401_440446657_2_0_0&sr_pri_blocks=1687838401_440446657_2_0_0__807500&from=searchresults,8075,,,Lahore,26.8,One-Bedroom Apartment,1 double bed,0,1,1,https://cf.bstatic.com/xdata/images/hotel/square240/894431908.webp?k=d1eb7a0e8ce14adb72d0a4da1e189de3cc15bc4eea8b53b925b7132b36896944&o=,4,Lahore
Bahria Eiffel Apartments,https://www.booking.com/hotel/pk/bahria-eiffel-apartments.en-gb.html?aid=304142&label=gen173nr-10CAQoggJCDWNpdHlfLTI3NjcwNDNICVgEaLUBiAEBmAEzuAEHyAEM2AED6AEB-AEBiAIBqAIBuALBjMLTBsACAdICJDRlYmVmMGVjLTBmMjctNDNkNS05MDQ0LWY2ZTFmMzRjMjI5M9gCAeACAQ&ucfs=1&arphpl=1&checkin=2026-08-06&checkout=2026-08-07&dest_id=-2767043&dest_type=city&group_adults=2&req_adults=2&no_rooms=1&group_children=0&req_children=0&hpos=21&hapos=783&sr_order=popularity&srpvid=7b4f562059d9004c&srepoch=1785759436&all_sr_blocks=1439249601_415408794_3_0_0&highlighted_blocks=1439249601_415408794_3_0_0&matching_block_id=1439249601_415408794_3_0_0&sr_pri_blocks=1439249601_415408794_3_0_0__1050000&from=searchresults,10500,3.0,2.0,Lahore,26.5,Deluxe One-Bedroom Apartment with City View,"2 beds (1 sofa bed, 1 large double)",0,1,1,https://cf.bstatic.com/xdata/images/hotel/square240/699064147.webp?k=5981cd2347befd0cca6f4844d6908cacede9407242aa7a01f1ccbc1d75b9fe77&o=,4,Lahore
Luxus Gold Villa DHA Near Airport & Raya,https://www.booking.com/hotel/pk/pearl-lodges-dha-near-airport.en-gb.html?aid=304142&label=gen173nr-10CAQoggJCDWNpdHlfLTI3NjcwNDNICVgEaLUBiAEBmAEzuAEHyAEM2AED6AEB-AEBiAIBqAIBuALBjMLTBsACAdICJDRlYmVmMGVjLTBmMjctNDNkNS05MDQ0LWY2ZTFmMzRjMjI5M9gCAeACAQ&ucfs=1&arphpl=1&checkin=2026-08-06&checkout=2026-08-07&dest_id=-2767043&dest_type=city&group_adults=2&req_adults=2&no_rooms=1&group_children=0&req_children=0&hpos=22&hapos=784&sr_order=popularity&srpvid=7b4f562059d9004c&srepoch=1785759436&all_sr_blocks=1374048201_409556785_2_1_0&highlighted_blocks=1374048201_409556785_2_1_0&matching_block_id=1374048201_409556785_2_1_0&sr_pri_blocks=1374048201_409556785_2_1_0__1080000&from=searchresults,10800,8.4,8.0,Lahore,17.5,Deluxe Double Room,1 extra-large double bed,1,1,1,https://cf.bstatic.com/xdata/images/hotel/square240/656002072.webp?k=4e6e47747056e3938960549a8e1c494b4ae160e7f27e960e56fab0dd40032d1e&o=,6,Lahore
taif empire,https://www.booking.com/hotel/pk/taif-empire.en-gb.html?aid=304142&label=gen173nr-10CAQoggJCDWNpdHlfLTI3NjcwNDNICVgEaLUBiAEBmAEzuAEHyAEM2AED6AEB-AEBiAIBqAIBuALBjMLTBsACAdICJDRlYmVmMGVjLTBmMjctNDNkNS05MDQ0LWY2ZTFmMzRjMjI5M9gCAeACAQ&ucfs=1&arphpl=1&checkin=2026-08-06&checkout=2026-08-07&dest_id=-2767043&dest_type=city&group_adults=2&req_adults=2&no_rooms=1&group_children=0&req_children=0&hpos=1&hapos=785&sr_order=popularity&srpvid=7b4f562059d9004c&srepoch=1785759443&all_sr_blocks=1677370601_439464032_4_0_0&highlighted_blocks=1677370601_439464032_4_0_0&matching_block_id=1677370601_439464032_4_0_0&sr_pri_blocks=1677370601_439464032_4_0_0__1700000&from=searchresults,17000,,,Lahore,12.0,One-Bedroom Apartment,2 double beds,0,1,1,https://cf.bstatic.com/xdata/images/hotel/square240/889332663.webp?k=fb031d903827fcde19264e7a13deab8afe21ecce1e76a962a382ee70dc3405f6&o=,5,Lahore
1bhk bahria town apartment effile tower view,https://www.booking.com/hotel/pk/1bhk-bahria-town-apartment-effile-tower-view.en-gb.html?aid=304142&label=gen173nr-10CAQoggJCDWNpdHlfLTI3NjcwNDNICVgEaLUBiAEBmAEzuAEHyAEM2AED6AEB-AEBiAIBqAIBuALBjMLTBsACAdICJDRlYmVmMGVjLTBmMjctNDNkNS05MDQ0LWY2ZTFmMzRjMjI5M9gCAeACAQ&ucfs=1&arphpl=1&checkin=2026-08-06&checkout=2026-08-07&dest_id=-2767043&dest_type=city&group_adults=2&req_adults=2&no_rooms=1&group_children=0&req_children=0&hpos=2&hapos=786&sr_order=popularity&srpvid=7b4f562059d9004c&srepoch=1785759443&all_sr_blocks=1590832001_430179023_2_0_0&highlighted_blocks=1590832001_430179023_2_0_0&matching_block_id=1590832001_430179023_2_0_0&sr_pri_blocks=1590832001_430179023_2_0_0__550000&from=searchresults,5500,,,Lahore,24.1,One-Bedroom Apartment,"2 beds (1 double, 1 sofa bed)",0,1,1,https://cf.bstatic.com/xdata/images/hotel/square240/830686908.webp?k=ec5e1622007d61b693034b4b0b93090a93376d1a26779383be864f94a3881ba5&o=,4,Lahore
1 KANAL ULTRA LUXURIOUS VILLA in DHA Phase 4 Lahore,https://www.booking.com/hotel/pk/1-kanal-ultra-luxurious-villa-in-dha-phase-4-lahore.en-gb.html?aid=304142&label=gen173nr-10CAQoggJCDWNpdHlfLTI3NjcwNDNICVgEaLUBiAEBmAEzuAEHyAEM2AED6AEB-AEBiAIBqAIBuALBjMLTBsACAdICJDRlYmVmMGVjLTBmMjctNDNkNS05MDQ0LWY2ZTFmMzRjMjI5M9gCAeACAQ&ucfs=1&arphpl=1&checkin=2026-08-06&checkout=2026-08-07&dest_id=-2767043&dest_type=city&group_adults=2&req_adults=2&no_rooms=1&group_children=0&req_children=0&hpos=3&hapos=787&sr_order=popularity&srpvid=7b4f562059d9004c&srepoch=1785759443&all_sr_blocks=1671004301_438872612_16_0_0&highlighted_blocks=1671004301_438872612_16_0_0&matching_block_id=1671004301_438872612_16_0_0&sr_pri_blocks=1671004301_438872612_16_0_0__4484817&from=searchresults,44848,,,Lahore,12.4,Villa,"5 beds (3 sofa beds, 2 large doubles)",0,1,1,https://cf.bstatic.com/xdata/images/hotel/square240/885874489.webp?k=add4c09ca10dbd10edd63852bf86b5f21c24a9bc99f05dfd805d36184c0358a3&o=,5,Lahore
Amazing valencia home,https://www.booking.com/hotel/pk/amazing-valencia-home.en-gb.html?aid=304142&label=gen173nr-10CAQoggJCDWNpdHlfLTI3NjcwNDNICVgEaLUBiAEBmAEzuAEHyAEM2AED6AEB-AEBiAIBqAIBuALBjMLTBsACAdICJDRlYmVmMGVjLTBmMjctNDNkNS05MDQ0LWY2ZTFmMzRjMjI5M9gCAeACAQ&ucfs=1&arphpl=1&checkin=2026-08-06&checkout=2026-08-07&dest_id=-2767043&dest_type=city&group_adults=2&req_adults=2&no_rooms=1&group_children=0&req_children=0&hpos=4&hapos=788&sr_order=popularity&srpvid=7b4f562059d9004c&srepoch=1785759443&all_sr_blocks=1606937001_431632755_4_0_0&highlighted_blocks=1606937001_431632755_4_0_0&matching_block_id=1606937001_431632755_4_0_0&sr_pri_blocks=1606937001_431632755_4_0_0__1995000&from=searchresults,19950,9.0,1.0,Lahore,19.7,Four-Bedroom House,"6 beds (1 double, 2 extra-large doubles, 2 sofa beds, 1 large double)",0,1,1,https://cf.bstatic.com/xdata/images/hotel/square240/843497620.webp?k=97b137f633546d8af7abbfcff056f63020bc261cee15ee91f2fca0dd5b38c6a6&o=,4,Lahore
Luxury 3BR House in Bahria Town Lahore,https://www.booking.com/hotel/pk/luxury-3br-house-in-bahria-town-lahore.en-gb.html?aid=304142&label=gen173nr-10CAQoggJCDWNpdHlfLTI3NjcwNDNICVgEaLUBiAEBmAEzuAEHyAEM2AED6AEB-AEBiAIBqAIBuALBjMLTBsACAdICJDRlYmVmMGVjLTBmMjctNDNkNS05MDQ0LWY2ZTFmMzRjMjI5M9gCAeACAQ&ucfs=1&arphpl=1&checkin=2026-08-06&checkout=2026-08-07&dest_id=-2767043&dest_type=city&group_adults=2&req_adults=2&no_rooms=1&group_children=0&req_children=0&hpos=5&hapos=789&sr_order=popularity&srpvid=7b4f562059d9004c&srepoch=1785759443&all_sr_blocks=1601506501_431099342_6_0_0&highlighted_blocks=1601506501_431099342_6_0_0&matching_block_id=1601506501_431099342_6_0_0&sr_pri_blocks=1601506501_431099342_6_0_0__4500000&from=searchresults,45000,,,Lahore,24.8,Two-Bedroom House,"5 beds (2 doubles, 1 extra-large double, 1 sofa bed, 1 large double)",0,1,1,https://cf.bstatic.com/xdata/images/hotel/square240/838801913.webp?k=f4d3d1b9ab6ea217dd98c39a7260fe68c29b790f1a33a60333072ba335ea7e74&o=,4,Lahore
The Royal Residence And Hotel Apartments,https://www.booking.com/hotel/pk/the-royal-residence-apartments.en-gb.html?aid=304142&label=gen173nr-10CAQoggJCDWNpdHlfLTI3NjcwNDNICVgEaLUBiAEBmAEzuAEHyAEM2AED6AEB-AEBiAIBqAIBuALBjMLTBsACAdICJDRlYmVmMGVjLTBmMjctNDNkNS05MDQ0LWY2ZTFmMzRjMjI5M9gCAeACAQ&ucfs=1&arphpl=1&checkin=2026-08-06&checkout=2026-08-07&dest_id=-2767043&dest_type=city&group_adults=2&req_adults=2&no_rooms=1&group_children=0&req_children=0&hpos=6&hapos=790&sr_order=popularity&srpvid=7b4f562059d9004c&srepoch=1785759443&all_sr_blocks=1658667001_437780843_2_0_0&highlighted_blocks=1658667001_437780843_2_0_0&matching_block_id=1658667001_437780843_2_0_0&sr_pri_blocks=1658667001_437780843_2_0_0__554400&from=searchresults,5544,10,1.0,Lahore,25.9,One-Bedroom Apartment with City View,"2 beds (1 double, 1 sofa bed)",0,1,1,https://cf.bstatic.com/xdata/images/hotel/square240/902590016.webp?k=fd9a2026cbee8d201ece33989110111c6a1dd7ddd01aa9bc2101738505aed7a5&o=,5,Lahore
Masu Two bed Apartment,https://www.booking.com/hotel/pk/masu-two-bed-apartment.en-gb.html?aid=304142&label=gen173nr-10CAQoggJCDWNpdHlfLTI3NjcwNDNICVgEaLUBiAEBmAEzuAEHyAEM2AED6AEB-AEBiAIBqAIBuALBjMLTBsACAdICJDRlYmVmMGVjLTBmMjctNDNkNS05MDQ0LWY2ZTFmMzRjMjI5M9gCAeACAQ&ucfs=1&arphpl=1&checkin=2026-08-06&checkout=2026-08-07&dest_id=-2767043&dest_type=city&group_adults=2&req_adults=2&no_rooms=1&group_children=0&req_children=0&hpos=7&hapos=791&sr_order=popularity&srpvid=7b4f562059d9004c&srepoch=1785759443&all_sr_blocks=1628682001_433473910_4_0_0&highlighted_blocks=1628682001_433473910_4_0_0&matching_block_id=1628682001_433473910_4_0_0&sr_pri_blocks=1628682001_433473910_4_0_0__1500000&from=searchresults,15000,10,1.0,Lahore,14.6,One-Bedroom Apartment,2 double beds,0,1,1,https://cf.bstatic.com/xdata/images/hotel/square240/860789387.webp?k=8adcc684e26fd06bba2523c248e29d3f044251a7f7ae145e44ab270637f643f2&o=,4,Lahore
The White Pearl 1BHK Apartment - Bahria Town City View,https://www.booking.com/hotel/pk/the-white-pearl-1bhk-apartment-bahria-town-city-view.en-gb.html?aid=304142&label=gen173nr-10CAQoggJCDWNpdHlfLTI3NjcwNDNICVgEaLUBiAEBmAEzuAEHyAEM2AED6AEB-AEBiAIBqAIBuALBjMLTBsACAdICJDRlYmVmMGVjLTBmMjctNDNkNS05MDQ0LWY2ZTFmMzRjMjI5M9gCAeACAQ&ucfs=1&arphpl=1&checkin=2026-08-06&checkout=2026-08-07&dest_id=-2767043&dest_type=city&group_adults=2&req_adults=2&no_rooms=1&group_children=0&req_children=0&hpos=8&hapos=792&sr_order=popularity&srpvid=7b4f562059d9004c&srepoch=1785759443&all_sr_blocks=1539767501_427433032_0_0_0&highlighted_blocks=1539767501_427433032_0_0_0&matching_block_id=1539767501_427433032_0_0_0&sr_pri_blocks=1539767501_427433032_0_0_0__840000&from=searchresults,8400,,,Lahore,25.6,One-Bedroom Apartment,1 extra-large double bed,0,1,1,https://cf.bstatic.com/xdata/images/hotel/square240/787605260.webp?k=e414ecb63719a00da10171ae9e1f953f5a6ecf56da9f6e8b2a59187a2173c2ca&o=,4,Lahore
Lawrence Home,https://www.booking.com/hotel/pk/lawrence-home.en-gb.html?aid=304142&label=gen173nr-10CAQoggJCDWNpdHlfLTI3NjcwNDNICVgEaLUBiAEBmAEzuAEHyAEM2AED6AEB-AEBiAIBqAIBuALBjMLTBsACAdICJDRlYmVmMGVjLTBmMjctNDNkNS05MDQ0LWY2ZTFmMzRjMjI5M9gCAeACAQ&ucfs=1&arphpl=1&checkin=2026-08-06&checkout=2026-08-07&dest_id=-2767043&dest_type=city&group_adults=2&req_adults=2&no_rooms=1&group_children=0&req_children=0&hpos=9&hapos=793&sr_order=popularity&srpvid=7b4f562059d9004c&srepoch=1785759443&all_sr_blocks=1523135004_423963467_2_0_0&highlighted_blocks=1523135004_423963467_2_0_0&matching_block_id=1523135004_423963467_2_0_0&sr_pri_blocks=1523135004_423963467_2_0_0__700000&from=searchresults,7000,8.5,2.0,Lahore,0.7,Family Room,1 large double bed,0,0,1,https://cf.bstatic.com/xdata/images/hotel/square240/773437630.webp?k=23a4e19f7dfecd98f3fab75a419295fc6e5fce96f93b7c7ee90c0028a1aea35b&o=,9,Lahore
King Villa's DHA - Near Airport & Raya and PKLI,https://www.booking.com/hotel/pk/king-villas-dha-near-airport-amp-raya.en-gb.html?aid=304142&label=gen173nr-10CAQoggJCDWNpdHlfLTI3NjcwNDNICVgEaLUBiAEBmAEzuAEHyAEM2AED6AEB-AEBiAIBqAIBuALBjMLTBsACAdICJDRlYmVmMGVjLTBmMjctNDNkNS05MDQ0LWY2ZTFmMzRjMjI5M9gCAeACAQ&ucfs=1&arphpl=1&checkin=2026-08-06&checkout=2026-08-07&dest_id=-2767043&dest_type=city&group_adults=2&req_adults=2&no_rooms=1&group_children=0&req_children=0&hpos=10&hapos=794&sr_order=popularity&srpvid=7b4f562059d9004c&srepoch=1785759443&all_sr_blocks=1346294301_406983991_2_0_0&highlighted_blocks=1346294301_406983991_2_0_0&matching_block_id=1346294301_406983991_2_0_0&sr_pri_blocks=1346294301_406983991_2_0_0__950000&from=searchresults,9500,10,1.0,Lahore,17.5,Deluxe Suite,1 extra-large double bed,0,0,1,https://cf.bstatic.com/xdata/images/hotel/square240/639419274.webp?k=0381cee4d27854dec3b058ed2a836c2cb1e3201095bf07dd3f98dadca1461518&o=,3,Lahore
Cozy Nook Apartments,https://www.booking.com/hotel/pk/cozy-nook-apartments.en-gb.html?aid=304142&label=gen173nr-10CAQoggJCDWNpdHlfLTI3NjcwNDNICVgEaLUBiAEBmAEzuAEHyAEM2AED6AEB-AEBiAIBqAIBuALBjMLTBsACAdICJDRlYmVmMGVjLTBmMjctNDNkNS05MDQ0LWY2ZTFmMzRjMjI5M9gCAeACAQ&ucfs=1&arphpl=1&checkin=2026-08-06&checkout=2026-08-07&dest_id=-2767043&dest_type=city&group_adults=2&req_adults=2&no_rooms=1&group_children=0&req_children=0&hpos=11&hapos=795&sr_order=popularity&srpvid=7b4f562059d9004c&srepoch=1785759443&all_sr_blocks=1436142501_415114778_2_0_0&highlighted_blocks=1436142501_415114778_2_0_0&matching_block_id=1436142501_415114778_2_0_0&sr_pri_blocks=1436142501_415114778_2_0_0__850000&from=searchresults,8500,6.8,4.0,Lahore,26.5,One-Bedroom Apartment,"2 beds (1 double, 1 sofa bed)",0,1,1,https://cf.bstatic.com/xdata/images/hotel/square240/696716564.webp?k=d3efe5cc3bb9e2bf2056a24ce50fe37e60e94f15f9df91beccb0a0fc99496dcd&o=,4,Lahore
Luxury One Bed Goldcrest,https://www.booking.com/hotel/pk/luxury-one-bed-goldcrest-lahore.en-gb.html?aid=304142&label=gen173nr-10CAQoggJCDWNpdHlfLTI3NjcwNDNICVgEaLUBiAEBmAEzuAEHyAEM2AED6AEB-AEBiAIBqAIBuALBjMLTBsACAdICJDRlYmVmMGVjLTBmMjctNDNkNS05MDQ0LWY2ZTFmMzRjMjI5M9gCAeACAQ&ucfs=1&arphpl=1&checkin=2026-08-06&checkout=2026-08-07&dest_id=-2767043&dest_type=city&group_adults=2&req_adults=2&no_rooms=1&group_children=0&req_children=0&hpos=12&hapos=796&sr_order=popularity&srpvid=7b4f562059d9004c&srepoch=1785759443&all_sr_blocks=1356644301_407992554_3_0_0&highlighted_blocks=1356644301_407992554_3_0_0&matching_block_id=1356644301_407992554_3_0_0&sr_pri_blocks=1356644301_407992554_3_0_0__1400000&from=searchresults,14000,,,Lahore,12.1,One-Bedroom Apartment,"2 beds (1 double, 1 sofa bed)",0,1,1,https://cf.bstatic.com/xdata/images/hotel/square240/681089428.webp?k=abed576f215414709309eab982eaba42615ddf4393d8d78cbbc1c3d17ff638ab&o=,4,Lahore
Luxury 3 Bed Flat in Bahria Town Lahore,https://www.booking.com/hotel/pk/luxury-3-bed-flat-in-bahria-town-lahore.en-gb.html?aid=304142&label=gen173nr-10CAQoggJCDWNpdHlfLTI3NjcwNDNICVgEaLUBiAEBmAEzuAEHyAEM2AED6AEB-AEBiAIBqAIBuALBjMLTBsACAdICJDRlYmVmMGVjLTBmMjctNDNkNS05MDQ0LWY2ZTFmMzRjMjI5M9gCAeACAQ&ucfs=1&arphpl=1&checkin=2026-08-06&checkout=2026-08-07&dest_id=-2767043&dest_type=city&group_adults=2&req_adults=2&no_rooms=1&group_children=0&req_children=0&hpos=13&hapos=797&sr_order=popularity&srpvid=7b4f562059d9004c&srepoch=1785759443&all_sr_blocks=1689807101_440618287_3_1_0&highlighted_blocks=1689807101_440618287_3_1_0&matching_block_id=1689807101_440618287_3_1_0&sr_pri_blocks=1689807101_440618287_3_1_0__1530000&from=searchresults,15300,,,Lahore,26.5,Three-Bedroom Apartment,"5 beds (2 singles, 1 extra-large double, 2 sofa beds)",1,1,1,https://cf.bstatic.com/xdata/images/hotel/square240/895606385.webp?k=04d49b6f80083b3d4d931ec40ac0c78cd515848e5f3be3dacd419c5548907d3f&o=,5,Lahore
GOLD CREST RESIDENCY Executive 2 Bedroom Apartment With City Views DHA Lahore Phase 4,https://www.booking.com/hotel/pk/gold-crest-residency-executive-2-bedroom-apartment-with-city-views-dha-lahore-ph.en-gb.html?aid=304142&label=gen173nr-10CAQoggJCDWNpdHlfLTI3NjcwNDNICVgEaLUBiAEBmAEzuAEHyAEM2AED6AEB-AEBiAIBqAIBuALBjMLTBsACAdICJDRlYmVmMGVjLTBmMjctNDNkNS05MDQ0LWY2ZTFmMzRjMjI5M9gCAeACAQ&ucfs=1&arphpl=1&checkin=2026-08-06&checkout=2026-08-07&dest_id=-2767043&dest_type=city&group_adults=2&req_adults=2&no_rooms=1&group_children=0&req_children=0&hpos=14&hapos=798&sr_order=popularity&srpvid=7b4f562059d9004c&srepoch=1785759443&all_sr_blocks=1699521001_441601942_2_1_0&highlighted_blocks=1699521001_441601942_2_1_0&matching_block_id=1699521001_441601942_2_1_0&sr_pri_blocks=1699521001_441601942_2_1_0__3740000&from=searchresults,37400,,,Lahore,12.0,Two-Bedroom Family Apartment,"3 beds (2 extra-large doubles, 1 sofa bed)",1,1,1,https://cf.bstatic.com/xdata/images/hotel/square240/902152537.webp?k=b26fe4aa127cf16869fc89ffa3decf1967b22459f88257e7525eea088477b3cf&o=,13,Lahore
Opus Prestige Luxury Apartments - LMY Residency Gulberg Lahore,https://www.booking.com/hotel/pk/opus-apartments.en-gb.html?aid=304142&label=gen173nr-10CAQoggJCDWNpdHlfLTI3NjcwNDNICVgEaLUBiAEBmAEzuAEHyAEM2AED6AEB-AEBiAIBqAIBuALBjMLTBsACAdICJDRlYmVmMGVjLTBmMjctNDNkNS05MDQ0LWY2ZTFmMzRjMjI5M9gCAeACAQ&ucfs=1&arphpl=1&checkin=2026-08-06&checkout=2026-08-07&dest_id=-2767043&dest_type=city&group_adults=2&req_adults=2&no_rooms=1&group_children=0&req_children=0&hpos=15&hapos=799&sr_order=popularity&srpvid=7b4f562059d9004c&srepoch=1785759443&all_sr_blocks=1555414301_426673200_2_1_0&highlighted_blocks=1555414301_426673200_2_1_0&matching_block_id=1555414301_426673200_2_1_0&sr_pri_blocks=1555414301_426673200_2_1_0__2880000&from=searchresults,28800,,,"Gulberg, Lahore",5.3,One-Bedroom Apartment,"2 beds (1 double, 1 sofa bed)",1,0,0,https://cf.bstatic.com/xdata/images/hotel/square240/801530994.webp?k=c17cdba733ce1e35de1e1ca345b61b6af787eb1b017bd8b9be2cf310ee61fb80&o=,11,Lahore
Serenity inspired by Socrates,https://www.booking.com/hotel/pk/serenity-inspired-by-socrates.en-gb.html?aid=304142&label=gen173nr-10CAQoggJCDWNpdHlfLTI3NjcwNDNICVgEaLUBiAEBmAEzuAEHyAEM2AED6AEB-AEBiAIBqAIBuALBjMLTBsACAdICJDRlYmVmMGVjLTBmMjctNDNkNS05MDQ0LWY2ZTFmMzRjMjI5M9gCAeACAQ&ucfs=1&arphpl=1&checkin=2026-08-06&checkout=2026-08-07&dest_id=-2767043&dest_type=city&group_adults=2&req_adults=2&no_rooms=1&group_children=0&req_children=0&hpos=16&hapos=800&sr_order=popularity&srpvid=7b4f562059d9004c&srepoch=1785759443&all_sr_blocks=1366242101_408905866_3_0_0&highlighted_blocks=1366242101_408905866_3_0_0&matching_block_id=1366242101_408905866_3_0_0&sr_pri_blocks=1366242101_408905866_3_0_0__2755000&from=searchresults,27550,,,Lahore,14.2,Three-Bedroom Apartment,1 extra-large double bed,0,0,1,https://cf.bstatic.com/xdata/images/hotel/square240/650943125.webp?k=1d25a58107c9e0ee6e3885b4659494650fc95436c8e87cadb9e660d722bec635&o=,3,Lahore
Dark Cozy 1BHK Sleep under the Stars Indoors with Swimming pool Gym and Cinema,https://www.booking.com/hotel/pk/dark-cozy-1bhk-sleep-under-the-stars-indoors-with-swimming-pool-gym-and-cinema.en-gb.html?aid=304142&label=gen173nr-10CAQoggJCDWNpdHlfLTI3NjcwNDNICVgEaLUBiAEBmAEzuAEHyAEM2AED6AEB-AEBiAIBqAIBuALBjMLTBsACAdICJDRlYmVmMGVjLTBmMjctNDNkNS05MDQ0LWY2ZTFmMzRjMjI5M9gCAeACAQ&ucfs=1&arphpl=1&checkin=2026-08-06&checkout=2026-08-07&dest_id=-2767043&dest_type=city&group_adults=2&req_adults=2&no_rooms=1&group_children=0&req_children=0&hpos=17&hapos=801&sr_order=popularity&srpvid=7b4f562059d9004c&srepoch=1785759443&all_sr_blocks=1501936401_421879648_3_0_0_1213859&highlighted_blocks=1501936401_421879648_3_0_0_1213859&matching_block_id=1501936401_421879648_3_0_0_1213859&sr_pri_blocks=1501936401_421879648_3_0_0_1213859_800000&from=searchresults,8000,7.5,2.0,Lahore,18.4,One-Bedroom Apartment,"2 beds (1 double, 1 sofa bed)",0,1,1,https://cf.bstatic.com/xdata/images/hotel/square240/774313624.webp?k=eee6e44fdc3b68437a3ed7189bcec41d713274593666c21592799f302453a20f&o=,4,Lahore
Park view villa,https://www.booking.com/hotel/pk/park-view-villa.en-gb.html?aid=304142&label=gen173nr-10CAQoggJCDWNpdHlfLTI3NjcwNDNICVgEaLUBiAEBmAEzuAEHyAEM2AED6AEB-AEBiAIBqAIBuALBjMLTBsACAdICJDRlYmVmMGVjLTBmMjctNDNkNS05MDQ0LWY2ZTFmMzRjMjI5M9gCAeACAQ&ucfs=1&arphpl=1&checkin=2026-08-06&checkout=2026-08-07&dest_id=-2767043&dest_type=city&group_adults=2&req_adults=2&no_rooms=1&group_children=0&req_children=0&hpos=18&hapos=802&sr_order=popularity&srpvid=7b4f562059d9004c&srepoch=1785759443&all_sr_blocks=1673122501_439083110_7_0_0&highlighted_blocks=1673122501_439083110_7_0_0&matching_block_id=1673122501_439083110_7_0_0&sr_pri_blocks=1673122501_439083110_7_0_0__3060000&from=searchresults,30600,,,Lahore,14.5,Three-Bedroom House,"5 beds (2 singles, 1 sofa bed, 2 large doubles)",0,1,1,https://cf.bstatic.com/xdata/images/hotel/square240/887094245.webp?k=22c5f9e24627d773378343d2893c0e7806a54d59e5199b7fffbae49719521d2c&o=,6,Lahore
ZAMEEN OPAL A P A R T M E N Ts,https://www.booking.com/hotel/pk/loft-luxor-one-bhk-with-pool-gym-cinema.en-gb.html?aid=304142&label=gen173nr-10CAQoggJCDWNpdHlfLTI3NjcwNDNICVgEaLUBiAEBmAEzuAEHyAEM2AED6AEB-AEBiAIBqAIBuALBjMLTBsACAdICJDRlYmVmMGVjLTBmMjctNDNkNS05MDQ0LWY2ZTFmMzRjMjI5M9gCAeACAQ&ucfs=1&arphpl=1&checkin=2026-08-06&checkout=2026-08-07&dest_id=-2767043&dest_type=city&group_adults=2&req_adults=2&no_rooms=1&group_children=0&req_children=0&hpos=19&hapos=803&sr_order=popularity&srpvid=7b4f562059d9004c&srepoch=1785759443&all_sr_blocks=1537618501_437068456_2_0_0&highlighted_blocks=1537618501_437068456_2_0_0&matching_block_id=1537618501_437068456_2_0_0&sr_pri_blocks=1537618501_437068456_2_0_0__1530000&from=searchresults,15300,3.0,1.0,Lahore,18.4,Classic One-Bedroom Apartment with King Bed,Classic One-Bedroom Apartment with King Bed,0,1,1,https://cf.bstatic.com/xdata/images/hotel/square240/871794978.webp?k=2f0649fef1efdb863c0697811db099135704453bdf538680ae0b41b44a24a740&o=,4,Lahore
Hadi Farmhouse,https://www.booking.com/hotel/pk/hadi-farmhouse-heir.en-gb.html?aid=304142&label=gen173nr-10CAQoggJCDWNpdHlfLTI3NjcwNDNICVgEaLUBiAEBmAEzuAEHyAEM2AED6AEB-AEBiAIBqAIBuALBjMLTBsACAdICJDRlYmVmMGVjLTBmMjctNDNkNS05MDQ0LWY2ZTFmMzRjMjI5M9gCAeACAQ&ucfs=1&arphpl=1&checkin=2026-08-06&checkout=2026-08-07&dest_id=-2767043&dest_type=city&group_adults=2&req_adults=2&no_rooms=1&group_children=0&req_children=0&hpos=20&hapos=804&sr_order=popularity&srpvid=7b4f562059d9004c&srepoch=1785759443&all_sr_blocks=1391731701_411140067_7_0_0&highlighted_blocks=1391731701_411140067_7_0_0&matching_block_id=1391731701_411140067_7_0_0&sr_pri_blocks=1391731701_411140067_7_0_0__3699900&from=searchresults,36999,,,Lahore,16.1,Three-Bedroom Villa,"3 beds (1 double, 1 extra-large double, 1 sofa bed)",0,1,1,https://cf.bstatic.com/xdata/images/hotel/square240/669357608.webp?k=63bf4e963eee2b1b700ea87a688087bc035c9eadca42bd39f5e77d96109ddfd4&o=,4,Lahore
2 Bed luxury apartment in Air Avenue,https://www.booking.com/hotel/pk/2-bed-luxury-apartment-in-air-avenue.en-gb.html?aid=304142&label=gen173nr-10CAQoggJCDWNpdHlfLTI3NjcwNDNICVgEaLUBiAEBmAEzuAEHyAEM2AED6AEB-AEBiAIBqAIBuALBjMLTBsACAdICJDRlYmVmMGVjLTBmMjctNDNkNS05MDQ0LWY2ZTFmMzRjMjI5M9gCAeACAQ&ucfs=1&arphpl=1&checkin=2026-08-06&checkout=2026-08-07&dest_id=-2767043&dest_type=city&group_adults=2&req_adults=2&no_rooms=1&group_children=0&req_children=0&hpos=21&hapos=805&sr_order=popularity&srpvid=7b4f562059d9004c&srepoch=1785759443&all_sr_blocks=1618004001_432642542_2_0_0&highlighted_blocks=1618004001_432642542_2_0_0&matching_block_id=1618004001_432642542_2_0_0&sr_pri_blocks=1618004001_432642542_2_0_0__1275000&from=searchresults,12750,,,Lahore,13.6,Two-Bedroom Apartment,"5 beds (2 doubles, 3 sofa beds)",0,1,1,https://cf.bstatic.com/xdata/images/hotel/square240/852815639.webp?k=5577fe351ed83a70115030c573b51a0a0e1b21a4aac83d8b5a6bdae89ce06d07&o=,4,Lahore
Luxury Suit In Lahore Near Airport,https://www.booking.com/hotel/pk/vista-homes-lahore.en-gb.html?aid=304142&label=gen173nr-10CAQoggJCDWNpdHlfLTI3NjcwNDNICVgEaLUBiAEBmAEzuAEHyAEM2AED6AEB-AEBiAIBqAIBuALBjMLTBsACAdICJDRlYmVmMGVjLTBmMjctNDNkNS05MDQ0LWY2ZTFmMzRjMjI5M9gCAeACAQ&ucfs=1&arphpl=1&checkin=2026-08-06&checkout=2026-08-07&dest_id=-2767043&dest_type=city&group_adults=2&req_adults=2&no_rooms=1&group_children=0&req_children=0&hpos=22&hapos=806&sr_order=popularity&srpvid=7b4f562059d9004c&srepoch=1785759443&all_sr_blocks=1462471901_417553712_3_0_0&highlighted_blocks=1462471901_417553712_3_0_0&matching_block_id=1462471901_417553712_3_0_0&sr_pri_blocks=1462471901_417553712_3_0_0__1400000&from=searchresults,14000,,,Lahore,12.4,One-Bedroom Premium Apartment,"2 beds (1 double, 1 sofa bed)",0,1,1,https://cf.bstatic.com/xdata/images/hotel/square240/719054024.webp?k=5df4bf19c66639ead3b28c6670e5f651cd023bb02c670a60445e117ee81d554c&o=,4,Lahore
The Noir 2BHK,https://www.booking.com/hotel/pk/the-noir-2bhk.en-gb.html?aid=304142&label=gen173nr-10CAQoggJCDWNpdHlfLTI3NjcwNDNICVgEaLUBiAEBmAEzuAEHyAEM2AED6AEB-AEBiAIBqAIBuALBjMLTBsACAdICJDRlYmVmMGVjLTBmMjctNDNkNS05MDQ0LWY2ZTFmMzRjMjI5M9gCAeACAQ&ucfs=1&arphpl=1&checkin=2026-08-06&checkout=2026-08-07&dest_id=-2767043&dest_type=city&group_adults=2&req_adults=2&no_rooms=1&group_children=0&req_children=0&hpos=23&hapos=807&sr_order=popularity&srpvid=7b4f562059d9004c&srepoch=1785759443&all_sr_blocks=1680727101_439827736_6_0_0&highlighted_blocks=1680727101_439827736_6_0_0&matching_block_id=1680727101_439827736_6_0_0&sr_pri_blocks=1680727101_439827736_6_0_0__644640&from=searchresults,6446,,,Lahore,24.5,Two-Bedroom Apartment,1 double bed,0,1,1,https://cf.bstatic.com/xdata/images/hotel/square240/891281263.webp?k=782cffefcd01e44263e734bc52b651fbf26249117fd5b1699956d815c3762094&o=,5,Lahore
Goldcrest Alfatah Mall - Luxury Apartments by Alvis Suite,https://www.booking.com/hotel/pk/the-avenair-gulburg-one-bedroom-apartment-by-alvis-suite.en-gb.html?aid=304142&label=gen173nr-10CAQoggJCDWNpdHlfLTI3NjcwNDNICVgEaLUBiAEBmAEzuAEHyAEM2AED6AEB-AEBiAIBqAIBuALBjMLTBsACAdICJDRlYmVmMGVjLTBmMjctNDNkNS05MDQ0LWY2ZTFmMzRjMjI5M9gCAeACAQ&ucfs=1&arphpl=1&checkin=2026-08-06&checkout=2026-08-07&dest_id=-2767043&dest_type=city&group_adults=2&req_adults=2&no_rooms=1&group_children=0&req_children=0&hpos=1&hapos=808&sr_order=popularity&srpvid=7b4f562059d9004c&srepoch=1785759452&all_sr_blocks=1617485201_432595389_2_0_0&highlighted_blocks=1617485201_432595389_2_0_0&matching_block_id=1617485201_432595389_2_0_0&sr_pri_blocks=1617485201_432595389_2_0_0__1890000&from=searchresults,18900,,,"Gulberg, Lahore (M.M. Allam Road)",5.7,One-Bedroom Apartment with Balcony and City View,"2 beds (1 extra-large double, 1 sofa bed)",0,1,1,https://cf.bstatic.com/xdata/images/hotel/square240/854093234.webp?k=fe208861603270c46e291d4e62b54b04aec23518d5b665935c0dd2818f8270d2&o=,12,Lahore
Indigo boutique apartment,https://www.booking.com/hotel/pk/indigo-boutique-apartment.en-gb.html?aid=304142&label=gen173nr-10CAQoggJCDWNpdHlfLTI3NjcwNDNICVgEaLUBiAEBmAEzuAEHyAEM2AED6AEB-AEBiAIBqAIBuALBjMLTBsACAdICJDRlYmVmMGVjLTBmMjctNDNkNS05MDQ0LWY2ZTFmMzRjMjI5M9gCAeACAQ&ucfs=1&arphpl=1&checkin=2026-08-06&checkout=2026-08-07&dest_id=-2767043&dest_type=city&group_adults=2&req_adults=2&no_rooms=1&group_children=0&req_children=0&hpos=2&hapos=809&sr_order=popularity&srpvid=7b4f562059d9004c&srepoch=1785759452&all_sr_blocks=1417673701_413444217_2_0_0&highlighted_blocks=1417673701_413444217_2_0_0&matching_block_id=1417673701_413444217_2_0_0&sr_pri_blocks=1417673701_413444217_2_0_0__1200000&from=searchresults,12000,,,"Gulberg, Lahore",6.7,Two-Bedroom Apartment,"3 beds (1 single, 1 double, 1 sofa bed)",0,1,1,https://cf.bstatic.com/xdata/images/hotel/square240/684598538.webp?k=70765d26863769678a6f06bd47cb00dcc8518f3ec5ed09107844e46ab4b9b05f&o=,4,Lahore
Avenair Gulberg - Executive One-Bed Apartment By Alvis Suite,https://www.booking.com/hotel/pk/avenair-gulberg-executive-one-bed-apartment-by-alvis-suite.en-gb.html?aid=304142&label=gen173nr-10CAQoggJCDWNpdHlfLTI3NjcwNDNICVgEaLUBiAEBmAEzuAEHyAEM2AED6AEB-AEBiAIBqAIBuALBjMLTBsACAdICJDRlYmVmMGVjLTBmMjctNDNkNS05MDQ0LWY2ZTFmMzRjMjI5M9gCAeACAQ&ucfs=1&arphpl=1&checkin=2026-08-06&checkout=2026-08-07&dest_id=-2767043&dest_type=city&group_adults=2&req_adults=2&no_rooms=1&group_children=0&req_children=0&hpos=3&hapos=810&sr_order=popularity&srpvid=7b4f562059d9004c&srepoch=1785759452&all_sr_blocks=1604992701_431424648_2_0_0&highlighted_blocks=1604992701_431424648_2_0_0&matching_block_id=1604992701_431424648_2_0_0&sr_pri_blocks=1604992701_431424648_2_0_0__1603800&from=searchresults,16038,1.0,1.0,"Gulberg, Lahore",5.9,One-Bedroom Apartment,1 double bed,0,0,0,https://cf.bstatic.com/xdata/images/hotel/square240/841784696.webp?k=f97a59cc6b9f19daad8dc8aec604a2b20bfe11217b150dd334bbd47d1c5380c4&o=,10,Lahore
Royal Stays,https://www.booking.com/hotel/pk/royal-stays-lahore1.en-gb.html?aid=304142&label=gen173nr-10CAQoggJCDWNpdHlfLTI3NjcwNDNICVgEaLUBiAEBmAEzuAEHyAEM2AED6AEB-AEBiAIBqAIBuALBjMLTBsACAdICJDRlYmVmMGVjLTBmMjctNDNkNS05MDQ0LWY2ZTFmMzRjMjI5M9gCAeACAQ&ucfs=1&arphpl=1&checkin=2026-08-06&checkout=2026-08-07&dest_id=-2767043&dest_type=city&group_adults=2&req_adults=2&no_rooms=1&group_children=0&req_children=0&hpos=4&hapos=811&sr_order=popularity&srpvid=7b4f562059d9004c&srepoch=1785759452&all_sr_blocks=1614728601_432352736_3_0_0&highlighted_blocks=1614728601_432352736_3_0_0&matching_block_id=1614728601_432352736_3_0_0&sr_pri_blocks=1614728601_432352736_3_0_0__1000000&from=searchresults,10000,,,Lahore,25.2,One-Bedroom Apartment,"2 beds (1 double, 1 sofa bed)",0,1,1,https://cf.bstatic.com/xdata/images/hotel/square240/849783507.webp?k=33cf4b46f383f215433524d0d1c15cfb61e851cc69e394b6a33c7ee9168c1cd7&o=,4,Lahore
2 Bed well furnished appartment,https://www.booking.com/hotel/pk/2-bed-well-furnished-appartment.en-gb.html?aid=304142&label=gen173nr-10CAQoggJCDWNpdHlfLTI3NjcwNDNICVgEaLUBiAEBmAEzuAEHyAEM2AED6AEB-AEBiAIBqAIBuALBjMLTBsACAdICJDRlYmVmMGVjLTBmMjctNDNkNS05MDQ0LWY2ZTFmMzRjMjI5M9gCAeACAQ&ucfs=1&arphpl=1&checkin=2026-08-06&checkout=2026-08-07&dest_id=-2767043&dest_type=city&group_adults=2&req_adults=2&no_rooms=1&group_children=0&req_children=0&hpos=5&hapos=812&sr_order=popularity&srpvid=7b4f562059d9004c&srepoch=1785759452&all_sr_blocks=1644886401_434570651_5_0_0&highlighted_blocks=1644886401_434570651_5_0_0&matching_block_id=1644886401_434570651_5_0_0&sr_pri_blocks=1644886401_434570651_5_0_0__1200000&from=searchresults,12000,,,Lahore,13.1,One-Bedroom Apartment,"3 beds (2 doubles, 1 sofa bed)",0,1,1,https://cf.bstatic.com/xdata/images/hotel/square240/869415408.webp?k=f54f5005546732db8b047dc385bb3ac4c117b4c967a8fb25c2b95ef0053c1c6b&o=,5,Lahore
Executive Guest Room - Helcion Residency,https://www.booking.com/hotel/pk/executive-guest-room-helcion-residency.en-gb.html?aid=304142&label=gen173nr-10CAQoggJCDWNpdHlfLTI3NjcwNDNICVgEaLUBiAEBmAEzuAEHyAEM2AED6AEB-AEBiAIBqAIBuALBjMLTBsACAdICJDRlYmVmMGVjLTBmMjctNDNkNS05MDQ0LWY2ZTFmMzRjMjI5M9gCAeACAQ&ucfs=1&arphpl=1&checkin=2026-08-06&checkout=2026-08-07&dest_id=-2767043&dest_type=city&group_adults=2&req_adults=2&no_rooms=1&group_children=0&req_children=0&hpos=6&hapos=813&sr_order=popularity&srpvid=7b4f562059d9004c&srepoch=1785759452&all_sr_blocks=1694528201_441111031_2_1_0&highlighted_blocks=1694528201_441111031_2_1_0&matching_block_id=1694528201_441111031_2_1_0&sr_pri_blocks=1694528201_441111031_2_1_0__612000&from=searchresults,6120,,,Lahore,16.8,Double Room,1 double bed,1,1,1,https://cf.bstatic.com/xdata/images/hotel/square240/899177963.webp?k=4216314a6b58e5c6e4919a787edce2667aca53120fb0ea6bd01ac3ae7c9e98c2&o=,6,Lahore
Executive One Bedroom Suite by Alvis Suite,https://www.booking.com/hotel/pk/executive-one-bedroom-suite-by-alvis-suite.en-gb.html?aid=304142&label=gen173nr-10CAQoggJCDWNpdHlfLTI3NjcwNDNICVgEaLUBiAEBmAEzuAEHyAEM2AED6AEB-AEBiAIBqAIBuALBjMLTBsACAdICJDRlYmVmMGVjLTBmMjctNDNkNS05MDQ0LWY2ZTFmMzRjMjI5M9gCAeACAQ&ucfs=1&arphpl=1&checkin=2026-08-06&checkout=2026-08-07&dest_id=-2767043&dest_type=city&group_adults=2&req_adults=2&no_rooms=1&group_children=0&req_children=0&hpos=7&hapos=814&sr_order=popularity&srpvid=7b4f562059d9004c&srepoch=1785759452&all_sr_blocks=1677317701_439457659_2_0_0&highlighted_blocks=1677317701_439457659_2_0_0&matching_block_id=1677317701_439457659_2_0_0&sr_pri_blocks=1677317701_439457659_2_0_0__1166200&from=searchresults,11662,,,Lahore,12.0,One-Bedroom Apartment,1 double bed,0,1,1,https://cf.bstatic.com/xdata/images/hotel/square240/889305004.webp?k=f3912f28387872465765db389c0e7167a11d869d6b0ccd7782887e3525c332a3&o=,13,Lahore
"Haven Lodge Lahore by Haven Holiday Homes - Deluxe Family Rooms with attached bath, AC & TV",https://www.booking.com/hotel/pk/haven-lodge-lahore-deluxe-rooms-with-attached-bath-ac-amp-tv.en-gb.html?aid=304142&label=gen173nr-10CAQoggJCDWNpdHlfLTI3NjcwNDNICVgEaLUBiAEBmAEzuAEHyAEM2AED6AEB-AEBiAIBqAIBuALBjMLTBsACAdICJDRlYmVmMGVjLTBmMjctNDNkNS05MDQ0LWY2ZTFmMzRjMjI5M9gCAeACAQ&ucfs=1&arphpl=1&checkin=2026-08-06&checkout=2026-08-07&dest_id=-2767043&dest_type=city&group_adults=2&req_adults=2&no_rooms=1&group_children=0&req_children=0&hpos=8&hapos=815&sr_order=popularity&srpvid=7b4f562059d9004c&srepoch=1785759452&all_sr_blocks=1366272801_408909147_2_42_0&highlighted_blocks=1366272801_408909147_2_42_0&matching_block_id=1366272801_408909147_2_42_0&sr_pri_blocks=1366272801_408909147_2_42_0__630000&from=searchresults,6300,,,Lahore,14.7,Family Room with Private Bathroom,"2 beds (1 single, 1 large double)",0,0,0,https://cf.bstatic.com/xdata/images/hotel/square240/824109792.webp?k=6b1f067becf864b7e60e272cbbaa25e024b8c3c3729b5fd8bdb14ecbbbcc8ae7&o=,10,Lahore
Indigo Gulberg Designer 'Japandi' theme 1 BHK,https://www.booking.com/hotel/pk/designer-japandi-theme-1-bhk-indigo-apartment.en-gb.html?aid=304142&label=gen173nr-10CAQoggJCDWNpdHlfLTI3NjcwNDNICVgEaLUBiAEBmAEzuAEHyAEM2AED6AEB-AEBiAIBqAIBuALBjMLTBsACAdICJDRlYmVmMGVjLTBmMjctNDNkNS05MDQ0LWY2ZTFmMzRjMjI5M9gCAeACAQ&ucfs=1&arphpl=1&checkin=2026-08-06&checkout=2026-08-07&dest_id=-2767043&dest_type=city&group_adults=2&req_adults=2&no_rooms=1&group_children=0&req_children=0&hpos=9&hapos=816&sr_order=popularity&srpvid=7b4f562059d9004c&srepoch=1785759452&all_sr_blocks=1515460001_423256537_4_0_0&highlighted_blocks=1515460001_423256537_4_0_0&matching_block_id=1515460001_423256537_4_0_0&sr_pri_blocks=1515460001_423256537_4_0_0__1275000&from=searchresults,12750,,,Lahore,5.2,One-Bedroom Apartment,"2 beds (1 double, 1 sofa bed)",0,1,1,https://cf.bstatic.com/xdata/images/hotel/square240/850882090.webp?k=aa9bb8b18bc722eebaccf05bae98296319f7b674f98d28cfb7ff1ff76fb98f35&o=,4,Lahore
"2 Bed Luxury Apartment, Pool, Gym, Cinema",https://www.booking.com/hotel/pk/2-bed-luxury-apartment-pool-gym-cinema.en-gb.html?aid=304142&label=gen173nr-10CAQoggJCDWNpdHlfLTI3NjcwNDNICVgEaLUBiAEBmAEzuAEHyAEM2AED6AEB-AEBiAIBqAIBuALBjMLTBsACAdICJDRlYmVmMGVjLTBmMjctNDNkNS05MDQ0LWY2ZTFmMzRjMjI5M9gCAeACAQ&ucfs=1&arphpl=1&checkin=2026-08-06&checkout=2026-08-07&dest_id=-2767043&dest_type=city&group_adults=2&req_adults=2&no_rooms=1&group_children=0&req_children=0&hpos=10&hapos=817&sr_order=popularity&srpvid=7b4f562059d9004c&srepoch=1785759452&all_sr_blocks=1157854101_388538761_4_0_0&highlighted_blocks=1157854101_388538761_4_0_0&matching_block_id=1157854101_388538761_4_0_0&sr_pri_blocks=1157854101_388538761_4_0_0__1620000&from=searchresults,16200,7.0,4.0,Lahore,18.4,Two-Bedroom Apartment,"5 beds (3 sofa beds, 2 large doubles)",0,0,0,https://cf.bstatic.com/xdata/images/hotel/square240/602823685.webp?k=ca77343a2f416eef7c59b4f23abf8e3e8b9edeb0a318d5ea5624594bac9de049&o=,8,Lahore
Serviced Two Bedroom Apartment - Gold Crest Mall - DHA Lahore,https://www.booking.com/hotel/pk/serviced-two-bedroom-apartment-gold-crest-mall-dha-lahore.en-gb.html?aid=304142&label=gen173nr-10CAQoggJCDWNpdHlfLTI3NjcwNDNICVgEaLUBiAEBmAEzuAEHyAEM2AED6AEB-AEBiAIBqAIBuALBjMLTBsACAdICJDRlYmVmMGVjLTBmMjctNDNkNS05MDQ0LWY2ZTFmMzRjMjI5M9gCAeACAQ&ucfs=1&arphpl=1&checkin=2026-08-06&checkout=2026-08-07&dest_id=-2767043&dest_type=city&group_adults=2&req_adults=2&no_rooms=1&group_children=0&req_children=0&hpos=11&hapos=818&sr_order=popularity&srpvid=7b4f562059d9004c&srepoch=1785759452&all_sr_blocks=1652969401_437261216_3_0_0&highlighted_blocks=1652969401_437261216_3_0_0&matching_block_id=1652969401_437261216_3_0_0&sr_pri_blocks=1652969401_437261216_3_0_0__2328000&from=searchresults,23280,,,Lahore,12.0,One-Bedroom Apartment,"3 beds (2 doubles, 1 sofa bed)",0,1,1,https://cf.bstatic.com/xdata/images/hotel/square240/874070135.webp?k=35cb2f18917a303d23df0aa27ae2eb957f65f21e33f30b43e233388e29cb0bf7&o=,5,Lahore
TR Residence,https://www.booking.com/hotel/pk/zameer-opal.en-gb.html?aid=304142&label=gen173nr-10CAQoggJCDWNpdHlfLTI3NjcwNDNICVgEaLUBiAEBmAEzuAEHyAEM2AED6AEB-AEBiAIBqAIBuALBjMLTBsACAdICJDRlYmVmMGVjLTBmMjctNDNkNS05MDQ0LWY2ZTFmMzRjMjI5M9gCAeACAQ&ucfs=1&arphpl=1&checkin=2026-08-06&checkout=2026-08-07&dest_id=-2767043&dest_type=city&group_adults=2&req_adults=2&no_rooms=1&group_children=0&req_children=0&hpos=12&hapos=819&sr_order=popularity&srpvid=7b4f562059d9004c&srepoch=1785759452&all_sr_blocks=1590410601_430142854_3_0_0&highlighted_blocks=1590410601_430142854_3_0_0&matching_block_id=1590410601_430142854_3_0_0&sr_pri_blocks=1590410601_430142854_3_0_0__1948000&from=searchresults,19480,,,Lahore,15.8,Two-Bedroom Apartment,"4 beds (3 doubles, 1 sofa bed)",0,1,1,https://cf.bstatic.com/xdata/images/hotel/square240/830004138.webp?k=ada10207620a7fa4b0ac90c59a54171bb6cc8b5613fac252dafc1f641d935035&o=,4,Lahore
Goldcrest Alfatah Mall - One Bedroom Suite by Alvis Suite - Free Parking,https://www.booking.com/hotel/pk/platinum-one-bedroom-suite-by-alvis-suite-lahore.en-gb.html?aid=304142&label=gen173nr-10CAQoggJCDWNpdHlfLTI3NjcwNDNICVgEaLUBiAEBmAEzuAEHyAEM2AED6AEB-AEBiAIBqAIBuALBjMLTBsACAdICJDRlYmVmMGVjLTBmMjctNDNkNS05MDQ0LWY2ZTFmMzRjMjI5M9gCAeACAQ&ucfs=1&arphpl=1&checkin=2026-08-06&checkout=2026-08-07&dest_id=-2767043&dest_type=city&group_adults=2&req_adults=2&no_rooms=1&group_children=0&req_children=0&hpos=13&hapos=820&sr_order=popularity&srpvid=7b4f562059d9004c&srepoch=1785759452&all_sr_blocks=1683645601_440334289_3_0_0&highlighted_blocks=1683645601_440334289_3_0_0&matching_block_id=1683645601_440334289_3_0_0&sr_pri_blocks=1683645601_440334289_3_0_0__1409175&from=searchresults,14092,,,Lahore,12.0,One-Bedroom Apartment with Balcony,"2 beds (1 extra-large double, 1 sofa bed)",0,1,1,https://cf.bstatic.com/xdata/images/hotel/square240/895235493.webp?k=ebcfa65244bf1106b63e6dd37969b80112ceea9df18d1f1bfe3bcf523c48445c&o=,11,Lahore
Peace Apartment,https://www.booking.com/hotel/pk/peace-apartment-lahore.en-gb.html?aid=304142&label=gen173nr-10CAQoggJCDWNpdHlfLTI3NjcwNDNICVgEaLUBiAEBmAEzuAEHyAEM2AED6AEB-AEBiAIBqAIBuALBjMLTBsACAdICJDRlYmVmMGVjLTBmMjctNDNkNS05MDQ0LWY2ZTFmMzRjMjI5M9gCAeACAQ&ucfs=1&arphpl=1&checkin=2026-08-06&checkout=2026-08-07&dest_id=-2767043&dest_type=city&group_adults=2&req_adults=2&no_rooms=1&group_children=0&req_children=0&hpos=14&hapos=821&sr_order=popularity&srpvid=7b4f562059d9004c&srepoch=1785759452&all_sr_blocks=1696455701_441331877_5_0_0&highlighted_blocks=1696455701_441331877_5_0_0&matching_block_id=1696455701_441331877_5_0_0&sr_pri_blocks=1696455701_441331877_5_0_0__807500&from=searchresults,8075,,,Lahore,22.0,Two-Bedroom Apartment,"3 beds (2 doubles, 1 sofa bed)",0,1,1,https://cf.bstatic.com/xdata/images/hotel/square240/900498285.webp?k=f24c65bda2f9c2f06a1f8c4397eb9ad335d0c142a298cc772b23e18b7ec49172&o=,4,Lahore
Innova Residencia,https://www.booking.com/hotel/pk/innova-residencia.en-gb.html?aid=304142&label=gen173nr-10CAQoggJCDWNpdHlfLTI3NjcwNDNICVgEaLUBiAEBmAEzuAEHyAEM2AED6AEB-AEBiAIBqAIBuALBjMLTBsACAdICJDRlYmVmMGVjLTBmMjctNDNkNS05MDQ0LWY2ZTFmMzRjMjI5M9gCAeACAQ&ucfs=1&arphpl=1&checkin=2026-08-06&checkout=2026-08-07&dest_id=-2767043&dest_type=city&group_adults=2&req_adults=2&no_rooms=1&group_children=0&req_children=0&hpos=15&hapos=822&sr_order=popularity&srpvid=7b4f562059d9004c&srepoch=1785759452&all_sr_blocks=1644366101_434549403_3_0_0&highlighted_blocks=1644366101_434549403_3_0_0&matching_block_id=1644366101_434549403_3_0_0&sr_pri_blocks=1644366101_434549403_3_0_0__840000&from=searchresults,8400,,,Lahore,24.8,One-Bedroom Apartment,"2 beds (1 double, 1 sofa bed)",0,1,1,https://cf.bstatic.com/xdata/images/hotel/square240/869078818.webp?k=0a2c60b705398ebcda2c4c1d35835f04e940535dea1c9fb6ea933a4218758ba9&o=,5,Lahore
Presidential One-Bed Apartment - Goldcrest Mall and Residency,https://www.booking.com/hotel/pk/presidential-one-bed-apartment-goldcrest-mall-and-residency.en-gb.html?aid=304142&label=gen173nr-10CAQoggJCDWNpdHlfLTI3NjcwNDNICVgEaLUBiAEBmAEzuAEHyAEM2AED6AEB-AEBiAIBqAIBuALBjMLTBsACAdICJDRlYmVmMGVjLTBmMjctNDNkNS05MDQ0LWY2ZTFmMzRjMjI5M9gCAeACAQ&ucfs=1&arphpl=1&checkin=2026-08-06&checkout=2026-08-07&dest_id=-2767043&dest_type=city&group_adults=2&req_adults=2&no_rooms=1&group_children=0&req_children=0&hpos=16&hapos=823&sr_order=popularity&srpvid=7b4f562059d9004c&srepoch=1785759452&all_sr_blocks=1629879401_433554460_3_0_0&highlighted_blocks=1629879401_433554460_3_0_0&matching_block_id=1629879401_433554460_3_0_0&sr_pri_blocks=1629879401_433554460_3_0_0__1648350&from=searchresults,16484,,,Lahore,12.1,One-Bedroom Apartment,1 extra-large double bed,0,0,0,https://cf.bstatic.com/xdata/images/hotel/square240/861339648.webp?k=938d24b79b6756971f4568e25f4b950521053e78cd1b15f299b2b1afd617916f&o=,10,Lahore
Air avenue apartments dha phase 8,https://www.booking.com/hotel/pk/air-avenue-apartments-dha-phase-8.en-gb.html?aid=304142&label=gen173nr-10CAQoggJCDWNpdHlfLTI3NjcwNDNICVgEaLUBiAEBmAEzuAEHyAEM2AED6AEB-AEBiAIBqAIBuALBjMLTBsACAdICJDRlYmVmMGVjLTBmMjctNDNkNS05MDQ0LWY2ZTFmMzRjMjI5M9gCAeACAQ&ucfs=1&arphpl=1&checkin=2026-08-06&checkout=2026-08-07&dest_id=-2767043&dest_type=city&group_adults=2&req_adults=2&no_rooms=1&group_children=0&req_children=0&hpos=17&hapos=824&sr_order=popularity&srpvid=7b4f562059d9004c&srepoch=1785759452&all_sr_blocks=1627768401_433411500_2_0_0&highlighted_blocks=1627768401_433411500_2_0_0&matching_block_id=1627768401_433411500_2_0_0&sr_pri_blocks=1627768401_433411500_2_0_0__1400000&from=searchresults,14000,,,Lahore,14.5,One-Bedroom Apartment,1 large double bed,0,1,1,https://cf.bstatic.com/xdata/images/hotel/square240/860210498.webp?k=561dd16049d8a32c93e72ab8fd7cdc3d8c03703e5f843fb385fb965cbd64fd68&o=,4,Lahore
Central City Stay,https://www.booking.com/hotel/pk/central-city-stay.en-gb.html?aid=304142&label=gen173nr-10CAQoggJCDWNpdHlfLTI3NjcwNDNICVgEaLUBiAEBmAEzuAEHyAEM2AED6AEB-AEBiAIBqAIBuALBjMLTBsACAdICJDRlYmVmMGVjLTBmMjctNDNkNS05MDQ0LWY2ZTFmMzRjMjI5M9gCAeACAQ&ucfs=1&arphpl=1&checkin=2026-08-06&checkout=2026-08-07&dest_id=-2767043&dest_type=city&group_adults=2&req_adults=2&no_rooms=1&group_children=0&req_children=0&hpos=18&hapos=825&sr_order=popularity&srpvid=7b4f562059d9004c&srepoch=1785759452&all_sr_blocks=1621440401_432951583_3_0_0&highlighted_blocks=1621440401_432951583_3_0_0&matching_block_id=1621440401_432951583_3_0_0&sr_pri_blocks=1621440401_432951583_3_0_0__1500000&from=searchresults,15000,,,Lahore,6.1,One-Bedroom Apartment,1 double bed,0,1,1,https://cf.bstatic.com/xdata/images/hotel/square240/856416064.webp?k=b4e6acb51d4ee261d399436cc18599acd101f7717e66ce579fcd9699403538f6&o=,4,Lahore
Dawood Apartments Bahria Town Lahore,https://www.booking.com/hotel/pk/daowood-apartments.en-gb.html?aid=304142&label=gen173nr-10CAQoggJCDWNpdHlfLTI3NjcwNDNICVgEaLUBiAEBmAEzuAEHyAEM2AED6AEB-AEBiAIBqAIBuALBjMLTBsACAdICJDRlYmVmMGVjLTBmMjctNDNkNS05MDQ0LWY2ZTFmMzRjMjI5M9gCAeACAQ&ucfs=1&arphpl=1&checkin=2026-08-06&checkout=2026-08-07&dest_id=-2767043&dest_type=city&group_adults=2&req_adults=2&no_rooms=1&group_children=0&req_children=0&hpos=19&hapos=826&sr_order=popularity&srpvid=7b4f562059d9004c&srepoch=1785759452&all_sr_blocks=1614773101_432358543_4_0_0&highlighted_blocks=1614773101_432358543_4_0_0&matching_block_id=1614773101_432358543_4_0_0&sr_pri_blocks=1614773101_432358543_4_0_0__750000&from=searchresults,7500,,,Lahore,26.4,One-Bedroom Apartment,"2 beds (1 double, 1 sofa bed)",0,1,1,https://cf.bstatic.com/xdata/images/hotel/square240/849836711.webp?k=5dfef26317f32c8e3731ce7512d06dc24ae8eb6ff5fef6afb1e4888561546542&o=,4,Lahore
Sweet Home Hotel Apartments Bahria Town,https://www.booking.com/hotel/pk/sweet-home-apartments.en-gb.html?aid=304142&label=gen173nr-10CAQoggJCDWNpdHlfLTI3NjcwNDNICVgEaLUBiAEBmAEzuAEHyAEM2AED6AEB-AEBiAIBqAIBuALBjMLTBsACAdICJDRlYmVmMGVjLTBmMjctNDNkNS05MDQ0LWY2ZTFmMzRjMjI5M9gCAeACAQ&ucfs=1&arphpl=1&checkin=2026-08-06&checkout=2026-08-07&dest_id=-2767043&dest_type=city&group_adults=2&req_adults=2&no_rooms=1&group_children=0&req_children=0&hpos=20&hapos=827&sr_order=popularity&srpvid=7b4f562059d9004c&srepoch=1785759452&all_sr_blocks=1002935902_432693891_0_0_0&highlighted_blocks=1002935902_432693891_0_0_0&matching_block_id=1002935902_432693891_0_0_0&sr_pri_blocks=1002935902_432693891_0_0_0__1214919&from=searchresults,12149,1.0,1.0,Lahore,25.3,Family Two-Bedroom Apartment with View,2 extra-large double beds,0,0,0,https://cf.bstatic.com/xdata/images/hotel/square240/839071312.webp?k=3939a2abac6b99ea58f77fd81c1e283172564efc32cb2f40bc083b1dff0adc32&o=,10,Lahore
Gold Crest Residency - Signature 2 Bedrooms Suite With Pool Table DHA Lahore,https://www.booking.com/hotel/pk/gold-crest-signature-apartments-lahore1.en-gb.html?aid=304142&label=gen173nr-10CAQoggJCDWNpdHlfLTI3NjcwNDNICVgEaLUBiAEBmAEzuAEHyAEM2AED6AEB-AEBiAIBqAIBuALBjMLTBsACAdICJDRlYmVmMGVjLTBmMjctNDNkNS05MDQ0LWY2ZTFmMzRjMjI5M9gCAeACAQ&ucfs=1&arphpl=1&checkin=2026-08-06&checkout=2026-08-07&dest_id=-2767043&dest_type=city&group_adults=2&req_adults=2&no_rooms=1&group_children=0&req_children=0&hpos=21&hapos=828&sr_order=popularity&srpvid=7b4f562059d9004c&srepoch=1785759452&all_sr_blocks=1699576601_441605307_6_2_0&highlighted_blocks=1699576601_441605307_6_2_0&matching_block_id=1699576601_441605307_6_2_0&sr_pri_blocks=1699576601_441605307_6_2_0__3564000&from=searchresults,35640,,,Lahore,12.0,Two-Bedroom Suite,"3 beds (2 extra-large doubles, 1 sofa bed)",0,0,0,https://cf.bstatic.com/xdata/images/hotel/square240/902176383.webp?k=8eaeafbe0fed4e2dadc1b928c90808b5d5ea95f37bced2960b0577f5cfa366ea&o=,3,Lahore
Hotel Prime Lahore,https://www.booking.com/hotel/pk/prime-johar-town.en-gb.html?aid=304142&label=gen173nr-10CAQoggJCDWNpdHlfLTI3NjcwNDNICVgEaLUBiAEBmAEzuAEHyAEM2AED6AEB-AEBiAIBqAIBuALBjMLTBsACAdICJDRlYmVmMGVjLTBmMjctNDNkNS05MDQ0LWY2ZTFmMzRjMjI5M9gCAeACAQ&ucfs=1&arphpl=1&checkin=2026-08-06&checkout=2026-08-07&dest_id=-2767043&dest_type=city&group_adults=2&req_adults=2&no_rooms=1&group_children=0&req_children=0&hpos=22&hapos=829&sr_order=popularity&srpvid=7b4f562059d9004c&srepoch=1785759452&all_sr_blocks=1131447501_389036108_0_1_0&highlighted_blocks=1131447501_389036108_0_1_0&matching_block_id=1131447501_389036108_0_1_0&sr_pri_blocks=1131447501_389036108_0_1_0__546000&from=searchresults,5460,6.5,45.0,"Johar Town, Lahore",13.4,Deluxe Double Room,1 double bed,1,1,0,https://cf.bstatic.com/xdata/images/hotel/square240/522944896.webp?k=fb5cfd1c7ef9c542dd496e012082c5d85b6231aadbdcaa243f1cba00e470b416&o=,10,Lahore
The Serene Nook 1Bed Apartment,https://www.booking.com/hotel/pk/the-serene-nook-1bed-apartment.en-gb.html?aid=304142&label=gen173nr-10CAQoggJCDWNpdHlfLTI3NjcwNDNICVgEaLUBiAEBmAEzuAEHyAEM2AED6AEB-AEBiAIBqAIBuALBjMLTBsACAdICJDRlYmVmMGVjLTBmMjctNDNkNS05MDQ0LWY2ZTFmMzRjMjI5M9gCAeACAQ&ucfs=1&arphpl=1&checkin=2026-08-06&checkout=2026-08-07&dest_id=-2767043&dest_type=city&group_adults=2&req_adults=2&no_rooms=1&group_children=0&req_children=0&hpos=23&hapos=830&sr_order=popularity&srpvid=7b4f562059d9004c&srepoch=1785759452&all_sr_blocks=1696494601_441336824_3_0_0&highlighted_blocks=1696494601_441336824_3_0_0&matching_block_id=1696494601_441336824_3_0_0&sr_pri_blocks=1696494601_441336824_3_0_0__795600&from=searchresults,7956,,,Lahore,14.8,One-Bedroom Apartment,"2 beds (1 extra-large double, 1 sofa bed)",0,1,1,https://cf.bstatic.com/xdata/images/hotel/square240/900519519.webp?k=c2f2f47011aec7a47944093f34ad1e5649973c5eb06c58b545139852e59478b1&o=,5,Lahore
3BR Luxury Cozy Home DHA,https://www.booking.com/hotel/pk/3br-luxury-cozy-home-dha.en-gb.html?aid=304142&label=gen173nr-10CAQoggJCDWNpdHlfLTI3NjcwNDNICVgEaLUBiAEBmAEzuAEHyAEM2AED6AEB-AEBiAIBqAIBuALBjMLTBsACAdICJDRlYmVmMGVjLTBmMjctNDNkNS05MDQ0LWY2ZTFmMzRjMjI5M9gCAeACAQ&ucfs=1&arphpl=1&checkin=2026-08-06&checkout=2026-08-07&dest_id=-2767043&dest_type=city&group_adults=2&req_adults=2&no_rooms=1&group_children=0&req_children=0&hpos=24&hapos=831&sr_order=popularity&srpvid=7b4f562059d9004c&srepoch=1785759452&all_sr_blocks=1565808201_427701680_10_0_0&highlighted_blocks=1565808201_427701680_10_0_0&matching_block_id=1565808201_427701680_10_0_0&sr_pri_blocks=1565808201_427701680_10_0_0__2000000&from=searchresults,20000,,,Lahore,17.6,Three-Bedroom House,"5 beds (1 double, 3 sofa beds, 1 futon)",0,1,1,https://cf.bstatic.com/xdata/images/hotel/square240/809849761.webp?k=69cea6ec71af28838502ce85810d5d48d3cca721ebf46c0951c485863e71a771&o=,4,Lahore
Luxury Goldcrest 2BR with Pool Table & Cinema,https://www.booking.com/hotel/pk/luxury-goldcrest-2br-with-pool-table-amp-cinema.en-gb.html?aid=304142&label=gen173nr-10CAQoggJCDWNpdHlfLTI3NjcwNDNICVgEaLUBiAEBmAEzuAEHyAEM2AED6AEB-AEBiAIBqAIBuALBjMLTBsACAdICJDRlYmVmMGVjLTBmMjctNDNkNS05MDQ0LWY2ZTFmMzRjMjI5M9gCAeACAQ&ucfs=1&arphpl=1&checkin=2026-08-06&checkout=2026-08-07&dest_id=-2767043&dest_type=city&group_adults=2&req_adults=2&no_rooms=1&group_children=0&req_children=0&hpos=1&hapos=832&sr_order=popularity&srpvid=7b4f562059d9004c&srepoch=1785759459&all_sr_blocks=1540846701_425487436_6_0_0&highlighted_blocks=1540846701_425487436_6_0_0&matching_block_id=1540846701_425487436_6_0_0&sr_pri_blocks=1540846701_425487436_6_0_0__2800000&from=searchresults,28000,,,Lahore,12.1,Two-Bedroom Apartment,"4 beds (3 sofa beds, 1 large double)",0,1,1,https://cf.bstatic.com/xdata/images/hotel/square240/788356924.webp?k=c8ab923bf460b2d9a23b80ef98853926504af06dd91928ab1d1dbc819c08b80d&o=,4,Lahore
GOLDCREST MALL AND RESIDENCY - DELUXE ONE BED APARTMENT By ALVIS SUITE,https://www.booking.com/hotel/pk/goldcrest-mall-and-residency-deluxe-one-bed-apartment-by-alvis-suite.en-gb.html?aid=304142&label=gen173nr-10CAQoggJCDWNpdHlfLTI3NjcwNDNICVgEaLUBiAEBmAEzuAEHyAEM2AED6AEB-AEBiAIBqAIBuALBjMLTBsACAdICJDRlYmVmMGVjLTBmMjctNDNkNS05MDQ0LWY2ZTFmMzRjMjI5M9gCAeACAQ&ucfs=1&arphpl=1&checkin=2026-08-06&checkout=2026-08-07&dest_id=-2767043&dest_type=city&group_adults=2&req_adults=2&no_rooms=1&group_children=0&req_children=0&hpos=2&hapos=833&sr_order=popularity&srpvid=7b4f562059d9004c&srepoch=1785759459&all_sr_blocks=1654125801_437362288_3_0_0&highlighted_blocks=1654125801_437362288_3_0_0&matching_block_id=1654125801_437362288_3_0_0&sr_pri_blocks=1654125801_437362288_3_0_0__1283040&from=searchresults,12830,,,Lahore,12.1,One-Bedroom Apartment,1 extra-large double bed,0,0,0,https://cf.bstatic.com/xdata/images/hotel/square240/880540310.webp?k=f417c7021306f86510789e07d3a39875125c56f79da8482415c3e02275ceba4c&o=,11,Lahore
Executive Penthouse Apartment - Goldcrest Mall and Residency,https://www.booking.com/hotel/pk/executive-penthouse-apartment-goldcrest-mall-and-residency.en-gb.html?aid=304142&label=gen173nr-10CAQoggJCDWNpdHlfLTI3NjcwNDNICVgEaLUBiAEBmAEzuAEHyAEM2AED6AEB-AEBiAIBqAIBuALBjMLTBsACAdICJDRlYmVmMGVjLTBmMjctNDNkNS05MDQ0LWY2ZTFmMzRjMjI5M9gCAeACAQ&ucfs=1&arphpl=1&checkin=2026-08-06&checkout=2026-08-07&dest_id=-2767043&dest_type=city&group_adults=2&req_adults=2&no_rooms=1&group_children=0&req_children=0&hpos=3&hapos=834&sr_order=popularity&srpvid=7b4f562059d9004c&srepoch=1785759459&all_sr_blocks=1631548301_433678221_3_0_0&highlighted_blocks=1631548301_433678221_3_0_0&matching_block_id=1631548301_433678221_3_0_0&sr_pri_blocks=1631548301_433678221_3_0_0__1871100&from=searchresults,18711,,,Lahore,12.1,One-Bedroom Apartment,1 double bed,0,0,0,https://cf.bstatic.com/xdata/images/hotel/square240/861914647.webp?k=b8a982014638d92e98f6d6770c3aab3c7e21e247b3abda22e7780c3dd568e984&o=,10,Lahore
Luxury Rooms Private Upper Floor in Lahore,https://www.booking.com/hotel/pk/luxury-rooms-amp-private-upper-floor-in-lahore.en-gb.html?aid=304142&label=gen173nr-10CAQoggJCDWNpdHlfLTI3NjcwNDNICVgEaLUBiAEBmAEzuAEHyAEM2AED6AEB-AEBiAIBqAIBuALBjMLTBsACAdICJDRlYmVmMGVjLTBmMjctNDNkNS05MDQ0LWY2ZTFmMzRjMjI5M9gCAeACAQ&ucfs=1&arphpl=1&checkin=2026-08-06&checkout=2026-08-07&dest_id=-2767043&dest_type=city&group_adults=2&req_adults=2&no_rooms=1&group_children=0&req_children=0&hpos=4&hapos=835&sr_order=popularity&srpvid=7b4f562059d9004c&srepoch=1785759459&all_sr_blocks=1669496401_438755735_2_0_0&highlighted_blocks=1669496401_438755735_2_0_0&matching_block_id=1669496401_438755735_2_0_0&sr_pri_blocks=1669496401_438755735_2_0_0__892500&from=searchresults,8925,,,Lahore,18.6,Three-Bedroom Apartment,"3 beds (2 doubles, 1 sofa bed)",0,1,1,https://cf.bstatic.com/xdata/images/hotel/square240/884827769.webp?k=d81f0c20d427dffb7caa23712b61f6b6dfbe1c7f6cecff4d6f12bb5b9f6b45aa&o=,4,Lahore
Black Pearl Studio,https://www.booking.com/hotel/pk/black-pearl-studio.en-gb.html?aid=304142&label=gen173nr-10CAQoggJCDWNpdHlfLTI3NjcwNDNICVgEaLUBiAEBmAEzuAEHyAEM2AED6AEB-AEBiAIBqAIBuALBjMLTBsACAdICJDRlYmVmMGVjLTBmMjctNDNkNS05MDQ0LWY2ZTFmMzRjMjI5M9gCAeACAQ&ucfs=1&arphpl=1&checkin=2026-08-06&checkout=2026-08-07&dest_id=-2767043&dest_type=city&group_adults=2&req_adults=2&no_rooms=1&group_children=0&req_children=0&hpos=5&hapos=836&sr_order=popularity&srpvid=7b4f562059d9004c&srepoch=1785759459&all_sr_blocks=1503497301_422047347_3_0_0&highlighted_blocks=1503497301_422047347_3_0_0&matching_block_id=1503497301_422047347_3_0_0&sr_pri_blocks=1503497301_422047347_3_0_0__595000&from=searchresults,5950,,,Lahore,24.3,One-Bedroom Apartment,1 double bed,0,1,1,https://cf.bstatic.com/xdata/images/hotel/square240/757218395.webp?k=7dadd4cf8c325b93ae4716ab355b5b1968bea243873440b85b963d613b9023da&o=,4,Lahore
Royal Two Bed Room Luxury Apartment Gulberg,https://www.booking.com/hotel/pk/royal-two-bed-room-furnished-apartments.en-gb.html?aid=304142&label=gen173nr-10CAQoggJCDWNpdHlfLTI3NjcwNDNICVgEaLUBiAEBmAEzuAEHyAEM2AED6AEB-AEBiAIBqAIBuALBjMLTBsACAdICJDRlYmVmMGVjLTBmMjctNDNkNS05MDQ0LWY2ZTFmMzRjMjI5M9gCAeACAQ&ucfs=1&arphpl=1&checkin=2026-08-06&checkout=2026-08-07&dest_id=-2767043&dest_type=city&group_adults=2&req_adults=2&no_rooms=1&group_children=0&req_children=0&hpos=6&hapos=837&sr_order=popularity&srpvid=7b4f562059d9004c&srepoch=1785759459&all_sr_blocks=569801401_217491039_0_0_0&highlighted_blocks=569801401_217491039_0_0_0&matching_block_id=569801401_217491039_0_0_0&sr_pri_blocks=569801401_217491039_0_0_0__1755000&from=searchresults,17550,7.4,7.0,"Gulberg, Lahore (M.M. Allam Road)",6.5,Apartment with Balcony,"3 beds (2 extra-large doubles, 1 sofa bed)",0,0,0,https://cf.bstatic.com/xdata/images/hotel/square240/305435973.webp?k=5a2064c41ae53537603a39cc55757c42513cb43d04a45be4fa83ac3539a65a62&o=,3,Lahore
Lake City Villa,https://www.booking.com/hotel/pk/lake-city-villa-lahore1.en-gb.html?aid=304142&label=gen173nr-10CAQoggJCDWNpdHlfLTI3NjcwNDNICVgEaLUBiAEBmAEzuAEHyAEM2AED6AEB-AEBiAIBqAIBuALBjMLTBsACAdICJDRlYmVmMGVjLTBmMjctNDNkNS05MDQ0LWY2ZTFmMzRjMjI5M9gCAeACAQ&ucfs=1&arphpl=1&checkin=2026-08-06&checkout=2026-08-07&dest_id=-2767043&dest_type=city&group_adults=2&req_adults=2&no_rooms=1&group_children=0&req_children=0&hpos=7&hapos=838&sr_order=popularity&srpvid=7b4f562059d9004c&srepoch=1785759459&all_sr_blocks=1543372101_425681105_8_0_0&highlighted_blocks=1543372101_425681105_8_0_0&matching_block_id=1543372101_425681105_8_0_0&sr_pri_blocks=1543372101_425681105_8_0_0__2500000&from=searchresults,25000,1.0,1.0,Lahore,24.5,Three-Bedroom Villa,1 large double bed,0,1,1,https://cf.bstatic.com/xdata/images/hotel/square240/790448398.webp?k=049bd853cd4dcc4b001d61f71d60a8aa18f0f910d23abbbcc3c34dba8f330a45&o=,4,Lahore
Cozy Studio Apartment,https://www.booking.com/hotel/pk/cozy-studio-penta-p5-self-checkin-wifi-cafe.en-gb.html?aid=304142&label=gen173nr-10CAQoggJCDWNpdHlfLTI3NjcwNDNICVgEaLUBiAEBmAEzuAEHyAEM2AED6AEB-AEBiAIBqAIBuALBjMLTBsACAdICJDRlYmVmMGVjLTBmMjctNDNkNS05MDQ0LWY2ZTFmMzRjMjI5M9gCAeACAQ&ucfs=1&arphpl=1&checkin=2026-08-06&checkout=2026-08-07&dest_id=-2767043&dest_type=city&group_adults=2&req_adults=2&no_rooms=1&group_children=0&req_children=0&hpos=8&hapos=839&sr_order=popularity&srpvid=7b4f562059d9004c&srepoch=1785759459&all_sr_blocks=1433627301_414910124_2_0_0&highlighted_blocks=1433627301_414910124_2_0_0&matching_block_id=1433627301_414910124_2_0_0&sr_pri_blocks=1433627301_414910124_2_0_0__1035000&from=searchresults,10350,,,Lahore,14.2,Superior Studio,1 extra-large double bed,0,0,0,https://cf.bstatic.com/xdata/images/hotel/square240/695055734.webp?k=35041db0af3e879da4b60a5f2537d77c343cd6175ad41859302d2f35676c1a9b&o=,11,Lahore
Luxury 2BHK DHA Phase 8 Air Avenue 10 Mins to Airport,https://www.booking.com/hotel/pk/luxury-apartments-dha-phase-8-lahore.en-gb.html?aid=304142&label=gen173nr-10CAQoggJCDWNpdHlfLTI3NjcwNDNICVgEaLUBiAEBmAEzuAEHyAEM2AED6AEB-AEBiAIBqAIBuALBjMLTBsACAdICJDRlYmVmMGVjLTBmMjctNDNkNS05MDQ0LWY2ZTFmMzRjMjI5M9gCAeACAQ&ucfs=1&arphpl=1&checkin=2026-08-06&checkout=2026-08-07&dest_id=-2767043&dest_type=city&group_adults=2&req_adults=2&no_rooms=1&group_children=0&req_children=0&hpos=9&hapos=840&sr_order=popularity&srpvid=7b4f562059d9004c&srepoch=1785759459&all_sr_blocks=1574884901_431634307_2_0_0&highlighted_blocks=1574884901_431634307_2_0_0&matching_block_id=1574884901_431634307_2_0_0&sr_pri_blocks=1574884901_431634307_2_0_0__1264375&from=searchresults,12644,,,Lahore,13.6,Two-Bedroom Apartment with Balcony,"3 beds (1 sofa bed, 2 large doubles)",0,1,1,https://cf.bstatic.com/xdata/images/hotel/square240/899232744.webp?k=6650842e65934434a355f4bfc8681aa3f1ddb9c3c2cdbf99e1d8d8aeea764522&o=,4,Lahore
Nfc residential apartment,https://www.booking.com/hotel/pk/nfc-residential-apartment.en-gb.html?aid=304142&label=gen173nr-10CAQoggJCDWNpdHlfLTI3NjcwNDNICVgEaLUBiAEBmAEzuAEHyAEM2AED6AEB-AEBiAIBqAIBuALBjMLTBsACAdICJDRlYmVmMGVjLTBmMjctNDNkNS05MDQ0LWY2ZTFmMzRjMjI5M9gCAeACAQ&ucfs=1&arphpl=1&checkin=2026-08-06&checkout=2026-08-07&dest_id=-2767043&dest_type=city&group_adults=2&req_adults=2&no_rooms=1&group_children=0&req_children=0&hpos=10&hapos=841&sr_order=popularity&srpvid=7b4f562059d9004c&srepoch=1785759459&all_sr_blocks=1583042701_429419047_4_0_0&highlighted_blocks=1583042701_429419047_4_0_0&matching_block_id=1583042701_429419047_4_0_0&sr_pri_blocks=1583042701_429419047_4_0_0__2200000&from=searchresults,22000,,,Lahore,9.8,One-Bedroom Apartment,"3 beds (1 extra-large double, 1 sofa bed, 1 large double)",0,1,1,https://cf.bstatic.com/xdata/images/hotel/square240/825340463.webp?k=85f411c7301e2bae3412facaef68ba8c8c434ad8bff912240264716bb2aff1cc&o=,4,Lahore
PRESIDENTIAL PENTHOUSE ONE BED APARTMENT - GOLDCREST MALL AND RESIDENCY By ALVIS SUITE,https://www.booking.com/hotel/pk/presidential-penthouse-one-bed-apartment-goldcrest-mall-and-residency-by-alvis-s.en-gb.html?aid=304142&label=gen173nr-10CAQoggJCDWNpdHlfLTI3NjcwNDNICVgEaLUBiAEBmAEzuAEHyAEM2AED6AEB-AEBiAIBqAIBuALBjMLTBsACAdICJDRlYmVmMGVjLTBmMjctNDNkNS05MDQ0LWY2ZTFmMzRjMjI5M9gCAeACAQ&ucfs=1&arphpl=1&checkin=2026-08-06&checkout=2026-08-07&dest_id=-2767043&dest_type=city&group_adults=2&req_adults=2&no_rooms=1&group_children=0&req_children=0&hpos=11&hapos=842&sr_order=popularity&srpvid=7b4f562059d9004c&srepoch=1785759459&all_sr_blocks=1653634301_437318737_3_0_0&highlighted_blocks=1653634301_437318737_3_0_0&matching_block_id=1653634301_437318737_3_0_0&sr_pri_blocks=1653634301_437318737_3_0_0__1330798&from=searchresults,13308,,,Lahore,12.1,One-Bedroom Apartment,1 extra-large double bed,0,0,0,https://cf.bstatic.com/xdata/images/hotel/square240/874056699.webp?k=653b17453212ce4bbdc890cc53d1290c474a3231944dd1c8a15575807e1bc52d&o=,11,Lahore
2 Bed Family Home,https://www.booking.com/hotel/pk/family-house-lahore.en-gb.html?aid=304142&label=gen173nr-10CAQoggJCDWNpdHlfLTI3NjcwNDNICVgEaLUBiAEBmAEzuAEHyAEM2AED6AEB-AEBiAIBqAIBuALBjMLTBsACAdICJDRlYmVmMGVjLTBmMjctNDNkNS05MDQ0LWY2ZTFmMzRjMjI5M9gCAeACAQ&ucfs=1&arphpl=1&checkin=2026-08-06&checkout=2026-08-07&dest_id=-2767043&dest_type=city&group_adults=2&req_adults=2&no_rooms=1&group_children=0&req_children=0&hpos=12&hapos=843&sr_order=popularity&srpvid=7b4f562059d9004c&srepoch=1785759459&all_sr_blocks=1477103001_419154155_2_41_0&highlighted_blocks=1477103001_419154155_2_41_0&matching_block_id=1477103001_419154155_2_41_0&sr_pri_blocks=1477103001_419154155_2_41_0__1020000&from=searchresults,10200,10,3.0,Lahore,16.4,Two-Bedroom House,2 extra-large double beds,1,1,1,https://cf.bstatic.com/xdata/images/hotel/square240/732124791.webp?k=f1fe2588e33e80089746d81fcfbc1b4b1b3a27798dbc633d36cc46b00eab81bd&o=,4,Lahore
1 BHK Lavish Suite in Bahria Town lahore,https://www.booking.com/hotel/pk/1-bhk-lavish-suite-in-bahria-town-lahore.en-gb.html?aid=304142&label=gen173nr-10CAQoggJCDWNpdHlfLTI3NjcwNDNICVgEaLUBiAEBmAEzuAEHyAEM2AED6AEB-AEBiAIBqAIBuALBjMLTBsACAdICJDRlYmVmMGVjLTBmMjctNDNkNS05MDQ0LWY2ZTFmMzRjMjI5M9gCAeACAQ&ucfs=1&arphpl=1&checkin=2026-08-06&checkout=2026-08-07&dest_id=-2767043&dest_type=city&group_adults=2&req_adults=2&no_rooms=1&group_children=0&req_children=0&hpos=13&hapos=844&sr_order=popularity&srpvid=7b4f562059d9004c&srepoch=1785759459&all_sr_blocks=1420398001_413690298_2_0_0&highlighted_blocks=1420398001_413690298_2_0_0&matching_block_id=1420398001_413690298_2_0_0&sr_pri_blocks=1420398001_413690298_2_0_0__1300000&from=searchresults,13000,,,Lahore,24.1,One-Bedroom Apartment,"3 beds (1 double, 1 sofa bed, 1 large double)",0,1,1,https://cf.bstatic.com/xdata/images/hotel/square240/686406514.webp?k=7c8fb34d4eaf482ab210eb1b00ee366fd346cf37fd0c457ac055e3184380651f&o=,5,Lahore
Syeda Cottage,https://www.booking.com/hotel/pk/syeda-cottage-lhwr.en-gb.html?aid=304142&label=gen173nr-10CAQoggJCDWNpdHlfLTI3NjcwNDNICVgEaLUBiAEBmAEzuAEHyAEM2AED6AEB-AEBiAIBqAIBuALBjMLTBsACAdICJDRlYmVmMGVjLTBmMjctNDNkNS05MDQ0LWY2ZTFmMzRjMjI5M9gCAeACAQ&ucfs=1&arphpl=1&checkin=2026-08-06&checkout=2026-08-07&dest_id=-2767043&dest_type=city&group_adults=2&req_adults=2&no_rooms=1&group_children=0&req_children=0&hpos=14&hapos=845&sr_order=popularity&srpvid=7b4f562059d9004c&srepoch=1785759459&all_sr_blocks=1352947901_407623258_2_2_0&highlighted_blocks=1352947901_407623258_2_2_0&matching_block_id=1352947901_407623258_2_2_0&sr_pri_blocks=1352947901_407623258_2_2_0__1000000&from=searchresults,10000,,,Lahore,23.7,Double Room,1 large double bed,0,0,1,https://cf.bstatic.com/xdata/images/hotel/square240/643173917.webp?k=85a6677debf23b94494332c55bbdef0b75c0749d80d906e3e380d2e3ba095f61&o=,3,Lahore
THE CIRCLE Park House Apartments,https://www.booking.com/hotel/pk/the-circle-park-house-apartments.en-gb.html?aid=304142&label=gen173nr-10CAQoggJCDWNpdHlfLTI3NjcwNDNICVgEaLUBiAEBmAEzuAEHyAEM2AED6AEB-AEBiAIBqAIBuALBjMLTBsACAdICJDRlYmVmMGVjLTBmMjctNDNkNS05MDQ0LWY2ZTFmMzRjMjI5M9gCAeACAQ&ucfs=1&arphpl=1&checkin=2026-08-06&checkout=2026-08-07&dest_id=-2767043&dest_type=city&group_adults=2&req_adults=2&no_rooms=1&group_children=0&req_children=0&hpos=15&hapos=846&sr_order=popularity&srpvid=7b4f562059d9004c&srepoch=1785759459&all_sr_blocks=1630505301_433605739_2_0_0&highlighted_blocks=1630505301_433605739_2_0_0&matching_block_id=1630505301_433605739_2_0_0&sr_pri_blocks=1630505301_433605739_2_0_0__1300000&from=searchresults,13000,,,"Gulberg, Lahore",7.0,One-Bedroom Apartment,"2 beds (1 single, 1 sofa bed)",0,0,1,https://cf.bstatic.com/xdata/images/hotel/square240/861608567.webp?k=2c049cc7187c87e9126506b087db97fcd7dea6cbb0e5f426d06aa1d7235a459b&o=,4,Lahore
"One Bed luxury Apartment with kitchen fridge ,free wifi ,Ac,oven",https://www.booking.com/hotel/pk/one-bed-lexury-apartment-with-kitchen-fridge-free-wifi-ac.en-gb.html?aid=304142&label=gen173nr-10CAQoggJCDWNpdHlfLTI3NjcwNDNICVgEaLUBiAEBmAEzuAEHyAEM2AED6AEB-AEBiAIBqAIBuALBjMLTBsACAdICJDRlYmVmMGVjLTBmMjctNDNkNS05MDQ0LWY2ZTFmMzRjMjI5M9gCAeACAQ&ucfs=1&arphpl=1&checkin=2026-08-06&checkout=2026-08-07&dest_id=-2767043&dest_type=city&group_adults=2&req_adults=2&no_rooms=1&group_children=0&req_children=0&hpos=16&hapos=847&sr_order=popularity&srpvid=7b4f562059d9004c&srepoch=1785759459&all_sr_blocks=1613765701_432256676_2_0_0&highlighted_blocks=1613765701_432256676_2_0_0&matching_block_id=1613765701_432256676_2_0_0&sr_pri_blocks=1613765701_432256676_2_0_0__750000&from=searchresults,7500,,,Lahore,24.6,One-Bedroom Superior Apartment,"2 beds (1 double, 1 sofa bed)",0,1,1,https://cf.bstatic.com/xdata/images/hotel/square240/889763421.webp?k=5868aee6753d778af099e14b8bc5a924fc5b0db1edd9353218454ea5dee7113a&o=,4,Lahore
6Bedroom Villa DHA Lahore,https://www.booking.com/hotel/pk/6bedroom-villa-dha-lahore.en-gb.html?aid=304142&label=gen173nr-10CAQoggJCDWNpdHlfLTI3NjcwNDNICVgEaLUBiAEBmAEzuAEHyAEM2AED6AEB-AEBiAIBqAIBuALBjMLTBsACAdICJDRlYmVmMGVjLTBmMjctNDNkNS05MDQ0LWY2ZTFmMzRjMjI5M9gCAeACAQ&ucfs=1&arphpl=1&checkin=2026-08-06&checkout=2026-08-07&dest_id=-2767043&dest_type=city&group_adults=2&req_adults=2&no_rooms=1&group_children=0&req_children=0&hpos=17&hapos=848&sr_order=popularity&srpvid=7b4f562059d9004c&srepoch=1785759459&all_sr_blocks=1115056201_384411712_0_0_0&highlighted_blocks=1115056201_384411712_0_0_0&matching_block_id=1115056201_384411712_0_0_0&sr_pri_blocks=1115056201_384411712_0_0_0__3496000&from=searchresults,34960,8.0,11.0,Lahore,11.5,Maisonette,"15 beds (6 extra-large doubles, 2 bunk beds, 7 sofa beds)",0,0,0,https://cf.bstatic.com/xdata/images/hotel/square240/509806427.webp?k=41ae39f96e113a544ab9023c441fb69ea4f5d7466b62f3dfaa5e1d6535a72abd&o=,4,Lahore
Amber Luxe Studio,https://www.booking.com/hotel/pk/amber-luxe-studio.en-gb.html?aid=304142&label=gen173nr-10CAQoggJCDWNpdHlfLTI3NjcwNDNICVgEaLUBiAEBmAEzuAEHyAEM2AED6AEB-AEBiAIBqAIBuALBjMLTBsACAdICJDRlYmVmMGVjLTBmMjctNDNkNS05MDQ0LWY2ZTFmMzRjMjI5M9gCAeACAQ&ucfs=1&arphpl=1&checkin=2026-08-06&checkout=2026-08-07&dest_id=-2767043&dest_type=city&group_adults=2&req_adults=2&no_rooms=1&group_children=0&req_children=0&hpos=18&hapos=849&sr_order=popularity&srpvid=7b4f562059d9004c&srepoch=1785759459&all_sr_blocks=1606155101_431551111_2_0_0&highlighted_blocks=1606155101_431551111_2_0_0&matching_block_id=1606155101_431551111_2_0_0&sr_pri_blocks=1606155101_431551111_2_0_0__1600000&from=searchresults,16000,,,"Gulberg, Lahore",7.0,One-Bedroom Apartment,1 double bed,0,1,1,https://cf.bstatic.com/xdata/images/hotel/square240/842648474.webp?k=321c0052ecc4739ae71261f9a1cdf0fe32ce1c5aff6bffbf65d975588449f667&o=,4,Lahore
Presidential 2 Bedroom Apartment With Balcony & City Views in Gold Crest Residency,https://www.booking.com/hotel/pk/presidential-2-bedroom-apartment-with-balcony-amp-city-views-in-gold-crest-resid.en-gb.html?aid=304142&label=gen173nr-10CAQoggJCDWNpdHlfLTI3NjcwNDNICVgEaLUBiAEBmAEzuAEHyAEM2AED6AEB-AEBiAIBqAIBuALBjMLTBsACAdICJDRlYmVmMGVjLTBmMjctNDNkNS05MDQ0LWY2ZTFmMzRjMjI5M9gCAeACAQ&ucfs=1&arphpl=1&checkin=2026-08-06&checkout=2026-08-07&dest_id=-2767043&dest_type=city&group_adults=2&req_adults=2&no_rooms=1&group_children=0&req_children=0&hpos=19&hapos=850&sr_order=popularity&srpvid=7b4f562059d9004c&srepoch=1785759459&all_sr_blocks=1699547701_441603935_5_2_0&highlighted_blocks=1699547701_441603935_5_2_0&matching_block_id=1699547701_441603935_5_2_0&sr_pri_blocks=1699547701_441603935_5_2_0__3369600&from=searchresults,33696,,,Lahore,12.0,Two-Bedroom Apartment with Balcony and Terrace,"3 beds (2 extra-large doubles, 1 sofa bed)",0,0,0,https://cf.bstatic.com/xdata/images/hotel/square240/902163274.webp?k=c5f7e2aff8eac3bc692d276da2d3b6e29eae693e7cb54082169a7ec7749cb02b&o=,11,Lahore
The heaven apartments,https://www.booking.com/hotel/pk/the-heaven-apartments.en-gb.html?aid=304142&label=gen173nr-10CAQoggJCDWNpdHlfLTI3NjcwNDNICVgEaLUBiAEBmAEzuAEHyAEM2AED6AEB-AEBiAIBqAIBuALBjMLTBsACAdICJDRlYmVmMGVjLTBmMjctNDNkNS05MDQ0LWY2ZTFmMzRjMjI5M9gCAeACAQ&ucfs=1&arphpl=1&checkin=2026-08-06&checkout=2026-08-07&dest_id=-2767043&dest_type=city&group_adults=2&req_adults=2&no_rooms=1&group_children=0&req_children=0&hpos=20&hapos=851&sr_order=popularity&srpvid=7b4f562059d9004c&srepoch=1785759459&all_sr_blocks=1604205501_431356931_2_0_0&highlighted_blocks=1604205501_431356931_2_0_0&matching_block_id=1604205501_431356931_2_0_0&sr_pri_blocks=1604205501_431356931_2_0_0__765000&from=searchresults,7650,,,Lahore,26.8,One-Bedroom Apartment,1 double bed,0,1,1,https://cf.bstatic.com/xdata/images/hotel/square240/841205293.webp?k=175beebe8870d1f6ecfce2813bc68f2b044187ec32a0017013a3e109cf93c1c1&o=,4,Lahore
Demure Best Designed Near Airport,https://www.booking.com/hotel/pk/demure-best-designed-near-airport.en-gb.html?aid=304142&label=gen173nr-10CAQoggJCDWNpdHlfLTI3NjcwNDNICVgEaLUBiAEBmAEzuAEHyAEM2AED6AEB-AEBiAIBqAIBuALBjMLTBsACAdICJDRlYmVmMGVjLTBmMjctNDNkNS05MDQ0LWY2ZTFmMzRjMjI5M9gCAeACAQ&ucfs=1&arphpl=1&checkin=2026-08-06&checkout=2026-08-07&dest_id=-2767043&dest_type=city&group_adults=2&req_adults=2&no_rooms=1&group_children=0&req_children=0&hpos=21&hapos=852&sr_order=popularity&srpvid=7b4f562059d9004c&srepoch=1785759459&all_sr_blocks=1574079301_428453480_2_0_0&highlighted_blocks=1574079301_428453480_2_0_0&matching_block_id=1574079301_428453480_2_0_0&sr_pri_blocks=1574079301_428453480_2_0_0__1200000&from=searchresults,12000,,,Lahore,12.3,One-Bedroom Apartment,"4 beds (1 double, 3 sofa beds)",0,1,1,https://cf.bstatic.com/xdata/images/hotel/square240/816701573.webp?k=2b5dde63129d63f134f3b331df5515c86a7fa280227dfa7145b6036a281f8ee3&o=,4,Lahore
AA Loft,https://www.booking.com/hotel/pk/aa-loft.en-gb.html?aid=304142&label=gen173nr-10CAQoggJCDWNpdHlfLTI3NjcwNDNICVgEaLUBiAEBmAEzuAEHyAEM2AED6AEB-AEBiAIBqAIBuALBjMLTBsACAdICJDRlYmVmMGVjLTBmMjctNDNkNS05MDQ0LWY2ZTFmMzRjMjI5M9gCAeACAQ&ucfs=1&arphpl=1&checkin=2026-08-06&checkout=2026-08-07&dest_id=-2767043&dest_type=city&group_adults=2&req_adults=2&no_rooms=1&group_children=0&req_children=0&hpos=22&hapos=853&sr_order=popularity&srpvid=7b4f562059d9004c&srepoch=1785759459&all_sr_blocks=1399297802_411788866_3_0_0&highlighted_blocks=1399297802_411788866_3_0_0&matching_block_id=1399297802_411788866_3_0_0&sr_pri_blocks=1399297802_411788866_3_0_0__720000&from=searchresults,7200,,,Lahore,19.0,Double Room with Park View,"3 beds (1 single, 1 sofa bed, 1 futon)",0,1,1,https://cf.bstatic.com/xdata/images/hotel/square240/673714087.webp?k=d6ff8d6b9e95ef8d02a9d3d8b57ef29d128c3cea2a89aa96ef645aa954566eba&o=,4,Lahore
"Chic Turquoise Apt - Self Checkin , Imtiaz Mall & Dining",https://www.booking.com/hotel/pk/chic-turquoise-apt-self-checkin-imtiaz-mall-amp-dining.en-gb.html?aid=304142&label=gen173nr-10CAQoggJCDWNpdHlfLTI3NjcwNDNICVgEaLUBiAEBmAEzuAEHyAEM2AED6AEB-AEBiAIBqAIBuALBjMLTBsACAdICJDRlYmVmMGVjLTBmMjctNDNkNS05MDQ0LWY2ZTFmMzRjMjI5M9gCAeACAQ&ucfs=1&arphpl=1&checkin=2026-08-06&checkout=2026-08-07&dest_id=-2767043&dest_type=city&group_adults=2&req_adults=2&no_rooms=1&group_children=0&req_children=0&hpos=23&hapos=854&sr_order=popularity&srpvid=7b4f562059d9004c&srepoch=1785759459&all_sr_blocks=1539887101_425397560_3_0_0&highlighted_blocks=1539887101_425397560_3_0_0&matching_block_id=1539887101_425397560_3_0_0&sr_pri_blocks=1539887101_425397560_3_0_0__1620000&from=searchresults,16200,7.0,1.0,Lahore,5.2,One-Bedroom Apartment,"2 beds (1 sofa bed, 1 large double)",0,1,1,https://cf.bstatic.com/xdata/images/hotel/square240/787662863.webp?k=011cd2071429c334c234f802c46b69098f8307573542e9b44c7916e5b4c02de9&o=,4,Lahore
Casareina Luxury Apartments Gulberg,https://www.booking.com/hotel/pk/casareina-luxury-apartments-gulberg.en-gb.html?aid=304142&label=gen173nr-10CAQoggJCDWNpdHlfLTI3NjcwNDNICVgEaLUBiAEBmAEzuAEHyAEM2AED6AEB-AEBiAIBqAIBuALBjMLTBsACAdICJDRlYmVmMGVjLTBmMjctNDNkNS05MDQ0LWY2ZTFmMzRjMjI5M9gCAeACAQ&ucfs=1&arphpl=1&checkin=2026-08-06&checkout=2026-08-07&dest_id=-2767043&dest_type=city&group_adults=2&req_adults=2&no_rooms=1&group_children=0&req_children=0&hpos=24&hapos=855&sr_order=popularity&srpvid=7b4f562059d9004c&srepoch=1785759459&all_sr_blocks=1618972201_432725509_6_0_0&highlighted_blocks=1618972201_432725509_6_0_0&matching_block_id=1618972201_432725509_6_0_0&sr_pri_blocks=1618972201_432725509_6_0_0__3200000&from=searchresults,32000,,,"Gulberg, Lahore",5.9,Two-Bedroom Apartment,"7 beds (6 sofa beds, 1 large double)",0,1,1,https://cf.bstatic.com/xdata/images/hotel/square240/854365623.webp?k=046c48b1a6912057726de2487b7d8c6a373b20ff0cd90335e99b1fe232c67b52&o=,4,Lahore
BNR - The Opus Residences 2-Bed Apartment Gulberg,https://www.booking.com/hotel/pk/2-bed-apartment-lahore.en-gb.html?aid=304142&label=gen173nr-10CAQoggJCDWNpdHlfLTI3NjcwNDNICVgEaLUBiAEBmAEzuAEHyAEM2AED6AEB-AEBiAIBqAIBuALBjMLTBsACAdICJDRlYmVmMGVjLTBmMjctNDNkNS05MDQ0LWY2ZTFmMzRjMjI5M9gCAeACAQ&ucfs=1&arphpl=1&checkin=2026-08-06&checkout=2026-08-07&dest_id=-2767043&dest_type=city&group_adults=2&req_adults=2&no_rooms=1&group_children=0&req_children=0&hpos=25&hapos=856&sr_order=popularity&srpvid=7b4f562059d9004c&srepoch=1785759459&all_sr_blocks=1241358502_412420654_4_0_0&highlighted_blocks=1241358502_412420654_4_0_0&matching_block_id=1241358502_412420654_4_0_0&sr_pri_blocks=1241358502_412420654_4_0_0__2765970&from=searchresults,27660,10,1.0,"Gulberg, Lahore",6.9,Apartment,2 extra-large double beds,0,1,1,https://cf.bstatic.com/xdata/images/hotel/square240/577501478.webp?k=3f70f39be5e5d773ee72f2e9af60228495f8cdd618cde40a64721fafddc7ae83&o=,12,Lahore
Luxurious Penta Square Theatre Apartment DHA P5,https://www.booking.com/hotel/pk/luxury-penta-1-bedroom-apartment-with-cinema-screen-in-dha-p5.en-gb.html?aid=304142&label=gen173nr-10CAQoggJCDWNpdHlfLTI3NjcwNDNICVgEaLUBiAEBmAEzuAEHyAEM2AED6AEB-AEBiAIBqAIBuALBjMLTBsACAdICJDRlYmVmMGVjLTBmMjctNDNkNS05MDQ0LWY2ZTFmMzRjMjI5M9gCAeACAQ&ucfs=1&arphpl=1&checkin=2026-08-06&checkout=2026-08-07&dest_id=-2767043&dest_type=city&group_adults=2&req_adults=2&no_rooms=1&group_children=0&req_children=0&hpos=1&hapos=857&sr_order=popularity&srpvid=7b4f562059d9004c&srepoch=1785759469&all_sr_blocks=1479787501_419436377_3_0_0&highlighted_blocks=1479787501_419436377_3_0_0&matching_block_id=1479787501_419436377_3_0_0&sr_pri_blocks=1479787501_419436377_3_0_0__1700000&from=searchresults,17000,,,Lahore,14.2,One-Bedroom Apartment,"2 beds (1 sofa bed, 1 large double)",0,1,1,https://cf.bstatic.com/xdata/images/hotel/square240/734492043.webp?k=035d629cf2e6fd2a7e9e85b15693202658139638efd77cf268b6b5770d183adf&o=,4,Lahore
Modern Studio Apartment in PentaSquare DHA Phase 5 - Neat & Private,https://www.booking.com/hotel/pk/modern-studio-apartment-in-pentasquare-dha-phase-5-neat-amp-private.en-gb.html?aid=304142&label=gen173nr-10CAQoggJCDWNpdHlfLTI3NjcwNDNICVgEaLUBiAEBmAEzuAEHyAEM2AED6AEB-AEBiAIBqAIBuALBjMLTBsACAdICJDRlYmVmMGVjLTBmMjctNDNkNS05MDQ0LWY2ZTFmMzRjMjI5M9gCAeACAQ&ucfs=1&arphpl=1&checkin=2026-08-06&checkout=2026-08-07&dest_id=-2767043&dest_type=city&group_adults=2&req_adults=2&no_rooms=1&group_children=0&req_children=0&hpos=2&hapos=858&sr_order=popularity&srpvid=7b4f562059d9004c&srepoch=1785759469&all_sr_blocks=1632522601_433742111_2_0_0&highlighted_blocks=1632522601_433742111_2_0_0&matching_block_id=1632522601_433742111_2_0_0&sr_pri_blocks=1632522601_433742111_2_0_0__1158300&from=searchresults,11583,,,Lahore,14.2,One-Bedroom Apartment,1 extra-large double bed,0,0,0,https://cf.bstatic.com/xdata/images/hotel/square240/862515163.webp?k=1a418877b30018ca57bdf555e171efa75541475feeb8c9e411723dc34253888c&o=,10,Lahore
BNR - The Opus Residences 2-Bed Apartment Gulberg Lahore,https://www.booking.com/hotel/pk/2-bedroom-luxury-apartment-lahore5.en-gb.html?aid=304142&label=gen173nr-10CAQoggJCDWNpdHlfLTI3NjcwNDNICVgEaLUBiAEBmAEzuAEHyAEM2AED6AEB-AEBiAIBqAIBuALBjMLTBsACAdICJDRlYmVmMGVjLTBmMjctNDNkNS05MDQ0LWY2ZTFmMzRjMjI5M9gCAeACAQ&ucfs=1&arphpl=1&checkin=2026-08-06&checkout=2026-08-07&dest_id=-2767043&dest_type=city&group_adults=2&req_adults=2&no_rooms=1&group_children=0&req_children=0&hpos=3&hapos=859&sr_order=popularity&srpvid=7b4f562059d9004c&srepoch=1785759469&all_sr_blocks=1241359702_418591182_4_0_0&highlighted_blocks=1241359702_418591182_4_0_0&matching_block_id=1241359702_418591182_4_0_0&sr_pri_blocks=1241359702_418591182_4_0_0__3127410&from=searchresults,31274,7.0,2.0,"Gulberg, Lahore",6.9,Apartment,2 extra-large double beds,0,1,0,https://cf.bstatic.com/xdata/images/hotel/square240/624323312.webp?k=d2e29c6b4b4729866ccb22c89b1168369f37fd25ad8180fa5c4929239a851620&o=,11,Lahore
Comfortable Family Stay in PentaSquare DHA - Studio Apartment,https://www.booking.com/hotel/pk/comfortable-family-stay-in-pentasquare-dha-studio-apartment.en-gb.html?aid=304142&label=gen173nr-10CAQoggJCDWNpdHlfLTI3NjcwNDNICVgEaLUBiAEBmAEzuAEHyAEM2AED6AEB-AEBiAIBqAIBuALBjMLTBsACAdICJDRlYmVmMGVjLTBmMjctNDNkNS05MDQ0LWY2ZTFmMzRjMjI5M9gCAeACAQ&ucfs=1&arphpl=1&checkin=2026-08-06&checkout=2026-08-07&dest_id=-2767043&dest_type=city&group_adults=2&req_adults=2&no_rooms=1&group_children=0&req_children=0&hpos=4&hapos=860&sr_order=popularity&srpvid=7b4f562059d9004c&srepoch=1785759469&all_sr_blocks=1632589001_433746958_2_0_0&highlighted_blocks=1632589001_433746958_2_0_0&matching_block_id=1632589001_433746958_2_0_0&sr_pri_blocks=1632589001_433746958_2_0_0__1202850&from=searchresults,12029,,,Lahore,14.2,One-Bedroom Apartment,1 extra-large double bed,0,0,0,https://cf.bstatic.com/xdata/images/hotel/square240/862526566.webp?k=8a3f856c2e1c7283464bebf7e9a558754d76b214a2a4607aa8c8f38f5378a56b&o=,10,Lahore
Second home appointments,https://www.booking.com/hotel/pk/second-home-appointments.en-gb.html?aid=304142&label=gen173nr-10CAQoggJCDWNpdHlfLTI3NjcwNDNICVgEaLUBiAEBmAEzuAEHyAEM2AED6AEB-AEBiAIBqAIBuALBjMLTBsACAdICJDRlYmVmMGVjLTBmMjctNDNkNS05MDQ0LWY2ZTFmMzRjMjI5M9gCAeACAQ&ucfs=1&arphpl=1&checkin=2026-08-06&checkout=2026-08-07&dest_id=-2767043&dest_type=city&group_adults=2&req_adults=2&no_rooms=1&group_children=0&req_children=0&hpos=5&hapos=861&sr_order=popularity&srpvid=7b4f562059d9004c&srepoch=1785759469&all_sr_blocks=1667705101_438589586_10_0_0&highlighted_blocks=1667705101_438589586_10_0_0&matching_block_id=1667705101_438589586_10_0_0&sr_pri_blocks=1667705101_438589586_10_0_0__1190000&from=searchresults,11900,,,Lahore,13.6,Two-Bedroom Apartment,"4 beds (2 doubles, 2 sofa beds)",0,1,1,https://cf.bstatic.com/xdata/images/hotel/square240/883380107.webp?k=5c2f2b7e2a48115184ea5bba275de270b792ff8462eb6f73a02619280619b406&o=,4,Lahore
Demure Apartments Cozy Studio Guest Favorite Near Airport,https://www.booking.com/hotel/pk/cozy-studio-guest-favorite.en-gb.html?aid=304142&label=gen173nr-10CAQoggJCDWNpdHlfLTI3NjcwNDNICVgEaLUBiAEBmAEzuAEHyAEM2AED6AEB-AEBiAIBqAIBuALBjMLTBsACAdICJDRlYmVmMGVjLTBmMjctNDNkNS05MDQ0LWY2ZTFmMzRjMjI5M9gCAeACAQ&ucfs=1&arphpl=1&checkin=2026-08-06&checkout=2026-08-07&dest_id=-2767043&dest_type=city&group_adults=2&req_adults=2&no_rooms=1&group_children=0&req_children=0&hpos=6&hapos=862&sr_order=popularity&srpvid=7b4f562059d9004c&srepoch=1785759469&all_sr_blocks=1563599701_427448049_2_0_0&highlighted_blocks=1563599701_427448049_2_0_0&matching_block_id=1563599701_427448049_2_0_0&sr_pri_blocks=1563599701_427448049_2_0_0__760000&from=searchresults,7600,,,Lahore,12.3,One-Bedroom Apartment,"3 beds (1 double, 2 sofa beds)",0,1,1,https://cf.bstatic.com/xdata/images/hotel/square240/808163661.webp?k=d252f7987cabc73b874dc348fe057ade14b070ad0d2f4e4ba106558ca5ca6399&o=,5,Lahore
Elegant Studio Suite - DHA Phase 5,https://www.booking.com/hotel/pk/elegant-studio-suite-dha-phase-5-lahore6.en-gb.html?aid=304142&label=gen173nr-10CAQoggJCDWNpdHlfLTI3NjcwNDNICVgEaLUBiAEBmAEzuAEHyAEM2AED6AEB-AEBiAIBqAIBuALBjMLTBsACAdICJDRlYmVmMGVjLTBmMjctNDNkNS05MDQ0LWY2ZTFmMzRjMjI5M9gCAeACAQ&ucfs=1&arphpl=1&checkin=2026-08-06&checkout=2026-08-07&dest_id=-2767043&dest_type=city&group_adults=2&req_adults=2&no_rooms=1&group_children=0&req_children=0&hpos=7&hapos=863&sr_order=popularity&srpvid=7b4f562059d9004c&srepoch=1785759469&all_sr_blocks=1657708301_437657841_2_0_0&highlighted_blocks=1657708301_437657841_2_0_0&matching_block_id=1657708301_437657841_2_0_0&sr_pri_blocks=1657708301_437657841_2_0_0__855360&from=searchresults,8554,,,Lahore,14.2,One-Bedroom Apartment,1 extra-large double bed,0,0,0,https://cf.bstatic.com/xdata/images/hotel/square240/879638437.webp?k=c90d5aeea8543df8d783b65b69fb47d16cb13513d9bc2a79946edeb67fb55766&o=,11,Lahore
Escape Aura Stays Lahore,https://www.booking.com/hotel/pk/escape-aura-stays-lahore.en-gb.html?aid=304142&label=gen173nr-10CAQoggJCDWNpdHlfLTI3NjcwNDNICVgEaLUBiAEBmAEzuAEHyAEM2AED6AEB-AEBiAIBqAIBuALBjMLTBsACAdICJDRlYmVmMGVjLTBmMjctNDNkNS05MDQ0LWY2ZTFmMzRjMjI5M9gCAeACAQ&ucfs=1&arphpl=1&checkin=2026-08-06&checkout=2026-08-07&dest_id=-2767043&dest_type=city&group_adults=2&req_adults=2&no_rooms=1&group_children=0&req_children=0&hpos=8&hapos=864&sr_order=popularity&srpvid=7b4f562059d9004c&srepoch=1785759469&all_sr_blocks=1611898401_432093128_3_0_0&highlighted_blocks=1611898401_432093128_3_0_0&matching_block_id=1611898401_432093128_3_0_0&sr_pri_blocks=1611898401_432093128_3_0_0__950000&from=searchresults,9500,,,Lahore,26.7,One-Bedroom Apartment,1 double bed,0,1,1,https://cf.bstatic.com/xdata/images/hotel/square240/847687984.webp?k=92073b0eb5204ac29adc8d98c27c9e425802f74f27ac17ad923f7dee864c386e&o=,4,Lahore
Vintage Studio Apartment - Pentasquare Phase 5 DHA,https://www.booking.com/hotel/pk/vintage-studio-apartment-pentasquare-phase-5-dha.en-gb.html?aid=304142&label=gen173nr-10CAQoggJCDWNpdHlfLTI3NjcwNDNICVgEaLUBiAEBmAEzuAEHyAEM2AED6AEB-AEBiAIBqAIBuALBjMLTBsACAdICJDRlYmVmMGVjLTBmMjctNDNkNS05MDQ0LWY2ZTFmMzRjMjI5M9gCAeACAQ&ucfs=1&arphpl=1&checkin=2026-08-06&checkout=2026-08-07&dest_id=-2767043&dest_type=city&group_adults=2&req_adults=2&no_rooms=1&group_children=0&req_children=0&hpos=9&hapos=865&sr_order=popularity&srpvid=7b4f562059d9004c&srepoch=1785759469&all_sr_blocks=1631393301_433667636_2_0_0&highlighted_blocks=1631393301_433667636_2_0_0&matching_block_id=1631393301_433667636_2_0_0&sr_pri_blocks=1631393301_433667636_2_0_0__1158300&from=searchresults,11583,,,Lahore,14.2,One-Bedroom Apartment,1 double bed,0,0,0,https://cf.bstatic.com/xdata/images/hotel/square240/861877665.webp?k=c287b5aea723096600fe75ccc25bf69a17a906ca1653c230529946faa0231f30&o=,10,Lahore
Hotel Royal Ilva by ORAMIN ROOMS,https://www.booking.com/hotel/pk/royal-ilva-by-oramin-rooms.en-gb.html?aid=304142&label=gen173nr-10CAQoggJCDWNpdHlfLTI3NjcwNDNICVgEaLUBiAEBmAEzuAEHyAEM2AED6AEB-AEBiAIBqAIBuALBjMLTBsACAdICJDRlYmVmMGVjLTBmMjctNDNkNS05MDQ0LWY2ZTFmMzRjMjI5M9gCAeACAQ&ucfs=1&arphpl=1&checkin=2026-08-06&checkout=2026-08-07&dest_id=-2767043&dest_type=city&group_adults=2&req_adults=2&no_rooms=1&group_children=0&req_children=0&hpos=10&hapos=866&sr_order=popularity&srpvid=7b4f562059d9004c&srepoch=1785759469&all_sr_blocks=1606609101_431596209_2_2_0&highlighted_blocks=1606609101_431596209_2_2_0&matching_block_id=1606609101_431596209_2_2_0&sr_pri_blocks=1606609101_431596209_2_2_0__1000000&from=searchresults,10000,,,"Gulberg, Lahore",7.5,Deluxe Twin Room,2 single beds,0,1,1,https://cf.bstatic.com/xdata/images/hotel/square240/843148344.webp?k=474ec9d0c6e1e4e23d32329b19da3fae61a069d0182dc9e77a4beabfcb85a164&o=,4,Lahore
Penthouse Apartment Goldcrest Mall and Residency by Alvis Suite,https://www.booking.com/hotel/pk/penthouse-apartment-goldcrest-mall-and-residency-by-alvis-suite-lahore.en-gb.html?aid=304142&label=gen173nr-10CAQoggJCDWNpdHlfLTI3NjcwNDNICVgEaLUBiAEBmAEzuAEHyAEM2AED6AEB-AEBiAIBqAIBuALBjMLTBsACAdICJDRlYmVmMGVjLTBmMjctNDNkNS05MDQ0LWY2ZTFmMzRjMjI5M9gCAeACAQ&ucfs=1&arphpl=1&checkin=2026-08-06&checkout=2026-08-07&dest_id=-2767043&dest_type=city&group_adults=2&req_adults=2&no_rooms=1&group_children=0&req_children=0&hpos=11&hapos=867&sr_order=popularity&srpvid=7b4f562059d9004c&srepoch=1785759469&all_sr_blocks=1631337401_433748139_3_2_0&highlighted_blocks=1631337401_433748139_3_2_0&matching_block_id=1631337401_433748139_3_2_0&sr_pri_blocks=1631337401_433748139_3_2_0__1642425&from=searchresults,16424,,,Lahore,12.0,Penthouse Apartment,"2 beds (1 extra-large double, 1 sofa bed)",0,1,1,https://cf.bstatic.com/xdata/images/hotel/square240/862514173.webp?k=2ae2dbf745d7c862949c9919a2f784c592407787aa6dffe2c5192621a4642e9b&o=,13,Lahore
BNR - The Opus Residences 1-Bed Apartment Gulberg,https://www.booking.com/hotel/pk/1-bedroom-luxury-apartment-lahore4.en-gb.html?aid=304142&label=gen173nr-10CAQoggJCDWNpdHlfLTI3NjcwNDNICVgEaLUBiAEBmAEzuAEHyAEM2AED6AEB-AEBiAIBqAIBuALBjMLTBsACAdICJDRlYmVmMGVjLTBmMjctNDNkNS05MDQ0LWY2ZTFmMzRjMjI5M9gCAeACAQ&ucfs=1&arphpl=1&checkin=2026-08-06&checkout=2026-08-07&dest_id=-2767043&dest_type=city&group_adults=2&req_adults=2&no_rooms=1&group_children=0&req_children=0&hpos=12&hapos=868&sr_order=popularity&srpvid=7b4f562059d9004c&srepoch=1785759469&all_sr_blocks=1241359502_412420648_2_0_0&highlighted_blocks=1241359502_412420648_2_0_0&matching_block_id=1241359502_412420648_2_0_0&sr_pri_blocks=1241359502_412420648_2_0_0__2387070&from=searchresults,23871,,,"Gulberg, Lahore",6.9,Apartment,1 extra-large double bed,0,1,1,https://cf.bstatic.com/xdata/images/hotel/square240/598357633.webp?k=1c86d9bbb7576ec4ec66ba6f74e439cddb5c917a4a7587ecd58617ebc9cbc3d9&o=,12,Lahore
Black theme 1-Bedroom Apartment,https://www.booking.com/hotel/pk/stayr.en-gb.html?aid=304142&label=gen173nr-10CAQoggJCDWNpdHlfLTI3NjcwNDNICVgEaLUBiAEBmAEzuAEHyAEM2AED6AEB-AEBiAIBqAIBuALBjMLTBsACAdICJDRlYmVmMGVjLTBmMjctNDNkNS05MDQ0LWY2ZTFmMzRjMjI5M9gCAeACAQ&ucfs=1&arphpl=1&checkin=2026-08-06&checkout=2026-08-07&dest_id=-2767043&dest_type=city&group_adults=2&req_adults=2&no_rooms=1&group_children=0&req_children=0&hpos=13&hapos=869&sr_order=popularity&srpvid=7b4f562059d9004c&srepoch=1785759469&all_sr_blocks=1568818501_427967085_3_0_0&highlighted_blocks=1568818501_427967085_3_0_0&matching_block_id=1568818501_427967085_3_0_0&sr_pri_blocks=1568818501_427967085_3_0_0__1150000&from=searchresults,11500,,,Lahore,18.4,One-Bedroom Apartment,"2 beds (1 double, 1 sofa bed)",0,1,1,https://cf.bstatic.com/xdata/images/hotel/square240/811936720.webp?k=847d7d68a2658d874b0df119aff0a8c3e39f7a13659e295fc393f23382d36101&o=,4,Lahore
Comfort house Dha Phase 7 near Raya & AirPort 1 kanal full house,https://www.booking.com/hotel/pk/comfort-house-dha-phase-7-near-raya-amp-airport.en-gb.html?aid=304142&label=gen173nr-10CAQoggJCDWNpdHlfLTI3NjcwNDNICVgEaLUBiAEBmAEzuAEHyAEM2AED6AEB-AEBiAIBqAIBuALBjMLTBsACAdICJDRlYmVmMGVjLTBmMjctNDNkNS05MDQ0LWY2ZTFmMzRjMjI5M9gCAeACAQ&ucfs=1&arphpl=1&checkin=2026-08-06&checkout=2026-08-07&dest_id=-2767043&dest_type=city&group_adults=2&req_adults=2&no_rooms=1&group_children=0&req_children=0&hpos=14&hapos=870&sr_order=popularity&srpvid=7b4f562059d9004c&srepoch=1785759469&all_sr_blocks=1268779801_399594525_0_42_0&highlighted_blocks=1268779801_399594525_0_42_0&matching_block_id=1268779801_399594525_0_42_0&sr_pri_blocks=1268779801_399594525_0_42_0__3920000&from=searchresults,39200,10,1.0,Lahore,16.0,Holiday Home,5 extra-large double beds,0,0,0,https://cf.bstatic.com/xdata/images/hotel/square240/591371590.webp?k=595171398bbc3c5cba7adee40f2d1138880c90a690466d48b8b67516c58d760b&o=,10,Lahore
"Luxury 1BHK with 2 Full Baths and 65 inches LED, Paragon City",https://www.booking.com/hotel/pk/luxury-1bhk-with-2-full-baths-and-65-inches-led-paragon-city.en-gb.html?aid=304142&label=gen173nr-10CAQoggJCDWNpdHlfLTI3NjcwNDNICVgEaLUBiAEBmAEzuAEHyAEM2AED6AEB-AEBiAIBqAIBuALBjMLTBsACAdICJDRlYmVmMGVjLTBmMjctNDNkNS05MDQ0LWY2ZTFmMzRjMjI5M9gCAeACAQ&ucfs=1&arphpl=1&checkin=2026-08-06&checkout=2026-08-07&dest_id=-2767043&dest_type=city&group_adults=2&req_adults=2&no_rooms=1&group_children=0&req_children=0&hpos=15&hapos=871&sr_order=popularity&srpvid=7b4f562059d9004c&srepoch=1785759469&all_sr_blocks=1595485601_430580100_3_0_0&highlighted_blocks=1595485601_430580100_3_0_0&matching_block_id=1595485601_430580100_3_0_0&sr_pri_blocks=1595485601_430580100_3_0_0__1000000&from=searchresults,10000,,,Lahore,13.1,One-Bedroom Apartment,1 double bed,0,1,1,https://cf.bstatic.com/xdata/images/hotel/square240/833365348.webp?k=f4a7d6a77e410f5fca2185440991a88ee8b899715dff917e67c97d34e62a2bf9&o=,4,Lahore
AL Imran VILLA,https://www.booking.com/hotel/pk/al-imran-villa-lahore1.en-gb.html?aid=304142&label=gen173nr-10CAQoggJCDWNpdHlfLTI3NjcwNDNICVgEaLUBiAEBmAEzuAEHyAEM2AED6AEB-AEBiAIBqAIBuALBjMLTBsACAdICJDRlYmVmMGVjLTBmMjctNDNkNS05MDQ0LWY2ZTFmMzRjMjI5M9gCAeACAQ&ucfs=1&arphpl=1&checkin=2026-08-06&checkout=2026-08-07&dest_id=-2767043&dest_type=city&group_adults=2&req_adults=2&no_rooms=1&group_children=0&req_children=0&hpos=16&hapos=872&sr_order=popularity&srpvid=7b4f562059d9004c&srepoch=1785759469&all_sr_blocks=1537043001_425175086_2_1_0&highlighted_blocks=1537043001_425175086_2_1_0&matching_block_id=1537043001_425175086_2_1_0&sr_pri_blocks=1537043001_425175086_2_1_0__1125000&from=searchresults,11250,,,Lahore,4.4,Double Room with Private Bathroom,"2 beds (1 double, 1 extra-large double)",1,1,1,https://cf.bstatic.com/xdata/images/hotel/square240/785410774.webp?k=df571143ec61d96489eb96ff6743df31b66b4eb9fc9841d1ecd587af913b2c0d&o=,4,Lahore
Model Apartment No 30,https://www.booking.com/hotel/pk/model-apartment-no-30.en-gb.html?aid=304142&label=gen173nr-10CAQoggJCDWNpdHlfLTI3NjcwNDNICVgEaLUBiAEBmAEzuAEHyAEM2AED6AEB-AEBiAIBqAIBuALBjMLTBsACAdICJDRlYmVmMGVjLTBmMjctNDNkNS05MDQ0LWY2ZTFmMzRjMjI5M9gCAeACAQ&ucfs=1&arphpl=1&checkin=2026-08-06&checkout=2026-08-07&dest_id=-2767043&dest_type=city&group_adults=2&req_adults=2&no_rooms=1&group_children=0&req_children=0&hpos=17&hapos=873&sr_order=popularity&srpvid=7b4f562059d9004c&srepoch=1785759469&all_sr_blocks=1495373101_421211450_3_0_0&highlighted_blocks=1495373101_421211450_3_0_0&matching_block_id=1495373101_421211450_3_0_0&sr_pri_blocks=1495373101_421211450_3_0_0__424620&from=searchresults,4246,,,"Johar Town, Lahore",10.1,One-Bedroom Apartment,1 extra-large double bed,0,1,1,https://cf.bstatic.com/xdata/images/hotel/square240/749161424.webp?k=696910e7085e91395e0a413379c7327383a9208f7786ada95edab871065f2743&o=,4,Lahore
1 Bed Luxuries Furnished Apartment,https://www.booking.com/hotel/pk/1-bed-luxuries-furnished-apartment.en-gb.html?aid=304142&label=gen173nr-10CAQoggJCDWNpdHlfLTI3NjcwNDNICVgEaLUBiAEBmAEzuAEHyAEM2AED6AEB-AEBiAIBqAIBuALBjMLTBsACAdICJDRlYmVmMGVjLTBmMjctNDNkNS05MDQ0LWY2ZTFmMzRjMjI5M9gCAeACAQ&ucfs=1&arphpl=1&checkin=2026-08-06&checkout=2026-08-07&dest_id=-2767043&dest_type=city&group_adults=2&req_adults=2&no_rooms=1&group_children=0&req_children=0&hpos=18&hapos=874&sr_order=popularity&srpvid=7b4f562059d9004c&srepoch=1785759469&all_sr_blocks=1436995701_415188274_2_0_0&highlighted_blocks=1436995701_415188274_2_0_0&matching_block_id=1436995701_415188274_2_0_0&sr_pri_blocks=1436995701_415188274_2_0_0__1350000&from=searchresults,13500,,,Lahore,11.9,One-Bedroom Apartment,"2 beds (1 single, 1 sofa bed)",0,1,1,https://cf.bstatic.com/xdata/images/hotel/square240/697232935.webp?k=2e772e7ccecc2faa5a6e6e479b0cd8187c7b32b0b8f72cea55b60bba12bd76b1&o=,4,Lahore
"The Monochrome Suite, 1 BHK , Self Checkin, Gulberg 3 Lahore",https://www.booking.com/hotel/pk/the-monochrome-suite-1-bhk-self-checkin-gulberg-3-lahore.en-gb.html?aid=304142&label=gen173nr-10CAQoggJCDWNpdHlfLTI3NjcwNDNICVgEaLUBiAEBmAEzuAEHyAEM2AED6AEB-AEBiAIBqAIBuALBjMLTBsACAdICJDRlYmVmMGVjLTBmMjctNDNkNS05MDQ0LWY2ZTFmMzRjMjI5M9gCAeACAQ&ucfs=1&arphpl=1&checkin=2026-08-06&checkout=2026-08-07&dest_id=-2767043&dest_type=city&group_adults=2&req_adults=2&no_rooms=1&group_children=0&req_children=0&hpos=19&hapos=875&sr_order=popularity&srpvid=7b4f562059d9004c&srepoch=1785759469&all_sr_blocks=1603673001_431318099_3_0_0&highlighted_blocks=1603673001_431318099_3_0_0&matching_block_id=1603673001_431318099_3_0_0&sr_pri_blocks=1603673001_431318099_3_0_0__1300000&from=searchresults,13000,,,Lahore,5.2,One-Bedroom Apartment,1 double bed,0,1,1,https://cf.bstatic.com/xdata/images/hotel/square240/850701740.webp?k=8556e0adcf4debd33f1251f519146b26e955b93eeded176788ca70ac414e49fd&o=,4,Lahore
Velora Stays,https://www.booking.com/hotel/pk/velora-stays.en-gb.html?aid=304142&label=gen173nr-10CAQoggJCDWNpdHlfLTI3NjcwNDNICVgEaLUBiAEBmAEzuAEHyAEM2AED6AEB-AEBiAIBqAIBuALBjMLTBsACAdICJDRlYmVmMGVjLTBmMjctNDNkNS05MDQ0LWY2ZTFmMzRjMjI5M9gCAeACAQ&ucfs=1&arphpl=1&checkin=2026-08-06&checkout=2026-08-07&dest_id=-2767043&dest_type=city&group_adults=2&req_adults=2&no_rooms=1&group_children=0&req_children=0&hpos=20&hapos=876&sr_order=popularity&srpvid=7b4f562059d9004c&srepoch=1785759469&all_sr_blocks=1645403801_434590453_2_0_0&highlighted_blocks=1645403801_434590453_2_0_0&matching_block_id=1645403801_434590453_2_0_0&sr_pri_blocks=1645403801_434590453_2_0_0__640000&from=searchresults,6400,,,Lahore,24.7,Two-Bedroom Apartment,"3 beds (2 doubles, 1 sofa bed)",0,1,1,https://cf.bstatic.com/xdata/images/hotel/square240/869546700.webp?k=626beda36c51b9cce90fc4cad1fa59549fd6a78da674b48d608ace621574cabb&o=,6,Lahore
1 Private Bed For Family Couple,https://www.booking.com/hotel/pk/couples-family-heaven.en-gb.html?aid=304142&label=gen173nr-10CAQoggJCDWNpdHlfLTI3NjcwNDNICVgEaLUBiAEBmAEzuAEHyAEM2AED6AEB-AEBiAIBqAIBuALBjMLTBsACAdICJDRlYmVmMGVjLTBmMjctNDNkNS05MDQ0LWY2ZTFmMzRjMjI5M9gCAeACAQ&ucfs=1&arphpl=1&checkin=2026-08-06&checkout=2026-08-07&dest_id=-2767043&dest_type=city&group_adults=2&req_adults=2&no_rooms=1&group_children=0&req_children=0&hpos=21&hapos=877&sr_order=popularity&srpvid=7b4f562059d9004c&srepoch=1785759469&all_sr_blocks=1474110401_418794893_2_2_0&highlighted_blocks=1474110401_418794893_2_2_0&matching_block_id=1474110401_418794893_2_2_0&sr_pri_blocks=1474110401_418794893_2_2_0__650000&from=searchresults,6500,10,1.0,Lahore,16.3,One-Bedroom Apartment,1 double bed,0,1,1,https://cf.bstatic.com/xdata/images/hotel/square240/749192823.webp?k=937fdaff6107787c700b8bd498bc32301fe3b8f6d52887c752294a122ff33dec&o=,4,Lahore
2 bedroom fully furnished Apartment,https://www.booking.com/hotel/pk/2-bedroom-fully-furnished-apartment-lahore3.en-gb.html?aid=304142&label=gen173nr-10CAQoggJCDWNpdHlfLTI3NjcwNDNICVgEaLUBiAEBmAEzuAEHyAEM2AED6AEB-AEBiAIBqAIBuALBjMLTBsACAdICJDRlYmVmMGVjLTBmMjctNDNkNS05MDQ0LWY2ZTFmMzRjMjI5M9gCAeACAQ&ucfs=1&arphpl=1&checkin=2026-08-06&checkout=2026-08-07&dest_id=-2767043&dest_type=city&group_adults=2&req_adults=2&no_rooms=1&group_children=0&req_children=0&hpos=22&hapos=878&sr_order=popularity&srpvid=7b4f562059d9004c&srepoch=1785759469&all_sr_blocks=1387154201_410724568_2_0_0&highlighted_blocks=1387154201_410724568_2_0_0&matching_block_id=1387154201_410724568_2_0_0&sr_pri_blocks=1387154201_410724568_2_0_0__1530000&from=searchresults,15300,,,Lahore,3.7,Two-Bedroom Apartment,1 extra-large double bed,0,1,1,https://cf.bstatic.com/xdata/images/hotel/square240/666352818.webp?k=646a4649df8df4e2b399de1987a70677960814fd4a38fbca706899b1bdcfe8ad&o=,4,Lahore
Cozy Apartment,https://www.booking.com/hotel/pk/cozy-apartment-lahore1.en-gb.html?aid=304142&label=gen173nr-10CAQoggJCDWNpdHlfLTI3NjcwNDNICVgEaLUBiAEBmAEzuAEHyAEM2AED6AEB-AEBiAIBqAIBuALBjMLTBsACAdICJDRlYmVmMGVjLTBmMjctNDNkNS05MDQ0LWY2ZTFmMzRjMjI5M9gCAeACAQ&ucfs=1&arphpl=1&checkin=2026-08-06&checkout=2026-08-07&dest_id=-2767043&dest_type=city&group_adults=2&req_adults=2&no_rooms=1&group_children=0&req_children=0&hpos=23&hapos=879&sr_order=popularity&srpvid=7b4f562059d9004c&srepoch=1785759469&all_sr_blocks=1545181701_425818599_2_0_0&highlighted_blocks=1545181701_425818599_2_0_0&matching_block_id=1545181701_425818599_2_0_0&sr_pri_blocks=1545181701_425818599_2_0_0__891000&from=searchresults,8910,,,"Johar Town, Lahore",12.3,Three-Bedroom Apartment,"3 beds (1 double, 2 large doubles)",0,1,1,https://cf.bstatic.com/xdata/images/hotel/square240/791780876.webp?k=3c3b73470f8c48da844ccccb3ab2de9181bf7eea42d97ddfc983a3dc14b36a7b&o=,4,Lahore
L26 Bnb,https://www.booking.com/hotel/pk/apt-01-l26.en-gb.html?aid=304142&label=gen173nr-10CAQoggJCDWNpdHlfLTI3NjcwNDNICVgEaLUBiAEBmAEzuAEHyAEM2AED6AEB-AEBiAIBqAIBuALBjMLTBsACAdICJDRlYmVmMGVjLTBmMjctNDNkNS05MDQ0LWY2ZTFmMzRjMjI5M9gCAeACAQ&ucfs=1&arphpl=1&checkin=2026-08-06&checkout=2026-08-07&dest_id=-2767043&dest_type=city&group_adults=2&req_adults=2&no_rooms=1&group_children=0&req_children=0&hpos=24&hapos=880&sr_order=popularity&srpvid=7b4f562059d9004c&srepoch=1785759469&all_sr_blocks=1471789701_418522640_4_0_0&highlighted_blocks=1471789701_418522640_4_0_0&matching_block_id=1471789701_418522640_4_0_0&sr_pri_blocks=1471789701_418522640_4_0_0__959900&from=searchresults,9599,,,Lahore,12.2,One-Bedroom Apartment,"3 beds (2 sofa beds, 1 large double)",0,1,1,https://cf.bstatic.com/xdata/images/hotel/square240/727684414.webp?k=538a93ee34a7364a9959c4ccc390ee57869598935e6da847443dedbc176d9088&o=,4,Lahore
Goldcrest Mall and Residency Private Onebed Apartment - Self check-in,https://www.booking.com/hotel/pk/goldcrest-mall-and-residency-private-onebed-apartment-self-check-in.en-gb.html?aid=304142&label=gen173nr-10CAQoggJCDWNpdHlfLTI3NjcwNDNICVgEaLUBiAEBmAEzuAEHyAEM2AED6AEB-AEBiAIBqAIBuALBjMLTBsACAdICJDRlYmVmMGVjLTBmMjctNDNkNS05MDQ0LWY2ZTFmMzRjMjI5M9gCAeACAQ&ucfs=1&arphpl=1&checkin=2026-08-06&checkout=2026-08-07&dest_id=-2767043&dest_type=city&group_adults=2&req_adults=2&no_rooms=1&group_children=0&req_children=0&hpos=25&hapos=881&sr_order=popularity&srpvid=7b4f562059d9004c&srepoch=1785759469&all_sr_blocks=1603745301_431420775_3_2_0&highlighted_blocks=1603745301_431420775_3_2_0&matching_block_id=1603745301_431420775_3_2_0&sr_pri_blocks=1603745301_431420775_3_2_0__2089900&from=searchresults,20899,,,Lahore,12.0,Superior One-Bedroom Apartment with Balcony,"2 beds (1 extra-large double, 1 sofa bed)",0,1,1,https://cf.bstatic.com/xdata/images/hotel/square240/841767746.webp?k=8769b6481daa7d9761355551b481f379c8c93c654f7a5cdbd10d1a5020cd334d&o=,12,Lahore
2BHK apartment,https://www.booking.com/hotel/pk/2bhk-apartment-lahore1.en-gb.html?aid=304142&label=gen173nr-10CAQoggJCDWNpdHlfLTI3NjcwNDNICVgEaLUBiAEBmAEzuAEHyAEM2AED6AEB-AEBiAIBqAIBuALBjMLTBsACAdICJDRlYmVmMGVjLTBmMjctNDNkNS05MDQ0LWY2ZTFmMzRjMjI5M9gCAeACAQ&ucfs=1&arphpl=1&checkin=2026-08-06&checkout=2026-08-07&dest_id=-2767043&dest_type=city&group_adults=2&req_adults=2&no_rooms=1&group_children=0&req_children=0&hpos=1&hapos=882&sr_order=popularity&srpvid=7b4f562059d9004c&srepoch=1785759478&all_sr_blocks=1609951201_431897897_4_0_0&highlighted_blocks=1609951201_431897897_4_0_0&matching_block_id=1609951201_431897897_4_0_0&sr_pri_blocks=1609951201_431897897_4_0_0__1400000&from=searchresults,14000,,,Lahore,11.3,One-Bedroom Apartment,2 double beds,0,1,1,https://cf.bstatic.com/xdata/images/hotel/square240/855092329.webp?k=4e7fd0a264e3334388f820c34daccaaf2712f75b7fb7de8ce4e80f2ca44e2aa8&o=,4,Lahore
Fully Furnished Family House,https://www.booking.com/hotel/pk/fully-furnished-family-house-lahore.en-gb.html?aid=304142&label=gen173nr-10CAQoggJCDWNpdHlfLTI3NjcwNDNICVgEaLUBiAEBmAEzuAEHyAEM2AED6AEB-AEBiAIBqAIBuALBjMLTBsACAdICJDRlYmVmMGVjLTBmMjctNDNkNS05MDQ0LWY2ZTFmMzRjMjI5M9gCAeACAQ&ucfs=1&arphpl=1&checkin=2026-08-06&checkout=2026-08-07&dest_id=-2767043&dest_type=city&group_adults=2&req_adults=2&no_rooms=1&group_children=0&req_children=0&hpos=2&hapos=883&sr_order=popularity&srpvid=7b4f562059d9004c&srepoch=1785759478&all_sr_blocks=1655586001_437487294_2_0_0&highlighted_blocks=1655586001_437487294_2_0_0&matching_block_id=1655586001_437487294_2_0_0&sr_pri_blocks=1655586001_437487294_2_0_0__1200000&from=searchresults,12000,,,Lahore,24.1,Three-Bedroom Villa,1 double bed,0,1,1,https://cf.bstatic.com/xdata/images/hotel/square240/875262684.webp?k=f04fe576ad84cf02d910b0a4b3a4b80cd7dda6818b6d3502725f3af4050f85ad&o=,5,Lahore
STAY a VILLAS,https://www.booking.com/hotel/pk/stay-a-villas.en-gb.html?aid=304142&label=gen173nr-10CAQoggJCDWNpdHlfLTI3NjcwNDNICVgEaLUBiAEBmAEzuAEHyAEM2AED6AEB-AEBiAIBqAIBuALBjMLTBsACAdICJDRlYmVmMGVjLTBmMjctNDNkNS05MDQ0LWY2ZTFmMzRjMjI5M9gCAeACAQ&ucfs=1&arphpl=1&checkin=2026-08-06&checkout=2026-08-07&dest_id=-2767043&dest_type=city&group_adults=2&req_adults=2&no_rooms=1&group_children=0&req_children=0&hpos=3&hapos=884&sr_order=popularity&srpvid=7b4f562059d9004c&srepoch=1785759478&all_sr_blocks=1584875901_429612327_13_0_0&highlighted_blocks=1584875901_429612327_13_0_0&matching_block_id=1584875901_429612327_13_0_0&sr_pri_blocks=1584875901_429612327_13_0_0__7499900&from=searchresults,74999,,,Lahore,16.3,Two-Bedroom House,"9 beds (2 singles, 3 sofa beds, 4 large doubles)",0,1,1,https://cf.bstatic.com/xdata/images/hotel/square240/826253877.webp?k=0fd37c2e07a97ce5919a899af5891789b448495f62109c2e6cb55e028a74977e&o=,4,Lahore
Luxury Two Bedroom Apartment on 14th floor At Penta Square DHA phase 5 Lahore Pakistan,https://www.booking.com/hotel/pk/city-luxe.en-gb.html?aid=304142&label=gen173nr-10CAQoggJCDWNpdHlfLTI3NjcwNDNICVgEaLUBiAEBmAEzuAEHyAEM2AED6AEB-AEBiAIBqAIBuALBjMLTBsACAdICJDRlYmVmMGVjLTBmMjctNDNkNS05MDQ0LWY2ZTFmMzRjMjI5M9gCAeACAQ&ucfs=1&arphpl=1&checkin=2026-08-06&checkout=2026-08-07&dest_id=-2767043&dest_type=city&group_adults=2&req_adults=2&no_rooms=1&group_children=0&req_children=0&hpos=4&hapos=885&sr_order=popularity&srpvid=7b4f562059d9004c&srepoch=1785759478&all_sr_blocks=1543176401_425664819_0_0_0&highlighted_blocks=1543176401_425664819_0_0_0&matching_block_id=1543176401_425664819_0_0_0&sr_pri_blocks=1543176401_425664819_0_0_0__2250000&from=searchresults,22500,,,Lahore,14.2,Two-Bedroom Apartment,"3 beds (1 sofa bed, 2 large doubles)",0,1,1,https://cf.bstatic.com/xdata/images/hotel/square240/791189799.webp?k=1ab7a577931bbce6f34d61dde6dbcd4eb270cdb1f69aeea2a715ef962963fb7d&o=,4,Lahore
Mojito Villas 5,https://www.booking.com/hotel/pk/mojito-villas-5.en-gb.html?aid=304142&label=gen173nr-10CAQoggJCDWNpdHlfLTI3NjcwNDNICVgEaLUBiAEBmAEzuAEHyAEM2AED6AEB-AEBiAIBqAIBuALBjMLTBsACAdICJDRlYmVmMGVjLTBmMjctNDNkNS05MDQ0LWY2ZTFmMzRjMjI5M9gCAeACAQ&ucfs=1&arphpl=1&checkin=2026-08-06&checkout=2026-08-07&dest_id=-2767043&dest_type=city&group_adults=2&req_adults=2&no_rooms=1&group_children=0&req_children=0&hpos=5&hapos=886&sr_order=popularity&srpvid=7b4f562059d9004c&srepoch=1785759478&all_sr_blocks=1484400001_419909805_2_0_0&highlighted_blocks=1484400001_419909805_2_0_0&matching_block_id=1484400001_419909805_2_0_0&sr_pri_blocks=1484400001_419909805_2_0_0__1350000&from=searchresults,13500,,,Lahore,13.1,Two-Bedroom Apartment,1 double bed,0,1,1,https://cf.bstatic.com/xdata/images/hotel/square240/738735445.webp?k=6b214610509a26e9924fb9928c8e30d15f07188b467930978d795056afbba1bc&o=,4,Lahore
Luxury 1BHK Apartment prime location,https://www.booking.com/hotel/pk/luxury-1bhk-apartment-prime-location.en-gb.html?aid=304142&label=gen173nr-10CAQoggJCDWNpdHlfLTI3NjcwNDNICVgEaLUBiAEBmAEzuAEHyAEM2AED6AEB-AEBiAIBqAIBuALBjMLTBsACAdICJDRlYmVmMGVjLTBmMjctNDNkNS05MDQ0LWY2ZTFmMzRjMjI5M9gCAeACAQ&ucfs=1&arphpl=1&checkin=2026-08-06&checkout=2026-08-07&dest_id=-2767043&dest_type=city&group_adults=2&req_adults=2&no_rooms=1&group_children=0&req_children=0&hpos=6&hapos=887&sr_order=popularity&srpvid=7b4f562059d9004c&srepoch=1785759478&all_sr_blocks=1649806601_437042501_2_0_0&highlighted_blocks=1649806601_437042501_2_0_0&matching_block_id=1649806601_437042501_2_0_0&sr_pri_blocks=1649806601_437042501_2_0_0__810000&from=searchresults,8100,3.2,4.0,Lahore,24.9,One-Bedroom Apartment,"2 beds (1 double, 1 sofa bed)",0,1,1,https://cf.bstatic.com/xdata/images/hotel/square240/871646195.webp?k=218b01688f14d6a4e804047187787e42cd057fe0888bd289fe76b5d7a9b7a85e&o=,4,Lahore
2BR Luxury Apt Gold Crest Self-Checkin,https://www.booking.com/hotel/pk/2br-luxury-apt-gold-crest-self-checkin.en-gb.html?aid=304142&label=gen173nr-10CAQoggJCDWNpdHlfLTI3NjcwNDNICVgEaLUBiAEBmAEzuAEHyAEM2AED6AEB-AEBiAIBqAIBuALBjMLTBsACAdICJDRlYmVmMGVjLTBmMjctNDNkNS05MDQ0LWY2ZTFmMzRjMjI5M9gCAeACAQ&ucfs=1&arphpl=1&checkin=2026-08-06&checkout=2026-08-07&dest_id=-2767043&dest_type=city&group_adults=2&req_adults=2&no_rooms=1&group_children=0&req_children=0&hpos=7&hapos=888&sr_order=popularity&srpvid=7b4f562059d9004c&srepoch=1785759478&all_sr_blocks=1390679001_411035899_12_0_0&highlighted_blocks=1390679001_411035899_12_0_0&matching_block_id=1390679001_411035899_12_0_0&sr_pri_blocks=1390679001_411035899_12_0_0__2450000&from=searchresults,24500,1.0,1.0,Lahore,12.0,Two-Bedroom Apartment,"8 beds (1 extra-large double, 6 sofa beds, 1 large double)",0,1,1,https://cf.bstatic.com/xdata/images/hotel/square240/668715285.webp?k=1d2d2b901f6cca5dfe93062d9a82d9473b2c3d7e6e8d360fbb6125773b4593b6&o=,4,Lahore
Goldcrest Apartments,https://www.booking.com/hotel/pk/goldcrest-apartments-lahore2.en-gb.html?aid=304142&label=gen173nr-10CAQoggJCDWNpdHlfLTI3NjcwNDNICVgEaLUBiAEBmAEzuAEHyAEM2AED6AEB-AEBiAIBqAIBuALBjMLTBsACAdICJDRlYmVmMGVjLTBmMjctNDNkNS05MDQ0LWY2ZTFmMzRjMjI5M9gCAeACAQ&ucfs=1&arphpl=1&checkin=2026-08-06&checkout=2026-08-07&dest_id=-2767043&dest_type=city&group_adults=2&req_adults=2&no_rooms=1&group_children=0&req_children=0&hpos=8&hapos=889&sr_order=popularity&srpvid=7b4f562059d9004c&srepoch=1785759478&all_sr_blocks=1360242901_408329421_3_0_0&highlighted_blocks=1360242901_408329421_3_0_0&matching_block_id=1360242901_408329421_3_0_0&sr_pri_blocks=1360242901_408329421_3_0_0__1440000&from=searchresults,14400,8.0,1.0,Lahore,12.1,One-Bedroom Apartment,"3 beds (1 double, 2 sofa beds)",0,0,1,https://cf.bstatic.com/xdata/images/hotel/square240/647331633.webp?k=b5416e73668921faaefdff0be3eb588aa607d5686e3dee55928c03b787522fa2&o=,3,Lahore
Luxury Retreats by Obsidian Homes,https://www.booking.com/hotel/pk/nyx-the-modern-luxury-retreat.en-gb.html?aid=304142&label=gen173nr-10CAQoggJCDWNpdHlfLTI3NjcwNDNICVgEaLUBiAEBmAEzuAEHyAEM2AED6AEB-AEBiAIBqAIBuALBjMLTBsACAdICJDRlYmVmMGVjLTBmMjctNDNkNS05MDQ0LWY2ZTFmMzRjMjI5M9gCAeACAQ&ucfs=1&arphpl=1&checkin=2026-08-06&checkout=2026-08-07&dest_id=-2767043&dest_type=city&group_adults=2&req_adults=2&no_rooms=1&group_children=0&req_children=0&hpos=9&hapos=890&sr_order=popularity&srpvid=7b4f562059d9004c&srepoch=1785759478&all_sr_blocks=1486131101_420100665_3_0_0&highlighted_blocks=1486131101_420100665_3_0_0&matching_block_id=1486131101_420100665_3_0_0&sr_pri_blocks=1486131101_420100665_3_0_0__1350000&from=searchresults,13500,,,Lahore,18.4,One-Bedroom Apartment,"2 beds (1 extra-large double, 1 sofa bed)",0,1,1,https://cf.bstatic.com/xdata/images/hotel/square240/740130060.webp?k=a25408924cd91d0d6c5e0a771a8da2fdd78c40b4062ec6e4dd01e2ee5002d3ee&o=,4,Lahore
Lahore Gulberg Central - The Avenair - Premium One Bed Apartment,https://www.booking.com/hotel/pk/lahore-gulberg-central-the-avenair-premium-one-bed-apartment.en-gb.html?aid=304142&label=gen173nr-10CAQoggJCDWNpdHlfLTI3NjcwNDNICVgEaLUBiAEBmAEzuAEHyAEM2AED6AEB-AEBiAIBqAIBuALBjMLTBsACAdICJDRlYmVmMGVjLTBmMjctNDNkNS05MDQ0LWY2ZTFmMzRjMjI5M9gCAeACAQ&ucfs=1&arphpl=1&checkin=2026-08-06&checkout=2026-08-07&dest_id=-2767043&dest_type=city&group_adults=2&req_adults=2&no_rooms=1&group_children=0&req_children=0&hpos=10&hapos=891&sr_order=popularity&srpvid=7b4f562059d9004c&srepoch=1785759478&all_sr_blocks=1653265101_437280509_2_0_0&highlighted_blocks=1653265101_437280509_2_0_0&matching_block_id=1653265101_437280509_2_0_0&sr_pri_blocks=1653265101_437280509_2_0_0__1283040&from=searchresults,12830,,,"Gulberg, Lahore",5.9,One-Bedroom Apartment,1 extra-large double bed,0,0,0,https://cf.bstatic.com/xdata/images/hotel/square240/873722840.webp?k=a2d40386f5c7d9c2dbe79bd74a0790d4776e360983aad12b6eb74d09cf78cd66&o=,11,Lahore
Cozy Apartment,https://www.booking.com/hotel/pk/cozy-apartment-lahore.en-gb.html?aid=304142&label=gen173nr-10CAQoggJCDWNpdHlfLTI3NjcwNDNICVgEaLUBiAEBmAEzuAEHyAEM2AED6AEB-AEBiAIBqAIBuALBjMLTBsACAdICJDRlYmVmMGVjLTBmMjctNDNkNS05MDQ0LWY2ZTFmMzRjMjI5M9gCAeACAQ&ucfs=1&arphpl=1&checkin=2026-08-06&checkout=2026-08-07&dest_id=-2767043&dest_type=city&group_adults=2&req_adults=2&no_rooms=1&group_children=0&req_children=0&hpos=11&hapos=892&sr_order=popularity&srpvid=7b4f562059d9004c&srepoch=1785759478&all_sr_blocks=1540461901_425450658_2_0_0&highlighted_blocks=1540461901_425450658_2_0_0&matching_block_id=1540461901_425450658_2_0_0&sr_pri_blocks=1540461901_425450658_2_0_0__700000&from=searchresults,7000,,,"Johar Town, Lahore",12.3,Three-Bedroom Apartment,"3 beds (1 sofa bed, 2 large doubles)",0,1,1,https://cf.bstatic.com/xdata/images/hotel/square240/787985772.webp?k=fb12997b943939147fae5294a88549af9cfff04ea1c3e51d68f2f39d25db19b0&o=,4,Lahore
Modern cozy apartment DHA Phase 9 1BKHD,https://www.booking.com/hotel/pk/modern-cozy-apartment-dha-phase-9-1bkhd.en-gb.html?aid=304142&label=gen173nr-10CAQoggJCDWNpdHlfLTI3NjcwNDNICVgEaLUBiAEBmAEzuAEHyAEM2AED6AEB-AEBiAIBqAIBuALBjMLTBsACAdICJDRlYmVmMGVjLTBmMjctNDNkNS05MDQ0LWY2ZTFmMzRjMjI5M9gCAeACAQ&ucfs=1&arphpl=1&checkin=2026-08-06&checkout=2026-08-07&dest_id=-2767043&dest_type=city&group_adults=2&req_adults=2&no_rooms=1&group_children=0&req_children=0&hpos=12&hapos=893&sr_order=popularity&srpvid=7b4f562059d9004c&srepoch=1785759478&all_sr_blocks=1543996801_425731178_2_0_0&highlighted_blocks=1543996801_425731178_2_0_0&matching_block_id=1543996801_425731178_2_0_0&sr_pri_blocks=1543996801_425731178_2_0_0__1000000&from=searchresults,10000,,,Lahore,6.1,One-Bedroom Apartment,"2 beds (1 double, 1 sofa bed)",0,1,1,https://cf.bstatic.com/xdata/images/hotel/square240/791021379.webp?k=a9138f9860040328dcc857f72ed80bf124d5778215091bf5bccf82de8b407971&o=,4,Lahore
Khayaban-e-Amin Luxurious Apartments,https://www.booking.com/hotel/pk/khayaban-e-amin-luxurious-apartments.en-gb.html?aid=304142&label=gen173nr-10CAQoggJCDWNpdHlfLTI3NjcwNDNICVgEaLUBiAEBmAEzuAEHyAEM2AED6AEB-AEBiAIBqAIBuALBjMLTBsACAdICJDRlYmVmMGVjLTBmMjctNDNkNS05MDQ0LWY2ZTFmMzRjMjI5M9gCAeACAQ&ucfs=1&arphpl=1&checkin=2026-08-06&checkout=2026-08-07&dest_id=-2767043&dest_type=city&group_adults=2&req_adults=2&no_rooms=1&group_children=0&req_children=0&hpos=13&hapos=894&sr_order=popularity&srpvid=7b4f562059d9004c&srepoch=1785759478&all_sr_blocks=1181001801_392754414_0_0_0&highlighted_blocks=1181001801_392754414_0_0_0&matching_block_id=1181001801_392754414_0_0_0&sr_pri_blocks=1181001801_392754414_0_0_0__2856000&from=searchresults,28560,,,Lahore,20.6,Three-Bedroom Apartment,3 large double beds,0,1,1,https://cf.bstatic.com/xdata/images/hotel/square240/541381815.webp?k=d9e836e68c9a914a6dd0ba7b623e2fe3ebf9ba499d65dd5c050d3243f32f2493&o=,5,Lahore
Cottage I 5min to M-2 Motorway 10min to BahriaTown,https://www.booking.com/hotel/pk/life-size-dollhouse.en-gb.html?aid=304142&label=gen173nr-10CAQoggJCDWNpdHlfLTI3NjcwNDNICVgEaLUBiAEBmAEzuAEHyAEM2AED6AEB-AEBiAIBqAIBuALBjMLTBsACAdICJDRlYmVmMGVjLTBmMjctNDNkNS05MDQ0LWY2ZTFmMzRjMjI5M9gCAeACAQ&ucfs=1&arphpl=1&checkin=2026-08-06&checkout=2026-08-07&dest_id=-2767043&dest_type=city&group_adults=2&req_adults=2&no_rooms=1&group_children=0&req_children=0&hpos=14&hapos=895&sr_order=popularity&srpvid=7b4f562059d9004c&srepoch=1785759478&all_sr_blocks=1298588401_402757381_3_2_0_689685&highlighted_blocks=1298588401_402757381_3_2_0_689685&matching_block_id=1298588401_402757381_3_2_0_689685&sr_pri_blocks=1298588401_402757381_3_2_0_689685_813564&from=searchresults,8136,10,1.0,Lahore,18.2,Two-Bedroom House,2 double beds,0,1,1,https://cf.bstatic.com/xdata/images/hotel/square240/607058313.webp?k=36be0ccbf0b4e7e8b1a8e88334271b19a896f06004f9f42a86cffe9811587dd6&o=,11,Lahore
"Premium 1BHK , Central Gulberg, MMalam Rd",https://www.booking.com/hotel/pk/premium-1bhk-central-gulberg-mmalam-rd.en-gb.html?aid=304142&label=gen173nr-10CAQoggJCDWNpdHlfLTI3NjcwNDNICVgEaLUBiAEBmAEzuAEHyAEM2AED6AEB-AEBiAIBqAIBuALBjMLTBsACAdICJDRlYmVmMGVjLTBmMjctNDNkNS05MDQ0LWY2ZTFmMzRjMjI5M9gCAeACAQ&ucfs=1&arphpl=1&checkin=2026-08-06&checkout=2026-08-07&dest_id=-2767043&dest_type=city&group_adults=2&req_adults=2&no_rooms=1&group_children=0&req_children=0&hpos=15&hapos=896&sr_order=popularity&srpvid=7b4f562059d9004c&srepoch=1785759478&all_sr_blocks=1584330701_429555366_2_0_0&highlighted_blocks=1584330701_429555366_2_0_0&matching_block_id=1584330701_429555366_2_0_0&sr_pri_blocks=1584330701_429555366_2_0_0__1275000&from=searchresults,12750,,,"Gulberg, Lahore",7.0,One-Bedroom Apartment,"2 beds (1 sofa bed, 1 large double)",0,1,1,https://cf.bstatic.com/xdata/images/hotel/square240/825995639.webp?k=dfb12d6046d4c14409fab753d2a9f88d9cd705a60e819f89374ac1cbcd8868be&o=,4,Lahore
"Luxury 2 Bedroom Sky Suite at Gold Crest Lahore with City Views, Xbox & Foosball",https://www.booking.com/hotel/pk/2br-sky-suite-gold-crest-xbox-foosball-amp-city-views.en-gb.html?aid=304142&label=gen173nr-10CAQoggJCDWNpdHlfLTI3NjcwNDNICVgEaLUBiAEBmAEzuAEHyAEM2AED6AEB-AEBiAIBqAIBuALBjMLTBsACAdICJDRlYmVmMGVjLTBmMjctNDNkNS05MDQ0LWY2ZTFmMzRjMjI5M9gCAeACAQ&ucfs=1&arphpl=1&checkin=2026-08-06&checkout=2026-08-07&dest_id=-2767043&dest_type=city&group_adults=2&req_adults=2&no_rooms=1&group_children=0&req_children=0&hpos=16&hapos=897&sr_order=popularity&srpvid=7b4f562059d9004c&srepoch=1785759478&all_sr_blocks=1607037201_431639580_4_0_0&highlighted_blocks=1607037201_431639580_4_0_0&matching_block_id=1607037201_431639580_4_0_0&sr_pri_blocks=1607037201_431639580_4_0_0__2500000&from=searchresults,25000,,,Lahore,12.0,Two-Bedroom Apartment with Balcony and Terrace,2 large double beds,0,1,1,https://cf.bstatic.com/xdata/images/hotel/square240/845200232.webp?k=569f7114557fd4c99c6369efb947def5119cf678a497426e9d67c7d3c94eee78&o=,4,Lahore
Couples Families Gold Heaven Self Checkin,https://www.booking.com/hotel/pk/couples-families-gold-heaven-self-checkin.en-gb.html?aid=304142&label=gen173nr-10CAQoggJCDWNpdHlfLTI3NjcwNDNICVgEaLUBiAEBmAEzuAEHyAEM2AED6AEB-AEBiAIBqAIBuALBjMLTBsACAdICJDRlYmVmMGVjLTBmMjctNDNkNS05MDQ0LWY2ZTFmMzRjMjI5M9gCAeACAQ&ucfs=1&arphpl=1&checkin=2026-08-06&checkout=2026-08-07&dest_id=-2767043&dest_type=city&group_adults=2&req_adults=2&no_rooms=1&group_children=0&req_children=0&hpos=17&hapos=898&sr_order=popularity&srpvid=7b4f562059d9004c&srepoch=1785759478&all_sr_blocks=1365573701_408848325_2_2_0&highlighted_blocks=1365573701_408848325_2_2_0&matching_block_id=1365573701_408848325_2_2_0&sr_pri_blocks=1365573701_408848325_2_2_0__700000&from=searchresults,7000,,,Lahore,16.4,One-Bedroom Apartment,1 extra-large double bed,0,0,1,https://cf.bstatic.com/xdata/images/hotel/square240/654195490.webp?k=3f4f65cffebccf71fe5318d1d57d6dfee8c3735c043ec0767ce4015f1ac358bf&o=,3,Lahore
Darul Khair,https://www.booking.com/hotel/pk/darul-khair.en-gb.html?aid=304142&label=gen173nr-10CAQoggJCDWNpdHlfLTI3NjcwNDNICVgEaLUBiAEBmAEzuAEHyAEM2AED6AEB-AEBiAIBqAIBuALBjMLTBsACAdICJDRlYmVmMGVjLTBmMjctNDNkNS05MDQ0LWY2ZTFmMzRjMjI5M9gCAeACAQ&ucfs=1&arphpl=1&checkin=2026-08-06&checkout=2026-08-07&dest_id=-2767043&dest_type=city&group_adults=2&req_adults=2&no_rooms=1&group_children=0&req_children=0&hpos=18&hapos=899&sr_order=popularity&srpvid=7b4f562059d9004c&srepoch=1785759478&all_sr_blocks=767249401_374350992_2_0_0&highlighted_blocks=767249401_374350992_2_0_0&matching_block_id=767249401_374350992_2_0_0&sr_pri_blocks=767249401_374350992_2_0_0__500000&from=searchresults,5000,4.1,12.0,"Johar Town, Lahore",12.6,Deluxe Double Room,1 double bed,0,1,0,https://cf.bstatic.com/xdata/images/hotel/square240/562441723.webp?k=a84863024061e75664af2d04fba2a9b6c9f229dab241a873479348be67ad5a11&o=,3,Lahore
Pearl Continent Suites,https://www.booking.com/hotel/pk/pearl-continent-suites.en-gb.html?aid=304142&label=gen173nr-10CAQoggJCDWNpdHlfLTI3NjcwNDNICVgEaLUBiAEBmAEzuAEHyAEM2AED6AEB-AEBiAIBqAIBuALBjMLTBsACAdICJDRlYmVmMGVjLTBmMjctNDNkNS05MDQ0LWY2ZTFmMzRjMjI5M9gCAeACAQ&ucfs=1&arphpl=1&checkin=2026-08-06&checkout=2026-08-07&dest_id=-2767043&dest_type=city&group_adults=2&req_adults=2&no_rooms=1&group_children=0&req_children=0&hpos=19&hapos=900&sr_order=popularity&srpvid=7b4f562059d9004c&srepoch=1785759478&all_sr_blocks=1582069402_429316587_2_0_0&highlighted_blocks=1582069402_429316587_2_0_0&matching_block_id=1582069402_429316587_2_0_0&sr_pri_blocks=1582069402_429316587_2_0_0__2300000&from=searchresults,23000,,,Lahore,12.0,One-Bedroom Apartment,"5 beds (4 sofa beds, 1 large double)",0,1,1,https://cf.bstatic.com/xdata/images/hotel/square240/824383180.webp?k=5e69cefc3e396b9b0c50bd20db0a30805c7e2044550a3eab6568a74be76b178b&o=,4,Lahore
Sky Haven Residences,https://www.booking.com/hotel/pk/sky-haven-residences-lahore1.en-gb.html?aid=304142&label=gen173nr-10CAQoggJCDWNpdHlfLTI3NjcwNDNICVgEaLUBiAEBmAEzuAEHyAEM2AED6AEB-AEBiAIBqAIBuALBjMLTBsACAdICJDRlYmVmMGVjLTBmMjctNDNkNS05MDQ0LWY2ZTFmMzRjMjI5M9gCAeACAQ&ucfs=1&arphpl=1&checkin=2026-08-06&checkout=2026-08-07&dest_id=-2767043&dest_type=city&group_adults=2&req_adults=2&no_rooms=1&group_children=0&req_children=0&hpos=20&hapos=901&sr_order=popularity&srpvid=7b4f562059d9004c&srepoch=1785759478&all_sr_blocks=1685924801_440215522_4_0_0&highlighted_blocks=1685924801_440215522_4_0_0&matching_block_id=1685924801_440215522_4_0_0&sr_pri_blocks=1685924801_440215522_4_0_0__1800000&from=searchresults,18000,,,Lahore,12.0,One-Bedroom Apartment,"4 beds (1 extra-large double, 3 sofa beds)",0,1,1,https://cf.bstatic.com/xdata/images/hotel/square240/893335249.webp?k=fb0eb759c591e5c82349b99dbc8a7db39669999f8102a7c3a71a6d4ce9dddeb1&o=,5,Lahore
Elite Space,https://www.booking.com/hotel/pk/cozy-corner-lahore1.en-gb.html?aid=304142&label=gen173nr-10CAQoggJCDWNpdHlfLTI3NjcwNDNICVgEaLUBiAEBmAEzuAEHyAEM2AED6AEB-AEBiAIBqAIBuALBjMLTBsACAdICJDRlYmVmMGVjLTBmMjctNDNkNS05MDQ0LWY2ZTFmMzRjMjI5M9gCAeACAQ&ucfs=1&arphpl=1&checkin=2026-08-06&checkout=2026-08-07&dest_id=-2767043&dest_type=city&group_adults=2&req_adults=2&no_rooms=1&group_children=0&req_children=0&hpos=21&hapos=902&sr_order=popularity&srpvid=7b4f562059d9004c&srepoch=1785759478&all_sr_blocks=1677530001_439473171_4_0_0&highlighted_blocks=1677530001_439473171_4_0_0&matching_block_id=1677530001_439473171_4_0_0&sr_pri_blocks=1677530001_439473171_4_0_0__1496000&from=searchresults,14960,,,Lahore,18.4,Apartment,"2 beds (1 double, 1 sofa bed)",0,1,1,https://cf.bstatic.com/xdata/images/hotel/square240/889410940.webp?k=c9e13710cadc57bb7bdd6f7f0ea433023c89bb342d51d4db66694672d48377d7&o=,6,Lahore
BNR - The Opus Residences 2-Bed Apartment Gulberg,https://www.booking.com/hotel/pk/2-bedroom-luxury-apartment-lahore4.en-gb.html?aid=304142&label=gen173nr-10CAQoggJCDWNpdHlfLTI3NjcwNDNICVgEaLUBiAEBmAEzuAEHyAEM2AED6AEB-AEBiAIBqAIBuALBjMLTBsACAdICJDRlYmVmMGVjLTBmMjctNDNkNS05MDQ0LWY2ZTFmMzRjMjI5M9gCAeACAQ&ucfs=1&arphpl=1&checkin=2026-08-06&checkout=2026-08-07&dest_id=-2767043&dest_type=city&group_adults=2&req_adults=2&no_rooms=1&group_children=0&req_children=0&hpos=22&hapos=903&sr_order=popularity&srpvid=7b4f562059d9004c&srepoch=1785759478&all_sr_blocks=1241358902_412420652_4_0_0&highlighted_blocks=1241358902_412420652_4_0_0&matching_block_id=1241358902_412420652_4_0_0&sr_pri_blocks=1241358902_412420652_4_0_0__2765970&from=searchresults,27660,,,"Gulberg, Lahore",6.9,Apartment,2 extra-large double beds,0,1,1,https://cf.bstatic.com/xdata/images/hotel/square240/577502550.webp?k=5178e7a7e49697e941c50e06dbb40473cfe81a59cd7a952f3237423ac0703b1e&o=,12,Lahore
The Olive Grove by Tempstation,https://www.booking.com/hotel/pk/the-olive-grove-by-tempstation-lahore1.en-gb.html?aid=304142&label=gen173nr-10CAQoggJCDWNpdHlfLTI3NjcwNDNICVgEaLUBiAEBmAEzuAEHyAEM2AED6AEB-AEBiAIBqAIBuALBjMLTBsACAdICJDRlYmVmMGVjLTBmMjctNDNkNS05MDQ0LWY2ZTFmMzRjMjI5M9gCAeACAQ&ucfs=1&arphpl=1&checkin=2026-08-06&checkout=2026-08-07&dest_id=-2767043&dest_type=city&group_adults=2&req_adults=2&no_rooms=1&group_children=0&req_children=0&hpos=23&hapos=904&sr_order=popularity&srpvid=7b4f562059d9004c&srepoch=1785759478&all_sr_blocks=1368165201_409058585_2_0_0&highlighted_blocks=1368165201_409058585_2_0_0&matching_block_id=1368165201_409058585_2_0_0&sr_pri_blocks=1368165201_409058585_2_0_0__1260000&from=searchresults,12600,,,Lahore,18.4,Two-Bedroom Apartment,1 double bed,0,1,1,https://cf.bstatic.com/xdata/images/hotel/square240/652088711.webp?k=9170e58d0f4af50d78c286231d3ae224521e58d60a5e127920f383280b5e81bc&o=,4,Lahore
"Affordable Luxury, Spacious 3 Bed Family Home in DHA Phase 9",https://www.booking.com/hotel/pk/affordable-luxury-spacious-3-bed-family-home-in-dha-phase-9.en-gb.html?aid=304142&label=gen173nr-10CAQoggJCDWNpdHlfLTI3NjcwNDNICVgEaLUBiAEBmAEzuAEHyAEM2AED6AEB-AEBiAIBqAIBuALBjMLTBsACAdICJDRlYmVmMGVjLTBmMjctNDNkNS05MDQ0LWY2ZTFmMzRjMjI5M9gCAeACAQ&ucfs=1&arphpl=1&checkin=2026-08-06&checkout=2026-08-07&dest_id=-2767043&dest_type=city&group_adults=2&req_adults=2&no_rooms=1&group_children=0&req_children=0&hpos=24&hapos=905&sr_order=popularity&srpvid=7b4f562059d9004c&srepoch=1785759478&all_sr_blocks=1671440901_438915283_10_0_0&highlighted_blocks=1671440901_438915283_10_0_0&matching_block_id=1671440901_438915283_10_0_0&sr_pri_blocks=1671440901_438915283_10_0_0__2203164&from=searchresults,22032,,,Lahore,17.6,Three-Bedroom Villa,"4 beds (2 sofa beds, 2 large doubles)",0,1,1,https://cf.bstatic.com/xdata/images/hotel/square240/886100327.webp?k=c3ef018e25672174664204857266451125137df1438cf1137cdaae2a262cafd4&o=,5,Lahore
m5 bros,https://www.booking.com/hotel/pk/m5-bros.en-gb.html?aid=304142&label=gen173nr-10CAQoggJCDWNpdHlfLTI3NjcwNDNICVgEaLUBiAEBmAEzuAEHyAEM2AED6AEB-AEBiAIBqAIBuALBjMLTBsACAdICJDRlYmVmMGVjLTBmMjctNDNkNS05MDQ0LWY2ZTFmMzRjMjI5M9gCAeACAQ&ucfs=1&arphpl=1&checkin=2026-08-06&checkout=2026-08-07&dest_id=-2767043&dest_type=city&group_adults=2&req_adults=2&no_rooms=1&group_children=0&req_children=0&hpos=1&hapos=906&sr_order=popularity&srpvid=7b4f562059d9004c&srepoch=1785759489&all_sr_blocks=1372560901_409434271_2_0_0&highlighted_blocks=1372560901_409434271_2_0_0&matching_block_id=1372560901_409434271_2_0_0&sr_pri_blocks=1372560901_409434271_2_0_0__1215000&from=searchresults,12150,,,Lahore,24.8,One-Bedroom Apartment,"3 beds (1 sofa bed, 2 large doubles)",0,0,1,https://cf.bstatic.com/xdata/images/hotel/square240/655209440.webp?k=bb8bb51167b7d852552ebf4e168ecde5d646ac293b5b2289b05889a21542ffa3&o=,3,Lahore
Ali House,https://www.booking.com/hotel/pk/ali-house-lahore1.en-gb.html?aid=304142&label=gen173nr-10CAQoggJCDWNpdHlfLTI3NjcwNDNICVgEaLUBiAEBmAEzuAEHyAEM2AED6AEB-AEBiAIBqAIBuALBjMLTBsACAdICJDRlYmVmMGVjLTBmMjctNDNkNS05MDQ0LWY2ZTFmMzRjMjI5M9gCAeACAQ&ucfs=1&arphpl=1&checkin=2026-08-06&checkout=2026-08-07&dest_id=-2767043&dest_type=city&group_adults=2&req_adults=2&no_rooms=1&group_children=0&req_children=0&hpos=2&hapos=907&sr_order=popularity&srpvid=7b4f562059d9004c&srepoch=1785759489&all_sr_blocks=1584669301_429594962_10_1_0&highlighted_blocks=1584669301_429594962_10_1_0&matching_block_id=1584669301_429594962_10_1_0&sr_pri_blocks=1584669301_429594962_10_1_0__3000000&from=searchresults,30000,,,Lahore,29.4,Double Room with Private Bathroom,"7 beds (4 singles, 2 doubles, 1 large double)",1,1,1,https://cf.bstatic.com/xdata/images/hotel/square240/826162710.webp?k=956e95b3b30da4a7ac0184397b9aaa71d450e5d13e756c343daf7dc347b6f09c&o=,4,Lahore
Boutique luxury house,https://www.booking.com/hotel/pk/boutique-luxury-house.en-gb.html?aid=304142&label=gen173nr-10CAQoggJCDWNpdHlfLTI3NjcwNDNICVgEaLUBiAEBmAEzuAEHyAEM2AED6AEB-AEBiAIBqAIBuALBjMLTBsACAdICJDRlYmVmMGVjLTBmMjctNDNkNS05MDQ0LWY2ZTFmMzRjMjI5M9gCAeACAQ&ucfs=1&arphpl=1&checkin=2026-08-06&checkout=2026-08-07&dest_id=-2767043&dest_type=city&group_adults=2&req_adults=2&no_rooms=1&group_children=0&req_children=0&hpos=3&hapos=908&sr_order=popularity&srpvid=7b4f562059d9004c&srepoch=1785759489&all_sr_blocks=1393969401_411315910_2_1_0&highlighted_blocks=1393969401_411315910_2_1_0&matching_block_id=1393969401_411315910_2_1_0&sr_pri_blocks=1393969401_411315910_2_1_0__3864000&from=searchresults,38640,,,Lahore,13.9,Villa,1 double bed,1,1,1,https://cf.bstatic.com/xdata/images/hotel/square240/670552327.webp?k=30796c47db27c7ac22114054a047d2ec704930a5df6a7129af2145ff4065f3a3&o=,4,Lahore
"Luxury 1BR Apartment, Family Business and Vacation Stay Bahria Town",https://www.booking.com/hotel/pk/noir-residencies-1-bedroom-apartment-in-lahore.en-gb.html?aid=304142&label=gen173nr-10CAQoggJCDWNpdHlfLTI3NjcwNDNICVgEaLUBiAEBmAEzuAEHyAEM2AED6AEB-AEBiAIBqAIBuALBjMLTBsACAdICJDRlYmVmMGVjLTBmMjctNDNkNS05MDQ0LWY2ZTFmMzRjMjI5M9gCAeACAQ&ucfs=1&arphpl=1&checkin=2026-08-06&checkout=2026-08-07&dest_id=-2767043&dest_type=city&group_adults=2&req_adults=2&no_rooms=1&group_children=0&req_children=0&hpos=4&hapos=909&sr_order=popularity&srpvid=7b4f562059d9004c&srepoch=1785759489&all_sr_blocks=1575897801_428706045_3_0_0&highlighted_blocks=1575897801_428706045_3_0_0&matching_block_id=1575897801_428706045_3_0_0&sr_pri_blocks=1575897801_428706045_3_0_0__800000&from=searchresults,8000,,,Lahore,25.8,One-Bedroom Apartment,"3 beds (1 double, 2 sofa beds)",0,1,1,https://cf.bstatic.com/xdata/images/hotel/square240/855155646.webp?k=c2b316b17cb07acf208ca8a02d8bf3f13909b8fe747bb515f69fab93dd4540c9&o=,4,Lahore
Zeenstays,https://www.booking.com/hotel/pk/cozy-amp-comfortable-apartment.en-gb.html?aid=304142&label=gen173nr-10CAQoggJCDWNpdHlfLTI3NjcwNDNICVgEaLUBiAEBmAEzuAEHyAEM2AED6AEB-AEBiAIBqAIBuALBjMLTBsACAdICJDRlYmVmMGVjLTBmMjctNDNkNS05MDQ0LWY2ZTFmMzRjMjI5M9gCAeACAQ&ucfs=1&arphpl=1&checkin=2026-08-06&checkout=2026-08-07&dest_id=-2767043&dest_type=city&group_adults=2&req_adults=2&no_rooms=1&group_children=0&req_children=0&hpos=5&hapos=910&sr_order=popularity&srpvid=7b4f562059d9004c&srepoch=1785759489&all_sr_blocks=1612513401_432156705_3_0_0&highlighted_blocks=1612513401_432156705_3_0_0&matching_block_id=1612513401_432156705_3_0_0&sr_pri_blocks=1612513401_432156705_3_0_0__603000&from=searchresults,6030,,,Lahore,28.1,One-Bedroom Apartment,1 double bed,0,1,1,https://cf.bstatic.com/xdata/images/hotel/square240/861901247.webp?k=999c4c990f480fcded759d823547432d6146c31951757e2f7ef19a7adc4a4f8e&o=,4,Lahore
Hotel Gulberg Grand,https://www.booking.com/hotel/pk/gulberg-grand-lahore.en-gb.html?aid=304142&label=gen173nr-10CAQoggJCDWNpdHlfLTI3NjcwNDNICVgEaLUBiAEBmAEzuAEHyAEM2AED6AEB-AEBiAIBqAIBuALBjMLTBsACAdICJDRlYmVmMGVjLTBmMjctNDNkNS05MDQ0LWY2ZTFmMzRjMjI5M9gCAeACAQ&ucfs=1&arphpl=1&checkin=2026-08-06&checkout=2026-08-07&dest_id=-2767043&dest_type=city&group_adults=2&req_adults=2&no_rooms=1&group_children=0&req_children=0&hpos=6&hapos=911&sr_order=popularity&srpvid=7b4f562059d9004c&srepoch=1785759489&all_sr_blocks=629356001_275246196_2_1_0&highlighted_blocks=629356001_275246196_2_1_0&matching_block_id=629356001_275246196_2_1_0&sr_pri_blocks=629356001_275246196_2_1_0__807500&from=searchresults,8075,7.6,42.0,Lahore,4.7,Standard King Room,1 double bed,1,1,1,https://cf.bstatic.com/xdata/images/hotel/square240/365444159.webp?k=db86dfcbdaffa6a849be422deae6f628f822adaae5e53304b024047e9ced46e4&o=,11,Lahore
luxury 3bhk full Home in Bahria,https://www.booking.com/hotel/pk/luxury-2bhk-full-home-in-bahria.en-gb.html?aid=304142&label=gen173nr-10CAQoggJCDWNpdHlfLTI3NjcwNDNICVgEaLUBiAEBmAEzuAEHyAEM2AED6AEB-AEBiAIBqAIBuALBjMLTBsACAdICJDRlYmVmMGVjLTBmMjctNDNkNS05MDQ0LWY2ZTFmMzRjMjI5M9gCAeACAQ&ucfs=1&arphpl=1&checkin=2026-08-06&checkout=2026-08-07&dest_id=-2767043&dest_type=city&group_adults=2&req_adults=2&no_rooms=1&group_children=0&req_children=0&hpos=7&hapos=912&sr_order=popularity&srpvid=7b4f562059d9004c&srepoch=1785759489&all_sr_blocks=1470911001_418435363_6_0_0&highlighted_blocks=1470911001_418435363_6_0_0&matching_block_id=1470911001_418435363_6_0_0&sr_pri_blocks=1470911001_418435363_6_0_0__2000000&from=searchresults,20000,,,Lahore,25.2,Two-Bedroom Villa,"4 beds (2 singles, 2 sofa beds)",0,1,1,https://cf.bstatic.com/xdata/images/hotel/square240/726975194.webp?k=986408224a468182a95826f55ffd635eb5cfb88963b58335df74519a0d3d79a0&o=,5,Lahore
Premier Apartments by Guftagu,https://www.booking.com/hotel/pk/premier-apartments-by-guftagu.en-gb.html?aid=304142&label=gen173nr-10CAQoggJCDWNpdHlfLTI3NjcwNDNICVgEaLUBiAEBmAEzuAEHyAEM2AED6AEB-AEBiAIBqAIBuALBjMLTBsACAdICJDRlYmVmMGVjLTBmMjctNDNkNS05MDQ0LWY2ZTFmMzRjMjI5M9gCAeACAQ&ucfs=1&arphpl=1&checkin=2026-08-06&checkout=2026-08-07&dest_id=-2767043&dest_type=city&group_adults=2&req_adults=2&no_rooms=1&group_children=0&req_children=0&hpos=8&hapos=913&sr_order=popularity&srpvid=7b4f562059d9004c&srepoch=1785759489&all_sr_blocks=1600804501_431033887_4_0_0&highlighted_blocks=1600804501_431033887_4_0_0&matching_block_id=1600804501_431033887_4_0_0&sr_pri_blocks=1600804501_431033887_4_0_0__800000&from=searchresults,8000,,,Lahore,27.4,One-Bedroom Apartment,"2 beds (1 double, 1 sofa bed)",0,1,1,https://cf.bstatic.com/xdata/images/hotel/square240/838434953.webp?k=876b411315c83eea476819bd736503b9a6721c4b9f8a7adcc477291a474c81bd&o=,4,Lahore
Universe Apartment 1bedroom By StayLux Suits,https://www.booking.com/hotel/pk/universe-apartment-1bedroom-by-staylux-suits.en-gb.html?aid=304142&label=gen173nr-10CAQoggJCDWNpdHlfLTI3NjcwNDNICVgEaLUBiAEBmAEzuAEHyAEM2AED6AEB-AEBiAIBqAIBuALBjMLTBsACAdICJDRlYmVmMGVjLTBmMjctNDNkNS05MDQ0LWY2ZTFmMzRjMjI5M9gCAeACAQ&ucfs=1&arphpl=1&checkin=2026-08-06&checkout=2026-08-07&dest_id=-2767043&dest_type=city&group_adults=2&req_adults=2&no_rooms=1&group_children=0&req_children=0&hpos=9&hapos=914&sr_order=popularity&srpvid=7b4f562059d9004c&srepoch=1785759489&all_sr_blocks=1436905501_415181277_2_0_0&highlighted_blocks=1436905501_415181277_2_0_0&matching_block_id=1436905501_415181277_2_0_0&sr_pri_blocks=1436905501_415181277_2_0_0__1620000&from=searchresults,16200,,,Lahore,18.2,One-Bedroom Apartment,"2 beds (1 double, 1 sofa bed)",0,1,1,https://cf.bstatic.com/xdata/images/hotel/square240/697186716.webp?k=94bd964ba68b5f0fd3a30e2ade6dff671c5baa0d3f90494d803eb68badd41f3a&o=,4,Lahore
Luxury Executive Suite at Penta Square DHA Phase 5 Lahore,https://www.booking.com/hotel/pk/luxury-executive-suite-at-penta-square-dha-phase-5.en-gb.html?aid=304142&label=gen173nr-10CAQoggJCDWNpdHlfLTI3NjcwNDNICVgEaLUBiAEBmAEzuAEHyAEM2AED6AEB-AEBiAIBqAIBuALBjMLTBsACAdICJDRlYmVmMGVjLTBmMjctNDNkNS05MDQ0LWY2ZTFmMzRjMjI5M9gCAeACAQ&ucfs=1&arphpl=1&checkin=2026-08-06&checkout=2026-08-07&dest_id=-2767043&dest_type=city&group_adults=2&req_adults=2&no_rooms=1&group_children=0&req_children=0&hpos=10&hapos=915&sr_order=popularity&srpvid=7b4f562059d9004c&srepoch=1785759489&all_sr_blocks=1576494901_428757756_2_0_0&highlighted_blocks=1576494901_428757756_2_0_0&matching_block_id=1576494901_428757756_2_0_0&sr_pri_blocks=1576494901_428757756_2_0_0__2374905&from=searchresults,23749,,,Lahore,14.3,One-Bedroom Apartment,1 extra-large double bed,0,1,1,https://cf.bstatic.com/xdata/images/hotel/square240/818802927.webp?k=daeecbcb5d7d5b0fc79fbe2f182c15a355a6e4df3836b2db36285f3bb6cb89be&o=,4,Lahore
Hotel Executive Inn,https://www.booking.com/hotel/pk/executive-inn-lahore2.en-gb.html?aid=304142&label=gen173nr-10CAQoggJCDWNpdHlfLTI3NjcwNDNICVgEaLUBiAEBmAEzuAEHyAEM2AED6AEB-AEBiAIBqAIBuALBjMLTBsACAdICJDRlYmVmMGVjLTBmMjctNDNkNS05MDQ0LWY2ZTFmMzRjMjI5M9gCAeACAQ&ucfs=1&arphpl=1&checkin=2026-08-06&checkout=2026-08-07&dest_id=-2767043&dest_type=city&group_adults=2&req_adults=2&no_rooms=1&group_children=0&req_children=0&hpos=11&hapos=916&sr_order=popularity&srpvid=7b4f562059d9004c&srepoch=1785759489&all_sr_blocks=1220788001_401871615_2_0_0&highlighted_blocks=1220788001_401871615_2_0_0&matching_block_id=1220788001_401871615_2_0_0&sr_pri_blocks=1220788001_401871615_2_0_0__949900&from=searchresults,9499,,,"Johar Town, Lahore",13.4,Deluxe Double Room,1 double bed,0,0,0,https://cf.bstatic.com/xdata/images/hotel/square240/565953763.webp?k=c1a25df29ed886f068c1e23983112a27bf8ad54bd9c47d33e83a60c98e614477&o=,2,Lahore
Goldcrest Mall and Residency - Classic One-Bed Apartment,https://www.booking.com/hotel/pk/goldcrest-mall-and-residency-classic-one-bed-apartment.en-gb.html?aid=304142&label=gen173nr-10CAQoggJCDWNpdHlfLTI3NjcwNDNICVgEaLUBiAEBmAEzuAEHyAEM2AED6AEB-AEBiAIBqAIBuALBjMLTBsACAdICJDRlYmVmMGVjLTBmMjctNDNkNS05MDQ0LWY2ZTFmMzRjMjI5M9gCAeACAQ&ucfs=1&arphpl=1&checkin=2026-08-06&checkout=2026-08-07&dest_id=-2767043&dest_type=city&group_adults=2&req_adults=2&no_rooms=1&group_children=0&req_children=0&hpos=12&hapos=917&sr_order=popularity&srpvid=7b4f562059d9004c&srepoch=1785759489&all_sr_blocks=1654256701_437368595_3_0_0&highlighted_blocks=1654256701_437368595_3_0_0&matching_block_id=1654256701_437368595_3_0_0&sr_pri_blocks=1654256701_437368595_3_0_0__1247400&from=searchresults,12474,7.0,1.0,Lahore,12.1,One-Bedroom Apartment,1 extra-large double bed,0,0,0,https://cf.bstatic.com/xdata/images/hotel/square240/874316465.webp?k=784433e2c14df55c9c0523189c8eb361968a4c2d1c76d5897e1eb87b3acf976b&o=,11,Lahore
One Bed Fully Furnished Apartment,https://www.booking.com/hotel/pk/one-bed-fully-furnished-apartment-lahore1.en-gb.html?aid=304142&label=gen173nr-10CAQoggJCDWNpdHlfLTI3NjcwNDNICVgEaLUBiAEBmAEzuAEHyAEM2AED6AEB-AEBiAIBqAIBuALBjMLTBsACAdICJDRlYmVmMGVjLTBmMjctNDNkNS05MDQ0LWY2ZTFmMzRjMjI5M9gCAeACAQ&ucfs=1&arphpl=1&checkin=2026-08-06&checkout=2026-08-07&dest_id=-2767043&dest_type=city&group_adults=2&req_adults=2&no_rooms=1&group_children=0&req_children=0&hpos=13&hapos=918&sr_order=popularity&srpvid=7b4f562059d9004c&srepoch=1785759489&all_sr_blocks=1642476301_434421204_3_0_0&highlighted_blocks=1642476301_434421204_3_0_0&matching_block_id=1642476301_434421204_3_0_0&sr_pri_blocks=1642476301_434421204_3_0_0__640000&from=searchresults,6400,,,Lahore,26.3,One-Bedroom Apartment,"2 beds (1 double, 1 sofa bed)",0,1,1,https://cf.bstatic.com/xdata/images/hotel/square240/868249107.webp?k=6f9f01051a6fb1526d86c46c6fc13d9107c35622426f2eae4acec204f19e67c6&o=,5,Lahore
2 Bed Apartment Penta Square,https://www.booking.com/hotel/pk/2-bed-apartment-penta-square.en-gb.html?aid=304142&label=gen173nr-10CAQoggJCDWNpdHlfLTI3NjcwNDNICVgEaLUBiAEBmAEzuAEHyAEM2AED6AEB-AEBiAIBqAIBuALBjMLTBsACAdICJDRlYmVmMGVjLTBmMjctNDNkNS05MDQ0LWY2ZTFmMzRjMjI5M9gCAeACAQ&ucfs=1&arphpl=1&checkin=2026-08-06&checkout=2026-08-07&dest_id=-2767043&dest_type=city&group_adults=2&req_adults=2&no_rooms=1&group_children=0&req_children=0&hpos=14&hapos=919&sr_order=popularity&srpvid=7b4f562059d9004c&srepoch=1785759489&all_sr_blocks=1604040001_431344726_2_0_0&highlighted_blocks=1604040001_431344726_2_0_0&matching_block_id=1604040001_431344726_2_0_0&sr_pri_blocks=1604040001_431344726_2_0_0__2652000&from=searchresults,26520,,,Lahore,14.3,Two-Bedroom Apartment,"3 beds (2 extra-large doubles, 1 sofa bed)",0,1,1,https://cf.bstatic.com/xdata/images/hotel/square240/841123507.webp?k=f1dcc12241aecfaa33ecbfa7f8e435ec60b4e38b66c43b4690551f54875b1e2c&o=,5,Lahore
HNC Residence,https://www.booking.com/hotel/pk/hnc-residence-lahore.en-gb.html?aid=304142&label=gen173nr-10CAQoggJCDWNpdHlfLTI3NjcwNDNICVgEaLUBiAEBmAEzuAEHyAEM2AED6AEB-AEBiAIBqAIBuALBjMLTBsACAdICJDRlYmVmMGVjLTBmMjctNDNkNS05MDQ0LWY2ZTFmMzRjMjI5M9gCAeACAQ&ucfs=1&arphpl=1&checkin=2026-08-06&checkout=2026-08-07&dest_id=-2767043&dest_type=city&group_adults=2&req_adults=2&no_rooms=1&group_children=0&req_children=0&hpos=15&hapos=920&sr_order=popularity&srpvid=7b4f562059d9004c&srepoch=1785759489&all_sr_blocks=1673066101_439080281_2_0_0&highlighted_blocks=1673066101_439080281_2_0_0&matching_block_id=1673066101_439080281_2_0_0&sr_pri_blocks=1673066101_439080281_2_0_0__562356&from=searchresults,5624,,,Lahore,26.9,One-Bedroom Apartment,1 double bed,0,1,1,https://cf.bstatic.com/xdata/images/hotel/square240/887066919.webp?k=4887a2dfc0ffa409620adc09aec1c27a705487cb9d908bc0359116cc9d415302&o=,5,Lahore
Bahria Town Lahore - NEXT INN Condo available at Best Price 402,https://www.booking.com/hotel/pk/402-next-inn-condo-available-at-best-price.en-gb.html?aid=304142&label=gen173nr-10CAQoggJCDWNpdHlfLTI3NjcwNDNICVgEaLUBiAEBmAEzuAEHyAEM2AED6AEB-AEBiAIBqAIBuALBjMLTBsACAdICJDRlYmVmMGVjLTBmMjctNDNkNS05MDQ0LWY2ZTFmMzRjMjI5M9gCAeACAQ&ucfs=1&arphpl=1&checkin=2026-08-06&checkout=2026-08-07&dest_id=-2767043&dest_type=city&group_adults=2&req_adults=2&no_rooms=1&group_children=0&req_children=0&hpos=16&hapos=921&sr_order=popularity&srpvid=7b4f562059d9004c&srepoch=1785759489&all_sr_blocks=1191907901_391484380_3_0_0&highlighted_blocks=1191907901_391484380_3_0_0&matching_block_id=1191907901_391484380_3_0_0&sr_pri_blocks=1191907901_391484380_3_0_0__600000&from=searchresults,6000,,,Lahore,25.8,One-Bedroom Apartment,"2 beds (1 extra-large double, 1 sofa bed)",0,1,1,https://cf.bstatic.com/xdata/images/hotel/square240/547975630.webp?k=d51ba13d0d5d770e1d8293a362c68e1b75e62e5bc070cd260c4806a28a41b10e&o=,4,Lahore
"BNR - The Opus Residences 1 Bed Premium Apartment Gulberg, Lahore",https://www.booking.com/hotel/pk/1f-10-bb.en-gb.html?aid=304142&label=gen173nr-10CAQoggJCDWNpdHlfLTI3NjcwNDNICVgEaLUBiAEBmAEzuAEHyAEM2AED6AEB-AEBiAIBqAIBuALBjMLTBsACAdICJDRlYmVmMGVjLTBmMjctNDNkNS05MDQ0LWY2ZTFmMzRjMjI5M9gCAeACAQ&ucfs=1&arphpl=1&checkin=2026-08-06&checkout=2026-08-07&dest_id=-2767043&dest_type=city&group_adults=2&req_adults=2&no_rooms=1&group_children=0&req_children=0&hpos=17&hapos=922&sr_order=popularity&srpvid=7b4f562059d9004c&srepoch=1785759489&all_sr_blocks=1325274402_412420642_2_0_0&highlighted_blocks=1325274402_412420642_2_0_0&matching_block_id=1325274402_412420642_2_0_0&sr_pri_blocks=1325274402_412420642_2_0_0__2387070&from=searchresults,23871,,,"Gulberg, Lahore",6.9,Apartment,1 extra-large double bed,0,1,1,https://cf.bstatic.com/xdata/images/hotel/square240/624912311.webp?k=8508bab51d1e593b89d0b04c393d60984cb15bbe08d12e9caa8b5ea72348d3b4&o=,12,Lahore
Royal Three-Bedroom Villa Dha Phase 6 Lahore,https://www.booking.com/hotel/pk/royal-three-bedroom-villa-dha-phase-6-lahore.en-gb.html?aid=304142&label=gen173nr-10CAQoggJCDWNpdHlfLTI3NjcwNDNICVgEaLUBiAEBmAEzuAEHyAEM2AED6AEB-AEBiAIBqAIBuALBjMLTBsACAdICJDRlYmVmMGVjLTBmMjctNDNkNS05MDQ0LWY2ZTFmMzRjMjI5M9gCAeACAQ&ucfs=1&arphpl=1&checkin=2026-08-06&checkout=2026-08-07&dest_id=-2767043&dest_type=city&group_adults=2&req_adults=2&no_rooms=1&group_children=0&req_children=0&hpos=18&hapos=923&sr_order=popularity&srpvid=7b4f562059d9004c&srepoch=1785759489&all_sr_blocks=720822101_388861295_0_2_0&highlighted_blocks=720822101_388861295_0_2_0&matching_block_id=720822101_388861295_0_2_0&sr_pri_blocks=720822101_388861295_0_2_0__3700000&from=searchresults,37000,9.0,3.0,Lahore,16.6,Three-Bedroom Villa,3 extra-large double beds,0,1,0,https://cf.bstatic.com/xdata/images/hotel/square240/293570763.webp?k=dd5b1e6b18e5d1eeebdf450426f55033692af1ef26923faa003f8c5cc20f89c2&o=,3,Lahore
Gold Crest Luxury Hotel Apartments With City Views -DHA PHASE 4 Lahore,https://www.booking.com/hotel/pk/gold-crest-luxury-apartments-facing-centaurus-mall-islamabad.en-gb.html?aid=304142&label=gen173nr-10CAQoggJCDWNpdHlfLTI3NjcwNDNICVgEaLUBiAEBmAEzuAEHyAEM2AED6AEB-AEBiAIBqAIBuALBjMLTBsACAdICJDRlYmVmMGVjLTBmMjctNDNkNS05MDQ0LWY2ZTFmMzRjMjI5M9gCAeACAQ&ucfs=1&arphpl=1&checkin=2026-08-06&checkout=2026-08-07&dest_id=-2767043&dest_type=city&group_adults=2&req_adults=2&no_rooms=1&group_children=0&req_children=0&hpos=19&hapos=924&sr_order=popularity&srpvid=7b4f562059d9004c&srepoch=1785759489&all_sr_blocks=1696635301_441395161_0_2_0&highlighted_blocks=1696635301_441395161_0_2_0&matching_block_id=1696635301_441395161_0_2_0&sr_pri_blocks=1696635301_441395161_0_2_0__2880000&from=searchresults,28800,,,Lahore,12.0,One-Bedroom Premium Apartment,"2 beds (1 extra-large double, 1 sofa bed)",0,1,0,https://cf.bstatic.com/xdata/images/hotel/square240/900931101.webp?k=bfa2504a337a981616713787bd6f4cf833292acc8b5b37e80a2a34d5a23da701&o=,13,Lahore
nice one bed,https://www.booking.com/hotel/pk/suiteone-penta-10-min-to-airport.en-gb.html?aid=304142&label=gen173nr-10CAQoggJCDWNpdHlfLTI3NjcwNDNICVgEaLUBiAEBmAEzuAEHyAEM2AED6AEB-AEBiAIBqAIBuALBjMLTBsACAdICJDRlYmVmMGVjLTBmMjctNDNkNS05MDQ0LWY2ZTFmMzRjMjI5M9gCAeACAQ&ucfs=1&arphpl=1&checkin=2026-08-06&checkout=2026-08-07&dest_id=-2767043&dest_type=city&group_adults=2&req_adults=2&no_rooms=1&group_children=0&req_children=0&hpos=20&hapos=925&sr_order=popularity&srpvid=7b4f562059d9004c&srepoch=1785759489&all_sr_blocks=1427814701_414363829_3_0_0&highlighted_blocks=1427814701_414363829_3_0_0&matching_block_id=1427814701_414363829_3_0_0&sr_pri_blocks=1427814701_414363829_3_0_0__1400000&from=searchresults,14000,,,Lahore,14.2,Two-Bedroom Apartment,"3 beds (1 double, 1 sofa bed, 1 large double)",0,1,1,https://cf.bstatic.com/xdata/images/hotel/square240/709830992.webp?k=917e8edb55da5e4071fdbc8d93e989b44b2167e0e3c69dea9f075d4b876e501c&o=,4,Lahore
Luxury apartment with Pool Gym amenities By The Urban B&B,https://www.booking.com/hotel/pk/cozy-apartments-lahore1.en-gb.html?aid=304142&label=gen173nr-10CAQoggJCDWNpdHlfLTI3NjcwNDNICVgEaLUBiAEBmAEzuAEHyAEM2AED6AEB-AEBiAIBqAIBuALBjMLTBsACAdICJDRlYmVmMGVjLTBmMjctNDNkNS05MDQ0LWY2ZTFmMzRjMjI5M9gCAeACAQ&ucfs=1&arphpl=1&checkin=2026-08-06&checkout=2026-08-07&dest_id=-2767043&dest_type=city&group_adults=2&req_adults=2&no_rooms=1&group_children=0&req_children=0&hpos=21&hapos=926&sr_order=popularity&srpvid=7b4f562059d9004c&srepoch=1785759489&all_sr_blocks=1458976401_417207897_2_0_0&highlighted_blocks=1458976401_417207897_2_0_0&matching_block_id=1458976401_417207897_2_0_0&sr_pri_blocks=1458976401_417207897_2_0_0__1250000&from=searchresults,12500,,,Lahore,18.4,One-Bedroom Apartment,"2 beds (1 double, 1 sofa bed)",0,1,1,https://cf.bstatic.com/xdata/images/hotel/square240/715520497.webp?k=623f063883a6b5dfd1fd95c2d7d5c3c5c0d406d5b8de014c29293be8e41c5dfd&o=,4,Lahore
AR Suites Hotel apartments,https://www.booking.com/hotel/pk/ar-suites-apartments.en-gb.html?aid=304142&label=gen173nr-10CAQoggJCDWNpdHlfLTI3NjcwNDNICVgEaLUBiAEBmAEzuAEHyAEM2AED6AEB-AEBiAIBqAIBuALBjMLTBsACAdICJDRlYmVmMGVjLTBmMjctNDNkNS05MDQ0LWY2ZTFmMzRjMjI5M9gCAeACAQ&ucfs=1&arphpl=1&checkin=2026-08-06&checkout=2026-08-07&dest_id=-2767043&dest_type=city&group_adults=2&req_adults=2&no_rooms=1&group_children=0&req_children=0&hpos=22&hapos=927&sr_order=popularity&srpvid=7b4f562059d9004c&srepoch=1785759489&all_sr_blocks=1394424401_411356759_2_0_0&highlighted_blocks=1394424401_411356759_2_0_0&matching_block_id=1394424401_411356759_2_0_0&sr_pri_blocks=1394424401_411356759_2_0_0__1080000&from=searchresults,10800,,,Lahore,23.2,One-Bedroom Apartment,"2 beds (1 double, 1 sofa bed)",0,1,1,https://cf.bstatic.com/xdata/images/hotel/square240/670858550.webp?k=26038e358d2d7133a1236475afbb59788288c227e04daa398b2b681b7ead662c&o=,4,Lahore
Bahria Town Lahore - NEXT INN Quality Living Starts Here! 401,https://www.booking.com/hotel/pk/401-next-inn-quality-living-starts-here.en-gb.html?aid=304142&label=gen173nr-10CAQoggJCDWNpdHlfLTI3NjcwNDNICVgEaLUBiAEBmAEzuAEHyAEM2AED6AEB-AEBiAIBqAIBuALBjMLTBsACAdICJDRlYmVmMGVjLTBmMjctNDNkNS05MDQ0LWY2ZTFmMzRjMjI5M9gCAeACAQ&ucfs=1&arphpl=1&checkin=2026-08-06&checkout=2026-08-07&dest_id=-2767043&dest_type=city&group_adults=2&req_adults=2&no_rooms=1&group_children=0&req_children=0&hpos=23&hapos=928&sr_order=popularity&srpvid=7b4f562059d9004c&srepoch=1785759489&all_sr_blocks=1190707901_391400330_3_0_0&highlighted_blocks=1190707901_391400330_3_0_0&matching_block_id=1190707901_391400330_3_0_0&sr_pri_blocks=1190707901_391400330_3_0_0__700000&from=searchresults,7000,8.3,1.0,Lahore,25.8,One-Bedroom Apartment,"2 beds (1 extra-large double, 1 sofa bed)",0,1,1,https://cf.bstatic.com/xdata/images/hotel/square240/592345089.webp?k=0782520e9dd6a2a693247d433deae58f2c64ff618efdc48ea1c1b0a0572b6a5b&o=,4,Lahore
Brand New Luxury's Apartments Lahore,https://www.booking.com/hotel/pk/brand-new-luxurys-apartments-lahore.en-gb.html?aid=304142&label=gen173nr-10CAQoggJCDWNpdHlfLTI3NjcwNDNICVgEaLUBiAEBmAEzuAEHyAEM2AED6AEB-AEBiAIBqAIBuALBjMLTBsACAdICJDRlYmVmMGVjLTBmMjctNDNkNS05MDQ0LWY2ZTFmMzRjMjI5M9gCAeACAQ&ucfs=1&arphpl=1&checkin=2026-08-06&checkout=2026-08-07&dest_id=-2767043&dest_type=city&group_adults=2&req_adults=2&no_rooms=1&group_children=0&req_children=0&hpos=24&hapos=929&sr_order=popularity&srpvid=7b4f562059d9004c&srepoch=1785759489&all_sr_blocks=1364721801_408769506_2_2_0&highlighted_blocks=1364721801_408769506_2_2_0&matching_block_id=1364721801_408769506_2_2_0&sr_pri_blocks=1364721801_408769506_2_2_0__7200000&from=searchresults,72000,,,Lahore,19.9,One-Bedroom Apartment,"2 beds (1 double, 1 sofa bed)",0,0,1,https://cf.bstatic.com/xdata/images/hotel/square240/650060794.webp?k=fe32f8fd98cf09a071b5b4f44b20b07c802e01a3748155b3ab21ab10cd71b29b&o=,3,Lahore
Hotel 4 Season,https://www.booking.com/hotel/pk/4-season-lahore1.en-gb.html?aid=304142&label=gen173nr-10CAQoggJCDWNpdHlfLTI3NjcwNDNICVgEaLUBiAEBmAEzuAEHyAEM2AED6AEB-AEBiAIBqAIBuALBjMLTBsACAdICJDRlYmVmMGVjLTBmMjctNDNkNS05MDQ0LWY2ZTFmMzRjMjI5M9gCAeACAQ&ucfs=1&arphpl=1&checkin=2026-08-06&checkout=2026-08-07&dest_id=-2767043&dest_type=city&group_adults=2&req_adults=2&no_rooms=1&group_children=0&req_children=0&hpos=25&hapos=930&sr_order=popularity&srpvid=7b4f562059d9004c&srepoch=1785759489&all_sr_blocks=1459879601_417303442_2_0_0&highlighted_blocks=1459879601_417303442_2_0_0&matching_block_id=1459879601_417303442_2_0_0&sr_pri_blocks=1459879601_417303442_2_0_0__499900&from=searchresults,4999,,,Lahore,13.4,Double Room,1 double bed,0,1,1,https://cf.bstatic.com/xdata/images/hotel/square240/716256788.webp?k=e3cdeed933332b820cd63fa0abd0ee057968ac2c97870d069df2fb710511bf6e&o=,8,Lahore
"Modern apartment, Perfect for Couples",https://www.booking.com/hotel/pk/modern-apartment-perfect-for-couples.en-gb.html?aid=304142&label=gen173nr-10CAQoggJCDWNpdHlfLTI3NjcwNDNICVgEaLUBiAEBmAEzuAEHyAEM2AED6AEB-AEBiAIBqAIBuALBjMLTBsACAdICJDRlYmVmMGVjLTBmMjctNDNkNS05MDQ0LWY2ZTFmMzRjMjI5M9gCAeACAQ&ucfs=1&arphpl=1&checkin=2026-08-06&checkout=2026-08-07&dest_id=-2767043&dest_type=city&group_adults=2&req_adults=2&no_rooms=1&group_children=0&req_children=0&hpos=1&hapos=931&sr_order=popularity&srpvid=7b4f562059d9004c&srepoch=1785759497&all_sr_blocks=1532290001_424750298_2_0_0&highlighted_blocks=1532290001_424750298_2_0_0&matching_block_id=1532290001_424750298_2_0_0&sr_pri_blocks=1532290001_424750298_2_0_0__1287443&from=searchresults,12874,,,Lahore,20.2,Two-Bedroom Apartment,"3 beds (1 sofa bed, 2 large doubles)",0,0,0,https://cf.bstatic.com/xdata/images/hotel/square240/783054784.webp?k=08ea9eea0b2dc0dd547b69f18f4fa179462d73b2388039d1ca67fca4961340e0&o=,10,Lahore
Private rooms in the center of DHA Phase 6,https://www.booking.com/hotel/pk/dha-phase-6-1-kanal-most-luxurious-house-with-cinema-in-basement-and-private-but.en-gb.html?aid=304142&label=gen173nr-10CAQoggJCDWNpdHlfLTI3NjcwNDNICVgEaLUBiAEBmAEzuAEHyAEM2AED6AEB-AEBiAIBqAIBuALBjMLTBsACAdICJDRlYmVmMGVjLTBmMjctNDNkNS05MDQ0LWY2ZTFmMzRjMjI5M9gCAeACAQ&ucfs=1&arphpl=1&checkin=2026-08-06&checkout=2026-08-07&dest_id=-2767043&dest_type=city&group_adults=2&req_adults=2&no_rooms=1&group_children=0&req_children=0&hpos=2&hapos=932&sr_order=popularity&srpvid=7b4f562059d9004c&srepoch=1785759497&all_sr_blocks=1584765801_429604261_2_0_0&highlighted_blocks=1584765801_429604261_2_0_0&matching_block_id=1584765801_429604261_2_0_0&sr_pri_blocks=1584765801_429604261_2_0_0__700000&from=searchresults,7000,,,Lahore,15.0,Deluxe Double Room (2 Adults + 1 Child),1 double bed,0,1,1,https://cf.bstatic.com/xdata/images/hotel/square240/831655066.webp?k=99435880b1f6145c6f3a89d0ba1290117172fec9b65f15a92920b68f051b05b5&o=,4,Lahore
New Margala Hotel,https://www.booking.com/hotel/pk/new-margala.en-gb.html?aid=304142&label=gen173nr-10CAQoggJCDWNpdHlfLTI3NjcwNDNICVgEaLUBiAEBmAEzuAEHyAEM2AED6AEB-AEBiAIBqAIBuALBjMLTBsACAdICJDRlYmVmMGVjLTBmMjctNDNkNS05MDQ0LWY2ZTFmMzRjMjI5M9gCAeACAQ&ucfs=1&arphpl=1&checkin=2026-08-06&checkout=2026-08-07&dest_id=-2767043&dest_type=city&group_adults=2&req_adults=2&no_rooms=1&group_children=0&req_children=0&hpos=3&hapos=933&sr_order=popularity&srpvid=7b4f562059d9004c&srepoch=1785759497&all_sr_blocks=984381401_401873191_2_1_0&highlighted_blocks=984381401_401873191_2_1_0&matching_block_id=984381401_401873191_2_1_0&sr_pri_blocks=984381401_401873191_2_1_0__949900&from=searchresults,9499,,,Lahore,1.9,Deluxe Room,1 double bed,1,0,0,https://cf.bstatic.com/xdata/images/hotel/square240/444447012.webp?k=56cee8e017bd3ba09409e5d3950d8f63b0ee2ee30018db9d62ccaf89e8ab5302&o=,2,Lahore
Luxury and Dream Suite Apartment,https://www.booking.com/hotel/pk/best-2-bed-apartment-in-gulberg.en-gb.html?aid=304142&label=gen173nr-10CAQoggJCDWNpdHlfLTI3NjcwNDNICVgEaLUBiAEBmAEzuAEHyAEM2AED6AEB-AEBiAIBqAIBuALBjMLTBsACAdICJDRlYmVmMGVjLTBmMjctNDNkNS05MDQ0LWY2ZTFmMzRjMjI5M9gCAeACAQ&ucfs=1&arphpl=1&checkin=2026-08-06&checkout=2026-08-07&dest_id=-2767043&dest_type=city&group_adults=2&req_adults=2&no_rooms=1&group_children=0&req_children=0&hpos=4&hapos=934&sr_order=popularity&srpvid=7b4f562059d9004c&srepoch=1785759497&all_sr_blocks=1584374401_429558604_5_0_0&highlighted_blocks=1584374401_429558604_5_0_0&matching_block_id=1584374401_429558604_5_0_0&sr_pri_blocks=1584374401_429558604_5_0_0__2500000&from=searchresults,25000,,,"Gulberg, Lahore (M.M. Allam Road)",6.4,Two-Bedroom Apartment,"3 beds (1 double, 1 sofa bed, 1 large double)",0,1,1,https://cf.bstatic.com/xdata/images/hotel/square240/826015507.webp?k=cbdbb667022d2868e1dc4b6685e9ff1b2a035713e1d683bc09b10fe185940798&o=,4,Lahore
Bahria Town Lahore - NEXT INN Cozy apartment for your stay 501,https://www.booking.com/hotel/pk/501-next-inn-cozy-apartment-for-your-stay.en-gb.html?aid=304142&label=gen173nr-10CAQoggJCDWNpdHlfLTI3NjcwNDNICVgEaLUBiAEBmAEzuAEHyAEM2AED6AEB-AEBiAIBqAIBuALBjMLTBsACAdICJDRlYmVmMGVjLTBmMjctNDNkNS05MDQ0LWY2ZTFmMzRjMjI5M9gCAeACAQ&ucfs=1&arphpl=1&checkin=2026-08-06&checkout=2026-08-07&dest_id=-2767043&dest_type=city&group_adults=2&req_adults=2&no_rooms=1&group_children=0&req_children=0&hpos=5&hapos=935&sr_order=popularity&srpvid=7b4f562059d9004c&srepoch=1785759497&all_sr_blocks=1191925501_391485474_3_0_0&highlighted_blocks=1191925501_391485474_3_0_0&matching_block_id=1191925501_391485474_3_0_0&sr_pri_blocks=1191925501_391485474_3_0_0__630000&from=searchresults,6300,10,1.0,Lahore,25.8,One-Bedroom Apartment,"2 beds (1 extra-large double, 1 sofa bed)",0,0,0,https://cf.bstatic.com/xdata/images/hotel/square240/592330087.webp?k=6f076199295bd9d470959dea44faca9affe6ff6aa7090ae5540116c558f6f9ac&o=,10,Lahore
Rizco heights lhr,https://www.booking.com/hotel/pk/rizco-heights-lhr.en-gb.html?aid=304142&label=gen173nr-10CAQoggJCDWNpdHlfLTI3NjcwNDNICVgEaLUBiAEBmAEzuAEHyAEM2AED6AEB-AEBiAIBqAIBuALBjMLTBsACAdICJDRlYmVmMGVjLTBmMjctNDNkNS05MDQ0LWY2ZTFmMzRjMjI5M9gCAeACAQ&ucfs=1&arphpl=1&checkin=2026-08-06&checkout=2026-08-07&dest_id=-2767043&dest_type=city&group_adults=2&req_adults=2&no_rooms=1&group_children=0&req_children=0&hpos=6&hapos=936&sr_order=popularity&srpvid=7b4f562059d9004c&srepoch=1785759497&all_sr_blocks=1457798701_417111043_2_0_0&highlighted_blocks=1457798701_417111043_2_0_0&matching_block_id=1457798701_417111043_2_0_0&sr_pri_blocks=1457798701_417111043_2_0_0__1350000&from=searchresults,13500,,,Lahore,25.5,One-Bedroom Apartment,"2 beds (1 double, 1 sofa bed)",0,1,1,https://cf.bstatic.com/xdata/images/hotel/square240/714702908.webp?k=d562c75048983303cbb0a414064bcf338d56aa8de2944cadbd5cc2d6a959a42d&o=,4,Lahore
GoldenTreePremier,https://www.booking.com/hotel/pk/goldentreepremier.en-gb.html?aid=304142&label=gen173nr-10CAQoggJCDWNpdHlfLTI3NjcwNDNICVgEaLUBiAEBmAEzuAEHyAEM2AED6AEB-AEBiAIBqAIBuALBjMLTBsACAdICJDRlYmVmMGVjLTBmMjctNDNkNS05MDQ0LWY2ZTFmMzRjMjI5M9gCAeACAQ&ucfs=1&arphpl=1&checkin=2026-08-06&checkout=2026-08-07&dest_id=-2767043&dest_type=city&group_adults=2&req_adults=2&no_rooms=1&group_children=0&req_children=0&hpos=7&hapos=937&sr_order=popularity&srpvid=7b4f562059d9004c&srepoch=1785759497&all_sr_blocks=1553574401_426518117_2_0_0&highlighted_blocks=1553574401_426518117_2_0_0&matching_block_id=1553574401_426518117_2_0_0&sr_pri_blocks=1553574401_426518117_2_0_0__500000&from=searchresults,5000,,,"Johar Town, Lahore",12.2,Deluxe Double Room,1 double bed,0,1,1,https://cf.bstatic.com/xdata/images/hotel/square240/799789328.webp?k=b96e2b1582d612a2bda096446142572a3d6138034dad91142d61788a23c4b918&o=,10,Lahore
Hotel living spot,https://www.booking.com/hotel/pk/living-spot.en-gb.html?aid=304142&label=gen173nr-10CAQoggJCDWNpdHlfLTI3NjcwNDNICVgEaLUBiAEBmAEzuAEHyAEM2AED6AEB-AEBiAIBqAIBuALBjMLTBsACAdICJDRlYmVmMGVjLTBmMjctNDNkNS05MDQ0LWY2ZTFmMzRjMjI5M9gCAeACAQ&ucfs=1&arphpl=1&checkin=2026-08-06&checkout=2026-08-07&dest_id=-2767043&dest_type=city&group_adults=2&req_adults=2&no_rooms=1&group_children=0&req_children=0&hpos=8&hapos=938&sr_order=popularity&srpvid=7b4f562059d9004c&srepoch=1785759497&all_sr_blocks=1554116701_426565728_4_1_0&highlighted_blocks=1554116701_426565728_4_1_0&matching_block_id=1554116701_426565728_4_1_0&sr_pri_blocks=1554116701_426565728_4_1_0__700000&from=searchresults,7000,1.0,1.0,"Gulberg, Lahore",7.4,Double Room,"10 beds (2 singles, 7 doubles, 1 extra-large double)",1,1,1,https://cf.bstatic.com/xdata/images/hotel/square240/800364180.webp?k=921daa9c206e8f37946c297f828d8860c4901cc738b84734fbd5e0d7099317c8&o=,8,Lahore
"BNR - The Opus Residences 2 Bed Apartment Gulberg, Lahore",https://www.booking.com/hotel/pk/2-bed-furnished-apartment-lahore.en-gb.html?aid=304142&label=gen173nr-10CAQoggJCDWNpdHlfLTI3NjcwNDNICVgEaLUBiAEBmAEzuAEHyAEM2AED6AEB-AEBiAIBqAIBuALBjMLTBsACAdICJDRlYmVmMGVjLTBmMjctNDNkNS05MDQ0LWY2ZTFmMzRjMjI5M9gCAeACAQ&ucfs=1&arphpl=1&checkin=2026-08-06&checkout=2026-08-07&dest_id=-2767043&dest_type=city&group_adults=2&req_adults=2&no_rooms=1&group_children=0&req_children=0&hpos=9&hapos=939&sr_order=popularity&srpvid=7b4f562059d9004c&srepoch=1785759497&all_sr_blocks=1241358702_412420653_4_0_0&highlighted_blocks=1241358702_412420653_4_0_0&matching_block_id=1241358702_412420653_4_0_0&sr_pri_blocks=1241358702_412420653_4_0_0__2765970&from=searchresults,27660,7.0,1.0,"Gulberg, Lahore",6.9,Apartment,2 extra-large double beds,0,1,1,https://cf.bstatic.com/xdata/images/hotel/square240/598360773.webp?k=9c24f10a1a4220ad648771afc0f356f5b6f52545c01a07288bfb8c339589d437&o=,12,Lahore
garden town near hotel one,https://www.booking.com/hotel/pk/garden-town-near-one.en-gb.html?aid=304142&label=gen173nr-10CAQoggJCDWNpdHlfLTI3NjcwNDNICVgEaLUBiAEBmAEzuAEHyAEM2AED6AEB-AEBiAIBqAIBuALBjMLTBsACAdICJDRlYmVmMGVjLTBmMjctNDNkNS05MDQ0LWY2ZTFmMzRjMjI5M9gCAeACAQ&ucfs=1&arphpl=1&checkin=2026-08-06&checkout=2026-08-07&dest_id=-2767043&dest_type=city&group_adults=2&req_adults=2&no_rooms=1&group_children=0&req_children=0&hpos=10&hapos=940&sr_order=popularity&srpvid=7b4f562059d9004c&srepoch=1785759497&all_sr_blocks=1549233301_426150003_2_2_0&highlighted_blocks=1549233301_426150003_2_2_0&matching_block_id=1549233301_426150003_2_2_0&sr_pri_blocks=1549233301_426150003_2_2_0__1760000&from=searchresults,17600,,,Lahore,7.9,Two-Bedroom Villa,"3 beds (1 extra-large double, 1 sofa bed, 1 large double)",0,1,1,https://cf.bstatic.com/xdata/images/hotel/square240/795106451.webp?k=40e231876398e5cda034140d88a1d026b8f48fe09ba81c46b465336223b08793&o=,4,Lahore
Spacious 3 Bedroom Entire Portion,https://www.booking.com/hotel/pk/spacious-3-bedroom-entire-portion.en-gb.html?aid=304142&label=gen173nr-10CAQoggJCDWNpdHlfLTI3NjcwNDNICVgEaLUBiAEBmAEzuAEHyAEM2AED6AEB-AEBiAIBqAIBuALBjMLTBsACAdICJDRlYmVmMGVjLTBmMjctNDNkNS05MDQ0LWY2ZTFmMzRjMjI5M9gCAeACAQ&ucfs=1&arphpl=1&checkin=2026-08-06&checkout=2026-08-07&dest_id=-2767043&dest_type=city&group_adults=2&req_adults=2&no_rooms=1&group_children=0&req_children=0&hpos=11&hapos=941&sr_order=popularity&srpvid=7b4f562059d9004c&srepoch=1785759497&all_sr_blocks=1358381801_408165800_2_0_0&highlighted_blocks=1358381801_408165800_2_0_0&matching_block_id=1358381801_408165800_2_0_0&sr_pri_blocks=1358381801_408165800_2_0_0__2625000&from=searchresults,26250,,,Lahore,12.2,One-Bedroom House,"4 beds (1 sofa bed, 3 large doubles)",0,1,1,https://cf.bstatic.com/xdata/images/hotel/square240/646328097.webp?k=2006ac8424a65af8feea8f0e421c784a9a9d28c38402c2fce28af41e19d8279e&o=,4,Lahore
The Designer Penthouse,https://www.booking.com/hotel/pk/the-designer-penthouse.en-gb.html?aid=304142&label=gen173nr-10CAQoggJCDWNpdHlfLTI3NjcwNDNICVgEaLUBiAEBmAEzuAEHyAEM2AED6AEB-AEBiAIBqAIBuALBjMLTBsACAdICJDRlYmVmMGVjLTBmMjctNDNkNS05MDQ0LWY2ZTFmMzRjMjI5M9gCAeACAQ&ucfs=1&arphpl=1&checkin=2026-08-06&checkout=2026-08-07&dest_id=-2767043&dest_type=city&group_adults=2&req_adults=2&no_rooms=1&group_children=0&req_children=0&hpos=12&hapos=942&sr_order=popularity&srpvid=7b4f562059d9004c&srepoch=1785759497&all_sr_blocks=1560342501_427137104_3_0_0&highlighted_blocks=1560342501_427137104_3_0_0&matching_block_id=1560342501_427137104_3_0_0&sr_pri_blocks=1560342501_427137104_3_0_0__2000000&from=searchresults,20000,,,Lahore,24.8,One-Bedroom Apartment,1 double bed,0,1,1,https://cf.bstatic.com/xdata/images/hotel/square240/805711221.webp?k=515a47f74da8ca3f32a185843ebcb938b3c2f1bee8eb52987999218909f78f03&o=,4,Lahore
Glanz Homz Opulent 3BR on 1st floor,https://www.booking.com/hotel/pk/glanz-homz-opulent-3br-on-1st-floor.en-gb.html?aid=304142&label=gen173nr-10CAQoggJCDWNpdHlfLTI3NjcwNDNICVgEaLUBiAEBmAEzuAEHyAEM2AED6AEB-AEBiAIBqAIBuALBjMLTBsACAdICJDRlYmVmMGVjLTBmMjctNDNkNS05MDQ0LWY2ZTFmMzRjMjI5M9gCAeACAQ&ucfs=1&arphpl=1&checkin=2026-08-06&checkout=2026-08-07&dest_id=-2767043&dest_type=city&group_adults=2&req_adults=2&no_rooms=1&group_children=0&req_children=0&hpos=13&hapos=943&sr_order=popularity&srpvid=7b4f562059d9004c&srepoch=1785759497&all_sr_blocks=1270572301_400511425_8_0_0&highlighted_blocks=1270572301_400511425_8_0_0&matching_block_id=1270572301_400511425_8_0_0&sr_pri_blocks=1270572301_400511425_8_0_0__7600000&from=searchresults,76000,,,"Model Town, Lahore",9.7,Three-Bedroom House,"5 beds (2 bunk beds, 3 large doubles)",0,0,1,https://cf.bstatic.com/xdata/images/hotel/square240/592277300.webp?k=35a652550ad74a14357f4fe6e1279f67508034aadff2ad097c54aae5be7d3a45&o=,3,Lahore
SA Farms,https://www.booking.com/hotel/pk/sa-farms.en-gb.html?aid=304142&label=gen173nr-10CAQoggJCDWNpdHlfLTI3NjcwNDNICVgEaLUBiAEBmAEzuAEHyAEM2AED6AEB-AEBiAIBqAIBuALBjMLTBsACAdICJDRlYmVmMGVjLTBmMjctNDNkNS05MDQ0LWY2ZTFmMzRjMjI5M9gCAeACAQ&ucfs=1&arphpl=1&checkin=2026-08-06&checkout=2026-08-07&dest_id=-2767043&dest_type=city&group_adults=2&req_adults=2&no_rooms=1&group_children=0&req_children=0&hpos=14&hapos=944&sr_order=popularity&srpvid=7b4f562059d9004c&srepoch=1785759497&all_sr_blocks=1682180701_439950888_2_0_0&highlighted_blocks=1682180701_439950888_2_0_0&matching_block_id=1682180701_439950888_2_0_0&sr_pri_blocks=1682180701_439950888_2_0_0__2040000&from=searchresults,20400,,,Lahore,20.5,Deluxe Double Room (2 Adults + 1 Child),1 double bed,0,1,1,https://cf.bstatic.com/xdata/images/hotel/square240/891906688.webp?k=99aebff3e42e1ff06f5625d8212a4c7f3a1415b4072e64cdb198448d1923f812&o=,5,Lahore
LMY Residency - Bahria Town Lahore,https://www.booking.com/hotel/pk/lmy-residency-lahore.en-gb.html?aid=304142&label=gen173nr-10CAQoggJCDWNpdHlfLTI3NjcwNDNICVgEaLUBiAEBmAEzuAEHyAEM2AED6AEB-AEBiAIBqAIBuALBjMLTBsACAdICJDRlYmVmMGVjLTBmMjctNDNkNS05MDQ0LWY2ZTFmMzRjMjI5M9gCAeACAQ&ucfs=1&arphpl=1&checkin=2026-08-06&checkout=2026-08-07&dest_id=-2767043&dest_type=city&group_adults=2&req_adults=2&no_rooms=1&group_children=0&req_children=0&hpos=15&hapos=945&sr_order=popularity&srpvid=7b4f562059d9004c&srepoch=1785759497&all_sr_blocks=962786601_372615313_0_2_0&highlighted_blocks=962786601_372615313_0_2_0&matching_block_id=962786601_372615313_0_2_0&sr_pri_blocks=962786601_372615313_0_2_0__2016000&from=searchresults,20160,,,Lahore,24.7,One-Bedroom Apartment,"2 beds (1 double, 1 sofa bed)",0,0,0,https://cf.bstatic.com/xdata/images/hotel/square240/797741756.webp?k=98e296fbaeb8bf4182b268d5ab1a70292e6d82764c79e0272940a874a3dc52b0&o=,12,Lahore
Penta square 3 bedroom furnished apartments,https://www.booking.com/hotel/pk/penta-square-3-bedroom-furnished-apartments-lahore2.en-gb.html?aid=304142&label=gen173nr-10CAQoggJCDWNpdHlfLTI3NjcwNDNICVgEaLUBiAEBmAEzuAEHyAEM2AED6AEB-AEBiAIBqAIBuALBjMLTBsACAdICJDRlYmVmMGVjLTBmMjctNDNkNS05MDQ0LWY2ZTFmMzRjMjI5M9gCAeACAQ&ucfs=1&arphpl=1&checkin=2026-08-06&checkout=2026-08-07&dest_id=-2767043&dest_type=city&group_adults=2&req_adults=2&no_rooms=1&group_children=0&req_children=0&hpos=16&hapos=946&sr_order=popularity&srpvid=7b4f562059d9004c&srepoch=1785759497&all_sr_blocks=1354774701_407800914_2_0_0&highlighted_blocks=1354774701_407800914_2_0_0&matching_block_id=1354774701_407800914_2_0_0&sr_pri_blocks=1354774701_407800914_2_0_0__2550000&from=searchresults,25500,,,Lahore,14.3,One-Bedroom Apartment,"2 beds (1 double, 1 sofa bed)",0,0,1,https://cf.bstatic.com/xdata/images/hotel/square240/644340527.webp?k=3b08f8ef08b7eed28da38a33fe63993ff6e4ee698d5c2faa76972378e403775f&o=,3,Lahore
Goldcrest Mall & Residency - Family Three Bedroom Apartment - DHA Phase 4,https://www.booking.com/hotel/pk/goldcrest-mall-amp-residency-family-three-bedroom-apartment-dha-phase-4.en-gb.html?aid=304142&label=gen173nr-10CAQoggJCDWNpdHlfLTI3NjcwNDNICVgEaLUBiAEBmAEzuAEHyAEM2AED6AEB-AEBiAIBqAIBuALBjMLTBsACAdICJDRlYmVmMGVjLTBmMjctNDNkNS05MDQ0LWY2ZTFmMzRjMjI5M9gCAeACAQ&ucfs=1&arphpl=1&checkin=2026-08-06&checkout=2026-08-07&dest_id=-2767043&dest_type=city&group_adults=2&req_adults=2&no_rooms=1&group_children=0&req_children=0&hpos=17&hapos=947&sr_order=popularity&srpvid=7b4f562059d9004c&srepoch=1785759497&all_sr_blocks=1660740801_437967734_3_2_0&highlighted_blocks=1660740801_437967734_3_2_0&matching_block_id=1660740801_437967734_3_2_0&sr_pri_blocks=1660740801_437967734_3_2_0__1980930&from=searchresults,19809,,,Lahore,12.0,Three-Bedroom Premium Apartment with Balcony,"4 beds (2 extra-large doubles, 1 sofa bed, 1 large double)",0,1,1,https://cf.bstatic.com/xdata/images/hotel/square240/883125065.webp?k=f8c699945b7bedb0d896c5c8c535e2aaf30307a7f3c145a835bdb411c4ae032d&o=,13,Lahore
The Royal Residence And Hotel Apartments,https://www.booking.com/hotel/pk/the-royal-residence-lahore.en-gb.html?aid=304142&label=gen173nr-10CAQoggJCDWNpdHlfLTI3NjcwNDNICVgEaLUBiAEBmAEzuAEHyAEM2AED6AEB-AEBiAIBqAIBuALBjMLTBsACAdICJDRlYmVmMGVjLTBmMjctNDNkNS05MDQ0LWY2ZTFmMzRjMjI5M9gCAeACAQ&ucfs=1&arphpl=1&checkin=2026-08-06&checkout=2026-08-07&dest_id=-2767043&dest_type=city&group_adults=2&req_adults=2&no_rooms=1&group_children=0&req_children=0&hpos=18&hapos=948&sr_order=popularity&srpvid=7b4f562059d9004c&srepoch=1785759497&all_sr_blocks=1650777901_437088606_4_0_0&highlighted_blocks=1650777901_437088606_4_0_0&matching_block_id=1650777901_437088606_4_0_0&sr_pri_blocks=1650777901_437088606_4_0_0__1200000&from=searchresults,12000,,,Lahore,24.7,Two-Bedroom Apartment,"11 beds (2 singles, 3 doubles, 3 extra-large doubles, 3 sofa beds)",0,1,1,https://cf.bstatic.com/xdata/images/hotel/square240/887239987.webp?k=d37e52baf1ebc7913b9b65e7864e485050961138513bb49d0c44cf4912641fff&o=,4,Lahore
Parkhouse apartments 1 BR Gulberg 3,https://www.booking.com/hotel/pk/parkhouse-apartments-1-br-gulberg-3.en-gb.html?aid=304142&label=gen173nr-10CAQoggJCDWNpdHlfLTI3NjcwNDNICVgEaLUBiAEBmAEzuAEHyAEM2AED6AEB-AEBiAIBqAIBuALBjMLTBsACAdICJDRlYmVmMGVjLTBmMjctNDNkNS05MDQ0LWY2ZTFmMzRjMjI5M9gCAeACAQ&ucfs=1&arphpl=1&checkin=2026-08-06&checkout=2026-08-07&dest_id=-2767043&dest_type=city&group_adults=2&req_adults=2&no_rooms=1&group_children=0&req_children=0&hpos=19&hapos=949&sr_order=popularity&srpvid=7b4f562059d9004c&srepoch=1785759497&all_sr_blocks=1557404001_426857238_3_0_0&highlighted_blocks=1557404001_426857238_3_0_0&matching_block_id=1557404001_426857238_3_0_0&sr_pri_blocks=1557404001_426857238_3_0_0__1300000&from=searchresults,13000,,,"Gulberg, Lahore",7.0,One-Bedroom Apartment,"2 beds (1 sofa bed, 1 large double)",0,1,1,https://cf.bstatic.com/xdata/images/hotel/square240/803230648.webp?k=0190cca96f9001a9fd2db92ad1a56338d2e6d2c6348e475745d946e9aa062455&o=,4,Lahore
Beautiful Apartment,https://www.booking.com/hotel/pk/beautiful-apartment-lahore.en-gb.html?aid=304142&label=gen173nr-10CAQoggJCDWNpdHlfLTI3NjcwNDNICVgEaLUBiAEBmAEzuAEHyAEM2AED6AEB-AEBiAIBqAIBuALBjMLTBsACAdICJDRlYmVmMGVjLTBmMjctNDNkNS05MDQ0LWY2ZTFmMzRjMjI5M9gCAeACAQ&ucfs=1&arphpl=1&checkin=2026-08-06&checkout=2026-08-07&dest_id=-2767043&dest_type=city&group_adults=2&req_adults=2&no_rooms=1&group_children=0&req_children=0&hpos=20&hapos=950&sr_order=popularity&srpvid=7b4f562059d9004c&srepoch=1785759497&all_sr_blocks=1362072201_408518816_3_0_0&highlighted_blocks=1362072201_408518816_3_0_0&matching_block_id=1362072201_408518816_3_0_0&sr_pri_blocks=1362072201_408518816_3_0_0__570000&from=searchresults,5700,,,Lahore,13.8,One-Bedroom Apartment,"3 beds (1 double, 2 sofa beds)",0,0,1,https://cf.bstatic.com/xdata/images/hotel/square240/648511288.webp?k=6a9793eeb41b1a1d8cd08651a57b3892276584c2bd85a3045b528297c6e3e219&o=,3,Lahore
Elegant 3-Bedroom Entire Home in DHA Phase 5,https://www.booking.com/hotel/pk/elegant-3-bedroom-entire-home-in-dha-phase-5.en-gb.html?aid=304142&label=gen173nr-10CAQoggJCDWNpdHlfLTI3NjcwNDNICVgEaLUBiAEBmAEzuAEHyAEM2AED6AEB-AEBiAIBqAIBuALBjMLTBsACAdICJDRlYmVmMGVjLTBmMjctNDNkNS05MDQ0LWY2ZTFmMzRjMjI5M9gCAeACAQ&ucfs=1&arphpl=1&checkin=2026-08-06&checkout=2026-08-07&dest_id=-2767043&dest_type=city&group_adults=2&req_adults=2&no_rooms=1&group_children=0&req_children=0&hpos=21&hapos=951&sr_order=popularity&srpvid=7b4f562059d9004c&srepoch=1785759497&all_sr_blocks=1604873901_431416333_6_0_0&highlighted_blocks=1604873901_431416333_6_0_0&matching_block_id=1604873901_431416333_6_0_0&sr_pri_blocks=1604873901_431416333_6_0_0__2125000&from=searchresults,21250,,,Lahore,13.5,Three-Bedroom House,3 double beds,0,1,1,https://cf.bstatic.com/xdata/images/hotel/square240/841730778.webp?k=e1a18bfc0852a2b13c6f97db70132f183cb59fe39bc1f9c7c724bff051cda712&o=,5,Lahore
1BHK apartment bahria town lahore,https://www.booking.com/hotel/pk/1bhk-apartment-bahria-town-lahore.en-gb.html?aid=304142&label=gen173nr-10CAQoggJCDWNpdHlfLTI3NjcwNDNICVgEaLUBiAEBmAEzuAEHyAEM2AED6AEB-AEBiAIBqAIBuALBjMLTBsACAdICJDRlYmVmMGVjLTBmMjctNDNkNS05MDQ0LWY2ZTFmMzRjMjI5M9gCAeACAQ&ucfs=1&arphpl=1&checkin=2026-08-06&checkout=2026-08-07&dest_id=-2767043&dest_type=city&group_adults=2&req_adults=2&no_rooms=1&group_children=0&req_children=0&hpos=22&hapos=952&sr_order=popularity&srpvid=7b4f562059d9004c&srepoch=1785759497&all_sr_blocks=1575854501_428702036_3_0_0&highlighted_blocks=1575854501_428702036_3_0_0&matching_block_id=1575854501_428702036_3_0_0&sr_pri_blocks=1575854501_428702036_3_0_0__700000&from=searchresults,7000,,,Lahore,24.7,One-Bedroom Apartment,"2 beds (1 double, 1 sofa bed)",0,1,1,https://cf.bstatic.com/xdata/images/hotel/square240/818317395.webp?k=1a7f40f36835c12ff8fd34352e9381db1b4021f73ba5a9d341e95542bdbfc522&o=,4,Lahore
7-Bedroom Vacation Home in Johar Town,https://www.booking.com/hotel/pk/5-bedroom-vacation-home.en-gb.html?aid=304142&label=gen173nr-10CAQoggJCDWNpdHlfLTI3NjcwNDNICVgEaLUBiAEBmAEzuAEHyAEM2AED6AEB-AEBiAIBqAIBuALBjMLTBsACAdICJDRlYmVmMGVjLTBmMjctNDNkNS05MDQ0LWY2ZTFmMzRjMjI5M9gCAeACAQ&ucfs=1&arphpl=1&checkin=2026-08-06&checkout=2026-08-07&dest_id=-2767043&dest_type=city&group_adults=2&req_adults=2&no_rooms=1&group_children=0&req_children=0&hpos=23&hapos=953&sr_order=popularity&srpvid=7b4f562059d9004c&srepoch=1785759497&all_sr_blocks=1081618101_380746012_10_0_0&highlighted_blocks=1081618101_380746012_10_0_0&matching_block_id=1081618101_380746012_10_0_0&sr_pri_blocks=1081618101_380746012_10_0_0__4140000&from=searchresults,41400,,,"Johar Town, Lahore",12.6,Five-Bedroom House,5 double beds,0,0,0,https://cf.bstatic.com/xdata/images/hotel/square240/769566359.webp?k=615324ec601d52b35c465ad3e0aec6972b7d68b4fdd1119734efb26226de2194&o=,11,Lahore
Bahria Town Lahore - NEXT INN Luxury Apartment to Admire your stay 102,https://www.booking.com/hotel/pk/102-luxury-apartment-to-admire-your-stay-in-lahore.en-gb.html?aid=304142&label=gen173nr-10CAQoggJCDWNpdHlfLTI3NjcwNDNICVgEaLUBiAEBmAEzuAEHyAEM2AED6AEB-AEBiAIBqAIBuALBjMLTBsACAdICJDRlYmVmMGVjLTBmMjctNDNkNS05MDQ0LWY2ZTFmMzRjMjI5M9gCAeACAQ&ucfs=1&arphpl=1&checkin=2026-08-06&checkout=2026-08-07&dest_id=-2767043&dest_type=city&group_adults=2&req_adults=2&no_rooms=1&group_children=0&req_children=0&hpos=24&hapos=954&sr_order=popularity&srpvid=7b4f562059d9004c&srepoch=1785759497&all_sr_blocks=1190526901_391384352_3_0_0&highlighted_blocks=1190526901_391384352_3_0_0&matching_block_id=1190526901_391384352_3_0_0&sr_pri_blocks=1190526901_391384352_3_0_0__700000&from=searchresults,7000,,,Lahore,25.8,One-Bedroom Apartment,"2 beds (1 sofa bed, 1 large double)",0,1,1,https://cf.bstatic.com/xdata/images/hotel/square240/547185747.webp?k=e41d28e4303aaa27288366870db64bb545abf6760ab462beb9a424c937a89a2e&o=,4,Lahore
2 bedroom 1 Kanal portion in DHA Phase 5 Lahore,https://www.booking.com/hotel/pk/2-bedroom-1-kanal-portion-in-dha-phase-5-lahore.en-gb.html?aid=304142&label=gen173nr-10CAQoggJCDWNpdHlfLTI3NjcwNDNICVgEaLUBiAEBmAEzuAEHyAEM2AED6AEB-AEBiAIBqAIBuALBjMLTBsACAdICJDRlYmVmMGVjLTBmMjctNDNkNS05MDQ0LWY2ZTFmMzRjMjI5M9gCAeACAQ&ucfs=1&arphpl=1&checkin=2026-08-06&checkout=2026-08-07&dest_id=-2767043&dest_type=city&group_adults=2&req_adults=2&no_rooms=1&group_children=0&req_children=0&hpos=25&hapos=955&sr_order=popularity&srpvid=7b4f562059d9004c&srepoch=1785759497&all_sr_blocks=1581088701_429208987_8_0_0&highlighted_blocks=1581088701_429208987_8_0_0&matching_block_id=1581088701_429208987_8_0_0&sr_pri_blocks=1581088701_429208987_8_0_0__1600000&from=searchresults,16000,,,Lahore,12.3,Two-Bedroom House,"2 beds (1 large double, 1 futon)",0,1,1,https://cf.bstatic.com/xdata/images/hotel/square240/823057877.webp?k=b8d20cf50ecde766ead103e86a5a0f27a5e2c4545e33e2acb35354ed9e1a55c5&o=,4,Lahore
Sleek 1 bed apartment at Penta square DHA phase 5,https://www.booking.com/hotel/pk/sleek-1-bed-apartment-at-penta-square-dha-phase-5.en-gb.html?aid=304142&label=gen173nr-10CAQoggJCDWNpdHlfLTI3NjcwNDNICVgEaLUBiAEBmAEzuAEHyAEM2AED6AEB-AEBiAIBqAIBuALBjMLTBsACAdICJDRlYmVmMGVjLTBmMjctNDNkNS05MDQ0LWY2ZTFmMzRjMjI5M9gCAeACAQ&ucfs=1&arphpl=1&checkin=2026-08-06&checkout=2026-08-07&dest_id=-2767043&dest_type=city&group_adults=2&req_adults=2&no_rooms=1&group_children=0&req_children=0&hpos=1&hapos=956&sr_order=popularity&srpvid=7b4f562059d9004c&srepoch=1785759506&all_sr_blocks=1559439301_427044810_2_0_0&highlighted_blocks=1559439301_427044810_2_0_0&matching_block_id=1559439301_427044810_2_0_0&sr_pri_blocks=1559439301_427044810_2_0_0__1350000&from=searchresults,13500,,,Lahore,14.2,One-Bedroom Apartment with Terrace,1 double bed,0,1,1,https://cf.bstatic.com/xdata/images/hotel/square240/804946249.webp?k=93abf71130e1476769e1d213bf39d3f65b2296d3a1c35af3727e754d92a5fdad&o=,4,Lahore
Minimal Retreat,https://www.booking.com/hotel/pk/minimal-retreat.en-gb.html?aid=304142&label=gen173nr-10CAQoggJCDWNpdHlfLTI3NjcwNDNICVgEaLUBiAEBmAEzuAEHyAEM2AED6AEB-AEBiAIBqAIBuALBjMLTBsACAdICJDRlYmVmMGVjLTBmMjctNDNkNS05MDQ0LWY2ZTFmMzRjMjI5M9gCAeACAQ&ucfs=1&arphpl=1&checkin=2026-08-06&checkout=2026-08-07&dest_id=-2767043&dest_type=city&group_adults=2&req_adults=2&no_rooms=1&group_children=0&req_children=0&hpos=2&hapos=957&sr_order=popularity&srpvid=7b4f562059d9004c&srepoch=1785759506&all_sr_blocks=1624042101_433147254_2_0_0&highlighted_blocks=1624042101_433147254_2_0_0&matching_block_id=1624042101_433147254_2_0_0&sr_pri_blocks=1624042101_433147254_2_0_0__578000&from=searchresults,5780,,,Lahore,23.3,One-Bedroom Apartment,1 double bed,0,1,1,https://cf.bstatic.com/xdata/images/hotel/square240/858018891.webp?k=1804f23b53cc446772766f6cba32376d7ab9ba186b7a8ab03cecc1073103c901&o=,4,Lahore
2 Bedroom apartment dha p8,https://www.booking.com/hotel/pk/2-bedroom-apartment-dha-p8.en-gb.html?aid=304142&label=gen173nr-10CAQoggJCDWNpdHlfLTI3NjcwNDNICVgEaLUBiAEBmAEzuAEHyAEM2AED6AEB-AEBiAIBqAIBuALBjMLTBsACAdICJDRlYmVmMGVjLTBmMjctNDNkNS05MDQ0LWY2ZTFmMzRjMjI5M9gCAeACAQ&ucfs=1&arphpl=1&checkin=2026-08-06&checkout=2026-08-07&dest_id=-2767043&dest_type=city&group_adults=2&req_adults=2&no_rooms=1&group_children=0&req_children=0&hpos=3&hapos=958&sr_order=popularity&srpvid=7b4f562059d9004c&srepoch=1785759506&all_sr_blocks=1387091901_410715645_4_0_0&highlighted_blocks=1387091901_410715645_4_0_0&matching_block_id=1387091901_410715645_4_0_0&sr_pri_blocks=1387091901_410715645_4_0_0__1500000&from=searchresults,15000,,,Lahore,12.9,Two-Bedroom Apartment,2 double beds,0,1,1,https://cf.bstatic.com/xdata/images/hotel/square240/666292207.webp?k=ed9ccfe3bac6f105047eccce3152ee22e42a32670ccdc2da80f2b1ef95345002&o=,4,Lahore
Sky residences,https://www.booking.com/hotel/pk/sky-residences.en-gb.html?aid=304142&label=gen173nr-10CAQoggJCDWNpdHlfLTI3NjcwNDNICVgEaLUBiAEBmAEzuAEHyAEM2AED6AEB-AEBiAIBqAIBuALBjMLTBsACAdICJDRlYmVmMGVjLTBmMjctNDNkNS05MDQ0LWY2ZTFmMzRjMjI5M9gCAeACAQ&ucfs=1&arphpl=1&checkin=2026-08-06&checkout=2026-08-07&dest_id=-2767043&dest_type=city&group_adults=2&req_adults=2&no_rooms=1&group_children=0&req_children=0&hpos=4&hapos=959&sr_order=popularity&srpvid=7b4f562059d9004c&srepoch=1785759506&all_sr_blocks=1697094501_441390416_3_0_0&highlighted_blocks=1697094501_441390416_3_0_0&matching_block_id=1697094501_441390416_3_0_0&sr_pri_blocks=1697094501_441390416_3_0_0__585000&from=searchresults,5850,,,Lahore,26.4,One-Bedroom Apartment,"2 beds (1 sofa bed, 1 large double)",0,1,1,https://cf.bstatic.com/xdata/images/hotel/square240/900822917.webp?k=95338762d999c53ea0af41c173638d7c26864d6a638da6d031c922d97d66099a&o=,4,Lahore
The Sky Rise Builders,https://www.booking.com/hotel/pk/the-sky-rise-builders-lahore.en-gb.html?aid=304142&label=gen173nr-10CAQoggJCDWNpdHlfLTI3NjcwNDNICVgEaLUBiAEBmAEzuAEHyAEM2AED6AEB-AEBiAIBqAIBuALBjMLTBsACAdICJDRlYmVmMGVjLTBmMjctNDNkNS05MDQ0LWY2ZTFmMzRjMjI5M9gCAeACAQ&ucfs=1&arphpl=1&checkin=2026-08-06&checkout=2026-08-07&dest_id=-2767043&dest_type=city&group_adults=2&req_adults=2&no_rooms=1&group_children=0&req_children=0&hpos=5&hapos=960&sr_order=popularity&srpvid=7b4f562059d9004c&srepoch=1785759506&all_sr_blocks=1584596101_429587929_3_0_0&highlighted_blocks=1584596101_429587929_3_0_0&matching_block_id=1584596101_429587929_3_0_0&sr_pri_blocks=1584596101_429587929_3_0_0__740000&from=searchresults,7400,,,Lahore,24.7,One-Bedroom Apartment,"2 beds (1 double, 1 sofa bed)",0,1,1,https://cf.bstatic.com/xdata/images/hotel/square240/826127221.webp?k=b40556f715ef19698d3313b209047f2c71210380a079c58e233b7c8dc0ba80d9&o=,4,Lahore
Paragon City Lahore,https://www.booking.com/hotel/pk/paragon-city-lahore-lahore.en-gb.html?aid=304142&label=gen173nr-10CAQoggJCDWNpdHlfLTI3NjcwNDNICVgEaLUBiAEBmAEzuAEHyAEM2AED6AEB-AEBiAIBqAIBuALBjMLTBsACAdICJDRlYmVmMGVjLTBmMjctNDNkNS05MDQ0LWY2ZTFmMzRjMjI5M9gCAeACAQ&ucfs=1&arphpl=1&checkin=2026-08-06&checkout=2026-08-07&dest_id=-2767043&dest_type=city&group_adults=2&req_adults=2&no_rooms=1&group_children=0&req_children=0&hpos=6&hapos=961&sr_order=popularity&srpvid=7b4f562059d9004c&srepoch=1785759506&all_sr_blocks=1382552201_410320911_4_0_0&highlighted_blocks=1382552201_410320911_4_0_0&matching_block_id=1382552201_410320911_4_0_0&sr_pri_blocks=1382552201_410320911_4_0_0__3100000&from=searchresults,31000,,,Lahore,13.0,One-Bedroom Villa,1 extra-large double bed,0,0,1,https://cf.bstatic.com/xdata/images/hotel/square240/663012078.webp?k=decd45a6ad82a478e7f1c739463d8341f9cebafac05f3392a4da7191424917fd&o=,3,Lahore
Shah chiragh villah,https://www.booking.com/hotel/pk/shah-chiragh-villah.en-gb.html?aid=304142&label=gen173nr-10CAQoggJCDWNpdHlfLTI3NjcwNDNICVgEaLUBiAEBmAEzuAEHyAEM2AED6AEB-AEBiAIBqAIBuALBjMLTBsACAdICJDRlYmVmMGVjLTBmMjctNDNkNS05MDQ0LWY2ZTFmMzRjMjI5M9gCAeACAQ&ucfs=1&arphpl=1&checkin=2026-08-06&checkout=2026-08-07&dest_id=-2767043&dest_type=city&group_adults=2&req_adults=2&no_rooms=1&group_children=0&req_children=0&hpos=7&hapos=962&sr_order=popularity&srpvid=7b4f562059d9004c&srepoch=1785759506&all_sr_blocks=1539214801_425345695_2_2_0_1307527&highlighted_blocks=1539214801_425345695_2_2_0_1307527&matching_block_id=1539214801_425345695_2_2_0_1307527&sr_pri_blocks=1539214801_425345695_2_2_0_1307527_1530000&from=searchresults,15300,,,Lahore,7.9,Two-Bedroom Villa,2 large double beds,0,1,1,https://cf.bstatic.com/xdata/images/hotel/square240/787230156.webp?k=bfdc8fc9815e83ae6116ea23d8f979e90ddf6499e053b3b52b587de2496628cf&o=,4,Lahore
Daastan-e-Lahore - 2-Bed Heritage Home,https://www.booking.com/hotel/pk/daastan-e-lahore-2-bed-heritage-home.en-gb.html?aid=304142&label=gen173nr-10CAQoggJCDWNpdHlfLTI3NjcwNDNICVgEaLUBiAEBmAEzuAEHyAEM2AED6AEB-AEBiAIBqAIBuALBjMLTBsACAdICJDRlYmVmMGVjLTBmMjctNDNkNS05MDQ0LWY2ZTFmMzRjMjI5M9gCAeACAQ&ucfs=1&arphpl=1&checkin=2026-08-06&checkout=2026-08-07&dest_id=-2767043&dest_type=city&group_adults=2&req_adults=2&no_rooms=1&group_children=0&req_children=0&hpos=8&hapos=963&sr_order=popularity&srpvid=7b4f562059d9004c&srepoch=1785759506&all_sr_blocks=1494008501_421062562_6_0_0&highlighted_blocks=1494008501_421062562_6_0_0&matching_block_id=1494008501_421062562_6_0_0&sr_pri_blocks=1494008501_421062562_6_0_0__1260000&from=searchresults,12600,,,Lahore,13.6,Two-Bedroom Apartment,1 extra-large double bed,0,1,1,https://cf.bstatic.com/xdata/images/hotel/square240/747376929.webp?k=3d6b3d5d1251829c371789edb85cdc6db3511734297c0515ac45164563fc3f1d&o=,4,Lahore
Grand Studio Bahria Town,https://www.booking.com/hotel/pk/grand-studio-bahria-town.en-gb.html?aid=304142&label=gen173nr-10CAQoggJCDWNpdHlfLTI3NjcwNDNICVgEaLUBiAEBmAEzuAEHyAEM2AED6AEB-AEBiAIBqAIBuALBjMLTBsACAdICJDRlYmVmMGVjLTBmMjctNDNkNS05MDQ0LWY2ZTFmMzRjMjI5M9gCAeACAQ&ucfs=1&arphpl=1&checkin=2026-08-06&checkout=2026-08-07&dest_id=-2767043&dest_type=city&group_adults=2&req_adults=2&no_rooms=1&group_children=0&req_children=0&hpos=9&hapos=964&sr_order=popularity&srpvid=7b4f562059d9004c&srepoch=1785759506&all_sr_blocks=1503493401_422046951_2_0_0&highlighted_blocks=1503493401_422046951_2_0_0&matching_block_id=1503493401_422046951_2_0_0&sr_pri_blocks=1503493401_422046951_2_0_0__760000&from=searchresults,7600,,,Lahore,24.3,One-Bedroom Apartment,1 large double bed,0,1,1,https://cf.bstatic.com/xdata/images/hotel/square240/757216495.webp?k=49487d28560faf803a48c0ada3ade7fc3c21b2abfb297afd6b0a35d6b7286697&o=,4,Lahore
SkyLine,https://www.booking.com/hotel/pk/skyline-lahore.en-gb.html?aid=304142&label=gen173nr-10CAQoggJCDWNpdHlfLTI3NjcwNDNICVgEaLUBiAEBmAEzuAEHyAEM2AED6AEB-AEBiAIBqAIBuALBjMLTBsACAdICJDRlYmVmMGVjLTBmMjctNDNkNS05MDQ0LWY2ZTFmMzRjMjI5M9gCAeACAQ&ucfs=1&arphpl=1&checkin=2026-08-06&checkout=2026-08-07&dest_id=-2767043&dest_type=city&group_adults=2&req_adults=2&no_rooms=1&group_children=0&req_children=0&hpos=10&hapos=965&sr_order=popularity&srpvid=7b4f562059d9004c&srepoch=1785759506&all_sr_blocks=1659761101_437869784_10_0_0&highlighted_blocks=1659761101_437869784_10_0_0&matching_block_id=1659761101_437869784_10_0_0&sr_pri_blocks=1659761101_437869784_10_0_0__2320000&from=searchresults,23200,,,Lahore,12.1,One-Bedroom Apartment,"5 beds (3 doubles, 1 sofa bed, 1 large double)",0,1,1,https://cf.bstatic.com/xdata/images/hotel/square240/878558448.webp?k=666e0033b7f3b157ed67b7c318fdf7fbf7a50b8d5544afa5d3d1cfe005bc00ca&o=,5,Lahore
Maliks Guest House,https://www.booking.com/hotel/pk/maliks-guest-house.en-gb.html?aid=304142&label=gen173nr-10CAQoggJCDWNpdHlfLTI3NjcwNDNICVgEaLUBiAEBmAEzuAEHyAEM2AED6AEB-AEBiAIBqAIBuALBjMLTBsACAdICJDRlYmVmMGVjLTBmMjctNDNkNS05MDQ0LWY2ZTFmMzRjMjI5M9gCAeACAQ&ucfs=1&arphpl=1&checkin=2026-08-06&checkout=2026-08-07&dest_id=-2767043&dest_type=city&group_adults=2&req_adults=2&no_rooms=1&group_children=0&req_children=0&hpos=11&hapos=966&sr_order=popularity&srpvid=7b4f562059d9004c&srepoch=1785759506&all_sr_blocks=1684157701_440116970_2_0_0&highlighted_blocks=1684157701_440116970_2_0_0&matching_block_id=1684157701_440116970_2_0_0&sr_pri_blocks=1684157701_440116970_2_0_0__884000&from=searchresults,8840,,,Lahore,11.6,One-Bedroom House,"2 beds (1 double, 1 sofa bed)",0,1,1,https://cf.bstatic.com/xdata/images/hotel/square240/892731715.webp?k=904f6531a7afe4f34f26b11869ca64d10e5db128d79060e12031f333bd10b108&o=,5,Lahore
H&A residency,https://www.booking.com/hotel/pk/h-amp-a-residency-lahore.en-gb.html?aid=304142&label=gen173nr-10CAQoggJCDWNpdHlfLTI3NjcwNDNICVgEaLUBiAEBmAEzuAEHyAEM2AED6AEB-AEBiAIBqAIBuALBjMLTBsACAdICJDRlYmVmMGVjLTBmMjctNDNkNS05MDQ0LWY2ZTFmMzRjMjI5M9gCAeACAQ&ucfs=1&arphpl=1&checkin=2026-08-06&checkout=2026-08-07&dest_id=-2767043&dest_type=city&group_adults=2&req_adults=2&no_rooms=1&group_children=0&req_children=0&hpos=12&hapos=967&sr_order=popularity&srpvid=7b4f562059d9004c&srepoch=1785759506&all_sr_blocks=1590313101_430135040_10_0_0&highlighted_blocks=1590313101_430135040_10_0_0&matching_block_id=1590313101_430135040_10_0_0&sr_pri_blocks=1590313101_430135040_10_0_0__1400000&from=searchresults,14000,,,Lahore,18.5,One-Bedroom Apartment,"4 beds (1 double, 1 extra-large double, 1 sofa bed, 1 large double)",0,1,1,https://cf.bstatic.com/xdata/images/hotel/square240/829957284.webp?k=704e88dbc20294093b826a9abe5e6f7edbda7995f029595a58d4c5b9e2465da2&o=,4,Lahore
BOP Rooms,https://www.booking.com/hotel/pk/bop-rooms.en-gb.html?aid=304142&label=gen173nr-10CAQoggJCDWNpdHlfLTI3NjcwNDNICVgEaLUBiAEBmAEzuAEHyAEM2AED6AEB-AEBiAIBqAIBuALBjMLTBsACAdICJDRlYmVmMGVjLTBmMjctNDNkNS05MDQ0LWY2ZTFmMzRjMjI5M9gCAeACAQ&ucfs=1&arphpl=1&checkin=2026-08-06&checkout=2026-08-07&dest_id=-2767043&dest_type=city&group_adults=2&req_adults=2&no_rooms=1&group_children=0&req_children=0&hpos=13&hapos=968&sr_order=popularity&srpvid=7b4f562059d9004c&srepoch=1785759506&all_sr_blocks=1564115401_427510303_2_0_0&highlighted_blocks=1564115401_427510303_2_0_0&matching_block_id=1564115401_427510303_2_0_0&sr_pri_blocks=1564115401_427510303_2_0_0__1250000&from=searchresults,12500,,,Lahore,12.1,Double Room,1 double bed,0,1,1,https://cf.bstatic.com/xdata/images/hotel/square240/813724755.webp?k=97a718ba960892da0e6f6f1dc030f9410b47bbb4dc33c072dfb4669dceb8c162&o=,4,Lahore
The spring apartment homes,https://www.booking.com/hotel/pk/the-spring-apartment-homes-lahore2.en-gb.html?aid=304142&label=gen173nr-10CAQoggJCDWNpdHlfLTI3NjcwNDNICVgEaLUBiAEBmAEzuAEHyAEM2AED6AEB-AEBiAIBqAIBuALBjMLTBsACAdICJDRlYmVmMGVjLTBmMjctNDNkNS05MDQ0LWY2ZTFmMzRjMjI5M9gCAeACAQ&ucfs=1&arphpl=1&checkin=2026-08-06&checkout=2026-08-07&dest_id=-2767043&dest_type=city&group_adults=2&req_adults=2&no_rooms=1&group_children=0&req_children=0&hpos=14&hapos=969&sr_order=popularity&srpvid=7b4f562059d9004c&srepoch=1785759506&all_sr_blocks=1488501901_420379957_2_0_0&highlighted_blocks=1488501901_420379957_2_0_0&matching_block_id=1488501901_420379957_2_0_0&sr_pri_blocks=1488501901_420379957_2_0_0__1000000&from=searchresults,10000,,,"Gulberg, Lahore",5.8,One-Bedroom Apartment,1 double bed,0,1,1,https://cf.bstatic.com/xdata/images/hotel/square240/741859411.webp?k=73b70582f37d0a1b5f136224c1fff929dc5e06ac75fb7af39ac31f6afbdabf7d&o=,4,Lahore
Eiffel View 1BHK Modern Apartment with private Balcony WiFi,https://www.booking.com/hotel/pk/an-aura-stayz.en-gb.html?aid=304142&label=gen173nr-10CAQoggJCDWNpdHlfLTI3NjcwNDNICVgEaLUBiAEBmAEzuAEHyAEM2AED6AEB-AEBiAIBqAIBuALBjMLTBsACAdICJDRlYmVmMGVjLTBmMjctNDNkNS05MDQ0LWY2ZTFmMzRjMjI5M9gCAeACAQ&ucfs=1&arphpl=1&checkin=2026-08-06&checkout=2026-08-07&dest_id=-2767043&dest_type=city&group_adults=2&req_adults=2&no_rooms=1&group_children=0&req_children=0&hpos=15&hapos=970&sr_order=popularity&srpvid=7b4f562059d9004c&srepoch=1785759506&all_sr_blocks=1487365501_420211406_2_0_0&highlighted_blocks=1487365501_420211406_2_0_0&matching_block_id=1487365501_420211406_2_0_0&sr_pri_blocks=1487365501_420211406_2_0_0__1056000&from=searchresults,10560,,,Lahore,25.7,One-Bedroom Apartment,1 large double bed,0,1,1,https://cf.bstatic.com/xdata/images/hotel/square240/740825117.webp?k=e0cdf9d9d9ae3db3c16c5ca9b4984d3869230d566e3268ced64c23dba432b9b1&o=,4,Lahore
Spacious 6 bedroom House,https://www.booking.com/hotel/pk/spacious-6-bedroom-house.en-gb.html?aid=304142&label=gen173nr-10CAQoggJCDWNpdHlfLTI3NjcwNDNICVgEaLUBiAEBmAEzuAEHyAEM2AED6AEB-AEBiAIBqAIBuALBjMLTBsACAdICJDRlYmVmMGVjLTBmMjctNDNkNS05MDQ0LWY2ZTFmMzRjMjI5M9gCAeACAQ&ucfs=1&arphpl=1&checkin=2026-08-06&checkout=2026-08-07&dest_id=-2767043&dest_type=city&group_adults=2&req_adults=2&no_rooms=1&group_children=0&req_children=0&hpos=16&hapos=971&sr_order=popularity&srpvid=7b4f562059d9004c&srepoch=1785759506&all_sr_blocks=1363165101_408605716_12_0_0&highlighted_blocks=1363165101_408605716_12_0_0&matching_block_id=1363165101_408605716_12_0_0&sr_pri_blocks=1363165101_408605716_12_0_0__3000000&from=searchresults,30000,,,Lahore,13.1,One-Bedroom House,1 double bed,0,0,1,https://cf.bstatic.com/xdata/images/hotel/square240/649036766.webp?k=10e071d42376c62ba4fe6a82a6f26da3a0937a487767ea384a263da5f97445ea&o=,3,Lahore
Family Cottage Lahore,https://www.booking.com/hotel/pk/family-cottage-lahore.en-gb.html?aid=304142&label=gen173nr-10CAQoggJCDWNpdHlfLTI3NjcwNDNICVgEaLUBiAEBmAEzuAEHyAEM2AED6AEB-AEBiAIBqAIBuALBjMLTBsACAdICJDRlYmVmMGVjLTBmMjctNDNkNS05MDQ0LWY2ZTFmMzRjMjI5M9gCAeACAQ&ucfs=1&arphpl=1&checkin=2026-08-06&checkout=2026-08-07&dest_id=-2767043&dest_type=city&group_adults=2&req_adults=2&no_rooms=1&group_children=0&req_children=0&hpos=17&hapos=972&sr_order=popularity&srpvid=7b4f562059d9004c&srepoch=1785759506&all_sr_blocks=1351772201_407514588_4_0_0&highlighted_blocks=1351772201_407514588_4_0_0&matching_block_id=1351772201_407514588_4_0_0&sr_pri_blocks=1351772201_407514588_4_0_0__2000000&from=searchresults,20000,,,Lahore,14.2,Two-Bedroom House,"4 beds (2 singles, 2 sofa beds)",0,0,1,https://cf.bstatic.com/xdata/images/hotel/square240/642476792.webp?k=6637617ad3486d2d15e4d7ac504f7255739a94c2a2d7e2a3684e2219e4a7f57b&o=,3,Lahore
Shah chiragh villah,https://www.booking.com/hotel/pk/shah-chiragh-villah-lahore.en-gb.html?aid=304142&label=gen173nr-10CAQoggJCDWNpdHlfLTI3NjcwNDNICVgEaLUBiAEBmAEzuAEHyAEM2AED6AEB-AEBiAIBqAIBuALBjMLTBsACAdICJDRlYmVmMGVjLTBmMjctNDNkNS05MDQ0LWY2ZTFmMzRjMjI5M9gCAeACAQ&ucfs=1&arphpl=1&checkin=2026-08-06&checkout=2026-08-07&dest_id=-2767043&dest_type=city&group_adults=2&req_adults=2&no_rooms=1&group_children=0&req_children=0&hpos=18&hapos=973&sr_order=popularity&srpvid=7b4f562059d9004c&srepoch=1785759506&all_sr_blocks=1541974101_425573008_2_2_0&highlighted_blocks=1541974101_425573008_2_2_0&matching_block_id=1541974101_425573008_2_2_0&sr_pri_blocks=1541974101_425573008_2_2_0__1759500&from=searchresults,17595,,,Lahore,7.9,Two-Bedroom Villa,2 large double beds,0,1,1,https://cf.bstatic.com/xdata/images/hotel/square240/789416585.webp?k=9f67372fe287fbcf107137e79dfb0528a6b9ebda727be1f3f6101dffd430165f&o=,4,Lahore
Jimmy's Den,https://www.booking.com/hotel/pk/jimmys-den.en-gb.html?aid=304142&label=gen173nr-10CAQoggJCDWNpdHlfLTI3NjcwNDNICVgEaLUBiAEBmAEzuAEHyAEM2AED6AEB-AEBiAIBqAIBuALBjMLTBsACAdICJDRlYmVmMGVjLTBmMjctNDNkNS05MDQ0LWY2ZTFmMzRjMjI5M9gCAeACAQ&ucfs=1&arphpl=1&checkin=2026-08-06&checkout=2026-08-07&dest_id=-2767043&dest_type=city&group_adults=2&req_adults=2&no_rooms=1&group_children=0&req_children=0&hpos=19&hapos=974&sr_order=popularity&srpvid=7b4f562059d9004c&srepoch=1785759506&all_sr_blocks=1682989801_440048545_8_0_0&highlighted_blocks=1682989801_440048545_8_0_0&matching_block_id=1682989801_440048545_8_0_0&sr_pri_blocks=1682989801_440048545_8_0_0__1428869&from=searchresults,14289,,,Lahore,25.0,Two-Bedroom Apartment,"6 beds (2 doubles, 4 sofa beds)",0,1,1,https://cf.bstatic.com/xdata/images/hotel/square240/892299630.webp?k=509469731f20d3432c56b744f7bf05bd7b7c36ab8c62826be05f29a84237e35a&o=,5,Lahore
Luxury Two bedrooms Apartment,https://www.booking.com/hotel/pk/luxury-two-bedrooms-apartment-lahore.en-gb.html?aid=304142&label=gen173nr-10CAQoggJCDWNpdHlfLTI3NjcwNDNICVgEaLUBiAEBmAEzuAEHyAEM2AED6AEB-AEBiAIBqAIBuALBjMLTBsACAdICJDRlYmVmMGVjLTBmMjctNDNkNS05MDQ0LWY2ZTFmMzRjMjI5M9gCAeACAQ&ucfs=1&arphpl=1&checkin=2026-08-06&checkout=2026-08-07&dest_id=-2767043&dest_type=city&group_adults=2&req_adults=2&no_rooms=1&group_children=0&req_children=0&hpos=20&hapos=975&sr_order=popularity&srpvid=7b4f562059d9004c&srepoch=1785759506&all_sr_blocks=1611361101_432047717_5_0_0&highlighted_blocks=1611361101_432047717_5_0_0&matching_block_id=1611361101_432047717_5_0_0&sr_pri_blocks=1611361101_432047717_5_0_0__1700000&from=searchresults,17000,,,Lahore,13.5,Two-Bedroom Apartment,"3 beds (2 doubles, 1 sofa bed)",0,1,1,https://cf.bstatic.com/xdata/images/hotel/square240/847372387.webp?k=396500767370dc3e5c122fd44acd99573d65a31cbaf38a43ca324b46a979b7b4&o=,4,Lahore
Relax Under the Stars 1BHK,https://www.booking.com/hotel/pk/moonlit-oasis-twilight-escape.en-gb.html?aid=304142&label=gen173nr-10CAQoggJCDWNpdHlfLTI3NjcwNDNICVgEaLUBiAEBmAEzuAEHyAEM2AED6AEB-AEBiAIBqAIBuALBjMLTBsACAdICJDRlYmVmMGVjLTBmMjctNDNkNS05MDQ0LWY2ZTFmMzRjMjI5M9gCAeACAQ&ucfs=1&arphpl=1&checkin=2026-08-06&checkout=2026-08-07&dest_id=-2767043&dest_type=city&group_adults=2&req_adults=2&no_rooms=1&group_children=0&req_children=0&hpos=21&hapos=976&sr_order=popularity&srpvid=7b4f562059d9004c&srepoch=1785759506&all_sr_blocks=1379431201_410067183_4_0_0&highlighted_blocks=1379431201_410067183_4_0_0&matching_block_id=1379431201_410067183_4_0_0&sr_pri_blocks=1379431201_410067183_4_0_0__1600000&from=searchresults,16000,,,Lahore,25.7,Two-Bedroom Apartment,1 double bed,0,0,1,https://cf.bstatic.com/xdata/images/hotel/square240/659979487.webp?k=9c93264d7568b5254638ce73b64cd6a39c0ba80f43432dd696335ed2041a6078&o=,9,Lahore
Gold Creat Heights By Billion Group,https://www.booking.com/hotel/pk/gold-creat-heights-by-billion-group.en-gb.html?aid=304142&label=gen173nr-10CAQoggJCDWNpdHlfLTI3NjcwNDNICVgEaLUBiAEBmAEzuAEHyAEM2AED6AEB-AEBiAIBqAIBuALBjMLTBsACAdICJDRlYmVmMGVjLTBmMjctNDNkNS05MDQ0LWY2ZTFmMzRjMjI5M9gCAeACAQ&ucfs=1&arphpl=1&checkin=2026-08-06&checkout=2026-08-07&dest_id=-2767043&dest_type=city&group_adults=2&req_adults=2&no_rooms=1&group_children=0&req_children=0&hpos=22&hapos=977&sr_order=popularity&srpvid=7b4f562059d9004c&srepoch=1785759506&all_sr_blocks=1416035001_413297297_2_0_0&highlighted_blocks=1416035001_413297297_2_0_0&matching_block_id=1416035001_413297297_2_0_0&sr_pri_blocks=1416035001_413297297_2_0_0__1250000&from=searchresults,12500,,,Lahore,25.7,One-Bedroom Apartment,1 double bed,0,1,1,https://cf.bstatic.com/xdata/images/hotel/square240/683510902.webp?k=f39d63cfa7e14c24e19c70e83100fcd23bac647e21831d69322272ddecbfdc02&o=,4,Lahore
Chohdary Villa 124 j ph 2,https://www.booking.com/hotel/pk/chohdary-villa-124-j-ph-2.en-gb.html?aid=304142&label=gen173nr-10CAQoggJCDWNpdHlfLTI3NjcwNDNICVgEaLUBiAEBmAEzuAEHyAEM2AED6AEB-AEBiAIBqAIBuALBjMLTBsACAdICJDRlYmVmMGVjLTBmMjctNDNkNS05MDQ0LWY2ZTFmMzRjMjI5M9gCAeACAQ&ucfs=1&arphpl=1&checkin=2026-08-06&checkout=2026-08-07&dest_id=-2767043&dest_type=city&group_adults=2&req_adults=2&no_rooms=1&group_children=0&req_children=0&hpos=23&hapos=978&sr_order=popularity&srpvid=7b4f562059d9004c&srepoch=1785759506&all_sr_blocks=1398649901_411732554_4_0_0&highlighted_blocks=1398649901_411732554_4_0_0&matching_block_id=1398649901_411732554_4_0_0&sr_pri_blocks=1398649901_411732554_4_0_0__4119290&from=searchresults,41193,,,Lahore,22.1,One-Bedroom Apartment,"5 beds (2 doubles, 3 large doubles)",0,1,1,https://cf.bstatic.com/xdata/images/hotel/square240/673332267.webp?k=d4d1ec11a4bad15eb72d28850cbfe9309972604d86b8e898fd4acfb80765a0d4&o=,5,Lahore
Ultra Modern 1 Kanal Private House Jacuzzi 6 Bedrooms DHA Phase 4,https://www.booking.com/hotel/pk/ultra-modern-1-kanal-private-house-jacuzzi-6-bedrooms-dha-phase-4.en-gb.html?aid=304142&label=gen173nr-10CAQoggJCDWNpdHlfLTI3NjcwNDNICVgEaLUBiAEBmAEzuAEHyAEM2AED6AEB-AEBiAIBqAIBuALBjMLTBsACAdICJDRlYmVmMGVjLTBmMjctNDNkNS05MDQ0LWY2ZTFmMzRjMjI5M9gCAeACAQ&ucfs=1&arphpl=1&checkin=2026-08-06&checkout=2026-08-07&dest_id=-2767043&dest_type=city&group_adults=2&req_adults=2&no_rooms=1&group_children=0&req_children=0&hpos=24&hapos=979&sr_order=popularity&srpvid=7b4f562059d9004c&srepoch=1785759506&all_sr_blocks=1645257601_434584857_16_0_0&highlighted_blocks=1645257601_434584857_16_0_0&matching_block_id=1645257601_434584857_16_0_0&sr_pri_blocks=1645257601_434584857_16_0_0__3600000&from=searchresults,36000,,,Lahore,24.9,Villa,1 extra-large double bed,0,1,1,https://cf.bstatic.com/xdata/images/hotel/square240/869513297.webp?k=6b44edc27b775a9b607bb0e8ac1bb5eef3ef9c41b2385f397803d2f0ec17abb7&o=,5,Lahore
The hideout,https://www.booking.com/hotel/pk/the-hideout-lahore1.en-gb.html?aid=304142&label=gen173nr-10CAQoggJCDWNpdHlfLTI3NjcwNDNICVgEaLUBiAEBmAEzuAEHyAEM2AED6AEB-AEBiAIBqAIBuALBjMLTBsACAdICJDRlYmVmMGVjLTBmMjctNDNkNS05MDQ0LWY2ZTFmMzRjMjI5M9gCAeACAQ&ucfs=1&arphpl=1&checkin=2026-08-06&checkout=2026-08-07&dest_id=-2767043&dest_type=city&group_adults=2&req_adults=2&no_rooms=1&group_children=0&req_children=0&hpos=25&hapos=980&sr_order=popularity&srpvid=7b4f562059d9004c&srepoch=1785759506&all_sr_blocks=1592963901_430352934_2_0_0&highlighted_blocks=1592963901_430352934_2_0_0&matching_block_id=1592963901_430352934_2_0_0&sr_pri_blocks=1592963901_430352934_2_0_0__700000&from=searchresults,7000,,,Lahore,23.1,One-Bedroom Apartment,1 double bed,0,1,1,https://cf.bstatic.com/xdata/images/hotel/square240/832101093.webp?k=3876210f70de4797ad19963cdd8dabf60a08697aebd3d2452ab81e9842639039&o=,4,Lahore
