property_name,property_url,Price_pkr,review_score,review_count,address,distance_from_center_km,property_type,bed_type,breakfast_included,free_cancellation,reserve_without_payment,image,stars,city
Premium Furnished Stay In Bahria Town,https://www.booking.com/hotel/pk/premium-furnished-stay-in-bahria-town.en-gb.html?aid=304142&label=gen173nr-10CAQoggJCCmNpdHlfMzU1NzVICVgEaLUBiAEBmAEzuAEHyAEM2AED6AEB-AEBiAIBqAIBuALAkcLTBsACAdICJGZkNjZkNGNmLTNhZGQtNDIyYS04YWIwLTdkZGFkMjg0NzdlMdgCAeACAQ&ucfs=1&arphpl=1&checkin=2026-08-06&checkout=2026-08-07&dest_id=35575&dest_type=city&group_adults=2&req_adults=2&no_rooms=1&group_children=0&req_children=0&hpos=1&hapos=1&sr_order=popularity&srpvid=3fbf57600a54002b&srepoch=1785760005&all_sr_blocks=1620658201_432888256_2_0_0&highlighted_blocks=1620658201_432888256_2_0_0&matching_block_id=1620658201_432888256_2_0_0&sr_pri_blocks=1620658201_432888256_2_0_0__765000&from=searchresults,7650,8.7,10.0,Lahore,15.0,Deluxe One-Bedroom Apartment,"2 beds (1 double, 1 sofa bed)",0,1,1,https://cf.bstatic.com/xdata/images/hotel/square240/870693015.webp?k=a47afafd060231c1e3ceabe22e0fe69111d663de3cf3d92861fe3286402eb0d2&o=,13,Shorkot
Mukhtar Homes Bahria Town Lahore,https://www.booking.com/hotel/pk/mukhtar-homes.en-gb.html?aid=304142&label=gen173nr-10CAQoggJCCmNpdHlfMzU1NzVICVgEaLUBiAEBmAEzuAEHyAEM2AED6AEB-AEBiAIBqAIBuALAkcLTBsACAdICJGZkNjZkNGNmLTNhZGQtNDIyYS04YWIwLTdkZGFkMjg0NzdlMdgCAeACAQ&ucfs=1&arphpl=1&checkin=2026-08-06&checkout=2026-08-07&dest_id=35575&dest_type=city&group_adults=2&req_adults=2&no_rooms=1&group_children=0&req_children=0&hpos=2&hapos=2&sr_order=popularity&srpvid=3fbf57600a54002b&srepoch=1785760005&all_sr_blocks=0_0_2_0_0&highlighted_blocks=0_0_2_0_0&matching_block_id=0_0_2_0_0&sr_pri_blocks=0_0_2_0_0__707760&from=searchresults,7078,8.4,161.0,Lahore,14.8,Pent House,1 extra-large double bed,0,1,0,https://cf.bstatic.com/xdata/images/hotel/square240/628073946.webp?k=2c1cde3453a489a73bcb63807b3b4559389ccd41706040cb74ce8267b47e0a0a&o=,12,Shorkot
stunning studio apartment,https://www.booking.com/hotel/pk/studio-luxury-apartment-lahore1.en-gb.html?aid=304142&label=gen173nr-10CAQoggJCCmNpdHlfMzU1NzVICVgEaLUBiAEBmAEzuAEHyAEM2AED6AEB-AEBiAIBqAIBuALAkcLTBsACAdICJGZkNjZkNGNmLTNhZGQtNDIyYS04YWIwLTdkZGFkMjg0NzdlMdgCAeACAQ&ucfs=1&arphpl=1&checkin=2026-08-06&checkout=2026-08-07&dest_id=35575&dest_type=city&group_adults=2&req_adults=2&no_rooms=1&group_children=0&req_children=0&hpos=3&hapos=3&sr_order=popularity&srpvid=3fbf57600a54002b&srepoch=1785760005&all_sr_blocks=1296957401_402601273_2_0_0&highlighted_blocks=1296957401_402601273_2_0_0&matching_block_id=1296957401_402601273_2_0_0&sr_pri_blocks=1296957401_402601273_2_0_0__487350&from=searchresults,4874,1.0,2.0,Rāmkot,14.8,One-Bedroom Apartment,1 double bed,0,1,1,https://cf.bstatic.com/xdata/images/hotel/square240/609979711.webp?k=968fb340b784c8ec93dc5511456ff91fdf64100f820b752b64cc22f525e86dd1&o=,4,Shorkot
1BHK Elite Apartment Bahria Lahore,https://www.booking.com/hotel/pk/angelas-luxury-apartment-bahria-town.en-gb.html?aid=304142&label=gen173nr-10CAQoggJCCmNpdHlfMzU1NzVICVgEaLUBiAEBmAEzuAEHyAEM2AED6AEB-AEBiAIBqAIBuALAkcLTBsACAdICJGZkNjZkNGNmLTNhZGQtNDIyYS04YWIwLTdkZGFkMjg0NzdlMdgCAeACAQ&ucfs=1&arphpl=1&checkin=2026-08-06&checkout=2026-08-07&dest_id=35575&dest_type=city&group_adults=2&req_adults=2&no_rooms=1&group_children=0&req_children=0&hpos=4&hapos=4&sr_order=popularity&srpvid=3fbf57600a54002b&srepoch=1785760005&all_sr_blocks=1613256904_432221017_3_0_0&highlighted_blocks=1613256904_432221017_3_0_0&matching_block_id=1613256904_432221017_3_0_0&sr_pri_blocks=1613256904_432221017_3_0_0__560800&from=searchresults,5608,8.5,6.0,Lahore,14.9,One-Bedroom Apartment,"2 beds (1 double, 1 sofa bed)",0,1,1,https://cf.bstatic.com/xdata/images/hotel/square240/896033093.webp?k=516b143e8c082d031a32be2925703c3600fe13b1cd887150e12b386cf045afbe&o=,13,Shorkot
Designer Apartment Near KFC,https://www.booking.com/hotel/pk/modern-era-apartment-2bhk-with-magical-lights-in-pearl-one-tower-bahria-town.en-gb.html?aid=304142&label=gen173nr-10CAQoggJCCmNpdHlfMzU1NzVICVgEaLUBiAEBmAEzuAEHyAEM2AED6AEB-AEBiAIBqAIBuALAkcLTBsACAdICJGZkNjZkNGNmLTNhZGQtNDIyYS04YWIwLTdkZGFkMjg0NzdlMdgCAeACAQ&ucfs=1&arphpl=1&checkin=2026-08-06&checkout=2026-08-07&dest_id=35575&dest_type=city&group_adults=2&req_adults=2&no_rooms=1&group_children=0&req_children=0&hpos=5&hapos=5&sr_order=popularity&srpvid=3fbf57600a54002b&srepoch=1785760005&all_sr_blocks=1547387903_425981957_2_0_0_1404873&highlighted_blocks=1547387903_425981957_2_0_0_1404873&matching_block_id=1547387903_425981957_2_0_0_1404873&sr_pri_blocks=1547387903_425981957_2_0_0_1404873_680000&from=searchresults,6800,9.0,60.0,Lahore,14.9,Deluxe One-Bedroom Apartment,1 double bed,0,1,1,https://cf.bstatic.com/xdata/images/hotel/square240/793439386.webp?k=af04fa84495971ae6bb9c694230479812395dd61df4a546166b5ff4e508802f2&o=,13,Shorkot
Luxury 1 Bedroom Apartment Bahria Town Lahore Kitchen Free WiFi Self Check In & Free Parking,https://www.booking.com/hotel/pk/comfort-corner-stay-bahria-lahore.en-gb.html?aid=304142&label=gen173nr-10CAQoggJCCmNpdHlfMzU1NzVICVgEaLUBiAEBmAEzuAEHyAEM2AED6AEB-AEBiAIBqAIBuALAkcLTBsACAdICJGZkNjZkNGNmLTNhZGQtNDIyYS04YWIwLTdkZGFkMjg0NzdlMdgCAeACAQ&ucfs=1&arphpl=1&checkin=2026-08-06&checkout=2026-08-07&dest_id=35575&dest_type=city&group_adults=2&req_adults=2&no_rooms=1&group_children=0&req_children=0&hpos=6&hapos=6&sr_order=popularity&srpvid=3fbf57600a54002b&srepoch=1785760005&all_sr_blocks=1620674901_432889460_2_0_0&highlighted_blocks=1620674901_432889460_2_0_0&matching_block_id=1620674901_432889460_2_0_0&sr_pri_blocks=1620674901_432889460_2_0_0__1056000&from=searchresults,10560,9.9,11.0,Lahore,15.0,One-Bedroom Apartment,1 double bed,0,1,1,https://cf.bstatic.com/xdata/images/hotel/square240/878907452.webp?k=b095bc8979876c8399929cb74b0f559921f9e862bf709da374b248e36bcde84c&o=,6,Shorkot
Con Stay Luxury Apartments Bahria Town Lahore,https://www.booking.com/hotel/pk/elegant-1br-lahore-bahria-town-with-free-parking.en-gb.html?aid=304142&label=gen173nr-10CAQoggJCCmNpdHlfMzU1NzVICVgEaLUBiAEBmAEzuAEHyAEM2AED6AEB-AEBiAIBqAIBuALAkcLTBsACAdICJGZkNjZkNGNmLTNhZGQtNDIyYS04YWIwLTdkZGFkMjg0NzdlMdgCAeACAQ&ucfs=1&arphpl=1&checkin=2026-08-06&checkout=2026-08-07&dest_id=35575&dest_type=city&group_adults=2&req_adults=2&no_rooms=1&group_children=0&req_children=0&hpos=7&hapos=7&sr_order=popularity&srpvid=3fbf57600a54002b&srepoch=1785760005&all_sr_blocks=1071345302_394452096_2_0_0&highlighted_blocks=1071345302_394452096_2_0_0&matching_block_id=1071345302_394452096_2_0_0&sr_pri_blocks=1071345302_394452096_2_0_0__617500&from=searchresults,6175,7.4,24.0,Lahore,14.8,One-Bedroom Apartment,"2 beds (1 sofa bed, 1 large double)",0,1,1,https://cf.bstatic.com/xdata/images/hotel/square240/490488746.webp?k=50cb36d39d5c9fdc4d60e20124cbf8c66ba614c8c70cb9a68384aecf458687f7&o=,13,Shorkot
Bahria Grand Hotel & Resort,https://www.booking.com/hotel/pk/bahria-grand-amp-resort.en-gb.html?aid=304142&label=gen173nr-10CAQoggJCCmNpdHlfMzU1NzVICVgEaLUBiAEBmAEzuAEHyAEM2AED6AEB-AEBiAIBqAIBuALAkcLTBsACAdICJGZkNjZkNGNmLTNhZGQtNDIyYS04YWIwLTdkZGFkMjg0NzdlMdgCAeACAQ&ucfs=1&arphpl=1&checkin=2026-08-06&checkout=2026-08-07&dest_id=35575&dest_type=city&group_adults=2&req_adults=2&no_rooms=1&group_children=0&req_children=0&hpos=8&hapos=8&sr_order=popularity&srpvid=3fbf57600a54002b&srepoch=1785760005&all_sr_blocks=117002201_347117511_2_41_0&highlighted_blocks=117002201_347117511_2_41_0&matching_block_id=117002201_347117511_2_41_0&sr_pri_blocks=117002201_347117511_2_41_0__2989800&from=searchresults,29898,6.7,100.0,Lahore,13.6,Grand Deluxe Double Room,1 double bed,1,1,1,https://cf.bstatic.com/xdata/images/hotel/square240/36733710.webp?k=313128147357e0a440247122c21c84a21aa7ee6d7d50f7c12682fa2d4e8529a3&o=,12,Shorkot
Peace appartments,https://www.booking.com/hotel/pk/peace-appartments.en-gb.html?aid=304142&label=gen173nr-10CAQoggJCCmNpdHlfMzU1NzVICVgEaLUBiAEBmAEzuAEHyAEM2AED6AEB-AEBiAIBqAIBuALAkcLTBsACAdICJGZkNjZkNGNmLTNhZGQtNDIyYS04YWIwLTdkZGFkMjg0NzdlMdgCAeACAQ&ucfs=1&arphpl=1&checkin=2026-08-06&checkout=2026-08-07&dest_id=35575&dest_type=city&group_adults=2&req_adults=2&no_rooms=1&group_children=0&req_children=0&hpos=9&hapos=9&sr_order=popularity&srpvid=3fbf57600a54002b&srepoch=1785760005&all_sr_blocks=1641290601_434349164_2_0_0&highlighted_blocks=1641290601_434349164_2_0_0&matching_block_id=1641290601_434349164_2_0_0&sr_pri_blocks=1641290601_434349164_2_0_0__680000&from=searchresults,6800,10,1.0,Lahore,14.6,Two-Bedroom Apartment,"3 beds (2 extra-large doubles, 1 sofa bed)",0,1,1,https://cf.bstatic.com/xdata/images/hotel/square240/867834860.webp?k=332e0a5452a9f40a3015ac452c800eb5f610189196997bcb5ff6e6eadc4f7ac9&o=,4,Shorkot
Stunning studio apartment,https://www.booking.com/hotel/pk/stunning-studio-apartment.en-gb.html?aid=304142&label=gen173nr-10CAQoggJCCmNpdHlfMzU1NzVICVgEaLUBiAEBmAEzuAEHyAEM2AED6AEB-AEBiAIBqAIBuALAkcLTBsACAdICJGZkNjZkNGNmLTNhZGQtNDIyYS04YWIwLTdkZGFkMjg0NzdlMdgCAeACAQ&ucfs=1&arphpl=1&checkin=2026-08-06&checkout=2026-08-07&dest_id=35575&dest_type=city&group_adults=2&req_adults=2&no_rooms=1&group_children=0&req_children=0&hpos=10&hapos=10&sr_order=popularity&srpvid=3fbf57600a54002b&srepoch=1785760005&all_sr_blocks=1451375501_416494807_2_0_0&highlighted_blocks=1451375501_416494807_2_0_0&matching_block_id=1451375501_416494807_2_0_0&sr_pri_blocks=1451375501_416494807_2_0_0__550000&from=searchresults,5500,8.0,1.0,Lahore,14.8,One-Bedroom Apartment,1 double bed,0,1,1,https://cf.bstatic.com/xdata/images/hotel/square240/708752335.webp?k=f07c2631d210088c4799271b53929b5d3b3b30e886b01ac4ec32479741700516&o=,4,Shorkot
Cozy 1BHK Retreat Self Check-In & Calm Vibes,https://www.booking.com/hotel/pk/cozy-1bhk-retreat-self-check-in-amp-calm-vibes.en-gb.html?aid=304142&label=gen173nr-10CAQoggJCCmNpdHlfMzU1NzVICVgEaLUBiAEBmAEzuAEHyAEM2AED6AEB-AEBiAIBqAIBuALAkcLTBsACAdICJGZkNjZkNGNmLTNhZGQtNDIyYS04YWIwLTdkZGFkMjg0NzdlMdgCAeACAQ&ucfs=1&arphpl=1&checkin=2026-08-06&checkout=2026-08-07&dest_id=35575&dest_type=city&group_adults=2&req_adults=2&no_rooms=1&group_children=0&req_children=0&hpos=11&hapos=11&sr_order=popularity&srpvid=3fbf57600a54002b&srepoch=1785760005&all_sr_blocks=1662101301_438084021_4_0_0&highlighted_blocks=1662101301_438084021_4_0_0&matching_block_id=1662101301_438084021_4_0_0&sr_pri_blocks=1662101301_438084021_4_0_0__650000&from=searchresults,6500,8.3,3.0,Lahore,13.4,One-Bedroom Apartment,1 double bed,0,1,1,https://cf.bstatic.com/xdata/images/hotel/square240/880241980.webp?k=ab047f7fb9ffdd64c5e758513e7035ead53eef25cd9b79ea5835e981904fd71e&o=,4,Shorkot
The View Lahore,https://www.booking.com/hotel/pk/the-view-404.en-gb.html?aid=304142&label=gen173nr-10CAQoggJCCmNpdHlfMzU1NzVICVgEaLUBiAEBmAEzuAEHyAEM2AED6AEB-AEBiAIBqAIBuALAkcLTBsACAdICJGZkNjZkNGNmLTNhZGQtNDIyYS04YWIwLTdkZGFkMjg0NzdlMdgCAeACAQ&ucfs=1&arphpl=1&checkin=2026-08-06&checkout=2026-08-07&dest_id=35575&dest_type=city&group_adults=2&req_adults=2&no_rooms=1&group_children=0&req_children=0&hpos=12&hapos=12&sr_order=popularity&srpvid=3fbf57600a54002b&srepoch=1785760005&all_sr_blocks=1685930301_440216656_2_0_0&highlighted_blocks=1685930301_440216656_2_0_0&matching_block_id=1685930301_440216656_2_0_0&sr_pri_blocks=1685930301_440216656_2_0_0__800000&from=searchresults,8000,10,2.0,Lahore,13.4,Classic One-Bedroom Apartment with King Bed,Classic One-Bedroom Apartment with King Bed,0,1,1,https://cf.bstatic.com/xdata/images/hotel/square240/893340598.webp?k=7e0d71dcaaa6397aba9fbac1c5eb66b6a140e1a5565591a1dc95c7a0f5e9875e&o=,4,Shorkot
Bahria 777 Luxury Apartment,https://www.booking.com/hotel/pk/blue-lights-apartment-in-lahore.en-gb.html?aid=304142&label=gen173nr-10CAQoggJCCmNpdHlfMzU1NzVICVgEaLUBiAEBmAEzuAEHyAEM2AED6AEB-AEBiAIBqAIBuALAkcLTBsACAdICJGZkNjZkNGNmLTNhZGQtNDIyYS04YWIwLTdkZGFkMjg0NzdlMdgCAeACAQ&ucfs=1&arphpl=1&checkin=2026-08-06&checkout=2026-08-07&dest_id=35575&dest_type=city&group_adults=2&req_adults=2&no_rooms=1&group_children=0&req_children=0&hpos=13&hapos=13&sr_order=popularity&srpvid=3fbf57600a54002b&srepoch=1785760005&all_sr_blocks=1563833501_427476089_2_0_0&highlighted_blocks=1563833501_427476089_2_0_0&matching_block_id=1563833501_427476089_2_0_0&sr_pri_blocks=1563833501_427476089_2_0_0__597600&from=searchresults,5976,8.8,23.0,Lahore,14.9,One-Bedroom Apartment,1 double bed,0,0,0,https://cf.bstatic.com/xdata/images/hotel/square240/887717867.webp?k=bccbca326fcec1d6d823e6a2395150284caf399f100e407c9d807a81962b948a&o=,11,Shorkot
Qamar suite,https://www.booking.com/hotel/pk/qamar-suite.en-gb.html?aid=304142&label=gen173nr-10CAQoggJCCmNpdHlfMzU1NzVICVgEaLUBiAEBmAEzuAEHyAEM2AED6AEB-AEBiAIBqAIBuALAkcLTBsACAdICJGZkNjZkNGNmLTNhZGQtNDIyYS04YWIwLTdkZGFkMjg0NzdlMdgCAeACAQ&ucfs=1&arphpl=1&checkin=2026-08-06&checkout=2026-08-07&dest_id=35575&dest_type=city&group_adults=2&req_adults=2&no_rooms=1&group_children=0&req_children=0&hpos=14&hapos=14&sr_order=popularity&srpvid=3fbf57600a54002b&srepoch=1785760005&all_sr_blocks=1691093701_440742907_3_0_0&highlighted_blocks=1691093701_440742907_3_0_0&matching_block_id=1691093701_440742907_3_0_0&sr_pri_blocks=1691093701_440742907_3_0_0__750000&from=searchresults,7500,10,1.0,Lahore,14.8,One-Bedroom Apartment,"2 beds (1 double, 1 sofa bed)",0,1,1,https://cf.bstatic.com/xdata/images/hotel/square240/896728806.webp?k=51d7b9a9a6228ded9bd28b02cc208d30d3bf12e5b584f32611bb5683a4876e89&o=,4,Shorkot
Skyline Luxury Apartments Bahria Lahore,https://www.booking.com/hotel/pk/skyline-luxury-apartments-bahria-lahore.en-gb.html?aid=304142&label=gen173nr-10CAQoggJCCmNpdHlfMzU1NzVICVgEaLUBiAEBmAEzuAEHyAEM2AED6AEB-AEBiAIBqAIBuALAkcLTBsACAdICJGZkNjZkNGNmLTNhZGQtNDIyYS04YWIwLTdkZGFkMjg0NzdlMdgCAeACAQ&ucfs=1&arphpl=1&checkin=2026-08-06&checkout=2026-08-07&dest_id=35575&dest_type=city&group_adults=2&req_adults=2&no_rooms=1&group_children=0&req_children=0&hpos=15&hapos=15&sr_order=popularity&srpvid=3fbf57600a54002b&srepoch=1785760005&all_sr_blocks=1668646901_438684363_3_0_0&highlighted_blocks=1668646901_438684363_3_0_0&matching_block_id=1668646901_438684363_3_0_0&sr_pri_blocks=1668646901_438684363_3_0_0__748000&from=searchresults,7480,10,1.0,Lahore,14.9,One-Bedroom Apartment,"2 beds (1 double, 1 sofa bed)",0,1,1,https://cf.bstatic.com/xdata/images/hotel/square240/892183718.webp?k=3a9616348983267f3efe2ceafef8f02039b1d52b297c2589a965d64a18163927&o=,5,Shorkot
S&Trooms,https://www.booking.com/hotel/pk/s-amp-trooms-lahore.en-gb.html?aid=304142&label=gen173nr-10CAQoggJCCmNpdHlfMzU1NzVICVgEaLUBiAEBmAEzuAEHyAEM2AED6AEB-AEBiAIBqAIBuALAkcLTBsACAdICJGZkNjZkNGNmLTNhZGQtNDIyYS04YWIwLTdkZGFkMjg0NzdlMdgCAeACAQ&ucfs=1&arphpl=1&checkin=2026-08-06&checkout=2026-08-07&dest_id=35575&dest_type=city&group_adults=2&req_adults=2&no_rooms=1&group_children=0&req_children=0&hpos=16&hapos=16&sr_order=popularity&srpvid=3fbf57600a54002b&srepoch=1785760005&all_sr_blocks=1416351201_413322234_2_0_0&highlighted_blocks=1416351201_413322234_2_0_0&matching_block_id=1416351201_413322234_2_0_0&sr_pri_blocks=1416351201_413322234_2_0_0__670000&from=searchresults,6700,6.2,9.0,Lahore,13.8,One-Bedroom Apartment,1 double bed,0,1,1,https://cf.bstatic.com/xdata/images/hotel/square240/691544520.webp?k=1165d263c3878bd3107c112d79efaf39456aaf10b001599d290e8a0ff20557ba&o=,4,Shorkot
Executive suites luxury 1 BHK apartment,https://www.booking.com/hotel/pk/executive-suites-luxury-1-bhk-apartment.en-gb.html?aid=304142&label=gen173nr-10CAQoggJCCmNpdHlfMzU1NzVICVgEaLUBiAEBmAEzuAEHyAEM2AED6AEB-AEBiAIBqAIBuALAkcLTBsACAdICJGZkNjZkNGNmLTNhZGQtNDIyYS04YWIwLTdkZGFkMjg0NzdlMdgCAeACAQ&ucfs=1&arphpl=1&checkin=2026-08-06&checkout=2026-08-07&dest_id=35575&dest_type=city&group_adults=2&req_adults=2&no_rooms=1&group_children=0&req_children=0&hpos=17&hapos=17&sr_order=popularity&srpvid=3fbf57600a54002b&srepoch=1785760005&all_sr_blocks=1613356901_432227697_3_0_0&highlighted_blocks=1613356901_432227697_3_0_0&matching_block_id=1613356901_432227697_3_0_0&sr_pri_blocks=1613356901_432227697_3_0_0__599900&from=searchresults,5999,10,3.0,Lahore,15.0,One-Bedroom Apartment,"2 beds (1 double, 1 sofa bed)",0,1,1,https://cf.bstatic.com/xdata/images/hotel/square240/848837951.webp?k=758e6b84d555e6ddcd8f44a3e9a599882c3b1b4b0713ee6815b2d629273b6692&o=,4,Shorkot
"Luxury 1BR Haven, Self Check-In, Bahria Town",https://www.booking.com/hotel/pk/luxury-1br-haven-self-check-in-bahria-town.en-gb.html?aid=304142&label=gen173nr-10CAQoggJCCmNpdHlfMzU1NzVICVgEaLUBiAEBmAEzuAEHyAEM2AED6AEB-AEBiAIBqAIBuALAkcLTBsACAdICJGZkNjZkNGNmLTNhZGQtNDIyYS04YWIwLTdkZGFkMjg0NzdlMdgCAeACAQ&ucfs=1&arphpl=1&checkin=2026-08-06&checkout=2026-08-07&dest_id=35575&dest_type=city&group_adults=2&req_adults=2&no_rooms=1&group_children=0&req_children=0&hpos=18&hapos=18&sr_order=popularity&srpvid=3fbf57600a54002b&srepoch=1785760005&all_sr_blocks=1667747701_438595305_3_0_0&highlighted_blocks=1667747701_438595305_3_0_0&matching_block_id=1667747701_438595305_3_0_0&sr_pri_blocks=1667747701_438595305_3_0_0__810000&from=searchresults,8100,,,Lahore,14.3,One-Bedroom Apartment,1 extra-large double bed,0,1,1,https://cf.bstatic.com/xdata/images/hotel/square240/883404394.webp?k=0f9bafa1c0e26af422cdf880e00f4598fa50df28c52b1d292249a4a07233cf76&o=,5,Shorkot
Commercial Plaza,https://www.booking.com/hotel/pk/commercial-plaza.en-gb.html?aid=304142&label=gen173nr-10CAQoggJCCmNpdHlfMzU1NzVICVgEaLUBiAEBmAEzuAEHyAEM2AED6AEB-AEBiAIBqAIBuALAkcLTBsACAdICJGZkNjZkNGNmLTNhZGQtNDIyYS04YWIwLTdkZGFkMjg0NzdlMdgCAeACAQ&ucfs=1&arphpl=1&checkin=2026-08-06&checkout=2026-08-07&dest_id=35575&dest_type=city&group_adults=2&req_adults=2&no_rooms=1&group_children=0&req_children=0&hpos=19&hapos=19&sr_order=popularity&srpvid=3fbf57600a54002b&srepoch=1785760005&all_sr_blocks=1676959701_439414406_4_0_0&highlighted_blocks=1676959701_439414406_4_0_0&matching_block_id=1676959701_439414406_4_0_0&sr_pri_blocks=1676959701_439414406_4_0_0__637500&from=searchresults,6375,10,1.0,Lahore,15.0,One-Bedroom Apartment,"2 beds (1 double, 1 sofa bed)",0,1,1,https://cf.bstatic.com/xdata/images/hotel/square240/889119026.webp?k=41f077c43baba8d06ba9adad7d3c6fe58e0f9f0448ddf0a4f7a10f88a195f116&o=,4,Shorkot
Sky suites,https://www.booking.com/hotel/pk/sky-suites-lahore.en-gb.html?aid=304142&label=gen173nr-10CAQoggJCCmNpdHlfMzU1NzVICVgEaLUBiAEBmAEzuAEHyAEM2AED6AEB-AEBiAIBqAIBuALAkcLTBsACAdICJGZkNjZkNGNmLTNhZGQtNDIyYS04YWIwLTdkZGFkMjg0NzdlMdgCAeACAQ&ucfs=1&arphpl=1&checkin=2026-08-06&checkout=2026-08-07&dest_id=35575&dest_type=city&group_adults=2&req_adults=2&no_rooms=1&group_children=0&req_children=0&hpos=20&hapos=20&sr_order=popularity&srpvid=3fbf57600a54002b&srepoch=1785760005&all_sr_blocks=1684716201_440135141_2_0_0&highlighted_blocks=1684716201_440135141_2_0_0&matching_block_id=1684716201_440135141_2_0_0&sr_pri_blocks=1684716201_440135141_2_0_0__595000&from=searchresults,5950,8.0,1.0,Lahore,13.9,One-Bedroom Apartment,"2 beds (1 double, 1 sofa bed)",0,1,1,https://cf.bstatic.com/xdata/images/hotel/square240/892758729.webp?k=917b4f2c001f9dd55d3b16f06474e560dd3aff42bca8cf3f0606c5fbdf7583ac&o=,4,Shorkot
PEACE RESIDENCy,https://www.booking.com/hotel/pk/peace-residency-lahore.en-gb.html?aid=304142&label=gen173nr-10CAQoggJCCmNpdHlfMzU1NzVICVgEaLUBiAEBmAEzuAEHyAEM2AED6AEB-AEBiAIBqAIBuALAkcLTBsACAdICJGZkNjZkNGNmLTNhZGQtNDIyYS04YWIwLTdkZGFkMjg0NzdlMdgCAeACAQ&ucfs=1&arphpl=1&checkin=2026-08-06&checkout=2026-08-07&dest_id=35575&dest_type=city&group_adults=2&req_adults=2&no_rooms=1&group_children=0&req_children=0&hpos=21&hapos=21&sr_order=popularity&srpvid=3fbf57600a54002b&srepoch=1785760005&all_sr_blocks=1528695701_424432123_2_0_0&highlighted_blocks=1528695701_424432123_2_0_0&matching_block_id=1528695701_424432123_2_0_0&sr_pri_blocks=1528695701_424432123_2_0_0__600000&from=searchresults,6000,5.5,2.0,Lahore,14.8,One-Bedroom Apartment,1 double bed,0,1,1,https://cf.bstatic.com/xdata/images/hotel/square240/778226300.webp?k=afcac92f1eddb559013f9415c1c67e48a8c63eeff34cc2c949911e0361e08e7e&o=,4,Shorkot
ONE Bed Luxury Apartment in bahria town,https://www.booking.com/hotel/pk/one-bed-luxury-apartment-in-bahria-town-lahore1.en-gb.html?aid=304142&label=gen173nr-10CAQoggJCCmNpdHlfMzU1NzVICVgEaLUBiAEBmAEzuAEHyAEM2AED6AEB-AEBiAIBqAIBuALAkcLTBsACAdICJGZkNjZkNGNmLTNhZGQtNDIyYS04YWIwLTdkZGFkMjg0NzdlMdgCAeACAQ&ucfs=1&arphpl=1&checkin=2026-08-06&checkout=2026-08-07&dest_id=35575&dest_type=city&group_adults=2&req_adults=2&no_rooms=1&group_children=0&req_children=0&hpos=22&hapos=22&sr_order=popularity&srpvid=3fbf57600a54002b&srepoch=1785760005&all_sr_blocks=1680927001_439856896_1_0_0%2C1680927001_439856896_1_0_0&highlighted_blocks=1680927001_439856896_1_0_0%2C1680927001_439856896_1_0_0&matching_block_id=1680927001_439856896_1_0_0&sr_pri_blocks=1680927001_439856896_1_0_0__467500%2C1680927001_439856896_1_0_0__467500&from=searchresults,9350,,,Lahore,14.9,One-Bedroom Apartment,2 single beds,0,1,1,https://cf.bstatic.com/xdata/images/hotel/square240/891373307.webp?k=2a002cefca0e02766916bf4da8aef7909a5414205b2fea0355395599c748474b&o=,4,Shorkot
One bed apartment in city star residencia,https://www.booking.com/hotel/pk/one-bed-apartment-in-city-star-residencia.en-gb.html?aid=304142&label=gen173nr-10CAQoggJCCmNpdHlfMzU1NzVICVgEaLUBiAEBmAEzuAEHyAEM2AED6AEB-AEBiAIBqAIBuALAkcLTBsACAdICJGZkNjZkNGNmLTNhZGQtNDIyYS04YWIwLTdkZGFkMjg0NzdlMdgCAeACAQ&ucfs=1&arphpl=1&checkin=2026-08-06&checkout=2026-08-07&dest_id=35575&dest_type=city&group_adults=2&req_adults=2&no_rooms=1&group_children=0&req_children=0&hpos=23&hapos=23&sr_order=popularity&srpvid=3fbf57600a54002b&srepoch=1785760005&all_sr_blocks=1673397801_439101177_2_0_0&highlighted_blocks=1673397801_439101177_2_0_0&matching_block_id=1673397801_439101177_2_0_0&sr_pri_blocks=1673397801_439101177_2_0_0__510000&from=searchresults,5100,8.0,1.0,Lahore,14.9,One-Bedroom Apartment,"2 beds (1 double, 1 sofa bed)",0,1,1,https://cf.bstatic.com/xdata/images/hotel/square240/894360557.webp?k=879d373f5c82e873c43bd8bf8b389ed501e2542be025fda963e710cd2a3ccee5&o=,4,Shorkot
Bahria Eiffel View Apartment,https://www.booking.com/hotel/pk/bahria-luxury-apartments-lahore1.en-gb.html?aid=304142&label=gen173nr-10CAQoggJCCmNpdHlfMzU1NzVICVgEaLUBiAEBmAEzuAEHyAEM2AED6AEB-AEBiAIBqAIBuALAkcLTBsACAdICJGZkNjZkNGNmLTNhZGQtNDIyYS04YWIwLTdkZGFkMjg0NzdlMdgCAeACAQ&ucfs=1&arphpl=1&checkin=2026-08-06&checkout=2026-08-07&dest_id=35575&dest_type=city&group_adults=2&req_adults=2&no_rooms=1&group_children=0&req_children=0&hpos=24&hapos=24&sr_order=popularity&srpvid=3fbf57600a54002b&srepoch=1785760005&all_sr_blocks=1547454001_425990238_2_0_0&highlighted_blocks=1547454001_425990238_2_0_0&matching_block_id=1547454001_425990238_2_0_0&sr_pri_blocks=1547454001_425990238_2_0_0__756000&from=searchresults,7560,5.0,6.0,Lahore,14.8,Deluxe One-Bedroom Apartment,"2 beds (1 sofa bed, 1 large double)",0,1,1,https://cf.bstatic.com/xdata/images/hotel/square240/858336396.webp?k=536460a0c117353b3409de901a08049f94498f1d79741fec62ed80a295b28ec9&o=,4,Shorkot
Bahria Cozy Apartment Fast Wi-Fi,https://www.booking.com/hotel/pk/modern-era-apartment-1bhk-with-magical-lights-in-bahria-town-lahore.en-gb.html?aid=304142&label=gen173nr-10CAQoggJCCmNpdHlfMzU1NzVICVgEaLUBiAEBmAEzuAEHyAEM2AED6AEB-AEBiAIBqAIBuALAkcLTBsACAdICJGZkNjZkNGNmLTNhZGQtNDIyYS04YWIwLTdkZGFkMjg0NzdlMdgCAeACAQ&ucfs=1&arphpl=1&checkin=2026-08-06&checkout=2026-08-07&dest_id=35575&dest_type=city&group_adults=2&req_adults=2&no_rooms=1&group_children=0&req_children=0&hpos=25&hapos=25&sr_order=popularity&srpvid=3fbf57600a54002b&srepoch=1785760005&all_sr_blocks=1547128001_425963557_2_0_0_1404874&highlighted_blocks=1547128001_425963557_2_0_0_1404874&matching_block_id=1547128001_425963557_2_0_0_1404874&sr_pri_blocks=1547128001_425963557_2_0_0_1404874_640000&from=searchresults,6400,8.8,48.0,Lahore,14.1,Deluxe One-Bedroom Apartment,1 double bed,0,1,1,https://cf.bstatic.com/xdata/images/hotel/square240/851771582.webp?k=a9ae1e60148dad53385efafb539b8cbd40705da5f25b6d63d600932f227930dd&o=,13,Shorkot
Apartment on Rent,https://www.booking.com/hotel/pk/apartment-on-rent-lahore.en-gb.html?aid=304142&label=gen173nr-10CAQoggJCCmNpdHlfMzU1NzVICVgEaLUBiAEBmAEzuAEHyAEM2AED6AEB-AEBiAIBqAIBuALAkcLTBsACAdICJGZkNjZkNGNmLTNhZGQtNDIyYS04YWIwLTdkZGFkMjg0NzdlMdgCAeACAQ&ucfs=1&arphpl=1&checkin=2026-08-06&checkout=2026-08-07&dest_id=35575&dest_type=city&group_adults=2&req_adults=2&no_rooms=1&group_children=0&req_children=0&hpos=1&hapos=26&sr_order=popularity&srpvid=3fbf57600a54002b&srepoch=1785759949&all_sr_blocks=1696208101_441299979_3_0_0&highlighted_blocks=1696208101_441299979_3_0_0&matching_block_id=1696208101_441299979_3_0_0&sr_pri_blocks=1696208101_441299979_3_0_0__544000&from=searchresults,5440,10,1.0,Lahore,14.7,One-Bedroom Apartment,"2 beds (1 double, 1 sofa bed)",0,1,1,https://cf.bstatic.com/xdata/images/hotel/square240/900276637.webp?k=9c53de918bf6de0d72f764ddd534783d1972cbeb7d4440d7edbd9bbdf2aa0c3f&o=,5,Shorkot
The Heritage Haven Vintage & Spacious 2BHK in Bahria Town,https://www.booking.com/hotel/pk/the-heritage-haven-vintage-amp-spacious-2bhk-in-bahria-town.en-gb.html?aid=304142&label=gen173nr-10CAQoggJCCmNpdHlfMzU1NzVICVgEaLUBiAEBmAEzuAEHyAEM2AED6AEB-AEBiAIBqAIBuALAkcLTBsACAdICJGZkNjZkNGNmLTNhZGQtNDIyYS04YWIwLTdkZGFkMjg0NzdlMdgCAeACAQ&ucfs=1&arphpl=1&checkin=2026-08-06&checkout=2026-08-07&dest_id=35575&dest_type=city&group_adults=2&req_adults=2&no_rooms=1&group_children=0&req_children=0&hpos=2&hapos=27&sr_order=popularity&srpvid=3fbf57600a54002b&srepoch=1785759949&all_sr_blocks=1669713801_438773469_6_0_0&highlighted_blocks=1669713801_438773469_6_0_0&matching_block_id=1669713801_438773469_6_0_0&sr_pri_blocks=1669713801_438773469_6_0_0__1105000&from=searchresults,11050,8.0,1.0,Lahore,14.8,Three-Bedroom Apartment,"3 beds (1 single, 1 sofa bed, 1 large double)",0,1,1,https://cf.bstatic.com/xdata/images/hotel/square240/885240063.webp?k=8173a3a7a2cba00878f0d2a09fd3fcb0c04cd37377bee6723112733db6e84d1e&o=,4,Shorkot
Luxury 1Bed perfect for Family and Business stays and vacations in Bahria Town,https://www.booking.com/hotel/pk/luxury-1bed-for-perfect-for-family-and-business-stays-and-vacations-in-bahria-to.en-gb.html?aid=304142&label=gen173nr-10CAQoggJCCmNpdHlfMzU1NzVICVgEaLUBiAEBmAEzuAEHyAEM2AED6AEB-AEBiAIBqAIBuALAkcLTBsACAdICJGZkNjZkNGNmLTNhZGQtNDIyYS04YWIwLTdkZGFkMjg0NzdlMdgCAeACAQ&ucfs=1&arphpl=1&checkin=2026-08-06&checkout=2026-08-07&dest_id=35575&dest_type=city&group_adults=2&req_adults=2&no_rooms=1&group_children=0&req_children=0&hpos=3&hapos=28&sr_order=popularity&srpvid=3fbf57600a54002b&srepoch=1785759949&all_sr_blocks=1636686701_434040378_4_0_0&highlighted_blocks=1636686701_434040378_4_0_0&matching_block_id=1636686701_434040378_4_0_0&sr_pri_blocks=1636686701_434040378_4_0_0__1000000&from=searchresults,10000,10,1.0,Lahore,14.8,One-Bedroom Apartment,"3 beds (2 sofa beds, 1 large double)",0,1,1,https://cf.bstatic.com/xdata/images/hotel/square240/864943519.webp?k=2785391628be7a178692b49484a703ec0516116cb052c3aa4c189b892e286fab&o=,4,Shorkot
Luxury Suites Bahira Town Lahore,https://www.booking.com/hotel/pk/luxury-suites-bahira-town-lahore.en-gb.html?aid=304142&label=gen173nr-10CAQoggJCCmNpdHlfMzU1NzVICVgEaLUBiAEBmAEzuAEHyAEM2AED6AEB-AEBiAIBqAIBuALAkcLTBsACAdICJGZkNjZkNGNmLTNhZGQtNDIyYS04YWIwLTdkZGFkMjg0NzdlMdgCAeACAQ&ucfs=1&arphpl=1&checkin=2026-08-06&checkout=2026-08-07&dest_id=35575&dest_type=city&group_adults=2&req_adults=2&no_rooms=1&group_children=0&req_children=0&hpos=4&hapos=29&sr_order=popularity&srpvid=3fbf57600a54002b&srepoch=1785759949&all_sr_blocks=1512203103_422967219_1_0_0%2C1512203103_422967219_1_0_0&highlighted_blocks=1512203103_422967219_1_0_0%2C1512203103_422967219_1_0_0&matching_block_id=1512203103_422967219_1_0_0&sr_pri_blocks=1512203103_422967219_1_0_0__700000%2C1512203103_422967219_1_0_0__700000&from=searchresults,14000,7.3,3.0,Lahore,14.1,Deluxe One-Bedroom Apartment,"4 beds (2 extra-large doubles, 2 sofa beds)",0,1,1,https://cf.bstatic.com/xdata/images/hotel/square240/814208393.webp?k=c39dcf4a1f27c552222158afe505c7d7909503e212ab91bfa74eacfb9b42b9b4&o=,4,Shorkot
CityScape Apartment,https://www.booking.com/hotel/pk/lahore-apartment-lahore.en-gb.html?aid=304142&label=gen173nr-10CAQoggJCCmNpdHlfMzU1NzVICVgEaLUBiAEBmAEzuAEHyAEM2AED6AEB-AEBiAIBqAIBuALAkcLTBsACAdICJGZkNjZkNGNmLTNhZGQtNDIyYS04YWIwLTdkZGFkMjg0NzdlMdgCAeACAQ&ucfs=1&arphpl=1&checkin=2026-08-06&checkout=2026-08-07&dest_id=35575&dest_type=city&group_adults=2&req_adults=2&no_rooms=1&group_children=0&req_children=0&hpos=5&hapos=30&sr_order=popularity&srpvid=3fbf57600a54002b&srepoch=1785759949&all_sr_blocks=1589906001_430088669_3_0_0&highlighted_blocks=1589906001_430088669_3_0_0&matching_block_id=1589906001_430088669_3_0_0&sr_pri_blocks=1589906001_430088669_3_0_0__850000&from=searchresults,8500,5.5,2.0,Lahore,15.0,One-Bedroom Apartment,1 double bed,0,1,1,https://cf.bstatic.com/xdata/images/hotel/square240/832704076.webp?k=5ea96d9bf33cb00fdd7cf59be164a79043d6797c919ad52292720e0e19567c33&o=,4,Shorkot
Brand New Vacation House,https://www.booking.com/hotel/pk/brand-new-vacation-house.en-gb.html?aid=304142&label=gen173nr-10CAQoggJCCmNpdHlfMzU1NzVICVgEaLUBiAEBmAEzuAEHyAEM2AED6AEB-AEBiAIBqAIBuALAkcLTBsACAdICJGZkNjZkNGNmLTNhZGQtNDIyYS04YWIwLTdkZGFkMjg0NzdlMdgCAeACAQ&ucfs=1&arphpl=1&checkin=2026-08-06&checkout=2026-08-07&dest_id=35575&dest_type=city&group_adults=2&req_adults=2&no_rooms=1&group_children=0&req_children=0&hpos=6&hapos=31&sr_order=popularity&srpvid=3fbf57600a54002b&srepoch=1785759949&all_sr_blocks=1537159401_425182461_0_0_0&highlighted_blocks=1537159401_425182461_0_0_0&matching_block_id=1537159401_425182461_0_0_0&sr_pri_blocks=1537159401_425182461_0_0_0__1958121&from=searchresults,19581,8.5,2.0,Lahore,14.4,Three-Bedroom House,"5 beds (3 extra-large doubles, 2 sofa beds)",0,1,1,https://cf.bstatic.com/xdata/images/hotel/square240/785652752.webp?k=5bcabb7dd957226f6c79171fe478be1b01048c57d763ede3fab5dd1a41ea9d0f&o=,4,Shorkot
2BHK Luxury Penthouse Bahria Town Lahore,https://www.booking.com/hotel/pk/2bhk-luxury-penthouse-bahria-town-lahore.en-gb.html?aid=304142&label=gen173nr-10CAQoggJCCmNpdHlfMzU1NzVICVgEaLUBiAEBmAEzuAEHyAEM2AED6AEB-AEBiAIBqAIBuALAkcLTBsACAdICJGZkNjZkNGNmLTNhZGQtNDIyYS04YWIwLTdkZGFkMjg0NzdlMdgCAeACAQ&ucfs=1&arphpl=1&checkin=2026-08-06&checkout=2026-08-07&dest_id=35575&dest_type=city&group_adults=2&req_adults=2&no_rooms=1&group_children=0&req_children=0&hpos=7&hapos=32&sr_order=popularity&srpvid=3fbf57600a54002b&srepoch=1785759949&all_sr_blocks=1686487601_440286188_5_0_0&highlighted_blocks=1686487601_440286188_5_0_0&matching_block_id=1686487601_440286188_5_0_0&sr_pri_blocks=1686487601_440286188_5_0_0__1275000&from=searchresults,12750,,,Lahore,14.9,Two-Bedroom Apartment,1 double bed,0,1,1,https://cf.bstatic.com/xdata/images/hotel/square240/893728093.webp?k=dace71d4acbf0b96f8e12766a7a841ce1addfad83ec09b3ffb9c0cdd8b539542&o=,4,Shorkot
1 Bedroom Family Apartment - Smart TV - Netflix & PlayStation,https://www.booking.com/hotel/pk/1-bedroom-family-apartment-smart-tv-netflix-amp-playstation.en-gb.html?aid=304142&label=gen173nr-10CAQoggJCCmNpdHlfMzU1NzVICVgEaLUBiAEBmAEzuAEHyAEM2AED6AEB-AEBiAIBqAIBuALAkcLTBsACAdICJGZkNjZkNGNmLTNhZGQtNDIyYS04YWIwLTdkZGFkMjg0NzdlMdgCAeACAQ&ucfs=1&arphpl=1&checkin=2026-08-06&checkout=2026-08-07&dest_id=35575&dest_type=city&group_adults=2&req_adults=2&no_rooms=1&group_children=0&req_children=0&hpos=8&hapos=33&sr_order=popularity&srpvid=3fbf57600a54002b&srepoch=1785759949&all_sr_blocks=1668891601_438700110_2_0_0&highlighted_blocks=1668891601_438700110_2_0_0&matching_block_id=1668891601_438700110_2_0_0&sr_pri_blocks=1668891601_438700110_2_0_0__661980&from=searchresults,6620,1.0,1.0,Lahore,14.6,One-Bedroom Apartment,"2 beds (1 double, 1 sofa bed)",0,1,1,https://cf.bstatic.com/xdata/images/hotel/square240/884310396.webp?k=e1125f3d216b3a7f5c9adf4fb3e6a5865db47c9c223db551c4bac2b468f29055&o=,4,Shorkot
Furnished Apartment for Per Day Stay,https://www.booking.com/hotel/pk/furnished-apartment-for-per-day-stay.en-gb.html?aid=304142&label=gen173nr-10CAQoggJCCmNpdHlfMzU1NzVICVgEaLUBiAEBmAEzuAEHyAEM2AED6AEB-AEBiAIBqAIBuALAkcLTBsACAdICJGZkNjZkNGNmLTNhZGQtNDIyYS04YWIwLTdkZGFkMjg0NzdlMdgCAeACAQ&ucfs=1&arphpl=1&checkin=2026-08-06&checkout=2026-08-07&dest_id=35575&dest_type=city&group_adults=2&req_adults=2&no_rooms=1&group_children=0&req_children=0&hpos=9&hapos=34&sr_order=popularity&srpvid=3fbf57600a54002b&srepoch=1785759949&all_sr_blocks=1637891201_434114495_4_0_0&highlighted_blocks=1637891201_434114495_4_0_0&matching_block_id=1637891201_434114495_4_0_0&sr_pri_blocks=1637891201_434114495_4_0_0__500000&from=searchresults,5000,,,Lahore,13.1,One-Bedroom Apartment,"2 beds (1 double, 1 sofa bed)",0,1,1,https://cf.bstatic.com/xdata/images/hotel/square240/865622746.webp?k=f7bfd8b326fc4239a6295546f830ffb0eb0c4c9e17a4e74d0609a41f31dac7e9&o=,4,Shorkot
Luxury Designed 2BHK Prime location Self-CheckIn,https://www.booking.com/hotel/pk/luxury-designed-2bhk-prime-location-self-checkin.en-gb.html?aid=304142&label=gen173nr-10CAQoggJCCmNpdHlfMzU1NzVICVgEaLUBiAEBmAEzuAEHyAEM2AED6AEB-AEBiAIBqAIBuALAkcLTBsACAdICJGZkNjZkNGNmLTNhZGQtNDIyYS04YWIwLTdkZGFkMjg0NzdlMdgCAeACAQ&ucfs=1&arphpl=1&checkin=2026-08-06&checkout=2026-08-07&dest_id=35575&dest_type=city&group_adults=2&req_adults=2&no_rooms=1&group_children=0&req_children=0&hpos=10&hapos=35&sr_order=popularity&srpvid=3fbf57600a54002b&srepoch=1785759949&all_sr_blocks=1651109301_437121733_5_0_0&highlighted_blocks=1651109301_437121733_5_0_0&matching_block_id=1651109301_437121733_5_0_0&sr_pri_blocks=1651109301_437121733_5_0_0__1440000&from=searchresults,14400,,,Lahore,14.8,Two-Bedroom Apartment,"3 beds (1 sofa bed, 2 large doubles)",0,1,1,https://cf.bstatic.com/xdata/images/hotel/square240/872323980.webp?k=51b127e706a02eaa2458dc5e099a6a46f3fdff4e9790868975c6b50e22345323&o=,5,Shorkot
one bed luxury apartment in bahria town sector c,https://www.booking.com/hotel/pk/bahria-town-lahore3.en-gb.html?aid=304142&label=gen173nr-10CAQoggJCCmNpdHlfMzU1NzVICVgEaLUBiAEBmAEzuAEHyAEM2AED6AEB-AEBiAIBqAIBuALAkcLTBsACAdICJGZkNjZkNGNmLTNhZGQtNDIyYS04YWIwLTdkZGFkMjg0NzdlMdgCAeACAQ&ucfs=1&arphpl=1&checkin=2026-08-06&checkout=2026-08-07&dest_id=35575&dest_type=city&group_adults=2&req_adults=2&no_rooms=1&group_children=0&req_children=0&hpos=11&hapos=36&sr_order=popularity&srpvid=3fbf57600a54002b&srepoch=1785759949&all_sr_blocks=1611092501_432021933_2_0_0&highlighted_blocks=1611092501_432021933_2_0_0&matching_block_id=1611092501_432021933_2_0_0&sr_pri_blocks=1611092501_432021933_2_0_0__800000&from=searchresults,8000,6.8,9.0,Lahore,14.8,One-Bedroom Apartment,1 double bed,0,1,1,https://cf.bstatic.com/xdata/images/hotel/square240/848499332.webp?k=93065c00181bb25da17bd13e27a185ef96fe13765a89013fee41de6666e86a57&o=,4,Shorkot
HNC Hight,https://www.booking.com/hotel/pk/hnc-hight.en-gb.html?aid=304142&label=gen173nr-10CAQoggJCCmNpdHlfMzU1NzVICVgEaLUBiAEBmAEzuAEHyAEM2AED6AEB-AEBiAIBqAIBuALAkcLTBsACAdICJGZkNjZkNGNmLTNhZGQtNDIyYS04YWIwLTdkZGFkMjg0NzdlMdgCAeACAQ&ucfs=1&arphpl=1&checkin=2026-08-06&checkout=2026-08-07&dest_id=35575&dest_type=city&group_adults=2&req_adults=2&no_rooms=1&group_children=0&req_children=0&hpos=12&hapos=37&sr_order=popularity&srpvid=3fbf57600a54002b&srepoch=1785759949&all_sr_blocks=1690248001_440665802_2_0_0&highlighted_blocks=1690248001_440665802_2_0_0&matching_block_id=1690248001_440665802_2_0_0&sr_pri_blocks=1690248001_440665802_2_0_0__467500&from=searchresults,4675,1.0,1.0,Lahore,13.7,One-Bedroom Apartment,1 double bed,0,1,1,https://cf.bstatic.com/xdata/images/hotel/square240/896069730.webp?k=18ca7daaa7c3ac00e9bb4c49926883c99dcf83e72f00c8d2b1727c53212778a3&o=,4,Shorkot
Bahria town Lahore Serene Family house,https://www.booking.com/hotel/pk/serene-family-house.en-gb.html?aid=304142&label=gen173nr-10CAQoggJCCmNpdHlfMzU1NzVICVgEaLUBiAEBmAEzuAEHyAEM2AED6AEB-AEBiAIBqAIBuALAkcLTBsACAdICJGZkNjZkNGNmLTNhZGQtNDIyYS04YWIwLTdkZGFkMjg0NzdlMdgCAeACAQ&ucfs=1&arphpl=1&checkin=2026-08-06&checkout=2026-08-07&dest_id=35575&dest_type=city&group_adults=2&req_adults=2&no_rooms=1&group_children=0&req_children=0&hpos=13&hapos=38&sr_order=popularity&srpvid=3fbf57600a54002b&srepoch=1785759949&all_sr_blocks=1519736401_423638547_2_0_0&highlighted_blocks=1519736401_423638547_2_0_0&matching_block_id=1519736401_423638547_2_0_0&sr_pri_blocks=1519736401_423638547_2_0_0__1499500&from=searchresults,14995,,,Lahore,13.9,Two-Bedroom Villa,"4 beds (2 extra-large doubles, 2 sofa beds)",0,1,1,https://cf.bstatic.com/xdata/images/hotel/square240/770768448.webp?k=0ee02df334f88b3fefdeda16a18b6866f78362148f2f1f022d713eacfcd18ee8&o=,12,Shorkot
Cosmo Homes,https://www.booking.com/hotel/pk/cosmo-homes.en-gb.html?aid=304142&label=gen173nr-10CAQoggJCCmNpdHlfMzU1NzVICVgEaLUBiAEBmAEzuAEHyAEM2AED6AEB-AEBiAIBqAIBuALAkcLTBsACAdICJGZkNjZkNGNmLTNhZGQtNDIyYS04YWIwLTdkZGFkMjg0NzdlMdgCAeACAQ&ucfs=1&arphpl=1&checkin=2026-08-06&checkout=2026-08-07&dest_id=35575&dest_type=city&group_adults=2&req_adults=2&no_rooms=1&group_children=0&req_children=0&hpos=14&hapos=39&sr_order=popularity&srpvid=3fbf57600a54002b&srepoch=1785759949&all_sr_blocks=1615006502_432383814_3_0_0&highlighted_blocks=1615006502_432383814_3_0_0&matching_block_id=1615006502_432383814_3_0_0&sr_pri_blocks=1615006502_432383814_3_0_0__499900&from=searchresults,4999,,,Lahore,14.7,One-Bedroom Apartment,"2 beds (1 double, 1 sofa bed)",0,1,1,https://cf.bstatic.com/xdata/images/hotel/square240/850190374.webp?k=e73151f66348e4f474eacda56359e1f1f41b258ed2eb2e4900b047a78d8c338d&o=,4,Shorkot
The Zen Den,https://www.booking.com/hotel/pk/the-zen-den.en-gb.html?aid=304142&label=gen173nr-10CAQoggJCCmNpdHlfMzU1NzVICVgEaLUBiAEBmAEzuAEHyAEM2AED6AEB-AEBiAIBqAIBuALAkcLTBsACAdICJGZkNjZkNGNmLTNhZGQtNDIyYS04YWIwLTdkZGFkMjg0NzdlMdgCAeACAQ&ucfs=1&arphpl=1&checkin=2026-08-06&checkout=2026-08-07&dest_id=35575&dest_type=city&group_adults=2&req_adults=2&no_rooms=1&group_children=0&req_children=0&hpos=15&hapos=40&sr_order=popularity&srpvid=3fbf57600a54002b&srepoch=1785759949&all_sr_blocks=1565743301_427696743_5_0_0&highlighted_blocks=1565743301_427696743_5_0_0&matching_block_id=1565743301_427696743_5_0_0&sr_pri_blocks=1565743301_427696743_5_0_0__1150000&from=searchresults,11500,10,1.0,Lahore,14.5,Two-Bedroom Villa,"2 beds (1 extra-large double, 1 sofa bed)",0,1,1,https://cf.bstatic.com/xdata/images/hotel/square240/809821929.webp?k=891dc88e75b65f7332cb4e382496d3a7025610791b1f3a0c03d80a9254726fcc&o=,4,Shorkot
HNC Residence,https://www.booking.com/hotel/pk/hnc-residence.en-gb.html?aid=304142&label=gen173nr-10CAQoggJCCmNpdHlfMzU1NzVICVgEaLUBiAEBmAEzuAEHyAEM2AED6AEB-AEBiAIBqAIBuALAkcLTBsACAdICJGZkNjZkNGNmLTNhZGQtNDIyYS04YWIwLTdkZGFkMjg0NzdlMdgCAeACAQ&ucfs=1&arphpl=1&checkin=2026-08-06&checkout=2026-08-07&dest_id=35575&dest_type=city&group_adults=2&req_adults=2&no_rooms=1&group_children=0&req_children=0&hpos=16&hapos=41&sr_order=popularity&srpvid=3fbf57600a54002b&srepoch=1785759949&all_sr_blocks=1672142701_438981559_2_0_0&highlighted_blocks=1672142701_438981559_2_0_0&matching_block_id=1672142701_438981559_2_0_0&sr_pri_blocks=1672142701_438981559_2_0_0__701257&from=searchresults,7013,,,Lahore,13.9,One-Bedroom Apartment,1 double bed,0,1,1,https://cf.bstatic.com/xdata/images/hotel/square240/886547715.webp?k=68c740991813de81c721641ca95e03957a76917f696745987eb4a44f9eff4bd0&o=,4,Shorkot
Cozy Stay Apartment on Prime Location,https://www.booking.com/hotel/pk/cozy-stay-apartment-on-prime-location.en-gb.html?aid=304142&label=gen173nr-10CAQoggJCCmNpdHlfMzU1NzVICVgEaLUBiAEBmAEzuAEHyAEM2AED6AEB-AEBiAIBqAIBuALAkcLTBsACAdICJGZkNjZkNGNmLTNhZGQtNDIyYS04YWIwLTdkZGFkMjg0NzdlMdgCAeACAQ&ucfs=1&arphpl=1&checkin=2026-08-06&checkout=2026-08-07&dest_id=35575&dest_type=city&group_adults=2&req_adults=2&no_rooms=1&group_children=0&req_children=0&hpos=17&hapos=42&sr_order=popularity&srpvid=3fbf57600a54002b&srepoch=1785759949&all_sr_blocks=1562991801_427387628_2_0_0&highlighted_blocks=1562991801_427387628_2_0_0&matching_block_id=1562991801_427387628_2_0_0&sr_pri_blocks=1562991801_427387628_2_0_0__790500&from=searchresults,7905,,,Lahore,14.9,One-Bedroom Apartment,"2 beds (1 double, 1 sofa bed)",0,1,1,https://cf.bstatic.com/xdata/images/hotel/square240/807674787.webp?k=7ec9cbfc1d1a26ac356196b67d7f3152f59b1d127aaeeda8b804d2a16dd41aee&o=,4,Shorkot
"1 luxury bedroom apartment in Bahria Town Lahore ,self check-in, AC , Free WIFI",https://www.booking.com/hotel/pk/1-bedroom-apartment-lahore5.en-gb.html?aid=304142&label=gen173nr-10CAQoggJCCmNpdHlfMzU1NzVICVgEaLUBiAEBmAEzuAEHyAEM2AED6AEB-AEBiAIBqAIBuALAkcLTBsACAdICJGZkNjZkNGNmLTNhZGQtNDIyYS04YWIwLTdkZGFkMjg0NzdlMdgCAeACAQ&ucfs=1&arphpl=1&checkin=2026-08-06&checkout=2026-08-07&dest_id=35575&dest_type=city&group_adults=2&req_adults=2&no_rooms=1&group_children=0&req_children=0&hpos=18&hapos=43&sr_order=popularity&srpvid=3fbf57600a54002b&srepoch=1785759949&all_sr_blocks=1611264601_432041334_2_0_0&highlighted_blocks=1611264601_432041334_2_0_0&matching_block_id=1611264601_432041334_2_0_0&sr_pri_blocks=1611264601_432041334_2_0_0__650000&from=searchresults,6500,,,Lahore,14.9,One-Bedroom Apartment,"2 beds (1 double, 1 sofa bed)",0,1,1,https://cf.bstatic.com/xdata/images/hotel/square240/848854570.webp?k=d512c082a8a1dcad28290f2067acffe6de62168c7017ff4522da0d036ea4f6dd&o=,4,Shorkot
Regal Apartments,https://www.booking.com/hotel/pk/regal-apartments.en-gb.html?aid=304142&label=gen173nr-10CAQoggJCCmNpdHlfMzU1NzVICVgEaLUBiAEBmAEzuAEHyAEM2AED6AEB-AEBiAIBqAIBuALAkcLTBsACAdICJGZkNjZkNGNmLTNhZGQtNDIyYS04YWIwLTdkZGFkMjg0NzdlMdgCAeACAQ&ucfs=1&arphpl=1&checkin=2026-08-06&checkout=2026-08-07&dest_id=35575&dest_type=city&group_adults=2&req_adults=2&no_rooms=1&group_children=0&req_children=0&hpos=19&hapos=44&sr_order=popularity&srpvid=3fbf57600a54002b&srepoch=1785759949&all_sr_blocks=1661139101_438000751_2_0_0&highlighted_blocks=1661139101_438000751_2_0_0&matching_block_id=1661139101_438000751_2_0_0&sr_pri_blocks=1661139101_438000751_2_0_0__600000&from=searchresults,6000,,,Lahore,14.9,One-Bedroom Apartment with Balcony and City View,"2 beds (1 sofa bed, 1 large double)",0,1,1,https://cf.bstatic.com/xdata/images/hotel/square240/879760491.webp?k=6fbba7e1dca33da7dfb40cc1b404d219aaf91b04c7d46219ede789e6e6301061&o=,4,Shorkot
Innova Residencia,https://www.booking.com/hotel/pk/innova-residencia-lahore.en-gb.html?aid=304142&label=gen173nr-10CAQoggJCCmNpdHlfMzU1NzVICVgEaLUBiAEBmAEzuAEHyAEM2AED6AEB-AEBiAIBqAIBuALAkcLTBsACAdICJGZkNjZkNGNmLTNhZGQtNDIyYS04YWIwLTdkZGFkMjg0NzdlMdgCAeACAQ&ucfs=1&arphpl=1&checkin=2026-08-06&checkout=2026-08-07&dest_id=35575&dest_type=city&group_adults=2&req_adults=2&no_rooms=1&group_children=0&req_children=0&hpos=20&hapos=45&sr_order=popularity&srpvid=3fbf57600a54002b&srepoch=1785759949&all_sr_blocks=1667592201_438581329_6_0_0&highlighted_blocks=1667592201_438581329_6_0_0&matching_block_id=1667592201_438581329_6_0_0&sr_pri_blocks=1667592201_438581329_6_0_0__1487500&from=searchresults,14875,,,Lahore,14.8,Two-Bedroom Apartment,2 double beds,0,1,1,https://cf.bstatic.com/xdata/images/hotel/square240/883324321.webp?k=56e70f70f4aa8a918f2e655f32cc8210658db8661f619b29f939253a2b7ff9ae&o=,4,Shorkot
Raskoh Apartment,https://www.booking.com/hotel/pk/raskoh-apartment.en-gb.html?aid=304142&label=gen173nr-10CAQoggJCCmNpdHlfMzU1NzVICVgEaLUBiAEBmAEzuAEHyAEM2AED6AEB-AEBiAIBqAIBuALAkcLTBsACAdICJGZkNjZkNGNmLTNhZGQtNDIyYS04YWIwLTdkZGFkMjg0NzdlMdgCAeACAQ&ucfs=1&arphpl=1&checkin=2026-08-06&checkout=2026-08-07&dest_id=35575&dest_type=city&group_adults=2&req_adults=2&no_rooms=1&group_children=0&req_children=0&hpos=21&hapos=46&sr_order=popularity&srpvid=3fbf57600a54002b&srepoch=1785759949&all_sr_blocks=1564487501_427549896_3_0_0&highlighted_blocks=1564487501_427549896_3_0_0&matching_block_id=1564487501_427549896_3_0_0&sr_pri_blocks=1564487501_427549896_3_0_0__800000&from=searchresults,8000,,,Lahore,14.9,One-Bedroom Apartment,"2 beds (1 double, 1 sofa bed)",0,1,1,https://cf.bstatic.com/xdata/images/hotel/square240/808974652.webp?k=c363ef71f5c7c3e5701066fe44ad4b5221006b2f408f187b732647a2044717ea&o=,4,Shorkot
Diamounts Premium living 03,https://www.booking.com/hotel/pk/diamounts-premium-living-03.en-gb.html?aid=304142&label=gen173nr-10CAQoggJCCmNpdHlfMzU1NzVICVgEaLUBiAEBmAEzuAEHyAEM2AED6AEB-AEBiAIBqAIBuALAkcLTBsACAdICJGZkNjZkNGNmLTNhZGQtNDIyYS04YWIwLTdkZGFkMjg0NzdlMdgCAeACAQ&ucfs=1&arphpl=1&checkin=2026-08-06&checkout=2026-08-07&dest_id=35575&dest_type=city&group_adults=2&req_adults=2&no_rooms=1&group_children=0&req_children=0&hpos=22&hapos=47&sr_order=popularity&srpvid=3fbf57600a54002b&srepoch=1785759949&all_sr_blocks=1680516301_439810003_2_0_0&highlighted_blocks=1680516301_439810003_2_0_0&matching_block_id=1680516301_439810003_2_0_0&sr_pri_blocks=1680516301_439810003_2_0_0__670280&from=searchresults,6703,,,Lahore,14.3,One-Bedroom Apartment,1 double bed,0,1,1,https://cf.bstatic.com/xdata/images/hotel/square240/891820802.webp?k=012fb502d3a0ace538eb9c52c7283bd3c19ed2fb87c17fc4f37905c96b1ffd9d&o=,5,Shorkot
1 Bed Apartment near Eiffel tower,https://www.booking.com/hotel/pk/1-bed-apartment-near-eiffel-tower.en-gb.html?aid=304142&label=gen173nr-10CAQoggJCCmNpdHlfMzU1NzVICVgEaLUBiAEBmAEzuAEHyAEM2AED6AEB-AEBiAIBqAIBuALAkcLTBsACAdICJGZkNjZkNGNmLTNhZGQtNDIyYS04YWIwLTdkZGFkMjg0NzdlMdgCAeACAQ&ucfs=1&arphpl=1&checkin=2026-08-06&checkout=2026-08-07&dest_id=35575&dest_type=city&group_adults=2&req_adults=2&no_rooms=1&group_children=0&req_children=0&hpos=23&hapos=48&sr_order=popularity&srpvid=3fbf57600a54002b&srepoch=1785759949&all_sr_blocks=1605051901_431435597_0_0_0&highlighted_blocks=1605051901_431435597_0_0_0&matching_block_id=1605051901_431435597_0_0_0&sr_pri_blocks=1605051901_431435597_0_0_0__858500&from=searchresults,8585,5.5,2.0,Lahore,14.3,One-Bedroom Apartment,1 double bed,0,1,1,https://cf.bstatic.com/xdata/images/hotel/square240/841820243.webp?k=88cec7daf387b79e0454c08da3306f300c432aaea250d09e5c5b3528472b265c&o=,4,Shorkot
Stayora Apartments,https://www.booking.com/hotel/pk/stayora-apartments.en-gb.html?aid=304142&label=gen173nr-10CAQoggJCCmNpdHlfMzU1NzVICVgEaLUBiAEBmAEzuAEHyAEM2AED6AEB-AEBiAIBqAIBuALAkcLTBsACAdICJGZkNjZkNGNmLTNhZGQtNDIyYS04YWIwLTdkZGFkMjg0NzdlMdgCAeACAQ&ucfs=1&arphpl=1&checkin=2026-08-06&checkout=2026-08-07&dest_id=35575&dest_type=city&group_adults=2&req_adults=2&no_rooms=1&group_children=0&req_children=0&hpos=24&hapos=49&sr_order=popularity&srpvid=3fbf57600a54002b&srepoch=1785759949&all_sr_blocks=1644730201_434564133_2_0_0&highlighted_blocks=1644730201_434564133_2_0_0&matching_block_id=1644730201_434564133_2_0_0&sr_pri_blocks=1644730201_434564133_2_0_0__850000&from=searchresults,8500,,,Lahore,14.8,One-Bedroom Apartment,"2 beds (1 double, 1 sofa bed)",0,1,1,https://cf.bstatic.com/xdata/images/hotel/square240/869268319.webp?k=2e413116f5de6837a5cce8f7597812c59b243f21d7142ea988659413010f6254&o=,5,Shorkot
Elevated Escapes,https://www.booking.com/hotel/pk/elevated-escapes.en-gb.html?aid=304142&label=gen173nr-10CAQoggJCCmNpdHlfMzU1NzVICVgEaLUBiAEBmAEzuAEHyAEM2AED6AEB-AEBiAIBqAIBuALAkcLTBsACAdICJGZkNjZkNGNmLTNhZGQtNDIyYS04YWIwLTdkZGFkMjg0NzdlMdgCAeACAQ&ucfs=1&arphpl=1&checkin=2026-08-06&checkout=2026-08-07&dest_id=35575&dest_type=city&group_adults=2&req_adults=2&no_rooms=1&group_children=0&req_children=0&hpos=25&hapos=50&sr_order=popularity&srpvid=3fbf57600a54002b&srepoch=1785759949&all_sr_blocks=1664011802_438265562_2_0_0&highlighted_blocks=1664011802_438265562_2_0_0&matching_block_id=1664011802_438265562_2_0_0&sr_pri_blocks=1664011802_438265562_2_0_0__643500&from=searchresults,6435,1.0,1.0,Lahore,14.4,One-Bedroom Apartment,"2 beds (1 sofa bed, 1 large double)",0,1,1,https://cf.bstatic.com/xdata/images/hotel/square240/881340881.webp?k=b4245305d17f1de6126f59710d91bd84034a1db001373f23cbfd79abf6aedca8&o=,4,Shorkot
Diamounts 03,https://www.booking.com/hotel/pk/diamounts-03.en-gb.html?aid=304142&label=gen173nr-10CAQoggJCCmNpdHlfMzU1NzVICVgEaLUBiAEBmAEzuAEHyAEM2AED6AEB-AEBiAIBqAIBuALAkcLTBsACAdICJGZkNjZkNGNmLTNhZGQtNDIyYS04YWIwLTdkZGFkMjg0NzdlMdgCAeACAQ&ucfs=1&arphpl=1&checkin=2026-08-06&checkout=2026-08-07&dest_id=35575&dest_type=city&group_adults=2&req_adults=2&no_rooms=1&group_children=0&req_children=0&hpos=1&hapos=51&sr_order=popularity&srpvid=3fbf57600a54002b&srepoch=1785759950&all_sr_blocks=1687838401_440446657_2_0_0&highlighted_blocks=1687838401_440446657_2_0_0&matching_block_id=1687838401_440446657_2_0_0&sr_pri_blocks=1687838401_440446657_2_0_0__807500&from=searchresults,8075,,,Lahore,14.3,One-Bedroom Apartment,1 double bed,0,1,1,https://cf.bstatic.com/xdata/images/hotel/square240/894431908.webp?k=d1eb7a0e8ce14adb72d0a4da1e189de3cc15bc4eea8b53b925b7132b36896944&o=,4,Shorkot
Luxury 3BR House in Bahria Town Lahore,https://www.booking.com/hotel/pk/luxury-3br-house-in-bahria-town-lahore.en-gb.html?aid=304142&label=gen173nr-10CAQoggJCCmNpdHlfMzU1NzVICVgEaLUBiAEBmAEzuAEHyAEM2AED6AEB-AEBiAIBqAIBuALAkcLTBsACAdICJGZkNjZkNGNmLTNhZGQtNDIyYS04YWIwLTdkZGFkMjg0NzdlMdgCAeACAQ&ucfs=1&arphpl=1&checkin=2026-08-06&checkout=2026-08-07&dest_id=35575&dest_type=city&group_adults=2&req_adults=2&no_rooms=1&group_children=0&req_children=0&hpos=2&hapos=52&sr_order=popularity&srpvid=3fbf57600a54002b&srepoch=1785759950&all_sr_blocks=1601506501_431099342_6_0_0&highlighted_blocks=1601506501_431099342_6_0_0&matching_block_id=1601506501_431099342_6_0_0&sr_pri_blocks=1601506501_431099342_6_0_0__4500000&from=searchresults,45000,,,Lahore,13.1,Two-Bedroom House,"5 beds (2 doubles, 1 extra-large double, 1 sofa bed, 1 large double)",0,1,1,https://cf.bstatic.com/xdata/images/hotel/square240/838801913.webp?k=f4d3d1b9ab6ea217dd98c39a7260fe68c29b790f1a33a60333072ba335ea7e74&o=,4,Shorkot
The Royal Residence And Hotel Apartments,https://www.booking.com/hotel/pk/the-royal-residence-apartments.en-gb.html?aid=304142&label=gen173nr-10CAQoggJCCmNpdHlfMzU1NzVICVgEaLUBiAEBmAEzuAEHyAEM2AED6AEB-AEBiAIBqAIBuALAkcLTBsACAdICJGZkNjZkNGNmLTNhZGQtNDIyYS04YWIwLTdkZGFkMjg0NzdlMdgCAeACAQ&ucfs=1&arphpl=1&checkin=2026-08-06&checkout=2026-08-07&dest_id=35575&dest_type=city&group_adults=2&req_adults=2&no_rooms=1&group_children=0&req_children=0&hpos=3&hapos=53&sr_order=popularity&srpvid=3fbf57600a54002b&srepoch=1785759950&all_sr_blocks=1658667001_437780843_2_0_0&highlighted_blocks=1658667001_437780843_2_0_0&matching_block_id=1658667001_437780843_2_0_0&sr_pri_blocks=1658667001_437780843_2_0_0__554400&from=searchresults,5544,10,1.0,Lahore,14.8,One-Bedroom Apartment with City View,"2 beds (1 double, 1 sofa bed)",0,1,1,https://cf.bstatic.com/xdata/images/hotel/square240/902590016.webp?k=fd9a2026cbee8d201ece33989110111c6a1dd7ddd01aa9bc2101738505aed7a5&o=,5,Shorkot
Luxury 3 Bed Flat in Bahria Town Lahore,https://www.booking.com/hotel/pk/luxury-3-bed-flat-in-bahria-town-lahore.en-gb.html?aid=304142&label=gen173nr-10CAQoggJCCmNpdHlfMzU1NzVICVgEaLUBiAEBmAEzuAEHyAEM2AED6AEB-AEBiAIBqAIBuALAkcLTBsACAdICJGZkNjZkNGNmLTNhZGQtNDIyYS04YWIwLTdkZGFkMjg0NzdlMdgCAeACAQ&ucfs=1&arphpl=1&checkin=2026-08-06&checkout=2026-08-07&dest_id=35575&dest_type=city&group_adults=2&req_adults=2&no_rooms=1&group_children=0&req_children=0&hpos=4&hapos=54&sr_order=popularity&srpvid=3fbf57600a54002b&srepoch=1785759950&all_sr_blocks=1689807101_440618287_3_1_0&highlighted_blocks=1689807101_440618287_3_1_0&matching_block_id=1689807101_440618287_3_1_0&sr_pri_blocks=1689807101_440618287_3_1_0__1530000&from=searchresults,15300,,,Lahore,13.4,Three-Bedroom Apartment,"5 beds (2 singles, 1 extra-large double, 2 sofa beds)",1,1,1,https://cf.bstatic.com/xdata/images/hotel/square240/895606385.webp?k=04d49b6f80083b3d4d931ec40ac0c78cd515848e5f3be3dacd419c5548907d3f&o=,5,Shorkot
Royal Stays,https://www.booking.com/hotel/pk/royal-stays-lahore1.en-gb.html?aid=304142&label=gen173nr-10CAQoggJCCmNpdHlfMzU1NzVICVgEaLUBiAEBmAEzuAEHyAEM2AED6AEB-AEBiAIBqAIBuALAkcLTBsACAdICJGZkNjZkNGNmLTNhZGQtNDIyYS04YWIwLTdkZGFkMjg0NzdlMdgCAeACAQ&ucfs=1&arphpl=1&checkin=2026-08-06&checkout=2026-08-07&dest_id=35575&dest_type=city&group_adults=2&req_adults=2&no_rooms=1&group_children=0&req_children=0&hpos=5&hapos=55&sr_order=popularity&srpvid=3fbf57600a54002b&srepoch=1785759950&all_sr_blocks=1614728601_432352736_3_0_0&highlighted_blocks=1614728601_432352736_3_0_0&matching_block_id=1614728601_432352736_3_0_0&sr_pri_blocks=1614728601_432352736_3_0_0__1000000&from=searchresults,10000,,,Lahore,13.7,One-Bedroom Apartment,"2 beds (1 double, 1 sofa bed)",0,1,1,https://cf.bstatic.com/xdata/images/hotel/square240/849783507.webp?k=33cf4b46f383f215433524d0d1c15cfb61e851cc69e394b6a33c7ee9168c1cd7&o=,4,Shorkot
Peace Apartment,https://www.booking.com/hotel/pk/peace-apartment-lahore.en-gb.html?aid=304142&label=gen173nr-10CAQoggJCCmNpdHlfMzU1NzVICVgEaLUBiAEBmAEzuAEHyAEM2AED6AEB-AEBiAIBqAIBuALAkcLTBsACAdICJGZkNjZkNGNmLTNhZGQtNDIyYS04YWIwLTdkZGFkMjg0NzdlMdgCAeACAQ&ucfs=1&arphpl=1&checkin=2026-08-06&checkout=2026-08-07&dest_id=35575&dest_type=city&group_adults=2&req_adults=2&no_rooms=1&group_children=0&req_children=0&hpos=6&hapos=56&sr_order=popularity&srpvid=3fbf57600a54002b&srepoch=1785759950&all_sr_blocks=1696455701_441331877_5_0_0&highlighted_blocks=1696455701_441331877_5_0_0&matching_block_id=1696455701_441331877_5_0_0&sr_pri_blocks=1696455701_441331877_5_0_0__807500&from=searchresults,8075,,,Lahore,14.6,Two-Bedroom Apartment,"3 beds (2 doubles, 1 sofa bed)",0,1,1,https://cf.bstatic.com/xdata/images/hotel/square240/900498285.webp?k=f24c65bda2f9c2f06a1f8c4397eb9ad335d0c142a298cc772b23e18b7ec49172&o=,4,Shorkot
Innova Residencia,https://www.booking.com/hotel/pk/innova-residencia.en-gb.html?aid=304142&label=gen173nr-10CAQoggJCCmNpdHlfMzU1NzVICVgEaLUBiAEBmAEzuAEHyAEM2AED6AEB-AEBiAIBqAIBuALAkcLTBsACAdICJGZkNjZkNGNmLTNhZGQtNDIyYS04YWIwLTdkZGFkMjg0NzdlMdgCAeACAQ&ucfs=1&arphpl=1&checkin=2026-08-06&checkout=2026-08-07&dest_id=35575&dest_type=city&group_adults=2&req_adults=2&no_rooms=1&group_children=0&req_children=0&hpos=7&hapos=57&sr_order=popularity&srpvid=3fbf57600a54002b&srepoch=1785759950&all_sr_blocks=1644366101_434549403_3_0_0&highlighted_blocks=1644366101_434549403_3_0_0&matching_block_id=1644366101_434549403_3_0_0&sr_pri_blocks=1644366101_434549403_3_0_0__840000&from=searchresults,8400,,,Lahore,14.8,One-Bedroom Apartment,"2 beds (1 double, 1 sofa bed)",0,1,1,https://cf.bstatic.com/xdata/images/hotel/square240/869078818.webp?k=0a2c60b705398ebcda2c4c1d35835f04e940535dea1c9fb6ea933a4218758ba9&o=,5,Shorkot
Sweet Home Hotel Apartments Bahria Town,https://www.booking.com/hotel/pk/sweet-home-apartments.en-gb.html?aid=304142&label=gen173nr-10CAQoggJCCmNpdHlfMzU1NzVICVgEaLUBiAEBmAEzuAEHyAEM2AED6AEB-AEBiAIBqAIBuALAkcLTBsACAdICJGZkNjZkNGNmLTNhZGQtNDIyYS04YWIwLTdkZGFkMjg0NzdlMdgCAeACAQ&ucfs=1&arphpl=1&checkin=2026-08-06&checkout=2026-08-07&dest_id=35575&dest_type=city&group_adults=2&req_adults=2&no_rooms=1&group_children=0&req_children=0&hpos=8&hapos=58&sr_order=popularity&srpvid=3fbf57600a54002b&srepoch=1785759950&all_sr_blocks=1002935902_432693891_0_0_0&highlighted_blocks=1002935902_432693891_0_0_0&matching_block_id=1002935902_432693891_0_0_0&sr_pri_blocks=1002935902_432693891_0_0_0__1214919&from=searchresults,12149,1.0,1.0,Lahore,13.1,Family Two-Bedroom Apartment with View,2 extra-large double beds,0,0,0,https://cf.bstatic.com/xdata/images/hotel/square240/839071312.webp?k=3939a2abac6b99ea58f77fd81c1e283172564efc32cb2f40bc083b1dff0adc32&o=,10,Shorkot
Black Pearl Studio,https://www.booking.com/hotel/pk/black-pearl-studio.en-gb.html?aid=304142&label=gen173nr-10CAQoggJCCmNpdHlfMzU1NzVICVgEaLUBiAEBmAEzuAEHyAEM2AED6AEB-AEBiAIBqAIBuALAkcLTBsACAdICJGZkNjZkNGNmLTNhZGQtNDIyYS04YWIwLTdkZGFkMjg0NzdlMdgCAeACAQ&ucfs=1&arphpl=1&checkin=2026-08-06&checkout=2026-08-07&dest_id=35575&dest_type=city&group_adults=2&req_adults=2&no_rooms=1&group_children=0&req_children=0&hpos=9&hapos=59&sr_order=popularity&srpvid=3fbf57600a54002b&srepoch=1785759950&all_sr_blocks=1503497301_422047347_3_0_0&highlighted_blocks=1503497301_422047347_3_0_0&matching_block_id=1503497301_422047347_3_0_0&sr_pri_blocks=1503497301_422047347_3_0_0__595000&from=searchresults,5950,,,Lahore,14.8,One-Bedroom Apartment,1 double bed,0,1,1,https://cf.bstatic.com/xdata/images/hotel/square240/757218395.webp?k=7dadd4cf8c325b93ae4716ab355b5b1968bea243873440b85b963d613b9023da&o=,4,Shorkot
Syeda Cottage,https://www.booking.com/hotel/pk/syeda-cottage-lhwr.en-gb.html?aid=304142&label=gen173nr-10CAQoggJCCmNpdHlfMzU1NzVICVgEaLUBiAEBmAEzuAEHyAEM2AED6AEB-AEBiAIBqAIBuALAkcLTBsACAdICJGZkNjZkNGNmLTNhZGQtNDIyYS04YWIwLTdkZGFkMjg0NzdlMdgCAeACAQ&ucfs=1&arphpl=1&checkin=2026-08-06&checkout=2026-08-07&dest_id=35575&dest_type=city&group_adults=2&req_adults=2&no_rooms=1&group_children=0&req_children=0&hpos=10&hapos=60&sr_order=popularity&srpvid=3fbf57600a54002b&srepoch=1785759950&all_sr_blocks=1352947901_407623258_2_2_0&highlighted_blocks=1352947901_407623258_2_2_0&matching_block_id=1352947901_407623258_2_2_0&sr_pri_blocks=1352947901_407623258_2_2_0__1000000&from=searchresults,10000,,,Lahore,13.0,Double Room,1 large double bed,0,0,1,https://cf.bstatic.com/xdata/images/hotel/square240/643173917.webp?k=85a6677debf23b94494332c55bbdef0b75c0749d80d906e3e380d2e3ba095f61&o=,3,Shorkot
"One Bed luxury Apartment with kitchen fridge ,free wifi ,Ac,oven",https://www.booking.com/hotel/pk/one-bed-lexury-apartment-with-kitchen-fridge-free-wifi-ac.en-gb.html?aid=304142&label=gen173nr-10CAQoggJCCmNpdHlfMzU1NzVICVgEaLUBiAEBmAEzuAEHyAEM2AED6AEB-AEBiAIBqAIBuALAkcLTBsACAdICJGZkNjZkNGNmLTNhZGQtNDIyYS04YWIwLTdkZGFkMjg0NzdlMdgCAeACAQ&ucfs=1&arphpl=1&checkin=2026-08-06&checkout=2026-08-07&dest_id=35575&dest_type=city&group_adults=2&req_adults=2&no_rooms=1&group_children=0&req_children=0&hpos=11&hapos=61&sr_order=popularity&srpvid=3fbf57600a54002b&srepoch=1785759950&all_sr_blocks=1613765701_432256676_2_0_0&highlighted_blocks=1613765701_432256676_2_0_0&matching_block_id=1613765701_432256676_2_0_0&sr_pri_blocks=1613765701_432256676_2_0_0__750000&from=searchresults,7500,,,Lahore,14.9,One-Bedroom Superior Apartment,"2 beds (1 double, 1 sofa bed)",0,1,1,https://cf.bstatic.com/xdata/images/hotel/square240/889763421.webp?k=5868aee6753d778af099e14b8bc5a924fc5b0db1edd9353218454ea5dee7113a&o=,4,Shorkot
The heaven apartments,https://www.booking.com/hotel/pk/the-heaven-apartments.en-gb.html?aid=304142&label=gen173nr-10CAQoggJCCmNpdHlfMzU1NzVICVgEaLUBiAEBmAEzuAEHyAEM2AED6AEB-AEBiAIBqAIBuALAkcLTBsACAdICJGZkNjZkNGNmLTNhZGQtNDIyYS04YWIwLTdkZGFkMjg0NzdlMdgCAeACAQ&ucfs=1&arphpl=1&checkin=2026-08-06&checkout=2026-08-07&dest_id=35575&dest_type=city&group_adults=2&req_adults=2&no_rooms=1&group_children=0&req_children=0&hpos=12&hapos=62&sr_order=popularity&srpvid=3fbf57600a54002b&srepoch=1785759950&all_sr_blocks=1604205501_431356931_2_0_0&highlighted_blocks=1604205501_431356931_2_0_0&matching_block_id=1604205501_431356931_2_0_0&sr_pri_blocks=1604205501_431356931_2_0_0__765000&from=searchresults,7650,,,Lahore,14.5,One-Bedroom Apartment,1 double bed,0,1,1,https://cf.bstatic.com/xdata/images/hotel/square240/841205293.webp?k=175beebe8870d1f6ecfce2813bc68f2b044187ec32a0017013a3e109cf93c1c1&o=,4,Shorkot
Escape Aura Stays Lahore,https://www.booking.com/hotel/pk/escape-aura-stays-lahore.en-gb.html?aid=304142&label=gen173nr-10CAQoggJCCmNpdHlfMzU1NzVICVgEaLUBiAEBmAEzuAEHyAEM2AED6AEB-AEBiAIBqAIBuALAkcLTBsACAdICJGZkNjZkNGNmLTNhZGQtNDIyYS04YWIwLTdkZGFkMjg0NzdlMdgCAeACAQ&ucfs=1&arphpl=1&checkin=2026-08-06&checkout=2026-08-07&dest_id=35575&dest_type=city&group_adults=2&req_adults=2&no_rooms=1&group_children=0&req_children=0&hpos=13&hapos=63&sr_order=popularity&srpvid=3fbf57600a54002b&srepoch=1785759950&all_sr_blocks=1611898401_432093128_3_0_0&highlighted_blocks=1611898401_432093128_3_0_0&matching_block_id=1611898401_432093128_3_0_0&sr_pri_blocks=1611898401_432093128_3_0_0__950000&from=searchresults,9500,,,Lahore,14.3,One-Bedroom Apartment,1 double bed,0,1,1,https://cf.bstatic.com/xdata/images/hotel/square240/847687984.webp?k=92073b0eb5204ac29adc8d98c27c9e425802f74f27ac17ad923f7dee864c386e&o=,4,Shorkot
Velora Stays,https://www.booking.com/hotel/pk/velora-stays.en-gb.html?aid=304142&label=gen173nr-10CAQoggJCCmNpdHlfMzU1NzVICVgEaLUBiAEBmAEzuAEHyAEM2AED6AEB-AEBiAIBqAIBuALAkcLTBsACAdICJGZkNjZkNGNmLTNhZGQtNDIyYS04YWIwLTdkZGFkMjg0NzdlMdgCAeACAQ&ucfs=1&arphpl=1&checkin=2026-08-06&checkout=2026-08-07&dest_id=35575&dest_type=city&group_adults=2&req_adults=2&no_rooms=1&group_children=0&req_children=0&hpos=14&hapos=64&sr_order=popularity&srpvid=3fbf57600a54002b&srepoch=1785759950&all_sr_blocks=1645403801_434590453_2_0_0&highlighted_blocks=1645403801_434590453_2_0_0&matching_block_id=1645403801_434590453_2_0_0&sr_pri_blocks=1645403801_434590453_2_0_0__640000&from=searchresults,6400,,,Lahore,14.2,Two-Bedroom Apartment,"3 beds (2 doubles, 1 sofa bed)",0,1,1,https://cf.bstatic.com/xdata/images/hotel/square240/869546700.webp?k=626beda36c51b9cce90fc4cad1fa59549fd6a78da674b48d608ace621574cabb&o=,6,Shorkot
Luxury 1BHK Apartment prime location,https://www.booking.com/hotel/pk/luxury-1bhk-apartment-prime-location.en-gb.html?aid=304142&label=gen173nr-10CAQoggJCCmNpdHlfMzU1NzVICVgEaLUBiAEBmAEzuAEHyAEM2AED6AEB-AEBiAIBqAIBuALAkcLTBsACAdICJGZkNjZkNGNmLTNhZGQtNDIyYS04YWIwLTdkZGFkMjg0NzdlMdgCAeACAQ&ucfs=1&arphpl=1&checkin=2026-08-06&checkout=2026-08-07&dest_id=35575&dest_type=city&group_adults=2&req_adults=2&no_rooms=1&group_children=0&req_children=0&hpos=15&hapos=65&sr_order=popularity&srpvid=3fbf57600a54002b&srepoch=1785759950&all_sr_blocks=1649806601_437042501_2_0_0&highlighted_blocks=1649806601_437042501_2_0_0&matching_block_id=1649806601_437042501_2_0_0&sr_pri_blocks=1649806601_437042501_2_0_0__810000&from=searchresults,8100,3.2,4.0,Lahore,14.3,One-Bedroom Apartment,"2 beds (1 double, 1 sofa bed)",0,1,1,https://cf.bstatic.com/xdata/images/hotel/square240/871646195.webp?k=218b01688f14d6a4e804047187787e42cd057fe0888bd289fe76b5d7a9b7a85e&o=,4,Shorkot
m5 bros,https://www.booking.com/hotel/pk/m5-bros.en-gb.html?aid=304142&label=gen173nr-10CAQoggJCCmNpdHlfMzU1NzVICVgEaLUBiAEBmAEzuAEHyAEM2AED6AEB-AEBiAIBqAIBuALAkcLTBsACAdICJGZkNjZkNGNmLTNhZGQtNDIyYS04YWIwLTdkZGFkMjg0NzdlMdgCAeACAQ&ucfs=1&arphpl=1&checkin=2026-08-06&checkout=2026-08-07&dest_id=35575&dest_type=city&group_adults=2&req_adults=2&no_rooms=1&group_children=0&req_children=0&hpos=16&hapos=66&sr_order=popularity&srpvid=3fbf57600a54002b&srepoch=1785759950&all_sr_blocks=1372560901_409434271_2_0_0&highlighted_blocks=1372560901_409434271_2_0_0&matching_block_id=1372560901_409434271_2_0_0&sr_pri_blocks=1372560901_409434271_2_0_0__1215000&from=searchresults,12150,,,Lahore,13.8,One-Bedroom Apartment,"3 beds (1 sofa bed, 2 large doubles)",0,0,1,https://cf.bstatic.com/xdata/images/hotel/square240/655209440.webp?k=bb8bb51167b7d852552ebf4e168ecde5d646ac293b5b2289b05889a21542ffa3&o=,3,Shorkot
"Luxury 1BR Apartment, Family Business and Vacation Stay Bahria Town",https://www.booking.com/hotel/pk/noir-residencies-1-bedroom-apartment-in-lahore.en-gb.html?aid=304142&label=gen173nr-10CAQoggJCCmNpdHlfMzU1NzVICVgEaLUBiAEBmAEzuAEHyAEM2AED6AEB-AEBiAIBqAIBuALAkcLTBsACAdICJGZkNjZkNGNmLTNhZGQtNDIyYS04YWIwLTdkZGFkMjg0NzdlMdgCAeACAQ&ucfs=1&arphpl=1&checkin=2026-08-06&checkout=2026-08-07&dest_id=35575&dest_type=city&group_adults=2&req_adults=2&no_rooms=1&group_children=0&req_children=0&hpos=17&hapos=67&sr_order=popularity&srpvid=3fbf57600a54002b&srepoch=1785759950&all_sr_blocks=1575897801_428706045_3_0_0&highlighted_blocks=1575897801_428706045_3_0_0&matching_block_id=1575897801_428706045_3_0_0&sr_pri_blocks=1575897801_428706045_3_0_0__800000&from=searchresults,8000,,,Lahore,14.9,One-Bedroom Apartment,"3 beds (1 double, 2 sofa beds)",0,1,1,https://cf.bstatic.com/xdata/images/hotel/square240/855155646.webp?k=c2b316b17cb07acf208ca8a02d8bf3f13909b8fe747bb515f69fab93dd4540c9&o=,4,Shorkot
Zeenstays,https://www.booking.com/hotel/pk/cozy-amp-comfortable-apartment.en-gb.html?aid=304142&label=gen173nr-10CAQoggJCCmNpdHlfMzU1NzVICVgEaLUBiAEBmAEzuAEHyAEM2AED6AEB-AEBiAIBqAIBuALAkcLTBsACAdICJGZkNjZkNGNmLTNhZGQtNDIyYS04YWIwLTdkZGFkMjg0NzdlMdgCAeACAQ&ucfs=1&arphpl=1&checkin=2026-08-06&checkout=2026-08-07&dest_id=35575&dest_type=city&group_adults=2&req_adults=2&no_rooms=1&group_children=0&req_children=0&hpos=18&hapos=68&sr_order=popularity&srpvid=3fbf57600a54002b&srepoch=1785759950&all_sr_blocks=1612513401_432156705_3_0_0&highlighted_blocks=1612513401_432156705_3_0_0&matching_block_id=1612513401_432156705_3_0_0&sr_pri_blocks=1612513401_432156705_3_0_0__603000&from=searchresults,6030,,,Lahore,14.8,One-Bedroom Apartment,1 double bed,0,1,1,https://cf.bstatic.com/xdata/images/hotel/square240/861901247.webp?k=999c4c990f480fcded759d823547432d6146c31951757e2f7ef19a7adc4a4f8e&o=,4,Shorkot
Premier Apartments by Guftagu,https://www.booking.com/hotel/pk/premier-apartments-by-guftagu.en-gb.html?aid=304142&label=gen173nr-10CAQoggJCCmNpdHlfMzU1NzVICVgEaLUBiAEBmAEzuAEHyAEM2AED6AEB-AEBiAIBqAIBuALAkcLTBsACAdICJGZkNjZkNGNmLTNhZGQtNDIyYS04YWIwLTdkZGFkMjg0NzdlMdgCAeACAQ&ucfs=1&arphpl=1&checkin=2026-08-06&checkout=2026-08-07&dest_id=35575&dest_type=city&group_adults=2&req_adults=2&no_rooms=1&group_children=0&req_children=0&hpos=19&hapos=69&sr_order=popularity&srpvid=3fbf57600a54002b&srepoch=1785759950&all_sr_blocks=1600804501_431033887_4_0_0&highlighted_blocks=1600804501_431033887_4_0_0&matching_block_id=1600804501_431033887_4_0_0&sr_pri_blocks=1600804501_431033887_4_0_0__800000&from=searchresults,8000,,,Lahore,14.3,One-Bedroom Apartment,"2 beds (1 double, 1 sofa bed)",0,1,1,https://cf.bstatic.com/xdata/images/hotel/square240/838434953.webp?k=876b411315c83eea476819bd736503b9a6721c4b9f8a7adcc477291a474c81bd&o=,4,Shorkot
HNC Residence,https://www.booking.com/hotel/pk/hnc-residence-lahore.en-gb.html?aid=304142&label=gen173nr-10CAQoggJCCmNpdHlfMzU1NzVICVgEaLUBiAEBmAEzuAEHyAEM2AED6AEB-AEBiAIBqAIBuALAkcLTBsACAdICJGZkNjZkNGNmLTNhZGQtNDIyYS04YWIwLTdkZGFkMjg0NzdlMdgCAeACAQ&ucfs=1&arphpl=1&checkin=2026-08-06&checkout=2026-08-07&dest_id=35575&dest_type=city&group_adults=2&req_adults=2&no_rooms=1&group_children=0&req_children=0&hpos=20&hapos=70&sr_order=popularity&srpvid=3fbf57600a54002b&srepoch=1785759950&all_sr_blocks=1673066101_439080281_2_0_0&highlighted_blocks=1673066101_439080281_2_0_0&matching_block_id=1673066101_439080281_2_0_0&sr_pri_blocks=1673066101_439080281_2_0_0__562356&from=searchresults,5624,,,Lahore,13.6,One-Bedroom Apartment,1 double bed,0,1,1,https://cf.bstatic.com/xdata/images/hotel/square240/887066919.webp?k=4887a2dfc0ffa409620adc09aec1c27a705487cb9d908bc0359116cc9d415302&o=,5,Shorkot
Bahria Town Lahore - NEXT INN Condo available at Best Price 402,https://www.booking.com/hotel/pk/402-next-inn-condo-available-at-best-price.en-gb.html?aid=304142&label=gen173nr-10CAQoggJCCmNpdHlfMzU1NzVICVgEaLUBiAEBmAEzuAEHyAEM2AED6AEB-AEBiAIBqAIBuALAkcLTBsACAdICJGZkNjZkNGNmLTNhZGQtNDIyYS04YWIwLTdkZGFkMjg0NzdlMdgCAeACAQ&ucfs=1&arphpl=1&checkin=2026-08-06&checkout=2026-08-07&dest_id=35575&dest_type=city&group_adults=2&req_adults=2&no_rooms=1&group_children=0&req_children=0&hpos=21&hapos=71&sr_order=popularity&srpvid=3fbf57600a54002b&srepoch=1785759950&all_sr_blocks=1191907901_391484380_3_0_0&highlighted_blocks=1191907901_391484380_3_0_0&matching_block_id=1191907901_391484380_3_0_0&sr_pri_blocks=1191907901_391484380_3_0_0__600000&from=searchresults,6000,,,Lahore,12.9,One-Bedroom Apartment,"2 beds (1 extra-large double, 1 sofa bed)",0,1,1,https://cf.bstatic.com/xdata/images/hotel/square240/547975630.webp?k=d51ba13d0d5d770e1d8293a362c68e1b75e62e5bc070cd260c4806a28a41b10e&o=,4,Shorkot
Bahria Town Lahore - NEXT INN Quality Living Starts Here! 401,https://www.booking.com/hotel/pk/401-next-inn-quality-living-starts-here.en-gb.html?aid=304142&label=gen173nr-10CAQoggJCCmNpdHlfMzU1NzVICVgEaLUBiAEBmAEzuAEHyAEM2AED6AEB-AEBiAIBqAIBuALAkcLTBsACAdICJGZkNjZkNGNmLTNhZGQtNDIyYS04YWIwLTdkZGFkMjg0NzdlMdgCAeACAQ&ucfs=1&arphpl=1&checkin=2026-08-06&checkout=2026-08-07&dest_id=35575&dest_type=city&group_adults=2&req_adults=2&no_rooms=1&group_children=0&req_children=0&hpos=22&hapos=72&sr_order=popularity&srpvid=3fbf57600a54002b&srepoch=1785759950&all_sr_blocks=1190707901_391400330_3_0_0&highlighted_blocks=1190707901_391400330_3_0_0&matching_block_id=1190707901_391400330_3_0_0&sr_pri_blocks=1190707901_391400330_3_0_0__700000&from=searchresults,7000,8.3,1.0,Lahore,12.9,One-Bedroom Apartment,"2 beds (1 extra-large double, 1 sofa bed)",0,1,1,https://cf.bstatic.com/xdata/images/hotel/square240/592345089.webp?k=0782520e9dd6a2a693247d433deae58f2c64ff618efdc48ea1c1b0a0572b6a5b&o=,4,Shorkot
Bahria Town Lahore - NEXT INN Cozy apartment for your stay 501,https://www.booking.com/hotel/pk/501-next-inn-cozy-apartment-for-your-stay.en-gb.html?aid=304142&label=gen173nr-10CAQoggJCCmNpdHlfMzU1NzVICVgEaLUBiAEBmAEzuAEHyAEM2AED6AEB-AEBiAIBqAIBuALAkcLTBsACAdICJGZkNjZkNGNmLTNhZGQtNDIyYS04YWIwLTdkZGFkMjg0NzdlMdgCAeACAQ&ucfs=1&arphpl=1&checkin=2026-08-06&checkout=2026-08-07&dest_id=35575&dest_type=city&group_adults=2&req_adults=2&no_rooms=1&group_children=0&req_children=0&hpos=23&hapos=73&sr_order=popularity&srpvid=3fbf57600a54002b&srepoch=1785759950&all_sr_blocks=1191925501_391485474_3_0_0&highlighted_blocks=1191925501_391485474_3_0_0&matching_block_id=1191925501_391485474_3_0_0&sr_pri_blocks=1191925501_391485474_3_0_0__630000&from=searchresults,6300,10,1.0,Lahore,12.9,One-Bedroom Apartment,"2 beds (1 extra-large double, 1 sofa bed)",0,0,0,https://cf.bstatic.com/xdata/images/hotel/square240/592330087.webp?k=6f076199295bd9d470959dea44faca9affe6ff6aa7090ae5540116c558f6f9ac&o=,10,Shorkot
Rizco heights lhr,https://www.booking.com/hotel/pk/rizco-heights-lhr.en-gb.html?aid=304142&label=gen173nr-10CAQoggJCCmNpdHlfMzU1NzVICVgEaLUBiAEBmAEzuAEHyAEM2AED6AEB-AEBiAIBqAIBuALAkcLTBsACAdICJGZkNjZkNGNmLTNhZGQtNDIyYS04YWIwLTdkZGFkMjg0NzdlMdgCAeACAQ&ucfs=1&arphpl=1&checkin=2026-08-06&checkout=2026-08-07&dest_id=35575&dest_type=city&group_adults=2&req_adults=2&no_rooms=1&group_children=0&req_children=0&hpos=24&hapos=74&sr_order=popularity&srpvid=3fbf57600a54002b&srepoch=1785759950&all_sr_blocks=1457798701_417111043_2_0_0&highlighted_blocks=1457798701_417111043_2_0_0&matching_block_id=1457798701_417111043_2_0_0&sr_pri_blocks=1457798701_417111043_2_0_0__1350000&from=searchresults,13500,,,Lahore,13.3,One-Bedroom Apartment,"2 beds (1 double, 1 sofa bed)",0,1,1,https://cf.bstatic.com/xdata/images/hotel/square240/714702908.webp?k=d562c75048983303cbb0a414064bcf338d56aa8de2944cadbd5cc2d6a959a42d&o=,4,Shorkot
The Designer Penthouse,https://www.booking.com/hotel/pk/the-designer-penthouse.en-gb.html?aid=304142&label=gen173nr-10CAQoggJCCmNpdHlfMzU1NzVICVgEaLUBiAEBmAEzuAEHyAEM2AED6AEB-AEBiAIBqAIBuALAkcLTBsACAdICJGZkNjZkNGNmLTNhZGQtNDIyYS04YWIwLTdkZGFkMjg0NzdlMdgCAeACAQ&ucfs=1&arphpl=1&checkin=2026-08-06&checkout=2026-08-07&dest_id=35575&dest_type=city&group_adults=2&req_adults=2&no_rooms=1&group_children=0&req_children=0&hpos=25&hapos=75&sr_order=popularity&srpvid=3fbf57600a54002b&srepoch=1785759950&all_sr_blocks=1560342501_427137104_3_0_0&highlighted_blocks=1560342501_427137104_3_0_0&matching_block_id=1560342501_427137104_3_0_0&sr_pri_blocks=1560342501_427137104_3_0_0__2000000&from=searchresults,20000,,,Lahore,15.0,One-Bedroom Apartment,1 double bed,0,1,1,https://cf.bstatic.com/xdata/images/hotel/square240/805711221.webp?k=515a47f74da8ca3f32a185843ebcb938b3c2f1bee8eb52987999218909f78f03&o=,4,Shorkot
LMY Residency - Bahria Town Lahore,https://www.booking.com/hotel/pk/lmy-residency-lahore.en-gb.html?aid=304142&label=gen173nr-10CAQoggJCCmNpdHlfMzU1NzVICVgEaLUBiAEBmAEzuAEHyAEM2AED6AEB-AEBiAIBqAIBuALAkcLTBsACAdICJGZkNjZkNGNmLTNhZGQtNDIyYS04YWIwLTdkZGFkMjg0NzdlMdgCAeACAQ&ucfs=1&arphpl=1&checkin=2026-08-06&checkout=2026-08-07&dest_id=35575&dest_type=city&group_adults=2&req_adults=2&no_rooms=1&group_children=0&req_children=0&hpos=1&hapos=76&sr_order=popularity&srpvid=3fbf57600a54002b&srepoch=1785759952&all_sr_blocks=962786601_372615313_0_2_0&highlighted_blocks=962786601_372615313_0_2_0&matching_block_id=962786601_372615313_0_2_0&sr_pri_blocks=962786601_372615313_0_2_0__2016000&from=searchresults,20160,,,Lahore,15.0,One-Bedroom Apartment,"2 beds (1 double, 1 sofa bed)",0,0,0,https://cf.bstatic.com/xdata/images/hotel/square240/797741756.webp?k=98e296fbaeb8bf4182b268d5ab1a70292e6d82764c79e0272940a874a3dc52b0&o=,12,Shorkot
The Royal Residence And Hotel Apartments,https://www.booking.com/hotel/pk/the-royal-residence-lahore.en-gb.html?aid=304142&label=gen173nr-10CAQoggJCCmNpdHlfMzU1NzVICVgEaLUBiAEBmAEzuAEHyAEM2AED6AEB-AEBiAIBqAIBuALAkcLTBsACAdICJGZkNjZkNGNmLTNhZGQtNDIyYS04YWIwLTdkZGFkMjg0NzdlMdgCAeACAQ&ucfs=1&arphpl=1&checkin=2026-08-06&checkout=2026-08-07&dest_id=35575&dest_type=city&group_adults=2&req_adults=2&no_rooms=1&group_children=0&req_children=0&hpos=2&hapos=77&sr_order=popularity&srpvid=3fbf57600a54002b&srepoch=1785759952&all_sr_blocks=1650777901_437088606_4_0_0&highlighted_blocks=1650777901_437088606_4_0_0&matching_block_id=1650777901_437088606_4_0_0&sr_pri_blocks=1650777901_437088606_4_0_0__1200000&from=searchresults,12000,,,Lahore,14.8,Two-Bedroom Apartment,"11 beds (2 singles, 3 doubles, 3 extra-large doubles, 3 sofa beds)",0,1,1,https://cf.bstatic.com/xdata/images/hotel/square240/887239987.webp?k=d37e52baf1ebc7913b9b65e7864e485050961138513bb49d0c44cf4912641fff&o=,4,Shorkot
1BHK apartment bahria town lahore,https://www.booking.com/hotel/pk/1bhk-apartment-bahria-town-lahore.en-gb.html?aid=304142&label=gen173nr-10CAQoggJCCmNpdHlfMzU1NzVICVgEaLUBiAEBmAEzuAEHyAEM2AED6AEB-AEBiAIBqAIBuALAkcLTBsACAdICJGZkNjZkNGNmLTNhZGQtNDIyYS04YWIwLTdkZGFkMjg0NzdlMdgCAeACAQ&ucfs=1&arphpl=1&checkin=2026-08-06&checkout=2026-08-07&dest_id=35575&dest_type=city&group_adults=2&req_adults=2&no_rooms=1&group_children=0&req_children=0&hpos=3&hapos=78&sr_order=popularity&srpvid=3fbf57600a54002b&srepoch=1785759952&all_sr_blocks=1575854501_428702036_3_0_0&highlighted_blocks=1575854501_428702036_3_0_0&matching_block_id=1575854501_428702036_3_0_0&sr_pri_blocks=1575854501_428702036_3_0_0__700000&from=searchresults,7000,,,Lahore,14.9,One-Bedroom Apartment,"2 beds (1 double, 1 sofa bed)",0,1,1,https://cf.bstatic.com/xdata/images/hotel/square240/818317395.webp?k=1a7f40f36835c12ff8fd34352e9381db1b4021f73ba5a9d341e95542bdbfc522&o=,4,Shorkot
Bahria Town Lahore - NEXT INN Luxury Apartment to Admire your stay 102,https://www.booking.com/hotel/pk/102-luxury-apartment-to-admire-your-stay-in-lahore.en-gb.html?aid=304142&label=gen173nr-10CAQoggJCCmNpdHlfMzU1NzVICVgEaLUBiAEBmAEzuAEHyAEM2AED6AEB-AEBiAIBqAIBuALAkcLTBsACAdICJGZkNjZkNGNmLTNhZGQtNDIyYS04YWIwLTdkZGFkMjg0NzdlMdgCAeACAQ&ucfs=1&arphpl=1&checkin=2026-08-06&checkout=2026-08-07&dest_id=35575&dest_type=city&group_adults=2&req_adults=2&no_rooms=1&group_children=0&req_children=0&hpos=4&hapos=79&sr_order=popularity&srpvid=3fbf57600a54002b&srepoch=1785759952&all_sr_blocks=1190526901_391384352_3_0_0&highlighted_blocks=1190526901_391384352_3_0_0&matching_block_id=1190526901_391384352_3_0_0&sr_pri_blocks=1190526901_391384352_3_0_0__700000&from=searchresults,7000,,,Lahore,12.8,One-Bedroom Apartment,"2 beds (1 sofa bed, 1 large double)",0,1,1,https://cf.bstatic.com/xdata/images/hotel/square240/547185747.webp?k=e41d28e4303aaa27288366870db64bb545abf6760ab462beb9a424c937a89a2e&o=,4,Shorkot
Minimal Retreat,https://www.booking.com/hotel/pk/minimal-retreat.en-gb.html?aid=304142&label=gen173nr-10CAQoggJCCmNpdHlfMzU1NzVICVgEaLUBiAEBmAEzuAEHyAEM2AED6AEB-AEBiAIBqAIBuALAkcLTBsACAdICJGZkNjZkNGNmLTNhZGQtNDIyYS04YWIwLTdkZGFkMjg0NzdlMdgCAeACAQ&ucfs=1&arphpl=1&checkin=2026-08-06&checkout=2026-08-07&dest_id=35575&dest_type=city&group_adults=2&req_adults=2&no_rooms=1&group_children=0&req_children=0&hpos=5&hapos=80&sr_order=popularity&srpvid=3fbf57600a54002b&srepoch=1785759952&all_sr_blocks=1624042101_433147254_2_0_0&highlighted_blocks=1624042101_433147254_2_0_0&matching_block_id=1624042101_433147254_2_0_0&sr_pri_blocks=1624042101_433147254_2_0_0__578000&from=searchresults,5780,,,Lahore,13.0,One-Bedroom Apartment,1 double bed,0,1,1,https://cf.bstatic.com/xdata/images/hotel/square240/858018891.webp?k=1804f23b53cc446772766f6cba32376d7ab9ba186b7a8ab03cecc1073103c901&o=,4,Shorkot
The Sky Rise Builders,https://www.booking.com/hotel/pk/the-sky-rise-builders-lahore.en-gb.html?aid=304142&label=gen173nr-10CAQoggJCCmNpdHlfMzU1NzVICVgEaLUBiAEBmAEzuAEHyAEM2AED6AEB-AEBiAIBqAIBuALAkcLTBsACAdICJGZkNjZkNGNmLTNhZGQtNDIyYS04YWIwLTdkZGFkMjg0NzdlMdgCAeACAQ&ucfs=1&arphpl=1&checkin=2026-08-06&checkout=2026-08-07&dest_id=35575&dest_type=city&group_adults=2&req_adults=2&no_rooms=1&group_children=0&req_children=0&hpos=6&hapos=81&sr_order=popularity&srpvid=3fbf57600a54002b&srepoch=1785759952&all_sr_blocks=1584596101_429587929_3_0_0&highlighted_blocks=1584596101_429587929_3_0_0&matching_block_id=1584596101_429587929_3_0_0&sr_pri_blocks=1584596101_429587929_3_0_0__740000&from=searchresults,7400,,,Lahore,14.9,One-Bedroom Apartment,"2 beds (1 double, 1 sofa bed)",0,1,1,https://cf.bstatic.com/xdata/images/hotel/square240/826127221.webp?k=b40556f715ef19698d3313b209047f2c71210380a079c58e233b7c8dc0ba80d9&o=,4,Shorkot
Grand Studio Bahria Town,https://www.booking.com/hotel/pk/grand-studio-bahria-town.en-gb.html?aid=304142&label=gen173nr-10CAQoggJCCmNpdHlfMzU1NzVICVgEaLUBiAEBmAEzuAEHyAEM2AED6AEB-AEBiAIBqAIBuALAkcLTBsACAdICJGZkNjZkNGNmLTNhZGQtNDIyYS04YWIwLTdkZGFkMjg0NzdlMdgCAeACAQ&ucfs=1&arphpl=1&checkin=2026-08-06&checkout=2026-08-07&dest_id=35575&dest_type=city&group_adults=2&req_adults=2&no_rooms=1&group_children=0&req_children=0&hpos=7&hapos=82&sr_order=popularity&srpvid=3fbf57600a54002b&srepoch=1785759952&all_sr_blocks=1503493401_422046951_2_0_0&highlighted_blocks=1503493401_422046951_2_0_0&matching_block_id=1503493401_422046951_2_0_0&sr_pri_blocks=1503493401_422046951_2_0_0__760000&from=searchresults,7600,,,Lahore,14.8,One-Bedroom Apartment,1 large double bed,0,1,1,https://cf.bstatic.com/xdata/images/hotel/square240/757216495.webp?k=49487d28560faf803a48c0ada3ade7fc3c21b2abfb297afd6b0a35d6b7286697&o=,4,Shorkot
Eiffel View 1BHK Modern Apartment with private Balcony WiFi,https://www.booking.com/hotel/pk/an-aura-stayz.en-gb.html?aid=304142&label=gen173nr-10CAQoggJCCmNpdHlfMzU1NzVICVgEaLUBiAEBmAEzuAEHyAEM2AED6AEB-AEBiAIBqAIBuALAkcLTBsACAdICJGZkNjZkNGNmLTNhZGQtNDIyYS04YWIwLTdkZGFkMjg0NzdlMdgCAeACAQ&ucfs=1&arphpl=1&checkin=2026-08-06&checkout=2026-08-07&dest_id=35575&dest_type=city&group_adults=2&req_adults=2&no_rooms=1&group_children=0&req_children=0&hpos=8&hapos=83&sr_order=popularity&srpvid=3fbf57600a54002b&srepoch=1785759952&all_sr_blocks=1487365501_420211406_2_0_0&highlighted_blocks=1487365501_420211406_2_0_0&matching_block_id=1487365501_420211406_2_0_0&sr_pri_blocks=1487365501_420211406_2_0_0__1056000&from=searchresults,10560,,,Lahore,14.9,One-Bedroom Apartment,1 large double bed,0,1,1,https://cf.bstatic.com/xdata/images/hotel/square240/740825117.webp?k=e0cdf9d9d9ae3db3c16c5ca9b4984d3869230d566e3268ced64c23dba432b9b1&o=,4,Shorkot
Jimmy's Den,https://www.booking.com/hotel/pk/jimmys-den.en-gb.html?aid=304142&label=gen173nr-10CAQoggJCCmNpdHlfMzU1NzVICVgEaLUBiAEBmAEzuAEHyAEM2AED6AEB-AEBiAIBqAIBuALAkcLTBsACAdICJGZkNjZkNGNmLTNhZGQtNDIyYS04YWIwLTdkZGFkMjg0NzdlMdgCAeACAQ&ucfs=1&arphpl=1&checkin=2026-08-06&checkout=2026-08-07&dest_id=35575&dest_type=city&group_adults=2&req_adults=2&no_rooms=1&group_children=0&req_children=0&hpos=9&hapos=84&sr_order=popularity&srpvid=3fbf57600a54002b&srepoch=1785759952&all_sr_blocks=1682989801_440048545_8_0_0&highlighted_blocks=1682989801_440048545_8_0_0&matching_block_id=1682989801_440048545_8_0_0&sr_pri_blocks=1682989801_440048545_8_0_0__1428869&from=searchresults,14289,,,Lahore,13.7,Two-Bedroom Apartment,"6 beds (2 doubles, 4 sofa beds)",0,1,1,https://cf.bstatic.com/xdata/images/hotel/square240/892299630.webp?k=509469731f20d3432c56b744f7bf05bd7b7c36ab8c62826be05f29a84237e35a&o=,5,Shorkot
Relax Under the Stars 1BHK,https://www.booking.com/hotel/pk/moonlit-oasis-twilight-escape.en-gb.html?aid=304142&label=gen173nr-10CAQoggJCCmNpdHlfMzU1NzVICVgEaLUBiAEBmAEzuAEHyAEM2AED6AEB-AEBiAIBqAIBuALAkcLTBsACAdICJGZkNjZkNGNmLTNhZGQtNDIyYS04YWIwLTdkZGFkMjg0NzdlMdgCAeACAQ&ucfs=1&arphpl=1&checkin=2026-08-06&checkout=2026-08-07&dest_id=35575&dest_type=city&group_adults=2&req_adults=2&no_rooms=1&group_children=0&req_children=0&hpos=10&hapos=85&sr_order=popularity&srpvid=3fbf57600a54002b&srepoch=1785759952&all_sr_blocks=1379431201_410067183_4_0_0&highlighted_blocks=1379431201_410067183_4_0_0&matching_block_id=1379431201_410067183_4_0_0&sr_pri_blocks=1379431201_410067183_4_0_0__1600000&from=searchresults,16000,,,Lahore,14.8,Two-Bedroom Apartment,1 double bed,0,0,1,https://cf.bstatic.com/xdata/images/hotel/square240/659979487.webp?k=9c93264d7568b5254638ce73b64cd6a39c0ba80f43432dd696335ed2041a6078&o=,9,Shorkot
Ultra Modern 1 Kanal Private House Jacuzzi 6 Bedrooms DHA Phase 4,https://www.booking.com/hotel/pk/ultra-modern-1-kanal-private-house-jacuzzi-6-bedrooms-dha-phase-4.en-gb.html?aid=304142&label=gen173nr-10CAQoggJCCmNpdHlfMzU1NzVICVgEaLUBiAEBmAEzuAEHyAEM2AED6AEB-AEBiAIBqAIBuALAkcLTBsACAdICJGZkNjZkNGNmLTNhZGQtNDIyYS04YWIwLTdkZGFkMjg0NzdlMdgCAeACAQ&ucfs=1&arphpl=1&checkin=2026-08-06&checkout=2026-08-07&dest_id=35575&dest_type=city&group_adults=2&req_adults=2&no_rooms=1&group_children=0&req_children=0&hpos=11&hapos=86&sr_order=popularity&srpvid=3fbf57600a54002b&srepoch=1785759952&all_sr_blocks=1645257601_434584857_16_0_0&highlighted_blocks=1645257601_434584857_16_0_0&matching_block_id=1645257601_434584857_16_0_0&sr_pri_blocks=1645257601_434584857_16_0_0__3600000&from=searchresults,36000,,,Lahore,14.2,Villa,1 extra-large double bed,0,1,1,https://cf.bstatic.com/xdata/images/hotel/square240/869513297.webp?k=6b44edc27b775a9b607bb0e8ac1bb5eef3ef9c41b2385f397803d2f0ec17abb7&o=,5,Shorkot
Nobelle Apartments,https://www.booking.com/hotel/pk/nobelle-apartments.en-gb.html?aid=304142&label=gen173nr-10CAQoggJCCmNpdHlfMzU1NzVICVgEaLUBiAEBmAEzuAEHyAEM2AED6AEB-AEBiAIBqAIBuALAkcLTBsACAdICJGZkNjZkNGNmLTNhZGQtNDIyYS04YWIwLTdkZGFkMjg0NzdlMdgCAeACAQ&ucfs=1&arphpl=1&checkin=2026-08-06&checkout=2026-08-07&dest_id=35575&dest_type=city&group_adults=2&req_adults=2&no_rooms=1&group_children=0&req_children=0&hpos=12&hapos=87&sr_order=popularity&srpvid=3fbf57600a54002b&srepoch=1785759952&all_sr_blocks=1632150801_433719789_4_0_0&highlighted_blocks=1632150801_433719789_4_0_0&matching_block_id=1632150801_433719789_4_0_0&sr_pri_blocks=1632150801_433719789_4_0_0__800000&from=searchresults,8000,1.0,1.0,Lahore,13.5,One-Bedroom Apartment,"2 beds (1 double, 1 sofa bed)",0,1,1,https://cf.bstatic.com/xdata/images/hotel/square240/862358814.webp?k=397742b38e55b5f139cdc0faf9881b36a09a3555e16877a9e331bc761621997b&o=,5,Shorkot
Into the Galaxy,https://www.booking.com/hotel/pk/into-the-galaxy.en-gb.html?aid=304142&label=gen173nr-10CAQoggJCCmNpdHlfMzU1NzVICVgEaLUBiAEBmAEzuAEHyAEM2AED6AEB-AEBiAIBqAIBuALAkcLTBsACAdICJGZkNjZkNGNmLTNhZGQtNDIyYS04YWIwLTdkZGFkMjg0NzdlMdgCAeACAQ&ucfs=1&arphpl=1&checkin=2026-08-06&checkout=2026-08-07&dest_id=35575&dest_type=city&group_adults=2&req_adults=2&no_rooms=1&group_children=0&req_children=0&hpos=13&hapos=88&sr_order=popularity&srpvid=3fbf57600a54002b&srepoch=1785759952&all_sr_blocks=1370310201_409244989_5_0_0&highlighted_blocks=1370310201_409244989_5_0_0&matching_block_id=1370310201_409244989_5_0_0&sr_pri_blocks=1370310201_409244989_5_0_0__2000000&from=searchresults,20000,10,1.0,Lahore,14.7,Two-Bedroom Apartment,"3 beds (1 sofa bed, 2 large doubles)",0,1,1,https://cf.bstatic.com/xdata/images/hotel/square240/653725627.webp?k=fd5db330dc5a474314b78b8b688c05813b74c7582c7befa695d8dc0a566ce288&o=,4,Shorkot
City Family Apartments,https://www.booking.com/hotel/pk/city-family-apartments.en-gb.html?aid=304142&label=gen173nr-10CAQoggJCCmNpdHlfMzU1NzVICVgEaLUBiAEBmAEzuAEHyAEM2AED6AEB-AEBiAIBqAIBuALAkcLTBsACAdICJGZkNjZkNGNmLTNhZGQtNDIyYS04YWIwLTdkZGFkMjg0NzdlMdgCAeACAQ&ucfs=1&arphpl=1&checkin=2026-08-06&checkout=2026-08-07&dest_id=35575&dest_type=city&group_adults=2&req_adults=2&no_rooms=1&group_children=0&req_children=0&hpos=14&hapos=89&sr_order=popularity&srpvid=3fbf57600a54002b&srepoch=1785759952&all_sr_blocks=1668453201_438661440_3_0_0&highlighted_blocks=1668453201_438661440_3_0_0&matching_block_id=1668453201_438661440_3_0_0&sr_pri_blocks=1668453201_438661440_3_0_0__613158&from=searchresults,6132,,,Lahore,14.8,One-Bedroom Apartment,"2 beds (1 double, 1 sofa bed)",0,1,1,https://cf.bstatic.com/xdata/images/hotel/square240/883978503.webp?k=8054559f0ad61d9dfd7f9662885990bf2f2ef5091e3824793f44bdcbb32c0b16&o=,5,Shorkot
Atalia1,https://www.booking.com/hotel/pk/atalia1.en-gb.html?aid=304142&label=gen173nr-10CAQoggJCCmNpdHlfMzU1NzVICVgEaLUBiAEBmAEzuAEHyAEM2AED6AEB-AEBiAIBqAIBuALAkcLTBsACAdICJGZkNjZkNGNmLTNhZGQtNDIyYS04YWIwLTdkZGFkMjg0NzdlMdgCAeACAQ&ucfs=1&arphpl=1&checkin=2026-08-06&checkout=2026-08-07&dest_id=35575&dest_type=city&group_adults=2&req_adults=2&no_rooms=1&group_children=0&req_children=0&hpos=15&hapos=90&sr_order=popularity&srpvid=3fbf57600a54002b&srepoch=1785759952&all_sr_blocks=1437873401_415283683_2_0_0&highlighted_blocks=1437873401_415283683_2_0_0&matching_block_id=1437873401_415283683_2_0_0&sr_pri_blocks=1437873401_415283683_2_0_0__810000&from=searchresults,8100,,,Lahore,14.9,One-Bedroom Apartment,1 double bed,0,1,1,https://cf.bstatic.com/xdata/images/hotel/square240/697987402.webp?k=d1abcb411366e28190cdce4ed899f2c307f9fd51ea1312fe60a485b676d015a4&o=,4,Shorkot
UR Apartments,https://www.booking.com/hotel/pk/ur-apartments.en-gb.html?aid=304142&label=gen173nr-10CAQoggJCCmNpdHlfMzU1NzVICVgEaLUBiAEBmAEzuAEHyAEM2AED6AEB-AEBiAIBqAIBuALAkcLTBsACAdICJGZkNjZkNGNmLTNhZGQtNDIyYS04YWIwLTdkZGFkMjg0NzdlMdgCAeACAQ&ucfs=1&arphpl=1&checkin=2026-08-06&checkout=2026-08-07&dest_id=35575&dest_type=city&group_adults=2&req_adults=2&no_rooms=1&group_children=0&req_children=0&hpos=16&hapos=91&sr_order=popularity&srpvid=3fbf57600a54002b&srepoch=1785759952&all_sr_blocks=1565855101_427705218_2_0_0&highlighted_blocks=1565855101_427705218_2_0_0&matching_block_id=1565855101_427705218_2_0_0&sr_pri_blocks=1565855101_427705218_2_0_0__700000&from=searchresults,7000,,,Lahore,14.8,One-Bedroom Apartment,1 extra-large double bed,0,1,1,https://cf.bstatic.com/xdata/images/hotel/square240/809872938.webp?k=6ec5d811121100ffbeab94ea423a6c4f61a228d3c07ccd8bf13dfdb6ce575478&o=,4,Shorkot
Bahria Eiffel Apartments,https://www.booking.com/hotel/pk/bahria-eiffel-apartments-lahore1.en-gb.html?aid=304142&label=gen173nr-10CAQoggJCCmNpdHlfMzU1NzVICVgEaLUBiAEBmAEzuAEHyAEM2AED6AEB-AEBiAIBqAIBuALAkcLTBsACAdICJGZkNjZkNGNmLTNhZGQtNDIyYS04YWIwLTdkZGFkMjg0NzdlMdgCAeACAQ&ucfs=1&arphpl=1&checkin=2026-08-06&checkout=2026-08-07&dest_id=35575&dest_type=city&group_adults=2&req_adults=2&no_rooms=1&group_children=0&req_children=0&hpos=17&hapos=92&sr_order=popularity&srpvid=3fbf57600a54002b&srepoch=1785759952&all_sr_blocks=1562399501_427314505_3_0_0&highlighted_blocks=1562399501_427314505_3_0_0&matching_block_id=1562399501_427314505_3_0_0&sr_pri_blocks=1562399501_427314505_3_0_0__900000&from=searchresults,9000,5.0,1.0,Lahore,14.9,One-Bedroom Apartment,1 double bed,0,1,1,https://cf.bstatic.com/xdata/images/hotel/square240/807141891.webp?k=1a30c5db4fc5dcac498ef43a3b986f21547ec59e76bc32e39790d84b996fbd09&o=,4,Shorkot
2bedroom Luxury apartment Comfy selfcheck-in,https://www.booking.com/hotel/pk/2bedroom-luxury-apartment-comfy-selfcheck-in.en-gb.html?aid=304142&label=gen173nr-10CAQoggJCCmNpdHlfMzU1NzVICVgEaLUBiAEBmAEzuAEHyAEM2AED6AEB-AEBiAIBqAIBuALAkcLTBsACAdICJGZkNjZkNGNmLTNhZGQtNDIyYS04YWIwLTdkZGFkMjg0NzdlMdgCAeACAQ&ucfs=1&arphpl=1&checkin=2026-08-06&checkout=2026-08-07&dest_id=35575&dest_type=city&group_adults=2&req_adults=2&no_rooms=1&group_children=0&req_children=0&hpos=18&hapos=93&sr_order=popularity&srpvid=3fbf57600a54002b&srepoch=1785759952&all_sr_blocks=1601696901_431121565_6_0_0&highlighted_blocks=1601696901_431121565_6_0_0&matching_block_id=1601696901_431121565_6_0_0&sr_pri_blocks=1601696901_431121565_6_0_0__1800000&from=searchresults,18000,,,Lahore,14.9,Two-Bedroom Apartment,"2 beds (1 double, 1 sofa bed)",0,1,1,https://cf.bstatic.com/xdata/images/hotel/square240/838920330.webp?k=4216efd3dcb58e20f92c499fe7a64bef985f71c6e2262bf26f5f8aebab66c710&o=,4,Shorkot
One Bed Apartment In Bahria Town Lahore,https://www.booking.com/hotel/pk/one-bed-apartment-in-bahria-town-lahore-lahore.en-gb.html?aid=304142&label=gen173nr-10CAQoggJCCmNpdHlfMzU1NzVICVgEaLUBiAEBmAEzuAEHyAEM2AED6AEB-AEBiAIBqAIBuALAkcLTBsACAdICJGZkNjZkNGNmLTNhZGQtNDIyYS04YWIwLTdkZGFkMjg0NzdlMdgCAeACAQ&ucfs=1&arphpl=1&checkin=2026-08-06&checkout=2026-08-07&dest_id=35575&dest_type=city&group_adults=2&req_adults=2&no_rooms=1&group_children=0&req_children=0&hpos=19&hapos=94&sr_order=popularity&srpvid=3fbf57600a54002b&srepoch=1785759952&all_sr_blocks=1672895601_439053311_3_0_0&highlighted_blocks=1672895601_439053311_3_0_0&matching_block_id=1672895601_439053311_3_0_0&sr_pri_blocks=1672895601_439053311_3_0_0__807500&from=searchresults,8075,1.0,1.0,Lahore,15.0,One-Bedroom Apartment,"2 beds (1 double, 1 sofa bed)",0,0,1,https://cf.bstatic.com/xdata/images/hotel/square240/887006107.webp?k=80df63427e281be41158db54c5cc801631377a82a5420506d18ba09a5d2a6b5b&o=,3,Shorkot
The Artist Suite By Phoenix Apartments,https://www.booking.com/hotel/pk/the-artist-suite.en-gb.html?aid=304142&label=gen173nr-10CAQoggJCCmNpdHlfMzU1NzVICVgEaLUBiAEBmAEzuAEHyAEM2AED6AEB-AEBiAIBqAIBuALAkcLTBsACAdICJGZkNjZkNGNmLTNhZGQtNDIyYS04YWIwLTdkZGFkMjg0NzdlMdgCAeACAQ&ucfs=1&arphpl=1&checkin=2026-08-06&checkout=2026-08-07&dest_id=35575&dest_type=city&group_adults=2&req_adults=2&no_rooms=1&group_children=0&req_children=0&hpos=20&hapos=95&sr_order=popularity&srpvid=3fbf57600a54002b&srepoch=1785759952&all_sr_blocks=1565513501_427675283_2_0_0&highlighted_blocks=1565513501_427675283_2_0_0&matching_block_id=1565513501_427675283_2_0_0&sr_pri_blocks=1565513501_427675283_2_0_0__950000&from=searchresults,9500,,,Lahore,14.9,One-Bedroom Apartment,1 extra-large double bed,0,1,1,https://cf.bstatic.com/xdata/images/hotel/square240/809710320.webp?k=848fbea2d944d71cf3cc72ee14c8c2c36227fdce3dfa6f9497d166a7bd1fac3c&o=,4,Shorkot
The cozy spot by Travel Pin,https://www.booking.com/hotel/pk/the-cozy-spot-by-travel-pin.en-gb.html?aid=304142&label=gen173nr-10CAQoggJCCmNpdHlfMzU1NzVICVgEaLUBiAEBmAEzuAEHyAEM2AED6AEB-AEBiAIBqAIBuALAkcLTBsACAdICJGZkNjZkNGNmLTNhZGQtNDIyYS04YWIwLTdkZGFkMjg0NzdlMdgCAeACAQ&ucfs=1&arphpl=1&checkin=2026-08-06&checkout=2026-08-07&dest_id=35575&dest_type=city&group_adults=2&req_adults=2&no_rooms=1&group_children=0&req_children=0&hpos=21&hapos=96&sr_order=popularity&srpvid=3fbf57600a54002b&srepoch=1785759952&all_sr_blocks=1402002501_412035676_4_0_0&highlighted_blocks=1402002501_412035676_4_0_0&matching_block_id=1402002501_412035676_4_0_0&sr_pri_blocks=1402002501_412035676_4_0_0__1600000&from=searchresults,16000,,,Lahore,14.7,One-Bedroom Apartment,"2 beds (1 extra-large double, 1 sofa bed)",0,1,1,https://cf.bstatic.com/xdata/images/hotel/square240/675429808.webp?k=e2b035f0088209bac7274c24e8e5fcea457897dc7b2ab984b215c37f2ac5f605&o=,5,Shorkot
Luxury Family Apartment near Eiffel Tower,https://www.booking.com/hotel/pk/luxury-family-apartment-near-eiffel-tower.en-gb.html?aid=304142&label=gen173nr-10CAQoggJCCmNpdHlfMzU1NzVICVgEaLUBiAEBmAEzuAEHyAEM2AED6AEB-AEBiAIBqAIBuALAkcLTBsACAdICJGZkNjZkNGNmLTNhZGQtNDIyYS04YWIwLTdkZGFkMjg0NzdlMdgCAeACAQ&ucfs=1&arphpl=1&checkin=2026-08-06&checkout=2026-08-07&dest_id=35575&dest_type=city&group_adults=2&req_adults=2&no_rooms=1&group_children=0&req_children=0&hpos=22&hapos=97&sr_order=popularity&srpvid=3fbf57600a54002b&srepoch=1785759952&all_sr_blocks=1653349001_437285941_2_0_0&highlighted_blocks=1653349001_437285941_2_0_0&matching_block_id=1653349001_437285941_2_0_0&sr_pri_blocks=1653349001_437285941_2_0_0__980000&from=searchresults,9800,,,Lahore,14.2,One-Bedroom Apartment,"2 beds (1 double, 1 sofa bed)",0,1,1,https://cf.bstatic.com/xdata/images/hotel/square240/873748689.webp?k=b05a83d215111f0258ed126aa8c26356f24ce80ead34017bb7630e1c75f7caf9&o=,5,Shorkot
The Peaky Blinders Suite By Phoenix Apartments,https://www.booking.com/hotel/pk/the-peaky-blinders-suite-by-phoenix-apartments.en-gb.html?aid=304142&label=gen173nr-10CAQoggJCCmNpdHlfMzU1NzVICVgEaLUBiAEBmAEzuAEHyAEM2AED6AEB-AEBiAIBqAIBuALAkcLTBsACAdICJGZkNjZkNGNmLTNhZGQtNDIyYS04YWIwLTdkZGFkMjg0NzdlMdgCAeACAQ&ucfs=1&arphpl=1&checkin=2026-08-06&checkout=2026-08-07&dest_id=35575&dest_type=city&group_adults=2&req_adults=2&no_rooms=1&group_children=0&req_children=0&hpos=23&hapos=98&sr_order=popularity&srpvid=3fbf57600a54002b&srepoch=1785759952&all_sr_blocks=1565595901_427685217_3_0_0&highlighted_blocks=1565595901_427685217_3_0_0&matching_block_id=1565595901_427685217_3_0_0&sr_pri_blocks=1565595901_427685217_3_0_0__1200000&from=searchresults,12000,,,Lahore,14.8,One-Bedroom Apartment,1 double bed,0,1,1,https://cf.bstatic.com/xdata/images/hotel/square240/809753664.webp?k=44b4d751dc4758f6f01e2cd62c4725b1a947e4878201e65c6068636ecbbad6d8&o=,4,Shorkot
1 BHK Premier Apartments,https://www.booking.com/hotel/pk/premier-apartments-lahore1.en-gb.html?aid=304142&label=gen173nr-10CAQoggJCCmNpdHlfMzU1NzVICVgEaLUBiAEBmAEzuAEHyAEM2AED6AEB-AEBiAIBqAIBuALAkcLTBsACAdICJGZkNjZkNGNmLTNhZGQtNDIyYS04YWIwLTdkZGFkMjg0NzdlMdgCAeACAQ&ucfs=1&arphpl=1&checkin=2026-08-06&checkout=2026-08-07&dest_id=35575&dest_type=city&group_adults=2&req_adults=2&no_rooms=1&group_children=0&req_children=0&hpos=24&hapos=99&sr_order=popularity&srpvid=3fbf57600a54002b&srepoch=1785759952&all_sr_blocks=1605046801_431434413_0_0_0&highlighted_blocks=1605046801_431434413_0_0_0&matching_block_id=1605046801_431434413_0_0_0&sr_pri_blocks=1605046801_431434413_0_0_0__750000&from=searchresults,7500,,,Lahore,14.3,One-Bedroom Apartment,1 extra-large double bed,0,1,1,https://cf.bstatic.com/xdata/images/hotel/square240/841815350.webp?k=b33834116d7e814e6e16c19800e4c80b7dc213e2ada58d4b0c9644f8b5c2833e&o=,4,Shorkot
Bahria Luxury Stay,https://www.booking.com/hotel/pk/bahria-luxury-stay.en-gb.html?aid=304142&label=gen173nr-10CAQoggJCCmNpdHlfMzU1NzVICVgEaLUBiAEBmAEzuAEHyAEM2AED6AEB-AEBiAIBqAIBuALAkcLTBsACAdICJGZkNjZkNGNmLTNhZGQtNDIyYS04YWIwLTdkZGFkMjg0NzdlMdgCAeACAQ&ucfs=1&arphpl=1&checkin=2026-08-06&checkout=2026-08-07&dest_id=35575&dest_type=city&group_adults=2&req_adults=2&no_rooms=1&group_children=0&req_children=0&hpos=25&hapos=100&sr_order=popularity&srpvid=3fbf57600a54002b&srepoch=1785759952&all_sr_blocks=1637823201_434110048_2_0_0&highlighted_blocks=1637823201_434110048_2_0_0&matching_block_id=1637823201_434110048_2_0_0&sr_pri_blocks=1637823201_434110048_2_0_0__800000&from=searchresults,8000,,,Lahore,14.8,One-Bedroom Apartment,"2 beds (1 double, 1 sofa bed)",0,1,1,https://cf.bstatic.com/xdata/images/hotel/square240/865612241.webp?k=f70bfc6ada403a7a609cde8d545ecf3a5613beba41942de7a628d8f7a62793c4&o=,5,Shorkot
The Sky Rise Builders,https://www.booking.com/hotel/pk/the-sky-rise-builders-lahore1.en-gb.html?aid=304142&label=gen173nr-10CAQoggJCCmNpdHlfMzU1NzVICVgEaLUBiAEBmAEzuAEHyAEM2AED6AEB-AEBiAIBqAIBuALAkcLTBsACAdICJGZkNjZkNGNmLTNhZGQtNDIyYS04YWIwLTdkZGFkMjg0NzdlMdgCAeACAQ&ucfs=1&arphpl=1&checkin=2026-08-06&checkout=2026-08-07&dest_id=35575&dest_type=city&group_adults=2&req_adults=2&no_rooms=1&group_children=0&req_children=0&hpos=1&hapos=101&sr_order=popularity&srpvid=3fbf57600a54002b&srepoch=1785759954&all_sr_blocks=1586695401_429786600_3_0_0&highlighted_blocks=1586695401_429786600_3_0_0&matching_block_id=1586695401_429786600_3_0_0&sr_pri_blocks=1586695401_429786600_3_0_0__730000&from=searchresults,7300,1.0,1.0,Lahore,14.8,One-Bedroom Apartment,"2 beds (1 double, 1 sofa bed)",0,1,1,https://cf.bstatic.com/xdata/images/hotel/square240/827174652.webp?k=8859c52a62a093b7c34d4827b21309fde6b23be2ee3569f41c455a3e81fe83a0&o=,4,Shorkot
P house,https://www.booking.com/hotel/pk/p-house.en-gb.html?aid=304142&label=gen173nr-10CAQoggJCCmNpdHlfMzU1NzVICVgEaLUBiAEBmAEzuAEHyAEM2AED6AEB-AEBiAIBqAIBuALAkcLTBsACAdICJGZkNjZkNGNmLTNhZGQtNDIyYS04YWIwLTdkZGFkMjg0NzdlMdgCAeACAQ&ucfs=1&arphpl=1&checkin=2026-08-06&checkout=2026-08-07&dest_id=35575&dest_type=city&group_adults=2&req_adults=2&no_rooms=1&group_children=0&req_children=0&hpos=2&hapos=102&sr_order=popularity&srpvid=3fbf57600a54002b&srepoch=1785759954&all_sr_blocks=1464087801_417712715_2_0_0&highlighted_blocks=1464087801_417712715_2_0_0&matching_block_id=1464087801_417712715_2_0_0&sr_pri_blocks=1464087801_417712715_2_0_0__722500&from=searchresults,7225,,,Lahore,14.8,One-Bedroom Apartment,1 large double bed,0,1,1,https://cf.bstatic.com/xdata/images/hotel/square240/720726755.webp?k=0e5fbe11ad30e37171d04e72fe658c31d46f97c842a3b7c25c2c721b82336e41&o=,4,Shorkot
The Friends Suite By Phoenix Apartments,https://www.booking.com/hotel/pk/the-friends-suite-by-phoenix-apartments.en-gb.html?aid=304142&label=gen173nr-10CAQoggJCCmNpdHlfMzU1NzVICVgEaLUBiAEBmAEzuAEHyAEM2AED6AEB-AEBiAIBqAIBuALAkcLTBsACAdICJGZkNjZkNGNmLTNhZGQtNDIyYS04YWIwLTdkZGFkMjg0NzdlMdgCAeACAQ&ucfs=1&arphpl=1&checkin=2026-08-06&checkout=2026-08-07&dest_id=35575&dest_type=city&group_adults=2&req_adults=2&no_rooms=1&group_children=0&req_children=0&hpos=3&hapos=103&sr_order=popularity&srpvid=3fbf57600a54002b&srepoch=1785759954&all_sr_blocks=1565584201_427684064_2_0_0&highlighted_blocks=1565584201_427684064_2_0_0&matching_block_id=1565584201_427684064_2_0_0&sr_pri_blocks=1565584201_427684064_2_0_0__950000&from=searchresults,9500,,,Lahore,14.8,One-Bedroom Apartment,1 extra-large double bed,0,1,1,https://cf.bstatic.com/xdata/images/hotel/square240/809747671.webp?k=1f7772942dbcda19638a3ee802e616a50a61d8de2b379ba3d6be702488b1f0ec&o=,4,Shorkot
Urban Nest,https://www.booking.com/hotel/pk/urban-nest-lahore3.en-gb.html?aid=304142&label=gen173nr-10CAQoggJCCmNpdHlfMzU1NzVICVgEaLUBiAEBmAEzuAEHyAEM2AED6AEB-AEBiAIBqAIBuALAkcLTBsACAdICJGZkNjZkNGNmLTNhZGQtNDIyYS04YWIwLTdkZGFkMjg0NzdlMdgCAeACAQ&ucfs=1&arphpl=1&checkin=2026-08-06&checkout=2026-08-07&dest_id=35575&dest_type=city&group_adults=2&req_adults=2&no_rooms=1&group_children=0&req_children=0&hpos=4&hapos=104&sr_order=popularity&srpvid=3fbf57600a54002b&srepoch=1785759954&all_sr_blocks=1495738701_421244372_4_0_0&highlighted_blocks=1495738701_421244372_4_0_0&matching_block_id=1495738701_421244372_4_0_0&sr_pri_blocks=1495738701_421244372_4_0_0__800000&from=searchresults,8000,,,Lahore,14.8,One-Bedroom Apartment,"3 beds (1 double, 2 sofa beds)",0,1,1,https://cf.bstatic.com/xdata/images/hotel/square240/749383486.webp?k=e8f10d88871dddbb245b5787fc8c4d86f330a3941cbf7ad05856d1fc753ecdb8&o=,4,Shorkot
Sky Agency and Developers,https://www.booking.com/hotel/pk/sky-agency-and-developers.en-gb.html?aid=304142&label=gen173nr-10CAQoggJCCmNpdHlfMzU1NzVICVgEaLUBiAEBmAEzuAEHyAEM2AED6AEB-AEBiAIBqAIBuALAkcLTBsACAdICJGZkNjZkNGNmLTNhZGQtNDIyYS04YWIwLTdkZGFkMjg0NzdlMdgCAeACAQ&ucfs=1&arphpl=1&checkin=2026-08-06&checkout=2026-08-07&dest_id=35575&dest_type=city&group_adults=2&req_adults=2&no_rooms=1&group_children=0&req_children=0&hpos=5&hapos=105&sr_order=popularity&srpvid=3fbf57600a54002b&srepoch=1785759954&all_sr_blocks=1482842901_419781272_2_0_0&highlighted_blocks=1482842901_419781272_2_0_0&matching_block_id=1482842901_419781272_2_0_0&sr_pri_blocks=1482842901_419781272_2_0_0__800000&from=searchresults,8000,,,Lahore,14.9,Two-Bedroom Apartment,"5 beds (1 single, 3 doubles, 1 sofa bed)",0,1,1,https://cf.bstatic.com/xdata/images/hotel/square240/737494999.webp?k=1503318e12a0520b097163229fe39d982f0235051f4389f4088da033ac6554a0&o=,4,Shorkot
Bahria Luxe stays,https://www.booking.com/hotel/pk/bahria-luxe-stays.en-gb.html?aid=304142&label=gen173nr-10CAQoggJCCmNpdHlfMzU1NzVICVgEaLUBiAEBmAEzuAEHyAEM2AED6AEB-AEBiAIBqAIBuALAkcLTBsACAdICJGZkNjZkNGNmLTNhZGQtNDIyYS04YWIwLTdkZGFkMjg0NzdlMdgCAeACAQ&ucfs=1&arphpl=1&checkin=2026-08-06&checkout=2026-08-07&dest_id=35575&dest_type=city&group_adults=2&req_adults=2&no_rooms=1&group_children=0&req_children=0&hpos=6&hapos=106&sr_order=popularity&srpvid=3fbf57600a54002b&srepoch=1785759954&all_sr_blocks=1658935001_437803756_4_0_0&highlighted_blocks=1658935001_437803756_4_0_0&matching_block_id=1658935001_437803756_4_0_0&sr_pri_blocks=1658935001_437803756_4_0_0__690000&from=searchresults,6900,,,Lahore,14.9,One-Bedroom Apartment,"4 beds (1 double, 3 sofa beds)",0,1,1,https://cf.bstatic.com/xdata/images/hotel/square240/877925301.webp?k=6889aa7c0f9987fd637235fe5421c8938483c9a06a483dc3e834b209b191fb14&o=,4,Shorkot
The Money Heist Suite By Phoenix Apartments,https://www.booking.com/hotel/pk/the-money-heist-suite-by-phoenix-apartments.en-gb.html?aid=304142&label=gen173nr-10CAQoggJCCmNpdHlfMzU1NzVICVgEaLUBiAEBmAEzuAEHyAEM2AED6AEB-AEBiAIBqAIBuALAkcLTBsACAdICJGZkNjZkNGNmLTNhZGQtNDIyYS04YWIwLTdkZGFkMjg0NzdlMdgCAeACAQ&ucfs=1&arphpl=1&checkin=2026-08-06&checkout=2026-08-07&dest_id=35575&dest_type=city&group_adults=2&req_adults=2&no_rooms=1&group_children=0&req_children=0&hpos=7&hapos=107&sr_order=popularity&srpvid=3fbf57600a54002b&srepoch=1785759954&all_sr_blocks=1565609301_427686225_2_0_0&highlighted_blocks=1565609301_427686225_2_0_0&matching_block_id=1565609301_427686225_2_0_0&sr_pri_blocks=1565609301_427686225_2_0_0__950000&from=searchresults,9500,,,Lahore,14.8,One-Bedroom Apartment,1 extra-large double bed,0,1,1,https://cf.bstatic.com/xdata/images/hotel/square240/809760251.webp?k=881d82f79dfb165f452ca1cf7240f4c68215e69497e58718961ee21bb8265a10&o=,4,Shorkot
Alfa House,https://www.booking.com/hotel/pk/alfa-house.en-gb.html?aid=304142&label=gen173nr-10CAQoggJCCmNpdHlfMzU1NzVICVgEaLUBiAEBmAEzuAEHyAEM2AED6AEB-AEBiAIBqAIBuALAkcLTBsACAdICJGZkNjZkNGNmLTNhZGQtNDIyYS04YWIwLTdkZGFkMjg0NzdlMdgCAeACAQ&ucfs=1&arphpl=1&checkin=2026-08-06&checkout=2026-08-07&dest_id=35575&dest_type=city&group_adults=2&req_adults=2&no_rooms=1&group_children=0&req_children=0&hpos=8&hapos=108&sr_order=popularity&srpvid=3fbf57600a54002b&srepoch=1785759954&all_sr_blocks=1675246401_439269873_8_0_0&highlighted_blocks=1675246401_439269873_8_0_0&matching_block_id=1675246401_439269873_8_0_0&sr_pri_blocks=1675246401_439269873_8_0_0__1631932&from=searchresults,16319,,,Lahore,13.9,One-Bedroom House,1 double bed,0,1,1,https://cf.bstatic.com/xdata/images/hotel/square240/890025834.webp?k=21d4009eef2159e82eee3170e231a64d50705181299e0f255849f9339969a449&o=,5,Shorkot
The Billionaire Suite By Phoenix Apartments,https://www.booking.com/hotel/pk/the-artist-suite-by-phoenix-apartments.en-gb.html?aid=304142&label=gen173nr-10CAQoggJCCmNpdHlfMzU1NzVICVgEaLUBiAEBmAEzuAEHyAEM2AED6AEB-AEBiAIBqAIBuALAkcLTBsACAdICJGZkNjZkNGNmLTNhZGQtNDIyYS04YWIwLTdkZGFkMjg0NzdlMdgCAeACAQ&ucfs=1&arphpl=1&checkin=2026-08-06&checkout=2026-08-07&dest_id=35575&dest_type=city&group_adults=2&req_adults=2&no_rooms=1&group_children=0&req_children=0&hpos=9&hapos=109&sr_order=popularity&srpvid=3fbf57600a54002b&srepoch=1785759954&all_sr_blocks=1565085901_427611949_2_0_0&highlighted_blocks=1565085901_427611949_2_0_0&matching_block_id=1565085901_427611949_2_0_0&sr_pri_blocks=1565085901_427611949_2_0_0__1450000&from=searchresults,14500,,,Lahore,14.8,One-Bedroom Apartment,1 extra-large double bed,0,1,1,https://cf.bstatic.com/xdata/images/hotel/square240/809388447.webp?k=3cbab93cefdb48d52766eb4e414c55b3deedfb5e8ba0adb6983daf3799753b25&o=,4,Shorkot
Miřel - 1 Bhk - Self check-in - Dha Phase 4,https://www.booking.com/hotel/pk/mirel-1-bhk-self-check-in-dha-phase-4.en-gb.html?aid=304142&label=gen173nr-10CAQoggJCCmNpdHlfMzU1NzVICVgEaLUBiAEBmAEzuAEHyAEM2AED6AEB-AEBiAIBqAIBuALAkcLTBsACAdICJGZkNjZkNGNmLTNhZGQtNDIyYS04YWIwLTdkZGFkMjg0NzdlMdgCAeACAQ&ucfs=1&arphpl=1&checkin=2026-08-06&checkout=2026-08-07&dest_id=35575&dest_type=city&group_adults=2&req_adults=2&no_rooms=1&group_children=0&req_children=0&hpos=10&hapos=110&sr_order=popularity&srpvid=3fbf57600a54002b&srepoch=1785759954&all_sr_blocks=1687130401_440364262_3_0_0&highlighted_blocks=1687130401_440364262_3_0_0&matching_block_id=1687130401_440364262_3_0_0&sr_pri_blocks=1687130401_440364262_3_0_0__884000&from=searchresults,8840,,,Lahore,13.1,One-Bedroom Apartment,1 double bed,0,1,1,https://cf.bstatic.com/xdata/images/hotel/square240/894070398.webp?k=77881f76754939ba864af1de0338c6eedf98458772d767bf4ef051a7cbc40947&o=,6,Shorkot
Overseas home,https://www.booking.com/hotel/pk/overseas-home.en-gb.html?aid=304142&label=gen173nr-10CAQoggJCCmNpdHlfMzU1NzVICVgEaLUBiAEBmAEzuAEHyAEM2AED6AEB-AEBiAIBqAIBuALAkcLTBsACAdICJGZkNjZkNGNmLTNhZGQtNDIyYS04YWIwLTdkZGFkMjg0NzdlMdgCAeACAQ&ucfs=1&arphpl=1&checkin=2026-08-06&checkout=2026-08-07&dest_id=35575&dest_type=city&group_adults=2&req_adults=2&no_rooms=1&group_children=0&req_children=0&hpos=11&hapos=111&sr_order=popularity&srpvid=3fbf57600a54002b&srepoch=1785759954&all_sr_blocks=1485468601_420026348_5_0_0&highlighted_blocks=1485468601_420026348_5_0_0&matching_block_id=1485468601_420026348_5_0_0&sr_pri_blocks=1485468601_420026348_5_0_0__2800000&from=searchresults,28000,,,Lahore,14.3,One-Bedroom House,"13 beds (1 single, 3 doubles, 9 sofa beds)",0,1,1,https://cf.bstatic.com/xdata/images/hotel/square240/739614744.webp?k=46fdea95515e02e42d1db9e6ed364ed9e80582dfd09628a4d5add9389c849c58&o=,4,Shorkot
The Batman Suite By Phoenix Apartments,https://www.booking.com/hotel/pk/the-batman-suite-by-phoenix-apartments.en-gb.html?aid=304142&label=gen173nr-10CAQoggJCCmNpdHlfMzU1NzVICVgEaLUBiAEBmAEzuAEHyAEM2AED6AEB-AEBiAIBqAIBuALAkcLTBsACAdICJGZkNjZkNGNmLTNhZGQtNDIyYS04YWIwLTdkZGFkMjg0NzdlMdgCAeACAQ&ucfs=1&arphpl=1&checkin=2026-08-06&checkout=2026-08-07&dest_id=35575&dest_type=city&group_adults=2&req_adults=2&no_rooms=1&group_children=0&req_children=0&hpos=12&hapos=112&sr_order=popularity&srpvid=3fbf57600a54002b&srepoch=1785759954&all_sr_blocks=1565603601_427685825_2_0_0&highlighted_blocks=1565603601_427685825_2_0_0&matching_block_id=1565603601_427685825_2_0_0&sr_pri_blocks=1565603601_427685825_2_0_0__950000&from=searchresults,9500,,,Lahore,14.8,One-Bedroom Apartment,1 extra-large double bed,0,1,1,https://cf.bstatic.com/xdata/images/hotel/square240/809757030.webp?k=596d286500fcbc09af704df157fb9bf7f083cb4ed07e3c9b31dab047ec4632bc&o=,4,Shorkot
1 bed Apartment,https://www.booking.com/hotel/pk/1-bed-apartment-lahore15.en-gb.html?aid=304142&label=gen173nr-10CAQoggJCCmNpdHlfMzU1NzVICVgEaLUBiAEBmAEzuAEHyAEM2AED6AEB-AEBiAIBqAIBuALAkcLTBsACAdICJGZkNjZkNGNmLTNhZGQtNDIyYS04YWIwLTdkZGFkMjg0NzdlMdgCAeACAQ&ucfs=1&arphpl=1&checkin=2026-08-06&checkout=2026-08-07&dest_id=35575&dest_type=city&group_adults=2&req_adults=2&no_rooms=1&group_children=0&req_children=0&hpos=13&hapos=113&sr_order=popularity&srpvid=3fbf57600a54002b&srepoch=1785759954&all_sr_blocks=1653305601_437282241_2_0_0&highlighted_blocks=1653305601_437282241_2_0_0&matching_block_id=1653305601_437282241_2_0_0&sr_pri_blocks=1653305601_437282241_2_0_0__725000&from=searchresults,7250,,,Lahore,13.5,One-Bedroom Apartment,1 extra-large double bed,0,0,1,https://cf.bstatic.com/xdata/images/hotel/square240/873734394.webp?k=a93aa453662e4ddd9f2cd86d169806e61bdf86f701ba32cda768b59ad7fe5473&o=,3,Shorkot
Luxury Studio Apartment Bahria Town,https://www.booking.com/hotel/pk/luxury-studio-apartment-bahria-town.en-gb.html?aid=304142&label=gen173nr-10CAQoggJCCmNpdHlfMzU1NzVICVgEaLUBiAEBmAEzuAEHyAEM2AED6AEB-AEBiAIBqAIBuALAkcLTBsACAdICJGZkNjZkNGNmLTNhZGQtNDIyYS04YWIwLTdkZGFkMjg0NzdlMdgCAeACAQ&ucfs=1&arphpl=1&checkin=2026-08-06&checkout=2026-08-07&dest_id=35575&dest_type=city&group_adults=2&req_adults=2&no_rooms=1&group_children=0&req_children=0&hpos=14&hapos=114&sr_order=popularity&srpvid=3fbf57600a54002b&srepoch=1785759954&all_sr_blocks=1332852301_405793369_2_0_0&highlighted_blocks=1332852301_405793369_2_0_0&matching_block_id=1332852301_405793369_2_0_0&sr_pri_blocks=1332852301_405793369_2_0_0__903000&from=searchresults,9030,,,Lahore,14.8,One-Bedroom Apartment,"3 beds (1 double, 2 sofa beds)",0,0,1,https://cf.bstatic.com/xdata/images/hotel/square240/630414059.webp?k=ab0662dbaee96e01281b36230053546cc22bf74c50ab68c86fa1dae0cca19eff&o=,3,Shorkot
Skyline Deluxe Apartment- Heart of Bahria Town Lahore,https://www.booking.com/hotel/pk/skyline-deluxe-apartment-heart-of-bahria-town-lahore.en-gb.html?aid=304142&label=gen173nr-10CAQoggJCCmNpdHlfMzU1NzVICVgEaLUBiAEBmAEzuAEHyAEM2AED6AEB-AEBiAIBqAIBuALAkcLTBsACAdICJGZkNjZkNGNmLTNhZGQtNDIyYS04YWIwLTdkZGFkMjg0NzdlMdgCAeACAQ&ucfs=1&arphpl=1&checkin=2026-08-06&checkout=2026-08-07&dest_id=35575&dest_type=city&group_adults=2&req_adults=2&no_rooms=1&group_children=0&req_children=0&hpos=15&hapos=115&sr_order=popularity&srpvid=3fbf57600a54002b&srepoch=1785759954&all_sr_blocks=1534445301_424949251_2_0_0&highlighted_blocks=1534445301_424949251_2_0_0&matching_block_id=1534445301_424949251_2_0_0&sr_pri_blocks=1534445301_424949251_2_0_0__700000&from=searchresults,7000,,,Lahore,14.9,Two-Bedroom Apartment,"2 beds (1 single, 1 double)",0,1,1,https://cf.bstatic.com/xdata/images/hotel/square240/783404526.webp?k=a2da75518a949c683454eb259a1ef76aabc3279c31deea9073a375bae39df35f&o=,5,Shorkot
Suit lounge,https://www.booking.com/hotel/pk/suit-lounge.en-gb.html?aid=304142&label=gen173nr-10CAQoggJCCmNpdHlfMzU1NzVICVgEaLUBiAEBmAEzuAEHyAEM2AED6AEB-AEBiAIBqAIBuALAkcLTBsACAdICJGZkNjZkNGNmLTNhZGQtNDIyYS04YWIwLTdkZGFkMjg0NzdlMdgCAeACAQ&ucfs=1&arphpl=1&checkin=2026-08-06&checkout=2026-08-07&dest_id=35575&dest_type=city&group_adults=2&req_adults=2&no_rooms=1&group_children=0&req_children=0&hpos=16&hapos=116&sr_order=popularity&srpvid=3fbf57600a54002b&srepoch=1785759954&all_sr_blocks=1612291901_432136533_3_0_0&highlighted_blocks=1612291901_432136533_3_0_0&matching_block_id=1612291901_432136533_3_0_0&sr_pri_blocks=1612291901_432136533_3_0_0__800000&from=searchresults,8000,,,Lahore,13.5,One-Bedroom Apartment,"2 beds (1 sofa bed, 1 large double)",0,1,1,https://cf.bstatic.com/xdata/images/hotel/square240/847895408.webp?k=ce4912cc93d817dc8bca53cf0f42564aba13e912c7d0cabdfa17a5dffcb4b3a3&o=,4,Shorkot
Abudi real estate,https://www.booking.com/hotel/pk/abudi-real-estate.en-gb.html?aid=304142&label=gen173nr-10CAQoggJCCmNpdHlfMzU1NzVICVgEaLUBiAEBmAEzuAEHyAEM2AED6AEB-AEBiAIBqAIBuALAkcLTBsACAdICJGZkNjZkNGNmLTNhZGQtNDIyYS04YWIwLTdkZGFkMjg0NzdlMdgCAeACAQ&ucfs=1&arphpl=1&checkin=2026-08-06&checkout=2026-08-07&dest_id=35575&dest_type=city&group_adults=2&req_adults=2&no_rooms=1&group_children=0&req_children=0&hpos=17&hapos=117&sr_order=popularity&srpvid=3fbf57600a54002b&srepoch=1785759954&all_sr_blocks=1506827001_422443837_2_1_0&highlighted_blocks=1506827001_422443837_2_1_0&matching_block_id=1506827001_422443837_2_1_0&sr_pri_blocks=1506827001_422443837_2_1_0__999900&from=searchresults,9999,,,Lahore,13.7,One-Bedroom Apartment,"2 beds (1 double, 1 large double)",1,1,1,https://cf.bstatic.com/xdata/images/hotel/square240/759978042.webp?k=f9d248df52c1630275480b9f0ec27864730c1691e8f45a46077d48489bfc5027&o=,4,Shorkot
Bahria Town Lahore - NEXT INN Two Bedroom condo with free parking 203,https://www.booking.com/hotel/pk/203-next-inn-two-bedroom-condo-with-free-parking.en-gb.html?aid=304142&label=gen173nr-10CAQoggJCCmNpdHlfMzU1NzVICVgEaLUBiAEBmAEzuAEHyAEM2AED6AEB-AEBiAIBqAIBuALAkcLTBsACAdICJGZkNjZkNGNmLTNhZGQtNDIyYS04YWIwLTdkZGFkMjg0NzdlMdgCAeACAQ&ucfs=1&arphpl=1&checkin=2026-08-06&checkout=2026-08-07&dest_id=35575&dest_type=city&group_adults=2&req_adults=2&no_rooms=1&group_children=0&req_children=0&hpos=18&hapos=118&sr_order=popularity&srpvid=3fbf57600a54002b&srepoch=1785759954&all_sr_blocks=1190618701_391391975_5_0_0&highlighted_blocks=1190618701_391391975_5_0_0&matching_block_id=1190618701_391391975_5_0_0&sr_pri_blocks=1190618701_391391975_5_0_0__1200000&from=searchresults,12000,3.0,1.0,Lahore,12.9,Two-Bedroom Apartment,"3 beds (1 sofa bed, 2 large doubles)",0,1,1,https://cf.bstatic.com/xdata/images/hotel/square240/547243721.webp?k=7ab81407af0ac07ba5038ef985cf4e44c06a01c2f0d7f72426fb46584a4819d5&o=,4,Shorkot
Earthy One-Bed escape,https://www.booking.com/hotel/pk/earthy-one-bed-escape.en-gb.html?aid=304142&label=gen173nr-10CAQoggJCCmNpdHlfMzU1NzVICVgEaLUBiAEBmAEzuAEHyAEM2AED6AEB-AEBiAIBqAIBuALAkcLTBsACAdICJGZkNjZkNGNmLTNhZGQtNDIyYS04YWIwLTdkZGFkMjg0NzdlMdgCAeACAQ&ucfs=1&arphpl=1&checkin=2026-08-06&checkout=2026-08-07&dest_id=35575&dest_type=city&group_adults=2&req_adults=2&no_rooms=1&group_children=0&req_children=0&hpos=19&hapos=119&sr_order=popularity&srpvid=3fbf57600a54002b&srepoch=1785759954&all_sr_blocks=1464431601_417746205_4_0_0&highlighted_blocks=1464431601_417746205_4_0_0&matching_block_id=1464431601_417746205_4_0_0&sr_pri_blocks=1464431601_417746205_4_0_0__950000&from=searchresults,9500,,,Lahore,14.8,One-Bedroom Apartment,"2 beds (1 double, 1 sofa bed)",0,1,1,https://cf.bstatic.com/xdata/images/hotel/square240/721294704.webp?k=0a6584cc9eecd6897e15114a2e699b59c31d58b5920dcb0105c80d047516435f&o=,4,Shorkot
Luxury 1BHK Apartment Self Checkin Near Eiffel Tower Bahria Town Lahore,https://www.booking.com/hotel/pk/luxury-1bhk-apartment-self-checkin-near-eiffel-tower-bahria-town-lahore.en-gb.html?aid=304142&label=gen173nr-10CAQoggJCCmNpdHlfMzU1NzVICVgEaLUBiAEBmAEzuAEHyAEM2AED6AEB-AEBiAIBqAIBuALAkcLTBsACAdICJGZkNjZkNGNmLTNhZGQtNDIyYS04YWIwLTdkZGFkMjg0NzdlMdgCAeACAQ&ucfs=1&arphpl=1&checkin=2026-08-06&checkout=2026-08-07&dest_id=35575&dest_type=city&group_adults=2&req_adults=2&no_rooms=1&group_children=0&req_children=0&hpos=20&hapos=120&sr_order=popularity&srpvid=3fbf57600a54002b&srepoch=1785759954&all_sr_blocks=1504577801_422211745_2_0_0&highlighted_blocks=1504577801_422211745_2_0_0&matching_block_id=1504577801_422211745_2_0_0&sr_pri_blocks=1504577801_422211745_2_0_0__972000&from=searchresults,9720,7.0,1.0,Lahore,14.8,One-Bedroom Apartment,"2 beds (1 extra-large double, 1 sofa bed)",0,1,1,https://cf.bstatic.com/xdata/images/hotel/square240/758009773.webp?k=aa73bdc1abc27a29cac42abfaa769bf7b63dda5c02658b9f790e779ab3842561&o=,4,Shorkot
Elite apartment,https://www.booking.com/hotel/pk/elite-apartment-lahore.en-gb.html?aid=304142&label=gen173nr-10CAQoggJCCmNpdHlfMzU1NzVICVgEaLUBiAEBmAEzuAEHyAEM2AED6AEB-AEBiAIBqAIBuALAkcLTBsACAdICJGZkNjZkNGNmLTNhZGQtNDIyYS04YWIwLTdkZGFkMjg0NzdlMdgCAeACAQ&ucfs=1&arphpl=1&checkin=2026-08-06&checkout=2026-08-07&dest_id=35575&dest_type=city&group_adults=2&req_adults=2&no_rooms=1&group_children=0&req_children=0&hpos=21&hapos=121&sr_order=popularity&srpvid=3fbf57600a54002b&srepoch=1785759954&all_sr_blocks=1660464201_437931505_2_0_0&highlighted_blocks=1660464201_437931505_2_0_0&matching_block_id=1660464201_437931505_2_0_0&sr_pri_blocks=1660464201_437931505_2_0_0__876420&from=searchresults,8764,,,Lahore,14.8,Deluxe Room (2 Adults + 1 Child),1 double bed,0,1,1,https://cf.bstatic.com/xdata/images/hotel/square240/879154087.webp?k=9d0f5b29a2adce7710483233dbd0f9e1efa14f30274b1c42516d4b9000f6865d&o=,5,Shorkot
Luxury Aura Stays Cozy Luxe,https://www.booking.com/hotel/pk/luxury-aura-stays-cozy-luxe-lahore.en-gb.html?aid=304142&label=gen173nr-10CAQoggJCCmNpdHlfMzU1NzVICVgEaLUBiAEBmAEzuAEHyAEM2AED6AEB-AEBiAIBqAIBuALAkcLTBsACAdICJGZkNjZkNGNmLTNhZGQtNDIyYS04YWIwLTdkZGFkMjg0NzdlMdgCAeACAQ&ucfs=1&arphpl=1&checkin=2026-08-06&checkout=2026-08-07&dest_id=35575&dest_type=city&group_adults=2&req_adults=2&no_rooms=1&group_children=0&req_children=0&hpos=22&hapos=122&sr_order=popularity&srpvid=3fbf57600a54002b&srepoch=1785759954&all_sr_blocks=1503564201_422058536_2_0_0&highlighted_blocks=1503564201_422058536_2_0_0&matching_block_id=1503564201_422058536_2_0_0&sr_pri_blocks=1503564201_422058536_2_0_0__850000&from=searchresults,8500,,,Lahore,14.8,One-Bedroom Apartment,1 double bed,0,1,1,https://cf.bstatic.com/xdata/images/hotel/square240/757264267.webp?k=7b80e306c7df7705d6bc48ea357c47d133a1da4a338af3264045746f04715e8d&o=,4,Shorkot
Peace residency,https://www.booking.com/hotel/pk/peace-residency-lahore3.en-gb.html?aid=304142&label=gen173nr-10CAQoggJCCmNpdHlfMzU1NzVICVgEaLUBiAEBmAEzuAEHyAEM2AED6AEB-AEBiAIBqAIBuALAkcLTBsACAdICJGZkNjZkNGNmLTNhZGQtNDIyYS04YWIwLTdkZGFkMjg0NzdlMdgCAeACAQ&ucfs=1&arphpl=1&checkin=2026-08-06&checkout=2026-08-07&dest_id=35575&dest_type=city&group_adults=2&req_adults=2&no_rooms=1&group_children=0&req_children=0&hpos=23&hapos=123&sr_order=popularity&srpvid=3fbf57600a54002b&srepoch=1785759954&all_sr_blocks=1547587501_425999227_2_0_0&highlighted_blocks=1547587501_425999227_2_0_0&matching_block_id=1547587501_425999227_2_0_0&sr_pri_blocks=1547587501_425999227_2_0_0__700000&from=searchresults,7000,,,Lahore,14.8,One-Bedroom Apartment,"2 beds (1 single, 1 sofa bed)",0,1,1,https://cf.bstatic.com/xdata/images/hotel/square240/793607257.webp?k=9db6b39f0adc50b23b47458ab060fa3a17751d826d75b5f5be92272ffdf437d2&o=,4,Shorkot
Urban Nest Peaceful Retreat in Bahria Town,https://www.booking.com/hotel/pk/urban-nest-peaceful-retreat-in-bahria-town.en-gb.html?aid=304142&label=gen173nr-10CAQoggJCCmNpdHlfMzU1NzVICVgEaLUBiAEBmAEzuAEHyAEM2AED6AEB-AEBiAIBqAIBuALAkcLTBsACAdICJGZkNjZkNGNmLTNhZGQtNDIyYS04YWIwLTdkZGFkMjg0NzdlMdgCAeACAQ&ucfs=1&arphpl=1&checkin=2026-08-06&checkout=2026-08-07&dest_id=35575&dest_type=city&group_adults=2&req_adults=2&no_rooms=1&group_children=0&req_children=0&hpos=24&hapos=124&sr_order=popularity&srpvid=3fbf57600a54002b&srepoch=1785759954&all_sr_blocks=1600720201_431027711_2_0_0&highlighted_blocks=1600720201_431027711_2_0_0&matching_block_id=1600720201_431027711_2_0_0&sr_pri_blocks=1600720201_431027711_2_0_0__800000&from=searchresults,8000,,,Lahore,13.7,One-Bedroom Apartment,"2 beds (1 double, 1 sofa bed)",0,1,1,https://cf.bstatic.com/xdata/images/hotel/square240/838394757.webp?k=5abd82abdbd12f33c424d38a0ac52542ec7877cef185afbdde48b5071989d258&o=,4,Shorkot
Elite luxury Apartments,https://www.booking.com/hotel/pk/elite-luxury-apartments.en-gb.html?aid=304142&label=gen173nr-10CAQoggJCCmNpdHlfMzU1NzVICVgEaLUBiAEBmAEzuAEHyAEM2AED6AEB-AEBiAIBqAIBuALAkcLTBsACAdICJGZkNjZkNGNmLTNhZGQtNDIyYS04YWIwLTdkZGFkMjg0NzdlMdgCAeACAQ&ucfs=1&arphpl=1&checkin=2026-08-06&checkout=2026-08-07&dest_id=35575&dest_type=city&group_adults=2&req_adults=2&no_rooms=1&group_children=0&req_children=0&hpos=1&hapos=125&sr_order=popularity&srpvid=3fbf57600a54002b&srepoch=1785759957&all_sr_blocks=1665369701_438391716_2_0_0&highlighted_blocks=1665369701_438391716_2_0_0&matching_block_id=1665369701_438391716_2_0_0&sr_pri_blocks=1665369701_438391716_2_0_0__792715&from=searchresults,7927,,,Lahore,14.9,One-Bedroom Apartment,"2 beds (1 sofa bed, 1 large double)",0,1,1,https://cf.bstatic.com/xdata/images/hotel/square240/882130966.webp?k=3efbb16ac2801e778cbcf6f07d69cce5e613624a555df108718aefc037384926&o=,5,Shorkot
Luxesuits - Luxury Apartments in Beautiful Bahria Town,https://www.booking.com/hotel/pk/luxesuits-luxury-apartments-in-beautiful-bahria-town.en-gb.html?aid=304142&label=gen173nr-10CAQoggJCCmNpdHlfMzU1NzVICVgEaLUBiAEBmAEzuAEHyAEM2AED6AEB-AEBiAIBqAIBuALAkcLTBsACAdICJGZkNjZkNGNmLTNhZGQtNDIyYS04YWIwLTdkZGFkMjg0NzdlMdgCAeACAQ&ucfs=1&arphpl=1&checkin=2026-08-06&checkout=2026-08-07&dest_id=35575&dest_type=city&group_adults=2&req_adults=2&no_rooms=1&group_children=0&req_children=0&hpos=2&hapos=126&sr_order=popularity&srpvid=3fbf57600a54002b&srepoch=1785759957&all_sr_blocks=1618485502_432684378_2_0_0&highlighted_blocks=1618485502_432684378_2_0_0&matching_block_id=1618485502_432684378_2_0_0&sr_pri_blocks=1618485502_432684378_2_0_0__900000&from=searchresults,9000,,,Lahore,13.2,One-Bedroom Apartment,1 double bed,0,0,1,https://cf.bstatic.com/xdata/images/hotel/square240/853914260.webp?k=c74d6f0da3079c5a9b6eeb560ebdbf0a622e0876cda69510b4744cf66d022e20&o=,3,Shorkot
Studio Apartment - Quid Block - Bahria Town,https://www.booking.com/hotel/pk/studio-apartment-quid-block-bahria-town.en-gb.html?aid=304142&label=gen173nr-10CAQoggJCCmNpdHlfMzU1NzVICVgEaLUBiAEBmAEzuAEHyAEM2AED6AEB-AEBiAIBqAIBuALAkcLTBsACAdICJGZkNjZkNGNmLTNhZGQtNDIyYS04YWIwLTdkZGFkMjg0NzdlMdgCAeACAQ&ucfs=1&arphpl=1&checkin=2026-08-06&checkout=2026-08-07&dest_id=35575&dest_type=city&group_adults=2&req_adults=2&no_rooms=1&group_children=0&req_children=0&hpos=3&hapos=127&sr_order=popularity&srpvid=3fbf57600a54002b&srepoch=1785759957&all_sr_blocks=1603867601_431330861_2_0_0&highlighted_blocks=1603867601_431330861_2_0_0&matching_block_id=1603867601_431330861_2_0_0&sr_pri_blocks=1603867601_431330861_2_0_0__1450000&from=searchresults,14500,,,Lahore,15.0,One-Bedroom Apartment,"2 beds (1 single, 1 sofa bed)",0,1,1,https://cf.bstatic.com/xdata/images/hotel/square240/841030820.webp?k=2724a57378b38dbaa6a3ad44056f3d394424105ffb30ee8cc7739f21459110c1&o=,4,Shorkot
One BHK Fully Furnished Apartment,https://www.booking.com/hotel/pk/one-bhk-fully-furnished-apartment.en-gb.html?aid=304142&label=gen173nr-10CAQoggJCCmNpdHlfMzU1NzVICVgEaLUBiAEBmAEzuAEHyAEM2AED6AEB-AEBiAIBqAIBuALAkcLTBsACAdICJGZkNjZkNGNmLTNhZGQtNDIyYS04YWIwLTdkZGFkMjg0NzdlMdgCAeACAQ&ucfs=1&arphpl=1&checkin=2026-08-06&checkout=2026-08-07&dest_id=35575&dest_type=city&group_adults=2&req_adults=2&no_rooms=1&group_children=0&req_children=0&hpos=4&hapos=128&sr_order=popularity&srpvid=3fbf57600a54002b&srepoch=1785759957&all_sr_blocks=1639279001_434205266_2_0_0&highlighted_blocks=1639279001_434205266_2_0_0&matching_block_id=1639279001_434205266_2_0_0&sr_pri_blocks=1639279001_434205266_2_0_0__560000&from=searchresults,5600,,,Lahore,13.8,One-Bedroom Apartment,1 double bed,0,1,1,https://cf.bstatic.com/xdata/images/hotel/square240/866375852.webp?k=75c207cf8ebd37ddd5938541fdec228ba35ab5de7641538774bf942d5e679107&o=,5,Shorkot
Home in bahria town Lahore,https://www.booking.com/hotel/pk/home-in-bahria-town-lahore.en-gb.html?aid=304142&label=gen173nr-10CAQoggJCCmNpdHlfMzU1NzVICVgEaLUBiAEBmAEzuAEHyAEM2AED6AEB-AEBiAIBqAIBuALAkcLTBsACAdICJGZkNjZkNGNmLTNhZGQtNDIyYS04YWIwLTdkZGFkMjg0NzdlMdgCAeACAQ&ucfs=1&arphpl=1&checkin=2026-08-06&checkout=2026-08-07&dest_id=35575&dest_type=city&group_adults=2&req_adults=2&no_rooms=1&group_children=0&req_children=0&hpos=5&hapos=129&sr_order=popularity&srpvid=3fbf57600a54002b&srepoch=1785759957&all_sr_blocks=1545361701_425836452_4_0_0&highlighted_blocks=1545361701_425836452_4_0_0&matching_block_id=1545361701_425836452_4_0_0&sr_pri_blocks=1545361701_425836452_4_0_0__1539930&from=searchresults,15399,,,Lahore,14.5,Two-Bedroom House,"9 beds (1 single, 1 extra-large double, 5 sofa beds, 2 large doubles)",0,1,1,https://cf.bstatic.com/xdata/images/hotel/square240/791856649.webp?k=9a726bc29b42f042a63a1223c22854670c542cdc35171c5da018f6718a77d289&o=,4,Shorkot
Black Pearl Studio,https://www.booking.com/hotel/pk/black-pearl-studio-lahore.en-gb.html?aid=304142&label=gen173nr-10CAQoggJCCmNpdHlfMzU1NzVICVgEaLUBiAEBmAEzuAEHyAEM2AED6AEB-AEBiAIBqAIBuALAkcLTBsACAdICJGZkNjZkNGNmLTNhZGQtNDIyYS04YWIwLTdkZGFkMjg0NzdlMdgCAeACAQ&ucfs=1&arphpl=1&checkin=2026-08-06&checkout=2026-08-07&dest_id=35575&dest_type=city&group_adults=2&req_adults=2&no_rooms=1&group_children=0&req_children=0&hpos=6&hapos=130&sr_order=popularity&srpvid=3fbf57600a54002b&srepoch=1785759957&all_sr_blocks=1503555401_422056523_3_0_0&highlighted_blocks=1503555401_422056523_3_0_0&matching_block_id=1503555401_422056523_3_0_0&sr_pri_blocks=1503555401_422056523_3_0_0__850000&from=searchresults,8500,,,Lahore,14.8,One-Bedroom Apartment,1 double bed,0,1,1,https://cf.bstatic.com/xdata/images/hotel/square240/757259302.webp?k=065bac5c6d58a5ec50012567263812ef5c12741ff544bf3d30435b5557e38858&o=,4,Shorkot
JS properties,https://www.booking.com/hotel/pk/js-properties.en-gb.html?aid=304142&label=gen173nr-10CAQoggJCCmNpdHlfMzU1NzVICVgEaLUBiAEBmAEzuAEHyAEM2AED6AEB-AEBiAIBqAIBuALAkcLTBsACAdICJGZkNjZkNGNmLTNhZGQtNDIyYS04YWIwLTdkZGFkMjg0NzdlMdgCAeACAQ&ucfs=1&arphpl=1&checkin=2026-08-06&checkout=2026-08-07&dest_id=35575&dest_type=city&group_adults=2&req_adults=2&no_rooms=1&group_children=0&req_children=0&hpos=7&hapos=131&sr_order=popularity&srpvid=3fbf57600a54002b&srepoch=1785759957&all_sr_blocks=1550124101_426222186_3_0_0&highlighted_blocks=1550124101_426222186_3_0_0&matching_block_id=1550124101_426222186_3_0_0&sr_pri_blocks=1550124101_426222186_3_0_0__650000&from=searchresults,6500,,,Lahore,14.9,One-Bedroom Apartment,"2 beds (1 double, 1 sofa bed)",0,1,1,https://cf.bstatic.com/xdata/images/hotel/square240/795783246.webp?k=d7e02c5a5902178f1432e7230f3ac1b9b6d0f250ccc5662266635f996405fa6b&o=,4,Shorkot
1 Bed Luxury apartment in Bahria,https://www.booking.com/hotel/pk/1-bed-luxury-apartment-in-bahria-lahore.en-gb.html?aid=304142&label=gen173nr-10CAQoggJCCmNpdHlfMzU1NzVICVgEaLUBiAEBmAEzuAEHyAEM2AED6AEB-AEBiAIBqAIBuALAkcLTBsACAdICJGZkNjZkNGNmLTNhZGQtNDIyYS04YWIwLTdkZGFkMjg0NzdlMdgCAeACAQ&ucfs=1&arphpl=1&checkin=2026-08-06&checkout=2026-08-07&dest_id=35575&dest_type=city&group_adults=2&req_adults=2&no_rooms=1&group_children=0&req_children=0&hpos=8&hapos=132&sr_order=popularity&srpvid=3fbf57600a54002b&srepoch=1785759957&all_sr_blocks=1508804901_422641618_3_0_0&highlighted_blocks=1508804901_422641618_3_0_0&matching_block_id=1508804901_422641618_3_0_0&sr_pri_blocks=1508804901_422641618_3_0_0__700000&from=searchresults,7000,,,Lahore,15.0,One-Bedroom Apartment,"2 beds (1 double, 1 sofa bed)",0,1,1,https://cf.bstatic.com/xdata/images/hotel/square240/762148493.webp?k=ea4ef254f1b187ba665f7319f823b6c7cf80dd9aaa961a3ee37ed91bb22de236&o=,4,Shorkot
Urban Nest,https://www.booking.com/hotel/pk/urban-nest-lahore2.en-gb.html?aid=304142&label=gen173nr-10CAQoggJCCmNpdHlfMzU1NzVICVgEaLUBiAEBmAEzuAEHyAEM2AED6AEB-AEBiAIBqAIBuALAkcLTBsACAdICJGZkNjZkNGNmLTNhZGQtNDIyYS04YWIwLTdkZGFkMjg0NzdlMdgCAeACAQ&ucfs=1&arphpl=1&checkin=2026-08-06&checkout=2026-08-07&dest_id=35575&dest_type=city&group_adults=2&req_adults=2&no_rooms=1&group_children=0&req_children=0&hpos=9&hapos=133&sr_order=popularity&srpvid=3fbf57600a54002b&srepoch=1785759957&all_sr_blocks=1495240501_421185697_4_0_0&highlighted_blocks=1495240501_421185697_4_0_0&matching_block_id=1495240501_421185697_4_0_0&sr_pri_blocks=1495240501_421185697_4_0_0__800000&from=searchresults,8000,,,Lahore,14.9,One-Bedroom Apartment,"3 beds (1 double, 2 sofa beds)",0,1,1,https://cf.bstatic.com/xdata/images/hotel/square240/748672429.webp?k=0012a1307ce4af35dcc67c1fa36fa665b7ab9ed8320bef36a975dd8107b0500e&o=,4,Shorkot
Urban Retreat-UR Apartments,https://www.booking.com/hotel/pk/urban-retreat-ur-apartments.en-gb.html?aid=304142&label=gen173nr-10CAQoggJCCmNpdHlfMzU1NzVICVgEaLUBiAEBmAEzuAEHyAEM2AED6AEB-AEBiAIBqAIBuALAkcLTBsACAdICJGZkNjZkNGNmLTNhZGQtNDIyYS04YWIwLTdkZGFkMjg0NzdlMdgCAeACAQ&ucfs=1&arphpl=1&checkin=2026-08-06&checkout=2026-08-07&dest_id=35575&dest_type=city&group_adults=2&req_adults=2&no_rooms=1&group_children=0&req_children=0&hpos=10&hapos=134&sr_order=popularity&srpvid=3fbf57600a54002b&srepoch=1785759957&all_sr_blocks=1565020801_427602314_2_0_0&highlighted_blocks=1565020801_427602314_2_0_0&matching_block_id=1565020801_427602314_2_0_0&sr_pri_blocks=1565020801_427602314_2_0_0__1000000&from=searchresults,10000,,,Lahore,14.8,One-Bedroom Apartment,1 double bed,0,1,1,https://cf.bstatic.com/xdata/images/hotel/square240/809356429.webp?k=2ded30fb22916d1ca965b0ec1235a26ba8e52452506c10ef50453a7feb13e1bc&o=,4,Shorkot
Peaceful Studio Apartment,https://www.booking.com/hotel/pk/peaceful-studio-apartment-lahore.en-gb.html?aid=304142&label=gen173nr-10CAQoggJCCmNpdHlfMzU1NzVICVgEaLUBiAEBmAEzuAEHyAEM2AED6AEB-AEBiAIBqAIBuALAkcLTBsACAdICJGZkNjZkNGNmLTNhZGQtNDIyYS04YWIwLTdkZGFkMjg0NzdlMdgCAeACAQ&ucfs=1&arphpl=1&checkin=2026-08-06&checkout=2026-08-07&dest_id=35575&dest_type=city&group_adults=2&req_adults=2&no_rooms=1&group_children=0&req_children=0&hpos=11&hapos=135&sr_order=popularity&srpvid=3fbf57600a54002b&srepoch=1785759957&all_sr_blocks=1569379901_428026862_3_0_0&highlighted_blocks=1569379901_428026862_3_0_0&matching_block_id=1569379901_428026862_3_0_0&sr_pri_blocks=1569379901_428026862_3_0_0__600000&from=searchresults,6000,,,Lahore,14.7,One-Bedroom Apartment,1 large double bed,0,1,1,https://cf.bstatic.com/xdata/images/hotel/square240/813655108.webp?k=21d6c93b39eb0ba313ceae8d24f446f632dbe6993699bc1c4b2f0a674c4b155d&o=,4,Shorkot
Talib height,https://www.booking.com/hotel/pk/talib-height-lahore2.en-gb.html?aid=304142&label=gen173nr-10CAQoggJCCmNpdHlfMzU1NzVICVgEaLUBiAEBmAEzuAEHyAEM2AED6AEB-AEBiAIBqAIBuALAkcLTBsACAdICJGZkNjZkNGNmLTNhZGQtNDIyYS04YWIwLTdkZGFkMjg0NzdlMdgCAeACAQ&ucfs=1&arphpl=1&checkin=2026-08-06&checkout=2026-08-07&dest_id=35575&dest_type=city&group_adults=2&req_adults=2&no_rooms=1&group_children=0&req_children=0&hpos=12&hapos=136&sr_order=popularity&srpvid=3fbf57600a54002b&srepoch=1785759957&all_sr_blocks=1460563201_417360308_2_0_0&highlighted_blocks=1460563201_417360308_2_0_0&matching_block_id=1460563201_417360308_2_0_0&sr_pri_blocks=1460563201_417360308_2_0_0__700000&from=searchresults,7000,,,Lahore,14.2,One-Bedroom Apartment,1 double bed,0,1,1,https://cf.bstatic.com/xdata/images/hotel/square240/716753629.webp?k=759306e8d3d5462757d59dc5e5666814f7630d1058e2edfa3426e3e953737eda&o=,4,Shorkot
Zahra Home,https://www.booking.com/hotel/pk/zahra-home.en-gb.html?aid=304142&label=gen173nr-10CAQoggJCCmNpdHlfMzU1NzVICVgEaLUBiAEBmAEzuAEHyAEM2AED6AEB-AEBiAIBqAIBuALAkcLTBsACAdICJGZkNjZkNGNmLTNhZGQtNDIyYS04YWIwLTdkZGFkMjg0NzdlMdgCAeACAQ&ucfs=1&arphpl=1&checkin=2026-08-06&checkout=2026-08-07&dest_id=35575&dest_type=city&group_adults=2&req_adults=2&no_rooms=1&group_children=0&req_children=0&hpos=13&hapos=137&sr_order=popularity&srpvid=3fbf57600a54002b&srepoch=1785759957&all_sr_blocks=1609089001_431818782_5_0_0&highlighted_blocks=1609089001_431818782_5_0_0&matching_block_id=1609089001_431818782_5_0_0&sr_pri_blocks=1609089001_431818782_5_0_0__2000000&from=searchresults,20000,,,Lahore,14.0,One-Bedroom Apartment,"3 beds (2 doubles, 1 sofa bed)",0,1,1,https://cf.bstatic.com/xdata/images/hotel/square240/845061593.webp?k=25c987774d09efc5bcc1099c3b33402e4c79d4cd34492f392032d33895d58f13&o=,4,Shorkot
1 Bed Apartment in Bahria Town Self CheckIn & Modern Comfort,https://www.booking.com/hotel/pk/the-sultan-residence.en-gb.html?aid=304142&label=gen173nr-10CAQoggJCCmNpdHlfMzU1NzVICVgEaLUBiAEBmAEzuAEHyAEM2AED6AEB-AEBiAIBqAIBuALAkcLTBsACAdICJGZkNjZkNGNmLTNhZGQtNDIyYS04YWIwLTdkZGFkMjg0NzdlMdgCAeACAQ&ucfs=1&arphpl=1&checkin=2026-08-06&checkout=2026-08-07&dest_id=35575&dest_type=city&group_adults=2&req_adults=2&no_rooms=1&group_children=0&req_children=0&hpos=14&hapos=138&sr_order=popularity&srpvid=3fbf57600a54002b&srepoch=1785759957&all_sr_blocks=1611293501_433767254_3_0_0&highlighted_blocks=1611293501_433767254_3_0_0&matching_block_id=1611293501_433767254_3_0_0&sr_pri_blocks=1611293501_433767254_3_0_0__620000&from=searchresults,6200,7.0,13.0,Lahore,14.9,One-Bedroom Apartment,"2 beds (1 double, 1 sofa bed)",0,1,1,https://cf.bstatic.com/xdata/images/hotel/square240/848394567.webp?k=a36314e352765383a5f30dfaf8181e09556f3fb687ebb3ba45dbfdaa5e161a0b&o=,4,Shorkot
Multiple Apartments in Lahore,https://www.booking.com/hotel/pk/multiple-apartments-in-lahore.en-gb.html?aid=304142&label=gen173nr-10CAQoggJCCmNpdHlfMzU1NzVICVgEaLUBiAEBmAEzuAEHyAEM2AED6AEB-AEBiAIBqAIBuALAkcLTBsACAdICJGZkNjZkNGNmLTNhZGQtNDIyYS04YWIwLTdkZGFkMjg0NzdlMdgCAeACAQ&ucfs=1&arphpl=1&checkin=2026-08-06&checkout=2026-08-07&dest_id=35575&dest_type=city&group_adults=2&req_adults=2&no_rooms=1&group_children=0&req_children=0&hpos=15&hapos=139&sr_order=popularity&srpvid=3fbf57600a54002b&srepoch=1785759957&all_sr_blocks=1679475201_439723892_3_0_0&highlighted_blocks=1679475201_439723892_3_0_0&matching_block_id=1679475201_439723892_3_0_0&sr_pri_blocks=1679475201_439723892_3_0_0__748000&from=searchresults,7480,10,7.0,Lahore,15.1,One-Bedroom Apartment,1 double bed,0,1,1,https://cf.bstatic.com/xdata/images/hotel/square240/890674870.webp?k=0b06023dc3064971688731c6e9f41529d51bac21f2dd79b6951dca2cf48006e3&o=,5,Shorkot
UHR One Bed Apartment Bahria Town Lahore,https://www.booking.com/hotel/pk/uhr-one-bed-apartment-bahria-town-lahore.en-gb.html?aid=304142&label=gen173nr-10CAQoggJCCmNpdHlfMzU1NzVICVgEaLUBiAEBmAEzuAEHyAEM2AED6AEB-AEBiAIBqAIBuALAkcLTBsACAdICJGZkNjZkNGNmLTNhZGQtNDIyYS04YWIwLTdkZGFkMjg0NzdlMdgCAeACAQ&ucfs=1&arphpl=1&checkin=2026-08-06&checkout=2026-08-07&dest_id=35575&dest_type=city&group_adults=2&req_adults=2&no_rooms=1&group_children=0&req_children=0&hpos=16&hapos=140&sr_order=popularity&srpvid=3fbf57600a54002b&srepoch=1785759957&all_sr_blocks=1652683501_437231631_2_0_0&highlighted_blocks=1652683501_437231631_2_0_0&matching_block_id=1652683501_437231631_2_0_0&sr_pri_blocks=1652683501_437231631_2_0_0__960000&from=searchresults,9600,9.4,16.0,Lahore,15.1,One-Bedroom Apartment,1 double bed,0,1,1,https://cf.bstatic.com/xdata/images/hotel/square240/892355755.webp?k=c78e6567eb3899735638b8090f3d9a3e0e4b1a2339e33724fe578edbd821d0af&o=,5,Shorkot
Stylish Apartments in Bahria Town Lahore,https://www.booking.com/hotel/pk/stylish-apartments-in-bahria-town-lahore.en-gb.html?aid=304142&label=gen173nr-10CAQoggJCCmNpdHlfMzU1NzVICVgEaLUBiAEBmAEzuAEHyAEM2AED6AEB-AEBiAIBqAIBuALAkcLTBsACAdICJGZkNjZkNGNmLTNhZGQtNDIyYS04YWIwLTdkZGFkMjg0NzdlMdgCAeACAQ&ucfs=1&arphpl=1&checkin=2026-08-06&checkout=2026-08-07&dest_id=35575&dest_type=city&group_adults=2&req_adults=2&no_rooms=1&group_children=0&req_children=0&hpos=17&hapos=141&sr_order=popularity&srpvid=3fbf57600a54002b&srepoch=1785759957&all_sr_blocks=1679479401_439724312_3_0_0&highlighted_blocks=1679479401_439724312_3_0_0&matching_block_id=1679479401_439724312_3_0_0&sr_pri_blocks=1679479401_439724312_3_0_0__714000&from=searchresults,7140,10,10.0,Lahore,15.0,One-Bedroom Apartment,1 double bed,0,1,1,https://cf.bstatic.com/xdata/images/hotel/square240/890676629.webp?k=999a057b2b5e51515e9894295e166605b8d9e8b41708ba7f0a54d5ee9690e8c0&o=,5,Shorkot
2 BHK Apartment 3 AC in Bahria Town Lahore,https://www.booking.com/hotel/pk/peaceful-stay-in-bahria-town-lahore.en-gb.html?aid=304142&label=gen173nr-10CAQoggJCCmNpdHlfMzU1NzVICVgEaLUBiAEBmAEzuAEHyAEM2AED6AEB-AEBiAIBqAIBuALAkcLTBsACAdICJGZkNjZkNGNmLTNhZGQtNDIyYS04YWIwLTdkZGFkMjg0NzdlMdgCAeACAQ&ucfs=1&arphpl=1&checkin=2026-08-06&checkout=2026-08-07&dest_id=35575&dest_type=city&group_adults=2&req_adults=2&no_rooms=1&group_children=0&req_children=0&hpos=18&hapos=142&sr_order=popularity&srpvid=3fbf57600a54002b&srepoch=1785759957&all_sr_blocks=1679481802_439724474_6_0_0&highlighted_blocks=1679481802_439724474_6_0_0&matching_block_id=1679481802_439724474_6_0_0&sr_pri_blocks=1679481802_439724474_6_0_0__1600000&from=searchresults,16000,10,6.0,Lahore,15.1,King Room,2 large double beds,0,1,1,https://cf.bstatic.com/xdata/images/hotel/square240/890677899.webp?k=8ecfecdce5382970387f5fe4781a8994532805e01d9bd1c5794bcc873745ea48&o=,5,Shorkot
Modern Elite stays in Bahria Town Lahore,https://www.booking.com/hotel/pk/modern-elite-stays-in-bahria-town-lahore.en-gb.html?aid=304142&label=gen173nr-10CAQoggJCCmNpdHlfMzU1NzVICVgEaLUBiAEBmAEzuAEHyAEM2AED6AEB-AEBiAIBqAIBuALAkcLTBsACAdICJGZkNjZkNGNmLTNhZGQtNDIyYS04YWIwLTdkZGFkMjg0NzdlMdgCAeACAQ&ucfs=1&arphpl=1&checkin=2026-08-06&checkout=2026-08-07&dest_id=35575&dest_type=city&group_adults=2&req_adults=2&no_rooms=1&group_children=0&req_children=0&hpos=19&hapos=143&sr_order=popularity&srpvid=3fbf57600a54002b&srepoch=1785759957&all_sr_blocks=1580306301_429130033_2_0_0&highlighted_blocks=1580306301_429130033_2_0_0&matching_block_id=1580306301_429130033_2_0_0&sr_pri_blocks=1580306301_429130033_2_0_0__625000&from=searchresults,6250,9.0,24.0,Lahore,15.1,One-Bedroom Apartment,1 double bed,0,1,1,https://cf.bstatic.com/xdata/images/hotel/square240/890866640.webp?k=2fd53540513a7b20305a1bf9b902863741a745614dfb48da4473c37dffb661cc&o=,12,Shorkot
Royal Modern Apartment In Bahria Lahore,https://www.booking.com/hotel/pk/sky-blue-luxury-apartment-in-bahria-lahore.en-gb.html?aid=304142&label=gen173nr-10CAQoggJCCmNpdHlfMzU1NzVICVgEaLUBiAEBmAEzuAEHyAEM2AED6AEB-AEBiAIBqAIBuALAkcLTBsACAdICJGZkNjZkNGNmLTNhZGQtNDIyYS04YWIwLTdkZGFkMjg0NzdlMdgCAeACAQ&ucfs=1&arphpl=1&checkin=2026-08-06&checkout=2026-08-07&dest_id=35575&dest_type=city&group_adults=2&req_adults=2&no_rooms=1&group_children=0&req_children=0&hpos=20&hapos=144&sr_order=popularity&srpvid=3fbf57600a54002b&srepoch=1785759957&all_sr_blocks=1577849304_428895291_3_0_0&highlighted_blocks=1577849304_428895291_3_0_0&matching_block_id=1577849304_428895291_3_0_0&sr_pri_blocks=1577849304_428895291_3_0_0__560800&from=searchresults,5608,9.2,12.0,Lahore,15.3,Apartment,"2 beds (1 extra-large double, 1 sofa bed)",0,1,1,https://cf.bstatic.com/xdata/images/hotel/square240/884445528.webp?k=7b63a21f6d42b08988de98b3eb9e678238e67a02bb1358da77ba9034c9ac9437&o=,5,Shorkot
Zameen Opal,https://www.booking.com/hotel/pk/zameen-opal-lahore13.en-gb.html?aid=304142&label=gen173nr-10CAQoggJCCmNpdHlfMzU1NzVICVgEaLUBiAEBmAEzuAEHyAEM2AED6AEB-AEBiAIBqAIBuALAkcLTBsACAdICJGZkNjZkNGNmLTNhZGQtNDIyYS04YWIwLTdkZGFkMjg0NzdlMdgCAeACAQ&ucfs=1&arphpl=1&checkin=2026-08-06&checkout=2026-08-07&dest_id=35575&dest_type=city&group_adults=2&req_adults=2&no_rooms=1&group_children=0&req_children=0&hpos=21&hapos=145&sr_order=popularity&srpvid=3fbf57600a54002b&srepoch=1785759957&all_sr_blocks=1325697001_405180256_3_0_0&highlighted_blocks=1325697001_405180256_3_0_0&matching_block_id=1325697001_405180256_3_0_0&sr_pri_blocks=1325697001_405180256_3_0_0__720000&from=searchresults,7200,7.2,24.0,Lahore,18.7,One-Bedroom Apartment,"2 beds (1 double, 1 sofa bed)",0,0,1,https://cf.bstatic.com/xdata/images/hotel/square240/625178265.webp?k=601944f16c14f7096b3cfc463f7463864da137941969a31bcec7f79879e76dda&o=,9,Shorkot
Luxury AC one bed apartment Bahria Town Lahore,https://www.booking.com/hotel/pk/luxury-one-bed-apartment-bahria-town-lahore.en-gb.html?aid=304142&label=gen173nr-10CAQoggJCCmNpdHlfMzU1NzVICVgEaLUBiAEBmAEzuAEHyAEM2AED6AEB-AEBiAIBqAIBuALAkcLTBsACAdICJGZkNjZkNGNmLTNhZGQtNDIyYS04YWIwLTdkZGFkMjg0NzdlMdgCAeACAQ&ucfs=1&arphpl=1&checkin=2026-08-06&checkout=2026-08-07&dest_id=35575&dest_type=city&group_adults=2&req_adults=2&no_rooms=1&group_children=0&req_children=0&hpos=22&hapos=146&sr_order=popularity&srpvid=3fbf57600a54002b&srepoch=1785759957&all_sr_blocks=1642949402_434466311_3_0_0&highlighted_blocks=1642949402_434466311_3_0_0&matching_block_id=1642949402_434466311_3_0_0&sr_pri_blocks=1642949402_434466311_3_0_0__924000&from=searchresults,9240,9.5,9.0,Lahore,15.0,Apartment with City View,"2 beds (1 sofa bed, 1 large double)",0,1,1,https://cf.bstatic.com/xdata/images/hotel/square240/890659074.webp?k=1583c770b99b4b05d5a5e93cbbc89d699af25e1162ff3991eab892f8779b5209&o=,5,Shorkot
Zavari Haus,https://www.booking.com/hotel/pk/zavari-haus-lahore.en-gb.html?aid=304142&label=gen173nr-10CAQoggJCCmNpdHlfMzU1NzVICVgEaLUBiAEBmAEzuAEHyAEM2AED6AEB-AEBiAIBqAIBuALAkcLTBsACAdICJGZkNjZkNGNmLTNhZGQtNDIyYS04YWIwLTdkZGFkMjg0NzdlMdgCAeACAQ&ucfs=1&arphpl=1&checkin=2026-08-06&checkout=2026-08-07&dest_id=35575&dest_type=city&group_adults=2&req_adults=2&no_rooms=1&group_children=0&req_children=0&hpos=23&hapos=147&sr_order=popularity&srpvid=3fbf57600a54002b&srepoch=1785759957&all_sr_blocks=1689465101_440596244_3_0_0&highlighted_blocks=1689465101_440596244_3_0_0&matching_block_id=1689465101_440596244_3_0_0&sr_pri_blocks=1689465101_440596244_3_0_0__594915&from=searchresults,5949,9.3,3.0,Lahore,15.1,One-Bedroom Apartment,"3 beds (1 double, 2 sofa beds)",0,1,1,https://cf.bstatic.com/xdata/images/hotel/square240/895441194.webp?k=04c60dc3e2b6ee846c0354b7d79ccf5efc21f6ccf867d46491f0f96ecabaf0b9&o=,4,Shorkot
Vibe Inn apartments,https://www.booking.com/hotel/pk/vibe-inn-apartments.en-gb.html?aid=304142&label=gen173nr-10CAQoggJCCmNpdHlfMzU1NzVICVgEaLUBiAEBmAEzuAEHyAEM2AED6AEB-AEBiAIBqAIBuALAkcLTBsACAdICJGZkNjZkNGNmLTNhZGQtNDIyYS04YWIwLTdkZGFkMjg0NzdlMdgCAeACAQ&ucfs=1&arphpl=1&checkin=2026-08-06&checkout=2026-08-07&dest_id=35575&dest_type=city&group_adults=2&req_adults=2&no_rooms=1&group_children=0&req_children=0&hpos=24&hapos=148&sr_order=popularity&srpvid=3fbf57600a54002b&srepoch=1785759957&all_sr_blocks=1668062102_438635167_2_0_0&highlighted_blocks=1668062102_438635167_2_0_0&matching_block_id=1668062102_438635167_2_0_0&sr_pri_blocks=1668062102_438635167_2_0_0__578000&from=searchresults,5780,7.7,4.0,Lahore,15.1,One-Bedroom Apartment,"2 beds (1 double, 1 sofa bed)",0,1,1,https://cf.bstatic.com/xdata/images/hotel/square240/883612659.webp?k=e5854dd4065a5ea384820e0e524f6cae843ea127c0e1550d6e70196aa7035774&o=,5,Shorkot
Multiple Luxury Apartments in Bahria Town Lahore,https://www.booking.com/hotel/pk/one-bed-apartment-in-bahria-town-lahore-lahore1.en-gb.html?aid=304142&label=gen173nr-10CAQoggJCCmNpdHlfMzU1NzVICVgEaLUBiAEBmAEzuAEHyAEM2AED6AEB-AEBiAIBqAIBuALAkcLTBsACAdICJGZkNjZkNGNmLTNhZGQtNDIyYS04YWIwLTdkZGFkMjg0NzdlMdgCAeACAQ&ucfs=1&arphpl=1&checkin=2026-08-06&checkout=2026-08-07&dest_id=35575&dest_type=city&group_adults=2&req_adults=2&no_rooms=1&group_children=0&req_children=0&hpos=25&hapos=149&sr_order=popularity&srpvid=3fbf57600a54002b&srepoch=1785759957&all_sr_blocks=1678901501_439671914_3_0_0&highlighted_blocks=1678901501_439671914_3_0_0&matching_block_id=1678901501_439671914_3_0_0&sr_pri_blocks=1678901501_439671914_3_0_0__748000&from=searchresults,7480,8.7,7.0,Lahore,15.1,One-Bedroom Apartment,"2 beds (1 double, 1 sofa bed)",0,1,1,https://cf.bstatic.com/xdata/images/hotel/square240/890661558.webp?k=6124e1e4ee363e533348406d1b1454aabcae9e41e19a9aab0b3f2e3959b7c914&o=,5,Shorkot
ImperiaL 1-BHK Apartment -- Bahria Town,https://www.booking.com/hotel/pk/family-apartment-near-bahria-town-lahore-hadaya-homes.en-gb.html?aid=304142&label=gen173nr-10CAQoggJCCmNpdHlfMzU1NzVICVgEaLUBiAEBmAEzuAEHyAEM2AED6AEB-AEBiAIBqAIBuALAkcLTBsACAdICJGZkNjZkNGNmLTNhZGQtNDIyYS04YWIwLTdkZGFkMjg0NzdlMdgCAeACAQ&ucfs=1&arphpl=1&checkin=2026-08-06&checkout=2026-08-07&dest_id=35575&dest_type=city&group_adults=2&req_adults=2&no_rooms=1&group_children=0&req_children=0&hpos=1&hapos=150&sr_order=popularity&srpvid=3fbf57600a54002b&srepoch=1785759959&all_sr_blocks=1673290201_439095901_3_0_0&highlighted_blocks=1673290201_439095901_3_0_0&matching_block_id=1673290201_439095901_3_0_0&sr_pri_blocks=1673290201_439095901_3_0_0__608000&from=searchresults,6080,10,2.0,Lahore,19.8,One-Bedroom Apartment,"2 beds (1 double, 1 sofa bed)",0,1,1,https://cf.bstatic.com/xdata/images/hotel/square240/901260063.webp?k=1a15a3e5c4a715c93fd261caae63ffa85345180c9b2a7b63fcd5340c009e4b29&o=,5,Shorkot
Peaceful apartment in Bahria Town Lahore,https://www.booking.com/hotel/pk/peaceful-apartment-in-bahria-town-lahore.en-gb.html?aid=304142&label=gen173nr-10CAQoggJCCmNpdHlfMzU1NzVICVgEaLUBiAEBmAEzuAEHyAEM2AED6AEB-AEBiAIBqAIBuALAkcLTBsACAdICJGZkNjZkNGNmLTNhZGQtNDIyYS04YWIwLTdkZGFkMjg0NzdlMdgCAeACAQ&ucfs=1&arphpl=1&checkin=2026-08-06&checkout=2026-08-07&dest_id=35575&dest_type=city&group_adults=2&req_adults=2&no_rooms=1&group_children=0&req_children=0&hpos=2&hapos=151&sr_order=popularity&srpvid=3fbf57600a54002b&srepoch=1785759959&all_sr_blocks=1683871801_440107405_3_0_0&highlighted_blocks=1683871801_440107405_3_0_0&matching_block_id=1683871801_440107405_3_0_0&sr_pri_blocks=1683871801_440107405_3_0_0__1062500&from=searchresults,10625,10,7.0,Lahore,15.1,One-Bedroom Apartment,1 double bed,0,1,1,https://cf.bstatic.com/xdata/images/hotel/square240/892837025.webp?k=3511b92ef770b0588f29edecfcaa25f339bb863136a9a4f48896e221f612bb1a&o=,4,Shorkot
Bahria Town Lahore Apartment's,https://www.booking.com/hotel/pk/bahria-town-lahore-apartments.en-gb.html?aid=304142&label=gen173nr-10CAQoggJCCmNpdHlfMzU1NzVICVgEaLUBiAEBmAEzuAEHyAEM2AED6AEB-AEBiAIBqAIBuALAkcLTBsACAdICJGZkNjZkNGNmLTNhZGQtNDIyYS04YWIwLTdkZGFkMjg0NzdlMdgCAeACAQ&ucfs=1&arphpl=1&checkin=2026-08-06&checkout=2026-08-07&dest_id=35575&dest_type=city&group_adults=2&req_adults=2&no_rooms=1&group_children=0&req_children=0&hpos=3&hapos=152&sr_order=popularity&srpvid=3fbf57600a54002b&srepoch=1785759959&all_sr_blocks=1699120801_441557080_3_0_0&highlighted_blocks=1699120801_441557080_3_0_0&matching_block_id=1699120801_441557080_3_0_0&sr_pri_blocks=1699120801_441557080_3_0_0__765000&from=searchresults,7650,,,Lahore,15.1,One-Bedroom Apartment,"2 beds (1 double, 1 sofa bed)",0,1,1,https://cf.bstatic.com/xdata/images/hotel/square240/901867500.webp?k=c410798c56b92d76e1f1f913487f05e85b32342a844e0ed2e4eafb59c087b9d1&o=,4,Shorkot
Executive 1 Bedroom Apartment Lahore,https://www.booking.com/hotel/pk/executive-1-bedroom-apartment-lahore.en-gb.html?aid=304142&label=gen173nr-10CAQoggJCCmNpdHlfMzU1NzVICVgEaLUBiAEBmAEzuAEHyAEM2AED6AEB-AEBiAIBqAIBuALAkcLTBsACAdICJGZkNjZkNGNmLTNhZGQtNDIyYS04YWIwLTdkZGFkMjg0NzdlMdgCAeACAQ&ucfs=1&arphpl=1&checkin=2026-08-06&checkout=2026-08-07&dest_id=35575&dest_type=city&group_adults=2&req_adults=2&no_rooms=1&group_children=0&req_children=0&hpos=4&hapos=153&sr_order=popularity&srpvid=3fbf57600a54002b&srepoch=1785759959&all_sr_blocks=1586016301_429719625_3_0_0&highlighted_blocks=1586016301_429719625_3_0_0&matching_block_id=1586016301_429719625_3_0_0&sr_pri_blocks=1586016301_429719625_3_0_0__570000&from=searchresults,5700,9.0,4.0,Lahore,19.8,One-Bedroom Apartment,1 double bed,0,1,1,https://cf.bstatic.com/xdata/images/hotel/square240/826814702.webp?k=269da2454e31538819784332d68ec9d78ed8bd22b6655c7fb97860712c6763bf&o=,5,Shorkot
Umairs Haven Residences Apartments Bahria Town Lahore,https://www.booking.com/hotel/pk/umairs-haven-residences-apartments-bahria-town-lahore.en-gb.html?aid=304142&label=gen173nr-10CAQoggJCCmNpdHlfMzU1NzVICVgEaLUBiAEBmAEzuAEHyAEM2AED6AEB-AEBiAIBqAIBuALAkcLTBsACAdICJGZkNjZkNGNmLTNhZGQtNDIyYS04YWIwLTdkZGFkMjg0NzdlMdgCAeACAQ&ucfs=1&arphpl=1&checkin=2026-08-06&checkout=2026-08-07&dest_id=35575&dest_type=city&group_adults=2&req_adults=2&no_rooms=1&group_children=0&req_children=0&hpos=5&hapos=154&sr_order=popularity&srpvid=3fbf57600a54002b&srepoch=1785759959&all_sr_blocks=1640301601_434282151_3_0_0&highlighted_blocks=1640301601_434282151_3_0_0&matching_block_id=1640301601_434282151_3_0_0&sr_pri_blocks=1640301601_434282151_3_0_0__792000&from=searchresults,7920,9.0,30.0,Lahore,15.1,Apartment,"18 beds (1 double, 3 extra-large doubles, 1 bunk bed, 5 sofa beds, 8 large doubles)",0,0,0,https://cf.bstatic.com/xdata/images/hotel/square240/889119005.webp?k=6290b8e50d8322b8e27baebf30aac0be652bba326072f8cb5bf130eae14dfae6&o=,12,Shorkot
2 bedrooms living apartments,https://www.booking.com/hotel/pk/robust-living-lahore.en-gb.html?aid=304142&label=gen173nr-10CAQoggJCCmNpdHlfMzU1NzVICVgEaLUBiAEBmAEzuAEHyAEM2AED6AEB-AEBiAIBqAIBuALAkcLTBsACAdICJGZkNjZkNGNmLTNhZGQtNDIyYS04YWIwLTdkZGFkMjg0NzdlMdgCAeACAQ&ucfs=1&arphpl=1&checkin=2026-08-06&checkout=2026-08-07&dest_id=35575&dest_type=city&group_adults=2&req_adults=2&no_rooms=1&group_children=0&req_children=0&hpos=6&hapos=155&sr_order=popularity&srpvid=3fbf57600a54002b&srepoch=1785759959&all_sr_blocks=1600406803_431004882_3_0_0&highlighted_blocks=1600406803_431004882_3_0_0&matching_block_id=1600406803_431004882_3_0_0&sr_pri_blocks=1600406803_431004882_3_0_0__720000&from=searchresults,7200,9.7,10.0,Lahore,19.8,One-Bedroom Apartment with Balcony and City View,"2 beds (1 sofa bed, 1 large double)",0,1,1,https://cf.bstatic.com/xdata/images/hotel/square240/891424045.webp?k=57c2807b66bc57cde61bf04bcd9f43561d5ddc8cdbb9de031acdfd685fdcca96&o=,5,Shorkot
Eiffel Facing Embrace Luxury 1BHK,https://www.booking.com/hotel/pk/eiffel-embrace-luxury-1bhk.en-gb.html?aid=304142&label=gen173nr-10CAQoggJCCmNpdHlfMzU1NzVICVgEaLUBiAEBmAEzuAEHyAEM2AED6AEB-AEBiAIBqAIBuALAkcLTBsACAdICJGZkNjZkNGNmLTNhZGQtNDIyYS04YWIwLTdkZGFkMjg0NzdlMdgCAeACAQ&ucfs=1&arphpl=1&checkin=2026-08-06&checkout=2026-08-07&dest_id=35575&dest_type=city&group_adults=2&req_adults=2&no_rooms=1&group_children=0&req_children=0&hpos=7&hapos=156&sr_order=popularity&srpvid=3fbf57600a54002b&srepoch=1785759959&all_sr_blocks=1400007301_411856142_2_0_0&highlighted_blocks=1400007301_411856142_2_0_0&matching_block_id=1400007301_411856142_2_0_0&sr_pri_blocks=1400007301_411856142_2_0_0__729000&from=searchresults,7290,8.2,30.0,Lahore,15.3,One-Bedroom Apartment,"3 beds (2 sofa beds, 1 large double)",0,0,0,https://cf.bstatic.com/xdata/images/hotel/square240/698011535.webp?k=831d6bbdb640114e4e21da2495c1252ff97788357e5025ace47608a85769ad0e&o=,10,Shorkot
Effile view studio apartment,https://www.booking.com/hotel/pk/effile-view-studio-apartment.en-gb.html?aid=304142&label=gen173nr-10CAQoggJCCmNpdHlfMzU1NzVICVgEaLUBiAEBmAEzuAEHyAEM2AED6AEB-AEBiAIBqAIBuALAkcLTBsACAdICJGZkNjZkNGNmLTNhZGQtNDIyYS04YWIwLTdkZGFkMjg0NzdlMdgCAeACAQ&ucfs=1&arphpl=1&checkin=2026-08-06&checkout=2026-08-07&dest_id=35575&dest_type=city&group_adults=2&req_adults=2&no_rooms=1&group_children=0&req_children=0&hpos=8&hapos=157&sr_order=popularity&srpvid=3fbf57600a54002b&srepoch=1785759959&all_sr_blocks=1407123001_412487736_2_0_0&highlighted_blocks=1407123001_412487736_2_0_0&matching_block_id=1407123001_412487736_2_0_0&sr_pri_blocks=1407123001_412487736_2_0_0__495000&from=searchresults,4950,7.5,2.0,Lahore,15.2,One-Bedroom Apartment,1 double bed,0,1,1,https://cf.bstatic.com/xdata/images/hotel/square240/678520461.webp?k=4409a701337a2b4ca5f8d820b03d1157f9c06b2c79b786fb435c4b8437095ee2&o=,4,Shorkot
Dark and Cozy 1BHK Sleep under the Stars Indoors,https://www.booking.com/hotel/pk/dark-and-cozy-1bhk-sleep-under-the-stars-indoors.en-gb.html?aid=304142&label=gen173nr-10CAQoggJCCmNpdHlfMzU1NzVICVgEaLUBiAEBmAEzuAEHyAEM2AED6AEB-AEBiAIBqAIBuALAkcLTBsACAdICJGZkNjZkNGNmLTNhZGQtNDIyYS04YWIwLTdkZGFkMjg0NzdlMdgCAeACAQ&ucfs=1&arphpl=1&checkin=2026-08-06&checkout=2026-08-07&dest_id=35575&dest_type=city&group_adults=2&req_adults=2&no_rooms=1&group_children=0&req_children=0&hpos=9&hapos=158&sr_order=popularity&srpvid=3fbf57600a54002b&srepoch=1785759959&all_sr_blocks=1501893001_421875146_3_0_0&highlighted_blocks=1501893001_421875146_3_0_0&matching_block_id=1501893001_421875146_3_0_0&sr_pri_blocks=1501893001_421875146_3_0_0__850000&from=searchresults,8500,7.0,3.0,Lahore,18.9,One-Bedroom Apartment,"2 beds (1 double, 1 sofa bed)",0,1,1,https://cf.bstatic.com/xdata/images/hotel/square240/774314096.webp?k=ecbb3a1991311c08f59fc54e890005eae143c0f82b5edda0bd143b38d07682f1&o=,4,Shorkot
2 Bhk AC Wifi Kitchen Private Parking,https://www.booking.com/hotel/pk/family-hadaya-apartment.en-gb.html?aid=304142&label=gen173nr-10CAQoggJCCmNpdHlfMzU1NzVICVgEaLUBiAEBmAEzuAEHyAEM2AED6AEB-AEBiAIBqAIBuALAkcLTBsACAdICJGZkNjZkNGNmLTNhZGQtNDIyYS04YWIwLTdkZGFkMjg0NzdlMdgCAeACAQ&ucfs=1&arphpl=1&checkin=2026-08-06&checkout=2026-08-07&dest_id=35575&dest_type=city&group_adults=2&req_adults=2&no_rooms=1&group_children=0&req_children=0&hpos=10&hapos=159&sr_order=popularity&srpvid=3fbf57600a54002b&srepoch=1785759959&all_sr_blocks=1613964101_432282416_3_0_0&highlighted_blocks=1613964101_432282416_3_0_0&matching_block_id=1613964101_432282416_3_0_0&sr_pri_blocks=1613964101_432282416_3_0_0__935000&from=searchresults,9350,8.0,11.0,Lahore,19.8,One-Bedroom Apartment,1 large double bed,0,1,1,https://cf.bstatic.com/xdata/images/hotel/square240/888218665.webp?k=95649158b72e7ff017168946bae8c881f274eaa460f493296b64e5cc8122ecbe&o=,4,Shorkot
Hotel Royal Sweet,https://www.booking.com/hotel/pk/royal-sweet.en-gb.html?aid=304142&label=gen173nr-10CAQoggJCCmNpdHlfMzU1NzVICVgEaLUBiAEBmAEzuAEHyAEM2AED6AEB-AEBiAIBqAIBuALAkcLTBsACAdICJGZkNjZkNGNmLTNhZGQtNDIyYS04YWIwLTdkZGFkMjg0NzdlMdgCAeACAQ&ucfs=1&arphpl=1&checkin=2026-08-06&checkout=2026-08-07&dest_id=35575&dest_type=city&group_adults=2&req_adults=2&no_rooms=1&group_children=0&req_children=0&hpos=11&hapos=160&sr_order=popularity&srpvid=3fbf57600a54002b&srepoch=1785759959&all_sr_blocks=916523705_380765910_2_42_0&highlighted_blocks=916523705_380765910_2_42_0&matching_block_id=916523705_380765910_2_42_0&sr_pri_blocks=916523705_380765910_2_42_0__670000&from=searchresults,6700,6.0,26.0,Lahore,18.9,Deluxe Queen Room,1 extra-large double bed,0,1,1,https://cf.bstatic.com/xdata/images/hotel/square240/511718636.webp?k=cde61d9a355cd3d125b7a4dd350eb844204365255a976930c40a53ae2cad419b&o=,4,Shorkot
Zameen Opal Executive Apartments LDA Avenue Raiwand Rd Secured building,https://www.booking.com/hotel/pk/one-bedroom-apartment-in-raiwand-rd-landbreeze-zameen-opal.en-gb.html?aid=304142&label=gen173nr-10CAQoggJCCmNpdHlfMzU1NzVICVgEaLUBiAEBmAEzuAEHyAEM2AED6AEB-AEBiAIBqAIBuALAkcLTBsACAdICJGZkNjZkNGNmLTNhZGQtNDIyYS04YWIwLTdkZGFkMjg0NzdlMdgCAeACAQ&ucfs=1&arphpl=1&checkin=2026-08-06&checkout=2026-08-07&dest_id=35575&dest_type=city&group_adults=2&req_adults=2&no_rooms=1&group_children=0&req_children=0&hpos=12&hapos=161&sr_order=popularity&srpvid=3fbf57600a54002b&srepoch=1785759959&all_sr_blocks=1560283104_427132768_0_0_0&highlighted_blocks=1560283104_427132768_0_0_0&matching_block_id=1560283104_427132768_0_0_0&sr_pri_blocks=1560283104_427132768_0_0_0__630000&from=searchresults,6300,4.4,7.0,Lahore,18.7,Duplex Studio,1 double bed,0,1,1,https://cf.bstatic.com/xdata/images/hotel/square240/891859750.webp?k=4cb12abf9a8cfcdd415c9120959fec93365bd6d40c624abf133952d607855823&o=,5,Shorkot
Alfazal apartment,https://www.booking.com/hotel/pk/alfazal-apartment.en-gb.html?aid=304142&label=gen173nr-10CAQoggJCCmNpdHlfMzU1NzVICVgEaLUBiAEBmAEzuAEHyAEM2AED6AEB-AEBiAIBqAIBuALAkcLTBsACAdICJGZkNjZkNGNmLTNhZGQtNDIyYS04YWIwLTdkZGFkMjg0NzdlMdgCAeACAQ&ucfs=1&arphpl=1&checkin=2026-08-06&checkout=2026-08-07&dest_id=35575&dest_type=city&group_adults=2&req_adults=2&no_rooms=1&group_children=0&req_children=0&hpos=13&hapos=162&sr_order=popularity&srpvid=3fbf57600a54002b&srepoch=1785759959&all_sr_blocks=1579304002_429030697_2_0_0&highlighted_blocks=1579304002_429030697_2_0_0&matching_block_id=1579304002_429030697_2_0_0&sr_pri_blocks=1579304002_429030697_2_0_0__440000&from=searchresults,4400,5.6,5.0,Lahore,19.8,One-Bedroom Apartment,"3 beds (2 sofa beds, 1 large double)",0,1,1,https://cf.bstatic.com/xdata/images/hotel/square240/821308106.webp?k=6d514f40dfb8d17287952ce38d88ca7e898dc3b3190b649ead6e6adbb2956864&o=,4,Shorkot
Premium category Suites,https://www.booking.com/hotel/pk/hadaya-homes-families-lahore.en-gb.html?aid=304142&label=gen173nr-10CAQoggJCCmNpdHlfMzU1NzVICVgEaLUBiAEBmAEzuAEHyAEM2AED6AEB-AEBiAIBqAIBuALAkcLTBsACAdICJGZkNjZkNGNmLTNhZGQtNDIyYS04YWIwLTdkZGFkMjg0NzdlMdgCAeACAQ&ucfs=1&arphpl=1&checkin=2026-08-06&checkout=2026-08-07&dest_id=35575&dest_type=city&group_adults=2&req_adults=2&no_rooms=1&group_children=0&req_children=0&hpos=14&hapos=163&sr_order=popularity&srpvid=3fbf57600a54002b&srepoch=1785759959&all_sr_blocks=1599674602_430946512_2_0_0&highlighted_blocks=1599674602_430946512_2_0_0&matching_block_id=1599674602_430946512_2_0_0&sr_pri_blocks=1599674602_430946512_2_0_0__1050000&from=searchresults,10500,8.3,20.0,Lahore,19.8,One-Bedroom Apartment,"3 beds (1 extra-large double, 2 futons)",0,1,1,https://cf.bstatic.com/xdata/images/hotel/square240/890153934.webp?k=6e3e4e69784c562236b9a28913055218eca7dc374e46e85607ea28fcb16ca2e2&o=,11,Shorkot
Zameen Opal luxury Stay LDA Avenue Raiwind Rd,https://www.booking.com/hotel/pk/stylish-one-bedroom-oasis-in-penta-square-phase-5.en-gb.html?aid=304142&label=gen173nr-10CAQoggJCCmNpdHlfMzU1NzVICVgEaLUBiAEBmAEzuAEHyAEM2AED6AEB-AEBiAIBqAIBuALAkcLTBsACAdICJGZkNjZkNGNmLTNhZGQtNDIyYS04YWIwLTdkZGFkMjg0NzdlMdgCAeACAQ&ucfs=1&arphpl=1&checkin=2026-08-06&checkout=2026-08-07&dest_id=35575&dest_type=city&group_adults=2&req_adults=2&no_rooms=1&group_children=0&req_children=0&hpos=15&hapos=164&sr_order=popularity&srpvid=3fbf57600a54002b&srepoch=1785759959&all_sr_blocks=1203768502_438235700_2_0_0&highlighted_blocks=1203768502_438235700_2_0_0&matching_block_id=1203768502_438235700_2_0_0&sr_pri_blocks=1203768502_438235700_2_0_0__1000000&from=searchresults,10000,7.3,55.0,Lahore,18.7,Standard Studio,1 large double bed,0,1,0,https://cf.bstatic.com/xdata/images/hotel/square240/734045094.webp?k=84187ec37714aeaf5f0da7f4facf8382c90bb08599410f51ee8991f52b211962&o=,10,Shorkot
Rental Apartments By PPC,https://www.booking.com/hotel/pk/rental-apartments-by-ppc.en-gb.html?aid=304142&label=gen173nr-10CAQoggJCCmNpdHlfMzU1NzVICVgEaLUBiAEBmAEzuAEHyAEM2AED6AEB-AEBiAIBqAIBuALAkcLTBsACAdICJGZkNjZkNGNmLTNhZGQtNDIyYS04YWIwLTdkZGFkMjg0NzdlMdgCAeACAQ&ucfs=1&arphpl=1&checkin=2026-08-06&checkout=2026-08-07&dest_id=35575&dest_type=city&group_adults=2&req_adults=2&no_rooms=1&group_children=0&req_children=0&hpos=16&hapos=165&sr_order=popularity&srpvid=3fbf57600a54002b&srepoch=1785759959&all_sr_blocks=1692718801_440932551_3_0_0&highlighted_blocks=1692718801_440932551_3_0_0&matching_block_id=1692718801_440932551_3_0_0&sr_pri_blocks=1692718801_440932551_3_0_0__1105000&from=searchresults,11050,,,Rāmkot,15.3,One-Bedroom Apartment,"2 beds (1 double, 1 sofa bed)",0,1,1,https://cf.bstatic.com/xdata/images/hotel/square240/897954554.webp?k=aa0973228f80289043d117965561a4b1000aa6e597a22d82b0276389df22ae1a&o=,4,Shorkot
Chic Cozy AC Apartment Unmatched Privacy,https://www.booking.com/hotel/pk/chic-cozy-ac-apartment-unmatched-privacy-lahore.en-gb.html?aid=304142&label=gen173nr-10CAQoggJCCmNpdHlfMzU1NzVICVgEaLUBiAEBmAEzuAEHyAEM2AED6AEB-AEBiAIBqAIBuALAkcLTBsACAdICJGZkNjZkNGNmLTNhZGQtNDIyYS04YWIwLTdkZGFkMjg0NzdlMdgCAeACAQ&ucfs=1&arphpl=1&checkin=2026-08-06&checkout=2026-08-07&dest_id=35575&dest_type=city&group_adults=2&req_adults=2&no_rooms=1&group_children=0&req_children=0&hpos=17&hapos=166&sr_order=popularity&srpvid=3fbf57600a54002b&srepoch=1785759959&all_sr_blocks=1688699701_440521385_3_0_0&highlighted_blocks=1688699701_440521385_3_0_0&matching_block_id=1688699701_440521385_3_0_0&sr_pri_blocks=1688699701_440521385_3_0_0__408000&from=searchresults,4080,,,Lahore,19.9,One-Bedroom Apartment,1 double bed,0,1,1,https://cf.bstatic.com/xdata/images/hotel/square240/894938375.webp?k=a14442fc5b7ba0404dc6cad7122fa3a8cc068c03808932e6bcb8352bea1a8e0b&o=,5,Shorkot
Luxury 2-BHK Villa Near Bahria Town,https://www.booking.com/hotel/pk/luxury-2-bhk-villa-near-bahria-town.en-gb.html?aid=304142&label=gen173nr-10CAQoggJCCmNpdHlfMzU1NzVICVgEaLUBiAEBmAEzuAEHyAEM2AED6AEB-AEBiAIBqAIBuALAkcLTBsACAdICJGZkNjZkNGNmLTNhZGQtNDIyYS04YWIwLTdkZGFkMjg0NzdlMdgCAeACAQ&ucfs=1&arphpl=1&checkin=2026-08-06&checkout=2026-08-07&dest_id=35575&dest_type=city&group_adults=2&req_adults=2&no_rooms=1&group_children=0&req_children=0&hpos=18&hapos=167&sr_order=popularity&srpvid=3fbf57600a54002b&srepoch=1785759959&all_sr_blocks=1690378201_440675468_6_2_0&highlighted_blocks=1690378201_440675468_6_2_0&matching_block_id=1690378201_440675468_6_2_0&sr_pri_blocks=1690378201_440675468_6_2_0__891000&from=searchresults,8910,9.0,1.0,Lahore,15.0,Two-Bedroom Apartment,"3 beds (1 extra-large double, 1 sofa bed, 1 futon)",0,1,1,https://cf.bstatic.com/xdata/images/hotel/square240/896138711.webp?k=8d031d3ffd29241d2d6c570fe907707a041fd40e9d16ed7500f1de31356af777&o=,4,Shorkot
AirHomes By Zameen Opal,https://www.booking.com/hotel/pk/airhomes-by-zameen-opal.en-gb.html?aid=304142&label=gen173nr-10CAQoggJCCmNpdHlfMzU1NzVICVgEaLUBiAEBmAEzuAEHyAEM2AED6AEB-AEBiAIBqAIBuALAkcLTBsACAdICJGZkNjZkNGNmLTNhZGQtNDIyYS04YWIwLTdkZGFkMjg0NzdlMdgCAeACAQ&ucfs=1&arphpl=1&checkin=2026-08-06&checkout=2026-08-07&dest_id=35575&dest_type=city&group_adults=2&req_adults=2&no_rooms=1&group_children=0&req_children=0&hpos=19&hapos=168&sr_order=popularity&srpvid=3fbf57600a54002b&srepoch=1785759959&all_sr_blocks=1452814103_426801096_0_0_0&highlighted_blocks=1452814103_426801096_0_0_0&matching_block_id=1452814103_426801096_0_0_0&sr_pri_blocks=1452814103_426801096_0_0_0__877500&from=searchresults,8775,8.3,14.0,Lahore,18.7,Family Studio,1 large double bed,0,0,0,https://cf.bstatic.com/xdata/images/hotel/square240/770289152.webp?k=eaba6ae7504bfb7bcd62507c5ca59f21dd22470542d9240e02203ddd58b349a7&o=,12,Shorkot
Opal Apartments of Zameen,https://www.booking.com/hotel/pk/opal-apartments-of-zameen.en-gb.html?aid=304142&label=gen173nr-10CAQoggJCCmNpdHlfMzU1NzVICVgEaLUBiAEBmAEzuAEHyAEM2AED6AEB-AEBiAIBqAIBuALAkcLTBsACAdICJGZkNjZkNGNmLTNhZGQtNDIyYS04YWIwLTdkZGFkMjg0NzdlMdgCAeACAQ&ucfs=1&arphpl=1&checkin=2026-08-06&checkout=2026-08-07&dest_id=35575&dest_type=city&group_adults=2&req_adults=2&no_rooms=1&group_children=0&req_children=0&hpos=20&hapos=169&sr_order=popularity&srpvid=3fbf57600a54002b&srepoch=1785759959&all_sr_blocks=1673836901_439147005_3_0_0&highlighted_blocks=1673836901_439147005_3_0_0&matching_block_id=1673836901_439147005_3_0_0&sr_pri_blocks=1673836901_439147005_3_0_0__921408&from=searchresults,9214,,,Lahore,18.7,Studio Apartment,1 double bed,0,1,1,https://cf.bstatic.com/xdata/images/hotel/square240/887483297.webp?k=2e4f1e26b2811f972d54364f3020371b2b4aa1abe4cce89a243fc719d18e8319&o=,4,Shorkot
Modern Studio Retreat for Couples & Solo Travelers,https://www.booking.com/hotel/pk/modern-studio-retreat-for-couples-amp-solo-travelers.en-gb.html?aid=304142&label=gen173nr-10CAQoggJCCmNpdHlfMzU1NzVICVgEaLUBiAEBmAEzuAEHyAEM2AED6AEB-AEBiAIBqAIBuALAkcLTBsACAdICJGZkNjZkNGNmLTNhZGQtNDIyYS04YWIwLTdkZGFkMjg0NzdlMdgCAeACAQ&ucfs=1&arphpl=1&checkin=2026-08-06&checkout=2026-08-07&dest_id=35575&dest_type=city&group_adults=2&req_adults=2&no_rooms=1&group_children=0&req_children=0&hpos=21&hapos=170&sr_order=popularity&srpvid=3fbf57600a54002b&srepoch=1785759959&all_sr_blocks=1669650001_438766651_3_0_0&highlighted_blocks=1669650001_438766651_3_0_0&matching_block_id=1669650001_438766651_3_0_0&sr_pri_blocks=1669650001_438766651_3_0_0__722500&from=searchresults,7225,10,2.0,Lahore,20.0,One-Bedroom Apartment,1 double bed,0,1,1,https://cf.bstatic.com/xdata/images/hotel/square240/885117205.webp?k=32489e9f7a67cfdabe75a6bd8eb8593947867c7d4a5e48e08ae2e3ec89cd7af1&o=,4,Shorkot
"Two-Bedroom Luxury Apartment, Zameen Opal",https://www.booking.com/hotel/pk/2-bedroom-apartment-in-zameen-opal.en-gb.html?aid=304142&label=gen173nr-10CAQoggJCCmNpdHlfMzU1NzVICVgEaLUBiAEBmAEzuAEHyAEM2AED6AEB-AEBiAIBqAIBuALAkcLTBsACAdICJGZkNjZkNGNmLTNhZGQtNDIyYS04YWIwLTdkZGFkMjg0NzdlMdgCAeACAQ&ucfs=1&arphpl=1&checkin=2026-08-06&checkout=2026-08-07&dest_id=35575&dest_type=city&group_adults=2&req_adults=2&no_rooms=1&group_children=0&req_children=0&hpos=22&hapos=171&sr_order=popularity&srpvid=3fbf57600a54002b&srepoch=1785759959&all_sr_blocks=1161356401_388878147_4_0_0&highlighted_blocks=1161356401_388878147_4_0_0&matching_block_id=1161356401_388878147_4_0_0&sr_pri_blocks=1161356401_388878147_4_0_0__1445000&from=searchresults,14450,9.3,36.0,Lahore,18.7,Two-Bedroom Apartment,2 large double beds,0,0,1,https://cf.bstatic.com/xdata/images/hotel/square240/532106648.webp?k=28e3424fdd6b4669c76a219c0a3754499b8a2ebef6ce91d317fdfc25abddbe9e&o=,11,Shorkot
Shabbir Premier Heights,https://www.booking.com/hotel/pk/shabbir-premier-heights.en-gb.html?aid=304142&label=gen173nr-10CAQoggJCCmNpdHlfMzU1NzVICVgEaLUBiAEBmAEzuAEHyAEM2AED6AEB-AEBiAIBqAIBuALAkcLTBsACAdICJGZkNjZkNGNmLTNhZGQtNDIyYS04YWIwLTdkZGFkMjg0NzdlMdgCAeACAQ&ucfs=1&arphpl=1&checkin=2026-08-06&checkout=2026-08-07&dest_id=35575&dest_type=city&group_adults=2&req_adults=2&no_rooms=1&group_children=0&req_children=0&hpos=23&hapos=172&sr_order=popularity&srpvid=3fbf57600a54002b&srepoch=1785759959&all_sr_blocks=1665433903_438395387_2_0_0&highlighted_blocks=1665433903_438395387_2_0_0&matching_block_id=1665433903_438395387_2_0_0&sr_pri_blocks=1665433903_438395387_2_0_0__600000&from=searchresults,6000,,,Lahore,19.1,King Studio,1 double bed,0,1,1,https://cf.bstatic.com/xdata/images/hotel/square240/882169626.webp?k=4fd0fb0d60add37070beef349cdc6ecd42647d49fb4bfe9b2c2c7c2b1ed68af1&o=,14,Shorkot
Sky residences,https://www.booking.com/hotel/pk/sky-residences-lahore.en-gb.html?aid=304142&label=gen173nr-10CAQoggJCCmNpdHlfMzU1NzVICVgEaLUBiAEBmAEzuAEHyAEM2AED6AEB-AEBiAIBqAIBuALAkcLTBsACAdICJGZkNjZkNGNmLTNhZGQtNDIyYS04YWIwLTdkZGFkMjg0NzdlMdgCAeACAQ&ucfs=1&arphpl=1&checkin=2026-08-06&checkout=2026-08-07&dest_id=35575&dest_type=city&group_adults=2&req_adults=2&no_rooms=1&group_children=0&req_children=0&hpos=24&hapos=173&sr_order=popularity&srpvid=3fbf57600a54002b&srepoch=1785759959&all_sr_blocks=1697177801_441397959_3_0_0&highlighted_blocks=1697177801_441397959_3_0_0&matching_block_id=1697177801_441397959_3_0_0&sr_pri_blocks=1697177801_441397959_3_0_0__585000&from=searchresults,5850,,,Lahore,15.5,One-Bedroom Apartment,"2 beds (1 sofa bed, 1 large double)",0,1,1,https://cf.bstatic.com/xdata/images/hotel/square240/900859834.webp?k=927e13eb771c0954c3076b0c468cc31590e89b4fbef21097831fd25ed0d9bae2&o=,4,Shorkot
"Royal Height Residence Luxury Family Apartments in Bahria Town, Lahore",https://www.booking.com/hotel/pk/royal-height-residence-lahore2.en-gb.html?aid=304142&label=gen173nr-10CAQoggJCCmNpdHlfMzU1NzVICVgEaLUBiAEBmAEzuAEHyAEM2AED6AEB-AEBiAIBqAIBuALAkcLTBsACAdICJGZkNjZkNGNmLTNhZGQtNDIyYS04YWIwLTdkZGFkMjg0NzdlMdgCAeACAQ&ucfs=1&arphpl=1&checkin=2026-08-06&checkout=2026-08-07&dest_id=35575&dest_type=city&group_adults=2&req_adults=2&no_rooms=1&group_children=0&req_children=0&hpos=1&hapos=174&sr_order=popularity&srpvid=3fbf57600a54002b&srepoch=1785759961&all_sr_blocks=1276240301_400510290_2_2_0&highlighted_blocks=1276240301_400510290_2_2_0&matching_block_id=1276240301_400510290_2_2_0&sr_pri_blocks=1276240301_400510290_2_2_0__688500&from=searchresults,6885,8.7,12.0,Lahore,15.2,One-Bedroom Apartment,"2 beds (1 double, 1 sofa bed)",0,1,1,https://cf.bstatic.com/xdata/images/hotel/square240/656409959.webp?k=53a754bb353807ac98936be918b52dd00b92b80e4d70c76e189ba4a2d2e9ff10&o=,6,Shorkot
Diamounts Premium living,https://www.booking.com/hotel/pk/diamounts-premium-living-lahore.en-gb.html?aid=304142&label=gen173nr-10CAQoggJCCmNpdHlfMzU1NzVICVgEaLUBiAEBmAEzuAEHyAEM2AED6AEB-AEBiAIBqAIBuALAkcLTBsACAdICJGZkNjZkNGNmLTNhZGQtNDIyYS04YWIwLTdkZGFkMjg0NzdlMdgCAeACAQ&ucfs=1&arphpl=1&checkin=2026-08-06&checkout=2026-08-07&dest_id=35575&dest_type=city&group_adults=2&req_adults=2&no_rooms=1&group_children=0&req_children=0&hpos=2&hapos=175&sr_order=popularity&srpvid=3fbf57600a54002b&srepoch=1785759961&all_sr_blocks=1678515601_439639893_2_0_0&highlighted_blocks=1678515601_439639893_2_0_0&matching_block_id=1678515601_439639893_2_0_0&sr_pri_blocks=1678515601_439639893_2_0_0__637500&from=searchresults,6375,10,1.0,Lahore,15.3,One-Bedroom Apartment,1 double bed,0,1,1,https://cf.bstatic.com/xdata/images/hotel/square240/890268692.webp?k=7512e8e7e016e5b6225a9fd706ea7cb0ecdb75f0425acc7f7c513ae486ed3041&o=,4,Shorkot
Hotel Luxe Heights Lahore,https://www.booking.com/hotel/pk/luxe-heights-lahore.en-gb.html?aid=304142&label=gen173nr-10CAQoggJCCmNpdHlfMzU1NzVICVgEaLUBiAEBmAEzuAEHyAEM2AED6AEB-AEBiAIBqAIBuALAkcLTBsACAdICJGZkNjZkNGNmLTNhZGQtNDIyYS04YWIwLTdkZGFkMjg0NzdlMdgCAeACAQ&ucfs=1&arphpl=1&checkin=2026-08-06&checkout=2026-08-07&dest_id=35575&dest_type=city&group_adults=2&req_adults=2&no_rooms=1&group_children=0&req_children=0&hpos=3&hapos=176&sr_order=popularity&srpvid=3fbf57600a54002b&srepoch=1785759961&all_sr_blocks=1162469101_388914507_2_2_0&highlighted_blocks=1162469101_388914507_2_2_0&matching_block_id=1162469101_388914507_2_2_0&sr_pri_blocks=1162469101_388914507_2_2_0__467325&from=searchresults,4673,7.5,48.0,Lahore,17.9,Standard Double Room,1 large double bed,0,1,1,https://cf.bstatic.com/xdata/images/hotel/square240/883389050.webp?k=52b84ddfcf0e5189a74ee08e78a6bbd37a66956492e58c183b60571f3e40bfca&o=,12,Shorkot
FIVEx,https://www.booking.com/hotel/pk/fivex.en-gb.html?aid=304142&label=gen173nr-10CAQoggJCCmNpdHlfMzU1NzVICVgEaLUBiAEBmAEzuAEHyAEM2AED6AEB-AEBiAIBqAIBuALAkcLTBsACAdICJGZkNjZkNGNmLTNhZGQtNDIyYS04YWIwLTdkZGFkMjg0NzdlMdgCAeACAQ&ucfs=1&arphpl=1&checkin=2026-08-06&checkout=2026-08-07&dest_id=35575&dest_type=city&group_adults=2&req_adults=2&no_rooms=1&group_children=0&req_children=0&hpos=4&hapos=177&sr_order=popularity&srpvid=3fbf57600a54002b&srepoch=1785759961&all_sr_blocks=1689170801_440553290_0_0_0&highlighted_blocks=1689170801_440553290_0_0_0&matching_block_id=1689170801_440553290_0_0_0&sr_pri_blocks=1689170801_440553290_0_0_0__440000&from=searchresults,4400,,,Lahore,15.1,One-Bedroom Apartment,1 double bed,0,1,1,https://cf.bstatic.com/xdata/images/hotel/square240/902209549.webp?k=2d28d102ebfe286269a357f659f886a36d7896a41889cdd5056a80241503a0e4&o=,5,Shorkot
Modern executive stay in Lahore Long stay ready,https://www.booking.com/hotel/pk/aaa-lahore.en-gb.html?aid=304142&label=gen173nr-10CAQoggJCCmNpdHlfMzU1NzVICVgEaLUBiAEBmAEzuAEHyAEM2AED6AEB-AEBiAIBqAIBuALAkcLTBsACAdICJGZkNjZkNGNmLTNhZGQtNDIyYS04YWIwLTdkZGFkMjg0NzdlMdgCAeACAQ&ucfs=1&arphpl=1&checkin=2026-08-06&checkout=2026-08-07&dest_id=35575&dest_type=city&group_adults=2&req_adults=2&no_rooms=1&group_children=0&req_children=0&hpos=5&hapos=178&sr_order=popularity&srpvid=3fbf57600a54002b&srepoch=1785759961&all_sr_blocks=1663431901_438365428_3_2_0&highlighted_blocks=1663431901_438365428_3_2_0&matching_block_id=1663431901_438365428_3_2_0&sr_pri_blocks=1663431901_438365428_3_2_0__950000&from=searchresults,9500,9.0,1.0,Lahore,18.7,One-Bedroom Apartment,"2 beds (1 large double, 1 futon)",0,1,1,https://cf.bstatic.com/xdata/images/hotel/square240/881034290.webp?k=3d45e7c812635b75acd4728a1adec959f2f975207268a1d5b67b6d90e2e9f3b8&o=,4,Shorkot
Zameen Opal 1 Bed Apartment,https://www.booking.com/hotel/pk/1-bed-opal-prime-retreat.en-gb.html?aid=304142&label=gen173nr-10CAQoggJCCmNpdHlfMzU1NzVICVgEaLUBiAEBmAEzuAEHyAEM2AED6AEB-AEBiAIBqAIBuALAkcLTBsACAdICJGZkNjZkNGNmLTNhZGQtNDIyYS04YWIwLTdkZGFkMjg0NzdlMdgCAeACAQ&ucfs=1&arphpl=1&checkin=2026-08-06&checkout=2026-08-07&dest_id=35575&dest_type=city&group_adults=2&req_adults=2&no_rooms=1&group_children=0&req_children=0&hpos=6&hapos=179&sr_order=popularity&srpvid=3fbf57600a54002b&srepoch=1785759961&all_sr_blocks=1665379401_438833260_2_2_0&highlighted_blocks=1665379401_438833260_2_2_0&matching_block_id=1665379401_438833260_2_2_0&sr_pri_blocks=1665379401_438833260_2_2_0__880000&from=searchresults,8800,10,3.0,Lahore,18.7,One-Bedroom Apartment,"2 beds (1 double, 1 sofa bed)",0,1,1,https://cf.bstatic.com/xdata/images/hotel/square240/882137855.webp?k=52ff9dfcc4f3335650abf39f00b4b10d6750c56b9226084a21cb04b773650e4d&o=,5,Shorkot
Elegant 1-Bedroom Stay with Comfort & Style,https://www.booking.com/hotel/pk/elegant-1-bedroom-stay-with-comfort-amp-style.en-gb.html?aid=304142&label=gen173nr-10CAQoggJCCmNpdHlfMzU1NzVICVgEaLUBiAEBmAEzuAEHyAEM2AED6AEB-AEBiAIBqAIBuALAkcLTBsACAdICJGZkNjZkNGNmLTNhZGQtNDIyYS04YWIwLTdkZGFkMjg0NzdlMdgCAeACAQ&ucfs=1&arphpl=1&checkin=2026-08-06&checkout=2026-08-07&dest_id=35575&dest_type=city&group_adults=2&req_adults=2&no_rooms=1&group_children=0&req_children=0&hpos=7&hapos=180&sr_order=popularity&srpvid=3fbf57600a54002b&srepoch=1785759961&all_sr_blocks=1669643401_438766183_3_0_0&highlighted_blocks=1669643401_438766183_3_0_0&matching_block_id=1669643401_438766183_3_0_0&sr_pri_blocks=1669643401_438766183_3_0_0__722500&from=searchresults,7225,8.0,1.0,Lahore,20.0,One-Bedroom Apartment,1 double bed,0,1,1,https://cf.bstatic.com/xdata/images/hotel/square240/885113432.webp?k=aa7a52b68e828724316cf52db0bc7e21dcf0a4edf674f4d43aef2344dafe6a6f&o=,4,Shorkot
Cozy Self-Con Studio in Bahria Town - Perfect for Short Stays,https://www.booking.com/hotel/pk/cozy-self-con-studio-in-bahria-town-perfect-for-short-stays.en-gb.html?aid=304142&label=gen173nr-10CAQoggJCCmNpdHlfMzU1NzVICVgEaLUBiAEBmAEzuAEHyAEM2AED6AEB-AEBiAIBqAIBuALAkcLTBsACAdICJGZkNjZkNGNmLTNhZGQtNDIyYS04YWIwLTdkZGFkMjg0NzdlMdgCAeACAQ&ucfs=1&arphpl=1&checkin=2026-08-06&checkout=2026-08-07&dest_id=35575&dest_type=city&group_adults=2&req_adults=2&no_rooms=1&group_children=0&req_children=0&hpos=8&hapos=181&sr_order=popularity&srpvid=3fbf57600a54002b&srepoch=1785759961&all_sr_blocks=1645838701_434607875_2_0_0&highlighted_blocks=1645838701_434607875_2_0_0&matching_block_id=1645838701_434607875_2_0_0&sr_pri_blocks=1645838701_434607875_2_0_0__600000&from=searchresults,6000,9.0,2.0,Lahore,15.3,One-Bedroom Apartment,1 double bed,0,1,1,https://cf.bstatic.com/xdata/images/hotel/square240/869838119.webp?k=901d5d7a5572aa9ac43adc65bcdefbeae6f2236ca6a7b3260f8b4183c8f3dd97&o=,4,Shorkot
Zameen Opal Studio Suites,https://www.booking.com/hotel/pk/zameen-opal-suites.en-gb.html?aid=304142&label=gen173nr-10CAQoggJCCmNpdHlfMzU1NzVICVgEaLUBiAEBmAEzuAEHyAEM2AED6AEB-AEBiAIBqAIBuALAkcLTBsACAdICJGZkNjZkNGNmLTNhZGQtNDIyYS04YWIwLTdkZGFkMjg0NzdlMdgCAeACAQ&ucfs=1&arphpl=1&checkin=2026-08-06&checkout=2026-08-07&dest_id=35575&dest_type=city&group_adults=2&req_adults=2&no_rooms=1&group_children=0&req_children=0&hpos=9&hapos=182&sr_order=popularity&srpvid=3fbf57600a54002b&srepoch=1785759961&all_sr_blocks=1649822101_437043373_2_2_0&highlighted_blocks=1649822101_437043373_2_2_0&matching_block_id=1649822101_437043373_2_2_0&sr_pri_blocks=1649822101_437043373_2_2_0__840000&from=searchresults,8400,10,4.0,Lahore,18.7,Studio Apartment,"2 beds (1 double, 1 sofa bed)",0,1,1,https://cf.bstatic.com/xdata/images/hotel/square240/871651241.webp?k=5d56b52da7b2154f9b3e5decbbe80d2e2184c59b9dcc4f6a9118277250e9fbaf&o=,5,Shorkot
Luxury 1BHK Apartment - Bahria Town,https://www.booking.com/hotel/pk/luxury-1bhk-apartment-bahria-town.en-gb.html?aid=304142&label=gen173nr-10CAQoggJCCmNpdHlfMzU1NzVICVgEaLUBiAEBmAEzuAEHyAEM2AED6AEB-AEBiAIBqAIBuALAkcLTBsACAdICJGZkNjZkNGNmLTNhZGQtNDIyYS04YWIwLTdkZGFkMjg0NzdlMdgCAeACAQ&ucfs=1&arphpl=1&checkin=2026-08-06&checkout=2026-08-07&dest_id=35575&dest_type=city&group_adults=2&req_adults=2&no_rooms=1&group_children=0&req_children=0&hpos=10&hapos=183&sr_order=popularity&srpvid=3fbf57600a54002b&srepoch=1785759961&all_sr_blocks=1695894701_441268910_5_0_0&highlighted_blocks=1695894701_441268910_5_0_0&matching_block_id=1695894701_441268910_5_0_0&sr_pri_blocks=1695894701_441268910_5_0_0__722500&from=searchresults,7225,,,Lahore,15.2,Two-Bedroom Apartment,"2 beds (1 sofa bed, 1 large double)",0,1,1,https://cf.bstatic.com/xdata/images/hotel/square240/900128368.webp?k=3f540feeda960ac0dbffdf200cc895250db5caed44b37f7bbfc1638a69e87aee&o=,4,Shorkot
Amber Luxe 2 Bed Suite Bahria Town,https://www.booking.com/hotel/pk/amber-luxe-2-bed-suite-bahria-town.en-gb.html?aid=304142&label=gen173nr-10CAQoggJCCmNpdHlfMzU1NzVICVgEaLUBiAEBmAEzuAEHyAEM2AED6AEB-AEBiAIBqAIBuALAkcLTBsACAdICJGZkNjZkNGNmLTNhZGQtNDIyYS04YWIwLTdkZGFkMjg0NzdlMdgCAeACAQ&ucfs=1&arphpl=1&checkin=2026-08-06&checkout=2026-08-07&dest_id=35575&dest_type=city&group_adults=2&req_adults=2&no_rooms=1&group_children=0&req_children=0&hpos=11&hapos=184&sr_order=popularity&srpvid=3fbf57600a54002b&srepoch=1785759961&all_sr_blocks=1633753501_433834824_6_0_0&highlighted_blocks=1633753501_433834824_6_0_0&matching_block_id=1633753501_433834824_6_0_0&sr_pri_blocks=1633753501_433834824_6_0_0__1190000&from=searchresults,11900,10,1.0,Lahore,15.8,Two-Bedroom Apartment,"2 beds (1 sofa bed, 1 large double)",0,1,1,https://cf.bstatic.com/xdata/images/hotel/square240/874860954.webp?k=1edd086bbadf0e269881532e878b4322d93c98238ead8529c0b60b99a301c112&o=,5,Shorkot
Noor Luxury Residence,https://www.booking.com/hotel/pk/pakistan-lahore.en-gb.html?aid=304142&label=gen173nr-10CAQoggJCCmNpdHlfMzU1NzVICVgEaLUBiAEBmAEzuAEHyAEM2AED6AEB-AEBiAIBqAIBuALAkcLTBsACAdICJGZkNjZkNGNmLTNhZGQtNDIyYS04YWIwLTdkZGFkMjg0NzdlMdgCAeACAQ&ucfs=1&arphpl=1&checkin=2026-08-06&checkout=2026-08-07&dest_id=35575&dest_type=city&group_adults=2&req_adults=2&no_rooms=1&group_children=0&req_children=0&hpos=12&hapos=185&sr_order=popularity&srpvid=3fbf57600a54002b&srepoch=1785759961&all_sr_blocks=1431731101_414727688_2_0_0&highlighted_blocks=1431731101_414727688_2_0_0&matching_block_id=1431731101_414727688_2_0_0&sr_pri_blocks=1431731101_414727688_2_0_0__765000&from=searchresults,7650,7.0,24.0,Lahore,15.1,One-Bedroom Apartment,1 large double bed,0,0,0,https://cf.bstatic.com/xdata/images/hotel/square240/693802556.webp?k=f6536f2030c46babe14d73ebf124c6cb3530422ccc2b87b931ae2989cbbd4e9c&o=,8,Shorkot
Luxury appartments in Bahria Town Lahore,https://www.booking.com/hotel/pk/luxury-appartments-in-bahria-town-lahore.en-gb.html?aid=304142&label=gen173nr-10CAQoggJCCmNpdHlfMzU1NzVICVgEaLUBiAEBmAEzuAEHyAEM2AED6AEB-AEBiAIBqAIBuALAkcLTBsACAdICJGZkNjZkNGNmLTNhZGQtNDIyYS04YWIwLTdkZGFkMjg0NzdlMdgCAeACAQ&ucfs=1&arphpl=1&checkin=2026-08-06&checkout=2026-08-07&dest_id=35575&dest_type=city&group_adults=2&req_adults=2&no_rooms=1&group_children=0&req_children=0&hpos=13&hapos=186&sr_order=popularity&srpvid=3fbf57600a54002b&srepoch=1785759961&all_sr_blocks=1671622601_438932385_2_0_0&highlighted_blocks=1671622601_438932385_2_0_0&matching_block_id=1671622601_438932385_2_0_0&sr_pri_blocks=1671622601_438932385_2_0_0__680000&from=searchresults,6800,,,Lahore,15.1,One-Bedroom Apartment,"2 beds (1 double, 1 sofa bed)",0,1,1,https://cf.bstatic.com/xdata/images/hotel/square240/886205388.webp?k=28c490056708731b03ef10abb31a4d853ffa2970734f0b14d3469b60309cca42&o=,4,Shorkot
Eiffel Facing Comfy Elegant 1BHk,https://www.booking.com/hotel/pk/eiffel-embrace-1-bhk.en-gb.html?aid=304142&label=gen173nr-10CAQoggJCCmNpdHlfMzU1NzVICVgEaLUBiAEBmAEzuAEHyAEM2AED6AEB-AEBiAIBqAIBuALAkcLTBsACAdICJGZkNjZkNGNmLTNhZGQtNDIyYS04YWIwLTdkZGFkMjg0NzdlMdgCAeACAQ&ucfs=1&arphpl=1&checkin=2026-08-06&checkout=2026-08-07&dest_id=35575&dest_type=city&group_adults=2&req_adults=2&no_rooms=1&group_children=0&req_children=0&hpos=14&hapos=187&sr_order=popularity&srpvid=3fbf57600a54002b&srepoch=1785759961&all_sr_blocks=1430127601_414577112_0_0_0&highlighted_blocks=1430127601_414577112_0_0_0&matching_block_id=1430127601_414577112_0_0_0&sr_pri_blocks=1430127601_414577112_0_0_0__810000&from=searchresults,8100,9.1,11.0,Lahore,15.3,One-Bedroom Apartment,"3 beds (1 extra-large double, 2 sofa beds)",0,1,1,https://cf.bstatic.com/xdata/images/hotel/square240/848477175.webp?k=2e183fc70227ba3fa5110bc5f254db9823cdffdeaaddf5e888aea753a5fa71e4&o=,4,Shorkot
Zameen Opal 1 Bedroom Apartment,https://www.booking.com/hotel/pk/zameen-opal-1-bedroom-apartment-lahore.en-gb.html?aid=304142&label=gen173nr-10CAQoggJCCmNpdHlfMzU1NzVICVgEaLUBiAEBmAEzuAEHyAEM2AED6AEB-AEBiAIBqAIBuALAkcLTBsACAdICJGZkNjZkNGNmLTNhZGQtNDIyYS04YWIwLTdkZGFkMjg0NzdlMdgCAeACAQ&ucfs=1&arphpl=1&checkin=2026-08-06&checkout=2026-08-07&dest_id=35575&dest_type=city&group_adults=2&req_adults=2&no_rooms=1&group_children=0&req_children=0&hpos=15&hapos=188&sr_order=popularity&srpvid=3fbf57600a54002b&srepoch=1785759961&all_sr_blocks=1555409601_426672492_2_0_0&highlighted_blocks=1555409601_426672492_2_0_0&matching_block_id=1555409601_426672492_2_0_0&sr_pri_blocks=1555409601_426672492_2_0_0__1032080&from=searchresults,10321,8.1,11.0,Lahore,18.7,One-Bedroom Apartment,"2 beds (1 sofa bed, 1 large double)",0,1,1,https://cf.bstatic.com/xdata/images/hotel/square240/801528823.webp?k=1cd31fea3dbd4669f3a77ccb3c845f48e00c90b646a0503917e576cafdad0c84&o=,5,Shorkot
Elite Stylish Apartment,https://www.booking.com/hotel/pk/luxury-blue-vip-apartment-with-eiffel-view.en-gb.html?aid=304142&label=gen173nr-10CAQoggJCCmNpdHlfMzU1NzVICVgEaLUBiAEBmAEzuAEHyAEM2AED6AEB-AEBiAIBqAIBuALAkcLTBsACAdICJGZkNjZkNGNmLTNhZGQtNDIyYS04YWIwLTdkZGFkMjg0NzdlMdgCAeACAQ&ucfs=1&arphpl=1&checkin=2026-08-06&checkout=2026-08-07&dest_id=35575&dest_type=city&group_adults=2&req_adults=2&no_rooms=1&group_children=0&req_children=0&hpos=16&hapos=189&sr_order=popularity&srpvid=3fbf57600a54002b&srepoch=1785759961&all_sr_blocks=1578427901_428953288_2_0_0_1404872&highlighted_blocks=1578427901_428953288_2_0_0_1404872&matching_block_id=1578427901_428953288_2_0_0_1404872&sr_pri_blocks=1578427901_428953288_2_0_0_1404872_608000&from=searchresults,6080,8.0,16.0,Lahore,15.1,One-Bedroom Apartment,1 double bed,0,1,1,https://cf.bstatic.com/xdata/images/hotel/square240/820588501.webp?k=be3e52f5e9bdfd3acb4255992c5c8a1b1a1dc4407174ed5ad85e63651ce2d911&o=,13,Shorkot
Spacious 1-BHK Apartment Self Check In Bahria Town Lahore,https://www.booking.com/hotel/pk/spacious-1-bhk-apartment-self-check-in-bahria-town-lahore.en-gb.html?aid=304142&label=gen173nr-10CAQoggJCCmNpdHlfMzU1NzVICVgEaLUBiAEBmAEzuAEHyAEM2AED6AEB-AEBiAIBqAIBuALAkcLTBsACAdICJGZkNjZkNGNmLTNhZGQtNDIyYS04YWIwLTdkZGFkMjg0NzdlMdgCAeACAQ&ucfs=1&arphpl=1&checkin=2026-08-06&checkout=2026-08-07&dest_id=35575&dest_type=city&group_adults=2&req_adults=2&no_rooms=1&group_children=0&req_children=0&hpos=17&hapos=190&sr_order=popularity&srpvid=3fbf57600a54002b&srepoch=1785759961&all_sr_blocks=1690472701_440682167_2_0_0&highlighted_blocks=1690472701_440682167_2_0_0&matching_block_id=1690472701_440682167_2_0_0&sr_pri_blocks=1690472701_440682167_2_0_0__799000&from=searchresults,7990,,,Lahore,15.3,Two-Bedroom Apartment,"2 beds (1 extra-large double, 1 sofa bed)",0,1,1,https://cf.bstatic.com/xdata/images/hotel/square240/896185881.webp?k=82b202c17d423d46ff202d0776c6b1b6fb943b26e48eadc65fd96f784a2b3d2f&o=,5,Shorkot
2 Bedroom Serviced Family Home,https://www.booking.com/hotel/pk/2-bedroom-serviced-home.en-gb.html?aid=304142&label=gen173nr-10CAQoggJCCmNpdHlfMzU1NzVICVgEaLUBiAEBmAEzuAEHyAEM2AED6AEB-AEBiAIBqAIBuALAkcLTBsACAdICJGZkNjZkNGNmLTNhZGQtNDIyYS04YWIwLTdkZGFkMjg0NzdlMdgCAeACAQ&ucfs=1&arphpl=1&checkin=2026-08-06&checkout=2026-08-07&dest_id=35575&dest_type=city&group_adults=2&req_adults=2&no_rooms=1&group_children=0&req_children=0&hpos=18&hapos=191&sr_order=popularity&srpvid=3fbf57600a54002b&srepoch=1785759961&all_sr_blocks=1535716401_425055684_4_0_0&highlighted_blocks=1535716401_425055684_4_0_0&matching_block_id=1535716401_425055684_4_0_0&sr_pri_blocks=1535716401_425055684_4_0_0__1184400&from=searchresults,11844,9.4,12.0,Lahore,17.5,Two-Bedroom House,"5 beds (2 singles, 1 extra-large double, 2 futons)",0,1,1,https://cf.bstatic.com/xdata/images/hotel/square240/800302522.webp?k=7dda57411d9ac4a105153556b0b74420a4d70a91a99f3421e8d308dca53c2dde&o=,5,Shorkot
Zameen Opal,https://www.booking.com/hotel/pk/zameen-opal-lahore41.en-gb.html?aid=304142&label=gen173nr-10CAQoggJCCmNpdHlfMzU1NzVICVgEaLUBiAEBmAEzuAEHyAEM2AED6AEB-AEBiAIBqAIBuALAkcLTBsACAdICJGZkNjZkNGNmLTNhZGQtNDIyYS04YWIwLTdkZGFkMjg0NzdlMdgCAeACAQ&ucfs=1&arphpl=1&checkin=2026-08-06&checkout=2026-08-07&dest_id=35575&dest_type=city&group_adults=2&req_adults=2&no_rooms=1&group_children=0&req_children=0&hpos=19&hapos=192&sr_order=popularity&srpvid=3fbf57600a54002b&srepoch=1785759961&all_sr_blocks=1650628101_437079076_2_0_0&highlighted_blocks=1650628101_437079076_2_0_0&matching_block_id=1650628101_437079076_2_0_0&sr_pri_blocks=1650628101_437079076_2_0_0__1000000&from=searchresults,10000,,,Lahore,18.7,One-Bedroom Apartment,"2 beds (1 sofa bed, 1 large double)",0,1,1,https://cf.bstatic.com/xdata/images/hotel/square240/871871474.webp?k=0aec8e6e7d0eace2f5dbd359ca4ed7f4b05c698647b88a971d32cb8395f08ea1&o=,4,Shorkot
1 bed 1AC hadaya homes,https://www.booking.com/hotel/pk/hadaya-homes-lahore.en-gb.html?aid=304142&label=gen173nr-10CAQoggJCCmNpdHlfMzU1NzVICVgEaLUBiAEBmAEzuAEHyAEM2AED6AEB-AEBiAIBqAIBuALAkcLTBsACAdICJGZkNjZkNGNmLTNhZGQtNDIyYS04YWIwLTdkZGFkMjg0NzdlMdgCAeACAQ&ucfs=1&arphpl=1&checkin=2026-08-06&checkout=2026-08-07&dest_id=35575&dest_type=city&group_adults=2&req_adults=2&no_rooms=1&group_children=0&req_children=0&hpos=20&hapos=193&sr_order=popularity&srpvid=3fbf57600a54002b&srepoch=1785759961&all_sr_blocks=1595494401_440960003_0_0_0&highlighted_blocks=1595494401_440960003_0_0_0&matching_block_id=1595494401_440960003_0_0_0&sr_pri_blocks=1595494401_440960003_0_0_0__714000&from=searchresults,7140,10,1.0,Lahore,19.9,One-Bedroom Apartment,1 double bed,0,1,1,https://cf.bstatic.com/xdata/images/hotel/square240/901674688.webp?k=c9afe3ea52fedc693b59660074ea0fb0e962902421f0a279b098401cb90df209&o=,5,Shorkot
Cozy apartment,https://www.booking.com/hotel/pk/cozy-apartment-lahore4.en-gb.html?aid=304142&label=gen173nr-10CAQoggJCCmNpdHlfMzU1NzVICVgEaLUBiAEBmAEzuAEHyAEM2AED6AEB-AEBiAIBqAIBuALAkcLTBsACAdICJGZkNjZkNGNmLTNhZGQtNDIyYS04YWIwLTdkZGFkMjg0NzdlMdgCAeACAQ&ucfs=1&arphpl=1&checkin=2026-08-06&checkout=2026-08-07&dest_id=35575&dest_type=city&group_adults=2&req_adults=2&no_rooms=1&group_children=0&req_children=0&hpos=21&hapos=194&sr_order=popularity&srpvid=3fbf57600a54002b&srepoch=1785759961&all_sr_blocks=1677311501_439456668_4_0_0&highlighted_blocks=1677311501_439456668_4_0_0&matching_block_id=1677311501_439456668_4_0_0&sr_pri_blocks=1677311501_439456668_4_0_0__510000&from=searchresults,5100,1.0,1.0,Lahore,15.5,One-Bedroom Apartment,2 double beds,0,1,1,https://cf.bstatic.com/xdata/images/hotel/square240/889302498.webp?k=be23e9af3cd3aba6b2f19f94c2823426ecc76ed19c3fd8c6f4193dc53a781032&o=,4,Shorkot
1bhk luxurious apartment,https://www.booking.com/hotel/pk/1bhk-luxurious-apartment.en-gb.html?aid=304142&label=gen173nr-10CAQoggJCCmNpdHlfMzU1NzVICVgEaLUBiAEBmAEzuAEHyAEM2AED6AEB-AEBiAIBqAIBuALAkcLTBsACAdICJGZkNjZkNGNmLTNhZGQtNDIyYS04YWIwLTdkZGFkMjg0NzdlMdgCAeACAQ&ucfs=1&arphpl=1&checkin=2026-08-06&checkout=2026-08-07&dest_id=35575&dest_type=city&group_adults=2&req_adults=2&no_rooms=1&group_children=0&req_children=0&hpos=22&hapos=195&sr_order=popularity&srpvid=3fbf57600a54002b&srepoch=1785759961&all_sr_blocks=1428204701_414407097_2_0_0&highlighted_blocks=1428204701_414407097_2_0_0&matching_block_id=1428204701_414407097_2_0_0&sr_pri_blocks=1428204701_414407097_2_0_0__637500&from=searchresults,6375,9.0,1.0,Lahore,15.1,One-Bedroom Apartment,1 double bed,0,1,1,https://cf.bstatic.com/xdata/images/hotel/square240/691421714.webp?k=42c0b785db24ae836e2ff323b615c10836c927a23efd43eb7ec739f2a6ccb2cd&o=,4,Shorkot
Luxora suits,https://www.booking.com/hotel/pk/luxora-suits.en-gb.html?aid=304142&label=gen173nr-10CAQoggJCCmNpdHlfMzU1NzVICVgEaLUBiAEBmAEzuAEHyAEM2AED6AEB-AEBiAIBqAIBuALAkcLTBsACAdICJGZkNjZkNGNmLTNhZGQtNDIyYS04YWIwLTdkZGFkMjg0NzdlMdgCAeACAQ&ucfs=1&arphpl=1&checkin=2026-08-06&checkout=2026-08-07&dest_id=35575&dest_type=city&group_adults=2&req_adults=2&no_rooms=1&group_children=0&req_children=0&hpos=23&hapos=196&sr_order=popularity&srpvid=3fbf57600a54002b&srepoch=1785759961&all_sr_blocks=1697513001_441420572_3_0_0&highlighted_blocks=1697513001_441420572_3_0_0&matching_block_id=1697513001_441420572_3_0_0&sr_pri_blocks=1697513001_441420572_3_0_0__469625&from=searchresults,4696,,,Lahore,15.3,One-Bedroom Apartment,1 double bed,0,1,1,https://cf.bstatic.com/xdata/images/hotel/square240/901010375.webp?k=b685139587d5f26eb3b06652c768e0fc85ec3629dd887575ebdc5b4427fc4770&o=,13,Shorkot
SkoonZone Appartments,https://www.booking.com/hotel/pk/skoonzone-appartments.en-gb.html?aid=304142&label=gen173nr-10CAQoggJCCmNpdHlfMzU1NzVICVgEaLUBiAEBmAEzuAEHyAEM2AED6AEB-AEBiAIBqAIBuALAkcLTBsACAdICJGZkNjZkNGNmLTNhZGQtNDIyYS04YWIwLTdkZGFkMjg0NzdlMdgCAeACAQ&ucfs=1&arphpl=1&checkin=2026-08-06&checkout=2026-08-07&dest_id=35575&dest_type=city&group_adults=2&req_adults=2&no_rooms=1&group_children=0&req_children=0&hpos=24&hapos=197&sr_order=popularity&srpvid=3fbf57600a54002b&srepoch=1785759961&all_sr_blocks=1609617601_431867261_2_0_0&highlighted_blocks=1609617601_431867261_2_0_0&matching_block_id=1609617601_431867261_2_0_0&sr_pri_blocks=1609617601_431867261_2_0_0__550000&from=searchresults,5500,,,Lahore,15.1,One-Bedroom Apartment,1 double bed,0,1,1,https://cf.bstatic.com/xdata/images/hotel/square240/845612236.webp?k=836043f5b74fa96cdc24e6f188b479945708fd87fbdbfad8859f7b7c41bf1969&o=,4,Shorkot
Maison Eleve Residency,https://www.booking.com/hotel/pk/maison-eleve-residency.en-gb.html?aid=304142&label=gen173nr-10CAQoggJCCmNpdHlfMzU1NzVICVgEaLUBiAEBmAEzuAEHyAEM2AED6AEB-AEBiAIBqAIBuALAkcLTBsACAdICJGZkNjZkNGNmLTNhZGQtNDIyYS04YWIwLTdkZGFkMjg0NzdlMdgCAeACAQ&ucfs=1&arphpl=1&checkin=2026-08-06&checkout=2026-08-07&dest_id=35575&dest_type=city&group_adults=2&req_adults=2&no_rooms=1&group_children=0&req_children=0&hpos=25&hapos=198&sr_order=popularity&srpvid=3fbf57600a54002b&srepoch=1785759961&all_sr_blocks=1656060401_437524532_3_0_0&highlighted_blocks=1656060401_437524532_3_0_0&matching_block_id=1656060401_437524532_3_0_0&sr_pri_blocks=1656060401_437524532_3_0_0__680000&from=searchresults,6800,10,2.0,Lahore,15.3,One-Bedroom Apartment,"3 beds (1 double, 2 sofa beds)",0,1,1,https://cf.bstatic.com/xdata/images/hotel/square240/875642135.webp?k=d8dcaaa863e5057209e9f5b730a95053f8005fb2e2aa3b532eeb730236fa10cc&o=,4,Shorkot
1-قصر,https://www.booking.com/hotel/pk/your-stylish-escape-warm-and-inviting.en-gb.html?aid=304142&label=gen173nr-10CAQoggJCCmNpdHlfMzU1NzVICVgEaLUBiAEBmAEzuAEHyAEM2AED6AEB-AEBiAIBqAIBuALAkcLTBsACAdICJGZkNjZkNGNmLTNhZGQtNDIyYS04YWIwLTdkZGFkMjg0NzdlMdgCAeACAQ&ucfs=1&arphpl=1&checkin=2026-08-06&checkout=2026-08-07&dest_id=35575&dest_type=city&group_adults=2&req_adults=2&no_rooms=1&group_children=0&req_children=0&hpos=1&hapos=199&sr_order=popularity&srpvid=3fbf57600a54002b&srepoch=1785759964&all_sr_blocks=1610962101_432194118_0_2_0_1392419&highlighted_blocks=1610962101_432194118_0_2_0_1392419&matching_block_id=1610962101_432194118_0_2_0_1392419&sr_pri_blocks=1610962101_432194118_0_2_0_1392419_684000&from=searchresults,6840,10,4.0,Lahore,19.8,One-Bedroom Apartment,1 double bed,0,0,1,https://cf.bstatic.com/xdata/images/hotel/square240/846839902.webp?k=41e88328c29f711857f39171059e8bfdd2e0404171dc3de0e2038a2f4aec863e&o=,4,Shorkot
"Haven Eden Villa, Lahore - 4BR Holiday Home with Lawn, BBQ",https://www.booking.com/hotel/pk/haven-lodge-4br-luxurious-villa-in-lahore.en-gb.html?aid=304142&label=gen173nr-10CAQoggJCCmNpdHlfMzU1NzVICVgEaLUBiAEBmAEzuAEHyAEM2AED6AEB-AEBiAIBqAIBuALAkcLTBsACAdICJGZkNjZkNGNmLTNhZGQtNDIyYS04YWIwLTdkZGFkMjg0NzdlMdgCAeACAQ&ucfs=1&arphpl=1&checkin=2026-08-06&checkout=2026-08-07&dest_id=35575&dest_type=city&group_adults=2&req_adults=2&no_rooms=1&group_children=0&req_children=0&hpos=2&hapos=200&sr_order=popularity&srpvid=3fbf57600a54002b&srepoch=1785759964&all_sr_blocks=1359587101_417566925_8_2_0&highlighted_blocks=1359587101_417566925_8_2_0&matching_block_id=1359587101_417566925_8_2_0&sr_pri_blocks=1359587101_417566925_8_2_0__2200000&from=searchresults,22000,9.4,5.0,Lahore,19.2,Villa with Garden View,"10 beds (1 single, 4 extra-large doubles, 3 sofa beds, 2 futons)",0,1,1,https://cf.bstatic.com/xdata/images/hotel/square240/832202515.webp?k=944f619e421bc63527519415e28f6ca33542239695864ba44d988dc1bb22e8ba&o=,13,Shorkot
One bed apartment in Lahore,https://www.booking.com/hotel/pk/celeste-suites.en-gb.html?aid=304142&label=gen173nr-10CAQoggJCCmNpdHlfMzU1NzVICVgEaLUBiAEBmAEzuAEHyAEM2AED6AEB-AEBiAIBqAIBuALAkcLTBsACAdICJGZkNjZkNGNmLTNhZGQtNDIyYS04YWIwLTdkZGFkMjg0NzdlMdgCAeACAQ&ucfs=1&arphpl=1&checkin=2026-08-06&checkout=2026-08-07&dest_id=35575&dest_type=city&group_adults=2&req_adults=2&no_rooms=1&group_children=0&req_children=0&hpos=3&hapos=201&sr_order=popularity&srpvid=3fbf57600a54002b&srepoch=1785759964&all_sr_blocks=1442563301_415688416_0_0_0&highlighted_blocks=1442563301_415688416_0_0_0&matching_block_id=1442563301_415688416_0_0_0&sr_pri_blocks=1442563301_415688416_0_0_0__900000&from=searchresults,9000,10,5.0,Lahore,15.1,One-Bedroom Apartment,1 large double bed,0,1,1,https://cf.bstatic.com/xdata/images/hotel/square240/745281624.webp?k=59623c490968b6268a1bd91eaa5e23901e8882e3db1e7f1124aa18dbc9ebc160&o=,4,Shorkot
Diamounts 02,https://www.booking.com/hotel/pk/diamounts-02-lahore.en-gb.html?aid=304142&label=gen173nr-10CAQoggJCCmNpdHlfMzU1NzVICVgEaLUBiAEBmAEzuAEHyAEM2AED6AEB-AEBiAIBqAIBuALAkcLTBsACAdICJGZkNjZkNGNmLTNhZGQtNDIyYS04YWIwLTdkZGFkMjg0NzdlMdgCAeACAQ&ucfs=1&arphpl=1&checkin=2026-08-06&checkout=2026-08-07&dest_id=35575&dest_type=city&group_adults=2&req_adults=2&no_rooms=1&group_children=0&req_children=0&hpos=4&hapos=202&sr_order=popularity&srpvid=3fbf57600a54002b&srepoch=1785759964&all_sr_blocks=1689048901_440546791_2_0_0&highlighted_blocks=1689048901_440546791_2_0_0&matching_block_id=1689048901_440546791_2_0_0&sr_pri_blocks=1689048901_440546791_2_0_0__595000&from=searchresults,5950,,,Lahore,15.3,One-Bedroom Apartment,1 double bed,0,1,1,https://cf.bstatic.com/xdata/images/hotel/square240/895111401.webp?k=cad320af7354533f3a8cc59a5c01235e3d42eb669502bc331b73fbf0f212762a&o=,4,Shorkot
CB Height,https://www.booking.com/hotel/pk/skb-company.en-gb.html?aid=304142&label=gen173nr-10CAQoggJCCmNpdHlfMzU1NzVICVgEaLUBiAEBmAEzuAEHyAEM2AED6AEB-AEBiAIBqAIBuALAkcLTBsACAdICJGZkNjZkNGNmLTNhZGQtNDIyYS04YWIwLTdkZGFkMjg0NzdlMdgCAeACAQ&ucfs=1&arphpl=1&checkin=2026-08-06&checkout=2026-08-07&dest_id=35575&dest_type=city&group_adults=2&req_adults=2&no_rooms=1&group_children=0&req_children=0&hpos=5&hapos=203&sr_order=popularity&srpvid=3fbf57600a54002b&srepoch=1785759964&all_sr_blocks=1675879001_439323235_3_0_0&highlighted_blocks=1675879001_439323235_3_0_0&matching_block_id=1675879001_439323235_3_0_0&sr_pri_blocks=1675879001_439323235_3_0_0__712580&from=searchresults,7126,,,Lahore,15.2,One-Bedroom Apartment,"2 beds (1 double, 1 sofa bed)",0,1,1,https://cf.bstatic.com/xdata/images/hotel/square240/888508003.webp?k=2eaf5738e5576558e96b32b43189ab6e55ff727561e02f54cfb2fd857ec1ca6d&o=,4,Shorkot
Sunset heaven,https://www.booking.com/hotel/pk/sunset-heaven.en-gb.html?aid=304142&label=gen173nr-10CAQoggJCCmNpdHlfMzU1NzVICVgEaLUBiAEBmAEzuAEHyAEM2AED6AEB-AEBiAIBqAIBuALAkcLTBsACAdICJGZkNjZkNGNmLTNhZGQtNDIyYS04YWIwLTdkZGFkMjg0NzdlMdgCAeACAQ&ucfs=1&arphpl=1&checkin=2026-08-06&checkout=2026-08-07&dest_id=35575&dest_type=city&group_adults=2&req_adults=2&no_rooms=1&group_children=0&req_children=0&hpos=6&hapos=204&sr_order=popularity&srpvid=3fbf57600a54002b&srepoch=1785759964&all_sr_blocks=1581183801_429218701_4_0_0&highlighted_blocks=1581183801_429218701_4_0_0&matching_block_id=1581183801_429218701_4_0_0&sr_pri_blocks=1581183801_429218701_4_0_0__550000&from=searchresults,5500,10,1.0,Lahore,15.1,One-Bedroom Apartment,"3 beds (1 double, 2 sofa beds)",0,1,1,https://cf.bstatic.com/xdata/images/hotel/square240/823102511.webp?k=ee9a2137be40f894619ab2c2b7b73b1690ca5d958470f3a1b895980f722daba8&o=,4,Shorkot
"1 BHk, Bed Hall Kitchnett",https://www.booking.com/hotel/pk/1-bhk-bed-hall-kitchnett.en-gb.html?aid=304142&label=gen173nr-10CAQoggJCCmNpdHlfMzU1NzVICVgEaLUBiAEBmAEzuAEHyAEM2AED6AEB-AEBiAIBqAIBuALAkcLTBsACAdICJGZkNjZkNGNmLTNhZGQtNDIyYS04YWIwLTdkZGFkMjg0NzdlMdgCAeACAQ&ucfs=1&arphpl=1&checkin=2026-08-06&checkout=2026-08-07&dest_id=35575&dest_type=city&group_adults=2&req_adults=2&no_rooms=1&group_children=0&req_children=0&hpos=7&hapos=205&sr_order=popularity&srpvid=3fbf57600a54002b&srepoch=1785759964&all_sr_blocks=1672706201_439036793_3_0_0&highlighted_blocks=1672706201_439036793_3_0_0&matching_block_id=1672706201_439036793_3_0_0&sr_pri_blocks=1672706201_439036793_3_0_0__692083&from=searchresults,6921,1.0,1.0,Lahore,15.9,One-Bedroom Apartment,"2 beds (1 double, 1 sofa bed)",0,1,1,https://cf.bstatic.com/xdata/images/hotel/square240/886914634.webp?k=8aa7a0249ccb752b328cdcb7a37a064db8e4424223181d6be25b3a70f06cc9e4&o=,4,Shorkot
One bed apartment in Bahria town Lahore,https://www.booking.com/hotel/pk/one-bed-apartment-in-bahria-town-lahore.en-gb.html?aid=304142&label=gen173nr-10CAQoggJCCmNpdHlfMzU1NzVICVgEaLUBiAEBmAEzuAEHyAEM2AED6AEB-AEBiAIBqAIBuALAkcLTBsACAdICJGZkNjZkNGNmLTNhZGQtNDIyYS04YWIwLTdkZGFkMjg0NzdlMdgCAeACAQ&ucfs=1&arphpl=1&checkin=2026-08-06&checkout=2026-08-07&dest_id=35575&dest_type=city&group_adults=2&req_adults=2&no_rooms=1&group_children=0&req_children=0&hpos=8&hapos=206&sr_order=popularity&srpvid=3fbf57600a54002b&srepoch=1785759964&all_sr_blocks=1665459301_438397034_2_0_0&highlighted_blocks=1665459301_438397034_2_0_0&matching_block_id=1665459301_438397034_2_0_0&sr_pri_blocks=1665459301_438397034_2_0_0__637500&from=searchresults,6375,,,Lahore,15.1,One-Bedroom Apartment,1 double bed,0,1,1,https://cf.bstatic.com/xdata/images/hotel/square240/882185963.webp?k=17539f76e298b48d18716b97f225468933354129e3ec9bda694b3340e90dc4a2&o=,4,Shorkot
Diamounts 02,https://www.booking.com/hotel/pk/diamounts-02.en-gb.html?aid=304142&label=gen173nr-10CAQoggJCCmNpdHlfMzU1NzVICVgEaLUBiAEBmAEzuAEHyAEM2AED6AEB-AEBiAIBqAIBuALAkcLTBsACAdICJGZkNjZkNGNmLTNhZGQtNDIyYS04YWIwLTdkZGFkMjg0NzdlMdgCAeACAQ&ucfs=1&arphpl=1&checkin=2026-08-06&checkout=2026-08-07&dest_id=35575&dest_type=city&group_adults=2&req_adults=2&no_rooms=1&group_children=0&req_children=0&hpos=9&hapos=207&sr_order=popularity&srpvid=3fbf57600a54002b&srepoch=1785759964&all_sr_blocks=1688236901_440475822_2_0_0&highlighted_blocks=1688236901_440475822_2_0_0&matching_block_id=1688236901_440475822_2_0_0&sr_pri_blocks=1688236901_440475822_2_0_0__637500&from=searchresults,6375,,,Lahore,15.3,One-Bedroom Apartment,1 double bed,0,1,1,https://cf.bstatic.com/xdata/images/hotel/square240/894592850.webp?k=0517410089d6f825cb59909187621f646eb1f769b5d81ff0a2eaabbaa49e577c&o=,4,Shorkot
NEXT INN - Luxury Apartments Bahria Town,https://www.booking.com/hotel/pk/next-inn-rafi.en-gb.html?aid=304142&label=gen173nr-10CAQoggJCCmNpdHlfMzU1NzVICVgEaLUBiAEBmAEzuAEHyAEM2AED6AEB-AEBiAIBqAIBuALAkcLTBsACAdICJGZkNjZkNGNmLTNhZGQtNDIyYS04YWIwLTdkZGFkMjg0NzdlMdgCAeACAQ&ucfs=1&arphpl=1&checkin=2026-08-06&checkout=2026-08-07&dest_id=35575&dest_type=city&group_adults=2&req_adults=2&no_rooms=1&group_children=0&req_children=0&hpos=10&hapos=208&sr_order=popularity&srpvid=3fbf57600a54002b&srepoch=1785759964&all_sr_blocks=1513114001_423056702_3_0_0&highlighted_blocks=1513114001_423056702_3_0_0&matching_block_id=1513114001_423056702_3_0_0&sr_pri_blocks=1513114001_423056702_3_0_0__650000&from=searchresults,6500,10,1.0,Lahore,15.2,One-Bedroom Apartment,"2 beds (1 double, 1 sofa bed)",0,1,1,https://cf.bstatic.com/xdata/images/hotel/square240/765608783.webp?k=1086288910dcd20ea9739b1b93ed95dc39bff875542d7dcef0edd4d2ed23fb60&o=,4,Shorkot
Umairs Haven Residences Apartments Bahria Town Lahore,https://www.booking.com/hotel/pk/umairs-haven-residences-apartments-bahria-town-lahore-lahore1.en-gb.html?aid=304142&label=gen173nr-10CAQoggJCCmNpdHlfMzU1NzVICVgEaLUBiAEBmAEzuAEHyAEM2AED6AEB-AEBiAIBqAIBuALAkcLTBsACAdICJGZkNjZkNGNmLTNhZGQtNDIyYS04YWIwLTdkZGFkMjg0NzdlMdgCAeACAQ&ucfs=1&arphpl=1&checkin=2026-08-06&checkout=2026-08-07&dest_id=35575&dest_type=city&group_adults=2&req_adults=2&no_rooms=1&group_children=0&req_children=0&hpos=11&hapos=209&sr_order=popularity&srpvid=3fbf57600a54002b&srepoch=1785759964&all_sr_blocks=1684091601_440114909_2_0_0&highlighted_blocks=1684091601_440114909_2_0_0&matching_block_id=1684091601_440114909_2_0_0&sr_pri_blocks=1684091601_440114909_2_0_0__748000&from=searchresults,7480,,,Lahore,15.1,One-Bedroom Apartment,1 double bed,0,1,1,https://cf.bstatic.com/xdata/images/hotel/square240/892728756.webp?k=214cc3040d6dcdb231ce45759bf10a12e82892423a57f73100c101954f879388&o=,5,Shorkot
"1 Bed Modern Apartment, Pool, Gym, Cinema",https://www.booking.com/hotel/pk/1-bed-modern-apartment.en-gb.html?aid=304142&label=gen173nr-10CAQoggJCCmNpdHlfMzU1NzVICVgEaLUBiAEBmAEzuAEHyAEM2AED6AEB-AEBiAIBqAIBuALAkcLTBsACAdICJGZkNjZkNGNmLTNhZGQtNDIyYS04YWIwLTdkZGFkMjg0NzdlMdgCAeACAQ&ucfs=1&arphpl=1&checkin=2026-08-06&checkout=2026-08-07&dest_id=35575&dest_type=city&group_adults=2&req_adults=2&no_rooms=1&group_children=0&req_children=0&hpos=12&hapos=210&sr_order=popularity&srpvid=3fbf57600a54002b&srepoch=1785759964&all_sr_blocks=1069238801_379424841_2_0_0&highlighted_blocks=1069238801_379424841_2_0_0&matching_block_id=1069238801_379424841_2_0_0&sr_pri_blocks=1069238801_379424841_2_0_0__1080000&from=searchresults,10800,9.1,42.0,Lahore,18.7,One-Bedroom Apartment,"2 beds (1 sofa bed, 1 large double)",0,0,0,https://cf.bstatic.com/xdata/images/hotel/square240/521685009.webp?k=822d91a9f4f22daaf04ccfdee490008e200dd1100cd2b6ba9db854a29405c93b&o=,11,Shorkot
Dark Cozy 1BHK And Sleep Under the Stars Indoors,https://www.booking.com/hotel/pk/dark-cozy-1bhk-and-sleep-under-the-stars-indoors.en-gb.html?aid=304142&label=gen173nr-10CAQoggJCCmNpdHlfMzU1NzVICVgEaLUBiAEBmAEzuAEHyAEM2AED6AEB-AEBiAIBqAIBuALAkcLTBsACAdICJGZkNjZkNGNmLTNhZGQtNDIyYS04YWIwLTdkZGFkMjg0NzdlMdgCAeACAQ&ucfs=1&arphpl=1&checkin=2026-08-06&checkout=2026-08-07&dest_id=35575&dest_type=city&group_adults=2&req_adults=2&no_rooms=1&group_children=0&req_children=0&hpos=13&hapos=211&sr_order=popularity&srpvid=3fbf57600a54002b&srepoch=1785759964&all_sr_blocks=1539434501_425364082_3_0_0&highlighted_blocks=1539434501_425364082_3_0_0&matching_block_id=1539434501_425364082_3_0_0&sr_pri_blocks=1539434501_425364082_3_0_0__950000&from=searchresults,9500,,,Lahore,18.7,One-Bedroom Apartment,1 double bed,0,1,1,https://cf.bstatic.com/xdata/images/hotel/square240/787334029.webp?k=dc578e2779d33a3362c3cedc2d6e9ec41c1203586ca3950c253de147a060c1de&o=,4,Shorkot
Zameen opal 1BHK with balcony,https://www.booking.com/hotel/pk/zameen-opal-1bhk-with-balcony.en-gb.html?aid=304142&label=gen173nr-10CAQoggJCCmNpdHlfMzU1NzVICVgEaLUBiAEBmAEzuAEHyAEM2AED6AEB-AEBiAIBqAIBuALAkcLTBsACAdICJGZkNjZkNGNmLTNhZGQtNDIyYS04YWIwLTdkZGFkMjg0NzdlMdgCAeACAQ&ucfs=1&arphpl=1&checkin=2026-08-06&checkout=2026-08-07&dest_id=35575&dest_type=city&group_adults=2&req_adults=2&no_rooms=1&group_children=0&req_children=0&hpos=14&hapos=212&sr_order=popularity&srpvid=3fbf57600a54002b&srepoch=1785759964&all_sr_blocks=1695196101_441178909_3_2_0&highlighted_blocks=1695196101_441178909_3_2_0&matching_block_id=1695196101_441178909_3_2_0&sr_pri_blocks=1695196101_441178909_3_2_0__884000&from=searchresults,8840,1.0,1.0,Lahore,18.7,One-Bedroom Apartment,"2 beds (1 double, 1 sofa bed)",0,1,1,https://cf.bstatic.com/xdata/images/hotel/square240/899631370.webp?k=2c61c5c523da99c84643b36af933643157e43d481a466bdd10843422f1c678ff&o=,4,Shorkot
Urban Suites,https://www.booking.com/hotel/pk/urban-suites-lahore.en-gb.html?aid=304142&label=gen173nr-10CAQoggJCCmNpdHlfMzU1NzVICVgEaLUBiAEBmAEzuAEHyAEM2AED6AEB-AEBiAIBqAIBuALAkcLTBsACAdICJGZkNjZkNGNmLTNhZGQtNDIyYS04YWIwLTdkZGFkMjg0NzdlMdgCAeACAQ&ucfs=1&arphpl=1&checkin=2026-08-06&checkout=2026-08-07&dest_id=35575&dest_type=city&group_adults=2&req_adults=2&no_rooms=1&group_children=0&req_children=0&hpos=15&hapos=213&sr_order=popularity&srpvid=3fbf57600a54002b&srepoch=1785759964&all_sr_blocks=1676959901_439414409_2_0_0&highlighted_blocks=1676959901_439414409_2_0_0&matching_block_id=1676959901_439414409_2_0_0&sr_pri_blocks=1676959901_439414409_2_0_0__765000&from=searchresults,7650,,,Lahore,15.2,One-Bedroom Apartment,"3 beds (1 double, 2 sofa beds)",0,1,1,https://cf.bstatic.com/xdata/images/hotel/square240/889119028.webp?k=6e78b2950fc1285139aa0420ff5ec02b816939517d082a62656b56f0eb956c70&o=,4,Shorkot
The Urban Residences,https://www.booking.com/hotel/pk/the-urban-nest-lahore.en-gb.html?aid=304142&label=gen173nr-10CAQoggJCCmNpdHlfMzU1NzVICVgEaLUBiAEBmAEzuAEHyAEM2AED6AEB-AEBiAIBqAIBuALAkcLTBsACAdICJGZkNjZkNGNmLTNhZGQtNDIyYS04YWIwLTdkZGFkMjg0NzdlMdgCAeACAQ&ucfs=1&arphpl=1&checkin=2026-08-06&checkout=2026-08-07&dest_id=35575&dest_type=city&group_adults=2&req_adults=2&no_rooms=1&group_children=0&req_children=0&hpos=16&hapos=214&sr_order=popularity&srpvid=3fbf57600a54002b&srepoch=1785759964&all_sr_blocks=1549196602_426147893_2_0_0&highlighted_blocks=1549196602_426147893_2_0_0&matching_block_id=1549196602_426147893_2_0_0&sr_pri_blocks=1549196602_426147893_2_0_0__600000&from=searchresults,6000,10,2.0,Lahore,17.3,Deluxe Double Room with Bath,1 double bed,0,1,1,https://cf.bstatic.com/xdata/images/hotel/square240/795016073.webp?k=096e35e3f655ed125e81e6080bac6cc5e26915c9cf857580597a527f02efb746&o=,4,Shorkot
Luxor Apartments & Suites - Opal,https://www.booking.com/hotel/pk/luxor-apartments-amp-suites-opal.en-gb.html?aid=304142&label=gen173nr-10CAQoggJCCmNpdHlfMzU1NzVICVgEaLUBiAEBmAEzuAEHyAEM2AED6AEB-AEBiAIBqAIBuALAkcLTBsACAdICJGZkNjZkNGNmLTNhZGQtNDIyYS04YWIwLTdkZGFkMjg0NzdlMdgCAeACAQ&ucfs=1&arphpl=1&checkin=2026-08-06&checkout=2026-08-07&dest_id=35575&dest_type=city&group_adults=2&req_adults=2&no_rooms=1&group_children=0&req_children=0&hpos=17&hapos=215&sr_order=popularity&srpvid=3fbf57600a54002b&srepoch=1785759964&all_sr_blocks=1426968012_434531543_2_0_0&highlighted_blocks=1426968012_434531543_2_0_0&matching_block_id=1426968012_434531543_2_0_0&sr_pri_blocks=1426968012_434531543_2_0_0__984000&from=searchresults,9840,6.5,24.0,Lahore,18.7,Studio Apartment,"2 beds (1 sofa bed, 1 large double)",0,1,1,https://cf.bstatic.com/xdata/images/hotel/square240/902088553.webp?k=8a680f9ecd5c0556de33e236f7e7846e3165b84f6c8a2602baf3e1bce32b701f&o=,11,Shorkot
"Free Parking-Luxury 1 Bed with Pool,Gym,Cinema",https://www.booking.com/hotel/pk/1-bed-premium-apt-with-pool.en-gb.html?aid=304142&label=gen173nr-10CAQoggJCCmNpdHlfMzU1NzVICVgEaLUBiAEBmAEzuAEHyAEM2AED6AEB-AEBiAIBqAIBuALAkcLTBsACAdICJGZkNjZkNGNmLTNhZGQtNDIyYS04YWIwLTdkZGFkMjg0NzdlMdgCAeACAQ&ucfs=1&arphpl=1&checkin=2026-08-06&checkout=2026-08-07&dest_id=35575&dest_type=city&group_adults=2&req_adults=2&no_rooms=1&group_children=0&req_children=0&hpos=18&hapos=216&sr_order=popularity&srpvid=3fbf57600a54002b&srepoch=1785759964&all_sr_blocks=1222873401_394420730_2_0_0&highlighted_blocks=1222873401_394420730_2_0_0&matching_block_id=1222873401_394420730_2_0_0&sr_pri_blocks=1222873401_394420730_2_0_0__1350000&from=searchresults,13500,9.6,5.0,Lahore,18.7,One-Bedroom Apartment,"2 beds (1 double, 1 sofa bed)",0,0,0,https://cf.bstatic.com/xdata/images/hotel/square240/598220895.webp?k=f405fcb079c63eef9aeb5acece6a39572419f6ea407fc45bfeab6126de1c5938&o=,10,Shorkot
Couple Family Heaven,https://www.booking.com/hotel/pk/room-for-family-and-couple.en-gb.html?aid=304142&label=gen173nr-10CAQoggJCCmNpdHlfMzU1NzVICVgEaLUBiAEBmAEzuAEHyAEM2AED6AEB-AEBiAIBqAIBuALAkcLTBsACAdICJGZkNjZkNGNmLTNhZGQtNDIyYS04YWIwLTdkZGFkMjg0NzdlMdgCAeACAQ&ucfs=1&arphpl=1&checkin=2026-08-06&checkout=2026-08-07&dest_id=35575&dest_type=city&group_adults=2&req_adults=2&no_rooms=1&group_children=0&req_children=0&hpos=19&hapos=217&sr_order=popularity&srpvid=3fbf57600a54002b&srepoch=1785759964&all_sr_blocks=1494438801_421105651_2_1_0&highlighted_blocks=1494438801_421105651_2_1_0&matching_block_id=1494438801_421105651_2_1_0&sr_pri_blocks=1494438801_421105651_2_1_0__600000&from=searchresults,6000,10,2.0,Lahore,17.4,One-Bedroom Apartment,1 double bed,1,1,1,https://cf.bstatic.com/xdata/images/hotel/square240/747895396.webp?k=59bd7860e7620e84a73782a349de62c898fc806b4368f863672a0996348d174e&o=,4,Shorkot
Royal Height Residence Best Value Luxury Apartments in Bahria Town Lahore,https://www.booking.com/hotel/pk/royal-height-residence-lahore1.en-gb.html?aid=304142&label=gen173nr-10CAQoggJCCmNpdHlfMzU1NzVICVgEaLUBiAEBmAEzuAEHyAEM2AED6AEB-AEBiAIBqAIBuALAkcLTBsACAdICJGZkNjZkNGNmLTNhZGQtNDIyYS04YWIwLTdkZGFkMjg0NzdlMdgCAeACAQ&ucfs=1&arphpl=1&checkin=2026-08-06&checkout=2026-08-07&dest_id=35575&dest_type=city&group_adults=2&req_adults=2&no_rooms=1&group_children=0&req_children=0&hpos=20&hapos=218&sr_order=popularity&srpvid=3fbf57600a54002b&srepoch=1785759964&all_sr_blocks=1204848701_392706781_2_0_0&highlighted_blocks=1204848701_392706781_2_0_0&matching_block_id=1204848701_392706781_2_0_0&sr_pri_blocks=1204848701_392706781_2_0_0__810000&from=searchresults,8100,7.0,4.0,Lahore,15.2,One-Bedroom Apartment,"2 beds (1 double, 1 sofa bed)",0,1,1,https://cf.bstatic.com/xdata/images/hotel/square240/555944148.webp?k=38540ee1eb4cebcc0e2aee3b5b8ea78e6039a24b80852cb91aab3ce597126562&o=,4,Shorkot
Flexora suites,https://www.booking.com/hotel/pk/flexora-suites.en-gb.html?aid=304142&label=gen173nr-10CAQoggJCCmNpdHlfMzU1NzVICVgEaLUBiAEBmAEzuAEHyAEM2AED6AEB-AEBiAIBqAIBuALAkcLTBsACAdICJGZkNjZkNGNmLTNhZGQtNDIyYS04YWIwLTdkZGFkMjg0NzdlMdgCAeACAQ&ucfs=1&arphpl=1&checkin=2026-08-06&checkout=2026-08-07&dest_id=35575&dest_type=city&group_adults=2&req_adults=2&no_rooms=1&group_children=0&req_children=0&hpos=21&hapos=219&sr_order=popularity&srpvid=3fbf57600a54002b&srepoch=1785759964&all_sr_blocks=1639764701_434238444_4_0_0&highlighted_blocks=1639764701_434238444_4_0_0&matching_block_id=1639764701_434238444_4_0_0&sr_pri_blocks=1639764701_434238444_4_0_0__1100000&from=searchresults,11000,,,Lahore,15.3,One-Bedroom Apartment,"2 beds (1 double, 1 sofa bed)",0,1,1,https://cf.bstatic.com/xdata/images/hotel/square240/866620751.webp?k=15a732a66b6cac516fc3f5e33718cab9050c4e3af6ff5c6c75579cfd2c83339c&o=,4,Shorkot
Chanar Spring Meadows,https://www.booking.com/hotel/pk/chanar-spring-meadows-lahore.en-gb.html?aid=304142&label=gen173nr-10CAQoggJCCmNpdHlfMzU1NzVICVgEaLUBiAEBmAEzuAEHyAEM2AED6AEB-AEBiAIBqAIBuALAkcLTBsACAdICJGZkNjZkNGNmLTNhZGQtNDIyYS04YWIwLTdkZGFkMjg0NzdlMdgCAeACAQ&ucfs=1&arphpl=1&checkin=2026-08-06&checkout=2026-08-07&dest_id=35575&dest_type=city&group_adults=2&req_adults=2&no_rooms=1&group_children=0&req_children=0&hpos=22&hapos=220&sr_order=popularity&srpvid=3fbf57600a54002b&srepoch=1785759964&all_sr_blocks=1511586502_422907251_2_0_0&highlighted_blocks=1511586502_422907251_2_0_0&matching_block_id=1511586502_422907251_2_0_0&sr_pri_blocks=1511586502_422907251_2_0_0__1329905&from=searchresults,13299,,,Lahore,19.4,Budget Double Room,1 double bed,0,1,1,https://cf.bstatic.com/xdata/images/hotel/square240/764386665.webp?k=6769a44d497541344998eb077a1fc7c63fac468ba384bd8fc9df903e5efe5a83&o=,4,Shorkot
Apartment Available in Bahria Town,https://www.booking.com/hotel/pk/apartment-available-in-bahria-town.en-gb.html?aid=304142&label=gen173nr-10CAQoggJCCmNpdHlfMzU1NzVICVgEaLUBiAEBmAEzuAEHyAEM2AED6AEB-AEBiAIBqAIBuALAkcLTBsACAdICJGZkNjZkNGNmLTNhZGQtNDIyYS04YWIwLTdkZGFkMjg0NzdlMdgCAeACAQ&ucfs=1&arphpl=1&checkin=2026-08-06&checkout=2026-08-07&dest_id=35575&dest_type=city&group_adults=2&req_adults=2&no_rooms=1&group_children=0&req_children=0&hpos=23&hapos=221&sr_order=popularity&srpvid=3fbf57600a54002b&srepoch=1785759964&all_sr_blocks=1645958301_434612807_2_0_0&highlighted_blocks=1645958301_434612807_2_0_0&matching_block_id=1645958301_434612807_2_0_0&sr_pri_blocks=1645958301_434612807_2_0_0__650000&from=searchresults,6500,,,Lahore,15.0,One-Bedroom Apartment,1 double bed,0,1,1,https://cf.bstatic.com/xdata/images/hotel/square240/869901678.webp?k=3bad34ac5044e4fecd24fcb3abf5fa9f72bc4c12086f8ecc3333142ffbbc92f9&o=,4,Shorkot
Jacuzzi apartment,https://www.booking.com/hotel/pk/jacuzzi-apartment.en-gb.html?aid=304142&label=gen173nr-10CAQoggJCCmNpdHlfMzU1NzVICVgEaLUBiAEBmAEzuAEHyAEM2AED6AEB-AEBiAIBqAIBuALAkcLTBsACAdICJGZkNjZkNGNmLTNhZGQtNDIyYS04YWIwLTdkZGFkMjg0NzdlMdgCAeACAQ&ucfs=1&arphpl=1&checkin=2026-08-06&checkout=2026-08-07&dest_id=35575&dest_type=city&group_adults=2&req_adults=2&no_rooms=1&group_children=0&req_children=0&hpos=24&hapos=222&sr_order=popularity&srpvid=3fbf57600a54002b&srepoch=1785759964&all_sr_blocks=1696832701_441360156_3_0_0&highlighted_blocks=1696832701_441360156_3_0_0&matching_block_id=1696832701_441360156_3_0_0&sr_pri_blocks=1696832701_441360156_3_0_0__1359150&from=searchresults,13592,,,Lahore,18.7,One-Bedroom Apartment,"2 beds (1 double, 1 sofa bed)",0,1,1,https://cf.bstatic.com/xdata/images/hotel/square240/900668138.webp?k=10aebef4eefe3d36afef2f372ae1fb84246d239ce19e2a47585af2a3c6944696&o=,4,Shorkot
1 bedroom apartment spacious Bahria Town Lahore 1 BHK 1 bed self check in,https://www.booking.com/hotel/pk/1-bedroom-apartment-for-daily-weekly-rental-bahria-town-lahore-1-bhk-1-bed.en-gb.html?aid=304142&label=gen173nr-10CAQoggJCCmNpdHlfMzU1NzVICVgEaLUBiAEBmAEzuAEHyAEM2AED6AEB-AEBiAIBqAIBuALAkcLTBsACAdICJGZkNjZkNGNmLTNhZGQtNDIyYS04YWIwLTdkZGFkMjg0NzdlMdgCAeACAQ&ucfs=1&arphpl=1&checkin=2026-08-06&checkout=2026-08-07&dest_id=35575&dest_type=city&group_adults=2&req_adults=2&no_rooms=1&group_children=0&req_children=0&hpos=25&hapos=223&sr_order=popularity&srpvid=3fbf57600a54002b&srepoch=1785759964&all_sr_blocks=1614515801_432332885_4_0_0&highlighted_blocks=1614515801_432332885_4_0_0&matching_block_id=1614515801_432332885_4_0_0&sr_pri_blocks=1614515801_432332885_4_0_0__700000&from=searchresults,7000,,,Lahore,15.3,One-Bedroom Apartment,"3 beds (1 double, 2 sofa beds)",0,1,1,https://cf.bstatic.com/xdata/images/hotel/square240/849608463.webp?k=8e5bc13b6fea08d5affba21ab95dac5538a5e6947050d578ac91d50138204a5e&o=,4,Shorkot
Cheerful 3 bedroom Upper Portion,https://www.booking.com/hotel/pk/cheerful-3-bedroom-upper-portion.en-gb.html?aid=304142&label=gen173nr-10CAQoggJCCmNpdHlfMzU1NzVICVgEaLUBiAEBmAEzuAEHyAEM2AED6AEB-AEBiAIBqAIBuALAkcLTBsACAdICJGZkNjZkNGNmLTNhZGQtNDIyYS04YWIwLTdkZGFkMjg0NzdlMdgCAeACAQ&ucfs=1&arphpl=1&checkin=2026-08-06&checkout=2026-08-07&dest_id=35575&dest_type=city&group_adults=2&req_adults=2&no_rooms=1&group_children=0&req_children=0&hpos=1&hapos=224&sr_order=popularity&srpvid=3fbf57600a54002b&srepoch=1785759966&all_sr_blocks=1694410701_441101596_6_0_0&highlighted_blocks=1694410701_441101596_6_0_0&matching_block_id=1694410701_441101596_6_0_0&sr_pri_blocks=1694410701_441101596_6_0_0__1428000&from=searchresults,14280,,,Lahore,17.4,Three-Bedroom Apartment,"3 beds (1 extra-large double, 2 large doubles)",0,1,1,https://cf.bstatic.com/xdata/images/hotel/square240/899127669.webp?k=2f432017e33e9f8b19fea2e2f436e9a423bb4c5d696f42416ffcf6aacb2b14a2&o=,5,Shorkot
Studio Apartment Zameen Opal Lahore,https://www.booking.com/hotel/pk/studio-apartment-zameen-opal-lahore.en-gb.html?aid=304142&label=gen173nr-10CAQoggJCCmNpdHlfMzU1NzVICVgEaLUBiAEBmAEzuAEHyAEM2AED6AEB-AEBiAIBqAIBuALAkcLTBsACAdICJGZkNjZkNGNmLTNhZGQtNDIyYS04YWIwLTdkZGFkMjg0NzdlMdgCAeACAQ&ucfs=1&arphpl=1&checkin=2026-08-06&checkout=2026-08-07&dest_id=35575&dest_type=city&group_adults=2&req_adults=2&no_rooms=1&group_children=0&req_children=0&hpos=2&hapos=225&sr_order=popularity&srpvid=3fbf57600a54002b&srepoch=1785759966&all_sr_blocks=1605877701_431513714_3_0_0&highlighted_blocks=1605877701_431513714_3_0_0&matching_block_id=1605877701_431513714_3_0_0&sr_pri_blocks=1605877701_431513714_3_0_0__525000&from=searchresults,5250,,,Lahore,18.7,One-Bedroom Apartment,1 double bed,0,1,1,https://cf.bstatic.com/xdata/images/hotel/square240/842508271.webp?k=c418dc890713c11a9400c7b9e157767f3c415e01356808518a7998a2ef3f62b4&o=,4,Shorkot
Casa Royale - Ultra Luxury 1BHK in Bahira Town,https://www.booking.com/hotel/pk/casa-royale-ultra-luxury-1bhk-in-bahira-town.en-gb.html?aid=304142&label=gen173nr-10CAQoggJCCmNpdHlfMzU1NzVICVgEaLUBiAEBmAEzuAEHyAEM2AED6AEB-AEBiAIBqAIBuALAkcLTBsACAdICJGZkNjZkNGNmLTNhZGQtNDIyYS04YWIwLTdkZGFkMjg0NzdlMdgCAeACAQ&ucfs=1&arphpl=1&checkin=2026-08-06&checkout=2026-08-07&dest_id=35575&dest_type=city&group_adults=2&req_adults=2&no_rooms=1&group_children=0&req_children=0&hpos=3&hapos=226&sr_order=popularity&srpvid=3fbf57600a54002b&srepoch=1785759966&all_sr_blocks=1547172901_425967865_0_0_0&highlighted_blocks=1547172901_425967865_0_0_0&matching_block_id=1547172901_425967865_0_0_0&sr_pri_blocks=1547172901_425967865_0_0_0__750000&from=searchresults,7500,,,Lahore,15.3,One-Bedroom Apartment,1 double bed,0,1,1,https://cf.bstatic.com/xdata/images/hotel/square240/793334984.webp?k=357d6aad322fd44c7bb0287794c169e983a6cf9d50bf608d32d9011d4802cb1e&o=,4,Shorkot
Zameen Opal,https://www.booking.com/hotel/pk/zameen-opal-lahore38.en-gb.html?aid=304142&label=gen173nr-10CAQoggJCCmNpdHlfMzU1NzVICVgEaLUBiAEBmAEzuAEHyAEM2AED6AEB-AEBiAIBqAIBuALAkcLTBsACAdICJGZkNjZkNGNmLTNhZGQtNDIyYS04YWIwLTdkZGFkMjg0NzdlMdgCAeACAQ&ucfs=1&arphpl=1&checkin=2026-08-06&checkout=2026-08-07&dest_id=35575&dest_type=city&group_adults=2&req_adults=2&no_rooms=1&group_children=0&req_children=0&hpos=4&hapos=227&sr_order=popularity&srpvid=3fbf57600a54002b&srepoch=1785759966&all_sr_blocks=1620954001_432914422_3_0_0&highlighted_blocks=1620954001_432914422_3_0_0&matching_block_id=1620954001_432914422_3_0_0&sr_pri_blocks=1620954001_432914422_3_0_0__1400000&from=searchresults,14000,,,Lahore,18.7,One-Bedroom Apartment,"2 beds (1 double, 1 sofa bed)",0,1,1,https://cf.bstatic.com/xdata/images/hotel/square240/856007529.webp?k=75f9fad974d6f4bb71d6aaa7239d80e5499b879ead9f4b72f8f1086767a86289&o=,4,Shorkot
Studio 1 Bed Apartment,https://www.booking.com/hotel/pk/studio-1-bed-apartment-lahore1.en-gb.html?aid=304142&label=gen173nr-10CAQoggJCCmNpdHlfMzU1NzVICVgEaLUBiAEBmAEzuAEHyAEM2AED6AEB-AEBiAIBqAIBuALAkcLTBsACAdICJGZkNjZkNGNmLTNhZGQtNDIyYS04YWIwLTdkZGFkMjg0NzdlMdgCAeACAQ&ucfs=1&arphpl=1&checkin=2026-08-06&checkout=2026-08-07&dest_id=35575&dest_type=city&group_adults=2&req_adults=2&no_rooms=1&group_children=0&req_children=0&hpos=5&hapos=228&sr_order=popularity&srpvid=3fbf57600a54002b&srepoch=1785759966&all_sr_blocks=1684881801_440140421_2_0_0&highlighted_blocks=1684881801_440140421_2_0_0&matching_block_id=1684881801_440140421_2_0_0&sr_pri_blocks=1684881801_440140421_2_0_0__552500&from=searchresults,5525,,,Lahore,15.3,One-Bedroom Apartment,1 double bed,0,1,1,https://cf.bstatic.com/xdata/images/hotel/square240/892764769.webp?k=8e6cdf61692976b5911bd7d8554c8cc8376b6448a9ab0756a96e9174249eea68&o=,4,Shorkot
1BHK With Balcony & Soccer,https://www.booking.com/hotel/pk/1bhk-with-balcony-amp-soccer.en-gb.html?aid=304142&label=gen173nr-10CAQoggJCCmNpdHlfMzU1NzVICVgEaLUBiAEBmAEzuAEHyAEM2AED6AEB-AEBiAIBqAIBuALAkcLTBsACAdICJGZkNjZkNGNmLTNhZGQtNDIyYS04YWIwLTdkZGFkMjg0NzdlMdgCAeACAQ&ucfs=1&arphpl=1&checkin=2026-08-06&checkout=2026-08-07&dest_id=35575&dest_type=city&group_adults=2&req_adults=2&no_rooms=1&group_children=0&req_children=0&hpos=6&hapos=229&sr_order=popularity&srpvid=3fbf57600a54002b&srepoch=1785759966&all_sr_blocks=1682100201_439947070_3_0_0&highlighted_blocks=1682100201_439947070_3_0_0&matching_block_id=1682100201_439947070_3_0_0&sr_pri_blocks=1682100201_439947070_3_0_0__850000&from=searchresults,8500,,,Lahore,15.1,One-Bedroom Apartment,"2 beds (1 double, 1 sofa bed)",0,1,1,https://cf.bstatic.com/xdata/images/hotel/square240/891869426.webp?k=1306d9b42e11ad42e2641da59feb891b3e5d1f7001cd35e79be3693edf872a02&o=,4,Shorkot
1BHk Apartment Self check-in Bahria Town Lahore,https://www.booking.com/hotel/pk/1bhk-apartment-self-check-in-bahria-town-lahore.en-gb.html?aid=304142&label=gen173nr-10CAQoggJCCmNpdHlfMzU1NzVICVgEaLUBiAEBmAEzuAEHyAEM2AED6AEB-AEBiAIBqAIBuALAkcLTBsACAdICJGZkNjZkNGNmLTNhZGQtNDIyYS04YWIwLTdkZGFkMjg0NzdlMdgCAeACAQ&ucfs=1&arphpl=1&checkin=2026-08-06&checkout=2026-08-07&dest_id=35575&dest_type=city&group_adults=2&req_adults=2&no_rooms=1&group_children=0&req_children=0&hpos=7&hapos=230&sr_order=popularity&srpvid=3fbf57600a54002b&srepoch=1785759966&all_sr_blocks=1669773601_438779693_2_0_0&highlighted_blocks=1669773601_438779693_2_0_0&matching_block_id=1669773601_438779693_2_0_0&sr_pri_blocks=1669773601_438779693_2_0_0__510000&from=searchresults,5100,,,Lahore,15.4,One-Bedroom Apartment,1 double bed,0,1,1,https://cf.bstatic.com/xdata/images/hotel/square240/885268707.webp?k=60d7ea44c44a86914df0466847ff2fac549756d371d3e237c4ed09bbdd32bc54&o=,4,Shorkot
City Heights,https://www.booking.com/hotel/pk/city-heights.en-gb.html?aid=304142&label=gen173nr-10CAQoggJCCmNpdHlfMzU1NzVICVgEaLUBiAEBmAEzuAEHyAEM2AED6AEB-AEBiAIBqAIBuALAkcLTBsACAdICJGZkNjZkNGNmLTNhZGQtNDIyYS04YWIwLTdkZGFkMjg0NzdlMdgCAeACAQ&ucfs=1&arphpl=1&checkin=2026-08-06&checkout=2026-08-07&dest_id=35575&dest_type=city&group_adults=2&req_adults=2&no_rooms=1&group_children=0&req_children=0&hpos=8&hapos=231&sr_order=popularity&srpvid=3fbf57600a54002b&srepoch=1785759966&all_sr_blocks=1657701002_437657259_3_0_0&highlighted_blocks=1657701002_437657259_3_0_0&matching_block_id=1657701002_437657259_3_0_0&sr_pri_blocks=1657701002_437657259_3_0_0__850000&from=searchresults,8500,,,Lahore,15.1,One-Bedroom Apartment,"2 beds (1 double, 1 sofa bed)",0,1,1,https://cf.bstatic.com/xdata/images/hotel/square240/876822600.webp?k=0d4252c2e758bb0bdf2f1c4b00fc9e43b9ee071a74eb2ab1414376e68ac07028&o=,4,Shorkot
Ace Heights,https://www.booking.com/hotel/pk/ace-heights.en-gb.html?aid=304142&label=gen173nr-10CAQoggJCCmNpdHlfMzU1NzVICVgEaLUBiAEBmAEzuAEHyAEM2AED6AEB-AEBiAIBqAIBuALAkcLTBsACAdICJGZkNjZkNGNmLTNhZGQtNDIyYS04YWIwLTdkZGFkMjg0NzdlMdgCAeACAQ&ucfs=1&arphpl=1&checkin=2026-08-06&checkout=2026-08-07&dest_id=35575&dest_type=city&group_adults=2&req_adults=2&no_rooms=1&group_children=0&req_children=0&hpos=9&hapos=232&sr_order=popularity&srpvid=3fbf57600a54002b&srepoch=1785759966&all_sr_blocks=1663269901_438183422_3_0_0&highlighted_blocks=1663269901_438183422_3_0_0&matching_block_id=1663269901_438183422_3_0_0&sr_pri_blocks=1663269901_438183422_3_0_0__600000&from=searchresults,6000,,,Lahore,15.1,One-Bedroom Apartment,"2 beds (1 double, 1 sofa bed)",0,1,1,https://cf.bstatic.com/xdata/images/hotel/square240/880929205.webp?k=4c2b477499760dc817608a5b1ba90afc3c0649a9768aa42b9abf676f514b074c&o=,5,Shorkot
Chaudhary apartments,https://www.booking.com/hotel/pk/chaudhary-apartments.en-gb.html?aid=304142&label=gen173nr-10CAQoggJCCmNpdHlfMzU1NzVICVgEaLUBiAEBmAEzuAEHyAEM2AED6AEB-AEBiAIBqAIBuALAkcLTBsACAdICJGZkNjZkNGNmLTNhZGQtNDIyYS04YWIwLTdkZGFkMjg0NzdlMdgCAeACAQ&ucfs=1&arphpl=1&checkin=2026-08-06&checkout=2026-08-07&dest_id=35575&dest_type=city&group_adults=2&req_adults=2&no_rooms=1&group_children=0&req_children=0&hpos=10&hapos=233&sr_order=popularity&srpvid=3fbf57600a54002b&srepoch=1785759966&all_sr_blocks=1653435801_437303424_4_0_0&highlighted_blocks=1653435801_437303424_4_0_0&matching_block_id=1653435801_437303424_4_0_0&sr_pri_blocks=1653435801_437303424_4_0_0__760000&from=searchresults,7600,,,Lahore,15.1,One-Bedroom Apartment,"3 beds (1 single, 1 double, 1 sofa bed)",0,1,1,https://cf.bstatic.com/xdata/images/hotel/square240/873782588.webp?k=389adf11a40df14ee1bc25be289a8062626a1f68b57f78b0cf17d1d0aa6f0fc1&o=,5,Shorkot
Executive Zameen Opal 2 Bed Appartment,https://www.booking.com/hotel/pk/zameen-opal-2-bhk.en-gb.html?aid=304142&label=gen173nr-10CAQoggJCCmNpdHlfMzU1NzVICVgEaLUBiAEBmAEzuAEHyAEM2AED6AEB-AEBiAIBqAIBuALAkcLTBsACAdICJGZkNjZkNGNmLTNhZGQtNDIyYS04YWIwLTdkZGFkMjg0NzdlMdgCAeACAQ&ucfs=1&arphpl=1&checkin=2026-08-06&checkout=2026-08-07&dest_id=35575&dest_type=city&group_adults=2&req_adults=2&no_rooms=1&group_children=0&req_children=0&hpos=11&hapos=234&sr_order=popularity&srpvid=3fbf57600a54002b&srepoch=1785759966&all_sr_blocks=1619478501_432776846_4_0_0&highlighted_blocks=1619478501_432776846_4_0_0&matching_block_id=1619478501_432776846_4_0_0&sr_pri_blocks=1619478501_432776846_4_0_0__1500000&from=searchresults,15000,1.0,1.0,Lahore,18.7,Double Room,"2 beds (1 double, 1 extra-large double)",0,1,1,https://cf.bstatic.com/xdata/images/hotel/square240/858828456.webp?k=79a1a206ff7bd2f22b72261df6492c1f107a1179fa0e7dfe8cb4eb4cc9126765&o=,4,Shorkot
Zameen Opal Executive 2-Bed Suite,https://www.booking.com/hotel/pk/zameen-opal-executive-2-bed-suite.en-gb.html?aid=304142&label=gen173nr-10CAQoggJCCmNpdHlfMzU1NzVICVgEaLUBiAEBmAEzuAEHyAEM2AED6AEB-AEBiAIBqAIBuALAkcLTBsACAdICJGZkNjZkNGNmLTNhZGQtNDIyYS04YWIwLTdkZGFkMjg0NzdlMdgCAeACAQ&ucfs=1&arphpl=1&checkin=2026-08-06&checkout=2026-08-07&dest_id=35575&dest_type=city&group_adults=2&req_adults=2&no_rooms=1&group_children=0&req_children=0&hpos=12&hapos=235&sr_order=popularity&srpvid=3fbf57600a54002b&srepoch=1785759966&all_sr_blocks=1664593201_438323135_5_1_0&highlighted_blocks=1664593201_438323135_5_1_0&matching_block_id=1664593201_438323135_5_1_0&sr_pri_blocks=1664593201_438323135_5_1_0__1640000&from=searchresults,16400,,,Lahore,18.7,Two-Bedroom Apartment,"3 beds (2 doubles, 1 sofa bed)",1,1,1,https://cf.bstatic.com/xdata/images/hotel/square240/881686614.webp?k=946e0e06a1141179a20efd668ae61040860a369c7ea26886b826f0fab1da493d&o=,5,Shorkot
Diamounts,https://www.booking.com/hotel/pk/diamounts-lahore.en-gb.html?aid=304142&label=gen173nr-10CAQoggJCCmNpdHlfMzU1NzVICVgEaLUBiAEBmAEzuAEHyAEM2AED6AEB-AEBiAIBqAIBuALAkcLTBsACAdICJGZkNjZkNGNmLTNhZGQtNDIyYS04YWIwLTdkZGFkMjg0NzdlMdgCAeACAQ&ucfs=1&arphpl=1&checkin=2026-08-06&checkout=2026-08-07&dest_id=35575&dest_type=city&group_adults=2&req_adults=2&no_rooms=1&group_children=0&req_children=0&hpos=13&hapos=236&sr_order=popularity&srpvid=3fbf57600a54002b&srepoch=1785759966&all_sr_blocks=1682766801_440010204_2_0_0&highlighted_blocks=1682766801_440010204_2_0_0&matching_block_id=1682766801_440010204_2_0_0&sr_pri_blocks=1682766801_440010204_2_0_0__722500&from=searchresults,7225,,,Lahore,15.3,One-Bedroom Apartment,1 double bed,0,1,1,https://cf.bstatic.com/xdata/images/hotel/square240/892188673.webp?k=eb49b99b547670564b2085275e4453fe02674e86ee55d611ebbbe26be6faa4dd&o=,4,Shorkot
Zameen Opal - Luxury Apartment,https://www.booking.com/hotel/pk/zameen-opal-luxury-apartment.en-gb.html?aid=304142&label=gen173nr-10CAQoggJCCmNpdHlfMzU1NzVICVgEaLUBiAEBmAEzuAEHyAEM2AED6AEB-AEBiAIBqAIBuALAkcLTBsACAdICJGZkNjZkNGNmLTNhZGQtNDIyYS04YWIwLTdkZGFkMjg0NzdlMdgCAeACAQ&ucfs=1&arphpl=1&checkin=2026-08-06&checkout=2026-08-07&dest_id=35575&dest_type=city&group_adults=2&req_adults=2&no_rooms=1&group_children=0&req_children=0&hpos=14&hapos=237&sr_order=popularity&srpvid=3fbf57600a54002b&srepoch=1785759966&all_sr_blocks=1340952701_406502715_3_0_0&highlighted_blocks=1340952701_406502715_3_0_0&matching_block_id=1340952701_406502715_3_0_0&sr_pri_blocks=1340952701_406502715_3_0_0__900000&from=searchresults,9000,6.5,2.0,Lahore,18.7,One-Bedroom Apartment with Balcony and City View,"2 beds (1 double, 1 sofa bed)",0,0,1,https://cf.bstatic.com/xdata/images/hotel/square240/637372741.webp?k=62a904da21b3928cfe38a21e3743c23e37fecc5aa13ccd1a024612ae6415c5bd&o=,3,Shorkot
The Smart Stay,https://www.booking.com/hotel/pk/the-smart-stay-lahore.en-gb.html?aid=304142&label=gen173nr-10CAQoggJCCmNpdHlfMzU1NzVICVgEaLUBiAEBmAEzuAEHyAEM2AED6AEB-AEBiAIBqAIBuALAkcLTBsACAdICJGZkNjZkNGNmLTNhZGQtNDIyYS04YWIwLTdkZGFkMjg0NzdlMdgCAeACAQ&ucfs=1&arphpl=1&checkin=2026-08-06&checkout=2026-08-07&dest_id=35575&dest_type=city&group_adults=2&req_adults=2&no_rooms=1&group_children=0&req_children=0&hpos=15&hapos=238&sr_order=popularity&srpvid=3fbf57600a54002b&srepoch=1785759966&all_sr_blocks=1633002501_433779997_2_0_0&highlighted_blocks=1633002501_433779997_2_0_0&matching_block_id=1633002501_433779997_2_0_0&sr_pri_blocks=1633002501_433779997_2_0_0__560000&from=searchresults,5600,,,Lahore,15.0,One-Bedroom Apartment,1 double bed,0,1,1,https://cf.bstatic.com/xdata/images/hotel/square240/862959884.webp?k=d7f9b27fb21126aa97396376df7313db029d4a9059f79eda0362d02fe576a2d1&o=,5,Shorkot
1 Bed TV Lounge With AC,https://www.booking.com/hotel/pk/1-bed-tv-lounge-with-ac-lahore.en-gb.html?aid=304142&label=gen173nr-10CAQoggJCCmNpdHlfMzU1NzVICVgEaLUBiAEBmAEzuAEHyAEM2AED6AEB-AEBiAIBqAIBuALAkcLTBsACAdICJGZkNjZkNGNmLTNhZGQtNDIyYS04YWIwLTdkZGFkMjg0NzdlMdgCAeACAQ&ucfs=1&arphpl=1&checkin=2026-08-06&checkout=2026-08-07&dest_id=35575&dest_type=city&group_adults=2&req_adults=2&no_rooms=1&group_children=0&req_children=0&hpos=16&hapos=239&sr_order=popularity&srpvid=3fbf57600a54002b&srepoch=1785759966&all_sr_blocks=1449377501_416314203_2_2_0&highlighted_blocks=1449377501_416314203_2_2_0&matching_block_id=1449377501_416314203_2_2_0&sr_pri_blocks=1449377501_416314203_2_2_0__650000&from=searchresults,6500,5.5,2.0,Lahore,15.1,One-Bedroom Apartment,"2 beds (1 extra-large double, 1 sofa bed)",0,1,1,https://cf.bstatic.com/xdata/images/hotel/square240/706494308.webp?k=1427648612a95d085e28ab66de15e9cf26e47744523299ae724d8ae77b0c4b45&o=,4,Shorkot
Rental Apartments By PPC,https://www.booking.com/hotel/pk/rental-apartments-by-ppc-bahria-town-lahore.en-gb.html?aid=304142&label=gen173nr-10CAQoggJCCmNpdHlfMzU1NzVICVgEaLUBiAEBmAEzuAEHyAEM2AED6AEB-AEBiAIBqAIBuALAkcLTBsACAdICJGZkNjZkNGNmLTNhZGQtNDIyYS04YWIwLTdkZGFkMjg0NzdlMdgCAeACAQ&ucfs=1&arphpl=1&checkin=2026-08-06&checkout=2026-08-07&dest_id=35575&dest_type=city&group_adults=2&req_adults=2&no_rooms=1&group_children=0&req_children=0&hpos=17&hapos=240&sr_order=popularity&srpvid=3fbf57600a54002b&srepoch=1785759966&all_sr_blocks=1693900001_441030478_2_0_0&highlighted_blocks=1693900001_441030478_2_0_0&matching_block_id=1693900001_441030478_2_0_0&sr_pri_blocks=1693900001_441030478_2_0_0__552500&from=searchresults,5525,,,Rāmkot,15.4,One-Bedroom Apartment,1 double bed,0,1,1,https://cf.bstatic.com/xdata/images/hotel/square240/898738506.webp?k=d2ba74f6b14976b2e3fc6222431759b060a0f8ef3ccd39b5b3714229cc51c255&o=,4,Shorkot
Luxora Suites Luxury Apartment,https://www.booking.com/hotel/pk/luxora-suites-luxury-apartment.en-gb.html?aid=304142&label=gen173nr-10CAQoggJCCmNpdHlfMzU1NzVICVgEaLUBiAEBmAEzuAEHyAEM2AED6AEB-AEBiAIBqAIBuALAkcLTBsACAdICJGZkNjZkNGNmLTNhZGQtNDIyYS04YWIwLTdkZGFkMjg0NzdlMdgCAeACAQ&ucfs=1&arphpl=1&checkin=2026-08-06&checkout=2026-08-07&dest_id=35575&dest_type=city&group_adults=2&req_adults=2&no_rooms=1&group_children=0&req_children=0&hpos=18&hapos=241&sr_order=popularity&srpvid=3fbf57600a54002b&srepoch=1785759966&all_sr_blocks=1698054201_441475133_2_0_0&highlighted_blocks=1698054201_441475133_2_0_0&matching_block_id=1698054201_441475133_2_0_0&sr_pri_blocks=1698054201_441475133_2_0_0__505750&from=searchresults,5058,,,Lahore,15.3,One-Bedroom Apartment,1 double bed,0,1,1,https://cf.bstatic.com/xdata/images/hotel/square240/901311452.webp?k=6f49954806c0e5e50b0859e6e4be1202a0b07ec1632ebbbab9d13cc58f5d9ce0&o=,13,Shorkot
Skylark Lodge Bahria Town Lahore,https://www.booking.com/hotel/pk/skylark-lodge-bahria-town-lahore-lahore.en-gb.html?aid=304142&label=gen173nr-10CAQoggJCCmNpdHlfMzU1NzVICVgEaLUBiAEBmAEzuAEHyAEM2AED6AEB-AEBiAIBqAIBuALAkcLTBsACAdICJGZkNjZkNGNmLTNhZGQtNDIyYS04YWIwLTdkZGFkMjg0NzdlMdgCAeACAQ&ucfs=1&arphpl=1&checkin=2026-08-06&checkout=2026-08-07&dest_id=35575&dest_type=city&group_adults=2&req_adults=2&no_rooms=1&group_children=0&req_children=0&hpos=19&hapos=242&sr_order=popularity&srpvid=3fbf57600a54002b&srepoch=1785759966&all_sr_blocks=1336503901_409073871_2_2_0&highlighted_blocks=1336503901_409073871_2_2_0&matching_block_id=1336503901_409073871_2_2_0&sr_pri_blocks=1336503901_409073871_2_2_0__1258425&from=searchresults,12584,9.8,13.0,Lahore,15.6,Two-Bedroom House,"4 beds (2 sofa beds, 2 large doubles)",0,0,1,https://cf.bstatic.com/xdata/images/hotel/square240/632850582.webp?k=77be4c0d9fbaa0d30dbdc452de8ff3ff70ef532fd48fe21d829141d7c979903d&o=,5,Shorkot
The Royal Vista,https://www.booking.com/hotel/pk/the-royal-vista.en-gb.html?aid=304142&label=gen173nr-10CAQoggJCCmNpdHlfMzU1NzVICVgEaLUBiAEBmAEzuAEHyAEM2AED6AEB-AEBiAIBqAIBuALAkcLTBsACAdICJGZkNjZkNGNmLTNhZGQtNDIyYS04YWIwLTdkZGFkMjg0NzdlMdgCAeACAQ&ucfs=1&arphpl=1&checkin=2026-08-06&checkout=2026-08-07&dest_id=35575&dest_type=city&group_adults=2&req_adults=2&no_rooms=1&group_children=0&req_children=0&hpos=20&hapos=243&sr_order=popularity&srpvid=3fbf57600a54002b&srepoch=1785759966&all_sr_blocks=1594655401_430490550_2_0_0&highlighted_blocks=1594655401_430490550_2_0_0&matching_block_id=1594655401_430490550_2_0_0&sr_pri_blocks=1594655401_430490550_2_0_0__1500000&from=searchresults,15000,,,Lahore,19.8,Double Room,1 double bed,0,1,1,https://cf.bstatic.com/xdata/images/hotel/square240/832763769.webp?k=c97d562ca44f52e7f043e548699097355cf4ddee50f6e2093ccd8c3290cdb673&o=,12,Shorkot
Velora,https://www.booking.com/hotel/pk/velora.en-gb.html?aid=304142&label=gen173nr-10CAQoggJCCmNpdHlfMzU1NzVICVgEaLUBiAEBmAEzuAEHyAEM2AED6AEB-AEBiAIBqAIBuALAkcLTBsACAdICJGZkNjZkNGNmLTNhZGQtNDIyYS04YWIwLTdkZGFkMjg0NzdlMdgCAeACAQ&ucfs=1&arphpl=1&checkin=2026-08-06&checkout=2026-08-07&dest_id=35575&dest_type=city&group_adults=2&req_adults=2&no_rooms=1&group_children=0&req_children=0&hpos=21&hapos=244&sr_order=popularity&srpvid=3fbf57600a54002b&srepoch=1785759966&all_sr_blocks=1658191701_437718916_2_0_0&highlighted_blocks=1658191701_437718916_2_0_0&matching_block_id=1658191701_437718916_2_0_0&sr_pri_blocks=1658191701_437718916_2_0_0__1207800&from=searchresults,12078,,,Lahore,18.7,One-Bedroom Apartment,"2 beds (1 double, 1 sofa bed)",0,1,1,https://cf.bstatic.com/xdata/images/hotel/square240/892014348.webp?k=5598638798e668de7064e6084948804914285270406fe6321a3720c650b1d2f9&o=,4,Shorkot
Apartment in Bahria town,https://www.booking.com/hotel/pk/luxury-1bhk-apartment-in-bahria-town-self-check-in.en-gb.html?aid=304142&label=gen173nr-10CAQoggJCCmNpdHlfMzU1NzVICVgEaLUBiAEBmAEzuAEHyAEM2AED6AEB-AEBiAIBqAIBuALAkcLTBsACAdICJGZkNjZkNGNmLTNhZGQtNDIyYS04YWIwLTdkZGFkMjg0NzdlMdgCAeACAQ&ucfs=1&arphpl=1&checkin=2026-08-06&checkout=2026-08-07&dest_id=35575&dest_type=city&group_adults=2&req_adults=2&no_rooms=1&group_children=0&req_children=0&hpos=22&hapos=245&sr_order=popularity&srpvid=3fbf57600a54002b&srepoch=1785759966&all_sr_blocks=1623984101_433141827_3_0_0&highlighted_blocks=1623984101_433141827_3_0_0&matching_block_id=1623984101_433141827_3_0_0&sr_pri_blocks=1623984101_433141827_3_0_0__800000&from=searchresults,8000,,,Lahore,15.8,One-Bedroom Apartment,1 double bed,0,1,1,https://cf.bstatic.com/xdata/images/hotel/square240/857992898.webp?k=4995d417f0eb28870135727e806cf0e11a90b3928893b641ab7bc074cd0476d8&o=,4,Shorkot
1 BHK Lunar Noir Starlight Ceiling & Moon Wall Bahria Lahore,https://www.booking.com/hotel/pk/1-bhk-lunar-noir-starlight-ceiling-amp-moon-wall-bahria-lahore.en-gb.html?aid=304142&label=gen173nr-10CAQoggJCCmNpdHlfMzU1NzVICVgEaLUBiAEBmAEzuAEHyAEM2AED6AEB-AEBiAIBqAIBuALAkcLTBsACAdICJGZkNjZkNGNmLTNhZGQtNDIyYS04YWIwLTdkZGFkMjg0NzdlMdgCAeACAQ&ucfs=1&arphpl=1&checkin=2026-08-06&checkout=2026-08-07&dest_id=35575&dest_type=city&group_adults=2&req_adults=2&no_rooms=1&group_children=0&req_children=0&hpos=23&hapos=246&sr_order=popularity&srpvid=3fbf57600a54002b&srepoch=1785759966&all_sr_blocks=1652954601_437260068_4_0_0&highlighted_blocks=1652954601_437260068_4_0_0&matching_block_id=1652954601_437260068_4_0_0&sr_pri_blocks=1652954601_437260068_4_0_0__999900&from=searchresults,9999,,,Lahore,15.9,One-Bedroom Apartment,"2 beds (1 extra-large double, 1 sofa bed)",0,1,1,https://cf.bstatic.com/xdata/images/hotel/square240/873624736.webp?k=315b637a641e7b3b17cb69ffda6b6dce24184a2d308d34e4c23a6207b15cf5d4&o=,5,Shorkot
Zameen Opal - Skyline Suites,https://www.booking.com/hotel/pk/zameen-opal-skyline-suites.en-gb.html?aid=304142&label=gen173nr-10CAQoggJCCmNpdHlfMzU1NzVICVgEaLUBiAEBmAEzuAEHyAEM2AED6AEB-AEBiAIBqAIBuALAkcLTBsACAdICJGZkNjZkNGNmLTNhZGQtNDIyYS04YWIwLTdkZGFkMjg0NzdlMdgCAeACAQ&ucfs=1&arphpl=1&checkin=2026-08-06&checkout=2026-08-07&dest_id=35575&dest_type=city&group_adults=2&req_adults=2&no_rooms=1&group_children=0&req_children=0&hpos=24&hapos=247&sr_order=popularity&srpvid=3fbf57600a54002b&srepoch=1785759966&all_sr_blocks=1361766001_408487581_2_0_0&highlighted_blocks=1361766001_408487581_2_0_0&matching_block_id=1361766001_408487581_2_0_0&sr_pri_blocks=1361766001_408487581_2_0_0__900000&from=searchresults,9000,4.7,4.0,Lahore,18.7,One-Bedroom Apartment,"2 beds (1 double, 1 sofa bed)",0,1,1,https://cf.bstatic.com/xdata/images/hotel/square240/672116867.webp?k=486428f76ce9cb1d0fba96413623f1c1ed4b62925a9e3a9749418e362147f34d&o=,4,Shorkot
Fully Furnished Family House,https://www.booking.com/hotel/pk/fully-furnished-family-house-lahore1.en-gb.html?aid=304142&label=gen173nr-10CAQoggJCCmNpdHlfMzU1NzVICVgEaLUBiAEBmAEzuAEHyAEM2AED6AEB-AEBiAIBqAIBuALAkcLTBsACAdICJGZkNjZkNGNmLTNhZGQtNDIyYS04YWIwLTdkZGFkMjg0NzdlMdgCAeACAQ&ucfs=1&arphpl=1&checkin=2026-08-06&checkout=2026-08-07&dest_id=35575&dest_type=city&group_adults=2&req_adults=2&no_rooms=1&group_children=0&req_children=0&hpos=25&hapos=248&sr_order=popularity&srpvid=3fbf57600a54002b&srepoch=1785759966&all_sr_blocks=1656157901_437529764_2_0_0&highlighted_blocks=1656157901_437529764_2_0_0&matching_block_id=1656157901_437529764_2_0_0&sr_pri_blocks=1656157901_437529764_2_0_0__1200000&from=searchresults,12000,,,Lahore,19.9,Three-Bedroom Villa,"2 beds (1 double, 1 sofa bed)",0,1,1,https://cf.bstatic.com/xdata/images/hotel/square240/875684975.webp?k=929a9e7a200630e299a2cd306596fbe2761ec62ea28fcc1212d752360d4861f1&o=,5,Shorkot
The Canal Crown 2 Bedroom Apartment With Free Parking,https://www.booking.com/hotel/pk/the-canal-crown-2-bedroom-apartment-with-free-parking.en-gb.html?aid=304142&label=gen173nr-10CAQoggJCCmNpdHlfMzU1NzVICVgEaLUBiAEBmAEzuAEHyAEM2AED6AEB-AEBiAIBqAIBuALAkcLTBsACAdICJGZkNjZkNGNmLTNhZGQtNDIyYS04YWIwLTdkZGFkMjg0NzdlMdgCAeACAQ&ucfs=1&arphpl=1&checkin=2026-08-06&checkout=2026-08-07&dest_id=35575&dest_type=city&group_adults=2&req_adults=2&no_rooms=1&group_children=0&req_children=0&hpos=1&hapos=249&sr_order=popularity&srpvid=3fbf57600a54002b&srepoch=1785759969&all_sr_blocks=1696535201_441341116_5_0_0&highlighted_blocks=1696535201_441341116_5_0_0&matching_block_id=1696535201_441341116_5_0_0&sr_pri_blocks=1696535201_441341116_5_0_0__816000&from=searchresults,8160,,,Lahore,19.8,One-Bedroom Apartment,"3 beds (2 extra-large doubles, 1 sofa bed)",0,1,1,https://cf.bstatic.com/xdata/images/hotel/square240/900540676.webp?k=37f41a9498d6090a2bc39d68ef469678b0b9c1f480d1ce9f286472ad45a6f9a6&o=,5,Shorkot
Marina Suites Lahore,https://www.booking.com/hotel/pk/marina-suites.en-gb.html?aid=304142&label=gen173nr-10CAQoggJCCmNpdHlfMzU1NzVICVgEaLUBiAEBmAEzuAEHyAEM2AED6AEB-AEBiAIBqAIBuALAkcLTBsACAdICJGZkNjZkNGNmLTNhZGQtNDIyYS04YWIwLTdkZGFkMjg0NzdlMdgCAeACAQ&ucfs=1&arphpl=1&checkin=2026-08-06&checkout=2026-08-07&dest_id=35575&dest_type=city&group_adults=2&req_adults=2&no_rooms=1&group_children=0&req_children=0&hpos=2&hapos=250&sr_order=popularity&srpvid=3fbf57600a54002b&srepoch=1785759969&all_sr_blocks=1428081001_414393843_1_1_0%2C1428081001_414393843_1_1_0&highlighted_blocks=1428081001_414393843_1_1_0%2C1428081001_414393843_1_1_0&matching_block_id=1428081001_414393843_1_1_0&sr_pri_blocks=1428081001_414393843_1_1_0__900000%2C1428081001_414393843_1_1_0__900000&from=searchresults,18000,8.6,9.0,Lahore,18.9,Double Room,2 extra-large double beds,0,1,1,https://cf.bstatic.com/xdata/images/hotel/square240/691328518.webp?k=c223301a37230b5498bc725fb1892665b0507cc5fec10f2b908114b9f4f1e812&o=,11,Shorkot
GoldCrib Presidential Penthouse,https://www.booking.com/hotel/pk/goldcrib-presidential-penthouse.en-gb.html?aid=304142&label=gen173nr-10CAQoggJCCmNpdHlfMzU1NzVICVgEaLUBiAEBmAEzuAEHyAEM2AED6AEB-AEBiAIBqAIBuALAkcLTBsACAdICJGZkNjZkNGNmLTNhZGQtNDIyYS04YWIwLTdkZGFkMjg0NzdlMdgCAeACAQ&ucfs=1&arphpl=1&checkin=2026-08-06&checkout=2026-08-07&dest_id=35575&dest_type=city&group_adults=2&req_adults=2&no_rooms=1&group_children=0&req_children=0&hpos=3&hapos=251&sr_order=popularity&srpvid=3fbf57600a54002b&srepoch=1785759969&all_sr_blocks=1691755701_440830218_2_0_0&highlighted_blocks=1691755701_440830218_2_0_0&matching_block_id=1691755701_440830218_2_0_0&sr_pri_blocks=1691755701_440830218_2_0_0__1734000&from=searchresults,17340,,,Lahore,15.2,Two-Bedroom Apartment with Balcony and Terrace,"6 beds (1 double, 1 extra-large double, 2 sofa beds, 2 futons)",0,1,1,https://cf.bstatic.com/xdata/images/hotel/square240/897260993.webp?k=1164076b2b27001046b817bded01f36517cbfcea040de718cd3ffe117e344f6b&o=,6,Shorkot
Modern 1BHK Apartment by LuxeLiv,https://www.booking.com/hotel/pk/modern-1bhk-apartment-by-luxeliv.en-gb.html?aid=304142&label=gen173nr-10CAQoggJCCmNpdHlfMzU1NzVICVgEaLUBiAEBmAEzuAEHyAEM2AED6AEB-AEBiAIBqAIBuALAkcLTBsACAdICJGZkNjZkNGNmLTNhZGQtNDIyYS04YWIwLTdkZGFkMjg0NzdlMdgCAeACAQ&ucfs=1&arphpl=1&checkin=2026-08-06&checkout=2026-08-07&dest_id=35575&dest_type=city&group_adults=2&req_adults=2&no_rooms=1&group_children=0&req_children=0&hpos=4&hapos=252&sr_order=popularity&srpvid=3fbf57600a54002b&srepoch=1785759969&all_sr_blocks=1453429901_416680734_2_0_0&highlighted_blocks=1453429901_416680734_2_0_0&matching_block_id=1453429901_416680734_2_0_0&sr_pri_blocks=1453429901_416680734_2_0_0__1530000&from=searchresults,15300,1.0,1.0,Lahore,17.8,One-Bedroom Apartment,"3 beds (1 double, 2 sofa beds)",0,1,1,https://cf.bstatic.com/xdata/images/hotel/square240/710794274.webp?k=f171ae89eb3f379c1a3ab5f8f912f197f6688e75126f1aa61e9b5912308bc8b8&o=,4,Shorkot
Canal Vista 1Bed Apartment,https://www.booking.com/hotel/pk/canal-vista-1bed-apartment.en-gb.html?aid=304142&label=gen173nr-10CAQoggJCCmNpdHlfMzU1NzVICVgEaLUBiAEBmAEzuAEHyAEM2AED6AEB-AEBiAIBqAIBuALAkcLTBsACAdICJGZkNjZkNGNmLTNhZGQtNDIyYS04YWIwLTdkZGFkMjg0NzdlMdgCAeACAQ&ucfs=1&arphpl=1&checkin=2026-08-06&checkout=2026-08-07&dest_id=35575&dest_type=city&group_adults=2&req_adults=2&no_rooms=1&group_children=0&req_children=0&hpos=5&hapos=253&sr_order=popularity&srpvid=3fbf57600a54002b&srepoch=1785759969&all_sr_blocks=1696473801_441334302_3_0_0&highlighted_blocks=1696473801_441334302_3_0_0&matching_block_id=1696473801_441334302_3_0_0&sr_pri_blocks=1696473801_441334302_3_0_0__782000&from=searchresults,7820,,,Lahore,19.8,One-Bedroom Apartment,"2 beds (1 extra-large double, 1 sofa bed)",0,1,1,https://cf.bstatic.com/xdata/images/hotel/square240/900509191.webp?k=8fe16960acd3ca9bcf3635c7b419433a89598634b8dbff1a843b0d38e467a348&o=,5,Shorkot
2 Bedroom Apartment in Bahria town Lahore,https://www.booking.com/hotel/pk/2-bedroom-apartment-in-bahria-town-lahore.en-gb.html?aid=304142&label=gen173nr-10CAQoggJCCmNpdHlfMzU1NzVICVgEaLUBiAEBmAEzuAEHyAEM2AED6AEB-AEBiAIBqAIBuALAkcLTBsACAdICJGZkNjZkNGNmLTNhZGQtNDIyYS04YWIwLTdkZGFkMjg0NzdlMdgCAeACAQ&ucfs=1&arphpl=1&checkin=2026-08-06&checkout=2026-08-07&dest_id=35575&dest_type=city&group_adults=2&req_adults=2&no_rooms=1&group_children=0&req_children=0&hpos=6&hapos=254&sr_order=popularity&srpvid=3fbf57600a54002b&srepoch=1785759969&all_sr_blocks=1696287401_441318555_4_0_0&highlighted_blocks=1696287401_441318555_4_0_0&matching_block_id=1696287401_441318555_4_0_0&sr_pri_blocks=1696287401_441318555_4_0_0__1360000&from=searchresults,13600,,,Lahore,15.1,Two-Bedroom Apartment,"2 beds (1 double, 1 large double)",0,1,1,https://cf.bstatic.com/xdata/images/hotel/square240/900347273.webp?k=8f730dfd9421753b06689579955ea9e31ae75d047a4852ab59878ec5a8f45ffe&o=,5,Shorkot
2BHK Director's Cut 80 inch Projector Screen in Bahria Lahore,https://www.booking.com/hotel/pk/2bhk-directors-cut-80-inch-projector-screen-in-bahria-lahore.en-gb.html?aid=304142&label=gen173nr-10CAQoggJCCmNpdHlfMzU1NzVICVgEaLUBiAEBmAEzuAEHyAEM2AED6AEB-AEBiAIBqAIBuALAkcLTBsACAdICJGZkNjZkNGNmLTNhZGQtNDIyYS04YWIwLTdkZGFkMjg0NzdlMdgCAeACAQ&ucfs=1&arphpl=1&checkin=2026-08-06&checkout=2026-08-07&dest_id=35575&dest_type=city&group_adults=2&req_adults=2&no_rooms=1&group_children=0&req_children=0&hpos=7&hapos=255&sr_order=popularity&srpvid=3fbf57600a54002b&srepoch=1785759969&all_sr_blocks=1655065701_437433702_6_0_0&highlighted_blocks=1655065701_437433702_6_0_0&matching_block_id=1655065701_437433702_6_0_0&sr_pri_blocks=1655065701_437433702_6_0_0__1120000&from=searchresults,11200,,,Lahore,15.0,One-Bedroom Apartment,"3 beds (1 sofa bed, 2 large doubles)",0,1,1,https://cf.bstatic.com/xdata/images/hotel/square240/874858686.webp?k=e1a997e7a48e83d268666ed4dc3a5d5de16359d15b4f639ddf591679390bc621&o=,6,Shorkot
"1BHK Apartment In Bahria Town, Lahore",https://www.booking.com/hotel/pk/1bhk-apartment-in-bahria-town-lahore-lahore1.en-gb.html?aid=304142&label=gen173nr-10CAQoggJCCmNpdHlfMzU1NzVICVgEaLUBiAEBmAEzuAEHyAEM2AED6AEB-AEBiAIBqAIBuALAkcLTBsACAdICJGZkNjZkNGNmLTNhZGQtNDIyYS04YWIwLTdkZGFkMjg0NzdlMdgCAeACAQ&ucfs=1&arphpl=1&checkin=2026-08-06&checkout=2026-08-07&dest_id=35575&dest_type=city&group_adults=2&req_adults=2&no_rooms=1&group_children=0&req_children=0&hpos=8&hapos=256&sr_order=popularity&srpvid=3fbf57600a54002b&srepoch=1785759969&all_sr_blocks=1654229501_437366741_3_0_0&highlighted_blocks=1654229501_437366741_3_0_0&matching_block_id=1654229501_437366741_3_0_0&sr_pri_blocks=1654229501_437366741_3_0_0__825000&from=searchresults,8250,,,Lahore,16.1,One-Bedroom Apartment,"2 beds (1 double, 1 sofa bed)",0,1,1,https://cf.bstatic.com/xdata/images/hotel/square240/874305187.webp?k=3dee9a6a6b45fabe13e82fbb5981d00e1b73088ba9bfc34059b27a3006457078&o=,4,Shorkot
Eiffel Tower Premium Apartment Bahria Town Lahore By LMY,https://www.booking.com/hotel/pk/eiffel-tower-one-bedroom-apartment-bahria-town-lahore.en-gb.html?aid=304142&label=gen173nr-10CAQoggJCCmNpdHlfMzU1NzVICVgEaLUBiAEBmAEzuAEHyAEM2AED6AEB-AEBiAIBqAIBuALAkcLTBsACAdICJGZkNjZkNGNmLTNhZGQtNDIyYS04YWIwLTdkZGFkMjg0NzdlMdgCAeACAQ&ucfs=1&arphpl=1&checkin=2026-08-06&checkout=2026-08-07&dest_id=35575&dest_type=city&group_adults=2&req_adults=2&no_rooms=1&group_children=0&req_children=0&hpos=9&hapos=257&sr_order=popularity&srpvid=3fbf57600a54002b&srepoch=1785759969&all_sr_blocks=1527391601_424319188_2_0_0&highlighted_blocks=1527391601_424319188_2_0_0&matching_block_id=1527391601_424319188_2_0_0&sr_pri_blocks=1527391601_424319188_2_0_0__1060200&from=searchresults,10602,,,Lahore,15.3,One-Bedroom Apartment with View,"2 beds (1 double, 1 sofa bed)",0,0,0,https://cf.bstatic.com/xdata/images/hotel/square240/776779601.webp?k=bd012cd6e08479dec2b547bced684e178acf1bee53467660d95f776a651625b9&o=,11,Shorkot
باكستان,https://www.booking.com/hotel/pk/bkstn.en-gb.html?aid=304142&label=gen173nr-10CAQoggJCCmNpdHlfMzU1NzVICVgEaLUBiAEBmAEzuAEHyAEM2AED6AEB-AEBiAIBqAIBuALAkcLTBsACAdICJGZkNjZkNGNmLTNhZGQtNDIyYS04YWIwLTdkZGFkMjg0NzdlMdgCAeACAQ&ucfs=1&arphpl=1&checkin=2026-08-06&checkout=2026-08-07&dest_id=35575&dest_type=city&group_adults=2&req_adults=2&no_rooms=1&group_children=0&req_children=0&hpos=10&hapos=258&sr_order=popularity&srpvid=3fbf57600a54002b&srepoch=1785759969&all_sr_blocks=1431233101_414680027_2_0_0&highlighted_blocks=1431233101_414680027_2_0_0&matching_block_id=1431233101_414680027_2_0_0&sr_pri_blocks=1431233101_414680027_2_0_0__850000&from=searchresults,8500,,,Lahore,15.1,One-Bedroom Apartment,"8 beds (7 sofa beds, 1 large double)",0,1,1,https://cf.bstatic.com/xdata/images/hotel/square240/693469344.webp?k=6fb605f26e25ce9b92df4a7f4a99e4d289743fbbf32522b5b3db2e87087e4af0&o=,4,Shorkot
Bahria Eiffel Apartments,https://www.booking.com/hotel/pk/bahria-eiffel-apartments.en-gb.html?aid=304142&label=gen173nr-10CAQoggJCCmNpdHlfMzU1NzVICVgEaLUBiAEBmAEzuAEHyAEM2AED6AEB-AEBiAIBqAIBuALAkcLTBsACAdICJGZkNjZkNGNmLTNhZGQtNDIyYS04YWIwLTdkZGFkMjg0NzdlMdgCAeACAQ&ucfs=1&arphpl=1&checkin=2026-08-06&checkout=2026-08-07&dest_id=35575&dest_type=city&group_adults=2&req_adults=2&no_rooms=1&group_children=0&req_children=0&hpos=11&hapos=259&sr_order=popularity&srpvid=3fbf57600a54002b&srepoch=1785759969&all_sr_blocks=1439249601_415408794_3_0_0&highlighted_blocks=1439249601_415408794_3_0_0&matching_block_id=1439249601_415408794_3_0_0&sr_pri_blocks=1439249601_415408794_3_0_0__1050000&from=searchresults,10500,3.0,2.0,Lahore,15.3,Deluxe One-Bedroom Apartment with City View,"2 beds (1 sofa bed, 1 large double)",0,1,1,https://cf.bstatic.com/xdata/images/hotel/square240/699064147.webp?k=5981cd2347befd0cca6f4844d6908cacede9407242aa7a01f1ccbc1d75b9fe77&o=,4,Shorkot
Eifel Heights Apartments,https://www.booking.com/hotel/pk/eifel-heights-apartments.en-gb.html?aid=304142&label=gen173nr-10CAQoggJCCmNpdHlfMzU1NzVICVgEaLUBiAEBmAEzuAEHyAEM2AED6AEB-AEBiAIBqAIBuALAkcLTBsACAdICJGZkNjZkNGNmLTNhZGQtNDIyYS04YWIwLTdkZGFkMjg0NzdlMdgCAeACAQ&ucfs=1&arphpl=1&checkin=2026-08-06&checkout=2026-08-07&dest_id=35575&dest_type=city&group_adults=2&req_adults=2&no_rooms=1&group_children=0&req_children=0&hpos=12&hapos=260&sr_order=popularity&srpvid=3fbf57600a54002b&srepoch=1785759969&all_sr_blocks=1628154401_433434363_3_1_0&highlighted_blocks=1628154401_433434363_3_1_0&matching_block_id=1628154401_433434363_3_1_0&sr_pri_blocks=1628154401_433434363_3_1_0__980000&from=searchresults,9800,,,Lahore,15.3,Two-Bedroom Apartment,"3 beds (2 doubles, 1 sofa bed)",1,1,1,https://cf.bstatic.com/xdata/images/hotel/square240/860461388.webp?k=56096e8c936598636ccb00345f2e1b5f0031637c9308783a80340380c7f53379&o=,4,Shorkot
1bhk bahria town apartment effile tower view,https://www.booking.com/hotel/pk/1bhk-bahria-town-apartment-effile-tower-view.en-gb.html?aid=304142&label=gen173nr-10CAQoggJCCmNpdHlfMzU1NzVICVgEaLUBiAEBmAEzuAEHyAEM2AED6AEB-AEBiAIBqAIBuALAkcLTBsACAdICJGZkNjZkNGNmLTNhZGQtNDIyYS04YWIwLTdkZGFkMjg0NzdlMdgCAeACAQ&ucfs=1&arphpl=1&checkin=2026-08-06&checkout=2026-08-07&dest_id=35575&dest_type=city&group_adults=2&req_adults=2&no_rooms=1&group_children=0&req_children=0&hpos=13&hapos=261&sr_order=popularity&srpvid=3fbf57600a54002b&srepoch=1785759969&all_sr_blocks=1590832001_430179023_2_0_0&highlighted_blocks=1590832001_430179023_2_0_0&matching_block_id=1590832001_430179023_2_0_0&sr_pri_blocks=1590832001_430179023_2_0_0__550000&from=searchresults,5500,,,Lahore,15.8,One-Bedroom Apartment,"2 beds (1 double, 1 sofa bed)",0,1,1,https://cf.bstatic.com/xdata/images/hotel/square240/830686908.webp?k=ec5e1622007d61b693034b4b0b93090a93376d1a26779383be864f94a3881ba5&o=,4,Shorkot
Masu Two bed Apartment,https://www.booking.com/hotel/pk/masu-two-bed-apartment.en-gb.html?aid=304142&label=gen173nr-10CAQoggJCCmNpdHlfMzU1NzVICVgEaLUBiAEBmAEzuAEHyAEM2AED6AEB-AEBiAIBqAIBuALAkcLTBsACAdICJGZkNjZkNGNmLTNhZGQtNDIyYS04YWIwLTdkZGFkMjg0NzdlMdgCAeACAQ&ucfs=1&arphpl=1&checkin=2026-08-06&checkout=2026-08-07&dest_id=35575&dest_type=city&group_adults=2&req_adults=2&no_rooms=1&group_children=0&req_children=0&hpos=14&hapos=262&sr_order=popularity&srpvid=3fbf57600a54002b&srepoch=1785759969&all_sr_blocks=1628682001_433473910_4_0_0&highlighted_blocks=1628682001_433473910_4_0_0&matching_block_id=1628682001_433473910_4_0_0&sr_pri_blocks=1628682001_433473910_4_0_0__1500000&from=searchresults,15000,10,1.0,Lahore,20.0,One-Bedroom Apartment,2 double beds,0,1,1,https://cf.bstatic.com/xdata/images/hotel/square240/860789387.webp?k=8adcc684e26fd06bba2523c248e29d3f044251a7f7ae145e44ab270637f643f2&o=,4,Shorkot
The White Pearl 1BHK Apartment - Bahria Town City View,https://www.booking.com/hotel/pk/the-white-pearl-1bhk-apartment-bahria-town-city-view.en-gb.html?aid=304142&label=gen173nr-10CAQoggJCCmNpdHlfMzU1NzVICVgEaLUBiAEBmAEzuAEHyAEM2AED6AEB-AEBiAIBqAIBuALAkcLTBsACAdICJGZkNjZkNGNmLTNhZGQtNDIyYS04YWIwLTdkZGFkMjg0NzdlMdgCAeACAQ&ucfs=1&arphpl=1&checkin=2026-08-06&checkout=2026-08-07&dest_id=35575&dest_type=city&group_adults=2&req_adults=2&no_rooms=1&group_children=0&req_children=0&hpos=15&hapos=263&sr_order=popularity&srpvid=3fbf57600a54002b&srepoch=1785759969&all_sr_blocks=1539767501_427433032_0_0_0&highlighted_blocks=1539767501_427433032_0_0_0&matching_block_id=1539767501_427433032_0_0_0&sr_pri_blocks=1539767501_427433032_0_0_0__840000&from=searchresults,8400,,,Lahore,15.2,One-Bedroom Apartment,1 extra-large double bed,0,1,1,https://cf.bstatic.com/xdata/images/hotel/square240/787605260.webp?k=e414ecb63719a00da10171ae9e1f953f5a6ecf56da9f6e8b2a59187a2173c2ca&o=,4,Shorkot
Cozy Nook Apartments,https://www.booking.com/hotel/pk/cozy-nook-apartments.en-gb.html?aid=304142&label=gen173nr-10CAQoggJCCmNpdHlfMzU1NzVICVgEaLUBiAEBmAEzuAEHyAEM2AED6AEB-AEBiAIBqAIBuALAkcLTBsACAdICJGZkNjZkNGNmLTNhZGQtNDIyYS04YWIwLTdkZGFkMjg0NzdlMdgCAeACAQ&ucfs=1&arphpl=1&checkin=2026-08-06&checkout=2026-08-07&dest_id=35575&dest_type=city&group_adults=2&req_adults=2&no_rooms=1&group_children=0&req_children=0&hpos=16&hapos=264&sr_order=popularity&srpvid=3fbf57600a54002b&srepoch=1785759969&all_sr_blocks=1436142501_415114778_2_0_0&highlighted_blocks=1436142501_415114778_2_0_0&matching_block_id=1436142501_415114778_2_0_0&sr_pri_blocks=1436142501_415114778_2_0_0__850000&from=searchresults,8500,6.8,4.0,Lahore,15.3,One-Bedroom Apartment,"2 beds (1 double, 1 sofa bed)",0,1,1,https://cf.bstatic.com/xdata/images/hotel/square240/696716564.webp?k=d3efe5cc3bb9e2bf2056a24ce50fe37e60e94f15f9df91beccb0a0fc99496dcd&o=,4,Shorkot
Dark Cozy 1BHK Sleep under the Stars Indoors with Swimming pool Gym and Cinema,https://www.booking.com/hotel/pk/dark-cozy-1bhk-sleep-under-the-stars-indoors-with-swimming-pool-gym-and-cinema.en-gb.html?aid=304142&label=gen173nr-10CAQoggJCCmNpdHlfMzU1NzVICVgEaLUBiAEBmAEzuAEHyAEM2AED6AEB-AEBiAIBqAIBuALAkcLTBsACAdICJGZkNjZkNGNmLTNhZGQtNDIyYS04YWIwLTdkZGFkMjg0NzdlMdgCAeACAQ&ucfs=1&arphpl=1&checkin=2026-08-06&checkout=2026-08-07&dest_id=35575&dest_type=city&group_adults=2&req_adults=2&no_rooms=1&group_children=0&req_children=0&hpos=17&hapos=265&sr_order=popularity&srpvid=3fbf57600a54002b&srepoch=1785759969&all_sr_blocks=1501936401_421879648_3_0_0_1213859&highlighted_blocks=1501936401_421879648_3_0_0_1213859&matching_block_id=1501936401_421879648_3_0_0_1213859&sr_pri_blocks=1501936401_421879648_3_0_0_1213859_800000&from=searchresults,8000,7.5,2.0,Lahore,18.7,One-Bedroom Apartment,"2 beds (1 double, 1 sofa bed)",0,1,1,https://cf.bstatic.com/xdata/images/hotel/square240/774313624.webp?k=eee6e44fdc3b68437a3ed7189bcec41d713274593666c21592799f302453a20f&o=,4,Shorkot
ZAMEEN OPAL A P A R T M E N Ts,https://www.booking.com/hotel/pk/loft-luxor-one-bhk-with-pool-gym-cinema.en-gb.html?aid=304142&label=gen173nr-10CAQoggJCCmNpdHlfMzU1NzVICVgEaLUBiAEBmAEzuAEHyAEM2AED6AEB-AEBiAIBqAIBuALAkcLTBsACAdICJGZkNjZkNGNmLTNhZGQtNDIyYS04YWIwLTdkZGFkMjg0NzdlMdgCAeACAQ&ucfs=1&arphpl=1&checkin=2026-08-06&checkout=2026-08-07&dest_id=35575&dest_type=city&group_adults=2&req_adults=2&no_rooms=1&group_children=0&req_children=0&hpos=18&hapos=266&sr_order=popularity&srpvid=3fbf57600a54002b&srepoch=1785759969&all_sr_blocks=1537618501_437068456_2_0_0&highlighted_blocks=1537618501_437068456_2_0_0&matching_block_id=1537618501_437068456_2_0_0&sr_pri_blocks=1537618501_437068456_2_0_0__1530000&from=searchresults,15300,3.0,1.0,Lahore,18.7,Classic One-Bedroom Apartment with King Bed,Classic One-Bedroom Apartment with King Bed,0,1,1,https://cf.bstatic.com/xdata/images/hotel/square240/871794978.webp?k=2f0649fef1efdb863c0697811db099135704453bdf538680ae0b41b44a24a740&o=,4,Shorkot
The Noir 2BHK,https://www.booking.com/hotel/pk/the-noir-2bhk.en-gb.html?aid=304142&label=gen173nr-10CAQoggJCCmNpdHlfMzU1NzVICVgEaLUBiAEBmAEzuAEHyAEM2AED6AEB-AEBiAIBqAIBuALAkcLTBsACAdICJGZkNjZkNGNmLTNhZGQtNDIyYS04YWIwLTdkZGFkMjg0NzdlMdgCAeACAQ&ucfs=1&arphpl=1&checkin=2026-08-06&checkout=2026-08-07&dest_id=35575&dest_type=city&group_adults=2&req_adults=2&no_rooms=1&group_children=0&req_children=0&hpos=19&hapos=267&sr_order=popularity&srpvid=3fbf57600a54002b&srepoch=1785759969&all_sr_blocks=1680727101_439827736_6_0_0&highlighted_blocks=1680727101_439827736_6_0_0&matching_block_id=1680727101_439827736_6_0_0&sr_pri_blocks=1680727101_439827736_6_0_0__644640&from=searchresults,6446,,,Lahore,15.5,Two-Bedroom Apartment,1 double bed,0,1,1,https://cf.bstatic.com/xdata/images/hotel/square240/891281263.webp?k=782cffefcd01e44263e734bc52b651fbf26249117fd5b1699956d815c3762094&o=,5,Shorkot
"Haven Lodge Lahore by Haven Holiday Homes - Deluxe Family Rooms with attached bath, AC & TV",https://www.booking.com/hotel/pk/haven-lodge-lahore-deluxe-rooms-with-attached-bath-ac-amp-tv.en-gb.html?aid=304142&label=gen173nr-10CAQoggJCCmNpdHlfMzU1NzVICVgEaLUBiAEBmAEzuAEHyAEM2AED6AEB-AEBiAIBqAIBuALAkcLTBsACAdICJGZkNjZkNGNmLTNhZGQtNDIyYS04YWIwLTdkZGFkMjg0NzdlMdgCAeACAQ&ucfs=1&arphpl=1&checkin=2026-08-06&checkout=2026-08-07&dest_id=35575&dest_type=city&group_adults=2&req_adults=2&no_rooms=1&group_children=0&req_children=0&hpos=20&hapos=268&sr_order=popularity&srpvid=3fbf57600a54002b&srepoch=1785759969&all_sr_blocks=1366272801_408909147_2_42_0&highlighted_blocks=1366272801_408909147_2_42_0&matching_block_id=1366272801_408909147_2_42_0&sr_pri_blocks=1366272801_408909147_2_42_0__630000&from=searchresults,6300,,,Lahore,19.2,Family Room with Private Bathroom,"2 beds (1 single, 1 large double)",0,0,0,https://cf.bstatic.com/xdata/images/hotel/square240/824109792.webp?k=6b1f067becf864b7e60e272cbbaa25e024b8c3c3729b5fd8bdb14ecbbbcc8ae7&o=,10,Shorkot
"2 Bed Luxury Apartment, Pool, Gym, Cinema",https://www.booking.com/hotel/pk/2-bed-luxury-apartment-pool-gym-cinema.en-gb.html?aid=304142&label=gen173nr-10CAQoggJCCmNpdHlfMzU1NzVICVgEaLUBiAEBmAEzuAEHyAEM2AED6AEB-AEBiAIBqAIBuALAkcLTBsACAdICJGZkNjZkNGNmLTNhZGQtNDIyYS04YWIwLTdkZGFkMjg0NzdlMdgCAeACAQ&ucfs=1&arphpl=1&checkin=2026-08-06&checkout=2026-08-07&dest_id=35575&dest_type=city&group_adults=2&req_adults=2&no_rooms=1&group_children=0&req_children=0&hpos=21&hapos=269&sr_order=popularity&srpvid=3fbf57600a54002b&srepoch=1785759969&all_sr_blocks=1157854101_388538761_4_0_0&highlighted_blocks=1157854101_388538761_4_0_0&matching_block_id=1157854101_388538761_4_0_0&sr_pri_blocks=1157854101_388538761_4_0_0__1620000&from=searchresults,16200,7.0,4.0,Lahore,18.7,Two-Bedroom Apartment,"5 beds (3 sofa beds, 2 large doubles)",0,0,0,https://cf.bstatic.com/xdata/images/hotel/square240/602823685.webp?k=ca77343a2f416eef7c59b4f23abf8e3e8b9edeb0a318d5ea5624594bac9de049&o=,8,Shorkot
TR Residence,https://www.booking.com/hotel/pk/zameer-opal.en-gb.html?aid=304142&label=gen173nr-10CAQoggJCCmNpdHlfMzU1NzVICVgEaLUBiAEBmAEzuAEHyAEM2AED6AEB-AEBiAIBqAIBuALAkcLTBsACAdICJGZkNjZkNGNmLTNhZGQtNDIyYS04YWIwLTdkZGFkMjg0NzdlMdgCAeACAQ&ucfs=1&arphpl=1&checkin=2026-08-06&checkout=2026-08-07&dest_id=35575&dest_type=city&group_adults=2&req_adults=2&no_rooms=1&group_children=0&req_children=0&hpos=22&hapos=270&sr_order=popularity&srpvid=3fbf57600a54002b&srepoch=1785759969&all_sr_blocks=1590410601_430142854_3_0_0&highlighted_blocks=1590410601_430142854_3_0_0&matching_block_id=1590410601_430142854_3_0_0&sr_pri_blocks=1590410601_430142854_3_0_0__1948000&from=searchresults,19480,,,Lahore,19.3,Two-Bedroom Apartment,"4 beds (3 doubles, 1 sofa bed)",0,1,1,https://cf.bstatic.com/xdata/images/hotel/square240/830004138.webp?k=ada10207620a7fa4b0ac90c59a54171bb6cc8b5613fac252dafc1f641d935035&o=,4,Shorkot
Dawood Apartments Bahria Town Lahore,https://www.booking.com/hotel/pk/daowood-apartments.en-gb.html?aid=304142&label=gen173nr-10CAQoggJCCmNpdHlfMzU1NzVICVgEaLUBiAEBmAEzuAEHyAEM2AED6AEB-AEBiAIBqAIBuALAkcLTBsACAdICJGZkNjZkNGNmLTNhZGQtNDIyYS04YWIwLTdkZGFkMjg0NzdlMdgCAeACAQ&ucfs=1&arphpl=1&checkin=2026-08-06&checkout=2026-08-07&dest_id=35575&dest_type=city&group_adults=2&req_adults=2&no_rooms=1&group_children=0&req_children=0&hpos=23&hapos=271&sr_order=popularity&srpvid=3fbf57600a54002b&srepoch=1785759969&all_sr_blocks=1614773101_432358543_4_0_0&highlighted_blocks=1614773101_432358543_4_0_0&matching_block_id=1614773101_432358543_4_0_0&sr_pri_blocks=1614773101_432358543_4_0_0__750000&from=searchresults,7500,,,Lahore,15.7,One-Bedroom Apartment,"2 beds (1 double, 1 sofa bed)",0,1,1,https://cf.bstatic.com/xdata/images/hotel/square240/849836711.webp?k=5dfef26317f32c8e3731ce7512d06dc24ae8eb6ff5fef6afb1e4888561546542&o=,4,Shorkot
The Serene Nook 1Bed Apartment,https://www.booking.com/hotel/pk/the-serene-nook-1bed-apartment.en-gb.html?aid=304142&label=gen173nr-10CAQoggJCCmNpdHlfMzU1NzVICVgEaLUBiAEBmAEzuAEHyAEM2AED6AEB-AEBiAIBqAIBuALAkcLTBsACAdICJGZkNjZkNGNmLTNhZGQtNDIyYS04YWIwLTdkZGFkMjg0NzdlMdgCAeACAQ&ucfs=1&arphpl=1&checkin=2026-08-06&checkout=2026-08-07&dest_id=35575&dest_type=city&group_adults=2&req_adults=2&no_rooms=1&group_children=0&req_children=0&hpos=24&hapos=272&sr_order=popularity&srpvid=3fbf57600a54002b&srepoch=1785759969&all_sr_blocks=1696494601_441336824_3_0_0&highlighted_blocks=1696494601_441336824_3_0_0&matching_block_id=1696494601_441336824_3_0_0&sr_pri_blocks=1696494601_441336824_3_0_0__795600&from=searchresults,7956,,,Lahore,19.8,One-Bedroom Apartment,"2 beds (1 extra-large double, 1 sofa bed)",0,1,1,https://cf.bstatic.com/xdata/images/hotel/square240/900519519.webp?k=c2f2f47011aec7a47944093f34ad1e5649973c5eb06c58b545139852e59478b1&o=,5,Shorkot
2 Bed Family Home,https://www.booking.com/hotel/pk/family-house-lahore.en-gb.html?aid=304142&label=gen173nr-10CAQoggJCCmNpdHlfMzU1NzVICVgEaLUBiAEBmAEzuAEHyAEM2AED6AEB-AEBiAIBqAIBuALAkcLTBsACAdICJGZkNjZkNGNmLTNhZGQtNDIyYS04YWIwLTdkZGFkMjg0NzdlMdgCAeACAQ&ucfs=1&arphpl=1&checkin=2026-08-06&checkout=2026-08-07&dest_id=35575&dest_type=city&group_adults=2&req_adults=2&no_rooms=1&group_children=0&req_children=0&hpos=25&hapos=273&sr_order=popularity&srpvid=3fbf57600a54002b&srepoch=1785759969&all_sr_blocks=1477103001_419154155_2_41_0&highlighted_blocks=1477103001_419154155_2_41_0&matching_block_id=1477103001_419154155_2_41_0&sr_pri_blocks=1477103001_419154155_2_41_0__1020000&from=searchresults,10200,10,3.0,Lahore,17.4,Two-Bedroom House,2 extra-large double beds,1,1,1,https://cf.bstatic.com/xdata/images/hotel/square240/732124791.webp?k=f1fe2588e33e80089746d81fcfbc1b4b1b3a27798dbc633d36cc46b00eab81bd&o=,4,Shorkot
1 BHK Lavish Suite in Bahria Town lahore,https://www.booking.com/hotel/pk/1-bhk-lavish-suite-in-bahria-town-lahore.en-gb.html?aid=304142&label=gen173nr-10CAQoggJCCmNpdHlfMzU1NzVICVgEaLUBiAEBmAEzuAEHyAEM2AED6AEB-AEBiAIBqAIBuALAkcLTBsACAdICJGZkNjZkNGNmLTNhZGQtNDIyYS04YWIwLTdkZGFkMjg0NzdlMdgCAeACAQ&ucfs=1&arphpl=1&checkin=2026-08-06&checkout=2026-08-07&dest_id=35575&dest_type=city&group_adults=2&req_adults=2&no_rooms=1&group_children=0&req_children=0&hpos=1&hapos=274&sr_order=popularity&srpvid=3fbf57600a54002b&srepoch=1785759972&all_sr_blocks=1420398001_413690298_2_0_0&highlighted_blocks=1420398001_413690298_2_0_0&matching_block_id=1420398001_413690298_2_0_0&sr_pri_blocks=1420398001_413690298_2_0_0__1300000&from=searchresults,13000,,,Lahore,15.5,One-Bedroom Apartment,"3 beds (1 double, 1 sofa bed, 1 large double)",0,1,1,https://cf.bstatic.com/xdata/images/hotel/square240/686406514.webp?k=7c8fb34d4eaf482ab210eb1b00ee366fd346cf37fd0c457ac055e3184380651f&o=,5,Shorkot
Black theme 1-Bedroom Apartment,https://www.booking.com/hotel/pk/stayr.en-gb.html?aid=304142&label=gen173nr-10CAQoggJCCmNpdHlfMzU1NzVICVgEaLUBiAEBmAEzuAEHyAEM2AED6AEB-AEBiAIBqAIBuALAkcLTBsACAdICJGZkNjZkNGNmLTNhZGQtNDIyYS04YWIwLTdkZGFkMjg0NzdlMdgCAeACAQ&ucfs=1&arphpl=1&checkin=2026-08-06&checkout=2026-08-07&dest_id=35575&dest_type=city&group_adults=2&req_adults=2&no_rooms=1&group_children=0&req_children=0&hpos=2&hapos=275&sr_order=popularity&srpvid=3fbf57600a54002b&srepoch=1785759972&all_sr_blocks=1568818501_427967085_3_0_0&highlighted_blocks=1568818501_427967085_3_0_0&matching_block_id=1568818501_427967085_3_0_0&sr_pri_blocks=1568818501_427967085_3_0_0__1150000&from=searchresults,11500,,,Lahore,18.7,One-Bedroom Apartment,"2 beds (1 double, 1 sofa bed)",0,1,1,https://cf.bstatic.com/xdata/images/hotel/square240/811936720.webp?k=847d7d68a2658d874b0df119aff0a8c3e39f7a13659e295fc393f23382d36101&o=,4,Shorkot
1 Private Bed For Family Couple,https://www.booking.com/hotel/pk/couples-family-heaven.en-gb.html?aid=304142&label=gen173nr-10CAQoggJCCmNpdHlfMzU1NzVICVgEaLUBiAEBmAEzuAEHyAEM2AED6AEB-AEBiAIBqAIBuALAkcLTBsACAdICJGZkNjZkNGNmLTNhZGQtNDIyYS04YWIwLTdkZGFkMjg0NzdlMdgCAeACAQ&ucfs=1&arphpl=1&checkin=2026-08-06&checkout=2026-08-07&dest_id=35575&dest_type=city&group_adults=2&req_adults=2&no_rooms=1&group_children=0&req_children=0&hpos=3&hapos=276&sr_order=popularity&srpvid=3fbf57600a54002b&srepoch=1785759972&all_sr_blocks=1474110401_418794893_2_2_0&highlighted_blocks=1474110401_418794893_2_2_0&matching_block_id=1474110401_418794893_2_2_0&sr_pri_blocks=1474110401_418794893_2_2_0__650000&from=searchresults,6500,10,1.0,Lahore,17.5,One-Bedroom Apartment,1 double bed,0,1,1,https://cf.bstatic.com/xdata/images/hotel/square240/749192823.webp?k=937fdaff6107787c700b8bd498bc32301fe3b8f6d52887c752294a122ff33dec&o=,4,Shorkot
Fully Furnished Family House,https://www.booking.com/hotel/pk/fully-furnished-family-house-lahore.en-gb.html?aid=304142&label=gen173nr-10CAQoggJCCmNpdHlfMzU1NzVICVgEaLUBiAEBmAEzuAEHyAEM2AED6AEB-AEBiAIBqAIBuALAkcLTBsACAdICJGZkNjZkNGNmLTNhZGQtNDIyYS04YWIwLTdkZGFkMjg0NzdlMdgCAeACAQ&ucfs=1&arphpl=1&checkin=2026-08-06&checkout=2026-08-07&dest_id=35575&dest_type=city&group_adults=2&req_adults=2&no_rooms=1&group_children=0&req_children=0&hpos=4&hapos=277&sr_order=popularity&srpvid=3fbf57600a54002b&srepoch=1785759972&all_sr_blocks=1655586001_437487294_2_0_0&highlighted_blocks=1655586001_437487294_2_0_0&matching_block_id=1655586001_437487294_2_0_0&sr_pri_blocks=1655586001_437487294_2_0_0__1200000&from=searchresults,12000,,,Lahore,19.9,Three-Bedroom Villa,1 double bed,0,1,1,https://cf.bstatic.com/xdata/images/hotel/square240/875262684.webp?k=f04fe576ad84cf02d910b0a4b3a4b80cd7dda6818b6d3502725f3af4050f85ad&o=,5,Shorkot
Luxury Retreats by Obsidian Homes,https://www.booking.com/hotel/pk/nyx-the-modern-luxury-retreat.en-gb.html?aid=304142&label=gen173nr-10CAQoggJCCmNpdHlfMzU1NzVICVgEaLUBiAEBmAEzuAEHyAEM2AED6AEB-AEBiAIBqAIBuALAkcLTBsACAdICJGZkNjZkNGNmLTNhZGQtNDIyYS04YWIwLTdkZGFkMjg0NzdlMdgCAeACAQ&ucfs=1&arphpl=1&checkin=2026-08-06&checkout=2026-08-07&dest_id=35575&dest_type=city&group_adults=2&req_adults=2&no_rooms=1&group_children=0&req_children=0&hpos=5&hapos=278&sr_order=popularity&srpvid=3fbf57600a54002b&srepoch=1785759972&all_sr_blocks=1486131101_420100665_3_0_0&highlighted_blocks=1486131101_420100665_3_0_0&matching_block_id=1486131101_420100665_3_0_0&sr_pri_blocks=1486131101_420100665_3_0_0__1350000&from=searchresults,13500,,,Lahore,18.7,One-Bedroom Apartment,"2 beds (1 extra-large double, 1 sofa bed)",0,1,1,https://cf.bstatic.com/xdata/images/hotel/square240/740130060.webp?k=a25408924cd91d0d6c5e0a771a8da2fdd78c40b4062ec6e4dd01e2ee5002d3ee&o=,4,Shorkot
Cottage I 5min to M-2 Motorway 10min to BahriaTown,https://www.booking.com/hotel/pk/life-size-dollhouse.en-gb.html?aid=304142&label=gen173nr-10CAQoggJCCmNpdHlfMzU1NzVICVgEaLUBiAEBmAEzuAEHyAEM2AED6AEB-AEBiAIBqAIBuALAkcLTBsACAdICJGZkNjZkNGNmLTNhZGQtNDIyYS04YWIwLTdkZGFkMjg0NzdlMdgCAeACAQ&ucfs=1&arphpl=1&checkin=2026-08-06&checkout=2026-08-07&dest_id=35575&dest_type=city&group_adults=2&req_adults=2&no_rooms=1&group_children=0&req_children=0&hpos=6&hapos=279&sr_order=popularity&srpvid=3fbf57600a54002b&srepoch=1785759972&all_sr_blocks=1298588401_402757381_3_2_0_689685&highlighted_blocks=1298588401_402757381_3_2_0_689685&matching_block_id=1298588401_402757381_3_2_0_689685&sr_pri_blocks=1298588401_402757381_3_2_0_689685_813564&from=searchresults,8136,10,1.0,Lahore,17.2,Two-Bedroom House,2 double beds,0,1,1,https://cf.bstatic.com/xdata/images/hotel/square240/607058313.webp?k=36be0ccbf0b4e7e8b1a8e88334271b19a896f06004f9f42a86cffe9811587dd6&o=,11,Shorkot
Couples Families Gold Heaven Self Checkin,https://www.booking.com/hotel/pk/couples-families-gold-heaven-self-checkin.en-gb.html?aid=304142&label=gen173nr-10CAQoggJCCmNpdHlfMzU1NzVICVgEaLUBiAEBmAEzuAEHyAEM2AED6AEB-AEBiAIBqAIBuALAkcLTBsACAdICJGZkNjZkNGNmLTNhZGQtNDIyYS04YWIwLTdkZGFkMjg0NzdlMdgCAeACAQ&ucfs=1&arphpl=1&checkin=2026-08-06&checkout=2026-08-07&dest_id=35575&dest_type=city&group_adults=2&req_adults=2&no_rooms=1&group_children=0&req_children=0&hpos=7&hapos=280&sr_order=popularity&srpvid=3fbf57600a54002b&srepoch=1785759972&all_sr_blocks=1365573701_408848325_2_2_0&highlighted_blocks=1365573701_408848325_2_2_0&matching_block_id=1365573701_408848325_2_2_0&sr_pri_blocks=1365573701_408848325_2_2_0__700000&from=searchresults,7000,,,Lahore,17.4,One-Bedroom Apartment,1 extra-large double bed,0,0,1,https://cf.bstatic.com/xdata/images/hotel/square240/654195490.webp?k=3f4f65cffebccf71fe5318d1d57d6dfee8c3735c043ec0767ce4015f1ac358bf&o=,3,Shorkot
Elite Space,https://www.booking.com/hotel/pk/cozy-corner-lahore1.en-gb.html?aid=304142&label=gen173nr-10CAQoggJCCmNpdHlfMzU1NzVICVgEaLUBiAEBmAEzuAEHyAEM2AED6AEB-AEBiAIBqAIBuALAkcLTBsACAdICJGZkNjZkNGNmLTNhZGQtNDIyYS04YWIwLTdkZGFkMjg0NzdlMdgCAeACAQ&ucfs=1&arphpl=1&checkin=2026-08-06&checkout=2026-08-07&dest_id=35575&dest_type=city&group_adults=2&req_adults=2&no_rooms=1&group_children=0&req_children=0&hpos=8&hapos=281&sr_order=popularity&srpvid=3fbf57600a54002b&srepoch=1785759972&all_sr_blocks=1677530001_439473171_4_0_0&highlighted_blocks=1677530001_439473171_4_0_0&matching_block_id=1677530001_439473171_4_0_0&sr_pri_blocks=1677530001_439473171_4_0_0__1496000&from=searchresults,14960,,,Lahore,18.7,Apartment,"2 beds (1 double, 1 sofa bed)",0,1,1,https://cf.bstatic.com/xdata/images/hotel/square240/889410940.webp?k=c9e13710cadc57bb7bdd6f7f0ea433023c89bb342d51d4db66694672d48377d7&o=,6,Shorkot
The Olive Grove by Tempstation,https://www.booking.com/hotel/pk/the-olive-grove-by-tempstation-lahore1.en-gb.html?aid=304142&label=gen173nr-10CAQoggJCCmNpdHlfMzU1NzVICVgEaLUBiAEBmAEzuAEHyAEM2AED6AEB-AEBiAIBqAIBuALAkcLTBsACAdICJGZkNjZkNGNmLTNhZGQtNDIyYS04YWIwLTdkZGFkMjg0NzdlMdgCAeACAQ&ucfs=1&arphpl=1&checkin=2026-08-06&checkout=2026-08-07&dest_id=35575&dest_type=city&group_adults=2&req_adults=2&no_rooms=1&group_children=0&req_children=0&hpos=9&hapos=282&sr_order=popularity&srpvid=3fbf57600a54002b&srepoch=1785759972&all_sr_blocks=1368165201_409058585_2_0_0&highlighted_blocks=1368165201_409058585_2_0_0&matching_block_id=1368165201_409058585_2_0_0&sr_pri_blocks=1368165201_409058585_2_0_0__1260000&from=searchresults,12600,,,Lahore,18.7,Two-Bedroom Apartment,1 double bed,0,1,1,https://cf.bstatic.com/xdata/images/hotel/square240/652088711.webp?k=9170e58d0f4af50d78c286231d3ae224521e58d60a5e127920f383280b5e81bc&o=,4,Shorkot
luxury 3bhk full Home in Bahria,https://www.booking.com/hotel/pk/luxury-2bhk-full-home-in-bahria.en-gb.html?aid=304142&label=gen173nr-10CAQoggJCCmNpdHlfMzU1NzVICVgEaLUBiAEBmAEzuAEHyAEM2AED6AEB-AEBiAIBqAIBuALAkcLTBsACAdICJGZkNjZkNGNmLTNhZGQtNDIyYS04YWIwLTdkZGFkMjg0NzdlMdgCAeACAQ&ucfs=1&arphpl=1&checkin=2026-08-06&checkout=2026-08-07&dest_id=35575&dest_type=city&group_adults=2&req_adults=2&no_rooms=1&group_children=0&req_children=0&hpos=10&hapos=283&sr_order=popularity&srpvid=3fbf57600a54002b&srepoch=1785759972&all_sr_blocks=1470911001_418435363_6_0_0&highlighted_blocks=1470911001_418435363_6_0_0&matching_block_id=1470911001_418435363_6_0_0&sr_pri_blocks=1470911001_418435363_6_0_0__2000000&from=searchresults,20000,,,Lahore,15.8,Two-Bedroom Villa,"4 beds (2 singles, 2 sofa beds)",0,1,1,https://cf.bstatic.com/xdata/images/hotel/square240/726975194.webp?k=986408224a468182a95826f55ffd635eb5cfb88963b58335df74519a0d3d79a0&o=,5,Shorkot
Universe Apartment 1bedroom By StayLux Suits,https://www.booking.com/hotel/pk/universe-apartment-1bedroom-by-staylux-suits.en-gb.html?aid=304142&label=gen173nr-10CAQoggJCCmNpdHlfMzU1NzVICVgEaLUBiAEBmAEzuAEHyAEM2AED6AEB-AEBiAIBqAIBuALAkcLTBsACAdICJGZkNjZkNGNmLTNhZGQtNDIyYS04YWIwLTdkZGFkMjg0NzdlMdgCAeACAQ&ucfs=1&arphpl=1&checkin=2026-08-06&checkout=2026-08-07&dest_id=35575&dest_type=city&group_adults=2&req_adults=2&no_rooms=1&group_children=0&req_children=0&hpos=11&hapos=284&sr_order=popularity&srpvid=3fbf57600a54002b&srepoch=1785759972&all_sr_blocks=1436905501_415181277_2_0_0&highlighted_blocks=1436905501_415181277_2_0_0&matching_block_id=1436905501_415181277_2_0_0&sr_pri_blocks=1436905501_415181277_2_0_0__1620000&from=searchresults,16200,,,Lahore,18.7,One-Bedroom Apartment,"2 beds (1 double, 1 sofa bed)",0,1,1,https://cf.bstatic.com/xdata/images/hotel/square240/697186716.webp?k=94bd964ba68b5f0fd3a30e2ade6dff671c5baa0d3f90494d803eb68badd41f3a&o=,4,Shorkot
One Bed Fully Furnished Apartment,https://www.booking.com/hotel/pk/one-bed-fully-furnished-apartment-lahore1.en-gb.html?aid=304142&label=gen173nr-10CAQoggJCCmNpdHlfMzU1NzVICVgEaLUBiAEBmAEzuAEHyAEM2AED6AEB-AEBiAIBqAIBuALAkcLTBsACAdICJGZkNjZkNGNmLTNhZGQtNDIyYS04YWIwLTdkZGFkMjg0NzdlMdgCAeACAQ&ucfs=1&arphpl=1&checkin=2026-08-06&checkout=2026-08-07&dest_id=35575&dest_type=city&group_adults=2&req_adults=2&no_rooms=1&group_children=0&req_children=0&hpos=12&hapos=285&sr_order=popularity&srpvid=3fbf57600a54002b&srepoch=1785759972&all_sr_blocks=1642476301_434421204_3_0_0&highlighted_blocks=1642476301_434421204_3_0_0&matching_block_id=1642476301_434421204_3_0_0&sr_pri_blocks=1642476301_434421204_3_0_0__640000&from=searchresults,6400,,,Lahore,15.2,One-Bedroom Apartment,"2 beds (1 double, 1 sofa bed)",0,1,1,https://cf.bstatic.com/xdata/images/hotel/square240/868249107.webp?k=6f9f01051a6fb1526d86c46c6fc13d9107c35622426f2eae4acec204f19e67c6&o=,5,Shorkot
Luxury apartment with Pool Gym amenities By The Urban B&B,https://www.booking.com/hotel/pk/cozy-apartments-lahore1.en-gb.html?aid=304142&label=gen173nr-10CAQoggJCCmNpdHlfMzU1NzVICVgEaLUBiAEBmAEzuAEHyAEM2AED6AEB-AEBiAIBqAIBuALAkcLTBsACAdICJGZkNjZkNGNmLTNhZGQtNDIyYS04YWIwLTdkZGFkMjg0NzdlMdgCAeACAQ&ucfs=1&arphpl=1&checkin=2026-08-06&checkout=2026-08-07&dest_id=35575&dest_type=city&group_adults=2&req_adults=2&no_rooms=1&group_children=0&req_children=0&hpos=13&hapos=286&sr_order=popularity&srpvid=3fbf57600a54002b&srepoch=1785759972&all_sr_blocks=1458976401_417207897_2_0_0&highlighted_blocks=1458976401_417207897_2_0_0&matching_block_id=1458976401_417207897_2_0_0&sr_pri_blocks=1458976401_417207897_2_0_0__1250000&from=searchresults,12500,,,Lahore,18.7,One-Bedroom Apartment,"2 beds (1 double, 1 sofa bed)",0,1,1,https://cf.bstatic.com/xdata/images/hotel/square240/715520497.webp?k=623f063883a6b5dfd1fd95c2d7d5c3c5c0d406d5b8de014c29293be8e41c5dfd&o=,4,Shorkot
AR Suites Hotel apartments,https://www.booking.com/hotel/pk/ar-suites-apartments.en-gb.html?aid=304142&label=gen173nr-10CAQoggJCCmNpdHlfMzU1NzVICVgEaLUBiAEBmAEzuAEHyAEM2AED6AEB-AEBiAIBqAIBuALAkcLTBsACAdICJGZkNjZkNGNmLTNhZGQtNDIyYS04YWIwLTdkZGFkMjg0NzdlMdgCAeACAQ&ucfs=1&arphpl=1&checkin=2026-08-06&checkout=2026-08-07&dest_id=35575&dest_type=city&group_adults=2&req_adults=2&no_rooms=1&group_children=0&req_children=0&hpos=14&hapos=287&sr_order=popularity&srpvid=3fbf57600a54002b&srepoch=1785759972&all_sr_blocks=1394424401_411356759_2_0_0&highlighted_blocks=1394424401_411356759_2_0_0&matching_block_id=1394424401_411356759_2_0_0&sr_pri_blocks=1394424401_411356759_2_0_0__1080000&from=searchresults,10800,,,Lahore,19.6,One-Bedroom Apartment,"2 beds (1 double, 1 sofa bed)",0,1,1,https://cf.bstatic.com/xdata/images/hotel/square240/670858550.webp?k=26038e358d2d7133a1236475afbb59788288c227e04daa398b2b681b7ead662c&o=,4,Shorkot
Brand New Luxury's Apartments Lahore,https://www.booking.com/hotel/pk/brand-new-luxurys-apartments-lahore.en-gb.html?aid=304142&label=gen173nr-10CAQoggJCCmNpdHlfMzU1NzVICVgEaLUBiAEBmAEzuAEHyAEM2AED6AEB-AEBiAIBqAIBuALAkcLTBsACAdICJGZkNjZkNGNmLTNhZGQtNDIyYS04YWIwLTdkZGFkMjg0NzdlMdgCAeACAQ&ucfs=1&arphpl=1&checkin=2026-08-06&checkout=2026-08-07&dest_id=35575&dest_type=city&group_adults=2&req_adults=2&no_rooms=1&group_children=0&req_children=0&hpos=15&hapos=288&sr_order=popularity&srpvid=3fbf57600a54002b&srepoch=1785759972&all_sr_blocks=1364721801_408769506_2_2_0&highlighted_blocks=1364721801_408769506_2_2_0&matching_block_id=1364721801_408769506_2_2_0&sr_pri_blocks=1364721801_408769506_2_2_0__7200000&from=searchresults,72000,,,Lahore,16.5,One-Bedroom Apartment,"2 beds (1 double, 1 sofa bed)",0,0,1,https://cf.bstatic.com/xdata/images/hotel/square240/650060794.webp?k=fe32f8fd98cf09a071b5b4f44b20b07c802e01a3748155b3ab21ab10cd71b29b&o=,3,Shorkot
"Modern apartment, Perfect for Couples",https://www.booking.com/hotel/pk/modern-apartment-perfect-for-couples.en-gb.html?aid=304142&label=gen173nr-10CAQoggJCCmNpdHlfMzU1NzVICVgEaLUBiAEBmAEzuAEHyAEM2AED6AEB-AEBiAIBqAIBuALAkcLTBsACAdICJGZkNjZkNGNmLTNhZGQtNDIyYS04YWIwLTdkZGFkMjg0NzdlMdgCAeACAQ&ucfs=1&arphpl=1&checkin=2026-08-06&checkout=2026-08-07&dest_id=35575&dest_type=city&group_adults=2&req_adults=2&no_rooms=1&group_children=0&req_children=0&hpos=16&hapos=289&sr_order=popularity&srpvid=3fbf57600a54002b&srepoch=1785759972&all_sr_blocks=1532290001_424750298_2_0_0&highlighted_blocks=1532290001_424750298_2_0_0&matching_block_id=1532290001_424750298_2_0_0&sr_pri_blocks=1532290001_424750298_2_0_0__1287443&from=searchresults,12874,,,Lahore,15.4,Two-Bedroom Apartment,"3 beds (1 sofa bed, 2 large doubles)",0,0,0,https://cf.bstatic.com/xdata/images/hotel/square240/783054784.webp?k=08ea9eea0b2dc0dd547b69f18f4fa179462d73b2388039d1ca67fca4961340e0&o=,10,Shorkot
Sky residences,https://www.booking.com/hotel/pk/sky-residences.en-gb.html?aid=304142&label=gen173nr-10CAQoggJCCmNpdHlfMzU1NzVICVgEaLUBiAEBmAEzuAEHyAEM2AED6AEB-AEBiAIBqAIBuALAkcLTBsACAdICJGZkNjZkNGNmLTNhZGQtNDIyYS04YWIwLTdkZGFkMjg0NzdlMdgCAeACAQ&ucfs=1&arphpl=1&checkin=2026-08-06&checkout=2026-08-07&dest_id=35575&dest_type=city&group_adults=2&req_adults=2&no_rooms=1&group_children=0&req_children=0&hpos=17&hapos=290&sr_order=popularity&srpvid=3fbf57600a54002b&srepoch=1785759972&all_sr_blocks=1697094501_441390416_3_0_0&highlighted_blocks=1697094501_441390416_3_0_0&matching_block_id=1697094501_441390416_3_0_0&sr_pri_blocks=1697094501_441390416_3_0_0__585000&from=searchresults,5850,,,Lahore,15.4,One-Bedroom Apartment,"2 beds (1 sofa bed, 1 large double)",0,1,1,https://cf.bstatic.com/xdata/images/hotel/square240/900822917.webp?k=95338762d999c53ea0af41c173638d7c26864d6a638da6d031c922d97d66099a&o=,4,Shorkot
H&A residency,https://www.booking.com/hotel/pk/h-amp-a-residency-lahore.en-gb.html?aid=304142&label=gen173nr-10CAQoggJCCmNpdHlfMzU1NzVICVgEaLUBiAEBmAEzuAEHyAEM2AED6AEB-AEBiAIBqAIBuALAkcLTBsACAdICJGZkNjZkNGNmLTNhZGQtNDIyYS04YWIwLTdkZGFkMjg0NzdlMdgCAeACAQ&ucfs=1&arphpl=1&checkin=2026-08-06&checkout=2026-08-07&dest_id=35575&dest_type=city&group_adults=2&req_adults=2&no_rooms=1&group_children=0&req_children=0&hpos=18&hapos=291&sr_order=popularity&srpvid=3fbf57600a54002b&srepoch=1785759972&all_sr_blocks=1590313101_430135040_10_0_0&highlighted_blocks=1590313101_430135040_10_0_0&matching_block_id=1590313101_430135040_10_0_0&sr_pri_blocks=1590313101_430135040_10_0_0__1400000&from=searchresults,14000,,,Lahore,18.1,One-Bedroom Apartment,"4 beds (1 double, 1 extra-large double, 1 sofa bed, 1 large double)",0,1,1,https://cf.bstatic.com/xdata/images/hotel/square240/829957284.webp?k=704e88dbc20294093b826a9abe5e6f7edbda7995f029595a58d4c5b9e2465da2&o=,4,Shorkot
Gold Creat Heights By Billion Group,https://www.booking.com/hotel/pk/gold-creat-heights-by-billion-group.en-gb.html?aid=304142&label=gen173nr-10CAQoggJCCmNpdHlfMzU1NzVICVgEaLUBiAEBmAEzuAEHyAEM2AED6AEB-AEBiAIBqAIBuALAkcLTBsACAdICJGZkNjZkNGNmLTNhZGQtNDIyYS04YWIwLTdkZGFkMjg0NzdlMdgCAeACAQ&ucfs=1&arphpl=1&checkin=2026-08-06&checkout=2026-08-07&dest_id=35575&dest_type=city&group_adults=2&req_adults=2&no_rooms=1&group_children=0&req_children=0&hpos=19&hapos=292&sr_order=popularity&srpvid=3fbf57600a54002b&srepoch=1785759972&all_sr_blocks=1416035001_413297297_2_0_0&highlighted_blocks=1416035001_413297297_2_0_0&matching_block_id=1416035001_413297297_2_0_0&sr_pri_blocks=1416035001_413297297_2_0_0__1250000&from=searchresults,12500,,,Lahore,15.2,One-Bedroom Apartment,1 double bed,0,1,1,https://cf.bstatic.com/xdata/images/hotel/square240/683510902.webp?k=f39d63cfa7e14c24e19c70e83100fcd23bac647e21831d69322272ddecbfdc02&o=,4,Shorkot
Chohdary Villa 124 j ph 2,https://www.booking.com/hotel/pk/chohdary-villa-124-j-ph-2.en-gb.html?aid=304142&label=gen173nr-10CAQoggJCCmNpdHlfMzU1NzVICVgEaLUBiAEBmAEzuAEHyAEM2AED6AEB-AEBiAIBqAIBuALAkcLTBsACAdICJGZkNjZkNGNmLTNhZGQtNDIyYS04YWIwLTdkZGFkMjg0NzdlMdgCAeACAQ&ucfs=1&arphpl=1&checkin=2026-08-06&checkout=2026-08-07&dest_id=35575&dest_type=city&group_adults=2&req_adults=2&no_rooms=1&group_children=0&req_children=0&hpos=20&hapos=293&sr_order=popularity&srpvid=3fbf57600a54002b&srepoch=1785759972&all_sr_blocks=1398649901_411732554_4_0_0&highlighted_blocks=1398649901_411732554_4_0_0&matching_block_id=1398649901_411732554_4_0_0&sr_pri_blocks=1398649901_411732554_4_0_0__4119290&from=searchresults,41193,,,Lahore,16.9,One-Bedroom Apartment,"5 beds (2 doubles, 3 large doubles)",0,1,1,https://cf.bstatic.com/xdata/images/hotel/square240/673332267.webp?k=d4d1ec11a4bad15eb72d28850cbfe9309972604d86b8e898fd4acfb80765a0d4&o=,5,Shorkot
The hideout,https://www.booking.com/hotel/pk/the-hideout-lahore1.en-gb.html?aid=304142&label=gen173nr-10CAQoggJCCmNpdHlfMzU1NzVICVgEaLUBiAEBmAEzuAEHyAEM2AED6AEB-AEBiAIBqAIBuALAkcLTBsACAdICJGZkNjZkNGNmLTNhZGQtNDIyYS04YWIwLTdkZGFkMjg0NzdlMdgCAeACAQ&ucfs=1&arphpl=1&checkin=2026-08-06&checkout=2026-08-07&dest_id=35575&dest_type=city&group_adults=2&req_adults=2&no_rooms=1&group_children=0&req_children=0&hpos=21&hapos=294&sr_order=popularity&srpvid=3fbf57600a54002b&srepoch=1785759972&all_sr_blocks=1592963901_430352934_2_0_0&highlighted_blocks=1592963901_430352934_2_0_0&matching_block_id=1592963901_430352934_2_0_0&sr_pri_blocks=1592963901_430352934_2_0_0__700000&from=searchresults,7000,,,Lahore,15.7,One-Bedroom Apartment,1 double bed,0,1,1,https://cf.bstatic.com/xdata/images/hotel/square240/832101093.webp?k=3876210f70de4797ad19963cdd8dabf60a08697aebd3d2452ab81e9842639039&o=,4,Shorkot
Eix APPARTMENTS At bahria town,https://www.booking.com/hotel/pk/eix-appartments-at-bahria-town.en-gb.html?aid=304142&label=gen173nr-10CAQoggJCCmNpdHlfMzU1NzVICVgEaLUBiAEBmAEzuAEHyAEM2AED6AEB-AEBiAIBqAIBuALAkcLTBsACAdICJGZkNjZkNGNmLTNhZGQtNDIyYS04YWIwLTdkZGFkMjg0NzdlMdgCAeACAQ&ucfs=1&arphpl=1&checkin=2026-08-06&checkout=2026-08-07&dest_id=35575&dest_type=city&group_adults=2&req_adults=2&no_rooms=1&group_children=0&req_children=0&hpos=22&hapos=295&sr_order=popularity&srpvid=3fbf57600a54002b&srepoch=1785759972&all_sr_blocks=1371237201_409328020_2_0_0&highlighted_blocks=1371237201_409328020_2_0_0&matching_block_id=1371237201_409328020_2_0_0&sr_pri_blocks=1371237201_409328020_2_0_0__738000&from=searchresults,7380,,,Lahore,15.2,One-Bedroom Apartment,1 single bed,0,1,1,https://cf.bstatic.com/xdata/images/hotel/square240/654281449.webp?k=ff2cd553866fb32dfcb810f52c054662e14f917fbb5408802fc0cfbf61c568f7&o=,4,Shorkot
A separate luxury 1 bed option with a terrace in Bahria,https://www.booking.com/hotel/pk/a-separate-luxury-1-bhk-portion-in-home-bahria.en-gb.html?aid=304142&label=gen173nr-10CAQoggJCCmNpdHlfMzU1NzVICVgEaLUBiAEBmAEzuAEHyAEM2AED6AEB-AEBiAIBqAIBuALAkcLTBsACAdICJGZkNjZkNGNmLTNhZGQtNDIyYS04YWIwLTdkZGFkMjg0NzdlMdgCAeACAQ&ucfs=1&arphpl=1&checkin=2026-08-06&checkout=2026-08-07&dest_id=35575&dest_type=city&group_adults=2&req_adults=2&no_rooms=1&group_children=0&req_children=0&hpos=23&hapos=296&sr_order=popularity&srpvid=3fbf57600a54002b&srepoch=1785759972&all_sr_blocks=1484281601_419900029_2_0_0&highlighted_blocks=1484281601_419900029_2_0_0&matching_block_id=1484281601_419900029_2_0_0&sr_pri_blocks=1484281601_419900029_2_0_0__500000&from=searchresults,5000,,,Lahore,15.4,Double Room with Terrace,"2 beds (1 double, 1 large double)",0,1,1,https://cf.bstatic.com/xdata/images/hotel/square240/738651436.webp?k=bab688f089cda65137240b65cf621613ad1bc53711d85ccbada0e638ab8ab91f&o=,4,Shorkot
luxury 1 Bed Room Apartment,https://www.booking.com/hotel/pk/1-bed-room-luxury-apartment.en-gb.html?aid=304142&label=gen173nr-10CAQoggJCCmNpdHlfMzU1NzVICVgEaLUBiAEBmAEzuAEHyAEM2AED6AEB-AEBiAIBqAIBuALAkcLTBsACAdICJGZkNjZkNGNmLTNhZGQtNDIyYS04YWIwLTdkZGFkMjg0NzdlMdgCAeACAQ&ucfs=1&arphpl=1&checkin=2026-08-06&checkout=2026-08-07&dest_id=35575&dest_type=city&group_adults=2&req_adults=2&no_rooms=1&group_children=0&req_children=0&hpos=24&hapos=297&sr_order=popularity&srpvid=3fbf57600a54002b&srepoch=1785759972&all_sr_blocks=1428207801_414407977_4_0_0&highlighted_blocks=1428207801_414407977_4_0_0&matching_block_id=1428207801_414407977_4_0_0&sr_pri_blocks=1428207801_414407977_4_0_0__750000&from=searchresults,7500,,,Lahore,15.1,One-Bedroom Apartment,"3 beds (2 sofa beds, 1 large double)",0,1,1,https://cf.bstatic.com/xdata/images/hotel/square240/691424167.webp?k=4ea8d9f7460541bfff9b3cfc8849743ebb0cdf0fe7c1dcf91a0c5c16a7d5bc13&o=,4,Shorkot
Axira Stay Premium Stay with Eiffel View,https://www.booking.com/hotel/pk/axira-stay-premium-stay-with-eiffel-view.en-gb.html?aid=304142&label=gen173nr-10CAQoggJCCmNpdHlfMzU1NzVICVgEaLUBiAEBmAEzuAEHyAEM2AED6AEB-AEBiAIBqAIBuALAkcLTBsACAdICJGZkNjZkNGNmLTNhZGQtNDIyYS04YWIwLTdkZGFkMjg0NzdlMdgCAeACAQ&ucfs=1&arphpl=1&checkin=2026-08-06&checkout=2026-08-07&dest_id=35575&dest_type=city&group_adults=2&req_adults=2&no_rooms=1&group_children=0&req_children=0&hpos=25&hapos=298&sr_order=popularity&srpvid=3fbf57600a54002b&srepoch=1785759972&all_sr_blocks=1627133201_433368985_4_0_0&highlighted_blocks=1627133201_433368985_4_0_0&matching_block_id=1627133201_433368985_4_0_0&sr_pri_blocks=1627133201_433368985_4_0_0__1200000&from=searchresults,12000,,,Lahore,15.8,Two-Bedroom Apartment,1 extra-large double bed,0,1,1,https://cf.bstatic.com/xdata/images/hotel/square240/859920885.webp?k=44d58e5ae7b5582d97533489e1bc0c3449f97ca26350ee81da8e6304de8650af&o=,4,Shorkot
Bahriya Appartments,https://www.booking.com/hotel/pk/bahriya-appartments.en-gb.html?aid=304142&label=gen173nr-10CAQoggJCCmNpdHlfMzU1NzVICVgEaLUBiAEBmAEzuAEHyAEM2AED6AEB-AEBiAIBqAIBuALAkcLTBsACAdICJGZkNjZkNGNmLTNhZGQtNDIyYS04YWIwLTdkZGFkMjg0NzdlMdgCAeACAQ&ucfs=1&arphpl=1&checkin=2026-08-06&checkout=2026-08-07&dest_id=35575&dest_type=city&group_adults=2&req_adults=2&no_rooms=1&group_children=0&req_children=0&hpos=1&hapos=299&sr_order=popularity&srpvid=3fbf57600a54002b&srepoch=1785759974&all_sr_blocks=1541989401_426264527_3_0_0&highlighted_blocks=1541989401_426264527_3_0_0&matching_block_id=1541989401_426264527_3_0_0&sr_pri_blocks=1541989401_426264527_3_0_0__800000&from=searchresults,8000,,,Lahore,15.0,One-Bedroom Apartment,"2 beds (1 double, 1 sofa bed)",0,1,1,https://cf.bstatic.com/xdata/images/hotel/square240/789424611.webp?k=0a9eff9ccb128f31066241ede3495071bb1f3569403a0056b6b0a1c2d18c1241&o=,4,Shorkot
Top Notch- 2 BHK Condo Travel Pin,https://www.booking.com/hotel/pk/top-notch-2-bhk-condo-travel-pin.en-gb.html?aid=304142&label=gen173nr-10CAQoggJCCmNpdHlfMzU1NzVICVgEaLUBiAEBmAEzuAEHyAEM2AED6AEB-AEBiAIBqAIBuALAkcLTBsACAdICJGZkNjZkNGNmLTNhZGQtNDIyYS04YWIwLTdkZGFkMjg0NzdlMdgCAeACAQ&ucfs=1&arphpl=1&checkin=2026-08-06&checkout=2026-08-07&dest_id=35575&dest_type=city&group_adults=2&req_adults=2&no_rooms=1&group_children=0&req_children=0&hpos=2&hapos=300&sr_order=popularity&srpvid=3fbf57600a54002b&srepoch=1785759974&all_sr_blocks=1397307701_411624901_6_0_0&highlighted_blocks=1397307701_411624901_6_0_0&matching_block_id=1397307701_411624901_6_0_0&sr_pri_blocks=1397307701_411624901_6_0_0__1900000&from=searchresults,19000,,,Lahore,15.1,Two-Bedroom Apartment,1 extra-large double bed,0,1,1,https://cf.bstatic.com/xdata/images/hotel/square240/672570588.webp?k=7fa4508045d2eb0a2af42fd570ff9d84d3ccad6a060548341fddde9f65b3f556&o=,4,Shorkot
5 Marla 2 bed penthouse For Family stay Secured,https://www.booking.com/hotel/pk/5-marla-2-bed-penthouse-for-family-stay-secured.en-gb.html?aid=304142&label=gen173nr-10CAQoggJCCmNpdHlfMzU1NzVICVgEaLUBiAEBmAEzuAEHyAEM2AED6AEB-AEBiAIBqAIBuALAkcLTBsACAdICJGZkNjZkNGNmLTNhZGQtNDIyYS04YWIwLTdkZGFkMjg0NzdlMdgCAeACAQ&ucfs=1&arphpl=1&checkin=2026-08-06&checkout=2026-08-07&dest_id=35575&dest_type=city&group_adults=2&req_adults=2&no_rooms=1&group_children=0&req_children=0&hpos=3&hapos=301&sr_order=popularity&srpvid=3fbf57600a54002b&srepoch=1785759974&all_sr_blocks=1432306801_414788439_2_0_0&highlighted_blocks=1432306801_414788439_2_0_0&matching_block_id=1432306801_414788439_2_0_0&sr_pri_blocks=1432306801_414788439_2_0_0__1710000&from=searchresults,17100,,,Lahore,15.1,Two-Bedroom House,"3 beds (1 extra-large double, 2 sofa beds)",0,1,1,https://cf.bstatic.com/xdata/images/hotel/square240/694260816.webp?k=3b6963798862f45cf049c13aa92e4808344d9407e1db23491b56c66321fcc030&o=,4,Shorkot
Royal Height Residence Executive Luxury Apartments Bahria Town Lahore,https://www.booking.com/hotel/pk/royal-height-residence-lahore.en-gb.html?aid=304142&label=gen173nr-10CAQoggJCCmNpdHlfMzU1NzVICVgEaLUBiAEBmAEzuAEHyAEM2AED6AEB-AEBiAIBqAIBuALAkcLTBsACAdICJGZkNjZkNGNmLTNhZGQtNDIyYS04YWIwLTdkZGFkMjg0NzdlMdgCAeACAQ&ucfs=1&arphpl=1&checkin=2026-08-06&checkout=2026-08-07&dest_id=35575&dest_type=city&group_adults=2&req_adults=2&no_rooms=1&group_children=0&req_children=0&hpos=4&hapos=302&sr_order=popularity&srpvid=3fbf57600a54002b&srepoch=1785759974&all_sr_blocks=1199384801_392218820_2_0_0_896640&highlighted_blocks=1199384801_392218820_2_0_0_896640&matching_block_id=1199384801_392218820_2_0_0_896640&sr_pri_blocks=1199384801_392218820_2_0_0_896640_765000&from=searchresults,7650,8.0,1.0,Lahore,15.2,One-Bedroom Apartment,"2 beds (1 double, 1 sofa bed)",0,1,1,https://cf.bstatic.com/xdata/images/hotel/square240/552673971.webp?k=1d3ac2126c93cf71c37a43855841a4203c46df29a4df8312abb897a277a39585&o=,4,Shorkot
House in Park view city Lahore,https://www.booking.com/hotel/pk/house-in-park-view-city-lahore-lahore.en-gb.html?aid=304142&label=gen173nr-10CAQoggJCCmNpdHlfMzU1NzVICVgEaLUBiAEBmAEzuAEHyAEM2AED6AEB-AEBiAIBqAIBuALAkcLTBsACAdICJGZkNjZkNGNmLTNhZGQtNDIyYS04YWIwLTdkZGFkMjg0NzdlMdgCAeACAQ&ucfs=1&arphpl=1&checkin=2026-08-06&checkout=2026-08-07&dest_id=35575&dest_type=city&group_adults=2&req_adults=2&no_rooms=1&group_children=0&req_children=0&hpos=5&hapos=303&sr_order=popularity&srpvid=3fbf57600a54002b&srepoch=1785759974&all_sr_blocks=1604272601_431361641_2_0_0&highlighted_blocks=1604272601_431361641_2_0_0&matching_block_id=1604272601_431361641_2_0_0&sr_pri_blocks=1604272601_431361641_2_0_0__600000&from=searchresults,6000,,,Lahore,15.4,One-Bedroom Apartment,"2 beds (1 double, 1 sofa bed)",0,1,1,https://cf.bstatic.com/xdata/images/hotel/square240/841235382.webp?k=e105e40d790e423aa0be0d4e27d9e922600b30ee1db3286385efa53d21cbcd0f&o=,4,Shorkot
Talib height,https://www.booking.com/hotel/pk/talib-height-bahria-town-lahore.en-gb.html?aid=304142&label=gen173nr-10CAQoggJCCmNpdHlfMzU1NzVICVgEaLUBiAEBmAEzuAEHyAEM2AED6AEB-AEBiAIBqAIBuALAkcLTBsACAdICJGZkNjZkNGNmLTNhZGQtNDIyYS04YWIwLTdkZGFkMjg0NzdlMdgCAeACAQ&ucfs=1&arphpl=1&checkin=2026-08-06&checkout=2026-08-07&dest_id=35575&dest_type=city&group_adults=2&req_adults=2&no_rooms=1&group_children=0&req_children=0&hpos=6&hapos=304&sr_order=popularity&srpvid=3fbf57600a54002b&srepoch=1785759974&all_sr_blocks=1460560101_417359890_2_0_0&highlighted_blocks=1460560101_417359890_2_0_0&matching_block_id=1460560101_417359890_2_0_0&sr_pri_blocks=1460560101_417359890_2_0_0__700000&from=searchresults,7000,,,Lahore,15.8,One-Bedroom Apartment,1 double bed,0,1,1,https://cf.bstatic.com/xdata/images/hotel/square240/716738853.webp?k=6cbccc65ea328dd6eb232aac0ca5d89fa7bff5b7fb756dab80adb7423c694433&o=,4,Shorkot
Cozy nest,https://www.booking.com/hotel/pk/cozy-nest-lahore2.en-gb.html?aid=304142&label=gen173nr-10CAQoggJCCmNpdHlfMzU1NzVICVgEaLUBiAEBmAEzuAEHyAEM2AED6AEB-AEBiAIBqAIBuALAkcLTBsACAdICJGZkNjZkNGNmLTNhZGQtNDIyYS04YWIwLTdkZGFkMjg0NzdlMdgCAeACAQ&ucfs=1&arphpl=1&checkin=2026-08-06&checkout=2026-08-07&dest_id=35575&dest_type=city&group_adults=2&req_adults=2&no_rooms=1&group_children=0&req_children=0&hpos=7&hapos=305&sr_order=popularity&srpvid=3fbf57600a54002b&srepoch=1785759974&all_sr_blocks=1641655101_434367499_2_0_0&highlighted_blocks=1641655101_434367499_2_0_0&matching_block_id=1641655101_434367499_2_0_0&sr_pri_blocks=1641655101_434367499_2_0_0__640000&from=searchresults,6400,,,Lahore,15.3,One-Bedroom Apartment,"2 beds (1 double, 1 sofa bed)",0,1,1,https://cf.bstatic.com/xdata/images/hotel/square240/867824860.webp?k=a76c93faf67dc4d54233d1c1f05f928e485d5365108fb242aa494133240b3d97&o=,5,Shorkot
Sky Agency and Developers,https://www.booking.com/hotel/pk/sky-agency-and-developers-lahore-pakistan.en-gb.html?aid=304142&label=gen173nr-10CAQoggJCCmNpdHlfMzU1NzVICVgEaLUBiAEBmAEzuAEHyAEM2AED6AEB-AEBiAIBqAIBuALAkcLTBsACAdICJGZkNjZkNGNmLTNhZGQtNDIyYS04YWIwLTdkZGFkMjg0NzdlMdgCAeACAQ&ucfs=1&arphpl=1&checkin=2026-08-06&checkout=2026-08-07&dest_id=35575&dest_type=city&group_adults=2&req_adults=2&no_rooms=1&group_children=0&req_children=0&hpos=8&hapos=306&sr_order=popularity&srpvid=3fbf57600a54002b&srepoch=1785759974&all_sr_blocks=1491067301_420767458_2_0_0&highlighted_blocks=1491067301_420767458_2_0_0&matching_block_id=1491067301_420767458_2_0_0&sr_pri_blocks=1491067301_420767458_2_0_0__1000000&from=searchresults,10000,,,Lahore,15.1,One-Bedroom Apartment,1 single bed,0,1,1,https://cf.bstatic.com/xdata/images/hotel/square240/744506643.webp?k=d5700d7bdc7c84367f3fbb59009b442f782aeab76ce807a85a2792b270b1d4cb&o=,4,Shorkot
1 bed fully furnished apartment,https://www.booking.com/hotel/pk/1-bed-fully-furnished-apartment-lahore.en-gb.html?aid=304142&label=gen173nr-10CAQoggJCCmNpdHlfMzU1NzVICVgEaLUBiAEBmAEzuAEHyAEM2AED6AEB-AEBiAIBqAIBuALAkcLTBsACAdICJGZkNjZkNGNmLTNhZGQtNDIyYS04YWIwLTdkZGFkMjg0NzdlMdgCAeACAQ&ucfs=1&arphpl=1&checkin=2026-08-06&checkout=2026-08-07&dest_id=35575&dest_type=city&group_adults=2&req_adults=2&no_rooms=1&group_children=0&req_children=0&hpos=9&hapos=307&sr_order=popularity&srpvid=3fbf57600a54002b&srepoch=1785759974&all_sr_blocks=1414572201_413176316_2_0_0&highlighted_blocks=1414572201_413176316_2_0_0&matching_block_id=1414572201_413176316_2_0_0&sr_pri_blocks=1414572201_413176316_2_0_0__739500&from=searchresults,7395,,,Lahore,15.0,Two-Bedroom Apartment,"4 beds (2 doubles, 2 sofa beds)",0,1,1,https://cf.bstatic.com/xdata/images/hotel/square240/682599997.webp?k=96c63945391a81c0890e3b3ac04f68219371bc2fe3701e696ca25d455107e458&o=,4,Shorkot
1 bed Luxury penthouse Secured 502,https://www.booking.com/hotel/pk/1-bed-luxury-penthouse-secured-502.en-gb.html?aid=304142&label=gen173nr-10CAQoggJCCmNpdHlfMzU1NzVICVgEaLUBiAEBmAEzuAEHyAEM2AED6AEB-AEBiAIBqAIBuALAkcLTBsACAdICJGZkNjZkNGNmLTNhZGQtNDIyYS04YWIwLTdkZGFkMjg0NzdlMdgCAeACAQ&ucfs=1&arphpl=1&checkin=2026-08-06&checkout=2026-08-07&dest_id=35575&dest_type=city&group_adults=2&req_adults=2&no_rooms=1&group_children=0&req_children=0&hpos=10&hapos=308&sr_order=popularity&srpvid=3fbf57600a54002b&srepoch=1785759974&all_sr_blocks=1431026101_414659616_2_0_0&highlighted_blocks=1431026101_414659616_2_0_0&matching_block_id=1431026101_414659616_2_0_0&sr_pri_blocks=1431026101_414659616_2_0_0__637500&from=searchresults,6375,,,Lahore,15.1,One-Bedroom Apartment,"2 beds (1 double, 1 sofa bed)",0,1,1,https://cf.bstatic.com/xdata/images/hotel/square240/693349725.webp?k=0679f399fbb9307ca2b60af5c88ab39e0ad008b0a0225daa1ce71b023061eb08&o=,4,Shorkot
Cozy 1BHK Eiffel View Balcony WiFi Netflix,https://www.booking.com/hotel/pk/cozy-1bhk-eiffel-view-balcony-wifi-netflix.en-gb.html?aid=304142&label=gen173nr-10CAQoggJCCmNpdHlfMzU1NzVICVgEaLUBiAEBmAEzuAEHyAEM2AED6AEB-AEBiAIBqAIBuALAkcLTBsACAdICJGZkNjZkNGNmLTNhZGQtNDIyYS04YWIwLTdkZGFkMjg0NzdlMdgCAeACAQ&ucfs=1&arphpl=1&checkin=2026-08-06&checkout=2026-08-07&dest_id=35575&dest_type=city&group_adults=2&req_adults=2&no_rooms=1&group_children=0&req_children=0&hpos=11&hapos=309&sr_order=popularity&srpvid=3fbf57600a54002b&srepoch=1785759974&all_sr_blocks=1486097101_420096531_2_0_0&highlighted_blocks=1486097101_420096531_2_0_0&matching_block_id=1486097101_420096531_2_0_0&sr_pri_blocks=1486097101_420096531_2_0_0__850000&from=searchresults,8500,,,Lahore,15.1,One-Bedroom Apartment,1 double bed,0,1,1,https://cf.bstatic.com/xdata/images/hotel/square240/740118685.webp?k=4717c26839224b2be4840cfc0501bdda29b1331fb30d088a59bfaebc3fd5436d&o=,4,Shorkot
The Olive Grove,https://www.booking.com/hotel/pk/the-olive-grove.en-gb.html?aid=304142&label=gen173nr-10CAQoggJCCmNpdHlfMzU1NzVICVgEaLUBiAEBmAEzuAEHyAEM2AED6AEB-AEBiAIBqAIBuALAkcLTBsACAdICJGZkNjZkNGNmLTNhZGQtNDIyYS04YWIwLTdkZGFkMjg0NzdlMdgCAeACAQ&ucfs=1&arphpl=1&checkin=2026-08-06&checkout=2026-08-07&dest_id=35575&dest_type=city&group_adults=2&req_adults=2&no_rooms=1&group_children=0&req_children=0&hpos=12&hapos=310&sr_order=popularity&srpvid=3fbf57600a54002b&srepoch=1785759974&all_sr_blocks=1467565401_418075756_2_0_0&highlighted_blocks=1467565401_418075756_2_0_0&matching_block_id=1467565401_418075756_2_0_0&sr_pri_blocks=1467565401_418075756_2_0_0__1000000&from=searchresults,10000,,,Lahore,18.7,One-Bedroom Apartment,1 double bed,0,1,1,https://cf.bstatic.com/xdata/images/hotel/square240/724312329.webp?k=4925a91aedfbd841e16d5340bc88b710e9e2023fc512f5251904f37d94612733&o=,4,Shorkot
Modern 1 Bedroom Apartment,https://www.booking.com/hotel/pk/modern-1-bedroom-apartment-lahore.en-gb.html?aid=304142&label=gen173nr-10CAQoggJCCmNpdHlfMzU1NzVICVgEaLUBiAEBmAEzuAEHyAEM2AED6AEB-AEBiAIBqAIBuALAkcLTBsACAdICJGZkNjZkNGNmLTNhZGQtNDIyYS04YWIwLTdkZGFkMjg0NzdlMdgCAeACAQ&ucfs=1&arphpl=1&checkin=2026-08-06&checkout=2026-08-07&dest_id=35575&dest_type=city&group_adults=2&req_adults=2&no_rooms=1&group_children=0&req_children=0&hpos=13&hapos=311&sr_order=popularity&srpvid=3fbf57600a54002b&srepoch=1785759974&all_sr_blocks=1630975101_433638924_4_0_0&highlighted_blocks=1630975101_433638924_4_0_0&matching_block_id=1630975101_433638924_4_0_0&sr_pri_blocks=1630975101_433638924_4_0_0__850000&from=searchresults,8500,1.0,1.0,Lahore,15.5,One-Bedroom Apartment,1 extra-large double bed,0,1,1,https://cf.bstatic.com/xdata/images/hotel/square240/861766945.webp?k=5c2c942abddaa38e680b089d624f7bb2f3e6aa0615ce7d5f76c6fc43479f41c8&o=,4,Shorkot
Eiffel square,https://www.booking.com/hotel/pk/eiffel-square.en-gb.html?aid=304142&label=gen173nr-10CAQoggJCCmNpdHlfMzU1NzVICVgEaLUBiAEBmAEzuAEHyAEM2AED6AEB-AEBiAIBqAIBuALAkcLTBsACAdICJGZkNjZkNGNmLTNhZGQtNDIyYS04YWIwLTdkZGFkMjg0NzdlMdgCAeACAQ&ucfs=1&arphpl=1&checkin=2026-08-06&checkout=2026-08-07&dest_id=35575&dest_type=city&group_adults=2&req_adults=2&no_rooms=1&group_children=0&req_children=0&hpos=14&hapos=312&sr_order=popularity&srpvid=3fbf57600a54002b&srepoch=1785759974&all_sr_blocks=1495042601_421169718_4_0_0&highlighted_blocks=1495042601_421169718_4_0_0&matching_block_id=1495042601_421169718_4_0_0&sr_pri_blocks=1495042601_421169718_4_0_0__750000&from=searchresults,7500,,,Lahore,15.3,One-Bedroom Apartment,"2 beds (1 double, 1 sofa bed)",0,1,1,https://cf.bstatic.com/xdata/images/hotel/square240/748547497.webp?k=10e9493eccb3cef630600808eac2cacd230f7d019630698de967f38e6ea82aa4&o=,4,Shorkot
1 bed Family flat secured,https://www.booking.com/hotel/pk/1-bed-family-flat-secured-lahore.en-gb.html?aid=304142&label=gen173nr-10CAQoggJCCmNpdHlfMzU1NzVICVgEaLUBiAEBmAEzuAEHyAEM2AED6AEB-AEBiAIBqAIBuALAkcLTBsACAdICJGZkNjZkNGNmLTNhZGQtNDIyYS04YWIwLTdkZGFkMjg0NzdlMdgCAeACAQ&ucfs=1&arphpl=1&checkin=2026-08-06&checkout=2026-08-07&dest_id=35575&dest_type=city&group_adults=2&req_adults=2&no_rooms=1&group_children=0&req_children=0&hpos=15&hapos=313&sr_order=popularity&srpvid=3fbf57600a54002b&srepoch=1785759974&all_sr_blocks=1419017701_413572831_2_0_0&highlighted_blocks=1419017701_413572831_2_0_0&matching_block_id=1419017701_413572831_2_0_0&sr_pri_blocks=1419017701_413572831_2_0_0__720000&from=searchresults,7200,,,Lahore,15.1,One-Bedroom Apartment,1 large double bed,0,1,1,https://cf.bstatic.com/xdata/images/hotel/square240/685583654.webp?k=eec42f38f8fcf27307a0c1acc484ca8ccc62d2f46a54688f646e6f0b199b30bc&o=,4,Shorkot
Haven Lodge AWT Lahore - 3BR GF Portion in Designer Home,https://www.booking.com/hotel/pk/haven-lodge-3br-luxury-home-in-awt-lahore.en-gb.html?aid=304142&label=gen173nr-10CAQoggJCCmNpdHlfMzU1NzVICVgEaLUBiAEBmAEzuAEHyAEM2AED6AEB-AEBiAIBqAIBuALAkcLTBsACAdICJGZkNjZkNGNmLTNhZGQtNDIyYS04YWIwLTdkZGFkMjg0NzdlMdgCAeACAQ&ucfs=1&arphpl=1&checkin=2026-08-06&checkout=2026-08-07&dest_id=35575&dest_type=city&group_adults=2&req_adults=2&no_rooms=1&group_children=0&req_children=0&hpos=16&hapos=314&sr_order=popularity&srpvid=3fbf57600a54002b&srepoch=1785759974&all_sr_blocks=1361452601_408513063_6_2_0&highlighted_blocks=1361452601_408513063_6_2_0&matching_block_id=1361452601_408513063_6_2_0&sr_pri_blocks=1361452601_408513063_6_2_0__2600000&from=searchresults,26000,7.7,3.0,Lahore,17.8,Three-Bedroom House,"7 beds (2 extra-large doubles, 2 sofa beds, 1 large double, 2 futons)",0,1,1,https://cf.bstatic.com/xdata/images/hotel/square240/813831621.webp?k=05070ef3f8b08cb5fe8d389a2fb22cf74501026b126bb1d8e2786e7b2ea9441f&o=,10,Shorkot
Cozy apartment,https://www.booking.com/hotel/pk/cozy-apartment-lahore3.en-gb.html?aid=304142&label=gen173nr-10CAQoggJCCmNpdHlfMzU1NzVICVgEaLUBiAEBmAEzuAEHyAEM2AED6AEB-AEBiAIBqAIBuALAkcLTBsACAdICJGZkNjZkNGNmLTNhZGQtNDIyYS04YWIwLTdkZGFkMjg0NzdlMdgCAeACAQ&ucfs=1&arphpl=1&checkin=2026-08-06&checkout=2026-08-07&dest_id=35575&dest_type=city&group_adults=2&req_adults=2&no_rooms=1&group_children=0&req_children=0&hpos=17&hapos=315&sr_order=popularity&srpvid=3fbf57600a54002b&srepoch=1785759974&all_sr_blocks=1664842301_438344786_4_2_0&highlighted_blocks=1664842301_438344786_4_2_0&matching_block_id=1664842301_438344786_4_2_0&sr_pri_blocks=1664842301_438344786_4_2_0__1437548&from=searchresults,14375,,,Lahore,15.0,One-Bedroom Apartment,"4 beds (2 singles, 2 sofa beds)",0,1,1,https://cf.bstatic.com/xdata/images/hotel/square240/881820112.webp?k=5b231fa050f8a31a8c3e3702c1883158a0d3f018258ee5fa91ee1d20a9261394&o=,5,Shorkot
Under the Stars by Comfort Cove#2,https://www.booking.com/hotel/pk/under-the-stars-by-comfort-cove-2.en-gb.html?aid=304142&label=gen173nr-10CAQoggJCCmNpdHlfMzU1NzVICVgEaLUBiAEBmAEzuAEHyAEM2AED6AEB-AEBiAIBqAIBuALAkcLTBsACAdICJGZkNjZkNGNmLTNhZGQtNDIyYS04YWIwLTdkZGFkMjg0NzdlMdgCAeACAQ&ucfs=1&arphpl=1&checkin=2026-08-06&checkout=2026-08-07&dest_id=35575&dest_type=city&group_adults=2&req_adults=2&no_rooms=1&group_children=0&req_children=0&hpos=18&hapos=316&sr_order=popularity&srpvid=3fbf57600a54002b&srepoch=1785759974&all_sr_blocks=1320371901_404742478_2_0_0&highlighted_blocks=1320371901_404742478_2_0_0&matching_block_id=1320371901_404742478_2_0_0&sr_pri_blocks=1320371901_404742478_2_0_0__2880000&from=searchresults,28800,,,Lahore,15.3,One-Bedroom Apartment,"2 beds (1 double, 1 sofa bed)",0,0,0,https://cf.bstatic.com/xdata/images/hotel/square240/622130350.webp?k=253e7b65e4e0879cb8197f1e9b7ec457fa47abe55c91ad2d1b79d1ee6edc3f31&o=,8,Shorkot
Luxury Studio Apartment - Zameen Opal,https://www.booking.com/hotel/pk/luxury-studio-apartment-zameen-opal.en-gb.html?aid=304142&label=gen173nr-10CAQoggJCCmNpdHlfMzU1NzVICVgEaLUBiAEBmAEzuAEHyAEM2AED6AEB-AEBiAIBqAIBuALAkcLTBsACAdICJGZkNjZkNGNmLTNhZGQtNDIyYS04YWIwLTdkZGFkMjg0NzdlMdgCAeACAQ&ucfs=1&arphpl=1&checkin=2026-08-06&checkout=2026-08-07&dest_id=35575&dest_type=city&group_adults=2&req_adults=2&no_rooms=1&group_children=0&req_children=0&hpos=19&hapos=317&sr_order=popularity&srpvid=3fbf57600a54002b&srepoch=1785759974&all_sr_blocks=1395070301_411420947_2_0_0&highlighted_blocks=1395070301_411420947_2_0_0&matching_block_id=1395070301_411420947_2_0_0&sr_pri_blocks=1395070301_411420947_2_0_0__833130&from=searchresults,8331,,,Lahore,18.7,Studio,1 large double bed,0,1,1,https://cf.bstatic.com/xdata/images/hotel/square240/673489812.webp?k=19cad97b21c5b71a88b61b88945d2a5e78799b7422c7f740f108c2b027f71f8f&o=,4,Shorkot
Furnish Luxury Aparment,https://www.booking.com/hotel/pk/furnish-luxury-aparment.en-gb.html?aid=304142&label=gen173nr-10CAQoggJCCmNpdHlfMzU1NzVICVgEaLUBiAEBmAEzuAEHyAEM2AED6AEB-AEBiAIBqAIBuALAkcLTBsACAdICJGZkNjZkNGNmLTNhZGQtNDIyYS04YWIwLTdkZGFkMjg0NzdlMdgCAeACAQ&ucfs=1&arphpl=1&checkin=2026-08-06&checkout=2026-08-07&dest_id=35575&dest_type=city&group_adults=2&req_adults=2&no_rooms=1&group_children=0&req_children=0&hpos=20&hapos=318&sr_order=popularity&srpvid=3fbf57600a54002b&srepoch=1785759974&all_sr_blocks=1515621401_423271608_2_0_0&highlighted_blocks=1515621401_423271608_2_0_0&matching_block_id=1515621401_423271608_2_0_0&sr_pri_blocks=1515621401_423271608_2_0_0__1600000&from=searchresults,16000,,,Lahore,19.0,Two-Bedroom Apartment,"4 beds (2 doubles, 2 sofa beds)",0,0,1,https://cf.bstatic.com/xdata/images/hotel/square240/781619722.webp?k=6787b9346e68fb23bb6a00cee02015d12816ccf9c23f36d479468d50930451fb&o=,3,Shorkot
Modern 2 Bed Apartment Prime Location Cozy Stay,https://www.booking.com/hotel/pk/modern-2-bed-apartment-prime-location-cozy-stay.en-gb.html?aid=304142&label=gen173nr-10CAQoggJCCmNpdHlfMzU1NzVICVgEaLUBiAEBmAEzuAEHyAEM2AED6AEB-AEBiAIBqAIBuALAkcLTBsACAdICJGZkNjZkNGNmLTNhZGQtNDIyYS04YWIwLTdkZGFkMjg0NzdlMdgCAeACAQ&ucfs=1&arphpl=1&checkin=2026-08-06&checkout=2026-08-07&dest_id=35575&dest_type=city&group_adults=2&req_adults=2&no_rooms=1&group_children=0&req_children=0&hpos=21&hapos=319&sr_order=popularity&srpvid=3fbf57600a54002b&srepoch=1785759974&all_sr_blocks=1579613901_429055411_4_0_0&highlighted_blocks=1579613901_429055411_4_0_0&matching_block_id=1579613901_429055411_4_0_0&sr_pri_blocks=1579613901_429055411_4_0_0__1100000&from=searchresults,11000,,,Lahore,15.4,Two-Bedroom Apartment,1 double bed,0,1,1,https://cf.bstatic.com/xdata/images/hotel/square240/821461088.webp?k=c25743d9fa7bc50281990a2638f94bafde87c8132eff191caffba912e1a95c01&o=,4,Shorkot
Bloom Tower,https://www.booking.com/hotel/pk/bloom-tower.en-gb.html?aid=304142&label=gen173nr-10CAQoggJCCmNpdHlfMzU1NzVICVgEaLUBiAEBmAEzuAEHyAEM2AED6AEB-AEBiAIBqAIBuALAkcLTBsACAdICJGZkNjZkNGNmLTNhZGQtNDIyYS04YWIwLTdkZGFkMjg0NzdlMdgCAeACAQ&ucfs=1&arphpl=1&checkin=2026-08-06&checkout=2026-08-07&dest_id=35575&dest_type=city&group_adults=2&req_adults=2&no_rooms=1&group_children=0&req_children=0&hpos=22&hapos=320&sr_order=popularity&srpvid=3fbf57600a54002b&srepoch=1785759974&all_sr_blocks=1675735101_439302832_3_0_0&highlighted_blocks=1675735101_439302832_3_0_0&matching_block_id=1675735101_439302832_3_0_0&sr_pri_blocks=1675735101_439302832_3_0_0__714000&from=searchresults,7140,,,Lahore,15.3,One-Bedroom Apartment,"4 beds (1 double, 3 sofa beds)",0,1,1,https://cf.bstatic.com/xdata/images/hotel/square240/888432676.webp?k=c4c391ae74ee7d00aa71b60dcb8e486f99bdd62dd9ea37843417d687881211b5&o=,5,Shorkot
Luxe horizon,https://www.booking.com/hotel/pk/luxe-horizon.en-gb.html?aid=304142&label=gen173nr-10CAQoggJCCmNpdHlfMzU1NzVICVgEaLUBiAEBmAEzuAEHyAEM2AED6AEB-AEBiAIBqAIBuALAkcLTBsACAdICJGZkNjZkNGNmLTNhZGQtNDIyYS04YWIwLTdkZGFkMjg0NzdlMdgCAeACAQ&ucfs=1&arphpl=1&checkin=2026-08-06&checkout=2026-08-07&dest_id=35575&dest_type=city&group_adults=2&req_adults=2&no_rooms=1&group_children=0&req_children=0&hpos=23&hapos=321&sr_order=popularity&srpvid=3fbf57600a54002b&srepoch=1785759974&all_sr_blocks=1614169301_432299949_2_0_0&highlighted_blocks=1614169301_432299949_2_0_0&matching_block_id=1614169301_432299949_2_0_0&sr_pri_blocks=1614169301_432299949_2_0_0__1260000&from=searchresults,12600,,,Lahore,18.1,One-Bedroom Apartment,"3 beds (2 doubles, 1 sofa bed)",0,1,1,https://cf.bstatic.com/xdata/images/hotel/square240/849337052.webp?k=ec49ca355ec2e99524f4bd204abc7f544eeeed92d9b175ab188664c239f72d90&o=,4,Shorkot
Pak Luxury Apartments 1990,https://www.booking.com/hotel/pk/pak-luxury-apartments-1990.en-gb.html?aid=304142&label=gen173nr-10CAQoggJCCmNpdHlfMzU1NzVICVgEaLUBiAEBmAEzuAEHyAEM2AED6AEB-AEBiAIBqAIBuALAkcLTBsACAdICJGZkNjZkNGNmLTNhZGQtNDIyYS04YWIwLTdkZGFkMjg0NzdlMdgCAeACAQ&ucfs=1&arphpl=1&checkin=2026-08-06&checkout=2026-08-07&dest_id=35575&dest_type=city&group_adults=2&req_adults=2&no_rooms=1&group_children=0&req_children=0&hpos=24&hapos=322&sr_order=popularity&srpvid=3fbf57600a54002b&srepoch=1785759974&all_sr_blocks=1610569301_431967470_3_0_0&highlighted_blocks=1610569301_431967470_3_0_0&matching_block_id=1610569301_431967470_3_0_0&sr_pri_blocks=1610569301_431967470_3_0_0__1000000&from=searchresults,10000,,,Lahore,15.1,One-Bedroom Apartment,"4 beds (3 singles, 1 double)",0,1,1,https://cf.bstatic.com/xdata/images/hotel/square240/846336826.webp?k=32a65e3117ee74ab55d2d0317c9f5f4544d0b05c80cff3a6d2f45050ff28dc1c&o=,4,Shorkot
Eiffel Luxora Jasmine one bed,https://www.booking.com/hotel/pk/eiffel-luxora-jasmine-one-bed.en-gb.html?aid=304142&label=gen173nr-10CAQoggJCCmNpdHlfMzU1NzVICVgEaLUBiAEBmAEzuAEHyAEM2AED6AEB-AEBiAIBqAIBuALAkcLTBsACAdICJGZkNjZkNGNmLTNhZGQtNDIyYS04YWIwLTdkZGFkMjg0NzdlMdgCAeACAQ&ucfs=1&arphpl=1&checkin=2026-08-06&checkout=2026-08-07&dest_id=35575&dest_type=city&group_adults=2&req_adults=2&no_rooms=1&group_children=0&req_children=0&hpos=25&hapos=323&sr_order=popularity&srpvid=3fbf57600a54002b&srepoch=1785759974&all_sr_blocks=1493172701_420961985_3_0_0&highlighted_blocks=1493172701_420961985_3_0_0&matching_block_id=1493172701_420961985_3_0_0&sr_pri_blocks=1493172701_420961985_3_0_0__999900&from=searchresults,9999,,,Lahore,15.3,One-Bedroom Apartment,1 double bed,0,1,1,https://cf.bstatic.com/xdata/images/hotel/square240/746339600.webp?k=36e61320fe9924c6075a9f1f3da3a617e99eaf038d57e57f459edd376be552e9&o=,4,Shorkot
Premium 1BHK Apartment near main boulevard Bahria,https://www.booking.com/hotel/pk/premium-1bhk-apartment-near-main-boulevard-bahria.en-gb.html?aid=304142&label=gen173nr-10CAQoggJCCmNpdHlfMzU1NzVICVgEaLUBiAEBmAEzuAEHyAEM2AED6AEB-AEBiAIBqAIBuALAkcLTBsACAdICJGZkNjZkNGNmLTNhZGQtNDIyYS04YWIwLTdkZGFkMjg0NzdlMdgCAeACAQ&ucfs=1&arphpl=1&checkin=2026-08-06&checkout=2026-08-07&dest_id=35575&dest_type=city&group_adults=2&req_adults=2&no_rooms=1&group_children=0&req_children=0&hpos=1&hapos=324&sr_order=popularity&srpvid=3fbf57600a54002b&srepoch=1785759977&all_sr_blocks=1572118401_428262914_3_0_0&highlighted_blocks=1572118401_428262914_3_0_0&matching_block_id=1572118401_428262914_3_0_0&sr_pri_blocks=1572118401_428262914_3_0_0__1200000&from=searchresults,12000,,,Lahore,15.2,One-Bedroom Apartment,1 double bed,0,1,1,https://cf.bstatic.com/xdata/images/hotel/square240/815120810.webp?k=612c9ffbb136dc8a31748885cafbd3dc352e175f2b2d567a6421e5b82a95c48c&o=,4,Shorkot
Premier Apartments,https://www.booking.com/hotel/pk/premier-apartments-lahore.en-gb.html?aid=304142&label=gen173nr-10CAQoggJCCmNpdHlfMzU1NzVICVgEaLUBiAEBmAEzuAEHyAEM2AED6AEB-AEBiAIBqAIBuALAkcLTBsACAdICJGZkNjZkNGNmLTNhZGQtNDIyYS04YWIwLTdkZGFkMjg0NzdlMdgCAeACAQ&ucfs=1&arphpl=1&checkin=2026-08-06&checkout=2026-08-07&dest_id=35575&dest_type=city&group_adults=2&req_adults=2&no_rooms=1&group_children=0&req_children=0&hpos=2&hapos=325&sr_order=popularity&srpvid=3fbf57600a54002b&srepoch=1785759977&all_sr_blocks=1600182301_430982670_4_0_0&highlighted_blocks=1600182301_430982670_4_0_0&matching_block_id=1600182301_430982670_4_0_0&sr_pri_blocks=1600182301_430982670_4_0_0__800000&from=searchresults,8000,,,Lahore,15.5,One-Bedroom Apartment,"2 beds (1 double, 1 sofa bed)",0,1,1,https://cf.bstatic.com/xdata/images/hotel/square240/837651209.webp?k=aabc4ec064cb28f5da20201dd3731ea69106cfd1c94af60766832449dd190ff6&o=,4,Shorkot
A Little Heaven 1BHK Bahria town Lahore,https://www.booking.com/hotel/pk/a-little-heaven-1bhk-bahria-town-lahore.en-gb.html?aid=304142&label=gen173nr-10CAQoggJCCmNpdHlfMzU1NzVICVgEaLUBiAEBmAEzuAEHyAEM2AED6AEB-AEBiAIBqAIBuALAkcLTBsACAdICJGZkNjZkNGNmLTNhZGQtNDIyYS04YWIwLTdkZGFkMjg0NzdlMdgCAeACAQ&ucfs=1&arphpl=1&checkin=2026-08-06&checkout=2026-08-07&dest_id=35575&dest_type=city&group_adults=2&req_adults=2&no_rooms=1&group_children=0&req_children=0&hpos=3&hapos=326&sr_order=popularity&srpvid=3fbf57600a54002b&srepoch=1785759977&all_sr_blocks=1492453601_420890453_3_0_0&highlighted_blocks=1492453601_420890453_3_0_0&matching_block_id=1492453601_420890453_3_0_0&sr_pri_blocks=1492453601_420890453_3_0_0__900000&from=searchresults,9000,,,Lahore,15.3,One-Bedroom Apartment,"3 beds (1 double, 1 extra-large double, 1 sofa bed)",0,0,1,https://cf.bstatic.com/xdata/images/hotel/square240/826255912.webp?k=8fcc87b643b02b7634705974f7206b6722b45b232c23bde216c83fa7c71d19f8&o=,3,Shorkot
Cozy& Peaceful,https://www.booking.com/hotel/pk/cozy-amp-peaceful.en-gb.html?aid=304142&label=gen173nr-10CAQoggJCCmNpdHlfMzU1NzVICVgEaLUBiAEBmAEzuAEHyAEM2AED6AEB-AEBiAIBqAIBuALAkcLTBsACAdICJGZkNjZkNGNmLTNhZGQtNDIyYS04YWIwLTdkZGFkMjg0NzdlMdgCAeACAQ&ucfs=1&arphpl=1&checkin=2026-08-06&checkout=2026-08-07&dest_id=35575&dest_type=city&group_adults=2&req_adults=2&no_rooms=1&group_children=0&req_children=0&hpos=4&hapos=327&sr_order=popularity&srpvid=3fbf57600a54002b&srepoch=1785759977&all_sr_blocks=1373942901_409540477_2_0_0&highlighted_blocks=1373942901_409540477_2_0_0&matching_block_id=1373942901_409540477_2_0_0&sr_pri_blocks=1373942901_409540477_2_0_0__800000&from=searchresults,8000,,,Lahore,15.0,One-Bedroom Apartment,"2 beds (1 single, 1 sofa bed)",0,1,1,https://cf.bstatic.com/xdata/images/hotel/square240/655917832.webp?k=1e574d1158a449f63ab3c239fc978304fa34063818ecbfc71a15948021c38342&o=,4,Shorkot
"Designer 1BHK Stay, Peaceful, Bahria Town",https://www.booking.com/hotel/pk/designer-1bhk-stay-peaceful-bahria-town.en-gb.html?aid=304142&label=gen173nr-10CAQoggJCCmNpdHlfMzU1NzVICVgEaLUBiAEBmAEzuAEHyAEM2AED6AEB-AEBiAIBqAIBuALAkcLTBsACAdICJGZkNjZkNGNmLTNhZGQtNDIyYS04YWIwLTdkZGFkMjg0NzdlMdgCAeACAQ&ucfs=1&arphpl=1&checkin=2026-08-06&checkout=2026-08-07&dest_id=35575&dest_type=city&group_adults=2&req_adults=2&no_rooms=1&group_children=0&req_children=0&hpos=5&hapos=328&sr_order=popularity&srpvid=3fbf57600a54002b&srepoch=1785759977&all_sr_blocks=1596323301_430653552_3_0_0&highlighted_blocks=1596323301_430653552_3_0_0&matching_block_id=1596323301_430653552_3_0_0&sr_pri_blocks=1596323301_430653552_3_0_0__1045000&from=searchresults,10450,,,Lahore,15.3,One-Bedroom Apartment,"2 beds (1 double, 1 sofa bed)",0,1,1,https://cf.bstatic.com/xdata/images/hotel/square240/834399645.webp?k=eb4f468259d270a3c948f5cf26bd30488dc1e68ff766d7cb58db4c25ca18b643&o=,4,Shorkot
"luxury 1bhk, 2bhk full Home in Bahria",https://www.booking.com/hotel/pk/luxury-1bhk-2bhk-full-home-in-bahria.en-gb.html?aid=304142&label=gen173nr-10CAQoggJCCmNpdHlfMzU1NzVICVgEaLUBiAEBmAEzuAEHyAEM2AED6AEB-AEBiAIBqAIBuALAkcLTBsACAdICJGZkNjZkNGNmLTNhZGQtNDIyYS04YWIwLTdkZGFkMjg0NzdlMdgCAeACAQ&ucfs=1&arphpl=1&checkin=2026-08-06&checkout=2026-08-07&dest_id=35575&dest_type=city&group_adults=2&req_adults=2&no_rooms=1&group_children=0&req_children=0&hpos=6&hapos=329&sr_order=popularity&srpvid=3fbf57600a54002b&srepoch=1785759977&all_sr_blocks=1470197001_418360485_2_0_0&highlighted_blocks=1470197001_418360485_2_0_0&matching_block_id=1470197001_418360485_2_0_0&sr_pri_blocks=1470197001_418360485_2_0_0__1155000&from=searchresults,11550,,,Lahore,15.4,Two-Bedroom Villa,2 single beds,0,1,1,https://cf.bstatic.com/xdata/images/hotel/square240/726339386.webp?k=7ea2e68f1694d933ff8362c568a5905e6f81551a73af1f09a90b283f1db92fed&o=,5,Shorkot
Opal prime residence,https://www.booking.com/hotel/pk/opal-prime-residence.en-gb.html?aid=304142&label=gen173nr-10CAQoggJCCmNpdHlfMzU1NzVICVgEaLUBiAEBmAEzuAEHyAEM2AED6AEB-AEBiAIBqAIBuALAkcLTBsACAdICJGZkNjZkNGNmLTNhZGQtNDIyYS04YWIwLTdkZGFkMjg0NzdlMdgCAeACAQ&ucfs=1&arphpl=1&checkin=2026-08-06&checkout=2026-08-07&dest_id=35575&dest_type=city&group_adults=2&req_adults=2&no_rooms=1&group_children=0&req_children=0&hpos=7&hapos=330&sr_order=popularity&srpvid=3fbf57600a54002b&srepoch=1785759977&all_sr_blocks=1689658001_440610643_5_2_0&highlighted_blocks=1689658001_440610643_5_2_0&matching_block_id=1689658001_440610643_5_2_0&sr_pri_blocks=1689658001_440610643_5_2_0__1223932&from=searchresults,12239,,,Lahore,18.7,One-Bedroom Apartment,2 double beds,0,1,1,https://cf.bstatic.com/xdata/images/hotel/square240/895540643.webp?k=ff77798eb47a1d604b972571add5ed6e4779aeb6b02ae44bb511d92dc3bfb6e9&o=,5,Shorkot
"Modern & Stunning Home, Sleeps 2, Parking, Wi-Fi Offers",https://www.booking.com/hotel/pk/classy-home-guests-2-parking-wifi-offers.en-gb.html?aid=304142&label=gen173nr-10CAQoggJCCmNpdHlfMzU1NzVICVgEaLUBiAEBmAEzuAEHyAEM2AED6AEB-AEBiAIBqAIBuALAkcLTBsACAdICJGZkNjZkNGNmLTNhZGQtNDIyYS04YWIwLTdkZGFkMjg0NzdlMdgCAeACAQ&ucfs=1&arphpl=1&checkin=2026-08-06&checkout=2026-08-07&dest_id=35575&dest_type=city&group_adults=2&req_adults=2&no_rooms=1&group_children=0&req_children=0&hpos=8&hapos=331&sr_order=popularity&srpvid=3fbf57600a54002b&srepoch=1785759977&all_sr_blocks=1643238701_434493121_2_0_0&highlighted_blocks=1643238701_434493121_2_0_0&matching_block_id=1643238701_434493121_2_0_0&sr_pri_blocks=1643238701_434493121_2_0_0__440000&from=searchresults,4400,,,Lahore,19.8,One-Bedroom Apartment,1 extra-large double bed,0,1,1,https://cf.bstatic.com/xdata/images/hotel/square240/868534008.webp?k=442a68e258300102257aa198d406a1617e555cee6641fbd6662167c77ea834ef&o=,5,Shorkot
The Heaven Stay,https://www.booking.com/hotel/pk/the-heaven-stay.en-gb.html?aid=304142&label=gen173nr-10CAQoggJCCmNpdHlfMzU1NzVICVgEaLUBiAEBmAEzuAEHyAEM2AED6AEB-AEBiAIBqAIBuALAkcLTBsACAdICJGZkNjZkNGNmLTNhZGQtNDIyYS04YWIwLTdkZGFkMjg0NzdlMdgCAeACAQ&ucfs=1&arphpl=1&checkin=2026-08-06&checkout=2026-08-07&dest_id=35575&dest_type=city&group_adults=2&req_adults=2&no_rooms=1&group_children=0&req_children=0&hpos=9&hapos=332&sr_order=popularity&srpvid=3fbf57600a54002b&srepoch=1785759977&all_sr_blocks=1452177001_416570568_2_0_0&highlighted_blocks=1452177001_416570568_2_0_0&matching_block_id=1452177001_416570568_2_0_0&sr_pri_blocks=1452177001_416570568_2_0_0__720000&from=searchresults,7200,,,Lahore,15.1,One-Bedroom Apartment,"2 beds (1 double, 1 sofa bed)",0,1,1,https://cf.bstatic.com/xdata/images/hotel/square240/709592773.webp?k=95c1597029d4cdafe6ed0bd3f77bb7c54b12894482f024bd241c7bbf8dacbaab&o=,4,Shorkot
H&S Residences,https://www.booking.com/hotel/pk/h-amp-s-residences.en-gb.html?aid=304142&label=gen173nr-10CAQoggJCCmNpdHlfMzU1NzVICVgEaLUBiAEBmAEzuAEHyAEM2AED6AEB-AEBiAIBqAIBuALAkcLTBsACAdICJGZkNjZkNGNmLTNhZGQtNDIyYS04YWIwLTdkZGFkMjg0NzdlMdgCAeACAQ&ucfs=1&arphpl=1&checkin=2026-08-06&checkout=2026-08-07&dest_id=35575&dest_type=city&group_adults=2&req_adults=2&no_rooms=1&group_children=0&req_children=0&hpos=10&hapos=333&sr_order=popularity&srpvid=3fbf57600a54002b&srepoch=1785759977&all_sr_blocks=1487247901_420204771_4_0_0&highlighted_blocks=1487247901_420204771_4_0_0&matching_block_id=1487247901_420204771_4_0_0&sr_pri_blocks=1487247901_420204771_4_0_0__1350000&from=searchresults,13500,,,Lahore,18.7,One-Bedroom Apartment,"2 beds (1 double, 1 sofa bed)",0,1,1,https://cf.bstatic.com/xdata/images/hotel/square240/740792532.webp?k=e16ceb2b8f90e335eea1e717974d4c89913b7c228e7e59b71bbc63b919c96b50&o=,4,Shorkot
"Peaceful Getaway Smart Lock, Netflix High-Speed Wi-Fi",https://www.booking.com/hotel/pk/peaceful-getaway-smart-lock-netflix-high-speed-wi-fi.en-gb.html?aid=304142&label=gen173nr-10CAQoggJCCmNpdHlfMzU1NzVICVgEaLUBiAEBmAEzuAEHyAEM2AED6AEB-AEBiAIBqAIBuALAkcLTBsACAdICJGZkNjZkNGNmLTNhZGQtNDIyYS04YWIwLTdkZGFkMjg0NzdlMdgCAeACAQ&ucfs=1&arphpl=1&checkin=2026-08-06&checkout=2026-08-07&dest_id=35575&dest_type=city&group_adults=2&req_adults=2&no_rooms=1&group_children=0&req_children=0&hpos=11&hapos=334&sr_order=popularity&srpvid=3fbf57600a54002b&srepoch=1785759977&all_sr_blocks=1505830301_422327442_3_0_0&highlighted_blocks=1505830301_422327442_3_0_0&matching_block_id=1505830301_422327442_3_0_0&sr_pri_blocks=1505830301_422327442_3_0_0__675000&from=searchresults,6750,,,Lahore,15.5,One-Bedroom Apartment,"4 beds (1 double, 3 sofa beds)",0,1,1,https://cf.bstatic.com/xdata/images/hotel/square240/766498525.webp?k=56f34ac21c1915c6a0c792dce1433a589b3a524b884a466da8e48a87b039fd75&o=,4,Shorkot
Stay with comfort,https://www.booking.com/hotel/pk/stay-with-comfort.en-gb.html?aid=304142&label=gen173nr-10CAQoggJCCmNpdHlfMzU1NzVICVgEaLUBiAEBmAEzuAEHyAEM2AED6AEB-AEBiAIBqAIBuALAkcLTBsACAdICJGZkNjZkNGNmLTNhZGQtNDIyYS04YWIwLTdkZGFkMjg0NzdlMdgCAeACAQ&ucfs=1&arphpl=1&checkin=2026-08-06&checkout=2026-08-07&dest_id=35575&dest_type=city&group_adults=2&req_adults=2&no_rooms=1&group_children=0&req_children=0&hpos=12&hapos=335&sr_order=popularity&srpvid=3fbf57600a54002b&srepoch=1785759977&all_sr_blocks=1570771901_428154316_2_0_0&highlighted_blocks=1570771901_428154316_2_0_0&matching_block_id=1570771901_428154316_2_0_0&sr_pri_blocks=1570771901_428154316_2_0_0__1500000&from=searchresults,15000,,,Lahore,18.7,One-Bedroom Apartment,"6 beds (5 sofa beds, 1 large double)",0,1,1,https://cf.bstatic.com/xdata/images/hotel/square240/813887542.webp?k=67d4c2ba274e2fba236a29f2ec325a747712d54094092884fdf76db7f6258c66&o=,4,Shorkot
Stayease,https://www.booking.com/hotel/pk/stayease-lahore.en-gb.html?aid=304142&label=gen173nr-10CAQoggJCCmNpdHlfMzU1NzVICVgEaLUBiAEBmAEzuAEHyAEM2AED6AEB-AEBiAIBqAIBuALAkcLTBsACAdICJGZkNjZkNGNmLTNhZGQtNDIyYS04YWIwLTdkZGFkMjg0NzdlMdgCAeACAQ&ucfs=1&arphpl=1&checkin=2026-08-06&checkout=2026-08-07&dest_id=35575&dest_type=city&group_adults=2&req_adults=2&no_rooms=1&group_children=0&req_children=0&hpos=13&hapos=336&sr_order=popularity&srpvid=3fbf57600a54002b&srepoch=1785759977&all_sr_blocks=1610649901_431976823_2_0_0&highlighted_blocks=1610649901_431976823_2_0_0&matching_block_id=1610649901_431976823_2_0_0&sr_pri_blocks=1610649901_431976823_2_0_0__800000&from=searchresults,8000,,,Lahore,15.4,One-Bedroom Apartment,"2 beds (1 double, 1 sofa bed)",0,1,1,https://cf.bstatic.com/xdata/images/hotel/square240/846377046.webp?k=6c3c8218d972797b6cfd56fb6bed09e47b6e5e58020973ce007502dec5e5203b&o=,4,Shorkot
Haven Lodge Lahore by Haven Holiday Homes - 4BR Luxury Guest Suite in a Farmhouse,https://www.booking.com/hotel/pk/haven-lodge-lahore-4br-luxury-guest-suite-in-a-farmhouse.en-gb.html?aid=304142&label=gen173nr-10CAQoggJCCmNpdHlfMzU1NzVICVgEaLUBiAEBmAEzuAEHyAEM2AED6AEB-AEBiAIBqAIBuALAkcLTBsACAdICJGZkNjZkNGNmLTNhZGQtNDIyYS04YWIwLTdkZGFkMjg0NzdlMdgCAeACAQ&ucfs=1&arphpl=1&checkin=2026-08-06&checkout=2026-08-07&dest_id=35575&dest_type=city&group_adults=2&req_adults=2&no_rooms=1&group_children=0&req_children=0&hpos=14&hapos=337&sr_order=popularity&srpvid=3fbf57600a54002b&srepoch=1785759977&all_sr_blocks=1570914401_428172944_7_2_0&highlighted_blocks=1570914401_428172944_7_2_0&matching_block_id=1570914401_428172944_7_2_0&sr_pri_blocks=1570914401_428172944_7_2_0__3610000&from=searchresults,36100,,,Lahore,19.0,Four-Bedroom House,1 extra-large double bed,0,0,0,https://cf.bstatic.com/xdata/images/hotel/square240/814236412.webp?k=f21c012174a2fec20319fbf684bfc7f3b465ed1d7c368eaa90b868561c077808&o=,8,Shorkot
Eiffel Luxora studio,https://www.booking.com/hotel/pk/eiffel-luxora-studio.en-gb.html?aid=304142&label=gen173nr-10CAQoggJCCmNpdHlfMzU1NzVICVgEaLUBiAEBmAEzuAEHyAEM2AED6AEB-AEBiAIBqAIBuALAkcLTBsACAdICJGZkNjZkNGNmLTNhZGQtNDIyYS04YWIwLTdkZGFkMjg0NzdlMdgCAeACAQ&ucfs=1&arphpl=1&checkin=2026-08-06&checkout=2026-08-07&dest_id=35575&dest_type=city&group_adults=2&req_adults=2&no_rooms=1&group_children=0&req_children=0&hpos=15&hapos=338&sr_order=popularity&srpvid=3fbf57600a54002b&srepoch=1785759977&all_sr_blocks=1493384101_420992352_3_0_0&highlighted_blocks=1493384101_420992352_3_0_0&matching_block_id=1493384101_420992352_3_0_0&sr_pri_blocks=1493384101_420992352_3_0_0__860000&from=searchresults,8600,,,Lahore,15.3,One-Bedroom Apartment,1 double bed,0,1,1,https://cf.bstatic.com/xdata/images/hotel/square240/746732173.webp?k=0662567a73b34e024f788d66c69c4a1d0dc5630414a647ef91425c5d3265a73b&o=,4,Shorkot
2Bhk luxury apartments in Lahore,https://www.booking.com/hotel/pk/2bhk-luxury-apartments-in-lahore.en-gb.html?aid=304142&label=gen173nr-10CAQoggJCCmNpdHlfMzU1NzVICVgEaLUBiAEBmAEzuAEHyAEM2AED6AEB-AEBiAIBqAIBuALAkcLTBsACAdICJGZkNjZkNGNmLTNhZGQtNDIyYS04YWIwLTdkZGFkMjg0NzdlMdgCAeACAQ&ucfs=1&arphpl=1&checkin=2026-08-06&checkout=2026-08-07&dest_id=35575&dest_type=city&group_adults=2&req_adults=2&no_rooms=1&group_children=0&req_children=0&hpos=16&hapos=339&sr_order=popularity&srpvid=3fbf57600a54002b&srepoch=1785759977&all_sr_blocks=1640858901_434318243_6_0_0&highlighted_blocks=1640858901_434318243_6_0_0&matching_block_id=1640858901_434318243_6_0_0&sr_pri_blocks=1640858901_434318243_6_0_0__1360000&from=searchresults,13600,,,Lahore,18.7,One-Bedroom Apartment,"3 beds (2 extra-large doubles, 1 sofa bed)",0,1,1,https://cf.bstatic.com/xdata/images/hotel/square240/867231737.webp?k=bf02ffcc98af340e42d0b1f905a2f09cacb82f181edc76e11274fb822f396ff5&o=,5,Shorkot
Eiffel Luxora Rose,https://www.booking.com/hotel/pk/eiffel-luxora-rose.en-gb.html?aid=304142&label=gen173nr-10CAQoggJCCmNpdHlfMzU1NzVICVgEaLUBiAEBmAEzuAEHyAEM2AED6AEB-AEBiAIBqAIBuALAkcLTBsACAdICJGZkNjZkNGNmLTNhZGQtNDIyYS04YWIwLTdkZGFkMjg0NzdlMdgCAeACAQ&ucfs=1&arphpl=1&checkin=2026-08-06&checkout=2026-08-07&dest_id=35575&dest_type=city&group_adults=2&req_adults=2&no_rooms=1&group_children=0&req_children=0&hpos=17&hapos=340&sr_order=popularity&srpvid=3fbf57600a54002b&srepoch=1785759977&all_sr_blocks=1492900401_420934797_2_0_0&highlighted_blocks=1492900401_420934797_2_0_0&matching_block_id=1492900401_420934797_2_0_0&sr_pri_blocks=1492900401_420934797_2_0_0__1000000&from=searchresults,10000,,,Lahore,15.3,One-Bedroom Apartment,1 double bed,0,1,1,https://cf.bstatic.com/xdata/images/hotel/square240/746204680.webp?k=72dbfe000f8585857c67e18f13e1a06266538bcc1478c7f9cbe4b9174ebb87cf&o=,4,Shorkot
Luxury apartments,https://www.booking.com/hotel/pk/luxury-apartments-lahore38.en-gb.html?aid=304142&label=gen173nr-10CAQoggJCCmNpdHlfMzU1NzVICVgEaLUBiAEBmAEzuAEHyAEM2AED6AEB-AEBiAIBqAIBuALAkcLTBsACAdICJGZkNjZkNGNmLTNhZGQtNDIyYS04YWIwLTdkZGFkMjg0NzdlMdgCAeACAQ&ucfs=1&arphpl=1&checkin=2026-08-06&checkout=2026-08-07&dest_id=35575&dest_type=city&group_adults=2&req_adults=2&no_rooms=1&group_children=0&req_children=0&hpos=18&hapos=341&sr_order=popularity&srpvid=3fbf57600a54002b&srepoch=1785759977&all_sr_blocks=1578242601_428929422_3_0_0&highlighted_blocks=1578242601_428929422_3_0_0&matching_block_id=1578242601_428929422_3_0_0&sr_pri_blocks=1578242601_428929422_3_0_0__1380000&from=searchresults,13800,,,Lahore,18.7,Two-Bedroom Apartment,"3 beds (2 doubles, 1 sofa bed)",0,1,1,https://cf.bstatic.com/xdata/images/hotel/square240/820362935.webp?k=9620190accea70a2f4922b1180264908e576335a10d75e20ec5c87ac0e33a8b9&o=,4,Shorkot
Urban Sanctuary,https://www.booking.com/hotel/pk/urban-sanctuary.en-gb.html?aid=304142&label=gen173nr-10CAQoggJCCmNpdHlfMzU1NzVICVgEaLUBiAEBmAEzuAEHyAEM2AED6AEB-AEBiAIBqAIBuALAkcLTBsACAdICJGZkNjZkNGNmLTNhZGQtNDIyYS04YWIwLTdkZGFkMjg0NzdlMdgCAeACAQ&ucfs=1&arphpl=1&checkin=2026-08-06&checkout=2026-08-07&dest_id=35575&dest_type=city&group_adults=2&req_adults=2&no_rooms=1&group_children=0&req_children=0&hpos=19&hapos=342&sr_order=popularity&srpvid=3fbf57600a54002b&srepoch=1785759977&all_sr_blocks=1398302001_411702069_2_2_0&highlighted_blocks=1398302001_411702069_2_2_0&matching_block_id=1398302001_411702069_2_2_0&sr_pri_blocks=1398302001_411702069_2_2_0__1400000&from=searchresults,14000,,,Lahore,18.7,Two-Bedroom Apartment,"5 beds (2 sofa beds, 3 large doubles)",0,1,1,https://cf.bstatic.com/xdata/images/hotel/square240/673091219.webp?k=e6eb3b8408fcb3c594c7403ffffa3b4b3b05ca71a4500019712302c0af8c9d72&o=,4,Shorkot
Beautiful Updated Midtown Apartment,https://www.booking.com/hotel/pk/beautiful-updated-midtown-apartment.en-gb.html?aid=304142&label=gen173nr-10CAQoggJCCmNpdHlfMzU1NzVICVgEaLUBiAEBmAEzuAEHyAEM2AED6AEB-AEBiAIBqAIBuALAkcLTBsACAdICJGZkNjZkNGNmLTNhZGQtNDIyYS04YWIwLTdkZGFkMjg0NzdlMdgCAeACAQ&ucfs=1&arphpl=1&checkin=2026-08-06&checkout=2026-08-07&dest_id=35575&dest_type=city&group_adults=2&req_adults=2&no_rooms=1&group_children=0&req_children=0&hpos=20&hapos=343&sr_order=popularity&srpvid=3fbf57600a54002b&srepoch=1785759977&all_sr_blocks=1320452901_405015304_2_0_0&highlighted_blocks=1320452901_405015304_2_0_0&matching_block_id=1320452901_405015304_2_0_0&sr_pri_blocks=1320452901_405015304_2_0_0__759000&from=searchresults,7590,,,Lahore,15.3,One-Bedroom Apartment,1 double bed,0,1,1,https://cf.bstatic.com/xdata/images/hotel/square240/622172497.webp?k=b5ac7753f9da5815fd289c2d8ea30062d9b5c7423d17ee3338667c31fd42def4&o=,5,Shorkot
Jinnah Mall Main Boulevard Jubilee Town,https://www.booking.com/hotel/pk/cb-height-plaza.en-gb.html?aid=304142&label=gen173nr-10CAQoggJCCmNpdHlfMzU1NzVICVgEaLUBiAEBmAEzuAEHyAEM2AED6AEB-AEBiAIBqAIBuALAkcLTBsACAdICJGZkNjZkNGNmLTNhZGQtNDIyYS04YWIwLTdkZGFkMjg0NzdlMdgCAeACAQ&ucfs=1&arphpl=1&checkin=2026-08-06&checkout=2026-08-07&dest_id=35575&dest_type=city&group_adults=2&req_adults=2&no_rooms=1&group_children=0&req_children=0&hpos=21&hapos=344&sr_order=popularity&srpvid=3fbf57600a54002b&srepoch=1785759977&all_sr_blocks=1672481001_439006450_2_0_0&highlighted_blocks=1672481001_439006450_2_0_0&matching_block_id=1672481001_439006450_2_0_0&sr_pri_blocks=1672481001_439006450_2_0_0__850000&from=searchresults,8500,,,Lahore,15.3,One-Bedroom Apartment,"2 beds (1 double, 1 sofa bed)",0,1,1,https://cf.bstatic.com/xdata/images/hotel/square240/886752076.webp?k=33434dbe357d8b1fc96a4a081354cde388e6268ed5af534fba76204a8c626c15&o=,5,Shorkot
Home Away Home,https://www.booking.com/hotel/pk/home-away-home-lahore.en-gb.html?aid=304142&label=gen173nr-10CAQoggJCCmNpdHlfMzU1NzVICVgEaLUBiAEBmAEzuAEHyAEM2AED6AEB-AEBiAIBqAIBuALAkcLTBsACAdICJGZkNjZkNGNmLTNhZGQtNDIyYS04YWIwLTdkZGFkMjg0NzdlMdgCAeACAQ&ucfs=1&arphpl=1&checkin=2026-08-06&checkout=2026-08-07&dest_id=35575&dest_type=city&group_adults=2&req_adults=2&no_rooms=1&group_children=0&req_children=0&hpos=22&hapos=345&sr_order=popularity&srpvid=3fbf57600a54002b&srepoch=1785759977&all_sr_blocks=1503142901_422001894_4_0_0&highlighted_blocks=1503142901_422001894_4_0_0&matching_block_id=1503142901_422001894_4_0_0&sr_pri_blocks=1503142901_422001894_4_0_0__800000&from=searchresults,8000,,,Lahore,15.4,One-Bedroom Apartment,"2 beds (1 double, 1 sofa bed)",0,1,1,https://cf.bstatic.com/xdata/images/hotel/square240/756845883.webp?k=d058060c6ed58aaf277016a695080c82122d2a09a1534e656d3144657df305fd&o=,4,Shorkot
Luxury Studio APT SelfCheckin Starlight Bahria Lahore,https://www.booking.com/hotel/pk/luxury-studio-apt-selfcheckin-starlight-bahria-lahore.en-gb.html?aid=304142&label=gen173nr-10CAQoggJCCmNpdHlfMzU1NzVICVgEaLUBiAEBmAEzuAEHyAEM2AED6AEB-AEBiAIBqAIBuALAkcLTBsACAdICJGZkNjZkNGNmLTNhZGQtNDIyYS04YWIwLTdkZGFkMjg0NzdlMdgCAeACAQ&ucfs=1&arphpl=1&checkin=2026-08-06&checkout=2026-08-07&dest_id=35575&dest_type=city&group_adults=2&req_adults=2&no_rooms=1&group_children=0&req_children=0&hpos=23&hapos=346&sr_order=popularity&srpvid=3fbf57600a54002b&srepoch=1785759977&all_sr_blocks=1611627101_432066462_2_0_0&highlighted_blocks=1611627101_432066462_2_0_0&matching_block_id=1611627101_432066462_2_0_0&sr_pri_blocks=1611627101_432066462_2_0_0__1400000&from=searchresults,14000,,,Lahore,15.8,One-Bedroom Apartment,1 extra-large double bed,0,1,1,https://cf.bstatic.com/xdata/images/hotel/square240/847501063.webp?k=29f51acb5bfe91169754bfaf22fdd417e80b2139f3d16eeff3f6f9985be05a71&o=,4,Shorkot
5 Marla 3 beds upto 8 Guest,https://www.booking.com/hotel/pk/5-marla-3-beds-upto-8-guest-lahore.en-gb.html?aid=304142&label=gen173nr-10CAQoggJCCmNpdHlfMzU1NzVICVgEaLUBiAEBmAEzuAEHyAEM2AED6AEB-AEBiAIBqAIBuALAkcLTBsACAdICJGZkNjZkNGNmLTNhZGQtNDIyYS04YWIwLTdkZGFkMjg0NzdlMdgCAeACAQ&ucfs=1&arphpl=1&checkin=2026-08-06&checkout=2026-08-07&dest_id=35575&dest_type=city&group_adults=2&req_adults=2&no_rooms=1&group_children=0&req_children=0&hpos=24&hapos=347&sr_order=popularity&srpvid=3fbf57600a54002b&srepoch=1785759977&all_sr_blocks=1542814201_425636514_8_0_0&highlighted_blocks=1542814201_425636514_8_0_0&matching_block_id=1542814201_425636514_8_0_0&sr_pri_blocks=1542814201_425636514_8_0_0__2000000&from=searchresults,20000,,,Lahore,16.0,Three-Bedroom Villa,"5 beds (1 double, 2 extra-large doubles, 2 sofa beds)",0,1,1,https://cf.bstatic.com/xdata/images/hotel/square240/790117292.webp?k=09a35c28cef4db705b41ac934db267cd0c55b358d8f97599ed366fe5e941342d&o=,4,Shorkot
The Peace Pad,https://www.booking.com/hotel/pk/the-peace-pad.en-gb.html?aid=304142&label=gen173nr-10CAQoggJCCmNpdHlfMzU1NzVICVgEaLUBiAEBmAEzuAEHyAEM2AED6AEB-AEBiAIBqAIBuALAkcLTBsACAdICJGZkNjZkNGNmLTNhZGQtNDIyYS04YWIwLTdkZGFkMjg0NzdlMdgCAeACAQ&ucfs=1&arphpl=1&checkin=2026-08-06&checkout=2026-08-07&dest_id=35575&dest_type=city&group_adults=2&req_adults=2&no_rooms=1&group_children=0&req_children=0&hpos=25&hapos=348&sr_order=popularity&srpvid=3fbf57600a54002b&srepoch=1785759977&all_sr_blocks=1473721101_418697905_3_0_0&highlighted_blocks=1473721101_418697905_3_0_0&matching_block_id=1473721101_418697905_3_0_0&sr_pri_blocks=1473721101_418697905_3_0_0__1000000&from=searchresults,10000,,,Lahore,18.7,One-Bedroom Apartment,"2 beds (1 double, 1 sofa bed)",0,1,1,https://cf.bstatic.com/xdata/images/hotel/square240/728917525.webp?k=14ea82d1a65c60f2399279bb643474b955e7aba1e8dfb9e73410073a3a827958&o=,4,Shorkot
Spacious 1BR Near Eiffel Tower,https://www.booking.com/hotel/pk/spacious-1br-near-eiffel-tower.en-gb.html?aid=304142&label=gen173nr-10CAQoggJCCmNpdHlfMzU1NzVICVgEaLUBiAEBmAEzuAEHyAEM2AED6AEB-AEBiAIBqAIBuALAkcLTBsACAdICJGZkNjZkNGNmLTNhZGQtNDIyYS04YWIwLTdkZGFkMjg0NzdlMdgCAeACAQ&ucfs=1&arphpl=1&checkin=2026-08-06&checkout=2026-08-07&dest_id=35575&dest_type=city&group_adults=2&req_adults=2&no_rooms=1&group_children=0&req_children=0&hpos=1&hapos=349&sr_order=popularity&srpvid=3fbf57600a54002b&srepoch=1785759980&all_sr_blocks=1320475601_405014933_2_0_0&highlighted_blocks=1320475601_405014933_2_0_0&matching_block_id=1320475601_405014933_2_0_0&sr_pri_blocks=1320475601_405014933_2_0_0__759000&from=searchresults,7590,,,Lahore,15.3,One-Bedroom Apartment,1 double bed,0,1,0,https://cf.bstatic.com/xdata/images/hotel/square240/634733763.webp?k=a255b124a6c0ea677089581f9a639106522034186d60d2f5475cb8d74b3b7679&o=,12,Shorkot
Tranquil Loft Apartment 1BR,https://www.booking.com/hotel/pk/tranquil-loft-apartment-1br.en-gb.html?aid=304142&label=gen173nr-10CAQoggJCCmNpdHlfMzU1NzVICVgEaLUBiAEBmAEzuAEHyAEM2AED6AEB-AEBiAIBqAIBuALAkcLTBsACAdICJGZkNjZkNGNmLTNhZGQtNDIyYS04YWIwLTdkZGFkMjg0NzdlMdgCAeACAQ&ucfs=1&arphpl=1&checkin=2026-08-06&checkout=2026-08-07&dest_id=35575&dest_type=city&group_adults=2&req_adults=2&no_rooms=1&group_children=0&req_children=0&hpos=2&hapos=350&sr_order=popularity&srpvid=3fbf57600a54002b&srepoch=1785759980&all_sr_blocks=1320471901_405015216_2_0_0&highlighted_blocks=1320471901_405015216_2_0_0&matching_block_id=1320471901_405015216_2_0_0&sr_pri_blocks=1320471901_405015216_2_0_0__880000&from=searchresults,8800,,,Lahore,15.3,One-Bedroom Apartment,1 double bed,0,1,0,https://cf.bstatic.com/xdata/images/hotel/square240/622183212.webp?k=b39b31c3a0c78cb9f19eea84b23345d720498ebb2843cae640c3c4ba68485b3f&o=,12,Shorkot
Theaurasuite,https://www.booking.com/hotel/pk/theaurasuite.en-gb.html?aid=304142&label=gen173nr-10CAQoggJCCmNpdHlfMzU1NzVICVgEaLUBiAEBmAEzuAEHyAEM2AED6AEB-AEBiAIBqAIBuALAkcLTBsACAdICJGZkNjZkNGNmLTNhZGQtNDIyYS04YWIwLTdkZGFkMjg0NzdlMdgCAeACAQ&ucfs=1&arphpl=1&checkin=2026-08-06&checkout=2026-08-07&dest_id=35575&dest_type=city&group_adults=2&req_adults=2&no_rooms=1&group_children=0&req_children=0&hpos=3&hapos=351&sr_order=popularity&srpvid=3fbf57600a54002b&srepoch=1785759980&all_sr_blocks=1661306901_438018596_6_0_0&highlighted_blocks=1661306901_438018596_6_0_0&matching_block_id=1661306901_438018596_6_0_0&sr_pri_blocks=1661306901_438018596_6_0_0__1760000&from=searchresults,17600,,,Lahore,18.7,One-Bedroom Apartment,"5 beds (2 doubles, 3 sofa beds)",0,1,1,https://cf.bstatic.com/xdata/images/hotel/square240/879839079.webp?k=178dd596fcbcd2279b2f11717eda79197f67cd47222d79f29e5f2b03adf8a88b&o=,5,Shorkot
Eiffel Luxora Daisy one bed,https://www.booking.com/hotel/pk/eiffel-luxora-daisy-one-bed.en-gb.html?aid=304142&label=gen173nr-10CAQoggJCCmNpdHlfMzU1NzVICVgEaLUBiAEBmAEzuAEHyAEM2AED6AEB-AEBiAIBqAIBuALAkcLTBsACAdICJGZkNjZkNGNmLTNhZGQtNDIyYS04YWIwLTdkZGFkMjg0NzdlMdgCAeACAQ&ucfs=1&arphpl=1&checkin=2026-08-06&checkout=2026-08-07&dest_id=35575&dest_type=city&group_adults=2&req_adults=2&no_rooms=1&group_children=0&req_children=0&hpos=4&hapos=352&sr_order=popularity&srpvid=3fbf57600a54002b&srepoch=1785759980&all_sr_blocks=1492929801_420937006_3_0_0&highlighted_blocks=1492929801_420937006_3_0_0&matching_block_id=1492929801_420937006_3_0_0&sr_pri_blocks=1492929801_420937006_3_0_0__1000000&from=searchresults,10000,,,Lahore,15.3,One-Bedroom Apartment,1 double bed,0,1,1,https://cf.bstatic.com/xdata/images/hotel/square240/746218515.webp?k=8dc42fd63cbcbce5df1628421ec36b2a8c3700bcf2dd3368de792680ac647f6f&o=,4,Shorkot
Effiel facing Luxury Apartment,https://www.booking.com/hotel/pk/effiel-facing-luxury-apartment.en-gb.html?aid=304142&label=gen173nr-10CAQoggJCCmNpdHlfMzU1NzVICVgEaLUBiAEBmAEzuAEHyAEM2AED6AEB-AEBiAIBqAIBuALAkcLTBsACAdICJGZkNjZkNGNmLTNhZGQtNDIyYS04YWIwLTdkZGFkMjg0NzdlMdgCAeACAQ&ucfs=1&arphpl=1&checkin=2026-08-06&checkout=2026-08-07&dest_id=35575&dest_type=city&group_adults=2&req_adults=2&no_rooms=1&group_children=0&req_children=0&hpos=5&hapos=353&sr_order=popularity&srpvid=3fbf57600a54002b&srepoch=1785759980&all_sr_blocks=1583880201_429496472_3_0_0&highlighted_blocks=1583880201_429496472_3_0_0&matching_block_id=1583880201_429496472_3_0_0&sr_pri_blocks=1583880201_429496472_3_0_0__800000&from=searchresults,8000,,,Lahore,15.2,Two-Bedroom Apartment,"3 beds (2 doubles, 1 sofa bed)",0,1,1,https://cf.bstatic.com/xdata/images/hotel/square240/825770142.webp?k=47c8e036a6bcb75bf058e39bfea03488757af873e178e621bf3ebade06cb1ab3&o=,4,Shorkot
Al Hadi property,https://www.booking.com/hotel/pk/al-hadi-property.en-gb.html?aid=304142&label=gen173nr-10CAQoggJCCmNpdHlfMzU1NzVICVgEaLUBiAEBmAEzuAEHyAEM2AED6AEB-AEBiAIBqAIBuALAkcLTBsACAdICJGZkNjZkNGNmLTNhZGQtNDIyYS04YWIwLTdkZGFkMjg0NzdlMdgCAeACAQ&ucfs=1&arphpl=1&checkin=2026-08-06&checkout=2026-08-07&dest_id=35575&dest_type=city&group_adults=2&req_adults=2&no_rooms=1&group_children=0&req_children=0&hpos=6&hapos=354&sr_order=popularity&srpvid=3fbf57600a54002b&srepoch=1785759980&all_sr_blocks=1422296301_413850485_2_0_0&highlighted_blocks=1422296301_413850485_2_0_0&matching_block_id=1422296301_413850485_2_0_0&sr_pri_blocks=1422296301_413850485_2_0_0__900000&from=searchresults,9000,,,Lahore,15.3,One-Bedroom Apartment,1 double bed,0,1,1,https://cf.bstatic.com/xdata/images/hotel/square240/687668360.webp?k=396f711e07d4d001f1acebf8ea41e7d6aa49f55e59cf23a73f273be1f0ce3272&o=,4,Shorkot
Dark theme Starlight Studio 1 Bed Pool Wifi,https://www.booking.com/hotel/pk/dark-theme-starlight-studio-1-bed-pool-wifi.en-gb.html?aid=304142&label=gen173nr-10CAQoggJCCmNpdHlfMzU1NzVICVgEaLUBiAEBmAEzuAEHyAEM2AED6AEB-AEBiAIBqAIBuALAkcLTBsACAdICJGZkNjZkNGNmLTNhZGQtNDIyYS04YWIwLTdkZGFkMjg0NzdlMdgCAeACAQ&ucfs=1&arphpl=1&checkin=2026-08-06&checkout=2026-08-07&dest_id=35575&dest_type=city&group_adults=2&req_adults=2&no_rooms=1&group_children=0&req_children=0&hpos=7&hapos=355&sr_order=popularity&srpvid=3fbf57600a54002b&srepoch=1785759980&all_sr_blocks=1623302201_433089962_3_0_0&highlighted_blocks=1623302201_433089962_3_0_0&matching_block_id=1623302201_433089962_3_0_0&sr_pri_blocks=1623302201_433089962_3_0_0__1000000&from=searchresults,10000,,,Lahore,18.7,One-Bedroom Apartment,1 double bed,0,1,1,https://cf.bstatic.com/xdata/images/hotel/square240/857550098.webp?k=798f67f09c3dfc8976b919f4083a1a51a39e63f3e0e692327c9e24f0e2da6a87&o=,4,Shorkot
The Smart Stay,https://www.booking.com/hotel/pk/the-smart-stay.en-gb.html?aid=304142&label=gen173nr-10CAQoggJCCmNpdHlfMzU1NzVICVgEaLUBiAEBmAEzuAEHyAEM2AED6AEB-AEBiAIBqAIBuALAkcLTBsACAdICJGZkNjZkNGNmLTNhZGQtNDIyYS04YWIwLTdkZGFkMjg0NzdlMdgCAeACAQ&ucfs=1&arphpl=1&checkin=2026-08-06&checkout=2026-08-07&dest_id=35575&dest_type=city&group_adults=2&req_adults=2&no_rooms=1&group_children=0&req_children=0&hpos=8&hapos=356&sr_order=popularity&srpvid=3fbf57600a54002b&srepoch=1785759980&all_sr_blocks=1633000501_433779800_2_0_0&highlighted_blocks=1633000501_433779800_2_0_0&matching_block_id=1633000501_433779800_2_0_0&sr_pri_blocks=1633000501_433779800_2_0_0__560000&from=searchresults,5600,,,Lahore,15.0,One-Bedroom Apartment,1 double bed,0,1,1,https://cf.bstatic.com/xdata/images/hotel/square240/862959110.webp?k=499603a3304548d3afb067d06cbbf5cd40028861cb4151b24055c4df4685fee9&o=,5,Shorkot
Skyline Opal Suites Zameen Opal,https://www.booking.com/hotel/pk/skyline-opal-suites-zameen-opal.en-gb.html?aid=304142&label=gen173nr-10CAQoggJCCmNpdHlfMzU1NzVICVgEaLUBiAEBmAEzuAEHyAEM2AED6AEB-AEBiAIBqAIBuALAkcLTBsACAdICJGZkNjZkNGNmLTNhZGQtNDIyYS04YWIwLTdkZGFkMjg0NzdlMdgCAeACAQ&ucfs=1&arphpl=1&checkin=2026-08-06&checkout=2026-08-07&dest_id=35575&dest_type=city&group_adults=2&req_adults=2&no_rooms=1&group_children=0&req_children=0&hpos=9&hapos=357&sr_order=popularity&srpvid=3fbf57600a54002b&srepoch=1785759980&all_sr_blocks=1643720901_434521060_7_0_0&highlighted_blocks=1643720901_434521060_7_0_0&matching_block_id=1643720901_434521060_7_0_0&sr_pri_blocks=1643720901_434521060_7_0_0__1600000&from=searchresults,16000,,,Lahore,18.7,One-Bedroom Apartment,"4 beds (3 doubles, 1 sofa bed)",0,1,1,https://cf.bstatic.com/xdata/images/hotel/square240/868858145.webp?k=1aedca1c30495421f5f584df20b86e83cd8635e04f1c1e5d222e4e5061c6aed1&o=,4,Shorkot
Moonlit Cinema Suite,https://www.booking.com/hotel/pk/moonlit-cinema-suite.en-gb.html?aid=304142&label=gen173nr-10CAQoggJCCmNpdHlfMzU1NzVICVgEaLUBiAEBmAEzuAEHyAEM2AED6AEB-AEBiAIBqAIBuALAkcLTBsACAdICJGZkNjZkNGNmLTNhZGQtNDIyYS04YWIwLTdkZGFkMjg0NzdlMdgCAeACAQ&ucfs=1&arphpl=1&checkin=2026-08-06&checkout=2026-08-07&dest_id=35575&dest_type=city&group_adults=2&req_adults=2&no_rooms=1&group_children=0&req_children=0&hpos=10&hapos=358&sr_order=popularity&srpvid=3fbf57600a54002b&srepoch=1785759980&all_sr_blocks=1585595601_429681642_4_0_0&highlighted_blocks=1585595601_429681642_4_0_0&matching_block_id=1585595601_429681642_4_0_0&sr_pri_blocks=1585595601_429681642_4_0_0__1800000&from=searchresults,18000,,,Lahore,15.1,One-Bedroom Apartment,1 double bed,0,1,1,https://cf.bstatic.com/xdata/images/hotel/square240/826602747.webp?k=6957ca7ee90112d6c9d33ad2b6f92b763be7420caf108d898c44935c5831b610&o=,4,Shorkot
Vantoro The starlight infinity beautiful Apartment,https://www.booking.com/hotel/pk/vantoro-the-starlight-infinity-beautiful-apartment.en-gb.html?aid=304142&label=gen173nr-10CAQoggJCCmNpdHlfMzU1NzVICVgEaLUBiAEBmAEzuAEHyAEM2AED6AEB-AEBiAIBqAIBuALAkcLTBsACAdICJGZkNjZkNGNmLTNhZGQtNDIyYS04YWIwLTdkZGFkMjg0NzdlMdgCAeACAQ&ucfs=1&arphpl=1&checkin=2026-08-06&checkout=2026-08-07&dest_id=35575&dest_type=city&group_adults=2&req_adults=2&no_rooms=1&group_children=0&req_children=0&hpos=11&hapos=359&sr_order=popularity&srpvid=3fbf57600a54002b&srepoch=1785759980&all_sr_blocks=1624670301_433192123_2_0_0&highlighted_blocks=1624670301_433192123_2_0_0&matching_block_id=1624670301_433192123_2_0_0&sr_pri_blocks=1624670301_433192123_2_0_0__1650000&from=searchresults,16500,,,Lahore,18.8,One-Bedroom Apartment,"2 beds (1 double, 1 sofa bed)",0,1,1,https://cf.bstatic.com/xdata/images/hotel/square240/858329368.webp?k=7be6926f4ada00ae9001a15edca0f6e1ea3bb06d241cfb157289d6ed1f184af5&o=,4,Shorkot
Js homes,https://www.booking.com/hotel/pk/js-homes-lahore.en-gb.html?aid=304142&label=gen173nr-10CAQoggJCCmNpdHlfMzU1NzVICVgEaLUBiAEBmAEzuAEHyAEM2AED6AEB-AEBiAIBqAIBuALAkcLTBsACAdICJGZkNjZkNGNmLTNhZGQtNDIyYS04YWIwLTdkZGFkMjg0NzdlMdgCAeACAQ&ucfs=1&arphpl=1&checkin=2026-08-06&checkout=2026-08-07&dest_id=35575&dest_type=city&group_adults=2&req_adults=2&no_rooms=1&group_children=0&req_children=0&hpos=12&hapos=360&sr_order=popularity&srpvid=3fbf57600a54002b&srepoch=1785759980&all_sr_blocks=1555783301_426712245_3_0_0&highlighted_blocks=1555783301_426712245_3_0_0&matching_block_id=1555783301_426712245_3_0_0&sr_pri_blocks=1555783301_426712245_3_0_0__1100000&from=searchresults,11000,,,Lahore,18.7,One-Bedroom Apartment,1 double bed,0,1,1,https://cf.bstatic.com/xdata/images/hotel/square240/802042983.webp?k=bdd45df147cbb5a8e5ac817b7e00a80ccbf094eac4906fba424daea72011609a&o=,4,Shorkot
Starlight suit,https://www.booking.com/hotel/pk/starlight-suit.en-gb.html?aid=304142&label=gen173nr-10CAQoggJCCmNpdHlfMzU1NzVICVgEaLUBiAEBmAEzuAEHyAEM2AED6AEB-AEBiAIBqAIBuALAkcLTBsACAdICJGZkNjZkNGNmLTNhZGQtNDIyYS04YWIwLTdkZGFkMjg0NzdlMdgCAeACAQ&ucfs=1&arphpl=1&checkin=2026-08-06&checkout=2026-08-07&dest_id=35575&dest_type=city&group_adults=2&req_adults=2&no_rooms=1&group_children=0&req_children=0&hpos=13&hapos=361&sr_order=popularity&srpvid=3fbf57600a54002b&srepoch=1785759980&all_sr_blocks=1592277801_430295506_3_0_0&highlighted_blocks=1592277801_430295506_3_0_0&matching_block_id=1592277801_430295506_3_0_0&sr_pri_blocks=1592277801_430295506_3_0_0__1550000&from=searchresults,15500,,,Lahore,15.4,One-Bedroom Apartment,"2 beds (1 double, 1 sofa bed)",0,1,1,https://cf.bstatic.com/xdata/images/hotel/square240/847906716.webp?k=0dcf56dc14dcb13888975a4882393e5deda9e9a73141bb997e9d2e56f71effe1&o=,4,Shorkot
Nishter height,https://www.booking.com/hotel/pk/nishter-height.en-gb.html?aid=304142&label=gen173nr-10CAQoggJCCmNpdHlfMzU1NzVICVgEaLUBiAEBmAEzuAEHyAEM2AED6AEB-AEBiAIBqAIBuALAkcLTBsACAdICJGZkNjZkNGNmLTNhZGQtNDIyYS04YWIwLTdkZGFkMjg0NzdlMdgCAeACAQ&ucfs=1&arphpl=1&checkin=2026-08-06&checkout=2026-08-07&dest_id=35575&dest_type=city&group_adults=2&req_adults=2&no_rooms=1&group_children=0&req_children=0&hpos=14&hapos=362&sr_order=popularity&srpvid=3fbf57600a54002b&srepoch=1785759980&all_sr_blocks=1654250101_437368088_3_0_0&highlighted_blocks=1654250101_437368088_3_0_0&matching_block_id=1654250101_437368088_3_0_0&sr_pri_blocks=1654250101_437368088_3_0_0__640000&from=searchresults,6400,,,Lahore,15.2,One-Bedroom Apartment,"2 beds (1 double, 1 sofa bed)",0,1,1,https://cf.bstatic.com/xdata/images/hotel/square240/874313419.webp?k=d679bf99091a0fc4881528a1231807749e795c65d0e84ae15433b3f66fcc0768&o=,5,Shorkot
Silver Star Heights 1 Hotel Apartments,https://www.booking.com/hotel/pk/silver-star-heights-1-apartments.en-gb.html?aid=304142&label=gen173nr-10CAQoggJCCmNpdHlfMzU1NzVICVgEaLUBiAEBmAEzuAEHyAEM2AED6AEB-AEBiAIBqAIBuALAkcLTBsACAdICJGZkNjZkNGNmLTNhZGQtNDIyYS04YWIwLTdkZGFkMjg0NzdlMdgCAeACAQ&ucfs=1&arphpl=1&checkin=2026-08-06&checkout=2026-08-07&dest_id=35575&dest_type=city&group_adults=2&req_adults=2&no_rooms=1&group_children=0&req_children=0&hpos=15&hapos=363&sr_order=popularity&srpvid=3fbf57600a54002b&srepoch=1785759980&all_sr_blocks=1451376301_416494900_2_0_0&highlighted_blocks=1451376301_416494900_2_0_0&matching_block_id=1451376301_416494900_2_0_0&sr_pri_blocks=1451376301_416494900_2_0_0__1200000&from=searchresults,12000,,,Lahore,15.3,One-Bedroom Apartment,"2 beds (1 double, 1 sofa bed)",0,1,1,https://cf.bstatic.com/xdata/images/hotel/square240/708752553.webp?k=f28e64ca195d375c85e899e0e35d4aa074fcafac8ddc04b4fca4c9e233e2104a&o=,4,Shorkot
The Luxe Loft 1BR,https://www.booking.com/hotel/pk/the-luxe-loft-1br.en-gb.html?aid=304142&label=gen173nr-10CAQoggJCCmNpdHlfMzU1NzVICVgEaLUBiAEBmAEzuAEHyAEM2AED6AEB-AEBiAIBqAIBuALAkcLTBsACAdICJGZkNjZkNGNmLTNhZGQtNDIyYS04YWIwLTdkZGFkMjg0NzdlMdgCAeACAQ&ucfs=1&arphpl=1&checkin=2026-08-06&checkout=2026-08-07&dest_id=35575&dest_type=city&group_adults=2&req_adults=2&no_rooms=1&group_children=0&req_children=0&hpos=16&hapos=364&sr_order=popularity&srpvid=3fbf57600a54002b&srepoch=1785759980&all_sr_blocks=1320431801_405015383_2_0_0&highlighted_blocks=1320431801_405015383_2_0_0&matching_block_id=1320431801_405015383_2_0_0&sr_pri_blocks=1320431801_405015383_2_0_0__880000&from=searchresults,8800,,,Lahore,15.3,One-Bedroom Apartment,1 double bed,0,1,1,https://cf.bstatic.com/xdata/images/hotel/square240/622186088.webp?k=2639211015120583c1535942a3414cb7e38890fe4f955a8996a3fe4ff2ba09c8&o=,4,Shorkot
Luxury 402 Apartment,https://www.booking.com/hotel/pk/luxury-402-apartment.en-gb.html?aid=304142&label=gen173nr-10CAQoggJCCmNpdHlfMzU1NzVICVgEaLUBiAEBmAEzuAEHyAEM2AED6AEB-AEBiAIBqAIBuALAkcLTBsACAdICJGZkNjZkNGNmLTNhZGQtNDIyYS04YWIwLTdkZGFkMjg0NzdlMdgCAeACAQ&ucfs=1&arphpl=1&checkin=2026-08-06&checkout=2026-08-07&dest_id=35575&dest_type=city&group_adults=2&req_adults=2&no_rooms=1&group_children=0&req_children=0&hpos=17&hapos=365&sr_order=popularity&srpvid=3fbf57600a54002b&srepoch=1785759980&all_sr_blocks=1654332601_437373768_2_0_0&highlighted_blocks=1654332601_437373768_2_0_0&matching_block_id=1654332601_437373768_2_0_0&sr_pri_blocks=1654332601_437373768_2_0_0__900000&from=searchresults,9000,,,Lahore,15.1,One-Bedroom Apartment,1 large double bed,0,1,1,https://cf.bstatic.com/xdata/images/hotel/square240/874350768.webp?k=78289aac74dbbeeb531024f59a7ba20a22f3133b8c32deb3bee52069e67e3907&o=,4,Shorkot
Zameen opal lahore,https://www.booking.com/hotel/pk/zameen-opal-lahore-lahore3.en-gb.html?aid=304142&label=gen173nr-10CAQoggJCCmNpdHlfMzU1NzVICVgEaLUBiAEBmAEzuAEHyAEM2AED6AEB-AEBiAIBqAIBuALAkcLTBsACAdICJGZkNjZkNGNmLTNhZGQtNDIyYS04YWIwLTdkZGFkMjg0NzdlMdgCAeACAQ&ucfs=1&arphpl=1&checkin=2026-08-06&checkout=2026-08-07&dest_id=35575&dest_type=city&group_adults=2&req_adults=2&no_rooms=1&group_children=0&req_children=0&hpos=18&hapos=366&sr_order=popularity&srpvid=3fbf57600a54002b&srepoch=1785759980&all_sr_blocks=1618841401_432710550_2_0_0&highlighted_blocks=1618841401_432710550_2_0_0&matching_block_id=1618841401_432710550_2_0_0&sr_pri_blocks=1618841401_432710550_2_0_0__1300000&from=searchresults,13000,,,Lahore,18.7,One-Bedroom Apartment,1 double bed,0,1,1,https://cf.bstatic.com/xdata/images/hotel/square240/854093574.webp?k=9c298a436f4741140e0bbc58daa56516f2a12ed58b63717aee2f17d862808148&o=,4,Shorkot
1 BHK Apartment in Bahria Town Lahore for families and working professionals,https://www.booking.com/hotel/pk/1-bhk-apartment-in-bahria-town-lahore-for-families-and-working-professionals.en-gb.html?aid=304142&label=gen173nr-10CAQoggJCCmNpdHlfMzU1NzVICVgEaLUBiAEBmAEzuAEHyAEM2AED6AEB-AEBiAIBqAIBuALAkcLTBsACAdICJGZkNjZkNGNmLTNhZGQtNDIyYS04YWIwLTdkZGFkMjg0NzdlMdgCAeACAQ&ucfs=1&arphpl=1&checkin=2026-08-06&checkout=2026-08-07&dest_id=35575&dest_type=city&group_adults=2&req_adults=2&no_rooms=1&group_children=0&req_children=0&hpos=19&hapos=367&sr_order=popularity&srpvid=3fbf57600a54002b&srepoch=1785759980&all_sr_blocks=1633454001_433812905_5_0_0&highlighted_blocks=1633454001_433812905_5_0_0&matching_block_id=1633454001_433812905_5_0_0&sr_pri_blocks=1633454001_433812905_5_0_0__720000&from=searchresults,7200,,,Lahore,15.2,One-Bedroom Apartment,"4 beds (1 double, 1 sofa bed, 2 futons)",0,1,1,https://cf.bstatic.com/xdata/images/hotel/square240/863163635.webp?k=bc90c81ff185116d6a92fe68a3adff9f164a58a5d97a20476b546c32b3c4d75f&o=,5,Shorkot
Premium Suites,https://www.booking.com/hotel/pk/premium-suites-lahore.en-gb.html?aid=304142&label=gen173nr-10CAQoggJCCmNpdHlfMzU1NzVICVgEaLUBiAEBmAEzuAEHyAEM2AED6AEB-AEBiAIBqAIBuALAkcLTBsACAdICJGZkNjZkNGNmLTNhZGQtNDIyYS04YWIwLTdkZGFkMjg0NzdlMdgCAeACAQ&ucfs=1&arphpl=1&checkin=2026-08-06&checkout=2026-08-07&dest_id=35575&dest_type=city&group_adults=2&req_adults=2&no_rooms=1&group_children=0&req_children=0&hpos=20&hapos=368&sr_order=popularity&srpvid=3fbf57600a54002b&srepoch=1785759980&all_sr_blocks=1618921401_432722909_2_2_0&highlighted_blocks=1618921401_432722909_2_2_0&matching_block_id=1618921401_432722909_2_2_0&sr_pri_blocks=1618921401_432722909_2_2_0__1100000&from=searchresults,11000,,,Lahore,15.2,One-Bedroom Apartment,"2 beds (1 single, 1 sofa bed)",0,1,1,https://cf.bstatic.com/xdata/images/hotel/square240/854222720.webp?k=41cc16f406c5345109fd8e4df3bf5949b0fc21f3c3db2c43f5032b523c298d42&o=,4,Shorkot
Dawood Apartments Bahria Lahore,https://www.booking.com/hotel/pk/dawood-apartments-bahria-lahore.en-gb.html?aid=304142&label=gen173nr-10CAQoggJCCmNpdHlfMzU1NzVICVgEaLUBiAEBmAEzuAEHyAEM2AED6AEB-AEBiAIBqAIBuALAkcLTBsACAdICJGZkNjZkNGNmLTNhZGQtNDIyYS04YWIwLTdkZGFkMjg0NzdlMdgCAeACAQ&ucfs=1&arphpl=1&checkin=2026-08-06&checkout=2026-08-07&dest_id=35575&dest_type=city&group_adults=2&req_adults=2&no_rooms=1&group_children=0&req_children=0&hpos=21&hapos=369&sr_order=popularity&srpvid=3fbf57600a54002b&srepoch=1785759980&all_sr_blocks=1620534101_432875017_4_0_0&highlighted_blocks=1620534101_432875017_4_0_0&matching_block_id=1620534101_432875017_4_0_0&sr_pri_blocks=1620534101_432875017_4_0_0__700000&from=searchresults,7000,1.0,1.0,Lahore,16.1,One-Bedroom Apartment,1 double bed,0,1,1,https://cf.bstatic.com/xdata/images/hotel/square240/855766024.webp?k=e1acb4aadd0bb5d25712db89586c4dccbdc1a209b49333d3941396f909a851c8&o=,4,Shorkot
Cozy Apartment Near Eiffel Tower,https://www.booking.com/hotel/pk/cozy-apartment-near-effil-tower.en-gb.html?aid=304142&label=gen173nr-10CAQoggJCCmNpdHlfMzU1NzVICVgEaLUBiAEBmAEzuAEHyAEM2AED6AEB-AEBiAIBqAIBuALAkcLTBsACAdICJGZkNjZkNGNmLTNhZGQtNDIyYS04YWIwLTdkZGFkMjg0NzdlMdgCAeACAQ&ucfs=1&arphpl=1&checkin=2026-08-06&checkout=2026-08-07&dest_id=35575&dest_type=city&group_adults=2&req_adults=2&no_rooms=1&group_children=0&req_children=0&hpos=22&hapos=370&sr_order=popularity&srpvid=3fbf57600a54002b&srepoch=1785759980&all_sr_blocks=1473699901_418695061_3_0_0&highlighted_blocks=1473699901_418695061_3_0_0&matching_block_id=1473699901_418695061_3_0_0&sr_pri_blocks=1473699901_418695061_3_0_0__700000&from=searchresults,7000,,,Lahore,15.4,One-Bedroom Apartment,"2 beds (1 double, 1 sofa bed)",0,1,1,https://cf.bstatic.com/xdata/images/hotel/square240/728907527.webp?k=f40acdd436db8a78103f20397f18238ad0f1ed95ff5548c739a53bc5e8cc5626&o=,4,Shorkot
The Comfort Cove Zameen Opal,https://www.booking.com/hotel/pk/the-cozy-corner-lahore.en-gb.html?aid=304142&label=gen173nr-10CAQoggJCCmNpdHlfMzU1NzVICVgEaLUBiAEBmAEzuAEHyAEM2AED6AEB-AEBiAIBqAIBuALAkcLTBsACAdICJGZkNjZkNGNmLTNhZGQtNDIyYS04YWIwLTdkZGFkMjg0NzdlMdgCAeACAQ&ucfs=1&arphpl=1&checkin=2026-08-06&checkout=2026-08-07&dest_id=35575&dest_type=city&group_adults=2&req_adults=2&no_rooms=1&group_children=0&req_children=0&hpos=23&hapos=371&sr_order=popularity&srpvid=3fbf57600a54002b&srepoch=1785759980&all_sr_blocks=1582305401_429345293_0_0_0_1357089&highlighted_blocks=1582305401_429345293_0_0_0_1357089&matching_block_id=1582305401_429345293_0_0_0_1357089&sr_pri_blocks=1582305401_429345293_0_0_0_1357089_1599900&from=searchresults,15999,,,Lahore,18.7,Two-Bedroom Apartment,2 double beds,0,1,1,https://cf.bstatic.com/xdata/images/hotel/square240/824971379.webp?k=fd7f2be6f10bace9f07e3db981348dc1d6ff8c22717ee7c82c4559102bc69c00&o=,4,Shorkot
Luxe Apartments,https://www.booking.com/hotel/pk/luxe-apartments-lahore.en-gb.html?aid=304142&label=gen173nr-10CAQoggJCCmNpdHlfMzU1NzVICVgEaLUBiAEBmAEzuAEHyAEM2AED6AEB-AEBiAIBqAIBuALAkcLTBsACAdICJGZkNjZkNGNmLTNhZGQtNDIyYS04YWIwLTdkZGFkMjg0NzdlMdgCAeACAQ&ucfs=1&arphpl=1&checkin=2026-08-06&checkout=2026-08-07&dest_id=35575&dest_type=city&group_adults=2&req_adults=2&no_rooms=1&group_children=0&req_children=0&hpos=24&hapos=372&sr_order=popularity&srpvid=3fbf57600a54002b&srepoch=1785759980&all_sr_blocks=1491509601_420804650_4_0_0&highlighted_blocks=1491509601_420804650_4_0_0&matching_block_id=1491509601_420804650_4_0_0&sr_pri_blocks=1491509601_420804650_4_0_0__850000&from=searchresults,8500,,,Lahore,15.4,One-Bedroom Apartment,1 large double bed,0,1,1,https://cf.bstatic.com/xdata/images/hotel/square240/744753925.webp?k=cb0d43fe27cc1e6971547049dd6153b12f0d7d9d63c233c788b37cb67d3052f5&o=,4,Shorkot
Two rooms 10 Marla portion near Talwarc,https://www.booking.com/hotel/pk/two-rooms-10-marla-portion-near-talwarc.en-gb.html?aid=304142&label=gen173nr-10CAQoggJCCmNpdHlfMzU1NzVICVgEaLUBiAEBmAEzuAEHyAEM2AED6AEB-AEBiAIBqAIBuALAkcLTBsACAdICJGZkNjZkNGNmLTNhZGQtNDIyYS04YWIwLTdkZGFkMjg0NzdlMdgCAeACAQ&ucfs=1&arphpl=1&checkin=2026-08-06&checkout=2026-08-07&dest_id=35575&dest_type=city&group_adults=2&req_adults=2&no_rooms=1&group_children=0&req_children=0&hpos=25&hapos=373&sr_order=popularity&srpvid=3fbf57600a54002b&srepoch=1785759980&all_sr_blocks=1475017301_418922190_4_0_0&highlighted_blocks=1475017301_418922190_4_0_0&matching_block_id=1475017301_418922190_4_0_0&sr_pri_blocks=1475017301_418922190_4_0_0__1600000&from=searchresults,16000,,,Lahore,15.2,One-Bedroom Apartment,"3 beds (1 double, 1 sofa bed, 1 large double)",0,1,1,https://cf.bstatic.com/xdata/images/hotel/square240/730312668.webp?k=ac96b4ed968f5a18a491f60b077b931519e15677000d3d36de95192a2da88bea&o=,4,Shorkot
Condo Near Eiffel Tower,https://www.booking.com/hotel/pk/condo-near-eiffel-tower.en-gb.html?aid=304142&label=gen173nr-10CAQoggJCCmNpdHlfMzU1NzVICVgEaLUBiAEBmAEzuAEHyAEM2AED6AEB-AEBiAIBqAIBuALAkcLTBsACAdICJGZkNjZkNGNmLTNhZGQtNDIyYS04YWIwLTdkZGFkMjg0NzdlMdgCAeACAQ&ucfs=1&arphpl=1&checkin=2026-08-06&checkout=2026-08-07&dest_id=35575&dest_type=city&group_adults=2&req_adults=2&no_rooms=1&group_children=0&req_children=0&hpos=1&hapos=374&sr_order=popularity&srpvid=3fbf57600a54002b&srepoch=1785759983&all_sr_blocks=1320462501_405015238_2_0_0&highlighted_blocks=1320462501_405015238_2_0_0&matching_block_id=1320462501_405015238_2_0_0&sr_pri_blocks=1320462501_405015238_2_0_0__814000&from=searchresults,8140,,,Lahore,15.3,One-Bedroom Apartment,1 double bed,0,1,0,https://cf.bstatic.com/xdata/images/hotel/square240/622177239.webp?k=99066aa6cbcc699a5ec5869d0fbfa9c0c9d2a266590900cafbbe3bacaa77d289&o=,12,Shorkot
Eiffel Escape Stylish 1BR with Tower Views,https://www.booking.com/hotel/pk/eiffel-escape-stylish-1br-with-tower-views.en-gb.html?aid=304142&label=gen173nr-10CAQoggJCCmNpdHlfMzU1NzVICVgEaLUBiAEBmAEzuAEHyAEM2AED6AEB-AEBiAIBqAIBuALAkcLTBsACAdICJGZkNjZkNGNmLTNhZGQtNDIyYS04YWIwLTdkZGFkMjg0NzdlMdgCAeACAQ&ucfs=1&arphpl=1&checkin=2026-08-06&checkout=2026-08-07&dest_id=35575&dest_type=city&group_adults=2&req_adults=2&no_rooms=1&group_children=0&req_children=0&hpos=2&hapos=375&sr_order=popularity&srpvid=3fbf57600a54002b&srepoch=1785759983&all_sr_blocks=1480445601_419508215_3_0_0&highlighted_blocks=1480445601_419508215_3_0_0&matching_block_id=1480445601_419508215_3_0_0&sr_pri_blocks=1480445601_419508215_3_0_0__700000&from=searchresults,7000,,,Lahore,15.3,One-Bedroom Apartment,"2 beds (1 double, 1 sofa bed)",0,1,1,https://cf.bstatic.com/xdata/images/hotel/square240/735153060.webp?k=db7fd1defb53d00b2c41e4ec239991ee6937ba20fbfcba45b88de377a7ae1bd1&o=,4,Shorkot
Chic 2BR Apartment Retreat,https://www.booking.com/hotel/pk/chic-2br-apartment-retreat.en-gb.html?aid=304142&label=gen173nr-10CAQoggJCCmNpdHlfMzU1NzVICVgEaLUBiAEBmAEzuAEHyAEM2AED6AEB-AEBiAIBqAIBuALAkcLTBsACAdICJGZkNjZkNGNmLTNhZGQtNDIyYS04YWIwLTdkZGFkMjg0NzdlMdgCAeACAQ&ucfs=1&arphpl=1&checkin=2026-08-06&checkout=2026-08-07&dest_id=35575&dest_type=city&group_adults=2&req_adults=2&no_rooms=1&group_children=0&req_children=0&hpos=3&hapos=376&sr_order=popularity&srpvid=3fbf57600a54002b&srepoch=1785759983&all_sr_blocks=1413007501_413041965_2_0_0&highlighted_blocks=1413007501_413041965_2_0_0&matching_block_id=1413007501_413041965_2_0_0&sr_pri_blocks=1413007501_413041965_2_0_0__1120000&from=searchresults,11200,,,Lahore,15.1,One-Bedroom Apartment,"3 beds (2 doubles, 1 sofa bed)",0,1,1,https://cf.bstatic.com/xdata/images/hotel/square240/681815463.webp?k=3f11be0ab400d7ef151222c3742d6046bfa2bc9f33a3dc7569631ba69de59c1c&o=,4,Shorkot
One Bedroom Apartment in Bahria Town Lahore,https://www.booking.com/hotel/pk/one-bedroom-apartment-in-bahria-town-lahore.en-gb.html?aid=304142&label=gen173nr-10CAQoggJCCmNpdHlfMzU1NzVICVgEaLUBiAEBmAEzuAEHyAEM2AED6AEB-AEBiAIBqAIBuALAkcLTBsACAdICJGZkNjZkNGNmLTNhZGQtNDIyYS04YWIwLTdkZGFkMjg0NzdlMdgCAeACAQ&ucfs=1&arphpl=1&checkin=2026-08-06&checkout=2026-08-07&dest_id=35575&dest_type=city&group_adults=2&req_adults=2&no_rooms=1&group_children=0&req_children=0&hpos=4&hapos=377&sr_order=popularity&srpvid=3fbf57600a54002b&srepoch=1785759983&all_sr_blocks=1669055801_438714627_2_0_0&highlighted_blocks=1669055801_438714627_2_0_0&matching_block_id=1669055801_438714627_2_0_0&sr_pri_blocks=1669055801_438714627_2_0_0__516800&from=searchresults,5168,,,Lahore,15.4,One-Bedroom Apartment,"2 beds (1 sofa bed, 1 large double)",0,1,1,https://cf.bstatic.com/xdata/images/hotel/square240/884395959.webp?k=2a990aa6611ca0379f341e7abe730c51f6ad29f8661b66eea43ca75759e08f32&o=,5,Shorkot
mate live,https://www.booking.com/hotel/pk/mate-live.en-gb.html?aid=304142&label=gen173nr-10CAQoggJCCmNpdHlfMzU1NzVICVgEaLUBiAEBmAEzuAEHyAEM2AED6AEB-AEBiAIBqAIBuALAkcLTBsACAdICJGZkNjZkNGNmLTNhZGQtNDIyYS04YWIwLTdkZGFkMjg0NzdlMdgCAeACAQ&ucfs=1&arphpl=1&checkin=2026-08-06&checkout=2026-08-07&dest_id=35575&dest_type=city&group_adults=2&req_adults=2&no_rooms=1&group_children=0&req_children=0&hpos=5&hapos=378&sr_order=popularity&srpvid=3fbf57600a54002b&srepoch=1785759983&all_sr_blocks=1490149101_420677803_1_0_0%2C1490149101_420677803_1_0_0&highlighted_blocks=1490149101_420677803_1_0_0%2C1490149101_420677803_1_0_0&matching_block_id=1490149101_420677803_1_0_0&sr_pri_blocks=1490149101_420677803_1_0_0__1200000%2C1490149101_420677803_1_0_0__1200000&from=searchresults,24000,,,Lahore,15.2,One-Bedroom Apartment,2 single beds,0,1,1,https://cf.bstatic.com/xdata/images/hotel/square240/743421856.webp?k=a20ba4aa882ebe371f5c0b39a59fa6428d3ecc72bb04f87c743f9dbda9bd477f&o=,4,Shorkot
Gold Swiss Suites Bahria Town Lahore,https://www.booking.com/hotel/pk/gold-swiss-suites-bahria-town-lahore.en-gb.html?aid=304142&label=gen173nr-10CAQoggJCCmNpdHlfMzU1NzVICVgEaLUBiAEBmAEzuAEHyAEM2AED6AEB-AEBiAIBqAIBuALAkcLTBsACAdICJGZkNjZkNGNmLTNhZGQtNDIyYS04YWIwLTdkZGFkMjg0NzdlMdgCAeACAQ&ucfs=1&arphpl=1&checkin=2026-08-06&checkout=2026-08-07&dest_id=35575&dest_type=city&group_adults=2&req_adults=2&no_rooms=1&group_children=0&req_children=0&hpos=6&hapos=379&sr_order=popularity&srpvid=3fbf57600a54002b&srepoch=1785759983&all_sr_blocks=1549681701_426188515_2_0_0&highlighted_blocks=1549681701_426188515_2_0_0&matching_block_id=1549681701_426188515_2_0_0&sr_pri_blocks=1549681701_426188515_2_0_0__800000&from=searchresults,8000,,,Lahore,15.3,One-Bedroom Apartment,1 double bed,0,1,1,https://cf.bstatic.com/xdata/images/hotel/square240/826209236.webp?k=a4332daafdaa157a17797fa25ba7a944c002f9d6c541049d4aa56e6667011045&o=,4,Shorkot
1 bed couple friendly penthouse 502,https://www.booking.com/hotel/pk/1-bed-couple-friendly-penthouse-502.en-gb.html?aid=304142&label=gen173nr-10CAQoggJCCmNpdHlfMzU1NzVICVgEaLUBiAEBmAEzuAEHyAEM2AED6AEB-AEBiAIBqAIBuALAkcLTBsACAdICJGZkNjZkNGNmLTNhZGQtNDIyYS04YWIwLTdkZGFkMjg0NzdlMdgCAeACAQ&ucfs=1&arphpl=1&checkin=2026-08-06&checkout=2026-08-07&dest_id=35575&dest_type=city&group_adults=2&req_adults=2&no_rooms=1&group_children=0&req_children=0&hpos=7&hapos=380&sr_order=popularity&srpvid=3fbf57600a54002b&srepoch=1785759983&all_sr_blocks=1457552901_417099068_2_0_0&highlighted_blocks=1457552901_417099068_2_0_0&matching_block_id=1457552901_417099068_2_0_0&sr_pri_blocks=1457552901_417099068_2_0_0__716539&from=searchresults,7165,,,Lahore,15.1,One-Bedroom Apartment,1 double bed,0,1,1,https://cf.bstatic.com/xdata/images/hotel/square240/714629434.webp?k=7baee48b08d19952ddbc34232b58f598adb873f3990ca6081ddc6611edbeb31b&o=,4,Shorkot
5 Marla 3 beds upto 8 Guest,https://www.booking.com/hotel/pk/5-marla-3-beds-upto-8-guest.en-gb.html?aid=304142&label=gen173nr-10CAQoggJCCmNpdHlfMzU1NzVICVgEaLUBiAEBmAEzuAEHyAEM2AED6AEB-AEBiAIBqAIBuALAkcLTBsACAdICJGZkNjZkNGNmLTNhZGQtNDIyYS04YWIwLTdkZGFkMjg0NzdlMdgCAeACAQ&ucfs=1&arphpl=1&checkin=2026-08-06&checkout=2026-08-07&dest_id=35575&dest_type=city&group_adults=2&req_adults=2&no_rooms=1&group_children=0&req_children=0&hpos=8&hapos=381&sr_order=popularity&srpvid=3fbf57600a54002b&srepoch=1785759983&all_sr_blocks=1542765401_425632521_8_0_0&highlighted_blocks=1542765401_425632521_8_0_0&matching_block_id=1542765401_425632521_8_0_0&sr_pri_blocks=1542765401_425632521_8_0_0__2000000&from=searchresults,20000,,,Lahore,15.2,One-Bedroom Villa,"4 beds (3 extra-large doubles, 1 sofa bed)",0,1,1,https://cf.bstatic.com/xdata/images/hotel/square240/790093901.webp?k=8685cc6b03f1281b41caa6509730387dbfe911b5b00f19ed6a4a752ada24b093&o=,4,Shorkot
Al Jannat Heights Executive 1BR,https://www.booking.com/hotel/pk/al-jannat-heights-executive-1br.en-gb.html?aid=304142&label=gen173nr-10CAQoggJCCmNpdHlfMzU1NzVICVgEaLUBiAEBmAEzuAEHyAEM2AED6AEB-AEBiAIBqAIBuALAkcLTBsACAdICJGZkNjZkNGNmLTNhZGQtNDIyYS04YWIwLTdkZGFkMjg0NzdlMdgCAeACAQ&ucfs=1&arphpl=1&checkin=2026-08-06&checkout=2026-08-07&dest_id=35575&dest_type=city&group_adults=2&req_adults=2&no_rooms=1&group_children=0&req_children=0&hpos=9&hapos=382&sr_order=popularity&srpvid=3fbf57600a54002b&srepoch=1785759983&all_sr_blocks=1700486201_441702627_3_0_0&highlighted_blocks=1700486201_441702627_3_0_0&matching_block_id=1700486201_441702627_3_0_0&sr_pri_blocks=1700486201_441702627_3_0_0__673200&from=searchresults,6732,,,Lahore,15.1,One-Bedroom Apartment,"2 beds (1 sofa bed, 1 large double)",0,1,1,https://cf.bstatic.com/xdata/images/hotel/square240/902763325.webp?k=c9eac3b8e4642d4e7cbb5bcbc9eb7671af8fa0b5b46aee05c5d02f284f021934&o=,5,Shorkot
Royal Apartments,https://www.booking.com/hotel/pk/royal-apartments-lahore1.en-gb.html?aid=304142&label=gen173nr-10CAQoggJCCmNpdHlfMzU1NzVICVgEaLUBiAEBmAEzuAEHyAEM2AED6AEB-AEBiAIBqAIBuALAkcLTBsACAdICJGZkNjZkNGNmLTNhZGQtNDIyYS04YWIwLTdkZGFkMjg0NzdlMdgCAeACAQ&ucfs=1&arphpl=1&checkin=2026-08-06&checkout=2026-08-07&dest_id=35575&dest_type=city&group_adults=2&req_adults=2&no_rooms=1&group_children=0&req_children=0&hpos=10&hapos=383&sr_order=popularity&srpvid=3fbf57600a54002b&srepoch=1785759983&all_sr_blocks=1700421501_441695384_3_0_0&highlighted_blocks=1700421501_441695384_3_0_0&matching_block_id=1700421501_441695384_3_0_0&sr_pri_blocks=1700421501_441695384_3_0_0__578000&from=searchresults,5780,,,Lahore,18.7,One-Bedroom Apartment,1 double bed,0,1,1,https://cf.bstatic.com/xdata/images/hotel/square240/902731264.webp?k=7a54d1fac3045bafc742a75b7021bdff99d67df077f06e7bf954d32023da40a0&o=,5,Shorkot
Hadaya Homes Comfort Suites,https://www.booking.com/hotel/pk/hadaya-homes-comfort-suites.en-gb.html?aid=304142&label=gen173nr-10CAQoggJCCmNpdHlfMzU1NzVICVgEaLUBiAEBmAEzuAEHyAEM2AED6AEB-AEBiAIBqAIBuALAkcLTBsACAdICJGZkNjZkNGNmLTNhZGQtNDIyYS04YWIwLTdkZGFkMjg0NzdlMdgCAeACAQ&ucfs=1&arphpl=1&checkin=2026-08-06&checkout=2026-08-07&dest_id=35575&dest_type=city&group_adults=2&req_adults=2&no_rooms=1&group_children=0&req_children=0&hpos=11&hapos=384&sr_order=popularity&srpvid=3fbf57600a54002b&srepoch=1785759983&all_sr_blocks=1700236501_441673350_3_0_0&highlighted_blocks=1700236501_441673350_3_0_0&matching_block_id=1700236501_441673350_3_0_0&sr_pri_blocks=1700236501_441673350_3_0_0__637636&from=searchresults,6376,,,Lahore,19.8,One-Bedroom Apartment,"2 beds (1 sofa bed, 1 large double)",0,1,1,https://cf.bstatic.com/xdata/images/hotel/square240/902598522.webp?k=9c819a2cdd0e7249b9285dc82c0953101c7bc734738ace5981a12130ba0185f8&o=,5,Shorkot
Apartment with 2 ACs & Free Private Parking,https://www.booking.com/hotel/pk/asma-living-apartment-in-the-heart-of-rose-garden.en-gb.html?aid=304142&label=gen173nr-10CAQoggJCCmNpdHlfMzU1NzVICVgEaLUBiAEBmAEzuAEHyAEM2AED6AEB-AEBiAIBqAIBuALAkcLTBsACAdICJGZkNjZkNGNmLTNhZGQtNDIyYS04YWIwLTdkZGFkMjg0NzdlMdgCAeACAQ&ucfs=1&arphpl=1&checkin=2026-08-06&checkout=2026-08-07&dest_id=35575&dest_type=city&group_adults=2&req_adults=2&no_rooms=1&group_children=0&req_children=0&hpos=12&hapos=385&sr_order=popularity&srpvid=3fbf57600a54002b&srepoch=1785759983&all_sr_blocks=1657651801_437652512_3_0_0&highlighted_blocks=1657651801_437652512_3_0_0&matching_block_id=1657651801_437652512_3_0_0&sr_pri_blocks=1657651801_437652512_3_0_0__918000&from=searchresults,9180,6.3,7.0,Lahore,20.0,One-Bedroom Apartment,"2 beds (1 double, 1 sofa bed)",0,1,1,https://cf.bstatic.com/xdata/images/hotel/square240/876773621.webp?k=ef7d8f0030ea7f5188092014a65b7102cdf5a613f924a5e45460c70a4b90492c&o=,5,Shorkot
Living apartment,https://www.booking.com/hotel/pk/robest-living-lahore.en-gb.html?aid=304142&label=gen173nr-10CAQoggJCCmNpdHlfMzU1NzVICVgEaLUBiAEBmAEzuAEHyAEM2AED6AEB-AEBiAIBqAIBuALAkcLTBsACAdICJGZkNjZkNGNmLTNhZGQtNDIyYS04YWIwLTdkZGFkMjg0NzdlMdgCAeACAQ&ucfs=1&arphpl=1&checkin=2026-08-06&checkout=2026-08-07&dest_id=35575&dest_type=city&group_adults=2&req_adults=2&no_rooms=1&group_children=0&req_children=0&hpos=13&hapos=386&sr_order=popularity&srpvid=3fbf57600a54002b&srepoch=1785759983&all_sr_blocks=1633971002_441694245_3_0_0&highlighted_blocks=1633971002_441694245_3_0_0&matching_block_id=1633971002_441694245_3_0_0&sr_pri_blocks=1633971002_441694245_3_0_0__720000&from=searchresults,7200,6.0,7.0,Lahore,19.8,Apartment with City View,"2 beds (1 extra-large double, 1 sofa bed)",0,1,1,https://cf.bstatic.com/xdata/images/hotel/square240/891382388.webp?k=73238b3e7d1ff6c5397d9c467c5b2ce84273f17133a1aad6148e41ff618e6962&o=,5,Shorkot
premium category 2 bedrooms apartment,https://www.booking.com/hotel/pk/robest-living.en-gb.html?aid=304142&label=gen173nr-10CAQoggJCCmNpdHlfMzU1NzVICVgEaLUBiAEBmAEzuAEHyAEM2AED6AEB-AEBiAIBqAIBuALAkcLTBsACAdICJGZkNjZkNGNmLTNhZGQtNDIyYS04YWIwLTdkZGFkMjg0NzdlMdgCAeACAQ&ucfs=1&arphpl=1&checkin=2026-08-06&checkout=2026-08-07&dest_id=35575&dest_type=city&group_adults=2&req_adults=2&no_rooms=1&group_children=0&req_children=0&hpos=14&hapos=387&sr_order=popularity&srpvid=3fbf57600a54002b&srepoch=1785759983&all_sr_blocks=1633964402_433848848_3_0_0&highlighted_blocks=1633964402_433848848_3_0_0&matching_block_id=1633964402_433848848_3_0_0&sr_pri_blocks=1633964402_433848848_3_0_0__800000&from=searchresults,8000,10,4.0,Lahore,19.8,One-Bedroom Family Apartment,"2 beds (1 extra-large double, 1 sofa bed)",0,1,1,https://cf.bstatic.com/xdata/images/hotel/square240/891398119.webp?k=6623214d7d8cf10b76a225096a11966e8bcaa62367b76b9440aa0457c4e0fc0f&o=,5,Shorkot
Luxury 1 bed apartment,https://www.booking.com/hotel/pk/robust-living-lahore1.en-gb.html?aid=304142&label=gen173nr-10CAQoggJCCmNpdHlfMzU1NzVICVgEaLUBiAEBmAEzuAEHyAEM2AED6AEB-AEBiAIBqAIBuALAkcLTBsACAdICJGZkNjZkNGNmLTNhZGQtNDIyYS04YWIwLTdkZGFkMjg0NzdlMdgCAeACAQ&ucfs=1&arphpl=1&checkin=2026-08-06&checkout=2026-08-07&dest_id=35575&dest_type=city&group_adults=2&req_adults=2&no_rooms=1&group_children=0&req_children=0&hpos=15&hapos=388&sr_order=popularity&srpvid=3fbf57600a54002b&srepoch=1785759983&all_sr_blocks=1610047201_431912054_2_0_0&highlighted_blocks=1610047201_431912054_2_0_0&matching_block_id=1610047201_431912054_2_0_0&sr_pri_blocks=1610047201_431912054_2_0_0__800000&from=searchresults,8000,10,1.0,Lahore,19.8,One-Bedroom Apartment,1 double bed,0,1,1,https://cf.bstatic.com/xdata/images/hotel/square240/891440407.webp?k=b424575eefdc3731598676fcda1d3a1f887293ba589d117ff4c130529853aea4&o=,4,Shorkot
The Nishat Hotel Johar Town,https://www.booking.com/hotel/pk/the-nishat-johar-town.en-gb.html?aid=304142&label=gen173nr-10CAQoggJCCmNpdHlfMzU1NzVICVgEaLUBiAEBmAEzuAEHyAEM2AED6AEB-AEBiAIBqAIBuALAkcLTBsACAdICJGZkNjZkNGNmLTNhZGQtNDIyYS04YWIwLTdkZGFkMjg0NzdlMdgCAeACAQ&ucfs=1&arphpl=1&checkin=2026-08-06&checkout=2026-08-07&dest_id=35575&dest_type=city&group_adults=2&req_adults=2&no_rooms=1&group_children=0&req_children=0&hpos=16&hapos=389&sr_order=popularity&srpvid=3fbf57600a54002b&srepoch=1785759983&all_sr_blocks=229010201_0_2_1_0&highlighted_blocks=229010201_0_2_1_0&matching_block_id=229010201_0_2_1_0&sr_pri_blocks=229010201_0_2_1_0__4668380&from=searchresults,46684,9.4,804.0,"Johar Town, Lahore",23.4,Deluxe Room,1 extra-large double bed,1,0,0,https://cf.bstatic.com/xdata/images/hotel/square240/622550518.webp?k=133c77bc5c08df0a26e958bdbe40897fa8cfa63e21dd0ddfc9f90b10bb834cd6&o=,12,Shorkot
Hotel Swiss Pearl,https://www.booking.com/hotel/pk/swiss-pearl.en-gb.html?aid=304142&label=gen173nr-10CAQoggJCCmNpdHlfMzU1NzVICVgEaLUBiAEBmAEzuAEHyAEM2AED6AEB-AEBiAIBqAIBuALAkcLTBsACAdICJGZkNjZkNGNmLTNhZGQtNDIyYS04YWIwLTdkZGFkMjg0NzdlMdgCAeACAQ&ucfs=1&arphpl=1&checkin=2026-08-06&checkout=2026-08-07&dest_id=35575&dest_type=city&group_adults=2&req_adults=2&no_rooms=1&group_children=0&req_children=0&hpos=17&hapos=390&sr_order=popularity&srpvid=3fbf57600a54002b&srepoch=1785759983&all_sr_blocks=1113255506_384253808_2_0_0&highlighted_blocks=1113255506_384253808_2_0_0&matching_block_id=1113255506_384253808_2_0_0&sr_pri_blocks=1113255506_384253808_2_0_0__287300&from=searchresults,2873,5.8,336.0,"Johar Town, Lahore",24.2,Deluxe Double or Twin Room,Beds: 1 double or 2 singles,0,1,1,https://cf.bstatic.com/xdata/images/hotel/square240/867946914.webp?k=4251bcbf9ef213a7811b02838641bf27fd5f146f22bafb27f47ee76a43923994&o=,8,Shorkot
Shanze Hotel And Suites,https://www.booking.com/hotel/pk/shanze-and-suits.en-gb.html?aid=304142&label=gen173nr-10CAQoggJCCmNpdHlfMzU1NzVICVgEaLUBiAEBmAEzuAEHyAEM2AED6AEB-AEBiAIBqAIBuALAkcLTBsACAdICJGZkNjZkNGNmLTNhZGQtNDIyYS04YWIwLTdkZGFkMjg0NzdlMdgCAeACAQ&ucfs=1&arphpl=1&checkin=2026-08-06&checkout=2026-08-07&dest_id=35575&dest_type=city&group_adults=2&req_adults=2&no_rooms=1&group_children=0&req_children=0&hpos=18&hapos=391&sr_order=popularity&srpvid=3fbf57600a54002b&srepoch=1785759983&all_sr_blocks=1335824907_406297544_2_0_0&highlighted_blocks=1335824907_406297544_2_0_0&matching_block_id=1335824907_406297544_2_0_0&sr_pri_blocks=1335824907_406297544_2_0_0__350000&from=searchresults,3500,6.5,144.0,"Johar Town, Lahore",23.2,Deluxe Double Room,1 double bed,0,1,1,https://cf.bstatic.com/xdata/images/hotel/square240/741206282.webp?k=c458c0afe898f12d8cc9c043f8f21195c7f96851f64844d7cec7b0df0fa83ba8&o=,4,Shorkot
Hotel Day In Lahore,https://www.booking.com/hotel/pk/days-inn-lahore-lahore.en-gb.html?aid=304142&label=gen173nr-10CAQoggJCCmNpdHlfMzU1NzVICVgEaLUBiAEBmAEzuAEHyAEM2AED6AEB-AEBiAIBqAIBuALAkcLTBsACAdICJGZkNjZkNGNmLTNhZGQtNDIyYS04YWIwLTdkZGFkMjg0NzdlMdgCAeACAQ&ucfs=1&arphpl=1&checkin=2026-08-06&checkout=2026-08-07&dest_id=35575&dest_type=city&group_adults=2&req_adults=2&no_rooms=1&group_children=0&req_children=0&hpos=19&hapos=392&sr_order=popularity&srpvid=3fbf57600a54002b&srepoch=1785759983&all_sr_blocks=714906003_298614257_2_42_0&highlighted_blocks=714906003_298614257_2_42_0&matching_block_id=714906003_298614257_2_42_0&sr_pri_blocks=714906003_298614257_2_42_0__225000&from=searchresults,2250,4.5,265.0,Lahore,22.8,Deluxe Double Room,1 double bed,0,0,0,https://cf.bstatic.com/xdata/images/hotel/square240/289702674.webp?k=6ebfcff8e86a8d66346064e6f1aeaed2611b39b8118be5d2a527060fbeb765ba&o=,9,Shorkot
Hotel Golden,https://www.booking.com/hotel/pk/golden.en-gb.html?aid=304142&label=gen173nr-10CAQoggJCCmNpdHlfMzU1NzVICVgEaLUBiAEBmAEzuAEHyAEM2AED6AEB-AEBiAIBqAIBuALAkcLTBsACAdICJGZkNjZkNGNmLTNhZGQtNDIyYS04YWIwLTdkZGFkMjg0NzdlMdgCAeACAQ&ucfs=1&arphpl=1&checkin=2026-08-06&checkout=2026-08-07&dest_id=35575&dest_type=city&group_adults=2&req_adults=2&no_rooms=1&group_children=0&req_children=0&hpos=20&hapos=393&sr_order=popularity&srpvid=3fbf57600a54002b&srepoch=1785759983&all_sr_blocks=1274194807_400233320_2_2_0&highlighted_blocks=1274194807_400233320_2_2_0&matching_block_id=1274194807_400233320_2_2_0&sr_pri_blocks=1274194807_400233320_2_2_0__260000&from=searchresults,2600,6.5,145.0,"Johar Town, Lahore",24.1,Budget Double or Twin Room,2 single beds,0,1,1,https://cf.bstatic.com/xdata/images/hotel/square240/886761899.webp?k=966cab4bc2de69f1eb5195a79c513fc864c14a317d44b70d64ac832f6240f089&o=,11,Shorkot
Hotel The Leschanze,https://www.booking.com/hotel/pk/the-leschanze.en-gb.html?aid=304142&label=gen173nr-10CAQoggJCCmNpdHlfMzU1NzVICVgEaLUBiAEBmAEzuAEHyAEM2AED6AEB-AEBiAIBqAIBuALAkcLTBsACAdICJGZkNjZkNGNmLTNhZGQtNDIyYS04YWIwLTdkZGFkMjg0NzdlMdgCAeACAQ&ucfs=1&arphpl=1&checkin=2026-08-06&checkout=2026-08-07&dest_id=35575&dest_type=city&group_adults=2&req_adults=2&no_rooms=1&group_children=0&req_children=0&hpos=21&hapos=394&sr_order=popularity&srpvid=3fbf57600a54002b&srepoch=1785759983&all_sr_blocks=136234403_270500616_0_2_0&highlighted_blocks=136234403_270500616_0_2_0&matching_block_id=136234403_270500616_0_2_0&sr_pri_blocks=136234403_270500616_0_2_0__350000&from=searchresults,3500,7.1,592.0,"Johar Town, Lahore",24.2,Deluxe Double Room,1 double bed,0,1,1,https://cf.bstatic.com/xdata/images/hotel/square240/211399999.webp?k=7d69032cf19f990ee03ba88e12923985639124052c26982597cbc09e64f5d195&o=,8,Shorkot
Lord Family Hotel,https://www.booking.com/hotel/pk/lord-family.en-gb.html?aid=304142&label=gen173nr-10CAQoggJCCmNpdHlfMzU1NzVICVgEaLUBiAEBmAEzuAEHyAEM2AED6AEB-AEBiAIBqAIBuALAkcLTBsACAdICJGZkNjZkNGNmLTNhZGQtNDIyYS04YWIwLTdkZGFkMjg0NzdlMdgCAeACAQ&ucfs=1&arphpl=1&checkin=2026-08-06&checkout=2026-08-07&dest_id=35575&dest_type=city&group_adults=2&req_adults=2&no_rooms=1&group_children=0&req_children=0&hpos=22&hapos=395&sr_order=popularity&srpvid=3fbf57600a54002b&srepoch=1785759983&all_sr_blocks=1137057501_386312444_2_2_0&highlighted_blocks=1137057501_386312444_2_2_0&matching_block_id=1137057501_386312444_2_2_0&sr_pri_blocks=1137057501_386312444_2_2_0__279000&from=searchresults,2790,5.0,54.0,"Johar Town, Lahore",23.5,Deluxe Double Room,2 single beds,0,1,1,https://cf.bstatic.com/xdata/images/hotel/square240/531631439.webp?k=03d4fe353ddf369f2e581228a95599ffff766eaa27d634b758e95af4eaee95b5&o=,14,Shorkot
Hotel Grand Pakeeza,https://www.booking.com/hotel/pk/grand-pakeeza.en-gb.html?aid=304142&label=gen173nr-10CAQoggJCCmNpdHlfMzU1NzVICVgEaLUBiAEBmAEzuAEHyAEM2AED6AEB-AEBiAIBqAIBuALAkcLTBsACAdICJGZkNjZkNGNmLTNhZGQtNDIyYS04YWIwLTdkZGFkMjg0NzdlMdgCAeACAQ&ucfs=1&arphpl=1&checkin=2026-08-06&checkout=2026-08-07&dest_id=35575&dest_type=city&group_adults=2&req_adults=2&no_rooms=1&group_children=0&req_children=0&hpos=23&hapos=396&sr_order=popularity&srpvid=3fbf57600a54002b&srepoch=1785759983&all_sr_blocks=1108194201_383582586_2_2_0&highlighted_blocks=1108194201_383582586_2_2_0&matching_block_id=1108194201_383582586_2_2_0&sr_pri_blocks=1108194201_383582586_2_2_0__344900&from=searchresults,3449,8.1,742.0,"Johar Town, Lahore",24.0,Deluxe Double Room,1 double bed,0,1,1,https://cf.bstatic.com/xdata/images/hotel/square240/520573270.webp?k=bc49e534c9dc59465aca1e114b364e373da488fc80a1486abd82808d136b92e4&o=,11,Shorkot
Premier Inn Johar Town Lahore,https://www.booking.com/hotel/pk/premier-inn-johar-town.en-gb.html?aid=304142&label=gen173nr-10CAQoggJCCmNpdHlfMzU1NzVICVgEaLUBiAEBmAEzuAEHyAEM2AED6AEB-AEBiAIBqAIBuALAkcLTBsACAdICJGZkNjZkNGNmLTNhZGQtNDIyYS04YWIwLTdkZGFkMjg0NzdlMdgCAeACAQ&ucfs=1&arphpl=1&checkin=2026-08-06&checkout=2026-08-07&dest_id=35575&dest_type=city&group_adults=2&req_adults=2&no_rooms=1&group_children=0&req_children=0&hpos=24&hapos=397&sr_order=popularity&srpvid=3fbf57600a54002b&srepoch=1785759983&all_sr_blocks=164054404_389812403_0_1_0&highlighted_blocks=164054404_389812403_0_1_0&matching_block_id=164054404_389812403_0_1_0&sr_pri_blocks=164054404_389812403_0_1_0__484500&from=searchresults,4845,7.6,394.0,"Johar Town, Lahore",24.1,Deluxe Double Room,1 double bed,1,1,1,https://cf.bstatic.com/xdata/images/hotel/square240/565921757.webp?k=cde5614792cb7c1f9e86a67a4fb7134bc7fcc5d9f5c150131a6ffa93dc046c1b&o=,4,Shorkot
Hotel Tulip Inn,https://www.booking.com/hotel/pk/tulip-inn-lahore1234567.en-gb.html?aid=304142&label=gen173nr-10CAQoggJCCmNpdHlfMzU1NzVICVgEaLUBiAEBmAEzuAEHyAEM2AED6AEB-AEBiAIBqAIBuALAkcLTBsACAdICJGZkNjZkNGNmLTNhZGQtNDIyYS04YWIwLTdkZGFkMjg0NzdlMdgCAeACAQ&ucfs=1&arphpl=1&checkin=2026-08-06&checkout=2026-08-07&dest_id=35575&dest_type=city&group_adults=2&req_adults=2&no_rooms=1&group_children=0&req_children=0&hpos=25&hapos=398&sr_order=popularity&srpvid=3fbf57600a54002b&srepoch=1785759983&all_sr_blocks=734971302_327266764_2_0_0&highlighted_blocks=734971302_327266764_2_0_0&matching_block_id=734971302_327266764_2_0_0&sr_pri_blocks=734971302_327266764_2_0_0__440000&from=searchresults,4400,6.5,289.0,"Johar Town, Lahore",24.4,Deluxe Double Room,1 large double bed,0,1,1,https://cf.bstatic.com/xdata/images/hotel/square240/686135109.webp?k=0c5886099d77525da574d810a33f88bb130765ca6a0def8de70283e808156b6a&o=,13,Shorkot
Full Furnished House Entire Place No Sharing,https://www.booking.com/hotel/pk/ahmad-lahore.en-gb.html?aid=304142&label=gen173nr-10CAQoggJCCmNpdHlfMzU1NzVICVgEaLUBiAEBmAEzuAEHyAEM2AED6AEB-AEBiAIBqAIBuALAkcLTBsACAdICJGZkNjZkNGNmLTNhZGQtNDIyYS04YWIwLTdkZGFkMjg0NzdlMdgCAeACAQ&ucfs=1&arphpl=1&checkin=2026-08-06&checkout=2026-08-07&dest_id=35575&dest_type=city&group_adults=2&req_adults=2&no_rooms=1&group_children=0&req_children=0&hpos=1&hapos=399&sr_order=popularity&srpvid=3fbf57600a54002b&srepoch=1785759986&all_sr_blocks=1276121901_400548747_0_0_0&highlighted_blocks=1276121901_400548747_0_0_0&matching_block_id=1276121901_400548747_0_0_0&sr_pri_blocks=1276121901_400548747_0_0_0__371250&from=searchresults,3713,8.6,5.0,Rāmkot,20.2,Chalet,"2 beds (1 double, 1 large double)",0,1,1,https://cf.bstatic.com/xdata/images/hotel/square240/651330504.webp?k=3ec94c598346ed49bd3a1f3729afdc35822a7c1590e51927c596019060f4ba55&o=,5,Shorkot
Royal Central Hotel Guest House Lahore,https://www.booking.com/hotel/pk/royal-central-guest-house-lahore.en-gb.html?aid=304142&label=gen173nr-10CAQoggJCCmNpdHlfMzU1NzVICVgEaLUBiAEBmAEzuAEHyAEM2AED6AEB-AEBiAIBqAIBuALAkcLTBsACAdICJGZkNjZkNGNmLTNhZGQtNDIyYS04YWIwLTdkZGFkMjg0NzdlMdgCAeACAQ&ucfs=1&arphpl=1&checkin=2026-08-06&checkout=2026-08-07&dest_id=35575&dest_type=city&group_adults=2&req_adults=2&no_rooms=1&group_children=0&req_children=0&hpos=2&hapos=400&sr_order=popularity&srpvid=3fbf57600a54002b&srepoch=1785759986&all_sr_blocks=1695179701_441177783_2_1_0&highlighted_blocks=1695179701_441177783_2_1_0&matching_block_id=1695179701_441177783_2_1_0&sr_pri_blocks=1695179701_441177783_2_1_0__297500&from=searchresults,2975,,,"Johar Town, Lahore",23.5,Double Room,1 double bed,1,1,1,https://cf.bstatic.com/xdata/images/hotel/square240/899624233.webp?k=e99240addd4993e6233aaafa6c367753c79cd8ea84de0c873e925460adfc9545&o=,10,Shorkot
Grand Swiss Hotel&Apartment Lahore,https://www.booking.com/hotel/pk/grand-swiss-amp-apartment-lahore.en-gb.html?aid=304142&label=gen173nr-10CAQoggJCCmNpdHlfMzU1NzVICVgEaLUBiAEBmAEzuAEHyAEM2AED6AEB-AEBiAIBqAIBuALAkcLTBsACAdICJGZkNjZkNGNmLTNhZGQtNDIyYS04YWIwLTdkZGFkMjg0NzdlMdgCAeACAQ&ucfs=1&arphpl=1&checkin=2026-08-06&checkout=2026-08-07&dest_id=35575&dest_type=city&group_adults=2&req_adults=2&no_rooms=1&group_children=0&req_children=0&hpos=3&hapos=401&sr_order=popularity&srpvid=3fbf57600a54002b&srepoch=1785759986&all_sr_blocks=869955902_394550400_0_2_0&highlighted_blocks=869955902_394550400_0_2_0&matching_block_id=869955902_394550400_0_2_0&sr_pri_blocks=869955902_394550400_0_2_0__855000&from=searchresults,8550,7.3,139.0,"Johar Town, Lahore",23.9,Deluxe Twin Room,2 single beds,0,1,1,https://cf.bstatic.com/xdata/images/hotel/square240/523957421.webp?k=5af1bcf67eb9175efe08a1d6b4b8237ef4ef5941231d1debbb3baf527a629033&o=,10,Shorkot
Step Inn Family Hotel Lahore,https://www.booking.com/hotel/pk/margalla-guest-house-f-7.en-gb.html?aid=304142&label=gen173nr-10CAQoggJCCmNpdHlfMzU1NzVICVgEaLUBiAEBmAEzuAEHyAEM2AED6AEB-AEBiAIBqAIBuALAkcLTBsACAdICJGZkNjZkNGNmLTNhZGQtNDIyYS04YWIwLTdkZGFkMjg0NzdlMdgCAeACAQ&ucfs=1&arphpl=1&checkin=2026-08-06&checkout=2026-08-07&dest_id=35575&dest_type=city&group_adults=2&req_adults=2&no_rooms=1&group_children=0&req_children=0&hpos=4&hapos=402&sr_order=popularity&srpvid=3fbf57600a54002b&srepoch=1785759986&all_sr_blocks=1646862204_434650776_2_1_0&highlighted_blocks=1646862204_434650776_2_1_0&matching_block_id=1646862204_434650776_2_1_0&sr_pri_blocks=1646862204_434650776_2_1_0__405000&from=searchresults,4050,9.4,9.0,Lahore,22.2,Deluxe Double Room (2 Adults + 1 Child),1 double bed,1,1,1,https://cf.bstatic.com/xdata/images/hotel/square240/875888272.webp?k=0ed2758615f04d9cfeeb4ed2e2d1b607d3eded855293f5db508f815546e2c158&o=,5,Shorkot
Neshaz Hotel & Suites,https://www.booking.com/hotel/pk/nishaz.en-gb.html?aid=304142&label=gen173nr-10CAQoggJCCmNpdHlfMzU1NzVICVgEaLUBiAEBmAEzuAEHyAEM2AED6AEB-AEBiAIBqAIBuALAkcLTBsACAdICJGZkNjZkNGNmLTNhZGQtNDIyYS04YWIwLTdkZGFkMjg0NzdlMdgCAeACAQ&ucfs=1&arphpl=1&checkin=2026-08-06&checkout=2026-08-07&dest_id=35575&dest_type=city&group_adults=2&req_adults=2&no_rooms=1&group_children=0&req_children=0&hpos=5&hapos=403&sr_order=popularity&srpvid=3fbf57600a54002b&srepoch=1785759986&all_sr_blocks=1461024604_417397164_2_1_0&highlighted_blocks=1461024604_417397164_2_1_0&matching_block_id=1461024604_417397164_2_1_0&sr_pri_blocks=1461024604_417397164_2_1_0__414315&from=searchresults,4143,4.7,39.0,"Johar Town, Lahore",23.8,Deluxe Triple Room,"2 beds (1 single, 1 double)",1,1,1,https://cf.bstatic.com/xdata/images/hotel/square240/717149352.webp?k=3a2570d167900d324021aaeebd2afddb16352be4f9e4c48709a4a93e36b87fb1&o=,11,Shorkot
Metro One Hotel,https://www.booking.com/hotel/pk/metro-one.en-gb.html?aid=304142&label=gen173nr-10CAQoggJCCmNpdHlfMzU1NzVICVgEaLUBiAEBmAEzuAEHyAEM2AED6AEB-AEBiAIBqAIBuALAkcLTBsACAdICJGZkNjZkNGNmLTNhZGQtNDIyYS04YWIwLTdkZGFkMjg0NzdlMdgCAeACAQ&ucfs=1&arphpl=1&checkin=2026-08-06&checkout=2026-08-07&dest_id=35575&dest_type=city&group_adults=2&req_adults=2&no_rooms=1&group_children=0&req_children=0&hpos=6&hapos=404&sr_order=popularity&srpvid=3fbf57600a54002b&srepoch=1785759986&all_sr_blocks=1277118203_402552747_0_0_0&highlighted_blocks=1277118203_402552747_0_0_0&matching_block_id=1277118203_402552747_0_0_0&sr_pri_blocks=1277118203_402552747_0_0_0__360000&from=searchresults,3600,7.9,55.0,"Johar Town, Lahore",23.7,Budget Double Room,1 large double bed,0,0,0,https://cf.bstatic.com/xdata/images/hotel/square240/595494214.webp?k=6d0d6c3d515fa9176aafabc08368df0452542b187b9528f494b1841b6c52c024&o=,10,Shorkot
Crown Valley Guest House,https://www.booking.com/hotel/pk/oasis-guest-house-lahore.en-gb.html?aid=304142&label=gen173nr-10CAQoggJCCmNpdHlfMzU1NzVICVgEaLUBiAEBmAEzuAEHyAEM2AED6AEB-AEBiAIBqAIBuALAkcLTBsACAdICJGZkNjZkNGNmLTNhZGQtNDIyYS04YWIwLTdkZGFkMjg0NzdlMdgCAeACAQ&ucfs=1&arphpl=1&checkin=2026-08-06&checkout=2026-08-07&dest_id=35575&dest_type=city&group_adults=2&req_adults=2&no_rooms=1&group_children=0&req_children=0&hpos=7&hapos=405&sr_order=popularity&srpvid=3fbf57600a54002b&srepoch=1785759986&all_sr_blocks=1687425401_440401496_2_2_0&highlighted_blocks=1687425401_440401496_2_2_0&matching_block_id=1687425401_440401496_2_2_0&sr_pri_blocks=1687425401_440401496_2_2_0__287300&from=searchresults,2873,8.0,1.0,"Johar Town, Lahore",24.2,Double Room,1 double bed,0,1,1,https://cf.bstatic.com/xdata/images/hotel/square240/894256814.webp?k=5fbcdf066dd86509d4d21cebeb101f030f49209a173fc4918e1ad82ce71ba44b&o=,12,Shorkot
Royal Tree Hotel,https://www.booking.com/hotel/pk/royal-tree.en-gb.html?aid=304142&label=gen173nr-10CAQoggJCCmNpdHlfMzU1NzVICVgEaLUBiAEBmAEzuAEHyAEM2AED6AEB-AEBiAIBqAIBuALAkcLTBsACAdICJGZkNjZkNGNmLTNhZGQtNDIyYS04YWIwLTdkZGFkMjg0NzdlMdgCAeACAQ&ucfs=1&arphpl=1&checkin=2026-08-06&checkout=2026-08-07&dest_id=35575&dest_type=city&group_adults=2&req_adults=2&no_rooms=1&group_children=0&req_children=0&hpos=8&hapos=406&sr_order=popularity&srpvid=3fbf57600a54002b&srepoch=1785759986&all_sr_blocks=1355332801_440463700_2_2_0&highlighted_blocks=1355332801_440463700_2_2_0&matching_block_id=1355332801_440463700_2_2_0&sr_pri_blocks=1355332801_440463700_2_2_0__476000&from=searchresults,4760,7.1,86.0,"Johar Town, Lahore",23.9,Deluxe Double Room,1 double bed,0,1,1,https://cf.bstatic.com/xdata/images/hotel/square240/894852043.webp?k=0cbadae417ee8f552c1bb7e459d44c62fa75b34d0352d3dda7d6031d9f412d8a&o=,12,Shorkot
Hotel Grand Lahore,https://www.booking.com/hotel/pk/family-lahore-lahore12.en-gb.html?aid=304142&label=gen173nr-10CAQoggJCCmNpdHlfMzU1NzVICVgEaLUBiAEBmAEzuAEHyAEM2AED6AEB-AEBiAIBqAIBuALAkcLTBsACAdICJGZkNjZkNGNmLTNhZGQtNDIyYS04YWIwLTdkZGFkMjg0NzdlMdgCAeACAQ&ucfs=1&arphpl=1&checkin=2026-08-06&checkout=2026-08-07&dest_id=35575&dest_type=city&group_adults=2&req_adults=2&no_rooms=1&group_children=0&req_children=0&hpos=9&hapos=407&sr_order=popularity&srpvid=3fbf57600a54002b&srepoch=1785759986&all_sr_blocks=791204206_424570734_0_42_0&highlighted_blocks=791204206_424570734_0_42_0&matching_block_id=791204206_424570734_0_42_0&sr_pri_blocks=791204206_424570734_0_42_0__518000&from=searchresults,5180,7.6,521.0,"Johar Town, Lahore",23.5,Deluxe Twin Room,2 single beds,0,1,0,https://cf.bstatic.com/xdata/images/hotel/square240/410427549.webp?k=4761f746f725498f55fca27fc7965d8fd289cbc95770d700da27b2d1033a7ae6&o=,11,Shorkot
Emporia Hotel & Suites,https://www.booking.com/hotel/pk/emporia-amp-suites.en-gb.html?aid=304142&label=gen173nr-10CAQoggJCCmNpdHlfMzU1NzVICVgEaLUBiAEBmAEzuAEHyAEM2AED6AEB-AEBiAIBqAIBuALAkcLTBsACAdICJGZkNjZkNGNmLTNhZGQtNDIyYS04YWIwLTdkZGFkMjg0NzdlMdgCAeACAQ&ucfs=1&arphpl=1&checkin=2026-08-06&checkout=2026-08-07&dest_id=35575&dest_type=city&group_adults=2&req_adults=2&no_rooms=1&group_children=0&req_children=0&hpos=10&hapos=408&sr_order=popularity&srpvid=3fbf57600a54002b&srepoch=1785759986&all_sr_blocks=1555743701_0_2_1_0&highlighted_blocks=1555743701_0_2_1_0&matching_block_id=1555743701_0_2_1_0&sr_pri_blocks=1555743701_0_2_1_0__361522&from=searchresults,3615,7.0,41.0,"Johar Town, Lahore",23.6,Deluxe Double Room,1 large double bed,1,0,0,https://cf.bstatic.com/xdata/images/hotel/square240/802026986.webp?k=e8f9a79dc94f584f540dd8bfebc1049415afbdcb55eda940295576b2a64ff39a&o=,9,Shorkot
Hotel Royal Grand,https://www.booking.com/hotel/pk/royal-grand.en-gb.html?aid=304142&label=gen173nr-10CAQoggJCCmNpdHlfMzU1NzVICVgEaLUBiAEBmAEzuAEHyAEM2AED6AEB-AEBiAIBqAIBuALAkcLTBsACAdICJGZkNjZkNGNmLTNhZGQtNDIyYS04YWIwLTdkZGFkMjg0NzdlMdgCAeACAQ&ucfs=1&arphpl=1&checkin=2026-08-06&checkout=2026-08-07&dest_id=35575&dest_type=city&group_adults=2&req_adults=2&no_rooms=1&group_children=0&req_children=0&hpos=11&hapos=409&sr_order=popularity&srpvid=3fbf57600a54002b&srepoch=1785759986&all_sr_blocks=858514208_353532614_2_2_0_721171&highlighted_blocks=858514208_353532614_2_2_0_721171&matching_block_id=858514208_353532614_2_2_0_721171&sr_pri_blocks=858514208_353532614_2_2_0_721171_300000&from=searchresults,3000,6.7,183.0,"Johar Town, Lahore",24.2,Standard Double Room with Fan,1 extra-large double bed,0,1,1,https://cf.bstatic.com/xdata/images/hotel/square240/388715227.webp?k=a1ebaa2e3b551c34097066e162e8847925a8926ae89db20c257f31f91f122127&o=,11,Shorkot
Go Guest House Lahore,https://www.booking.com/hotel/pk/go-guest-house-lahore.en-gb.html?aid=304142&label=gen173nr-10CAQoggJCCmNpdHlfMzU1NzVICVgEaLUBiAEBmAEzuAEHyAEM2AED6AEB-AEBiAIBqAIBuALAkcLTBsACAdICJGZkNjZkNGNmLTNhZGQtNDIyYS04YWIwLTdkZGFkMjg0NzdlMdgCAeACAQ&ucfs=1&arphpl=1&checkin=2026-08-06&checkout=2026-08-07&dest_id=35575&dest_type=city&group_adults=2&req_adults=2&no_rooms=1&group_children=0&req_children=0&hpos=12&hapos=410&sr_order=popularity&srpvid=3fbf57600a54002b&srepoch=1785759986&all_sr_blocks=1168869601_416874658_2_2_0_796663&highlighted_blocks=1168869601_416874658_2_2_0_796663&matching_block_id=1168869601_416874658_2_2_0_796663&sr_pri_blocks=1168869601_416874658_2_2_0_796663_360000&from=searchresults,3600,7.6,302.0,Lahore,22.7,Deluxe Double Room,1 large double bed,0,1,0,https://cf.bstatic.com/xdata/images/hotel/square240/535100133.webp?k=eb576ca17e24242db184084ae85dbf1a192615ab6a36333c9e687814b530ab32&o=,4,Shorkot
Hotel Moon Light view,https://www.booking.com/hotel/pk/royal-inn-plus.en-gb.html?aid=304142&label=gen173nr-10CAQoggJCCmNpdHlfMzU1NzVICVgEaLUBiAEBmAEzuAEHyAEM2AED6AEB-AEBiAIBqAIBuALAkcLTBsACAdICJGZkNjZkNGNmLTNhZGQtNDIyYS04YWIwLTdkZGFkMjg0NzdlMdgCAeACAQ&ucfs=1&arphpl=1&checkin=2026-08-06&checkout=2026-08-07&dest_id=35575&dest_type=city&group_adults=2&req_adults=2&no_rooms=1&group_children=0&req_children=0&hpos=13&hapos=411&sr_order=popularity&srpvid=3fbf57600a54002b&srepoch=1785759986&all_sr_blocks=1677100902_439427783_2_0_0&highlighted_blocks=1677100902_439427783_2_0_0&matching_block_id=1677100902_439427783_2_0_0&sr_pri_blocks=1677100902_439427783_2_0_0__300000&from=searchresults,3000,,,Lahore,21.6,Double Room,1 double bed,0,1,1,https://cf.bstatic.com/xdata/images/hotel/square240/889186030.webp?k=f1da2866dbdd7960bee93186a2f5d080017b52994f0a7c82e0ffdd61a60d5acd&o=,10,Shorkot
Hotel Haven Suite,https://www.booking.com/hotel/pk/the-grand-lahore2.en-gb.html?aid=304142&label=gen173nr-10CAQoggJCCmNpdHlfMzU1NzVICVgEaLUBiAEBmAEzuAEHyAEM2AED6AEB-AEBiAIBqAIBuALAkcLTBsACAdICJGZkNjZkNGNmLTNhZGQtNDIyYS04YWIwLTdkZGFkMjg0NzdlMdgCAeACAQ&ucfs=1&arphpl=1&checkin=2026-08-06&checkout=2026-08-07&dest_id=35575&dest_type=city&group_adults=2&req_adults=2&no_rooms=1&group_children=0&req_children=0&hpos=14&hapos=412&sr_order=popularity&srpvid=3fbf57600a54002b&srepoch=1785759986&all_sr_blocks=1418504505_413524640_2_2_0&highlighted_blocks=1418504505_413524640_2_2_0&matching_block_id=1418504505_413524640_2_2_0&sr_pri_blocks=1418504505_413524640_2_2_0__383100&from=searchresults,3831,7.2,206.0,"Johar Town, Lahore",24.2,Economy Double Room,1 double bed,0,1,1,https://cf.bstatic.com/xdata/images/hotel/square240/793527764.webp?k=02a46e2de806bc19af2c80739133249c2b525ed7b38f3ab4490b4090beb5c151&o=,11,Shorkot
Holiday Guest House Lahore,https://www.booking.com/hotel/pk/park-lahore-lahore.en-gb.html?aid=304142&label=gen173nr-10CAQoggJCCmNpdHlfMzU1NzVICVgEaLUBiAEBmAEzuAEHyAEM2AED6AEB-AEBiAIBqAIBuALAkcLTBsACAdICJGZkNjZkNGNmLTNhZGQtNDIyYS04YWIwLTdkZGFkMjg0NzdlMdgCAeACAQ&ucfs=1&arphpl=1&checkin=2026-08-06&checkout=2026-08-07&dest_id=35575&dest_type=city&group_adults=2&req_adults=2&no_rooms=1&group_children=0&req_children=0&hpos=15&hapos=413&sr_order=popularity&srpvid=3fbf57600a54002b&srepoch=1785759986&all_sr_blocks=1311901104_403969700_2_0_0&highlighted_blocks=1311901104_403969700_2_0_0&matching_block_id=1311901104_403969700_2_0_0&sr_pri_blocks=1311901104_403969700_2_0_0__384000&from=searchresults,3840,7.1,103.0,"Johar Town, Lahore",23.6,Budget Double Room,1 double bed,0,1,1,https://cf.bstatic.com/xdata/images/hotel/square240/659158668.webp?k=e54c5739e3beb9a09d438eb2b25280a160b8d9d1c9a50da3af8c160b4faa96cb&o=,12,Shorkot
Al Warda Hotel,https://www.booking.com/hotel/pk/al-warda.en-gb.html?aid=304142&label=gen173nr-10CAQoggJCCmNpdHlfMzU1NzVICVgEaLUBiAEBmAEzuAEHyAEM2AED6AEB-AEBiAIBqAIBuALAkcLTBsACAdICJGZkNjZkNGNmLTNhZGQtNDIyYS04YWIwLTdkZGFkMjg0NzdlMdgCAeACAQ&ucfs=1&arphpl=1&checkin=2026-08-06&checkout=2026-08-07&dest_id=35575&dest_type=city&group_adults=2&req_adults=2&no_rooms=1&group_children=0&req_children=0&hpos=16&hapos=414&sr_order=popularity&srpvid=3fbf57600a54002b&srepoch=1785759986&all_sr_blocks=1275667604_400434902_2_2_0&highlighted_blocks=1275667604_400434902_2_2_0&matching_block_id=1275667604_400434902_2_2_0&sr_pri_blocks=1275667604_400434902_2_2_0__344900&from=searchresults,3449,7.2,77.0,"Johar Town, Lahore",23.5,Deluxe Double Room,1 double bed,0,1,1,https://cf.bstatic.com/xdata/images/hotel/square240/597033303.webp?k=2b7fade767cc8caeb32b6aafbecfecbef336beb2cb22f847d3f912f547744339&o=,9,Shorkot
The Rich Hotel & Apartments,https://www.booking.com/hotel/pk/the-rich-amp-apartments.en-gb.html?aid=304142&label=gen173nr-10CAQoggJCCmNpdHlfMzU1NzVICVgEaLUBiAEBmAEzuAEHyAEM2AED6AEB-AEBiAIBqAIBuALAkcLTBsACAdICJGZkNjZkNGNmLTNhZGQtNDIyYS04YWIwLTdkZGFkMjg0NzdlMdgCAeACAQ&ucfs=1&arphpl=1&checkin=2026-08-06&checkout=2026-08-07&dest_id=35575&dest_type=city&group_adults=2&req_adults=2&no_rooms=1&group_children=0&req_children=0&hpos=17&hapos=415&sr_order=popularity&srpvid=3fbf57600a54002b&srepoch=1785759986&all_sr_blocks=971311502_369551908_2_1_0&highlighted_blocks=971311502_369551908_2_1_0&matching_block_id=971311502_369551908_2_1_0&sr_pri_blocks=971311502_369551908_2_1_0__950000&from=searchresults,9500,7.6,136.0,"Johar Town, Lahore",22.3,Deluxe Twin Room,2 single beds,1,1,1,https://cf.bstatic.com/xdata/images/hotel/square240/444259014.webp?k=f90949a2cf57d25d01aabf2ccf51e677375087da3704f560269d9e7e5055451f&o=,11,Shorkot
Lords Residencia Apartment,https://www.booking.com/hotel/pk/lords-residencia-apartment.en-gb.html?aid=304142&label=gen173nr-10CAQoggJCCmNpdHlfMzU1NzVICVgEaLUBiAEBmAEzuAEHyAEM2AED6AEB-AEBiAIBqAIBuALAkcLTBsACAdICJGZkNjZkNGNmLTNhZGQtNDIyYS04YWIwLTdkZGFkMjg0NzdlMdgCAeACAQ&ucfs=1&arphpl=1&checkin=2026-08-06&checkout=2026-08-07&dest_id=35575&dest_type=city&group_adults=2&req_adults=2&no_rooms=1&group_children=0&req_children=0&hpos=18&hapos=416&sr_order=popularity&srpvid=3fbf57600a54002b&srepoch=1785759986&all_sr_blocks=1698063301_441475714_3_0_0&highlighted_blocks=1698063301_441475714_3_0_0&matching_block_id=1698063301_441475714_3_0_0&sr_pri_blocks=1698063301_441475714_3_0_0__765000&from=searchresults,7650,,,Lahore,21.1,One-Bedroom Apartment,1 double bed,0,1,1,https://cf.bstatic.com/xdata/images/hotel/square240/901316982.webp?k=f753f41014b38c1d1fe716daba08bc2158aa590d912ae89ec918a469a28ba75b&o=,4,Shorkot
Lasani view Guest House,https://www.booking.com/hotel/pk/lasani-view.en-gb.html?aid=304142&label=gen173nr-10CAQoggJCCmNpdHlfMzU1NzVICVgEaLUBiAEBmAEzuAEHyAEM2AED6AEB-AEBiAIBqAIBuALAkcLTBsACAdICJGZkNjZkNGNmLTNhZGQtNDIyYS04YWIwLTdkZGFkMjg0NzdlMdgCAeACAQ&ucfs=1&arphpl=1&checkin=2026-08-06&checkout=2026-08-07&dest_id=35575&dest_type=city&group_adults=2&req_adults=2&no_rooms=1&group_children=0&req_children=0&hpos=19&hapos=417&sr_order=popularity&srpvid=3fbf57600a54002b&srepoch=1785759986&all_sr_blocks=1671598102_438930872_2_0_0&highlighted_blocks=1671598102_438930872_2_0_0&matching_block_id=1671598102_438930872_2_0_0&sr_pri_blocks=1671598102_438930872_2_0_0__250000&from=searchresults,2500,3.0,3.0,Lahore,21.9,Double Room,1 double bed,0,1,1,https://cf.bstatic.com/xdata/images/hotel/square240/886192089.webp?k=30dc339384264e8dc13f9915ea84b8f4d2170c43c9be66093ac63c3d56b51ec5&o=,10,Shorkot
Fiora inn Hotel Johar town Lahore,https://www.booking.com/hotel/pk/fiora-inn-johar-town-lahore.en-gb.html?aid=304142&label=gen173nr-10CAQoggJCCmNpdHlfMzU1NzVICVgEaLUBiAEBmAEzuAEHyAEM2AED6AEB-AEBiAIBqAIBuALAkcLTBsACAdICJGZkNjZkNGNmLTNhZGQtNDIyYS04YWIwLTdkZGFkMjg0NzdlMdgCAeACAQ&ucfs=1&arphpl=1&checkin=2026-08-06&checkout=2026-08-07&dest_id=35575&dest_type=city&group_adults=2&req_adults=2&no_rooms=1&group_children=0&req_children=0&hpos=20&hapos=418&sr_order=popularity&srpvid=3fbf57600a54002b&srepoch=1785759986&all_sr_blocks=1685780502_440206878_2_42_0&highlighted_blocks=1685780502_440206878_2_42_0&matching_block_id=1685780502_440206878_2_42_0&sr_pri_blocks=1685780502_440206878_2_42_0__300000&from=searchresults,3000,2.3,3.0,"Johar Town, Lahore",23.9,Budget Double Room,1 extra-large double bed,0,1,1,https://cf.bstatic.com/xdata/images/hotel/square240/893207108.webp?k=e62d59b7e0ad9f23065f8efc10982f1cceff7da9ebee4eecbc4c55c5cbda3b7a&o=,9,Shorkot
Golden Horizon Suite,https://www.booking.com/hotel/pk/eternal-stay.en-gb.html?aid=304142&label=gen173nr-10CAQoggJCCmNpdHlfMzU1NzVICVgEaLUBiAEBmAEzuAEHyAEM2AED6AEB-AEBiAIBqAIBuALAkcLTBsACAdICJGZkNjZkNGNmLTNhZGQtNDIyYS04YWIwLTdkZGFkMjg0NzdlMdgCAeACAQ&ucfs=1&arphpl=1&checkin=2026-08-06&checkout=2026-08-07&dest_id=35575&dest_type=city&group_adults=2&req_adults=2&no_rooms=1&group_children=0&req_children=0&hpos=21&hapos=419&sr_order=popularity&srpvid=3fbf57600a54002b&srepoch=1785759986&all_sr_blocks=1275687601_400440457_2_0_0&highlighted_blocks=1275687601_400440457_2_0_0&matching_block_id=1275687601_400440457_2_0_0&sr_pri_blocks=1275687601_400440457_2_0_0__949905&from=searchresults,9499,7.7,7.0,"Johar Town, Lahore",22.3,Apartment - Ground Floor,"2 beds (1 double, 1 sofa bed)",0,0,0,https://cf.bstatic.com/xdata/images/hotel/square240/666748302.webp?k=45939692b295689eb6c26efe5e0122f325b2e6c24055766127e7723aa187e2c6&o=,8,Shorkot
Hotel Haven Lahore,https://www.booking.com/hotel/pk/haven-lahore-lahore.en-gb.html?aid=304142&label=gen173nr-10CAQoggJCCmNpdHlfMzU1NzVICVgEaLUBiAEBmAEzuAEHyAEM2AED6AEB-AEBiAIBqAIBuALAkcLTBsACAdICJGZkNjZkNGNmLTNhZGQtNDIyYS04YWIwLTdkZGFkMjg0NzdlMdgCAeACAQ&ucfs=1&arphpl=1&checkin=2026-08-06&checkout=2026-08-07&dest_id=35575&dest_type=city&group_adults=2&req_adults=2&no_rooms=1&group_children=0&req_children=0&hpos=22&hapos=420&sr_order=popularity&srpvid=3fbf57600a54002b&srepoch=1785759986&all_sr_blocks=1683980701_440110949_2_1_0&highlighted_blocks=1683980701_440110949_2_1_0&matching_block_id=1683980701_440110949_2_1_0&sr_pri_blocks=1683980701_440110949_2_1_0__459000&from=searchresults,4590,9.3,12.0,"Johar Town, Lahore",23.6,Double Room,1 double bed,1,1,1,https://cf.bstatic.com/xdata/images/hotel/square240/897459284.webp?k=2eb0af5b3f93f209658f28781af67dafb2bd115744ec28efbeb61818ed35a8ad&o=,12,Shorkot
"2BR Stay Parking, Lawn, Laundry and Wi-Fi Privacy",https://www.booking.com/hotel/pk/2br-stay-parking-lawn-laundry-and-wi-fi-privacy.en-gb.html?aid=304142&label=gen173nr-10CAQoggJCCmNpdHlfMzU1NzVICVgEaLUBiAEBmAEzuAEHyAEM2AED6AEB-AEBiAIBqAIBuALAkcLTBsACAdICJGZkNjZkNGNmLTNhZGQtNDIyYS04YWIwLTdkZGFkMjg0NzdlMdgCAeACAQ&ucfs=1&arphpl=1&checkin=2026-08-06&checkout=2026-08-07&dest_id=35575&dest_type=city&group_adults=2&req_adults=2&no_rooms=1&group_children=0&req_children=0&hpos=23&hapos=421&sr_order=popularity&srpvid=3fbf57600a54002b&srepoch=1785759986&all_sr_blocks=1669750401_438777478_6_0_0&highlighted_blocks=1669750401_438777478_6_0_0&matching_block_id=1669750401_438777478_6_0_0&sr_pri_blocks=1669750401_438777478_6_0_0__800000&from=searchresults,8000,10,1.0,Lahore,20.6,Two-Bedroom Apartment,"5 beds (2 doubles, 3 sofa beds)",0,1,1,https://cf.bstatic.com/xdata/images/hotel/square240/885259227.webp?k=971b4a60984974681dc740fbe919af2963dab19e8e9a73343cb88df438af055c&o=,4,Shorkot
Rosewood Lahore,https://www.booking.com/hotel/pk/rw-boutique.en-gb.html?aid=304142&label=gen173nr-10CAQoggJCCmNpdHlfMzU1NzVICVgEaLUBiAEBmAEzuAEHyAEM2AED6AEB-AEBiAIBqAIBuALAkcLTBsACAdICJGZkNjZkNGNmLTNhZGQtNDIyYS04YWIwLTdkZGFkMjg0NzdlMdgCAeACAQ&ucfs=1&arphpl=1&checkin=2026-08-06&checkout=2026-08-07&dest_id=35575&dest_type=city&group_adults=2&req_adults=2&no_rooms=1&group_children=0&req_children=0&hpos=24&hapos=422&sr_order=popularity&srpvid=3fbf57600a54002b&srepoch=1785759986&all_sr_blocks=1135213102_386171692_0_1_0&highlighted_blocks=1135213102_386171692_0_1_0&matching_block_id=1135213102_386171692_0_1_0&sr_pri_blocks=1135213102_386171692_0_1_0__900000&from=searchresults,9000,7.3,44.0,"Johar Town, Lahore",22.2,Standard Double Room,1 double bed,1,1,1,https://cf.bstatic.com/xdata/images/hotel/square240/518972811.webp?k=0e3932c7c0d5d6168ae63c07c1818694e5664eace442f340bb01865a486fed68&o=,5,Shorkot
New Sky View Hotel,https://www.booking.com/hotel/pk/new-sky-view.en-gb.html?aid=304142&label=gen173nr-10CAQoggJCCmNpdHlfMzU1NzVICVgEaLUBiAEBmAEzuAEHyAEM2AED6AEB-AEBiAIBqAIBuALAkcLTBsACAdICJGZkNjZkNGNmLTNhZGQtNDIyYS04YWIwLTdkZGFkMjg0NzdlMdgCAeACAQ&ucfs=1&arphpl=1&checkin=2026-08-06&checkout=2026-08-07&dest_id=35575&dest_type=city&group_adults=2&req_adults=2&no_rooms=1&group_children=0&req_children=0&hpos=25&hapos=423&sr_order=popularity&srpvid=3fbf57600a54002b&srepoch=1785759986&all_sr_blocks=1675040101_439259017_2_2_0&highlighted_blocks=1675040101_439259017_2_2_0&matching_block_id=1675040101_439259017_2_2_0&sr_pri_blocks=1675040101_439259017_2_2_0__535500&from=searchresults,5355,,,"Johar Town, Lahore",23.5,Suite,1 double bed,0,1,1,https://cf.bstatic.com/xdata/images/hotel/square240/890795004.webp?k=ba96fc45ce9119860d5ef8afa9d9b2fff1c82ba8d6f421a2f9772b03a69c79c8&o=,10,Shorkot
Celestial Gold,https://www.booking.com/hotel/pk/celestial-gold.en-gb.html?aid=304142&label=gen173nr-10CAQoggJCCmNpdHlfMzU1NzVICVgEaLUBiAEBmAEzuAEHyAEM2AED6AEB-AEBiAIBqAIBuALAkcLTBsACAdICJGZkNjZkNGNmLTNhZGQtNDIyYS04YWIwLTdkZGFkMjg0NzdlMdgCAeACAQ&ucfs=1&arphpl=1&checkin=2026-08-06&checkout=2026-08-07&dest_id=35575&dest_type=city&group_adults=2&req_adults=2&no_rooms=1&group_children=0&req_children=0&hpos=1&hapos=424&sr_order=popularity&srpvid=3fbf57600a54002b&srepoch=1785759990&all_sr_blocks=1412041202_412942762_0_0_0&highlighted_blocks=1412041202_412942762_0_0_0&matching_block_id=1412041202_412942762_0_0_0&sr_pri_blocks=1412041202_412942762_0_0_0__273600&from=searchresults,2736,6.1,25.0,"Johar Town, Lahore",22.3,Deluxe Family Room,1 large double bed,0,0,0,https://cf.bstatic.com/xdata/images/hotel/square240/681269191.webp?k=0d9877f8738a1253e1dc7a0b327bbfb20907cfabe9b1e10eb63683fc33d70f35&o=,3,Shorkot
Expo Lodges,https://www.booking.com/hotel/pk/expo-lodges.en-gb.html?aid=304142&label=gen173nr-10CAQoggJCCmNpdHlfMzU1NzVICVgEaLUBiAEBmAEzuAEHyAEM2AED6AEB-AEBiAIBqAIBuALAkcLTBsACAdICJGZkNjZkNGNmLTNhZGQtNDIyYS04YWIwLTdkZGFkMjg0NzdlMdgCAeACAQ&ucfs=1&arphpl=1&checkin=2026-08-06&checkout=2026-08-07&dest_id=35575&dest_type=city&group_adults=2&req_adults=2&no_rooms=1&group_children=0&req_children=0&hpos=2&hapos=425&sr_order=popularity&srpvid=3fbf57600a54002b&srepoch=1785759990&all_sr_blocks=1559808405_427082208_2_0_0&highlighted_blocks=1559808405_427082208_2_0_0&matching_block_id=1559808405_427082208_2_0_0&sr_pri_blocks=1559808405_427082208_2_0_0__475000&from=searchresults,4750,6.3,9.0,"Johar Town, Lahore",22.7,Standard Twin Room,2 single beds,0,1,1,https://cf.bstatic.com/xdata/images/hotel/square240/805233858.webp?k=b240ea042b2f042bab4a0ebd75f527a5fc7af2e2988a159f60c3442314d23776&o=,11,Shorkot
City Oasis Boutique Hotel,https://www.booking.com/hotel/pk/city-oasis-boutique.en-gb.html?aid=304142&label=gen173nr-10CAQoggJCCmNpdHlfMzU1NzVICVgEaLUBiAEBmAEzuAEHyAEM2AED6AEB-AEBiAIBqAIBuALAkcLTBsACAdICJGZkNjZkNGNmLTNhZGQtNDIyYS04YWIwLTdkZGFkMjg0NzdlMdgCAeACAQ&ucfs=1&arphpl=1&checkin=2026-08-06&checkout=2026-08-07&dest_id=35575&dest_type=city&group_adults=2&req_adults=2&no_rooms=1&group_children=0&req_children=0&hpos=3&hapos=426&sr_order=popularity&srpvid=3fbf57600a54002b&srepoch=1785759990&all_sr_blocks=1575747002_433542115_2_1_0&highlighted_blocks=1575747002_433542115_2_1_0&matching_block_id=1575747002_433542115_2_1_0&sr_pri_blocks=1575747002_433542115_2_1_0__972000&from=searchresults,9720,9.7,12.0,"Johar Town, Lahore",24.1,Deluxe Twin Room,2 single beds,1,1,1,https://cf.bstatic.com/xdata/images/hotel/square240/820074647.webp?k=bede26d18b9745b06f3273d29f7ff6bce1374172dd4b4530cacd433c99db3c63&o=,10,Shorkot
Guest House & Apartments Johar Town near Emporium & Expo,https://www.booking.com/hotel/pk/red-fort-guest-house.en-gb.html?aid=304142&label=gen173nr-10CAQoggJCCmNpdHlfMzU1NzVICVgEaLUBiAEBmAEzuAEHyAEM2AED6AEB-AEBiAIBqAIBuALAkcLTBsACAdICJGZkNjZkNGNmLTNhZGQtNDIyYS04YWIwLTdkZGFkMjg0NzdlMdgCAeACAQ&ucfs=1&arphpl=1&checkin=2026-08-06&checkout=2026-08-07&dest_id=35575&dest_type=city&group_adults=2&req_adults=2&no_rooms=1&group_children=0&req_children=0&hpos=4&hapos=427&sr_order=popularity&srpvid=3fbf57600a54002b&srepoch=1785759990&all_sr_blocks=680822603_277594462_2_2_0&highlighted_blocks=680822603_277594462_2_2_0&matching_block_id=680822603_277594462_2_2_0&sr_pri_blocks=680822603_277594462_2_2_0__382500&from=searchresults,3825,6.6,17.0,"Johar Town, Lahore",24.8,Deluxe Room,1 large double bed,0,0,0,https://cf.bstatic.com/xdata/images/hotel/square240/271303137.webp?k=acb2968c8b09f9cb89f2dafc0a60267a79c04a0888058fe5c17e9287372d9336&o=,3,Shorkot
Cuzzy Inn Stay,https://www.booking.com/hotel/pk/cuzzy-inn-stay.en-gb.html?aid=304142&label=gen173nr-10CAQoggJCCmNpdHlfMzU1NzVICVgEaLUBiAEBmAEzuAEHyAEM2AED6AEB-AEBiAIBqAIBuALAkcLTBsACAdICJGZkNjZkNGNmLTNhZGQtNDIyYS04YWIwLTdkZGFkMjg0NzdlMdgCAeACAQ&ucfs=1&arphpl=1&checkin=2026-08-06&checkout=2026-08-07&dest_id=35575&dest_type=city&group_adults=2&req_adults=2&no_rooms=1&group_children=0&req_children=0&hpos=5&hapos=428&sr_order=popularity&srpvid=3fbf57600a54002b&srepoch=1785759990&all_sr_blocks=1582868201_429403022_2_2_0&highlighted_blocks=1582868201_429403022_2_2_0&matching_block_id=1582868201_429403022_2_2_0&sr_pri_blocks=1582868201_429403022_2_2_0__468585&from=searchresults,4686,8.4,7.0,Lahore,23.3,Deluxe Queen Room,1 double bed,0,1,1,https://cf.bstatic.com/xdata/images/hotel/square240/900894696.webp?k=3bee2a738ab88d0397646bd5a955800ac215713158e1e96a3b1aa7df2b9c00a4&o=,5,Shorkot
Peaceful studio near emporium,https://www.booking.com/hotel/pk/peaceful-studio-near-emporium.en-gb.html?aid=304142&label=gen173nr-10CAQoggJCCmNpdHlfMzU1NzVICVgEaLUBiAEBmAEzuAEHyAEM2AED6AEB-AEBiAIBqAIBuALAkcLTBsACAdICJGZkNjZkNGNmLTNhZGQtNDIyYS04YWIwLTdkZGFkMjg0NzdlMdgCAeACAQ&ucfs=1&arphpl=1&checkin=2026-08-06&checkout=2026-08-07&dest_id=35575&dest_type=city&group_adults=2&req_adults=2&no_rooms=1&group_children=0&req_children=0&hpos=6&hapos=429&sr_order=popularity&srpvid=3fbf57600a54002b&srepoch=1785759990&all_sr_blocks=1664885801_438349034_2_0_0&highlighted_blocks=1664885801_438349034_2_0_0&matching_block_id=1664885801_438349034_2_0_0&sr_pri_blocks=1664885801_438349034_2_0_0__500000&from=searchresults,5000,,,"Johar Town, Lahore",23.1,One-Bedroom Apartment,1 double bed,0,1,1,https://cf.bstatic.com/xdata/images/hotel/square240/881841797.webp?k=a64b782c9c578e9c8d871d6b8f29ae21304b3a75879a94dd102dadab7a4dbeb0&o=,4,Shorkot
Classy home,https://www.booking.com/hotel/pk/classy-home.en-gb.html?aid=304142&label=gen173nr-10CAQoggJCCmNpdHlfMzU1NzVICVgEaLUBiAEBmAEzuAEHyAEM2AED6AEB-AEBiAIBqAIBuALAkcLTBsACAdICJGZkNjZkNGNmLTNhZGQtNDIyYS04YWIwLTdkZGFkMjg0NzdlMdgCAeACAQ&ucfs=1&arphpl=1&checkin=2026-08-06&checkout=2026-08-07&dest_id=35575&dest_type=city&group_adults=2&req_adults=2&no_rooms=1&group_children=0&req_children=0&hpos=7&hapos=430&sr_order=popularity&srpvid=3fbf57600a54002b&srepoch=1785759990&all_sr_blocks=1668417401_438659762_3_0_0&highlighted_blocks=1668417401_438659762_3_0_0&matching_block_id=1668417401_438659762_3_0_0&sr_pri_blocks=1668417401_438659762_3_0_0__637500&from=searchresults,6375,,,Lahore,21.2,Two-Bedroom House,"3 beds (1 double, 1 sofa bed, 1 large double)",0,1,1,https://cf.bstatic.com/xdata/images/hotel/square240/883962631.webp?k=8f527c26740d1f252821276f60fa415d8452da049f52fc6b1d193c4e7a476dfd&o=,4,Shorkot
Hotel Palm INN,https://www.booking.com/hotel/pk/palm-inn.en-gb.html?aid=304142&label=gen173nr-10CAQoggJCCmNpdHlfMzU1NzVICVgEaLUBiAEBmAEzuAEHyAEM2AED6AEB-AEBiAIBqAIBuALAkcLTBsACAdICJGZkNjZkNGNmLTNhZGQtNDIyYS04YWIwLTdkZGFkMjg0NzdlMdgCAeACAQ&ucfs=1&arphpl=1&checkin=2026-08-06&checkout=2026-08-07&dest_id=35575&dest_type=city&group_adults=2&req_adults=2&no_rooms=1&group_children=0&req_children=0&hpos=8&hapos=431&sr_order=popularity&srpvid=3fbf57600a54002b&srepoch=1785759990&all_sr_blocks=1251163301_397608597_2_2_0&highlighted_blocks=1251163301_397608597_2_2_0&matching_block_id=1251163301_397608597_2_2_0&sr_pri_blocks=1251163301_397608597_2_2_0__304000&from=searchresults,3040,5.0,22.0,"Johar Town, Lahore",23.6,Standard Double Room with Fan,1 double bed,0,0,0,https://cf.bstatic.com/xdata/images/hotel/square240/594052852.webp?k=f9700997b0d374bd76a162cfc9284ce139d7b09be2dcbcdf5d7faaee361a1499&o=,9,Shorkot
Go Room Hotel Lahore,https://www.booking.com/hotel/pk/second-homes-rooms-johar-town.en-gb.html?aid=304142&label=gen173nr-10CAQoggJCCmNpdHlfMzU1NzVICVgEaLUBiAEBmAEzuAEHyAEM2AED6AEB-AEBiAIBqAIBuALAkcLTBsACAdICJGZkNjZkNGNmLTNhZGQtNDIyYS04YWIwLTdkZGFkMjg0NzdlMdgCAeACAQ&ucfs=1&arphpl=1&checkin=2026-08-06&checkout=2026-08-07&dest_id=35575&dest_type=city&group_adults=2&req_adults=2&no_rooms=1&group_children=0&req_children=0&hpos=9&hapos=432&sr_order=popularity&srpvid=3fbf57600a54002b&srepoch=1785759990&all_sr_blocks=813477406_343686776_2_0_0_923725&highlighted_blocks=813477406_343686776_2_0_0_923725&matching_block_id=813477406_343686776_2_0_0_923725&sr_pri_blocks=813477406_343686776_2_0_0_923725_350000&from=searchresults,3500,7.3,174.0,Lahore,22.7,Deluxe Twin Room,2 single beds,0,1,1,https://cf.bstatic.com/xdata/images/hotel/square240/497488863.webp?k=57c15e323ae435e2a5fb14d94b7643bc93b864d7fd4ea200415a765cf36f1830&o=,11,Shorkot
Hotel Johar View,https://www.booking.com/hotel/pk/johar-view-lahore3.en-gb.html?aid=304142&label=gen173nr-10CAQoggJCCmNpdHlfMzU1NzVICVgEaLUBiAEBmAEzuAEHyAEM2AED6AEB-AEBiAIBqAIBuALAkcLTBsACAdICJGZkNjZkNGNmLTNhZGQtNDIyYS04YWIwLTdkZGFkMjg0NzdlMdgCAeACAQ&ucfs=1&arphpl=1&checkin=2026-08-06&checkout=2026-08-07&dest_id=35575&dest_type=city&group_adults=2&req_adults=2&no_rooms=1&group_children=0&req_children=0&hpos=10&hapos=433&sr_order=popularity&srpvid=3fbf57600a54002b&srepoch=1785759990&all_sr_blocks=1691969001_440845162_2_1_0&highlighted_blocks=1691969001_440845162_2_1_0&matching_block_id=1691969001_440845162_2_1_0&sr_pri_blocks=1691969001_440845162_2_1_0__637500&from=searchresults,6375,,,"Johar Town, Lahore",23.6,Deluxe King Room,1 large double bed,1,1,1,https://cf.bstatic.com/xdata/images/hotel/square240/897353068.webp?k=cb8411205f8fc4b8063e695ef95aa2dccd7ffd7b7a635cce5b4636ed1487016a&o=,10,Shorkot
Pakeeza One Hotel,https://www.booking.com/hotel/pk/grand-lahore.en-gb.html?aid=304142&label=gen173nr-10CAQoggJCCmNpdHlfMzU1NzVICVgEaLUBiAEBmAEzuAEHyAEM2AED6AEB-AEBiAIBqAIBuALAkcLTBsACAdICJGZkNjZkNGNmLTNhZGQtNDIyYS04YWIwLTdkZGFkMjg0NzdlMdgCAeACAQ&ucfs=1&arphpl=1&checkin=2026-08-06&checkout=2026-08-07&dest_id=35575&dest_type=city&group_adults=2&req_adults=2&no_rooms=1&group_children=0&req_children=0&hpos=11&hapos=434&sr_order=popularity&srpvid=3fbf57600a54002b&srepoch=1785759990&all_sr_blocks=944657901_366889517_2_2_0&highlighted_blocks=944657901_366889517_2_2_0&matching_block_id=944657901_366889517_2_2_0&sr_pri_blocks=944657901_366889517_2_2_0__344900&from=searchresults,3449,7.5,51.0,"Johar Town, Lahore",23.5,Deluxe Double Room,1 double bed,0,1,1,https://cf.bstatic.com/xdata/images/hotel/square240/598573523.webp?k=d2cfecb080ea6e2fa57c566900f4c4a8f94fe721b491cacafa6627a83d4a2eed&o=,4,Shorkot
Shelton Hotel Johar Town Lahore,https://www.booking.com/hotel/pk/new-shelton-johar-town.en-gb.html?aid=304142&label=gen173nr-10CAQoggJCCmNpdHlfMzU1NzVICVgEaLUBiAEBmAEzuAEHyAEM2AED6AEB-AEBiAIBqAIBuALAkcLTBsACAdICJGZkNjZkNGNmLTNhZGQtNDIyYS04YWIwLTdkZGFkMjg0NzdlMdgCAeACAQ&ucfs=1&arphpl=1&checkin=2026-08-06&checkout=2026-08-07&dest_id=35575&dest_type=city&group_adults=2&req_adults=2&no_rooms=1&group_children=0&req_children=0&hpos=12&hapos=435&sr_order=popularity&srpvid=3fbf57600a54002b&srepoch=1785759990&all_sr_blocks=1259797201_398595599_2_1_0&highlighted_blocks=1259797201_398595599_2_1_0&matching_block_id=1259797201_398595599_2_1_0&sr_pri_blocks=1259797201_398595599_2_1_0__640000&from=searchresults,6400,8.4,25.0,"Johar Town, Lahore",23.6,Deluxe Double Room,1 double bed,1,1,1,https://cf.bstatic.com/xdata/images/hotel/square240/858796328.webp?k=c74cc9b7df179c8e8a110a6c07902fafd8bf6eee3be1cd2793d4caec7c5d1850&o=,11,Shorkot
Blue Horizon Room in JoharTown,https://www.booking.com/hotel/pk/blue-horizon-room-in-johartown.en-gb.html?aid=304142&label=gen173nr-10CAQoggJCCmNpdHlfMzU1NzVICVgEaLUBiAEBmAEzuAEHyAEM2AED6AEB-AEBiAIBqAIBuALAkcLTBsACAdICJGZkNjZkNGNmLTNhZGQtNDIyYS04YWIwLTdkZGFkMjg0NzdlMdgCAeACAQ&ucfs=1&arphpl=1&checkin=2026-08-06&checkout=2026-08-07&dest_id=35575&dest_type=city&group_adults=2&req_adults=2&no_rooms=1&group_children=0&req_children=0&hpos=13&hapos=436&sr_order=popularity&srpvid=3fbf57600a54002b&srepoch=1785759990&all_sr_blocks=1397782901_411659403_2_0_0&highlighted_blocks=1397782901_411659403_2_0_0&matching_block_id=1397782901_411659403_2_0_0&sr_pri_blocks=1397782901_411659403_2_0_0__332561&from=searchresults,3326,6.3,3.0,"Johar Town, Lahore",22.3,Deluxe Family Room,1 extra-large double bed,0,0,0,https://cf.bstatic.com/xdata/images/hotel/square240/672785476.webp?k=46ab3de0c2470319f5f3b465c0d3190ff3222c24a271881a4d99bfc36ef3d705&o=,3,Shorkot
Hotel Five Season Lahore,https://www.booking.com/hotel/pk/five-seasons.en-gb.html?aid=304142&label=gen173nr-10CAQoggJCCmNpdHlfMzU1NzVICVgEaLUBiAEBmAEzuAEHyAEM2AED6AEB-AEBiAIBqAIBuALAkcLTBsACAdICJGZkNjZkNGNmLTNhZGQtNDIyYS04YWIwLTdkZGFkMjg0NzdlMdgCAeACAQ&ucfs=1&arphpl=1&checkin=2026-08-06&checkout=2026-08-07&dest_id=35575&dest_type=city&group_adults=2&req_adults=2&no_rooms=1&group_children=0&req_children=0&hpos=14&hapos=437&sr_order=popularity&srpvid=3fbf57600a54002b&srepoch=1785759990&all_sr_blocks=1126037301_385270611_2_0_0_247079&highlighted_blocks=1126037301_385270611_2_0_0_247079&matching_block_id=1126037301_385270611_2_0_0_247079&sr_pri_blocks=1126037301_385270611_2_0_0_247079_518000&from=searchresults,5180,6.8,65.0,"Johar Town, Lahore",24.2,Deluxe Double Room,1 extra-large double bed,0,1,1,https://cf.bstatic.com/xdata/images/hotel/square240/520992784.webp?k=6214aac9e90195dacb11f83a8bf3f5cdfe46b854b221fd4ca64041e34594e697&o=,12,Shorkot
Hotel HS1,https://www.booking.com/hotel/pk/hs1.en-gb.html?aid=304142&label=gen173nr-10CAQoggJCCmNpdHlfMzU1NzVICVgEaLUBiAEBmAEzuAEHyAEM2AED6AEB-AEBiAIBqAIBuALAkcLTBsACAdICJGZkNjZkNGNmLTNhZGQtNDIyYS04YWIwLTdkZGFkMjg0NzdlMdgCAeACAQ&ucfs=1&arphpl=1&checkin=2026-08-06&checkout=2026-08-07&dest_id=35575&dest_type=city&group_adults=2&req_adults=2&no_rooms=1&group_children=0&req_children=0&hpos=15&hapos=438&sr_order=popularity&srpvid=3fbf57600a54002b&srepoch=1785759990&all_sr_blocks=1267307705_416913771_2_2_0&highlighted_blocks=1267307705_416913771_2_2_0&matching_block_id=1267307705_416913771_2_2_0&sr_pri_blocks=1267307705_416913771_2_2_0__427500&from=searchresults,4275,7.4,73.0,"Johar Town, Lahore",23.8,Deluxe Double Room,1 double bed,0,1,1,https://cf.bstatic.com/xdata/images/hotel/square240/895532299.webp?k=d991b65accca3ba49e1dc4769e33e15639228eba17e754c6f6cd83434e94d43e&o=,11,Shorkot
Maati Spaces - Rooms with Kitchen,https://www.booking.com/hotel/pk/maati-spaces.en-gb.html?aid=304142&label=gen173nr-10CAQoggJCCmNpdHlfMzU1NzVICVgEaLUBiAEBmAEzuAEHyAEM2AED6AEB-AEBiAIBqAIBuALAkcLTBsACAdICJGZkNjZkNGNmLTNhZGQtNDIyYS04YWIwLTdkZGFkMjg0NzdlMdgCAeACAQ&ucfs=1&arphpl=1&checkin=2026-08-06&checkout=2026-08-07&dest_id=35575&dest_type=city&group_adults=2&req_adults=2&no_rooms=1&group_children=0&req_children=0&hpos=16&hapos=439&sr_order=popularity&srpvid=3fbf57600a54002b&srepoch=1785759990&all_sr_blocks=771098602_353200643_2_0_0&highlighted_blocks=771098602_353200643_2_0_0&matching_block_id=771098602_353200643_2_0_0&sr_pri_blocks=771098602_353200643_2_0_0__800000&from=searchresults,8000,10,17.0,Lahore,21.2,Double or Twin Room,2 single beds,0,1,0,https://cf.bstatic.com/xdata/images/hotel/square240/318637756.webp?k=24154f0e23e2ba6df53e220b4320c6d43a1ebe6e1ff0b5ea4ddbc55e9ab87fc5&o=,11,Shorkot
Hotel Grand Orchard,https://www.booking.com/hotel/pk/grand-orchard.en-gb.html?aid=304142&label=gen173nr-10CAQoggJCCmNpdHlfMzU1NzVICVgEaLUBiAEBmAEzuAEHyAEM2AED6AEB-AEBiAIBqAIBuALAkcLTBsACAdICJGZkNjZkNGNmLTNhZGQtNDIyYS04YWIwLTdkZGFkMjg0NzdlMdgCAeACAQ&ucfs=1&arphpl=1&checkin=2026-08-06&checkout=2026-08-07&dest_id=35575&dest_type=city&group_adults=2&req_adults=2&no_rooms=1&group_children=0&req_children=0&hpos=17&hapos=440&sr_order=popularity&srpvid=3fbf57600a54002b&srepoch=1785759990&all_sr_blocks=1582264902_429341809_2_42_0&highlighted_blocks=1582264902_429341809_2_42_0&matching_block_id=1582264902_429341809_2_42_0&sr_pri_blocks=1582264902_429341809_2_42_0__810000&from=searchresults,8100,9.3,23.0,"Johar Town, Lahore",24.1,Double Room,2 double beds,0,0,0,https://cf.bstatic.com/xdata/images/hotel/square240/842580542.webp?k=d19d30b29904ce71b5f09c5f64e82d4d399565f6d9d551f314f38eaf639cc2d8&o=,9,Shorkot
Horizon Hotel,https://www.booking.com/hotel/pk/horizon-lahore.en-gb.html?aid=304142&label=gen173nr-10CAQoggJCCmNpdHlfMzU1NzVICVgEaLUBiAEBmAEzuAEHyAEM2AED6AEB-AEBiAIBqAIBuALAkcLTBsACAdICJGZkNjZkNGNmLTNhZGQtNDIyYS04YWIwLTdkZGFkMjg0NzdlMdgCAeACAQ&ucfs=1&arphpl=1&checkin=2026-08-06&checkout=2026-08-07&dest_id=35575&dest_type=city&group_adults=2&req_adults=2&no_rooms=1&group_children=0&req_children=0&hpos=18&hapos=441&sr_order=popularity&srpvid=3fbf57600a54002b&srepoch=1785759990&all_sr_blocks=769712801_334755025_0_1_0&highlighted_blocks=769712801_334755025_0_1_0&matching_block_id=769712801_334755025_0_1_0&sr_pri_blocks=769712801_334755025_0_1_0__500000&from=searchresults,5000,8.0,79.0,"Johar Town, Lahore",23.5,Deluxe King Room,1 double bed,1,1,1,https://cf.bstatic.com/xdata/images/hotel/square240/323389134.webp?k=687f611f57720a4035a10a3df3f3337abba7c654270b7f68291cf71d4071bc0f&o=,8,Shorkot
Evergreen Escape,https://www.booking.com/hotel/pk/evergreen-escape.en-gb.html?aid=304142&label=gen173nr-10CAQoggJCCmNpdHlfMzU1NzVICVgEaLUBiAEBmAEzuAEHyAEM2AED6AEB-AEBiAIBqAIBuALAkcLTBsACAdICJGZkNjZkNGNmLTNhZGQtNDIyYS04YWIwLTdkZGFkMjg0NzdlMdgCAeACAQ&ucfs=1&arphpl=1&checkin=2026-08-06&checkout=2026-08-07&dest_id=35575&dest_type=city&group_adults=2&req_adults=2&no_rooms=1&group_children=0&req_children=0&hpos=19&hapos=442&sr_order=popularity&srpvid=3fbf57600a54002b&srepoch=1785759990&all_sr_blocks=1412052301_412943216_2_0_0&highlighted_blocks=1412052301_412943216_2_0_0&matching_block_id=1412052301_412943216_2_0_0&sr_pri_blocks=1412052301_412943216_2_0_0__396000&from=searchresults,3960,7.8,21.0,"Johar Town, Lahore",22.3,Deluxe King Room,1 extra-large double bed,0,1,1,https://cf.bstatic.com/xdata/images/hotel/square240/681274916.webp?k=f24455591fd8e02286d5aef567920a6beafd858fe50d90b79594b773f5f33b17&o=,4,Shorkot
Hotel Royal inn,https://www.booking.com/hotel/pk/inn-royal-blue-lahore-lahore.en-gb.html?aid=304142&label=gen173nr-10CAQoggJCCmNpdHlfMzU1NzVICVgEaLUBiAEBmAEzuAEHyAEM2AED6AEB-AEBiAIBqAIBuALAkcLTBsACAdICJGZkNjZkNGNmLTNhZGQtNDIyYS04YWIwLTdkZGFkMjg0NzdlMdgCAeACAQ&ucfs=1&arphpl=1&checkin=2026-08-06&checkout=2026-08-07&dest_id=35575&dest_type=city&group_adults=2&req_adults=2&no_rooms=1&group_children=0&req_children=0&hpos=20&hapos=443&sr_order=popularity&srpvid=3fbf57600a54002b&srepoch=1785759990&all_sr_blocks=1220453808_394198910_2_0_0&highlighted_blocks=1220453808_394198910_2_0_0&matching_block_id=1220453808_394198910_2_0_0&sr_pri_blocks=1220453808_394198910_2_0_0__350000&from=searchresults,3500,2.0,3.0,"Johar Town, Lahore",23.9,Double Room,1 double bed,0,1,1,https://cf.bstatic.com/xdata/images/hotel/square240/565748168.webp?k=8e60b54c04e4a718dbeb556691977859d6a585d163b4a9ad38bf8169ce79a184&o=,4,Shorkot
The Hotel Elegant Lahore,https://www.booking.com/hotel/pk/the-elegant-lahore.en-gb.html?aid=304142&label=gen173nr-10CAQoggJCCmNpdHlfMzU1NzVICVgEaLUBiAEBmAEzuAEHyAEM2AED6AEB-AEBiAIBqAIBuALAkcLTBsACAdICJGZkNjZkNGNmLTNhZGQtNDIyYS04YWIwLTdkZGFkMjg0NzdlMdgCAeACAQ&ucfs=1&arphpl=1&checkin=2026-08-06&checkout=2026-08-07&dest_id=35575&dest_type=city&group_adults=2&req_adults=2&no_rooms=1&group_children=0&req_children=0&hpos=21&hapos=444&sr_order=popularity&srpvid=3fbf57600a54002b&srepoch=1785759990&all_sr_blocks=1667618101_438582644_2_1_0&highlighted_blocks=1667618101_438582644_2_1_0&matching_block_id=1667618101_438582644_2_1_0&sr_pri_blocks=1667618101_438582644_2_1_0__297500&from=searchresults,2975,1.0,1.0,Lahore,24.7,Double Room,1 double bed,1,1,1,https://cf.bstatic.com/xdata/images/hotel/square240/883336798.webp?k=841dd52c66931257130a0339978ec3bfd07d51a6e674053f7b0814427332ae8c&o=,8,Shorkot
Le Aura Grand Hotel,https://www.booking.com/hotel/pk/le-aura-grand-lahore20.en-gb.html?aid=304142&label=gen173nr-10CAQoggJCCmNpdHlfMzU1NzVICVgEaLUBiAEBmAEzuAEHyAEM2AED6AEB-AEBiAIBqAIBuALAkcLTBsACAdICJGZkNjZkNGNmLTNhZGQtNDIyYS04YWIwLTdkZGFkMjg0NzdlMdgCAeACAQ&ucfs=1&arphpl=1&checkin=2026-08-06&checkout=2026-08-07&dest_id=35575&dest_type=city&group_adults=2&req_adults=2&no_rooms=1&group_children=0&req_children=0&hpos=22&hapos=445&sr_order=popularity&srpvid=3fbf57600a54002b&srepoch=1785759990&all_sr_blocks=1495441203_426322987_0_2_0&highlighted_blocks=1495441203_426322987_0_2_0&matching_block_id=1495441203_426322987_0_2_0&sr_pri_blocks=1495441203_426322987_0_2_0__1620000&from=searchresults,16200,9.1,10.0,Lahore,20.4,Deluxe Queen Room,1 large double bed,0,1,1,https://cf.bstatic.com/xdata/images/hotel/square240/797652299.webp?k=e69c5090b0eea44b5969d3eac745eb62a375048f19e29cedfd17a85de2543135&o=,12,Shorkot
Moon Palace Hotel Lahore,https://www.booking.com/hotel/pk/moon-palace-lahore1.en-gb.html?aid=304142&label=gen173nr-10CAQoggJCCmNpdHlfMzU1NzVICVgEaLUBiAEBmAEzuAEHyAEM2AED6AEB-AEBiAIBqAIBuALAkcLTBsACAdICJGZkNjZkNGNmLTNhZGQtNDIyYS04YWIwLTdkZGFkMjg0NzdlMdgCAeACAQ&ucfs=1&arphpl=1&checkin=2026-08-06&checkout=2026-08-07&dest_id=35575&dest_type=city&group_adults=2&req_adults=2&no_rooms=1&group_children=0&req_children=0&hpos=23&hapos=446&sr_order=popularity&srpvid=3fbf57600a54002b&srepoch=1785759990&all_sr_blocks=1087586601_381868324_0_0_0&highlighted_blocks=1087586601_381868324_0_0_0&matching_block_id=1087586601_381868324_0_0_0&sr_pri_blocks=1087586601_381868324_0_0_0__460000&from=searchresults,4600,7.1,47.0,"Johar Town, Lahore",25.0,Deluxe Double Room,1 large double bed,0,1,1,https://cf.bstatic.com/xdata/images/hotel/square240/833485871.webp?k=3dc512c7b5768691c59b769e6e31b6b14f476adf3528573f81d0b7d16d46eba9&o=,11,Shorkot
Pine Stay Premium 3 Bedroom Furnished Family Home,https://www.booking.com/hotel/pk/3-bedrooms-fully-serviced-house.en-gb.html?aid=304142&label=gen173nr-10CAQoggJCCmNpdHlfMzU1NzVICVgEaLUBiAEBmAEzuAEHyAEM2AED6AEB-AEBiAIBqAIBuALAkcLTBsACAdICJGZkNjZkNGNmLTNhZGQtNDIyYS04YWIwLTdkZGFkMjg0NzdlMdgCAeACAQ&ucfs=1&arphpl=1&checkin=2026-08-06&checkout=2026-08-07&dest_id=35575&dest_type=city&group_adults=2&req_adults=2&no_rooms=1&group_children=0&req_children=0&hpos=24&hapos=447&sr_order=popularity&srpvid=3fbf57600a54002b&srepoch=1785759990&all_sr_blocks=1055004701_424118111_4_0_0_1168907&highlighted_blocks=1055004701_424118111_4_0_0_1168907&matching_block_id=1055004701_424118111_4_0_0_1168907&sr_pri_blocks=1055004701_424118111_4_0_0_1168907_1334800&from=searchresults,13348,8.1,36.0,Lahore,21.7,Three-Bedroom House,"6 beds (2 singles, 2 extra-large doubles, 2 futons)",0,1,0,https://cf.bstatic.com/xdata/images/hotel/square240/813351027.webp?k=e1eb15a141354957b838563e8b45a36b8d0bc8698769815814aaf98e63d046e6&o=,13,Shorkot
Global Inn Hotel & Apartments,https://www.booking.com/hotel/pk/global-inn-amp-apartments.en-gb.html?aid=304142&label=gen173nr-10CAQoggJCCmNpdHlfMzU1NzVICVgEaLUBiAEBmAEzuAEHyAEM2AED6AEB-AEBiAIBqAIBuALAkcLTBsACAdICJGZkNjZkNGNmLTNhZGQtNDIyYS04YWIwLTdkZGFkMjg0NzdlMdgCAeACAQ&ucfs=1&arphpl=1&checkin=2026-08-06&checkout=2026-08-07&dest_id=35575&dest_type=city&group_adults=2&req_adults=2&no_rooms=1&group_children=0&req_children=0&hpos=25&hapos=448&sr_order=popularity&srpvid=3fbf57600a54002b&srepoch=1785759990&all_sr_blocks=1668762902_438691561_2_1_0&highlighted_blocks=1668762902_438691561_2_1_0&matching_block_id=1668762902_438691561_2_1_0&sr_pri_blocks=1668762902_438691561_2_1_0__637200&from=searchresults,6372,4.0,1.0,"Johar Town, Lahore",23.5,Deluxe Twin Room,2 single beds,1,1,1,https://cf.bstatic.com/xdata/images/hotel/square240/889298255.webp?k=db7002372687092466a66fbe7d4f1fe52955d5e1aed620f3b480089f20d39495&o=,11,Shorkot
2BR Unique Rooftop Retreat - Staycation & Events,https://www.booking.com/hotel/pk/2br-container-style-retreat-near-emporium-amp-expo.en-gb.html?aid=304142&label=gen173nr-10CAQoggJCCmNpdHlfMzU1NzVICVgEaLUBiAEBmAEzuAEHyAEM2AED6AEB-AEBiAIBqAIBuALAkcLTBsACAdICJGZkNjZkNGNmLTNhZGQtNDIyYS04YWIwLTdkZGFkMjg0NzdlMdgCAeACAQ&ucfs=1&arphpl=1&checkin=2026-08-06&checkout=2026-08-07&dest_id=35575&dest_type=city&group_adults=2&req_adults=2&no_rooms=1&group_children=0&req_children=0&hpos=1&hapos=449&sr_order=popularity&srpvid=3fbf57600a54002b&srepoch=1785759993&all_sr_blocks=1642439001_434419372_6_0_0_1418037&highlighted_blocks=1642439001_434419372_6_0_0_1418037&matching_block_id=1642439001_434419372_6_0_0_1418037&sr_pri_blocks=1642439001_434419372_6_0_0_1418037_1499900&from=searchresults,14999,10,3.0,Lahore,22.7,Two-Bedroom House,"4 beds (2 extra-large doubles, 2 futons)",0,1,1,https://cf.bstatic.com/xdata/images/hotel/square240/868224806.webp?k=2339ff6f4a034b29566186f1468d7fc106f74ff92c7fdae9d33f8de339288908&o=,4,Shorkot
Lovely 1 Bed Luxury Apartment & Family Rooms near Emporium,https://www.booking.com/hotel/pk/lovely-1-bed-luxury-apartment-near-emporium.en-gb.html?aid=304142&label=gen173nr-10CAQoggJCCmNpdHlfMzU1NzVICVgEaLUBiAEBmAEzuAEHyAEM2AED6AEB-AEBiAIBqAIBuALAkcLTBsACAdICJGZkNjZkNGNmLTNhZGQtNDIyYS04YWIwLTdkZGFkMjg0NzdlMdgCAeACAQ&ucfs=1&arphpl=1&checkin=2026-08-06&checkout=2026-08-07&dest_id=35575&dest_type=city&group_adults=2&req_adults=2&no_rooms=1&group_children=0&req_children=0&hpos=2&hapos=450&sr_order=popularity&srpvid=3fbf57600a54002b&srepoch=1785759993&all_sr_blocks=1569881202_428079164_2_0_0&highlighted_blocks=1569881202_428079164_2_0_0&matching_block_id=1569881202_428079164_2_0_0&sr_pri_blocks=1569881202_428079164_2_0_0__450000&from=searchresults,4500,,,"Johar Town, Lahore",23.3,Deluxe Double or Twin Room with Balcony,2 single beds,0,1,1,https://cf.bstatic.com/xdata/images/hotel/square240/813347927.webp?k=e6b8d5712c76ed6ffff07631b1372dba20155f7ec32cc247e5237748b9d2e57c&o=,12,Shorkot
Go Guest House Lahore,https://www.booking.com/hotel/pk/the-lahore-guest-house.en-gb.html?aid=304142&label=gen173nr-10CAQoggJCCmNpdHlfMzU1NzVICVgEaLUBiAEBmAEzuAEHyAEM2AED6AEB-AEBiAIBqAIBuALAkcLTBsACAdICJGZkNjZkNGNmLTNhZGQtNDIyYS04YWIwLTdkZGFkMjg0NzdlMdgCAeACAQ&ucfs=1&arphpl=1&checkin=2026-08-06&checkout=2026-08-07&dest_id=35575&dest_type=city&group_adults=2&req_adults=2&no_rooms=1&group_children=0&req_children=0&hpos=3&hapos=451&sr_order=popularity&srpvid=3fbf57600a54002b&srepoch=1785759993&all_sr_blocks=1132179601_385853182_2_0_0&highlighted_blocks=1132179601_385853182_2_0_0&matching_block_id=1132179601_385853182_2_0_0&sr_pri_blocks=1132179601_385853182_2_0_0__456000&from=searchresults,4560,7.6,42.0,"Johar Town, Lahore",22.9,Deluxe Double Room,1 double bed,0,1,1,https://cf.bstatic.com/xdata/images/hotel/square240/577175869.webp?k=bf2ede2ef2f5c7992d41f9743324a74a96d7718e0b83047c394d87e87f640a47&o=,12,Shorkot
Lotus One Hotel,https://www.booking.com/hotel/pk/lotus-one.en-gb.html?aid=304142&label=gen173nr-10CAQoggJCCmNpdHlfMzU1NzVICVgEaLUBiAEBmAEzuAEHyAEM2AED6AEB-AEBiAIBqAIBuALAkcLTBsACAdICJGZkNjZkNGNmLTNhZGQtNDIyYS04YWIwLTdkZGFkMjg0NzdlMdgCAeACAQ&ucfs=1&arphpl=1&checkin=2026-08-06&checkout=2026-08-07&dest_id=35575&dest_type=city&group_adults=2&req_adults=2&no_rooms=1&group_children=0&req_children=0&hpos=4&hapos=452&sr_order=popularity&srpvid=3fbf57600a54002b&srepoch=1785759993&all_sr_blocks=1002636304_432437323_0_2_0&highlighted_blocks=1002636304_432437323_0_2_0&matching_block_id=1002636304_432437323_0_2_0&sr_pri_blocks=1002636304_432437323_0_2_0__510000&from=searchresults,5100,7.8,46.0,"Johar Town, Lahore",23.9,Deluxe Double or Twin Room,2 single beds,0,1,1,https://cf.bstatic.com/xdata/images/hotel/square240/850583429.webp?k=950cbf6e576b150135a8626d906942338cc9d7e7ef6f2e60c0c08ef6c7bd1f7a&o=,11,Shorkot
Black Velvet Apartment by MZ Heights,https://www.booking.com/hotel/pk/luxury-aesthetic-cozy-apartment-by-mz-heights.en-gb.html?aid=304142&label=gen173nr-10CAQoggJCCmNpdHlfMzU1NzVICVgEaLUBiAEBmAEzuAEHyAEM2AED6AEB-AEBiAIBqAIBuALAkcLTBsACAdICJGZkNjZkNGNmLTNhZGQtNDIyYS04YWIwLTdkZGFkMjg0NzdlMdgCAeACAQ&ucfs=1&arphpl=1&checkin=2026-08-06&checkout=2026-08-07&dest_id=35575&dest_type=city&group_adults=2&req_adults=2&no_rooms=1&group_children=0&req_children=0&hpos=5&hapos=453&sr_order=popularity&srpvid=3fbf57600a54002b&srepoch=1785759993&all_sr_blocks=1588836801_429986186_2_0_0&highlighted_blocks=1588836801_429986186_2_0_0&matching_block_id=1588836801_429986186_2_0_0&sr_pri_blocks=1588836801_429986186_2_0_0__600000&from=searchresults,6000,1.0,2.0,"Johar Town, Lahore",23.1,One-Bedroom Apartment,1 extra-large double bed,0,1,1,https://cf.bstatic.com/xdata/images/hotel/square240/828626918.webp?k=8fbe2ecb495b3e3acbe479952f533249cefc79f023b5fd9d3259201deebf7c05&o=,4,Shorkot
Khyber Hotel,https://www.booking.com/hotel/pk/khyber-lahore2.en-gb.html?aid=304142&label=gen173nr-10CAQoggJCCmNpdHlfMzU1NzVICVgEaLUBiAEBmAEzuAEHyAEM2AED6AEB-AEBiAIBqAIBuALAkcLTBsACAdICJGZkNjZkNGNmLTNhZGQtNDIyYS04YWIwLTdkZGFkMjg0NzdlMdgCAeACAQ&ucfs=1&arphpl=1&checkin=2026-08-06&checkout=2026-08-07&dest_id=35575&dest_type=city&group_adults=2&req_adults=2&no_rooms=1&group_children=0&req_children=0&hpos=6&hapos=454&sr_order=popularity&srpvid=3fbf57600a54002b&srepoch=1785759993&all_sr_blocks=1621396201_432947689_2_2_0&highlighted_blocks=1621396201_432947689_2_2_0&matching_block_id=1621396201_432947689_2_2_0&sr_pri_blocks=1621396201_432947689_2_2_0__344900&from=searchresults,3449,,,"Johar Town, Lahore",23.6,Deluxe Double Room,1 double bed,0,1,1,https://cf.bstatic.com/xdata/images/hotel/square240/856434926.webp?k=644ee506aba2ab274de25ac6e7fd1eb76782d4dda5ed7cf8aa3f6db9cd5acada&o=,4,Shorkot
Hotel Crown Lahore,https://www.booking.com/hotel/pk/crown-lahore.en-gb.html?aid=304142&label=gen173nr-10CAQoggJCCmNpdHlfMzU1NzVICVgEaLUBiAEBmAEzuAEHyAEM2AED6AEB-AEBiAIBqAIBuALAkcLTBsACAdICJGZkNjZkNGNmLTNhZGQtNDIyYS04YWIwLTdkZGFkMjg0NzdlMdgCAeACAQ&ucfs=1&arphpl=1&checkin=2026-08-06&checkout=2026-08-07&dest_id=35575&dest_type=city&group_adults=2&req_adults=2&no_rooms=1&group_children=0&req_children=0&hpos=7&hapos=455&sr_order=popularity&srpvid=3fbf57600a54002b&srepoch=1785759993&all_sr_blocks=1214944401_393706466_2_1_0_871866&highlighted_blocks=1214944401_393706466_2_1_0_871866&matching_block_id=1214944401_393706466_2_1_0_871866&sr_pri_blocks=1214944401_393706466_2_1_0_871866_581000&from=searchresults,5810,7.2,334.0,"Johar Town, Lahore",23.5,Deluxe Double Room,1 extra-large double bed,1,1,1,https://cf.bstatic.com/xdata/images/hotel/square240/562868930.webp?k=f5464864268147b4c52bc3c0d781deaf9a427a8730c106845da563de87f6a1f1&o=,12,Shorkot
GO Luxury Grand Hotel,https://www.booking.com/hotel/pk/royal-in-tow.en-gb.html?aid=304142&label=gen173nr-10CAQoggJCCmNpdHlfMzU1NzVICVgEaLUBiAEBmAEzuAEHyAEM2AED6AEB-AEBiAIBqAIBuALAkcLTBsACAdICJGZkNjZkNGNmLTNhZGQtNDIyYS04YWIwLTdkZGFkMjg0NzdlMdgCAeACAQ&ucfs=1&arphpl=1&checkin=2026-08-06&checkout=2026-08-07&dest_id=35575&dest_type=city&group_adults=2&req_adults=2&no_rooms=1&group_children=0&req_children=0&hpos=8&hapos=456&sr_order=popularity&srpvid=3fbf57600a54002b&srepoch=1785759993&all_sr_blocks=785138302_338028133_2_41_0&highlighted_blocks=785138302_338028133_2_41_0&matching_block_id=785138302_338028133_2_41_0&sr_pri_blocks=785138302_338028133_2_41_0__560000&from=searchresults,5600,6.8,53.0,"Johar Town, Lahore",23.4,Deluxe Twin Room,2 single beds,1,1,1,https://cf.bstatic.com/xdata/images/hotel/square240/755503750.webp?k=0d9e21ace4c5864841151e17d192eb750e820caa193c0f7fb7c8f1a52c964dc6&o=,11,Shorkot
Zam zam Mall Joher Town,https://www.booking.com/hotel/pk/zam-zam-mall-joher-town.en-gb.html?aid=304142&label=gen173nr-10CAQoggJCCmNpdHlfMzU1NzVICVgEaLUBiAEBmAEzuAEHyAEM2AED6AEB-AEBiAIBqAIBuALAkcLTBsACAdICJGZkNjZkNGNmLTNhZGQtNDIyYS04YWIwLTdkZGFkMjg0NzdlMdgCAeACAQ&ucfs=1&arphpl=1&checkin=2026-08-06&checkout=2026-08-07&dest_id=35575&dest_type=city&group_adults=2&req_adults=2&no_rooms=1&group_children=0&req_children=0&hpos=9&hapos=457&sr_order=popularity&srpvid=3fbf57600a54002b&srepoch=1785759993&all_sr_blocks=1552270801_426404436_3_1_0&highlighted_blocks=1552270801_426404436_3_1_0&matching_block_id=1552270801_426404436_3_1_0&sr_pri_blocks=1552270801_426404436_3_1_0__600000&from=searchresults,6000,,,"Johar Town, Lahore",24.1,One-Bedroom Apartment,"2 beds (1 double, 1 sofa bed)",1,1,1,https://cf.bstatic.com/xdata/images/hotel/square240/798223819.webp?k=5f6ba8b11ab21825f689564c838fe63be2721419bd3bb36340ac6f22bc20bcf8&o=,4,Shorkot
Okasha Tower One Hotel,https://www.booking.com/hotel/pk/okasha-tower-one.en-gb.html?aid=304142&label=gen173nr-10CAQoggJCCmNpdHlfMzU1NzVICVgEaLUBiAEBmAEzuAEHyAEM2AED6AEB-AEBiAIBqAIBuALAkcLTBsACAdICJGZkNjZkNGNmLTNhZGQtNDIyYS04YWIwLTdkZGFkMjg0NzdlMdgCAeACAQ&ucfs=1&arphpl=1&checkin=2026-08-06&checkout=2026-08-07&dest_id=35575&dest_type=city&group_adults=2&req_adults=2&no_rooms=1&group_children=0&req_children=0&hpos=10&hapos=458&sr_order=popularity&srpvid=3fbf57600a54002b&srepoch=1785759993&all_sr_blocks=1613145501_432212552_2_0_0&highlighted_blocks=1613145501_432212552_2_0_0&matching_block_id=1613145501_432212552_2_0_0&sr_pri_blocks=1613145501_432212552_2_0_0__595000&from=searchresults,5950,1.0,1.0,Rāiwind,20.2,One-Bedroom Apartment,"8 beds (2 singles, 2 doubles, 2 extra-large doubles, 2 large doubles)",0,1,1,https://cf.bstatic.com/xdata/images/hotel/square240/848607837.webp?k=17f1f859e91b744ab23335844dfe85d22e70a725df601010f3bd4b6cffc6113f&o=,4,Shorkot
Shelton Boulevard Hotel Lahore,https://www.booking.com/hotel/pk/rk-guest-house.en-gb.html?aid=304142&label=gen173nr-10CAQoggJCCmNpdHlfMzU1NzVICVgEaLUBiAEBmAEzuAEHyAEM2AED6AEB-AEBiAIBqAIBuALAkcLTBsACAdICJGZkNjZkNGNmLTNhZGQtNDIyYS04YWIwLTdkZGFkMjg0NzdlMdgCAeACAQ&ucfs=1&arphpl=1&checkin=2026-08-06&checkout=2026-08-07&dest_id=35575&dest_type=city&group_adults=2&req_adults=2&no_rooms=1&group_children=0&req_children=0&hpos=11&hapos=459&sr_order=popularity&srpvid=3fbf57600a54002b&srepoch=1785759993&all_sr_blocks=1047737913_391655218_2_1_0_290433&highlighted_blocks=1047737913_391655218_2_1_0_290433&matching_block_id=1047737913_391655218_2_1_0_290433&sr_pri_blocks=1047737913_391655218_2_1_0_290433_850000&from=searchresults,8500,7.5,359.0,"Johar Town, Lahore",22.2,Deluxe Twin Room,2 single beds,1,1,1,https://cf.bstatic.com/xdata/images/hotel/square240/525078321.webp?k=6eda21b4588ae9a7bcc4a8d27d8afa3aba04c650641dfb645bf553986033c77e&o=,11,Shorkot
Shelton Hotel Lahore,https://www.booking.com/hotel/pk/shelton-inn-lahore.en-gb.html?aid=304142&label=gen173nr-10CAQoggJCCmNpdHlfMzU1NzVICVgEaLUBiAEBmAEzuAEHyAEM2AED6AEB-AEBiAIBqAIBuALAkcLTBsACAdICJGZkNjZkNGNmLTNhZGQtNDIyYS04YWIwLTdkZGFkMjg0NzdlMdgCAeACAQ&ucfs=1&arphpl=1&checkin=2026-08-06&checkout=2026-08-07&dest_id=35575&dest_type=city&group_adults=2&req_adults=2&no_rooms=1&group_children=0&req_children=0&hpos=12&hapos=460&sr_order=popularity&srpvid=3fbf57600a54002b&srepoch=1785759993&all_sr_blocks=1143611701_387217000_2_1_0&highlighted_blocks=1143611701_387217000_2_1_0&matching_block_id=1143611701_387217000_2_1_0&sr_pri_blocks=1143611701_387217000_2_1_0__640000&from=searchresults,6400,7.3,103.0,"Johar Town, Lahore",22.7,Deluxe Double Room,1 double bed,1,1,1,https://cf.bstatic.com/xdata/images/hotel/square240/524751006.webp?k=940bed3860592c3103bb0679606462e648197a226bd689c7429eab6c379e480f&o=,12,Shorkot
Furnished Private 1 BR Ground Floor in DHA near Ring Road,https://www.booking.com/hotel/pk/pasha-house.en-gb.html?aid=304142&label=gen173nr-10CAQoggJCCmNpdHlfMzU1NzVICVgEaLUBiAEBmAEzuAEHyAEM2AED6AEB-AEBiAIBqAIBuALAkcLTBsACAdICJGZkNjZkNGNmLTNhZGQtNDIyYS04YWIwLTdkZGFkMjg0NzdlMdgCAeACAQ&ucfs=1&arphpl=1&checkin=2026-08-06&checkout=2026-08-07&dest_id=35575&dest_type=city&group_adults=2&req_adults=2&no_rooms=1&group_children=0&req_children=0&hpos=13&hapos=461&sr_order=popularity&srpvid=3fbf57600a54002b&srepoch=1785759993&all_sr_blocks=889430001_412093121_2_0_0&highlighted_blocks=889430001_412093121_2_0_0&matching_block_id=889430001_412093121_2_0_0&sr_pri_blocks=889430001_412093121_2_0_0__700000&from=searchresults,7000,9.6,15.0,Lahore,23.0,Standard Double Room,"2 beds (1 extra-large double, 1 sofa bed)",0,1,0,https://cf.bstatic.com/xdata/images/hotel/square240/666471786.webp?k=f7b5019a7ac94d7b1f184ea8080adfc85517a275d3cf26237d86725f05b86e54&o=,3,Shorkot
Fully Serviced Holiday Homes Near Emporium Mall & Expo Center,https://www.booking.com/hotel/pk/7-br-serviced-holiday-home-near-emporium-mall.en-gb.html?aid=304142&label=gen173nr-10CAQoggJCCmNpdHlfMzU1NzVICVgEaLUBiAEBmAEzuAEHyAEM2AED6AEB-AEBiAIBqAIBuALAkcLTBsACAdICJGZkNjZkNGNmLTNhZGQtNDIyYS04YWIwLTdkZGFkMjg0NzdlMdgCAeACAQ&ucfs=1&arphpl=1&checkin=2026-08-06&checkout=2026-08-07&dest_id=35575&dest_type=city&group_adults=2&req_adults=2&no_rooms=1&group_children=0&req_children=0&hpos=14&hapos=462&sr_order=popularity&srpvid=3fbf57600a54002b&srepoch=1785759993&all_sr_blocks=1456113703_416907051_6_0_0_1143185&highlighted_blocks=1456113703_416907051_6_0_0_1143185&matching_block_id=1456113703_416907051_6_0_0_1143185&sr_pri_blocks=1456113703_416907051_6_0_0_1143185_1349910&from=searchresults,13499,10,3.0,Lahore,22.8,Two-Bedroom House,"4 beds (2 doubles, 2 futons)",0,1,1,https://cf.bstatic.com/xdata/images/hotel/square240/712749731.webp?k=b2807203f7872607b83daee5fded46e8bb1287f642a9006c0ac193ab697caad0&o=,6,Shorkot
Aadam's,https://www.booking.com/hotel/pk/adams.en-gb.html?aid=304142&label=gen173nr-10CAQoggJCCmNpdHlfMzU1NzVICVgEaLUBiAEBmAEzuAEHyAEM2AED6AEB-AEBiAIBqAIBuALAkcLTBsACAdICJGZkNjZkNGNmLTNhZGQtNDIyYS04YWIwLTdkZGFkMjg0NzdlMdgCAeACAQ&ucfs=1&arphpl=1&checkin=2026-08-06&checkout=2026-08-07&dest_id=35575&dest_type=city&group_adults=2&req_adults=2&no_rooms=1&group_children=0&req_children=0&hpos=15&hapos=463&sr_order=popularity&srpvid=3fbf57600a54002b&srepoch=1785759993&all_sr_blocks=1252069601_439417066_0_0_0&highlighted_blocks=1252069601_439417066_0_0_0&matching_block_id=1252069601_439417066_0_0_0&sr_pri_blocks=1252069601_439417066_0_0_0__649400&from=searchresults,6494,7.7,4.0,Lahore,22.2,Executive Suite,1 extra-large double bed,0,1,1,https://cf.bstatic.com/xdata/images/hotel/square240/721337653.webp?k=bb5903817023d2484c47e37c9188abf3e2af239ebfbe07798942279cef96cdb7&o=,4,Shorkot
Lahore Guest House 4'9,https://www.booking.com/hotel/pk/go-guest-house-emporium.en-gb.html?aid=304142&label=gen173nr-10CAQoggJCCmNpdHlfMzU1NzVICVgEaLUBiAEBmAEzuAEHyAEM2AED6AEB-AEBiAIBqAIBuALAkcLTBsACAdICJGZkNjZkNGNmLTNhZGQtNDIyYS04YWIwLTdkZGFkMjg0NzdlMdgCAeACAQ&ucfs=1&arphpl=1&checkin=2026-08-06&checkout=2026-08-07&dest_id=35575&dest_type=city&group_adults=2&req_adults=2&no_rooms=1&group_children=0&req_children=0&hpos=16&hapos=464&sr_order=popularity&srpvid=3fbf57600a54002b&srepoch=1785759993&all_sr_blocks=1219094901_394074789_0_0_0&highlighted_blocks=1219094901_394074789_0_0_0&matching_block_id=1219094901_394074789_0_0_0&sr_pri_blocks=1219094901_394074789_0_0_0__448000&from=searchresults,4480,7.6,64.0,"Johar Town, Lahore",22.9,Double Room,1 double bed,0,1,1,https://cf.bstatic.com/xdata/images/hotel/square240/573853631.webp?k=92ec7b130278c22ca02e0dd7a57f777f51b7a3511445e68dd49d24bf79a0e4c7&o=,12,Shorkot
Hotel Royal Grace,https://www.booking.com/hotel/pk/royal-grace-lahore1.en-gb.html?aid=304142&label=gen173nr-10CAQoggJCCmNpdHlfMzU1NzVICVgEaLUBiAEBmAEzuAEHyAEM2AED6AEB-AEBiAIBqAIBuALAkcLTBsACAdICJGZkNjZkNGNmLTNhZGQtNDIyYS04YWIwLTdkZGFkMjg0NzdlMdgCAeACAQ&ucfs=1&arphpl=1&checkin=2026-08-06&checkout=2026-08-07&dest_id=35575&dest_type=city&group_adults=2&req_adults=2&no_rooms=1&group_children=0&req_children=0&hpos=17&hapos=465&sr_order=popularity&srpvid=3fbf57600a54002b&srepoch=1785759993&all_sr_blocks=1205324107_392748872_0_0_0&highlighted_blocks=1205324107_392748872_0_0_0&matching_block_id=1205324107_392748872_0_0_0&sr_pri_blocks=1205324107_392748872_0_0_0__309600&from=searchresults,3096,5.5,21.0,"Johar Town, Lahore",23.4,Standard Double Room with Fan,1 double bed,0,0,0,https://cf.bstatic.com/xdata/images/hotel/square240/701429707.webp?k=667bd0746a1e3b46bb0d4d8f764e7bee86abfe36046a7eda334c790eec73e306&o=,9,Shorkot
Hotel Breezy Lahore,https://www.booking.com/hotel/pk/breezy-lahore-lahore1.en-gb.html?aid=304142&label=gen173nr-10CAQoggJCCmNpdHlfMzU1NzVICVgEaLUBiAEBmAEzuAEHyAEM2AED6AEB-AEBiAIBqAIBuALAkcLTBsACAdICJGZkNjZkNGNmLTNhZGQtNDIyYS04YWIwLTdkZGFkMjg0NzdlMdgCAeACAQ&ucfs=1&arphpl=1&checkin=2026-08-06&checkout=2026-08-07&dest_id=35575&dest_type=city&group_adults=2&req_adults=2&no_rooms=1&group_children=0&req_children=0&hpos=18&hapos=466&sr_order=popularity&srpvid=3fbf57600a54002b&srepoch=1785759993&all_sr_blocks=1305025001_403357186_2_1_0&highlighted_blocks=1305025001_403357186_2_1_0&matching_block_id=1305025001_403357186_2_1_0&sr_pri_blocks=1305025001_403357186_2_1_0__693000&from=searchresults,6930,8.3,90.0,"Johar Town, Lahore",23.5,Deluxe Double Room,1 double bed,1,1,1,https://cf.bstatic.com/xdata/images/hotel/square240/610977311.webp?k=ff5075ee70d11dd584697c944bf2f24d8cdc2dfc9edf75858560b75b6f519111&o=,12,Shorkot
Family Rooms in Johar Town,https://www.booking.com/hotel/pk/al-nafay-guest-house-r1.en-gb.html?aid=304142&label=gen173nr-10CAQoggJCCmNpdHlfMzU1NzVICVgEaLUBiAEBmAEzuAEHyAEM2AED6AEB-AEBiAIBqAIBuALAkcLTBsACAdICJGZkNjZkNGNmLTNhZGQtNDIyYS04YWIwLTdkZGFkMjg0NzdlMdgCAeACAQ&ucfs=1&arphpl=1&checkin=2026-08-06&checkout=2026-08-07&dest_id=35575&dest_type=city&group_adults=2&req_adults=2&no_rooms=1&group_children=0&req_children=0&hpos=19&hapos=467&sr_order=popularity&srpvid=3fbf57600a54002b&srepoch=1785759993&all_sr_blocks=714153001_298457615_2_1_0&highlighted_blocks=714153001_298457615_2_1_0&matching_block_id=714153001_298457615_2_1_0&sr_pri_blocks=714153001_298457615_2_1_0__495000&from=searchresults,4950,,,"Johar Town, Lahore",24.0,Standard Double Room,1 large double bed,1,0,0,https://cf.bstatic.com/xdata/images/hotel/square240/289233600.webp?k=60bbc1f05111c214f5a10e46b3d5dd0471edea10ffc6e761c64c99d9706de60f&o=,11,Shorkot
Peak Tower,https://www.booking.com/hotel/pk/peak-tower.en-gb.html?aid=304142&label=gen173nr-10CAQoggJCCmNpdHlfMzU1NzVICVgEaLUBiAEBmAEzuAEHyAEM2AED6AEB-AEBiAIBqAIBuALAkcLTBsACAdICJGZkNjZkNGNmLTNhZGQtNDIyYS04YWIwLTdkZGFkMjg0NzdlMdgCAeACAQ&ucfs=1&arphpl=1&checkin=2026-08-06&checkout=2026-08-07&dest_id=35575&dest_type=city&group_adults=2&req_adults=2&no_rooms=1&group_children=0&req_children=0&hpos=20&hapos=468&sr_order=popularity&srpvid=3fbf57600a54002b&srepoch=1785759993&all_sr_blocks=970193403_405716983_0_1_0&highlighted_blocks=970193403_405716983_0_1_0&matching_block_id=970193403_405716983_0_1_0&sr_pri_blocks=970193403_405716983_0_1_0__1708000&from=searchresults,17080,8.1,29.0,"Johar Town, Lahore",24.2,Studio Apartment,1 large double bed,1,0,1,https://cf.bstatic.com/xdata/images/hotel/square240/559719828.webp?k=3e01fa0ae1ab05f1818168b81b154dd1b49da730c8d7a62dc19e73465654b28e&o=,12,Shorkot
Dove inn Hotel near Shaukat Khanum Hospital,https://www.booking.com/hotel/pk/dove-inn-johar-town.en-gb.html?aid=304142&label=gen173nr-10CAQoggJCCmNpdHlfMzU1NzVICVgEaLUBiAEBmAEzuAEHyAEM2AED6AEB-AEBiAIBqAIBuALAkcLTBsACAdICJGZkNjZkNGNmLTNhZGQtNDIyYS04YWIwLTdkZGFkMjg0NzdlMdgCAeACAQ&ucfs=1&arphpl=1&checkin=2026-08-06&checkout=2026-08-07&dest_id=35575&dest_type=city&group_adults=2&req_adults=2&no_rooms=1&group_children=0&req_children=0&hpos=21&hapos=469&sr_order=popularity&srpvid=3fbf57600a54002b&srepoch=1785759993&all_sr_blocks=929393308_410088044_0_10_0&highlighted_blocks=929393308_410088044_0_10_0&matching_block_id=929393308_410088044_0_10_0&sr_pri_blocks=929393308_410088044_0_10_0__418000&from=searchresults,4180,7.4,91.0,"Johar Town, Lahore",23.5,Standard Double Room,1 double bed,0,1,1,https://cf.bstatic.com/xdata/images/hotel/square240/697163646.webp?k=92f3f30d7aedb4d5fd3039b1eeb33c5e7d1fb8c55e5a86dcfcfa7cf32a065d11&o=,5,Shorkot
Gold Pine Hotel Lahore,https://www.booking.com/hotel/pk/gold-pine-and-apartments.en-gb.html?aid=304142&label=gen173nr-10CAQoggJCCmNpdHlfMzU1NzVICVgEaLUBiAEBmAEzuAEHyAEM2AED6AEB-AEBiAIBqAIBuALAkcLTBsACAdICJGZkNjZkNGNmLTNhZGQtNDIyYS04YWIwLTdkZGFkMjg0NzdlMdgCAeACAQ&ucfs=1&arphpl=1&checkin=2026-08-06&checkout=2026-08-07&dest_id=35575&dest_type=city&group_adults=2&req_adults=2&no_rooms=1&group_children=0&req_children=0&hpos=22&hapos=470&sr_order=popularity&srpvid=3fbf57600a54002b&srepoch=1785759993&all_sr_blocks=1202738101_0_2_1_0&highlighted_blocks=1202738101_0_2_1_0&matching_block_id=1202738101_0_2_1_0&sr_pri_blocks=1202738101_0_2_1_0__983694&from=searchresults,9837,8.0,116.0,"Johar Town, Lahore",23.9,Deluxe Room,1 double bed,1,0,0,https://cf.bstatic.com/xdata/images/hotel/square240/564766964.webp?k=bbfbc5a709dad51b1208b3dfc7254854e2ce33e21c09e6b30b87cec638b77cec&o=,9,Shorkot
12th Avenue,https://www.booking.com/hotel/pk/12th-ave.en-gb.html?aid=304142&label=gen173nr-10CAQoggJCCmNpdHlfMzU1NzVICVgEaLUBiAEBmAEzuAEHyAEM2AED6AEB-AEBiAIBqAIBuALAkcLTBsACAdICJGZkNjZkNGNmLTNhZGQtNDIyYS04YWIwLTdkZGFkMjg0NzdlMdgCAeACAQ&ucfs=1&arphpl=1&checkin=2026-08-06&checkout=2026-08-07&dest_id=35575&dest_type=city&group_adults=2&req_adults=2&no_rooms=1&group_children=0&req_children=0&hpos=23&hapos=471&sr_order=popularity&srpvid=3fbf57600a54002b&srepoch=1785759993&all_sr_blocks=421009806_440612398_2_2_0&highlighted_blocks=421009806_440612398_2_2_0&matching_block_id=421009806_440612398_2_2_0&sr_pri_blocks=421009806_440612398_2_2_0__956165&from=searchresults,9562,8.4,278.0,Lahore,21.1,Superior Double Room,1 double bed,0,1,1,https://cf.bstatic.com/xdata/images/hotel/square240/754188476.webp?k=bf253dc27eae28a6743c4464472438790d979c7a0dda7371e1e8ab3d5bafae6c&o=,12,Shorkot
Pine Villa 4 Bedroom Fully Furnished Family House,https://www.booking.com/hotel/pk/spacious-4-bedroom-furnished-family-villa-near-valencia-town-lake-city-amp-ring.en-gb.html?aid=304142&label=gen173nr-10CAQoggJCCmNpdHlfMzU1NzVICVgEaLUBiAEBmAEzuAEHyAEM2AED6AEB-AEBiAIBqAIBuALAkcLTBsACAdICJGZkNjZkNGNmLTNhZGQtNDIyYS04YWIwLTdkZGFkMjg0NzdlMdgCAeACAQ&ucfs=1&arphpl=1&checkin=2026-08-06&checkout=2026-08-07&dest_id=35575&dest_type=city&group_adults=2&req_adults=2&no_rooms=1&group_children=0&req_children=0&hpos=24&hapos=472&sr_order=popularity&srpvid=3fbf57600a54002b&srepoch=1785759993&all_sr_blocks=1523950101_424118113_8_0_0&highlighted_blocks=1523950101_424118113_8_0_0&matching_block_id=1523950101_424118113_8_0_0&sr_pri_blocks=1523950101_424118113_8_0_0__1943920&from=searchresults,19439,9.8,5.0,Lahore,21.1,Villa,"9 beds (3 singles, 3 extra-large doubles, 3 futons)",0,1,1,https://cf.bstatic.com/xdata/images/hotel/square240/813281569.webp?k=ca21db19a1229e2cedeefbac4a6ef2799f69184d8222af58707f7860dacb503b&o=,6,Shorkot
Crystal Heights,https://www.booking.com/hotel/pk/crystal-heights-lahore.en-gb.html?aid=304142&label=gen173nr-10CAQoggJCCmNpdHlfMzU1NzVICVgEaLUBiAEBmAEzuAEHyAEM2AED6AEB-AEBiAIBqAIBuALAkcLTBsACAdICJGZkNjZkNGNmLTNhZGQtNDIyYS04YWIwLTdkZGFkMjg0NzdlMdgCAeACAQ&ucfs=1&arphpl=1&checkin=2026-08-06&checkout=2026-08-07&dest_id=35575&dest_type=city&group_adults=2&req_adults=2&no_rooms=1&group_children=0&req_children=0&hpos=25&hapos=473&sr_order=popularity&srpvid=3fbf57600a54002b&srepoch=1785759993&all_sr_blocks=1409340001_412712350_2_0_0&highlighted_blocks=1409340001_412712350_2_0_0&matching_block_id=1409340001_412712350_2_0_0&sr_pri_blocks=1409340001_412712350_2_0_0__605000&from=searchresults,6050,,,Lahore,21.5,Studio Apartment,1 double bed,0,1,1,https://cf.bstatic.com/xdata/images/hotel/square240/679781394.webp?k=8f4c8fbe70e8d90d8b997285d9f91ce65fae665aed7bd270e508d62fd8ce2ecb&o=,4,Shorkot
Hotel Supreme Lahore,https://www.booking.com/hotel/pk/supreme-lahore.en-gb.html?aid=304142&label=gen173nr-10CAQoggJCCmNpdHlfMzU1NzVICVgEaLUBiAEBmAEzuAEHyAEM2AED6AEB-AEBiAIBqAIBuALAkcLTBsACAdICJGZkNjZkNGNmLTNhZGQtNDIyYS04YWIwLTdkZGFkMjg0NzdlMdgCAeACAQ&ucfs=1&arphpl=1&checkin=2026-08-06&checkout=2026-08-07&dest_id=35575&dest_type=city&group_adults=2&req_adults=2&no_rooms=1&group_children=0&req_children=0&hpos=1&hapos=474&sr_order=popularity&srpvid=3fbf57600a54002b&srepoch=1785759997&all_sr_blocks=1309797201_403757461_0_2_0&highlighted_blocks=1309797201_403757461_0_2_0&matching_block_id=1309797201_403757461_0_2_0&sr_pri_blocks=1309797201_403757461_0_2_0__592200&from=searchresults,5922,8.1,76.0,"Johar Town, Lahore",23.5,Double Room,1 extra-large double bed,0,1,1,https://cf.bstatic.com/xdata/images/hotel/square240/613979004.webp?k=92f4d911e449463592d6d00b238ca1c9fe736d895fba3a0af014bc98de066296&o=,12,Shorkot
Fully Serviced Holiday Home Near Lahore Ring Road,https://www.booking.com/hotel/pk/fully-serviced-holiday-home-lahore.en-gb.html?aid=304142&label=gen173nr-10CAQoggJCCmNpdHlfMzU1NzVICVgEaLUBiAEBmAEzuAEHyAEM2AED6AEB-AEBiAIBqAIBuALAkcLTBsACAdICJGZkNjZkNGNmLTNhZGQtNDIyYS04YWIwLTdkZGFkMjg0NzdlMdgCAeACAQ&ucfs=1&arphpl=1&checkin=2026-08-06&checkout=2026-08-07&dest_id=35575&dest_type=city&group_adults=2&req_adults=2&no_rooms=1&group_children=0&req_children=0&hpos=2&hapos=475&sr_order=popularity&srpvid=3fbf57600a54002b&srepoch=1785759997&all_sr_blocks=761353805_349133916_3_0_0_1143184&highlighted_blocks=761353805_349133916_3_0_0_1143184&matching_block_id=761353805_349133916_3_0_0_1143184&sr_pri_blocks=761353805_349133916_3_0_0_1143184_809910&from=searchresults,8099,8.4,10.0,Lahore,23.4,One-Bedroom House,"3 beds (1 extra-large double, 1 sofa bed, 1 futon)",0,1,0,https://cf.bstatic.com/xdata/images/hotel/square240/423905023.webp?k=ce6141ddd63e997caf685bb5d595c8efb82a0f9687890a6cacc14b5fa3031868&o=,12,Shorkot
The Guest Nest,https://www.booking.com/hotel/pk/the-guest-nest.en-gb.html?aid=304142&label=gen173nr-10CAQoggJCCmNpdHlfMzU1NzVICVgEaLUBiAEBmAEzuAEHyAEM2AED6AEB-AEBiAIBqAIBuALAkcLTBsACAdICJGZkNjZkNGNmLTNhZGQtNDIyYS04YWIwLTdkZGFkMjg0NzdlMdgCAeACAQ&ucfs=1&arphpl=1&checkin=2026-08-06&checkout=2026-08-07&dest_id=35575&dest_type=city&group_adults=2&req_adults=2&no_rooms=1&group_children=0&req_children=0&hpos=3&hapos=476&sr_order=popularity&srpvid=3fbf57600a54002b&srepoch=1785759997&all_sr_blocks=1611264001_432041281_12_1_0&highlighted_blocks=1611264001_432041281_12_1_0&matching_block_id=1611264001_432041281_12_1_0&sr_pri_blocks=1611264001_432041281_12_1_0__700000&from=searchresults,7000,,,Lahore,23.0,Double Room with Terrace,6 extra-large double beds,1,1,1,https://cf.bstatic.com/xdata/images/hotel/square240/847163373.webp?k=820a194a6f64214a3ec4ef00383633d0dd97bb3918089e10a0d3dc1932d3d099&o=,4,Shorkot
Snow Nest Apartment by MZ Heights,https://www.booking.com/hotel/pk/snow-nest-apartment-by-mz-heights.en-gb.html?aid=304142&label=gen173nr-10CAQoggJCCmNpdHlfMzU1NzVICVgEaLUBiAEBmAEzuAEHyAEM2AED6AEB-AEBiAIBqAIBuALAkcLTBsACAdICJGZkNjZkNGNmLTNhZGQtNDIyYS04YWIwLTdkZGFkMjg0NzdlMdgCAeACAQ&ucfs=1&arphpl=1&checkin=2026-08-06&checkout=2026-08-07&dest_id=35575&dest_type=city&group_adults=2&req_adults=2&no_rooms=1&group_children=0&req_children=0&hpos=4&hapos=477&sr_order=popularity&srpvid=3fbf57600a54002b&srepoch=1785759997&all_sr_blocks=1640891701_434319847_3_0_0&highlighted_blocks=1640891701_434319847_3_0_0&matching_block_id=1640891701_434319847_3_0_0&sr_pri_blocks=1640891701_434319847_3_0_0__750000&from=searchresults,7500,3.0,1.0,"Johar Town, Lahore",23.1,One-Bedroom Apartment,1 double bed,0,1,1,https://cf.bstatic.com/xdata/images/hotel/square240/867249576.webp?k=3b7a3b1487c4bc65ee460f42f550e0ba58b58501b9555cd181a2a3efd926b261&o=,4,Shorkot
Gold Max Hotel,https://www.booking.com/hotel/pk/gold-max.en-gb.html?aid=304142&label=gen173nr-10CAQoggJCCmNpdHlfMzU1NzVICVgEaLUBiAEBmAEzuAEHyAEM2AED6AEB-AEBiAIBqAIBuALAkcLTBsACAdICJGZkNjZkNGNmLTNhZGQtNDIyYS04YWIwLTdkZGFkMjg0NzdlMdgCAeACAQ&ucfs=1&arphpl=1&checkin=2026-08-06&checkout=2026-08-07&dest_id=35575&dest_type=city&group_adults=2&req_adults=2&no_rooms=1&group_children=0&req_children=0&hpos=5&hapos=478&sr_order=popularity&srpvid=3fbf57600a54002b&srepoch=1785759997&all_sr_blocks=1545692604_425861496_2_1_0&highlighted_blocks=1545692604_425861496_2_1_0&matching_block_id=1545692604_425861496_2_1_0&sr_pri_blocks=1545692604_425861496_2_1_0__702000&from=searchresults,7020,8.1,15.0,"Johar Town, Lahore",23.6,Deluxe Twin Room,2 single beds,1,1,1,https://cf.bstatic.com/xdata/images/hotel/square240/792302414.webp?k=0b8af3efd0f9c33743d92843267fff0fa170ac247332fd66156a28d447af18bb&o=,10,Shorkot
SI Family Hotel Johar Town Lahore,https://www.booking.com/hotel/pk/si-family-johar-town-lahore.en-gb.html?aid=304142&label=gen173nr-10CAQoggJCCmNpdHlfMzU1NzVICVgEaLUBiAEBmAEzuAEHyAEM2AED6AEB-AEBiAIBqAIBuALAkcLTBsACAdICJGZkNjZkNGNmLTNhZGQtNDIyYS04YWIwLTdkZGFkMjg0NzdlMdgCAeACAQ&ucfs=1&arphpl=1&checkin=2026-08-06&checkout=2026-08-07&dest_id=35575&dest_type=city&group_adults=2&req_adults=2&no_rooms=1&group_children=0&req_children=0&hpos=6&hapos=479&sr_order=popularity&srpvid=3fbf57600a54002b&srepoch=1785759997&all_sr_blocks=1656696201_437583752_2_1_0&highlighted_blocks=1656696201_437583752_2_1_0&matching_block_id=1656696201_437583752_2_1_0&sr_pri_blocks=1656696201_437583752_2_1_0__550000&from=searchresults,5500,10,1.0,Lahore,22.2,Deluxe Double Room (2 Adults + 1 Child),1 double bed,1,1,1,https://cf.bstatic.com/xdata/images/hotel/square240/876002287.webp?k=8b04175d4b146bafae626338ef01727bfafb1f4b9b92045f8c1b7b8765a894a4&o=,10,Shorkot
Eden Plus Executive Hotel Lahore,https://www.booking.com/hotel/pk/eden-plus-executive-lahore-lahore.en-gb.html?aid=304142&label=gen173nr-10CAQoggJCCmNpdHlfMzU1NzVICVgEaLUBiAEBmAEzuAEHyAEM2AED6AEB-AEBiAIBqAIBuALAkcLTBsACAdICJGZkNjZkNGNmLTNhZGQtNDIyYS04YWIwLTdkZGFkMjg0NzdlMdgCAeACAQ&ucfs=1&arphpl=1&checkin=2026-08-06&checkout=2026-08-07&dest_id=35575&dest_type=city&group_adults=2&req_adults=2&no_rooms=1&group_children=0&req_children=0&hpos=7&hapos=480&sr_order=popularity&srpvid=3fbf57600a54002b&srepoch=1785759997&all_sr_blocks=1619197401_432748759_2_0_0&highlighted_blocks=1619197401_432748759_2_0_0&matching_block_id=1619197401_432748759_2_0_0&sr_pri_blocks=1619197401_432748759_2_0_0__400000&from=searchresults,4000,10,1.0,"Johar Town, Lahore",24.1,Standard Double Room,1 double bed,0,1,1,https://cf.bstatic.com/xdata/images/hotel/square240/854518586.webp?k=3ce5ce39107a2d0b139379bec841fa4b37b7d4bf0110bee4eb9d1e8f8507628b&o=,11,Shorkot
4 bedrooms spacious house in valencia town lahore,https://www.booking.com/hotel/pk/amazing-valencia-home-lahore.en-gb.html?aid=304142&label=gen173nr-10CAQoggJCCmNpdHlfMzU1NzVICVgEaLUBiAEBmAEzuAEHyAEM2AED6AEB-AEBiAIBqAIBuALAkcLTBsACAdICJGZkNjZkNGNmLTNhZGQtNDIyYS04YWIwLTdkZGFkMjg0NzdlMdgCAeACAQ&ucfs=1&arphpl=1&checkin=2026-08-06&checkout=2026-08-07&dest_id=35575&dest_type=city&group_adults=2&req_adults=2&no_rooms=1&group_children=0&req_children=0&hpos=8&hapos=481&sr_order=popularity&srpvid=3fbf57600a54002b&srepoch=1785759997&all_sr_blocks=1610868901_432002636_10_0_0&highlighted_blocks=1610868901_432002636_10_0_0&matching_block_id=1610868901_432002636_10_0_0&sr_pri_blocks=1610868901_432002636_10_0_0__1705000&from=searchresults,17050,,,Lahore,20.8,Apartment,"6 beds (2 doubles, 2 sofa beds, 2 large doubles)",0,1,1,https://cf.bstatic.com/xdata/images/hotel/square240/846638446.webp?k=08b5d4fd190aa479aa4c78b626a0ac95137a19c64400841f3c6d005c2ed71f06&o=,4,Shorkot
Muted Mellow Tone 1BR Johar town Self Check-In,https://www.booking.com/hotel/pk/muted-mellow-tone-1br-johar-town-self-check-in.en-gb.html?aid=304142&label=gen173nr-10CAQoggJCCmNpdHlfMzU1NzVICVgEaLUBiAEBmAEzuAEHyAEM2AED6AEB-AEBiAIBqAIBuALAkcLTBsACAdICJGZkNjZkNGNmLTNhZGQtNDIyYS04YWIwLTdkZGFkMjg0NzdlMdgCAeACAQ&ucfs=1&arphpl=1&checkin=2026-08-06&checkout=2026-08-07&dest_id=35575&dest_type=city&group_adults=2&req_adults=2&no_rooms=1&group_children=0&req_children=0&hpos=9&hapos=482&sr_order=popularity&srpvid=3fbf57600a54002b&srepoch=1785759997&all_sr_blocks=1412057101_412945312_3_0_0&highlighted_blocks=1412057101_412945312_3_0_0&matching_block_id=1412057101_412945312_3_0_0&sr_pri_blocks=1412057101_412945312_3_0_0__750000&from=searchresults,7500,,,Lahore,24.3,One-Bedroom Apartment,1 extra-large double bed,0,1,1,https://cf.bstatic.com/xdata/images/hotel/square240/681277731.webp?k=8f5a76267af80a99deff2615808d3ccdb8577bdb355dc82a2c8f50f8df7c2708&o=,5,Shorkot
Luxury and Convenience,https://www.booking.com/hotel/pk/luxury-and-convenience.en-gb.html?aid=304142&label=gen173nr-10CAQoggJCCmNpdHlfMzU1NzVICVgEaLUBiAEBmAEzuAEHyAEM2AED6AEB-AEBiAIBqAIBuALAkcLTBsACAdICJGZkNjZkNGNmLTNhZGQtNDIyYS04YWIwLTdkZGFkMjg0NzdlMdgCAeACAQ&ucfs=1&arphpl=1&checkin=2026-08-06&checkout=2026-08-07&dest_id=35575&dest_type=city&group_adults=2&req_adults=2&no_rooms=1&group_children=0&req_children=0&hpos=10&hapos=483&sr_order=popularity&srpvid=3fbf57600a54002b&srepoch=1785759997&all_sr_blocks=1665068201_438361107_2_0_0&highlighted_blocks=1665068201_438361107_2_0_0&matching_block_id=1665068201_438361107_2_0_0&sr_pri_blocks=1665068201_438361107_2_0_0__560000&from=searchresults,5600,,,"Johar Town, Lahore",23.6,One-Bedroom Apartment,1 double bed,0,1,1,https://cf.bstatic.com/xdata/images/hotel/square240/881936019.webp?k=8c2f1370cc47d001b72b77f8a809b6391516ec38d99a1a51cb3d99cb1320697a&o=,5,Shorkot
Basraa Guest House,https://www.booking.com/hotel/pk/basraa-guest-house-lahore1.en-gb.html?aid=304142&label=gen173nr-10CAQoggJCCmNpdHlfMzU1NzVICVgEaLUBiAEBmAEzuAEHyAEM2AED6AEB-AEBiAIBqAIBuALAkcLTBsACAdICJGZkNjZkNGNmLTNhZGQtNDIyYS04YWIwLTdkZGFkMjg0NzdlMdgCAeACAQ&ucfs=1&arphpl=1&checkin=2026-08-06&checkout=2026-08-07&dest_id=35575&dest_type=city&group_adults=2&req_adults=2&no_rooms=1&group_children=0&req_children=0&hpos=11&hapos=484&sr_order=popularity&srpvid=3fbf57600a54002b&srepoch=1785759997&all_sr_blocks=1566274102_427742766_2_0_0&highlighted_blocks=1566274102_427742766_2_0_0&matching_block_id=1566274102_427742766_2_0_0&sr_pri_blocks=1566274102_427742766_2_0_0__500000&from=searchresults,5000,,,Lahore,24.1,Double Room,1 large double bed,0,1,1,https://cf.bstatic.com/xdata/images/hotel/square240/810272855.webp?k=6a85a6ffbf6f1c0474cc19899ac21ea560961f32a424549399e21152284995ef&o=,4,Shorkot
Room,https://www.booking.com/hotel/pk/room-lahore2.en-gb.html?aid=304142&label=gen173nr-10CAQoggJCCmNpdHlfMzU1NzVICVgEaLUBiAEBmAEzuAEHyAEM2AED6AEB-AEBiAIBqAIBuALAkcLTBsACAdICJGZkNjZkNGNmLTNhZGQtNDIyYS04YWIwLTdkZGFkMjg0NzdlMdgCAeACAQ&ucfs=1&arphpl=1&checkin=2026-08-06&checkout=2026-08-07&dest_id=35575&dest_type=city&group_adults=2&req_adults=2&no_rooms=1&group_children=0&req_children=0&hpos=12&hapos=485&sr_order=popularity&srpvid=3fbf57600a54002b&srepoch=1785759997&all_sr_blocks=1620171901_432843137_2_0_0&highlighted_blocks=1620171901_432843137_2_0_0&matching_block_id=1620171901_432843137_2_0_0&sr_pri_blocks=1620171901_432843137_2_0_0__585000&from=searchresults,5850,,,"Johar Town, Lahore",24.2,One-Bedroom Apartment,1 double bed,0,1,1,https://cf.bstatic.com/xdata/images/hotel/square240/855462545.webp?k=35f53604796a8cb73c61924cd0dc6502fd6dd192fd49a791ab2133927f05f50c&o=,4,Shorkot
Ark Appartment,https://www.booking.com/hotel/pk/ark-appartment.en-gb.html?aid=304142&label=gen173nr-10CAQoggJCCmNpdHlfMzU1NzVICVgEaLUBiAEBmAEzuAEHyAEM2AED6AEB-AEBiAIBqAIBuALAkcLTBsACAdICJGZkNjZkNGNmLTNhZGQtNDIyYS04YWIwLTdkZGFkMjg0NzdlMdgCAeACAQ&ucfs=1&arphpl=1&checkin=2026-08-06&checkout=2026-08-07&dest_id=35575&dest_type=city&group_adults=2&req_adults=2&no_rooms=1&group_children=0&req_children=0&hpos=13&hapos=486&sr_order=popularity&srpvid=3fbf57600a54002b&srepoch=1785759997&all_sr_blocks=1577646501_428871654_2_0_0&highlighted_blocks=1577646501_428871654_2_0_0&matching_block_id=1577646501_428871654_2_0_0&sr_pri_blocks=1577646501_428871654_2_0_0__490000&from=searchresults,4900,,,Lahore,21.9,One-Bedroom Apartment,1 double bed,0,1,1,https://cf.bstatic.com/xdata/images/hotel/square240/819900825.webp?k=75ba7aba3d2e42421d41c879cdf8ef02fa5a040cd315553058551a4d54ab77e1&o=,4,Shorkot
Haven Lodge Lahore by Haven Holiday Homes - 4BR Vacation Home with Lawn & Park Access,https://www.booking.com/hotel/pk/canal-villa-cheerful-holiday-home-with-park-access.en-gb.html?aid=304142&label=gen173nr-10CAQoggJCCmNpdHlfMzU1NzVICVgEaLUBiAEBmAEzuAEHyAEM2AED6AEB-AEBiAIBqAIBuALAkcLTBsACAdICJGZkNjZkNGNmLTNhZGQtNDIyYS04YWIwLTdkZGFkMjg0NzdlMdgCAeACAQ&ucfs=1&arphpl=1&checkin=2026-08-06&checkout=2026-08-07&dest_id=35575&dest_type=city&group_adults=2&req_adults=2&no_rooms=1&group_children=0&req_children=0&hpos=14&hapos=487&sr_order=popularity&srpvid=3fbf57600a54002b&srepoch=1785759997&all_sr_blocks=1022585301_403201969_8_0_0&highlighted_blocks=1022585301_403201969_8_0_0&matching_block_id=1022585301_403201969_8_0_0&sr_pri_blocks=1022585301_403201969_8_0_0__3400000&from=searchresults,34000,10,4.0,Rāmkot,20.2,Holiday Home,"10 beds (4 extra-large doubles, 2 sofa beds, 4 futons)",0,1,1,https://cf.bstatic.com/xdata/images/hotel/square240/613964466.webp?k=4b5291cf016826329ceedfe23d99ff7200a108e7cd125a42ec2a39981d91685d&o=,12,Shorkot
Luxury Apartment,https://www.booking.com/hotel/pk/waqar-home.en-gb.html?aid=304142&label=gen173nr-10CAQoggJCCmNpdHlfMzU1NzVICVgEaLUBiAEBmAEzuAEHyAEM2AED6AEB-AEBiAIBqAIBuALAkcLTBsACAdICJGZkNjZkNGNmLTNhZGQtNDIyYS04YWIwLTdkZGFkMjg0NzdlMdgCAeACAQ&ucfs=1&arphpl=1&checkin=2026-08-06&checkout=2026-08-07&dest_id=35575&dest_type=city&group_adults=2&req_adults=2&no_rooms=1&group_children=0&req_children=0&hpos=15&hapos=488&sr_order=popularity&srpvid=3fbf57600a54002b&srepoch=1785759997&all_sr_blocks=1614459001_432327572_7_0_0&highlighted_blocks=1614459001_432327572_7_0_0&matching_block_id=1614459001_432327572_7_0_0&sr_pri_blocks=1614459001_432327572_7_0_0__350000&from=searchresults,3500,,,Lahore,23.4,Two-Bedroom House,"6 beds (4 singles, 1 extra-large double, 1 sofa bed)",0,1,1,https://cf.bstatic.com/xdata/images/hotel/square240/849494573.webp?k=a4648160a42929779e5389195a549e41e420e4c81ecac4d2b06e8738e4e82520&o=,5,Shorkot
Amazing valencia home,https://www.booking.com/hotel/pk/amazing-valencia-home.en-gb.html?aid=304142&label=gen173nr-10CAQoggJCCmNpdHlfMzU1NzVICVgEaLUBiAEBmAEzuAEHyAEM2AED6AEB-AEBiAIBqAIBuALAkcLTBsACAdICJGZkNjZkNGNmLTNhZGQtNDIyYS04YWIwLTdkZGFkMjg0NzdlMdgCAeACAQ&ucfs=1&arphpl=1&checkin=2026-08-06&checkout=2026-08-07&dest_id=35575&dest_type=city&group_adults=2&req_adults=2&no_rooms=1&group_children=0&req_children=0&hpos=16&hapos=489&sr_order=popularity&srpvid=3fbf57600a54002b&srepoch=1785759997&all_sr_blocks=1606937001_431632755_4_0_0&highlighted_blocks=1606937001_431632755_4_0_0&matching_block_id=1606937001_431632755_4_0_0&sr_pri_blocks=1606937001_431632755_4_0_0__1995000&from=searchresults,19950,9.0,1.0,Lahore,20.8,Four-Bedroom House,"6 beds (1 double, 2 extra-large doubles, 2 sofa beds, 1 large double)",0,1,1,https://cf.bstatic.com/xdata/images/hotel/square240/843497620.webp?k=97b137f633546d8af7abbfcff056f63020bc261cee15ee91f2fca0dd5b38c6a6&o=,4,Shorkot
Spacious and Cozy 3 Bedroom Family Apartment,https://www.booking.com/hotel/pk/spacious-and-cozy-3-bedroom-family-apartment.en-gb.html?aid=304142&label=gen173nr-10CAQoggJCCmNpdHlfMzU1NzVICVgEaLUBiAEBmAEzuAEHyAEM2AED6AEB-AEBiAIBqAIBuALAkcLTBsACAdICJGZkNjZkNGNmLTNhZGQtNDIyYS04YWIwLTdkZGFkMjg0NzdlMdgCAeACAQ&ucfs=1&arphpl=1&checkin=2026-08-06&checkout=2026-08-07&dest_id=35575&dest_type=city&group_adults=2&req_adults=2&no_rooms=1&group_children=0&req_children=0&hpos=17&hapos=490&sr_order=popularity&srpvid=3fbf57600a54002b&srepoch=1785759997&all_sr_blocks=1698998601_441548129_8_0_0&highlighted_blocks=1698998601_441548129_8_0_0&matching_block_id=1698998601_441548129_8_0_0&sr_pri_blocks=1698998601_441548129_8_0_0__1156000&from=searchresults,11560,,,Lahore,20.9,Three-Bedroom Apartment,"2 beds (1 single, 1 bunk bed)",0,1,1,https://cf.bstatic.com/xdata/images/hotel/square240/901816115.webp?k=5a42a5ab8f53120c86f1e5dffe4e3b29091fa9f77fb34b4de89bfa053a92bb3e&o=,5,Shorkot
2 Bed well furnished appartment,https://www.booking.com/hotel/pk/2-bed-well-furnished-appartment.en-gb.html?aid=304142&label=gen173nr-10CAQoggJCCmNpdHlfMzU1NzVICVgEaLUBiAEBmAEzuAEHyAEM2AED6AEB-AEBiAIBqAIBuALAkcLTBsACAdICJGZkNjZkNGNmLTNhZGQtNDIyYS04YWIwLTdkZGFkMjg0NzdlMdgCAeACAQ&ucfs=1&arphpl=1&checkin=2026-08-06&checkout=2026-08-07&dest_id=35575&dest_type=city&group_adults=2&req_adults=2&no_rooms=1&group_children=0&req_children=0&hpos=18&hapos=491&sr_order=popularity&srpvid=3fbf57600a54002b&srepoch=1785759997&all_sr_blocks=1644886401_434570651_5_0_0&highlighted_blocks=1644886401_434570651_5_0_0&matching_block_id=1644886401_434570651_5_0_0&sr_pri_blocks=1644886401_434570651_5_0_0__1200000&from=searchresults,12000,,,Lahore,22.4,One-Bedroom Apartment,"3 beds (2 doubles, 1 sofa bed)",0,1,1,https://cf.bstatic.com/xdata/images/hotel/square240/869415408.webp?k=f54f5005546732db8b047dc385bb3ac4c117b4c967a8fb25c2b95ef0053c1c6b&o=,5,Shorkot
Hotel Prime Lahore,https://www.booking.com/hotel/pk/prime-johar-town.en-gb.html?aid=304142&label=gen173nr-10CAQoggJCCmNpdHlfMzU1NzVICVgEaLUBiAEBmAEzuAEHyAEM2AED6AEB-AEBiAIBqAIBuALAkcLTBsACAdICJGZkNjZkNGNmLTNhZGQtNDIyYS04YWIwLTdkZGFkMjg0NzdlMdgCAeACAQ&ucfs=1&arphpl=1&checkin=2026-08-06&checkout=2026-08-07&dest_id=35575&dest_type=city&group_adults=2&req_adults=2&no_rooms=1&group_children=0&req_children=0&hpos=19&hapos=492&sr_order=popularity&srpvid=3fbf57600a54002b&srepoch=1785759997&all_sr_blocks=1131447501_389036108_0_1_0&highlighted_blocks=1131447501_389036108_0_1_0&matching_block_id=1131447501_389036108_0_1_0&sr_pri_blocks=1131447501_389036108_0_1_0__546000&from=searchresults,5460,6.5,45.0,"Johar Town, Lahore",23.6,Deluxe Double Room,1 double bed,1,1,0,https://cf.bstatic.com/xdata/images/hotel/square240/522944896.webp?k=fb5cfd1c7ef9c542dd496e012082c5d85b6231aadbdcaa243f1cba00e470b416&o=,10,Shorkot
Luxury Rooms Private Upper Floor in Lahore,https://www.booking.com/hotel/pk/luxury-rooms-amp-private-upper-floor-in-lahore.en-gb.html?aid=304142&label=gen173nr-10CAQoggJCCmNpdHlfMzU1NzVICVgEaLUBiAEBmAEzuAEHyAEM2AED6AEB-AEBiAIBqAIBuALAkcLTBsACAdICJGZkNjZkNGNmLTNhZGQtNDIyYS04YWIwLTdkZGFkMjg0NzdlMdgCAeACAQ&ucfs=1&arphpl=1&checkin=2026-08-06&checkout=2026-08-07&dest_id=35575&dest_type=city&group_adults=2&req_adults=2&no_rooms=1&group_children=0&req_children=0&hpos=20&hapos=493&sr_order=popularity&srpvid=3fbf57600a54002b&srepoch=1785759997&all_sr_blocks=1669496401_438755735_2_0_0&highlighted_blocks=1669496401_438755735_2_0_0&matching_block_id=1669496401_438755735_2_0_0&sr_pri_blocks=1669496401_438755735_2_0_0__892500&from=searchresults,8925,,,Lahore,23.6,Three-Bedroom Apartment,"3 beds (2 doubles, 1 sofa bed)",0,1,1,https://cf.bstatic.com/xdata/images/hotel/square240/884827769.webp?k=d81f0c20d427dffb7caa23712b61f6b6dfbe1c7f6cecff4d6f12bb5b9f6b45aa&o=,4,Shorkot
Lake City Villa,https://www.booking.com/hotel/pk/lake-city-villa-lahore1.en-gb.html?aid=304142&label=gen173nr-10CAQoggJCCmNpdHlfMzU1NzVICVgEaLUBiAEBmAEzuAEHyAEM2AED6AEB-AEBiAIBqAIBuALAkcLTBsACAdICJGZkNjZkNGNmLTNhZGQtNDIyYS04YWIwLTdkZGFkMjg0NzdlMdgCAeACAQ&ucfs=1&arphpl=1&checkin=2026-08-06&checkout=2026-08-07&dest_id=35575&dest_type=city&group_adults=2&req_adults=2&no_rooms=1&group_children=0&req_children=0&hpos=21&hapos=494&sr_order=popularity&srpvid=3fbf57600a54002b&srepoch=1785759997&all_sr_blocks=1543372101_425681105_8_0_0&highlighted_blocks=1543372101_425681105_8_0_0&matching_block_id=1543372101_425681105_8_0_0&sr_pri_blocks=1543372101_425681105_8_0_0__2500000&from=searchresults,25000,1.0,1.0,Lahore,20.8,Three-Bedroom Villa,1 large double bed,0,1,1,https://cf.bstatic.com/xdata/images/hotel/square240/790448398.webp?k=049bd853cd4dcc4b001d61f71d60a8aa18f0f910d23abbbcc3c34dba8f330a45&o=,4,Shorkot
Visit Inn Hotel,https://www.booking.com/hotel/pk/visit-inn-lahore.en-gb.html?aid=304142&label=gen173nr-10CAQoggJCCmNpdHlfMzU1NzVICVgEaLUBiAEBmAEzuAEHyAEM2AED6AEB-AEBiAIBqAIBuALAkcLTBsACAdICJGZkNjZkNGNmLTNhZGQtNDIyYS04YWIwLTdkZGFkMjg0NzdlMdgCAeACAQ&ucfs=1&arphpl=1&checkin=2026-08-06&checkout=2026-08-07&dest_id=35575&dest_type=city&group_adults=2&req_adults=2&no_rooms=1&group_children=0&req_children=0&hpos=22&hapos=495&sr_order=popularity&srpvid=3fbf57600a54002b&srepoch=1785759997&all_sr_blocks=663043501_358279129_2_2_0&highlighted_blocks=663043501_358279129_2_2_0&matching_block_id=663043501_358279129_2_2_0&sr_pri_blocks=663043501_358279129_2_2_0__344900&from=searchresults,3449,4.6,6.0,"Johar Town, Lahore",23.5,Double Room,1 double bed,0,1,1,https://cf.bstatic.com/xdata/images/hotel/square240/453127472.webp?k=de0c88bcba8ab1ec48b24af028561bfcc73b6205da2da862647e710da91d3fb8&o=,4,Shorkot
Cozy Apartment,https://www.booking.com/hotel/pk/cozy-apartment-lahore1.en-gb.html?aid=304142&label=gen173nr-10CAQoggJCCmNpdHlfMzU1NzVICVgEaLUBiAEBmAEzuAEHyAEM2AED6AEB-AEBiAIBqAIBuALAkcLTBsACAdICJGZkNjZkNGNmLTNhZGQtNDIyYS04YWIwLTdkZGFkMjg0NzdlMdgCAeACAQ&ucfs=1&arphpl=1&checkin=2026-08-06&checkout=2026-08-07&dest_id=35575&dest_type=city&group_adults=2&req_adults=2&no_rooms=1&group_children=0&req_children=0&hpos=23&hapos=496&sr_order=popularity&srpvid=3fbf57600a54002b&srepoch=1785759997&all_sr_blocks=1545181701_425818599_2_0_0&highlighted_blocks=1545181701_425818599_2_0_0&matching_block_id=1545181701_425818599_2_0_0&sr_pri_blocks=1545181701_425818599_2_0_0__891000&from=searchresults,8910,,,"Johar Town, Lahore",23.8,Three-Bedroom Apartment,"3 beds (1 double, 2 large doubles)",0,1,1,https://cf.bstatic.com/xdata/images/hotel/square240/791780876.webp?k=3c3b73470f8c48da844ccccb3ab2de9181bf7eea42d97ddfc983a3dc14b36a7b&o=,4,Shorkot
Cozy Apartment,https://www.booking.com/hotel/pk/cozy-apartment-lahore.en-gb.html?aid=304142&label=gen173nr-10CAQoggJCCmNpdHlfMzU1NzVICVgEaLUBiAEBmAEzuAEHyAEM2AED6AEB-AEBiAIBqAIBuALAkcLTBsACAdICJGZkNjZkNGNmLTNhZGQtNDIyYS04YWIwLTdkZGFkMjg0NzdlMdgCAeACAQ&ucfs=1&arphpl=1&checkin=2026-08-06&checkout=2026-08-07&dest_id=35575&dest_type=city&group_adults=2&req_adults=2&no_rooms=1&group_children=0&req_children=0&hpos=24&hapos=497&sr_order=popularity&srpvid=3fbf57600a54002b&srepoch=1785759997&all_sr_blocks=1540461901_425450658_2_0_0&highlighted_blocks=1540461901_425450658_2_0_0&matching_block_id=1540461901_425450658_2_0_0&sr_pri_blocks=1540461901_425450658_2_0_0__700000&from=searchresults,7000,,,"Johar Town, Lahore",23.8,Three-Bedroom Apartment,"3 beds (1 sofa bed, 2 large doubles)",0,1,1,https://cf.bstatic.com/xdata/images/hotel/square240/787985772.webp?k=fb12997b943939147fae5294a88549af9cfff04ea1c3e51d68f2f39d25db19b0&o=,4,Shorkot
Khayaban-e-Amin Luxurious Apartments,https://www.booking.com/hotel/pk/khayaban-e-amin-luxurious-apartments.en-gb.html?aid=304142&label=gen173nr-10CAQoggJCCmNpdHlfMzU1NzVICVgEaLUBiAEBmAEzuAEHyAEM2AED6AEB-AEBiAIBqAIBuALAkcLTBsACAdICJGZkNjZkNGNmLTNhZGQtNDIyYS04YWIwLTdkZGFkMjg0NzdlMdgCAeACAQ&ucfs=1&arphpl=1&checkin=2026-08-06&checkout=2026-08-07&dest_id=35575&dest_type=city&group_adults=2&req_adults=2&no_rooms=1&group_children=0&req_children=0&hpos=25&hapos=498&sr_order=popularity&srpvid=3fbf57600a54002b&srepoch=1785759997&all_sr_blocks=1181001801_392754414_0_0_0&highlighted_blocks=1181001801_392754414_0_0_0&matching_block_id=1181001801_392754414_0_0_0&sr_pri_blocks=1181001801_392754414_0_0_0__2856000&from=searchresults,28560,,,Lahore,21.7,Three-Bedroom Apartment,3 large double beds,0,1,1,https://cf.bstatic.com/xdata/images/hotel/square240/541381815.webp?k=d9e836e68c9a914a6dd0ba7b623e2fe3ebf9ba499d65dd5c050d3243f32f2493&o=,5,Shorkot
Darul Khair,https://www.booking.com/hotel/pk/darul-khair.en-gb.html?aid=304142&label=gen173nr-10CAQoggJCCmNpdHlfMzU1NzVICVgEaLUBiAEBmAEzuAEHyAEM2AED6AEB-AEBiAIBqAIBuALAkcLTBsACAdICJGZkNjZkNGNmLTNhZGQtNDIyYS04YWIwLTdkZGFkMjg0NzdlMdgCAeACAQ&ucfs=1&arphpl=1&checkin=2026-08-06&checkout=2026-08-07&dest_id=35575&dest_type=city&group_adults=2&req_adults=2&no_rooms=1&group_children=0&req_children=0&hpos=1&hapos=499&sr_order=popularity&srpvid=3fbf57600a54002b&srepoch=1785760001&all_sr_blocks=767249403_374350992_2_0_0&highlighted_blocks=767249403_374350992_2_0_0&matching_block_id=767249403_374350992_2_0_0&sr_pri_blocks=767249403_374350992_2_0_0__500000&from=searchresults,5000,4.1,12.0,"Johar Town, Lahore",24.0,Deluxe Double or Twin Room,2 single beds,0,1,0,https://cf.bstatic.com/xdata/images/hotel/square240/562441723.webp?k=a84863024061e75664af2d04fba2a9b6c9f229dab241a873479348be67ad5a11&o=,3,Shorkot
Ali House,https://www.booking.com/hotel/pk/ali-house-lahore1.en-gb.html?aid=304142&label=gen173nr-10CAQoggJCCmNpdHlfMzU1NzVICVgEaLUBiAEBmAEzuAEHyAEM2AED6AEB-AEBiAIBqAIBuALAkcLTBsACAdICJGZkNjZkNGNmLTNhZGQtNDIyYS04YWIwLTdkZGFkMjg0NzdlMdgCAeACAQ&ucfs=1&arphpl=1&checkin=2026-08-06&checkout=2026-08-07&dest_id=35575&dest_type=city&group_adults=2&req_adults=2&no_rooms=1&group_children=0&req_children=0&hpos=2&hapos=500&sr_order=popularity&srpvid=3fbf57600a54002b&srepoch=1785760001&all_sr_blocks=1584669301_429594962_10_1_0&highlighted_blocks=1584669301_429594962_10_1_0&matching_block_id=1584669301_429594962_10_1_0&sr_pri_blocks=1584669301_429594962_10_1_0__3000000&from=searchresults,30000,,,Lahore,20.9,Double Room with Private Bathroom,"7 beds (4 singles, 2 doubles, 1 large double)",1,1,1,https://cf.bstatic.com/xdata/images/hotel/square240/826162710.webp?k=956e95b3b30da4a7ac0184397b9aaa71d450e5d13e756c343daf7dc347b6f09c&o=,4,Shorkot
Hotel Executive Inn,https://www.booking.com/hotel/pk/executive-inn-lahore2.en-gb.html?aid=304142&label=gen173nr-10CAQoggJCCmNpdHlfMzU1NzVICVgEaLUBiAEBmAEzuAEHyAEM2AED6AEB-AEBiAIBqAIBuALAkcLTBsACAdICJGZkNjZkNGNmLTNhZGQtNDIyYS04YWIwLTdkZGFkMjg0NzdlMdgCAeACAQ&ucfs=1&arphpl=1&checkin=2026-08-06&checkout=2026-08-07&dest_id=35575&dest_type=city&group_adults=2&req_adults=2&no_rooms=1&group_children=0&req_children=0&hpos=3&hapos=501&sr_order=popularity&srpvid=3fbf57600a54002b&srepoch=1785760001&all_sr_blocks=1220788001_401871615_2_0_0&highlighted_blocks=1220788001_401871615_2_0_0&matching_block_id=1220788001_401871615_2_0_0&sr_pri_blocks=1220788001_401871615_2_0_0__949900&from=searchresults,9499,,,"Johar Town, Lahore",23.6,Deluxe Double Room,1 double bed,0,0,0,https://cf.bstatic.com/xdata/images/hotel/square240/565953763.webp?k=c1a25df29ed886f068c1e23983112a27bf8ad54bd9c47d33e83a60c98e614477&o=,2,Shorkot
Hotel 4 Season,https://www.booking.com/hotel/pk/4-season-lahore1.en-gb.html?aid=304142&label=gen173nr-10CAQoggJCCmNpdHlfMzU1NzVICVgEaLUBiAEBmAEzuAEHyAEM2AED6AEB-AEBiAIBqAIBuALAkcLTBsACAdICJGZkNjZkNGNmLTNhZGQtNDIyYS04YWIwLTdkZGFkMjg0NzdlMdgCAeACAQ&ucfs=1&arphpl=1&checkin=2026-08-06&checkout=2026-08-07&dest_id=35575&dest_type=city&group_adults=2&req_adults=2&no_rooms=1&group_children=0&req_children=0&hpos=4&hapos=502&sr_order=popularity&srpvid=3fbf57600a54002b&srepoch=1785760001&all_sr_blocks=1459879601_417303442_2_0_0&highlighted_blocks=1459879601_417303442_2_0_0&matching_block_id=1459879601_417303442_2_0_0&sr_pri_blocks=1459879601_417303442_2_0_0__499900&from=searchresults,4999,,,Lahore,24.3,Double Room,1 double bed,0,1,1,https://cf.bstatic.com/xdata/images/hotel/square240/716256788.webp?k=e3cdeed933332b820cd63fa0abd0ee057968ac2c97870d069df2fb710511bf6e&o=,8,Shorkot
GoldenTreePremier,https://www.booking.com/hotel/pk/goldentreepremier.en-gb.html?aid=304142&label=gen173nr-10CAQoggJCCmNpdHlfMzU1NzVICVgEaLUBiAEBmAEzuAEHyAEM2AED6AEB-AEBiAIBqAIBuALAkcLTBsACAdICJGZkNjZkNGNmLTNhZGQtNDIyYS04YWIwLTdkZGFkMjg0NzdlMdgCAeACAQ&ucfs=1&arphpl=1&checkin=2026-08-06&checkout=2026-08-07&dest_id=35575&dest_type=city&group_adults=2&req_adults=2&no_rooms=1&group_children=0&req_children=0&hpos=5&hapos=503&sr_order=popularity&srpvid=3fbf57600a54002b&srepoch=1785760001&all_sr_blocks=1553574401_426518117_2_0_0&highlighted_blocks=1553574401_426518117_2_0_0&matching_block_id=1553574401_426518117_2_0_0&sr_pri_blocks=1553574401_426518117_2_0_0__500000&from=searchresults,5000,,,"Johar Town, Lahore",24.1,Deluxe Double Room,1 double bed,0,1,1,https://cf.bstatic.com/xdata/images/hotel/square240/799789328.webp?k=b96e2b1582d612a2bda096446142572a3d6138034dad91142d61788a23c4b918&o=,10,Shorkot
Beautiful Apartment,https://www.booking.com/hotel/pk/beautiful-apartment-lahore.en-gb.html?aid=304142&label=gen173nr-10CAQoggJCCmNpdHlfMzU1NzVICVgEaLUBiAEBmAEzuAEHyAEM2AED6AEB-AEBiAIBqAIBuALAkcLTBsACAdICJGZkNjZkNGNmLTNhZGQtNDIyYS04YWIwLTdkZGFkMjg0NzdlMdgCAeACAQ&ucfs=1&arphpl=1&checkin=2026-08-06&checkout=2026-08-07&dest_id=35575&dest_type=city&group_adults=2&req_adults=2&no_rooms=1&group_children=0&req_children=0&hpos=6&hapos=504&sr_order=popularity&srpvid=3fbf57600a54002b&srepoch=1785760001&all_sr_blocks=1362072201_408518816_3_0_0&highlighted_blocks=1362072201_408518816_3_0_0&matching_block_id=1362072201_408518816_3_0_0&sr_pri_blocks=1362072201_408518816_3_0_0__570000&from=searchresults,5700,,,Lahore,24.0,One-Bedroom Apartment,"3 beds (1 double, 2 sofa beds)",0,0,1,https://cf.bstatic.com/xdata/images/hotel/square240/648511288.webp?k=6a9793eeb41b1a1d8cd08651a57b3892276584c2bd85a3045b528297c6e3e219&o=,3,Shorkot
7-Bedroom Vacation Home in Johar Town,https://www.booking.com/hotel/pk/5-bedroom-vacation-home.en-gb.html?aid=304142&label=gen173nr-10CAQoggJCCmNpdHlfMzU1NzVICVgEaLUBiAEBmAEzuAEHyAEM2AED6AEB-AEBiAIBqAIBuALAkcLTBsACAdICJGZkNjZkNGNmLTNhZGQtNDIyYS04YWIwLTdkZGFkMjg0NzdlMdgCAeACAQ&ucfs=1&arphpl=1&checkin=2026-08-06&checkout=2026-08-07&dest_id=35575&dest_type=city&group_adults=2&req_adults=2&no_rooms=1&group_children=0&req_children=0&hpos=7&hapos=505&sr_order=popularity&srpvid=3fbf57600a54002b&srepoch=1785760001&all_sr_blocks=1081618101_380746012_10_0_0&highlighted_blocks=1081618101_380746012_10_0_0&matching_block_id=1081618101_380746012_10_0_0&sr_pri_blocks=1081618101_380746012_10_0_0__4140000&from=searchresults,41400,,,"Johar Town, Lahore",23.9,Five-Bedroom House,5 double beds,0,0,0,https://cf.bstatic.com/xdata/images/hotel/square240/769566359.webp?k=615324ec601d52b35c465ad3e0aec6972b7d68b4fdd1119734efb26226de2194&o=,11,Shorkot
Family Cottage Lahore,https://www.booking.com/hotel/pk/family-cottage-lahore.en-gb.html?aid=304142&label=gen173nr-10CAQoggJCCmNpdHlfMzU1NzVICVgEaLUBiAEBmAEzuAEHyAEM2AED6AEB-AEBiAIBqAIBuALAkcLTBsACAdICJGZkNjZkNGNmLTNhZGQtNDIyYS04YWIwLTdkZGFkMjg0NzdlMdgCAeACAQ&ucfs=1&arphpl=1&checkin=2026-08-06&checkout=2026-08-07&dest_id=35575&dest_type=city&group_adults=2&req_adults=2&no_rooms=1&group_children=0&req_children=0&hpos=8&hapos=506&sr_order=popularity&srpvid=3fbf57600a54002b&srepoch=1785760001&all_sr_blocks=1351772201_407514588_4_0_0&highlighted_blocks=1351772201_407514588_4_0_0&matching_block_id=1351772201_407514588_4_0_0&sr_pri_blocks=1351772201_407514588_4_0_0__2000000&from=searchresults,20000,,,Lahore,23.2,Two-Bedroom House,"4 beds (2 singles, 2 sofa beds)",0,0,1,https://cf.bstatic.com/xdata/images/hotel/square240/642476792.webp?k=6637617ad3486d2d15e4d7ac504f7255739a94c2a2d7e2a3684e2219e4a7f57b&o=,3,Shorkot
Baloch Rest House,https://www.booking.com/hotel/pk/baloch-rest-house.en-gb.html?aid=304142&label=gen173nr-10CAQoggJCCmNpdHlfMzU1NzVICVgEaLUBiAEBmAEzuAEHyAEM2AED6AEB-AEBiAIBqAIBuALAkcLTBsACAdICJGZkNjZkNGNmLTNhZGQtNDIyYS04YWIwLTdkZGFkMjg0NzdlMdgCAeACAQ&ucfs=1&arphpl=1&checkin=2026-08-06&checkout=2026-08-07&dest_id=35575&dest_type=city&group_adults=2&req_adults=2&no_rooms=1&group_children=0&req_children=0&hpos=9&hapos=507&sr_order=popularity&srpvid=3fbf57600a54002b&srepoch=1785760001&all_sr_blocks=1662989801_438157394_1_0_0%2C1662989801_438157394_1_0_0&highlighted_blocks=1662989801_438157394_1_0_0%2C1662989801_438157394_1_0_0&matching_block_id=1662989801_438157394_1_0_0&sr_pri_blocks=1662989801_438157394_1_0_0__440000%2C1662989801_438157394_1_0_0__440000&from=searchresults,8800,,,"Johar Town, Lahore",23.9,Single Room,2 single beds,0,1,1,https://cf.bstatic.com/xdata/images/hotel/square240/880785321.webp?k=bf9c7cd1baf6bdc199e595ec6fee478480f23fbc4ea54e818389073e94e521f2&o=,5,Shorkot
Luxury Home Lahore,https://www.booking.com/hotel/pk/luxury-home-lahore.en-gb.html?aid=304142&label=gen173nr-10CAQoggJCCmNpdHlfMzU1NzVICVgEaLUBiAEBmAEzuAEHyAEM2AED6AEB-AEBiAIBqAIBuALAkcLTBsACAdICJGZkNjZkNGNmLTNhZGQtNDIyYS04YWIwLTdkZGFkMjg0NzdlMdgCAeACAQ&ucfs=1&arphpl=1&checkin=2026-08-06&checkout=2026-08-07&dest_id=35575&dest_type=city&group_adults=2&req_adults=2&no_rooms=1&group_children=0&req_children=0&hpos=10&hapos=508&sr_order=popularity&srpvid=3fbf57600a54002b&srepoch=1785760001&all_sr_blocks=1378308101_409950444_4_0_0&highlighted_blocks=1378308101_409950444_4_0_0&matching_block_id=1378308101_409950444_4_0_0&sr_pri_blocks=1378308101_409950444_4_0_0__2240000&from=searchresults,22400,,,Lahore,22.2,Five-Bedroom House,"12 beds (6 doubles, 3 sofa beds, 3 large doubles)",0,1,1,https://cf.bstatic.com/xdata/images/hotel/square240/659069691.webp?k=681d0a54c27317618dd1a2a03e6e1ce959c91446a4550488d53a4ac37e096d36&o=,4,Shorkot
One Bed Apartment,https://www.booking.com/hotel/pk/one-bed-apartment-lahore6.en-gb.html?aid=304142&label=gen173nr-10CAQoggJCCmNpdHlfMzU1NzVICVgEaLUBiAEBmAEzuAEHyAEM2AED6AEB-AEBiAIBqAIBuALAkcLTBsACAdICJGZkNjZkNGNmLTNhZGQtNDIyYS04YWIwLTdkZGFkMjg0NzdlMdgCAeACAQ&ucfs=1&arphpl=1&checkin=2026-08-06&checkout=2026-08-07&dest_id=35575&dest_type=city&group_adults=2&req_adults=2&no_rooms=1&group_children=0&req_children=0&hpos=11&hapos=509&sr_order=popularity&srpvid=3fbf57600a54002b&srepoch=1785760001&all_sr_blocks=1442214901_415659729_2_0_0&highlighted_blocks=1442214901_415659729_2_0_0&matching_block_id=1442214901_415659729_2_0_0&sr_pri_blocks=1442214901_415659729_2_0_0__500000&from=searchresults,5000,,,Lahore,20.1,One-Bedroom Apartment,"2 beds (1 double, 1 sofa bed)",0,1,1,https://cf.bstatic.com/xdata/images/hotel/square240/701026551.webp?k=6414dd42ac7319635859c1984ccf3c10ab6a637e8f1ccf11b7fb76ca8b7918ba&o=,4,Shorkot
Luxury Modern Designer Stay Spacious Bedroom,https://www.booking.com/hotel/pk/luxury-modern-designer-stay-spacious-bedroom.en-gb.html?aid=304142&label=gen173nr-10CAQoggJCCmNpdHlfMzU1NzVICVgEaLUBiAEBmAEzuAEHyAEM2AED6AEB-AEBiAIBqAIBuALAkcLTBsACAdICJGZkNjZkNGNmLTNhZGQtNDIyYS04YWIwLTdkZGFkMjg0NzdlMdgCAeACAQ&ucfs=1&arphpl=1&checkin=2026-08-06&checkout=2026-08-07&dest_id=35575&dest_type=city&group_adults=2&req_adults=2&no_rooms=1&group_children=0&req_children=0&hpos=12&hapos=510&sr_order=popularity&srpvid=3fbf57600a54002b&srepoch=1785760001&all_sr_blocks=1633256701_433797492_6_0_0&highlighted_blocks=1633256701_433797492_6_0_0&matching_block_id=1633256701_433797492_6_0_0&sr_pri_blocks=1633256701_433797492_6_0_0__480000&from=searchresults,4800,,,Lahore,20.8,Two-Bedroom Apartment,1 large double bed,0,1,1,https://cf.bstatic.com/xdata/images/hotel/square240/863069533.webp?k=285eb7da32dee61133d4fb65bc557f670b2c6f67863591a4ab0d2af9ee38085d&o=,6,Shorkot
Room,https://www.booking.com/hotel/pk/room-lahore3.en-gb.html?aid=304142&label=gen173nr-10CAQoggJCCmNpdHlfMzU1NzVICVgEaLUBiAEBmAEzuAEHyAEM2AED6AEB-AEBiAIBqAIBuALAkcLTBsACAdICJGZkNjZkNGNmLTNhZGQtNDIyYS04YWIwLTdkZGFkMjg0NzdlMdgCAeACAQ&ucfs=1&arphpl=1&checkin=2026-08-06&checkout=2026-08-07&dest_id=35575&dest_type=city&group_adults=2&req_adults=2&no_rooms=1&group_children=0&req_children=0&hpos=13&hapos=511&sr_order=popularity&srpvid=3fbf57600a54002b&srepoch=1785760001&all_sr_blocks=1620251701_432849541_2_0_0&highlighted_blocks=1620251701_432849541_2_0_0&matching_block_id=1620251701_432849541_2_0_0&sr_pri_blocks=1620251701_432849541_2_0_0__589900&from=searchresults,5899,,,"Johar Town, Lahore",24.2,One-Bedroom Apartment,1 double bed,0,1,1,https://cf.bstatic.com/xdata/images/hotel/square240/855502663.webp?k=16558456099d2f5dbc6e3ad6c38b6180b854915293caaecf6014b64264435e6c&o=,4,Shorkot
Lake City Villa,https://www.booking.com/hotel/pk/lake-city-villa-lahore.en-gb.html?aid=304142&label=gen173nr-10CAQoggJCCmNpdHlfMzU1NzVICVgEaLUBiAEBmAEzuAEHyAEM2AED6AEB-AEBiAIBqAIBuALAkcLTBsACAdICJGZkNjZkNGNmLTNhZGQtNDIyYS04YWIwLTdkZGFkMjg0NzdlMdgCAeACAQ&ucfs=1&arphpl=1&checkin=2026-08-06&checkout=2026-08-07&dest_id=35575&dest_type=city&group_adults=2&req_adults=2&no_rooms=1&group_children=0&req_children=0&hpos=14&hapos=512&sr_order=popularity&srpvid=3fbf57600a54002b&srepoch=1785760001&all_sr_blocks=1543357001_425679371_10_0_0&highlighted_blocks=1543357001_425679371_10_0_0&matching_block_id=1543357001_425679371_10_0_0&sr_pri_blocks=1543357001_425679371_10_0_0__2500000&from=searchresults,25000,,,Lahore,20.8,Three-Bedroom Villa,"3 beds (1 sofa bed, 2 large doubles)",0,1,1,https://cf.bstatic.com/xdata/images/hotel/square240/790441011.webp?k=998f582494e7c9087ff57157a6d3f5c6b4facad852a0e4b7f2cc85195bef021d&o=,4,Shorkot
Family Cottage Lahore,https://www.booking.com/hotel/pk/family-cottage-lahore-lahore.en-gb.html?aid=304142&label=gen173nr-10CAQoggJCCmNpdHlfMzU1NzVICVgEaLUBiAEBmAEzuAEHyAEM2AED6AEB-AEBiAIBqAIBuALAkcLTBsACAdICJGZkNjZkNGNmLTNhZGQtNDIyYS04YWIwLTdkZGFkMjg0NzdlMdgCAeACAQ&ucfs=1&arphpl=1&checkin=2026-08-06&checkout=2026-08-07&dest_id=35575&dest_type=city&group_adults=2&req_adults=2&no_rooms=1&group_children=0&req_children=0&hpos=15&hapos=513&sr_order=popularity&srpvid=3fbf57600a54002b&srepoch=1785760001&all_sr_blocks=1354881701_407808629_5_0_0&highlighted_blocks=1354881701_407808629_5_0_0&matching_block_id=1354881701_407808629_5_0_0&sr_pri_blocks=1354881701_407808629_5_0_0__1200000&from=searchresults,12000,,,Lahore,23.2,Two-Bedroom House,"2 beds (1 double, 1 sofa bed)",0,0,1,https://cf.bstatic.com/xdata/images/hotel/square240/644395585.webp?k=2b0e44d958b4a980516e8be57be9c6c3cb339a124dd37bda41eaa8b3b2faa94c&o=,3,Shorkot
Room,https://www.booking.com/hotel/pk/room-lahore4.en-gb.html?aid=304142&label=gen173nr-10CAQoggJCCmNpdHlfMzU1NzVICVgEaLUBiAEBmAEzuAEHyAEM2AED6AEB-AEBiAIBqAIBuALAkcLTBsACAdICJGZkNjZkNGNmLTNhZGQtNDIyYS04YWIwLTdkZGFkMjg0NzdlMdgCAeACAQ&ucfs=1&arphpl=1&checkin=2026-08-06&checkout=2026-08-07&dest_id=35575&dest_type=city&group_adults=2&req_adults=2&no_rooms=1&group_children=0&req_children=0&hpos=16&hapos=514&sr_order=popularity&srpvid=3fbf57600a54002b&srepoch=1785760001&all_sr_blocks=1621196401_432934631_2_0_0&highlighted_blocks=1621196401_432934631_2_0_0&matching_block_id=1621196401_432934631_2_0_0&sr_pri_blocks=1621196401_432934631_2_0_0__589900&from=searchresults,5899,,,"Johar Town, Lahore",24.2,One-Bedroom Apartment,1 double bed,0,1,1,https://cf.bstatic.com/xdata/images/hotel/square240/856135139.webp?k=d765a65e4266c69e7f3142b6b87f015d07e071ea02533b6021500922974c1d39&o=,4,Shorkot
BSM Apartments,https://www.booking.com/hotel/pk/bsm-apartments.en-gb.html?aid=304142&label=gen173nr-10CAQoggJCCmNpdHlfMzU1NzVICVgEaLUBiAEBmAEzuAEHyAEM2AED6AEB-AEBiAIBqAIBuALAkcLTBsACAdICJGZkNjZkNGNmLTNhZGQtNDIyYS04YWIwLTdkZGFkMjg0NzdlMdgCAeACAQ&ucfs=1&arphpl=1&checkin=2026-08-06&checkout=2026-08-07&dest_id=35575&dest_type=city&group_adults=2&req_adults=2&no_rooms=1&group_children=0&req_children=0&hpos=17&hapos=515&sr_order=popularity&srpvid=3fbf57600a54002b&srepoch=1785760001&all_sr_blocks=1481267801_419614834_4_0_0&highlighted_blocks=1481267801_419614834_4_0_0&matching_block_id=1481267801_419614834_4_0_0&sr_pri_blocks=1481267801_419614834_4_0_0__650000&from=searchresults,6500,,,Lahore,24.8,One-Bedroom Apartment,1 double bed,0,1,1,https://cf.bstatic.com/xdata/images/hotel/square240/736134822.webp?k=a1f2bd218798f157702e75560a30c3b7183bcd03743f30831e568167e9dfd49d&o=,4,Shorkot
Apartment in Bahria Orchard,https://www.booking.com/hotel/pk/apartment-in-bahria-town-lahore7.en-gb.html?aid=304142&label=gen173nr-10CAQoggJCCmNpdHlfMzU1NzVICVgEaLUBiAEBmAEzuAEHyAEM2AED6AEB-AEBiAIBqAIBuALAkcLTBsACAdICJGZkNjZkNGNmLTNhZGQtNDIyYS04YWIwLTdkZGFkMjg0NzdlMdgCAeACAQ&ucfs=1&arphpl=1&checkin=2026-08-06&checkout=2026-08-07&dest_id=35575&dest_type=city&group_adults=2&req_adults=2&no_rooms=1&group_children=0&req_children=0&hpos=18&hapos=516&sr_order=popularity&srpvid=3fbf57600a54002b&srepoch=1785760001&all_sr_blocks=1612211201_432190651_2_0_0&highlighted_blocks=1612211201_432190651_2_0_0&matching_block_id=1612211201_432190651_2_0_0&sr_pri_blocks=1612211201_432190651_2_0_0__800000&from=searchresults,8000,,,Lahore,20.9,Classic One-Bedroom Apartment with King Bed,Classic One-Bedroom Apartment with King Bed,0,0,1,https://cf.bstatic.com/xdata/images/hotel/square240/847845365.webp?k=213c3ed47ad5df89984a1ddaded8fe22c249da0165a5534efccf9a81146238a9&o=,3,Shorkot
House apartment,https://www.booking.com/hotel/pk/house-apartment-lahore1.en-gb.html?aid=304142&label=gen173nr-10CAQoggJCCmNpdHlfMzU1NzVICVgEaLUBiAEBmAEzuAEHyAEM2AED6AEB-AEBiAIBqAIBuALAkcLTBsACAdICJGZkNjZkNGNmLTNhZGQtNDIyYS04YWIwLTdkZGFkMjg0NzdlMdgCAeACAQ&ucfs=1&arphpl=1&checkin=2026-08-06&checkout=2026-08-07&dest_id=35575&dest_type=city&group_adults=2&req_adults=2&no_rooms=1&group_children=0&req_children=0&hpos=19&hapos=517&sr_order=popularity&srpvid=3fbf57600a54002b&srepoch=1785760001&all_sr_blocks=1496970601_421379480_13_0_0&highlighted_blocks=1496970601_421379480_13_0_0&matching_block_id=1496970601_421379480_13_0_0&sr_pri_blocks=1496970601_421379480_13_0_0__2130000&from=searchresults,21300,,,Lahore,23.3,Three-Bedroom Apartment,"5 beds (2 doubles, 1 sofa bed, 2 large doubles)",0,1,1,https://cf.bstatic.com/xdata/images/hotel/square240/750701562.webp?k=5d03ed0aa0955973fe9f377c65b1257e13740ae35941f534329e57ccff062e87&o=,4,Shorkot
Designer 2BR House Valancia Kitchen,https://www.booking.com/hotel/pk/designer-2br-house-valancia-kitchen.en-gb.html?aid=304142&label=gen173nr-10CAQoggJCCmNpdHlfMzU1NzVICVgEaLUBiAEBmAEzuAEHyAEM2AED6AEB-AEBiAIBqAIBuALAkcLTBsACAdICJGZkNjZkNGNmLTNhZGQtNDIyYS04YWIwLTdkZGFkMjg0NzdlMdgCAeACAQ&ucfs=1&arphpl=1&checkin=2026-08-06&checkout=2026-08-07&dest_id=35575&dest_type=city&group_adults=2&req_adults=2&no_rooms=1&group_children=0&req_children=0&hpos=20&hapos=518&sr_order=popularity&srpvid=3fbf57600a54002b&srepoch=1785760001&all_sr_blocks=1610364301_431940446_4_0_0&highlighted_blocks=1610364301_431940446_4_0_0&matching_block_id=1610364301_431940446_4_0_0&sr_pri_blocks=1610364301_431940446_4_0_0__1800000&from=searchresults,18000,,,Lahore,21.8,Three-Bedroom Villa,3 extra-large double beds,0,1,1,https://cf.bstatic.com/xdata/images/hotel/square240/846196999.webp?k=1047daf6f56e1670cf01470a0b7863f93c18438f7e712eac711c0e9dd326cae6&o=,4,Shorkot
Serene 2nd-Floor Escape in a Private House,https://www.booking.com/hotel/pk/serene-2nd-floor-escape-in-a-private-house.en-gb.html?aid=304142&label=gen173nr-10CAQoggJCCmNpdHlfMzU1NzVICVgEaLUBiAEBmAEzuAEHyAEM2AED6AEB-AEBiAIBqAIBuALAkcLTBsACAdICJGZkNjZkNGNmLTNhZGQtNDIyYS04YWIwLTdkZGFkMjg0NzdlMdgCAeACAQ&ucfs=1&arphpl=1&checkin=2026-08-06&checkout=2026-08-07&dest_id=35575&dest_type=city&group_adults=2&req_adults=2&no_rooms=1&group_children=0&req_children=0&hpos=21&hapos=519&sr_order=popularity&srpvid=3fbf57600a54002b&srepoch=1785760001&all_sr_blocks=1610588801_431969518_6_0_0&highlighted_blocks=1610588801_431969518_6_0_0&matching_block_id=1610588801_431969518_6_0_0&sr_pri_blocks=1610588801_431969518_6_0_0__2100000&from=searchresults,21000,,,Lahore,20.9,Three-Bedroom House,"2 beds (1 double, 1 sofa bed)",0,1,1,https://cf.bstatic.com/xdata/images/hotel/square240/846347068.webp?k=09ab049e6032b753ff3442825e438a83999cfdbe94b437e77a61081f108c8997&o=,4,Shorkot
Holiday home,https://www.booking.com/hotel/pk/holiday-home-lahore7.en-gb.html?aid=304142&label=gen173nr-10CAQoggJCCmNpdHlfMzU1NzVICVgEaLUBiAEBmAEzuAEHyAEM2AED6AEB-AEBiAIBqAIBuALAkcLTBsACAdICJGZkNjZkNGNmLTNhZGQtNDIyYS04YWIwLTdkZGFkMjg0NzdlMdgCAeACAQ&ucfs=1&arphpl=1&checkin=2026-08-06&checkout=2026-08-07&dest_id=35575&dest_type=city&group_adults=2&req_adults=2&no_rooms=1&group_children=0&req_children=0&hpos=22&hapos=520&sr_order=popularity&srpvid=3fbf57600a54002b&srepoch=1785760001&all_sr_blocks=1516288401_428350743_0_0_0&highlighted_blocks=1516288401_428350743_0_0_0&matching_block_id=1516288401_428350743_0_0_0&sr_pri_blocks=1516288401_428350743_0_0_0__1599500&from=searchresults,15995,7.0,1.0,Lahore,20.7,Two-Bedroom Apartment,"4 beds (2 sofa beds, 2 large doubles)",0,0,1,https://cf.bstatic.com/xdata/images/hotel/square240/780609105.webp?k=3f02a942044ffb85b34313fafcc836bdbd9b932c9e67122133ccb26c14cb02ef&o=,3,Shorkot
1 Bed Apartment,https://www.booking.com/hotel/pk/1-bed-apartment-lahore12.en-gb.html?aid=304142&label=gen173nr-10CAQoggJCCmNpdHlfMzU1NzVICVgEaLUBiAEBmAEzuAEHyAEM2AED6AEB-AEBiAIBqAIBuALAkcLTBsACAdICJGZkNjZkNGNmLTNhZGQtNDIyYS04YWIwLTdkZGFkMjg0NzdlMdgCAeACAQ&ucfs=1&arphpl=1&checkin=2026-08-06&checkout=2026-08-07&dest_id=35575&dest_type=city&group_adults=2&req_adults=2&no_rooms=1&group_children=0&req_children=0&hpos=23&hapos=521&sr_order=popularity&srpvid=3fbf57600a54002b&srepoch=1785760001&all_sr_blocks=1491620401_420817539_2_0_0&highlighted_blocks=1491620401_420817539_2_0_0&matching_block_id=1491620401_420817539_2_0_0&sr_pri_blocks=1491620401_420817539_2_0_0__950000&from=searchresults,9500,,,Lahore,24.2,One-Bedroom Apartment,1 double bed,0,1,1,https://cf.bstatic.com/xdata/images/hotel/square240/745039125.webp?k=3e576677aa785fc3cc4942d55f71878bf2b3b1a4711f43279cde711c094ce570&o=,4,Shorkot
APL - Azlan Private Lodges,https://www.booking.com/hotel/pk/apl-azlan-private-lodges.en-gb.html?aid=304142&label=gen173nr-10CAQoggJCCmNpdHlfMzU1NzVICVgEaLUBiAEBmAEzuAEHyAEM2AED6AEB-AEBiAIBqAIBuALAkcLTBsACAdICJGZkNjZkNGNmLTNhZGQtNDIyYS04YWIwLTdkZGFkMjg0NzdlMdgCAeACAQ&ucfs=1&arphpl=1&checkin=2026-08-06&checkout=2026-08-07&dest_id=35575&dest_type=city&group_adults=2&req_adults=2&no_rooms=1&group_children=0&req_children=0&hpos=24&hapos=522&sr_order=popularity&srpvid=3fbf57600a54002b&srepoch=1785760001&all_sr_blocks=1605319001_431456901_2_42_0&highlighted_blocks=1605319001_431456901_2_42_0&matching_block_id=1605319001_431456901_2_42_0&sr_pri_blocks=1605319001_431456901_2_42_0__482400&from=searchresults,4824,7.7,8.0,Lahore,23.4,Double Room,1 extra-large double bed,0,0,1,https://cf.bstatic.com/xdata/images/hotel/square240/864762522.webp?k=daede4fc7da1744271c48f0870e9545251bcd510ad2edf710b6df6ca1d78b6cc&o=,5,Shorkot
Madallion Hotel,https://www.booking.com/hotel/pk/madallion.en-gb.html?aid=304142&label=gen173nr-10CAQoggJCCmNpdHlfMzU1NzVICVgEaLUBiAEBmAEzuAEHyAEM2AED6AEB-AEBiAIBqAIBuALAkcLTBsACAdICJGZkNjZkNGNmLTNhZGQtNDIyYS04YWIwLTdkZGFkMjg0NzdlMdgCAeACAQ&ucfs=1&arphpl=1&checkin=2026-08-06&checkout=2026-08-07&dest_id=35575&dest_type=city&group_adults=2&req_adults=2&no_rooms=1&group_children=0&req_children=0&hpos=25&hapos=523&sr_order=popularity&srpvid=3fbf57600a54002b&srepoch=1785760001&all_sr_blocks=1520070505_423674085_2_0_0&highlighted_blocks=1520070505_423674085_2_0_0&matching_block_id=1520070505_423674085_2_0_0&sr_pri_blocks=1520070505_423674085_2_0_0__280000&from=searchresults,2800,5.9,55.0,"Johar Town, Lahore",23.5,Standard Double Room with Fan,1 double bed,0,1,1,https://cf.bstatic.com/xdata/images/hotel/square240/771080496.webp?k=bd4330e2ade29dd9846e89181fe3302bda0400bc8069acda809c76a1a3f87bff&o=,11,Shorkot
New Like Home Hotel,https://www.booking.com/hotel/pk/ayan-palace.en-gb.html?aid=304142&label=gen173nr-10CAQoggJCCmNpdHlfMzU1NzVICVgEaLUBiAEBmAEzuAEHyAEM2AED6AEB-AEBiAIBqAIBuALAkcLTBsACAdICJGZkNjZkNGNmLTNhZGQtNDIyYS04YWIwLTdkZGFkMjg0NzdlMdgCAeACAQ&ucfs=1&arphpl=1&checkin=2026-08-06&checkout=2026-08-07&dest_id=35575&dest_type=city&group_adults=2&req_adults=2&no_rooms=1&group_children=0&req_children=0&hpos=1&hapos=524&sr_order=popularity&srpvid=3fbf57600a54002b&srepoch=1785760005&all_sr_blocks=1298819001_402777050_0_0_0&highlighted_blocks=1298819001_402777050_0_0_0&matching_block_id=1298819001_402777050_0_0_0&sr_pri_blocks=1298819001_402777050_0_0_0__396000&from=searchresults,3960,10,1.0,"Johar Town, Lahore",23.6,Double Room,1 double bed,0,1,1,https://cf.bstatic.com/xdata/images/hotel/square240/842836511.webp?k=5a169f7f1e87a959ff89bb8c7a7090fdcf93da480c4a47366b81d857621f9767&o=,4,Shorkot
Second Home Family Hotel,https://www.booking.com/hotel/pk/second-home-family.en-gb.html?aid=304142&label=gen173nr-10CAQoggJCCmNpdHlfMzU1NzVICVgEaLUBiAEBmAEzuAEHyAEM2AED6AEB-AEBiAIBqAIBuALAkcLTBsACAdICJGZkNjZkNGNmLTNhZGQtNDIyYS04YWIwLTdkZGFkMjg0NzdlMdgCAeACAQ&ucfs=1&arphpl=1&checkin=2026-08-06&checkout=2026-08-07&dest_id=35575&dest_type=city&group_adults=2&req_adults=2&no_rooms=1&group_children=0&req_children=0&hpos=2&hapos=525&sr_order=popularity&srpvid=3fbf57600a54002b&srepoch=1785760005&all_sr_blocks=1176067704_390143821_0_0_0&highlighted_blocks=1176067704_390143821_0_0_0&matching_block_id=1176067704_390143821_0_0_0&sr_pri_blocks=1176067704_390143821_0_0_0__315000&from=searchresults,3150,6.4,74.0,"Johar Town, Lahore",23.4,Deluxe Triple Room,3 single beds,0,1,1,https://cf.bstatic.com/xdata/images/hotel/square240/707297412.webp?k=988ad08e9e2585454d946d0895752d20d0ca675c8f3d3566f2e9438bd4637b8e&o=,10,Shorkot
